Timestamp,Open,High,Low,Close,Volume
2026-06-28 17:10:00,0.55839,0.55844,0.55839,0.5584,19.0
2026-06-28 17:15:00,0.55838,0.5586,0.55835,0.55844,101.0
2026-06-28 17:20:00,0.55843,0.55846,0.55807,0.55834,401.0
2026-06-28 17:25:00,0.55834,0.5584,0.55832,0.55835,32.0
2026-06-28 17:30:00,0.55833,0.55836,0.55822,0.55824,32.0
2026-06-28 17:35:00,0.55825,0.5584,0.55823,0.5584,41.0
2026-06-28 17:40:00,0.55839,0.55839,0.55828,0.55828,5.0
2026-06-28 17:45:00,0.5583,0.55835,0.55828,0.55828,72.0
2026-06-28 17:50:00,0.5583,0.5584,0.55823,0.55824,60.0
2026-06-28 17:55:00,0.55826,0.55826,0.55811,0.55826,183.0
2026-06-28 18:00:00,0.55822,0.55875,0.55821,0.55857,188.0
2026-06-28 18:05:00,0.55858,0.55864,0.55852,0.55854,34.0
2026-06-28 18:10:00,0.55853,0.55867,0.55852,0.55866,23.0
2026-06-28 18:15:00,0.55864,0.55866,0.55855,0.55858,18.0
2026-06-28 18:20:00,0.5586,0.55867,0.55854,0.55862,17.0
2026-06-28 18:25:00,0.5586,0.55862,0.55853,0.55853,10.0
2026-06-28 18:30:00,0.55855,0.55867,0.55853,0.55855,18.0
2026-06-28 18:35:00,0.55852,0.55856,0.5585,0.55854,7.0
2026-06-28 18:40:00,0.55852,0.55865,0.55852,0.55862,11.0
2026-06-28 18:45:00,0.5586,0.55864,0.5586,0.5586,9.0
2026-06-28 18:50:00,0.55858,0.55862,0.55857,0.55857,8.0
2026-06-28 18:55:00,0.55856,0.55857,0.55854,0.55854,10.0
2026-06-28 19:00:00,0.55852,0.55863,0.55852,0.5586,11.0
2026-06-28 19:05:00,0.55862,0.55868,0.5586,0.55868,19.0
2026-06-28 19:10:00,0.5587,0.55872,0.55864,0.55866,72.0
2026-06-28 19:15:00,0.55866,0.55868,0.55855,0.55855,77.0
2026-06-28 19:20:00,0.55857,0.55862,0.55856,0.5586,70.0
2026-06-28 19:25:00,0.5586,0.55866,0.55857,0.55864,87.0
2026-06-28 19:30:00,0.55864,0.55866,0.55856,0.55858,101.0
2026-06-28 19:35:00,0.5586,0.55865,0.55857,0.55864,41.0
2026-06-28 19:40:00,0.55865,0.55868,0.5586,0.55861,41.0
2026-06-28 19:45:00,0.5586,0.55862,0.55852,0.55853,89.0
2026-06-28 19:50:00,0.55852,0.55862,0.5585,0.55857,121.0
2026-06-28 19:55:00,0.55856,0.55866,0.55856,0.55861,96.0
2026-06-28 20:00:00,0.55862,0.55864,0.55814,0.55822,274.0
2026-06-28 20:05:00,0.55818,0.55828,0.55802,0.55806,193.0
2026-06-28 20:10:00,0.55806,0.55806,0.55783,0.55783,142.0
2026-06-28 20:15:00,0.55784,0.55794,0.55769,0.55774,102.0
2026-06-28 20:20:00,0.55773,0.55776,0.55756,0.55774,118.0
2026-06-28 20:25:00,0.55777,0.55782,0.55768,0.55768,95.0
2026-06-28 20:30:00,0.55768,0.55778,0.55768,0.5577,138.0
2026-06-28 20:35:00,0.5577,0.55776,0.55761,0.55761,152.0
2026-06-28 20:40:00,0.55762,0.55784,0.55761,0.55784,219.0
2026-06-28 20:45:00,0.55783,0.55783,0.5576,0.55769,132.0
2026-06-28 20:50:00,0.55769,0.55774,0.55749,0.55754,147.0
2026-06-28 20:55:00,0.55756,0.55767,0.55745,0.55761,133.0
2026-06-28 21:00:00,0.5576,0.55766,0.5574,0.55752,108.0
2026-06-28 21:05:00,0.55749,0.55764,0.55748,0.55758,94.0
2026-06-28 21:10:00,0.5576,0.5577,0.55754,0.55762,85.0
2026-06-28 21:15:00,0.5576,0.55776,0.55757,0.55762,158.0
2026-06-28 21:20:00,0.55763,0.5577,0.55757,0.5576,106.0
2026-06-28 21:25:00,0.55762,0.55763,0.55748,0.55753,129.0
2026-06-28 21:30:00,0.55752,0.55758,0.55738,0.55754,171.0
2026-06-28 21:35:00,0.55754,0.55783,0.55754,0.55782,162.0
2026-06-28 21:40:00,0.55784,0.55799,0.55779,0.55784,138.0
2026-06-28 21:45:00,0.55786,0.55786,0.55767,0.55781,68.0
2026-06-28 21:50:00,0.55783,0.55783,0.55772,0.55777,155.0
2026-06-28 21:55:00,0.55775,0.55784,0.5577,0.55773,184.0
2026-06-28 22:00:00,0.55771,0.55778,0.55762,0.5577,250.0
2026-06-28 22:05:00,0.55772,0.55777,0.55762,0.55765,220.0
2026-06-28 22:10:00,0.55767,0.55774,0.5576,0.55763,263.0
2026-06-28 22:15:00,0.55763,0.55792,0.55758,0.55788,247.0
2026-06-28 22:20:00,0.55787,0.558,0.55784,0.55797,210.0
2026-06-28 22:25:00,0.55798,0.55814,0.55794,0.55806,166.0
2026-06-28 22:30:00,0.55808,0.55809,0.55791,0.55797,122.0
2026-06-28 22:35:00,0.55795,0.55798,0.55783,0.55788,148.0
2026-06-28 22:40:00,0.55785,0.558,0.55784,0.55789,94.0
2026-06-28 22:45:00,0.5579,0.55804,0.55789,0.55793,104.0
2026-06-28 22:50:00,0.55792,0.55799,0.55791,0.55792,67.0
2026-06-28 22:55:00,0.55795,0.558,0.5579,0.55793,47.0
2026-06-28 23:00:00,0.55796,0.5581,0.55794,0.55802,110.0
2026-06-28 23:05:00,0.55802,0.55807,0.55791,0.55799,57.0
2026-06-28 23:10:00,0.558,0.55804,0.55791,0.558,141.0
2026-06-28 23:15:00,0.55802,0.5581,0.55802,0.5581,70.0
2026-06-28 23:20:00,0.55808,0.55814,0.55806,0.55808,131.0
2026-06-28 23:25:00,0.5581,0.55822,0.55806,0.55821,111.0
2026-06-28 23:30:00,0.55823,0.55824,0.55812,0.55814,121.0
2026-06-28 23:35:00,0.55814,0.55814,0.55802,0.55808,92.0
2026-06-28 23:40:00,0.55807,0.55815,0.55804,0.55804,83.0
2026-06-28 23:45:00,0.558,0.55813,0.55793,0.5581,85.0
2026-06-28 23:50:00,0.55809,0.55813,0.55803,0.55804,61.0
2026-06-28 23:55:00,0.55805,0.55805,0.55794,0.55798,80.0
2026-06-29 00:00:00,0.55798,0.558,0.55792,0.558,87.0
2026-06-29 00:05:00,0.55796,0.55802,0.55792,0.55802,117.0
2026-06-29 00:10:00,0.55802,0.55806,0.55796,0.55804,80.0
2026-06-29 00:15:00,0.55801,0.55804,0.55796,0.55804,47.0
2026-06-29 00:20:00,0.55806,0.5581,0.55798,0.55808,56.0
2026-06-29 00:25:00,0.55806,0.5581,0.55799,0.55799,20.0
2026-06-29 00:30:00,0.55802,0.55804,0.55798,0.55802,69.0
2026-06-29 00:35:00,0.55803,0.55809,0.558,0.55808,74.0
2026-06-29 00:40:00,0.55805,0.55805,0.55796,0.55802,53.0
2026-06-29 00:45:00,0.558,0.55812,0.558,0.55812,51.0
2026-06-29 00:50:00,0.55812,0.55814,0.558,0.55802,77.0
2026-06-29 00:55:00,0.55804,0.55808,0.55794,0.55802,109.0
2026-06-29 01:00:00,0.558,0.55801,0.55789,0.558,92.0
2026-06-29 01:05:00,0.55798,0.55803,0.55794,0.55798,83.0
2026-06-29 01:10:00,0.55798,0.55811,0.55792,0.5581,95.0
2026-06-29 01:15:00,0.55807,0.55814,0.55804,0.55805,68.0
2026-06-29 01:20:00,0.55804,0.55808,0.55798,0.558,118.0
2026-06-29 01:25:00,0.55799,0.55801,0.55791,0.55795,162.0
2026-06-29 01:30:00,0.55797,0.55797,0.55779,0.55783,109.0
2026-06-29 01:35:00,0.55786,0.5579,0.55781,0.55785,37.0
2026-06-29 01:40:00,0.55786,0.55813,0.55784,0.55811,75.0
2026-06-29 01:45:00,0.5581,0.5581,0.55793,0.55796,114.0
2026-06-29 01:50:00,0.55798,0.5581,0.5579,0.5581,103.0
2026-06-29 01:55:00,0.55808,0.55814,0.558,0.55803,190.0
2026-06-29 02:00:00,0.55805,0.55814,0.55794,0.55804,78.0
2026-06-29 02:05:00,0.55805,0.55816,0.55804,0.55806,55.0
2026-06-29 02:10:00,0.55803,0.55813,0.55796,0.55813,38.0
2026-06-29 02:15:00,0.55814,0.55826,0.55809,0.55826,58.0
2026-06-29 02:20:00,0.55828,0.55846,0.55828,0.55844,40.0
2026-06-29 02:25:00,0.55842,0.55856,0.55842,0.55843,34.0
2026-06-29 02:30:00,0.5584,0.55854,0.55838,0.55852,59.0
2026-06-29 02:35:00,0.5585,0.5585,0.55834,0.5585,60.0
2026-06-29 02:40:00,0.5585,0.55854,0.55846,0.55849,77.0
2026-06-29 02:45:00,0.55848,0.5585,0.55836,0.55842,65.0
2026-06-29 02:50:00,0.5584,0.55842,0.55816,0.55818,113.0
2026-06-29 02:55:00,0.55816,0.5582,0.55808,0.5581,67.0
2026-06-29 03:00:00,0.55808,0.55826,0.55804,0.55824,79.0
2026-06-29 03:05:00,0.55822,0.55824,0.55812,0.55822,54.0
2026-06-29 03:10:00,0.5582,0.55827,0.55814,0.55825,58.0
2026-06-29 03:15:00,0.55824,0.5583,0.55822,0.55825,65.0
2026-06-29 03:20:00,0.55828,0.55844,0.55819,0.55841,49.0
2026-06-29 03:25:00,0.55842,0.55842,0.55828,0.5583,36.0
2026-06-29 03:30:00,0.55828,0.55828,0.55793,0.55794,56.0
2026-06-29 03:35:00,0.55796,0.55807,0.55796,0.55805,93.0
2026-06-29 03:40:00,0.55804,0.55807,0.55788,0.55795,57.0
2026-06-29 03:45:00,0.55791,0.55793,0.55786,0.55792,76.0
2026-06-29 03:50:00,0.55792,0.558,0.55783,0.5579,78.0
2026-06-29 03:55:00,0.55793,0.55796,0.5577,0.5577,79.0
2026-06-29 04:00:00,0.55772,0.55774,0.5575,0.55754,98.0
2026-06-29 04:05:00,0.55754,0.55773,0.55754,0.55771,119.0
2026-06-29 04:10:00,0.55771,0.55776,0.55763,0.55769,56.0
2026-06-29 04:15:00,0.5577,0.55782,0.55766,0.5578,85.0
2026-06-29 04:20:00,0.55778,0.55778,0.55766,0.5577,68.0
2026-06-29 04:25:00,0.55769,0.55772,0.55762,0.55762,51.0
2026-06-29 04:30:00,0.55764,0.55778,0.5576,0.55776,57.0
2026-06-29 04:35:00,0.55776,0.55784,0.55772,0.55777,122.0
2026-06-29 04:40:00,0.55776,0.55786,0.55758,0.55774,53.0
2026-06-29 04:45:00,0.55774,0.5578,0.55768,0.55779,94.0
2026-06-29 04:50:00,0.55779,0.5578,0.5576,0.5576,51.0
2026-06-29 04:55:00,0.55758,0.55761,0.55752,0.55758,57.0
2026-06-29 05:00:00,0.55756,0.55769,0.55752,0.55768,100.0
2026-06-29 05:05:00,0.55768,0.55769,0.55757,0.55757,87.0
2026-06-29 05:10:00,0.55754,0.55767,0.55752,0.55767,29.0
2026-06-29 05:15:00,0.55764,0.55777,0.55762,0.55777,37.0
2026-06-29 05:20:00,0.55774,0.55776,0.55754,0.55758,38.0
2026-06-29 05:25:00,0.5576,0.5577,0.5575,0.55768,42.0
2026-06-29 05:30:00,0.5577,0.55774,0.55766,0.55774,40.0
2026-06-29 05:35:00,0.55773,0.55781,0.55768,0.55778,43.0
2026-06-29 05:40:00,0.55778,0.5579,0.55776,0.55787,35.0
2026-06-29 05:45:00,0.55786,0.55794,0.5578,0.55784,42.0
2026-06-29 05:50:00,0.55783,0.55796,0.55782,0.55792,53.0
2026-06-29 05:55:00,0.55788,0.55794,0.55784,0.55788,37.0
2026-06-29 06:00:00,0.55792,0.55794,0.55771,0.55776,62.0
2026-06-29 06:05:00,0.55776,0.5578,0.55766,0.5578,38.0
2026-06-29 06:10:00,0.55782,0.55784,0.55777,0.55782,42.0
2026-06-29 06:15:00,0.55786,0.55798,0.55783,0.55795,41.0
2026-06-29 06:20:00,0.55794,0.55798,0.55786,0.55788,45.0
2026-06-29 06:25:00,0.55788,0.55794,0.55784,0.5579,24.0
2026-06-29 06:30:00,0.55788,0.55792,0.55784,0.55792,26.0
2026-06-29 06:35:00,0.55788,0.55792,0.55784,0.5579,55.0
2026-06-29 06:40:00,0.5579,0.5579,0.5578,0.55784,48.0
2026-06-29 06:45:00,0.55783,0.5579,0.55777,0.55788,53.0
2026-06-29 06:50:00,0.55785,0.55785,0.55777,0.55779,86.0
2026-06-29 06:55:00,0.55777,0.5578,0.55774,0.55778,58.0
2026-06-29 07:00:00,0.55776,0.5578,0.55772,0.55776,155.0
2026-06-29 07:05:00,0.55776,0.55778,0.55754,0.55755,117.0
2026-06-29 07:10:00,0.55754,0.55764,0.55748,0.5576,110.0
2026-06-29 07:15:00,0.55759,0.55775,0.55759,0.5577,101.0
2026-06-29 07:20:00,0.5577,0.5578,0.5577,0.55779,106.0
2026-06-29 07:25:00,0.55778,0.55784,0.55775,0.55779,76.0
2026-06-29 07:30:00,0.55777,0.55784,0.5577,0.5577,54.0
2026-06-29 07:35:00,0.55772,0.5578,0.55763,0.55778,49.0
2026-06-29 07:40:00,0.5578,0.55795,0.55778,0.55793,84.0
2026-06-29 07:45:00,0.55796,0.55802,0.55793,0.55793,48.0
2026-06-29 07:50:00,0.55791,0.55792,0.55772,0.55774,58.0
2026-06-29 07:55:00,0.55773,0.55774,0.55764,0.55772,111.0
2026-06-29 08:00:00,0.55775,0.55776,0.55764,0.55772,111.0
2026-06-29 08:05:00,0.55775,0.55785,0.55774,0.55785,86.0
2026-06-29 08:10:00,0.55786,0.55794,0.55782,0.55791,46.0
2026-06-29 08:15:00,0.55792,0.55797,0.55791,0.55796,58.0
2026-06-29 08:20:00,0.55799,0.55804,0.55794,0.55796,93.0
2026-06-29 08:25:00,0.55798,0.558,0.55784,0.55791,75.0
2026-06-29 08:30:00,0.55788,0.55792,0.55782,0.55792,50.0
2026-06-29 08:35:00,0.5579,0.5579,0.55773,0.55777,58.0
2026-06-29 08:40:00,0.55777,0.55784,0.55764,0.55772,103.0
2026-06-29 08:45:00,0.55772,0.55776,0.55766,0.55774,45.0
2026-06-29 08:50:00,0.55776,0.55781,0.5577,0.55777,99.0
2026-06-29 08:55:00,0.55778,0.55788,0.55778,0.5578,48.0
2026-06-29 09:00:00,0.55778,0.55783,0.55771,0.55774,91.0
2026-06-29 09:05:00,0.55772,0.55774,0.55762,0.55766,67.0
2026-06-29 09:10:00,0.55768,0.55772,0.55763,0.55768,41.0
2026-06-29 09:15:00,0.5577,0.55774,0.55758,0.5576,49.0
2026-06-29 09:20:00,0.55762,0.55767,0.55753,0.55755,77.0
2026-06-29 09:25:00,0.55753,0.55754,0.55743,0.55743,73.0
2026-06-29 09:30:00,0.55741,0.55741,0.55723,0.5573,151.0
2026-06-29 09:35:00,0.5573,0.55738,0.55711,0.55732,148.0
2026-06-29 09:40:00,0.55736,0.55736,0.5572,0.55726,133.0
2026-06-29 09:45:00,0.55727,0.55731,0.55716,0.55719,158.0
2026-06-29 09:50:00,0.55716,0.55724,0.55698,0.557,99.0
2026-06-29 09:55:00,0.55703,0.55703,0.55666,0.55675,133.0
2026-06-29 10:00:00,0.55676,0.55688,0.55661,0.55682,210.0
2026-06-29 10:05:00,0.55684,0.55684,0.55649,0.55657,188.0
2026-06-29 10:10:00,0.55654,0.55658,0.55625,0.55636,235.0
2026-06-29 10:15:00,0.55634,0.55644,0.55616,0.55627,295.0
2026-06-29 10:20:00,0.55631,0.55637,0.55616,0.55622,140.0
2026-06-29 10:25:00,0.55624,0.55643,0.55606,0.55635,263.0
2026-06-29 10:30:00,0.55636,0.5566,0.55633,0.5564,209.0
2026-06-29 10:35:00,0.55639,0.55642,0.55608,0.55621,207.0
2026-06-29 10:40:00,0.55622,0.55638,0.55612,0.55636,235.0
2026-06-29 10:45:00,0.55636,0.55644,0.55616,0.55634,204.0
2026-06-29 10:50:00,0.55634,0.55649,0.55623,0.55631,251.0
2026-06-29 10:55:00,0.5563,0.55644,0.55626,0.55628,276.0
2026-06-29 11:00:00,0.5563,0.55655,0.55622,0.55646,155.0
2026-06-29 11:05:00,0.55646,0.55646,0.55631,0.55644,113.0
2026-06-29 11:10:00,0.55646,0.55648,0.55632,0.55648,87.0
2026-06-29 11:15:00,0.55645,0.55648,0.5563,0.55642,94.0
2026-06-29 11:20:00,0.55639,0.5564,0.5562,0.55628,113.0
2026-06-29 11:25:00,0.55627,0.55638,0.55619,0.55636,116.0
2026-06-29 11:30:00,0.55636,0.55638,0.55611,0.55611,122.0
2026-06-29 11:35:00,0.55613,0.55627,0.55609,0.55627,102.0
2026-06-29 11:40:00,0.55626,0.55636,0.5562,0.55633,114.0
2026-06-29 11:45:00,0.55632,0.5564,0.55622,0.55635,98.0
2026-06-29 11:50:00,0.55637,0.55638,0.5562,0.55632,89.0
2026-06-29 11:55:00,0.55634,0.55643,0.55631,0.55636,53.0
2026-06-29 12:00:00,0.55632,0.55642,0.5563,0.5564,89.0
2026-06-29 12:05:00,0.55642,0.55642,0.55627,0.5563,105.0
2026-06-29 12:10:00,0.55633,0.55646,0.55632,0.55646,39.0
2026-06-29 12:15:00,0.5565,0.5565,0.5564,0.55644,60.0
2026-06-29 12:20:00,0.55644,0.55651,0.55639,0.55644,43.0
2026-06-29 12:25:00,0.55644,0.55644,0.55638,0.5564,25.0
2026-06-29 12:30:00,0.55642,0.55642,0.5563,0.55632,55.0
2026-06-29 12:35:00,0.55634,0.55648,0.55634,0.55648,68.0
2026-06-29 12:40:00,0.55648,0.55648,0.55638,0.55647,68.0
2026-06-29 12:45:00,0.55646,0.55648,0.5564,0.55642,53.0
2026-06-29 12:50:00,0.5564,0.55644,0.55631,0.55631,59.0
2026-06-29 12:55:00,0.55629,0.55634,0.55624,0.55626,83.0
2026-06-29 13:00:00,0.55627,0.55632,0.55624,0.55624,86.0
2026-06-29 13:05:00,0.55626,0.55631,0.55625,0.5563,40.0
2026-06-29 13:10:00,0.5563,0.55636,0.55628,0.55632,43.0
2026-06-29 13:15:00,0.55634,0.55642,0.55634,0.5564,68.0
2026-06-29 13:20:00,0.55644,0.55644,0.55636,0.55638,89.0
2026-06-29 13:25:00,0.5564,0.55643,0.55636,0.55641,24.0
2026-06-29 13:30:00,0.55642,0.55643,0.55631,0.55638,28.0
2026-06-29 13:35:00,0.55636,0.55636,0.55626,0.55636,72.0
2026-06-29 13:40:00,0.55635,0.55637,0.5563,0.55636,26.0
2026-06-29 13:45:00,0.55634,0.55634,0.55628,0.55629,43.0
2026-06-29 13:50:00,0.55626,0.55627,0.5562,0.55625,37.0
2026-06-29 13:55:00,0.55628,0.55628,0.5561,0.55619,94.0
2026-06-29 14:00:00,0.55622,0.55634,0.55622,0.55632,59.0
2026-06-29 14:05:00,0.55634,0.55636,0.5563,0.55631,46.0
2026-06-29 14:10:00,0.55632,0.55632,0.55626,0.5563,72.0
2026-06-29 14:15:00,0.55628,0.55634,0.55628,0.5563,33.0
2026-06-29 14:20:00,0.5563,0.55634,0.55626,0.55631,28.0
2026-06-29 14:25:00,0.55629,0.55632,0.55625,0.55631,12.0
2026-06-29 14:30:00,0.55629,0.55635,0.55625,0.55635,31.0
2026-06-29 14:35:00,0.55637,0.55638,0.55633,0.55636,53.0
2026-06-29 14:40:00,0.55636,0.55644,0.55636,0.55638,44.0
2026-06-29 14:45:00,0.55638,0.55643,0.55637,0.55643,27.0
2026-06-29 14:50:00,0.55641,0.55641,0.55634,0.55634,22.0
2026-06-29 14:55:00,0.55634,0.55646,0.55634,0.55638,93.0
2026-06-29 15:00:00,0.55636,0.5564,0.55629,0.55632,54.0
2026-06-29 15:05:00,0.55634,0.5564,0.55631,0.55634,53.0
2026-06-29 15:10:00,0.55636,0.55637,0.55634,0.55634,29.0
2026-06-29 15:15:00,0.55634,0.55634,0.55628,0.55633,40.0
2026-06-29 15:20:00,0.55632,0.55638,0.55632,0.55636,19.0
2026-06-29 15:25:00,0.55636,0.55636,0.55624,0.55624,52.0
2026-06-29 15:30:00,0.55624,0.55632,0.55618,0.55632,52.0
2026-06-29 15:35:00,0.55631,0.55637,0.55628,0.55628,16.0
2026-06-29 15:40:00,0.55629,0.55635,0.55628,0.55635,16.0
2026-06-29 15:45:00,0.55637,0.55637,0.55626,0.55628,24.0
2026-06-29 15:50:00,0.55626,0.55626,0.5562,0.55624,14.0
2026-06-29 15:55:00,0.55626,0.55629,0.55626,0.55626,32.0
2026-06-29 16:00:00,0.55627,0.55629,0.55619,0.55621,25.0
2026-06-29 16:05:00,0.55623,0.5563,0.5562,0.55626,23.0
2026-06-29 16:10:00,0.55626,0.55627,0.55622,0.55624,20.0
2026-06-29 16:15:00,0.55627,0.55629,0.55626,0.55628,6.0
2026-06-29 16:20:00,0.55629,0.55629,0.55624,0.55624,7.0
2026-06-29 16:25:00,0.55621,0.55621,0.55618,0.55618,6.0
2026-06-29 16:30:00,0.5562,0.55622,0.5562,0.55622,5.0
2026-06-29 16:35:00,0.5562,0.55625,0.5562,0.55624,7.0
2026-06-29 16:40:00,0.55622,0.55624,0.5562,0.5562,8.0
2026-06-29 16:45:00,0.55617,0.55624,0.55617,0.55624,8.0
2026-06-29 16:50:00,0.55622,0.55622,0.55616,0.55616,3.0
2026-06-29 16:55:00,0.55614,0.5562,0.55612,0.55614,40.0
2026-06-29 17:00:00,0.55655,0.55655,0.55655,0.55655,1.0
2026-06-29 17:05:00,0.5564,0.55659,0.55616,0.55642,80.0
2026-06-29 17:10:00,0.55655,0.55664,0.55637,0.55638,178.0
2026-06-29 17:15:00,0.55638,0.5564,0.55617,0.55619,66.0
2026-06-29 17:20:00,0.55616,0.55616,0.55605,0.55607,65.0
2026-06-29 17:25:00,0.5561,0.55613,0.55607,0.55612,60.0
2026-06-29 17:30:00,0.55612,0.55632,0.55602,0.55628,85.0
2026-06-29 17:35:00,0.55628,0.55652,0.55625,0.55636,220.0
2026-06-29 17:40:00,0.55637,0.55642,0.5563,0.55635,77.0
2026-06-29 17:45:00,0.55632,0.55635,0.55626,0.55629,29.0
2026-06-29 17:50:00,0.55642,0.55645,0.55629,0.55634,108.0
2026-06-29 17:55:00,0.55634,0.55642,0.55622,0.55632,154.0
2026-06-29 18:00:00,0.55636,0.55636,0.55611,0.55618,66.0
2026-06-29 18:05:00,0.55618,0.55624,0.55618,0.55624,41.0
2026-06-29 18:10:00,0.5563,0.55631,0.55622,0.55624,16.0
2026-06-29 18:15:00,0.55626,0.55626,0.55622,0.55622,9.0
2026-06-29 18:20:00,0.55624,0.55634,0.55624,0.55632,13.0
2026-06-29 18:25:00,0.55633,0.55633,0.5562,0.55624,10.0
2026-06-29 18:30:00,0.55622,0.55627,0.55619,0.55623,20.0
2026-06-29 18:35:00,0.55626,0.55626,0.55619,0.55622,10.0
2026-06-29 18:40:00,0.55621,0.55622,0.55618,0.55618,10.0
2026-06-29 18:50:00,0.5562,0.5562,0.55616,0.55616,4.0
2026-06-29 18:55:00,0.55618,0.55618,0.55609,0.55614,20.0
2026-06-29 19:00:00,0.55612,0.55617,0.55609,0.55614,16.0
2026-06-29 19:05:00,0.55611,0.55616,0.5561,0.55613,18.0
2026-06-29 19:10:00,0.55614,0.55615,0.55612,0.55613,10.0
2026-06-29 19:15:00,0.55614,0.55618,0.55614,0.55618,11.0
2026-06-29 19:20:00,0.55622,0.55624,0.55622,0.55624,2.0
2026-06-29 19:25:00,0.55622,0.55622,0.55618,0.55618,8.0
2026-06-29 19:30:00,0.55621,0.55621,0.5561,0.5561,19.0
2026-06-29 19:35:00,0.55612,0.55614,0.5561,0.55614,20.0
2026-06-29 19:40:00,0.55614,0.55616,0.55612,0.55616,5.0
2026-06-29 19:45:00,0.55614,0.55616,0.55602,0.55608,27.0
2026-06-29 19:50:00,0.55608,0.5561,0.55601,0.55603,41.0
2026-06-29 19:55:00,0.55606,0.55606,0.5559,0.55594,77.0
2026-06-29 20:00:00,0.55597,0.55597,0.55541,0.55545,114.0
2026-06-29 20:05:00,0.55543,0.5555,0.55531,0.55548,76.0
2026-06-29 20:10:00,0.55546,0.5556,0.55543,0.55553,100.0
2026-06-29 20:15:00,0.55553,0.55564,0.55548,0.55556,68.0
2026-06-29 20:20:00,0.55558,0.5556,0.55552,0.5556,65.0
2026-06-29 20:25:00,0.5556,0.55562,0.55536,0.5554,57.0
2026-06-29 20:30:00,0.55542,0.55546,0.55534,0.55546,100.0
2026-06-29 20:35:00,0.55548,0.55551,0.55524,0.55524,59.0
2026-06-29 20:40:00,0.55526,0.55533,0.55524,0.55531,149.0
2026-06-29 20:45:00,0.5553,0.55531,0.55516,0.5552,70.0
2026-06-29 20:50:00,0.55522,0.55536,0.55508,0.55508,152.0
2026-06-29 20:55:00,0.55508,0.55527,0.55505,0.55527,135.0
2026-06-29 21:00:00,0.55529,0.55535,0.5551,0.55534,98.0
2026-06-29 21:05:00,0.5553,0.55532,0.55508,0.55526,101.0
2026-06-29 21:10:00,0.55524,0.5554,0.55522,0.5554,111.0
2026-06-29 21:15:00,0.5554,0.55578,0.55538,0.55578,145.0
2026-06-29 21:20:00,0.55578,0.55585,0.55573,0.55582,95.0
2026-06-29 21:25:00,0.55579,0.55603,0.55577,0.556,57.0
2026-06-29 21:30:00,0.55598,0.55616,0.55598,0.55608,119.0
2026-06-29 21:35:00,0.55609,0.55612,0.55584,0.55586,96.0
2026-06-29 21:40:00,0.55585,0.556,0.55581,0.55593,104.0
2026-06-29 21:45:00,0.55597,0.556,0.55562,0.55578,142.0
2026-06-29 21:50:00,0.55578,0.55578,0.55563,0.55563,84.0
2026-06-29 21:55:00,0.55566,0.55569,0.55558,0.55566,99.0
2026-06-29 22:00:00,0.55569,0.55576,0.55562,0.55574,75.0
2026-06-29 22:05:00,0.55576,0.55578,0.55557,0.55565,99.0
2026-06-29 22:10:00,0.55562,0.55563,0.5555,0.55552,72.0
2026-06-29 22:15:00,0.55555,0.55556,0.5554,0.55542,100.0
2026-06-29 22:20:00,0.55542,0.55552,0.55542,0.55548,101.0
2026-06-29 22:25:00,0.55551,0.55552,0.55545,0.55545,140.0
2026-06-29 22:30:00,0.55544,0.55547,0.5553,0.55532,128.0
2026-06-29 22:35:00,0.55533,0.55544,0.55528,0.55541,127.0
2026-06-29 22:40:00,0.55542,0.55542,0.55528,0.55532,92.0
2026-06-29 22:45:00,0.55534,0.55552,0.5553,0.5555,109.0
2026-06-29 22:50:00,0.5555,0.55562,0.5555,0.55562,111.0
2026-06-29 22:55:00,0.55562,0.55566,0.55552,0.55552,137.0
2026-06-29 23:00:00,0.55552,0.55577,0.55552,0.55573,142.0
2026-06-29 23:05:00,0.55574,0.5558,0.55565,0.55566,93.0
2026-06-29 23:10:00,0.55565,0.55568,0.55558,0.55558,76.0
2026-06-29 23:15:00,0.55562,0.55574,0.55562,0.55574,106.0
2026-06-29 23:20:00,0.55575,0.55575,0.5556,0.55564,87.0
2026-06-29 23:25:00,0.55562,0.55574,0.55558,0.55574,139.0
2026-06-29 23:30:00,0.55574,0.55582,0.55568,0.55572,85.0
2026-06-29 23:35:00,0.55572,0.55578,0.55568,0.55576,62.0
2026-06-29 23:40:00,0.55574,0.55584,0.55572,0.55576,50.0
2026-06-29 23:45:00,0.55574,0.5558,0.55574,0.55576,28.0
2026-06-29 23:50:00,0.55576,0.55584,0.55576,0.55578,62.0
2026-06-29 23:55:00,0.5558,0.55584,0.55576,0.5558,57.0
2026-06-30 00:00:00,0.5558,0.55593,0.5558,0.55592,81.0
2026-06-30 00:05:00,0.55592,0.55593,0.55582,0.55583,96.0
2026-06-30 00:10:00,0.55582,0.55598,0.55582,0.55598,55.0
2026-06-30 00:15:00,0.55596,0.55602,0.5559,0.55596,41.0
2026-06-30 00:20:00,0.55597,0.55601,0.55596,0.556,61.0
2026-06-30 00:25:00,0.556,0.55616,0.556,0.55616,71.0
2026-06-30 00:30:00,0.55616,0.5562,0.55615,0.55618,44.0
2026-06-30 00:35:00,0.55616,0.55626,0.55614,0.55624,71.0
2026-06-30 00:40:00,0.55623,0.55626,0.55614,0.55618,81.0
2026-06-30 00:45:00,0.55619,0.55628,0.55616,0.55626,66.0
2026-06-30 00:50:00,0.55627,0.55627,0.55611,0.55612,89.0
2026-06-30 00:55:00,0.55611,0.55621,0.5561,0.55617,140.0
2026-06-30 01:00:00,0.55615,0.55637,0.55615,0.55636,185.0
2026-06-30 01:05:00,0.55636,0.55644,0.55632,0.55635,99.0
2026-06-30 01:10:00,0.55634,0.55644,0.55626,0.55641,147.0
2026-06-30 01:15:00,0.5564,0.55642,0.5563,0.55633,117.0
2026-06-30 01:20:00,0.5563,0.55644,0.5563,0.55639,91.0
2026-06-30 01:25:00,0.5564,0.55642,0.5563,0.5564,168.0
2026-06-30 01:30:00,0.5564,0.5564,0.5563,0.55632,124.0
2026-06-30 01:35:00,0.55634,0.55638,0.55625,0.55638,53.0
2026-06-30 01:40:00,0.5564,0.55646,0.55638,0.55644,69.0
2026-06-30 01:45:00,0.55646,0.55664,0.55646,0.55662,93.0
2026-06-30 01:50:00,0.55662,0.55664,0.5565,0.55654,104.0
2026-06-30 01:55:00,0.55654,0.55654,0.55632,0.55636,190.0
2026-06-30 02:00:00,0.55638,0.55658,0.55628,0.55644,68.0
2026-06-30 02:05:00,0.55641,0.55647,0.55638,0.5564,86.0
2026-06-30 02:10:00,0.55639,0.5564,0.55628,0.55637,87.0
2026-06-30 02:15:00,0.55634,0.55647,0.55634,0.55638,48.0
2026-06-30 02:20:00,0.55636,0.55644,0.55632,0.55644,62.0
2026-06-30 02:25:00,0.55646,0.55662,0.55636,0.55659,80.0
2026-06-30 02:30:00,0.55661,0.55662,0.55638,0.55646,83.0
2026-06-30 02:35:00,0.55648,0.55659,0.55648,0.55652,93.0
2026-06-30 02:40:00,0.55651,0.55664,0.55638,0.55644,80.0
2026-06-30 02:45:00,0.55642,0.55654,0.55634,0.55634,95.0
2026-06-30 02:50:00,0.55632,0.5564,0.55629,0.55634,66.0
2026-06-30 02:55:00,0.55634,0.55634,0.55618,0.55622,49.0
2026-06-30 03:00:00,0.55622,0.55622,0.55606,0.5562,77.0
2026-06-30 03:05:00,0.55618,0.5562,0.55602,0.55604,57.0
2026-06-30 03:10:00,0.55606,0.55614,0.55602,0.55612,69.0
2026-06-30 03:15:00,0.55612,0.55616,0.556,0.55604,69.0
2026-06-30 03:20:00,0.556,0.55603,0.5559,0.55603,66.0
2026-06-30 03:25:00,0.556,0.55628,0.55598,0.55626,90.0
2026-06-30 03:30:00,0.55623,0.55632,0.55613,0.55632,51.0
2026-06-30 03:35:00,0.5563,0.55648,0.5563,0.55644,62.0
2026-06-30 03:40:00,0.55644,0.5566,0.55644,0.55651,63.0
2026-06-30 03:45:00,0.55648,0.55668,0.55646,0.5566,62.0
2026-06-30 03:50:00,0.55658,0.55671,0.55652,0.55664,56.0
2026-06-30 03:55:00,0.55668,0.55668,0.55654,0.55662,61.0
2026-06-30 04:00:00,0.55664,0.55702,0.5566,0.55696,153.0
2026-06-30 04:05:00,0.55698,0.55701,0.55682,0.5569,136.0
2026-06-30 04:10:00,0.55692,0.557,0.5568,0.55684,65.0
2026-06-30 04:15:00,0.55685,0.55686,0.55673,0.55683,132.0
2026-06-30 04:20:00,0.55684,0.55696,0.55675,0.55691,77.0
2026-06-30 04:25:00,0.55694,0.55698,0.55683,0.55688,128.0
2026-06-30 04:30:00,0.55688,0.55701,0.55672,0.55701,85.0
2026-06-30 04:35:00,0.55704,0.55705,0.55686,0.55686,46.0
2026-06-30 04:40:00,0.55683,0.55691,0.55676,0.55685,43.0
2026-06-30 04:45:00,0.55682,0.55704,0.55682,0.55698,109.0
2026-06-30 04:50:00,0.55697,0.55702,0.5569,0.55696,103.0
2026-06-30 04:55:00,0.55697,0.55706,0.55692,0.557,111.0
2026-06-30 05:00:00,0.55697,0.55736,0.55697,0.55736,54.0
2026-06-30 05:05:00,0.55734,0.55746,0.55718,0.55725,74.0
2026-06-30 05:10:00,0.55724,0.5573,0.5572,0.55728,72.0
2026-06-30 05:15:00,0.5573,0.5574,0.55727,0.5574,54.0
2026-06-30 05:20:00,0.5574,0.55754,0.55738,0.55754,37.0
2026-06-30 05:25:00,0.55754,0.55756,0.55728,0.55735,50.0
2026-06-30 05:30:00,0.55732,0.55743,0.55728,0.55743,63.0
2026-06-30 05:35:00,0.55744,0.5575,0.55731,0.55734,67.0
2026-06-30 05:40:00,0.55736,0.55746,0.55733,0.55746,64.0
2026-06-30 05:45:00,0.55744,0.55746,0.55734,0.55742,24.0
2026-06-30 05:50:00,0.5574,0.5575,0.55726,0.55727,55.0
2026-06-30 05:55:00,0.55727,0.55738,0.55726,0.5573,59.0
2026-06-30 06:00:00,0.55729,0.55741,0.55728,0.5573,36.0
2026-06-30 06:05:00,0.5573,0.55738,0.55728,0.55728,29.0
2026-06-30 06:10:00,0.55732,0.55734,0.55724,0.5573,36.0
2026-06-30 06:15:00,0.55728,0.55732,0.55724,0.55728,24.0
2026-06-30 06:20:00,0.55727,0.55729,0.55721,0.55728,32.0
2026-06-30 06:25:00,0.55724,0.55728,0.55718,0.55722,36.0
2026-06-30 06:30:00,0.55725,0.55727,0.55716,0.55716,35.0
2026-06-30 06:35:00,0.55717,0.5572,0.55698,0.55703,68.0
2026-06-30 06:40:00,0.55706,0.55712,0.55704,0.55706,77.0
2026-06-30 06:45:00,0.55708,0.55713,0.55704,0.5571,66.0
2026-06-30 06:50:00,0.55712,0.5572,0.5571,0.55718,33.0
2026-06-30 06:55:00,0.5572,0.55732,0.55718,0.55724,41.0
2026-06-30 07:00:00,0.55724,0.55724,0.55713,0.55723,55.0
2026-06-30 07:05:00,0.55721,0.5573,0.55718,0.5573,49.0
2026-06-30 07:10:00,0.55729,0.55736,0.55725,0.55734,63.0
2026-06-30 07:15:00,0.55736,0.55746,0.55712,0.55728,59.0
2026-06-30 07:20:00,0.5573,0.55738,0.55701,0.55723,100.0
2026-06-30 07:25:00,0.55724,0.5574,0.55724,0.5574,48.0
2026-06-30 07:30:00,0.55742,0.5575,0.5574,0.55742,72.0
2026-06-30 07:35:00,0.55744,0.55752,0.55735,0.5575,69.0
2026-06-30 07:40:00,0.5575,0.55756,0.55744,0.55746,71.0
2026-06-30 07:45:00,0.55748,0.55758,0.55743,0.55753,43.0
2026-06-30 07:50:00,0.55756,0.55765,0.55752,0.55762,38.0
2026-06-30 07:55:00,0.55763,0.55765,0.55755,0.55759,40.0
2026-06-30 08:00:00,0.55756,0.55768,0.55756,0.55767,68.0
2026-06-30 08:05:00,0.55766,0.55767,0.55754,0.55759,50.0
2026-06-30 08:10:00,0.55756,0.55758,0.55739,0.5574,43.0
2026-06-30 08:15:00,0.55742,0.55744,0.55732,0.55744,40.0
2026-06-30 08:20:00,0.5574,0.5574,0.5572,0.55722,135.0
2026-06-30 08:25:00,0.55723,0.55725,0.55718,0.5572,77.0
2026-06-30 08:30:00,0.55718,0.55731,0.55714,0.55724,153.0
2026-06-30 08:35:00,0.55724,0.55728,0.55719,0.55724,64.0
2026-06-30 08:40:00,0.55726,0.55726,0.55714,0.55716,91.0
2026-06-30 08:45:00,0.55717,0.55722,0.55712,0.55716,66.0
2026-06-30 08:50:00,0.55714,0.55714,0.55698,0.55706,48.0
2026-06-30 08:55:00,0.55705,0.55718,0.557,0.55711,85.0
2026-06-30 09:00:00,0.55714,0.55736,0.55714,0.55736,92.0
2026-06-30 09:05:00,0.55734,0.5574,0.55722,0.55733,85.0
2026-06-30 09:10:00,0.55732,0.55742,0.5573,0.5574,39.0
2026-06-30 09:15:00,0.55739,0.55744,0.5573,0.55738,73.0
2026-06-30 09:20:00,0.55737,0.55746,0.55734,0.55743,126.0
2026-06-30 09:25:00,0.55746,0.5575,0.55737,0.55738,70.0
2026-06-30 09:30:00,0.55738,0.55742,0.55723,0.5574,255.0
2026-06-30 09:35:00,0.55738,0.55744,0.55728,0.55737,72.0
2026-06-30 09:40:00,0.55738,0.5575,0.55728,0.55735,38.0
2026-06-30 09:45:00,0.55738,0.5575,0.55737,0.55744,136.0
2026-06-30 09:50:00,0.55744,0.55763,0.55742,0.55752,73.0
2026-06-30 09:55:00,0.55754,0.5577,0.55754,0.55762,62.0
2026-06-30 10:00:00,0.55762,0.5581,0.55762,0.55798,179.0
2026-06-30 10:05:00,0.55796,0.55809,0.55776,0.55806,137.0
2026-06-30 10:10:00,0.55804,0.55836,0.55802,0.55834,198.0
2026-06-30 10:15:00,0.55834,0.5585,0.55826,0.55848,166.0
2026-06-30 10:20:00,0.55846,0.55858,0.5584,0.5585,128.0
2026-06-30 10:25:00,0.55851,0.55871,0.55846,0.55871,136.0
2026-06-30 10:30:00,0.55869,0.55869,0.55834,0.55846,182.0
2026-06-30 10:35:00,0.55846,0.55858,0.55842,0.55852,127.0
2026-06-30 10:40:00,0.55854,0.55854,0.55828,0.55833,135.0
2026-06-30 10:45:00,0.5583,0.55848,0.55815,0.5582,175.0
2026-06-30 10:50:00,0.5582,0.55834,0.55788,0.55806,209.0
2026-06-30 10:55:00,0.55807,0.55894,0.558,0.55864,327.0
2026-06-30 11:00:00,0.55866,0.559,0.55866,0.55885,258.0
2026-06-30 11:05:00,0.55884,0.55892,0.5587,0.55879,242.0
2026-06-30 11:10:00,0.5588,0.55894,0.55868,0.55894,163.0
2026-06-30 11:15:00,0.55895,0.55896,0.55882,0.55886,133.0
2026-06-30 11:20:00,0.55889,0.55894,0.55884,0.55886,115.0
2026-06-30 11:25:00,0.55888,0.55896,0.55878,0.5588,109.0
2026-06-30 11:30:00,0.55878,0.55883,0.55872,0.5588,163.0
2026-06-30 11:35:00,0.55884,0.55896,0.55881,0.55882,154.0
2026-06-30 11:40:00,0.55882,0.55888,0.55872,0.55879,120.0
2026-06-30 11:45:00,0.55879,0.55889,0.55879,0.55883,108.0
2026-06-30 11:50:00,0.55884,0.55886,0.55874,0.5588,84.0
2026-06-30 11:55:00,0.55881,0.55889,0.55876,0.55884,101.0
2026-06-30 12:00:00,0.55884,0.559,0.55884,0.559,141.0
2026-06-30 12:05:00,0.559,0.55902,0.55878,0.55886,83.0
2026-06-30 12:10:00,0.55885,0.55886,0.55873,0.55884,119.0
2026-06-30 12:15:00,0.55886,0.5589,0.55877,0.55877,67.0
2026-06-30 12:20:00,0.5588,0.5589,0.55875,0.5588,57.0
2026-06-30 12:25:00,0.55878,0.55885,0.55872,0.55872,48.0
2026-06-30 12:30:00,0.55875,0.55876,0.55864,0.55874,58.0
2026-06-30 12:35:00,0.5587,0.55876,0.55862,0.55874,98.0
2026-06-30 12:40:00,0.55874,0.55886,0.55862,0.55884,126.0
2026-06-30 12:45:00,0.55885,0.55894,0.55882,0.55892,61.0
2026-06-30 12:50:00,0.5589,0.55902,0.55889,0.55902,60.0
2026-06-30 12:55:00,0.55902,0.55905,0.55896,0.55896,56.0
2026-06-30 13:00:00,0.55894,0.55904,0.5589,0.55897,53.0
2026-06-30 13:05:00,0.55894,0.55898,0.55891,0.55897,49.0
2026-06-30 13:10:00,0.55898,0.55904,0.55897,0.55903,142.0
2026-06-30 13:15:00,0.55902,0.55907,0.55899,0.55904,56.0
2026-06-30 13:20:00,0.559,0.55904,0.55898,0.55902,53.0
2026-06-30 13:25:00,0.559,0.559,0.55892,0.55892,29.0
2026-06-30 13:30:00,0.55894,0.55894,0.55888,0.55892,45.0
2026-06-30 13:35:00,0.55894,0.55898,0.5589,0.55895,45.0
2026-06-30 13:40:00,0.55894,0.55909,0.55894,0.55908,33.0
2026-06-30 13:45:00,0.5591,0.55912,0.559,0.55902,60.0
2026-06-30 13:50:00,0.559,0.55906,0.55897,0.55904,39.0
2026-06-30 13:55:00,0.55904,0.55912,0.55904,0.55906,42.0
2026-06-30 14:00:00,0.55908,0.55908,0.559,0.559,25.0
2026-06-30 14:05:00,0.55902,0.55906,0.55896,0.55904,69.0
2026-06-30 14:10:00,0.55905,0.55908,0.55892,0.55896,63.0
2026-06-30 14:15:00,0.55898,0.55904,0.55896,0.55903,36.0
2026-06-30 14:20:00,0.55901,0.55906,0.55899,0.55906,31.0
2026-06-30 14:25:00,0.55904,0.55908,0.55901,0.55902,21.0
2026-06-30 14:30:00,0.559,0.55909,0.559,0.55906,50.0
2026-06-30 14:35:00,0.55908,0.55912,0.55902,0.55906,31.0
2026-06-30 14:40:00,0.55906,0.55921,0.55904,0.55917,44.0
2026-06-30 14:45:00,0.55918,0.55927,0.55917,0.55922,47.0
2026-06-30 14:50:00,0.55922,0.55926,0.55915,0.55915,43.0
2026-06-30 14:55:00,0.55916,0.55936,0.55916,0.55932,84.0
2026-06-30 15:00:00,0.55934,0.5594,0.55928,0.55928,43.0
2026-06-30 15:05:00,0.55926,0.55933,0.55926,0.55932,45.0
2026-06-30 15:10:00,0.5593,0.55934,0.55928,0.55934,21.0
2026-06-30 15:15:00,0.55934,0.55938,0.55931,0.55936,30.0
2026-06-30 15:20:00,0.55936,0.55944,0.55934,0.5594,38.0
2026-06-30 15:25:00,0.55942,0.5595,0.55942,0.55949,43.0
2026-06-30 15:30:00,0.5595,0.55956,0.55944,0.55947,74.0
2026-06-30 15:35:00,0.55946,0.55946,0.55939,0.55941,37.0
2026-06-30 15:40:00,0.55942,0.55948,0.55936,0.55948,58.0
2026-06-30 15:45:00,0.55945,0.55954,0.55945,0.5595,27.0
2026-06-30 15:50:00,0.55949,0.55954,0.55948,0.5595,65.0
2026-06-30 15:55:00,0.55948,0.55952,0.55935,0.55935,79.0
2026-06-30 16:00:00,0.55938,0.55944,0.55932,0.55936,77.0
2026-06-30 16:05:00,0.55938,0.5594,0.55932,0.55938,31.0
2026-06-30 16:10:00,0.55937,0.55937,0.55928,0.55933,15.0
2026-06-30 16:15:00,0.55935,0.55938,0.55932,0.55932,12.0
2026-06-30 16:20:00,0.55934,0.55935,0.55933,0.55935,5.0
2026-06-30 16:25:00,0.55938,0.55938,0.55927,0.55929,6.0
2026-06-30 16:30:00,0.55928,0.5593,0.55926,0.5593,10.0
2026-06-30 16:35:00,0.55932,0.55932,0.55922,0.55924,28.0
2026-06-30 16:40:00,0.55924,0.55928,0.5592,0.55928,9.0
2026-06-30 16:45:00,0.55926,0.55928,0.55924,0.55926,8.0
2026-06-30 16:50:00,0.55924,0.5593,0.55924,0.55928,9.0
2026-06-30 16:55:00,0.5593,0.55936,0.5593,0.55936,109.0
2026-06-30 17:00:00,0.55898,0.55898,0.55898,0.55898,1.0
2026-06-30 17:05:00,0.55902,0.55921,0.55876,0.5589,217.0
2026-06-30 17:10:00,0.55894,0.559,0.55872,0.55888,72.0
2026-06-30 17:15:00,0.55889,0.55907,0.55884,0.55907,186.0
2026-06-30 17:20:00,0.55906,0.55914,0.55892,0.55901,236.0
2026-06-30 17:25:00,0.559,0.55908,0.55894,0.55906,142.0
2026-06-30 17:30:00,0.55906,0.55923,0.55898,0.55904,220.0
2026-06-30 17:35:00,0.55903,0.55915,0.55884,0.55901,147.0
2026-06-30 17:40:00,0.55904,0.55916,0.55892,0.55905,275.0
2026-06-30 17:45:00,0.55908,0.55915,0.55888,0.55902,426.0
2026-06-30 17:50:00,0.55901,0.55924,0.55882,0.5589,629.0
2026-06-30 17:55:00,0.55892,0.55906,0.55882,0.55898,176.0
2026-06-30 18:00:00,0.55892,0.55933,0.55892,0.55929,49.0
2026-06-30 18:05:00,0.55932,0.55934,0.55922,0.55922,14.0
2026-06-30 18:10:00,0.55921,0.55921,0.55914,0.55918,6.0
2026-06-30 18:15:00,0.55914,0.55916,0.55909,0.55912,15.0
2026-06-30 18:20:00,0.55916,0.55922,0.55915,0.55919,9.0
2026-06-30 18:25:00,0.55916,0.55921,0.55912,0.55912,7.0
2026-06-30 18:30:00,0.55915,0.55918,0.55914,0.55916,11.0
2026-06-30 18:35:00,0.55917,0.5592,0.55914,0.55914,7.0
2026-06-30 18:40:00,0.55918,0.55918,0.55918,0.55918,1.0
2026-06-30 18:45:00,0.55917,0.55917,0.55908,0.55914,14.0
2026-06-30 18:50:00,0.55916,0.55916,0.55912,0.55912,8.0
2026-06-30 18:55:00,0.55915,0.55919,0.55914,0.55919,8.0
2026-06-30 19:00:00,0.55916,0.55922,0.55913,0.55916,15.0
2026-06-30 19:05:00,0.55913,0.55915,0.5591,0.55912,11.0
2026-06-30 19:10:00,0.55916,0.55918,0.5591,0.5591,10.0
2026-06-30 19:15:00,0.5591,0.55912,0.5591,0.55912,4.0
2026-06-30 19:20:00,0.5591,0.55916,0.5591,0.55916,8.0
2026-06-30 19:25:00,0.55915,0.55922,0.55913,0.55915,13.0
2026-06-30 19:30:00,0.55913,0.55913,0.55907,0.5591,7.0
2026-06-30 19:35:00,0.55908,0.5591,0.55904,0.55904,11.0
2026-06-30 19:40:00,0.55906,0.55908,0.55902,0.55905,15.0
2026-06-30 19:45:00,0.55906,0.55922,0.55905,0.5592,40.0
2026-06-30 19:50:00,0.55918,0.55924,0.55915,0.55915,45.0
2026-06-30 19:55:00,0.55912,0.55916,0.55896,0.55903,34.0
2026-06-30 20:00:00,0.55905,0.55912,0.559,0.55906,48.0
2026-06-30 20:05:00,0.55909,0.55914,0.55903,0.55911,86.0
2026-06-30 20:10:00,0.55908,0.55916,0.55902,0.55904,73.0
2026-06-30 20:15:00,0.55903,0.55908,0.5589,0.55893,103.0
2026-06-30 20:20:00,0.55892,0.55892,0.55864,0.55873,102.0
2026-06-30 20:25:00,0.55872,0.55872,0.55852,0.55854,81.0
2026-06-30 20:30:00,0.55855,0.55873,0.55852,0.55868,93.0
2026-06-30 20:35:00,0.55867,0.55868,0.55858,0.55864,132.0
2026-06-30 20:40:00,0.55864,0.55864,0.55852,0.55852,97.0
2026-06-30 20:45:00,0.55853,0.55854,0.55834,0.55836,127.0
2026-06-30 20:50:00,0.55838,0.55851,0.55832,0.55834,145.0
2026-06-30 20:55:00,0.55832,0.5584,0.55824,0.55826,107.0
2026-06-30 21:00:00,0.55827,0.55841,0.5582,0.55824,91.0
2026-06-30 21:05:00,0.55822,0.55832,0.55812,0.55814,101.0
2026-06-30 21:10:00,0.55812,0.5582,0.55804,0.55818,102.0
2026-06-30 21:15:00,0.55819,0.55825,0.55796,0.55806,125.0
2026-06-30 21:20:00,0.55807,0.55818,0.55799,0.55812,101.0
2026-06-30 21:25:00,0.55811,0.55812,0.55798,0.55803,130.0
2026-06-30 21:30:00,0.55805,0.55809,0.55795,0.55802,120.0
2026-06-30 21:35:00,0.55802,0.55803,0.55792,0.55798,91.0
2026-06-30 21:40:00,0.558,0.558,0.55777,0.55786,83.0
2026-06-30 21:45:00,0.55784,0.55786,0.55761,0.55767,136.0
2026-06-30 21:50:00,0.55764,0.55772,0.55756,0.5576,98.0
2026-06-30 21:55:00,0.55762,0.55773,0.55758,0.55771,133.0
2026-06-30 22:00:00,0.55772,0.55772,0.55741,0.55743,87.0
2026-06-30 22:05:00,0.55742,0.55745,0.55712,0.55718,112.0
2026-06-30 22:10:00,0.55718,0.55719,0.55703,0.55718,114.0
2026-06-30 22:15:00,0.55719,0.55724,0.55704,0.5572,52.0
2026-06-30 22:20:00,0.5572,0.55733,0.55716,0.55728,58.0
2026-06-30 22:25:00,0.5573,0.55746,0.55724,0.55746,102.0
2026-06-30 22:30:00,0.55747,0.55756,0.55738,0.55742,103.0
2026-06-30 22:35:00,0.55745,0.55755,0.55744,0.55751,101.0
2026-06-30 22:40:00,0.55752,0.5577,0.55749,0.55764,164.0
2026-06-30 22:45:00,0.55768,0.55774,0.55759,0.5576,101.0
2026-06-30 22:50:00,0.55759,0.5577,0.55758,0.55769,77.0
2026-06-30 22:55:00,0.55772,0.55773,0.55752,0.55752,32.0
2026-06-30 23:00:00,0.55754,0.55761,0.55741,0.5576,62.0
2026-06-30 23:05:00,0.55757,0.55764,0.55752,0.55758,89.0
2026-06-30 23:10:00,0.55759,0.5576,0.55755,0.55758,39.0
2026-06-30 23:15:00,0.55762,0.55767,0.55752,0.55757,40.0
2026-06-30 23:20:00,0.55755,0.55766,0.5575,0.55756,70.0
2026-06-30 23:25:00,0.55758,0.55768,0.55754,0.55765,145.0
2026-06-30 23:30:00,0.55764,0.55776,0.5576,0.55768,77.0
2026-06-30 23:35:00,0.5577,0.55775,0.55766,0.5577,103.0
2026-06-30 23:40:00,0.5577,0.55774,0.55762,0.55764,73.0
2026-06-30 23:45:00,0.55763,0.5578,0.55762,0.55777,50.0
2026-06-30 23:50:00,0.55776,0.5578,0.55774,0.55774,35.0
2026-06-30 23:55:00,0.55778,0.55782,0.55774,0.5578,26.0
2026-07-01 00:00:00,0.55782,0.55782,0.55764,0.55768,170.0
2026-07-01 00:05:00,0.55768,0.55772,0.55762,0.55768,99.0
2026-07-01 00:10:00,0.55768,0.55768,0.55745,0.55745,93.0
2026-07-01 00:15:00,0.55744,0.5575,0.55742,0.55746,80.0
2026-07-01 00:20:00,0.55744,0.55748,0.55735,0.55742,43.0
2026-07-01 00:25:00,0.5574,0.55746,0.55736,0.55745,51.0
2026-07-01 00:30:00,0.55742,0.55753,0.55737,0.55751,73.0
2026-07-01 00:35:00,0.5575,0.55756,0.55743,0.55744,95.0
2026-07-01 00:40:00,0.55746,0.5576,0.55745,0.55759,51.0
2026-07-01 00:45:00,0.55758,0.55772,0.55758,0.55764,52.0
2026-07-01 00:50:00,0.55764,0.55772,0.55761,0.55764,62.0
2026-07-01 00:55:00,0.55767,0.55772,0.55765,0.55765,64.0
2026-07-01 01:00:00,0.55767,0.5577,0.55761,0.55768,60.0
2026-07-01 01:05:00,0.55768,0.55774,0.55768,0.55772,51.0
2026-07-01 01:10:00,0.55773,0.55773,0.55757,0.55757,53.0
2026-07-01 01:15:00,0.55757,0.55766,0.55754,0.55764,53.0
2026-07-01 01:20:00,0.55766,0.5577,0.55761,0.5577,88.0
2026-07-01 01:25:00,0.55768,0.55774,0.55767,0.55774,81.0
2026-07-01 01:30:00,0.55771,0.55788,0.55771,0.55788,65.0
2026-07-01 01:35:00,0.55788,0.55792,0.5578,0.55781,91.0
2026-07-01 01:40:00,0.5578,0.55786,0.55775,0.55783,61.0
2026-07-01 01:45:00,0.55784,0.55784,0.55774,0.55779,66.0
2026-07-01 01:50:00,0.55782,0.558,0.55781,0.55798,107.0
2026-07-01 01:55:00,0.55798,0.55798,0.5578,0.5579,129.0
2026-07-01 02:00:00,0.55788,0.5579,0.55775,0.5578,58.0
2026-07-01 02:05:00,0.55782,0.55782,0.55765,0.55771,73.0
2026-07-01 02:10:00,0.55769,0.55774,0.55761,0.55774,57.0
2026-07-01 02:15:00,0.55776,0.55776,0.5576,0.55768,58.0
2026-07-01 02:20:00,0.55768,0.5577,0.55756,0.5576,36.0
2026-07-01 02:25:00,0.55758,0.55762,0.55753,0.5576,75.0
2026-07-01 02:30:00,0.55762,0.55777,0.55756,0.55756,68.0
2026-07-01 02:35:00,0.55758,0.55762,0.55754,0.55758,40.0
2026-07-01 02:40:00,0.55758,0.55767,0.55754,0.55766,67.0
2026-07-01 02:45:00,0.55766,0.55772,0.55764,0.5577,62.0
2026-07-01 02:50:00,0.55767,0.55776,0.55764,0.55776,22.0
2026-07-01 02:55:00,0.55775,0.55785,0.55764,0.55785,54.0
2026-07-01 03:00:00,0.55788,0.55796,0.55781,0.55794,81.0
2026-07-01 03:05:00,0.55795,0.55801,0.55786,0.55798,61.0
2026-07-01 03:10:00,0.55796,0.55796,0.55784,0.55784,68.0
2026-07-01 03:15:00,0.55782,0.55788,0.55773,0.55786,52.0
2026-07-01 03:20:00,0.55788,0.55788,0.55779,0.55788,30.0
2026-07-01 03:25:00,0.55785,0.55802,0.55782,0.558,44.0
2026-07-01 03:30:00,0.55801,0.55802,0.55774,0.55778,57.0
2026-07-01 03:35:00,0.55778,0.55801,0.55774,0.55799,56.0
2026-07-01 03:40:00,0.55801,0.55804,0.55768,0.55772,59.0
2026-07-01 03:45:00,0.55774,0.55807,0.55774,0.55796,56.0
2026-07-01 03:50:00,0.55796,0.55805,0.55784,0.55796,46.0
2026-07-01 03:55:00,0.55798,0.55813,0.55796,0.55808,74.0
2026-07-01 04:00:00,0.55806,0.55819,0.55802,0.55806,85.0
2026-07-01 04:05:00,0.55805,0.55812,0.55798,0.55811,68.0
2026-07-01 04:10:00,0.55812,0.55826,0.55811,0.55826,22.0
2026-07-01 04:15:00,0.55823,0.55825,0.55814,0.55814,36.0
2026-07-01 04:20:00,0.55816,0.55832,0.55816,0.55828,49.0
2026-07-01 04:25:00,0.5583,0.55834,0.55822,0.5583,68.0
2026-07-01 04:30:00,0.55834,0.55834,0.55822,0.55828,46.0
2026-07-01 04:35:00,0.55828,0.5583,0.55821,0.55826,55.0
2026-07-01 04:40:00,0.55822,0.55831,0.5582,0.55829,37.0
2026-07-01 04:45:00,0.55828,0.55832,0.55804,0.55807,56.0
2026-07-01 04:50:00,0.55806,0.5581,0.55796,0.55804,111.0
2026-07-01 04:55:00,0.55804,0.55815,0.55798,0.55808,76.0
2026-07-01 05:00:00,0.55806,0.55814,0.55798,0.55798,78.0
2026-07-01 05:05:00,0.558,0.55814,0.558,0.5581,39.0
2026-07-01 05:10:00,0.55808,0.5582,0.55805,0.55816,54.0
2026-07-01 05:15:00,0.55814,0.55824,0.5581,0.5582,75.0
2026-07-01 05:20:00,0.55824,0.55832,0.55821,0.55824,89.0
2026-07-01 05:25:00,0.55824,0.55834,0.55824,0.55829,29.0
2026-07-01 05:30:00,0.55829,0.55838,0.55826,0.55834,67.0
2026-07-01 05:35:00,0.55837,0.5584,0.55828,0.5583,85.0
2026-07-01 05:40:00,0.55828,0.55837,0.55821,0.55825,71.0
2026-07-01 05:45:00,0.55823,0.55836,0.55823,0.55836,22.0
2026-07-01 05:50:00,0.55838,0.55848,0.55838,0.55844,56.0
2026-07-01 05:55:00,0.55845,0.55845,0.55836,0.55836,44.0
2026-07-01 06:00:00,0.55834,0.55834,0.55827,0.55832,26.0
2026-07-01 06:05:00,0.5583,0.55836,0.55826,0.55832,32.0
2026-07-01 06:10:00,0.55834,0.55836,0.55826,0.55836,48.0
2026-07-01 06:15:00,0.55834,0.55838,0.55827,0.55832,25.0
2026-07-01 06:20:00,0.55835,0.55838,0.55829,0.55834,33.0
2026-07-01 06:25:00,0.55836,0.55838,0.55829,0.55831,36.0
2026-07-01 06:30:00,0.55834,0.55836,0.55828,0.55834,43.0
2026-07-01 06:35:00,0.55836,0.5585,0.55836,0.55847,30.0
2026-07-01 06:40:00,0.55847,0.5585,0.55838,0.55846,33.0
2026-07-01 06:45:00,0.55848,0.55854,0.55846,0.55849,35.0
2026-07-01 06:50:00,0.5585,0.55858,0.5585,0.55851,38.0
2026-07-01 06:55:00,0.55852,0.55858,0.55852,0.55856,21.0
2026-07-01 07:00:00,0.55856,0.55864,0.55852,0.55862,58.0
2026-07-01 07:05:00,0.55862,0.55862,0.55846,0.55848,46.0
2026-07-01 07:10:00,0.5585,0.55867,0.5585,0.55862,84.0
2026-07-01 07:15:00,0.55864,0.55882,0.55862,0.55882,93.0
2026-07-01 07:20:00,0.55881,0.55882,0.55872,0.55873,31.0
2026-07-01 07:25:00,0.55874,0.55881,0.55872,0.55874,34.0
2026-07-01 07:30:00,0.55872,0.55872,0.55863,0.55866,98.0
2026-07-01 07:35:00,0.55864,0.55882,0.55862,0.55882,55.0
2026-07-01 07:40:00,0.5588,0.55892,0.55874,0.5589,78.0
2026-07-01 07:45:00,0.5589,0.55898,0.55886,0.55896,60.0
2026-07-01 07:50:00,0.55898,0.55902,0.55888,0.55889,72.0
2026-07-01 07:55:00,0.55892,0.559,0.5588,0.55898,104.0
2026-07-01 08:00:00,0.55898,0.55899,0.55884,0.55884,95.0
2026-07-01 08:05:00,0.55881,0.55902,0.55874,0.55902,108.0
2026-07-01 08:10:00,0.55906,0.55914,0.55902,0.55908,58.0
2026-07-01 08:15:00,0.55906,0.55914,0.55899,0.55906,111.0
2026-07-01 08:20:00,0.55906,0.55922,0.55903,0.55916,73.0
2026-07-01 08:25:00,0.55918,0.5592,0.55904,0.55916,61.0
2026-07-01 08:30:00,0.55918,0.55947,0.55914,0.55928,138.0
2026-07-01 08:35:00,0.5593,0.55943,0.55929,0.55936,166.0
2026-07-01 08:40:00,0.55938,0.5595,0.5593,0.55936,145.0
2026-07-01 08:45:00,0.55938,0.55942,0.55932,0.55934,155.0
2026-07-01 08:50:00,0.55934,0.55938,0.55924,0.55928,108.0
2026-07-01 08:55:00,0.55927,0.55936,0.55922,0.55932,81.0
2026-07-01 09:00:00,0.55931,0.55936,0.55919,0.55926,93.0
2026-07-01 09:05:00,0.55924,0.55928,0.55908,0.5591,124.0
2026-07-01 09:10:00,0.55912,0.55932,0.55902,0.55908,166.0
2026-07-01 09:15:00,0.55911,0.55932,0.55906,0.55928,164.0
2026-07-01 09:20:00,0.5593,0.55942,0.5592,0.55926,155.0
2026-07-01 09:25:00,0.55924,0.55928,0.55907,0.55914,224.0
2026-07-01 09:30:00,0.55912,0.55926,0.5589,0.55904,350.0
2026-07-01 09:35:00,0.55905,0.55917,0.55897,0.55908,190.0
2026-07-01 09:40:00,0.55904,0.5594,0.559,0.5593,166.0
2026-07-01 09:45:00,0.55927,0.55934,0.5589,0.55894,265.0
2026-07-01 09:50:00,0.55898,0.55902,0.5588,0.55888,142.0
2026-07-01 09:55:00,0.55888,0.55894,0.55876,0.55883,185.0
2026-07-01 10:00:00,0.55877,0.5589,0.55856,0.55856,287.0
2026-07-01 10:05:00,0.55858,0.55866,0.55832,0.55844,148.0
2026-07-01 10:10:00,0.55846,0.55864,0.55836,0.55846,204.0
2026-07-01 10:15:00,0.55848,0.55862,0.55846,0.55862,135.0
2026-07-01 10:20:00,0.5586,0.55868,0.55851,0.55854,132.0
2026-07-01 10:25:00,0.55852,0.55872,0.55849,0.55862,149.0
2026-07-01 10:30:00,0.55864,0.55866,0.55827,0.5583,130.0
2026-07-01 10:35:00,0.55834,0.5585,0.55827,0.55842,130.0
2026-07-01 10:40:00,0.55844,0.55844,0.55817,0.55818,146.0
2026-07-01 10:45:00,0.55812,0.55824,0.55788,0.55792,150.0
2026-07-01 10:50:00,0.5579,0.55804,0.55775,0.55793,210.0
2026-07-01 10:55:00,0.55798,0.5581,0.55785,0.55804,227.0
2026-07-01 11:00:00,0.55802,0.55802,0.55778,0.55796,123.0
2026-07-01 11:05:00,0.55794,0.55794,0.55778,0.5578,97.0
2026-07-01 11:10:00,0.55782,0.55792,0.55778,0.55789,142.0
2026-07-01 11:15:00,0.55792,0.55802,0.55784,0.55799,75.0
2026-07-01 11:20:00,0.55802,0.55806,0.55788,0.5579,97.0
2026-07-01 11:25:00,0.5579,0.55794,0.55782,0.55789,99.0
2026-07-01 11:30:00,0.55792,0.5581,0.55782,0.55808,123.0
2026-07-01 11:35:00,0.5581,0.55821,0.5581,0.55813,122.0
2026-07-01 11:40:00,0.5581,0.55832,0.5581,0.55822,114.0
2026-07-01 11:45:00,0.55822,0.55828,0.5581,0.5581,173.0
2026-07-01 11:50:00,0.5581,0.55819,0.5581,0.55812,115.0
2026-07-01 11:55:00,0.55814,0.55818,0.55806,0.55811,141.0
2026-07-01 12:00:00,0.55812,0.5582,0.5581,0.55814,110.0
2026-07-01 12:05:00,0.55812,0.55812,0.55794,0.55797,100.0
2026-07-01 12:10:00,0.55793,0.558,0.55786,0.55794,93.0
2026-07-01 12:15:00,0.55793,0.55798,0.55788,0.55796,96.0
2026-07-01 12:20:00,0.55798,0.55802,0.55794,0.558,85.0
2026-07-01 12:25:00,0.55798,0.55814,0.55792,0.55811,89.0
2026-07-01 12:30:00,0.55812,0.55816,0.55804,0.55809,97.0
2026-07-01 12:35:00,0.55813,0.5582,0.55812,0.55816,65.0
2026-07-01 12:40:00,0.55813,0.55813,0.55804,0.55808,104.0
2026-07-01 12:45:00,0.5581,0.5581,0.55796,0.55798,73.0
2026-07-01 12:50:00,0.558,0.55806,0.55794,0.55798,99.0
2026-07-01 12:55:00,0.55801,0.55814,0.55798,0.55814,74.0
2026-07-01 13:00:00,0.55818,0.55818,0.55794,0.55798,61.0
2026-07-01 13:05:00,0.55798,0.55806,0.55798,0.558,63.0
2026-07-01 13:10:00,0.558,0.55804,0.55792,0.55804,52.0
2026-07-01 13:15:00,0.55806,0.55811,0.55796,0.55806,85.0
2026-07-01 13:20:00,0.55805,0.55812,0.55802,0.55812,100.0
2026-07-01 13:25:00,0.55812,0.55812,0.55804,0.55808,48.0
2026-07-01 13:30:00,0.55807,0.55812,0.55802,0.55812,59.0
2026-07-01 13:35:00,0.55809,0.55818,0.55808,0.55814,59.0
2026-07-01 13:40:00,0.55814,0.5582,0.55808,0.55816,60.0
2026-07-01 13:45:00,0.55814,0.55818,0.55808,0.5581,53.0
2026-07-01 13:50:00,0.55812,0.55814,0.55804,0.55805,35.0
2026-07-01 13:55:00,0.55806,0.55808,0.55796,0.55796,24.0
2026-07-01 14:00:00,0.55799,0.55808,0.55798,0.55804,42.0
2026-07-01 14:05:00,0.55806,0.55806,0.55794,0.558,56.0
2026-07-01 14:10:00,0.55803,0.55803,0.55792,0.55798,29.0
2026-07-01 14:15:00,0.558,0.558,0.55786,0.5579,26.0
2026-07-01 14:20:00,0.55794,0.55808,0.55786,0.55806,43.0
2026-07-01 14:25:00,0.55804,0.5581,0.55797,0.55804,59.0
2026-07-01 14:30:00,0.55804,0.55811,0.55802,0.55805,26.0
2026-07-01 14:35:00,0.55802,0.55809,0.558,0.55803,22.0
2026-07-01 14:40:00,0.55806,0.55808,0.55801,0.55804,23.0
2026-07-01 14:45:00,0.55802,0.55803,0.55795,0.558,32.0
2026-07-01 14:50:00,0.55796,0.558,0.55789,0.55794,27.0
2026-07-01 14:55:00,0.55796,0.558,0.55794,0.55794,42.0
2026-07-01 15:00:00,0.55795,0.5581,0.55794,0.55806,76.0
2026-07-01 15:05:00,0.55807,0.55814,0.55804,0.5581,56.0
2026-07-01 15:10:00,0.55808,0.55814,0.55806,0.55812,42.0
2026-07-01 15:15:00,0.55812,0.55814,0.55806,0.55808,115.0
2026-07-01 15:20:00,0.55808,0.55816,0.55808,0.55812,73.0
2026-07-01 15:25:00,0.55809,0.55812,0.55804,0.55808,68.0
2026-07-01 15:30:00,0.5581,0.55813,0.55804,0.55808,40.0
2026-07-01 15:35:00,0.55806,0.55807,0.55802,0.55802,21.0
2026-07-01 15:40:00,0.55803,0.55803,0.55798,0.55799,12.0
2026-07-01 15:45:00,0.55802,0.55802,0.55796,0.55798,39.0
2026-07-01 15:50:00,0.55798,0.55804,0.55794,0.55799,64.0
2026-07-01 15:55:00,0.55798,0.558,0.55788,0.55792,82.0
2026-07-01 16:00:00,0.55792,0.55794,0.55776,0.55782,59.0
2026-07-01 16:05:00,0.55779,0.55785,0.55778,0.55782,12.0
2026-07-01 16:10:00,0.55784,0.55792,0.55784,0.5579,34.0
2026-07-01 16:15:00,0.55788,0.5579,0.55784,0.55788,11.0
2026-07-01 16:20:00,0.5579,0.5579,0.55784,0.55784,4.0
2026-07-01 16:25:00,0.55786,0.55786,0.55782,0.55782,5.0
2026-07-01 16:30:00,0.5578,0.55785,0.5578,0.55782,11.0
2026-07-01 16:35:00,0.55781,0.55782,0.55777,0.5578,15.0
2026-07-01 16:40:00,0.55781,0.55792,0.5578,0.55792,16.0
2026-07-01 16:45:00,0.55796,0.5581,0.55796,0.55803,12.0
2026-07-01 16:50:00,0.55806,0.55806,0.558,0.558,11.0
2026-07-01 16:55:00,0.55801,0.55808,0.55796,0.55796,60.0
2026-07-01 17:00:00,0.55795,0.55795,0.55795,0.55795,1.0
2026-07-01 17:05:00,0.55802,0.55819,0.5579,0.55816,699.0
2026-07-01 17:10:00,0.55816,0.55852,0.55786,0.5585,961.0
2026-07-01 17:15:00,0.55849,0.55852,0.55788,0.55788,306.0
2026-07-01 17:20:00,0.55788,0.55791,0.55776,0.5579,31.0
2026-07-01 17:25:00,0.5579,0.5581,0.55785,0.55803,46.0
2026-07-01 17:30:00,0.55807,0.55819,0.55754,0.55754,86.0
2026-07-01 17:35:00,0.55765,0.55778,0.5575,0.55762,105.0
2026-07-01 17:40:00,0.55762,0.55773,0.55762,0.55766,59.0
2026-07-01 17:45:00,0.55767,0.55788,0.55766,0.55777,246.0
2026-07-01 17:50:00,0.55783,0.55796,0.55774,0.5579,170.0
2026-07-01 17:55:00,0.55792,0.55805,0.55786,0.55804,138.0
2026-07-01 18:00:00,0.55803,0.55804,0.55782,0.55803,64.0
2026-07-01 18:05:00,0.558,0.55807,0.558,0.55804,10.0
2026-07-01 18:10:00,0.558,0.558,0.55798,0.558,3.0
2026-07-01 18:15:00,0.55802,0.55804,0.55801,0.55804,7.0
2026-07-01 18:20:00,0.55803,0.55804,0.55798,0.55799,16.0
2026-07-01 18:25:00,0.55801,0.55801,0.55793,0.55795,10.0
2026-07-01 18:30:00,0.55792,0.55794,0.55786,0.55786,20.0
2026-07-01 18:35:00,0.55788,0.5579,0.55787,0.55788,9.0
2026-07-01 18:45:00,0.5579,0.55793,0.55784,0.5579,13.0
2026-07-01 18:50:00,0.55788,0.55788,0.55784,0.55784,8.0
2026-07-01 18:55:00,0.55786,0.55786,0.55784,0.55784,2.0
2026-07-01 19:00:00,0.55786,0.55786,0.55779,0.55779,18.0
2026-07-01 19:05:00,0.55778,0.55794,0.55778,0.5579,12.0
2026-07-01 19:10:00,0.5579,0.55791,0.55786,0.55786,37.0
2026-07-01 19:15:00,0.55786,0.55788,0.55777,0.55778,39.0
2026-07-01 19:20:00,0.55777,0.55777,0.55776,0.55776,17.0
2026-07-01 19:25:00,0.55777,0.55777,0.55776,0.55777,12.0
2026-07-01 19:30:00,0.55777,0.55778,0.55776,0.55776,31.0
2026-07-01 19:35:00,0.55774,0.55774,0.55772,0.55772,4.0
2026-07-01 19:40:00,0.55774,0.55778,0.5577,0.55777,17.0
2026-07-01 19:45:00,0.55778,0.55778,0.55763,0.55763,62.0
2026-07-01 19:50:00,0.55759,0.55764,0.55752,0.55762,85.0
2026-07-01 19:55:00,0.55759,0.55764,0.55754,0.55756,50.0
2026-07-01 20:00:00,0.55756,0.55766,0.55704,0.5571,183.0
2026-07-01 20:05:00,0.55707,0.55723,0.55706,0.55722,107.0
2026-07-01 20:10:00,0.55726,0.55727,0.55704,0.55709,174.0
2026-07-01 20:15:00,0.5571,0.55737,0.5571,0.55737,118.0
2026-07-01 20:20:00,0.55734,0.55749,0.55732,0.55747,153.0
2026-07-01 20:25:00,0.55748,0.55756,0.55744,0.55754,147.0
2026-07-01 20:30:00,0.55755,0.55763,0.55752,0.55758,166.0
2026-07-01 20:35:00,0.55758,0.55767,0.55754,0.55755,90.0
2026-07-01 20:40:00,0.55755,0.55756,0.55725,0.5573,99.0
2026-07-01 20:45:00,0.55731,0.55741,0.55724,0.55736,142.0
2026-07-01 20:50:00,0.55737,0.55758,0.55732,0.55749,132.0
2026-07-01 20:55:00,0.55748,0.55768,0.55746,0.55758,166.0
2026-07-01 21:00:00,0.55758,0.55784,0.55758,0.5578,129.0
2026-07-01 21:05:00,0.55781,0.55793,0.5578,0.55792,48.0
2026-07-01 21:10:00,0.5579,0.55806,0.5579,0.55801,67.0
2026-07-01 21:15:00,0.55798,0.558,0.55788,0.55795,110.0
2026-07-01 21:20:00,0.55796,0.55798,0.55778,0.55782,113.0
2026-07-01 21:25:00,0.55784,0.5579,0.55778,0.55782,100.0
2026-07-01 21:30:00,0.55779,0.55788,0.55771,0.55784,134.0
2026-07-01 21:35:00,0.55781,0.55792,0.55777,0.5578,133.0
2026-07-01 21:40:00,0.55782,0.55786,0.5577,0.55772,89.0
2026-07-01 21:45:00,0.55773,0.55786,0.55766,0.55777,99.0
2026-07-01 21:50:00,0.55777,0.55785,0.55774,0.55774,80.0
2026-07-01 21:55:00,0.55778,0.55792,0.55778,0.55781,90.0
2026-07-01 22:00:00,0.5578,0.55786,0.55773,0.55782,95.0
2026-07-01 22:05:00,0.55785,0.55788,0.55781,0.55782,83.0
2026-07-01 22:10:00,0.55778,0.55794,0.55776,0.55791,102.0
2026-07-01 22:15:00,0.55794,0.55798,0.55784,0.55786,83.0
2026-07-01 22:20:00,0.55787,0.55788,0.55778,0.55785,107.0
2026-07-01 22:25:00,0.55785,0.55796,0.55784,0.55784,52.0
2026-07-01 22:30:00,0.55782,0.55786,0.55778,0.55778,78.0
2026-07-01 22:35:00,0.5578,0.55793,0.55779,0.55786,116.0
2026-07-01 22:40:00,0.55787,0.55792,0.55782,0.5579,65.0
2026-07-01 22:45:00,0.5579,0.55794,0.55775,0.55776,73.0
2026-07-01 22:50:00,0.55775,0.5578,0.55763,0.55764,91.0
2026-07-01 22:55:00,0.55765,0.55773,0.55763,0.55766,72.0
2026-07-01 23:00:00,0.55768,0.55779,0.55765,0.55765,77.0
2026-07-01 23:05:00,0.55762,0.55766,0.55749,0.55752,75.0
2026-07-01 23:10:00,0.55752,0.55755,0.55738,0.5574,75.0
2026-07-01 23:15:00,0.55742,0.55746,0.55714,0.5572,138.0
2026-07-01 23:20:00,0.5572,0.5573,0.55714,0.55716,128.0
2026-07-01 23:25:00,0.55716,0.55734,0.55716,0.55734,67.0
2026-07-01 23:30:00,0.55732,0.55744,0.5573,0.55744,97.0
2026-07-01 23:35:00,0.55743,0.55753,0.55743,0.55749,76.0
2026-07-01 23:40:00,0.55748,0.55752,0.5574,0.55746,83.0
2026-07-01 23:45:00,0.55746,0.55746,0.55734,0.55738,70.0
2026-07-01 23:50:00,0.55739,0.55748,0.55736,0.55746,60.0
2026-07-01 23:55:00,0.55746,0.55756,0.55743,0.55752,90.0
2026-07-02 00:00:00,0.55752,0.55756,0.55746,0.5575,116.0
2026-07-02 00:05:00,0.55749,0.55754,0.55738,0.55745,96.0
2026-07-02 00:10:00,0.55745,0.55746,0.55739,0.55744,92.0
2026-07-02 00:15:00,0.55744,0.55746,0.55738,0.55742,52.0
2026-07-02 00:20:00,0.55743,0.55746,0.5573,0.55737,94.0
2026-07-02 00:25:00,0.55734,0.55742,0.55732,0.55742,82.0
2026-07-02 00:30:00,0.55742,0.55744,0.55729,0.55734,69.0
2026-07-02 00:35:00,0.55732,0.55736,0.55732,0.55734,45.0
2026-07-02 00:40:00,0.55733,0.5574,0.55733,0.55738,49.0
2026-07-02 00:45:00,0.55736,0.55743,0.55734,0.55741,47.0
2026-07-02 00:50:00,0.5574,0.55752,0.55739,0.5575,79.0
2026-07-02 00:55:00,0.5575,0.55762,0.5575,0.55758,87.0
2026-07-02 01:00:00,0.55759,0.5576,0.55744,0.55747,47.0
2026-07-02 01:05:00,0.55748,0.55752,0.55744,0.55751,78.0
2026-07-02 01:10:00,0.5575,0.55759,0.55749,0.55758,76.0
2026-07-02 01:15:00,0.55756,0.55761,0.55751,0.55759,58.0
2026-07-02 01:20:00,0.5576,0.5577,0.5576,0.55768,30.0
2026-07-02 01:25:00,0.55766,0.55767,0.55742,0.55744,58.0
2026-07-02 01:30:00,0.55742,0.55747,0.55735,0.55744,66.0
2026-07-02 01:35:00,0.55743,0.55746,0.5574,0.55742,37.0
2026-07-02 01:40:00,0.5574,0.55747,0.55738,0.55746,34.0
2026-07-02 01:45:00,0.55746,0.55749,0.55734,0.55737,58.0
2026-07-02 01:50:00,0.55738,0.55759,0.55738,0.55751,82.0
2026-07-02 01:55:00,0.55754,0.55755,0.55744,0.55748,44.0
2026-07-02 02:00:00,0.5575,0.55759,0.55742,0.55744,82.0
2026-07-02 02:05:00,0.55746,0.55749,0.55731,0.5574,57.0
2026-07-02 02:10:00,0.55737,0.5574,0.55728,0.55738,78.0
2026-07-02 02:15:00,0.5574,0.55742,0.55731,0.55735,38.0
2026-07-02 02:20:00,0.55732,0.5574,0.5573,0.55738,51.0
2026-07-02 02:25:00,0.5574,0.5575,0.55738,0.55746,26.0
2026-07-02 02:30:00,0.55745,0.55758,0.55745,0.55748,41.0
2026-07-02 02:35:00,0.55746,0.55752,0.5574,0.55744,29.0
2026-07-02 02:40:00,0.55746,0.55748,0.55736,0.55738,48.0
2026-07-02 02:45:00,0.55739,0.55754,0.55728,0.55744,108.0
2026-07-02 02:50:00,0.55746,0.55746,0.55724,0.55737,123.0
2026-07-02 02:55:00,0.55732,0.55736,0.5572,0.55722,54.0
2026-07-02 03:00:00,0.5572,0.5572,0.55702,0.55711,60.0
2026-07-02 03:05:00,0.55714,0.55714,0.55699,0.55706,70.0
2026-07-02 03:10:00,0.55708,0.55717,0.55705,0.55708,81.0
2026-07-02 03:15:00,0.55707,0.55708,0.55688,0.5569,81.0
2026-07-02 03:20:00,0.55692,0.55698,0.5567,0.55674,87.0
2026-07-02 03:25:00,0.55676,0.55684,0.5566,0.55676,98.0
2026-07-02 03:30:00,0.55674,0.5569,0.55673,0.5568,110.0
2026-07-02 03:35:00,0.5568,0.5568,0.55661,0.5567,164.0
2026-07-02 03:40:00,0.55668,0.55674,0.55657,0.55658,183.0
2026-07-02 03:45:00,0.55658,0.55664,0.55638,0.55638,210.0
2026-07-02 03:50:00,0.55638,0.55638,0.55612,0.55612,154.0
2026-07-02 03:55:00,0.5561,0.55616,0.55582,0.55584,169.0
2026-07-02 04:00:00,0.55581,0.55588,0.55556,0.5556,122.0
2026-07-02 04:05:00,0.55556,0.55564,0.55548,0.55552,104.0
2026-07-02 04:10:00,0.55548,0.55573,0.55538,0.55566,136.0
2026-07-02 04:15:00,0.55568,0.5558,0.55555,0.55579,92.0
2026-07-02 04:20:00,0.55576,0.55596,0.55561,0.55596,100.0
2026-07-02 04:25:00,0.55592,0.55604,0.55572,0.55592,98.0
2026-07-02 04:30:00,0.5559,0.55608,0.5557,0.55596,103.0
2026-07-02 04:35:00,0.55592,0.55607,0.55587,0.55596,87.0
2026-07-02 04:40:00,0.55594,0.55618,0.55594,0.55614,69.0
2026-07-02 04:45:00,0.55614,0.55618,0.5558,0.55596,103.0
2026-07-02 04:50:00,0.55597,0.55612,0.55594,0.556,101.0
2026-07-02 04:55:00,0.55598,0.55604,0.55558,0.55564,85.0
2026-07-02 05:00:00,0.55567,0.55571,0.55543,0.55568,124.0
2026-07-02 05:05:00,0.55568,0.55576,0.55542,0.55572,122.0
2026-07-02 05:10:00,0.55571,0.55584,0.55571,0.5558,75.0
2026-07-02 05:15:00,0.55578,0.55586,0.5557,0.55575,65.0
2026-07-02 05:20:00,0.55574,0.55576,0.55558,0.55562,53.0
2026-07-02 05:25:00,0.5556,0.55574,0.5556,0.55568,45.0
2026-07-02 05:30:00,0.55571,0.5559,0.5557,0.55578,66.0
2026-07-02 05:35:00,0.55576,0.55588,0.55572,0.55585,54.0
2026-07-02 05:40:00,0.55584,0.55595,0.55575,0.55575,75.0
2026-07-02 05:45:00,0.55576,0.55592,0.55572,0.55577,45.0
2026-07-02 05:50:00,0.5558,0.55587,0.55574,0.55587,38.0
2026-07-02 05:55:00,0.55585,0.55598,0.55578,0.55594,68.0
2026-07-02 06:00:00,0.55592,0.55596,0.55576,0.55588,80.0
2026-07-02 06:05:00,0.55587,0.55592,0.5558,0.55582,48.0
2026-07-02 06:10:00,0.55584,0.55588,0.55575,0.55584,54.0
2026-07-02 06:15:00,0.55585,0.55606,0.55584,0.55596,49.0
2026-07-02 06:20:00,0.55598,0.55608,0.55597,0.55604,53.0
2026-07-02 06:25:00,0.55606,0.55614,0.55601,0.55601,30.0
2026-07-02 06:30:00,0.556,0.55614,0.55598,0.55614,32.0
2026-07-02 06:35:00,0.55612,0.55614,0.55602,0.55608,26.0
2026-07-02 06:40:00,0.55607,0.55615,0.55598,0.55598,24.0
2026-07-02 06:45:00,0.55596,0.55596,0.55586,0.55592,28.0
2026-07-02 06:50:00,0.55588,0.55592,0.55582,0.55584,30.0
2026-07-02 06:55:00,0.55582,0.55584,0.55572,0.55572,28.0
2026-07-02 07:00:00,0.55572,0.55579,0.55572,0.55574,47.0
2026-07-02 07:05:00,0.55574,0.5559,0.55571,0.55587,49.0
2026-07-02 07:10:00,0.55588,0.55594,0.55575,0.55586,58.0
2026-07-02 07:15:00,0.55585,0.55586,0.55574,0.55584,29.0
2026-07-02 07:20:00,0.55582,0.55587,0.55568,0.55572,48.0
2026-07-02 07:25:00,0.55569,0.5557,0.5556,0.55568,36.0
2026-07-02 07:30:00,0.55568,0.55574,0.55559,0.55565,47.0
2026-07-02 07:35:00,0.55562,0.55578,0.55562,0.55573,37.0
2026-07-02 07:40:00,0.55574,0.55584,0.55569,0.55582,31.0
2026-07-02 07:45:00,0.55582,0.55584,0.55571,0.55571,39.0
2026-07-02 07:50:00,0.55573,0.5559,0.55564,0.55572,92.0
2026-07-02 07:55:00,0.5557,0.5558,0.5555,0.5555,99.0
2026-07-02 08:00:00,0.55552,0.55591,0.55546,0.55591,128.0
2026-07-02 08:05:00,0.55591,0.55604,0.55584,0.55604,141.0
2026-07-02 08:10:00,0.55604,0.5561,0.55598,0.55602,55.0
2026-07-02 08:15:00,0.556,0.55621,0.556,0.55606,78.0
2026-07-02 08:20:00,0.55607,0.55618,0.55606,0.55612,60.0
2026-07-02 08:25:00,0.55614,0.5563,0.55606,0.5563,102.0
2026-07-02 08:30:00,0.55628,0.55672,0.55584,0.5564,1866.0
2026-07-02 08:35:00,0.55642,0.55658,0.55624,0.5563,824.0
2026-07-02 08:40:00,0.55631,0.55638,0.55588,0.55594,817.0
2026-07-02 08:45:00,0.55593,0.55604,0.55573,0.556,901.0
2026-07-02 08:50:00,0.55599,0.5563,0.5559,0.55624,521.0
2026-07-02 08:55:00,0.55622,0.55625,0.5559,0.55614,241.0
2026-07-02 09:00:00,0.55614,0.55624,0.55588,0.55622,292.0
2026-07-02 09:05:00,0.55626,0.55636,0.55618,0.5563,259.0
2026-07-02 09:10:00,0.55628,0.55638,0.55614,0.55629,185.0
2026-07-02 09:15:00,0.55632,0.55648,0.55625,0.55634,296.0
2026-07-02 09:20:00,0.55636,0.55646,0.5563,0.5564,227.0
2026-07-02 09:25:00,0.55638,0.5565,0.55629,0.5565,243.0
2026-07-02 09:30:00,0.55652,0.55682,0.55634,0.5568,232.0
2026-07-02 09:35:00,0.55676,0.557,0.55676,0.55694,181.0
2026-07-02 09:40:00,0.55695,0.55734,0.55692,0.55728,136.0
2026-07-02 09:45:00,0.55726,0.55735,0.55714,0.55717,202.0
2026-07-02 09:50:00,0.55718,0.55722,0.55703,0.55708,124.0
2026-07-02 09:55:00,0.55707,0.55708,0.55682,0.55688,123.0
2026-07-02 10:00:00,0.55691,0.55694,0.55672,0.55678,172.0
2026-07-02 10:05:00,0.55678,0.55682,0.55656,0.55658,115.0
2026-07-02 10:10:00,0.55656,0.55688,0.55638,0.5568,184.0
2026-07-02 10:15:00,0.55678,0.55698,0.55662,0.55676,109.0
2026-07-02 10:20:00,0.55672,0.55672,0.55642,0.55652,198.0
2026-07-02 10:25:00,0.55654,0.55654,0.55626,0.55628,393.0
2026-07-02 10:30:00,0.55626,0.55642,0.55618,0.55626,195.0
2026-07-02 10:35:00,0.55629,0.5564,0.55622,0.55623,128.0
2026-07-02 10:40:00,0.5562,0.55632,0.55602,0.55606,125.0
2026-07-02 10:45:00,0.55605,0.55627,0.55602,0.55626,143.0
2026-07-02 10:50:00,0.55624,0.55628,0.55604,0.55614,125.0
2026-07-02 10:55:00,0.55611,0.55646,0.55611,0.55645,139.0
2026-07-02 11:00:00,0.55643,0.55651,0.55614,0.55616,157.0
2026-07-02 11:05:00,0.55618,0.55618,0.55588,0.55596,140.0
2026-07-02 11:10:00,0.556,0.55622,0.55596,0.5562,159.0
2026-07-02 11:15:00,0.55621,0.55628,0.556,0.55606,135.0
2026-07-02 11:20:00,0.55608,0.55618,0.556,0.55612,123.0
2026-07-02 11:25:00,0.55614,0.5563,0.55602,0.55618,95.0
2026-07-02 11:30:00,0.55616,0.55628,0.55612,0.55624,84.0
2026-07-02 11:35:00,0.55624,0.55636,0.55622,0.55632,94.0
2026-07-02 11:40:00,0.55631,0.55634,0.55605,0.55607,147.0
2026-07-02 11:45:00,0.55608,0.55616,0.55602,0.55608,111.0
2026-07-02 11:50:00,0.55604,0.55614,0.556,0.5561,102.0
2026-07-02 11:55:00,0.55608,0.55608,0.55594,0.55596,72.0
2026-07-02 12:00:00,0.55594,0.55598,0.55582,0.55588,103.0
2026-07-02 12:05:00,0.5559,0.55598,0.55584,0.55584,116.0
2026-07-02 12:10:00,0.55586,0.55592,0.55582,0.55586,78.0
2026-07-02 12:15:00,0.55588,0.55596,0.5558,0.55588,49.0
2026-07-02 12:20:00,0.5559,0.55592,0.55576,0.55576,52.0
2026-07-02 12:25:00,0.55576,0.55587,0.55576,0.5558,65.0
2026-07-02 12:30:00,0.55578,0.5558,0.55564,0.55564,70.0
2026-07-02 12:35:00,0.55566,0.55574,0.55561,0.55568,101.0
2026-07-02 12:40:00,0.5557,0.55591,0.5557,0.5559,117.0
2026-07-02 12:45:00,0.55588,0.55592,0.55586,0.55588,91.0
2026-07-02 12:50:00,0.55586,0.556,0.55584,0.55596,73.0
2026-07-02 12:55:00,0.55594,0.55596,0.55584,0.55592,72.0
2026-07-02 13:00:00,0.5559,0.55596,0.55579,0.55584,74.0
2026-07-02 13:05:00,0.55583,0.55612,0.5558,0.55612,66.0
2026-07-02 13:10:00,0.55612,0.55618,0.5561,0.55612,55.0
2026-07-02 13:15:00,0.55612,0.55626,0.55612,0.55624,94.0
2026-07-02 13:20:00,0.55622,0.55628,0.55612,0.55612,59.0
2026-07-02 13:25:00,0.55614,0.55622,0.55613,0.55618,73.0
2026-07-02 13:30:00,0.55617,0.55628,0.55616,0.5562,52.0
2026-07-02 13:35:00,0.55622,0.55624,0.55606,0.55609,55.0
2026-07-02 13:40:00,0.5561,0.55611,0.55599,0.55601,50.0
2026-07-02 13:45:00,0.55603,0.55606,0.55584,0.55591,67.0
2026-07-02 13:50:00,0.55589,0.55604,0.55587,0.55604,74.0
2026-07-02 13:55:00,0.556,0.55604,0.55587,0.5559,50.0
2026-07-02 14:00:00,0.55587,0.55595,0.55587,0.55594,48.0
2026-07-02 14:05:00,0.55596,0.55608,0.55594,0.55608,54.0
2026-07-02 14:10:00,0.55608,0.55614,0.55602,0.55604,60.0
2026-07-02 14:15:00,0.55605,0.55607,0.55598,0.55605,45.0
2026-07-02 14:20:00,0.55606,0.55608,0.556,0.55606,77.0
2026-07-02 14:25:00,0.55602,0.55612,0.55602,0.55612,43.0
2026-07-02 14:30:00,0.55612,0.55624,0.55602,0.55602,55.0
2026-07-02 14:35:00,0.55604,0.55612,0.55602,0.55612,41.0
2026-07-02 14:40:00,0.55608,0.55616,0.55606,0.55614,47.0
2026-07-02 14:45:00,0.55612,0.55617,0.55607,0.55612,65.0
2026-07-02 14:50:00,0.55612,0.55617,0.55605,0.55612,74.0
2026-07-02 14:55:00,0.55608,0.5561,0.55601,0.55606,78.0
2026-07-02 15:00:00,0.55604,0.55606,0.55588,0.5559,70.0
2026-07-02 15:05:00,0.55588,0.55596,0.55581,0.55584,52.0
2026-07-02 15:10:00,0.55586,0.55588,0.5558,0.55582,58.0
2026-07-02 15:15:00,0.55584,0.55586,0.5558,0.55584,32.0
2026-07-02 15:20:00,0.55585,0.55586,0.55569,0.55574,77.0
2026-07-02 15:25:00,0.55572,0.5558,0.5557,0.55576,91.0
2026-07-02 15:30:00,0.55576,0.5558,0.55572,0.5558,89.0
2026-07-02 15:35:00,0.55581,0.5559,0.5558,0.5559,51.0
2026-07-02 15:40:00,0.55594,0.55596,0.55587,0.55596,44.0
2026-07-02 15:45:00,0.55593,0.55602,0.55591,0.55598,55.0
2026-07-02 15:50:00,0.55602,0.55608,0.55602,0.55608,85.0
2026-07-02 15:55:00,0.55606,0.5562,0.55602,0.55618,86.0
2026-07-02 16:00:00,0.55616,0.55616,0.556,0.556,65.0
2026-07-02 16:05:00,0.55602,0.55605,0.55596,0.55605,49.0
2026-07-02 16:10:00,0.55602,0.55602,0.55602,0.55602,5.0
2026-07-02 16:15:00,0.55606,0.5561,0.55605,0.55605,33.0
2026-07-02 16:20:00,0.55606,0.55608,0.55599,0.55599,27.0
2026-07-02 16:25:00,0.55601,0.55603,0.55598,0.55603,6.0
2026-07-02 16:30:00,0.55608,0.5561,0.55605,0.5561,4.0
2026-07-02 16:35:00,0.55612,0.55612,0.55606,0.5561,7.0
2026-07-02 16:40:00,0.55606,0.55607,0.55606,0.55606,3.0
2026-07-02 16:45:00,0.5561,0.55614,0.5561,0.55612,4.0
2026-07-02 16:50:00,0.55608,0.55614,0.55608,0.55614,5.0
2026-07-02 16:55:00,0.55616,0.55622,0.55616,0.55617,62.0
2026-07-02 17:00:00,0.55615,0.55615,0.55615,0.55615,1.0
2026-07-02 17:05:00,0.55588,0.55596,0.55572,0.55582,85.0
2026-07-02 17:10:00,0.5558,0.55587,0.55558,0.55563,221.0
2026-07-02 17:15:00,0.55564,0.55577,0.55547,0.55561,282.0
2026-07-02 17:20:00,0.55564,0.55606,0.55556,0.55584,183.0
2026-07-02 17:25:00,0.556,0.55635,0.55582,0.5562,187.0
2026-07-02 17:30:00,0.55612,0.55626,0.55558,0.5556,389.0
2026-07-02 17:35:00,0.55566,0.55584,0.55552,0.55576,279.0
2026-07-02 17:40:00,0.55578,0.5559,0.5557,0.55572,407.0
2026-07-02 17:45:00,0.55571,0.55588,0.5557,0.5558,469.0
2026-07-02 17:50:00,0.55582,0.55589,0.55566,0.55574,408.0
2026-07-02 17:55:00,0.55578,0.55604,0.55574,0.55598,157.0
2026-07-02 18:00:00,0.55596,0.55607,0.55588,0.55588,179.0
2026-07-02 18:05:00,0.55585,0.55589,0.55584,0.55588,11.0
2026-07-02 18:10:00,0.5559,0.55606,0.5559,0.55606,22.0
2026-07-02 18:15:00,0.55604,0.55615,0.55604,0.55613,9.0
2026-07-02 18:20:00,0.55615,0.55618,0.55612,0.55616,11.0
2026-07-02 18:25:00,0.55616,0.55618,0.55613,0.55616,12.0
2026-07-02 18:30:00,0.55618,0.55623,0.55614,0.55623,29.0
2026-07-02 18:35:00,0.55624,0.55632,0.55622,0.55632,24.0
2026-07-02 18:40:00,0.55634,0.55638,0.55631,0.55632,43.0
2026-07-02 18:45:00,0.55631,0.55636,0.55627,0.55632,29.0
2026-07-02 18:50:00,0.55636,0.55638,0.5563,0.55632,11.0
2026-07-02 18:55:00,0.5563,0.55632,0.55619,0.55623,26.0
2026-07-02 19:00:00,0.55624,0.55632,0.55623,0.55629,27.0
2026-07-02 19:05:00,0.55625,0.55631,0.55625,0.55629,18.0
2026-07-02 19:10:00,0.55628,0.55631,0.55618,0.55625,81.0
2026-07-02 19:15:00,0.55626,0.5563,0.55626,0.55626,37.0
2026-07-02 19:20:00,0.55626,0.55626,0.55616,0.55622,31.0
2026-07-02 19:25:00,0.55624,0.5563,0.55622,0.55628,28.0
2026-07-02 19:30:00,0.55631,0.5564,0.55629,0.5564,31.0
2026-07-02 19:35:00,0.55638,0.55644,0.55628,0.5563,35.0
2026-07-02 19:40:00,0.5563,0.55632,0.55626,0.5563,37.0
2026-07-02 19:45:00,0.55631,0.5564,0.5563,0.55638,42.0
2026-07-02 19:50:00,0.55635,0.55635,0.55619,0.55628,59.0
2026-07-02 19:55:00,0.55623,0.55633,0.55622,0.55633,74.0
2026-07-02 20:00:00,0.55629,0.55635,0.55616,0.55634,94.0
2026-07-02 20:05:00,0.55631,0.55636,0.55623,0.5563,126.0
2026-07-02 20:10:00,0.55628,0.55644,0.55624,0.55642,127.0
2026-07-02 20:15:00,0.55639,0.5564,0.55627,0.55631,104.0
2026-07-02 20:20:00,0.55628,0.55641,0.55628,0.55637,127.0
2026-07-02 20:25:00,0.5564,0.55645,0.55622,0.55626,88.0
2026-07-02 20:30:00,0.55622,0.55628,0.55605,0.55606,119.0
2026-07-02 20:35:00,0.55605,0.55635,0.55605,0.55626,145.0
2026-07-02 20:40:00,0.55624,0.55631,0.55615,0.55619,98.0
2026-07-02 20:45:00,0.5562,0.55625,0.55609,0.55612,123.0
2026-07-02 20:50:00,0.55612,0.55634,0.5561,0.55616,144.0
2026-07-02 20:55:00,0.55616,0.55619,0.55609,0.55615,126.0
2026-07-02 21:00:00,0.55617,0.55635,0.55606,0.55635,93.0
2026-07-02 21:05:00,0.55638,0.55658,0.55636,0.5565,108.0
2026-07-02 21:10:00,0.55648,0.55656,0.5564,0.55653,156.0
2026-07-02 21:15:00,0.55651,0.55661,0.55642,0.55653,126.0
2026-07-02 21:20:00,0.55656,0.55672,0.5565,0.55662,107.0
2026-07-02 21:25:00,0.55662,0.55672,0.55655,0.55658,156.0
2026-07-02 21:30:00,0.55657,0.5567,0.55654,0.5567,114.0
2026-07-02 21:35:00,0.55672,0.55676,0.55662,0.55668,88.0
2026-07-02 21:40:00,0.55672,0.55677,0.55668,0.5567,87.0
2026-07-02 21:45:00,0.55668,0.5567,0.55659,0.55664,108.0
2026-07-02 21:50:00,0.55666,0.55666,0.55654,0.55658,123.0
2026-07-02 21:55:00,0.55657,0.55676,0.55656,0.55668,150.0
2026-07-02 22:00:00,0.55665,0.55667,0.55652,0.55663,126.0
2026-07-02 22:05:00,0.55662,0.55668,0.55656,0.55662,105.0
2026-07-02 22:10:00,0.5566,0.55668,0.5565,0.55654,90.0
2026-07-02 22:15:00,0.55654,0.55658,0.5565,0.55652,45.0
2026-07-02 22:20:00,0.55652,0.5566,0.55648,0.55659,110.0
2026-07-02 22:25:00,0.55658,0.5567,0.55658,0.5567,91.0
2026-07-02 22:30:00,0.5567,0.55672,0.55659,0.5567,94.0
2026-07-02 22:35:00,0.55668,0.55675,0.55667,0.55674,92.0
2026-07-02 22:40:00,0.55676,0.5569,0.5567,0.55686,116.0
2026-07-02 22:45:00,0.55688,0.557,0.55688,0.557,68.0
2026-07-02 22:50:00,0.55699,0.55702,0.5569,0.55696,74.0
2026-07-02 22:55:00,0.55696,0.55706,0.55696,0.55696,141.0
2026-07-02 23:00:00,0.55699,0.55702,0.5569,0.55702,88.0
2026-07-02 23:05:00,0.557,0.55704,0.55694,0.55698,93.0
2026-07-02 23:10:00,0.55698,0.55703,0.55694,0.55697,119.0
2026-07-02 23:15:00,0.55699,0.557,0.5569,0.5569,115.0
2026-07-02 23:20:00,0.55692,0.55695,0.55686,0.5569,134.0
2026-07-02 23:25:00,0.55692,0.55692,0.55681,0.55684,99.0
2026-07-02 23:30:00,0.55685,0.55696,0.55685,0.55694,79.0
2026-07-02 23:35:00,0.55692,0.55693,0.55679,0.55684,84.0
2026-07-02 23:40:00,0.55686,0.55688,0.55676,0.55677,64.0
2026-07-02 23:45:00,0.55674,0.55678,0.55672,0.55676,27.0
2026-07-02 23:50:00,0.55676,0.55676,0.55665,0.55674,65.0
2026-07-02 23:55:00,0.55677,0.55683,0.55676,0.55681,29.0
2026-07-03 00:00:00,0.55684,0.55688,0.55678,0.55678,66.0
2026-07-03 00:05:00,0.55678,0.55681,0.55673,0.55678,81.0
2026-07-03 00:10:00,0.55678,0.55683,0.55676,0.55679,60.0
2026-07-03 00:15:00,0.55677,0.55694,0.55676,0.5569,46.0
2026-07-03 00:20:00,0.55693,0.55704,0.5569,0.55702,14.0
2026-07-03 00:25:00,0.55699,0.55702,0.55691,0.55691,26.0
2026-07-03 00:30:00,0.55688,0.55702,0.55686,0.55698,59.0
2026-07-03 00:35:00,0.557,0.55706,0.55698,0.55702,58.0
2026-07-03 00:40:00,0.55699,0.55706,0.55694,0.55704,43.0
2026-07-03 00:45:00,0.55703,0.55706,0.55694,0.55694,45.0
2026-07-03 00:50:00,0.55691,0.55694,0.55688,0.55688,48.0
2026-07-03 00:55:00,0.55685,0.5569,0.55679,0.5568,75.0
2026-07-03 01:00:00,0.55679,0.55679,0.55667,0.55673,116.0
2026-07-03 01:05:00,0.55672,0.55679,0.55669,0.55673,99.0
2026-07-03 01:10:00,0.55672,0.55685,0.55672,0.5568,98.0
2026-07-03 01:15:00,0.55682,0.55687,0.55676,0.5568,64.0
2026-07-03 01:20:00,0.55678,0.55678,0.55663,0.5567,98.0
2026-07-03 01:25:00,0.55672,0.5568,0.55671,0.55674,91.0
2026-07-03 01:30:00,0.55674,0.5568,0.55673,0.55678,89.0
2026-07-03 01:35:00,0.55681,0.55681,0.55666,0.55666,82.0
2026-07-03 01:40:00,0.55668,0.5567,0.55662,0.55664,117.0
2026-07-03 01:45:00,0.55666,0.5567,0.5566,0.55662,80.0
2026-07-03 01:50:00,0.55664,0.5567,0.55662,0.55664,133.0
2026-07-03 01:55:00,0.55667,0.55674,0.55666,0.55669,122.0
2026-07-03 02:00:00,0.55671,0.5569,0.55671,0.55686,105.0
2026-07-03 02:05:00,0.55689,0.55692,0.55676,0.55678,74.0
2026-07-03 02:10:00,0.55679,0.55688,0.55674,0.55678,73.0
2026-07-03 02:15:00,0.55682,0.55688,0.55677,0.55686,100.0
2026-07-03 02:20:00,0.55684,0.55684,0.55672,0.55684,43.0
2026-07-03 02:25:00,0.55683,0.55696,0.55678,0.55696,38.0
2026-07-03 02:30:00,0.55695,0.557,0.5567,0.5567,95.0
2026-07-03 02:35:00,0.55672,0.5568,0.55666,0.5567,68.0
2026-07-03 02:40:00,0.55666,0.55674,0.55664,0.55668,36.0
2026-07-03 02:45:00,0.55666,0.55672,0.5566,0.5566,47.0
2026-07-03 02:50:00,0.55656,0.55656,0.55646,0.55648,38.0
2026-07-03 02:55:00,0.5565,0.55662,0.55647,0.55662,28.0
2026-07-03 03:00:00,0.5566,0.55668,0.55658,0.55664,48.0
2026-07-03 03:05:00,0.55662,0.5568,0.55662,0.55679,55.0
2026-07-03 03:10:00,0.55678,0.55679,0.55659,0.5566,47.0
2026-07-03 03:15:00,0.55656,0.55666,0.55655,0.55665,82.0
2026-07-03 03:20:00,0.55666,0.5568,0.55666,0.55676,82.0
2026-07-03 03:25:00,0.55676,0.55689,0.55672,0.55688,41.0
2026-07-03 03:30:00,0.55686,0.55698,0.55684,0.55692,56.0
2026-07-03 03:35:00,0.55693,0.55712,0.55692,0.55709,42.0
2026-07-03 03:40:00,0.55712,0.55712,0.5569,0.55698,36.0
2026-07-03 03:45:00,0.55695,0.5571,0.55695,0.55702,29.0
2026-07-03 03:50:00,0.55702,0.55702,0.5568,0.5568,50.0
2026-07-03 03:55:00,0.55682,0.55694,0.5568,0.55692,84.0
2026-07-03 04:00:00,0.55694,0.55705,0.55688,0.55702,50.0
2026-07-03 04:05:00,0.557,0.55702,0.55694,0.557,52.0
2026-07-03 04:10:00,0.557,0.55704,0.5569,0.55702,28.0
2026-07-03 04:15:00,0.55702,0.55718,0.55692,0.55698,80.0
2026-07-03 04:20:00,0.55699,0.55717,0.55699,0.55713,81.0
2026-07-03 04:25:00,0.55712,0.55713,0.55704,0.55706,66.0
2026-07-03 04:30:00,0.55706,0.55706,0.55695,0.55702,38.0
2026-07-03 04:35:00,0.55702,0.55708,0.55698,0.557,37.0
2026-07-03 04:40:00,0.55698,0.55716,0.55697,0.55708,44.0
2026-07-03 04:45:00,0.5571,0.55712,0.557,0.55702,23.0
2026-07-03 04:50:00,0.55706,0.55706,0.55698,0.557,29.0
2026-07-03 04:55:00,0.55702,0.55706,0.55696,0.55706,27.0
2026-07-03 05:00:00,0.55704,0.55712,0.55698,0.55698,35.0
2026-07-03 05:05:00,0.55704,0.55708,0.55698,0.55708,30.0
2026-07-03 05:10:00,0.55714,0.5573,0.55712,0.5573,19.0
2026-07-03 05:15:00,0.55729,0.55729,0.55711,0.55712,26.0
2026-07-03 05:20:00,0.55714,0.55723,0.55712,0.55715,42.0
2026-07-03 05:25:00,0.55713,0.55718,0.5571,0.55712,25.0
2026-07-03 05:30:00,0.55712,0.55719,0.55712,0.55712,20.0
2026-07-03 05:35:00,0.55714,0.5572,0.5571,0.5572,14.0
2026-07-03 05:40:00,0.55718,0.55722,0.55718,0.5572,20.0
2026-07-03 05:45:00,0.55718,0.55722,0.55709,0.55709,49.0
2026-07-03 05:50:00,0.55712,0.55712,0.55706,0.55712,20.0
2026-07-03 05:55:00,0.55716,0.55729,0.55716,0.55724,25.0
2026-07-03 06:00:00,0.55724,0.55736,0.5572,0.55724,38.0
2026-07-03 06:05:00,0.55724,0.55729,0.55722,0.55724,20.0
2026-07-03 06:10:00,0.55722,0.55726,0.55716,0.55716,21.0
2026-07-03 06:15:00,0.55718,0.55718,0.55709,0.55709,22.0
2026-07-03 06:20:00,0.55706,0.55709,0.557,0.55708,20.0
2026-07-03 06:25:00,0.55707,0.5571,0.55704,0.55706,15.0
2026-07-03 06:30:00,0.55709,0.5571,0.557,0.557,25.0
2026-07-03 06:35:00,0.55702,0.55703,0.55697,0.55701,13.0
2026-07-03 06:40:00,0.55703,0.55705,0.557,0.55705,18.0
2026-07-03 06:45:00,0.55706,0.55707,0.55704,0.55704,15.0
2026-07-03 06:50:00,0.55706,0.55712,0.55704,0.5571,27.0
2026-07-03 06:55:00,0.55708,0.55729,0.55706,0.55729,38.0
2026-07-03 07:00:00,0.55728,0.55744,0.55724,0.55742,48.0
2026-07-03 07:05:00,0.55742,0.55746,0.55722,0.55734,77.0
2026-07-03 07:10:00,0.55736,0.55736,0.55724,0.55729,30.0
2026-07-03 07:15:00,0.5573,0.55732,0.55716,0.55716,46.0
2026-07-03 07:20:00,0.55717,0.55728,0.55714,0.55714,59.0
2026-07-03 07:25:00,0.55716,0.55726,0.55714,0.55723,39.0
2026-07-03 07:30:00,0.55725,0.55728,0.55716,0.55718,64.0
2026-07-03 07:35:00,0.55716,0.5572,0.5571,0.55714,73.0
2026-07-03 07:40:00,0.55716,0.55719,0.5571,0.55716,44.0
2026-07-03 07:45:00,0.55714,0.55718,0.5571,0.55714,43.0
2026-07-03 07:50:00,0.55715,0.55722,0.55712,0.55717,37.0
2026-07-03 07:55:00,0.55716,0.55716,0.55696,0.55696,42.0
2026-07-03 08:00:00,0.55699,0.55704,0.5569,0.55694,72.0
2026-07-03 08:05:00,0.55695,0.557,0.55684,0.557,47.0
2026-07-03 08:10:00,0.55698,0.5571,0.55696,0.55709,82.0
2026-07-03 08:15:00,0.55708,0.55716,0.55708,0.55716,14.0
2026-07-03 08:20:00,0.55714,0.5572,0.55714,0.55717,22.0
2026-07-03 08:25:00,0.55718,0.5572,0.55716,0.55718,19.0
2026-07-03 08:30:00,0.55721,0.55722,0.55714,0.55716,19.0
2026-07-03 08:35:00,0.55714,0.55722,0.55714,0.55714,15.0
2026-07-03 08:40:00,0.55712,0.55712,0.55706,0.55712,25.0
2026-07-03 08:45:00,0.55714,0.55729,0.55714,0.55726,20.0
2026-07-03 08:50:00,0.55727,0.5573,0.55726,0.55726,19.0
2026-07-03 08:55:00,0.55724,0.55724,0.5571,0.55714,23.0
2026-07-03 09:00:00,0.55718,0.55732,0.55718,0.55724,32.0
2026-07-03 09:05:00,0.55724,0.55732,0.55716,0.55732,27.0
2026-07-03 09:10:00,0.5573,0.55738,0.55727,0.55734,28.0
2026-07-03 09:15:00,0.55734,0.55744,0.55732,0.55736,25.0
2026-07-03 09:20:00,0.55732,0.55746,0.5573,0.55742,31.0
2026-07-03 09:25:00,0.5574,0.55748,0.55739,0.55743,48.0
2026-07-03 09:30:00,0.55745,0.55746,0.55728,0.5573,95.0
2026-07-03 09:35:00,0.5573,0.55733,0.55724,0.55732,49.0
2026-07-03 09:40:00,0.55732,0.55738,0.55732,0.55736,76.0
2026-07-03 09:45:00,0.55734,0.55736,0.55726,0.55726,42.0
2026-07-03 09:50:00,0.55726,0.55728,0.55722,0.55727,53.0
2026-07-03 09:55:00,0.55726,0.55735,0.55724,0.55735,30.0
2026-07-03 10:00:00,0.55736,0.55743,0.55734,0.55738,31.0
2026-07-03 10:05:00,0.55736,0.55739,0.5573,0.5573,34.0
2026-07-03 10:10:00,0.55732,0.55736,0.55726,0.55733,38.0
2026-07-03 10:15:00,0.55735,0.55735,0.55711,0.55711,30.0
2026-07-03 10:20:00,0.55711,0.55711,0.55702,0.55706,32.0
2026-07-03 10:25:00,0.55704,0.55712,0.55702,0.55712,33.0
2026-07-03 10:30:00,0.5571,0.55722,0.55709,0.5571,42.0
2026-07-03 10:35:00,0.55706,0.55716,0.55706,0.55714,15.0
2026-07-03 10:40:00,0.5571,0.55713,0.557,0.55708,26.0
2026-07-03 10:45:00,0.55711,0.55718,0.55707,0.55718,12.0
2026-07-03 10:50:00,0.55714,0.55724,0.55714,0.55724,22.0
2026-07-03 10:55:00,0.55724,0.55728,0.55704,0.55714,53.0
2026-07-03 11:00:00,0.55714,0.55723,0.55706,0.5572,43.0
2026-07-03 11:05:00,0.55722,0.55724,0.55718,0.55721,31.0
2026-07-03 11:10:00,0.55719,0.55722,0.55716,0.55716,23.0
2026-07-03 11:15:00,0.55717,0.55719,0.55713,0.55716,9.0
2026-07-03 11:20:00,0.55719,0.5572,0.55716,0.55718,11.0
2026-07-03 11:25:00,0.5572,0.55727,0.55718,0.55718,14.0
2026-07-03 11:30:00,0.5572,0.55728,0.55718,0.55724,13.0
2026-07-03 11:35:00,0.55726,0.5573,0.55724,0.55728,13.0
2026-07-03 11:40:00,0.5573,0.55738,0.5573,0.55738,6.0
2026-07-03 11:45:00,0.55739,0.55739,0.55734,0.55734,9.0
2026-07-03 11:50:00,0.55734,0.55734,0.55728,0.55728,7.0
2026-07-03 11:55:00,0.5573,0.55737,0.55727,0.55729,33.0
2026-07-03 12:00:00,0.5573,0.55734,0.55724,0.55728,39.0
2026-07-03 12:05:00,0.5573,0.5573,0.55728,0.55728,2.0
2026-07-03 12:10:00,0.55726,0.55726,0.55721,0.55725,12.0
2026-07-03 12:15:00,0.55728,0.55736,0.55728,0.55736,7.0
2026-07-03 12:20:00,0.55738,0.55738,0.55734,0.55734,10.0
2026-07-03 12:25:00,0.55736,0.55738,0.55734,0.55736,9.0
2026-07-03 12:30:00,0.55736,0.55737,0.55735,0.55736,7.0
2026-07-03 12:35:00,0.55734,0.55736,0.55734,0.55734,4.0
2026-07-03 12:40:00,0.55734,0.55741,0.55734,0.55741,11.0
2026-07-03 12:45:00,0.5574,0.55744,0.55739,0.55744,11.0
2026-07-03 12:50:00,0.55744,0.55747,0.55734,0.55747,18.0
2026-07-03 12:55:00,0.55749,0.55753,0.55748,0.55753,13.0
2026-07-03 13:00:00,0.5575,0.55751,0.55746,0.55749,85.0
2026-07-03 13:05:00,0.55747,0.55752,0.5574,0.55744,101.0
2026-07-03 13:10:00,0.55746,0.55749,0.5574,0.5574,83.0
2026-07-03 13:15:00,0.55742,0.55742,0.5573,0.55734,57.0
2026-07-03 13:20:00,0.55736,0.55738,0.5573,0.55735,46.0
2026-07-03 13:25:00,0.55736,0.55736,0.5573,0.55731,29.0
2026-07-03 13:30:00,0.5573,0.5574,0.55728,0.55738,25.0
2026-07-03 13:35:00,0.5574,0.55744,0.55734,0.5574,75.0
2026-07-03 13:40:00,0.55738,0.5574,0.55726,0.5573,145.0
2026-07-03 13:45:00,0.55728,0.55736,0.55728,0.55736,60.0
2026-07-03 13:50:00,0.55738,0.55742,0.5573,0.5574,218.0
2026-07-03 13:55:00,0.55742,0.55746,0.55737,0.55741,71.0
2026-07-03 14:00:00,0.55738,0.55742,0.55734,0.55738,89.0
2026-07-03 14:05:00,0.55738,0.55742,0.55732,0.55742,80.0
2026-07-03 14:10:00,0.55744,0.55746,0.55738,0.55743,76.0
2026-07-03 14:15:00,0.55744,0.55746,0.55736,0.55738,71.0
2026-07-03 14:20:00,0.55737,0.55745,0.55735,0.55742,140.0
2026-07-03 14:25:00,0.55742,0.55746,0.5574,0.55744,107.0
2026-07-03 14:30:00,0.55746,0.55754,0.55745,0.5575,45.0
2026-07-03 14:35:00,0.55746,0.55749,0.5574,0.55743,157.0
2026-07-03 14:40:00,0.55741,0.55748,0.55738,0.55743,235.0
2026-07-03 14:45:00,0.55743,0.55752,0.55741,0.55748,176.0
2026-07-03 14:50:00,0.55746,0.55756,0.55745,0.55747,224.0
2026-07-03 14:55:00,0.55748,0.55753,0.55716,0.55753,220.0
2026-07-03 15:00:00,0.55754,0.55766,0.55734,0.55746,172.0
2026-07-03 15:05:00,0.55745,0.55754,0.55743,0.55746,415.0
2026-07-03 15:10:00,0.55748,0.5576,0.55746,0.55755,379.0
2026-07-03 15:15:00,0.55756,0.55756,0.55746,0.55746,299.0
2026-07-03 15:20:00,0.55748,0.55756,0.55741,0.55746,515.0
2026-07-03 15:25:00,0.55746,0.55758,0.55743,0.55753,475.0
2026-07-03 15:30:00,0.55756,0.55758,0.5575,0.55752,107.0
2026-07-03 15:35:00,0.55749,0.55757,0.55749,0.55754,169.0
2026-07-03 15:40:00,0.55754,0.55754,0.55746,0.5575,164.0
2026-07-03 15:45:00,0.55752,0.55753,0.55744,0.55746,72.0
2026-07-03 15:50:00,0.55746,0.55772,0.55746,0.55766,152.0
2026-07-03 15:55:00,0.55766,0.55766,0.55746,0.55756,75.0
2026-07-03 16:00:00,0.55758,0.55764,0.55752,0.55764,60.0
2026-07-03 16:05:00,0.55764,0.55764,0.5575,0.55754,183.0
2026-07-03 16:10:00,0.55755,0.55758,0.55746,0.55752,109.0
2026-07-03 16:15:00,0.55754,0.55756,0.55748,0.55749,68.0
2026-07-03 16:20:00,0.5575,0.55754,0.55742,0.55746,62.0
2026-07-03 16:25:00,0.55746,0.55752,0.5574,0.55744,73.0
2026-07-03 16:30:00,0.55744,0.55752,0.55744,0.5575,78.0
2026-07-03 16:35:00,0.55752,0.55754,0.55732,0.55744,175.0
2026-07-03 16:40:00,0.55746,0.55754,0.55743,0.5575,217.0
2026-07-03 16:45:00,0.55748,0.5578,0.55747,0.55776,170.0
2026-07-03 16:50:00,0.55778,0.55784,0.5576,0.55766,177.0
2026-07-03 16:55:00,0.55767,0.55767,0.55748,0.55753,134.0
2026-07-05 17:00:00,0.55762,0.55762,0.55762,0.55762,1.0
2026-07-05 17:05:00,0.55754,0.55784,0.55754,0.55781,26.0
2026-07-05 17:10:00,0.55783,0.55786,0.55772,0.55775,22.0
2026-07-05 17:15:00,0.55772,0.55791,0.55772,0.55776,37.0
2026-07-05 17:20:00,0.5575,0.55776,0.55749,0.55776,18.0
2026-07-05 17:25:00,0.5578,0.5578,0.55776,0.55776,10.0
2026-07-05 17:30:00,0.55774,0.55776,0.55726,0.55763,111.0
2026-07-05 17:35:00,0.55762,0.55763,0.55748,0.55761,48.0
2026-07-05 17:40:00,0.55761,0.55766,0.55759,0.55766,5.0
2026-07-05 17:45:00,0.55768,0.55768,0.55756,0.55758,95.0
2026-07-05 17:50:00,0.55757,0.5576,0.55752,0.55756,135.0
2026-07-05 17:55:00,0.55758,0.5579,0.55756,0.5579,152.0
2026-07-05 18:00:00,0.55788,0.55788,0.55749,0.55756,184.0
2026-07-05 18:05:00,0.55754,0.55761,0.55748,0.55748,54.0
2026-07-05 18:10:00,0.55748,0.55751,0.55742,0.55744,22.0
2026-07-05 18:15:00,0.55744,0.55744,0.55742,0.55743,6.0
2026-07-05 18:20:00,0.55744,0.55752,0.55742,0.55752,26.0
2026-07-05 18:25:00,0.55751,0.55754,0.5575,0.55753,23.0
2026-07-05 18:30:00,0.5575,0.55752,0.55748,0.55752,6.0
2026-07-05 18:35:00,0.55753,0.55753,0.55745,0.55748,12.0
2026-07-05 18:40:00,0.55748,0.55752,0.55748,0.55752,11.0
2026-07-05 18:45:00,0.55751,0.55756,0.55751,0.55756,11.0
2026-07-05 18:50:00,0.55755,0.55759,0.55752,0.55758,20.0
2026-07-05 18:55:00,0.5576,0.55762,0.55758,0.5576,11.0
2026-07-05 19:00:00,0.55757,0.55766,0.55756,0.55764,7.0
2026-07-05 19:05:00,0.55768,0.55777,0.55761,0.55764,27.0
2026-07-05 19:10:00,0.55764,0.55764,0.55758,0.55762,13.0
2026-07-05 19:15:00,0.55764,0.55769,0.55762,0.55769,17.0
2026-07-05 19:20:00,0.5577,0.5577,0.55764,0.55764,34.0
2026-07-05 19:25:00,0.55768,0.5577,0.55764,0.55768,19.0
2026-07-05 19:30:00,0.55766,0.55768,0.5576,0.5576,44.0
2026-07-05 19:35:00,0.55762,0.55764,0.55758,0.55764,26.0
2026-07-05 19:40:00,0.55764,0.55764,0.55754,0.55756,20.0
2026-07-05 19:45:00,0.55754,0.55768,0.55754,0.55762,125.0
2026-07-05 19:50:00,0.55761,0.55765,0.5576,0.5576,49.0
2026-07-05 19:55:00,0.55758,0.55768,0.55756,0.55756,94.0
2026-07-05 20:00:00,0.55759,0.55759,0.55725,0.55734,109.0
2026-07-05 20:05:00,0.55736,0.55747,0.55718,0.55739,101.0
2026-07-05 20:10:00,0.5574,0.55748,0.55733,0.55747,201.0
2026-07-05 20:15:00,0.55746,0.55755,0.55746,0.5575,117.0
2026-07-05 20:20:00,0.5575,0.55753,0.55746,0.55747,180.0
2026-07-05 20:25:00,0.55748,0.5575,0.55724,0.55724,137.0
2026-07-05 20:30:00,0.55724,0.55736,0.55711,0.55732,112.0
2026-07-05 20:35:00,0.55729,0.55746,0.55724,0.55744,90.0
2026-07-05 20:40:00,0.55746,0.55752,0.55746,0.55747,63.0
2026-07-05 20:45:00,0.5575,0.55759,0.55748,0.5575,76.0
2026-07-05 20:50:00,0.5575,0.55751,0.55734,0.55736,68.0
2026-07-05 20:55:00,0.55734,0.55737,0.55717,0.55728,54.0
2026-07-05 21:00:00,0.55726,0.55726,0.5571,0.55716,76.0
2026-07-05 21:05:00,0.55714,0.55744,0.55714,0.55739,69.0
2026-07-05 21:10:00,0.55738,0.55752,0.5573,0.55748,55.0
2026-07-05 21:15:00,0.55746,0.55768,0.5574,0.55764,68.0
2026-07-05 21:20:00,0.55765,0.55772,0.55752,0.55758,82.0
2026-07-05 21:25:00,0.5576,0.55767,0.55746,0.55765,119.0
2026-07-05 21:30:00,0.55766,0.55776,0.5576,0.55766,62.0
2026-07-05 21:35:00,0.55769,0.5577,0.55756,0.55762,72.0
2026-07-05 21:40:00,0.55764,0.55776,0.5576,0.55774,112.0
2026-07-05 21:45:00,0.55774,0.55776,0.55758,0.55758,163.0
2026-07-05 21:50:00,0.55757,0.55766,0.55752,0.5576,114.0
2026-07-05 21:55:00,0.55762,0.55768,0.55754,0.55756,114.0
2026-07-05 22:00:00,0.55759,0.55776,0.55759,0.55774,146.0
2026-07-05 22:05:00,0.55774,0.55778,0.55766,0.55767,135.0
2026-07-05 22:10:00,0.55766,0.5577,0.55762,0.55762,168.0
2026-07-05 22:15:00,0.55762,0.55765,0.55748,0.55751,79.0
2026-07-05 22:20:00,0.55752,0.55772,0.55751,0.55765,104.0
2026-07-05 22:25:00,0.55764,0.55766,0.55754,0.55757,92.0
2026-07-05 22:30:00,0.5576,0.5576,0.55742,0.5575,96.0
2026-07-05 22:35:00,0.5575,0.55754,0.55744,0.55745,169.0
2026-07-05 22:40:00,0.55746,0.55755,0.55736,0.55742,97.0
2026-07-05 22:45:00,0.55742,0.55755,0.55736,0.55739,59.0
2026-07-05 22:50:00,0.5574,0.5574,0.55726,0.5573,81.0
2026-07-05 22:55:00,0.55728,0.55731,0.55722,0.55728,90.0
2026-07-05 23:00:00,0.55728,0.5573,0.5572,0.55722,80.0
2026-07-05 23:05:00,0.55722,0.55726,0.55716,0.55718,44.0
2026-07-05 23:10:00,0.55718,0.55724,0.55707,0.55709,56.0
2026-07-05 23:15:00,0.55706,0.5572,0.55706,0.55709,53.0
2026-07-05 23:20:00,0.55707,0.55707,0.55689,0.55691,63.0
2026-07-05 23:25:00,0.55694,0.55708,0.55694,0.55708,49.0
2026-07-05 23:30:00,0.55711,0.55711,0.55703,0.55711,33.0
2026-07-05 23:35:00,0.55711,0.55718,0.55708,0.55714,58.0
2026-07-05 23:40:00,0.55718,0.55718,0.55704,0.55708,33.0
2026-07-05 23:45:00,0.55709,0.55716,0.55706,0.55716,84.0
2026-07-05 23:50:00,0.55716,0.55716,0.55704,0.55705,83.0
2026-07-05 23:55:00,0.55704,0.55721,0.55703,0.55721,38.0
2026-07-06 00:00:00,0.55722,0.55729,0.55714,0.55728,41.0
2026-07-06 00:05:00,0.5573,0.5573,0.55721,0.55721,35.0
2026-07-06 00:10:00,0.55724,0.55733,0.55724,0.55732,28.0
2026-07-06 00:15:00,0.55732,0.55739,0.55731,0.55738,22.0
2026-07-06 00:20:00,0.5574,0.55754,0.5574,0.55751,71.0
2026-07-06 00:25:00,0.55754,0.55761,0.5575,0.55758,53.0
2026-07-06 00:30:00,0.55756,0.55767,0.55756,0.55761,68.0
2026-07-06 00:35:00,0.5576,0.5577,0.55756,0.55768,67.0
2026-07-06 00:40:00,0.55765,0.55774,0.55765,0.55766,77.0
2026-07-06 00:45:00,0.55765,0.5578,0.55764,0.55768,59.0
2026-07-06 00:50:00,0.55766,0.55768,0.55762,0.55764,57.0
2026-07-06 00:55:00,0.55766,0.55774,0.55765,0.55774,55.0
2026-07-06 01:00:00,0.55774,0.55774,0.55764,0.55766,78.0
2026-07-06 01:05:00,0.55765,0.5578,0.55764,0.55772,71.0
2026-07-06 01:10:00,0.55772,0.55783,0.55771,0.55783,56.0
2026-07-06 01:15:00,0.55782,0.55788,0.55778,0.55778,60.0
2026-07-06 01:20:00,0.5578,0.55783,0.5577,0.5578,71.0
2026-07-06 01:25:00,0.55782,0.5579,0.5578,0.55784,47.0
2026-07-06 01:30:00,0.55783,0.55783,0.55771,0.55774,83.0
2026-07-06 01:35:00,0.55775,0.55787,0.55774,0.55778,72.0
2026-07-06 01:40:00,0.55779,0.55794,0.55779,0.55791,108.0
2026-07-06 01:45:00,0.5579,0.55794,0.55785,0.55791,103.0
2026-07-06 01:50:00,0.55793,0.55796,0.55787,0.5579,90.0
2026-07-06 01:55:00,0.55788,0.55794,0.55782,0.55788,67.0
2026-07-06 02:00:00,0.55791,0.55797,0.55782,0.55796,52.0
2026-07-06 02:05:00,0.55797,0.55802,0.55788,0.55798,60.0
2026-07-06 02:10:00,0.55796,0.55802,0.55792,0.55797,49.0
2026-07-06 02:15:00,0.558,0.55803,0.55779,0.558,73.0
2026-07-06 02:20:00,0.55802,0.5581,0.55795,0.558,60.0
2026-07-06 02:25:00,0.558,0.55816,0.55798,0.55816,93.0
2026-07-06 02:30:00,0.55814,0.55824,0.55804,0.55816,41.0
2026-07-06 02:35:00,0.5582,0.55827,0.55814,0.55823,29.0
2026-07-06 02:40:00,0.55825,0.55826,0.5581,0.5581,33.0
2026-07-06 02:45:00,0.5581,0.5583,0.5581,0.55826,38.0
2026-07-06 02:50:00,0.55828,0.55828,0.55812,0.55816,85.0
2026-07-06 02:55:00,0.55819,0.55828,0.55816,0.55821,122.0
2026-07-06 03:00:00,0.5582,0.55834,0.55814,0.55826,72.0
2026-07-06 03:05:00,0.55824,0.55828,0.5581,0.55818,56.0
2026-07-06 03:10:00,0.55819,0.55828,0.55808,0.55816,92.0
2026-07-06 03:15:00,0.55817,0.55832,0.55812,0.55832,95.0
2026-07-06 03:20:00,0.5583,0.55834,0.55821,0.55827,58.0
2026-07-06 03:25:00,0.55828,0.55835,0.55826,0.5583,51.0
2026-07-06 03:30:00,0.55826,0.55838,0.55819,0.55838,49.0
2026-07-06 03:35:00,0.55841,0.55844,0.55832,0.55832,51.0
2026-07-06 03:40:00,0.55832,0.55858,0.5583,0.55858,46.0
2026-07-06 03:45:00,0.55856,0.55858,0.55828,0.5584,58.0
2026-07-06 03:50:00,0.55838,0.55844,0.55826,0.55834,38.0
2026-07-06 03:55:00,0.55834,0.55838,0.55813,0.5582,34.0
2026-07-06 04:00:00,0.5582,0.55838,0.5582,0.55826,96.0
2026-07-06 04:05:00,0.55826,0.55828,0.5582,0.55826,39.0
2026-07-06 04:10:00,0.55825,0.55828,0.5581,0.55815,50.0
2026-07-06 04:15:00,0.55814,0.55834,0.5581,0.55834,34.0
2026-07-06 04:20:00,0.5583,0.55834,0.5582,0.55824,40.0
2026-07-06 04:25:00,0.55828,0.55828,0.55816,0.55817,32.0
2026-07-06 04:30:00,0.55815,0.55824,0.5581,0.55824,37.0
2026-07-06 04:35:00,0.55826,0.55826,0.5582,0.55824,35.0
2026-07-06 04:40:00,0.55824,0.55828,0.5582,0.55825,49.0
2026-07-06 04:45:00,0.55825,0.55836,0.55822,0.55836,42.0
2026-07-06 04:50:00,0.55837,0.55844,0.55834,0.55838,45.0
2026-07-06 04:55:00,0.55839,0.55842,0.55827,0.55832,99.0
2026-07-06 05:00:00,0.55835,0.55844,0.55829,0.55842,56.0
2026-07-06 05:05:00,0.55845,0.55847,0.55836,0.5584,58.0
2026-07-06 05:10:00,0.55842,0.5585,0.55832,0.55841,72.0
2026-07-06 05:15:00,0.55842,0.5585,0.55838,0.55844,59.0
2026-07-06 05:20:00,0.55846,0.55848,0.55836,0.55838,33.0
2026-07-06 05:25:00,0.55834,0.55834,0.55823,0.55829,47.0
2026-07-06 05:30:00,0.55826,0.55836,0.55823,0.55836,57.0
2026-07-06 05:35:00,0.55838,0.55838,0.55826,0.55827,42.0
2026-07-06 05:40:00,0.55824,0.5584,0.55821,0.55834,53.0
2026-07-06 05:45:00,0.55832,0.5585,0.55832,0.55844,32.0
2026-07-06 05:50:00,0.55842,0.55862,0.55842,0.55857,57.0
2026-07-06 05:55:00,0.5586,0.55861,0.55854,0.55856,38.0
2026-07-06 06:00:00,0.55854,0.55866,0.55854,0.55858,44.0
2026-07-06 06:05:00,0.55856,0.55856,0.55849,0.55852,65.0
2026-07-06 06:10:00,0.55852,0.5586,0.5585,0.55858,49.0
2026-07-06 06:15:00,0.5586,0.5586,0.5585,0.55854,55.0
2026-07-06 06:20:00,0.55856,0.55861,0.55852,0.55854,24.0
2026-07-06 06:25:00,0.55853,0.5587,0.55852,0.5587,29.0
2026-07-06 06:30:00,0.55866,0.55874,0.55866,0.5587,20.0
2026-07-06 06:35:00,0.55872,0.55873,0.55866,0.55866,22.0
2026-07-06 06:40:00,0.55866,0.5587,0.5586,0.5586,15.0
2026-07-06 06:45:00,0.55856,0.5586,0.5585,0.55858,22.0
2026-07-06 06:50:00,0.5586,0.55874,0.55856,0.55866,34.0
2026-07-06 06:55:00,0.55868,0.55868,0.55864,0.55868,26.0
2026-07-06 07:00:00,0.55868,0.5587,0.55859,0.55859,67.0
2026-07-06 07:05:00,0.5586,0.55872,0.5586,0.5587,39.0
2026-07-06 07:10:00,0.5587,0.55878,0.55868,0.55876,57.0
2026-07-06 07:15:00,0.55876,0.55887,0.55873,0.55886,101.0
2026-07-06 07:20:00,0.55885,0.55896,0.55884,0.5589,17.0
2026-07-06 07:25:00,0.55892,0.55899,0.5589,0.55897,72.0
2026-07-06 07:30:00,0.55896,0.559,0.5589,0.55899,49.0
2026-07-06 07:35:00,0.55895,0.55908,0.55895,0.55908,20.0
2026-07-06 07:40:00,0.55912,0.55914,0.55904,0.55908,46.0
2026-07-06 07:45:00,0.5591,0.55912,0.55896,0.55904,47.0
2026-07-06 07:50:00,0.55906,0.55906,0.55892,0.55892,48.0
2026-07-06 07:55:00,0.55893,0.55898,0.55878,0.55882,74.0
2026-07-06 08:00:00,0.55886,0.55887,0.5588,0.55881,89.0
2026-07-06 08:05:00,0.55884,0.5589,0.55882,0.55888,57.0
2026-07-06 08:10:00,0.5589,0.55892,0.55877,0.55881,59.0
2026-07-06 08:15:00,0.55878,0.55882,0.5587,0.55872,59.0
2026-07-06 08:20:00,0.55873,0.55873,0.55856,0.55867,39.0
2026-07-06 08:25:00,0.55864,0.55872,0.55858,0.55862,53.0
2026-07-06 08:30:00,0.55861,0.55872,0.5586,0.55871,48.0
2026-07-06 08:35:00,0.5587,0.5587,0.55856,0.55856,46.0
2026-07-06 08:40:00,0.55856,0.55857,0.5584,0.55843,73.0
2026-07-06 08:45:00,0.55842,0.55854,0.55831,0.55831,47.0
2026-07-06 08:50:00,0.55831,0.55836,0.5582,0.55832,50.0
2026-07-06 08:55:00,0.55835,0.55858,0.55835,0.55852,73.0
2026-07-06 09:00:00,0.55853,0.55856,0.55844,0.55852,105.0
2026-07-06 09:05:00,0.5585,0.55854,0.55838,0.55838,56.0
2026-07-06 09:10:00,0.5584,0.55844,0.55826,0.55832,83.0
2026-07-06 09:15:00,0.55834,0.55844,0.5583,0.55842,42.0
2026-07-06 09:20:00,0.5584,0.55842,0.55834,0.55841,100.0
2026-07-06 09:25:00,0.55844,0.55851,0.5584,0.55851,50.0
2026-07-06 09:30:00,0.55852,0.55872,0.55848,0.5587,78.0
2026-07-06 09:35:00,0.55869,0.55892,0.55866,0.55892,99.0
2026-07-06 09:40:00,0.55893,0.55913,0.55882,0.55912,64.0
2026-07-06 09:45:00,0.55914,0.5593,0.5591,0.55927,168.0
2026-07-06 09:50:00,0.55928,0.55932,0.55918,0.55932,60.0
2026-07-06 09:55:00,0.5593,0.55942,0.55912,0.55916,72.0
2026-07-06 10:00:00,0.55918,0.55938,0.55907,0.5593,153.0
2026-07-06 10:05:00,0.5593,0.55946,0.55926,0.5594,107.0
2026-07-06 10:10:00,0.55938,0.55952,0.55938,0.55952,110.0
2026-07-06 10:15:00,0.5595,0.55962,0.5595,0.55958,80.0
2026-07-06 10:20:00,0.55959,0.5597,0.55948,0.5597,95.0
2026-07-06 10:25:00,0.55969,0.55984,0.55964,0.55977,124.0
2026-07-06 10:30:00,0.55976,0.55978,0.55958,0.5596,98.0
2026-07-06 10:35:00,0.55962,0.55966,0.5595,0.55966,93.0
2026-07-06 10:40:00,0.55962,0.55974,0.5596,0.55968,48.0
2026-07-06 10:45:00,0.5597,0.55978,0.55962,0.55974,70.0
2026-07-06 10:50:00,0.55973,0.55977,0.5596,0.55963,90.0
2026-07-06 10:55:00,0.55964,0.55973,0.5595,0.55953,128.0
2026-07-06 11:00:00,0.55952,0.55968,0.5595,0.55962,151.0
2026-07-06 11:05:00,0.55961,0.55978,0.5596,0.55978,71.0
2026-07-06 11:10:00,0.55978,0.55978,0.55966,0.55975,118.0
2026-07-06 11:15:00,0.55976,0.55983,0.55971,0.55981,94.0
2026-07-06 11:20:00,0.5598,0.5598,0.5597,0.5597,39.0
2026-07-06 11:25:00,0.55972,0.55984,0.5597,0.55984,82.0
2026-07-06 11:30:00,0.55985,0.55991,0.55982,0.55988,65.0
2026-07-06 11:35:00,0.55985,0.55996,0.55979,0.55996,71.0
2026-07-06 11:40:00,0.55994,0.55994,0.55986,0.5599,49.0
2026-07-06 11:45:00,0.5599,0.55993,0.55974,0.55977,76.0
2026-07-06 11:50:00,0.5598,0.55983,0.55972,0.55981,56.0
2026-07-06 11:55:00,0.55983,0.55987,0.55978,0.55984,41.0
2026-07-06 12:00:00,0.55986,0.55986,0.55979,0.55981,49.0
2026-07-06 12:05:00,0.55984,0.55984,0.55978,0.55982,52.0
2026-07-06 12:10:00,0.55983,0.5599,0.55983,0.55987,22.0
2026-07-06 12:15:00,0.55984,0.55989,0.5598,0.55984,32.0
2026-07-06 12:20:00,0.5598,0.5599,0.55978,0.5599,56.0
2026-07-06 12:25:00,0.55986,0.5599,0.55976,0.55976,73.0
2026-07-06 12:30:00,0.55978,0.55984,0.55974,0.55982,49.0
2026-07-06 12:35:00,0.55983,0.55983,0.55978,0.55981,21.0
2026-07-06 12:40:00,0.55979,0.55981,0.55972,0.5598,52.0
2026-07-06 12:45:00,0.55982,0.55983,0.55978,0.55982,30.0
2026-07-06 12:50:00,0.5598,0.55984,0.55973,0.55973,35.0
2026-07-06 12:55:00,0.55976,0.55992,0.55974,0.55992,25.0
2026-07-06 13:00:00,0.55992,0.56001,0.55988,0.55998,78.0
2026-07-06 13:05:00,0.55995,0.56008,0.55995,0.56008,36.0
2026-07-06 13:10:00,0.56004,0.56004,0.55996,0.56004,48.0
2026-07-06 13:15:00,0.56006,0.5601,0.55992,0.55994,30.0
2026-07-06 13:20:00,0.55991,0.55996,0.55989,0.55994,40.0
2026-07-06 13:25:00,0.55994,0.56,0.55992,0.55996,38.0
2026-07-06 13:30:00,0.55994,0.56014,0.55994,0.5601,57.0
2026-07-06 13:35:00,0.56008,0.56011,0.56,0.56,34.0
2026-07-06 13:40:00,0.56002,0.56002,0.55997,0.56,31.0
2026-07-06 13:45:00,0.55998,0.56004,0.55997,0.56002,25.0
2026-07-06 13:50:00,0.56002,0.56002,0.55992,0.55994,47.0
2026-07-06 13:55:00,0.55996,0.55998,0.55984,0.55987,21.0
2026-07-06 14:00:00,0.5599,0.56003,0.5599,0.55998,37.0
2026-07-06 14:05:00,0.56,0.56007,0.55998,0.56006,23.0
2026-07-06 14:10:00,0.56004,0.56008,0.56004,0.56004,17.0
2026-07-06 14:15:00,0.56006,0.56009,0.56001,0.56009,17.0
2026-07-06 14:20:00,0.56011,0.56011,0.56006,0.56008,11.0
2026-07-06 14:25:00,0.56004,0.56006,0.55998,0.55998,14.0
2026-07-06 14:30:00,0.55998,0.56006,0.55998,0.56003,44.0
2026-07-06 14:35:00,0.56004,0.56016,0.56004,0.56014,35.0
2026-07-06 14:40:00,0.56016,0.56016,0.56004,0.56008,39.0
2026-07-06 14:45:00,0.5601,0.5601,0.56002,0.56002,19.0
2026-07-06 14:50:00,0.56002,0.56002,0.55998,0.56,31.0
2026-07-06 14:55:00,0.56004,0.56008,0.55994,0.56002,31.0
2026-07-06 15:00:00,0.56004,0.56007,0.55998,0.56002,50.0
2026-07-06 15:05:00,0.55998,0.56004,0.55996,0.56,61.0
2026-07-06 15:10:00,0.56,0.56002,0.55996,0.56001,20.0
2026-07-06 15:15:00,0.56002,0.56004,0.55999,0.56004,16.0
2026-07-06 15:20:00,0.56002,0.56008,0.55999,0.56005,28.0
2026-07-06 15:25:00,0.56002,0.56002,0.55998,0.56001,20.0
2026-07-06 15:30:00,0.55998,0.56004,0.55992,0.56002,29.0
2026-07-06 15:35:00,0.56006,0.56006,0.56,0.56,8.0
2026-07-06 15:40:00,0.56,0.56004,0.55999,0.56004,50.0
2026-07-06 15:45:00,0.56006,0.56007,0.56,0.56001,24.0
2026-07-06 15:50:00,0.55999,0.56001,0.55994,0.55997,20.0
2026-07-06 15:55:00,0.56,0.56024,0.55998,0.56017,48.0
2026-07-06 16:00:00,0.5602,0.56024,0.56002,0.56003,31.0
2026-07-06 16:05:00,0.56004,0.56008,0.56002,0.56007,8.0
2026-07-06 16:10:00,0.56005,0.56012,0.56005,0.56012,5.0
2026-07-06 16:15:00,0.56012,0.56012,0.56008,0.5601,11.0
2026-07-06 16:20:00,0.56014,0.56014,0.56014,0.56014,1.0
2026-07-06 16:25:00,0.56012,0.56016,0.5601,0.56016,5.0
2026-07-06 16:30:00,0.56017,0.56017,0.56013,0.56013,3.0
2026-07-06 16:35:00,0.5601,0.56012,0.56008,0.56011,6.0
2026-07-06 16:40:00,0.56008,0.56018,0.56008,0.56018,20.0
2026-07-06 16:45:00,0.56016,0.56017,0.56012,0.56012,9.0
2026-07-06 16:50:00,0.56016,0.5602,0.56013,0.5602,6.0
2026-07-06 16:55:00,0.56019,0.56026,0.56008,0.56014,200.0
2026-07-06 17:00:00,0.55962,0.55962,0.55962,0.55962,1.0
2026-07-06 17:05:00,0.55984,0.56015,0.55984,0.56012,51.0
2026-07-06 17:10:00,0.56012,0.56038,0.56012,0.56026,125.0
2026-07-06 17:15:00,0.5602,0.56021,0.55993,0.56003,116.0
2026-07-06 17:20:00,0.55997,0.56,0.5598,0.55986,78.0
2026-07-06 17:25:00,0.55986,0.55991,0.55981,0.55988,65.0
2026-07-06 17:30:00,0.55986,0.55995,0.55981,0.55987,101.0
2026-07-06 17:35:00,0.55989,0.5599,0.55979,0.55984,59.0
2026-07-06 17:40:00,0.55983,0.55992,0.55982,0.55984,150.0
2026-07-06 17:45:00,0.55985,0.55998,0.55982,0.5599,136.0
2026-07-06 17:50:00,0.55989,0.55995,0.55971,0.55979,113.0
2026-07-06 17:55:00,0.55975,0.55986,0.55968,0.55971,70.0
2026-07-06 18:00:00,0.55975,0.5602,0.55975,0.56011,62.0
2026-07-06 18:05:00,0.56009,0.5601,0.56007,0.5601,15.0
2026-07-06 18:10:00,0.56014,0.56014,0.56006,0.56006,20.0
2026-07-06 18:15:00,0.56006,0.5601,0.56004,0.56007,9.0
2026-07-06 18:20:00,0.56009,0.56012,0.56008,0.56008,13.0
2026-07-06 18:25:00,0.56006,0.56008,0.56006,0.56006,10.0
2026-07-06 18:30:00,0.56004,0.56014,0.56004,0.56012,13.0
2026-07-06 18:35:00,0.56011,0.56012,0.56007,0.56007,28.0
2026-07-06 18:40:00,0.56008,0.56009,0.56007,0.56008,31.0
2026-07-06 18:45:00,0.56007,0.56008,0.56004,0.56005,5.0
2026-07-06 18:50:00,0.56006,0.56006,0.56006,0.56006,1.0
2026-07-06 18:55:00,0.56008,0.5601,0.56006,0.56008,9.0
2026-07-06 19:00:00,0.56008,0.56009,0.56002,0.56005,25.0
2026-07-06 19:05:00,0.56002,0.56008,0.55999,0.56007,18.0
2026-07-06 19:10:00,0.56008,0.5601,0.56007,0.56008,28.0
2026-07-06 19:15:00,0.56008,0.56008,0.56005,0.56006,19.0
2026-07-06 19:20:00,0.56007,0.56008,0.56002,0.56004,21.0
2026-07-06 19:25:00,0.56004,0.56006,0.56004,0.56006,7.0
2026-07-06 19:30:00,0.56004,0.56008,0.56004,0.56007,14.0
2026-07-06 19:35:00,0.56005,0.56009,0.56005,0.56006,6.0
2026-07-06 19:40:00,0.56008,0.56012,0.56005,0.5601,12.0
2026-07-06 19:45:00,0.56012,0.56012,0.56003,0.56008,29.0
2026-07-06 19:50:00,0.56006,0.56006,0.55996,0.56,65.0
2026-07-06 19:55:00,0.56,0.56002,0.55994,0.55997,97.0
2026-07-06 20:00:00,0.55998,0.56,0.55992,0.55996,109.0
2026-07-06 20:05:00,0.55994,0.56008,0.55994,0.56003,80.0
2026-07-06 20:10:00,0.56001,0.56002,0.55994,0.55998,82.0
2026-07-06 20:15:00,0.55995,0.56008,0.55992,0.56006,66.0
2026-07-06 20:20:00,0.5601,0.56018,0.5601,0.56016,71.0
2026-07-06 20:25:00,0.56014,0.5602,0.56002,0.56008,69.0
2026-07-06 20:30:00,0.5601,0.56014,0.56,0.56,70.0
2026-07-06 20:35:00,0.56001,0.56014,0.55998,0.56009,126.0
2026-07-06 20:40:00,0.5601,0.56014,0.56008,0.5601,83.0
2026-07-06 20:45:00,0.56007,0.56009,0.55998,0.56008,49.0
2026-07-06 20:50:00,0.56006,0.56017,0.56002,0.56011,58.0
2026-07-06 20:55:00,0.56013,0.5602,0.55987,0.5599,140.0
2026-07-06 21:00:00,0.55992,0.55992,0.55966,0.5598,146.0
2026-07-06 21:05:00,0.5598,0.55988,0.55976,0.5598,87.0
2026-07-06 21:10:00,0.55978,0.55988,0.55973,0.55976,99.0
2026-07-06 21:15:00,0.55978,0.55984,0.55973,0.55974,86.0
2026-07-06 21:20:00,0.55975,0.55982,0.55971,0.55977,64.0
2026-07-06 21:25:00,0.55979,0.55998,0.55979,0.55996,54.0
2026-07-06 21:30:00,0.55995,0.55997,0.55983,0.5599,123.0
2026-07-06 21:35:00,0.55993,0.56002,0.55985,0.5599,70.0
2026-07-06 21:40:00,0.5599,0.56008,0.5599,0.56004,48.0
2026-07-06 21:45:00,0.56003,0.56022,0.56003,0.56011,106.0
2026-07-06 21:50:00,0.56014,0.5602,0.56011,0.56018,75.0
2026-07-06 21:55:00,0.56016,0.56021,0.56008,0.56014,90.0
2026-07-06 22:00:00,0.56016,0.56024,0.56012,0.5602,89.0
2026-07-06 22:05:00,0.56018,0.56022,0.56015,0.56015,53.0
2026-07-06 22:10:00,0.56016,0.5602,0.56011,0.56014,121.0
2026-07-06 22:15:00,0.56015,0.56016,0.55996,0.55996,128.0
2026-07-06 22:20:00,0.55995,0.56,0.55988,0.55999,68.0
2026-07-06 22:25:00,0.55999,0.55999,0.5599,0.5599,69.0
2026-07-06 22:30:00,0.5599,0.56004,0.55989,0.55999,73.0
2026-07-06 22:35:00,0.56002,0.56007,0.55998,0.56004,121.0
2026-07-06 22:40:00,0.56007,0.56007,0.55992,0.55994,85.0
2026-07-06 22:45:00,0.55996,0.56001,0.55985,0.55988,63.0
2026-07-06 22:50:00,0.55989,0.55992,0.55985,0.55991,59.0
2026-07-06 22:55:00,0.55988,0.55996,0.55986,0.55989,62.0
2026-07-06 23:00:00,0.55992,0.55998,0.55988,0.55992,167.0
2026-07-06 23:05:00,0.55995,0.56,0.55987,0.55996,54.0
2026-07-06 23:10:00,0.56,0.56002,0.55991,0.55993,49.0
2026-07-06 23:15:00,0.55994,0.55994,0.55976,0.55976,123.0
2026-07-06 23:20:00,0.55979,0.55984,0.55974,0.55974,46.0
2026-07-06 23:25:00,0.5597,0.55972,0.55958,0.5596,75.0
2026-07-06 23:30:00,0.55957,0.55965,0.55947,0.5596,56.0
2026-07-06 23:35:00,0.55959,0.55968,0.55957,0.55966,58.0
2026-07-06 23:40:00,0.55964,0.55967,0.55956,0.55958,98.0
2026-07-06 23:45:00,0.55956,0.55956,0.55927,0.55934,114.0
2026-07-06 23:50:00,0.55937,0.55945,0.55937,0.55944,72.0
2026-07-06 23:55:00,0.55942,0.55958,0.55942,0.55958,65.0
2026-07-07 00:00:00,0.5596,0.55967,0.5596,0.55965,77.0
2026-07-07 00:05:00,0.55967,0.55974,0.55967,0.5597,53.0
2026-07-07 00:10:00,0.5597,0.5597,0.55962,0.55966,90.0
2026-07-07 00:15:00,0.55966,0.55968,0.55948,0.55949,57.0
2026-07-07 00:20:00,0.55948,0.55956,0.55948,0.55956,49.0
2026-07-07 00:25:00,0.55954,0.55958,0.55948,0.5595,60.0
2026-07-07 00:30:00,0.55948,0.55954,0.55942,0.55948,45.0
2026-07-07 00:35:00,0.55945,0.55951,0.55945,0.5595,52.0
2026-07-07 00:40:00,0.5595,0.55952,0.55941,0.55941,62.0
2026-07-07 00:45:00,0.55944,0.55952,0.55941,0.55941,53.0
2026-07-07 00:50:00,0.5594,0.55946,0.55936,0.55939,57.0
2026-07-07 00:55:00,0.55938,0.55944,0.55934,0.55934,37.0
2026-07-07 01:00:00,0.55934,0.55935,0.55922,0.55925,117.0
2026-07-07 01:05:00,0.55926,0.5593,0.55906,0.55908,75.0
2026-07-07 01:10:00,0.55908,0.55911,0.55894,0.55909,117.0
2026-07-07 01:15:00,0.55908,0.55917,0.55906,0.55911,111.0
2026-07-07 01:20:00,0.55909,0.55928,0.55906,0.55924,172.0
2026-07-07 01:25:00,0.55923,0.55932,0.55914,0.5593,143.0
2026-07-07 01:30:00,0.55932,0.55938,0.55928,0.5593,199.0
2026-07-07 01:35:00,0.55928,0.55942,0.55928,0.55934,152.0
2026-07-07 01:40:00,0.55936,0.55942,0.55928,0.55942,126.0
2026-07-07 01:45:00,0.55945,0.55954,0.55936,0.55954,100.0
2026-07-07 01:50:00,0.55955,0.55964,0.55954,0.55956,92.0
2026-07-07 01:55:00,0.55959,0.55968,0.55956,0.5596,78.0
2026-07-07 02:00:00,0.5596,0.55966,0.55954,0.55965,64.0
2026-07-07 02:05:00,0.55966,0.5597,0.55956,0.55956,39.0
2026-07-07 02:10:00,0.55958,0.55968,0.55956,0.55958,59.0
2026-07-07 02:15:00,0.55956,0.55962,0.55952,0.5596,46.0
2026-07-07 02:20:00,0.55964,0.55971,0.55958,0.55971,26.0
2026-07-07 02:25:00,0.5597,0.55976,0.55962,0.55964,28.0
2026-07-07 02:30:00,0.55963,0.55971,0.55958,0.55964,25.0
2026-07-07 02:35:00,0.55966,0.5597,0.55964,0.55966,19.0
2026-07-07 02:40:00,0.55966,0.55978,0.55966,0.55968,43.0
2026-07-07 02:45:00,0.5597,0.5597,0.5596,0.5596,22.0
2026-07-07 02:50:00,0.55958,0.5597,0.55958,0.5597,35.0
2026-07-07 02:55:00,0.55974,0.5598,0.55971,0.55976,31.0
2026-07-07 03:00:00,0.5598,0.55994,0.55974,0.55987,52.0
2026-07-07 03:05:00,0.55987,0.55999,0.55983,0.55988,60.0
2026-07-07 03:10:00,0.55988,0.55994,0.55976,0.55989,81.0
2026-07-07 03:15:00,0.55988,0.55998,0.55964,0.55965,83.0
2026-07-07 03:20:00,0.55963,0.55988,0.55963,0.55983,59.0
2026-07-07 03:25:00,0.55982,0.56001,0.55982,0.55998,37.0
2026-07-07 03:30:00,0.55997,0.56004,0.55995,0.56,32.0
2026-07-07 03:35:00,0.56,0.56002,0.5599,0.55997,20.0
2026-07-07 03:40:00,0.55992,0.55997,0.55985,0.55995,44.0
2026-07-07 03:45:00,0.55997,0.56001,0.55988,0.5599,52.0
2026-07-07 03:50:00,0.5599,0.55993,0.55984,0.55989,32.0
2026-07-07 03:55:00,0.55991,0.55991,0.55974,0.5598,36.0
2026-07-07 04:00:00,0.5598,0.55998,0.5598,0.55983,58.0
2026-07-07 04:05:00,0.55982,0.55984,0.55976,0.55981,26.0
2026-07-07 04:10:00,0.55978,0.55998,0.55978,0.55993,49.0
2026-07-07 04:15:00,0.55993,0.56011,0.55992,0.56006,45.0
2026-07-07 04:20:00,0.56005,0.56008,0.55992,0.55994,40.0
2026-07-07 04:25:00,0.55992,0.55994,0.55981,0.5599,76.0
2026-07-07 04:30:00,0.55994,0.55994,0.5598,0.55986,42.0
2026-07-07 04:35:00,0.5599,0.5599,0.55978,0.5598,33.0
2026-07-07 04:40:00,0.55981,0.55992,0.5598,0.55984,33.0
2026-07-07 04:45:00,0.55987,0.55996,0.55985,0.5599,56.0
2026-07-07 04:50:00,0.55991,0.55992,0.55972,0.55978,57.0
2026-07-07 04:55:00,0.55978,0.55982,0.5597,0.55974,64.0
2026-07-07 05:00:00,0.55973,0.55986,0.5597,0.55984,69.0
2026-07-07 05:05:00,0.55986,0.56002,0.55984,0.5599,51.0
2026-07-07 05:10:00,0.55994,0.56002,0.5599,0.56,46.0
2026-07-07 05:15:00,0.56,0.56008,0.5599,0.56006,39.0
2026-07-07 05:20:00,0.56005,0.56008,0.56002,0.56005,52.0
2026-07-07 05:25:00,0.56004,0.56008,0.55994,0.55996,63.0
2026-07-07 05:30:00,0.55999,0.55999,0.5599,0.5599,38.0
2026-07-07 05:35:00,0.55988,0.56004,0.55988,0.56004,43.0
2026-07-07 05:40:00,0.56005,0.5602,0.56005,0.5602,34.0
2026-07-07 05:45:00,0.56023,0.56034,0.56022,0.5603,43.0
2026-07-07 05:50:00,0.56029,0.56037,0.56029,0.56037,38.0
2026-07-07 05:55:00,0.5604,0.5604,0.56034,0.56036,41.0
2026-07-07 06:00:00,0.56038,0.56042,0.56028,0.56036,72.0
2026-07-07 06:05:00,0.56038,0.56044,0.56034,0.56044,38.0
2026-07-07 06:10:00,0.56044,0.56047,0.56038,0.56043,45.0
2026-07-07 06:15:00,0.56042,0.56054,0.56042,0.56054,65.0
2026-07-07 06:20:00,0.56051,0.56054,0.56049,0.56054,15.0
2026-07-07 06:25:00,0.56054,0.56054,0.56048,0.56052,23.0
2026-07-07 06:30:00,0.56048,0.56051,0.56033,0.56035,54.0
2026-07-07 06:35:00,0.56037,0.5604,0.56031,0.56032,51.0
2026-07-07 06:40:00,0.5603,0.56038,0.5603,0.56036,15.0
2026-07-07 06:45:00,0.56038,0.56039,0.56031,0.56032,22.0
2026-07-07 06:50:00,0.56031,0.56032,0.56024,0.56029,19.0
2026-07-07 06:55:00,0.56028,0.5603,0.56018,0.56029,44.0
2026-07-07 07:00:00,0.56028,0.56028,0.56013,0.5602,88.0
2026-07-07 07:05:00,0.56022,0.5603,0.56019,0.56024,45.0
2026-07-07 07:10:00,0.56024,0.5603,0.56022,0.56027,104.0
2026-07-07 07:15:00,0.56028,0.5604,0.56028,0.56036,147.0
2026-07-07 07:20:00,0.56036,0.56044,0.56032,0.56038,85.0
2026-07-07 07:25:00,0.56036,0.56037,0.5603,0.56032,50.0
2026-07-07 07:30:00,0.56034,0.56039,0.5603,0.56031,42.0
2026-07-07 07:35:00,0.56032,0.56032,0.5602,0.56028,38.0
2026-07-07 07:40:00,0.56029,0.56038,0.56024,0.56028,41.0
2026-07-07 07:45:00,0.56028,0.56028,0.56013,0.56016,41.0
2026-07-07 07:50:00,0.56018,0.56044,0.56014,0.56039,65.0
2026-07-07 07:55:00,0.56042,0.56044,0.56018,0.56028,162.0
2026-07-07 08:00:00,0.56026,0.56026,0.56013,0.56016,80.0
2026-07-07 08:05:00,0.56017,0.56028,0.56013,0.5602,45.0
2026-07-07 08:10:00,0.56022,0.56022,0.56008,0.56012,43.0
2026-07-07 08:15:00,0.56007,0.56014,0.56,0.56008,80.0
2026-07-07 08:20:00,0.56006,0.56008,0.55996,0.56001,42.0
2026-07-07 08:25:00,0.56002,0.56002,0.55992,0.56,38.0
2026-07-07 08:30:00,0.56,0.56019,0.56,0.56014,103.0
2026-07-07 08:35:00,0.56014,0.5602,0.56008,0.5602,111.0
2026-07-07 08:40:00,0.56018,0.56031,0.56018,0.56024,94.0
2026-07-07 08:45:00,0.56024,0.56024,0.56012,0.56014,74.0
2026-07-07 08:50:00,0.56014,0.56016,0.5601,0.5601,14.0
2026-07-07 08:55:00,0.56012,0.56021,0.5601,0.56014,71.0
2026-07-07 09:00:00,0.56015,0.56022,0.5601,0.5601,65.0
2026-07-07 09:05:00,0.5601,0.56021,0.56004,0.5601,60.0
2026-07-07 09:10:00,0.5601,0.56018,0.56008,0.56016,59.0
2026-07-07 09:15:00,0.56013,0.56015,0.56004,0.56008,98.0
2026-07-07 09:20:00,0.56004,0.56015,0.56002,0.56004,134.0
2026-07-07 09:25:00,0.56002,0.56006,0.55989,0.55991,56.0
2026-07-07 09:30:00,0.5599,0.56,0.55974,0.55976,146.0
2026-07-07 09:35:00,0.55974,0.55986,0.55966,0.55981,170.0
2026-07-07 09:40:00,0.5598,0.56001,0.55978,0.55994,158.0
2026-07-07 09:45:00,0.55996,0.55996,0.55966,0.55974,115.0
2026-07-07 09:50:00,0.55974,0.55978,0.55954,0.5596,241.0
2026-07-07 09:55:00,0.5596,0.55976,0.55952,0.55954,120.0
2026-07-07 10:00:00,0.55956,0.55972,0.55952,0.5597,182.0
2026-07-07 10:05:00,0.55968,0.55989,0.55968,0.55976,166.0
2026-07-07 10:10:00,0.55976,0.5598,0.55962,0.55964,173.0
2026-07-07 10:15:00,0.55964,0.55976,0.55956,0.55968,178.0
2026-07-07 10:20:00,0.55968,0.5597,0.55954,0.55954,114.0
2026-07-07 10:25:00,0.55956,0.55968,0.5595,0.55956,96.0
2026-07-07 10:30:00,0.55953,0.55956,0.5594,0.55954,175.0
2026-07-07 10:35:00,0.55954,0.55957,0.55944,0.55954,139.0
2026-07-07 10:40:00,0.55954,0.55958,0.55945,0.55948,163.0
2026-07-07 10:45:00,0.5595,0.55954,0.55941,0.5595,136.0
2026-07-07 10:50:00,0.5595,0.55952,0.5594,0.55947,97.0
2026-07-07 10:55:00,0.5595,0.55964,0.55946,0.55949,107.0
2026-07-07 11:00:00,0.55948,0.5595,0.55936,0.55944,190.0
2026-07-07 11:05:00,0.55946,0.5596,0.55938,0.55956,77.0
2026-07-07 11:10:00,0.55956,0.55964,0.55954,0.55958,85.0
2026-07-07 11:15:00,0.55954,0.55958,0.5593,0.55933,138.0
2026-07-07 11:20:00,0.55932,0.55936,0.55928,0.55935,69.0
2026-07-07 11:25:00,0.55936,0.55942,0.55931,0.55942,74.0
2026-07-07 11:30:00,0.55942,0.55954,0.55941,0.55941,140.0
2026-07-07 11:35:00,0.55938,0.55944,0.55932,0.55932,46.0
2026-07-07 11:40:00,0.55934,0.5595,0.55933,0.5595,65.0
2026-07-07 11:45:00,0.5595,0.55968,0.5595,0.55958,101.0
2026-07-07 11:50:00,0.55956,0.55966,0.55956,0.55962,44.0
2026-07-07 11:55:00,0.55962,0.55964,0.55958,0.5596,104.0
2026-07-07 12:00:00,0.55962,0.55972,0.5596,0.5597,69.0
2026-07-07 12:05:00,0.55968,0.55977,0.55966,0.5597,59.0
2026-07-07 12:10:00,0.55972,0.55972,0.55964,0.55966,106.0
2026-07-07 12:15:00,0.55964,0.5598,0.5596,0.55975,80.0
2026-07-07 12:20:00,0.55977,0.55998,0.55975,0.55995,28.0
2026-07-07 12:25:00,0.55994,0.55998,0.55993,0.55996,61.0
2026-07-07 12:30:00,0.55994,0.55994,0.55979,0.55984,51.0
2026-07-07 12:35:00,0.55982,0.55986,0.55976,0.55979,43.0
2026-07-07 12:40:00,0.5598,0.5599,0.5598,0.5599,32.0
2026-07-07 12:45:00,0.5599,0.5599,0.55983,0.55984,44.0
2026-07-07 12:50:00,0.55987,0.5599,0.5598,0.55988,74.0
2026-07-07 12:55:00,0.5599,0.55992,0.5598,0.55992,68.0
2026-07-07 13:00:00,0.55989,0.56001,0.55988,0.55999,80.0
2026-07-07 13:05:00,0.55997,0.56003,0.55994,0.56003,35.0
2026-07-07 13:10:00,0.56002,0.56003,0.55995,0.55995,49.0
2026-07-07 13:15:00,0.55996,0.55996,0.55988,0.5599,57.0
2026-07-07 13:20:00,0.55992,0.55994,0.55983,0.55994,60.0
2026-07-07 13:25:00,0.55992,0.55994,0.55988,0.5599,31.0
2026-07-07 13:30:00,0.55993,0.56002,0.55991,0.55998,85.0
2026-07-07 13:35:00,0.56,0.56004,0.55996,0.55998,83.0
2026-07-07 13:40:00,0.55998,0.56005,0.55998,0.56002,32.0
2026-07-07 13:45:00,0.56,0.56008,0.55999,0.56008,24.0
2026-07-07 13:50:00,0.56007,0.56008,0.56,0.56008,30.0
2026-07-07 13:55:00,0.56005,0.56005,0.55996,0.56001,17.0
2026-07-07 14:00:00,0.56003,0.56013,0.56002,0.56006,29.0
2026-07-07 14:05:00,0.56004,0.5601,0.55999,0.55999,47.0
2026-07-07 14:10:00,0.55999,0.56002,0.55998,0.55998,24.0
2026-07-07 14:15:00,0.56002,0.56004,0.55999,0.56004,15.0
2026-07-07 14:20:00,0.56002,0.56004,0.55996,0.55998,31.0
2026-07-07 14:25:00,0.56,0.56003,0.55998,0.55998,12.0
2026-07-07 14:30:00,0.56,0.56002,0.55994,0.55994,38.0
2026-07-07 14:35:00,0.55996,0.56,0.55994,0.55994,35.0
2026-07-07 14:40:00,0.55997,0.55997,0.55991,0.55995,24.0
2026-07-07 14:45:00,0.55996,0.56,0.55984,0.55996,46.0
2026-07-07 14:50:00,0.55993,0.56003,0.55986,0.56001,79.0
2026-07-07 14:55:00,0.56003,0.56003,0.5599,0.55997,76.0
2026-07-07 15:00:00,0.55998,0.55999,0.55986,0.55996,63.0
2026-07-07 15:05:00,0.55999,0.56004,0.55984,0.55992,67.0
2026-07-07 15:10:00,0.55995,0.55995,0.55986,0.55986,36.0
2026-07-07 15:15:00,0.55984,0.55984,0.55974,0.5598,69.0
2026-07-07 15:20:00,0.55978,0.55984,0.55974,0.55981,91.0
2026-07-07 15:25:00,0.55984,0.56002,0.55979,0.55999,37.0
2026-07-07 15:30:00,0.56,0.56018,0.56,0.56016,179.0
2026-07-07 15:35:00,0.56014,0.56016,0.56009,0.56012,39.0
2026-07-07 15:40:00,0.56014,0.56014,0.56008,0.56012,37.0
2026-07-07 15:45:00,0.56014,0.56018,0.5601,0.56016,44.0
2026-07-07 15:50:00,0.5602,0.56022,0.5601,0.56021,77.0
