Timestamp,Open,High,Low,Close,Volume
2026-06-08 20:00:00,0.56189,0.56192,0.56157,0.56165,458.0
2026-06-08 20:15:00,0.56161,0.56183,0.56158,0.56175,303.0
2026-06-08 20:30:00,0.56179,0.56196,0.56168,0.56186,316.0
2026-06-08 20:45:00,0.56184,0.56214,0.56181,0.56212,351.0
2026-06-08 21:00:00,0.56212,0.56233,0.5621,0.56224,250.0
2026-06-08 21:15:00,0.56222,0.56252,0.5622,0.56245,560.0
2026-06-08 21:30:00,0.56244,0.56277,0.5624,0.56277,447.0
2026-06-08 21:45:00,0.56276,0.56284,0.56265,0.56274,419.0
2026-06-08 22:00:00,0.56276,0.56282,0.5626,0.5627,434.0
2026-06-08 22:15:00,0.56268,0.56272,0.56212,0.56234,281.0
2026-06-08 22:30:00,0.56236,0.56243,0.56216,0.56224,267.0
2026-06-08 22:45:00,0.56228,0.56236,0.56198,0.56218,260.0
2026-06-08 23:00:00,0.56218,0.56224,0.56189,0.56191,310.0
2026-06-08 23:15:00,0.56194,0.56206,0.56174,0.56184,287.0
2026-06-08 23:30:00,0.56186,0.56201,0.56164,0.5618,393.0
2026-06-08 23:45:00,0.56183,0.5619,0.56168,0.5619,266.0
2026-06-09 00:00:00,0.56188,0.56206,0.56173,0.56204,253.0
2026-06-09 00:15:00,0.56204,0.56227,0.56198,0.56224,139.0
2026-06-09 00:30:00,0.56224,0.56248,0.56214,0.56233,229.0
2026-06-09 00:45:00,0.56231,0.5624,0.56222,0.5623,175.0
2026-06-09 01:00:00,0.56232,0.5625,0.56225,0.5623,287.0
2026-06-09 01:15:00,0.56234,0.56237,0.56186,0.56186,340.0
2026-06-09 01:30:00,0.56188,0.56222,0.56186,0.5621,339.0
2026-06-09 01:45:00,0.56214,0.56223,0.56202,0.56203,268.0
2026-06-09 02:00:00,0.56208,0.56272,0.56208,0.56268,226.0
2026-06-09 02:15:00,0.56266,0.56284,0.56224,0.56234,302.0
2026-06-09 02:30:00,0.56234,0.5626,0.56232,0.56245,216.0
2026-06-09 02:45:00,0.56247,0.56247,0.56204,0.56221,256.0
2026-06-09 03:00:00,0.56219,0.56246,0.56208,0.56218,274.0
2026-06-09 03:15:00,0.56216,0.5623,0.56204,0.56213,249.0
2026-06-09 03:30:00,0.5621,0.56222,0.56185,0.56191,252.0
2026-06-09 03:45:00,0.56188,0.56216,0.56182,0.56202,135.0
2026-06-09 04:00:00,0.56204,0.5623,0.56176,0.56228,392.0
2026-06-09 04:15:00,0.56226,0.56226,0.56178,0.56178,280.0
2026-06-09 04:30:00,0.56176,0.56193,0.5617,0.56177,179.0
2026-06-09 04:45:00,0.5618,0.56181,0.56147,0.56166,161.0
2026-06-09 05:00:00,0.5617,0.5618,0.56148,0.56166,216.0
2026-06-09 05:15:00,0.5617,0.56187,0.56162,0.56163,156.0
2026-06-09 05:30:00,0.56164,0.56167,0.56144,0.56152,128.0
2026-06-09 05:45:00,0.5615,0.5617,0.56148,0.56148,140.0
2026-06-09 06:00:00,0.56145,0.5617,0.56126,0.56156,264.0
2026-06-09 06:15:00,0.56154,0.56194,0.56149,0.56189,125.0
2026-06-09 06:30:00,0.56191,0.56193,0.56178,0.56187,98.0
2026-06-09 06:45:00,0.56185,0.56195,0.5618,0.56188,133.0
2026-06-09 07:00:00,0.56189,0.5619,0.5616,0.56168,179.0
2026-06-09 07:15:00,0.56166,0.56176,0.56147,0.5615,141.0
2026-06-09 07:30:00,0.56149,0.56178,0.56149,0.56176,170.0
2026-06-09 07:45:00,0.56176,0.5618,0.56171,0.56174,208.0
2026-06-09 08:00:00,0.56172,0.56172,0.56155,0.56166,145.0
2026-06-09 08:15:00,0.56164,0.56183,0.56158,0.5616,224.0
2026-06-09 08:30:00,0.5616,0.56172,0.56154,0.56164,233.0
2026-06-09 08:45:00,0.56162,0.56182,0.56162,0.56178,413.0
2026-06-09 09:00:00,0.5618,0.56188,0.56147,0.56153,506.0
2026-06-09 09:15:00,0.56154,0.56154,0.5613,0.5614,292.0
2026-06-09 09:30:00,0.56138,0.56144,0.56088,0.56096,510.0
2026-06-09 09:45:00,0.56094,0.56131,0.56092,0.56115,619.0
2026-06-09 10:00:00,0.56116,0.56148,0.56104,0.56116,588.0
2026-06-09 10:15:00,0.56112,0.56132,0.561,0.56124,603.0
2026-06-09 10:30:00,0.56124,0.56138,0.56086,0.56096,545.0
2026-06-09 10:45:00,0.56093,0.56106,0.56064,0.56106,783.0
2026-06-09 11:00:00,0.56108,0.56124,0.56086,0.5612,801.0
2026-06-09 11:15:00,0.5612,0.56122,0.56038,0.56044,747.0
2026-06-09 11:30:00,0.56046,0.5607,0.56037,0.56059,731.0
2026-06-09 11:45:00,0.56062,0.56088,0.56015,0.56018,493.0
2026-06-09 12:00:00,0.5602,0.56044,0.56006,0.56031,623.0
2026-06-09 12:15:00,0.5603,0.56051,0.56006,0.56028,563.0
2026-06-09 12:30:00,0.56026,0.5603,0.55974,0.5599,852.0
2026-06-09 12:45:00,0.55988,0.56025,0.55988,0.5601,582.0
2026-06-09 13:00:00,0.56012,0.56054,0.5601,0.56033,504.0
2026-06-09 13:15:00,0.56031,0.56056,0.5602,0.5604,358.0
2026-06-09 13:30:00,0.56039,0.56074,0.56036,0.5606,207.0
2026-06-09 13:45:00,0.56062,0.56072,0.56044,0.56064,259.0
2026-06-09 14:00:00,0.56064,0.56084,0.56058,0.56082,226.0
2026-06-09 14:15:00,0.56078,0.56096,0.56072,0.56093,231.0
2026-06-09 14:30:00,0.56096,0.56104,0.56085,0.56092,220.0
2026-06-09 14:45:00,0.56092,0.56123,0.56089,0.56113,208.0
2026-06-09 15:00:00,0.5611,0.56117,0.56093,0.56094,257.0
2026-06-09 15:15:00,0.56092,0.56102,0.5608,0.56098,236.0
2026-06-09 15:30:00,0.56097,0.56109,0.56086,0.56094,160.0
2026-06-09 15:45:00,0.56097,0.56125,0.56086,0.5612,271.0
2026-06-09 16:00:00,0.56122,0.56128,0.5611,0.5611,123.0
2026-06-09 16:15:00,0.56112,0.56118,0.5611,0.56112,46.0
2026-06-09 16:30:00,0.5611,0.56112,0.56102,0.56106,56.0
2026-06-09 16:45:00,0.56105,0.5611,0.56084,0.5609,252.0
2026-06-09 17:00:00,0.5611,0.56141,0.56078,0.56122,101.0
2026-06-09 17:15:00,0.5612,0.56136,0.56037,0.56051,403.0
2026-06-09 17:30:00,0.5605,0.56086,0.56036,0.56084,426.0
2026-06-09 17:45:00,0.56088,0.56112,0.5606,0.56063,848.0
2026-06-09 18:00:00,0.56062,0.56106,0.56062,0.56101,119.0
2026-06-09 18:15:00,0.561,0.56108,0.56092,0.56095,61.0
2026-06-09 18:30:00,0.56096,0.56104,0.56089,0.56098,262.0
2026-06-09 18:45:00,0.56098,0.56098,0.56074,0.5608,222.0
2026-06-09 19:00:00,0.56083,0.56102,0.56082,0.56088,142.0
2026-06-09 19:15:00,0.56086,0.56092,0.56073,0.56076,105.0
2026-06-09 19:30:00,0.56074,0.56095,0.5607,0.56095,154.0
2026-06-09 19:45:00,0.56096,0.56144,0.56092,0.56144,201.0
2026-06-09 20:00:00,0.56141,0.56161,0.56115,0.56161,389.0
2026-06-09 20:15:00,0.56162,0.56168,0.56142,0.56151,281.0
2026-06-09 20:30:00,0.56152,0.56152,0.56094,0.56107,348.0
2026-06-09 20:45:00,0.56104,0.56162,0.56096,0.5615,528.0
2026-06-09 21:00:00,0.56149,0.56158,0.56132,0.56149,441.0
2026-06-09 21:15:00,0.56148,0.56164,0.56138,0.56155,336.0
2026-06-09 21:30:00,0.56156,0.56178,0.56148,0.56162,559.0
2026-06-09 21:45:00,0.56166,0.56184,0.56155,0.56166,326.0
2026-06-09 22:00:00,0.56166,0.56171,0.56134,0.56141,301.0
2026-06-09 22:15:00,0.56144,0.56144,0.5612,0.56144,289.0
2026-06-09 22:30:00,0.56146,0.56152,0.56119,0.56126,256.0
2026-06-09 22:45:00,0.56124,0.56136,0.56112,0.56119,538.0
2026-06-09 23:00:00,0.5612,0.56141,0.56116,0.56132,354.0
2026-06-09 23:15:00,0.56135,0.56142,0.56124,0.5613,310.0
2026-06-09 23:30:00,0.56129,0.5613,0.56114,0.56125,228.0
2026-06-09 23:45:00,0.56124,0.56134,0.56124,0.5613,255.0
2026-06-10 00:00:00,0.5613,0.56136,0.56108,0.5611,297.0
2026-06-10 00:15:00,0.56112,0.56124,0.56102,0.56108,367.0
2026-06-10 00:30:00,0.56107,0.5611,0.56066,0.5607,340.0
2026-06-10 00:45:00,0.5607,0.56094,0.56069,0.56081,498.0
2026-06-10 01:00:00,0.5608,0.5608,0.56033,0.56036,493.0
2026-06-10 01:15:00,0.56036,0.56053,0.5601,0.5605,342.0
2026-06-10 01:30:00,0.56053,0.56055,0.56006,0.56016,483.0
2026-06-10 01:45:00,0.56012,0.56026,0.56003,0.56016,436.0
2026-06-10 02:00:00,0.56016,0.56058,0.56016,0.56034,246.0
2026-06-10 02:15:00,0.56032,0.56036,0.5601,0.56014,232.0
2026-06-10 02:30:00,0.56012,0.56029,0.56005,0.56014,365.0
2026-06-10 02:45:00,0.56011,0.56042,0.56011,0.56025,311.0
2026-06-10 03:00:00,0.56022,0.56045,0.56016,0.56025,208.0
2026-06-10 03:15:00,0.56022,0.5603,0.56004,0.5602,172.0
2026-06-10 03:30:00,0.56018,0.5605,0.56014,0.56049,175.0
2026-06-10 03:45:00,0.56048,0.56056,0.56034,0.56036,176.0
2026-06-10 04:00:00,0.56034,0.56036,0.56002,0.56017,309.0
2026-06-10 04:15:00,0.56014,0.56038,0.56013,0.56029,246.0
2026-06-10 04:30:00,0.56028,0.56051,0.5602,0.56022,168.0
2026-06-10 04:45:00,0.5602,0.56034,0.55998,0.55998,290.0
2026-06-10 05:00:00,0.55996,0.56,0.55964,0.55964,302.0
2026-06-10 05:15:00,0.55962,0.56,0.55954,0.55996,242.0
2026-06-10 05:30:00,0.55995,0.56001,0.55964,0.55968,234.0
2026-06-10 05:45:00,0.55964,0.55987,0.55964,0.5598,180.0
2026-06-10 06:00:00,0.55982,0.55984,0.55958,0.55958,187.0
2026-06-10 06:15:00,0.55959,0.55978,0.5595,0.55956,200.0
2026-06-10 06:30:00,0.55956,0.55966,0.55946,0.55966,283.0
2026-06-10 06:45:00,0.55965,0.56004,0.55962,0.56,410.0
2026-06-10 07:00:00,0.56,0.56005,0.55952,0.55994,550.0
2026-06-10 07:15:00,0.5599,0.55994,0.55936,0.55946,351.0
2026-06-10 07:30:00,0.55944,0.55958,0.5593,0.55948,260.0
2026-06-10 07:45:00,0.55945,0.55963,0.5594,0.55955,230.0
2026-06-10 08:00:00,0.55957,0.55986,0.55936,0.5598,303.0
2026-06-10 08:15:00,0.55976,0.56004,0.5596,0.56004,331.0
2026-06-10 08:30:00,0.56006,0.56074,0.5596,0.55984,1837.0
2026-06-10 08:45:00,0.55983,0.56,0.55958,0.55971,559.0
2026-06-10 09:00:00,0.55974,0.55994,0.5596,0.55994,443.0
2026-06-10 09:15:00,0.55992,0.56014,0.55976,0.56003,536.0
2026-06-10 09:30:00,0.56,0.56053,0.55991,0.5605,759.0
2026-06-10 09:45:00,0.56051,0.5606,0.56032,0.56052,835.0
2026-06-10 10:00:00,0.56054,0.56066,0.5603,0.5604,568.0
2026-06-10 10:15:00,0.56039,0.56046,0.56017,0.56032,567.0
2026-06-10 10:30:00,0.56032,0.56052,0.56016,0.56036,496.0
2026-06-10 10:45:00,0.56034,0.56051,0.56006,0.56024,1044.0
2026-06-10 11:00:00,0.56026,0.56059,0.56021,0.5603,770.0
2026-06-10 11:15:00,0.56028,0.56038,0.56008,0.56028,567.0
2026-06-10 11:30:00,0.56027,0.56087,0.5602,0.56084,437.0
2026-06-10 11:45:00,0.56082,0.56083,0.56002,0.56055,960.0
2026-06-10 12:00:00,0.5606,0.5606,0.56032,0.56032,473.0
2026-06-10 12:15:00,0.56034,0.56061,0.56028,0.5606,342.0
2026-06-10 12:30:00,0.56058,0.56078,0.56049,0.56053,274.0
2026-06-10 12:45:00,0.56054,0.56059,0.56034,0.56038,312.0
2026-06-10 13:00:00,0.5604,0.56064,0.56036,0.5605,310.0
2026-06-10 13:15:00,0.56049,0.56062,0.56038,0.56062,300.0
2026-06-10 13:30:00,0.56064,0.56064,0.56024,0.56026,255.0
2026-06-10 13:45:00,0.56024,0.56064,0.56023,0.56054,323.0
2026-06-10 14:00:00,0.56057,0.56068,0.5605,0.56054,251.0
2026-06-10 14:15:00,0.56051,0.56058,0.56036,0.56046,290.0
2026-06-10 14:30:00,0.56046,0.56048,0.56034,0.5604,177.0
2026-06-10 14:45:00,0.56038,0.56041,0.5601,0.56038,231.0
2026-06-10 15:00:00,0.56038,0.56044,0.56014,0.56016,205.0
2026-06-10 15:15:00,0.56019,0.5602,0.55985,0.55996,161.0
2026-06-10 15:30:00,0.55995,0.56014,0.55994,0.56006,244.0
2026-06-10 15:45:00,0.56007,0.5602,0.55991,0.55993,245.0
2026-06-10 16:00:00,0.55992,0.55998,0.55978,0.55988,122.0
2026-06-10 16:15:00,0.5599,0.56001,0.55986,0.5599,70.0
2026-06-10 16:30:00,0.5599,0.55992,0.55982,0.55987,55.0
2026-06-10 16:45:00,0.55984,0.55986,0.5597,0.55978,258.0
2026-06-10 17:00:00,0.55917,0.56008,0.55916,0.55974,1507.0
2026-06-10 17:15:00,0.55975,0.5598,0.55933,0.55964,193.0
2026-06-10 17:30:00,0.55963,0.55967,0.55934,0.5595,387.0
2026-06-10 17:45:00,0.55957,0.55966,0.55938,0.55944,1011.0
2026-06-10 18:00:00,0.5595,0.55972,0.55939,0.55948,294.0
2026-06-10 18:15:00,0.55949,0.55949,0.55929,0.55942,141.0
2026-06-10 18:30:00,0.55942,0.55964,0.55942,0.55962,125.0
2026-06-10 18:45:00,0.5596,0.55972,0.55945,0.55948,187.0
2026-06-10 19:00:00,0.55952,0.55963,0.55941,0.55954,260.0
2026-06-10 19:15:00,0.55954,0.5599,0.55943,0.55969,349.0
2026-06-10 19:30:00,0.55972,0.55987,0.55958,0.55975,137.0
2026-06-10 19:45:00,0.55972,0.55973,0.55943,0.55952,292.0
2026-06-10 20:00:00,0.55948,0.55964,0.55915,0.55935,407.0
2026-06-10 20:15:00,0.55938,0.55975,0.55937,0.55963,334.0
2026-06-10 20:30:00,0.55966,0.55966,0.5592,0.55926,336.0
2026-06-10 20:45:00,0.55924,0.55942,0.55913,0.55929,365.0
2026-06-10 21:00:00,0.55932,0.55966,0.5592,0.55951,381.0
2026-06-10 21:15:00,0.55948,0.55958,0.5593,0.55938,290.0
2026-06-10 21:30:00,0.5594,0.55946,0.55928,0.55933,441.0
2026-06-10 21:45:00,0.55934,0.55943,0.55908,0.55942,369.0
2026-06-10 22:00:00,0.5594,0.55942,0.55906,0.55909,429.0
2026-06-10 22:15:00,0.5591,0.55925,0.559,0.55903,403.0
2026-06-10 22:30:00,0.55902,0.55931,0.55898,0.55926,403.0
2026-06-10 22:45:00,0.55926,0.55939,0.55924,0.55926,329.0
2026-06-10 23:00:00,0.55928,0.5593,0.55898,0.55908,299.0
2026-06-10 23:15:00,0.5591,0.55931,0.55909,0.55922,280.0
2026-06-10 23:30:00,0.55922,0.55938,0.55917,0.55929,396.0
2026-06-10 23:45:00,0.5593,0.5593,0.55916,0.55922,396.0
2026-06-11 00:00:00,0.55924,0.5594,0.5592,0.55932,287.0
2026-06-11 00:15:00,0.55932,0.55936,0.55922,0.5593,236.0
2026-06-11 00:30:00,0.5593,0.55958,0.5593,0.55954,201.0
2026-06-11 00:45:00,0.55956,0.55964,0.55935,0.55955,250.0
2026-06-11 01:00:00,0.55955,0.55966,0.55944,0.55964,302.0
2026-06-11 01:15:00,0.55962,0.5597,0.55951,0.55964,348.0
2026-06-11 01:30:00,0.55962,0.55966,0.55949,0.55966,303.0
2026-06-11 01:45:00,0.55966,0.55972,0.55942,0.55944,349.0
2026-06-11 02:00:00,0.55942,0.5595,0.55931,0.55942,249.0
2026-06-11 02:15:00,0.55942,0.55975,0.55937,0.55962,229.0
2026-06-11 02:30:00,0.55959,0.55973,0.55948,0.55964,183.0
2026-06-11 02:45:00,0.55961,0.55962,0.55936,0.55942,147.0
2026-06-11 03:00:00,0.55944,0.5595,0.5592,0.5592,281.0
2026-06-11 03:15:00,0.55922,0.55956,0.5592,0.5595,293.0
2026-06-11 03:30:00,0.5595,0.55959,0.5594,0.55958,203.0
2026-06-11 03:45:00,0.55956,0.55957,0.55932,0.55956,165.0
2026-06-11 04:00:00,0.55954,0.55966,0.55941,0.55954,247.0
2026-06-11 04:15:00,0.55955,0.55956,0.55926,0.55934,187.0
2026-06-11 04:30:00,0.55936,0.55946,0.55924,0.55936,156.0
2026-06-11 04:45:00,0.55936,0.55964,0.55934,0.55952,221.0
2026-06-11 05:00:00,0.55954,0.55974,0.55946,0.5595,195.0
2026-06-11 05:15:00,0.55952,0.55972,0.55942,0.55966,184.0
2026-06-11 05:30:00,0.55964,0.55978,0.55962,0.55971,142.0
2026-06-11 05:45:00,0.55973,0.55987,0.55938,0.5594,143.0
2026-06-11 06:00:00,0.55944,0.55959,0.55944,0.55958,165.0
2026-06-11 06:15:00,0.55956,0.55976,0.55946,0.55962,135.0
2026-06-11 06:30:00,0.55964,0.55968,0.5595,0.55951,115.0
2026-06-11 06:45:00,0.55948,0.55958,0.55934,0.55938,119.0
2026-06-11 07:00:00,0.55934,0.55939,0.55908,0.5592,188.0
2026-06-11 07:15:00,0.5592,0.55926,0.5591,0.55912,132.0
2026-06-11 07:30:00,0.55912,0.55919,0.55896,0.55908,350.0
2026-06-11 07:45:00,0.55908,0.55912,0.55894,0.55904,341.0
2026-06-11 08:00:00,0.55903,0.55943,0.55899,0.5594,684.0
2026-06-11 08:15:00,0.5594,0.55942,0.55884,0.55895,683.0
2026-06-11 08:30:00,0.55895,0.55916,0.55877,0.55882,741.0
2026-06-11 08:45:00,0.5588,0.559,0.55839,0.55841,557.0
2026-06-11 09:00:00,0.55839,0.55858,0.55822,0.55852,365.0
2026-06-11 09:15:00,0.55854,0.55868,0.55842,0.55844,280.0
2026-06-11 09:30:00,0.55842,0.5588,0.55836,0.55868,590.0
2026-06-11 09:45:00,0.55872,0.55896,0.55862,0.55888,476.0
2026-06-11 10:00:00,0.55886,0.55898,0.55867,0.5588,529.0
2026-06-11 10:15:00,0.5588,0.55912,0.5587,0.55896,534.0
2026-06-11 10:30:00,0.55898,0.5595,0.55896,0.55932,501.0
2026-06-11 10:45:00,0.55934,0.55949,0.55902,0.55904,622.0
2026-06-11 11:00:00,0.55904,0.55962,0.55894,0.5595,682.0
2026-06-11 11:15:00,0.55952,0.55978,0.55946,0.55947,678.0
2026-06-11 11:30:00,0.5595,0.56002,0.55944,0.55997,318.0
2026-06-11 11:45:00,0.56,0.5601,0.5599,0.56,353.0
2026-06-11 12:00:00,0.56002,0.56024,0.55995,0.56023,260.0
2026-06-11 12:15:00,0.5602,0.56028,0.55988,0.55988,202.0
2026-06-11 12:30:00,0.55992,0.5601,0.55985,0.55993,205.0
2026-06-11 12:45:00,0.55996,0.55998,0.55968,0.55974,183.0
2026-06-11 13:00:00,0.55976,0.55986,0.55958,0.5597,248.0
2026-06-11 13:15:00,0.55972,0.56014,0.5596,0.56008,640.0
2026-06-11 13:30:00,0.56006,0.56084,0.56006,0.56024,1794.0
2026-06-11 13:45:00,0.56022,0.56059,0.56018,0.5605,760.0
2026-06-11 14:00:00,0.56052,0.56054,0.56022,0.56033,730.0
2026-06-11 14:15:00,0.56036,0.56052,0.56016,0.56034,548.0
2026-06-11 14:30:00,0.56031,0.56046,0.56016,0.56038,266.0
2026-06-11 14:45:00,0.56036,0.56042,0.56016,0.5602,281.0
2026-06-11 15:00:00,0.56018,0.56044,0.56012,0.56044,350.0
2026-06-11 15:15:00,0.56042,0.56048,0.56024,0.5603,233.0
2026-06-11 15:30:00,0.56032,0.56052,0.5603,0.56044,377.0
2026-06-11 15:45:00,0.56042,0.56054,0.56022,0.56036,249.0
2026-06-11 16:00:00,0.56034,0.56036,0.56018,0.56026,255.0
2026-06-11 16:15:00,0.56028,0.56029,0.55996,0.56,79.0
2026-06-11 16:30:00,0.55998,0.5602,0.55996,0.56018,134.0
2026-06-11 16:45:00,0.5602,0.5606,0.55994,0.56052,606.0
2026-06-11 17:00:00,0.5607,0.56071,0.55998,0.56027,306.0
2026-06-11 17:15:00,0.56034,0.5607,0.55998,0.56004,404.0
2026-06-11 17:30:00,0.56006,0.56018,0.56,0.5601,197.0
2026-06-11 17:45:00,0.56011,0.56052,0.55988,0.56008,540.0
2026-06-11 18:00:00,0.56012,0.56046,0.56008,0.5602,169.0
2026-06-11 18:15:00,0.56018,0.56032,0.56016,0.5603,73.0
2026-06-11 18:30:00,0.56029,0.5603,0.56012,0.56013,136.0
2026-06-11 18:45:00,0.56015,0.56033,0.56014,0.56024,83.0
2026-06-11 19:00:00,0.56022,0.56028,0.56004,0.5601,214.0
2026-06-11 19:15:00,0.56012,0.56027,0.56004,0.5601,85.0
2026-06-11 19:30:00,0.56012,0.5604,0.56006,0.56037,125.0
2026-06-11 19:45:00,0.56038,0.56048,0.56033,0.56036,272.0
2026-06-11 20:00:00,0.56036,0.56042,0.56018,0.56033,356.0
2026-06-11 20:15:00,0.5603,0.56059,0.56016,0.56054,241.0
2026-06-11 20:30:00,0.56052,0.56072,0.5604,0.56041,320.0
2026-06-11 20:45:00,0.56042,0.56068,0.56039,0.56068,388.0
2026-06-11 21:00:00,0.56066,0.56068,0.5601,0.56017,362.0
2026-06-11 21:15:00,0.56015,0.56031,0.55966,0.55976,261.0
2026-06-11 21:30:00,0.55979,0.55986,0.55968,0.55977,316.0
2026-06-11 21:45:00,0.5598,0.56018,0.5598,0.5601,269.0
2026-06-11 22:00:00,0.56008,0.56036,0.56006,0.56017,292.0
2026-06-11 22:15:00,0.56018,0.56018,0.55973,0.55977,409.0
2026-06-11 22:30:00,0.55979,0.55982,0.55964,0.5597,240.0
2026-06-11 22:45:00,0.55972,0.56018,0.5597,0.56016,422.0
2026-06-11 23:00:00,0.56017,0.5602,0.56002,0.56008,257.0
2026-06-11 23:15:00,0.56011,0.5603,0.56005,0.56012,418.0
2026-06-11 23:30:00,0.56012,0.56036,0.56001,0.56031,419.0
2026-06-11 23:45:00,0.5603,0.5603,0.56012,0.56013,268.0
2026-06-12 00:00:00,0.5601,0.56036,0.56004,0.56033,192.0
2026-06-12 00:15:00,0.56031,0.56042,0.56018,0.5604,211.0
2026-06-12 00:30:00,0.56042,0.56056,0.56036,0.56052,230.0
2026-06-12 00:45:00,0.56048,0.56054,0.56029,0.56038,249.0
2026-06-12 01:00:00,0.56038,0.5604,0.55977,0.56019,324.0
2026-06-12 01:15:00,0.56021,0.56034,0.56006,0.5601,271.0
2026-06-12 01:30:00,0.56009,0.56017,0.55991,0.56002,348.0
2026-06-12 01:45:00,0.56,0.56,0.55967,0.5599,385.0
2026-06-12 02:00:00,0.55983,0.56038,0.55983,0.56028,211.0
2026-06-12 02:15:00,0.56024,0.56024,0.55982,0.55996,192.0
2026-06-12 02:30:00,0.55998,0.56033,0.55996,0.56006,196.0
2026-06-12 02:45:00,0.56002,0.56018,0.55999,0.55999,130.0
2026-06-12 03:00:00,0.55996,0.56008,0.55964,0.55974,260.0
2026-06-12 03:15:00,0.55976,0.55981,0.5595,0.55971,323.0
2026-06-12 03:30:00,0.55972,0.5601,0.55968,0.5601,362.0
2026-06-12 03:45:00,0.56008,0.56052,0.56004,0.56008,388.0
2026-06-12 04:00:00,0.56004,0.56014,0.55986,0.56,294.0
2026-06-12 04:15:00,0.56002,0.56041,0.55996,0.5601,439.0
2026-06-12 04:30:00,0.5601,0.56042,0.56004,0.56026,223.0
2026-06-12 04:45:00,0.5603,0.56056,0.56023,0.56023,205.0
2026-06-12 05:00:00,0.56023,0.56046,0.56012,0.56046,249.0
2026-06-12 05:15:00,0.56044,0.5609,0.56042,0.56069,422.0
2026-06-12 05:30:00,0.56072,0.56078,0.56028,0.56038,215.0
2026-06-12 05:45:00,0.56036,0.56056,0.56034,0.5604,192.0
2026-06-12 06:00:00,0.56042,0.56079,0.56038,0.56047,218.0
2026-06-12 06:15:00,0.56048,0.56061,0.56026,0.56042,285.0
2026-06-12 06:30:00,0.5604,0.56068,0.56036,0.56054,194.0
2026-06-12 06:45:00,0.56054,0.56076,0.56054,0.56067,158.0
2026-06-12 07:00:00,0.56069,0.5608,0.56046,0.56048,233.0
2026-06-12 07:15:00,0.56045,0.56061,0.56041,0.56043,172.0
2026-06-12 07:30:00,0.56043,0.56059,0.5604,0.56054,246.0
2026-06-12 07:45:00,0.56052,0.56069,0.56046,0.56048,214.0
2026-06-12 08:00:00,0.56045,0.56075,0.56041,0.56074,397.0
2026-06-12 08:15:00,0.56072,0.56086,0.56066,0.56074,201.0
2026-06-12 08:30:00,0.56073,0.56092,0.56068,0.5609,193.0
2026-06-12 08:45:00,0.56092,0.561,0.56074,0.56081,317.0
2026-06-12 09:00:00,0.56082,0.56108,0.56071,0.56104,336.0
2026-06-12 09:15:00,0.56105,0.56126,0.561,0.56101,343.0
2026-06-12 09:30:00,0.56104,0.56116,0.5607,0.56074,674.0
2026-06-12 09:45:00,0.56076,0.56114,0.56062,0.5611,496.0
2026-06-12 10:00:00,0.56112,0.56156,0.56104,0.56126,548.0
2026-06-12 10:15:00,0.56124,0.56146,0.56124,0.56133,427.0
2026-06-12 10:30:00,0.56131,0.56146,0.56112,0.56114,488.0
2026-06-12 10:45:00,0.56112,0.56171,0.56101,0.56168,662.0
2026-06-12 11:00:00,0.56171,0.56175,0.56134,0.56164,511.0
2026-06-12 11:15:00,0.56166,0.56186,0.56152,0.56174,517.0
2026-06-12 11:30:00,0.56172,0.56182,0.56126,0.56129,394.0
2026-06-12 11:45:00,0.5613,0.56144,0.56114,0.56118,456.0
2026-06-12 12:00:00,0.56116,0.56158,0.56109,0.56128,423.0
2026-06-12 12:15:00,0.5613,0.56153,0.56128,0.56147,253.0
2026-06-12 12:30:00,0.56146,0.56166,0.56136,0.56162,239.0
2026-06-12 12:45:00,0.5616,0.56174,0.56148,0.56149,213.0
2026-06-12 13:00:00,0.5615,0.56165,0.56138,0.56144,194.0
2026-06-12 13:15:00,0.56142,0.5615,0.56132,0.5614,153.0
2026-06-12 13:30:00,0.56139,0.56154,0.56132,0.56146,125.0
2026-06-12 13:45:00,0.56142,0.56156,0.56142,0.56156,106.0
2026-06-12 14:00:00,0.56158,0.56158,0.56138,0.56148,140.0
2026-06-12 14:15:00,0.56145,0.56152,0.56144,0.56151,107.0
2026-06-12 14:30:00,0.56152,0.56158,0.56144,0.56148,136.0
2026-06-12 14:45:00,0.56147,0.56154,0.56142,0.56152,137.0
2026-06-12 15:00:00,0.56154,0.56159,0.56148,0.56148,72.0
2026-06-12 15:15:00,0.56144,0.56149,0.56142,0.56144,138.0
2026-06-12 15:30:00,0.56148,0.56156,0.5614,0.56144,134.0
2026-06-12 15:45:00,0.56142,0.56176,0.56138,0.56172,200.0
2026-06-12 16:00:00,0.56172,0.56182,0.56164,0.56165,91.0
2026-06-12 16:15:00,0.56168,0.56169,0.56152,0.56154,91.0
2026-06-12 16:30:00,0.56156,0.56158,0.56148,0.56156,137.0
2026-06-12 16:45:00,0.5616,0.56164,0.56134,0.56157,406.0
2026-06-14 17:00:00,0.56104,0.56149,0.56094,0.56097,170.0
2026-06-14 17:15:00,0.56096,0.56262,0.56094,0.5625,288.0
2026-06-14 17:30:00,0.56262,0.56325,0.56221,0.56314,474.0
2026-06-14 17:45:00,0.56312,0.56312,0.56211,0.56286,470.0
2026-06-14 18:00:00,0.56282,0.5629,0.56186,0.56197,1076.0
2026-06-14 18:15:00,0.56198,0.56214,0.56172,0.56178,867.0
2026-06-14 18:30:00,0.56178,0.56184,0.56151,0.56158,873.0
2026-06-14 18:45:00,0.56158,0.5619,0.56156,0.56168,420.0
2026-06-14 19:00:00,0.5617,0.56174,0.5615,0.56162,428.0
2026-06-14 19:15:00,0.5616,0.56168,0.56141,0.56157,447.0
2026-06-14 19:30:00,0.56159,0.56178,0.56149,0.56171,535.0
2026-06-14 19:45:00,0.56174,0.56197,0.56161,0.5617,493.0
2026-06-14 20:00:00,0.56174,0.56188,0.5615,0.56179,408.0
2026-06-14 20:15:00,0.56177,0.56232,0.56175,0.5621,369.0
2026-06-14 20:30:00,0.5621,0.56219,0.5619,0.56205,344.0
2026-06-14 20:45:00,0.56204,0.56206,0.56153,0.56156,311.0
2026-06-14 21:00:00,0.5616,0.5618,0.56144,0.56179,317.0
2026-06-14 21:15:00,0.56176,0.5619,0.56155,0.56186,235.0
2026-06-14 21:30:00,0.56188,0.56203,0.5618,0.56195,264.0
2026-06-14 21:45:00,0.56194,0.56217,0.5619,0.56208,267.0
2026-06-14 22:00:00,0.56208,0.56224,0.562,0.56201,232.0
2026-06-14 22:15:00,0.56203,0.56217,0.56188,0.56217,259.0
2026-06-14 22:30:00,0.56218,0.5622,0.56194,0.56201,323.0
2026-06-14 22:45:00,0.56204,0.56217,0.562,0.56203,175.0
2026-06-14 23:00:00,0.56202,0.56214,0.56194,0.56211,171.0
2026-06-14 23:15:00,0.56212,0.56226,0.5621,0.56218,312.0
2026-06-14 23:30:00,0.56216,0.56236,0.56211,0.56236,293.0
2026-06-14 23:45:00,0.56234,0.56238,0.56212,0.56214,148.0
2026-06-15 00:00:00,0.56216,0.56219,0.56194,0.56194,211.0
2026-06-15 00:15:00,0.56193,0.56202,0.56185,0.56195,208.0
2026-06-15 00:30:00,0.56194,0.56195,0.56177,0.56177,205.0
2026-06-15 00:45:00,0.56178,0.56186,0.56171,0.56186,187.0
2026-06-15 01:00:00,0.56186,0.56194,0.56177,0.56186,219.0
2026-06-15 01:15:00,0.56184,0.56196,0.56182,0.56188,247.0
2026-06-15 01:30:00,0.56188,0.5619,0.56166,0.56189,316.0
2026-06-15 01:45:00,0.56191,0.56191,0.56142,0.56148,219.0
2026-06-15 02:00:00,0.5615,0.56173,0.5615,0.56168,209.0
2026-06-15 02:15:00,0.5617,0.5618,0.56156,0.56175,262.0
2026-06-15 02:30:00,0.56172,0.56184,0.56161,0.56168,256.0
2026-06-15 02:45:00,0.56165,0.56172,0.56146,0.5616,143.0
2026-06-15 03:00:00,0.56162,0.56166,0.56093,0.56113,329.0
2026-06-15 03:15:00,0.5611,0.56127,0.56092,0.56093,196.0
2026-06-15 03:30:00,0.56091,0.56094,0.56046,0.56066,211.0
2026-06-15 03:45:00,0.56066,0.56108,0.5606,0.56106,219.0
2026-06-15 04:00:00,0.56106,0.56108,0.5607,0.56088,199.0
2026-06-15 04:15:00,0.56086,0.56116,0.56084,0.5611,250.0
2026-06-15 04:30:00,0.56112,0.56122,0.56096,0.56101,163.0
2026-06-15 04:45:00,0.561,0.56107,0.56081,0.56099,191.0
2026-06-15 05:00:00,0.56098,0.56112,0.56076,0.56094,195.0
2026-06-15 05:15:00,0.56092,0.56108,0.56081,0.5609,136.0
2026-06-15 05:30:00,0.56088,0.56098,0.56075,0.56094,110.0
2026-06-15 05:45:00,0.56095,0.5611,0.56081,0.56082,185.0
2026-06-15 06:00:00,0.5608,0.56092,0.56076,0.5608,242.0
2026-06-15 06:15:00,0.56078,0.56081,0.56055,0.56058,164.0
2026-06-15 06:30:00,0.56057,0.56064,0.56044,0.5605,147.0
2026-06-15 06:45:00,0.56051,0.56078,0.56051,0.56068,122.0
2026-06-15 07:00:00,0.5607,0.5608,0.56057,0.5607,213.0
2026-06-15 07:15:00,0.56072,0.56086,0.56069,0.5608,277.0
2026-06-15 07:30:00,0.56082,0.56098,0.56076,0.56093,150.0
2026-06-15 07:45:00,0.56092,0.56104,0.56082,0.56103,212.0
2026-06-15 08:00:00,0.56105,0.56105,0.56076,0.5608,186.0
2026-06-15 08:15:00,0.56079,0.56084,0.56065,0.5607,166.0
2026-06-15 08:30:00,0.56067,0.56082,0.56057,0.56059,206.0
2026-06-15 08:45:00,0.56057,0.56065,0.56046,0.56065,333.0
2026-06-15 09:00:00,0.56064,0.56069,0.5605,0.56062,181.0
2026-06-15 09:15:00,0.56062,0.56076,0.56056,0.5606,204.0
2026-06-15 09:30:00,0.56057,0.56077,0.56042,0.56052,317.0
2026-06-15 09:45:00,0.5605,0.56068,0.56045,0.56053,319.0
2026-06-15 10:00:00,0.5605,0.5609,0.5605,0.5608,292.0
2026-06-15 10:15:00,0.56078,0.56084,0.56058,0.56066,373.0
2026-06-15 10:30:00,0.56068,0.561,0.56056,0.56099,358.0
2026-06-15 10:45:00,0.56101,0.56184,0.56096,0.5617,521.0
2026-06-15 11:00:00,0.56173,0.56202,0.56173,0.56194,270.0
2026-06-15 11:15:00,0.56196,0.56204,0.56178,0.56197,246.0
2026-06-15 11:30:00,0.56196,0.56198,0.56172,0.56188,223.0
2026-06-15 11:45:00,0.5619,0.56198,0.56185,0.56198,254.0
2026-06-15 12:00:00,0.56199,0.56216,0.56194,0.56196,177.0
2026-06-15 12:15:00,0.56195,0.56218,0.56192,0.562,158.0
2026-06-15 12:30:00,0.56201,0.56204,0.56188,0.56192,236.0
2026-06-15 12:45:00,0.56194,0.56196,0.56178,0.56192,138.0
2026-06-15 13:00:00,0.56194,0.56198,0.56187,0.56188,237.0
2026-06-15 13:15:00,0.56188,0.56196,0.56176,0.56184,148.0
2026-06-15 13:30:00,0.56182,0.5619,0.56164,0.5617,100.0
2026-06-15 13:45:00,0.56171,0.56184,0.5617,0.56184,100.0
2026-06-15 14:00:00,0.56183,0.56184,0.56162,0.56165,179.0
2026-06-15 14:15:00,0.56167,0.5617,0.5616,0.56166,137.0
2026-06-15 14:30:00,0.56166,0.56178,0.5616,0.56168,144.0
2026-06-15 14:45:00,0.56169,0.56174,0.56166,0.56174,157.0
2026-06-15 15:00:00,0.56174,0.5618,0.56171,0.56176,128.0
2026-06-15 15:15:00,0.56179,0.56185,0.5617,0.56176,147.0
2026-06-15 15:30:00,0.56177,0.56193,0.56176,0.56185,119.0
2026-06-15 15:45:00,0.56187,0.56206,0.56182,0.56204,158.0
2026-06-15 16:00:00,0.56205,0.56206,0.56183,0.56184,99.0
2026-06-15 16:15:00,0.56182,0.56187,0.5618,0.56187,29.0
2026-06-15 16:30:00,0.56189,0.56198,0.56189,0.56192,28.0
2026-06-15 16:45:00,0.56194,0.56196,0.56184,0.56192,100.0
2026-06-15 17:00:00,0.56166,0.56202,0.56164,0.562,133.0
2026-06-15 17:15:00,0.56205,0.5621,0.56196,0.5621,129.0
2026-06-15 17:30:00,0.56206,0.56219,0.56206,0.56213,12.0
2026-06-15 17:45:00,0.5621,0.56218,0.56147,0.56184,757.0
2026-06-15 18:00:00,0.56186,0.56204,0.56185,0.56188,122.0
2026-06-15 18:15:00,0.56189,0.56194,0.56178,0.56182,50.0
2026-06-15 18:30:00,0.5618,0.56182,0.56167,0.5617,45.0
2026-06-15 18:45:00,0.56168,0.56186,0.56166,0.56182,124.0
2026-06-15 19:00:00,0.56182,0.56196,0.5618,0.56182,171.0
2026-06-15 19:15:00,0.56183,0.56184,0.56176,0.56178,79.0
2026-06-15 19:30:00,0.56174,0.562,0.56174,0.562,141.0
2026-06-15 19:45:00,0.562,0.562,0.56178,0.56188,218.0
2026-06-15 20:00:00,0.56184,0.56186,0.56164,0.56174,310.0
2026-06-15 20:15:00,0.56174,0.5618,0.56166,0.56168,292.0
2026-06-15 20:30:00,0.56168,0.56179,0.56165,0.56166,248.0
2026-06-15 20:45:00,0.56166,0.56184,0.56164,0.56176,254.0
2026-06-15 21:00:00,0.56178,0.56187,0.56144,0.56144,285.0
2026-06-15 21:15:00,0.56146,0.56164,0.56136,0.5616,243.0
2026-06-15 21:30:00,0.56157,0.56169,0.56126,0.5613,248.0
2026-06-15 21:45:00,0.5613,0.56149,0.56127,0.56138,360.0
2026-06-15 22:00:00,0.56138,0.56139,0.5611,0.56115,316.0
2026-06-15 22:15:00,0.56112,0.56134,0.561,0.56132,223.0
2026-06-15 22:30:00,0.56134,0.56136,0.56122,0.56124,252.0
2026-06-15 22:45:00,0.56126,0.56145,0.56124,0.56145,200.0
2026-06-15 23:00:00,0.56146,0.56146,0.56138,0.56144,232.0
2026-06-15 23:15:00,0.56144,0.56145,0.56126,0.56143,285.0
2026-06-15 23:30:00,0.56145,0.5616,0.56143,0.56156,202.0
2026-06-15 23:45:00,0.56156,0.56156,0.56138,0.56148,171.0
2026-06-16 00:00:00,0.56146,0.56147,0.56132,0.56134,219.0
2026-06-16 00:15:00,0.56136,0.5614,0.56108,0.56132,200.0
2026-06-16 00:30:00,0.5613,0.56154,0.561,0.561,361.0
2026-06-16 00:45:00,0.561,0.56102,0.56069,0.56102,221.0
2026-06-16 01:00:00,0.56102,0.56113,0.56096,0.56096,266.0
2026-06-16 01:15:00,0.56096,0.56112,0.56093,0.5611,259.0
2026-06-16 01:30:00,0.56112,0.5612,0.5609,0.56097,300.0
2026-06-16 01:45:00,0.56097,0.56098,0.56032,0.56086,500.0
2026-06-16 02:00:00,0.56088,0.56119,0.56083,0.5611,243.0
2026-06-16 02:15:00,0.56112,0.56116,0.56084,0.5609,175.0
2026-06-16 02:30:00,0.56093,0.56104,0.56075,0.5609,242.0
2026-06-16 02:45:00,0.56092,0.56106,0.56074,0.56082,210.0
2026-06-16 03:00:00,0.56084,0.56124,0.56082,0.56103,288.0
2026-06-16 03:15:00,0.561,0.56131,0.56092,0.56123,173.0
2026-06-16 03:30:00,0.5612,0.56132,0.5611,0.56112,146.0
2026-06-16 03:45:00,0.56112,0.56133,0.56104,0.56128,238.0
2026-06-16 04:00:00,0.56128,0.56136,0.561,0.5611,328.0
2026-06-16 04:15:00,0.56109,0.56158,0.56108,0.56154,174.0
2026-06-16 04:30:00,0.56154,0.5617,0.56144,0.56159,224.0
2026-06-16 04:45:00,0.56162,0.56173,0.56158,0.56162,187.0
2026-06-16 05:00:00,0.5616,0.56172,0.56153,0.5617,240.0
2026-06-16 05:15:00,0.56171,0.56203,0.5616,0.56198,296.0
2026-06-16 05:30:00,0.56196,0.562,0.56176,0.56188,188.0
2026-06-16 05:45:00,0.5619,0.56192,0.5617,0.56178,155.0
2026-06-16 06:00:00,0.56178,0.56186,0.56171,0.56173,138.0
2026-06-16 06:15:00,0.56174,0.56199,0.56172,0.56196,210.0
2026-06-16 06:30:00,0.56198,0.56213,0.56196,0.56206,171.0
2026-06-16 06:45:00,0.56206,0.56218,0.56202,0.56202,144.0
2026-06-16 07:00:00,0.56203,0.56206,0.5618,0.56184,182.0
2026-06-16 07:15:00,0.56186,0.56199,0.56184,0.56198,231.0
2026-06-16 07:30:00,0.56198,0.56211,0.56194,0.56207,334.0
2026-06-16 07:45:00,0.56208,0.56212,0.56196,0.5621,206.0
2026-06-16 08:00:00,0.56208,0.56218,0.56195,0.56213,158.0
2026-06-16 08:15:00,0.56212,0.56214,0.56197,0.56212,331.0
2026-06-16 08:30:00,0.56211,0.56216,0.56192,0.56198,253.0
2026-06-16 08:45:00,0.56197,0.56218,0.56192,0.56203,214.0
2026-06-16 09:00:00,0.56204,0.5621,0.56186,0.5621,191.0
2026-06-16 09:15:00,0.56208,0.56234,0.56208,0.56234,346.0
2026-06-16 09:30:00,0.56232,0.5624,0.56192,0.56204,462.0
2026-06-16 09:45:00,0.56205,0.56231,0.56192,0.56208,366.0
2026-06-16 10:00:00,0.56212,0.56222,0.56192,0.56212,422.0
2026-06-16 10:15:00,0.56214,0.56214,0.56119,0.5612,516.0
2026-06-16 10:30:00,0.56119,0.56163,0.56108,0.56145,396.0
2026-06-16 10:45:00,0.56143,0.5615,0.56127,0.56142,594.0
2026-06-16 11:00:00,0.56144,0.56158,0.56125,0.56152,431.0
2026-06-16 11:15:00,0.56151,0.56161,0.56131,0.56134,241.0
2026-06-16 11:30:00,0.56136,0.56138,0.56107,0.56107,234.0
2026-06-16 11:45:00,0.56109,0.56109,0.56086,0.56101,350.0
2026-06-16 12:00:00,0.56102,0.5611,0.56094,0.56096,242.0
2026-06-16 12:15:00,0.56095,0.56095,0.56072,0.56079,421.0
2026-06-16 12:30:00,0.56078,0.56079,0.5606,0.56075,367.0
2026-06-16 12:45:00,0.56072,0.56079,0.5607,0.56072,146.0
2026-06-16 13:00:00,0.56069,0.56074,0.5606,0.56074,128.0
2026-06-16 13:15:00,0.56074,0.56076,0.56054,0.56064,205.0
2026-06-16 13:30:00,0.56062,0.5607,0.56054,0.56066,153.0
2026-06-16 13:45:00,0.56067,0.56082,0.56064,0.56076,156.0
2026-06-16 14:00:00,0.56076,0.5609,0.56074,0.56082,291.0
2026-06-16 14:15:00,0.56079,0.56092,0.56078,0.56087,206.0
2026-06-16 14:30:00,0.5609,0.56094,0.56085,0.56092,157.0
2026-06-16 14:45:00,0.56094,0.56096,0.56086,0.56094,143.0
2026-06-16 15:00:00,0.56094,0.56098,0.56086,0.56088,153.0
2026-06-16 15:15:00,0.5609,0.56093,0.56083,0.56092,141.0
2026-06-16 15:30:00,0.56095,0.56096,0.56078,0.56082,170.0
2026-06-16 15:45:00,0.56083,0.56087,0.56052,0.56058,216.0
2026-06-16 16:00:00,0.56054,0.56058,0.56042,0.56054,76.0
2026-06-16 16:15:00,0.56052,0.56064,0.56048,0.56059,27.0
2026-06-16 16:30:00,0.56058,0.56064,0.56056,0.56062,30.0
2026-06-16 16:45:00,0.5606,0.56062,0.56047,0.5605,217.0
2026-06-16 17:00:00,0.56057,0.56063,0.56055,0.56061,44.0
2026-06-16 17:15:00,0.56058,0.56072,0.56052,0.56072,147.0
2026-06-16 17:30:00,0.56071,0.5608,0.56044,0.5605,367.0
2026-06-16 17:45:00,0.5605,0.56074,0.56048,0.56066,244.0
2026-06-16 18:00:00,0.5607,0.5607,0.56039,0.56046,187.0
2026-06-16 18:15:00,0.56042,0.56049,0.56038,0.56042,119.0
2026-06-16 18:30:00,0.56039,0.56061,0.56039,0.5606,23.0
2026-06-16 18:45:00,0.5606,0.56064,0.56054,0.56054,48.0
2026-06-16 19:00:00,0.56052,0.56061,0.56048,0.56059,296.0
2026-06-16 19:15:00,0.5606,0.5606,0.5605,0.56054,56.0
2026-06-16 19:30:00,0.56054,0.5606,0.56049,0.56057,77.0
2026-06-16 19:45:00,0.56056,0.56058,0.56032,0.56046,73.0
2026-06-16 20:00:00,0.56044,0.56048,0.5603,0.56042,428.0
2026-06-16 20:15:00,0.5604,0.5605,0.56026,0.56028,248.0
2026-06-16 20:30:00,0.56027,0.56031,0.56016,0.56024,342.0
2026-06-16 20:45:00,0.56024,0.56026,0.56016,0.56022,146.0
2026-06-16 21:00:00,0.56022,0.56038,0.56011,0.56029,192.0
2026-06-16 21:15:00,0.5603,0.56034,0.56022,0.56034,163.0
2026-06-16 21:30:00,0.56034,0.56034,0.5601,0.5602,269.0
2026-06-16 21:45:00,0.5602,0.56026,0.56013,0.56018,175.0
2026-06-16 22:00:00,0.5602,0.56021,0.55998,0.56007,176.0
2026-06-16 22:15:00,0.56006,0.56014,0.55996,0.55997,103.0
2026-06-16 22:30:00,0.55996,0.56,0.55978,0.55984,164.0
2026-06-16 22:45:00,0.55987,0.55988,0.5597,0.55978,116.0
2026-06-16 23:00:00,0.55978,0.55982,0.55952,0.55952,121.0
2026-06-16 23:15:00,0.55948,0.55966,0.55948,0.5596,154.0
2026-06-16 23:30:00,0.5596,0.55964,0.55952,0.5596,152.0
2026-06-16 23:45:00,0.5596,0.55966,0.55957,0.55961,123.0
2026-06-17 00:00:00,0.55964,0.55966,0.55948,0.55962,170.0
2026-06-17 00:15:00,0.55961,0.55966,0.55947,0.5595,132.0
2026-06-17 00:30:00,0.55949,0.55957,0.55938,0.55939,117.0
2026-06-17 00:45:00,0.5594,0.55942,0.55925,0.55931,145.0
2026-06-17 01:00:00,0.55932,0.55942,0.55916,0.55922,107.0
2026-06-17 01:15:00,0.55923,0.55927,0.55917,0.55919,112.0
2026-06-17 01:30:00,0.55918,0.5592,0.5591,0.55914,238.0
2026-06-17 01:45:00,0.55914,0.55915,0.55896,0.5591,218.0
2026-06-17 02:00:00,0.55907,0.55912,0.55868,0.55874,225.0
2026-06-17 02:15:00,0.55872,0.55894,0.55871,0.55891,144.0
2026-06-17 02:30:00,0.55889,0.55918,0.55889,0.55912,220.0
2026-06-17 02:45:00,0.55912,0.55915,0.55875,0.55882,175.0
2026-06-17 03:00:00,0.55884,0.5589,0.55848,0.55863,181.0
2026-06-17 03:15:00,0.55866,0.55875,0.55854,0.55872,141.0
2026-06-17 03:30:00,0.55873,0.55886,0.55862,0.55884,169.0
2026-06-17 03:45:00,0.55885,0.55908,0.5588,0.55894,180.0
2026-06-17 04:00:00,0.5589,0.55894,0.55866,0.55885,219.0
2026-06-17 04:15:00,0.55886,0.55912,0.55882,0.5591,156.0
2026-06-17 04:30:00,0.55912,0.55919,0.559,0.55906,207.0
2026-06-17 04:45:00,0.55903,0.55929,0.55896,0.55918,128.0
2026-06-17 05:00:00,0.55917,0.5593,0.55898,0.55899,69.0
2026-06-17 05:15:00,0.559,0.55904,0.55888,0.55902,124.0
2026-06-17 05:30:00,0.55904,0.55909,0.55884,0.55893,141.0
2026-06-17 05:45:00,0.55895,0.559,0.55888,0.55896,156.0
2026-06-17 06:00:00,0.55898,0.55903,0.55884,0.55892,132.0
2026-06-17 06:15:00,0.55891,0.55906,0.5589,0.55905,110.0
2026-06-17 06:30:00,0.55906,0.55912,0.559,0.55904,94.0
2026-06-17 06:45:00,0.559,0.55932,0.55899,0.55932,191.0
2026-06-17 07:00:00,0.55928,0.55958,0.55923,0.55954,179.0
2026-06-17 07:15:00,0.55952,0.5597,0.55942,0.55966,174.0
2026-06-17 07:30:00,0.55966,0.56,0.55961,0.55992,169.0
2026-06-17 07:45:00,0.5599,0.55994,0.55976,0.55977,122.0
2026-06-17 08:00:00,0.5598,0.5599,0.55966,0.55986,167.0
2026-06-17 08:15:00,0.55984,0.55991,0.55967,0.55977,168.0
2026-06-17 08:30:00,0.5597,0.5599,0.55964,0.55968,186.0
2026-06-17 08:45:00,0.55968,0.55996,0.55968,0.5598,193.0
2026-06-17 09:00:00,0.55982,0.5601,0.5598,0.56,132.0
2026-06-17 09:15:00,0.56,0.56026,0.55999,0.56024,97.0
2026-06-17 09:30:00,0.56026,0.56044,0.56023,0.56034,340.0
2026-06-17 09:45:00,0.56034,0.56048,0.56022,0.56023,384.0
2026-06-17 10:00:00,0.56022,0.56072,0.5602,0.56072,322.0
2026-06-17 10:15:00,0.56076,0.56092,0.56065,0.56084,401.0
2026-06-17 10:30:00,0.5608,0.56098,0.5607,0.56084,199.0
2026-06-17 10:45:00,0.56085,0.56092,0.56042,0.56046,800.0
2026-06-17 11:00:00,0.56048,0.5608,0.56044,0.56076,361.0
2026-06-17 11:15:00,0.56075,0.56082,0.56063,0.56081,419.0
2026-06-17 11:30:00,0.56084,0.56104,0.5608,0.56102,150.0
2026-06-17 11:45:00,0.561,0.56102,0.56064,0.56072,292.0
2026-06-17 12:00:00,0.56072,0.56081,0.56063,0.56072,280.0
2026-06-17 12:15:00,0.56074,0.56098,0.56073,0.56092,178.0
2026-06-17 12:30:00,0.5609,0.56105,0.5609,0.56104,178.0
2026-06-17 12:45:00,0.56101,0.56103,0.56094,0.56099,136.0
2026-06-17 13:00:00,0.56102,0.56112,0.56092,0.56109,180.0
2026-06-17 13:15:00,0.56106,0.5611,0.56098,0.56102,124.0
2026-06-17 13:30:00,0.561,0.56112,0.56094,0.56102,194.0
2026-06-17 13:45:00,0.561,0.561,0.56076,0.56078,121.0
2026-06-17 14:00:00,0.56077,0.56154,0.56004,0.561,2986.0
2026-06-17 14:15:00,0.561,0.56121,0.56078,0.56087,912.0
2026-06-17 14:30:00,0.56089,0.56126,0.5607,0.56108,4317.0
2026-06-17 14:45:00,0.5611,0.56166,0.5611,0.56136,2439.0
2026-06-17 15:00:00,0.56134,0.56179,0.56124,0.56164,1314.0
2026-06-17 15:15:00,0.56165,0.56166,0.56084,0.56097,862.0
2026-06-17 15:30:00,0.56096,0.56101,0.56059,0.56079,769.0
2026-06-17 15:45:00,0.56081,0.56113,0.56077,0.56097,649.0
2026-06-17 16:00:00,0.56099,0.5613,0.56098,0.56108,240.0
2026-06-17 16:15:00,0.56105,0.5612,0.56098,0.56102,205.0
2026-06-17 16:30:00,0.56102,0.56104,0.56074,0.56078,105.0
2026-06-17 16:45:00,0.5608,0.56098,0.56078,0.5609,192.0
2026-06-17 17:00:00,0.56099,0.56102,0.5606,0.56064,1120.0
2026-06-17 17:15:00,0.56074,0.56108,0.56051,0.56101,2326.0
2026-06-17 17:30:00,0.56089,0.56104,0.5607,0.5608,229.0
2026-06-17 17:45:00,0.56084,0.56101,0.56078,0.5609,274.0
2026-06-17 18:00:00,0.56092,0.56131,0.56086,0.56111,285.0
2026-06-17 18:15:00,0.56114,0.56124,0.56111,0.56118,55.0
2026-06-17 18:30:00,0.56121,0.56123,0.561,0.56108,57.0
2026-06-17 18:45:00,0.56114,0.56117,0.56096,0.56098,55.0
2026-06-17 19:00:00,0.56096,0.5611,0.56096,0.56108,172.0
2026-06-17 19:15:00,0.56108,0.56108,0.56094,0.56102,145.0
2026-06-17 19:30:00,0.561,0.56116,0.56099,0.56109,128.0
2026-06-17 19:45:00,0.56107,0.56113,0.56098,0.56108,127.0
2026-06-17 20:00:00,0.56109,0.56139,0.56097,0.56133,360.0
2026-06-17 20:15:00,0.56136,0.5615,0.5612,0.5615,288.0
2026-06-17 20:30:00,0.56152,0.56154,0.56136,0.56137,411.0
2026-06-17 20:45:00,0.5614,0.56146,0.56098,0.56101,303.0
2026-06-17 21:00:00,0.56101,0.56141,0.561,0.56132,407.0
2026-06-17 21:15:00,0.56134,0.56158,0.56122,0.56144,234.0
2026-06-17 21:30:00,0.5614,0.56168,0.5614,0.56156,285.0
2026-06-17 21:45:00,0.56153,0.56174,0.56128,0.56172,292.0
2026-06-17 22:00:00,0.56174,0.56194,0.5617,0.56188,202.0
2026-06-17 22:15:00,0.56186,0.5619,0.56176,0.56188,135.0
2026-06-17 22:30:00,0.56188,0.56214,0.5618,0.562,299.0
2026-06-17 22:45:00,0.562,0.56224,0.56198,0.56206,331.0
2026-06-17 23:00:00,0.56203,0.56219,0.56203,0.56208,194.0
2026-06-17 23:15:00,0.5621,0.56217,0.56206,0.56214,172.0
2026-06-17 23:30:00,0.56216,0.56223,0.5621,0.56214,168.0
2026-06-17 23:45:00,0.56218,0.56232,0.56216,0.56226,149.0
2026-06-18 00:00:00,0.56226,0.5623,0.56206,0.56214,251.0
2026-06-18 00:15:00,0.56214,0.5622,0.56202,0.56205,197.0
2026-06-18 00:30:00,0.56204,0.56206,0.56161,0.56161,276.0
2026-06-18 00:45:00,0.56162,0.56176,0.56156,0.56166,258.0
2026-06-18 01:00:00,0.56166,0.56196,0.56159,0.56192,177.0
2026-06-18 01:15:00,0.5619,0.5621,0.5619,0.56204,274.0
2026-06-18 01:30:00,0.562,0.56212,0.56196,0.56202,158.0
2026-06-18 01:45:00,0.562,0.56216,0.56186,0.56204,307.0
2026-06-18 02:00:00,0.562,0.56208,0.56162,0.56173,279.0
2026-06-18 02:15:00,0.56174,0.56204,0.56172,0.56202,202.0
2026-06-18 02:30:00,0.56198,0.56216,0.56186,0.56206,183.0
2026-06-18 02:45:00,0.5621,0.56233,0.56196,0.56229,347.0
2026-06-18 03:00:00,0.56228,0.56238,0.5619,0.56208,275.0
2026-06-18 03:15:00,0.56206,0.5623,0.56193,0.56195,172.0
2026-06-18 03:30:00,0.56196,0.56284,0.56191,0.56258,308.0
2026-06-18 03:45:00,0.56258,0.56268,0.56226,0.56266,370.0
2026-06-18 04:00:00,0.56268,0.56286,0.56244,0.56272,403.0
2026-06-18 04:15:00,0.56274,0.56331,0.5627,0.56323,514.0
2026-06-18 04:30:00,0.56321,0.56329,0.563,0.56318,206.0
2026-06-18 04:45:00,0.56316,0.56322,0.56262,0.56267,265.0
2026-06-18 05:00:00,0.56264,0.56297,0.56246,0.56263,387.0
2026-06-18 05:15:00,0.56264,0.56294,0.56264,0.56274,266.0
2026-06-18 05:30:00,0.56272,0.5631,0.56266,0.56304,192.0
2026-06-18 05:45:00,0.56302,0.56334,0.56298,0.56307,246.0
2026-06-18 06:00:00,0.56304,0.56339,0.56292,0.56314,367.0
2026-06-18 06:15:00,0.56312,0.56322,0.56292,0.56303,274.0
2026-06-18 06:30:00,0.563,0.56336,0.56296,0.56316,264.0
2026-06-18 06:45:00,0.56313,0.56333,0.56294,0.56309,265.0
2026-06-18 07:00:00,0.56307,0.56326,0.56286,0.56325,313.0
2026-06-18 07:15:00,0.56322,0.56341,0.5631,0.56332,327.0
2026-06-18 07:30:00,0.56328,0.56336,0.56317,0.5633,282.0
2026-06-18 07:45:00,0.56332,0.56362,0.56332,0.5635,273.0
2026-06-18 08:00:00,0.56354,0.56362,0.56328,0.56352,329.0
2026-06-18 08:15:00,0.56353,0.5638,0.5635,0.5637,357.0
2026-06-18 08:30:00,0.56369,0.56384,0.56358,0.56384,355.0
2026-06-18 08:45:00,0.56386,0.5642,0.5638,0.56402,332.0
2026-06-18 09:00:00,0.56398,0.56412,0.56378,0.56394,598.0
2026-06-18 09:15:00,0.56394,0.56442,0.56394,0.56422,378.0
2026-06-18 09:30:00,0.5642,0.56442,0.56408,0.56418,563.0
2026-06-18 09:45:00,0.56421,0.56442,0.5641,0.5644,485.0
2026-06-18 10:00:00,0.56442,0.56444,0.56394,0.56407,410.0
2026-06-18 10:15:00,0.56408,0.5643,0.56399,0.564,487.0
2026-06-18 10:30:00,0.564,0.5643,0.56396,0.56405,746.0
2026-06-18 10:45:00,0.56408,0.5646,0.56398,0.56444,697.0
2026-06-18 11:00:00,0.56444,0.56452,0.5642,0.56432,545.0
2026-06-18 11:15:00,0.5643,0.56448,0.56406,0.56444,397.0
2026-06-18 11:30:00,0.56448,0.56464,0.56424,0.5643,321.0
2026-06-18 11:45:00,0.5643,0.56438,0.56421,0.56432,303.0
2026-06-18 12:00:00,0.5643,0.56466,0.56428,0.56456,261.0
2026-06-18 12:15:00,0.56458,0.56468,0.56446,0.56462,221.0
2026-06-18 12:30:00,0.5646,0.56469,0.56456,0.56458,147.0
2026-06-18 12:45:00,0.5646,0.5648,0.56458,0.5647,194.0
2026-06-18 13:00:00,0.56471,0.56496,0.56466,0.56496,178.0
2026-06-18 13:15:00,0.56492,0.56498,0.56482,0.56488,154.0
2026-06-18 13:30:00,0.5649,0.56507,0.56488,0.56502,179.0
2026-06-18 13:45:00,0.56498,0.56501,0.56486,0.56486,127.0
2026-06-18 14:00:00,0.56488,0.56494,0.5648,0.5648,111.0
2026-06-18 14:15:00,0.56484,0.56492,0.5648,0.56481,149.0
2026-06-18 14:30:00,0.5648,0.56488,0.56478,0.56488,88.0
2026-06-18 14:45:00,0.56488,0.56488,0.5647,0.56472,183.0
2026-06-18 15:00:00,0.5647,0.56474,0.56443,0.5646,170.0
2026-06-18 15:15:00,0.56461,0.56508,0.56458,0.56491,170.0
2026-06-18 15:30:00,0.56488,0.56504,0.56478,0.56488,246.0
2026-06-18 15:45:00,0.56486,0.56487,0.56444,0.56444,179.0
2026-06-18 16:00:00,0.56442,0.56452,0.56426,0.56426,142.0
2026-06-18 16:15:00,0.56423,0.5644,0.56422,0.56434,87.0
2026-06-18 16:30:00,0.5643,0.56432,0.56422,0.5643,55.0
2026-06-18 16:45:00,0.56433,0.56451,0.56428,0.56437,319.0
2026-06-18 17:00:00,0.5648,0.56496,0.56442,0.56494,45.0
2026-06-18 17:15:00,0.56549,0.56549,0.56424,0.56456,75.0
2026-06-18 17:30:00,0.56451,0.56474,0.5644,0.5646,214.0
2026-06-18 17:45:00,0.5646,0.5647,0.56434,0.56446,1266.0
2026-06-18 18:00:00,0.5643,0.56449,0.56428,0.5644,359.0
2026-06-18 18:15:00,0.5644,0.56448,0.56437,0.5644,95.0
2026-06-18 18:30:00,0.56438,0.56444,0.56433,0.56434,39.0
2026-06-18 18:45:00,0.56434,0.56446,0.56428,0.56442,227.0
2026-06-18 19:00:00,0.56442,0.56449,0.5644,0.56445,182.0
2026-06-18 19:15:00,0.56444,0.5646,0.56442,0.56455,90.0
2026-06-18 19:30:00,0.56458,0.56458,0.56437,0.56443,185.0
2026-06-18 19:45:00,0.56442,0.56453,0.56435,0.56448,137.0
2026-06-18 20:00:00,0.5645,0.56452,0.56422,0.56427,290.0
2026-06-18 20:15:00,0.56428,0.56435,0.56416,0.5643,169.0
2026-06-18 20:30:00,0.56431,0.56439,0.56418,0.56432,251.0
2026-06-18 20:45:00,0.5643,0.56446,0.56422,0.56426,225.0
2026-06-18 21:00:00,0.56426,0.56426,0.56393,0.56401,333.0
2026-06-18 21:15:00,0.56399,0.56432,0.56397,0.56426,197.0
2026-06-18 21:30:00,0.56426,0.56437,0.56416,0.56418,214.0
2026-06-18 21:45:00,0.56418,0.56443,0.56408,0.56436,186.0
2026-06-18 22:00:00,0.56438,0.56456,0.56434,0.56454,289.0
2026-06-18 22:15:00,0.56454,0.56465,0.56443,0.56463,250.0
2026-06-18 22:30:00,0.56466,0.56481,0.5646,0.56477,207.0
2026-06-18 22:45:00,0.56476,0.56496,0.56476,0.56494,197.0
2026-06-18 23:00:00,0.56494,0.56522,0.5649,0.5649,146.0
2026-06-18 23:15:00,0.56489,0.56492,0.56471,0.56485,238.0
2026-06-18 23:30:00,0.56483,0.56498,0.56469,0.56488,171.0
2026-06-18 23:45:00,0.56486,0.5649,0.56458,0.56464,168.0
2026-06-19 00:00:00,0.56468,0.56484,0.5645,0.5647,181.0
2026-06-19 00:15:00,0.56468,0.5652,0.5646,0.56514,208.0
2026-06-19 00:30:00,0.56514,0.5652,0.56498,0.56518,271.0
2026-06-19 00:45:00,0.56516,0.56529,0.56504,0.56528,117.0
2026-06-19 01:00:00,0.56532,0.56554,0.56522,0.56551,266.0
2026-06-19 01:15:00,0.5655,0.56576,0.56536,0.56544,214.0
2026-06-19 01:30:00,0.56546,0.56566,0.56532,0.5656,196.0
2026-06-19 01:45:00,0.56558,0.56592,0.56538,0.56577,247.0
2026-06-19 02:00:00,0.56577,0.56594,0.5657,0.56578,185.0
2026-06-19 02:15:00,0.56578,0.56592,0.5657,0.56588,118.0
2026-06-19 02:30:00,0.5659,0.56594,0.56564,0.56565,226.0
2026-06-19 02:45:00,0.56567,0.56574,0.56553,0.56554,149.0
2026-06-19 03:00:00,0.56556,0.56573,0.5655,0.56561,213.0
2026-06-19 03:15:00,0.56558,0.56572,0.5655,0.56555,171.0
2026-06-19 03:30:00,0.56557,0.56591,0.56554,0.56587,140.0
2026-06-19 03:45:00,0.56589,0.56606,0.56568,0.56602,354.0
2026-06-19 04:00:00,0.56602,0.56626,0.56594,0.566,366.0
2026-06-19 04:15:00,0.566,0.56606,0.56576,0.56582,205.0
2026-06-19 04:30:00,0.5658,0.56583,0.56541,0.56554,213.0
2026-06-19 04:45:00,0.56556,0.56564,0.56543,0.56559,119.0
2026-06-19 05:00:00,0.5656,0.56568,0.56533,0.56538,171.0
2026-06-19 05:15:00,0.56541,0.56558,0.56538,0.5655,111.0
2026-06-19 05:30:00,0.56552,0.56561,0.56538,0.56538,132.0
2026-06-19 05:45:00,0.5654,0.56553,0.56516,0.56532,103.0
2026-06-19 06:00:00,0.56528,0.56549,0.56528,0.5654,102.0
2026-06-19 06:15:00,0.56542,0.56566,0.56538,0.56551,124.0
2026-06-19 06:30:00,0.56553,0.56567,0.5654,0.5654,123.0
2026-06-19 06:45:00,0.56544,0.56558,0.56537,0.56556,117.0
2026-06-19 07:00:00,0.56556,0.56568,0.56547,0.5655,170.0
2026-06-19 07:15:00,0.56551,0.56559,0.5654,0.5655,105.0
2026-06-19 07:30:00,0.56553,0.5656,0.56544,0.56544,86.0
2026-06-19 07:45:00,0.56542,0.56578,0.56542,0.56568,157.0
2026-06-19 08:00:00,0.56572,0.56578,0.56564,0.56572,105.0
2026-06-19 08:15:00,0.56574,0.56586,0.5657,0.5658,71.0
2026-06-19 08:30:00,0.56578,0.56604,0.56574,0.56602,110.0
2026-06-19 08:45:00,0.56606,0.56628,0.56594,0.56626,362.0
2026-06-19 09:00:00,0.56628,0.56658,0.56608,0.56657,245.0
2026-06-19 09:15:00,0.56654,0.56664,0.5662,0.56622,200.0
2026-06-19 09:30:00,0.56622,0.56632,0.5659,0.56596,261.0
2026-06-19 09:45:00,0.56594,0.56608,0.56587,0.56594,190.0
2026-06-19 10:00:00,0.56594,0.56627,0.56592,0.56624,218.0
2026-06-19 10:15:00,0.56627,0.56634,0.56608,0.56608,132.0
2026-06-19 10:30:00,0.5661,0.5661,0.56582,0.56594,141.0
2026-06-19 10:45:00,0.56595,0.56656,0.5659,0.56646,197.0
2026-06-19 11:00:00,0.56646,0.5665,0.56606,0.56611,240.0
2026-06-19 11:15:00,0.56608,0.56618,0.566,0.5661,99.0
2026-06-19 11:30:00,0.56613,0.56638,0.5661,0.56638,72.0
2026-06-19 11:45:00,0.56636,0.56638,0.56616,0.56618,130.0
2026-06-19 12:00:00,0.56616,0.56622,0.56602,0.56602,49.0
2026-06-19 12:15:00,0.56606,0.56624,0.56596,0.566,52.0
2026-06-19 12:30:00,0.56598,0.56613,0.56598,0.56608,43.0
2026-06-19 12:45:00,0.56606,0.56606,0.56594,0.56596,44.0
2026-06-19 13:00:00,0.56597,0.56606,0.56578,0.56603,214.0
2026-06-19 13:15:00,0.56603,0.56616,0.566,0.56604,484.0
2026-06-19 13:30:00,0.56605,0.56606,0.56578,0.56586,263.0
2026-06-19 13:45:00,0.56588,0.566,0.56584,0.5659,249.0
2026-06-19 14:00:00,0.56588,0.56592,0.56582,0.56584,71.0
2026-06-19 14:15:00,0.56584,0.56588,0.56564,0.56566,107.0
2026-06-19 14:30:00,0.56566,0.56578,0.56558,0.56565,412.0
2026-06-19 14:45:00,0.56564,0.56586,0.56562,0.56567,471.0
2026-06-19 15:00:00,0.56566,0.56584,0.56556,0.5658,1400.0
2026-06-19 15:15:00,0.56578,0.56581,0.56564,0.56572,973.0
2026-06-19 15:30:00,0.5657,0.56583,0.56558,0.56571,2150.0
2026-06-19 15:45:00,0.56572,0.56574,0.56541,0.56561,1133.0
2026-06-19 16:00:00,0.56567,0.56591,0.56565,0.56572,5612.0
2026-06-19 16:15:00,0.56572,0.5658,0.56556,0.5656,2475.0
2026-06-19 16:30:00,0.5656,0.56586,0.5656,0.56568,2006.0
2026-06-19 16:45:00,0.56568,0.56603,0.56534,0.56603,436.0
2026-06-21 17:00:00,0.5661,0.5661,0.56594,0.56596,53.0
2026-06-21 17:15:00,0.56594,0.56656,0.56554,0.56653,151.0
2026-06-21 17:30:00,0.56654,0.56658,0.56586,0.56598,118.0
2026-06-21 17:45:00,0.56596,0.56654,0.56594,0.56604,381.0
2026-06-21 18:00:00,0.56602,0.56623,0.56574,0.56574,443.0
2026-06-21 18:15:00,0.56572,0.5658,0.56566,0.56572,272.0
2026-06-21 18:30:00,0.5657,0.566,0.56566,0.56594,145.0
2026-06-21 18:45:00,0.5659,0.56604,0.5659,0.56592,115.0
2026-06-21 19:00:00,0.56592,0.56594,0.56572,0.56578,169.0
2026-06-21 19:15:00,0.5658,0.56592,0.56574,0.5659,173.0
2026-06-21 19:30:00,0.56588,0.56588,0.5657,0.56584,288.0
2026-06-21 19:45:00,0.56582,0.56588,0.56574,0.56585,153.0
2026-06-21 20:00:00,0.56584,0.56602,0.56575,0.56601,175.0
2026-06-21 20:15:00,0.56599,0.56606,0.56594,0.56602,205.0
2026-06-21 20:30:00,0.56604,0.5663,0.56602,0.56625,277.0
2026-06-21 20:45:00,0.56627,0.5667,0.56625,0.56652,305.0
2026-06-21 21:00:00,0.56648,0.56668,0.56626,0.56646,308.0
2026-06-21 21:15:00,0.56646,0.56652,0.56634,0.56638,277.0
2026-06-21 21:30:00,0.56636,0.56684,0.56628,0.56662,331.0
2026-06-21 21:45:00,0.56664,0.56668,0.5664,0.56641,280.0
2026-06-21 22:00:00,0.56639,0.56642,0.56599,0.56605,434.0
2026-06-21 22:15:00,0.56604,0.56608,0.56583,0.56597,440.0
2026-06-21 22:30:00,0.56596,0.56602,0.56581,0.56592,285.0
2026-06-21 22:45:00,0.5659,0.56602,0.5658,0.56599,278.0
2026-06-21 23:00:00,0.56601,0.56617,0.56591,0.56607,234.0
2026-06-21 23:15:00,0.56608,0.56636,0.56602,0.56632,199.0
2026-06-21 23:30:00,0.56632,0.56642,0.5662,0.56634,176.0
2026-06-21 23:45:00,0.56634,0.56638,0.56608,0.56624,248.0
2026-06-22 00:00:00,0.56624,0.56638,0.56608,0.56634,274.0
2026-06-22 00:15:00,0.56634,0.56643,0.56634,0.56638,296.0
2026-06-22 00:30:00,0.56636,0.56646,0.56622,0.56627,172.0
2026-06-22 00:45:00,0.56631,0.5664,0.56624,0.5663,208.0
2026-06-22 01:00:00,0.56632,0.56654,0.56632,0.56643,278.0
2026-06-22 01:15:00,0.56644,0.5665,0.56628,0.5663,304.0
2026-06-22 01:30:00,0.56631,0.56638,0.56618,0.56622,418.0
2026-06-22 01:45:00,0.56622,0.56623,0.56598,0.56608,421.0
2026-06-22 02:00:00,0.56606,0.56626,0.5659,0.56603,259.0
2026-06-22 02:15:00,0.56602,0.56604,0.56572,0.56572,185.0
2026-06-22 02:30:00,0.56574,0.56579,0.5655,0.56576,259.0
2026-06-22 02:45:00,0.56579,0.56596,0.5657,0.56592,180.0
2026-06-22 03:00:00,0.56594,0.56606,0.5657,0.56582,228.0
2026-06-22 03:15:00,0.56584,0.56598,0.56574,0.56587,127.0
2026-06-22 03:30:00,0.56586,0.5663,0.56576,0.56626,240.0
2026-06-22 03:45:00,0.56625,0.56625,0.56589,0.56599,180.0
2026-06-22 04:00:00,0.566,0.5661,0.56581,0.56596,266.0
2026-06-22 04:15:00,0.566,0.566,0.56536,0.56542,242.0
2026-06-22 04:30:00,0.5654,0.56549,0.56524,0.56538,209.0
2026-06-22 04:45:00,0.5654,0.56552,0.56522,0.56522,217.0
2026-06-22 05:00:00,0.56518,0.56531,0.56508,0.56523,235.0
2026-06-22 05:15:00,0.56526,0.56533,0.56507,0.56518,193.0
2026-06-22 05:30:00,0.56518,0.56544,0.56514,0.56534,185.0
2026-06-22 05:45:00,0.56534,0.56535,0.5651,0.56518,208.0
2026-06-22 06:00:00,0.5652,0.56549,0.56518,0.5654,162.0
2026-06-22 06:15:00,0.56541,0.56568,0.5654,0.56568,183.0
2026-06-22 06:30:00,0.56565,0.56576,0.56564,0.56572,127.0
2026-06-22 06:45:00,0.56572,0.56581,0.56562,0.56564,155.0
2026-06-22 07:00:00,0.56562,0.56594,0.56562,0.56589,277.0
2026-06-22 07:15:00,0.56588,0.566,0.56584,0.56594,199.0
2026-06-22 07:30:00,0.56592,0.56606,0.56579,0.56604,212.0
2026-06-22 07:45:00,0.56602,0.56628,0.56592,0.56624,225.0
2026-06-22 08:00:00,0.56626,0.5664,0.56606,0.56622,290.0
2026-06-22 08:15:00,0.56624,0.56626,0.56604,0.5661,211.0
2026-06-22 08:30:00,0.5661,0.56636,0.5661,0.56636,292.0
2026-06-22 08:45:00,0.56638,0.56662,0.56624,0.56649,313.0
2026-06-22 09:00:00,0.5665,0.56712,0.5665,0.5671,444.0
2026-06-22 09:15:00,0.5671,0.5673,0.56689,0.56696,337.0
2026-06-22 09:30:00,0.56692,0.56695,0.56658,0.56666,303.0
2026-06-22 09:45:00,0.56668,0.56703,0.56659,0.56701,339.0
2026-06-22 10:00:00,0.56698,0.56711,0.5667,0.56694,518.0
2026-06-22 10:15:00,0.56698,0.567,0.56642,0.56654,763.0
2026-06-22 10:30:00,0.56655,0.56678,0.56634,0.56646,536.0
2026-06-22 10:45:00,0.56642,0.56648,0.56592,0.56624,604.0
2026-06-22 11:00:00,0.56624,0.5664,0.56612,0.56633,350.0
2026-06-22 11:15:00,0.56636,0.56648,0.5662,0.56648,222.0
2026-06-22 11:30:00,0.56646,0.56656,0.5663,0.56634,292.0
2026-06-22 11:45:00,0.56638,0.56647,0.56623,0.56633,240.0
2026-06-22 12:00:00,0.56636,0.56659,0.56626,0.5665,207.0
2026-06-22 12:15:00,0.56649,0.56662,0.56642,0.56654,292.0
2026-06-22 12:30:00,0.56652,0.56662,0.56642,0.5665,168.0
2026-06-22 12:45:00,0.56647,0.56656,0.56638,0.5665,173.0
2026-06-22 13:00:00,0.56649,0.56661,0.56643,0.5666,197.0
2026-06-22 13:15:00,0.56662,0.56664,0.56648,0.56654,156.0
2026-06-22 13:30:00,0.56654,0.56664,0.56652,0.5666,177.0
2026-06-22 13:45:00,0.5666,0.56664,0.56654,0.56654,175.0
2026-06-22 14:00:00,0.5665,0.56656,0.56636,0.56637,230.0
2026-06-22 14:15:00,0.5664,0.56656,0.56638,0.56653,215.0
2026-06-22 14:30:00,0.56655,0.56658,0.56641,0.56644,100.0
2026-06-22 14:45:00,0.56644,0.56652,0.56638,0.56646,167.0
2026-06-22 15:00:00,0.56644,0.56652,0.56632,0.56642,125.0
2026-06-22 15:15:00,0.56643,0.56646,0.56615,0.5662,83.0
2026-06-22 15:30:00,0.56623,0.56623,0.56614,0.56622,117.0
2026-06-22 15:45:00,0.5662,0.56631,0.56601,0.56603,156.0
2026-06-22 16:00:00,0.56604,0.56606,0.56596,0.56604,74.0
2026-06-22 16:15:00,0.56604,0.56613,0.56595,0.56596,74.0
2026-06-22 16:30:00,0.56598,0.56614,0.56598,0.56614,50.0
2026-06-22 16:45:00,0.56612,0.56618,0.56601,0.56608,249.0
2026-06-22 17:00:00,0.56665,0.56675,0.56596,0.56603,123.0
2026-06-22 17:15:00,0.56612,0.56641,0.56602,0.56626,403.0
2026-06-22 17:30:00,0.56628,0.56633,0.56612,0.56624,118.0
2026-06-22 17:45:00,0.56627,0.5663,0.56617,0.56618,83.0
2026-06-22 18:00:00,0.56616,0.56626,0.56606,0.5662,362.0
2026-06-22 18:15:00,0.56617,0.56626,0.56616,0.56622,40.0
2026-06-22 18:30:00,0.56619,0.56623,0.566,0.56608,59.0
2026-06-22 18:45:00,0.5661,0.5661,0.56601,0.56603,120.0
2026-06-22 19:00:00,0.56602,0.56608,0.5659,0.5659,77.0
2026-06-22 19:15:00,0.56592,0.56606,0.5659,0.56606,42.0
2026-06-22 19:30:00,0.56606,0.56606,0.56586,0.56586,35.0
2026-06-22 19:45:00,0.56588,0.56592,0.56572,0.56572,96.0
2026-06-22 20:00:00,0.5657,0.5657,0.56538,0.5654,261.0
2026-06-22 20:15:00,0.56534,0.56536,0.56494,0.56509,251.0
2026-06-22 20:30:00,0.56511,0.56534,0.56505,0.56534,271.0
2026-06-22 20:45:00,0.56536,0.56542,0.56495,0.56506,278.0
2026-06-22 21:00:00,0.56507,0.56522,0.565,0.56507,198.0
2026-06-22 21:15:00,0.56504,0.5651,0.56484,0.56494,326.0
2026-06-22 21:30:00,0.56495,0.56502,0.56473,0.56473,436.0
2026-06-22 21:45:00,0.56472,0.56477,0.56441,0.56463,362.0
2026-06-22 22:00:00,0.56465,0.56471,0.56432,0.56456,388.0
2026-06-22 22:15:00,0.56456,0.56479,0.56451,0.56471,405.0
2026-06-22 22:30:00,0.5647,0.56476,0.56458,0.56464,301.0
2026-06-22 22:45:00,0.56464,0.56468,0.56407,0.56414,324.0
2026-06-22 23:00:00,0.56412,0.56423,0.5637,0.56396,368.0
2026-06-22 23:15:00,0.56396,0.56408,0.56384,0.56404,305.0
2026-06-22 23:30:00,0.56404,0.56411,0.56388,0.56392,249.0
2026-06-22 23:45:00,0.56393,0.56414,0.5639,0.56412,236.0
2026-06-23 00:00:00,0.56414,0.5642,0.56397,0.56402,277.0
2026-06-23 00:15:00,0.56402,0.56416,0.564,0.5641,304.0
2026-06-23 00:30:00,0.56408,0.56408,0.56388,0.56394,229.0
2026-06-23 00:45:00,0.56394,0.56395,0.56368,0.56378,246.0
2026-06-23 01:00:00,0.56381,0.56382,0.56356,0.56365,270.0
2026-06-23 01:15:00,0.56364,0.56366,0.56334,0.56342,285.0
2026-06-23 01:30:00,0.56344,0.56346,0.56321,0.56346,377.0
2026-06-23 01:45:00,0.56346,0.56352,0.56319,0.56328,445.0
2026-06-23 02:00:00,0.5633,0.56346,0.56297,0.56324,490.0
2026-06-23 02:15:00,0.56322,0.56332,0.56242,0.56266,311.0
2026-06-23 02:30:00,0.56262,0.56262,0.56214,0.5622,244.0
2026-06-23 02:45:00,0.56224,0.56268,0.56219,0.56258,179.0
2026-06-23 03:00:00,0.56258,0.56264,0.56228,0.56231,338.0
2026-06-23 03:15:00,0.56228,0.5626,0.56218,0.56222,304.0
2026-06-23 03:30:00,0.56224,0.56226,0.56199,0.56212,311.0
2026-06-23 03:45:00,0.56214,0.56226,0.5619,0.56216,315.0
2026-06-23 04:00:00,0.56218,0.56248,0.56204,0.56234,288.0
2026-06-23 04:15:00,0.56232,0.56244,0.56208,0.56226,245.0
2026-06-23 04:30:00,0.56227,0.56269,0.56226,0.56256,190.0
2026-06-23 04:45:00,0.56254,0.56257,0.56227,0.56252,255.0
2026-06-23 05:00:00,0.56254,0.56312,0.56253,0.56312,227.0
2026-06-23 05:15:00,0.56312,0.56335,0.56292,0.56323,178.0
2026-06-23 05:30:00,0.56322,0.56332,0.56312,0.56322,264.0
2026-06-23 05:45:00,0.56325,0.56344,0.56312,0.56338,231.0
2026-06-23 06:00:00,0.56337,0.56362,0.56336,0.56356,217.0
2026-06-23 06:15:00,0.56358,0.5636,0.56323,0.56323,164.0
2026-06-23 06:30:00,0.56321,0.56321,0.56282,0.56284,245.0
2026-06-23 06:45:00,0.56283,0.56283,0.56252,0.56254,226.0
2026-06-23 07:00:00,0.56258,0.5627,0.56228,0.56228,233.0
2026-06-23 07:15:00,0.56226,0.56246,0.56212,0.56214,216.0
2026-06-23 07:30:00,0.56216,0.56226,0.56194,0.56198,342.0
2026-06-23 07:45:00,0.56202,0.56206,0.56158,0.56163,201.0
2026-06-23 08:00:00,0.56162,0.5619,0.56152,0.56164,292.0
2026-06-23 08:15:00,0.56166,0.56173,0.56152,0.56154,232.0
2026-06-23 08:30:00,0.56152,0.5616,0.56112,0.56122,231.0
2026-06-23 08:45:00,0.56119,0.56142,0.56109,0.56134,231.0
2026-06-23 09:00:00,0.56134,0.56168,0.56114,0.56138,293.0
2026-06-23 09:15:00,0.56134,0.56134,0.56082,0.56098,266.0
2026-06-23 09:30:00,0.56101,0.56102,0.56026,0.5606,496.0
2026-06-23 09:45:00,0.56058,0.56108,0.5605,0.56104,543.0
2026-06-23 10:00:00,0.561,0.56152,0.56084,0.56148,370.0
2026-06-23 10:15:00,0.56149,0.56172,0.56131,0.56138,351.0
2026-06-23 10:30:00,0.56136,0.56152,0.56114,0.56118,354.0
2026-06-23 10:45:00,0.5612,0.5614,0.56101,0.56112,381.0
2026-06-23 11:00:00,0.56109,0.56112,0.5606,0.56066,377.0
2026-06-23 11:15:00,0.56068,0.5607,0.56046,0.56064,292.0
2026-06-23 11:30:00,0.56066,0.56078,0.56054,0.5607,261.0
2026-06-23 11:45:00,0.56071,0.56074,0.56052,0.56071,208.0
2026-06-23 12:00:00,0.56074,0.56094,0.56072,0.56076,239.0
2026-06-23 12:15:00,0.56079,0.56081,0.56049,0.56052,234.0
2026-06-23 12:30:00,0.56054,0.56065,0.56038,0.56044,128.0
2026-06-23 12:45:00,0.56046,0.56054,0.56038,0.56047,140.0
2026-06-23 13:00:00,0.5605,0.5606,0.56045,0.5605,145.0
2026-06-23 13:15:00,0.56048,0.5606,0.56036,0.56036,129.0
2026-06-23 13:30:00,0.56038,0.56044,0.56024,0.56028,128.0
2026-06-23 13:45:00,0.56026,0.56035,0.56008,0.56014,112.0
2026-06-23 14:00:00,0.56014,0.56021,0.56007,0.5601,113.0
2026-06-23 14:15:00,0.56007,0.56022,0.56,0.56008,103.0
2026-06-23 14:30:00,0.5601,0.56014,0.55987,0.55987,107.0
2026-06-23 14:45:00,0.5599,0.55996,0.5597,0.55976,131.0
2026-06-23 15:00:00,0.55972,0.56006,0.55969,0.55988,285.0
2026-06-23 15:15:00,0.55984,0.56006,0.55982,0.56004,182.0
2026-06-23 15:30:00,0.56005,0.5601,0.55997,0.56006,206.0
2026-06-23 15:45:00,0.56008,0.5601,0.55984,0.55992,159.0
2026-06-23 16:00:00,0.55992,0.55996,0.55978,0.5599,99.0
2026-06-23 16:15:00,0.5599,0.55999,0.55986,0.55996,52.0
2026-06-23 16:30:00,0.55998,0.56006,0.55996,0.56,27.0
2026-06-23 16:45:00,0.56003,0.56006,0.55978,0.55996,120.0
2026-06-23 17:00:00,0.56032,0.56033,0.56006,0.56026,62.0
2026-06-23 17:15:00,0.56021,0.5603,0.56007,0.56017,125.0
2026-06-23 17:30:00,0.56015,0.56031,0.56005,0.56013,151.0
2026-06-23 17:45:00,0.56016,0.56021,0.56,0.56002,184.0
2026-06-23 18:00:00,0.56006,0.56023,0.55987,0.56012,119.0
2026-06-23 18:15:00,0.5601,0.56011,0.5599,0.55992,48.0
2026-06-23 18:30:00,0.55994,0.55994,0.55966,0.5597,93.0
2026-06-23 18:45:00,0.55968,0.55975,0.55962,0.55965,46.0
2026-06-23 19:00:00,0.55966,0.55972,0.55954,0.55972,83.0
2026-06-23 19:15:00,0.55971,0.5598,0.55965,0.55978,36.0
2026-06-23 19:30:00,0.55978,0.55978,0.55954,0.5596,72.0
2026-06-23 19:45:00,0.55962,0.55997,0.55962,0.55995,257.0
2026-06-23 20:00:00,0.55998,0.5604,0.55993,0.56023,438.0
2026-06-23 20:15:00,0.56023,0.56052,0.5602,0.56052,436.0
2026-06-23 20:30:00,0.56053,0.56058,0.56041,0.5605,288.0
2026-06-23 20:45:00,0.56049,0.56061,0.56026,0.56047,310.0
2026-06-23 21:00:00,0.56046,0.56046,0.56009,0.56018,306.0
2026-06-23 21:15:00,0.56018,0.56055,0.56001,0.5605,320.0
2026-06-23 21:30:00,0.56052,0.5609,0.55993,0.56028,692.0
2026-06-23 21:45:00,0.56029,0.5603,0.55978,0.56012,490.0
2026-06-23 22:00:00,0.56014,0.5603,0.56008,0.56021,530.0
2026-06-23 22:15:00,0.5602,0.56035,0.55999,0.56009,544.0
2026-06-23 22:30:00,0.56013,0.56014,0.55976,0.5598,419.0
2026-06-23 22:45:00,0.55982,0.55986,0.55948,0.5595,380.0
2026-06-23 23:00:00,0.5595,0.56001,0.55948,0.55995,201.0
2026-06-23 23:15:00,0.55994,0.56026,0.55984,0.56007,230.0
2026-06-23 23:30:00,0.56006,0.56016,0.55974,0.5598,310.0
2026-06-23 23:45:00,0.5598,0.55982,0.55954,0.55962,292.0
2026-06-24 00:00:00,0.55963,0.55968,0.55946,0.55946,149.0
2026-06-24 00:15:00,0.55942,0.5597,0.55942,0.55968,206.0
2026-06-24 00:30:00,0.5597,0.56012,0.55966,0.56012,289.0
2026-06-24 00:45:00,0.56014,0.56032,0.56006,0.56023,196.0
2026-06-24 01:00:00,0.56025,0.56051,0.56023,0.56042,319.0
2026-06-24 01:15:00,0.56044,0.56068,0.56036,0.56039,414.0
2026-06-24 01:30:00,0.5604,0.56072,0.56039,0.56057,279.0
2026-06-24 01:45:00,0.56059,0.56062,0.56039,0.56048,333.0
2026-06-24 02:00:00,0.56047,0.56075,0.56044,0.56063,323.0
2026-06-24 02:15:00,0.56064,0.56088,0.56058,0.5608,286.0
2026-06-24 02:30:00,0.56082,0.56092,0.56043,0.56045,146.0
2026-06-24 02:45:00,0.56047,0.56054,0.56026,0.56052,178.0
2026-06-24 03:00:00,0.5605,0.56062,0.56022,0.56025,210.0
2026-06-24 03:15:00,0.56026,0.56042,0.56016,0.56019,188.0
2026-06-24 03:30:00,0.56018,0.56048,0.56013,0.56044,188.0
2026-06-24 03:45:00,0.56042,0.56052,0.55998,0.56,228.0
2026-06-24 04:00:00,0.56003,0.56016,0.55968,0.55988,234.0
2026-06-24 04:15:00,0.5599,0.5601,0.55973,0.55976,177.0
2026-06-24 04:30:00,0.5598,0.56003,0.55978,0.55986,219.0
2026-06-24 04:45:00,0.55985,0.55986,0.55961,0.55976,396.0
2026-06-24 05:00:00,0.55975,0.55981,0.55952,0.55954,172.0
2026-06-24 05:15:00,0.55956,0.55976,0.55938,0.5597,218.0
2026-06-24 05:30:00,0.5597,0.55989,0.55942,0.5595,344.0
2026-06-24 05:45:00,0.55949,0.55956,0.55939,0.55944,213.0
2026-06-24 06:00:00,0.55946,0.55956,0.5593,0.55946,165.0
2026-06-24 06:15:00,0.55949,0.5596,0.55938,0.55956,147.0
2026-06-24 06:30:00,0.5596,0.55988,0.55958,0.55977,159.0
2026-06-24 06:45:00,0.55977,0.5599,0.5597,0.55986,160.0
2026-06-24 07:00:00,0.55988,0.56018,0.55988,0.56006,157.0
2026-06-24 07:15:00,0.56005,0.56014,0.56,0.56006,140.0
2026-06-24 07:30:00,0.56009,0.56038,0.55988,0.55993,251.0
2026-06-24 07:45:00,0.55996,0.56048,0.55992,0.56035,328.0
2026-06-24 08:00:00,0.56036,0.56076,0.56029,0.56076,277.0
2026-06-24 08:15:00,0.56078,0.5608,0.56012,0.56029,268.0
2026-06-24 08:30:00,0.56028,0.56064,0.56017,0.56044,336.0
2026-06-24 08:45:00,0.56048,0.56072,0.56032,0.56062,311.0
2026-06-24 09:00:00,0.5606,0.56082,0.56042,0.5608,367.0
2026-06-24 09:15:00,0.56082,0.56088,0.56036,0.56036,437.0
2026-06-24 09:30:00,0.56034,0.5607,0.56006,0.5601,480.0
2026-06-24 09:45:00,0.56008,0.56076,0.56008,0.56064,498.0
2026-06-24 10:00:00,0.56065,0.56072,0.56032,0.56038,367.0
2026-06-24 10:15:00,0.5604,0.56056,0.56018,0.56026,354.0
2026-06-24 10:30:00,0.56027,0.56032,0.55998,0.5602,312.0
2026-06-24 10:45:00,0.56017,0.56067,0.56006,0.5606,559.0
2026-06-24 11:00:00,0.56062,0.56064,0.56012,0.56012,437.0
2026-06-24 11:15:00,0.56009,0.5602,0.55978,0.5601,318.0
2026-06-24 11:30:00,0.56014,0.56033,0.56,0.56003,263.0
2026-06-24 11:45:00,0.56006,0.56033,0.55996,0.56026,227.0
2026-06-24 12:00:00,0.56028,0.56038,0.56005,0.56018,220.0
2026-06-24 12:15:00,0.56016,0.56042,0.56011,0.56016,219.0
2026-06-24 12:30:00,0.56014,0.56044,0.5601,0.56043,232.0
2026-06-24 12:45:00,0.56044,0.56045,0.5602,0.56032,160.0
2026-06-24 13:00:00,0.56034,0.5604,0.56016,0.56016,147.0
2026-06-24 13:15:00,0.5602,0.56024,0.55992,0.55992,213.0
2026-06-24 13:30:00,0.55991,0.55998,0.55962,0.55962,272.0
2026-06-24 13:45:00,0.55964,0.55973,0.55954,0.55962,202.0
2026-06-24 14:00:00,0.5596,0.55974,0.55946,0.55972,223.0
2026-06-24 14:15:00,0.5597,0.5599,0.55968,0.55976,341.0
2026-06-24 14:30:00,0.5598,0.5598,0.55963,0.55967,133.0
2026-06-24 14:45:00,0.55967,0.55967,0.55934,0.55944,174.0
2026-06-24 15:00:00,0.55944,0.55963,0.5593,0.55952,221.0
2026-06-24 15:15:00,0.55949,0.5598,0.55949,0.55974,180.0
2026-06-24 15:30:00,0.55976,0.55986,0.55972,0.55981,210.0
2026-06-24 15:45:00,0.55982,0.56025,0.55982,0.56021,240.0
2026-06-24 16:00:00,0.56022,0.56072,0.56011,0.56059,237.0
2026-06-24 16:15:00,0.5606,0.5607,0.56056,0.56067,113.0
2026-06-24 16:30:00,0.56064,0.56068,0.5606,0.56062,45.0
2026-06-24 16:45:00,0.56061,0.56065,0.56046,0.56056,221.0
2026-06-24 17:00:00,0.56038,0.56076,0.5602,0.56064,115.0
2026-06-24 17:15:00,0.56059,0.56072,0.5605,0.56061,197.0
2026-06-24 17:30:00,0.56062,0.56066,0.56044,0.5605,577.0
2026-06-24 17:45:00,0.56052,0.56072,0.56042,0.56042,899.0
2026-06-24 18:00:00,0.56042,0.56055,0.56026,0.56031,181.0
2026-06-24 18:15:00,0.56029,0.56043,0.56028,0.56034,76.0
2026-06-24 18:30:00,0.56032,0.56038,0.56027,0.56031,38.0
2026-06-24 18:45:00,0.56034,0.56034,0.5602,0.56027,52.0
2026-06-24 19:00:00,0.56026,0.56035,0.5602,0.5603,63.0
2026-06-24 19:15:00,0.5603,0.5605,0.56028,0.56046,74.0
2026-06-24 19:30:00,0.56044,0.56048,0.5604,0.56046,68.0
2026-06-24 19:45:00,0.56045,0.56064,0.56045,0.5606,101.0
2026-06-24 20:00:00,0.56062,0.56064,0.56012,0.56016,201.0
2026-06-24 20:15:00,0.56018,0.56032,0.56012,0.5603,290.0
2026-06-24 20:30:00,0.5603,0.56034,0.56014,0.5602,319.0
2026-06-24 20:45:00,0.56021,0.56028,0.56006,0.56009,267.0
2026-06-24 21:00:00,0.56008,0.5602,0.55984,0.5599,396.0
2026-06-24 21:15:00,0.5599,0.5602,0.55988,0.55992,316.0
2026-06-24 21:30:00,0.55994,0.5606,0.55947,0.55952,601.0
2026-06-24 21:45:00,0.5595,0.55983,0.55942,0.5596,366.0
2026-06-24 22:00:00,0.55963,0.55974,0.55921,0.55924,385.0
2026-06-24 22:15:00,0.55926,0.55946,0.55914,0.55915,413.0
2026-06-24 22:30:00,0.55912,0.55926,0.55873,0.55873,208.0
2026-06-24 22:45:00,0.55876,0.55944,0.55874,0.55941,402.0
2026-06-24 23:00:00,0.55941,0.55945,0.55906,0.5591,225.0
2026-06-24 23:15:00,0.55914,0.55934,0.55911,0.55917,275.0
2026-06-24 23:30:00,0.5592,0.55922,0.55893,0.55901,108.0
2026-06-24 23:45:00,0.55899,0.55935,0.55894,0.55921,168.0
2026-06-25 00:00:00,0.55923,0.55937,0.55918,0.5593,149.0
2026-06-25 00:15:00,0.55932,0.55956,0.5593,0.55943,131.0
2026-06-25 00:30:00,0.5594,0.55959,0.5593,0.55957,103.0
2026-06-25 00:45:00,0.55954,0.55978,0.55954,0.55976,91.0
2026-06-25 01:00:00,0.55978,0.55994,0.55963,0.5597,205.0
2026-06-25 01:15:00,0.5597,0.55986,0.55961,0.55984,184.0
2026-06-25 01:30:00,0.55983,0.55989,0.55964,0.55965,212.0
2026-06-25 01:45:00,0.55962,0.55966,0.55942,0.55942,176.0
2026-06-25 02:00:00,0.55943,0.55973,0.55935,0.5597,141.0
2026-06-25 02:15:00,0.5597,0.55974,0.5595,0.55961,232.0
2026-06-25 02:30:00,0.5596,0.55964,0.55918,0.55926,269.0
2026-06-25 02:45:00,0.55926,0.55954,0.55926,0.55946,153.0
2026-06-25 03:00:00,0.55949,0.55977,0.55922,0.5597,275.0
2026-06-25 03:15:00,0.55971,0.55994,0.55956,0.55962,264.0
2026-06-25 03:30:00,0.55964,0.55974,0.55938,0.55951,161.0
2026-06-25 03:45:00,0.55948,0.5598,0.55946,0.5598,186.0
2026-06-25 04:00:00,0.55982,0.55994,0.55937,0.55954,203.0
2026-06-25 04:15:00,0.5595,0.55976,0.55948,0.55968,196.0
2026-06-25 04:30:00,0.55964,0.55984,0.55952,0.55974,194.0
2026-06-25 04:45:00,0.55972,0.55981,0.55948,0.55961,152.0
2026-06-25 05:00:00,0.55963,0.55998,0.55958,0.55996,176.0
2026-06-25 05:15:00,0.55998,0.56,0.55981,0.55998,124.0
2026-06-25 05:30:00,0.55998,0.55999,0.55974,0.55985,135.0
2026-06-25 05:45:00,0.55986,0.55998,0.55967,0.55993,166.0
2026-06-25 06:00:00,0.55996,0.56006,0.55989,0.55996,126.0
2026-06-25 06:15:00,0.55998,0.56,0.55978,0.55989,97.0
2026-06-25 06:30:00,0.5599,0.55997,0.55976,0.55981,79.0
2026-06-25 06:45:00,0.55984,0.5601,0.55984,0.56004,175.0
2026-06-25 07:00:00,0.56007,0.56024,0.56004,0.56024,148.0
2026-06-25 07:15:00,0.56026,0.56034,0.56016,0.56019,217.0
2026-06-25 07:30:00,0.5602,0.56036,0.56008,0.56028,230.0
2026-06-25 07:45:00,0.56029,0.56042,0.5602,0.5603,280.0
2026-06-25 08:00:00,0.56032,0.5606,0.5603,0.56042,216.0
2026-06-25 08:15:00,0.56044,0.56044,0.56028,0.56034,135.0
2026-06-25 08:30:00,0.56036,0.56066,0.56018,0.56042,1072.0
2026-06-25 08:45:00,0.56044,0.56088,0.56036,0.56083,763.0
2026-06-25 09:00:00,0.56082,0.56082,0.56051,0.56066,893.0
2026-06-25 09:15:00,0.56066,0.56078,0.56023,0.56049,846.0
2026-06-25 09:30:00,0.56048,0.56052,0.55972,0.55979,540.0
2026-06-25 09:45:00,0.55982,0.55988,0.5589,0.55892,643.0
2026-06-25 10:00:00,0.55895,0.55945,0.55882,0.5593,660.0
2026-06-25 10:15:00,0.55929,0.55962,0.559,0.55936,460.0
2026-06-25 10:30:00,0.55938,0.55962,0.55902,0.55922,468.0
2026-06-25 10:45:00,0.55922,0.55946,0.55901,0.55942,533.0
2026-06-25 11:00:00,0.55944,0.55995,0.55942,0.55973,643.0
2026-06-25 11:15:00,0.5597,0.5602,0.55964,0.55998,364.0
2026-06-25 11:30:00,0.56,0.56018,0.5599,0.56013,320.0
2026-06-25 11:45:00,0.5601,0.56028,0.55992,0.56014,275.0
2026-06-25 12:00:00,0.56014,0.56054,0.56012,0.56047,224.0
2026-06-25 12:15:00,0.56051,0.56054,0.56024,0.56024,234.0
2026-06-25 12:30:00,0.56027,0.56034,0.56009,0.56014,232.0
2026-06-25 12:45:00,0.56016,0.56025,0.56007,0.56022,215.0
2026-06-25 13:00:00,0.56024,0.56034,0.56007,0.56026,226.0
2026-06-25 13:15:00,0.56028,0.56042,0.56018,0.56034,184.0
2026-06-25 13:30:00,0.56036,0.56042,0.56022,0.56032,163.0
2026-06-25 13:45:00,0.56032,0.56034,0.56016,0.56032,172.0
2026-06-25 14:00:00,0.56036,0.5604,0.56002,0.56006,214.0
2026-06-25 14:15:00,0.56004,0.5602,0.56002,0.56016,166.0
2026-06-25 14:30:00,0.56016,0.56016,0.55986,0.55991,164.0
2026-06-25 14:45:00,0.55988,0.56003,0.55982,0.55996,200.0
2026-06-25 15:00:00,0.56,0.56002,0.55975,0.55992,113.0
2026-06-25 15:15:00,0.5599,0.5599,0.55974,0.55976,101.0
2026-06-25 15:30:00,0.55973,0.55978,0.55956,0.5597,114.0
2026-06-25 15:45:00,0.55968,0.55976,0.55954,0.55968,167.0
2026-06-25 16:00:00,0.5597,0.55979,0.55954,0.5596,95.0
2026-06-25 16:15:00,0.55959,0.55976,0.55959,0.55974,51.0
2026-06-25 16:30:00,0.5597,0.55976,0.55968,0.55973,42.0
2026-06-25 16:45:00,0.55971,0.55988,0.5597,0.55984,168.0
2026-06-25 17:00:00,0.55968,0.56007,0.55968,0.55982,169.0
2026-06-25 17:15:00,0.55988,0.56001,0.5595,0.55954,359.0
2026-06-25 17:30:00,0.55955,0.55974,0.55944,0.55964,303.0
2026-06-25 17:45:00,0.55964,0.55968,0.55946,0.55948,209.0
2026-06-25 18:00:00,0.55952,0.5597,0.5595,0.55962,185.0
2026-06-25 18:15:00,0.55965,0.5597,0.55961,0.55968,85.0
2026-06-25 18:30:00,0.55967,0.55967,0.55958,0.55962,51.0
2026-06-25 18:45:00,0.55959,0.55968,0.55956,0.55956,93.0
2026-06-25 19:00:00,0.55956,0.55986,0.55956,0.55984,141.0
2026-06-25 19:15:00,0.55984,0.56002,0.55982,0.55989,176.0
2026-06-25 19:30:00,0.55987,0.5599,0.55965,0.55967,38.0
2026-06-25 19:45:00,0.55965,0.55965,0.55936,0.5594,99.0
2026-06-25 20:00:00,0.55941,0.5595,0.55924,0.5593,269.0
2026-06-25 20:15:00,0.55928,0.55936,0.55898,0.55906,293.0
2026-06-25 20:30:00,0.55909,0.55926,0.55898,0.559,260.0
2026-06-25 20:45:00,0.55898,0.55922,0.55892,0.559,215.0
2026-06-25 21:00:00,0.55906,0.55928,0.55876,0.55902,341.0
2026-06-25 21:15:00,0.55902,0.55922,0.559,0.55904,234.0
2026-06-25 21:30:00,0.55902,0.55902,0.55862,0.55872,283.0
2026-06-25 21:45:00,0.5587,0.55872,0.55846,0.5586,350.0
2026-06-25 22:00:00,0.55862,0.55869,0.55822,0.55823,316.0
2026-06-25 22:15:00,0.55825,0.55833,0.55764,0.55788,268.0
2026-06-25 22:30:00,0.55788,0.55813,0.55778,0.55808,195.0
2026-06-25 22:45:00,0.55807,0.5581,0.55756,0.55773,206.0
2026-06-25 23:00:00,0.55774,0.55775,0.55743,0.55764,181.0
2026-06-25 23:15:00,0.55762,0.55769,0.55743,0.55753,140.0
2026-06-25 23:30:00,0.55752,0.55754,0.55729,0.55742,293.0
2026-06-25 23:45:00,0.5574,0.5579,0.55726,0.5579,314.0
2026-06-26 00:00:00,0.5579,0.55804,0.55772,0.55772,322.0
2026-06-26 00:15:00,0.55774,0.55791,0.55746,0.55756,197.0
2026-06-26 00:30:00,0.55754,0.55764,0.5571,0.55717,280.0
2026-06-26 00:45:00,0.55716,0.55724,0.55676,0.55682,225.0
2026-06-26 01:00:00,0.55684,0.55742,0.55679,0.55737,295.0
2026-06-26 01:15:00,0.55738,0.55762,0.55727,0.5576,217.0
2026-06-26 01:30:00,0.55761,0.55768,0.55738,0.55746,264.0
2026-06-26 01:45:00,0.55748,0.5578,0.5574,0.55752,335.0
2026-06-26 02:00:00,0.55754,0.55765,0.55724,0.55742,259.0
2026-06-26 02:15:00,0.55746,0.55782,0.55742,0.55756,219.0
2026-06-26 02:30:00,0.55758,0.55786,0.55752,0.5578,238.0
2026-06-26 02:45:00,0.5578,0.5582,0.55776,0.55806,217.0
2026-06-26 03:00:00,0.55808,0.55809,0.55758,0.55758,229.0
2026-06-26 03:15:00,0.55762,0.55764,0.55742,0.55758,228.0
2026-06-26 03:30:00,0.55759,0.55765,0.5571,0.55716,253.0
2026-06-26 03:45:00,0.55713,0.55728,0.5569,0.55728,243.0
2026-06-26 04:00:00,0.55732,0.55733,0.55692,0.55726,258.0
2026-06-26 04:15:00,0.55728,0.55738,0.55707,0.55727,215.0
2026-06-26 04:30:00,0.55728,0.55735,0.55711,0.55733,181.0
2026-06-26 04:45:00,0.55732,0.55763,0.55723,0.55743,254.0
2026-06-26 05:00:00,0.55742,0.5578,0.55734,0.55767,178.0
2026-06-26 05:15:00,0.55764,0.55796,0.55764,0.55792,165.0
2026-06-26 05:30:00,0.55791,0.55821,0.55782,0.55802,213.0
2026-06-26 05:45:00,0.55801,0.55804,0.55766,0.5577,192.0
2026-06-26 06:00:00,0.55772,0.55799,0.55768,0.5579,209.0
2026-06-26 06:15:00,0.55793,0.55793,0.55772,0.55776,164.0
2026-06-26 06:30:00,0.55774,0.55793,0.5577,0.55792,188.0
2026-06-26 06:45:00,0.5579,0.55814,0.55786,0.55805,170.0
2026-06-26 07:00:00,0.55804,0.55821,0.55801,0.55801,238.0
2026-06-26 07:15:00,0.55798,0.55813,0.55792,0.558,157.0
2026-06-26 07:30:00,0.55803,0.55832,0.55802,0.55826,238.0
2026-06-26 07:45:00,0.55822,0.55824,0.558,0.558,232.0
2026-06-26 08:00:00,0.55797,0.55812,0.55792,0.55809,234.0
2026-06-26 08:15:00,0.55812,0.55818,0.55773,0.55774,217.0
2026-06-26 08:30:00,0.55773,0.55795,0.55722,0.55733,480.0
2026-06-26 08:45:00,0.55734,0.55752,0.55723,0.55723,329.0
2026-06-26 09:00:00,0.55725,0.55744,0.55714,0.55741,557.0
2026-06-26 09:15:00,0.55742,0.55753,0.55714,0.55746,800.0
2026-06-26 09:30:00,0.55744,0.55768,0.55718,0.55768,972.0
2026-06-26 09:45:00,0.55767,0.55789,0.55751,0.55759,625.0
2026-06-26 10:00:00,0.5576,0.55808,0.55756,0.55806,1109.0
2026-06-26 10:15:00,0.55804,0.55846,0.55798,0.55838,860.0
2026-06-26 10:30:00,0.55839,0.55868,0.55826,0.55845,565.0
2026-06-26 10:45:00,0.55842,0.55868,0.5582,0.55832,661.0
2026-06-26 11:00:00,0.5583,0.55836,0.55786,0.558,724.0
2026-06-26 11:15:00,0.55796,0.55819,0.55796,0.55817,237.0
2026-06-26 11:30:00,0.55814,0.55848,0.55812,0.55846,318.0
2026-06-26 11:45:00,0.55846,0.55848,0.558,0.55811,395.0
2026-06-26 12:00:00,0.5581,0.55837,0.5581,0.55832,214.0
2026-06-26 12:15:00,0.55834,0.55846,0.55828,0.55844,266.0
2026-06-26 12:30:00,0.55848,0.55858,0.55841,0.55848,189.0
2026-06-26 12:45:00,0.55849,0.55856,0.55838,0.55856,120.0
2026-06-26 13:00:00,0.55858,0.55866,0.55846,0.55858,164.0
2026-06-26 13:15:00,0.55856,0.55863,0.55842,0.55862,165.0
2026-06-26 13:30:00,0.5586,0.55864,0.55846,0.55858,197.0
2026-06-26 13:45:00,0.55858,0.55866,0.55852,0.55854,140.0
2026-06-26 14:00:00,0.55851,0.55876,0.55844,0.55874,194.0
2026-06-26 14:15:00,0.55878,0.55878,0.55836,0.55838,201.0
2026-06-26 14:30:00,0.55839,0.5584,0.55826,0.55836,93.0
2026-06-26 14:45:00,0.55834,0.55834,0.5581,0.55822,174.0
2026-06-26 15:00:00,0.55824,0.55834,0.55817,0.55832,199.0
2026-06-26 15:15:00,0.55831,0.5584,0.55826,0.55832,170.0
2026-06-26 15:30:00,0.55834,0.5584,0.55826,0.55838,145.0
2026-06-26 15:45:00,0.5584,0.55856,0.5583,0.55832,187.0
2026-06-26 16:00:00,0.55835,0.55844,0.55821,0.55834,377.0
2026-06-26 16:15:00,0.55834,0.55836,0.5582,0.55821,261.0
2026-06-26 16:30:00,0.55819,0.55831,0.55807,0.55829,339.0
2026-06-26 16:45:00,0.55829,0.55852,0.55806,0.55836,679.0
2026-06-28 17:00:00,0.55834,0.55844,0.55834,0.5584,35.0
2026-06-28 17:15:00,0.55838,0.5586,0.55807,0.55835,534.0
2026-06-28 17:30:00,0.55833,0.5584,0.55822,0.55828,78.0
2026-06-28 17:45:00,0.5583,0.5584,0.55811,0.55826,315.0
2026-06-28 18:00:00,0.55822,0.55875,0.55821,0.55866,245.0
2026-06-28 18:15:00,0.55864,0.55867,0.55853,0.55853,45.0
2026-06-28 18:30:00,0.55855,0.55867,0.5585,0.55862,36.0
2026-06-28 18:45:00,0.5586,0.55864,0.55854,0.55854,27.0
2026-06-28 19:00:00,0.55852,0.55872,0.55852,0.55866,102.0
2026-06-28 19:15:00,0.55866,0.55868,0.55855,0.55864,234.0
2026-06-28 19:30:00,0.55864,0.55868,0.55856,0.55861,183.0
2026-06-28 19:45:00,0.5586,0.55866,0.5585,0.55861,306.0
2026-06-28 20:00:00,0.55862,0.55864,0.55783,0.55783,609.0
2026-06-28 20:15:00,0.55784,0.55794,0.55756,0.55768,315.0
2026-06-28 20:30:00,0.55768,0.55784,0.55761,0.55784,509.0
2026-06-28 20:45:00,0.55783,0.55783,0.55745,0.55761,412.0
2026-06-28 21:00:00,0.5576,0.5577,0.5574,0.55762,287.0
2026-06-28 21:15:00,0.5576,0.55776,0.55748,0.55753,393.0
2026-06-28 21:30:00,0.55752,0.55799,0.55738,0.55784,471.0
2026-06-28 21:45:00,0.55786,0.55786,0.55767,0.55773,407.0
2026-06-28 22:00:00,0.55771,0.55778,0.5576,0.55763,733.0
2026-06-28 22:15:00,0.55763,0.55814,0.55758,0.55806,623.0
2026-06-28 22:30:00,0.55808,0.55809,0.55783,0.55789,364.0
2026-06-28 22:45:00,0.5579,0.55804,0.55789,0.55793,218.0
2026-06-28 23:00:00,0.55796,0.5581,0.55791,0.558,308.0
2026-06-28 23:15:00,0.55802,0.55822,0.55802,0.55821,312.0
2026-06-28 23:30:00,0.55823,0.55824,0.55802,0.55804,296.0
2026-06-28 23:45:00,0.558,0.55813,0.55793,0.55798,226.0
2026-06-29 00:00:00,0.55798,0.55806,0.55792,0.55804,284.0
2026-06-29 00:15:00,0.55801,0.5581,0.55796,0.55799,123.0
2026-06-29 00:30:00,0.55802,0.55809,0.55796,0.55802,196.0
2026-06-29 00:45:00,0.558,0.55814,0.55794,0.55802,237.0
2026-06-29 01:00:00,0.558,0.55811,0.55789,0.5581,270.0
2026-06-29 01:15:00,0.55807,0.55814,0.55791,0.55795,348.0
2026-06-29 01:30:00,0.55797,0.55813,0.55779,0.55811,221.0
2026-06-29 01:45:00,0.5581,0.55814,0.5579,0.55803,407.0
2026-06-29 02:00:00,0.55805,0.55816,0.55794,0.55813,171.0
2026-06-29 02:15:00,0.55814,0.55856,0.55809,0.55843,132.0
2026-06-29 02:30:00,0.5584,0.55854,0.55834,0.55849,196.0
2026-06-29 02:45:00,0.55848,0.5585,0.55808,0.5581,245.0
2026-06-29 03:00:00,0.55808,0.55827,0.55804,0.55825,191.0
2026-06-29 03:15:00,0.55824,0.55844,0.55819,0.5583,150.0
2026-06-29 03:30:00,0.55828,0.55828,0.55788,0.55795,206.0
2026-06-29 03:45:00,0.55791,0.558,0.5577,0.5577,233.0
2026-06-29 04:00:00,0.55772,0.55776,0.5575,0.55769,273.0
2026-06-29 04:15:00,0.5577,0.55782,0.55762,0.55762,204.0
2026-06-29 04:30:00,0.55764,0.55786,0.55758,0.55774,232.0
2026-06-29 04:45:00,0.55774,0.5578,0.55752,0.55758,202.0
2026-06-29 05:00:00,0.55756,0.55769,0.55752,0.55767,216.0
2026-06-29 05:15:00,0.55764,0.55777,0.5575,0.55768,117.0
2026-06-29 05:30:00,0.5577,0.5579,0.55766,0.55787,118.0
2026-06-29 05:45:00,0.55786,0.55796,0.5578,0.55788,132.0
2026-06-29 06:00:00,0.55792,0.55794,0.55766,0.55782,142.0
2026-06-29 06:15:00,0.55786,0.55798,0.55783,0.5579,110.0
2026-06-29 06:30:00,0.55788,0.55792,0.5578,0.55784,129.0
2026-06-29 06:45:00,0.55783,0.5579,0.55774,0.55778,197.0
2026-06-29 07:00:00,0.55776,0.5578,0.55748,0.5576,382.0
2026-06-29 07:15:00,0.55759,0.55784,0.55759,0.55779,283.0
2026-06-29 07:30:00,0.55777,0.55795,0.55763,0.55793,187.0
2026-06-29 07:45:00,0.55796,0.55802,0.55764,0.55772,217.0
2026-06-29 08:00:00,0.55775,0.55794,0.55764,0.55791,243.0
2026-06-29 08:15:00,0.55792,0.55804,0.55784,0.55791,226.0
2026-06-29 08:30:00,0.55788,0.55792,0.55764,0.55772,211.0
2026-06-29 08:45:00,0.55772,0.55788,0.55766,0.5578,192.0
2026-06-29 09:00:00,0.55778,0.55783,0.55762,0.55768,199.0
2026-06-29 09:15:00,0.5577,0.55774,0.55743,0.55743,199.0
2026-06-29 09:30:00,0.55741,0.55741,0.55711,0.55726,432.0
2026-06-29 09:45:00,0.55727,0.55731,0.55666,0.55675,390.0
2026-06-29 10:00:00,0.55676,0.55688,0.55625,0.55636,633.0
2026-06-29 10:15:00,0.55634,0.55644,0.55606,0.55635,698.0
2026-06-29 10:30:00,0.55636,0.5566,0.55608,0.55636,651.0
2026-06-29 10:45:00,0.55636,0.55649,0.55616,0.55628,731.0
2026-06-29 11:00:00,0.5563,0.55655,0.55622,0.55648,355.0
2026-06-29 11:15:00,0.55645,0.55648,0.55619,0.55636,323.0
2026-06-29 11:30:00,0.55636,0.55638,0.55609,0.55633,338.0
2026-06-29 11:45:00,0.55632,0.55643,0.5562,0.55636,240.0
2026-06-29 12:00:00,0.55632,0.55646,0.55627,0.55646,233.0
2026-06-29 12:15:00,0.5565,0.55651,0.55638,0.5564,128.0
2026-06-29 12:30:00,0.55642,0.55648,0.5563,0.55647,191.0
2026-06-29 12:45:00,0.55646,0.55648,0.55624,0.55626,195.0
2026-06-29 13:00:00,0.55627,0.55636,0.55624,0.55632,169.0
2026-06-29 13:15:00,0.55634,0.55644,0.55634,0.55641,181.0
2026-06-29 13:30:00,0.55642,0.55643,0.55626,0.55636,126.0
2026-06-29 13:45:00,0.55634,0.55634,0.5561,0.55619,174.0
2026-06-29 14:00:00,0.55622,0.55636,0.55622,0.5563,177.0
2026-06-29 14:15:00,0.55628,0.55634,0.55625,0.55631,73.0
2026-06-29 14:30:00,0.55629,0.55644,0.55625,0.55638,128.0
2026-06-29 14:45:00,0.55638,0.55646,0.55634,0.55638,142.0
2026-06-29 15:00:00,0.55636,0.5564,0.55629,0.55634,136.0
2026-06-29 15:15:00,0.55634,0.55638,0.55624,0.55624,111.0
2026-06-29 15:30:00,0.55624,0.55637,0.55618,0.55635,84.0
2026-06-29 15:45:00,0.55637,0.55637,0.5562,0.55626,70.0
2026-06-29 16:00:00,0.55627,0.5563,0.55619,0.55624,68.0
2026-06-29 16:15:00,0.55627,0.55629,0.55618,0.55618,19.0
2026-06-29 16:30:00,0.5562,0.55625,0.5562,0.5562,20.0
2026-06-29 16:45:00,0.55617,0.55624,0.55612,0.55614,51.0
2026-06-29 17:00:00,0.55655,0.55664,0.55616,0.55638,259.0
2026-06-29 17:15:00,0.55638,0.5564,0.55605,0.55612,191.0
2026-06-29 17:30:00,0.55612,0.55652,0.55602,0.55635,382.0
2026-06-29 17:45:00,0.55632,0.55645,0.55622,0.55632,291.0
2026-06-29 18:00:00,0.55636,0.55636,0.55611,0.55624,123.0
2026-06-29 18:15:00,0.55626,0.55634,0.5562,0.55624,32.0
2026-06-29 18:30:00,0.55622,0.55627,0.55618,0.55618,40.0
2026-06-29 18:45:00,0.5562,0.5562,0.55609,0.55614,24.0
2026-06-29 19:00:00,0.55612,0.55617,0.55609,0.55613,44.0
2026-06-29 19:15:00,0.55614,0.55624,0.55614,0.55618,21.0
2026-06-29 19:30:00,0.55621,0.55621,0.5561,0.55616,44.0
2026-06-29 19:45:00,0.55614,0.55616,0.5559,0.55594,145.0
2026-06-29 20:00:00,0.55597,0.55597,0.55531,0.55553,290.0
2026-06-29 20:15:00,0.55553,0.55564,0.55536,0.5554,190.0
2026-06-29 20:30:00,0.55542,0.55551,0.55524,0.55531,308.0
2026-06-29 20:45:00,0.5553,0.55536,0.55505,0.55527,357.0
2026-06-29 21:00:00,0.55529,0.5554,0.55508,0.5554,310.0
2026-06-29 21:15:00,0.5554,0.55603,0.55538,0.556,297.0
2026-06-29 21:30:00,0.55598,0.55616,0.55581,0.55593,319.0
2026-06-29 21:45:00,0.55597,0.556,0.55558,0.55566,325.0
2026-06-29 22:00:00,0.55569,0.55578,0.5555,0.55552,246.0
2026-06-29 22:15:00,0.55555,0.55556,0.5554,0.55545,341.0
2026-06-29 22:30:00,0.55544,0.55547,0.55528,0.55532,347.0
2026-06-29 22:45:00,0.55534,0.55566,0.5553,0.55552,357.0
2026-06-29 23:00:00,0.55552,0.5558,0.55552,0.55558,311.0
2026-06-29 23:15:00,0.55562,0.55575,0.55558,0.55574,332.0
2026-06-29 23:30:00,0.55574,0.55584,0.55568,0.55576,197.0
2026-06-29 23:45:00,0.55574,0.55584,0.55574,0.5558,147.0
2026-06-30 00:00:00,0.5558,0.55598,0.5558,0.55598,232.0
2026-06-30 00:15:00,0.55596,0.55616,0.5559,0.55616,173.0
2026-06-30 00:30:00,0.55616,0.55626,0.55614,0.55618,196.0
2026-06-30 00:45:00,0.55619,0.55628,0.5561,0.55617,295.0
2026-06-30 01:00:00,0.55615,0.55644,0.55615,0.55641,431.0
2026-06-30 01:15:00,0.5564,0.55644,0.5563,0.5564,376.0
2026-06-30 01:30:00,0.5564,0.55646,0.55625,0.55644,246.0
2026-06-30 01:45:00,0.55646,0.55664,0.55632,0.55636,387.0
2026-06-30 02:00:00,0.55638,0.55658,0.55628,0.55637,241.0
2026-06-30 02:15:00,0.55634,0.55662,0.55632,0.55659,190.0
2026-06-30 02:30:00,0.55661,0.55664,0.55638,0.55644,256.0
2026-06-30 02:45:00,0.55642,0.55654,0.55618,0.55622,210.0
2026-06-30 03:00:00,0.55622,0.55622,0.55602,0.55612,203.0
2026-06-30 03:15:00,0.55612,0.55628,0.5559,0.55626,225.0
2026-06-30 03:30:00,0.55623,0.5566,0.55613,0.55651,176.0
2026-06-30 03:45:00,0.55648,0.55671,0.55646,0.55662,179.0
2026-06-30 04:00:00,0.55664,0.55702,0.5566,0.55684,354.0
2026-06-30 04:15:00,0.55685,0.55698,0.55673,0.55688,337.0
2026-06-30 04:30:00,0.55688,0.55705,0.55672,0.55685,174.0
2026-06-30 04:45:00,0.55682,0.55706,0.55682,0.557,323.0
2026-06-30 05:00:00,0.55697,0.55746,0.55697,0.55728,200.0
2026-06-30 05:15:00,0.5573,0.55756,0.55727,0.55735,141.0
2026-06-30 05:30:00,0.55732,0.5575,0.55728,0.55746,194.0
2026-06-30 05:45:00,0.55744,0.5575,0.55726,0.5573,138.0
2026-06-30 06:00:00,0.55729,0.55741,0.55724,0.5573,101.0
2026-06-30 06:15:00,0.55728,0.55732,0.55718,0.55722,92.0
2026-06-30 06:30:00,0.55725,0.55727,0.55698,0.55706,180.0
2026-06-30 06:45:00,0.55708,0.55732,0.55704,0.55724,140.0
2026-06-30 07:00:00,0.55724,0.55736,0.55713,0.55734,167.0
2026-06-30 07:15:00,0.55736,0.55746,0.55701,0.5574,207.0
2026-06-30 07:30:00,0.55742,0.55756,0.55735,0.55746,212.0
2026-06-30 07:45:00,0.55748,0.55765,0.55743,0.55759,121.0
2026-06-30 08:00:00,0.55756,0.55768,0.55739,0.5574,161.0
2026-06-30 08:15:00,0.55742,0.55744,0.55718,0.5572,252.0
2026-06-30 08:30:00,0.55718,0.55731,0.55714,0.55716,308.0
2026-06-30 08:45:00,0.55717,0.55722,0.55698,0.55711,199.0
2026-06-30 09:00:00,0.55714,0.55742,0.55714,0.5574,216.0
2026-06-30 09:15:00,0.55739,0.5575,0.5573,0.55738,269.0
2026-06-30 09:30:00,0.55738,0.5575,0.55723,0.55735,365.0
2026-06-30 09:45:00,0.55738,0.5577,0.55737,0.55762,271.0
2026-06-30 10:00:00,0.55762,0.55836,0.55762,0.55834,514.0
2026-06-30 10:15:00,0.55834,0.55871,0.55826,0.55871,430.0
2026-06-30 10:30:00,0.55869,0.55869,0.55828,0.55833,444.0
2026-06-30 10:45:00,0.5583,0.55894,0.55788,0.55864,711.0
2026-06-30 11:00:00,0.55866,0.559,0.55866,0.55894,663.0
2026-06-30 11:15:00,0.55895,0.55896,0.55878,0.5588,357.0
2026-06-30 11:30:00,0.55878,0.55896,0.55872,0.55879,437.0
2026-06-30 11:45:00,0.55879,0.55889,0.55874,0.55884,293.0
2026-06-30 12:00:00,0.55884,0.55902,0.55873,0.55884,343.0
2026-06-30 12:15:00,0.55886,0.5589,0.55872,0.55872,172.0
2026-06-30 12:30:00,0.55875,0.55886,0.55862,0.55884,282.0
2026-06-30 12:45:00,0.55885,0.55905,0.55882,0.55896,177.0
2026-06-30 13:00:00,0.55894,0.55904,0.5589,0.55903,244.0
2026-06-30 13:15:00,0.55902,0.55907,0.55892,0.55892,138.0
2026-06-30 13:30:00,0.55894,0.55909,0.55888,0.55908,123.0
2026-06-30 13:45:00,0.5591,0.55912,0.55897,0.55906,141.0
2026-06-30 14:00:00,0.55908,0.55908,0.55892,0.55896,157.0
2026-06-30 14:15:00,0.55898,0.55908,0.55896,0.55902,88.0
2026-06-30 14:30:00,0.559,0.55921,0.559,0.55917,125.0
2026-06-30 14:45:00,0.55918,0.55936,0.55915,0.55932,174.0
2026-06-30 15:00:00,0.55934,0.5594,0.55926,0.55934,109.0
2026-06-30 15:15:00,0.55934,0.5595,0.55931,0.55949,111.0
2026-06-30 15:30:00,0.5595,0.55956,0.55936,0.55948,169.0
2026-06-30 15:45:00,0.55945,0.55954,0.55935,0.55935,171.0
2026-06-30 16:00:00,0.55938,0.55944,0.55928,0.55933,123.0
2026-06-30 16:15:00,0.55935,0.55938,0.55927,0.55929,23.0
2026-06-30 16:30:00,0.55928,0.55932,0.5592,0.55928,47.0
2026-06-30 16:45:00,0.55926,0.55936,0.55924,0.55936,126.0
2026-06-30 17:00:00,0.55898,0.55921,0.55872,0.55888,290.0
2026-06-30 17:15:00,0.55889,0.55914,0.55884,0.55906,564.0
2026-06-30 17:30:00,0.55906,0.55923,0.55884,0.55905,642.0
2026-06-30 17:45:00,0.55908,0.55924,0.55882,0.55898,1231.0
2026-06-30 18:00:00,0.55892,0.55934,0.55892,0.55918,69.0
2026-06-30 18:15:00,0.55914,0.55922,0.55909,0.55912,31.0
2026-06-30 18:30:00,0.55915,0.5592,0.55914,0.55918,19.0
2026-06-30 18:45:00,0.55917,0.55919,0.55908,0.55919,30.0
2026-06-30 19:00:00,0.55916,0.55922,0.5591,0.5591,36.0
2026-06-30 19:15:00,0.5591,0.55922,0.5591,0.55915,25.0
2026-06-30 19:30:00,0.55913,0.55913,0.55902,0.55905,33.0
2026-06-30 19:45:00,0.55906,0.55924,0.55896,0.55903,119.0
2026-06-30 20:00:00,0.55905,0.55916,0.559,0.55904,207.0
2026-06-30 20:15:00,0.55903,0.55908,0.55852,0.55854,286.0
2026-06-30 20:30:00,0.55855,0.55873,0.55852,0.55852,322.0
2026-06-30 20:45:00,0.55853,0.55854,0.55824,0.55826,379.0
2026-06-30 21:00:00,0.55827,0.55841,0.55804,0.55818,294.0
2026-06-30 21:15:00,0.55819,0.55825,0.55796,0.55803,356.0
2026-06-30 21:30:00,0.55805,0.55809,0.55777,0.55786,294.0
2026-06-30 21:45:00,0.55784,0.55786,0.55756,0.55771,367.0
2026-06-30 22:00:00,0.55772,0.55772,0.55703,0.55718,313.0
2026-06-30 22:15:00,0.55719,0.55746,0.55704,0.55746,212.0
2026-06-30 22:30:00,0.55747,0.5577,0.55738,0.55764,368.0
2026-06-30 22:45:00,0.55768,0.55774,0.55752,0.55752,210.0
2026-06-30 23:00:00,0.55754,0.55764,0.55741,0.55758,190.0
2026-06-30 23:15:00,0.55762,0.55768,0.5575,0.55765,255.0
2026-06-30 23:30:00,0.55764,0.55776,0.5576,0.55764,253.0
2026-06-30 23:45:00,0.55763,0.55782,0.55762,0.5578,111.0
2026-07-01 00:00:00,0.55782,0.55782,0.55745,0.55745,362.0
2026-07-01 00:15:00,0.55744,0.5575,0.55735,0.55745,174.0
2026-07-01 00:30:00,0.55742,0.5576,0.55737,0.55759,219.0
2026-07-01 00:45:00,0.55758,0.55772,0.55758,0.55765,178.0
2026-07-01 01:00:00,0.55767,0.55774,0.55757,0.55757,164.0
2026-07-01 01:15:00,0.55757,0.55774,0.55754,0.55774,222.0
2026-07-01 01:30:00,0.55771,0.55792,0.55771,0.55783,217.0
2026-07-01 01:45:00,0.55784,0.558,0.55774,0.5579,302.0
2026-07-01 02:00:00,0.55788,0.5579,0.55761,0.55774,188.0
2026-07-01 02:15:00,0.55776,0.55776,0.55753,0.5576,169.0
2026-07-01 02:30:00,0.55762,0.55777,0.55754,0.55766,175.0
2026-07-01 02:45:00,0.55766,0.55785,0.55764,0.55785,138.0
2026-07-01 03:00:00,0.55788,0.55801,0.55781,0.55784,210.0
2026-07-01 03:15:00,0.55782,0.55802,0.55773,0.558,126.0
2026-07-01 03:30:00,0.55801,0.55804,0.55768,0.55772,172.0
2026-07-01 03:45:00,0.55774,0.55813,0.55774,0.55808,176.0
2026-07-01 04:00:00,0.55806,0.55826,0.55798,0.55826,175.0
2026-07-01 04:15:00,0.55823,0.55834,0.55814,0.5583,153.0
2026-07-01 04:30:00,0.55834,0.55834,0.5582,0.55829,138.0
2026-07-01 04:45:00,0.55828,0.55832,0.55796,0.55808,243.0
2026-07-01 05:00:00,0.55806,0.5582,0.55798,0.55816,171.0
2026-07-01 05:15:00,0.55814,0.55834,0.5581,0.55829,193.0
2026-07-01 05:30:00,0.55829,0.5584,0.55821,0.55825,223.0
2026-07-01 05:45:00,0.55823,0.55848,0.55823,0.55836,122.0
2026-07-01 06:00:00,0.55834,0.55836,0.55826,0.55836,106.0
2026-07-01 06:15:00,0.55834,0.55838,0.55827,0.55831,94.0
2026-07-01 06:30:00,0.55834,0.5585,0.55828,0.55846,106.0
2026-07-01 06:45:00,0.55848,0.55858,0.55846,0.55856,94.0
2026-07-01 07:00:00,0.55856,0.55867,0.55846,0.55862,188.0
2026-07-01 07:15:00,0.55864,0.55882,0.55862,0.55874,158.0
2026-07-01 07:30:00,0.55872,0.55892,0.55862,0.5589,231.0
2026-07-01 07:45:00,0.5589,0.55902,0.5588,0.55898,236.0
2026-07-01 08:00:00,0.55898,0.55914,0.55874,0.55908,261.0
2026-07-01 08:15:00,0.55906,0.55922,0.55899,0.55916,245.0
2026-07-01 08:30:00,0.55918,0.5595,0.55914,0.55936,449.0
2026-07-01 08:45:00,0.55938,0.55942,0.55922,0.55932,344.0
2026-07-01 09:00:00,0.55931,0.55936,0.55902,0.55908,383.0
2026-07-01 09:15:00,0.55911,0.55942,0.55906,0.55914,543.0
2026-07-01 09:30:00,0.55912,0.5594,0.5589,0.5593,706.0
2026-07-01 09:45:00,0.55927,0.55934,0.55876,0.55883,592.0
2026-07-01 10:00:00,0.55877,0.5589,0.55832,0.55846,639.0
2026-07-01 10:15:00,0.55848,0.55872,0.55846,0.55862,416.0
2026-07-01 10:30:00,0.55864,0.55866,0.55817,0.55818,406.0
2026-07-01 10:45:00,0.55812,0.55824,0.55775,0.55804,587.0
2026-07-01 11:00:00,0.55802,0.55802,0.55778,0.55789,362.0
2026-07-01 11:15:00,0.55792,0.55806,0.55782,0.55789,271.0
2026-07-01 11:30:00,0.55792,0.55832,0.55782,0.55822,359.0
2026-07-01 11:45:00,0.55822,0.55828,0.55806,0.55811,429.0
2026-07-01 12:00:00,0.55812,0.5582,0.55786,0.55794,303.0
2026-07-01 12:15:00,0.55793,0.55814,0.55788,0.55811,270.0
2026-07-01 12:30:00,0.55812,0.5582,0.55804,0.55808,266.0
2026-07-01 12:45:00,0.5581,0.55814,0.55794,0.55814,246.0
2026-07-01 13:00:00,0.55818,0.55818,0.55792,0.55804,176.0
2026-07-01 13:15:00,0.55806,0.55812,0.55796,0.55808,233.0
2026-07-01 13:30:00,0.55807,0.5582,0.55802,0.55816,178.0
2026-07-01 13:45:00,0.55814,0.55818,0.55796,0.55796,112.0
2026-07-01 14:00:00,0.55799,0.55808,0.55792,0.55798,127.0
2026-07-01 14:15:00,0.558,0.5581,0.55786,0.55804,128.0
2026-07-01 14:30:00,0.55804,0.55811,0.558,0.55804,71.0
2026-07-01 14:45:00,0.55802,0.55803,0.55789,0.55794,101.0
2026-07-01 15:00:00,0.55795,0.55814,0.55794,0.55812,174.0
2026-07-01 15:15:00,0.55812,0.55816,0.55804,0.55808,256.0
2026-07-01 15:30:00,0.5581,0.55813,0.55798,0.55799,73.0
2026-07-01 15:45:00,0.55802,0.55804,0.55788,0.55792,185.0
2026-07-01 16:00:00,0.55792,0.55794,0.55776,0.5579,105.0
2026-07-01 16:15:00,0.55788,0.5579,0.55782,0.55782,20.0
2026-07-01 16:30:00,0.5578,0.55792,0.55777,0.55792,42.0
2026-07-01 16:45:00,0.55796,0.5581,0.55796,0.55796,83.0
2026-07-01 17:00:00,0.55795,0.55852,0.55786,0.5585,1661.0
2026-07-01 17:15:00,0.55849,0.55852,0.55776,0.55803,383.0
2026-07-01 17:30:00,0.55807,0.55819,0.5575,0.55766,250.0
2026-07-01 17:45:00,0.55767,0.55805,0.55766,0.55804,554.0
2026-07-01 18:00:00,0.55803,0.55807,0.55782,0.558,77.0
2026-07-01 18:15:00,0.55802,0.55804,0.55793,0.55795,33.0
2026-07-01 18:30:00,0.55792,0.55794,0.55786,0.55788,29.0
2026-07-01 18:45:00,0.5579,0.55793,0.55784,0.55784,23.0
2026-07-01 19:00:00,0.55786,0.55794,0.55778,0.55786,67.0
2026-07-01 19:15:00,0.55786,0.55788,0.55776,0.55777,68.0
2026-07-01 19:30:00,0.55777,0.55778,0.5577,0.55777,52.0
2026-07-01 19:45:00,0.55778,0.55778,0.55752,0.55756,197.0
2026-07-01 20:00:00,0.55756,0.55766,0.55704,0.55709,464.0
2026-07-01 20:15:00,0.5571,0.55756,0.5571,0.55754,418.0
2026-07-01 20:30:00,0.55755,0.55767,0.55725,0.5573,355.0
2026-07-01 20:45:00,0.55731,0.55768,0.55724,0.55758,440.0
2026-07-01 21:00:00,0.55758,0.55806,0.55758,0.55801,244.0
2026-07-01 21:15:00,0.55798,0.558,0.55778,0.55782,323.0
2026-07-01 21:30:00,0.55779,0.55792,0.5577,0.55772,356.0
2026-07-01 21:45:00,0.55773,0.55792,0.55766,0.55781,269.0
2026-07-01 22:00:00,0.5578,0.55794,0.55773,0.55791,280.0
2026-07-01 22:15:00,0.55794,0.55798,0.55778,0.55784,242.0
2026-07-01 22:30:00,0.55782,0.55793,0.55778,0.5579,259.0
2026-07-01 22:45:00,0.5579,0.55794,0.55763,0.55766,236.0
2026-07-01 23:00:00,0.55768,0.55779,0.55738,0.5574,227.0
2026-07-01 23:15:00,0.55742,0.55746,0.55714,0.55734,333.0
2026-07-01 23:30:00,0.55732,0.55753,0.5573,0.55746,256.0
2026-07-01 23:45:00,0.55746,0.55756,0.55734,0.55752,220.0
2026-07-02 00:00:00,0.55752,0.55756,0.55738,0.55744,304.0
2026-07-02 00:15:00,0.55744,0.55746,0.5573,0.55742,228.0
2026-07-02 00:30:00,0.55742,0.55744,0.55729,0.55738,163.0
2026-07-02 00:45:00,0.55736,0.55762,0.55734,0.55758,213.0
2026-07-02 01:00:00,0.55759,0.5576,0.55744,0.55758,201.0
2026-07-02 01:15:00,0.55756,0.5577,0.55742,0.55744,146.0
2026-07-02 01:30:00,0.55742,0.55747,0.55735,0.55746,137.0
2026-07-02 01:45:00,0.55746,0.55759,0.55734,0.55748,184.0
2026-07-02 02:00:00,0.5575,0.55759,0.55728,0.55738,217.0
2026-07-02 02:15:00,0.5574,0.5575,0.5573,0.55746,115.0
2026-07-02 02:30:00,0.55745,0.55758,0.55736,0.55738,118.0
2026-07-02 02:45:00,0.55739,0.55754,0.5572,0.55722,285.0
2026-07-02 03:00:00,0.5572,0.5572,0.55699,0.55708,211.0
2026-07-02 03:15:00,0.55707,0.55708,0.5566,0.55676,266.0
2026-07-02 03:30:00,0.55674,0.5569,0.55657,0.55658,457.0
2026-07-02 03:45:00,0.55658,0.55664,0.55582,0.55584,533.0
2026-07-02 04:00:00,0.55581,0.55588,0.55538,0.55566,362.0
2026-07-02 04:15:00,0.55568,0.55604,0.55555,0.55592,290.0
2026-07-02 04:30:00,0.5559,0.55618,0.5557,0.55614,259.0
2026-07-02 04:45:00,0.55614,0.55618,0.55558,0.55564,289.0
2026-07-02 05:00:00,0.55567,0.55584,0.55542,0.5558,321.0
2026-07-02 05:15:00,0.55578,0.55586,0.55558,0.55568,163.0
2026-07-02 05:30:00,0.55571,0.55595,0.5557,0.55575,195.0
2026-07-02 05:45:00,0.55576,0.55598,0.55572,0.55594,151.0
2026-07-02 06:00:00,0.55592,0.55596,0.55575,0.55584,182.0
2026-07-02 06:15:00,0.55585,0.55614,0.55584,0.55601,132.0
2026-07-02 06:30:00,0.556,0.55615,0.55598,0.55598,82.0
2026-07-02 06:45:00,0.55596,0.55596,0.55572,0.55572,86.0
2026-07-02 07:00:00,0.55572,0.55594,0.55571,0.55586,154.0
2026-07-02 07:15:00,0.55585,0.55587,0.5556,0.55568,113.0
2026-07-02 07:30:00,0.55568,0.55584,0.55559,0.55582,115.0
2026-07-02 07:45:00,0.55582,0.5559,0.5555,0.5555,230.0
2026-07-02 08:00:00,0.55552,0.5561,0.55546,0.55602,324.0
2026-07-02 08:15:00,0.556,0.5563,0.556,0.5563,240.0
2026-07-02 08:30:00,0.55628,0.55672,0.55584,0.55594,3507.0
2026-07-02 08:45:00,0.55593,0.5563,0.55573,0.55614,1663.0
2026-07-02 09:00:00,0.55614,0.55638,0.55588,0.55629,736.0
2026-07-02 09:15:00,0.55632,0.5565,0.55625,0.5565,766.0
2026-07-02 09:30:00,0.55652,0.55734,0.55634,0.55728,549.0
2026-07-02 09:45:00,0.55726,0.55735,0.55682,0.55688,449.0
2026-07-02 10:00:00,0.55691,0.55694,0.55638,0.5568,471.0
2026-07-02 10:15:00,0.55678,0.55698,0.55626,0.55628,700.0
2026-07-02 10:30:00,0.55626,0.55642,0.55602,0.55606,448.0
2026-07-02 10:45:00,0.55605,0.55646,0.55602,0.55645,407.0
2026-07-02 11:00:00,0.55643,0.55651,0.55588,0.5562,456.0
2026-07-02 11:15:00,0.55621,0.5563,0.556,0.55618,353.0
2026-07-02 11:30:00,0.55616,0.55636,0.55605,0.55607,325.0
2026-07-02 11:45:00,0.55608,0.55616,0.55594,0.55596,285.0
2026-07-02 12:00:00,0.55594,0.55598,0.55582,0.55586,297.0
2026-07-02 12:15:00,0.55588,0.55596,0.55576,0.5558,166.0
2026-07-02 12:30:00,0.55578,0.55591,0.55561,0.5559,288.0
2026-07-02 12:45:00,0.55588,0.556,0.55584,0.55592,236.0
2026-07-02 13:00:00,0.5559,0.55618,0.55579,0.55612,195.0
2026-07-02 13:15:00,0.55612,0.55628,0.55612,0.55618,226.0
2026-07-02 13:30:00,0.55617,0.55628,0.55599,0.55601,157.0
2026-07-02 13:45:00,0.55603,0.55606,0.55584,0.5559,191.0
2026-07-02 14:00:00,0.55587,0.55614,0.55587,0.55604,162.0
2026-07-02 14:15:00,0.55605,0.55612,0.55598,0.55612,165.0
2026-07-02 14:30:00,0.55612,0.55624,0.55602,0.55614,143.0
2026-07-02 14:45:00,0.55612,0.55617,0.55601,0.55606,217.0
2026-07-02 15:00:00,0.55604,0.55606,0.5558,0.55582,180.0
2026-07-02 15:15:00,0.55584,0.55586,0.55569,0.55576,200.0
2026-07-02 15:30:00,0.55576,0.55596,0.55572,0.55596,184.0
2026-07-02 15:45:00,0.55593,0.5562,0.55591,0.55618,226.0
2026-07-02 16:00:00,0.55616,0.55616,0.55596,0.55602,119.0
2026-07-02 16:15:00,0.55606,0.5561,0.55598,0.55603,66.0
2026-07-02 16:30:00,0.55608,0.55612,0.55605,0.55606,14.0
2026-07-02 16:45:00,0.5561,0.55622,0.55608,0.55617,71.0
2026-07-02 17:00:00,0.55615,0.55615,0.55558,0.55563,307.0
2026-07-02 17:15:00,0.55564,0.55635,0.55547,0.5562,652.0
2026-07-02 17:30:00,0.55612,0.55626,0.55552,0.55572,1075.0
2026-07-02 17:45:00,0.55571,0.55604,0.55566,0.55598,1034.0
2026-07-02 18:00:00,0.55596,0.55607,0.55584,0.55606,212.0
2026-07-02 18:15:00,0.55604,0.55618,0.55604,0.55616,32.0
2026-07-02 18:30:00,0.55618,0.55638,0.55614,0.55632,96.0
2026-07-02 18:45:00,0.55631,0.55638,0.55619,0.55623,66.0
2026-07-02 19:00:00,0.55624,0.55632,0.55618,0.55625,126.0
2026-07-02 19:15:00,0.55626,0.5563,0.55616,0.55628,96.0
2026-07-02 19:30:00,0.55631,0.55644,0.55626,0.5563,103.0
2026-07-02 19:45:00,0.55631,0.5564,0.55619,0.55633,175.0
2026-07-02 20:00:00,0.55629,0.55644,0.55616,0.55642,347.0
2026-07-02 20:15:00,0.55639,0.55645,0.55622,0.55626,319.0
2026-07-02 20:30:00,0.55622,0.55635,0.55605,0.55619,362.0
2026-07-02 20:45:00,0.5562,0.55634,0.55609,0.55615,393.0
2026-07-02 21:00:00,0.55617,0.55658,0.55606,0.55653,357.0
2026-07-02 21:15:00,0.55651,0.55672,0.55642,0.55658,389.0
2026-07-02 21:30:00,0.55657,0.55677,0.55654,0.5567,289.0
2026-07-02 21:45:00,0.55668,0.55676,0.55654,0.55668,381.0
2026-07-02 22:00:00,0.55665,0.55668,0.5565,0.55654,321.0
2026-07-02 22:15:00,0.55654,0.5567,0.55648,0.5567,246.0
2026-07-02 22:30:00,0.5567,0.5569,0.55659,0.55686,302.0
2026-07-02 22:45:00,0.55688,0.55706,0.55688,0.55696,283.0
2026-07-02 23:00:00,0.55699,0.55704,0.5569,0.55697,300.0
2026-07-02 23:15:00,0.55699,0.557,0.55681,0.55684,348.0
2026-07-02 23:30:00,0.55685,0.55696,0.55676,0.55677,227.0
2026-07-02 23:45:00,0.55674,0.55683,0.55665,0.55681,121.0
2026-07-03 00:00:00,0.55684,0.55688,0.55673,0.55679,207.0
2026-07-03 00:15:00,0.55677,0.55704,0.55676,0.55691,86.0
2026-07-03 00:30:00,0.55688,0.55706,0.55686,0.55704,160.0
2026-07-03 00:45:00,0.55703,0.55706,0.55679,0.5568,168.0
2026-07-03 01:00:00,0.55679,0.55685,0.55667,0.5568,313.0
2026-07-03 01:15:00,0.55682,0.55687,0.55663,0.55674,253.0
2026-07-03 01:30:00,0.55674,0.55681,0.55662,0.55664,288.0
2026-07-03 01:45:00,0.55666,0.55674,0.5566,0.55669,335.0
2026-07-03 02:00:00,0.55671,0.55692,0.55671,0.55678,252.0
2026-07-03 02:15:00,0.55682,0.55696,0.55672,0.55696,181.0
2026-07-03 02:30:00,0.55695,0.557,0.55664,0.55668,199.0
2026-07-03 02:45:00,0.55666,0.55672,0.55646,0.55662,113.0
2026-07-03 03:00:00,0.5566,0.5568,0.55658,0.5566,150.0
2026-07-03 03:15:00,0.55656,0.55689,0.55655,0.55688,205.0
2026-07-03 03:30:00,0.55686,0.55712,0.55684,0.55698,134.0
2026-07-03 03:45:00,0.55695,0.5571,0.5568,0.55692,163.0
2026-07-03 04:00:00,0.55694,0.55705,0.55688,0.55702,130.0
2026-07-03 04:15:00,0.55702,0.55718,0.55692,0.55706,227.0
2026-07-03 04:30:00,0.55706,0.55716,0.55695,0.55708,119.0
2026-07-03 04:45:00,0.5571,0.55712,0.55696,0.55706,79.0
2026-07-03 05:00:00,0.55704,0.5573,0.55698,0.5573,84.0
2026-07-03 05:15:00,0.55729,0.55729,0.5571,0.55712,93.0
2026-07-03 05:30:00,0.55712,0.55722,0.5571,0.5572,54.0
2026-07-03 05:45:00,0.55718,0.55729,0.55706,0.55724,94.0
2026-07-03 06:00:00,0.55724,0.55736,0.55716,0.55716,79.0
2026-07-03 06:15:00,0.55718,0.55718,0.557,0.55706,57.0
2026-07-03 06:30:00,0.55709,0.5571,0.55697,0.55705,56.0
2026-07-03 06:45:00,0.55706,0.55729,0.55704,0.55729,80.0
2026-07-03 07:00:00,0.55728,0.55746,0.55722,0.55729,155.0
2026-07-03 07:15:00,0.5573,0.55732,0.55714,0.55723,144.0
2026-07-03 07:30:00,0.55725,0.55728,0.5571,0.55716,181.0
2026-07-03 07:45:00,0.55714,0.55722,0.55696,0.55696,122.0
2026-07-03 08:00:00,0.55699,0.5571,0.55684,0.55709,201.0
2026-07-03 08:15:00,0.55708,0.5572,0.55708,0.55718,55.0
2026-07-03 08:30:00,0.55721,0.55722,0.55706,0.55712,59.0
2026-07-03 08:45:00,0.55714,0.5573,0.5571,0.55714,62.0
2026-07-03 09:00:00,0.55718,0.55738,0.55716,0.55734,87.0
2026-07-03 09:15:00,0.55734,0.55748,0.5573,0.55743,104.0
2026-07-03 09:30:00,0.55745,0.55746,0.55724,0.55736,220.0
2026-07-03 09:45:00,0.55734,0.55736,0.55722,0.55735,125.0
2026-07-03 10:00:00,0.55736,0.55743,0.55726,0.55733,103.0
2026-07-03 10:15:00,0.55735,0.55735,0.55702,0.55712,95.0
2026-07-03 10:30:00,0.5571,0.55722,0.557,0.55708,83.0
2026-07-03 10:45:00,0.55711,0.55728,0.55704,0.55714,87.0
2026-07-03 11:00:00,0.55714,0.55724,0.55706,0.55716,97.0
2026-07-03 11:15:00,0.55717,0.55727,0.55713,0.55718,34.0
2026-07-03 11:30:00,0.5572,0.55738,0.55718,0.55738,32.0
2026-07-03 11:45:00,0.55739,0.55739,0.55727,0.55729,49.0
2026-07-03 12:00:00,0.5573,0.55734,0.55721,0.55725,53.0
2026-07-03 12:15:00,0.55728,0.55738,0.55728,0.55736,26.0
2026-07-03 12:30:00,0.55736,0.55741,0.55734,0.55741,22.0
2026-07-03 12:45:00,0.5574,0.55753,0.55734,0.55753,42.0
2026-07-03 13:00:00,0.5575,0.55752,0.5574,0.5574,269.0
2026-07-03 13:15:00,0.55742,0.55742,0.5573,0.55731,132.0
2026-07-03 13:30:00,0.5573,0.55744,0.55726,0.5573,245.0
2026-07-03 13:45:00,0.55728,0.55746,0.55728,0.55741,349.0
2026-07-03 14:00:00,0.55738,0.55746,0.55732,0.55743,245.0
2026-07-03 14:15:00,0.55744,0.55746,0.55735,0.55744,318.0
2026-07-03 14:30:00,0.55746,0.55754,0.55738,0.55743,437.0
2026-07-03 14:45:00,0.55743,0.55756,0.55716,0.55753,620.0
2026-07-03 15:00:00,0.55754,0.55766,0.55734,0.55755,966.0
2026-07-03 15:15:00,0.55756,0.55758,0.55741,0.55753,1289.0
2026-07-03 15:30:00,0.55756,0.55758,0.55746,0.5575,440.0
2026-07-03 15:45:00,0.55752,0.55772,0.55744,0.55756,299.0
2026-07-03 16:00:00,0.55758,0.55764,0.55746,0.55752,352.0
2026-07-03 16:15:00,0.55754,0.55756,0.5574,0.55744,203.0
2026-07-03 16:30:00,0.55744,0.55754,0.55732,0.5575,470.0
2026-07-03 16:45:00,0.55748,0.55784,0.55747,0.55753,481.0
2026-07-05 17:00:00,0.55762,0.55786,0.55754,0.55775,49.0
2026-07-05 17:15:00,0.55772,0.55791,0.55749,0.55776,65.0
2026-07-05 17:30:00,0.55774,0.55776,0.55726,0.55766,164.0
2026-07-05 17:45:00,0.55768,0.5579,0.55752,0.5579,382.0
2026-07-05 18:00:00,0.55788,0.55788,0.55742,0.55744,260.0
2026-07-05 18:15:00,0.55744,0.55754,0.55742,0.55753,55.0
2026-07-05 18:30:00,0.5575,0.55753,0.55745,0.55752,29.0
2026-07-05 18:45:00,0.55751,0.55762,0.55751,0.5576,42.0
2026-07-05 19:00:00,0.55757,0.55777,0.55756,0.55762,47.0
2026-07-05 19:15:00,0.55764,0.5577,0.55762,0.55768,70.0
2026-07-05 19:30:00,0.55766,0.55768,0.55754,0.55756,90.0
2026-07-05 19:45:00,0.55754,0.55768,0.55754,0.55756,268.0
2026-07-05 20:00:00,0.55759,0.55759,0.55718,0.55747,411.0
2026-07-05 20:15:00,0.55746,0.55755,0.55724,0.55724,434.0
2026-07-05 20:30:00,0.55724,0.55752,0.55711,0.55747,265.0
2026-07-05 20:45:00,0.5575,0.55759,0.55717,0.55728,198.0
2026-07-05 21:00:00,0.55726,0.55752,0.5571,0.55748,200.0
2026-07-05 21:15:00,0.55746,0.55772,0.5574,0.55765,269.0
2026-07-05 21:30:00,0.55766,0.55776,0.55756,0.55774,246.0
2026-07-05 21:45:00,0.55774,0.55776,0.55752,0.55756,391.0
2026-07-05 22:00:00,0.55759,0.55778,0.55759,0.55762,449.0
2026-07-05 22:15:00,0.55762,0.55772,0.55748,0.55757,275.0
2026-07-05 22:30:00,0.5576,0.5576,0.55736,0.55742,362.0
2026-07-05 22:45:00,0.55742,0.55755,0.55722,0.55728,230.0
2026-07-05 23:00:00,0.55728,0.5573,0.55707,0.55709,180.0
2026-07-05 23:15:00,0.55706,0.5572,0.55689,0.55708,165.0
2026-07-05 23:30:00,0.55711,0.55718,0.55703,0.55708,124.0
2026-07-05 23:45:00,0.55709,0.55721,0.55703,0.55721,205.0
2026-07-06 00:00:00,0.55722,0.55733,0.55714,0.55732,104.0
2026-07-06 00:15:00,0.55732,0.55761,0.55731,0.55758,146.0
2026-07-06 00:30:00,0.55756,0.55774,0.55756,0.55766,212.0
2026-07-06 00:45:00,0.55765,0.5578,0.55762,0.55774,171.0
2026-07-06 01:00:00,0.55774,0.55783,0.55764,0.55783,205.0
2026-07-06 01:15:00,0.55782,0.5579,0.5577,0.55784,178.0
2026-07-06 01:30:00,0.55783,0.55794,0.55771,0.55791,263.0
2026-07-06 01:45:00,0.5579,0.55796,0.55782,0.55788,260.0
2026-07-06 02:00:00,0.55791,0.55802,0.55782,0.55797,161.0
2026-07-06 02:15:00,0.558,0.55816,0.55779,0.55816,226.0
2026-07-06 02:30:00,0.55814,0.55827,0.55804,0.5581,103.0
2026-07-06 02:45:00,0.5581,0.5583,0.5581,0.55821,245.0
2026-07-06 03:00:00,0.5582,0.55834,0.55808,0.55816,220.0
2026-07-06 03:15:00,0.55817,0.55835,0.55812,0.5583,204.0
2026-07-06 03:30:00,0.55826,0.55858,0.55819,0.55858,146.0
2026-07-06 03:45:00,0.55856,0.55858,0.55813,0.5582,130.0
2026-07-06 04:00:00,0.5582,0.55838,0.5581,0.55815,185.0
2026-07-06 04:15:00,0.55814,0.55834,0.5581,0.55817,106.0
2026-07-06 04:30:00,0.55815,0.55828,0.5581,0.55825,121.0
2026-07-06 04:45:00,0.55825,0.55844,0.55822,0.55832,186.0
2026-07-06 05:00:00,0.55835,0.5585,0.55829,0.55841,186.0
2026-07-06 05:15:00,0.55842,0.5585,0.55823,0.55829,139.0
2026-07-06 05:30:00,0.55826,0.5584,0.55821,0.55834,152.0
2026-07-06 05:45:00,0.55832,0.55862,0.55832,0.55856,127.0
2026-07-06 06:00:00,0.55854,0.55866,0.55849,0.55858,158.0
2026-07-06 06:15:00,0.5586,0.5587,0.5585,0.5587,108.0
2026-07-06 06:30:00,0.55866,0.55874,0.5586,0.5586,57.0
2026-07-06 06:45:00,0.55856,0.55874,0.5585,0.55868,82.0
2026-07-06 07:00:00,0.55868,0.55878,0.55859,0.55876,163.0
2026-07-06 07:15:00,0.55876,0.55899,0.55873,0.55897,190.0
2026-07-06 07:30:00,0.55896,0.55914,0.5589,0.55908,115.0
2026-07-06 07:45:00,0.5591,0.55912,0.55878,0.55882,169.0
2026-07-06 08:00:00,0.55886,0.55892,0.55877,0.55881,205.0
2026-07-06 08:15:00,0.55878,0.55882,0.55856,0.55862,151.0
2026-07-06 08:30:00,0.55861,0.55872,0.5584,0.55843,167.0
2026-07-06 08:45:00,0.55842,0.55858,0.5582,0.55852,170.0
2026-07-06 09:00:00,0.55853,0.55856,0.55826,0.55832,244.0
2026-07-06 09:15:00,0.55834,0.55851,0.5583,0.55851,192.0
2026-07-06 09:30:00,0.55852,0.55913,0.55848,0.55912,241.0
2026-07-06 09:45:00,0.55914,0.55942,0.5591,0.55916,300.0
2026-07-06 10:00:00,0.55918,0.55952,0.55907,0.55952,370.0
2026-07-06 10:15:00,0.5595,0.55984,0.55948,0.55977,299.0
2026-07-06 10:30:00,0.55976,0.55978,0.5595,0.55968,239.0
2026-07-06 10:45:00,0.5597,0.55978,0.5595,0.55953,288.0
2026-07-06 11:00:00,0.55952,0.55978,0.5595,0.55975,340.0
2026-07-06 11:15:00,0.55976,0.55984,0.5597,0.55984,215.0
2026-07-06 11:30:00,0.55985,0.55996,0.55979,0.5599,185.0
2026-07-06 11:45:00,0.5599,0.55993,0.55972,0.55984,173.0
2026-07-06 12:00:00,0.55986,0.5599,0.55978,0.55987,123.0
2026-07-06 12:15:00,0.55984,0.5599,0.55976,0.55976,161.0
2026-07-06 12:30:00,0.55978,0.55984,0.55972,0.5598,122.0
2026-07-06 12:45:00,0.55982,0.55992,0.55973,0.55992,90.0
2026-07-06 13:00:00,0.55992,0.56008,0.55988,0.56004,162.0
2026-07-06 13:15:00,0.56006,0.5601,0.55989,0.55996,108.0
2026-07-06 13:30:00,0.55994,0.56014,0.55994,0.56,122.0
2026-07-06 13:45:00,0.55998,0.56004,0.55984,0.55987,93.0
2026-07-06 14:00:00,0.5599,0.56008,0.5599,0.56004,77.0
2026-07-06 14:15:00,0.56006,0.56011,0.55998,0.55998,42.0
2026-07-06 14:30:00,0.55998,0.56016,0.55998,0.56008,118.0
2026-07-06 14:45:00,0.5601,0.5601,0.55994,0.56002,81.0
2026-07-06 15:00:00,0.56004,0.56007,0.55996,0.56001,131.0
2026-07-06 15:15:00,0.56002,0.56008,0.55998,0.56001,64.0
2026-07-06 15:30:00,0.55998,0.56006,0.55992,0.56004,87.0
2026-07-06 15:45:00,0.56006,0.56024,0.55994,0.56017,92.0
2026-07-06 16:00:00,0.5602,0.56024,0.56002,0.56012,44.0
2026-07-06 16:15:00,0.56012,0.56016,0.56008,0.56016,17.0
2026-07-06 16:30:00,0.56017,0.56018,0.56008,0.56018,29.0
2026-07-06 16:45:00,0.56016,0.56026,0.56008,0.56014,215.0
2026-07-06 17:00:00,0.55962,0.56038,0.55962,0.56026,177.0
2026-07-06 17:15:00,0.5602,0.56021,0.5598,0.55988,259.0
2026-07-06 17:30:00,0.55986,0.55995,0.55979,0.55984,310.0
2026-07-06 17:45:00,0.55985,0.55998,0.55968,0.55971,319.0
2026-07-06 18:00:00,0.55975,0.5602,0.55975,0.56006,97.0
2026-07-06 18:15:00,0.56006,0.56012,0.56004,0.56006,32.0
2026-07-06 18:30:00,0.56004,0.56014,0.56004,0.56008,72.0
2026-07-06 18:45:00,0.56007,0.5601,0.56004,0.56008,15.0
2026-07-06 19:00:00,0.56008,0.5601,0.55999,0.56008,71.0
2026-07-06 19:15:00,0.56008,0.56008,0.56002,0.56006,47.0
2026-07-06 19:30:00,0.56004,0.56012,0.56004,0.5601,32.0
2026-07-06 19:45:00,0.56012,0.56012,0.55994,0.55997,191.0
2026-07-06 20:00:00,0.55998,0.56008,0.55992,0.55998,271.0
2026-07-06 20:15:00,0.55995,0.5602,0.55992,0.56008,206.0
2026-07-06 20:30:00,0.5601,0.56014,0.55998,0.5601,279.0
2026-07-06 20:45:00,0.56007,0.5602,0.55987,0.5599,247.0
2026-07-06 21:00:00,0.55992,0.55992,0.55966,0.55976,332.0
2026-07-06 21:15:00,0.55978,0.55998,0.55971,0.55996,204.0
2026-07-06 21:30:00,0.55995,0.56008,0.55983,0.56004,241.0
2026-07-06 21:45:00,0.56003,0.56022,0.56003,0.56014,271.0
2026-07-06 22:00:00,0.56016,0.56024,0.56011,0.56014,263.0
2026-07-06 22:15:00,0.56015,0.56016,0.55988,0.5599,265.0
2026-07-06 22:30:00,0.5599,0.56007,0.55989,0.55994,279.0
2026-07-06 22:45:00,0.55996,0.56001,0.55985,0.55989,184.0
2026-07-06 23:00:00,0.55992,0.56002,0.55987,0.55993,270.0
2026-07-06 23:15:00,0.55994,0.55994,0.55958,0.5596,244.0
2026-07-06 23:30:00,0.55957,0.55968,0.55947,0.55958,212.0
2026-07-06 23:45:00,0.55956,0.55958,0.55927,0.55958,251.0
2026-07-07 00:00:00,0.5596,0.55974,0.5596,0.55966,220.0
2026-07-07 00:15:00,0.55966,0.55968,0.55948,0.5595,166.0
2026-07-07 00:30:00,0.55948,0.55954,0.55941,0.55941,159.0
2026-07-07 00:45:00,0.55944,0.55952,0.55934,0.55934,147.0
2026-07-07 01:00:00,0.55934,0.55935,0.55894,0.55909,309.0
2026-07-07 01:15:00,0.55908,0.55932,0.55906,0.5593,426.0
2026-07-07 01:30:00,0.55932,0.55942,0.55928,0.55942,477.0
2026-07-07 01:45:00,0.55945,0.55968,0.55936,0.5596,270.0
2026-07-07 02:00:00,0.5596,0.5597,0.55954,0.55958,162.0
2026-07-07 02:15:00,0.55956,0.55976,0.55952,0.55964,100.0
2026-07-07 02:30:00,0.55963,0.55978,0.55958,0.55968,87.0
2026-07-07 02:45:00,0.5597,0.5598,0.55958,0.55976,88.0
2026-07-07 03:00:00,0.5598,0.55999,0.55974,0.55989,193.0
2026-07-07 03:15:00,0.55988,0.56001,0.55963,0.55998,179.0
2026-07-07 03:30:00,0.55997,0.56004,0.55985,0.55995,96.0
2026-07-07 03:45:00,0.55997,0.56001,0.55974,0.5598,120.0
2026-07-07 04:00:00,0.5598,0.55998,0.55976,0.55993,133.0
2026-07-07 04:15:00,0.55993,0.56011,0.55981,0.5599,161.0
2026-07-07 04:30:00,0.55994,0.55994,0.55978,0.55984,108.0
2026-07-07 04:45:00,0.55987,0.55996,0.5597,0.55974,177.0
2026-07-07 05:00:00,0.55973,0.56002,0.5597,0.56,166.0
2026-07-07 05:15:00,0.56,0.56008,0.5599,0.55996,154.0
2026-07-07 05:30:00,0.55999,0.5602,0.55988,0.5602,115.0
2026-07-07 05:45:00,0.56023,0.5604,0.56022,0.56036,122.0
2026-07-07 06:00:00,0.56038,0.56047,0.56028,0.56043,155.0
2026-07-07 06:15:00,0.56042,0.56054,0.56042,0.56052,103.0
2026-07-07 06:30:00,0.56048,0.56051,0.5603,0.56036,120.0
2026-07-07 06:45:00,0.56038,0.56039,0.56018,0.56029,85.0
2026-07-07 07:00:00,0.56028,0.5603,0.56013,0.56027,237.0
2026-07-07 07:15:00,0.56028,0.56044,0.56028,0.56032,282.0
2026-07-07 07:30:00,0.56034,0.56039,0.5602,0.56028,121.0
2026-07-07 07:45:00,0.56028,0.56044,0.56013,0.56028,268.0
2026-07-07 08:00:00,0.56026,0.56028,0.56008,0.56012,168.0
2026-07-07 08:15:00,0.56007,0.56014,0.55992,0.56,160.0
2026-07-07 08:30:00,0.56,0.56031,0.56,0.56024,308.0
2026-07-07 08:45:00,0.56024,0.56024,0.5601,0.56014,159.0
2026-07-07 09:00:00,0.56015,0.56022,0.56004,0.56016,184.0
2026-07-07 09:15:00,0.56013,0.56015,0.55989,0.55991,288.0
2026-07-07 09:30:00,0.5599,0.56001,0.55966,0.55994,474.0
2026-07-07 09:45:00,0.55996,0.55996,0.55952,0.55954,476.0
2026-07-07 10:00:00,0.55956,0.55989,0.55952,0.55964,521.0
2026-07-07 10:15:00,0.55964,0.55976,0.5595,0.55956,388.0
2026-07-07 10:30:00,0.55953,0.55958,0.5594,0.55948,477.0
2026-07-07 10:45:00,0.5595,0.55964,0.5594,0.55949,340.0
2026-07-07 11:00:00,0.55948,0.55964,0.55936,0.55958,352.0
2026-07-07 11:15:00,0.55954,0.55958,0.55928,0.55942,281.0
2026-07-07 11:30:00,0.55942,0.55954,0.55932,0.5595,251.0
2026-07-07 11:45:00,0.5595,0.55968,0.5595,0.5596,249.0
2026-07-07 12:00:00,0.55962,0.55977,0.5596,0.55966,234.0
2026-07-07 12:15:00,0.55964,0.55998,0.5596,0.55996,169.0
2026-07-07 12:30:00,0.55994,0.55994,0.55976,0.5599,126.0
2026-07-07 12:45:00,0.5599,0.55992,0.5598,0.55992,186.0
2026-07-07 13:00:00,0.55989,0.56003,0.55988,0.55995,164.0
2026-07-07 13:15:00,0.55996,0.55996,0.55983,0.5599,148.0
2026-07-07 13:30:00,0.55993,0.56005,0.55991,0.56002,200.0
2026-07-07 13:45:00,0.56,0.56008,0.55996,0.56001,71.0
2026-07-07 14:00:00,0.56003,0.56013,0.55998,0.55998,100.0
2026-07-07 14:15:00,0.56002,0.56004,0.55996,0.55998,58.0
2026-07-07 14:30:00,0.56,0.56002,0.55991,0.55995,97.0
2026-07-07 14:45:00,0.55996,0.56003,0.55984,0.55997,201.0
2026-07-07 15:00:00,0.55998,0.56004,0.55984,0.55986,166.0
2026-07-07 15:15:00,0.55984,0.56002,0.55974,0.55999,197.0
2026-07-07 15:30:00,0.56,0.56018,0.56,0.56012,255.0
