Timestamp,Open,High,Low,Close,Volume
2026-03-12 05:00:00,4.90685,4.9073,4.898,4.9031,7155.0
2026-03-12 06:00:00,4.9032,4.90445,4.8972,4.9016,6153.0
2026-03-12 07:00:00,4.9015,4.90745,4.9,4.90015,6860.0
2026-03-12 08:00:00,4.90025,4.9007,4.894,4.899,8609.0
2026-03-12 09:00:00,4.8993,4.9005,4.88095,4.88145,14204.0
2026-03-12 10:00:00,4.8815,4.88725,4.8728,4.87825,16405.0
2026-03-12 11:00:00,4.87805,4.88165,4.86805,4.8775,16801.0
2026-03-12 12:00:00,4.8773,4.882,4.8697,4.87595,14433.0
2026-03-12 13:00:00,4.87585,4.88065,4.87225,4.8741,11227.0
2026-03-12 14:00:00,4.8742,4.8764,4.87115,4.87405,8649.0
2026-03-12 15:00:00,4.87385,4.8761,4.87095,4.87105,7763.0
2026-03-12 16:00:00,4.87115,4.87355,4.8696,4.8701,2737.0
2026-03-12 17:00:00,4.87045,4.87085,4.86745,4.86793,337.0
2026-03-12 18:00:00,4.86804,4.8713,4.86643,4.87091,1013.0
2026-03-12 19:00:00,4.87091,4.8717,4.86728,4.86836,2233.0
2026-03-12 20:00:00,4.86827,4.87674,4.86509,4.87523,2892.0
2026-03-12 21:00:00,4.87516,4.88039,4.87305,4.87527,3239.0
2026-03-12 22:00:00,4.87536,4.87958,4.87206,4.87508,2734.0
2026-03-12 23:00:00,4.875,4.87678,4.86457,4.8692,3156.0
2026-03-13 00:00:00,4.86913,4.86955,4.862,4.86383,2226.0
2026-03-13 01:00:00,4.86399,4.86662,4.86092,4.86436,2963.0
2026-03-13 02:00:00,4.86436,4.86536,4.84906,4.85094,4533.0
2026-03-13 03:00:00,4.85076,4.85234,4.84446,4.84844,4518.0
2026-03-13 04:00:00,4.84838,4.85724,4.84414,4.85628,6139.0
2026-03-13 05:00:00,4.8564,4.86268,4.85272,4.85384,5393.0
2026-03-13 06:00:00,4.85387,4.8587,4.85343,4.85426,4458.0
2026-03-13 07:00:00,4.8542,4.85969,4.85086,4.85924,6037.0
2026-03-13 08:00:00,4.85929,4.86501,4.85574,4.86286,8228.0
2026-03-13 09:00:00,4.86276,4.86356,4.84956,4.8572,9314.0
2026-03-13 10:00:00,4.85726,4.86022,4.84281,4.8447,10185.0
2026-03-13 11:00:00,4.8444,4.84726,4.83326,4.83337,9622.0
2026-03-13 12:00:00,4.83321,4.84105,4.83244,4.83746,9696.0
2026-03-13 13:00:00,4.83762,4.84188,4.83486,4.83598,5195.0
2026-03-13 14:00:00,4.83605,4.83948,4.833,4.83686,4227.0
2026-03-13 15:00:00,4.83687,4.83714,4.82802,4.82826,2411.0
2026-03-13 16:00:00,4.82832,4.8287,4.8218,4.8221,1740.0
2026-03-15 17:00:00,4.82591,4.83152,4.82513,4.8293,839.0
2026-03-15 18:00:00,4.82918,4.83005,4.8197,4.82654,2537.0
2026-03-15 19:00:00,4.82671,4.83675,4.82494,4.83543,4312.0
2026-03-15 20:00:00,4.83542,4.84276,4.83514,4.84026,4010.0
2026-03-15 21:00:00,4.8402,4.8425,4.83126,4.8391,4856.0
2026-03-15 22:00:00,4.8391,4.84,4.83566,4.83694,3312.0
2026-03-15 23:00:00,4.83712,4.84198,4.83661,4.83932,2266.0
2026-03-16 00:00:00,4.83926,4.8405,4.83518,4.83539,1481.0
2026-03-16 01:00:00,4.83542,4.84439,4.83542,4.8416,2861.0
2026-03-16 02:00:00,4.84163,4.84563,4.8399,4.84397,2498.0
2026-03-16 03:00:00,4.84388,4.84596,4.83982,4.84314,3527.0
2026-03-16 04:00:00,4.8432,4.84683,4.83862,4.84548,4752.0
2026-03-16 05:00:00,4.84539,4.8474,4.84206,4.84576,3627.0
2026-03-16 06:00:00,4.84584,4.86062,4.84484,4.86039,3881.0
2026-03-16 07:00:00,4.8603,4.86286,4.85754,4.85956,3544.0
2026-03-16 08:00:00,4.85948,4.86403,4.85917,4.85962,3888.0
2026-03-16 09:00:00,4.8597,4.87086,4.85888,4.87032,5526.0
2026-03-16 10:00:00,4.87024,4.87262,4.86212,4.86754,6377.0
2026-03-16 11:00:00,4.86755,4.86877,4.86092,4.8633,5095.0
2026-03-16 12:00:00,4.86339,4.86686,4.85816,4.8635,5600.0
2026-03-16 13:00:00,4.86368,4.86842,4.86308,4.86448,4343.0
2026-03-16 14:00:00,4.86456,4.87684,4.86456,4.87519,4185.0
2026-03-16 15:00:00,4.87526,4.87848,4.86933,4.87257,4291.0
2026-03-16 16:00:00,4.87252,4.87332,4.87015,4.8717,1330.0
2026-03-16 17:00:00,4.87119,4.87576,4.87119,4.87409,599.0
2026-03-16 18:00:00,4.87446,4.87501,4.86938,4.87008,882.0
2026-03-16 19:00:00,4.87008,4.87259,4.86808,4.87102,1363.0
2026-03-16 20:00:00,4.87108,4.87126,4.85988,4.86379,2773.0
2026-03-16 21:00:00,4.86382,4.8743,4.86308,4.8743,3245.0
2026-03-16 22:00:00,4.87416,4.87868,4.87209,4.8723,2226.0
2026-03-16 23:00:00,4.87221,4.88377,4.85322,4.86526,5930.0
2026-03-17 00:00:00,4.86502,4.8738,4.86115,4.86961,2917.0
2026-03-17 01:00:00,4.86959,4.88216,4.86887,4.86905,3535.0
2026-03-17 02:00:00,4.86912,4.8735,4.86278,4.87267,5514.0
2026-03-17 03:00:00,4.8726,4.87334,4.86588,4.86868,3278.0
2026-03-17 04:00:00,4.86862,4.87872,4.86456,4.87837,4506.0
2026-03-17 05:00:00,4.87826,4.8831,4.87635,4.88282,3266.0
2026-03-17 06:00:00,4.88254,4.88433,4.87812,4.88186,3775.0
2026-03-17 07:00:00,4.88174,4.88362,4.87312,4.87318,3084.0
2026-03-17 08:00:00,4.87321,4.88562,4.87256,4.88545,4017.0
2026-03-17 09:00:00,4.88554,4.89796,4.88472,4.8936,6339.0
2026-03-17 10:00:00,4.89356,4.89591,4.88726,4.88843,6271.0
2026-03-17 11:00:00,4.8884,4.88918,4.87878,4.88795,6352.0
2026-03-17 12:00:00,4.88791,4.89203,4.88532,4.88937,5573.0
2026-03-17 13:00:00,4.88932,4.89606,4.88924,4.8951,2791.0
2026-03-17 14:00:00,4.8952,4.89648,4.88913,4.88989,2010.0
2026-03-17 15:00:00,4.88995,4.89094,4.88853,4.89041,1121.0
2026-03-17 16:00:00,4.89032,4.89198,4.88966,4.8905,735.0
2026-03-17 17:00:00,4.88998,4.89244,4.88768,4.88941,1092.0
2026-03-17 18:00:00,4.88927,4.89392,4.88923,4.89308,1264.0
2026-03-17 19:00:00,4.89312,4.8944,4.89122,4.89372,1389.0
2026-03-17 20:00:00,4.89366,4.89562,4.88992,4.89186,3830.0
2026-03-17 21:00:00,4.89217,4.89948,4.8921,4.89768,3513.0
2026-03-17 22:00:00,4.89776,4.89866,4.88748,4.88808,2689.0
2026-03-17 23:00:00,4.88816,4.89448,4.88674,4.89403,1819.0
2026-03-18 00:00:00,4.89405,4.898,4.89122,4.89592,2070.0
2026-03-18 01:00:00,4.8959,4.89707,4.8921,4.89447,2219.0
2026-03-18 02:00:00,4.89442,4.89792,4.89247,4.89458,2771.0
2026-03-18 03:00:00,4.89462,4.89541,4.88943,4.89114,2486.0
2026-03-18 04:00:00,4.89106,4.89154,4.88356,4.88649,3182.0
2026-03-18 05:00:00,4.8864,4.88884,4.88318,4.8886,2235.0
2026-03-18 06:00:00,4.88856,4.88862,4.88297,4.88372,2111.0
2026-03-18 07:00:00,4.88361,4.88678,4.87866,4.88278,4297.0
2026-03-18 08:00:00,4.88282,4.88312,4.8626,4.86282,9179.0
2026-03-18 09:00:00,4.863,4.86664,4.8549,4.86632,10032.0
2026-03-18 10:00:00,4.86638,4.8748,4.8633,4.87438,8692.0
2026-03-18 11:00:00,4.87456,4.88014,4.87244,4.87372,6029.0
2026-03-18 12:00:00,4.8737,4.8781,4.87234,4.87662,4247.0
2026-03-18 13:00:00,4.8766,4.87772,4.87296,4.87705,3218.0
2026-03-18 14:00:00,4.87688,4.88195,4.86033,4.86111,12139.0
2026-03-18 15:00:00,4.861,4.8638,4.85194,4.85392,5666.0
2026-03-18 16:00:00,4.85396,4.85548,4.84296,4.84741,2956.0
2026-03-18 17:00:00,4.84719,4.85719,4.84701,4.85484,915.0
2026-03-18 18:00:00,4.8548,4.8554,4.84438,4.84678,1340.0
2026-03-18 19:00:00,4.84664,4.84924,4.84454,4.84878,2156.0
2026-03-18 20:00:00,4.84872,4.8578,4.84698,4.8578,4652.0
2026-03-18 21:00:00,4.85788,4.85996,4.85406,4.8576,4586.0
2026-03-18 22:00:00,4.85766,4.86674,4.85536,4.86136,5245.0
2026-03-18 23:00:00,4.86137,4.86598,4.861,4.86329,2182.0
2026-03-19 00:00:00,4.86314,4.86356,4.85694,4.8583,2319.0
2026-03-19 01:00:00,4.85826,4.86211,4.8543,4.85551,2885.0
2026-03-19 02:00:00,4.85569,4.86076,4.85382,4.8581,4647.0
2026-03-19 03:00:00,4.85814,4.86246,4.8505,4.85214,5908.0
2026-03-19 04:00:00,4.85239,4.86204,4.85068,4.86,6996.0
2026-03-19 05:00:00,4.86009,4.87354,4.8597,4.86806,10250.0
2026-03-19 06:00:00,4.86796,4.86796,4.86287,4.8647,6940.0
2026-03-19 07:00:00,4.86478,4.8662,4.85396,4.8587,4447.0
2026-03-19 08:00:00,4.85858,4.85958,4.84179,4.84508,9535.0
2026-03-19 09:00:00,4.845,4.85684,4.83382,4.85544,16783.0
2026-03-19 10:00:00,4.8554,4.86636,4.85072,4.86062,16860.0
2026-03-19 11:00:00,4.86045,4.86816,4.85017,4.85368,12142.0
2026-03-19 12:00:00,4.85358,4.86214,4.8527,4.85733,12621.0
2026-03-19 13:00:00,4.85734,4.86344,4.85143,4.86038,5920.0
2026-03-19 14:00:00,4.86024,4.87136,4.85776,4.87136,5440.0
2026-03-19 15:00:00,4.87156,4.88832,4.87156,4.87524,19951.0
2026-03-19 16:00:00,4.87542,4.8784,4.87422,4.87749,2688.0
2026-03-19 17:00:00,4.87531,4.8787,4.87365,4.87604,1203.0
2026-03-19 18:00:00,4.87595,4.8787,4.87052,4.8724,1350.0
2026-03-19 19:00:00,4.87246,4.87943,4.87234,4.87384,2841.0
2026-03-19 20:00:00,4.87386,4.87596,4.86864,4.87514,3390.0
2026-03-19 21:00:00,4.87504,4.8833,4.87484,4.87978,4675.0
2026-03-19 22:00:00,4.87991,4.88752,4.879,4.88696,2591.0
2026-03-19 23:00:00,4.88706,4.88829,4.88274,4.88512,2894.0
2026-03-20 00:00:00,4.88506,4.88932,4.8827,4.88772,1510.0
2026-03-20 01:00:00,4.88782,4.89447,4.88639,4.88714,2680.0
2026-03-20 02:00:00,4.88722,4.89039,4.87971,4.88058,3259.0
2026-03-20 03:00:00,4.88058,4.8873,4.87817,4.8812,4963.0
2026-03-20 04:00:00,4.8814,4.88338,4.87756,4.87934,4534.0
2026-03-20 05:00:00,4.87943,4.88005,4.86636,4.86714,5447.0
2026-03-20 06:00:00,4.86722,4.86949,4.8607,4.86838,6246.0
2026-03-20 07:00:00,4.86845,4.87876,4.86742,4.87794,4813.0
2026-03-20 08:00:00,4.87801,4.88426,4.87641,4.87805,6709.0
2026-03-20 09:00:00,4.87814,4.87864,4.86348,4.86395,9077.0
2026-03-20 10:00:00,4.86376,4.86613,4.85289,4.85792,10956.0
2026-03-20 11:00:00,4.85799,4.86714,4.85568,4.85715,9840.0
2026-03-20 12:00:00,4.85714,4.86466,4.85585,4.85988,6490.0
2026-03-20 13:00:00,4.85996,4.86304,4.8555,4.8577,8536.0
2026-03-20 14:00:00,4.85775,4.85838,4.84196,4.84266,7475.0
2026-03-20 15:00:00,4.84269,4.84958,4.84008,4.84692,5470.0
2026-03-20 16:00:00,4.84698,4.85334,4.84576,4.84931,2974.0
2026-03-22 17:00:00,4.83278,4.8363,4.83239,4.83245,664.0
2026-03-22 18:00:00,4.83263,4.84362,4.83231,4.83901,2393.0
2026-03-22 19:00:00,4.83882,4.84282,4.83645,4.83885,3321.0
2026-03-22 20:00:00,4.83891,4.84189,4.82788,4.83255,11641.0
2026-03-22 21:00:00,4.83245,4.84115,4.83054,4.8351,9382.0
2026-03-22 22:00:00,4.83518,4.83858,4.82532,4.82879,5521.0
2026-03-22 23:00:00,4.82888,4.83176,4.82498,4.8273,5355.0
2026-03-23 00:00:00,4.82734,4.8295,4.8245,4.8258,3756.0
2026-03-23 01:00:00,4.82592,4.82738,4.81339,4.81571,4073.0
2026-03-23 02:00:00,4.81562,4.81611,4.80772,4.80846,6823.0
2026-03-23 03:00:00,4.80845,4.81303,4.80462,4.80578,7968.0
2026-03-23 04:00:00,4.80599,4.82104,4.80482,4.81466,8592.0
2026-03-23 05:00:00,4.8148,4.81589,4.8009,4.80148,6939.0
2026-03-23 06:00:00,4.80142,4.80256,4.78018,4.78794,7288.0
2026-03-23 07:00:00,4.7881,4.85382,4.78756,4.8205,41906.0
2026-03-23 08:00:00,4.82042,4.84315,4.81279,4.84072,37227.0
2026-03-23 09:00:00,4.84096,4.84238,4.82274,4.83862,34771.0
2026-03-23 10:00:00,4.83858,4.85783,4.8358,4.85076,26819.0
2026-03-23 11:00:00,4.85084,4.85677,4.81898,4.8201,25501.0
2026-03-23 12:00:00,4.82006,4.82786,4.81409,4.82504,19613.0
2026-03-23 13:00:00,4.825,4.83816,4.8229,4.83039,15861.0
2026-03-23 14:00:00,4.83052,4.83737,4.8245,4.83524,14230.0
2026-03-23 15:00:00,4.83504,4.83588,4.82606,4.82753,7961.0
2026-03-23 16:00:00,4.82743,4.82912,4.8254,4.82705,1877.0
2026-03-23 17:00:00,4.83023,4.83142,4.82438,4.82444,784.0
2026-03-23 18:00:00,4.82434,4.83653,4.82052,4.83226,2116.0
2026-03-23 19:00:00,4.83226,4.83243,4.82344,4.82585,3136.0
2026-03-23 20:00:00,4.82578,4.82597,4.80365,4.81589,8063.0
2026-03-23 21:00:00,4.81581,4.82041,4.80296,4.80721,8451.0
2026-03-23 22:00:00,4.80714,4.81296,4.80324,4.80402,7315.0
2026-03-23 23:00:00,4.80395,4.80796,4.8031,4.80496,4785.0
2026-03-24 00:00:00,4.80507,4.80564,4.80021,4.80384,3296.0
2026-03-24 01:00:00,4.8039,4.80638,4.79736,4.80192,6290.0
2026-03-24 02:00:00,4.8019,4.81546,4.80059,4.81526,6292.0
2026-03-24 03:00:00,4.8152,4.82938,4.80871,4.81421,10511.0
2026-03-24 04:00:00,4.81413,4.81428,4.79708,4.7995,9322.0
2026-03-24 05:00:00,4.79976,4.80737,4.79363,4.80652,6077.0
2026-03-24 06:00:00,4.80658,4.81008,4.80158,4.80882,5442.0
2026-03-24 07:00:00,4.80874,4.8127,4.79906,4.80685,7205.0
2026-03-24 08:00:00,4.80697,4.80773,4.79543,4.79856,7154.0
2026-03-24 09:00:00,4.79858,4.80309,4.79215,4.80302,13076.0
2026-03-24 10:00:00,4.80297,4.8162,4.79812,4.80208,15354.0
2026-03-24 11:00:00,4.80216,4.8078,4.79818,4.8024,12682.0
2026-03-24 12:00:00,4.80231,4.8088,4.80006,4.80428,8591.0
2026-03-24 13:00:00,4.80426,4.80488,4.79068,4.79874,12734.0
2026-03-24 14:00:00,4.79881,4.81166,4.79571,4.8064,11078.0
2026-03-24 15:00:00,4.8067,4.81299,4.80664,4.80772,4224.0
2026-03-24 16:00:00,4.80776,4.83272,4.80702,4.8232,12958.0
2026-03-24 17:00:00,4.82052,4.8238,4.81536,4.82301,1678.0
2026-03-24 18:00:00,4.82293,4.82502,4.82009,4.82488,1400.0
2026-03-24 19:00:00,4.82492,4.82588,4.81972,4.8214,3002.0
2026-03-24 20:00:00,4.82118,4.82469,4.81194,4.8185,6825.0
2026-03-24 21:00:00,4.81796,4.82118,4.80856,4.80892,5740.0
2026-03-24 22:00:00,4.80902,4.81228,4.80418,4.80714,4164.0
2026-03-24 23:00:00,4.80724,4.81134,4.80485,4.81098,2837.0
2026-03-25 00:00:00,4.8109,4.81346,4.80968,4.81015,1774.0
2026-03-25 01:00:00,4.81029,4.81242,4.80802,4.80866,2919.0
2026-03-25 02:00:00,4.80858,4.81202,4.80689,4.81048,3061.0
2026-03-25 03:00:00,4.81042,4.81318,4.80462,4.80922,4375.0
2026-03-25 04:00:00,4.80922,4.82304,4.80711,4.81729,7350.0
2026-03-25 05:00:00,4.81734,4.8192,4.80602,4.8105,4801.0
2026-03-25 06:00:00,4.81065,4.81298,4.80404,4.80804,3461.0
2026-03-25 07:00:00,4.80806,4.81088,4.80202,4.80573,3961.0
2026-03-25 08:00:00,4.8059,4.80909,4.7973,4.80392,8040.0
2026-03-25 09:00:00,4.80394,4.81045,4.79914,4.79992,8474.0
2026-03-25 10:00:00,4.80006,4.81005,4.797,4.8083,9558.0
2026-03-25 11:00:00,4.80848,4.81045,4.79835,4.80546,9693.0
2026-03-25 12:00:00,4.80538,4.8078,4.80082,4.8038,7291.0
2026-03-25 13:00:00,4.80386,4.81004,4.80234,4.80482,4927.0
2026-03-25 14:00:00,4.80486,4.80678,4.79618,4.79943,5401.0
2026-03-25 15:00:00,4.7993,4.79934,4.79548,4.79762,3005.0
2026-03-25 16:00:00,4.79759,4.79809,4.79544,4.796,1372.0
2026-03-25 17:00:00,4.79745,4.79816,4.79545,4.79615,586.0
2026-03-25 18:00:00,4.79624,4.79894,4.79104,4.79542,2738.0
2026-03-25 19:00:00,4.79537,4.79602,4.79075,4.79338,2083.0
2026-03-25 20:00:00,4.79334,4.79648,4.78984,4.79164,2812.0
2026-03-25 21:00:00,4.79172,4.79658,4.79146,4.79612,3996.0
2026-03-25 22:00:00,4.79613,4.79718,4.78991,4.79262,3204.0
2026-03-25 23:00:00,4.79254,4.8007,4.7925,4.79966,2668.0
2026-03-26 00:00:00,4.79964,4.80352,4.79832,4.80144,2189.0
2026-03-26 01:00:00,4.80152,4.8045,4.79962,4.80013,3119.0
2026-03-26 02:00:00,4.80018,4.80132,4.79652,4.80002,3685.0
2026-03-26 03:00:00,4.80009,4.80009,4.79362,4.794,3893.0
2026-03-26 04:00:00,4.79416,4.79626,4.78923,4.79579,4377.0
2026-03-26 05:00:00,4.79578,4.79718,4.79034,4.795,4018.0
2026-03-26 06:00:00,4.79508,4.79766,4.79214,4.79426,2955.0
2026-03-26 07:00:00,4.79418,4.79589,4.7808,4.78123,2383.0
2026-03-26 08:00:00,4.78106,4.78691,4.77516,4.77624,4136.0
2026-03-26 09:00:00,4.77636,4.79147,4.77584,4.78875,8752.0
2026-03-26 10:00:00,4.78872,4.7912,4.77712,4.78269,9683.0
2026-03-26 11:00:00,4.78262,4.78726,4.77718,4.78108,8192.0
2026-03-26 12:00:00,4.78107,4.78198,4.77204,4.77416,4843.0
2026-03-26 13:00:00,4.77414,4.77644,4.76581,4.76581,3620.0
2026-03-26 14:00:00,4.7659,4.77199,4.76579,4.7714,3670.0
2026-03-26 15:00:00,4.77142,4.77171,4.76051,4.76086,2305.0
2026-03-26 16:00:00,4.76084,4.78452,4.7599,4.76615,11821.0
2026-03-26 17:00:00,4.76813,4.77229,4.76196,4.76801,1428.0
2026-03-26 18:00:00,4.76777,4.7686,4.7629,4.76754,1257.0
2026-03-26 19:00:00,4.76751,4.76969,4.76463,4.765,1921.0
2026-03-26 20:00:00,4.76448,4.76782,4.75602,4.75734,3814.0
2026-03-26 21:00:00,4.75728,4.76544,4.75524,4.76544,4184.0
2026-03-26 22:00:00,4.76558,4.77094,4.76507,4.7689,3157.0
2026-03-26 23:00:00,4.76884,4.77767,4.76776,4.77728,2469.0
2026-03-27 00:00:00,4.77719,4.78185,4.77635,4.78076,1797.0
2026-03-27 01:00:00,4.78078,4.78114,4.77084,4.77166,2931.0
2026-03-27 02:00:00,4.77162,4.77736,4.76972,4.77354,3171.0
2026-03-27 03:00:00,4.77362,4.7744,4.76139,4.76618,3428.0
2026-03-27 04:00:00,4.7661,4.77318,4.7624,4.77115,5289.0
2026-03-27 05:00:00,4.77105,4.77313,4.76468,4.76702,3369.0
2026-03-27 06:00:00,4.76713,4.77188,4.7649,4.76863,3150.0
2026-03-27 07:00:00,4.76871,4.772,4.7663,4.76704,3475.0
2026-03-27 08:00:00,4.767,4.76822,4.76268,4.76648,4275.0
2026-03-27 09:00:00,4.76657,4.7743,4.76066,4.76699,7534.0
2026-03-27 10:00:00,4.76676,4.77404,4.7641,4.76712,8449.0
2026-03-27 11:00:00,4.76712,4.77204,4.76207,4.7638,8060.0
2026-03-27 12:00:00,4.76386,4.76578,4.7594,4.7622,5200.0
2026-03-27 13:00:00,4.76215,4.76751,4.75073,4.75336,6143.0
2026-03-27 14:00:00,4.75326,4.75777,4.75176,4.75548,3518.0
2026-03-27 15:00:00,4.75556,4.75723,4.75312,4.75609,2795.0
2026-03-27 16:00:00,4.75608,4.7616,4.75214,4.75605,3462.0
2026-03-29 17:00:00,4.75174,4.75408,4.74269,4.75137,825.0
2026-03-29 18:00:00,4.75147,4.75347,4.73856,4.74072,2659.0
2026-03-29 19:00:00,4.74063,4.74406,4.7396,4.74258,3410.0
2026-03-29 20:00:00,4.74256,4.74647,4.73664,4.74108,8237.0
2026-03-29 21:00:00,4.74107,4.74952,4.74107,4.74584,6083.0
2026-03-29 22:00:00,4.74585,4.75162,4.74472,4.74794,4457.0
2026-03-29 23:00:00,4.74798,4.75162,4.7469,4.74997,3682.0
2026-03-30 00:00:00,4.74988,4.75158,4.74674,4.74736,2330.0
2026-03-30 01:00:00,4.74744,4.75026,4.7463,4.7474,3174.0
2026-03-30 02:00:00,4.74747,4.75098,4.7426,4.74288,2942.0
2026-03-30 03:00:00,4.7428,4.74693,4.73642,4.73908,4296.0
2026-03-30 04:00:00,4.73902,4.7455,4.73798,4.74102,4552.0
2026-03-30 05:00:00,4.74114,4.74304,4.7373,4.74242,3053.0
2026-03-30 06:00:00,4.74248,4.7466,4.74188,4.74305,2246.0
2026-03-30 07:00:00,4.74311,4.75009,4.74172,4.74598,5733.0
2026-03-30 08:00:00,4.74606,4.7488,4.74347,4.74619,3704.0
2026-03-30 09:00:00,4.74632,4.74798,4.73402,4.73442,6652.0
2026-03-30 10:00:00,4.73438,4.74256,4.72858,4.74242,8760.0
2026-03-30 11:00:00,4.74264,4.7454,4.73608,4.74346,7202.0
2026-03-30 12:00:00,4.74336,4.74396,4.73967,4.74212,4369.0
2026-03-30 13:00:00,4.7421,4.74544,4.7391,4.74128,3641.0
2026-03-30 14:00:00,4.74116,4.7432,4.73831,4.73937,2726.0
2026-03-30 15:00:00,4.73928,4.73976,4.73328,4.7375,2620.0
2026-03-30 16:00:00,4.73736,4.7402,4.73608,4.73955,1253.0
2026-03-30 17:00:00,4.73748,4.74019,4.73608,4.73911,720.0
2026-03-30 18:00:00,4.73905,4.74085,4.73724,4.73975,1205.0
2026-03-30 19:00:00,4.7397,4.7397,4.73414,4.7356,2762.0
2026-03-30 20:00:00,4.73554,4.74637,4.72893,4.7425,7006.0
2026-03-30 21:00:00,4.74253,4.74903,4.74038,4.74385,7807.0
2026-03-30 22:00:00,4.74386,4.74502,4.73912,4.73924,5363.0
2026-03-30 23:00:00,4.73923,4.74184,4.73393,4.7361,3568.0
2026-03-31 00:00:00,4.73625,4.7393,4.7331,4.7331,2645.0
2026-03-31 01:00:00,4.7332,4.73972,4.72988,4.73648,3898.0
2026-03-31 02:00:00,4.73644,4.73756,4.73155,4.7365,3919.0
2026-03-31 03:00:00,4.73642,4.74606,4.73056,4.7455,4742.0
2026-03-31 04:00:00,4.74536,4.74712,4.73818,4.7424,4858.0
2026-03-31 05:00:00,4.74246,4.74626,4.73838,4.73928,3150.0
2026-03-31 06:00:00,4.7395,4.7406,4.73693,4.7379,2484.0
2026-03-31 07:00:00,4.73788,4.75562,4.73704,4.75306,7766.0
2026-03-31 08:00:00,4.75314,4.75553,4.74562,4.74604,7155.0
2026-03-31 09:00:00,4.7462,4.74973,4.74134,4.7481,6206.0
2026-03-31 10:00:00,4.7481,4.74931,4.72092,4.73082,10524.0
2026-03-31 11:00:00,4.73078,4.73868,4.73016,4.73154,10357.0
2026-03-31 12:00:00,4.73156,4.75652,4.73046,4.74929,12360.0
2026-03-31 13:00:00,4.74952,4.75534,4.7435,4.74432,13608.0
2026-03-31 14:00:00,4.74434,4.75182,4.74392,4.74794,5881.0
2026-03-31 15:00:00,4.74775,4.75366,4.7453,4.75228,2986.0
2026-03-31 16:00:00,4.75233,4.75481,4.75052,4.75295,2064.0
2026-03-31 17:00:00,4.74981,4.75518,4.74977,4.75417,493.0
2026-03-31 18:00:00,4.7543,4.75615,4.74996,4.75414,1233.0
2026-03-31 19:00:00,4.75414,4.76428,4.75321,4.76373,1797.0
2026-03-31 20:00:00,4.76358,4.77004,4.76151,4.76774,4116.0
2026-03-31 21:00:00,4.76782,4.77022,4.75935,4.76126,5298.0
2026-03-31 22:00:00,4.76135,4.76434,4.75837,4.75859,3969.0
2026-03-31 23:00:00,4.75844,4.75956,4.75282,4.75588,3288.0
2026-04-01 00:00:00,4.75598,4.75718,4.75336,4.75473,2482.0
2026-04-01 01:00:00,4.75516,4.76189,4.75386,4.75504,4038.0
2026-04-01 02:00:00,4.75515,4.77516,4.75378,4.77498,5997.0
2026-04-01 03:00:00,4.77506,4.77685,4.76536,4.7671,6065.0
2026-04-01 04:00:00,4.76708,4.77994,4.76484,4.77312,5545.0
2026-04-01 05:00:00,4.77316,4.77494,4.7683,4.77208,3642.0
2026-04-01 06:00:00,4.77214,4.77756,4.77085,4.77492,2891.0
2026-04-01 07:00:00,4.7749,4.78452,4.7739,4.78077,2225.0
2026-04-01 08:00:00,4.78069,4.78568,4.77176,4.77421,7793.0
2026-04-01 09:00:00,4.77423,4.78253,4.7703,4.7741,10216.0
2026-04-01 10:00:00,4.7737,4.77658,4.76833,4.77236,11569.0
2026-04-01 11:00:00,4.7725,4.77574,4.76887,4.7741,7149.0
2026-04-01 12:00:00,4.774,4.77552,4.76782,4.77307,4554.0
2026-04-01 13:00:00,4.77312,4.77598,4.7661,4.76614,2889.0
2026-04-01 14:00:00,4.76624,4.76646,4.75614,4.75787,5223.0
2026-04-01 15:00:00,4.75809,4.76527,4.75691,4.76257,3121.0
2026-04-01 16:00:00,4.76256,4.7665,4.76236,4.76585,1293.0
2026-04-01 17:00:00,4.76114,4.76693,4.76106,4.76637,406.0
2026-04-01 18:00:00,4.76662,4.76695,4.7609,4.76249,1115.0
2026-04-01 19:00:00,4.76255,4.7644,4.75954,4.76106,2276.0
2026-04-01 20:00:00,4.76112,4.7674,4.75884,4.76555,4644.0
2026-04-01 21:00:00,4.76548,4.77102,4.73856,4.74138,23020.0
2026-04-01 22:00:00,4.74148,4.74746,4.73872,4.7432,9600.0
2026-04-01 23:00:00,4.74332,4.7456,4.74092,4.7416,4809.0
2026-04-02 00:00:00,4.74172,4.74189,4.73622,4.73851,3854.0
2026-04-02 01:00:00,4.7386,4.74072,4.73206,4.7329,4327.0
2026-04-02 02:00:00,4.73294,4.73688,4.73157,4.73651,4447.0
2026-04-02 03:00:00,4.73659,4.7463,4.73621,4.7463,3171.0
2026-04-02 04:00:00,4.74638,4.74696,4.74154,4.74285,2843.0
2026-04-02 05:00:00,4.74278,4.74572,4.73846,4.74314,2126.0
2026-04-02 06:00:00,4.74321,4.74386,4.73756,4.73796,2199.0
2026-04-02 07:00:00,4.73804,4.74024,4.73558,4.73956,2127.0
2026-04-02 08:00:00,4.73964,4.75115,4.73868,4.74804,4016.0
2026-04-02 09:00:00,4.7481,4.75556,4.7447,4.7551,8012.0
2026-04-02 10:00:00,4.75528,4.76607,4.75079,4.76346,13118.0
2026-04-02 11:00:00,4.76358,4.76594,4.75786,4.76066,10866.0
2026-04-02 12:00:00,4.76057,4.76532,4.75754,4.76074,5535.0
2026-04-02 13:00:00,4.76067,4.76386,4.75662,4.75783,3175.0
2026-04-02 14:00:00,4.7579,4.7608,4.7562,4.75823,2328.0
2026-04-02 15:00:00,4.7585,4.7611,4.75669,4.75844,2038.0
2026-04-02 16:00:00,4.75843,4.76214,4.75736,4.76095,1436.0
2026-04-02 17:00:00,4.7549,4.76146,4.75446,4.75896,1752.0
2026-04-02 18:00:00,4.75955,4.7617,4.75875,4.76155,323.0
2026-04-02 19:00:00,4.7615,4.763,4.7608,4.76132,583.0
2026-04-02 20:00:00,4.7613,4.76409,4.7602,4.76133,1471.0
2026-04-02 21:00:00,4.76118,4.76202,4.75511,4.7553,1106.0
2026-04-02 22:00:00,4.75521,4.75712,4.75322,4.75516,917.0
2026-04-02 23:00:00,4.75509,4.75606,4.75383,4.7546,462.0
2026-04-03 00:00:00,4.75454,4.75576,4.75365,4.75481,563.0
2026-04-03 01:00:00,4.75478,4.75555,4.75292,4.75555,806.0
2026-04-03 02:00:00,4.75556,4.75576,4.75252,4.75522,873.0
2026-04-03 03:00:00,4.7552,4.75798,4.75332,4.75409,831.0
2026-04-03 04:00:00,4.75399,4.75518,4.75242,4.75446,686.0
2026-04-03 05:00:00,4.75454,4.75546,4.753,4.7547,599.0
2026-04-03 06:00:00,4.7546,4.75595,4.75298,4.75488,538.0
2026-04-03 07:00:00,4.7548,4.75612,4.75341,4.7551,591.0
2026-04-03 08:00:00,4.75514,4.75773,4.74902,4.75094,3773.0
2026-04-03 09:00:00,4.75112,4.75404,4.7501,4.75183,1022.0
2026-04-03 10:00:00,4.75178,4.75198,4.74524,4.74582,888.0
2026-04-03 11:00:00,4.74586,4.7471,4.74415,4.7456,1684.0
2026-04-03 12:00:00,4.7455,4.74804,4.74436,4.74526,1829.0
2026-04-03 13:00:00,4.74535,4.74736,4.74367,4.74664,1781.0
2026-04-03 14:00:00,4.74668,4.7467,4.74406,4.74484,1528.0
2026-04-03 15:00:00,4.74478,4.74675,4.74149,4.74192,2638.0
2026-04-03 16:00:00,4.74194,4.75457,4.74065,4.74853,1836.0
2026-04-05 17:00:00,4.74649,4.74762,4.74249,4.74278,2087.0
2026-04-05 18:00:00,4.74271,4.74535,4.73448,4.74412,2474.0
2026-04-05 19:00:00,4.74429,4.74556,4.74062,4.74215,2325.0
2026-04-05 20:00:00,4.74223,4.74978,4.74185,4.74944,5973.0
2026-04-05 21:00:00,4.74954,4.75024,4.74685,4.74844,2729.0
2026-04-05 22:00:00,4.7485,4.75862,4.7485,4.75642,5215.0
2026-04-05 23:00:00,4.75639,4.75782,4.75338,4.75394,3731.0
2026-04-06 00:00:00,4.75402,4.75717,4.75342,4.75684,2240.0
2026-04-06 01:00:00,4.75678,4.7585,4.75542,4.75586,2086.0
2026-04-06 02:00:00,4.75592,4.76141,4.75492,4.75888,2573.0
2026-04-06 03:00:00,4.75914,4.76773,4.75574,4.76506,2855.0
2026-04-06 04:00:00,4.76494,4.7676,4.76246,4.76502,2466.0
2026-04-06 05:00:00,4.76509,4.76852,4.76232,4.76271,2346.0
2026-04-06 06:00:00,4.76278,4.76701,4.76,4.76441,2624.0
2026-04-06 07:00:00,4.76461,4.76762,4.76188,4.76541,1833.0
2026-04-06 08:00:00,4.76549,4.76685,4.76219,4.76385,1622.0
2026-04-06 09:00:00,4.76394,4.76673,4.76206,4.76464,3794.0
2026-04-06 10:00:00,4.76506,4.76832,4.75716,4.75924,7522.0
2026-04-06 11:00:00,4.75909,4.75924,4.75252,4.75626,3195.0
2026-04-06 12:00:00,4.7565,4.75737,4.75463,4.75618,2301.0
2026-04-06 13:00:00,4.75608,4.7578,4.75077,4.75599,3216.0
2026-04-06 14:00:00,4.75606,4.76096,4.75539,4.75794,3053.0
2026-04-06 15:00:00,4.75804,4.75997,4.75715,4.75884,1077.0
2026-04-06 16:00:00,4.759,4.75954,4.757,4.757,959.0
2026-04-06 17:00:00,4.7556,4.75881,4.75492,4.75715,994.0
2026-04-06 18:00:00,4.75723,4.76021,4.7541,4.75488,1276.0
2026-04-06 19:00:00,4.7549,4.75665,4.75332,4.75614,1584.0
2026-04-06 20:00:00,4.75602,4.75988,4.75292,4.75306,4022.0
2026-04-06 21:00:00,4.75313,4.75702,4.74822,4.7499,6320.0
2026-04-06 22:00:00,4.75,4.75438,4.74786,4.75358,4043.0
2026-04-06 23:00:00,4.75362,4.7569,4.75324,4.75522,2170.0
2026-04-07 00:00:00,4.75531,4.75843,4.75294,4.75674,2217.0
2026-04-07 01:00:00,4.75681,4.7571,4.7524,4.75668,3246.0
2026-04-07 02:00:00,4.75667,4.76061,4.75566,4.75675,3094.0
2026-04-07 03:00:00,4.75699,4.75708,4.7487,4.7506,4701.0
2026-04-07 04:00:00,4.75052,4.76468,4.74985,4.76294,9407.0
2026-04-07 05:00:00,4.76268,4.76399,4.7605,4.76316,3981.0
2026-04-07 06:00:00,4.76322,4.7647,4.75415,4.75644,9459.0
2026-04-07 07:00:00,4.7565,4.762,4.75492,4.76192,3837.0
2026-04-07 08:00:00,4.76204,4.76548,4.75831,4.76118,5811.0
2026-04-07 09:00:00,4.7612,4.76298,4.75561,4.75598,6729.0
2026-04-07 10:00:00,4.75601,4.77121,4.75393,4.76324,9252.0
2026-04-07 11:00:00,4.76329,4.76764,4.75688,4.76558,6843.0
2026-04-07 12:00:00,4.76554,4.77014,4.76391,4.76811,5904.0
2026-04-07 13:00:00,4.768,4.77345,4.76604,4.77144,6444.0
2026-04-07 14:00:00,4.77148,4.77317,4.76624,4.76736,3432.0
2026-04-07 15:00:00,4.7674,4.78128,4.76642,4.77928,10672.0
2026-04-07 16:00:00,4.77934,4.78415,4.77838,4.7827,4331.0
2026-04-07 17:00:00,4.77901,4.78692,4.7787,4.78261,1876.0
2026-04-07 18:00:00,4.78251,4.82771,4.77384,4.82588,9885.0
2026-04-07 19:00:00,4.82614,4.83999,4.82221,4.83242,10887.0
2026-04-07 20:00:00,4.83258,4.83788,4.82081,4.82336,11193.0
2026-04-07 21:00:00,4.82324,4.83066,4.82156,4.82664,7393.0
2026-04-07 22:00:00,4.8265,4.83042,4.81714,4.81828,4002.0
2026-04-07 23:00:00,4.81834,4.82002,4.81271,4.8185,3409.0
2026-04-08 00:00:00,4.81844,4.82828,4.81834,4.82706,3331.0
2026-04-08 01:00:00,4.82715,4.83342,4.82474,4.82748,3758.0
2026-04-08 02:00:00,4.82742,4.8313,4.8213,4.82444,5215.0
2026-04-08 03:00:00,4.82434,4.82576,4.81672,4.81796,5136.0
2026-04-08 04:00:00,4.8178,4.81918,4.80396,4.81005,4479.0
2026-04-08 05:00:00,4.81017,4.81146,4.80336,4.805,3711.0
2026-04-08 06:00:00,4.80488,4.80978,4.8039,4.80614,2663.0
2026-04-08 07:00:00,4.80612,4.81616,4.80344,4.8146,3913.0
2026-04-08 08:00:00,4.81477,4.8255,4.81006,4.8236,7750.0
2026-04-08 09:00:00,4.82356,4.8286,4.81196,4.81598,8486.0
2026-04-08 10:00:00,4.81594,4.82016,4.81002,4.81978,12763.0
2026-04-08 11:00:00,4.81978,4.8225,4.81601,4.8213,9937.0
2026-04-08 12:00:00,4.82112,4.82228,4.81628,4.81998,4974.0
2026-04-08 13:00:00,4.81998,4.82106,4.81201,4.8173,4305.0
2026-04-08 14:00:00,4.81754,4.82032,4.80714,4.8077,6560.0
2026-04-08 15:00:00,4.80763,4.81907,4.80552,4.81811,4855.0
2026-04-08 16:00:00,4.81798,4.81895,4.8129,4.81295,1703.0
2026-04-08 17:00:00,4.8132,4.81697,4.81116,4.81554,1017.0
2026-04-08 18:00:00,4.81581,4.81606,4.8128,4.81512,672.0
2026-04-08 19:00:00,4.81514,4.81598,4.8103,4.81048,1504.0
2026-04-08 20:00:00,4.81042,4.81088,4.80582,4.80865,3396.0
2026-04-08 21:00:00,4.8085,4.8097,4.80364,4.80819,4549.0
2026-04-08 22:00:00,4.80827,4.8117,4.80488,4.80944,2885.0
2026-04-08 23:00:00,4.80944,4.81282,4.808,4.81146,1963.0
2026-04-09 00:00:00,4.81153,4.8141,4.81066,4.81096,1814.0
2026-04-09 01:00:00,4.81096,4.81354,4.80793,4.80878,3242.0
2026-04-09 02:00:00,4.80882,4.81062,4.80635,4.81002,3295.0
2026-04-09 03:00:00,4.8102,4.81058,4.80472,4.80593,3684.0
2026-04-09 04:00:00,4.80604,4.80819,4.80319,4.80528,2950.0
2026-04-09 05:00:00,4.8052,4.81022,4.803,4.80948,2459.0
2026-04-09 06:00:00,4.80943,4.81135,4.80796,4.80796,2016.0
2026-04-09 07:00:00,4.80799,4.81568,4.80766,4.81548,2629.0
2026-04-09 08:00:00,4.81542,4.81657,4.81036,4.81442,3485.0
2026-04-09 09:00:00,4.81444,4.82336,4.81344,4.81974,4484.0
2026-04-09 10:00:00,4.81982,4.82734,4.81877,4.82662,5635.0
2026-04-09 11:00:00,4.82652,4.84064,4.82345,4.8402,7597.0
2026-04-09 12:00:00,4.84021,4.84375,4.83805,4.83887,5143.0
2026-04-09 13:00:00,4.83882,4.84205,4.83746,4.83978,3624.0
2026-04-09 14:00:00,4.83984,4.83984,4.83134,4.83454,4196.0
2026-04-09 15:00:00,4.83447,4.83848,4.83404,4.83796,2074.0
2026-04-09 16:00:00,4.83792,4.83887,4.83582,4.8367,1311.0
2026-04-09 17:00:00,4.83451,4.83885,4.83306,4.8365,1058.0
2026-04-09 18:00:00,4.8366,4.83935,4.83382,4.83442,1245.0
2026-04-09 19:00:00,4.83436,4.83464,4.83191,4.83217,1302.0
2026-04-09 20:00:00,4.8324,4.83346,4.83008,4.83337,2094.0
2026-04-09 21:00:00,4.83346,4.83914,4.83182,4.83252,2668.0
2026-04-09 22:00:00,4.83279,4.83426,4.82876,4.82886,2002.0
2026-04-09 23:00:00,4.82884,4.83048,4.82748,4.82875,1252.0
2026-04-10 00:00:00,4.82874,4.82991,4.82585,4.82718,1150.0
2026-04-10 01:00:00,4.82718,4.82987,4.82561,4.82975,1555.0
2026-04-10 02:00:00,4.8296,4.83012,4.82466,4.82552,2633.0
2026-04-10 03:00:00,4.82544,4.82654,4.82016,4.82133,2828.0
2026-04-10 04:00:00,4.82113,4.82691,4.82057,4.82211,2213.0
2026-04-10 05:00:00,4.82218,4.82964,4.82182,4.82537,3827.0
2026-04-10 06:00:00,4.8254,4.8269,4.82344,4.82595,2114.0
2026-04-10 07:00:00,4.82587,4.82788,4.8247,4.82712,1829.0
2026-04-10 08:00:00,4.82722,4.8341,4.82685,4.82938,4963.0
2026-04-10 09:00:00,4.82932,4.83559,4.82782,4.82992,4902.0
2026-04-10 10:00:00,4.82998,4.83921,4.82882,4.83326,6337.0
2026-04-10 11:00:00,4.83309,4.83581,4.82874,4.82946,5101.0
2026-04-10 12:00:00,4.82939,4.82968,4.82422,4.82716,3883.0
2026-04-10 13:00:00,4.82706,4.83024,4.82479,4.82878,2702.0
2026-04-10 14:00:00,4.82872,4.83282,4.82628,4.83131,2357.0
2026-04-10 15:00:00,4.83132,4.83196,4.82971,4.82992,1555.0
2026-04-10 16:00:00,4.82987,4.83174,4.8157,4.82172,2876.0
2026-04-12 17:00:00,4.78115,4.79838,4.7811,4.79381,1136.0
2026-04-12 18:00:00,4.79263,4.80505,4.78867,4.80336,2183.0
2026-04-12 19:00:00,4.8034,4.80392,4.79872,4.8013,1912.0
2026-04-12 20:00:00,4.80146,4.80776,4.79975,4.80748,3441.0
2026-04-12 21:00:00,4.80755,4.81206,4.80321,4.80614,3412.0
2026-04-12 22:00:00,4.80608,4.80886,4.8037,4.80717,2237.0
2026-04-12 23:00:00,4.80733,4.80868,4.80432,4.80802,1998.0
2026-04-13 00:00:00,4.8081,4.80986,4.80674,4.80719,1840.0
2026-04-13 01:00:00,4.80712,4.8114,4.806,4.80882,2281.0
2026-04-13 02:00:00,4.80882,4.81272,4.80855,4.8127,2705.0
2026-04-13 03:00:00,4.8127,4.82271,4.8127,4.82208,2786.0
2026-04-13 04:00:00,4.82201,4.82351,4.81805,4.81875,2616.0
2026-04-13 05:00:00,4.81883,4.8202,4.81218,4.81225,1879.0
2026-04-13 06:00:00,4.81234,4.81694,4.8119,4.81606,1560.0
2026-04-13 07:00:00,4.81614,4.81894,4.8071,4.80754,3062.0
2026-04-13 08:00:00,4.80766,4.81143,4.8033,4.81022,3691.0
2026-04-13 09:00:00,4.81022,4.82088,4.80936,4.8188,6828.0
2026-04-13 10:00:00,4.81878,4.82626,4.81822,4.82314,6817.0
2026-04-13 11:00:00,4.82306,4.82426,4.81865,4.82104,4593.0
2026-04-13 12:00:00,4.821,4.83248,4.81829,4.83131,5725.0
2026-04-13 13:00:00,4.83142,4.83632,4.83136,4.83527,2385.0
2026-04-13 14:00:00,4.83534,4.84168,4.83446,4.84064,1945.0
2026-04-13 15:00:00,4.84059,4.84098,4.83646,4.83893,1593.0
2026-04-13 16:00:00,4.83888,4.84064,4.83756,4.83863,1206.0
2026-04-13 17:00:00,4.83728,4.8404,4.83601,4.83801,22217.0
2026-04-13 18:00:00,4.83754,4.84246,4.83738,4.84134,2453.0
2026-04-13 19:00:00,4.84132,4.84255,4.8366,4.8385,893.0
2026-04-13 20:00:00,4.83842,4.83902,4.83141,4.83253,2291.0
2026-04-13 21:00:00,4.83262,4.83362,4.8257,4.82582,2354.0
2026-04-13 22:00:00,4.82586,4.83018,4.82532,4.82763,1766.0
2026-04-13 23:00:00,4.82766,4.83098,4.82724,4.8283,1175.0
2026-04-14 00:00:00,4.82828,4.83124,4.82725,4.82959,1092.0
2026-04-14 01:00:00,4.82978,4.83028,4.82523,4.82638,2347.0
2026-04-14 02:00:00,4.82634,4.83338,4.82416,4.83246,2352.0
2026-04-14 03:00:00,4.83236,4.84014,4.83234,4.83559,3986.0
2026-04-14 04:00:00,4.83558,4.84292,4.8341,4.84008,2666.0
2026-04-14 05:00:00,4.84016,4.84616,4.83981,4.84606,1719.0
2026-04-14 06:00:00,4.84602,4.85143,4.84602,4.84913,2092.0
2026-04-14 07:00:00,4.84921,4.85459,4.84874,4.85231,2238.0
2026-04-14 08:00:00,4.85243,4.86002,4.84849,4.85946,3808.0
2026-04-14 09:00:00,4.85936,4.86148,4.85647,4.85916,4541.0
2026-04-14 10:00:00,4.85924,4.86514,4.85884,4.86182,4540.0
2026-04-14 11:00:00,4.86178,4.86194,4.855,4.85505,3991.0
2026-04-14 12:00:00,4.85499,4.85656,4.85407,4.85514,1915.0
2026-04-14 13:00:00,4.85524,4.85812,4.85388,4.85699,1484.0
2026-04-14 14:00:00,4.85711,4.85774,4.85192,4.85382,1801.0
2026-04-14 15:00:00,4.85384,4.8556,4.85318,4.85414,1230.0
2026-04-14 16:00:00,4.85422,4.85534,4.8534,4.85385,684.0
2026-04-14 17:00:00,4.84933,4.85345,4.84849,4.85315,1009.0
2026-04-14 18:00:00,4.8531,4.85504,4.85192,4.85482,1012.0
2026-04-14 19:00:00,4.8548,4.85713,4.85372,4.85455,1580.0
2026-04-14 20:00:00,4.85436,4.85546,4.85102,4.85215,2298.0
2026-04-14 21:00:00,4.85223,4.85716,4.85106,4.85628,3098.0
2026-04-14 22:00:00,4.85622,4.8606,4.85574,4.85929,1872.0
2026-04-14 23:00:00,4.8592,4.86097,4.8575,4.85954,1215.0
2026-04-15 00:00:00,4.85949,4.86182,4.85915,4.86122,917.0
2026-04-15 01:00:00,4.86116,4.86777,4.86108,4.86387,2377.0
2026-04-15 02:00:00,4.86388,4.86731,4.86388,4.8642,2671.0
2026-04-15 03:00:00,4.86426,4.87198,4.86405,4.86887,2986.0
2026-04-15 04:00:00,4.8689,4.8707,4.86656,4.86876,2090.0
2026-04-15 05:00:00,4.86887,4.87062,4.8642,4.87062,3119.0
2026-04-15 06:00:00,4.87062,4.87282,4.86397,4.8674,3676.0
2026-04-15 07:00:00,4.86749,4.8709,4.86558,4.86854,2842.0
2026-04-15 08:00:00,4.8685,4.86932,4.86478,4.8669,2994.0
2026-04-15 09:00:00,4.86709,4.8726,4.86706,4.87116,4029.0
2026-04-15 10:00:00,4.87124,4.88193,4.87076,4.87795,5197.0
2026-04-15 11:00:00,4.8779,4.88433,4.87684,4.88172,4006.0
2026-04-15 12:00:00,4.88177,4.88638,4.88147,4.88481,2536.0
2026-04-15 13:00:00,4.88488,4.88629,4.88266,4.88562,1632.0
2026-04-15 14:00:00,4.88552,4.8915,4.88474,4.89118,2223.0
2026-04-15 15:00:00,4.89116,4.89255,4.88906,4.89071,1180.0
2026-04-15 16:00:00,4.89069,4.89078,4.88768,4.88945,797.0
2026-04-15 17:00:00,4.887,4.89091,4.88626,4.88855,434.0
2026-04-15 18:00:00,4.88851,4.89075,4.88848,4.89,464.0
2026-04-15 19:00:00,4.88993,4.89085,4.88787,4.89025,983.0
2026-04-15 20:00:00,4.89014,4.89074,4.88542,4.88964,1979.0
2026-04-15 21:00:00,4.88956,4.8933,4.88278,4.89154,4895.0
2026-04-15 22:00:00,4.8915,4.90186,4.89042,4.89904,4324.0
2026-04-15 23:00:00,4.89897,4.90417,4.8982,4.90184,2078.0
2026-04-16 00:00:00,4.90188,4.90433,4.89896,4.89934,1370.0
2026-04-16 01:00:00,4.8994,4.90064,4.89597,4.8988,2300.0
2026-04-16 02:00:00,4.89878,4.90072,4.8927,4.89899,3011.0
2026-04-16 03:00:00,4.89914,4.90074,4.89572,4.89615,3889.0
2026-04-16 04:00:00,4.89622,4.89676,4.88852,4.89196,2970.0
2026-04-16 05:00:00,4.8917,4.89282,4.88752,4.88938,1820.0
2026-04-16 06:00:00,4.8894,4.89118,4.88728,4.88884,2086.0
2026-04-16 07:00:00,4.88864,4.89338,4.88864,4.893,2768.0
2026-04-16 08:00:00,4.89306,4.89437,4.88955,4.8923,3124.0
2026-04-16 09:00:00,4.89236,4.8966,4.89093,4.89547,4768.0
2026-04-16 10:00:00,4.89562,4.89785,4.88743,4.88825,6913.0
2026-04-16 11:00:00,4.88815,4.89212,4.88689,4.89027,4934.0
2026-04-16 12:00:00,4.89021,4.8934,4.88169,4.88477,4477.0
2026-04-16 13:00:00,4.88484,4.88498,4.88108,4.8832,4124.0
2026-04-16 14:00:00,4.88322,4.88574,4.88194,4.88357,3036.0
2026-04-16 15:00:00,4.88342,4.88712,4.88335,4.8856,1281.0
2026-04-16 16:00:00,4.8856,4.8871,4.8845,4.88655,1159.0
2026-04-16 17:00:00,4.8867,4.88808,4.88302,4.88459,1325.0
2026-04-16 18:00:00,4.88425,4.886,4.88404,4.88561,1281.0
2026-04-16 19:00:00,4.88566,4.88828,4.88424,4.88464,1565.0
2026-04-16 20:00:00,4.88446,4.88724,4.88131,4.88478,2227.0
2026-04-16 21:00:00,4.88486,4.88894,4.88429,4.88652,2247.0
2026-04-16 22:00:00,4.88658,4.88993,4.88589,4.88831,1233.0
2026-04-16 23:00:00,4.88846,4.89078,4.8867,4.88992,1025.0
2026-04-17 00:00:00,4.88985,4.89334,4.8895,4.8925,848.0
2026-04-17 01:00:00,4.89247,4.8945,4.89099,4.89222,1623.0
2026-04-17 02:00:00,4.89224,4.89224,4.88806,4.8889,2432.0
2026-04-17 03:00:00,4.88902,4.89706,4.88897,4.8965,2185.0
2026-04-17 04:00:00,4.89664,4.90112,4.89442,4.89984,1841.0
2026-04-17 05:00:00,4.89981,4.90162,4.89354,4.89432,1712.0
2026-04-17 06:00:00,4.89432,4.89627,4.89334,4.89379,1331.0
2026-04-17 07:00:00,4.89378,4.8968,4.8919,4.89446,2076.0
2026-04-17 08:00:00,4.89446,4.91399,4.89362,4.91294,8651.0
2026-04-17 09:00:00,4.91299,4.91862,4.91029,4.91266,15595.0
2026-04-17 10:00:00,4.91282,4.91344,4.90564,4.90615,7440.0
2026-04-17 11:00:00,4.90602,4.90677,4.89814,4.9003,6309.0
2026-04-17 12:00:00,4.90036,4.90094,4.89659,4.89774,2590.0
2026-04-17 13:00:00,4.89771,4.89778,4.8916,4.89628,3523.0
2026-04-17 14:00:00,4.89636,4.8965,4.88772,4.8897,2647.0
2026-04-17 15:00:00,4.88978,4.89214,4.88745,4.88844,1778.0
2026-04-17 16:00:00,4.8883,4.88998,4.88505,4.88564,1825.0
2026-04-19 17:00:00,4.86472,4.87066,4.85872,4.86026,753.0
2026-04-19 18:00:00,4.86051,4.87682,4.85906,4.876,3420.0
2026-04-19 19:00:00,4.87607,4.87806,4.86772,4.87034,2905.0
2026-04-19 20:00:00,4.8704,4.87759,4.8687,4.87752,4437.0
2026-04-19 21:00:00,4.87757,4.87988,4.8745,4.87487,3138.0
2026-04-19 22:00:00,4.8748,4.8807,4.87385,4.8783,2020.0
2026-04-19 23:00:00,4.87824,4.88044,4.87714,4.87813,1724.0
2026-04-20 00:00:00,4.8782,4.88008,4.87667,4.87941,1593.0
2026-04-20 01:00:00,4.87939,4.87958,4.87244,4.8746,2417.0
2026-04-20 02:00:00,4.87462,4.87992,4.87216,4.87992,4254.0
2026-04-20 03:00:00,4.88002,4.88551,4.87151,4.87524,4418.0
2026-04-20 04:00:00,4.87517,4.8771,4.87377,4.87527,2921.0
2026-04-20 05:00:00,4.8753,4.87964,4.87527,4.87952,2636.0
2026-04-20 06:00:00,4.87952,4.88122,4.87628,4.87736,2000.0
2026-04-20 07:00:00,4.87741,4.88254,4.87539,4.88056,2758.0
2026-04-20 08:00:00,4.88062,4.88174,4.87707,4.8787,3515.0
2026-04-20 09:00:00,4.87882,4.8862,4.87822,4.88563,6804.0
2026-04-20 10:00:00,4.88559,4.88704,4.87919,4.88324,7456.0
2026-04-20 11:00:00,4.88332,4.89109,4.8807,4.88956,5838.0
2026-04-20 12:00:00,4.88958,4.89102,4.88736,4.88866,2683.0
2026-04-20 13:00:00,4.88872,4.89062,4.88764,4.88994,2685.0
2026-04-20 14:00:00,4.89005,4.8929,4.88954,4.89094,2389.0
2026-04-20 15:00:00,4.89071,4.89316,4.8907,4.8927,742.0
2026-04-20 16:00:00,4.89267,4.8935,4.89141,4.89255,853.0
2026-04-20 17:00:00,4.8908,4.8926,4.89073,4.89167,343.0
2026-04-20 18:00:00,4.89193,4.89536,4.89171,4.89536,1021.0
2026-04-20 19:00:00,4.89531,4.89554,4.88888,4.88909,1315.0
2026-04-20 20:00:00,4.88912,4.89144,4.88621,4.8881,3059.0
2026-04-20 21:00:00,4.88826,4.89358,4.88718,4.8904,2458.0
2026-04-20 22:00:00,4.89046,4.89127,4.88648,4.88822,1790.0
2026-04-20 23:00:00,4.88845,4.88856,4.88286,4.88383,1808.0
2026-04-21 00:00:00,4.88376,4.88446,4.88288,4.88326,1163.0
2026-04-21 01:00:00,4.88334,4.88637,4.88249,4.88282,2160.0
2026-04-21 02:00:00,4.88274,4.88344,4.87868,4.88064,2537.0
2026-04-21 03:00:00,4.88061,4.88254,4.87494,4.87496,3961.0
2026-04-21 04:00:00,4.87498,4.87854,4.87002,4.87755,4429.0
2026-04-21 05:00:00,4.87744,4.8775,4.87418,4.87526,2305.0
2026-04-21 06:00:00,4.8754,4.8797,4.87454,4.87925,2126.0
2026-04-21 07:00:00,4.87934,4.88398,4.87576,4.88342,2702.0
2026-04-21 08:00:00,4.88344,4.88385,4.8763,4.88186,5422.0
2026-04-21 09:00:00,4.8819,4.89132,4.88168,4.89095,5273.0
2026-04-21 10:00:00,4.8909,4.89892,4.88846,4.88932,6777.0
2026-04-21 11:00:00,4.88932,4.89222,4.88255,4.8883,7625.0
2026-04-21 12:00:00,4.88842,4.89137,4.88182,4.88187,3792.0
2026-04-21 13:00:00,4.88183,4.88874,4.87208,4.88305,6912.0
2026-04-21 14:00:00,4.88306,4.88623,4.87891,4.88456,5538.0
2026-04-21 15:00:00,4.88464,4.88914,4.872,4.8755,8184.0
2026-04-21 16:00:00,4.87549,4.89062,4.87495,4.8849,6313.0
2026-04-21 17:00:00,4.88305,4.88726,4.88061,4.88358,1224.0
2026-04-21 18:00:00,4.88365,4.88547,4.88248,4.88286,710.0
2026-04-21 19:00:00,4.88286,4.88522,4.8822,4.88441,1476.0
2026-04-21 20:00:00,4.88448,4.88877,4.884,4.8878,3050.0
2026-04-21 21:00:00,4.88781,4.88868,4.88362,4.88469,2728.0
2026-04-21 22:00:00,4.88485,4.88836,4.8837,4.88391,2182.0
2026-04-21 23:00:00,4.88379,4.88704,4.88264,4.883,1640.0
2026-04-22 00:00:00,4.8829,4.88632,4.8829,4.88433,1372.0
2026-04-22 01:00:00,4.88424,4.89574,4.88416,4.89244,3493.0
2026-04-22 02:00:00,4.89241,4.89482,4.88924,4.89196,2688.0
2026-04-22 03:00:00,4.89178,4.89322,4.8857,4.89122,3249.0
2026-04-22 04:00:00,4.89128,4.89404,4.8882,4.89002,3522.0
2026-04-22 05:00:00,4.88995,4.89214,4.88766,4.88932,2824.0
2026-04-22 06:00:00,4.88933,4.89113,4.88676,4.88955,2991.0
2026-04-22 07:00:00,4.88951,4.88955,4.88239,4.88418,3051.0
2026-04-22 08:00:00,4.88408,4.88624,4.8808,4.88218,3421.0
2026-04-22 09:00:00,4.88228,4.8925,4.88102,4.89232,6027.0
2026-04-22 10:00:00,4.8923,4.89498,4.88918,4.89105,5616.0
2026-04-22 11:00:00,4.89098,4.89346,4.88826,4.89144,3785.0
2026-04-22 12:00:00,4.89146,4.89268,4.88865,4.89022,2631.0
2026-04-22 13:00:00,4.89023,4.89488,4.88952,4.89218,2752.0
2026-04-22 14:00:00,4.8921,4.89314,4.88998,4.89122,1260.0
2026-04-22 15:00:00,4.89102,4.89276,4.8894,4.89157,1289.0
2026-04-22 16:00:00,4.89157,4.89272,4.89048,4.8922,970.0
2026-04-22 17:00:00,4.88989,4.89178,4.88774,4.89146,2137.0
2026-04-22 18:00:00,4.8916,4.89174,4.889,4.88951,1019.0
2026-04-22 19:00:00,4.88956,4.89098,4.88806,4.88858,1087.0
2026-04-22 20:00:00,4.88866,4.89345,4.87637,4.8904,10462.0
2026-04-22 21:00:00,4.89045,4.8907,4.88285,4.88568,3824.0
2026-04-22 22:00:00,4.88559,4.88985,4.88311,4.88511,3429.0
2026-04-22 23:00:00,4.88524,4.88693,4.87819,4.88075,3349.0
2026-04-23 00:00:00,4.88074,4.88542,4.87938,4.88506,1331.0
2026-04-23 01:00:00,4.88511,4.88894,4.88414,4.88803,1596.0
2026-04-23 02:00:00,4.88796,4.88908,4.88532,4.88734,1999.0
2026-04-23 03:00:00,4.88736,4.89238,4.88533,4.89202,3528.0
2026-04-23 04:00:00,4.89209,4.89327,4.88891,4.89068,4185.0
2026-04-23 05:00:00,4.8906,4.89082,4.88564,4.88618,4398.0
2026-04-23 06:00:00,4.88604,4.88708,4.87658,4.87856,4318.0
2026-04-23 07:00:00,4.8787,4.88775,4.8775,4.8849,4355.0
2026-04-23 08:00:00,4.88482,4.88672,4.87804,4.88086,6200.0
2026-04-23 09:00:00,4.88086,4.88595,4.87687,4.88274,5936.0
2026-04-23 10:00:00,4.88275,4.89188,4.8804,4.8906,6866.0
2026-04-23 11:00:00,4.8905,4.89162,4.88592,4.88746,7771.0
2026-04-23 12:00:00,4.88747,4.88832,4.88533,4.88682,2894.0
2026-04-23 13:00:00,4.8869,4.88776,4.86322,4.87998,13625.0
2026-04-23 14:00:00,4.88006,4.88476,4.87594,4.87668,7664.0
2026-04-23 15:00:00,4.87661,4.87718,4.87122,4.87536,2997.0
2026-04-23 16:00:00,4.87534,4.87534,4.87,4.8724,2355.0
2026-04-23 17:00:00,4.87483,4.87554,4.86996,4.87435,730.0
2026-04-23 18:00:00,4.87428,4.87677,4.87237,4.87591,967.0
2026-04-23 19:00:00,4.87595,4.87596,4.87248,4.87282,1245.0
2026-04-23 20:00:00,4.87273,4.8765,4.87198,4.87396,3635.0
2026-04-23 21:00:00,4.87404,4.87686,4.87206,4.8767,2363.0
2026-04-23 22:00:00,4.87665,4.87677,4.86818,4.87012,2475.0
2026-04-23 23:00:00,4.87014,4.87075,4.86574,4.86821,2155.0
2026-04-24 00:00:00,4.86812,4.87246,4.86642,4.87088,1545.0
2026-04-24 01:00:00,4.87095,4.87418,4.86834,4.87192,1678.0
2026-04-24 02:00:00,4.87189,4.87442,4.86822,4.87198,2398.0
2026-04-24 03:00:00,4.87178,4.87624,4.86964,4.87583,2542.0
2026-04-24 04:00:00,4.87572,4.87874,4.87323,4.8747,4297.0
2026-04-24 05:00:00,4.87477,4.87692,4.87327,4.87502,2768.0
2026-04-24 06:00:00,4.875,4.87932,4.87464,4.87619,1910.0
2026-04-24 07:00:00,4.87642,4.88534,4.8756,4.88054,6636.0
2026-04-24 08:00:00,4.88059,4.88231,4.87441,4.87653,5711.0
2026-04-24 09:00:00,4.8766,4.87842,4.87122,4.87662,7257.0
2026-04-24 10:00:00,4.87642,4.88269,4.8724,4.87938,7983.0
2026-04-24 11:00:00,4.87934,4.88844,4.87832,4.88698,6286.0
2026-04-24 12:00:00,4.88694,4.88744,4.88308,4.88628,3204.0
2026-04-24 13:00:00,4.88639,4.88854,4.88503,4.8852,2169.0
2026-04-24 14:00:00,4.88512,4.88786,4.88412,4.88684,1842.0
2026-04-24 15:00:00,4.88698,4.8885,4.88655,4.8867,2503.0
2026-04-24 16:00:00,4.88665,4.88877,4.88463,4.88485,2543.0
2026-04-26 17:00:00,4.87641,4.88421,4.8759,4.88379,1097.0
2026-04-26 18:00:00,4.8837,4.8878,4.88151,4.886,1313.0
2026-04-26 19:00:00,4.88601,4.88724,4.88364,4.88366,930.0
2026-04-26 20:00:00,4.88385,4.8922,4.88385,4.8922,2059.0
2026-04-26 21:00:00,4.89244,4.89878,4.89051,4.89484,4994.0
2026-04-26 22:00:00,4.89486,4.89897,4.893,4.89716,2641.0
2026-04-26 23:00:00,4.8971,4.90086,4.89701,4.89824,1529.0
2026-04-27 00:00:00,4.8983,4.89906,4.89397,4.89512,1102.0
2026-04-27 01:00:00,4.89504,4.89574,4.89324,4.89351,1691.0
2026-04-27 02:00:00,4.89358,4.8939,4.88927,4.89263,2857.0
2026-04-27 03:00:00,4.8925,4.89986,4.8925,4.89856,3690.0
2026-04-27 04:00:00,4.8985,4.90484,4.8967,4.90336,3758.0
2026-04-27 05:00:00,4.90332,4.90456,4.9008,4.90134,2143.0
2026-04-27 06:00:00,4.90121,4.90309,4.9004,4.90122,2071.0
2026-04-27 07:00:00,4.9013,4.90334,4.8997,4.90242,2451.0
2026-04-27 08:00:00,4.90244,4.90904,4.90244,4.90506,3137.0
2026-04-27 09:00:00,4.90514,4.9085,4.90182,4.9052,4905.0
2026-04-27 10:00:00,4.90514,4.91268,4.90368,4.90876,4222.0
2026-04-27 11:00:00,4.90884,4.91032,4.90582,4.90978,3787.0
2026-04-27 12:00:00,4.90974,4.91076,4.90736,4.90829,2180.0
2026-04-27 13:00:00,4.90826,4.91118,4.90548,4.90802,2054.0
2026-04-27 14:00:00,4.90805,4.90882,4.90553,4.90622,1053.0
2026-04-27 15:00:00,4.90614,4.908,4.90582,4.90632,805.0
2026-04-27 16:00:00,4.90638,4.90686,4.9051,4.90545,594.0
2026-04-27 17:00:00,4.9031,4.9057,4.90278,4.90519,128.0
2026-04-27 18:00:00,4.90526,4.90694,4.90405,4.90588,390.0
2026-04-27 19:00:00,4.90584,4.90813,4.90494,4.908,965.0
2026-04-27 20:00:00,4.90812,4.91054,4.90664,4.90836,2309.0
2026-04-27 21:00:00,4.90828,4.90882,4.90188,4.90298,2906.0
2026-04-27 22:00:00,4.90297,4.90472,4.90029,4.90321,2534.0
2026-04-27 23:00:00,4.90314,4.90718,4.90202,4.90697,2303.0
2026-04-28 00:00:00,4.90707,4.90777,4.90495,4.90572,1297.0
2026-04-28 01:00:00,4.9057,4.90654,4.90113,4.90369,2414.0
2026-04-28 02:00:00,4.90364,4.90614,4.89646,4.89726,4480.0
2026-04-28 03:00:00,4.89719,4.9089,4.89707,4.90798,6130.0
2026-04-28 04:00:00,4.90816,4.91003,4.9041,4.90847,4140.0
2026-04-28 05:00:00,4.9084,4.90844,4.90278,4.90616,2888.0
2026-04-28 06:00:00,4.90622,4.90719,4.89876,4.89952,2945.0
2026-04-28 07:00:00,4.89948,4.90129,4.89344,4.89458,3724.0
2026-04-28 08:00:00,4.8945,4.90072,4.893,4.90065,4853.0
2026-04-28 09:00:00,4.9006,4.90662,4.89888,4.90346,5241.0
2026-04-28 10:00:00,4.90342,4.90778,4.89933,4.90265,6018.0
2026-04-28 11:00:00,4.90274,4.90971,4.90172,4.90902,4490.0
2026-04-28 12:00:00,4.909,4.91212,4.9084,4.91192,3464.0
2026-04-28 13:00:00,4.91196,4.91428,4.90943,4.91372,2236.0
2026-04-28 14:00:00,4.9137,4.91492,4.91236,4.91337,1414.0
2026-04-28 15:00:00,4.91324,4.91402,4.91048,4.91106,1066.0
2026-04-28 16:00:00,4.91104,4.91313,4.91088,4.9124,808.0
2026-04-28 17:00:00,4.91029,4.91302,4.90941,4.9115,611.0
2026-04-28 18:00:00,4.9112,4.91254,4.91001,4.9102,559.0
2026-04-28 19:00:00,4.9102,4.91294,4.90972,4.91292,930.0
2026-04-28 20:00:00,4.91296,4.91438,4.91209,4.91222,2278.0
2026-04-28 21:00:00,4.9123,4.91238,4.89942,4.9009,6104.0
2026-04-28 22:00:00,4.90102,4.90604,4.89606,4.89663,4363.0
2026-04-28 23:00:00,4.89658,4.89954,4.8959,4.89639,2881.0
2026-04-29 00:00:00,4.89658,4.89822,4.89562,4.89726,1274.0
2026-04-29 01:00:00,4.89714,4.89862,4.89611,4.89666,2067.0
2026-04-29 02:00:00,4.8966,4.89736,4.89117,4.89291,2966.0
2026-04-29 03:00:00,4.89274,4.89576,4.89074,4.89452,4670.0
2026-04-29 04:00:00,4.89442,4.89589,4.88982,4.89084,3438.0
2026-04-29 05:00:00,4.89092,4.89351,4.88763,4.88842,2185.0
2026-04-29 06:00:00,4.88835,4.89446,4.88778,4.89338,1988.0
2026-04-29 07:00:00,4.8934,4.89417,4.89173,4.8936,2927.0
2026-04-29 08:00:00,4.89344,4.89814,4.89274,4.89306,3577.0
2026-04-29 09:00:00,4.89312,4.89576,4.87572,4.87694,5407.0
2026-04-29 10:00:00,4.87712,4.8877,4.8745,4.88516,5565.0
2026-04-29 11:00:00,4.88527,4.88598,4.87188,4.87814,7591.0
2026-04-29 12:00:00,4.87812,4.88302,4.87716,4.87796,6314.0
2026-04-29 13:00:00,4.8779,4.88204,4.8757,4.88136,4365.0
2026-04-29 14:00:00,4.88138,4.88176,4.86325,4.87154,13227.0
2026-04-29 15:00:00,4.87151,4.8747,4.86688,4.87364,5494.0
2026-04-29 16:00:00,4.87369,4.87514,4.87051,4.8726,3236.0
2026-04-29 17:00:00,4.87017,4.87186,4.86948,4.8703,404.0
2026-04-29 18:00:00,4.87023,4.87515,4.86974,4.87364,742.0
2026-04-29 19:00:00,4.87365,4.88006,4.8736,4.87872,1952.0
2026-04-29 20:00:00,4.87869,4.88105,4.87378,4.87378,3523.0
2026-04-29 21:00:00,4.8737,4.8765,4.87264,4.87514,3908.0
2026-04-29 22:00:00,4.87502,4.87748,4.87063,4.87582,4132.0
2026-04-29 23:00:00,4.87574,4.87826,4.8743,4.8756,2796.0
2026-04-30 00:00:00,4.87566,4.8762,4.86975,4.87002,3463.0
2026-04-30 01:00:00,4.87008,4.87492,4.86688,4.86809,2588.0
2026-04-30 02:00:00,4.86808,4.87343,4.86621,4.87155,4575.0
2026-04-30 03:00:00,4.87166,4.87664,4.87117,4.87474,4257.0
2026-04-30 04:00:00,4.87476,4.88038,4.87209,4.87373,3909.0
2026-04-30 05:00:00,4.87366,4.88342,4.87151,4.88096,5263.0
2026-04-30 06:00:00,4.88104,4.88871,4.87795,4.8886,6465.0
2026-04-30 07:00:00,4.88867,4.89372,4.88578,4.88739,6709.0
2026-04-30 08:00:00,4.88742,4.88923,4.8819,4.88565,6894.0
2026-04-30 09:00:00,4.88564,4.89796,4.88534,4.894,7165.0
2026-04-30 10:00:00,4.89404,4.91316,4.89334,4.91106,8825.0
2026-04-30 11:00:00,4.91108,4.91324,4.90748,4.90748,6042.0
2026-04-30 12:00:00,4.90738,4.9122,4.90428,4.90739,5077.0
2026-04-30 13:00:00,4.90748,4.91073,4.90632,4.9087,6163.0
2026-04-30 14:00:00,4.90878,4.91799,4.90878,4.91691,3662.0
2026-04-30 15:00:00,4.91676,4.91964,4.91638,4.9169,2953.0
2026-04-30 16:00:00,4.91682,4.92023,4.9158,4.91985,1708.0
2026-04-30 17:00:00,4.91729,4.9192,4.91645,4.91875,231.0
2026-04-30 18:00:00,4.91865,4.92028,4.91698,4.91826,571.0
2026-04-30 19:00:00,4.91811,4.92209,4.91795,4.91953,1037.0
2026-04-30 20:00:00,4.91962,4.92114,4.91608,4.91967,2431.0
2026-04-30 21:00:00,4.91968,4.91992,4.91642,4.91844,1773.0
2026-04-30 22:00:00,4.91836,4.92072,4.91506,4.91704,1319.0
2026-04-30 23:00:00,4.9171,4.91948,4.91478,4.91558,962.0
2026-05-01 00:00:00,4.9155,4.91582,4.9125,4.91374,996.0
2026-05-01 01:00:00,4.91375,4.91602,4.91288,4.91376,888.0
2026-05-01 02:00:00,4.91368,4.9182,4.91166,4.91578,2737.0
2026-05-01 03:00:00,4.91587,4.92101,4.91528,4.91758,3042.0
2026-05-01 04:00:00,4.91775,4.91844,4.91463,4.91594,2086.0
2026-05-01 05:00:00,4.91606,4.9165,4.91026,4.91129,1568.0
2026-05-01 06:00:00,4.91108,4.9151,4.91096,4.91396,1313.0
2026-05-01 07:00:00,4.91404,4.91882,4.91363,4.91754,2460.0
2026-05-01 08:00:00,4.91746,4.92319,4.91602,4.92055,4433.0
2026-05-01 09:00:00,4.9205,4.92517,4.91782,4.92469,5198.0
2026-05-01 10:00:00,4.92469,4.93196,4.92429,4.9258,6869.0
2026-05-01 11:00:00,4.92586,4.93004,4.92463,4.92738,5048.0
2026-05-01 12:00:00,4.92734,4.92955,4.92386,4.92506,3755.0
2026-05-01 13:00:00,4.925,4.92738,4.92281,4.92454,2930.0
2026-05-01 14:00:00,4.92445,4.92528,4.92004,4.92422,2863.0
2026-05-01 15:00:00,4.92429,4.92496,4.92188,4.92204,1204.0
2026-05-01 16:00:00,4.92186,4.92246,4.91652,4.91998,1742.0
2026-05-03 17:00:00,4.9289,4.93176,4.92562,4.93047,790.0
2026-05-03 18:00:00,4.93052,4.93152,4.92466,4.92761,1489.0
2026-05-03 19:00:00,4.92769,4.92769,4.92396,4.9244,1620.0
2026-05-03 20:00:00,4.92426,4.9261,4.92138,4.92226,3719.0
2026-05-03 21:00:00,4.92218,4.9223,4.91731,4.91937,3597.0
2026-05-03 22:00:00,4.91927,4.91961,4.91406,4.91751,2494.0
2026-05-03 23:00:00,4.91742,4.92254,4.91574,4.92068,3387.0
2026-05-04 00:00:00,4.92058,4.92098,4.91576,4.91631,2644.0
2026-05-04 01:00:00,4.91624,4.91708,4.91304,4.91377,2898.0
2026-05-04 02:00:00,4.91386,4.91441,4.90652,4.90898,3516.0
2026-05-04 03:00:00,4.90888,4.90906,4.9044,4.90702,3960.0
2026-05-04 04:00:00,4.90706,4.9098,4.90446,4.9079,4039.0
2026-05-04 05:00:00,4.90792,4.91165,4.90772,4.91014,1737.0
2026-05-04 06:00:00,4.91022,4.91024,4.89454,4.90435,9373.0
2026-05-04 07:00:00,4.90442,4.90642,4.90004,4.90127,3559.0
2026-05-04 08:00:00,4.90138,4.90764,4.90112,4.90574,3036.0
2026-05-04 09:00:00,4.90567,4.9102,4.90021,4.90498,4523.0
2026-05-04 10:00:00,4.90487,4.90868,4.90349,4.90548,3755.0
2026-05-04 11:00:00,4.90558,4.90784,4.89398,4.8965,6996.0
2026-05-04 12:00:00,4.89652,4.89834,4.88903,4.89141,5188.0
2026-05-04 13:00:00,4.89148,4.89944,4.89124,4.8976,2994.0
2026-05-04 14:00:00,4.89752,4.89974,4.89568,4.8991,2058.0
2026-05-04 15:00:00,4.89903,4.90014,4.8968,4.89846,2066.0
2026-05-04 16:00:00,4.89836,4.89894,4.89442,4.89575,1233.0
2026-05-04 17:00:00,4.89805,4.89819,4.89548,4.89585,1316.0
2026-05-04 18:00:00,4.89594,4.89694,4.89468,4.89604,756.0
2026-05-04 19:00:00,4.8961,4.8974,4.8958,4.89644,798.0
2026-05-04 20:00:00,4.89652,4.89927,4.89126,4.89276,2013.0
2026-05-04 21:00:00,4.89264,4.89295,4.8897,4.89089,2410.0
2026-05-04 22:00:00,4.89082,4.89458,4.89044,4.89118,1591.0
2026-05-04 23:00:00,4.8911,4.89233,4.88779,4.88791,1012.0
2026-05-05 00:00:00,4.88792,4.89896,4.8874,4.88758,2824.0
2026-05-05 01:00:00,4.88727,4.88882,4.87636,4.87956,3546.0
2026-05-05 02:00:00,4.8796,4.88591,4.87923,4.88122,3084.0
2026-05-05 03:00:00,4.88139,4.8898,4.88064,4.88619,3397.0
2026-05-05 04:00:00,4.88612,4.89368,4.88606,4.88944,2482.0
2026-05-05 05:00:00,4.88941,4.89475,4.88815,4.8942,2768.0
2026-05-05 06:00:00,4.89422,4.89922,4.89274,4.89614,1775.0
2026-05-05 07:00:00,4.89606,4.90034,4.89379,4.89894,2033.0
2026-05-05 08:00:00,4.89886,4.90489,4.89618,4.90128,3552.0
2026-05-05 09:00:00,4.9014,4.90685,4.90136,4.90352,3851.0
2026-05-05 10:00:00,4.90358,4.9088,4.90118,4.90854,5234.0
2026-05-05 11:00:00,4.90852,4.91379,4.90732,4.91139,3607.0
2026-05-05 12:00:00,4.91127,4.9118,4.90689,4.90741,2230.0
2026-05-05 13:00:00,4.90748,4.90987,4.90632,4.90778,1250.0
2026-05-05 14:00:00,4.90786,4.90923,4.90716,4.90786,982.0
2026-05-05 15:00:00,4.90809,4.9082,4.90432,4.90527,878.0
2026-05-05 16:00:00,4.90522,4.90611,4.90432,4.9045,794.0
2026-05-05 17:00:00,4.903,4.9046,4.90184,4.9046,189.0
2026-05-05 18:00:00,4.90465,4.91473,4.90371,4.91178,1813.0
2026-05-05 19:00:00,4.91166,4.91778,4.91042,4.91455,3229.0
2026-05-05 20:00:00,4.91462,4.92704,4.914,4.92674,4703.0
2026-05-05 21:00:00,4.92668,4.93446,4.9247,4.93007,4734.0
2026-05-05 22:00:00,4.92996,4.93476,4.9289,4.93459,3462.0
2026-05-05 23:00:00,4.93451,4.93942,4.93307,4.93325,3508.0
2026-05-06 00:00:00,4.93326,4.9434,4.93255,4.93986,4822.0
2026-05-06 01:00:00,4.9397,4.94336,4.93926,4.94199,4700.0
2026-05-06 02:00:00,4.94194,4.94344,4.93761,4.94234,3801.0
2026-05-06 03:00:00,4.94231,4.94349,4.9323,4.93586,3953.0
2026-05-06 04:00:00,4.93578,4.94986,4.92948,4.94552,5277.0
2026-05-06 05:00:00,4.9455,4.94594,4.93881,4.94337,5287.0
2026-05-06 06:00:00,4.94345,4.95348,4.9381,4.94775,5122.0
2026-05-06 07:00:00,4.94766,4.94768,4.93652,4.93759,5797.0
2026-05-06 08:00:00,4.93757,4.93757,4.92738,4.93162,7326.0
2026-05-06 09:00:00,4.93144,4.93342,4.92661,4.9278,7177.0
2026-05-06 10:00:00,4.92776,4.9352,4.92584,4.93124,6400.0
2026-05-06 11:00:00,4.93116,4.9317,4.927,4.92854,4179.0
2026-05-06 12:00:00,4.92855,4.92862,4.9229,4.92417,3544.0
2026-05-06 13:00:00,4.92404,4.92881,4.92392,4.92745,2434.0
2026-05-06 14:00:00,4.9274,4.93114,4.9274,4.92989,1787.0
2026-05-06 15:00:00,4.92984,4.93284,4.92984,4.93121,1456.0
2026-05-06 16:00:00,4.93116,4.93178,4.92987,4.93135,902.0
2026-05-06 17:00:00,4.93167,4.93484,4.92785,4.9318,1143.0
2026-05-06 18:00:00,4.93265,4.93275,4.92976,4.93074,632.0
2026-05-06 19:00:00,4.93073,4.93196,4.92902,4.92939,728.0
2026-05-06 20:00:00,4.92942,4.93196,4.92682,4.92882,3368.0
2026-05-06 21:00:00,4.92884,4.9321,4.92674,4.92954,4079.0
2026-05-06 22:00:00,4.92948,4.93066,4.92682,4.92803,3569.0
2026-05-06 23:00:00,4.9281,4.92911,4.92628,4.92819,2716.0
2026-05-07 00:00:00,4.92812,4.93436,4.92794,4.93278,2146.0
2026-05-07 01:00:00,4.93282,4.93364,4.93049,4.93098,2357.0
2026-05-07 02:00:00,4.93094,4.93578,4.9275,4.93166,3187.0
2026-05-07 03:00:00,4.93158,4.93862,4.93106,4.93798,4651.0
2026-05-07 04:00:00,4.93801,4.9391,4.93454,4.93545,2826.0
2026-05-07 05:00:00,4.93552,4.93692,4.9331,4.93535,2280.0
2026-05-07 06:00:00,4.93524,4.93726,4.933,4.93316,2459.0
2026-05-07 07:00:00,4.93329,4.93512,4.93086,4.93476,2922.0
2026-05-07 08:00:00,4.9348,4.93536,4.92917,4.92969,3250.0
2026-05-07 09:00:00,4.9296,4.93056,4.92542,4.92738,6076.0
2026-05-07 10:00:00,4.9273,4.93427,4.92408,4.93406,4825.0
2026-05-07 11:00:00,4.934,4.9342,4.92386,4.92417,4983.0
2026-05-07 12:00:00,4.92409,4.92651,4.92094,4.92519,4942.0
2026-05-07 13:00:00,4.92528,4.9268,4.91784,4.92236,5865.0
2026-05-07 14:00:00,4.92231,4.92318,4.91493,4.92019,4007.0
2026-05-07 15:00:00,4.92026,4.92114,4.9123,4.91242,4062.0
2026-05-07 16:00:00,4.91243,4.91924,4.90545,4.90665,3440.0
2026-05-07 17:00:00,4.90792,4.90821,4.90391,4.906,534.0
2026-05-07 18:00:00,4.9058,4.9077,4.90197,4.90504,1669.0
2026-05-07 19:00:00,4.90517,4.90776,4.90485,4.907,1866.0
2026-05-07 20:00:00,4.90706,4.90844,4.9013,4.90608,4213.0
2026-05-07 21:00:00,4.90617,4.91012,4.9051,4.90582,3504.0
2026-05-07 22:00:00,4.9059,4.9087,4.9028,4.90608,3704.0
2026-05-07 23:00:00,4.90611,4.91276,4.90564,4.90866,2764.0
2026-05-08 00:00:00,4.90874,4.91333,4.90826,4.91231,2397.0
2026-05-08 01:00:00,4.91235,4.91538,4.91052,4.91322,2620.0
2026-05-08 02:00:00,4.91329,4.91694,4.91256,4.91498,3571.0
2026-05-08 03:00:00,4.91491,4.91678,4.91312,4.91442,3330.0
2026-05-08 04:00:00,4.91448,4.92057,4.91349,4.91952,2759.0
2026-05-08 05:00:00,4.91964,4.92393,4.91732,4.9192,2308.0
2026-05-08 06:00:00,4.91926,4.9244,4.91862,4.92112,1934.0
2026-05-08 07:00:00,4.92108,4.92321,4.9182,4.92052,2553.0
2026-05-08 08:00:00,4.92042,4.928,4.9161,4.92138,6033.0
2026-05-08 09:00:00,4.92128,4.9266,4.9156,4.92324,7107.0
2026-05-08 10:00:00,4.9232,4.9255,4.91944,4.9239,5808.0
2026-05-08 11:00:00,4.92374,4.92511,4.91994,4.92204,4503.0
2026-05-08 12:00:00,4.92202,4.92466,4.92078,4.92108,2602.0
2026-05-08 13:00:00,4.92102,4.92407,4.92078,4.92295,2124.0
2026-05-08 14:00:00,4.92287,4.92562,4.92172,4.92283,1573.0
2026-05-08 15:00:00,4.92276,4.92582,4.9227,4.92518,1120.0
2026-05-08 16:00:00,4.92523,4.9264,4.92409,4.92545,1848.0
2026-05-10 17:00:00,4.91218,4.91476,4.90865,4.9097,1803.0
2026-05-10 18:00:00,4.9096,4.9195,4.90934,4.91904,1960.0
2026-05-10 19:00:00,4.91898,4.92128,4.91474,4.91506,1792.0
2026-05-10 20:00:00,4.91504,4.91894,4.91396,4.91706,4570.0
2026-05-10 21:00:00,4.91704,4.91778,4.91124,4.91468,5104.0
2026-05-10 22:00:00,4.91472,4.91602,4.91034,4.91072,3619.0
2026-05-10 23:00:00,4.91064,4.91374,4.9101,4.91146,2046.0
2026-05-11 00:00:00,4.91132,4.91162,4.90868,4.90976,1733.0
2026-05-11 01:00:00,4.9097,4.9124,4.90936,4.91126,2105.0
2026-05-11 02:00:00,4.91125,4.91922,4.91063,4.91855,2877.0
2026-05-11 03:00:00,4.91862,4.91916,4.9162,4.91874,2679.0
2026-05-11 04:00:00,4.91882,4.92314,4.91706,4.91706,2395.0
2026-05-11 05:00:00,4.91698,4.91972,4.91653,4.91713,1526.0
2026-05-11 06:00:00,4.91697,4.92222,4.91644,4.9211,1770.0
2026-05-11 07:00:00,4.92126,4.92474,4.91905,4.92092,2964.0
2026-05-11 08:00:00,4.92111,4.9231,4.91869,4.92194,3856.0
2026-05-11 09:00:00,4.92194,4.92776,4.92132,4.9266,3992.0
2026-05-11 10:00:00,4.9266,4.92972,4.92434,4.92776,5572.0
2026-05-11 11:00:00,4.92784,4.93004,4.9263,4.92891,3504.0
2026-05-11 12:00:00,4.9289,4.92951,4.92301,4.9254,2614.0
2026-05-11 13:00:00,4.92533,4.9277,4.9236,4.92636,1707.0
2026-05-11 14:00:00,4.9263,4.92802,4.92422,4.92423,1540.0
2026-05-11 15:00:00,4.92422,4.92508,4.92312,4.92438,1081.0
2026-05-11 16:00:00,4.92438,4.92463,4.92158,4.9236,857.0
2026-05-11 17:00:00,4.92375,4.92525,4.9219,4.925,682.0
2026-05-11 18:00:00,4.9253,4.92594,4.92335,4.92366,737.0
2026-05-11 19:00:00,4.92371,4.92446,4.92069,4.92126,849.0
2026-05-11 20:00:00,4.92118,4.92118,4.91489,4.91589,2666.0
2026-05-11 21:00:00,4.91578,4.91782,4.90915,4.9135,4338.0
2026-05-11 22:00:00,4.91364,4.91495,4.91048,4.91388,3455.0
2026-05-11 23:00:00,4.91384,4.91454,4.91022,4.9105,2209.0
2026-05-12 00:00:00,4.91048,4.91492,4.91048,4.91266,2027.0
2026-05-12 01:00:00,4.91264,4.91357,4.90884,4.91068,2972.0
2026-05-12 02:00:00,4.91063,4.91171,4.89911,4.90024,3980.0
2026-05-12 03:00:00,4.9003,4.90701,4.89908,4.90434,4738.0
2026-05-12 04:00:00,4.90444,4.9082,4.90154,4.90502,3499.0
2026-05-12 05:00:00,4.90493,4.90923,4.90282,4.90632,2676.0
2026-05-12 06:00:00,4.90624,4.90966,4.90476,4.90821,1874.0
2026-05-12 07:00:00,4.90828,4.91147,4.9058,4.91012,3084.0
2026-05-12 08:00:00,4.9101,4.91134,4.90279,4.91018,4111.0
2026-05-12 09:00:00,4.91021,4.91056,4.90168,4.90362,5878.0
2026-05-12 10:00:00,4.90379,4.91267,4.90342,4.91254,6669.0
2026-05-12 11:00:00,4.91264,4.91374,4.90364,4.90767,5856.0
2026-05-12 12:00:00,4.90767,4.90944,4.90266,4.90338,3711.0
2026-05-12 13:00:00,4.90336,4.90864,4.90299,4.90852,2810.0
2026-05-12 14:00:00,4.90849,4.91509,4.90728,4.914,2910.0
2026-05-12 15:00:00,4.91404,4.91818,4.9133,4.91668,2117.0
2026-05-12 16:00:00,4.91662,4.9169,4.91532,4.91665,747.0
2026-05-12 17:00:00,4.9167,4.918,4.91493,4.9169,208.0
2026-05-12 18:00:00,4.91685,4.91848,4.91528,4.9154,566.0
2026-05-12 19:00:00,4.9153,4.91669,4.9138,4.91415,1372.0
2026-05-12 20:00:00,4.91407,4.91612,4.91204,4.91456,2980.0
2026-05-12 21:00:00,4.9145,4.92136,4.91136,4.92002,3486.0
2026-05-12 22:00:00,4.92,4.9212,4.91644,4.9172,2609.0
2026-05-12 23:00:00,4.91728,4.91728,4.91244,4.91427,2402.0
2026-05-13 00:00:00,4.91418,4.91474,4.9115,4.91327,1660.0
2026-05-13 01:00:00,4.91333,4.91668,4.91282,4.9166,2312.0
2026-05-13 02:00:00,4.91662,4.91811,4.912,4.91396,3150.0
2026-05-13 03:00:00,4.91394,4.9155,4.91127,4.91158,2862.0
2026-05-13 04:00:00,4.91145,4.91644,4.91084,4.91588,2708.0
2026-05-13 05:00:00,4.9159,4.91802,4.91231,4.91802,2985.0
2026-05-13 06:00:00,4.91796,4.92204,4.91648,4.92144,2321.0
2026-05-13 07:00:00,4.92139,4.92398,4.91915,4.92146,2157.0
2026-05-13 08:00:00,4.92138,4.92272,4.9129,4.91691,5351.0
2026-05-13 09:00:00,4.91703,4.92024,4.9148,4.91937,6742.0
2026-05-13 10:00:00,4.91941,4.92686,4.91846,4.9264,6365.0
2026-05-13 11:00:00,4.92648,4.9352,4.92441,4.92925,4921.0
2026-05-13 12:00:00,4.92927,4.93316,4.92745,4.92774,3278.0
2026-05-13 13:00:00,4.92766,4.92991,4.92508,4.92523,1751.0
2026-05-13 14:00:00,4.92518,4.92832,4.92195,4.92598,3144.0
2026-05-13 15:00:00,4.92586,4.92699,4.92303,4.92312,1970.0
2026-05-13 16:00:00,4.92308,4.92735,4.9216,4.9264,764.0
2026-05-13 17:00:00,4.9277,4.92828,4.92405,4.92555,1146.0
2026-05-13 18:00:00,4.9255,4.92749,4.92535,4.92671,447.0
2026-05-13 19:00:00,4.92662,4.92728,4.92115,4.92288,1153.0
2026-05-13 20:00:00,4.92272,4.9244,4.91896,4.92054,2933.0
2026-05-13 21:00:00,4.92061,4.92091,4.91522,4.91814,3189.0
2026-05-13 22:00:00,4.91821,4.92152,4.91702,4.92119,2506.0
2026-05-13 23:00:00,4.92122,4.92201,4.91784,4.92025,2187.0
2026-05-14 00:00:00,4.9202,4.92552,4.91988,4.92348,1977.0
2026-05-14 01:00:00,4.92355,4.92709,4.9213,4.92294,3112.0
2026-05-14 02:00:00,4.92294,4.9275,4.92202,4.92634,2743.0
2026-05-14 03:00:00,4.92626,4.9268,4.9145,4.91557,3211.0
2026-05-14 04:00:00,4.91554,4.92195,4.9153,4.9204,3610.0
2026-05-14 05:00:00,4.92042,4.92143,4.91432,4.9163,2658.0
2026-05-14 06:00:00,4.91628,4.91841,4.9108,4.91292,2757.0
2026-05-14 07:00:00,4.91286,4.91445,4.91046,4.91109,2239.0
2026-05-14 08:00:00,4.91099,4.91323,4.90796,4.90812,3207.0
2026-05-14 09:00:00,4.90803,4.90908,4.89842,4.8994,5590.0
2026-05-14 10:00:00,4.89912,4.90553,4.89878,4.90326,5602.0
2026-05-14 11:00:00,4.90296,4.90396,4.9008,4.90186,3199.0
2026-05-14 12:00:00,4.90192,4.90203,4.89686,4.90026,3726.0
2026-05-14 13:00:00,4.90024,4.90386,4.89973,4.90188,2918.0
2026-05-14 14:00:00,4.90172,4.90297,4.899,4.90245,2729.0
2026-05-14 15:00:00,4.90254,4.90336,4.89882,4.90038,2192.0
2026-05-14 16:00:00,4.9004,4.90114,4.8997,4.9008,798.0
2026-05-14 17:00:00,4.90108,4.90178,4.8986,4.90089,532.0
2026-05-14 18:00:00,4.90067,4.9022,4.89978,4.9018,605.0
2026-05-14 19:00:00,4.90181,4.9019,4.89682,4.89735,1482.0
2026-05-14 20:00:00,4.89741,4.90046,4.89311,4.89541,3422.0
2026-05-14 21:00:00,4.89532,4.89646,4.88556,4.88586,4836.0
2026-05-14 22:00:00,4.88594,4.8936,4.88454,4.88956,4918.0
2026-05-14 23:00:00,4.88949,4.8911,4.88662,4.88888,3625.0
2026-05-15 00:00:00,4.88878,4.88918,4.88198,4.88223,2417.0
2026-05-15 01:00:00,4.8822,4.88236,4.8696,4.871,4609.0
2026-05-15 02:00:00,4.8709,4.87767,4.8704,4.87401,5115.0
2026-05-15 03:00:00,4.87414,4.88252,4.87239,4.87745,3834.0
2026-05-15 04:00:00,4.87774,4.87848,4.87036,4.87206,4603.0
2026-05-15 05:00:00,4.87216,4.87218,4.8647,4.86811,4125.0
2026-05-15 06:00:00,4.86814,4.88506,4.86776,4.88081,4999.0
2026-05-15 07:00:00,4.88077,4.88181,4.86905,4.86989,3802.0
2026-05-15 08:00:00,4.86984,4.8715,4.86488,4.87086,4949.0
2026-05-15 09:00:00,4.87094,4.87496,4.86816,4.87072,7035.0
2026-05-15 10:00:00,4.87055,4.87965,4.86928,4.8735,6482.0
2026-05-15 11:00:00,4.87357,4.87518,4.87062,4.87267,5362.0
2026-05-15 12:00:00,4.87264,4.87804,4.87155,4.87702,3745.0
2026-05-15 13:00:00,4.87706,4.8805,4.87624,4.87798,2404.0
2026-05-15 14:00:00,4.87806,4.87884,4.87236,4.87512,3025.0
2026-05-15 15:00:00,4.87522,4.87538,4.87156,4.87276,1568.0
2026-05-15 16:00:00,4.87271,4.87274,4.86912,4.87087,1653.0
2026-05-17 17:00:00,4.87182,4.87424,4.87032,4.87184,892.0
2026-05-17 18:00:00,4.87217,4.87482,4.87072,4.87235,1550.0
2026-05-17 19:00:00,4.8725,4.87316,4.85936,4.86062,2339.0
2026-05-17 20:00:00,4.86072,4.86192,4.85356,4.85696,5352.0
2026-05-17 21:00:00,4.85689,4.86256,4.85413,4.86052,6003.0
2026-05-17 22:00:00,4.86046,4.86304,4.85698,4.85879,3718.0
2026-05-17 23:00:00,4.8588,4.86416,4.85861,4.86376,2838.0
2026-05-18 00:00:00,4.86368,4.86529,4.86044,4.86088,2747.0
2026-05-18 01:00:00,4.86097,4.86162,4.8571,4.86014,4403.0
2026-05-18 02:00:00,4.86008,4.86746,4.8585,4.86736,3888.0
2026-05-18 03:00:00,4.86738,4.87151,4.8632,4.86693,3848.0
2026-05-18 04:00:00,4.86694,4.8718,4.86368,4.86689,3872.0
2026-05-18 05:00:00,4.86682,4.87048,4.86502,4.86754,2451.0
2026-05-18 06:00:00,4.86764,4.86858,4.86411,4.86452,2088.0
2026-05-18 07:00:00,4.8645,4.87374,4.8638,4.8694,5461.0
2026-05-18 08:00:00,4.86952,4.88356,4.86864,4.88042,5758.0
2026-05-18 09:00:00,4.88031,4.88252,4.87485,4.87815,5654.0
2026-05-18 10:00:00,4.87812,4.87856,4.86891,4.86986,6021.0
2026-05-18 11:00:00,4.87009,4.87072,4.86372,4.8694,6056.0
2026-05-18 12:00:00,4.86938,4.87313,4.86609,4.87128,4312.0
2026-05-18 13:00:00,4.87122,4.87321,4.86973,4.87164,3590.0
2026-05-18 14:00:00,4.8718,4.872,4.86355,4.86395,3521.0
2026-05-18 15:00:00,4.86402,4.87776,4.86327,4.87412,6071.0
2026-05-18 16:00:00,4.87418,4.8757,4.873,4.87415,1017.0
2026-05-18 17:00:00,4.87224,4.87634,4.87099,4.8748,599.0
2026-05-18 18:00:00,4.87505,4.87732,4.87495,4.87644,730.0
2026-05-18 19:00:00,4.87642,4.87868,4.87505,4.8752,1265.0
2026-05-18 20:00:00,4.8753,4.87646,4.86415,4.86457,4829.0
2026-05-18 21:00:00,4.8645,4.86467,4.85574,4.85732,5065.0
2026-05-18 22:00:00,4.85722,4.85836,4.85296,4.85766,4438.0
2026-05-18 23:00:00,4.85758,4.8607,4.8557,4.856,3182.0
2026-05-19 00:00:00,4.85624,4.85698,4.84985,4.85093,3493.0
2026-05-19 01:00:00,4.85092,4.85334,4.84758,4.85084,4056.0
2026-05-19 02:00:00,4.851,4.85496,4.84978,4.85418,3889.0
2026-05-19 03:00:00,4.85404,4.85679,4.84914,4.84922,3158.0
2026-05-19 04:00:00,4.84944,4.84955,4.84238,4.84445,3560.0
2026-05-19 05:00:00,4.84437,4.84501,4.84038,4.84501,3404.0
2026-05-19 06:00:00,4.8449,4.84744,4.84082,4.84506,3093.0
2026-05-19 07:00:00,4.84512,4.84872,4.84392,4.84623,4351.0
2026-05-19 08:00:00,4.84607,4.84934,4.84426,4.8445,4382.0
2026-05-19 09:00:00,4.84429,4.84606,4.83866,4.8438,7003.0
2026-05-19 10:00:00,4.84375,4.84511,4.82766,4.83162,8109.0
2026-05-19 11:00:00,4.83158,4.84126,4.83008,4.84033,5476.0
2026-05-19 12:00:00,4.84032,4.84794,4.83815,4.84698,4059.0
2026-05-19 13:00:00,4.84706,4.85016,4.84651,4.8479,2606.0
2026-05-19 14:00:00,4.84799,4.8491,4.84414,4.84434,2801.0
2026-05-19 15:00:00,4.84431,4.84708,4.84384,4.84564,2304.0
2026-05-19 16:00:00,4.84569,4.84607,4.84382,4.8449,761.0
2026-05-19 17:00:00,4.84568,4.84611,4.8443,4.8457,180.0
2026-05-19 18:00:00,4.8459,4.84592,4.84324,4.84492,697.0
2026-05-19 19:00:00,4.84484,4.84832,4.84284,4.84284,1156.0
2026-05-19 20:00:00,4.8428,4.8428,4.83426,4.83444,4398.0
2026-05-19 21:00:00,4.83434,4.84112,4.83086,4.83988,5608.0
2026-05-19 22:00:00,4.83992,4.84124,4.83182,4.8352,4506.0
2026-05-19 23:00:00,4.83518,4.84144,4.83429,4.83972,2956.0
2026-05-20 00:00:00,4.83978,4.84304,4.83689,4.83832,2978.0
2026-05-20 01:00:00,4.83824,4.84142,4.83674,4.83974,3804.0
2026-05-20 02:00:00,4.8397,4.84411,4.83798,4.8398,3968.0
2026-05-20 03:00:00,4.83987,4.84231,4.83782,4.83865,2776.0
2026-05-20 04:00:00,4.83871,4.84364,4.83741,4.84027,3506.0
2026-05-20 05:00:00,4.8402,4.84278,4.83846,4.84214,1859.0
2026-05-20 06:00:00,4.84212,4.84979,4.84168,4.8491,1551.0
2026-05-20 07:00:00,4.84892,4.8552,4.84754,4.85222,2564.0
2026-05-20 08:00:00,4.85224,4.85456,4.84918,4.84992,3090.0
2026-05-20 09:00:00,4.84997,4.85293,4.84731,4.84852,4634.0
2026-05-20 10:00:00,4.84854,4.86613,4.84428,4.86516,8968.0
2026-05-20 11:00:00,4.8652,4.87763,4.86134,4.86478,9874.0
2026-05-20 12:00:00,4.86477,4.87006,4.86328,4.86584,4459.0
2026-05-20 13:00:00,4.86592,4.86748,4.86428,4.86451,3320.0
2026-05-20 14:00:00,4.86457,4.86987,4.86286,4.86772,2657.0
2026-05-20 15:00:00,4.86774,4.87051,4.86748,4.8689,1696.0
2026-05-20 16:00:00,4.86894,4.86894,4.86522,4.8654,1413.0
2026-05-20 17:00:00,4.86218,4.86683,4.86207,4.86591,997.0
2026-05-20 18:00:00,4.86587,4.86597,4.86235,4.86394,1111.0
2026-05-20 19:00:00,4.86392,4.86394,4.86188,4.8624,1397.0
2026-05-20 20:00:00,4.86243,4.86267,4.859,4.86086,3184.0
2026-05-20 21:00:00,4.86094,4.86476,4.83552,4.84028,5701.0
2026-05-20 22:00:00,4.84063,4.84356,4.83036,4.8364,5077.0
2026-05-20 23:00:00,4.83636,4.8443,4.83613,4.84368,3047.0
2026-05-21 00:00:00,4.84352,4.85038,4.84346,4.84849,2341.0
2026-05-21 01:00:00,4.84866,4.85007,4.84314,4.8491,3577.0
2026-05-21 02:00:00,4.84904,4.85122,4.83941,4.84172,4014.0
2026-05-21 03:00:00,4.84186,4.84584,4.83806,4.8439,5651.0
2026-05-21 04:00:00,4.84382,4.85378,4.84238,4.84994,5148.0
2026-05-21 05:00:00,4.84986,4.8562,4.84954,4.85244,3329.0
2026-05-21 06:00:00,4.85232,4.8551,4.84413,4.84854,4946.0
2026-05-21 07:00:00,4.84842,4.85572,4.84794,4.84884,3320.0
2026-05-21 08:00:00,4.8489,4.85384,4.84806,4.84887,5167.0
2026-05-21 09:00:00,4.84882,4.85407,4.84422,4.85244,7133.0
2026-05-21 10:00:00,4.8525,4.85621,4.8472,4.855,6253.0
2026-05-21 11:00:00,4.85505,4.85528,4.84784,4.85394,5375.0
2026-05-21 12:00:00,4.85404,4.85747,4.85391,4.85595,4363.0
2026-05-21 13:00:00,4.8559,4.87218,4.85481,4.8689,6849.0
2026-05-21 14:00:00,4.86898,4.87114,4.8592,4.86096,5106.0
2026-05-21 15:00:00,4.86083,4.86647,4.85967,4.86456,3358.0
2026-05-21 16:00:00,4.8646,4.86536,4.86125,4.8614,1017.0
2026-05-21 17:00:00,4.86379,4.86436,4.86015,4.86145,861.0
2026-05-21 18:00:00,4.86125,4.8638,4.86114,4.86222,864.0
2026-05-21 19:00:00,4.86228,4.86261,4.85852,4.8593,1410.0
2026-05-21 20:00:00,4.85928,4.85928,4.85475,4.8552,3098.0
2026-05-21 21:00:00,4.8551,4.85897,4.85132,4.85546,3244.0
2026-05-21 22:00:00,4.85533,4.85899,4.85494,4.85666,2829.0
2026-05-21 23:00:00,4.85647,4.85672,4.853,4.85559,2154.0
2026-05-22 00:00:00,4.85559,4.85701,4.8547,4.8562,1419.0
2026-05-22 01:00:00,4.85614,4.85987,4.85384,4.85446,2679.0
2026-05-22 02:00:00,4.85422,4.85661,4.8489,4.8523,3633.0
2026-05-22 03:00:00,4.85231,4.85231,4.84554,4.84922,2885.0
2026-05-22 04:00:00,4.84927,4.85553,4.8475,4.8491,3502.0
2026-05-22 05:00:00,4.84898,4.84952,4.84321,4.84598,2199.0
2026-05-22 06:00:00,4.84594,4.8483,4.84251,4.84322,1897.0
2026-05-22 07:00:00,4.84338,4.84376,4.83978,4.84018,2413.0
2026-05-22 08:00:00,4.84023,4.84678,4.83901,4.84521,4355.0
2026-05-22 09:00:00,4.84512,4.85202,4.84214,4.84556,5295.0
2026-05-22 10:00:00,4.84544,4.84575,4.83782,4.8442,5450.0
2026-05-22 11:00:00,4.8442,4.84772,4.84278,4.8465,3919.0
2026-05-22 12:00:00,4.84649,4.84984,4.84537,4.849,1885.0
2026-05-22 13:00:00,4.8491,4.85298,4.84821,4.85098,2528.0
2026-05-22 14:00:00,4.8509,4.85279,4.84918,4.85095,1611.0
2026-05-22 15:00:00,4.85084,4.8515,4.84701,4.84761,1751.0
2026-05-22 16:00:00,4.84764,4.84777,4.84412,4.84534,1644.0
2026-05-24 17:00:00,4.8597,4.86235,4.8593,4.8599,243.0
2026-05-24 18:00:00,4.86,4.8634,4.85835,4.86008,1964.0
2026-05-24 19:00:00,4.86013,4.86255,4.85908,4.85934,1351.0
2026-05-24 20:00:00,4.8592,4.86331,4.8581,4.85936,2545.0
2026-05-24 21:00:00,4.85932,4.8655,4.85902,4.86268,2978.0
2026-05-24 22:00:00,4.86264,4.8638,4.85864,4.85938,1817.0
2026-05-24 23:00:00,4.85936,4.8604,4.85641,4.85708,1877.0
2026-05-25 00:00:00,4.85704,4.86256,4.85678,4.86154,1481.0
2026-05-25 01:00:00,4.8614,4.86334,4.85952,4.86045,1688.0
2026-05-25 02:00:00,4.8604,4.86206,4.85918,4.8597,1676.0
2026-05-25 03:00:00,4.85971,4.85985,4.85214,4.85828,2706.0
2026-05-25 04:00:00,4.85834,4.86268,4.8572,4.86209,1513.0
2026-05-25 05:00:00,4.86216,4.86433,4.86164,4.86274,658.0
2026-05-25 06:00:00,4.86278,4.86454,4.86215,4.86256,676.0
2026-05-25 07:00:00,4.86272,4.86765,4.86166,4.86456,1053.0
2026-05-25 08:00:00,4.86466,4.86709,4.86396,4.86523,1510.0
2026-05-25 09:00:00,4.86504,4.8667,4.86374,4.86484,1173.0
2026-05-25 10:00:00,4.86496,4.87056,4.86473,4.87009,946.0
2026-05-25 11:00:00,4.87002,4.87172,4.8652,4.86555,1467.0
2026-05-25 12:00:00,4.86557,4.86608,4.86376,4.86584,586.0
2026-05-25 13:00:00,4.86575,4.86812,4.86548,4.86759,250.0
2026-05-25 14:00:00,4.86766,4.8678,4.86668,4.86744,127.0
2026-05-25 15:00:00,4.86739,4.86835,4.86726,4.8679,156.0
2026-05-25 16:00:00,4.86814,4.86854,4.86666,4.86815,302.0
2026-05-25 17:00:00,4.86559,4.867,4.86418,4.86515,614.0
2026-05-25 18:00:00,4.86505,4.8674,4.86505,4.86686,563.0
2026-05-25 19:00:00,4.86682,4.86821,4.86372,4.86396,2216.0
2026-05-25 20:00:00,4.86399,4.86578,4.86154,4.86488,3446.0
2026-05-25 21:00:00,4.86492,4.86564,4.8616,4.86262,3921.0
2026-05-25 22:00:00,4.86258,4.8641,4.86136,4.86344,2900.0
2026-05-25 23:00:00,4.86352,4.8675,4.86329,4.86644,2014.0
2026-05-26 00:00:00,4.86639,4.86683,4.86124,4.86124,1604.0
2026-05-26 01:00:00,4.86124,4.8615,4.85825,4.85994,2493.0
2026-05-26 02:00:00,4.85999,4.86552,4.85929,4.86168,2647.0
2026-05-26 03:00:00,4.8619,4.86245,4.85608,4.8617,3614.0
2026-05-26 04:00:00,4.86186,4.86434,4.85994,4.8616,2740.0
2026-05-26 05:00:00,4.86168,4.86248,4.85895,4.86178,2164.0
2026-05-26 06:00:00,4.8617,4.86264,4.85894,4.86045,3079.0
2026-05-26 07:00:00,4.8605,4.863,4.85904,4.8612,3371.0
2026-05-26 08:00:00,4.86118,4.86394,4.86004,4.86356,2038.0
2026-05-26 09:00:00,4.8634,4.86895,4.8611,4.86464,4192.0
2026-05-26 10:00:00,4.8651,4.86782,4.86237,4.86429,5057.0
2026-05-26 11:00:00,4.86434,4.86442,4.85892,4.85984,4433.0
2026-05-26 12:00:00,4.85986,4.86333,4.85962,4.86112,2293.0
2026-05-26 13:00:00,4.86096,4.86212,4.85996,4.86072,1783.0
2026-05-26 14:00:00,4.86076,4.8649,4.8604,4.86416,1901.0
2026-05-26 15:00:00,4.8642,4.86539,4.86302,4.86444,940.0
2026-05-26 16:00:00,4.86433,4.865,4.8623,4.8629,437.0
2026-05-26 17:00:00,4.86553,4.86637,4.86336,4.86427,1080.0
2026-05-26 18:00:00,4.86435,4.86565,4.86311,4.86372,566.0
2026-05-26 19:00:00,4.86374,4.86728,4.86354,4.8647,761.0
2026-05-26 20:00:00,4.86476,4.86743,4.86244,4.86541,2388.0
2026-05-26 21:00:00,4.86518,4.86723,4.85236,4.8547,3567.0
2026-05-26 22:00:00,4.85492,4.86028,4.85325,4.85741,4028.0
2026-05-26 23:00:00,4.85756,4.86023,4.85372,4.8552,2155.0
2026-05-27 00:00:00,4.85511,4.85757,4.85378,4.85546,1884.0
2026-05-27 01:00:00,4.85545,4.85648,4.85113,4.85122,2399.0
2026-05-27 02:00:00,4.85122,4.85272,4.8462,4.84684,3022.0
2026-05-27 03:00:00,4.8468,4.84854,4.84088,4.84088,2891.0
2026-05-27 04:00:00,4.8408,4.84313,4.83869,4.84232,3486.0
2026-05-27 05:00:00,4.84238,4.84541,4.84082,4.84318,2328.0
2026-05-27 06:00:00,4.84311,4.84496,4.83704,4.83836,2538.0
2026-05-27 07:00:00,4.83844,4.8399,4.83566,4.83794,3644.0
2026-05-27 08:00:00,4.838,4.8475,4.83292,4.8381,8255.0
2026-05-27 09:00:00,4.83784,4.84087,4.83499,4.8386,6664.0
2026-05-27 10:00:00,4.83872,4.84001,4.82963,4.8311,8503.0
2026-05-27 11:00:00,4.83094,4.83906,4.83043,4.83677,5860.0
2026-05-27 12:00:00,4.83673,4.84005,4.83492,4.83952,3276.0
2026-05-27 13:00:00,4.83943,4.83975,4.83562,4.838,2411.0
2026-05-27 14:00:00,4.83792,4.84041,4.83684,4.83987,1950.0
2026-05-27 15:00:00,4.83994,4.84192,4.83938,4.84103,1361.0
2026-05-27 16:00:00,4.841,4.84219,4.84036,4.8411,734.0
2026-05-27 17:00:00,4.84135,4.84223,4.83753,4.83923,1742.0
2026-05-27 18:00:00,4.83846,4.8412,4.838,4.84056,725.0
2026-05-27 19:00:00,4.84058,4.84174,4.83545,4.83552,1818.0
2026-05-27 20:00:00,4.83533,4.83676,4.83228,4.83422,3163.0
2026-05-27 21:00:00,4.83414,4.83534,4.82596,4.82694,4279.0
2026-05-27 22:00:00,4.82702,4.83224,4.82699,4.83182,3243.0
2026-05-27 23:00:00,4.83188,4.83428,4.81876,4.82007,4618.0
2026-05-28 00:00:00,4.81998,4.82138,4.81773,4.8208,3903.0
2026-05-28 01:00:00,4.82093,4.83037,4.81938,4.82747,4037.0
2026-05-28 02:00:00,4.8275,4.8331,4.8269,4.8288,3550.0
2026-05-28 03:00:00,4.82884,4.8342,4.82758,4.8292,3941.0
2026-05-28 04:00:00,4.82944,4.8302,4.82397,4.82638,3534.0
2026-05-28 05:00:00,4.82636,4.83043,4.82573,4.82812,2577.0
2026-05-28 06:00:00,4.82802,4.82986,4.82072,4.8231,3007.0
2026-05-28 07:00:00,4.82296,4.82742,4.82289,4.8269,3346.0
2026-05-28 08:00:00,4.82695,4.83512,4.82666,4.83424,4296.0
2026-05-28 09:00:00,4.83438,4.83674,4.83028,4.83127,5243.0
2026-05-28 10:00:00,4.83122,4.84692,4.83016,4.84214,11270.0
2026-05-28 11:00:00,4.84224,4.85115,4.84202,4.84857,4957.0
2026-05-28 12:00:00,4.84866,4.85486,4.84742,4.85429,3412.0
2026-05-28 13:00:00,4.85432,4.85467,4.85213,4.8527,2396.0
2026-05-28 14:00:00,4.85264,4.85396,4.85022,4.85156,2155.0
2026-05-28 15:00:00,4.85146,4.85386,4.85074,4.85096,1704.0
2026-05-28 16:00:00,4.85095,4.85218,4.85043,4.85165,1400.0
2026-05-28 17:00:00,4.85231,4.8524,4.84977,4.85225,2437.0
2026-05-28 18:00:00,4.85252,4.85384,4.85109,4.85128,731.0
2026-05-28 19:00:00,4.85136,4.85294,4.8505,4.85168,1649.0
2026-05-28 20:00:00,4.85168,4.85436,4.84952,4.8503,2788.0
2026-05-28 21:00:00,4.85038,4.85245,4.84726,4.8476,4584.0
2026-05-28 22:00:00,4.84768,4.84814,4.84409,4.8448,2976.0
2026-05-28 23:00:00,4.84493,4.8451,4.84265,4.84337,2381.0
2026-05-29 00:00:00,4.84351,4.84895,4.84343,4.84861,1930.0
2026-05-29 01:00:00,4.84869,4.85162,4.84813,4.84844,2283.0
2026-05-29 02:00:00,4.84836,4.85113,4.84442,4.84714,3394.0
2026-05-29 03:00:00,4.84706,4.84972,4.84266,4.8461,3476.0
2026-05-29 04:00:00,4.84585,4.84614,4.83934,4.84159,3403.0
2026-05-29 05:00:00,4.84164,4.84362,4.83936,4.8422,3078.0
2026-05-29 06:00:00,4.84229,4.84364,4.84068,4.84312,2232.0
2026-05-29 07:00:00,4.84302,4.8504,4.84291,4.85028,3050.0
2026-05-29 08:00:00,4.85018,4.85486,4.84888,4.85486,4263.0
2026-05-29 09:00:00,4.85504,4.86277,4.8545,4.86102,4710.0
2026-05-29 10:00:00,4.86104,4.86697,4.85367,4.86464,8474.0
2026-05-29 11:00:00,4.86472,4.86823,4.86152,4.86177,8001.0
2026-05-29 12:00:00,4.86181,4.86356,4.86026,4.86215,3931.0
2026-05-29 13:00:00,4.86224,4.8628,4.85925,4.85939,2309.0
2026-05-29 14:00:00,4.85932,4.86196,4.85864,4.85938,2532.0
2026-05-29 15:00:00,4.85924,4.86328,4.85903,4.86224,2533.0
2026-05-29 16:00:00,4.86238,4.86268,4.85835,4.86038,2978.0
2026-05-31 17:00:00,4.84968,4.85814,4.84942,4.85447,528.0
2026-05-31 18:00:00,4.85455,4.85757,4.85202,4.85616,1666.0
2026-05-31 19:00:00,4.85616,4.85938,4.85554,4.8566,2232.0
2026-05-31 20:00:00,4.85655,4.86035,4.85558,4.85931,3855.0
2026-05-31 21:00:00,4.85924,4.86312,4.8587,4.86194,3044.0
2026-05-31 22:00:00,4.86198,4.86385,4.86066,4.86164,2450.0
2026-05-31 23:00:00,4.86167,4.86262,4.85638,4.85918,2367.0
2026-06-01 00:00:00,4.8592,4.86268,4.8592,4.86224,1269.0
2026-06-01 01:00:00,4.86214,4.86377,4.86131,4.86197,2235.0
2026-06-01 02:00:00,4.86207,4.86393,4.85606,4.85918,3007.0
2026-06-01 03:00:00,4.8591,4.86116,4.85558,4.85711,3366.0
2026-06-01 04:00:00,4.85718,4.85994,4.85656,4.85994,2496.0
2026-06-01 05:00:00,4.8599,4.86072,4.8546,4.85564,3260.0
2026-06-01 06:00:00,4.85557,4.85584,4.85243,4.8537,1908.0
2026-06-01 07:00:00,4.85368,4.85446,4.85099,4.85178,2070.0
2026-06-01 08:00:00,4.85186,4.85294,4.84802,4.84912,3609.0
2026-06-01 09:00:00,4.8491,4.84941,4.83156,4.83246,10179.0
2026-06-01 10:00:00,4.83147,4.83594,4.83004,4.83382,7053.0
2026-06-01 11:00:00,4.83386,4.84447,4.83375,4.83975,5888.0
2026-06-01 12:00:00,4.83987,4.84506,4.83742,4.84397,3492.0
2026-06-01 13:00:00,4.84406,4.85082,4.84252,4.84798,4315.0
2026-06-01 14:00:00,4.84788,4.84816,4.84502,4.84522,1835.0
2026-06-01 15:00:00,4.84522,4.8462,4.84374,4.84496,1722.0
2026-06-01 16:00:00,4.84494,4.84583,4.84356,4.8443,1611.0
2026-06-01 17:00:00,4.84736,4.84767,4.84409,4.84754,1846.0
2026-06-01 18:00:00,4.84827,4.84858,4.84293,4.84424,979.0
2026-06-01 19:00:00,4.84416,4.84622,4.84348,4.84588,1213.0
2026-06-01 20:00:00,4.84591,4.84652,4.84104,4.84212,4011.0
2026-06-01 21:00:00,4.84206,4.84688,4.83839,4.8386,5469.0
2026-06-01 22:00:00,4.83864,4.84172,4.83756,4.83941,3395.0
2026-06-01 23:00:00,4.83944,4.8403,4.8374,4.84016,3148.0
2026-06-02 00:00:00,4.8401,4.8412,4.8386,4.84084,2384.0
2026-06-02 01:00:00,4.8409,4.84379,4.84028,4.84106,3063.0
2026-06-02 02:00:00,4.84116,4.85206,4.84112,4.85126,4071.0
2026-06-02 03:00:00,4.85136,4.85634,4.85086,4.85528,3788.0
2026-06-02 04:00:00,4.85545,4.8589,4.85348,4.85456,2772.0
2026-06-02 05:00:00,4.85458,4.8575,4.85291,4.85724,2786.0
2026-06-02 06:00:00,4.85728,4.85784,4.85476,4.85675,1849.0
2026-06-02 07:00:00,4.85677,4.85767,4.85498,4.85519,2387.0
2026-06-02 08:00:00,4.85514,4.85574,4.85184,4.85254,3055.0
2026-06-02 09:00:00,4.85262,4.85429,4.8509,4.85234,5235.0
2026-06-02 10:00:00,4.85226,4.85854,4.8495,4.8584,4456.0
2026-06-02 11:00:00,4.85836,4.8603,4.85612,4.8587,3653.0
2026-06-02 12:00:00,4.85875,4.86016,4.85448,4.85582,2234.0
2026-06-02 13:00:00,4.85574,4.85669,4.85191,4.85234,1294.0
2026-06-02 14:00:00,4.85252,4.85622,4.8512,4.8559,1372.0
2026-06-02 15:00:00,4.85585,4.85791,4.85585,4.85774,980.0
2026-06-02 16:00:00,4.85774,4.85822,4.8551,4.8553,887.0
2026-06-02 17:00:00,4.8558,4.85665,4.8542,4.85575,197.0
2026-06-02 18:00:00,4.8559,4.85655,4.85364,4.85383,946.0
2026-06-02 19:00:00,4.85382,4.85448,4.8512,4.85219,2727.0
2026-06-02 20:00:00,4.85218,4.85758,4.85167,4.8571,2741.0
2026-06-02 21:00:00,4.85716,4.85863,4.85231,4.85578,4155.0
2026-06-02 22:00:00,4.85583,4.85851,4.85214,4.8549,2745.0
2026-06-02 23:00:00,4.85492,4.85604,4.8522,4.85387,2384.0
2026-06-03 00:00:00,4.85388,4.85486,4.85052,4.85159,1488.0
2026-06-03 01:00:00,4.85168,4.85314,4.84751,4.8484,2626.0
2026-06-03 02:00:00,4.84836,4.85022,4.84409,4.84825,4540.0
2026-06-03 03:00:00,4.84834,4.85468,4.8472,4.85304,3975.0
2026-06-03 04:00:00,4.85312,4.85412,4.84971,4.85119,3369.0
2026-06-03 05:00:00,4.85128,4.85522,4.85006,4.85073,2290.0
2026-06-03 06:00:00,4.8507,4.85844,4.85014,4.85432,4012.0
2026-06-03 07:00:00,4.85428,4.8559,4.85187,4.85216,2128.0
2026-06-03 08:00:00,4.85203,4.85232,4.84425,4.84594,3644.0
2026-06-03 09:00:00,4.84587,4.84628,4.83588,4.83822,5269.0
2026-06-03 10:00:00,4.83816,4.84429,4.83746,4.84316,6505.0
2026-06-03 11:00:00,4.84308,4.84332,4.83781,4.83924,4176.0
2026-06-03 12:00:00,4.83922,4.83927,4.83514,4.8382,3175.0
2026-06-03 13:00:00,4.83836,4.83982,4.8349,4.83613,2016.0
2026-06-03 14:00:00,4.83612,4.8368,4.83493,4.83524,1355.0
2026-06-03 15:00:00,4.83518,4.83574,4.83391,4.83465,1462.0
2026-06-03 16:00:00,4.83467,4.8351,4.8322,4.8328,1358.0
2026-06-03 17:00:00,4.83489,4.83578,4.83211,4.83383,1072.0
2026-06-03 18:00:00,4.83339,4.83921,4.83174,4.8367,1897.0
2026-06-03 19:00:00,4.83677,4.83752,4.8305,4.83472,2201.0
2026-06-03 20:00:00,4.83468,4.83526,4.83077,4.83188,4404.0
2026-06-03 21:00:00,4.83172,4.83568,4.82827,4.83182,3146.0
2026-06-03 22:00:00,4.8319,4.83213,4.82632,4.82934,3035.0
2026-06-03 23:00:00,4.82915,4.83116,4.82758,4.83116,1812.0
2026-06-04 00:00:00,4.83128,4.83324,4.82968,4.83116,1440.0
2026-06-04 01:00:00,4.8311,4.83192,4.82798,4.8314,2037.0
2026-06-04 02:00:00,4.83142,4.83544,4.83072,4.83362,3708.0
2026-06-04 03:00:00,4.83374,4.83502,4.83048,4.83238,4144.0
2026-06-04 04:00:00,4.83248,4.83424,4.8309,4.83278,3859.0
2026-06-04 05:00:00,4.83278,4.83528,4.8312,4.83261,2980.0
2026-06-04 06:00:00,4.8325,4.83594,4.83184,4.83316,2734.0
2026-06-04 07:00:00,4.83334,4.84017,4.83318,4.83854,4379.0
2026-06-04 08:00:00,4.8386,4.83968,4.83408,4.83657,3998.0
2026-06-04 09:00:00,4.83646,4.84017,4.8355,4.83849,4478.0
2026-06-04 10:00:00,4.83856,4.83943,4.83372,4.83724,4576.0
2026-06-04 11:00:00,4.83718,4.83845,4.83448,4.83772,2832.0
2026-06-04 12:00:00,4.83768,4.83854,4.83663,4.83692,1656.0
2026-06-04 13:00:00,4.83684,4.83843,4.83624,4.83729,1239.0
2026-06-04 14:00:00,4.83732,4.83828,4.83504,4.8356,1168.0
2026-06-04 15:00:00,4.83568,4.83636,4.83424,4.8358,1116.0
2026-06-04 16:00:00,4.83576,4.83592,4.83335,4.8336,1457.0
2026-06-04 17:00:00,4.83541,4.83769,4.833,4.83396,918.0
2026-06-04 18:00:00,4.83381,4.83435,4.8323,4.8333,503.0
2026-06-04 19:00:00,4.83335,4.8351,4.8311,4.8319,1412.0
2026-06-04 20:00:00,4.83195,4.83195,4.82732,4.82794,2632.0
2026-06-04 21:00:00,4.828,4.82838,4.81718,4.8242,4023.0
2026-06-04 22:00:00,4.82428,4.8298,4.82266,4.82888,2700.0
2026-06-04 23:00:00,4.82896,4.83023,4.82506,4.82574,1817.0
2026-06-05 00:00:00,4.82567,4.83021,4.82545,4.82868,1702.0
2026-06-05 01:00:00,4.82876,4.82914,4.82284,4.82354,2015.0
2026-06-05 02:00:00,4.82352,4.82788,4.8209,4.82712,2659.0
2026-06-05 03:00:00,4.82701,4.83223,4.82657,4.829,3479.0
2026-06-05 04:00:00,4.82894,4.83253,4.8281,4.82811,3018.0
2026-06-05 05:00:00,4.82812,4.83166,4.82775,4.82924,3149.0
2026-06-05 06:00:00,4.82922,4.83306,4.82878,4.83217,2165.0
2026-06-05 07:00:00,4.83209,4.83427,4.83021,4.83234,2638.0
2026-06-05 08:00:00,4.83252,4.83272,4.81312,4.81351,6329.0
2026-06-05 09:00:00,4.81338,4.81753,4.8016,4.80167,8820.0
2026-06-05 10:00:00,4.8015,4.80408,4.7939,4.8031,8314.0
2026-06-05 11:00:00,4.80305,4.80356,4.79153,4.79174,5363.0
2026-06-05 12:00:00,4.79178,4.79346,4.78609,4.79338,3793.0
2026-06-05 13:00:00,4.79357,4.79363,4.78772,4.79006,3366.0
2026-06-05 14:00:00,4.79014,4.79035,4.78293,4.78345,4544.0
2026-06-05 15:00:00,4.78336,4.78575,4.78052,4.78422,3523.0
2026-06-05 16:00:00,4.7842,4.7844,4.77945,4.78397,4266.0
2026-06-07 17:00:00,4.77264,4.77565,4.77072,4.77438,952.0
2026-06-07 18:00:00,4.77394,4.78072,4.77312,4.77562,3543.0
2026-06-07 19:00:00,4.77566,4.78218,4.77566,4.78172,2991.0
2026-06-07 20:00:00,4.78144,4.7898,4.78077,4.78944,4451.0
2026-06-07 21:00:00,4.78953,4.79148,4.7781,4.78436,10155.0
2026-06-07 22:00:00,4.78443,4.78618,4.77954,4.78507,7039.0
2026-06-07 23:00:00,4.78521,4.78612,4.7808,4.78397,3567.0
2026-06-08 00:00:00,4.784,4.78644,4.78034,4.78092,3452.0
2026-06-08 01:00:00,4.78098,4.78608,4.77521,4.77651,6902.0
2026-06-08 02:00:00,4.7765,4.78298,4.77616,4.78138,5165.0
2026-06-08 03:00:00,4.78157,4.7912,4.78096,4.78273,6231.0
2026-06-08 04:00:00,4.78269,4.78714,4.78056,4.78344,6224.0
2026-06-08 05:00:00,4.78336,4.7861,4.77799,4.786,5262.0
2026-06-08 06:00:00,4.78602,4.79294,4.78476,4.78996,4765.0
2026-06-08 07:00:00,4.78992,4.80143,4.78911,4.79528,5840.0
2026-06-08 08:00:00,4.79534,4.79924,4.79258,4.79468,5823.0
2026-06-08 09:00:00,4.7946,4.79698,4.78654,4.78716,8734.0
2026-06-08 10:00:00,4.78708,4.78998,4.7805,4.78818,8928.0
2026-06-08 11:00:00,4.78818,4.79046,4.78298,4.78528,7617.0
2026-06-08 12:00:00,4.78522,4.7867,4.78327,4.7833,4990.0
2026-06-08 13:00:00,4.78327,4.78356,4.77974,4.78212,5298.0
2026-06-08 14:00:00,4.7821,4.78517,4.77918,4.77993,3652.0
2026-06-08 15:00:00,4.77983,4.78094,4.77786,4.77992,3092.0
2026-06-08 16:00:00,4.77987,4.78098,4.77918,4.78005,1222.0
2026-06-08 17:00:00,4.77786,4.78087,4.77786,4.7808,109.0
2026-06-08 18:00:00,4.78075,4.7813,4.77722,4.77952,1129.0
2026-06-08 19:00:00,4.77948,4.77965,4.77534,4.77646,2023.0
2026-06-08 20:00:00,4.77633,4.77776,4.77218,4.77766,5766.0
2026-06-08 21:00:00,4.77773,4.78476,4.77705,4.78466,5737.0
2026-06-08 22:00:00,4.78473,4.78564,4.7783,4.77895,4554.0
2026-06-08 23:00:00,4.77904,4.78,4.77442,4.77678,4428.0
2026-06-09 00:00:00,4.77686,4.7832,4.77514,4.78154,2769.0
2026-06-09 01:00:00,4.78162,4.78294,4.77932,4.78055,4987.0
2026-06-09 02:00:00,4.78048,4.78812,4.77921,4.7803,4828.0
2026-06-09 03:00:00,4.78028,4.78188,4.77437,4.77582,5247.0
2026-06-09 04:00:00,4.7758,4.77822,4.77181,4.774,5648.0
2026-06-09 05:00:00,4.77407,4.77734,4.7734,4.7748,2871.0
2026-06-09 06:00:00,4.77462,4.78007,4.77334,4.77878,3216.0
2026-06-09 07:00:00,4.77879,4.7821,4.77828,4.78174,2812.0
2026-06-09 08:00:00,4.78166,4.78302,4.7799,4.78105,2581.0
2026-06-09 09:00:00,4.78128,4.78234,4.77144,4.7738,7165.0
2026-06-09 10:00:00,4.7739,4.7783,4.7636,4.76956,12563.0
2026-06-09 11:00:00,4.76958,4.77244,4.75832,4.7613,13210.0
2026-06-09 12:00:00,4.76128,4.76349,4.74922,4.75584,13621.0
2026-06-09 13:00:00,4.75592,4.76534,4.7554,4.76366,10777.0
2026-06-09 14:00:00,4.76374,4.76776,4.76281,4.76642,6906.0
2026-06-09 15:00:00,4.76634,4.76662,4.7609,4.76384,5197.0
2026-06-09 16:00:00,4.7639,4.76496,4.76286,4.76385,1730.0
2026-06-09 17:00:00,4.76574,4.76609,4.75783,4.76168,871.0
2026-06-09 18:00:00,4.76182,4.7623,4.75703,4.75774,1151.0
2026-06-09 19:00:00,4.75776,4.76098,4.75562,4.76078,2661.0
2026-06-09 20:00:00,4.76053,4.76592,4.75601,4.76289,6702.0
2026-06-09 21:00:00,4.76297,4.764,4.75936,4.76184,7162.0
2026-06-09 22:00:00,4.76184,4.76369,4.75723,4.75792,5457.0
2026-06-09 23:00:00,4.758,4.76216,4.7577,4.7616,4364.0
2026-06-10 00:00:00,4.76155,4.76186,4.75464,4.75614,3761.0
2026-06-10 01:00:00,4.7561,4.75721,4.75036,4.75656,5645.0
2026-06-10 02:00:00,4.75654,4.75986,4.75524,4.75546,4139.0
2026-06-10 03:00:00,4.75534,4.7589,4.75426,4.75696,5488.0
2026-06-10 04:00:00,4.7571,4.75716,4.75202,4.75266,4795.0
2026-06-10 05:00:00,4.75258,4.7545,4.74966,4.75378,4171.0
2026-06-10 06:00:00,4.75386,4.75406,4.75118,4.75334,2684.0
2026-06-10 07:00:00,4.75342,4.75445,4.74624,4.74816,8298.0
2026-06-10 08:00:00,4.74811,4.76212,4.74721,4.75312,10540.0
2026-06-10 09:00:00,4.75326,4.76824,4.75317,4.76416,8824.0
2026-06-10 10:00:00,4.76423,4.76606,4.75846,4.7598,10445.0
2026-06-10 11:00:00,4.75986,4.76276,4.75084,4.75898,11671.0
2026-06-10 12:00:00,4.759,4.76306,4.75699,4.75764,6145.0
2026-06-10 13:00:00,4.75779,4.76048,4.7523,4.75707,5263.0
2026-06-10 14:00:00,4.75714,4.7603,4.75104,4.75289,4626.0
2026-06-10 15:00:00,4.75296,4.75342,4.74627,4.74635,4722.0
2026-06-10 16:00:00,4.7464,4.74756,4.74406,4.7453,2739.0
2026-06-10 17:00:00,4.74537,4.7481,4.74384,4.74412,448.0
2026-06-10 18:00:00,4.74405,4.74512,4.74094,4.74194,2244.0
2026-06-10 19:00:00,4.74202,4.74774,4.74068,4.74338,4332.0
2026-06-10 20:00:00,4.7433,4.74741,4.74089,4.74448,6209.0
2026-06-10 21:00:00,4.7445,4.75256,4.7445,4.74974,4934.0
2026-06-10 22:00:00,4.74968,4.74984,4.74554,4.74666,4434.0
2026-06-10 23:00:00,4.74666,4.74725,4.74288,4.74484,3041.0
2026-06-11 00:00:00,4.7449,4.75014,4.74394,4.74918,2888.0
2026-06-11 01:00:00,4.74926,4.7514,4.74798,4.74865,3569.0
2026-06-11 02:00:00,4.74868,4.74966,4.74545,4.74623,3344.0
2026-06-11 03:00:00,4.74622,4.7499,4.74394,4.74558,3059.0
2026-06-11 04:00:00,4.7455,4.74656,4.73964,4.7416,3536.0
2026-06-11 05:00:00,4.74155,4.74662,4.74139,4.74328,2408.0
2026-06-11 06:00:00,4.74336,4.74465,4.74134,4.74294,1749.0
2026-06-11 07:00:00,4.7429,4.74416,4.74078,4.74326,3075.0
2026-06-11 08:00:00,4.74331,4.74435,4.73278,4.73763,8602.0
2026-06-11 09:00:00,4.7376,4.74148,4.73296,4.73863,7734.0
2026-06-11 10:00:00,4.73868,4.73952,4.73238,4.73644,8649.0
2026-06-11 11:00:00,4.73633,4.74435,4.73582,4.74154,8909.0
2026-06-11 12:00:00,4.74161,4.74302,4.73796,4.73802,4878.0
2026-06-11 13:00:00,4.73806,4.76308,4.7359,4.75762,13592.0
2026-06-11 14:00:00,4.75779,4.76338,4.7525,4.75876,10107.0
2026-06-11 15:00:00,4.75882,4.773,4.75882,4.76742,6627.0
2026-06-11 16:00:00,4.76738,4.7701,4.76506,4.7694,3921.0
2026-06-11 17:00:00,4.76816,4.77071,4.76589,4.769,676.0
2026-06-11 18:00:00,4.76952,4.77245,4.76576,4.76936,1347.0
2026-06-11 19:00:00,4.76951,4.7703,4.76556,4.76839,2673.0
2026-06-11 20:00:00,4.76834,4.76883,4.7641,4.76648,5012.0
2026-06-11 21:00:00,4.76634,4.7665,4.7571,4.7612,4414.0
2026-06-11 22:00:00,4.76114,4.7633,4.75628,4.7607,3261.0
2026-06-11 23:00:00,4.76082,4.76362,4.75902,4.7608,4018.0
2026-06-12 00:00:00,4.76086,4.76538,4.76001,4.76276,2299.0
2026-06-12 01:00:00,4.76272,4.7634,4.7532,4.7543,3987.0
2026-06-12 02:00:00,4.75415,4.76143,4.75415,4.75666,3709.0
2026-06-12 03:00:00,4.75678,4.75712,4.74936,4.75578,5468.0
2026-06-12 04:00:00,4.75585,4.7658,4.75442,4.76015,7083.0
2026-06-12 05:00:00,4.76022,4.7677,4.75914,4.76365,4814.0
2026-06-12 06:00:00,4.76355,4.76714,4.75814,4.76355,4105.0
2026-06-12 07:00:00,4.76362,4.76394,4.75992,4.7611,3223.0
2026-06-12 08:00:00,4.76106,4.76106,4.75713,4.75866,4412.0
2026-06-12 09:00:00,4.75876,4.76576,4.75679,4.76046,8012.0
2026-06-12 10:00:00,4.76062,4.7692,4.75982,4.76918,10013.0
2026-06-12 11:00:00,4.76926,4.77424,4.76579,4.76592,8362.0
2026-06-12 12:00:00,4.76585,4.77006,4.76445,4.76728,5454.0
2026-06-12 13:00:00,4.76735,4.76992,4.76611,4.76694,2634.0
2026-06-12 14:00:00,4.767,4.76908,4.76528,4.76671,2541.0
2026-06-12 15:00:00,4.76664,4.7686,4.76514,4.76844,2011.0
2026-06-12 16:00:00,4.76825,4.76932,4.76296,4.76491,1585.0
2026-06-14 17:00:00,4.76333,4.78845,4.76223,4.78805,914.0
2026-06-14 18:00:00,4.78815,4.79004,4.7803,4.78188,4221.0
2026-06-14 19:00:00,4.78181,4.7843,4.77911,4.7813,3107.0
2026-06-14 20:00:00,4.78116,4.78828,4.77616,4.77649,3539.0
2026-06-14 21:00:00,4.77656,4.78188,4.77556,4.77964,3346.0
2026-06-14 22:00:00,4.77971,4.7834,4.77878,4.78223,2526.0
2026-06-14 23:00:00,4.78216,4.7872,4.78172,4.7853,1825.0
2026-06-15 00:00:00,4.78533,4.78565,4.78304,4.78488,1583.0
2026-06-15 01:00:00,4.78501,4.78843,4.78339,4.7837,2346.0
2026-06-15 02:00:00,4.78368,4.78508,4.77828,4.78218,2684.0
2026-06-15 03:00:00,4.78228,4.78266,4.77485,4.77906,3416.0
2026-06-15 04:00:00,4.77908,4.78202,4.777,4.77932,2539.0
2026-06-15 05:00:00,4.77925,4.7827,4.77826,4.77872,1919.0
2026-06-15 06:00:00,4.7787,4.78177,4.77704,4.77966,1937.0
2026-06-15 07:00:00,4.77958,4.78127,4.77804,4.77891,2484.0
2026-06-15 08:00:00,4.77889,4.77999,4.77486,4.77935,2722.0
2026-06-15 09:00:00,4.77924,4.78217,4.77776,4.78006,3734.0
2026-06-15 10:00:00,4.77998,4.79036,4.77786,4.78889,5524.0
2026-06-15 11:00:00,4.78886,4.7903,4.78466,4.78563,2800.0
2026-06-15 12:00:00,4.7857,4.78774,4.78464,4.78592,1362.0
2026-06-15 13:00:00,4.78584,4.78609,4.78285,4.78407,1255.0
2026-06-15 14:00:00,4.78414,4.78426,4.78117,4.78206,1504.0
2026-06-15 15:00:00,4.78213,4.78268,4.77898,4.7796,1397.0
2026-06-15 16:00:00,4.77958,4.78035,4.77868,4.77935,828.0
2026-06-15 17:00:00,4.78067,4.78105,4.7795,4.78001,259.0
2026-06-15 18:00:00,4.78008,4.78023,4.77668,4.77792,677.0
2026-06-15 19:00:00,4.77792,4.78108,4.77792,4.77914,1134.0
2026-06-15 20:00:00,4.7791,4.78086,4.77682,4.78012,2400.0
2026-06-15 21:00:00,4.78003,4.78115,4.77372,4.7744,2976.0
2026-06-15 22:00:00,4.77445,4.776,4.77158,4.77554,2139.0
2026-06-15 23:00:00,4.77564,4.77678,4.77312,4.77484,1822.0
2026-06-16 00:00:00,4.77475,4.775,4.76439,4.76772,2414.0
2026-06-16 01:00:00,4.76778,4.77064,4.76224,4.76664,2670.0
2026-06-16 02:00:00,4.76663,4.77,4.76561,4.76938,3167.0
2026-06-16 03:00:00,4.76942,4.77326,4.76785,4.77297,2818.0
2026-06-16 04:00:00,4.77304,4.77677,4.77064,4.77568,2418.0
2026-06-16 05:00:00,4.77577,4.77664,4.77426,4.77548,2410.0
2026-06-16 06:00:00,4.7755,4.78248,4.77548,4.78177,1823.0
2026-06-16 07:00:00,4.78166,4.78175,4.77592,4.77658,2404.0
2026-06-16 08:00:00,4.77654,4.77812,4.77366,4.77705,2749.0
2026-06-16 09:00:00,4.77712,4.78154,4.77559,4.77946,3818.0
2026-06-16 10:00:00,4.77953,4.78308,4.77568,4.78287,5039.0
2026-06-16 11:00:00,4.7829,4.78318,4.77646,4.78018,4222.0
2026-06-16 12:00:00,4.78038,4.78254,4.77885,4.77906,3096.0
2026-06-16 13:00:00,4.77914,4.77965,4.77669,4.77856,1898.0
2026-06-16 14:00:00,4.77858,4.77984,4.7778,4.77898,1965.0
2026-06-16 15:00:00,4.77891,4.7799,4.7746,4.77505,2672.0
2026-06-16 16:00:00,4.77503,4.7754,4.7741,4.77525,743.0
2026-06-16 17:00:00,4.77539,4.77669,4.7741,4.7758,231.0
2026-06-16 18:00:00,4.7759,4.77756,4.77441,4.77644,759.0
2026-06-16 19:00:00,4.77639,4.7769,4.77348,4.77358,856.0
2026-06-16 20:00:00,4.7736,4.77586,4.77267,4.77461,2468.0
2026-06-16 21:00:00,4.77464,4.7768,4.77358,4.77527,2100.0
2026-06-16 22:00:00,4.77511,4.77651,4.77198,4.77268,1455.0
2026-06-16 23:00:00,4.7726,4.7731,4.77056,4.77076,1323.0
2026-06-17 00:00:00,4.77083,4.77284,4.7698,4.76996,1157.0
2026-06-17 01:00:00,4.77,4.77161,4.76896,4.77012,1731.0
2026-06-17 02:00:00,4.77016,4.77052,4.76656,4.76849,2304.0
2026-06-17 03:00:00,4.76842,4.7739,4.76781,4.7736,1885.0
2026-06-17 04:00:00,4.77358,4.77362,4.76866,4.7718,1847.0
2026-06-17 05:00:00,4.77183,4.77394,4.77101,4.77248,1319.0
2026-06-17 06:00:00,4.77249,4.77321,4.76993,4.77181,1446.0
2026-06-17 07:00:00,4.77174,4.77376,4.77084,4.77308,1859.0
2026-06-17 08:00:00,4.77316,4.77555,4.77257,4.7754,1660.0
2026-06-17 09:00:00,4.77534,4.78107,4.77516,4.7786,2968.0
2026-06-17 10:00:00,4.77857,4.78182,4.77476,4.77784,4517.0
2026-06-17 11:00:00,4.77776,4.78098,4.77652,4.77931,3390.0
2026-06-17 12:00:00,4.7794,4.78096,4.77718,4.7803,2115.0
2026-06-17 13:00:00,4.78032,4.78191,4.77902,4.7808,1803.0
2026-06-17 14:00:00,4.78056,4.78076,4.75886,4.76526,24831.0
2026-06-17 15:00:00,4.76518,4.76736,4.74372,4.75024,15492.0
2026-06-17 16:00:00,4.75015,4.75334,4.74862,4.7522,3952.0
2026-06-17 17:00:00,4.75341,4.75433,4.75086,4.75359,278.0
2026-06-17 18:00:00,4.75375,4.7549,4.75147,4.75224,691.0
2026-06-17 19:00:00,4.75219,4.75518,4.75219,4.7539,1209.0
2026-06-17 20:00:00,4.75391,4.76142,4.75386,4.75552,3373.0
2026-06-17 21:00:00,4.75567,4.76169,4.75525,4.7586,2521.0
2026-06-17 22:00:00,4.75867,4.7614,4.75638,4.75927,2177.0
2026-06-17 23:00:00,4.7593,4.76205,4.7589,4.7609,1981.0
2026-06-18 00:00:00,4.76094,4.7619,4.75686,4.7575,1615.0
2026-06-18 01:00:00,4.75758,4.75952,4.7547,4.75538,2002.0
2026-06-18 02:00:00,4.75534,4.76151,4.7542,4.75984,3413.0
2026-06-18 03:00:00,4.75966,4.76042,4.75401,4.75664,3294.0
2026-06-18 04:00:00,4.75674,4.75678,4.74532,4.74626,3411.0
2026-06-18 05:00:00,4.74634,4.75264,4.74462,4.75036,3812.0
2026-06-18 06:00:00,4.75028,4.75048,4.7449,4.74555,3220.0
2026-06-18 07:00:00,4.74562,4.74798,4.74362,4.74506,3721.0
2026-06-18 08:00:00,4.74512,4.75526,4.74432,4.7539,4185.0
2026-06-18 09:00:00,4.75381,4.7612,4.7508,4.75832,6460.0
2026-06-18 10:00:00,4.75838,4.76351,4.7534,4.76227,7007.0
2026-06-18 11:00:00,4.76241,4.76261,4.75424,4.7545,4152.0
2026-06-18 12:00:00,4.75462,4.7572,4.75336,4.75659,3111.0
2026-06-18 13:00:00,4.75652,4.76,4.75583,4.75593,1516.0
2026-06-18 14:00:00,4.75601,4.75736,4.75462,4.75462,2316.0
2026-06-18 15:00:00,4.75483,4.75686,4.7511,4.75388,2760.0
2026-06-18 16:00:00,4.7539,4.75712,4.75348,4.75415,978.0
2026-06-18 17:00:00,4.75813,4.75986,4.75393,4.75505,712.0
2026-06-18 18:00:00,4.7554,4.75635,4.75456,4.75618,751.0
2026-06-18 19:00:00,4.7562,4.75641,4.75274,4.75294,805.0
2026-06-18 20:00:00,4.75302,4.75466,4.75102,4.75158,2304.0
2026-06-18 21:00:00,4.75162,4.75433,4.74902,4.75414,2400.0
2026-06-18 22:00:00,4.75426,4.75874,4.75422,4.75847,2018.0
2026-06-18 23:00:00,4.75859,4.76036,4.7537,4.75442,2391.0
2026-06-19 00:00:00,4.75458,4.7557,4.75184,4.75298,2206.0
2026-06-19 01:00:00,4.75298,4.7608,4.75084,4.75938,2366.0
2026-06-19 02:00:00,4.75942,4.76332,4.75818,4.76312,2412.0
2026-06-19 03:00:00,4.76306,4.76618,4.76058,4.7624,2445.0
2026-06-19 04:00:00,4.7624,4.76628,4.76228,4.76437,2376.0
2026-06-19 05:00:00,4.76425,4.76557,4.7627,4.76388,1534.0
2026-06-19 06:00:00,4.76383,4.76504,4.76022,4.7621,1422.0
2026-06-19 07:00:00,4.76202,4.76308,4.75998,4.7609,1420.0
2026-06-19 08:00:00,4.76096,4.76704,4.7599,4.76482,2479.0
2026-06-19 09:00:00,4.76486,4.76505,4.75766,4.75812,2708.0
2026-06-19 10:00:00,4.7582,4.75908,4.75468,4.75806,2389.0
2026-06-19 11:00:00,4.75816,4.75851,4.75379,4.7549,1421.0
2026-06-19 12:00:00,4.75482,4.75604,4.75418,4.75454,529.0
2026-06-19 13:00:00,4.75444,4.75661,4.75444,4.7561,757.0
2026-06-19 14:00:00,4.75624,4.75766,4.75574,4.75696,494.0
2026-06-19 15:00:00,4.757,4.7583,4.75452,4.75491,11247.0
2026-06-19 16:00:00,4.75518,4.75894,4.75329,4.75894,15345.0
2026-06-21 17:00:00,4.75672,4.76073,4.75208,4.75657,699.0
2026-06-21 18:00:00,4.7573,4.7574,4.75264,4.75316,1171.0
2026-06-21 19:00:00,4.75318,4.75366,4.74836,4.74971,1409.0
2026-06-21 20:00:00,4.74967,4.75435,4.74893,4.75402,2571.0
2026-06-21 21:00:00,4.75418,4.75767,4.74842,4.74846,3599.0
2026-06-21 22:00:00,4.74846,4.74906,4.74419,4.74828,2450.0
2026-06-21 23:00:00,4.74834,4.75224,4.74765,4.7495,2108.0
2026-06-22 00:00:00,4.74952,4.75107,4.74737,4.75038,2292.0
2026-06-22 01:00:00,4.75046,4.75298,4.74694,4.74754,2495.0
2026-06-22 02:00:00,4.74752,4.74978,4.74396,4.74898,3113.0
2026-06-22 03:00:00,4.74884,4.74907,4.74456,4.74487,2768.0
2026-06-22 04:00:00,4.74489,4.74582,4.7406,4.74122,3271.0
2026-06-22 05:00:00,4.74126,4.74609,4.74115,4.74298,2729.0
2026-06-22 06:00:00,4.7429,4.74862,4.7429,4.74609,2065.0
2026-06-22 07:00:00,4.74604,4.7492,4.74413,4.7465,2711.0
2026-06-22 08:00:00,4.74668,4.75354,4.74631,4.75074,2796.0
2026-06-22 09:00:00,4.75066,4.75372,4.74851,4.74903,5523.0
2026-06-22 10:00:00,4.74894,4.75265,4.74598,4.75068,6796.0
2026-06-22 11:00:00,4.75072,4.75267,4.74422,4.7446,4296.0
2026-06-22 12:00:00,4.74462,4.74714,4.7436,4.74608,2624.0
2026-06-22 13:00:00,4.74614,4.7468,4.74458,4.7457,1536.0
2026-06-22 14:00:00,4.74568,4.74642,4.74478,4.74536,1248.0
2026-06-22 15:00:00,4.74544,4.74582,4.74196,4.74462,1524.0
2026-06-22 16:00:00,4.74472,4.74564,4.74394,4.7452,806.0
2026-06-22 17:00:00,4.74796,4.74874,4.7461,4.74637,362.0
2026-06-22 18:00:00,4.74646,4.74653,4.74325,4.74394,729.0
2026-06-22 19:00:00,4.74394,4.7445,4.74028,4.74071,869.0
2026-06-22 20:00:00,4.74064,4.74064,4.73391,4.73668,2540.0
2026-06-22 21:00:00,4.73677,4.73762,4.73073,4.73236,2661.0
2026-06-22 22:00:00,4.73246,4.73558,4.72812,4.72894,2344.0
2026-06-22 23:00:00,4.72898,4.73059,4.72528,4.73054,3002.0
2026-06-23 00:00:00,4.73063,4.73144,4.72421,4.72534,2028.0
2026-06-23 01:00:00,4.72544,4.72593,4.72191,4.72398,3117.0
2026-06-23 02:00:00,4.72392,4.72597,4.71552,4.71765,3288.0
2026-06-23 03:00:00,4.71785,4.72378,4.7155,4.71737,3841.0
2026-06-23 04:00:00,4.71748,4.71953,4.71364,4.71666,3430.0
2026-06-23 05:00:00,4.71675,4.72134,4.71623,4.7211,2547.0
2026-06-23 06:00:00,4.72113,4.72284,4.71406,4.71442,2535.0
2026-06-23 07:00:00,4.71444,4.7167,4.70753,4.70774,2727.0
2026-06-23 08:00:00,4.70776,4.71144,4.70741,4.71099,3265.0
2026-06-23 09:00:00,4.711,4.7145,4.70838,4.7131,5274.0
2026-06-23 10:00:00,4.71304,4.7141,4.70782,4.7087,4766.0
2026-06-23 11:00:00,4.70864,4.70954,4.7042,4.7056,4060.0
2026-06-23 12:00:00,4.70562,4.70664,4.7017,4.7023,2305.0
2026-06-23 13:00:00,4.70239,4.70305,4.69894,4.6994,1657.0
2026-06-23 14:00:00,4.69932,4.7004,4.695,4.69695,1196.0
2026-06-23 15:00:00,4.69706,4.70022,4.69663,4.69753,2429.0
2026-06-23 16:00:00,4.69759,4.69965,4.69674,4.6996,1225.0
2026-06-23 17:00:00,4.70106,4.70167,4.69935,4.70089,546.0
2026-06-23 18:00:00,4.70118,4.70182,4.69836,4.69841,1031.0
2026-06-23 19:00:00,4.69836,4.69917,4.69532,4.698,1339.0
2026-06-23 20:00:00,4.6981,4.70198,4.69732,4.70024,3774.0
2026-06-23 21:00:00,4.70032,4.7039,4.69397,4.69878,4549.0
2026-06-23 22:00:00,4.69874,4.7016,4.69324,4.69364,4356.0
2026-06-23 23:00:00,4.69366,4.69976,4.69295,4.69853,3280.0
2026-06-24 00:00:00,4.6986,4.70516,4.69758,4.70386,2048.0
2026-06-24 01:00:00,4.70398,4.70687,4.70345,4.70412,2737.0
2026-06-24 02:00:00,4.70405,4.7074,4.70116,4.70226,2917.0
2026-06-24 03:00:00,4.70222,4.70284,4.69736,4.69752,3124.0
2026-06-24 04:00:00,4.69746,4.69858,4.69374,4.69828,3169.0
2026-06-24 05:00:00,4.69824,4.69862,4.6948,4.69529,2505.0
2026-06-24 06:00:00,4.69543,4.69702,4.69216,4.69666,2573.0
2026-06-24 07:00:00,4.69674,4.70105,4.6959,4.69866,2737.0
2026-06-24 08:00:00,4.69858,4.70284,4.69544,4.69794,3690.0
2026-06-24 09:00:00,4.69785,4.70506,4.69658,4.7031,6362.0
2026-06-24 10:00:00,4.70315,4.70365,4.69487,4.69834,5713.0
2026-06-24 11:00:00,4.69848,4.7017,4.69722,4.69846,4277.0
2026-06-24 12:00:00,4.69843,4.70465,4.69772,4.70286,2732.0
2026-06-24 13:00:00,4.70278,4.70326,4.6914,4.69148,2798.0
2026-06-24 14:00:00,4.69156,4.69651,4.69034,4.69274,2776.0
2026-06-24 15:00:00,4.69282,4.6972,4.69061,4.69666,2495.0
2026-06-24 16:00:00,4.69675,4.7023,4.6957,4.70155,1989.0
2026-06-24 17:00:00,4.69987,4.70227,4.69948,4.70144,708.0
2026-06-24 18:00:00,4.70145,4.70145,4.69837,4.69881,639.0
2026-06-24 19:00:00,4.69878,4.70094,4.69786,4.69961,1057.0
2026-06-24 20:00:00,4.69968,4.70004,4.69366,4.69488,2534.0
2026-06-24 21:00:00,4.69495,4.70297,4.69267,4.69801,4692.0
2026-06-24 22:00:00,4.69814,4.69944,4.69215,4.69602,4264.0
2026-06-24 23:00:00,4.69607,4.69652,4.69252,4.69531,2226.0
2026-06-25 00:00:00,4.69539,4.69862,4.69498,4.6983,1671.0
2026-06-25 01:00:00,4.69826,4.69944,4.69275,4.69275,2512.0
2026-06-25 02:00:00,4.69276,4.69658,4.69026,4.69168,2928.0
2026-06-25 03:00:00,4.69176,4.69536,4.68983,4.69456,2996.0
2026-06-25 04:00:00,4.6947,4.69924,4.69417,4.69417,2527.0
2026-06-25 05:00:00,4.69411,4.69743,4.6933,4.69376,1759.0
2026-06-25 06:00:00,4.69384,4.694,4.68907,4.69034,1551.0
2026-06-25 07:00:00,4.69042,4.69135,4.68821,4.68955,2226.0
2026-06-25 08:00:00,4.68956,4.70072,4.6883,4.69702,6883.0
2026-06-25 09:00:00,4.69711,4.6987,4.68756,4.68874,8270.0
2026-06-25 10:00:00,4.68884,4.69772,4.68865,4.69665,8850.0
2026-06-25 11:00:00,4.6966,4.70568,4.6966,4.70528,5596.0
2026-06-25 12:00:00,4.70536,4.70952,4.70346,4.70426,3324.0
2026-06-25 13:00:00,4.70436,4.70626,4.70354,4.70522,2112.0
2026-06-25 14:00:00,4.70532,4.7064,4.70184,4.70318,2711.0
2026-06-25 15:00:00,4.70326,4.70391,4.69844,4.7008,1848.0
2026-06-25 16:00:00,4.70084,4.70227,4.69944,4.7003,1018.0
2026-06-25 17:00:00,4.70001,4.70276,4.69775,4.69811,608.0
2026-06-25 18:00:00,4.69806,4.69915,4.69714,4.69822,725.0
2026-06-25 19:00:00,4.69822,4.699,4.69336,4.69415,1307.0
2026-06-25 20:00:00,4.69422,4.69534,4.69064,4.69226,2887.0
2026-06-25 21:00:00,4.69232,4.69476,4.68547,4.68732,3350.0
2026-06-25 22:00:00,4.68738,4.68833,4.67955,4.68315,3663.0
2026-06-25 23:00:00,4.68324,4.69171,4.6811,4.6917,3890.0
2026-06-26 00:00:00,4.69166,4.69292,4.68656,4.68728,3033.0
2026-06-26 01:00:00,4.68734,4.69269,4.68696,4.69085,3094.0
2026-06-26 02:00:00,4.69088,4.69432,4.68795,4.6932,3346.0
2026-06-26 03:00:00,4.69327,4.6942,4.6893,4.6907,3251.0
2026-06-26 04:00:00,4.69066,4.69336,4.68728,4.69072,3230.0
2026-06-26 05:00:00,4.69065,4.69654,4.68914,4.69358,2830.0
2026-06-26 06:00:00,4.69366,4.69648,4.69233,4.69612,2595.0
2026-06-26 07:00:00,4.69619,4.6984,4.6946,4.6957,2182.0
2026-06-26 08:00:00,4.69576,4.69818,4.69188,4.69606,2960.0
2026-06-26 09:00:00,4.69614,4.70268,4.693,4.70171,9914.0
2026-06-26 10:00:00,4.70174,4.70568,4.69372,4.69372,6905.0
2026-06-26 11:00:00,4.69382,4.69936,4.69297,4.69684,3637.0
2026-06-26 12:00:00,4.69686,4.69752,4.6918,4.6939,2099.0
2026-06-26 13:00:00,4.69397,4.69487,4.69234,4.6927,1399.0
2026-06-26 14:00:00,4.69277,4.69447,4.68998,4.69011,1312.0
2026-06-26 15:00:00,4.68996,4.69386,4.6899,4.69186,1390.0
2026-06-26 16:00:00,4.69192,4.69326,4.68912,4.69148,2969.0
2026-06-28 17:00:00,4.68654,4.68906,4.6841,4.6855,1183.0
2026-06-28 18:00:00,4.68566,4.69075,4.68566,4.68958,738.0
2026-06-28 19:00:00,4.68959,4.692,4.68958,4.69154,884.0
2026-06-28 20:00:00,4.69147,4.692,4.68336,4.68482,3690.0
2026-06-28 21:00:00,4.6849,4.68964,4.68249,4.68627,3798.0
2026-06-28 22:00:00,4.68635,4.68827,4.68464,4.68481,3342.0
2026-06-28 23:00:00,4.68492,4.68858,4.68492,4.68512,2255.0
2026-06-29 00:00:00,4.68506,4.68708,4.68444,4.68572,1802.0
2026-06-29 01:00:00,4.68566,4.68872,4.68478,4.68792,2808.0
2026-06-29 02:00:00,4.68793,4.6916,4.68641,4.69026,2607.0
2026-06-29 03:00:00,4.6902,4.69254,4.68551,4.68564,3086.0
2026-06-29 04:00:00,4.68572,4.68658,4.683,4.68464,2768.0
2026-06-29 05:00:00,4.68471,4.68928,4.68424,4.68882,1805.0
2026-06-29 06:00:00,4.6889,4.69092,4.68816,4.69016,1598.0
2026-06-29 07:00:00,4.69024,4.69156,4.68814,4.69041,2478.0
2026-06-29 08:00:00,4.69046,4.6911,4.68792,4.68978,3241.0
2026-06-29 09:00:00,4.68985,4.6904,4.68465,4.68498,3400.0
2026-06-29 10:00:00,4.68506,4.68583,4.67746,4.67882,7822.0
2026-06-29 11:00:00,4.679,4.6814,4.67796,4.68041,6370.0
2026-06-29 12:00:00,4.68043,4.6846,4.68021,4.68218,3487.0
2026-06-29 13:00:00,4.68222,4.68402,4.68174,4.68276,2402.0
2026-06-29 14:00:00,4.68282,4.68554,4.68278,4.68417,2219.0
2026-06-29 15:00:00,4.68419,4.68478,4.68291,4.68457,1939.0
2026-06-29 16:00:00,4.68458,4.686,4.6833,4.6835,820.0
2026-06-29 17:00:00,4.68351,4.68579,4.68185,4.6847,716.0
2026-06-29 18:00:00,4.6842,4.68434,4.68254,4.6828,549.0
2026-06-29 19:00:00,4.68281,4.68408,4.6792,4.67967,697.0
2026-06-29 20:00:00,4.6797,4.6797,4.67041,4.67374,2966.0
2026-06-29 21:00:00,4.67386,4.6788,4.66854,4.66942,4299.0
2026-06-29 22:00:00,4.6695,4.67181,4.66669,4.66879,2850.0
2026-06-29 23:00:00,4.66886,4.67026,4.66722,4.66834,2004.0
2026-06-30 00:00:00,4.66838,4.67102,4.66782,4.66812,1443.0
2026-06-30 01:00:00,4.66825,4.67171,4.66643,4.66676,2420.0
2026-06-30 02:00:00,4.66683,4.67192,4.66668,4.67152,3109.0
2026-06-30 03:00:00,4.67158,4.67167,4.66863,4.66919,2364.0
2026-06-30 04:00:00,4.66921,4.67352,4.66898,4.67224,3122.0
2026-06-30 05:00:00,4.67228,4.67502,4.67185,4.67365,1961.0
2026-06-30 06:00:00,4.67373,4.67863,4.67324,4.67836,1814.0
2026-06-30 07:00:00,4.67844,4.67892,4.67551,4.67803,1911.0
2026-06-30 08:00:00,4.67798,4.67914,4.67508,4.67643,2660.0
2026-06-30 09:00:00,4.67638,4.6827,4.67634,4.68154,3171.0
2026-06-30 10:00:00,4.68161,4.7038,4.68036,4.70109,6406.0
2026-06-30 11:00:00,4.70098,4.70362,4.6951,4.69598,4613.0
2026-06-30 12:00:00,4.69597,4.69643,4.69323,4.69464,2174.0
2026-06-30 13:00:00,4.69471,4.69891,4.69439,4.69808,1673.0
2026-06-30 14:00:00,4.69815,4.70082,4.69794,4.69945,1593.0
2026-06-30 15:00:00,4.69946,4.70183,4.69875,4.70134,1548.0
2026-06-30 16:00:00,4.70126,4.70193,4.6987,4.69955,1123.0
2026-06-30 17:00:00,4.69714,4.69882,4.69569,4.6986,797.0
2026-06-30 18:00:00,4.6988,4.69945,4.69654,4.6976,399.0
2026-06-30 19:00:00,4.69758,4.69802,4.69423,4.69464,598.0
2026-06-30 20:00:00,4.69472,4.69564,4.6884,4.6889,1950.0
2026-06-30 21:00:00,4.689,4.69008,4.68192,4.68398,3202.0
2026-06-30 22:00:00,4.68406,4.68524,4.678,4.6833,2950.0
2026-06-30 23:00:00,4.68323,4.6852,4.68236,4.68507,1815.0
2026-07-01 00:00:00,4.68518,4.68682,4.68202,4.68605,1504.0
2026-07-01 01:00:00,4.68619,4.68953,4.68575,4.68656,2091.0
2026-07-01 02:00:00,4.68662,4.68745,4.68353,4.68671,2309.0
2026-07-01 03:00:00,4.6868,4.68787,4.68248,4.68698,2216.0
2026-07-01 04:00:00,4.68689,4.68732,4.68418,4.68564,2072.0
2026-07-01 05:00:00,4.68556,4.68788,4.68483,4.68506,1674.0
2026-07-01 06:00:00,4.68516,4.69052,4.68448,4.68967,1271.0
2026-07-01 07:00:00,4.68961,4.69015,4.68668,4.68708,2031.0
2026-07-01 08:00:00,4.68712,4.68995,4.68475,4.6865,3684.0
2026-07-01 09:00:00,4.68648,4.6978,4.68222,4.6911,6480.0
2026-07-01 10:00:00,4.69132,4.69467,4.68627,4.68978,5785.0
2026-07-01 11:00:00,4.68973,4.69066,4.68628,4.69002,4419.0
2026-07-01 12:00:00,4.69012,4.69315,4.68853,4.68928,2883.0
2026-07-01 13:00:00,4.6893,4.69054,4.68748,4.68776,1703.0
2026-07-01 14:00:00,4.68788,4.68856,4.68433,4.6854,1649.0
2026-07-01 15:00:00,4.68534,4.68702,4.68374,4.6842,1405.0
2026-07-01 16:00:00,4.68412,4.68439,4.68196,4.68395,926.0
2026-07-01 17:00:00,4.68295,4.68708,4.68187,4.68423,927.0
2026-07-01 18:00:00,4.68435,4.68446,4.68269,4.68328,950.0
2026-07-01 19:00:00,4.68328,4.68342,4.68026,4.68084,587.0
2026-07-01 20:00:00,4.68075,4.6812,4.67642,4.68008,3609.0
2026-07-01 21:00:00,4.68017,4.68501,4.68017,4.68186,2910.0
2026-07-01 22:00:00,4.68182,4.68451,4.6803,4.68149,2700.0
2026-07-01 23:00:00,4.68141,4.68198,4.67545,4.67912,2569.0
2026-07-02 00:00:00,4.67914,4.68106,4.67716,4.68046,2290.0
2026-07-02 01:00:00,4.68072,4.6817,4.6786,4.68023,2368.0
2026-07-02 02:00:00,4.68024,4.68486,4.67932,4.68067,3149.0
2026-07-02 03:00:00,4.68074,4.68419,4.67798,4.67904,3234.0
2026-07-02 04:00:00,4.67898,4.69312,4.67869,4.69174,3672.0
2026-07-02 05:00:00,4.69182,4.69182,4.68657,4.68936,2137.0
2026-07-02 06:00:00,4.68922,4.68938,4.685,4.68552,1371.0
2026-07-02 07:00:00,4.6856,4.68606,4.68062,4.68062,1786.0
2026-07-02 08:00:00,4.68066,4.71022,4.68008,4.69955,14611.0
2026-07-02 09:00:00,4.6995,4.71075,4.69579,4.70811,11914.0
2026-07-02 10:00:00,4.70809,4.71177,4.69911,4.70744,7072.0
2026-07-02 11:00:00,4.70734,4.70922,4.70244,4.70286,6693.0
2026-07-02 12:00:00,4.7028,4.70348,4.6976,4.69926,3778.0
2026-07-02 13:00:00,4.69918,4.70026,4.695,4.69542,3060.0
2026-07-02 14:00:00,4.69548,4.69884,4.69494,4.69695,2046.0
2026-07-02 15:00:00,4.69688,4.69862,4.6937,4.69822,1859.0
2026-07-02 16:00:00,4.69818,4.69964,4.69695,4.69895,566.0
2026-07-02 17:00:00,4.69543,4.70031,4.6935,4.69697,3020.0
2026-07-02 18:00:00,4.69657,4.6986,4.69656,4.69685,893.0
2026-07-02 19:00:00,4.697,4.69889,4.69431,4.69564,1034.0
2026-07-02 20:00:00,4.6954,4.6963,4.6922,4.69614,3140.0
2026-07-02 21:00:00,4.69612,4.70604,4.69562,4.7011,3932.0
2026-07-02 22:00:00,4.70112,4.70761,4.7001,4.70592,2846.0
2026-07-02 23:00:00,4.70582,4.70642,4.70422,4.70566,2272.0
2026-07-03 00:00:00,4.70559,4.7089,4.70482,4.70722,1304.0
2026-07-03 01:00:00,4.70714,4.71054,4.70644,4.70722,2343.0
2026-07-03 02:00:00,4.70719,4.71306,4.70715,4.71022,2920.0
2026-07-03 03:00:00,4.7102,4.71423,4.70948,4.7115,2570.0
2026-07-03 04:00:00,4.71147,4.71228,4.7078,4.70876,2403.0
2026-07-03 05:00:00,4.70866,4.70976,4.7073,4.7073,1244.0
2026-07-03 06:00:00,4.70732,4.70957,4.7062,4.70772,1214.0
2026-07-03 07:00:00,4.70767,4.70956,4.70594,4.70675,1432.0
2026-07-03 08:00:00,4.70684,4.70718,4.70497,4.70571,1426.0
2026-07-03 09:00:00,4.70572,4.70722,4.70502,4.70626,1310.0
2026-07-03 10:00:00,4.70619,4.70759,4.70454,4.70545,1237.0
2026-07-03 11:00:00,4.70538,4.70688,4.705,4.70608,902.0
2026-07-03 12:00:00,4.70608,4.70724,4.70522,4.70712,403.0
2026-07-03 13:00:00,4.70724,4.70767,4.70658,4.7075,1325.0
2026-07-03 14:00:00,4.70756,4.70782,4.7072,4.70756,1692.0
2026-07-03 15:00:00,4.70753,4.70854,4.70624,4.70638,6651.0
2026-07-03 16:00:00,4.70644,4.70894,4.70515,4.70885,2506.0
2026-07-05 17:00:00,4.70837,4.71189,4.70628,4.71016,341.0
2026-07-05 18:00:00,4.7102,4.7102,4.70502,4.7056,1404.0
2026-07-05 19:00:00,4.7056,4.70766,4.70545,4.70606,1216.0
2026-07-05 20:00:00,4.70592,4.70782,4.70205,4.7051,2999.0
2026-07-05 21:00:00,4.70502,4.70884,4.70378,4.70428,3039.0
2026-07-05 22:00:00,4.7044,4.70672,4.70412,4.70506,2340.0
2026-07-05 23:00:00,4.7051,4.70564,4.70145,4.70402,1568.0
2026-07-06 00:00:00,4.70408,4.70929,4.70365,4.70844,1366.0
2026-07-06 01:00:00,4.70844,4.70923,4.70576,4.70606,1753.0
2026-07-06 02:00:00,4.70602,4.70963,4.70526,4.70796,2413.0
2026-07-06 03:00:00,4.70789,4.71326,4.70645,4.7129,2341.0
2026-07-06 04:00:00,4.71293,4.71373,4.70856,4.71041,1964.0
2026-07-06 05:00:00,4.71042,4.71111,4.7093,4.7106,1949.0
2026-07-06 06:00:00,4.71062,4.71544,4.71012,4.7133,1398.0
2026-07-06 07:00:00,4.71322,4.71468,4.71198,4.7141,1656.0
2026-07-06 08:00:00,4.71418,4.71528,4.70775,4.70932,2811.0
2026-07-06 09:00:00,4.70938,4.7155,4.70868,4.71255,2844.0
2026-07-06 10:00:00,4.71252,4.71706,4.71125,4.71646,3299.0
2026-07-06 11:00:00,4.7165,4.71962,4.71542,4.71874,2200.0
2026-07-06 12:00:00,4.71882,4.72078,4.7186,4.72062,1157.0
2026-07-06 13:00:00,4.72063,4.7249,4.72062,4.72323,1287.0
2026-07-06 14:00:00,4.7233,4.728,4.7233,4.72724,803.0
2026-07-06 15:00:00,4.72708,4.72734,4.72578,4.72636,842.0
2026-07-06 16:00:00,4.7264,4.72669,4.7249,4.72655,360.0
2026-07-06 17:00:00,4.72525,4.72935,4.72525,4.72652,627.0
2026-07-06 18:00:00,4.72721,4.7288,4.72646,4.72728,806.0
2026-07-06 19:00:00,4.72728,4.72858,4.72534,4.72555,917.0
2026-07-06 20:00:00,4.7255,4.7261,4.72156,4.72188,2671.0
2026-07-06 21:00:00,4.72183,4.72572,4.71984,4.7235,3036.0
2026-07-06 22:00:00,4.72348,4.72478,4.72152,4.72245,2162.0
2026-07-06 23:00:00,4.72255,4.7243,4.71792,4.72046,2262.0
2026-07-07 00:00:00,4.72047,4.72267,4.71835,4.71835,1835.0
2026-07-07 01:00:00,4.71842,4.72061,4.71574,4.72022,2960.0
2026-07-07 02:00:00,4.72017,4.72314,4.71874,4.72314,2356.0
2026-07-07 03:00:00,4.72335,4.72487,4.71832,4.71842,2140.0
2026-07-07 04:00:00,4.71843,4.72244,4.71806,4.7192,2369.0
2026-07-07 05:00:00,4.71916,4.72122,4.71857,4.72016,1685.0
2026-07-07 06:00:00,4.72012,4.72209,4.71955,4.72153,1786.0
2026-07-07 07:00:00,4.72164,4.72577,4.7202,4.72244,2382.0
2026-07-07 08:00:00,4.7225,4.72678,4.72157,4.72418,2753.0
2026-07-07 09:00:00,4.72417,4.72426,4.71746,4.71788,3888.0
2026-07-07 10:00:00,4.71797,4.72087,4.71581,4.71856,5528.0
2026-07-07 11:00:00,4.71852,4.71954,4.715,4.71674,3515.0
