Timestamp,Open,High,Low,Close,Volume
2026-03-10 04:00:00,5.56658,5.56796,5.5504,5.55186,6434.0
2026-03-10 05:00:00,5.55177,5.56956,5.55102,5.56519,4714.0
2026-03-10 06:00:00,5.56522,5.57135,5.55446,5.56354,5790.0
2026-03-10 07:00:00,5.56344,5.57472,5.56096,5.57085,8192.0
2026-03-10 08:00:00,5.57104,5.57152,5.55886,5.56676,9146.0
2026-03-10 09:00:00,5.56686,5.57551,5.56177,5.56589,11320.0
2026-03-10 10:00:00,5.56598,5.5914,5.5611,5.59046,10747.0
2026-03-10 11:00:00,5.59028,5.59746,5.58694,5.59379,7240.0
2026-03-10 12:00:00,5.5936,5.59622,5.5843,5.5943,4739.0
2026-03-10 13:00:00,5.59426,5.60886,5.59275,5.59922,6636.0
2026-03-10 14:00:00,5.59944,5.6,5.5738,5.58149,15116.0
2026-03-10 15:00:00,5.58164,5.58339,5.56756,5.57069,8234.0
2026-03-10 16:00:00,5.57076,5.57306,5.567,5.56975,1519.0
2026-03-10 17:00:00,5.5695,5.57268,5.56865,5.5694,1818.0
2026-03-10 18:00:00,5.56948,5.57006,5.5647,5.56716,716.0
2026-03-10 19:00:00,5.56724,5.57158,5.56652,5.57004,938.0
2026-03-10 20:00:00,5.57014,5.5842,5.56801,5.57912,4550.0
2026-03-10 21:00:00,5.57913,5.59504,5.57745,5.59434,4607.0
2026-03-10 22:00:00,5.59436,5.61465,5.58964,5.60672,3485.0
2026-03-10 23:00:00,5.60663,5.61568,5.60451,5.615,2457.0
2026-03-11 00:00:00,5.61492,5.62427,5.61262,5.6216,2043.0
2026-03-11 01:00:00,5.62134,5.62268,5.60892,5.61478,2496.0
2026-03-11 02:00:00,5.61478,5.62073,5.61156,5.61491,3334.0
2026-03-11 03:00:00,5.61464,5.62166,5.60094,5.6073,6351.0
2026-03-11 04:00:00,5.60734,5.61596,5.59804,5.60457,7416.0
2026-03-11 05:00:00,5.60466,5.60606,5.59166,5.59373,6481.0
2026-03-11 06:00:00,5.59362,5.60748,5.59362,5.60568,4695.0
2026-03-11 07:00:00,5.60558,5.61338,5.602,5.60242,5471.0
2026-03-11 08:00:00,5.60232,5.61094,5.591,5.59337,8116.0
2026-03-11 09:00:00,5.59329,5.6103,5.59271,5.60936,9019.0
2026-03-11 10:00:00,5.60915,5.62492,5.60672,5.61779,18740.0
2026-03-11 11:00:00,5.61784,5.62022,5.59448,5.59464,9812.0
2026-03-11 12:00:00,5.59448,5.60254,5.59124,5.59762,5675.0
2026-03-11 13:00:00,5.59764,5.60058,5.58589,5.5915,5389.0
2026-03-11 14:00:00,5.59142,5.59812,5.58499,5.59498,4212.0
2026-03-11 15:00:00,5.59512,5.6004,5.59084,5.60031,2247.0
2026-03-11 16:00:00,5.6002,5.60074,5.5956,5.5972,864.0
2026-03-11 17:00:00,5.59728,5.60048,5.59368,5.59831,1107.0
2026-03-11 18:00:00,5.59819,5.59823,5.58233,5.5836,1790.0
2026-03-11 19:00:00,5.58378,5.58458,5.57596,5.5788,2600.0
2026-03-11 20:00:00,5.57885,5.59184,5.57408,5.59125,3760.0
2026-03-11 21:00:00,5.59131,5.60319,5.5862,5.59496,4123.0
2026-03-11 22:00:00,5.59505,5.59942,5.57826,5.5828,3469.0
2026-03-11 23:00:00,5.58282,5.58501,5.57762,5.58464,2151.0
2026-03-12 00:00:00,5.58456,5.58516,5.57406,5.57452,1375.0
2026-03-12 01:00:00,5.5745,5.58277,5.57174,5.57411,3459.0
2026-03-12 02:00:00,5.57407,5.57984,5.56514,5.57616,2990.0
2026-03-12 03:00:00,5.57618,5.58472,5.57205,5.58326,2891.0
2026-03-12 04:00:00,5.58339,5.59192,5.58072,5.58425,6154.0
2026-03-12 05:00:00,5.58459,5.58784,5.5753,5.58622,3713.0
2026-03-12 06:00:00,5.58614,5.5873,5.57902,5.58418,3725.0
2026-03-12 07:00:00,5.58408,5.5949,5.58272,5.58587,3230.0
2026-03-12 08:00:00,5.5859,5.58642,5.57615,5.58161,4824.0
2026-03-12 09:00:00,5.58174,5.58508,5.55269,5.55481,10986.0
2026-03-12 10:00:00,5.55498,5.5627,5.5429,5.54984,11786.0
2026-03-12 11:00:00,5.54964,5.55481,5.53545,5.54855,14502.0
2026-03-12 12:00:00,5.54851,5.55754,5.53841,5.54774,10313.0
2026-03-12 13:00:00,5.54769,5.5549,5.54277,5.54514,5413.0
2026-03-12 14:00:00,5.54532,5.54814,5.5392,5.54206,4132.0
2026-03-12 15:00:00,5.54198,5.54492,5.53951,5.5396,3170.0
2026-03-12 16:00:00,5.53976,5.54166,5.5381,5.5386,1056.0
2026-03-12 17:00:00,5.53983,5.53983,5.53566,5.53612,398.0
2026-03-12 18:00:00,5.53614,5.54118,5.53484,5.54068,821.0
2026-03-12 19:00:00,5.54076,5.542,5.53616,5.53829,1465.0
2026-03-12 20:00:00,5.53812,5.54682,5.53485,5.54514,3299.0
2026-03-12 21:00:00,5.54518,5.5514,5.54012,5.54199,3153.0
2026-03-12 22:00:00,5.5421,5.54856,5.53507,5.53947,2378.0
2026-03-12 23:00:00,5.53939,5.54112,5.5276,5.53532,3524.0
2026-03-13 00:00:00,5.53523,5.53572,5.52575,5.52846,2422.0
2026-03-13 01:00:00,5.52864,5.53208,5.52559,5.52852,2983.0
2026-03-13 02:00:00,5.52844,5.53012,5.50927,5.50995,4454.0
2026-03-13 03:00:00,5.50976,5.51205,5.4957,5.49984,4834.0
2026-03-13 04:00:00,5.49986,5.50986,5.49187,5.50888,7025.0
2026-03-13 05:00:00,5.50909,5.51747,5.50653,5.50744,5485.0
2026-03-13 06:00:00,5.50742,5.51724,5.50684,5.50986,4566.0
2026-03-13 07:00:00,5.50977,5.51816,5.50428,5.51772,5998.0
2026-03-13 08:00:00,5.51781,5.52835,5.51328,5.52324,9087.0
2026-03-13 09:00:00,5.52314,5.5245,5.50909,5.51772,10155.0
2026-03-13 10:00:00,5.51778,5.52055,5.49534,5.49808,11441.0
2026-03-13 11:00:00,5.49776,5.50176,5.48098,5.48098,10100.0
2026-03-13 12:00:00,5.48084,5.48982,5.47888,5.48452,11100.0
2026-03-13 13:00:00,5.48448,5.49066,5.48104,5.48252,6618.0
2026-03-13 14:00:00,5.48259,5.48643,5.47797,5.4825,7172.0
2026-03-13 15:00:00,5.4826,5.4829,5.47242,5.47274,4799.0
2026-03-13 16:00:00,5.47282,5.4734,5.46406,5.465,1432.0
2026-03-15 17:00:00,5.4737,5.47899,5.47268,5.4769,626.0
2026-03-15 18:00:00,5.47682,5.47837,5.46862,5.47602,2463.0
2026-03-15 19:00:00,5.47624,5.48474,5.47366,5.48332,2518.0
2026-03-15 20:00:00,5.48324,5.49447,5.48303,5.49204,4297.0
2026-03-15 21:00:00,5.49201,5.49465,5.47738,5.48951,4589.0
2026-03-15 22:00:00,5.4895,5.49052,5.48583,5.48584,3512.0
2026-03-15 23:00:00,5.48594,5.49174,5.48418,5.48858,1966.0
2026-03-16 00:00:00,5.48848,5.48992,5.48326,5.48349,1383.0
2026-03-16 01:00:00,5.48354,5.49464,5.48354,5.49152,2469.0
2026-03-16 02:00:00,5.49143,5.49711,5.48984,5.49534,2251.0
2026-03-16 03:00:00,5.49522,5.4982,5.48658,5.49136,3538.0
2026-03-16 04:00:00,5.49144,5.49933,5.4872,5.49902,5895.0
2026-03-16 05:00:00,5.49893,5.5034,5.49431,5.50095,4213.0
2026-03-16 06:00:00,5.50076,5.52103,5.49949,5.52067,5094.0
2026-03-16 07:00:00,5.52066,5.52404,5.51831,5.52098,3140.0
2026-03-16 08:00:00,5.52097,5.52736,5.5205,5.52108,4879.0
2026-03-16 09:00:00,5.52118,5.53864,5.52098,5.53778,6567.0
2026-03-16 10:00:00,5.53768,5.54079,5.52325,5.53033,6747.0
2026-03-16 11:00:00,5.53026,5.53207,5.52024,5.52392,4855.0
2026-03-16 12:00:00,5.52402,5.52839,5.51594,5.52327,5102.0
2026-03-16 13:00:00,5.52342,5.53097,5.52222,5.52454,4391.0
2026-03-16 14:00:00,5.52464,5.54317,5.52464,5.53999,3866.0
2026-03-16 15:00:00,5.54007,5.5459,5.53504,5.53877,3593.0
2026-03-16 16:00:00,5.53876,5.53948,5.5349,5.53745,1545.0
2026-03-16 17:00:00,5.537,5.53938,5.53379,5.53649,571.0
2026-03-16 18:00:00,5.53693,5.53767,5.53182,5.53237,553.0
2026-03-16 19:00:00,5.53224,5.53527,5.53,5.53354,915.0
2026-03-16 20:00:00,5.53363,5.53384,5.52714,5.52969,2424.0
2026-03-16 21:00:00,5.52964,5.54565,5.52866,5.54565,2750.0
2026-03-16 22:00:00,5.54556,5.55104,5.5423,5.54236,2329.0
2026-03-16 23:00:00,5.5423,5.55777,5.52193,5.53608,6140.0
2026-03-17 00:00:00,5.53579,5.54669,5.53146,5.5409,3158.0
2026-03-17 01:00:00,5.54088,5.55457,5.53654,5.53671,3841.0
2026-03-17 02:00:00,5.53672,5.54105,5.52798,5.5404,5689.0
2026-03-17 03:00:00,5.5404,5.54352,5.53588,5.5385,3216.0
2026-03-17 04:00:00,5.53847,5.55144,5.53364,5.55102,4758.0
2026-03-17 05:00:00,5.55101,5.55734,5.5481,5.55628,3832.0
2026-03-17 06:00:00,5.55561,5.55736,5.54796,5.55222,4864.0
2026-03-17 07:00:00,5.5522,5.55636,5.54756,5.54765,3680.0
2026-03-17 08:00:00,5.54754,5.5617,5.54572,5.56152,3660.0
2026-03-17 09:00:00,5.56161,5.57825,5.56095,5.57339,6429.0
2026-03-17 10:00:00,5.57334,5.57684,5.56434,5.56614,7622.0
2026-03-17 11:00:00,5.56604,5.56756,5.55198,5.56367,5879.0
2026-03-17 12:00:00,5.56368,5.56947,5.55888,5.56598,5442.0
2026-03-17 13:00:00,5.56589,5.57445,5.56554,5.57347,2834.0
2026-03-17 14:00:00,5.57358,5.57639,5.56674,5.56762,2214.0
2026-03-17 15:00:00,5.56765,5.56862,5.56516,5.56746,1126.0
2026-03-17 16:00:00,5.56744,5.56988,5.56656,5.5677,569.0
2026-03-17 17:00:00,5.56784,5.56933,5.56388,5.56572,1268.0
2026-03-17 18:00:00,5.56564,5.57087,5.56564,5.56962,1360.0
2026-03-17 19:00:00,5.56962,5.57156,5.56744,5.57133,2097.0
2026-03-17 20:00:00,5.57138,5.57548,5.56842,5.57036,3672.0
2026-03-17 21:00:00,5.57072,5.5795,5.57071,5.5751,4340.0
2026-03-17 22:00:00,5.57518,5.57598,5.56552,5.56656,2532.0
2026-03-17 23:00:00,5.56664,5.57482,5.56508,5.57454,1847.0
2026-03-18 00:00:00,5.5746,5.57937,5.57168,5.57645,2104.0
2026-03-18 01:00:00,5.5764,5.58026,5.5748,5.57926,2235.0
2026-03-18 02:00:00,5.57918,5.58339,5.57681,5.57972,2899.0
2026-03-18 03:00:00,5.57969,5.58174,5.57308,5.5754,2248.0
2026-03-18 04:00:00,5.5753,5.57594,5.56596,5.57198,3934.0
2026-03-18 05:00:00,5.57184,5.57587,5.56756,5.57526,2650.0
2026-03-18 06:00:00,5.57534,5.57551,5.56786,5.56835,1970.0
2026-03-18 07:00:00,5.56826,5.57334,5.55862,5.5653,4660.0
2026-03-18 08:00:00,5.56535,5.56586,5.53192,5.53214,9866.0
2026-03-18 09:00:00,5.53234,5.53803,5.521,5.53753,11682.0
2026-03-18 10:00:00,5.53758,5.5456,5.53071,5.54521,10066.0
2026-03-18 11:00:00,5.54546,5.5545,5.54335,5.54544,5858.0
2026-03-18 12:00:00,5.54542,5.552,5.54392,5.54916,4676.0
2026-03-18 13:00:00,5.54915,5.5515,5.54333,5.55036,4120.0
2026-03-18 14:00:00,5.55015,5.55744,5.52586,5.5268,10092.0
2026-03-18 15:00:00,5.52672,5.53038,5.51364,5.51544,7161.0
2026-03-18 16:00:00,5.5154,5.51684,5.5017,5.50566,2509.0
2026-03-18 17:00:00,5.50615,5.51653,5.50592,5.51434,1375.0
2026-03-18 18:00:00,5.5143,5.51524,5.50361,5.50526,836.0
2026-03-18 19:00:00,5.50518,5.5092,5.50308,5.50846,2240.0
2026-03-18 20:00:00,5.50829,5.52132,5.50685,5.52132,4444.0
2026-03-18 21:00:00,5.52142,5.52445,5.51579,5.52054,4432.0
2026-03-18 22:00:00,5.52049,5.53074,5.51342,5.5227,5138.0
2026-03-18 23:00:00,5.52266,5.52914,5.52198,5.52348,2146.0
2026-03-19 00:00:00,5.52331,5.52368,5.51596,5.51688,2574.0
2026-03-19 01:00:00,5.5169,5.52085,5.51162,5.5126,3174.0
2026-03-19 02:00:00,5.51279,5.52076,5.51045,5.51557,4716.0
2026-03-19 03:00:00,5.51558,5.5208,5.50338,5.50564,6198.0
2026-03-19 04:00:00,5.5056,5.5174,5.50316,5.51401,7948.0
2026-03-19 05:00:00,5.51412,5.53176,5.51412,5.52878,10802.0
2026-03-19 06:00:00,5.52854,5.52888,5.52158,5.52323,7918.0
2026-03-19 07:00:00,5.52334,5.52588,5.50991,5.51674,5524.0
2026-03-19 08:00:00,5.51663,5.51672,5.49129,5.49646,10000.0
2026-03-19 09:00:00,5.49642,5.51622,5.48076,5.51424,19554.0
2026-03-19 10:00:00,5.51424,5.52782,5.5054,5.51862,19433.0
2026-03-19 11:00:00,5.51842,5.53061,5.5029,5.5113,15275.0
2026-03-19 12:00:00,5.51125,5.52579,5.51,5.52004,13995.0
2026-03-19 13:00:00,5.52002,5.53039,5.5129,5.52676,7386.0
2026-03-19 14:00:00,5.5266,5.54133,5.52275,5.54133,5755.0
2026-03-19 15:00:00,5.54155,5.56842,5.54155,5.5505,16038.0
2026-03-19 16:00:00,5.55068,5.5534,5.54817,5.5527,2556.0
2026-03-19 17:00:00,5.5526,5.55516,5.54933,5.55304,1043.0
2026-03-19 18:00:00,5.55296,5.55566,5.54756,5.54809,859.0
2026-03-19 19:00:00,5.54816,5.5535,5.54478,5.5463,1365.0
2026-03-19 20:00:00,5.5462,5.55078,5.54077,5.55054,4358.0
2026-03-19 21:00:00,5.55044,5.55722,5.54838,5.5505,5556.0
2026-03-19 22:00:00,5.55068,5.5543,5.54728,5.55296,3536.0
2026-03-19 23:00:00,5.55296,5.55327,5.54618,5.5488,3559.0
2026-03-20 00:00:00,5.54871,5.55448,5.54592,5.55284,2460.0
2026-03-20 01:00:00,5.55296,5.55908,5.54924,5.54928,3437.0
2026-03-20 02:00:00,5.54935,5.55594,5.54522,5.54664,4939.0
2026-03-20 03:00:00,5.54665,5.56171,5.54302,5.55759,5119.0
2026-03-20 04:00:00,5.55778,5.56076,5.55207,5.55442,4889.0
2026-03-20 05:00:00,5.55452,5.55512,5.53468,5.53617,5534.0
2026-03-20 06:00:00,5.53626,5.53784,5.52601,5.53662,7453.0
2026-03-20 07:00:00,5.53671,5.55056,5.53532,5.54766,5942.0
2026-03-20 08:00:00,5.54774,5.5535,5.54139,5.5437,7853.0
2026-03-20 09:00:00,5.5438,5.5445,5.51748,5.51794,9154.0
2026-03-20 10:00:00,5.51782,5.52182,5.5045,5.51114,11443.0
2026-03-20 11:00:00,5.51112,5.52594,5.50747,5.50821,9986.0
2026-03-20 12:00:00,5.50814,5.52194,5.50721,5.51396,6969.0
2026-03-20 13:00:00,5.51422,5.51814,5.50748,5.5107,7041.0
2026-03-20 14:00:00,5.51088,5.51212,5.48984,5.49083,7133.0
2026-03-20 15:00:00,5.49092,5.49974,5.48695,5.49645,5470.0
2026-03-20 16:00:00,5.49651,5.5029,5.49442,5.50019,3349.0
2026-03-22 17:00:00,5.4822,5.48426,5.47968,5.47987,454.0
2026-03-22 18:00:00,5.48005,5.49314,5.47973,5.489,1676.0
2026-03-22 19:00:00,5.48896,5.49448,5.48803,5.49166,2716.0
2026-03-22 20:00:00,5.49174,5.49585,5.4744,5.48059,7460.0
2026-03-22 21:00:00,5.48049,5.4918,5.47475,5.47994,10411.0
2026-03-22 22:00:00,5.48002,5.48425,5.46332,5.46746,6118.0
2026-03-22 23:00:00,5.46756,5.47167,5.46412,5.46735,5773.0
2026-03-23 00:00:00,5.46744,5.47039,5.46379,5.46567,4404.0
2026-03-23 01:00:00,5.46566,5.46748,5.4503,5.4518,4636.0
2026-03-23 02:00:00,5.45168,5.45249,5.44169,5.44514,7043.0
2026-03-23 03:00:00,5.4451,5.45264,5.44008,5.44368,7824.0
2026-03-23 04:00:00,5.44394,5.46202,5.44349,5.45369,9218.0
2026-03-23 05:00:00,5.45378,5.45545,5.43297,5.43597,7192.0
2026-03-23 06:00:00,5.4358,5.43756,5.41098,5.42056,7710.0
2026-03-23 07:00:00,5.42074,5.51673,5.42068,5.47151,38175.0
2026-03-23 08:00:00,5.4716,5.50848,5.46164,5.5061,36392.0
2026-03-23 09:00:00,5.50674,5.50854,5.48123,5.50594,32879.0
2026-03-23 10:00:00,5.506,5.53199,5.50188,5.52023,25415.0
2026-03-23 11:00:00,5.5203,5.53022,5.47704,5.47928,23178.0
2026-03-23 12:00:00,5.47924,5.49148,5.47009,5.48658,21143.0
2026-03-23 13:00:00,5.48659,5.50476,5.48389,5.49464,15237.0
2026-03-23 14:00:00,5.49476,5.50685,5.48604,5.50513,15306.0
2026-03-23 15:00:00,5.50496,5.50586,5.49124,5.49242,9180.0
2026-03-23 16:00:00,5.49225,5.49423,5.48958,5.4922,3098.0
2026-03-23 17:00:00,5.4963,5.49712,5.48865,5.48884,1266.0
2026-03-23 18:00:00,5.48869,5.5034,5.48504,5.4984,1037.0
2026-03-23 19:00:00,5.49838,5.49838,5.48806,5.4909,2365.0
2026-03-23 20:00:00,5.49082,5.49135,5.459,5.47322,8460.0
2026-03-23 21:00:00,5.47314,5.4784,5.45593,5.45905,9691.0
2026-03-23 22:00:00,5.459,5.46878,5.45512,5.45943,7805.0
2026-03-23 23:00:00,5.45936,5.46467,5.45722,5.4595,4853.0
2026-03-24 00:00:00,5.4597,5.46028,5.4531,5.45722,3677.0
2026-03-24 01:00:00,5.45718,5.46179,5.44906,5.45833,6749.0
2026-03-24 02:00:00,5.45829,5.47584,5.45664,5.4755,5492.0
2026-03-24 03:00:00,5.4754,5.49733,5.47058,5.47672,11157.0
2026-03-24 04:00:00,5.4767,5.47706,5.45056,5.45342,10680.0
2026-03-24 05:00:00,5.4537,5.46083,5.44536,5.45964,7339.0
2026-03-24 06:00:00,5.45972,5.46315,5.45271,5.46118,7889.0
2026-03-24 07:00:00,5.461,5.46426,5.44338,5.45296,8889.0
2026-03-24 08:00:00,5.45314,5.45442,5.44008,5.4446,9206.0
2026-03-24 09:00:00,5.44455,5.4505,5.43596,5.45014,15315.0
2026-03-24 10:00:00,5.44999,5.47032,5.44641,5.45238,16085.0
2026-03-24 11:00:00,5.45214,5.4594,5.44707,5.45182,14485.0
2026-03-24 12:00:00,5.45192,5.45922,5.44786,5.45178,12606.0
2026-03-24 13:00:00,5.45172,5.45264,5.4305,5.44126,13696.0
2026-03-24 14:00:00,5.44134,5.45891,5.4373,5.45178,12813.0
2026-03-24 15:00:00,5.45208,5.46092,5.45208,5.45332,6289.0
2026-03-24 16:00:00,5.45334,5.4892,5.45218,5.4769,10311.0
2026-03-24 17:00:00,5.47251,5.47794,5.46758,5.47637,2088.0
2026-03-24 18:00:00,5.4764,5.47889,5.47288,5.47873,1456.0
2026-03-24 19:00:00,5.4785,5.48054,5.47214,5.47554,2826.0
2026-03-24 20:00:00,5.47542,5.4821,5.46537,5.47214,6102.0
2026-03-24 21:00:00,5.4721,5.47504,5.46468,5.46492,7812.0
2026-03-24 22:00:00,5.46501,5.46624,5.4561,5.45776,4584.0
2026-03-24 23:00:00,5.45776,5.46284,5.45672,5.46176,2847.0
2026-03-25 00:00:00,5.46172,5.46389,5.45852,5.45909,2401.0
2026-03-25 01:00:00,5.4592,5.46074,5.45482,5.4563,3506.0
2026-03-25 02:00:00,5.45612,5.45764,5.45168,5.45462,3717.0
2026-03-25 03:00:00,5.45454,5.45904,5.44473,5.44626,4985.0
2026-03-25 04:00:00,5.44634,5.46574,5.44425,5.45942,8458.0
2026-03-25 05:00:00,5.45934,5.46289,5.44404,5.45018,5274.0
2026-03-25 06:00:00,5.45036,5.45404,5.44186,5.44704,4200.0
2026-03-25 07:00:00,5.44707,5.45137,5.43952,5.44634,4510.0
2026-03-25 08:00:00,5.44644,5.45055,5.43349,5.44038,8763.0
2026-03-25 09:00:00,5.44089,5.44864,5.43156,5.43236,11012.0
2026-03-25 10:00:00,5.43248,5.4486,5.42847,5.44609,11308.0
2026-03-25 11:00:00,5.44621,5.45002,5.43122,5.44274,10016.0
2026-03-25 12:00:00,5.44263,5.44628,5.436,5.44076,8388.0
2026-03-25 13:00:00,5.44068,5.44974,5.438,5.44266,6152.0
2026-03-25 14:00:00,5.44256,5.44548,5.43008,5.43472,7436.0
2026-03-25 15:00:00,5.43464,5.43484,5.43005,5.43264,4439.0
2026-03-25 16:00:00,5.4326,5.43302,5.43058,5.43115,1155.0
2026-03-25 17:00:00,5.43448,5.43451,5.4315,5.43214,795.0
2026-03-25 18:00:00,5.4323,5.43531,5.42648,5.43094,769.0
2026-03-25 19:00:00,5.43102,5.43155,5.42534,5.42832,1069.0
2026-03-25 20:00:00,5.42834,5.43283,5.42078,5.42257,3866.0
2026-03-25 21:00:00,5.42266,5.4313,5.42254,5.42727,5926.0
2026-03-25 22:00:00,5.42732,5.43002,5.41935,5.42278,5114.0
2026-03-25 23:00:00,5.42268,5.43585,5.42268,5.43469,3662.0
2026-03-26 00:00:00,5.43464,5.43986,5.43322,5.43735,2675.0
2026-03-26 01:00:00,5.43741,5.43848,5.43159,5.4319,4230.0
2026-03-26 02:00:00,5.4317,5.43348,5.42656,5.43327,4517.0
2026-03-26 03:00:00,5.43342,5.43342,5.42436,5.42692,4464.0
2026-03-26 04:00:00,5.4269,5.43144,5.42256,5.43099,4902.0
2026-03-26 05:00:00,5.4309,5.43321,5.42195,5.42732,4701.0
2026-03-26 06:00:00,5.42734,5.43096,5.42332,5.42466,3143.0
2026-03-26 07:00:00,5.42458,5.42574,5.40586,5.4063,2429.0
2026-03-26 08:00:00,5.40619,5.41376,5.39952,5.40194,3723.0
2026-03-26 09:00:00,5.40202,5.4218,5.40183,5.4183,8831.0
2026-03-26 10:00:00,5.41821,5.4222,5.40516,5.41194,11814.0
2026-03-26 11:00:00,5.41212,5.41708,5.40318,5.40815,9229.0
2026-03-26 12:00:00,5.40826,5.40989,5.39689,5.39914,5125.0
2026-03-26 13:00:00,5.39912,5.40226,5.38836,5.38836,4852.0
2026-03-26 14:00:00,5.38847,5.39578,5.38837,5.39565,5213.0
2026-03-26 15:00:00,5.39566,5.39593,5.38182,5.38229,3368.0
2026-03-26 16:00:00,5.38226,5.4149,5.38128,5.38965,9222.0
2026-03-26 17:00:00,5.39266,5.39776,5.38502,5.39237,1612.0
2026-03-26 18:00:00,5.39219,5.39501,5.3891,5.3945,1105.0
2026-03-26 19:00:00,5.3944,5.39658,5.38892,5.3893,3713.0
2026-03-26 20:00:00,5.38926,5.39336,5.37743,5.37963,4700.0
2026-03-26 21:00:00,5.3796,5.39357,5.37702,5.39322,5111.0
2026-03-26 22:00:00,5.39342,5.40006,5.3928,5.39749,3271.0
2026-03-26 23:00:00,5.39746,5.40774,5.3962,5.40727,3473.0
2026-03-27 00:00:00,5.40718,5.41245,5.40554,5.41114,1612.0
2026-03-27 01:00:00,5.41115,5.41262,5.40111,5.40209,3137.0
2026-03-27 02:00:00,5.402,5.40834,5.39882,5.40424,3046.0
2026-03-27 03:00:00,5.40428,5.40535,5.39081,5.39518,3117.0
2026-03-27 04:00:00,5.39506,5.40412,5.39036,5.40173,5000.0
2026-03-27 05:00:00,5.40157,5.40536,5.3952,5.3989,4229.0
2026-03-27 06:00:00,5.39882,5.4054,5.39634,5.40024,4304.0
2026-03-27 07:00:00,5.40033,5.40328,5.39529,5.39548,5955.0
2026-03-27 08:00:00,5.39554,5.39741,5.3901,5.39525,6463.0
2026-03-27 09:00:00,5.3954,5.40346,5.38703,5.39423,10642.0
2026-03-27 10:00:00,5.39394,5.40346,5.39274,5.3972,11274.0
2026-03-27 11:00:00,5.39716,5.40744,5.39332,5.39535,12229.0
2026-03-27 12:00:00,5.3954,5.39851,5.38792,5.39191,5710.0
2026-03-27 13:00:00,5.3918,5.4001,5.37623,5.38045,7980.0
2026-03-27 14:00:00,5.38036,5.38675,5.37778,5.38324,8168.0
2026-03-27 15:00:00,5.38334,5.38546,5.37937,5.38426,6859.0
2026-03-27 16:00:00,5.38417,5.38943,5.37784,5.3838,2813.0
2026-03-29 17:00:00,5.37796,5.38081,5.36862,5.37824,1150.0
2026-03-29 18:00:00,5.37795,5.38002,5.36314,5.36572,1856.0
2026-03-29 19:00:00,5.36578,5.3698,5.36292,5.36582,3263.0
2026-03-29 20:00:00,5.36586,5.37276,5.35958,5.36738,9077.0
2026-03-29 21:00:00,5.36732,5.3754,5.36405,5.36718,7018.0
2026-03-29 22:00:00,5.36721,5.37513,5.36535,5.37084,4872.0
2026-03-29 23:00:00,5.37094,5.38284,5.37011,5.38055,3482.0
2026-03-30 00:00:00,5.3807,5.38426,5.37772,5.37813,1553.0
2026-03-30 01:00:00,5.37823,5.38252,5.37577,5.37999,3413.0
2026-03-30 02:00:00,5.38009,5.38444,5.37542,5.37562,2786.0
2026-03-30 03:00:00,5.37554,5.37782,5.36532,5.368,4354.0
2026-03-30 04:00:00,5.36792,5.37568,5.366,5.37006,5118.0
2026-03-30 05:00:00,5.37023,5.3733,5.36508,5.37226,3397.0
2026-03-30 06:00:00,5.37231,5.3765,5.37058,5.37148,3112.0
2026-03-30 07:00:00,5.37154,5.38152,5.36963,5.37386,6074.0
2026-03-30 08:00:00,5.37398,5.37883,5.37057,5.37638,4802.0
2026-03-30 09:00:00,5.37666,5.3792,5.36062,5.3616,7962.0
2026-03-30 10:00:00,5.36156,5.37192,5.35392,5.37178,11765.0
2026-03-30 11:00:00,5.37201,5.37618,5.3635,5.37363,7693.0
2026-03-30 12:00:00,5.37358,5.37429,5.36792,5.37263,4969.0
2026-03-30 13:00:00,5.37271,5.37681,5.36884,5.37141,6299.0
2026-03-30 14:00:00,5.37132,5.37432,5.36816,5.36943,3893.0
2026-03-30 15:00:00,5.36932,5.37004,5.36138,5.36809,2980.0
2026-03-30 16:00:00,5.36807,5.3704,5.36597,5.3694,1080.0
2026-03-30 17:00:00,5.36702,5.37035,5.36487,5.36914,574.0
2026-03-30 18:00:00,5.36921,5.37119,5.36767,5.37004,419.0
2026-03-30 19:00:00,5.37,5.37,5.36178,5.36378,1862.0
2026-03-30 20:00:00,5.36379,5.37941,5.3556,5.37358,9543.0
2026-03-30 21:00:00,5.37339,5.38881,5.371,5.38166,8887.0
2026-03-30 22:00:00,5.38148,5.38406,5.37532,5.37536,5361.0
2026-03-30 23:00:00,5.37528,5.37674,5.36544,5.36794,3321.0
2026-03-31 00:00:00,5.36801,5.37244,5.36462,5.3647,2842.0
2026-03-31 01:00:00,5.36462,5.37366,5.36048,5.36909,3945.0
2026-03-31 02:00:00,5.36916,5.37259,5.36449,5.3719,3947.0
2026-03-31 03:00:00,5.37181,5.3829,5.36474,5.38243,4690.0
2026-03-31 04:00:00,5.38226,5.38474,5.3739,5.37828,4986.0
2026-03-31 05:00:00,5.37832,5.38335,5.37338,5.37443,3537.0
2026-03-31 06:00:00,5.37468,5.37572,5.37016,5.37086,3144.0
2026-03-31 07:00:00,5.37081,5.39847,5.36988,5.39554,7429.0
2026-03-31 08:00:00,5.39562,5.40165,5.38784,5.39048,7876.0
2026-03-31 09:00:00,5.39055,5.39891,5.38657,5.39644,6121.0
2026-03-31 10:00:00,5.39632,5.39836,5.35892,5.36988,9632.0
2026-03-31 11:00:00,5.36978,5.38388,5.36964,5.37352,10624.0
2026-03-31 12:00:00,5.37356,5.40901,5.37242,5.39869,13709.0
2026-03-31 13:00:00,5.3989,5.41026,5.3962,5.39736,14041.0
2026-03-31 14:00:00,5.39748,5.40707,5.39674,5.40139,7118.0
2026-03-31 15:00:00,5.40131,5.41071,5.39837,5.40978,4610.0
2026-03-31 16:00:00,5.40983,5.41234,5.40776,5.40955,1960.0
2026-03-31 17:00:00,5.40598,5.41197,5.40574,5.41084,1024.0
2026-03-31 18:00:00,5.4111,5.41264,5.40654,5.41128,799.0
2026-03-31 19:00:00,5.41111,5.42504,5.4104,5.42438,982.0
2026-03-31 20:00:00,5.42424,5.43154,5.42058,5.42958,5431.0
2026-03-31 21:00:00,5.42959,5.43014,5.41644,5.42056,6505.0
2026-03-31 22:00:00,5.42065,5.42476,5.417,5.41744,3706.0
2026-03-31 23:00:00,5.41724,5.41868,5.4089,5.41175,2935.0
2026-04-01 00:00:00,5.41176,5.41352,5.40802,5.41021,2830.0
2026-04-01 01:00:00,5.4107,5.42068,5.40914,5.41256,3997.0
2026-04-01 02:00:00,5.41261,5.44276,5.41064,5.44246,6896.0
2026-04-01 03:00:00,5.44256,5.44474,5.42853,5.4307,5634.0
2026-04-01 04:00:00,5.43042,5.44998,5.42807,5.44084,5079.0
2026-04-01 05:00:00,5.44092,5.44456,5.43549,5.4411,3532.0
2026-04-01 06:00:00,5.44117,5.44604,5.43866,5.44304,3056.0
2026-04-01 07:00:00,5.44314,5.45438,5.44176,5.45044,2151.0
2026-04-01 08:00:00,5.45036,5.45762,5.43625,5.43946,6764.0
2026-04-01 09:00:00,5.43938,5.45134,5.43352,5.44147,11919.0
2026-04-01 10:00:00,5.44106,5.44802,5.43424,5.44156,13484.0
2026-04-01 11:00:00,5.44176,5.44604,5.4344,5.44218,8026.0
2026-04-01 12:00:00,5.44222,5.4448,5.43502,5.44424,7507.0
2026-04-01 13:00:00,5.4443,5.44794,5.43276,5.43278,3217.0
2026-04-01 14:00:00,5.43292,5.43317,5.41809,5.42076,4803.0
2026-04-01 15:00:00,5.42084,5.43003,5.41928,5.42635,3019.0
2026-04-01 16:00:00,5.42634,5.43165,5.42616,5.4311,1116.0
2026-04-01 17:00:00,5.42681,5.4315,5.42596,5.43106,654.0
2026-04-01 18:00:00,5.43105,5.43164,5.4257,5.42763,830.0
2026-04-01 19:00:00,5.42769,5.43035,5.4248,5.42606,1292.0
2026-04-01 20:00:00,5.42598,5.43539,5.4232,5.43257,6006.0
2026-04-01 21:00:00,5.43248,5.44028,5.39115,5.39564,24793.0
2026-04-01 22:00:00,5.39546,5.40422,5.39242,5.39657,9873.0
2026-04-01 23:00:00,5.39652,5.40046,5.39366,5.39474,5309.0
2026-04-02 00:00:00,5.39474,5.39518,5.38719,5.39098,3682.0
2026-04-02 01:00:00,5.39109,5.39326,5.38107,5.38156,4217.0
2026-04-02 02:00:00,5.38164,5.38835,5.38102,5.38783,4052.0
2026-04-02 03:00:00,5.38784,5.39556,5.38534,5.39548,2926.0
2026-04-02 04:00:00,5.39558,5.39637,5.38686,5.38794,2582.0
2026-04-02 05:00:00,5.38784,5.39103,5.38152,5.38974,2146.0
2026-04-02 06:00:00,5.38982,5.39032,5.3787,5.379,2330.0
2026-04-02 07:00:00,5.3791,5.38178,5.37626,5.38093,2323.0
2026-04-02 08:00:00,5.381,5.39744,5.38026,5.39299,4252.0
2026-04-02 09:00:00,5.39306,5.40426,5.38847,5.40345,8767.0
2026-04-02 10:00:00,5.40366,5.41978,5.39966,5.4172,13532.0
2026-04-02 11:00:00,5.41734,5.42164,5.41064,5.41525,11687.0
2026-04-02 12:00:00,5.41528,5.42096,5.41088,5.41456,5942.0
2026-04-02 13:00:00,5.41446,5.41948,5.411,5.4126,3651.0
2026-04-02 14:00:00,5.41274,5.41614,5.41018,5.41278,2651.0
2026-04-02 15:00:00,5.4131,5.4172,5.41124,5.41351,2178.0
2026-04-02 16:00:00,5.41342,5.41897,5.41219,5.41655,1008.0
2026-04-02 17:00:00,5.40783,5.41665,5.40783,5.41354,2225.0
2026-04-02 18:00:00,5.41434,5.41657,5.41363,5.41624,298.0
2026-04-02 19:00:00,5.41626,5.41782,5.41602,5.41612,175.0
2026-04-02 20:00:00,5.41617,5.4204,5.41617,5.41807,1451.0
2026-04-02 21:00:00,5.4181,5.41834,5.41471,5.41512,1486.0
2026-04-02 22:00:00,5.41508,5.417,5.41232,5.41432,1266.0
2026-04-02 23:00:00,5.41435,5.41541,5.41284,5.41356,435.0
2026-04-03 00:00:00,5.41356,5.41433,5.41172,5.41342,1000.0
2026-04-03 01:00:00,5.41348,5.41485,5.41102,5.41485,1290.0
2026-04-03 02:00:00,5.41482,5.41638,5.41257,5.41572,1175.0
2026-04-03 03:00:00,5.41567,5.4197,5.4146,5.41498,579.0
2026-04-03 04:00:00,5.41486,5.4155,5.41192,5.41468,463.0
2026-04-03 05:00:00,5.4146,5.41548,5.41184,5.41264,373.0
2026-04-03 06:00:00,5.41296,5.41434,5.41018,5.41258,510.0
2026-04-03 07:00:00,5.4125,5.41492,5.41166,5.41349,425.0
2026-04-03 08:00:00,5.4136,5.4167,5.4044,5.40725,3293.0
2026-04-03 09:00:00,5.40745,5.41244,5.4067,5.4101,1388.0
2026-04-03 10:00:00,5.41004,5.41027,5.40166,5.40229,935.0
2026-04-03 11:00:00,5.40228,5.40383,5.40062,5.40184,1578.0
2026-04-03 12:00:00,5.4018,5.40408,5.40013,5.40086,1879.0
2026-04-03 13:00:00,5.40096,5.40314,5.39838,5.4016,1791.0
2026-04-03 14:00:00,5.40164,5.40165,5.39864,5.39941,1550.0
2026-04-03 15:00:00,5.39934,5.40184,5.39559,5.39615,2743.0
2026-04-03 16:00:00,5.39616,5.41062,5.39605,5.40401,3494.0
2026-04-05 17:00:00,5.3984,5.3986,5.39553,5.3977,2897.0
2026-04-05 18:00:00,5.39774,5.40006,5.38906,5.3986,2470.0
2026-04-05 19:00:00,5.39894,5.40078,5.39504,5.39565,1934.0
2026-04-05 20:00:00,5.39555,5.40478,5.39529,5.40416,4842.0
2026-04-05 21:00:00,5.40426,5.40635,5.40165,5.40385,3771.0
2026-04-05 22:00:00,5.40383,5.42068,5.40383,5.41139,6936.0
2026-04-05 23:00:00,5.41134,5.41266,5.40888,5.41037,3580.0
2026-04-06 00:00:00,5.41054,5.41569,5.40981,5.41519,2112.0
2026-04-06 01:00:00,5.41506,5.41793,5.41353,5.4138,2116.0
2026-04-06 02:00:00,5.41388,5.42192,5.41208,5.41822,2585.0
2026-04-06 03:00:00,5.4185,5.43348,5.41412,5.43022,2605.0
2026-04-06 04:00:00,5.43014,5.4347,5.4276,5.4314,2354.0
2026-04-06 05:00:00,5.43148,5.43579,5.42643,5.42706,2159.0
2026-04-06 06:00:00,5.42714,5.43227,5.4219,5.42876,2319.0
2026-04-06 07:00:00,5.42899,5.43224,5.42494,5.42958,1662.0
2026-04-06 08:00:00,5.4297,5.43126,5.42526,5.4294,1449.0
2026-04-06 09:00:00,5.42938,5.43381,5.42677,5.43196,5272.0
2026-04-06 10:00:00,5.43244,5.43734,5.42126,5.42448,9073.0
2026-04-06 11:00:00,5.42431,5.42443,5.4165,5.42148,3966.0
2026-04-06 12:00:00,5.42146,5.42296,5.4181,5.41986,2975.0
2026-04-06 13:00:00,5.41994,5.42254,5.412,5.41864,3722.0
2026-04-06 14:00:00,5.41872,5.42684,5.4178,5.42276,2680.0
2026-04-06 15:00:00,5.42296,5.42449,5.42092,5.42244,1158.0
2026-04-06 16:00:00,5.42242,5.42354,5.42153,5.42205,686.0
2026-04-06 17:00:00,5.42066,5.4248,5.42039,5.422,559.0
2026-04-06 18:00:00,5.4219,5.42591,5.41912,5.41992,694.0
2026-04-06 19:00:00,5.4199,5.42169,5.41869,5.42056,1195.0
2026-04-06 20:00:00,5.42044,5.42523,5.41637,5.41654,5346.0
2026-04-06 21:00:00,5.41663,5.42172,5.4064,5.40928,4869.0
2026-04-06 22:00:00,5.40936,5.41514,5.40624,5.414,2674.0
2026-04-06 23:00:00,5.41408,5.41876,5.41325,5.417,1732.0
2026-04-07 00:00:00,5.4171,5.42326,5.41482,5.42138,2072.0
2026-04-07 01:00:00,5.42146,5.42195,5.41478,5.4202,2940.0
2026-04-07 02:00:00,5.42022,5.4247,5.41938,5.42229,2504.0
2026-04-07 03:00:00,5.42236,5.42292,5.41514,5.41966,3046.0
2026-04-07 04:00:00,5.41958,5.44526,5.41914,5.44278,7940.0
2026-04-07 05:00:00,5.44266,5.44341,5.43711,5.43827,3452.0
2026-04-07 06:00:00,5.43829,5.44057,5.42586,5.42964,7609.0
2026-04-07 07:00:00,5.42976,5.43612,5.42671,5.43538,3104.0
2026-04-07 08:00:00,5.43556,5.44357,5.43019,5.43624,5331.0
2026-04-07 09:00:00,5.43636,5.43856,5.42873,5.42964,5997.0
2026-04-07 10:00:00,5.42959,5.44785,5.42604,5.43674,8910.0
2026-04-07 11:00:00,5.4368,5.44412,5.42902,5.44078,7027.0
2026-04-07 12:00:00,5.44086,5.44802,5.43855,5.44289,7293.0
2026-04-07 13:00:00,5.4428,5.45275,5.4414,5.44941,5312.0
2026-04-07 14:00:00,5.4495,5.45222,5.44218,5.44418,3559.0
2026-04-07 15:00:00,5.44421,5.46456,5.44232,5.46196,9149.0
2026-04-07 16:00:00,5.46193,5.46854,5.46076,5.46695,3806.0
2026-04-07 17:00:00,5.46212,5.47243,5.4618,5.46769,2880.0
2026-04-07 18:00:00,5.46732,5.52596,5.4581,5.52396,8919.0
2026-04-07 19:00:00,5.52386,5.54462,5.5188,5.5437,10251.0
2026-04-07 20:00:00,5.5439,5.55037,5.5227,5.52668,10144.0
2026-04-07 21:00:00,5.52677,5.54028,5.52597,5.53376,6009.0
2026-04-07 22:00:00,5.53368,5.5382,5.52151,5.5238,5780.0
2026-04-07 23:00:00,5.52391,5.52646,5.51632,5.52484,3564.0
2026-04-08 00:00:00,5.5248,5.53676,5.52436,5.53584,3524.0
2026-04-08 01:00:00,5.53594,5.54805,5.53176,5.53814,3670.0
2026-04-08 02:00:00,5.53812,5.54416,5.53098,5.53672,5468.0
2026-04-08 03:00:00,5.53679,5.53734,5.52473,5.53024,5463.0
2026-04-08 04:00:00,5.53015,5.53202,5.50874,5.51851,4686.0
2026-04-08 05:00:00,5.51848,5.52254,5.50922,5.51084,4173.0
2026-04-08 06:00:00,5.51076,5.51735,5.50935,5.51298,2635.0
2026-04-08 07:00:00,5.5129,5.52725,5.50866,5.52473,3739.0
2026-04-08 08:00:00,5.52498,5.53975,5.51717,5.53741,7703.0
2026-04-08 09:00:00,5.53733,5.54304,5.5207,5.52564,8851.0
2026-04-08 10:00:00,5.52542,5.53058,5.51554,5.52776,12584.0
2026-04-08 11:00:00,5.52786,5.53224,5.52124,5.5297,9053.0
2026-04-08 12:00:00,5.52952,5.53094,5.52276,5.52976,5536.0
2026-04-08 13:00:00,5.52967,5.53144,5.51798,5.52398,4623.0
2026-04-08 14:00:00,5.52429,5.52814,5.5067,5.50732,7204.0
2026-04-08 15:00:00,5.50724,5.52538,5.50446,5.52415,5212.0
2026-04-08 16:00:00,5.52408,5.52538,5.5166,5.51685,1237.0
2026-04-08 17:00:00,5.51813,5.52186,5.51438,5.51948,1588.0
2026-04-08 18:00:00,5.51952,5.51988,5.51618,5.51887,664.0
2026-04-08 19:00:00,5.51884,5.51958,5.51308,5.51336,1915.0
2026-04-08 20:00:00,5.5135,5.51376,5.50629,5.5101,5103.0
2026-04-08 21:00:00,5.51006,5.51184,5.50091,5.5092,5447.0
2026-04-08 22:00:00,5.50923,5.51578,5.50628,5.51411,3186.0
2026-04-08 23:00:00,5.51381,5.51707,5.51192,5.51578,1903.0
2026-04-09 00:00:00,5.51586,5.52083,5.51546,5.51613,1652.0
2026-04-09 01:00:00,5.51612,5.51985,5.51048,5.5115,3518.0
2026-04-09 02:00:00,5.5115,5.51532,5.5083,5.5152,3446.0
2026-04-09 03:00:00,5.51533,5.51598,5.50436,5.50606,3671.0
2026-04-09 04:00:00,5.50614,5.50952,5.50204,5.50594,3400.0
2026-04-09 05:00:00,5.50585,5.5109,5.50258,5.50958,2875.0
2026-04-09 06:00:00,5.50952,5.5117,5.5073,5.50768,2288.0
2026-04-09 07:00:00,5.5076,5.52072,5.50717,5.52046,2765.0
2026-04-09 08:00:00,5.5204,5.52079,5.5107,5.51713,3418.0
2026-04-09 09:00:00,5.51722,5.52954,5.5156,5.52368,4427.0
2026-04-09 10:00:00,5.52378,5.5318,5.52004,5.53122,6036.0
2026-04-09 11:00:00,5.5311,5.55182,5.52635,5.55126,8368.0
2026-04-09 12:00:00,5.55116,5.55683,5.54884,5.55143,6141.0
2026-04-09 13:00:00,5.55151,5.55803,5.55033,5.55426,3727.0
2026-04-09 14:00:00,5.55434,5.55434,5.54106,5.54498,4916.0
2026-04-09 15:00:00,5.54492,5.55145,5.54442,5.54998,2276.0
2026-04-09 16:00:00,5.54992,5.5512,5.54806,5.54925,868.0
2026-04-09 17:00:00,5.54673,5.552,5.54544,5.5475,1185.0
2026-04-09 18:00:00,5.55,5.55148,5.54548,5.54612,688.0
2026-04-09 19:00:00,5.54627,5.54662,5.54218,5.54264,814.0
2026-04-09 20:00:00,5.54288,5.54336,5.5386,5.54283,3098.0
2026-04-09 21:00:00,5.54284,5.54884,5.53966,5.54344,3570.0
2026-04-09 22:00:00,5.5436,5.54536,5.53776,5.53799,2335.0
2026-04-09 23:00:00,5.53804,5.5415,5.5368,5.53971,1651.0
2026-04-10 00:00:00,5.53966,5.54098,5.53576,5.53726,1778.0
2026-04-10 01:00:00,5.53725,5.53958,5.53491,5.53928,2128.0
2026-04-10 02:00:00,5.53912,5.54168,5.53168,5.53215,2543.0
2026-04-10 03:00:00,5.53207,5.53474,5.52482,5.52598,3045.0
2026-04-10 04:00:00,5.52584,5.53398,5.5251,5.52916,2588.0
2026-04-10 05:00:00,5.52927,5.5393,5.52822,5.53643,4426.0
2026-04-10 06:00:00,5.53644,5.53744,5.53262,5.53605,2591.0
2026-04-10 07:00:00,5.53595,5.53936,5.53508,5.53898,1776.0
2026-04-10 08:00:00,5.53906,5.54838,5.53868,5.54268,5325.0
2026-04-10 09:00:00,5.54248,5.5517,5.54014,5.54389,5732.0
2026-04-10 10:00:00,5.5438,5.55606,5.5426,5.54772,6413.0
2026-04-10 11:00:00,5.54754,5.55184,5.54132,5.54242,4950.0
2026-04-10 12:00:00,5.54244,5.54258,5.5334,5.53836,3189.0
2026-04-10 13:00:00,5.53827,5.54282,5.53556,5.54054,2709.0
2026-04-10 14:00:00,5.54045,5.54679,5.53694,5.54414,2148.0
2026-04-10 15:00:00,5.54442,5.54494,5.54216,5.5424,1587.0
2026-04-10 16:00:00,5.54234,5.54377,5.52543,5.53168,2296.0
2026-04-12 17:00:00,5.47754,5.4936,5.47625,5.49037,1033.0
2026-04-12 18:00:00,5.489,5.4996,5.48418,5.49836,2132.0
2026-04-12 19:00:00,5.4984,5.50038,5.4922,5.49838,2250.0
2026-04-12 20:00:00,5.4985,5.50989,5.49618,5.50989,4621.0
2026-04-12 21:00:00,5.50998,5.5165,5.50388,5.5087,3331.0
2026-04-12 22:00:00,5.50865,5.51336,5.50668,5.51192,2246.0
2026-04-12 23:00:00,5.5121,5.51375,5.50806,5.51278,1953.0
2026-04-13 00:00:00,5.51286,5.51458,5.51152,5.51194,1774.0
2026-04-13 01:00:00,5.51186,5.51646,5.50975,5.51342,2485.0
2026-04-13 02:00:00,5.51342,5.51745,5.51318,5.51708,2876.0
2026-04-13 03:00:00,5.51708,5.52698,5.51342,5.5257,3452.0
2026-04-13 04:00:00,5.52564,5.52742,5.52106,5.52236,2730.0
2026-04-13 05:00:00,5.52246,5.52479,5.51731,5.51879,1788.0
2026-04-13 06:00:00,5.51886,5.52234,5.51754,5.52156,1515.0
2026-04-13 07:00:00,5.52164,5.5258,5.50938,5.50976,3478.0
2026-04-13 08:00:00,5.50983,5.51782,5.50517,5.51656,4455.0
2026-04-13 09:00:00,5.5166,5.53202,5.51536,5.52798,7091.0
2026-04-13 10:00:00,5.52788,5.53773,5.52709,5.53432,7705.0
2026-04-13 11:00:00,5.53428,5.53522,5.52645,5.53104,5405.0
2026-04-13 12:00:00,5.53105,5.54876,5.52792,5.54668,7766.0
2026-04-13 13:00:00,5.54666,5.55344,5.54658,5.55166,3138.0
2026-04-13 14:00:00,5.55174,5.5602,5.55022,5.55949,2229.0
2026-04-13 15:00:00,5.55947,5.56047,5.55522,5.55724,1608.0
2026-04-13 16:00:00,5.55718,5.55887,5.55567,5.5565,782.0
2026-04-13 17:00:00,5.55364,5.55897,5.55364,5.55616,887.0
2026-04-13 18:00:00,5.55604,5.56132,5.55565,5.56032,517.0
2026-04-13 19:00:00,5.5603,5.56202,5.55701,5.55834,1719.0
2026-04-13 20:00:00,5.55832,5.55844,5.54966,5.55316,4149.0
2026-04-13 21:00:00,5.55326,5.55376,5.54506,5.54557,3065.0
2026-04-13 22:00:00,5.5456,5.55048,5.54478,5.54762,1950.0
2026-04-13 23:00:00,5.5477,5.55122,5.547,5.54892,1119.0
2026-04-14 00:00:00,5.54899,5.55405,5.54857,5.55124,1123.0
2026-04-14 01:00:00,5.55141,5.5521,5.54391,5.54621,1821.0
2026-04-14 02:00:00,5.54619,5.55691,5.54319,5.55624,2253.0
2026-04-14 03:00:00,5.55619,5.56534,5.55618,5.55958,4026.0
2026-04-14 04:00:00,5.55952,5.56817,5.55726,5.56568,2569.0
2026-04-14 05:00:00,5.56578,5.57358,5.5654,5.57269,1617.0
2026-04-14 06:00:00,5.57268,5.5794,5.57262,5.57668,1918.0
2026-04-14 07:00:00,5.57676,5.58528,5.57608,5.58184,2507.0
2026-04-14 08:00:00,5.58193,5.5902,5.57746,5.58982,4251.0
2026-04-14 09:00:00,5.5896,5.59248,5.58486,5.59118,4503.0
2026-04-14 10:00:00,5.59133,5.5993,5.59024,5.59459,4363.0
2026-04-14 11:00:00,5.59456,5.59457,5.58519,5.58525,4813.0
2026-04-14 12:00:00,5.5852,5.5867,5.58328,5.58445,2562.0
2026-04-14 13:00:00,5.58444,5.58942,5.58276,5.58717,1806.0
2026-04-14 14:00:00,5.58726,5.58822,5.58066,5.58246,1649.0
2026-04-14 15:00:00,5.58248,5.58416,5.58142,5.58206,1189.0
2026-04-14 16:00:00,5.58194,5.5833,5.58163,5.58265,617.0
2026-04-14 17:00:00,5.57766,5.58285,5.57675,5.58245,1183.0
2026-04-14 18:00:00,5.58255,5.58438,5.58177,5.58418,1255.0
2026-04-14 19:00:00,5.58418,5.58794,5.58338,5.58474,1518.0
2026-04-14 20:00:00,5.58456,5.58548,5.58014,5.58246,3090.0
2026-04-14 21:00:00,5.58254,5.58606,5.57991,5.58513,3440.0
2026-04-14 22:00:00,5.58503,5.58864,5.58208,5.58786,1675.0
2026-04-14 23:00:00,5.58778,5.59044,5.58572,5.58874,1150.0
2026-04-15 00:00:00,5.58862,5.59138,5.58838,5.59058,795.0
2026-04-15 01:00:00,5.5905,5.5991,5.5905,5.59414,2136.0
2026-04-15 02:00:00,5.59422,5.5985,5.5928,5.59298,2650.0
2026-04-15 03:00:00,5.59304,5.60178,5.59253,5.59744,2691.0
2026-04-15 04:00:00,5.59756,5.60076,5.59468,5.5973,2133.0
2026-04-15 05:00:00,5.59742,5.5986,5.5887,5.59656,2944.0
2026-04-15 06:00:00,5.59661,5.60006,5.58585,5.5924,4298.0
2026-04-15 07:00:00,5.59248,5.59808,5.58972,5.59398,2816.0
2026-04-15 08:00:00,5.5938,5.59466,5.58896,5.59281,3127.0
2026-04-15 09:00:00,5.59296,5.60066,5.59296,5.59784,5604.0
2026-04-15 10:00:00,5.59796,5.61132,5.59714,5.60659,4571.0
2026-04-15 11:00:00,5.60652,5.61458,5.60467,5.60924,4423.0
2026-04-15 12:00:00,5.60918,5.61574,5.60868,5.6139,2832.0
2026-04-15 13:00:00,5.61398,5.61528,5.60956,5.61282,1675.0
2026-04-15 14:00:00,5.61271,5.62091,5.61184,5.62044,2634.0
2026-04-15 15:00:00,5.62034,5.6228,5.61804,5.62018,1162.0
2026-04-15 16:00:00,5.62023,5.62023,5.61652,5.61795,517.0
2026-04-15 17:00:00,5.61309,5.62065,5.61309,5.61757,661.0
2026-04-15 18:00:00,5.61788,5.6203,5.61775,5.61916,622.0
2026-04-15 19:00:00,5.61918,5.62068,5.6169,5.62034,891.0
2026-04-15 20:00:00,5.62028,5.62108,5.61564,5.6193,2775.0
2026-04-15 21:00:00,5.61922,5.62152,5.61058,5.61966,3940.0
2026-04-15 22:00:00,5.61964,5.63324,5.61884,5.63048,3640.0
2026-04-15 23:00:00,5.63037,5.63744,5.62993,5.63286,2236.0
2026-04-16 00:00:00,5.6329,5.63466,5.62876,5.62934,1458.0
2026-04-16 01:00:00,5.62934,5.63214,5.62514,5.62916,2385.0
2026-04-16 02:00:00,5.62912,5.63132,5.6213,5.62758,3122.0
2026-04-16 03:00:00,5.6277,5.62972,5.62396,5.62466,3952.0
2026-04-16 04:00:00,5.62474,5.62554,5.61246,5.6159,3329.0
2026-04-16 05:00:00,5.61592,5.61662,5.60866,5.61208,2236.0
2026-04-16 06:00:00,5.61197,5.61259,5.60706,5.60945,2336.0
2026-04-16 07:00:00,5.60922,5.61511,5.60922,5.61356,2501.0
2026-04-16 08:00:00,5.61365,5.61538,5.60735,5.61318,2831.0
2026-04-16 09:00:00,5.61324,5.6174,5.60861,5.613,5338.0
2026-04-16 10:00:00,5.61312,5.6178,5.60414,5.60533,6713.0
2026-04-16 11:00:00,5.60536,5.61189,5.60402,5.60962,5426.0
2026-04-16 12:00:00,5.60964,5.61413,5.59746,5.60222,5905.0
2026-04-16 13:00:00,5.60224,5.60244,5.59737,5.60022,4555.0
2026-04-16 14:00:00,5.60034,5.60416,5.59888,5.60033,3458.0
2026-04-16 15:00:00,5.60022,5.60504,5.60013,5.60346,1320.0
2026-04-16 16:00:00,5.60356,5.60402,5.60178,5.6037,1718.0
2026-04-16 17:00:00,5.60567,5.60648,5.60018,5.60188,1810.0
2026-04-16 18:00:00,5.60178,5.6056,5.60178,5.60508,1940.0
2026-04-16 19:00:00,5.60518,5.60693,5.59994,5.60024,1922.0
2026-04-16 20:00:00,5.60008,5.60528,5.59655,5.60342,3467.0
2026-04-16 21:00:00,5.60354,5.60814,5.60304,5.6053,3311.0
2026-04-16 22:00:00,5.60538,5.60848,5.60418,5.60652,1223.0
2026-04-16 23:00:00,5.60642,5.61055,5.60464,5.60955,1253.0
2026-04-17 00:00:00,5.60946,5.61292,5.60914,5.6123,995.0
2026-04-17 01:00:00,5.61234,5.61413,5.6101,5.61208,1572.0
2026-04-17 02:00:00,5.61202,5.61292,5.60534,5.60542,2689.0
2026-04-17 03:00:00,5.60554,5.61516,5.60504,5.61482,2368.0
2026-04-17 04:00:00,5.61499,5.62337,5.61364,5.6221,2025.0
2026-04-17 05:00:00,5.62208,5.62422,5.61544,5.6167,1947.0
2026-04-17 06:00:00,5.6166,5.61836,5.61504,5.61567,1484.0
2026-04-17 07:00:00,5.61583,5.6197,5.61256,5.61697,1841.0
2026-04-17 08:00:00,5.61702,5.64712,5.61617,5.64688,9149.0
2026-04-17 09:00:00,5.64692,5.6549,5.6402,5.64522,18260.0
2026-04-17 10:00:00,5.64534,5.64763,5.63784,5.63884,7693.0
2026-04-17 11:00:00,5.63874,5.63906,5.62617,5.63003,7640.0
2026-04-17 12:00:00,5.63011,5.63218,5.62562,5.6284,2821.0
2026-04-17 13:00:00,5.62838,5.62843,5.61931,5.62651,3924.0
2026-04-17 14:00:00,5.62666,5.62679,5.61392,5.61647,2904.0
2026-04-17 15:00:00,5.61655,5.6208,5.61361,5.6146,2773.0
2026-04-17 16:00:00,5.61452,5.6175,5.61208,5.61324,2017.0
2026-04-19 17:00:00,5.5817,5.58672,5.57277,5.57445,1365.0
2026-04-19 18:00:00,5.57466,5.59372,5.57359,5.5925,2266.0
2026-04-19 19:00:00,5.59265,5.59508,5.5846,5.5877,2586.0
2026-04-19 20:00:00,5.58778,5.59916,5.58553,5.59904,4903.0
2026-04-19 21:00:00,5.59908,5.60428,5.59758,5.59954,3119.0
2026-04-19 22:00:00,5.59942,5.60674,5.59785,5.6046,1760.0
2026-04-19 23:00:00,5.60456,5.60764,5.60311,5.6036,1764.0
2026-04-20 00:00:00,5.60369,5.6062,5.60186,5.60453,1555.0
2026-04-20 01:00:00,5.6044,5.60502,5.59406,5.59814,2606.0
2026-04-20 02:00:00,5.59814,5.6048,5.59412,5.6048,3713.0
2026-04-20 03:00:00,5.60494,5.6118,5.59479,5.59884,4556.0
2026-04-20 04:00:00,5.59876,5.60252,5.59778,5.60035,3273.0
2026-04-20 05:00:00,5.6005,5.6056,5.60041,5.60522,2610.0
2026-04-20 06:00:00,5.60523,5.60728,5.60106,5.60388,2097.0
2026-04-20 07:00:00,5.60397,5.6109,5.6014,5.60934,3190.0
2026-04-20 08:00:00,5.60922,5.61008,5.60286,5.60618,3772.0
2026-04-20 09:00:00,5.60631,5.61524,5.60316,5.61412,7488.0
2026-04-20 10:00:00,5.61408,5.61461,5.6021,5.60948,7737.0
2026-04-20 11:00:00,5.60956,5.62046,5.60566,5.61764,6563.0
2026-04-20 12:00:00,5.61762,5.61994,5.61422,5.61672,3128.0
2026-04-20 13:00:00,5.61672,5.61967,5.61504,5.61811,2844.0
2026-04-20 14:00:00,5.61818,5.62188,5.61724,5.61836,2684.0
2026-04-20 15:00:00,5.61807,5.62186,5.61807,5.62158,900.0
2026-04-20 16:00:00,5.62156,5.62245,5.61953,5.62055,1086.0
2026-04-20 17:00:00,5.61886,5.62094,5.61874,5.6197,553.0
2026-04-20 18:00:00,5.62021,5.62452,5.61954,5.62452,626.0
2026-04-20 19:00:00,5.6244,5.62473,5.61704,5.61738,1234.0
2026-04-20 20:00:00,5.61744,5.62069,5.61388,5.6182,4363.0
2026-04-20 21:00:00,5.6184,5.6253,5.61688,5.6198,2330.0
2026-04-20 22:00:00,5.61992,5.62112,5.61374,5.61635,1982.0
2026-04-20 23:00:00,5.61664,5.61718,5.61117,5.61236,1862.0
2026-04-21 00:00:00,5.61228,5.61378,5.61173,5.6126,1081.0
2026-04-21 01:00:00,5.61268,5.61774,5.61243,5.61243,1839.0
2026-04-21 02:00:00,5.61246,5.61328,5.60691,5.60934,3100.0
2026-04-21 03:00:00,5.60932,5.61139,5.60078,5.60078,4507.0
2026-04-21 04:00:00,5.60074,5.60548,5.59369,5.60386,5120.0
2026-04-21 05:00:00,5.60386,5.60386,5.5984,5.60057,2770.0
2026-04-21 06:00:00,5.60068,5.60604,5.59962,5.60552,2777.0
2026-04-21 07:00:00,5.60553,5.61134,5.60048,5.61086,2937.0
2026-04-21 08:00:00,5.61096,5.61152,5.60024,5.60676,4586.0
2026-04-21 09:00:00,5.60682,5.61934,5.60634,5.61852,6471.0
2026-04-21 10:00:00,5.61856,5.62704,5.61072,5.61125,7573.0
2026-04-21 11:00:00,5.61114,5.61649,5.60169,5.60862,7716.0
2026-04-21 12:00:00,5.60869,5.61274,5.59926,5.59928,4331.0
2026-04-21 13:00:00,5.59924,5.60982,5.58416,5.60102,7573.0
2026-04-21 14:00:00,5.60112,5.60417,5.59315,5.60088,4854.0
2026-04-21 15:00:00,5.60098,5.60824,5.58339,5.58768,7185.0
2026-04-21 16:00:00,5.58767,5.6091,5.58648,5.60165,4404.0
2026-04-21 17:00:00,5.59952,5.60458,5.59722,5.60045,707.0
2026-04-21 18:00:00,5.6006,5.60314,5.59981,5.60018,649.0
2026-04-21 19:00:00,5.60019,5.60471,5.59954,5.60362,1181.0
2026-04-21 20:00:00,5.60357,5.60981,5.60357,5.608,3743.0
2026-04-21 21:00:00,5.60804,5.60966,5.60456,5.60666,2806.0
2026-04-21 22:00:00,5.6068,5.6104,5.60258,5.6029,1860.0
2026-04-21 23:00:00,5.6028,5.60772,5.60123,5.60304,1384.0
2026-04-22 00:00:00,5.60295,5.60754,5.60295,5.6047,1362.0
2026-04-22 01:00:00,5.60481,5.61962,5.60452,5.61496,3380.0
2026-04-22 02:00:00,5.615,5.61698,5.61108,5.61328,2755.0
2026-04-22 03:00:00,5.61327,5.61536,5.6072,5.61424,3531.0
2026-04-22 04:00:00,5.61414,5.61788,5.60948,5.61144,4055.0
2026-04-22 05:00:00,5.61127,5.61422,5.60698,5.60892,3377.0
2026-04-22 06:00:00,5.60893,5.6111,5.60467,5.6089,3480.0
2026-04-22 07:00:00,5.60892,5.60964,5.59988,5.6023,3521.0
2026-04-22 08:00:00,5.60228,5.60566,5.59695,5.59855,3590.0
2026-04-22 09:00:00,5.59866,5.61205,5.59733,5.61196,5978.0
2026-04-22 10:00:00,5.61204,5.61562,5.6066,5.60836,6266.0
2026-04-22 11:00:00,5.60832,5.61138,5.60534,5.60912,4254.0
2026-04-22 12:00:00,5.6091,5.61061,5.60514,5.60688,3071.0
2026-04-22 13:00:00,5.60679,5.61236,5.60612,5.60908,2863.0
2026-04-22 14:00:00,5.609,5.61028,5.60576,5.60816,1613.0
2026-04-22 15:00:00,5.60806,5.6097,5.60538,5.6079,1678.0
2026-04-22 16:00:00,5.60793,5.60975,5.60642,5.6094,684.0
2026-04-22 17:00:00,5.60705,5.60913,5.6045,5.60849,753.0
2026-04-22 18:00:00,5.6086,5.60883,5.6056,5.60654,1069.0
2026-04-22 19:00:00,5.60662,5.60787,5.60545,5.60601,1242.0
2026-04-22 20:00:00,5.60612,5.61289,5.58926,5.60962,9994.0
2026-04-22 21:00:00,5.60982,5.6101,5.60156,5.60482,2457.0
2026-04-22 22:00:00,5.60494,5.60528,5.59408,5.59592,2624.0
2026-04-22 23:00:00,5.596,5.59874,5.58917,5.59216,2627.0
2026-04-23 00:00:00,5.59214,5.59888,5.59066,5.5984,1080.0
2026-04-23 01:00:00,5.5985,5.604,5.59736,5.60366,1251.0
2026-04-23 02:00:00,5.60366,5.60502,5.59996,5.60142,1495.0
2026-04-23 03:00:00,5.60152,5.60638,5.59794,5.60586,2700.0
2026-04-23 04:00:00,5.60594,5.60644,5.60029,5.60312,3266.0
2026-04-23 05:00:00,5.60302,5.60336,5.597,5.59769,3638.0
2026-04-23 06:00:00,5.59753,5.599,5.58694,5.58904,3332.0
2026-04-23 07:00:00,5.58922,5.60384,5.5878,5.60094,3733.0
2026-04-23 08:00:00,5.60089,5.60402,5.59132,5.59708,6020.0
2026-04-23 09:00:00,5.59717,5.6028,5.59054,5.59785,4320.0
2026-04-23 10:00:00,5.59798,5.61082,5.59352,5.6083,4488.0
2026-04-23 11:00:00,5.60819,5.61007,5.60132,5.60422,3984.0
2026-04-23 12:00:00,5.60423,5.60552,5.60153,5.60378,2074.0
2026-04-23 13:00:00,5.60386,5.60504,5.5698,5.594,12644.0
2026-04-23 14:00:00,5.59451,5.60016,5.58824,5.58924,6163.0
2026-04-23 15:00:00,5.58916,5.58966,5.58158,5.58691,2958.0
2026-04-23 16:00:00,5.58688,5.58688,5.57985,5.5831,1670.0
2026-04-23 17:00:00,5.58642,5.58688,5.58071,5.58616,701.0
2026-04-23 18:00:00,5.58606,5.58742,5.58363,5.58726,1030.0
2026-04-23 19:00:00,5.58732,5.58752,5.58348,5.58413,1363.0
2026-04-23 20:00:00,5.58406,5.5886,5.5823,5.58703,3718.0
2026-04-23 21:00:00,5.58712,5.59008,5.58304,5.58781,1915.0
2026-04-23 22:00:00,5.58774,5.588,5.57838,5.57952,2218.0
2026-04-23 23:00:00,5.57962,5.58078,5.57429,5.57751,1949.0
2026-04-24 00:00:00,5.57742,5.5838,5.57562,5.58137,1169.0
2026-04-24 01:00:00,5.58146,5.58514,5.57818,5.58316,1506.0
2026-04-24 02:00:00,5.58318,5.58614,5.57842,5.58206,1866.0
2026-04-24 03:00:00,5.58188,5.59015,5.57874,5.58961,2201.0
2026-04-24 04:00:00,5.58948,5.59293,5.58498,5.58844,4301.0
2026-04-24 05:00:00,5.58852,5.58984,5.58399,5.58636,2558.0
2026-04-24 06:00:00,5.58644,5.59144,5.58538,5.58974,1402.0
2026-04-24 07:00:00,5.59,5.60338,5.58877,5.597,5786.0
2026-04-24 08:00:00,5.59708,5.59965,5.58639,5.59018,4832.0
2026-04-24 09:00:00,5.59026,5.5939,5.58258,5.5902,3746.0
2026-04-24 10:00:00,5.58996,5.59898,5.5845,5.59322,5282.0
2026-04-24 11:00:00,5.59312,5.60562,5.59085,5.60343,4327.0
2026-04-24 12:00:00,5.6034,5.604,5.59803,5.6023,2302.0
2026-04-24 13:00:00,5.60238,5.60507,5.60008,5.60025,1872.0
2026-04-24 14:00:00,5.60017,5.60342,5.59814,5.60242,1139.0
2026-04-24 15:00:00,5.60252,5.60482,5.60105,5.6023,1921.0
2026-04-24 16:00:00,5.60235,5.60455,5.60025,5.6006,2343.0
2026-04-26 17:00:00,5.58724,5.59632,5.5867,5.5957,1595.0
2026-04-26 18:00:00,5.59573,5.60004,5.59342,5.59838,838.0
2026-04-26 19:00:00,5.5983,5.59984,5.59587,5.59587,896.0
2026-04-26 20:00:00,5.5959,5.60747,5.5959,5.60728,2318.0
2026-04-26 21:00:00,5.60757,5.61778,5.60757,5.61658,4056.0
2026-04-26 22:00:00,5.6166,5.62271,5.61363,5.6201,2558.0
2026-04-26 23:00:00,5.62002,5.62481,5.61992,5.62144,1378.0
2026-04-27 00:00:00,5.62151,5.62255,5.61582,5.61722,1287.0
2026-04-27 01:00:00,5.61717,5.61799,5.61389,5.61459,1384.0
2026-04-27 02:00:00,5.61467,5.6161,5.60866,5.61516,3110.0
2026-04-27 03:00:00,5.61508,5.62574,5.61508,5.6247,4204.0
2026-04-27 04:00:00,5.62465,5.6353,5.62222,5.6337,4022.0
2026-04-27 05:00:00,5.6338,5.63556,5.62892,5.63046,2260.0
2026-04-27 06:00:00,5.63046,5.63407,5.62958,5.63314,2315.0
2026-04-27 07:00:00,5.63324,5.63348,5.62968,5.63136,2251.0
2026-04-27 08:00:00,5.6316,5.63958,5.6316,5.63347,2938.0
2026-04-27 09:00:00,5.63356,5.63852,5.62915,5.63386,5003.0
2026-04-27 10:00:00,5.63376,5.64293,5.63191,5.63774,4787.0
2026-04-27 11:00:00,5.63782,5.63842,5.63281,5.63674,3797.0
2026-04-27 12:00:00,5.63672,5.63775,5.63358,5.63476,2656.0
2026-04-27 13:00:00,5.63467,5.63818,5.6307,5.63442,3228.0
2026-04-27 14:00:00,5.63438,5.63519,5.6312,5.63195,1449.0
2026-04-27 15:00:00,5.63184,5.6346,5.63106,5.63258,1234.0
2026-04-27 16:00:00,5.63262,5.63331,5.63135,5.63165,485.0
2026-04-27 17:00:00,5.62945,5.63228,5.62902,5.63175,187.0
2026-04-27 18:00:00,5.6318,5.63388,5.63081,5.63254,369.0
2026-04-27 19:00:00,5.63252,5.63545,5.63212,5.63528,715.0
2026-04-27 20:00:00,5.63533,5.63844,5.63285,5.63606,3028.0
2026-04-27 21:00:00,5.63596,5.63654,5.62459,5.6256,2845.0
2026-04-27 22:00:00,5.62558,5.62718,5.6212,5.62348,2459.0
2026-04-27 23:00:00,5.6234,5.63028,5.62258,5.62992,2328.0
2026-04-28 00:00:00,5.63004,5.63101,5.62732,5.62789,1095.0
2026-04-28 01:00:00,5.62798,5.62877,5.6199,5.62278,2417.0
2026-04-28 02:00:00,5.62267,5.62429,5.61238,5.61348,4628.0
2026-04-28 03:00:00,5.61351,5.62626,5.61294,5.62494,6548.0
2026-04-28 04:00:00,5.62508,5.62693,5.61916,5.62467,3928.0
2026-04-28 05:00:00,5.62456,5.62498,5.61694,5.6227,3415.0
2026-04-28 06:00:00,5.6228,5.62404,5.6138,5.61446,3206.0
2026-04-28 07:00:00,5.61438,5.61636,5.60448,5.60598,3870.0
2026-04-28 08:00:00,5.60592,5.61546,5.60363,5.61512,5325.0
2026-04-28 09:00:00,5.61508,5.62298,5.61097,5.61932,5714.0
2026-04-28 10:00:00,5.61934,5.62356,5.61196,5.61664,6335.0
2026-04-28 11:00:00,5.6168,5.62701,5.61574,5.62662,4595.0
2026-04-28 12:00:00,5.62662,5.62866,5.62318,5.62738,3767.0
2026-04-28 13:00:00,5.6274,5.63146,5.62465,5.63076,2803.0
2026-04-28 14:00:00,5.63076,5.6322,5.62876,5.6293,1987.0
2026-04-28 15:00:00,5.62932,5.63104,5.62593,5.62662,1176.0
2026-04-28 16:00:00,5.62659,5.62912,5.62648,5.6272,591.0
2026-04-28 17:00:00,5.6253,5.6282,5.62406,5.62686,1005.0
2026-04-28 18:00:00,5.62688,5.62966,5.62646,5.62764,311.0
2026-04-28 19:00:00,5.62762,5.63122,5.62728,5.6311,1072.0
2026-04-28 20:00:00,5.63118,5.6332,5.6296,5.63036,2748.0
2026-04-28 21:00:00,5.63045,5.63051,5.61614,5.61837,6415.0
2026-04-28 22:00:00,5.6185,5.62348,5.61118,5.6114,4229.0
2026-04-28 23:00:00,5.61136,5.61613,5.61136,5.61236,2356.0
2026-04-29 00:00:00,5.61246,5.61481,5.61147,5.61374,891.0
2026-04-29 01:00:00,5.61357,5.61447,5.61103,5.61151,1716.0
2026-04-29 02:00:00,5.61142,5.61346,5.60654,5.61109,2704.0
2026-04-29 03:00:00,5.61091,5.61627,5.60847,5.61362,4184.0
2026-04-29 04:00:00,5.61354,5.61523,5.60682,5.60748,4061.0
2026-04-29 05:00:00,5.60756,5.60984,5.60235,5.60333,2407.0
2026-04-29 06:00:00,5.60324,5.61176,5.60248,5.61022,1988.0
2026-04-29 07:00:00,5.61032,5.61093,5.60749,5.60978,2925.0
2026-04-29 08:00:00,5.60961,5.61571,5.60671,5.60705,2891.0
2026-04-29 09:00:00,5.60712,5.61074,5.58451,5.58633,5567.0
2026-04-29 10:00:00,5.58624,5.59996,5.58242,5.59653,5666.0
2026-04-29 11:00:00,5.59669,5.59768,5.57834,5.58662,7490.0
2026-04-29 12:00:00,5.58657,5.59285,5.58378,5.58462,6435.0
2026-04-29 13:00:00,5.5846,5.58972,5.58155,5.58858,5637.0
2026-04-29 14:00:00,5.58863,5.58886,5.56494,5.57454,14033.0
2026-04-29 15:00:00,5.57465,5.57932,5.56882,5.57738,5606.0
2026-04-29 16:00:00,5.5774,5.57967,5.57362,5.57715,2819.0
2026-04-29 17:00:00,5.57456,5.5774,5.57366,5.57545,603.0
2026-04-29 18:00:00,5.57544,5.58117,5.57493,5.57891,641.0
2026-04-29 19:00:00,5.57913,5.58656,5.57855,5.58608,1382.0
2026-04-29 20:00:00,5.58604,5.5899,5.58037,5.58037,4106.0
2026-04-29 21:00:00,5.58028,5.58454,5.57794,5.5829,3752.0
2026-04-29 22:00:00,5.58267,5.58572,5.5765,5.58416,3451.0
2026-04-29 23:00:00,5.58406,5.58738,5.58307,5.58324,3087.0
2026-04-30 00:00:00,5.58333,5.58386,5.57524,5.57572,3136.0
2026-04-30 01:00:00,5.57581,5.58141,5.57218,5.5732,2628.0
2026-04-30 02:00:00,5.57326,5.58076,5.57131,5.57732,4028.0
2026-04-30 03:00:00,5.57742,5.5865,5.57688,5.58429,4007.0
2026-04-30 04:00:00,5.58436,5.59323,5.58434,5.58618,3996.0
2026-04-30 05:00:00,5.5863,5.6,5.58416,5.59764,5136.0
2026-04-30 06:00:00,5.59774,5.60744,5.59418,5.60682,6852.0
2026-04-30 07:00:00,5.60692,5.61317,5.60269,5.60319,6297.0
2026-04-30 08:00:00,5.60323,5.60535,5.59647,5.60028,6306.0
2026-04-30 09:00:00,5.60051,5.61538,5.60019,5.61042,6736.0
2026-04-30 10:00:00,5.6104,5.63373,5.60934,5.63115,9775.0
2026-04-30 11:00:00,5.63117,5.63356,5.62632,5.62634,5976.0
2026-04-30 12:00:00,5.62624,5.63266,5.62294,5.62642,4443.0
2026-04-30 13:00:00,5.62638,5.63114,5.62507,5.62792,5528.0
2026-04-30 14:00:00,5.62804,5.64034,5.62804,5.63858,2726.0
2026-04-30 15:00:00,5.63846,5.64206,5.63715,5.6372,2352.0
2026-04-30 16:00:00,5.6371,5.64184,5.63634,5.6408,1263.0
2026-04-30 17:00:00,5.6374,5.63985,5.6366,5.63985,342.0
2026-04-30 18:00:00,5.63975,5.64146,5.6382,5.63988,652.0
2026-04-30 19:00:00,5.63996,5.64382,5.63984,5.64022,1198.0
2026-04-30 20:00:00,5.64027,5.64214,5.63602,5.64047,2829.0
2026-04-30 21:00:00,5.64051,5.64232,5.63674,5.64156,1872.0
2026-04-30 22:00:00,5.64147,5.64394,5.63629,5.63949,2238.0
2026-04-30 23:00:00,5.63955,5.6424,5.63552,5.63634,1585.0
2026-05-01 00:00:00,5.63626,5.63654,5.63178,5.63248,1377.0
2026-05-01 01:00:00,5.63252,5.63539,5.63124,5.6321,965.0
2026-05-01 02:00:00,5.63207,5.64066,5.63005,5.63728,2961.0
2026-05-01 03:00:00,5.63739,5.64302,5.63532,5.6377,3247.0
2026-05-01 04:00:00,5.6379,5.64038,5.6342,5.6375,2602.0
2026-05-01 05:00:00,5.6376,5.63812,5.62844,5.62982,1807.0
2026-05-01 06:00:00,5.62985,5.63521,5.62927,5.63366,1688.0
2026-05-01 07:00:00,5.63363,5.64108,5.6332,5.63847,2707.0
2026-05-01 08:00:00,5.63838,5.64774,5.63656,5.6433,3949.0
2026-05-01 09:00:00,5.6432,5.65286,5.64124,5.6512,6334.0
2026-05-01 10:00:00,5.65118,5.66274,5.65072,5.65454,7479.0
2026-05-01 11:00:00,5.65456,5.65967,5.65196,5.65499,4827.0
2026-05-01 12:00:00,5.65483,5.6578,5.64991,5.65057,4047.0
2026-05-01 13:00:00,5.65048,5.65361,5.64746,5.64964,3534.0
2026-05-01 14:00:00,5.64954,5.65025,5.64312,5.6489,3471.0
2026-05-01 15:00:00,5.64898,5.64982,5.64464,5.64536,1559.0
2026-05-01 16:00:00,5.64528,5.64594,5.63892,5.64242,1244.0
2026-05-03 17:00:00,5.65352,5.65679,5.65025,5.65585,673.0
2026-05-03 18:00:00,5.65595,5.65688,5.64923,5.65255,1991.0
2026-05-03 19:00:00,5.65252,5.65258,5.6482,5.64862,1070.0
2026-05-03 20:00:00,5.64854,5.65143,5.64586,5.6483,3577.0
2026-05-03 21:00:00,5.64822,5.64841,5.64132,5.64748,3377.0
2026-05-03 22:00:00,5.64758,5.64811,5.6419,5.64672,3181.0
2026-05-03 23:00:00,5.64656,5.65393,5.64402,5.6515,3753.0
2026-05-04 00:00:00,5.6514,5.6519,5.64526,5.6457,2541.0
2026-05-04 01:00:00,5.64572,5.6477,5.64219,5.64662,3160.0
2026-05-04 02:00:00,5.64666,5.64766,5.63487,5.63851,3936.0
2026-05-04 03:00:00,5.63841,5.63848,5.6312,5.63301,4610.0
2026-05-04 04:00:00,5.63292,5.63872,5.63072,5.63596,4181.0
2026-05-04 05:00:00,5.63606,5.63962,5.63566,5.63692,2448.0
2026-05-04 06:00:00,5.637,5.637,5.6148,5.62742,10590.0
2026-05-04 07:00:00,5.62766,5.63059,5.62054,5.62309,4514.0
2026-05-04 08:00:00,5.62325,5.63318,5.62291,5.63018,3303.0
2026-05-04 09:00:00,5.63008,5.63537,5.62208,5.62884,5026.0
2026-05-04 10:00:00,5.62878,5.63339,5.62595,5.62768,4091.0
2026-05-04 11:00:00,5.6278,5.63104,5.61058,5.61316,7674.0
2026-05-04 12:00:00,5.61321,5.61564,5.6038,5.60701,6270.0
2026-05-04 13:00:00,5.6071,5.6188,5.60669,5.61612,3488.0
2026-05-04 14:00:00,5.61602,5.6193,5.61302,5.61876,2263.0
2026-05-04 15:00:00,5.61884,5.62048,5.6152,5.61795,2565.0
2026-05-04 16:00:00,5.61799,5.61799,5.6121,5.6138,821.0
2026-05-04 17:00:00,5.61676,5.617,5.61398,5.61436,404.0
2026-05-04 18:00:00,5.61452,5.61563,5.61302,5.6143,386.0
2026-05-04 19:00:00,5.61432,5.61557,5.61415,5.6144,595.0
2026-05-04 20:00:00,5.6146,5.6177,5.60738,5.60942,2837.0
2026-05-04 21:00:00,5.60934,5.60946,5.604,5.60772,2275.0
2026-05-04 22:00:00,5.60774,5.6139,5.60716,5.61037,1570.0
2026-05-04 23:00:00,5.61028,5.61108,5.60486,5.60498,1004.0
2026-05-05 00:00:00,5.60504,5.61889,5.60332,5.60332,2934.0
2026-05-05 01:00:00,5.60302,5.60544,5.59126,5.59408,3870.0
2026-05-05 02:00:00,5.59407,5.6013,5.59352,5.59787,3399.0
2026-05-05 03:00:00,5.59816,5.60938,5.59721,5.60481,3151.0
2026-05-05 04:00:00,5.60473,5.6136,5.60466,5.60836,2554.0
2026-05-05 05:00:00,5.60822,5.61462,5.60563,5.614,2776.0
2026-05-05 06:00:00,5.61402,5.62191,5.61192,5.61716,1781.0
2026-05-05 07:00:00,5.61708,5.62222,5.61336,5.62049,2230.0
2026-05-05 08:00:00,5.62041,5.62872,5.6166,5.6226,3997.0
2026-05-05 09:00:00,5.62268,5.63088,5.62268,5.62676,4127.0
2026-05-05 10:00:00,5.6267,5.63339,5.62286,5.63321,5977.0
2026-05-05 11:00:00,5.63326,5.64052,5.6318,5.63816,3256.0
2026-05-05 12:00:00,5.6381,5.63894,5.6319,5.63239,2059.0
2026-05-05 13:00:00,5.63248,5.63555,5.63062,5.63264,1406.0
2026-05-05 14:00:00,5.63273,5.63478,5.63208,5.63293,1098.0
2026-05-05 15:00:00,5.63294,5.63336,5.62768,5.6289,1006.0
2026-05-05 16:00:00,5.62886,5.63003,5.62771,5.62865,557.0
2026-05-05 17:00:00,5.62712,5.6291,5.62594,5.6291,652.0
2026-05-05 18:00:00,5.62895,5.64272,5.62764,5.63926,1408.0
2026-05-05 19:00:00,5.63912,5.64846,5.6379,5.64434,2781.0
2026-05-05 20:00:00,5.64442,5.66038,5.64355,5.65994,5733.0
2026-05-05 21:00:00,5.65992,5.66842,5.65768,5.6644,5497.0
2026-05-05 22:00:00,5.66432,5.669,5.66358,5.66879,3641.0
2026-05-05 23:00:00,5.66884,5.67519,5.66682,5.66706,3380.0
2026-05-06 00:00:00,5.66702,5.68166,5.66608,5.67608,4665.0
2026-05-06 01:00:00,5.67603,5.68052,5.67529,5.67902,4560.0
2026-05-06 02:00:00,5.67892,5.68084,5.67364,5.68018,3531.0
2026-05-06 03:00:00,5.68021,5.68142,5.66813,5.67498,3883.0
2026-05-06 04:00:00,5.67489,5.69508,5.66782,5.68936,5273.0
2026-05-06 05:00:00,5.6892,5.69179,5.68184,5.69025,5782.0
2026-05-06 06:00:00,5.6903,5.70306,5.68252,5.69576,5057.0
2026-05-06 07:00:00,5.69564,5.69581,5.67954,5.6812,5770.0
2026-05-06 08:00:00,5.68118,5.6813,5.66651,5.67124,7075.0
2026-05-06 09:00:00,5.67104,5.67356,5.6641,5.66858,5815.0
2026-05-06 10:00:00,5.66848,5.67892,5.66458,5.67268,5907.0
2026-05-06 11:00:00,5.67258,5.67324,5.66748,5.6682,3711.0
2026-05-06 12:00:00,5.6681,5.6681,5.66034,5.66244,2890.0
2026-05-06 13:00:00,5.66233,5.66864,5.66166,5.66663,2101.0
2026-05-06 14:00:00,5.6667,5.67198,5.66654,5.67048,1647.0
2026-05-06 15:00:00,5.6704,5.67376,5.66974,5.67102,1608.0
2026-05-06 16:00:00,5.67096,5.67164,5.66914,5.67055,820.0
2026-05-06 17:00:00,5.67132,5.67481,5.66795,5.67228,1820.0
2026-05-06 18:00:00,5.6723,5.67244,5.66991,5.67094,505.0
2026-05-06 19:00:00,5.67088,5.67189,5.66784,5.6681,902.0
2026-05-06 20:00:00,5.66805,5.67202,5.6657,5.66894,4368.0
2026-05-06 21:00:00,5.66892,5.67809,5.66576,5.67437,4227.0
2026-05-06 22:00:00,5.67429,5.67588,5.6694,5.6733,3962.0
2026-05-06 23:00:00,5.67334,5.67425,5.66994,5.67209,2841.0
2026-05-07 00:00:00,5.672,5.67864,5.67161,5.67662,2280.0
2026-05-07 01:00:00,5.67664,5.67916,5.67532,5.67574,2520.0
2026-05-07 02:00:00,5.67575,5.68338,5.67103,5.6785,3192.0
2026-05-07 03:00:00,5.6784,5.68762,5.67799,5.68744,4855.0
2026-05-07 04:00:00,5.68752,5.68959,5.68388,5.68568,3187.0
2026-05-07 05:00:00,5.68576,5.6881,5.6816,5.68652,2672.0
2026-05-07 06:00:00,5.68644,5.6889,5.68232,5.68232,2489.0
2026-05-07 07:00:00,5.68248,5.68531,5.67925,5.68492,2840.0
2026-05-07 08:00:00,5.68494,5.68612,5.67847,5.6802,3309.0
2026-05-07 09:00:00,5.6801,5.6814,5.67402,5.67695,5975.0
2026-05-07 10:00:00,5.67686,5.68394,5.67232,5.68366,6126.0
2026-05-07 11:00:00,5.68361,5.6839,5.66886,5.66931,5484.0
2026-05-07 12:00:00,5.66949,5.67202,5.66398,5.66904,5107.0
2026-05-07 13:00:00,5.66922,5.67162,5.65876,5.6662,6866.0
2026-05-07 14:00:00,5.66638,5.66741,5.65537,5.6626,4499.0
2026-05-07 15:00:00,5.66269,5.66411,5.65115,5.65133,4387.0
2026-05-07 16:00:00,5.65132,5.66162,5.64298,5.6447,2705.0
2026-05-07 17:00:00,5.64645,5.64676,5.6425,5.64484,755.0
2026-05-07 18:00:00,5.64478,5.64613,5.6401,5.64198,831.0
2026-05-07 19:00:00,5.64206,5.64758,5.64185,5.64625,1361.0
2026-05-07 20:00:00,5.6465,5.6491,5.63962,5.64506,4470.0
2026-05-07 21:00:00,5.64516,5.65032,5.64334,5.64534,4048.0
2026-05-07 22:00:00,5.64534,5.64858,5.64036,5.64551,4219.0
2026-05-07 23:00:00,5.64565,5.65195,5.64476,5.6474,3125.0
2026-05-08 00:00:00,5.64749,5.65317,5.64661,5.65214,2890.0
2026-05-08 01:00:00,5.65226,5.65706,5.65022,5.65378,2855.0
2026-05-08 02:00:00,5.65388,5.6614,5.65294,5.65761,3865.0
2026-05-08 03:00:00,5.65752,5.6588,5.65398,5.65577,3398.0
2026-05-08 04:00:00,5.65586,5.6668,5.65462,5.66506,2943.0
2026-05-08 05:00:00,5.6651,5.66942,5.66078,5.66339,2485.0
2026-05-08 06:00:00,5.66347,5.66853,5.66188,5.66456,2092.0
2026-05-08 07:00:00,5.6645,5.66726,5.66098,5.66413,2962.0
2026-05-08 08:00:00,5.66421,5.67462,5.65825,5.66645,6573.0
2026-05-08 09:00:00,5.66637,5.67438,5.6593,5.67036,7623.0
2026-05-08 10:00:00,5.67034,5.67268,5.66462,5.67114,6159.0
2026-05-08 11:00:00,5.67111,5.6732,5.66542,5.66904,5091.0
2026-05-08 12:00:00,5.66904,5.6728,5.66798,5.66818,3193.0
2026-05-08 13:00:00,5.66822,5.67172,5.66784,5.66975,1830.0
2026-05-08 14:00:00,5.66963,5.67398,5.66849,5.67004,1838.0
2026-05-08 15:00:00,5.66996,5.67454,5.66982,5.67332,1525.0
2026-05-08 16:00:00,5.67338,5.67537,5.6722,5.67383,1051.0
2026-05-10 17:00:00,5.65524,5.65833,5.6517,5.6524,2113.0
2026-05-10 18:00:00,5.6522,5.66423,5.6522,5.66355,1113.0
2026-05-10 19:00:00,5.66347,5.667,5.66276,5.66364,1641.0
2026-05-10 20:00:00,5.66359,5.66757,5.66139,5.66564,5338.0
2026-05-10 21:00:00,5.66554,5.66671,5.65872,5.6638,6123.0
2026-05-10 22:00:00,5.66397,5.66628,5.66054,5.66064,3736.0
2026-05-10 23:00:00,5.66056,5.66264,5.65961,5.6601,2059.0
2026-05-11 00:00:00,5.65994,5.6603,5.65701,5.65884,1583.0
2026-05-11 01:00:00,5.65886,5.66243,5.6581,5.66054,2096.0
2026-05-11 02:00:00,5.66067,5.67,5.65982,5.66886,2566.0
2026-05-11 03:00:00,5.6692,5.66944,5.66496,5.66916,2948.0
2026-05-11 04:00:00,5.66924,5.67439,5.66674,5.66674,2552.0
2026-05-11 05:00:00,5.66664,5.66928,5.66546,5.66576,1540.0
2026-05-11 06:00:00,5.6657,5.6716,5.66492,5.67029,1608.0
2026-05-11 07:00:00,5.67032,5.67523,5.66826,5.67118,2810.0
2026-05-11 08:00:00,5.67136,5.67232,5.6663,5.67088,4834.0
2026-05-11 09:00:00,5.671,5.68132,5.67052,5.6788,3806.0
2026-05-11 10:00:00,5.67889,5.68317,5.67517,5.68038,5602.0
2026-05-11 11:00:00,5.68036,5.68334,5.67874,5.68174,4005.0
2026-05-11 12:00:00,5.68178,5.68229,5.67329,5.67581,2781.0
2026-05-11 13:00:00,5.67594,5.67902,5.6737,5.67744,1953.0
2026-05-11 14:00:00,5.67744,5.68008,5.67456,5.67456,1944.0
2026-05-11 15:00:00,5.67456,5.67589,5.67343,5.67492,1041.0
2026-05-11 16:00:00,5.67494,5.67593,5.67128,5.6752,683.0
2026-05-11 17:00:00,5.67486,5.67655,5.6724,5.6759,934.0
2026-05-11 18:00:00,5.6765,5.67731,5.67555,5.6757,529.0
2026-05-11 19:00:00,5.67571,5.67662,5.6719,5.67256,560.0
2026-05-11 20:00:00,5.67249,5.67249,5.66338,5.66478,3174.0
2026-05-11 21:00:00,5.66476,5.66724,5.65443,5.66082,4492.0
2026-05-11 22:00:00,5.66083,5.66533,5.6591,5.66398,3275.0
2026-05-11 23:00:00,5.6639,5.66454,5.65924,5.65968,2083.0
2026-05-12 00:00:00,5.65968,5.6643,5.65968,5.66141,1810.0
2026-05-12 01:00:00,5.66136,5.66382,5.65714,5.66003,3002.0
2026-05-12 02:00:00,5.65998,5.66109,5.64544,5.6465,3485.0
2026-05-12 03:00:00,5.64664,5.65392,5.64338,5.65044,4257.0
2026-05-12 04:00:00,5.65038,5.65464,5.6467,5.65065,3241.0
2026-05-12 05:00:00,5.65058,5.65696,5.64864,5.65556,2656.0
2026-05-12 06:00:00,5.65561,5.65842,5.65424,5.65612,2095.0
2026-05-12 07:00:00,5.6562,5.66088,5.65307,5.65879,3832.0
2026-05-12 08:00:00,5.65876,5.6621,5.64963,5.66039,4914.0
2026-05-12 09:00:00,5.66036,5.66134,5.64768,5.64994,6734.0
2026-05-12 10:00:00,5.6502,5.66048,5.64971,5.66026,7435.0
2026-05-12 11:00:00,5.66032,5.66147,5.64801,5.65414,7105.0
2026-05-12 12:00:00,5.65422,5.657,5.64796,5.6491,4069.0
2026-05-12 13:00:00,5.64906,5.65694,5.64896,5.6568,3629.0
2026-05-12 14:00:00,5.65676,5.66521,5.65496,5.66362,3721.0
2026-05-12 15:00:00,5.66362,5.66917,5.66299,5.6674,2627.0
2026-05-12 16:00:00,5.6674,5.66845,5.66562,5.66835,620.0
2026-05-12 17:00:00,5.66889,5.6693,5.66575,5.6682,348.0
2026-05-12 18:00:00,5.66826,5.66966,5.66794,5.66806,371.0
2026-05-12 19:00:00,5.66808,5.66912,5.66546,5.66578,1179.0
2026-05-12 20:00:00,5.66566,5.66824,5.66231,5.66556,3318.0
2026-05-12 21:00:00,5.66544,5.67378,5.66108,5.67098,3396.0
2026-05-12 22:00:00,5.67086,5.67252,5.66654,5.66666,2490.0
2026-05-12 23:00:00,5.66675,5.667,5.6613,5.6641,2468.0
2026-05-13 00:00:00,5.664,5.66498,5.66127,5.66392,1691.0
2026-05-13 01:00:00,5.66383,5.66811,5.66365,5.66796,2562.0
2026-05-13 02:00:00,5.668,5.6701,5.66259,5.66547,2838.0
2026-05-13 03:00:00,5.66544,5.66874,5.66376,5.66454,2407.0
2026-05-13 04:00:00,5.66444,5.67102,5.66358,5.67002,2728.0
2026-05-13 05:00:00,5.67002,5.67366,5.66563,5.67354,3426.0
2026-05-13 06:00:00,5.67358,5.67707,5.67044,5.67616,2901.0
2026-05-13 07:00:00,5.67619,5.67994,5.6744,5.6772,2503.0
2026-05-13 08:00:00,5.6771,5.67922,5.66684,5.67168,5497.0
2026-05-13 09:00:00,5.67176,5.67696,5.67016,5.6755,7085.0
2026-05-13 10:00:00,5.67558,5.68346,5.67398,5.68284,6938.0
2026-05-13 11:00:00,5.68294,5.69426,5.6814,5.6868,5259.0
2026-05-13 12:00:00,5.68661,5.69228,5.68478,5.68506,3756.0
2026-05-13 13:00:00,5.68498,5.68822,5.68198,5.68216,2157.0
2026-05-13 14:00:00,5.6821,5.6863,5.67826,5.68248,3525.0
2026-05-13 15:00:00,5.68237,5.68403,5.67922,5.67934,2503.0
2026-05-13 16:00:00,5.67932,5.6839,5.67726,5.6833,680.0
2026-05-13 17:00:00,5.6851,5.68584,5.6808,5.68274,1335.0
2026-05-13 18:00:00,5.68274,5.68523,5.68226,5.68444,368.0
2026-05-13 19:00:00,5.68434,5.68511,5.67798,5.67959,1295.0
2026-05-13 20:00:00,5.67948,5.68225,5.67526,5.6775,3032.0
2026-05-13 21:00:00,5.67743,5.67799,5.6739,5.67454,2954.0
2026-05-13 22:00:00,5.67446,5.67974,5.67284,5.67902,2710.0
2026-05-13 23:00:00,5.67892,5.6809,5.67568,5.67887,2382.0
2026-05-14 00:00:00,5.67888,5.6855,5.67844,5.68322,2089.0
2026-05-14 01:00:00,5.6833,5.68812,5.6801,5.68262,3171.0
2026-05-14 02:00:00,5.68265,5.68996,5.68265,5.68729,2429.0
2026-05-14 03:00:00,5.68725,5.68773,5.67154,5.67276,2717.0
2026-05-14 04:00:00,5.67266,5.68189,5.67206,5.6807,3146.0
2026-05-14 05:00:00,5.68072,5.68184,5.67284,5.67582,2618.0
2026-05-14 06:00:00,5.67582,5.67856,5.66976,5.67308,2805.0
2026-05-14 07:00:00,5.67316,5.67514,5.66984,5.67043,3141.0
2026-05-14 08:00:00,5.67034,5.67348,5.6667,5.66678,3519.0
2026-05-14 09:00:00,5.66688,5.66804,5.65497,5.65564,6441.0
2026-05-14 10:00:00,5.65532,5.66443,5.65483,5.66137,6810.0
2026-05-14 11:00:00,5.66102,5.66102,5.65676,5.65835,3970.0
2026-05-14 12:00:00,5.65836,5.65884,5.65202,5.65614,4468.0
2026-05-14 13:00:00,5.65624,5.66053,5.65558,5.65792,3024.0
2026-05-14 14:00:00,5.65774,5.65944,5.6541,5.6588,3696.0
2026-05-14 15:00:00,5.65882,5.65989,5.65346,5.65531,2561.0
2026-05-14 16:00:00,5.65514,5.65628,5.65418,5.65545,685.0
2026-05-14 17:00:00,5.65694,5.65702,5.65375,5.65634,829.0
2026-05-14 18:00:00,5.65609,5.65748,5.65508,5.65704,418.0
2026-05-14 19:00:00,5.65712,5.65712,5.6499,5.65041,1087.0
2026-05-14 20:00:00,5.65046,5.65404,5.64064,5.64437,3861.0
2026-05-14 21:00:00,5.64426,5.64542,5.62998,5.63015,5266.0
2026-05-14 22:00:00,5.63012,5.63916,5.62818,5.63358,4762.0
2026-05-14 23:00:00,5.63352,5.63584,5.63056,5.63342,3212.0
2026-05-15 00:00:00,5.63342,5.63365,5.6236,5.62392,2423.0
2026-05-15 01:00:00,5.6241,5.6241,5.6039,5.60624,4418.0
2026-05-15 02:00:00,5.60614,5.61364,5.60384,5.60618,4838.0
2026-05-15 03:00:00,5.60632,5.61953,5.60419,5.61086,4183.0
2026-05-15 04:00:00,5.61098,5.61196,5.60185,5.60328,4544.0
2026-05-15 05:00:00,5.60346,5.60346,5.59069,5.59584,4184.0
2026-05-15 06:00:00,5.59588,5.62176,5.59541,5.61624,5767.0
2026-05-15 07:00:00,5.61618,5.61696,5.59957,5.60136,4089.0
2026-05-15 08:00:00,5.60127,5.60314,5.59461,5.60204,5552.0
2026-05-15 09:00:00,5.60214,5.60538,5.59438,5.59745,8250.0
2026-05-15 10:00:00,5.59726,5.61219,5.59528,5.60196,8081.0
2026-05-15 11:00:00,5.60208,5.60394,5.5959,5.59901,6097.0
2026-05-15 12:00:00,5.59917,5.60548,5.59732,5.60383,4204.0
2026-05-15 13:00:00,5.60388,5.60957,5.60289,5.60596,2826.0
2026-05-15 14:00:00,5.60613,5.60683,5.59754,5.60116,3165.0
2026-05-15 15:00:00,5.60142,5.60154,5.59735,5.59839,2316.0
2026-05-15 16:00:00,5.59835,5.59838,5.59454,5.59725,1154.0
2026-05-17 17:00:00,5.60141,5.60378,5.5978,5.599,934.0
2026-05-17 18:00:00,5.59917,5.60254,5.5972,5.59886,1716.0
2026-05-17 19:00:00,5.59887,5.60003,5.58134,5.58287,1818.0
2026-05-17 20:00:00,5.58296,5.5848,5.57436,5.57823,5176.0
2026-05-17 21:00:00,5.57814,5.58436,5.5745,5.58191,6060.0
2026-05-17 22:00:00,5.58186,5.58483,5.57716,5.57912,3599.0
2026-05-17 23:00:00,5.57916,5.5864,5.57816,5.58595,2581.0
2026-05-18 00:00:00,5.58628,5.58856,5.58248,5.58306,2548.0
2026-05-18 01:00:00,5.58318,5.58642,5.57932,5.58329,4198.0
2026-05-18 02:00:00,5.58323,5.59748,5.58246,5.59736,3368.0
2026-05-18 03:00:00,5.5974,5.60462,5.59299,5.60057,3706.0
2026-05-18 04:00:00,5.60062,5.61047,5.59728,5.6056,3637.0
2026-05-18 05:00:00,5.60552,5.60788,5.6025,5.60355,2357.0
2026-05-18 06:00:00,5.60362,5.60438,5.59766,5.59815,2233.0
2026-05-18 07:00:00,5.59814,5.61341,5.59614,5.60684,6361.0
2026-05-18 08:00:00,5.60692,5.62609,5.60576,5.6216,6302.0
2026-05-18 09:00:00,5.6215,5.6235,5.61227,5.61746,6715.0
2026-05-18 10:00:00,5.61736,5.61774,5.60444,5.60615,7521.0
2026-05-18 11:00:00,5.60624,5.60806,5.59812,5.60626,6874.0
2026-05-18 12:00:00,5.60621,5.612,5.60234,5.6089,5402.0
2026-05-18 13:00:00,5.60874,5.61146,5.6068,5.60932,3684.0
2026-05-18 14:00:00,5.60948,5.6097,5.59794,5.59826,4400.0
2026-05-18 15:00:00,5.59836,5.61848,5.59738,5.61301,7230.0
2026-05-18 16:00:00,5.61304,5.61606,5.61186,5.6136,924.0
2026-05-18 17:00:00,5.61069,5.61614,5.61002,5.6145,753.0
2026-05-18 18:00:00,5.6146,5.6175,5.6146,5.61676,1120.0
2026-05-18 19:00:00,5.61674,5.61979,5.6148,5.61488,1605.0
2026-05-18 20:00:00,5.61499,5.61672,5.59934,5.59972,5905.0
2026-05-18 21:00:00,5.59963,5.60173,5.5914,5.59598,5297.0
2026-05-18 22:00:00,5.59582,5.59582,5.58822,5.5925,4233.0
2026-05-18 23:00:00,5.59242,5.59522,5.58839,5.58924,3309.0
2026-05-19 00:00:00,5.58946,5.59068,5.58206,5.58342,3876.0
2026-05-19 01:00:00,5.58338,5.58724,5.58001,5.5855,4087.0
2026-05-19 02:00:00,5.58562,5.58931,5.58334,5.58692,3860.0
2026-05-19 03:00:00,5.58676,5.58912,5.58053,5.58061,3381.0
2026-05-19 04:00:00,5.58078,5.58114,5.5726,5.57468,4026.0
2026-05-19 05:00:00,5.57459,5.57478,5.56772,5.57332,3454.0
2026-05-19 06:00:00,5.5732,5.57796,5.56778,5.57393,3405.0
2026-05-19 07:00:00,5.57401,5.57798,5.57238,5.57469,4479.0
2026-05-19 08:00:00,5.57452,5.57914,5.57236,5.57254,5040.0
2026-05-19 09:00:00,5.57229,5.5729,5.56166,5.56846,7938.0
2026-05-19 10:00:00,5.56848,5.57079,5.54515,5.54972,9276.0
2026-05-19 11:00:00,5.54976,5.5625,5.54788,5.56132,7218.0
2026-05-19 12:00:00,5.56138,5.57128,5.55794,5.56996,5010.0
2026-05-19 13:00:00,5.57006,5.5741,5.56956,5.57112,3255.0
2026-05-19 14:00:00,5.57123,5.57304,5.5659,5.56638,3513.0
2026-05-19 15:00:00,5.56637,5.56996,5.56546,5.5685,3506.0
2026-05-19 16:00:00,5.56856,5.56876,5.56604,5.56705,630.0
2026-05-19 17:00:00,5.56875,5.56918,5.56691,5.56849,824.0
2026-05-19 18:00:00,5.56845,5.56845,5.5655,5.56752,488.0
2026-05-19 19:00:00,5.56751,5.57118,5.56458,5.56458,1034.0
2026-05-19 20:00:00,5.56425,5.56518,5.55617,5.55635,4982.0
2026-05-19 21:00:00,5.55627,5.56398,5.55168,5.56327,5959.0
2026-05-19 22:00:00,5.56336,5.56763,5.55552,5.55798,4488.0
2026-05-19 23:00:00,5.55798,5.56644,5.55617,5.5635,3024.0
2026-05-20 00:00:00,5.56358,5.56877,5.56008,5.56155,3457.0
2026-05-20 01:00:00,5.56146,5.56622,5.55928,5.56258,3757.0
2026-05-20 02:00:00,5.56256,5.57106,5.56141,5.56494,3718.0
2026-05-20 03:00:00,5.56502,5.57175,5.56357,5.56667,2607.0
2026-05-20 04:00:00,5.56676,5.57391,5.56536,5.57034,3501.0
2026-05-20 05:00:00,5.57026,5.57348,5.56837,5.57177,1755.0
2026-05-20 06:00:00,5.57168,5.58242,5.57151,5.58147,1664.0
2026-05-20 07:00:00,5.58126,5.5888,5.57912,5.5832,2949.0
2026-05-20 08:00:00,5.58322,5.58688,5.57918,5.58022,3212.0
2026-05-20 09:00:00,5.58012,5.58428,5.57608,5.57788,5722.0
2026-05-20 10:00:00,5.57797,5.60508,5.57307,5.60338,10620.0
2026-05-20 11:00:00,5.60342,5.6197,5.598,5.60138,11522.0
2026-05-20 12:00:00,5.60116,5.60955,5.59985,5.6042,5086.0
2026-05-20 13:00:00,5.60429,5.60692,5.60198,5.60232,3954.0
2026-05-20 14:00:00,5.60236,5.60984,5.60028,5.60676,3486.0
2026-05-20 15:00:00,5.60678,5.61051,5.60623,5.60803,2411.0
2026-05-20 16:00:00,5.60806,5.60806,5.603,5.60335,1042.0
2026-05-20 17:00:00,5.60002,5.60603,5.59998,5.6049,943.0
2026-05-20 18:00:00,5.60484,5.60486,5.60038,5.60246,1110.0
2026-05-20 19:00:00,5.60257,5.60263,5.59872,5.59905,1002.0
2026-05-20 20:00:00,5.59932,5.59992,5.59527,5.59848,3637.0
2026-05-20 21:00:00,5.5986,5.60517,5.56903,5.57558,5855.0
2026-05-20 22:00:00,5.576,5.57982,5.56054,5.56672,4823.0
2026-05-20 23:00:00,5.56662,5.57662,5.5664,5.57586,2997.0
2026-05-21 00:00:00,5.57568,5.58449,5.57549,5.58232,2373.0
2026-05-21 01:00:00,5.58249,5.58387,5.57308,5.57986,3804.0
2026-05-21 02:00:00,5.57976,5.58286,5.56802,5.57209,4004.0
2026-05-21 03:00:00,5.57223,5.57874,5.56768,5.57636,5273.0
2026-05-21 04:00:00,5.5763,5.59284,5.57436,5.58697,5324.0
2026-05-21 05:00:00,5.58688,5.59583,5.58628,5.59059,3657.0
2026-05-21 06:00:00,5.59061,5.59328,5.57616,5.58178,5142.0
2026-05-21 07:00:00,5.5817,5.59214,5.58115,5.58276,3984.0
2026-05-21 08:00:00,5.58284,5.5886,5.58004,5.58221,5794.0
2026-05-21 09:00:00,5.58218,5.58952,5.57532,5.5866,8278.0
2026-05-21 10:00:00,5.5867,5.59261,5.57987,5.5911,8200.0
2026-05-21 11:00:00,5.59116,5.59157,5.5812,5.58816,6855.0
2026-05-21 12:00:00,5.58829,5.59326,5.58816,5.59176,5327.0
2026-05-21 13:00:00,5.59184,5.61617,5.59029,5.61146,7732.0
2026-05-21 14:00:00,5.61143,5.61464,5.59666,5.59973,6493.0
2026-05-21 15:00:00,5.59964,5.60789,5.59838,5.6051,4136.0
2026-05-21 16:00:00,5.60504,5.60583,5.60035,5.60095,693.0
2026-05-21 17:00:00,5.60358,5.60498,5.5991,5.60084,1383.0
2026-05-21 18:00:00,5.60078,5.6035,5.60015,5.60231,478.0
2026-05-21 19:00:00,5.60223,5.60272,5.59834,5.59978,1150.0
2026-05-21 20:00:00,5.59979,5.59979,5.59434,5.59538,3286.0
2026-05-21 21:00:00,5.59519,5.59738,5.59049,5.59182,3458.0
2026-05-21 22:00:00,5.59178,5.597,5.5917,5.59458,2959.0
2026-05-21 23:00:00,5.5944,5.59514,5.59024,5.5945,2364.0
2026-05-22 00:00:00,5.59445,5.59642,5.59334,5.59518,1204.0
2026-05-22 01:00:00,5.59509,5.59946,5.59202,5.59289,2738.0
2026-05-22 02:00:00,5.59266,5.59505,5.58814,5.59164,3120.0
2026-05-22 03:00:00,5.59172,5.59172,5.58466,5.5905,2602.0
2026-05-22 04:00:00,5.59059,5.59826,5.58722,5.59,3172.0
2026-05-22 05:00:00,5.5899,5.59028,5.58277,5.58564,1952.0
2026-05-22 06:00:00,5.58572,5.58842,5.58105,5.5832,1721.0
2026-05-22 07:00:00,5.58338,5.584,5.57923,5.5807,2157.0
2026-05-22 08:00:00,5.58077,5.59049,5.57933,5.58862,4005.0
2026-05-22 09:00:00,5.58852,5.59714,5.5818,5.58708,5716.0
2026-05-22 10:00:00,5.58694,5.58694,5.57656,5.5841,5663.0
2026-05-22 11:00:00,5.584,5.58964,5.58248,5.58733,4432.0
2026-05-22 12:00:00,5.58726,5.59224,5.58558,5.59115,1863.0
2026-05-22 13:00:00,5.59136,5.59656,5.58954,5.59316,2837.0
2026-05-22 14:00:00,5.59306,5.5954,5.59034,5.59338,1993.0
2026-05-22 15:00:00,5.5932,5.59388,5.58766,5.58828,2141.0
2026-05-22 16:00:00,5.5883,5.58866,5.58346,5.58502,1491.0
2026-05-24 17:00:00,5.60788,5.60878,5.60515,5.60585,361.0
2026-05-24 18:00:00,5.6059,5.61082,5.60575,5.60813,1424.0
2026-05-24 19:00:00,5.60814,5.61154,5.60716,5.60754,870.0
2026-05-24 20:00:00,5.60746,5.6132,5.60517,5.60808,2509.0
2026-05-24 21:00:00,5.60814,5.61943,5.6079,5.61412,2210.0
2026-05-24 22:00:00,5.61446,5.61874,5.61256,5.61334,1549.0
2026-05-24 23:00:00,5.61347,5.61492,5.60984,5.61078,1480.0
2026-05-25 00:00:00,5.61076,5.61839,5.61044,5.61702,1044.0
2026-05-25 01:00:00,5.61688,5.61908,5.61332,5.61409,1275.0
2026-05-25 02:00:00,5.61404,5.61635,5.61321,5.61422,1500.0
2026-05-25 03:00:00,5.61438,5.61444,5.60336,5.6099,2282.0
2026-05-25 04:00:00,5.61014,5.61497,5.60799,5.61444,1397.0
2026-05-25 05:00:00,5.61452,5.61721,5.61404,5.61501,578.0
2026-05-25 06:00:00,5.61513,5.61674,5.61376,5.61456,499.0
2026-05-25 07:00:00,5.61474,5.62136,5.61274,5.6169,1020.0
2026-05-25 08:00:00,5.61666,5.62058,5.61584,5.61706,1103.0
2026-05-25 09:00:00,5.61694,5.61953,5.6151,5.6165,976.0
2026-05-25 10:00:00,5.6164,5.62408,5.6164,5.62365,1055.0
2026-05-25 11:00:00,5.62362,5.62659,5.61941,5.61978,1297.0
2026-05-25 12:00:00,5.61988,5.62046,5.6176,5.62018,569.0
2026-05-25 13:00:00,5.62008,5.62268,5.61977,5.62166,241.0
2026-05-25 14:00:00,5.62174,5.6219,5.62053,5.6215,125.0
2026-05-25 15:00:00,5.62144,5.62228,5.62124,5.62188,124.0
2026-05-25 16:00:00,5.62216,5.62254,5.62035,5.6216,279.0
2026-05-25 17:00:00,5.6191,5.62095,5.61717,5.61865,1010.0
2026-05-25 18:00:00,5.61852,5.62102,5.61846,5.62021,512.0
2026-05-25 19:00:00,5.62032,5.62188,5.61553,5.61581,743.0
2026-05-25 20:00:00,5.61594,5.61833,5.61268,5.61818,2723.0
2026-05-25 21:00:00,5.61815,5.61862,5.61133,5.61398,3853.0
2026-05-25 22:00:00,5.6142,5.61578,5.6119,5.61426,2668.0
2026-05-25 23:00:00,5.61436,5.61982,5.61409,5.61858,1916.0
2026-05-26 00:00:00,5.61854,5.61906,5.61083,5.61086,1885.0
2026-05-26 01:00:00,5.61068,5.61155,5.60731,5.60964,2467.0
2026-05-26 02:00:00,5.6097,5.61746,5.60882,5.61451,2418.0
2026-05-26 03:00:00,5.61454,5.61488,5.60701,5.61329,3462.0
2026-05-26 04:00:00,5.61338,5.61645,5.61052,5.61358,3018.0
2026-05-26 05:00:00,5.61368,5.61464,5.6098,5.61352,2199.0
2026-05-26 06:00:00,5.61356,5.61674,5.61046,5.61484,3140.0
2026-05-26 07:00:00,5.6149,5.61717,5.6111,5.6138,3093.0
2026-05-26 08:00:00,5.61358,5.61732,5.61198,5.61676,2192.0
2026-05-26 09:00:00,5.61656,5.62352,5.61286,5.61762,4583.0
2026-05-26 10:00:00,5.61758,5.6215,5.61512,5.61729,5677.0
2026-05-26 11:00:00,5.61734,5.61734,5.60964,5.61136,5766.0
2026-05-26 12:00:00,5.61148,5.61619,5.61108,5.61308,3089.0
2026-05-26 13:00:00,5.61289,5.61468,5.61168,5.61277,2242.0
2026-05-26 14:00:00,5.61271,5.61805,5.61224,5.61727,2106.0
2026-05-26 15:00:00,5.61718,5.61888,5.61584,5.61774,910.0
2026-05-26 16:00:00,5.61762,5.61857,5.61544,5.6163,355.0
2026-05-26 17:00:00,5.61836,5.61934,5.6156,5.61635,1481.0
2026-05-26 18:00:00,5.61665,5.61795,5.61576,5.61646,492.0
2026-05-26 19:00:00,5.61641,5.62194,5.61636,5.61905,797.0
2026-05-26 20:00:00,5.61884,5.62618,5.61746,5.6227,2422.0
2026-05-26 21:00:00,5.6225,5.62443,5.60444,5.60745,3592.0
2026-05-26 22:00:00,5.60755,5.6144,5.60623,5.6116,3697.0
2026-05-26 23:00:00,5.61176,5.61583,5.60821,5.61022,1675.0
2026-05-27 00:00:00,5.61012,5.61363,5.60853,5.61134,1905.0
2026-05-27 01:00:00,5.61125,5.61263,5.6062,5.60625,2024.0
2026-05-27 02:00:00,5.60628,5.60756,5.59904,5.59934,3150.0
2026-05-27 03:00:00,5.59958,5.60198,5.59211,5.59258,2789.0
2026-05-27 04:00:00,5.59232,5.59529,5.59036,5.59478,3331.0
2026-05-27 05:00:00,5.59464,5.59838,5.59332,5.5957,2214.0
2026-05-27 06:00:00,5.59564,5.59756,5.58744,5.58894,2493.0
2026-05-27 07:00:00,5.58905,5.59058,5.58456,5.5883,3765.0
2026-05-27 08:00:00,5.58856,5.60128,5.58143,5.58892,7617.0
2026-05-27 09:00:00,5.58866,5.5928,5.5865,5.59164,7564.0
2026-05-27 10:00:00,5.59172,5.59552,5.5816,5.58336,7784.0
2026-05-27 11:00:00,5.58312,5.59321,5.58234,5.5902,5862.0
2026-05-27 12:00:00,5.59024,5.59444,5.58718,5.59321,3787.0
2026-05-27 13:00:00,5.59328,5.5936,5.58764,5.59027,3079.0
2026-05-27 14:00:00,5.59017,5.59328,5.5885,5.59287,2047.0
2026-05-27 15:00:00,5.59286,5.59545,5.59226,5.59512,1687.0
2026-05-27 16:00:00,5.59514,5.59608,5.59438,5.5952,481.0
2026-05-27 17:00:00,5.59464,5.5964,5.59151,5.59353,2055.0
2026-05-27 18:00:00,5.59332,5.59617,5.59277,5.59528,755.0
2026-05-27 19:00:00,5.5953,5.5975,5.5877,5.5878,1479.0
2026-05-27 20:00:00,5.5877,5.5902,5.58371,5.58631,2765.0
2026-05-27 21:00:00,5.5862,5.58728,5.57488,5.57578,3141.0
2026-05-27 22:00:00,5.57588,5.58103,5.57522,5.58012,1995.0
2026-05-27 23:00:00,5.58014,5.58288,5.56026,5.56185,3513.0
2026-05-28 00:00:00,5.56174,5.56469,5.55836,5.56448,3662.0
2026-05-28 01:00:00,5.5646,5.57651,5.56226,5.57322,3302.0
2026-05-28 02:00:00,5.57327,5.58044,5.57271,5.57638,2738.0
2026-05-28 03:00:00,5.57686,5.58182,5.57508,5.57854,4178.0
2026-05-28 04:00:00,5.57878,5.58018,5.5727,5.57528,3149.0
2026-05-28 05:00:00,5.57554,5.58083,5.57478,5.57724,2743.0
2026-05-28 06:00:00,5.57722,5.57955,5.56838,5.57125,3672.0
2026-05-28 07:00:00,5.57124,5.57765,5.571,5.57691,3987.0
2026-05-28 08:00:00,5.57687,5.5887,5.57638,5.58762,4933.0
2026-05-28 09:00:00,5.58771,5.59116,5.58235,5.584,5749.0
2026-05-28 10:00:00,5.58404,5.60644,5.58226,5.60076,10205.0
2026-05-28 11:00:00,5.60086,5.61146,5.60072,5.60838,5467.0
2026-05-28 12:00:00,5.60842,5.61754,5.607,5.61624,3609.0
2026-05-28 13:00:00,5.61624,5.6166,5.61276,5.61365,2738.0
2026-05-28 14:00:00,5.61356,5.61536,5.60982,5.61206,2454.0
2026-05-28 15:00:00,5.61188,5.6147,5.61006,5.61029,1828.0
2026-05-28 16:00:00,5.61007,5.61162,5.6097,5.6112,970.0
2026-05-28 17:00:00,5.6127,5.61376,5.60997,5.61291,3065.0
2026-05-28 18:00:00,5.61323,5.61374,5.61122,5.61136,650.0
2026-05-28 19:00:00,5.61135,5.61326,5.6104,5.61146,1233.0
2026-05-28 20:00:00,5.61134,5.61496,5.60783,5.60916,2897.0
2026-05-28 21:00:00,5.60932,5.61362,5.6062,5.6101,3109.0
2026-05-28 22:00:00,5.61024,5.61276,5.607,5.60791,1953.0
2026-05-28 23:00:00,5.608,5.60831,5.60454,5.60532,1795.0
2026-05-29 00:00:00,5.60548,5.61312,5.60538,5.61286,1415.0
2026-05-29 01:00:00,5.61294,5.61561,5.61157,5.6121,1601.0
2026-05-29 02:00:00,5.6121,5.61541,5.60742,5.61046,2509.0
2026-05-29 03:00:00,5.61036,5.61312,5.60368,5.61047,3586.0
2026-05-29 04:00:00,5.61007,5.61031,5.60134,5.60448,2904.0
2026-05-29 05:00:00,5.60452,5.6079,5.603,5.6066,3600.0
2026-05-29 06:00:00,5.60659,5.60854,5.60421,5.6081,2560.0
2026-05-29 07:00:00,5.60794,5.61809,5.60786,5.61803,2620.0
2026-05-29 08:00:00,5.61796,5.62551,5.61625,5.62551,3353.0
2026-05-29 09:00:00,5.62572,5.63432,5.62471,5.63224,4430.0
2026-05-29 10:00:00,5.63234,5.64128,5.62334,5.63822,7847.0
2026-05-29 11:00:00,5.63817,5.6434,5.63414,5.63451,7479.0
2026-05-29 12:00:00,5.63458,5.63634,5.63156,5.63391,4145.0
2026-05-29 13:00:00,5.634,5.63444,5.62794,5.62794,3004.0
2026-05-29 14:00:00,5.62786,5.63226,5.6275,5.62867,2925.0
2026-05-29 15:00:00,5.62851,5.63376,5.62832,5.63257,2405.0
2026-05-29 16:00:00,5.63256,5.63267,5.62818,5.63103,2161.0
2026-05-31 17:00:00,5.62028,5.62864,5.62028,5.6247,602.0
2026-05-31 18:00:00,5.62456,5.6283,5.62053,5.626,1543.0
2026-05-31 19:00:00,5.62607,5.62984,5.6255,5.6265,1698.0
2026-05-31 20:00:00,5.62642,5.63038,5.62466,5.62975,3275.0
2026-05-31 21:00:00,5.62966,5.632,5.62884,5.63166,2270.0
2026-05-31 22:00:00,5.63157,5.63328,5.62954,5.63084,1656.0
2026-05-31 23:00:00,5.63094,5.63205,5.62394,5.6274,1994.0
2026-06-01 00:00:00,5.6277,5.63194,5.62762,5.63158,1018.0
2026-06-01 01:00:00,5.63174,5.63444,5.6306,5.63254,1816.0
2026-06-01 02:00:00,5.63265,5.63534,5.62511,5.62876,2898.0
2026-06-01 03:00:00,5.62849,5.6309,5.62463,5.62703,2937.0
2026-06-01 04:00:00,5.62712,5.6305,5.6262,5.6305,2120.0
2026-06-01 05:00:00,5.63057,5.63176,5.62441,5.6262,3164.0
2026-06-01 06:00:00,5.6264,5.62646,5.6226,5.62421,2180.0
2026-06-01 07:00:00,5.62422,5.62493,5.6207,5.62172,1687.0
2026-06-01 08:00:00,5.62173,5.62272,5.61736,5.61895,2824.0
2026-06-01 09:00:00,5.61906,5.61932,5.59287,5.59379,9522.0
2026-06-01 10:00:00,5.5927,5.59957,5.59153,5.59702,6497.0
2026-06-01 11:00:00,5.59708,5.61226,5.59694,5.60586,5624.0
2026-06-01 12:00:00,5.60594,5.61384,5.60213,5.61225,3454.0
2026-06-01 13:00:00,5.6124,5.62114,5.60993,5.61746,3595.0
2026-06-01 14:00:00,5.6173,5.61755,5.61322,5.6134,1717.0
2026-06-01 15:00:00,5.61337,5.6147,5.61133,5.61329,1944.0
2026-06-01 16:00:00,5.61326,5.61448,5.6114,5.6121,612.0
2026-06-01 17:00:00,5.61631,5.61661,5.61202,5.61556,1581.0
2026-06-01 18:00:00,5.61623,5.61623,5.61136,5.61255,513.0
2026-06-01 19:00:00,5.6125,5.61565,5.61202,5.61499,756.0
2026-06-01 20:00:00,5.6151,5.61569,5.60963,5.61124,3414.0
2026-06-01 21:00:00,5.61132,5.61807,5.60668,5.60816,3925.0
2026-06-01 22:00:00,5.60815,5.61361,5.60722,5.61116,3172.0
2026-06-01 23:00:00,5.61108,5.6124,5.60812,5.6118,2462.0
2026-06-02 00:00:00,5.61184,5.6142,5.61042,5.61394,2308.0
2026-06-02 01:00:00,5.61391,5.61708,5.6126,5.61276,2766.0
2026-06-02 02:00:00,5.61286,5.62685,5.61284,5.62593,3735.0
2026-06-02 03:00:00,5.62604,5.63054,5.6252,5.62899,3677.0
2026-06-02 04:00:00,5.62923,5.63292,5.62638,5.62756,2493.0
2026-06-02 05:00:00,5.62754,5.62987,5.62466,5.62975,2752.0
2026-06-02 06:00:00,5.62966,5.63132,5.62684,5.62981,2028.0
2026-06-02 07:00:00,5.62985,5.63093,5.62767,5.62808,2083.0
2026-06-02 08:00:00,5.6281,5.6292,5.62397,5.62521,2821.0
2026-06-02 09:00:00,5.62529,5.62702,5.62165,5.62339,4597.0
2026-06-02 10:00:00,5.62342,5.63096,5.61938,5.63086,4231.0
2026-06-02 11:00:00,5.63066,5.63326,5.62792,5.63078,3251.0
2026-06-02 12:00:00,5.63084,5.63255,5.62431,5.62632,1812.0
2026-06-02 13:00:00,5.62624,5.62746,5.62092,5.62134,1349.0
2026-06-02 14:00:00,5.62151,5.62671,5.62014,5.62633,1347.0
2026-06-02 15:00:00,5.62628,5.62868,5.62622,5.6286,900.0
2026-06-02 16:00:00,5.62862,5.62936,5.6265,5.62665,608.0
2026-06-02 17:00:00,5.62681,5.62825,5.62455,5.62705,152.0
2026-06-02 18:00:00,5.627,5.6273,5.62459,5.62492,551.0
2026-06-02 19:00:00,5.62494,5.62572,5.62026,5.62152,1403.0
2026-06-02 20:00:00,5.62154,5.62854,5.62087,5.628,2580.0
2026-06-02 21:00:00,5.62796,5.62836,5.6194,5.6242,3887.0
2026-06-02 22:00:00,5.62436,5.62653,5.61811,5.62169,2452.0
2026-06-02 23:00:00,5.62172,5.62316,5.61846,5.61992,1828.0
2026-06-03 00:00:00,5.61994,5.6215,5.61688,5.61839,1588.0
2026-06-03 01:00:00,5.61844,5.61992,5.61224,5.61305,2384.0
2026-06-03 02:00:00,5.61301,5.61524,5.60443,5.61042,4053.0
2026-06-03 03:00:00,5.61044,5.61714,5.60805,5.61472,3507.0
2026-06-03 04:00:00,5.6148,5.61578,5.60907,5.61162,3141.0
2026-06-03 05:00:00,5.61171,5.61764,5.61146,5.61393,2239.0
2026-06-03 06:00:00,5.61388,5.62392,5.61318,5.61726,3223.0
2026-06-03 07:00:00,5.61736,5.61922,5.61464,5.61556,1645.0
2026-06-03 08:00:00,5.61546,5.61593,5.60315,5.60544,3476.0
2026-06-03 09:00:00,5.60536,5.6067,5.59341,5.59643,4748.0
2026-06-03 10:00:00,5.5963,5.60337,5.59529,5.6015,5753.0
2026-06-03 11:00:00,5.6014,5.60156,5.59295,5.59465,3532.0
2026-06-03 12:00:00,5.59467,5.59472,5.58846,5.59246,3108.0
2026-06-03 13:00:00,5.59264,5.59512,5.58774,5.58984,1450.0
2026-06-03 14:00:00,5.58992,5.59078,5.58736,5.58848,1081.0
2026-06-03 15:00:00,5.58846,5.58982,5.58717,5.588,1197.0
2026-06-03 16:00:00,5.588,5.58844,5.58528,5.58605,692.0
2026-06-03 17:00:00,5.58883,5.58957,5.58567,5.58746,963.0
2026-06-03 18:00:00,5.58704,5.59514,5.58511,5.5922,2334.0
2026-06-03 19:00:00,5.59228,5.59326,5.58552,5.59039,2903.0
2026-06-03 20:00:00,5.59033,5.59312,5.58683,5.58779,4367.0
2026-06-03 21:00:00,5.58767,5.59135,5.58342,5.58656,2236.0
2026-06-03 22:00:00,5.58664,5.5869,5.58022,5.58418,2221.0
2026-06-03 23:00:00,5.58402,5.58528,5.58034,5.5851,1497.0
2026-06-04 00:00:00,5.5852,5.58921,5.58398,5.58609,857.0
2026-06-04 01:00:00,5.586,5.58693,5.58141,5.58637,1190.0
2026-06-04 02:00:00,5.58642,5.59359,5.58556,5.59098,3063.0
2026-06-04 03:00:00,5.59101,5.59286,5.58406,5.5874,3555.0
2026-06-04 04:00:00,5.58748,5.58958,5.58454,5.58726,2649.0
2026-06-04 05:00:00,5.58738,5.59174,5.58576,5.5892,2071.0
2026-06-04 06:00:00,5.58912,5.59276,5.58799,5.58943,1874.0
2026-06-04 07:00:00,5.58962,5.59954,5.58944,5.5984,3273.0
2026-06-04 08:00:00,5.59848,5.60014,5.59218,5.59417,3237.0
2026-06-04 09:00:00,5.59392,5.59777,5.59308,5.59564,2829.0
2026-06-04 10:00:00,5.59572,5.59742,5.58939,5.59416,2348.0
2026-06-04 11:00:00,5.59406,5.59608,5.5913,5.59527,1612.0
2026-06-04 12:00:00,5.59537,5.59684,5.5939,5.59394,1038.0
2026-06-04 13:00:00,5.59385,5.59483,5.59241,5.59348,690.0
2026-06-04 14:00:00,5.59357,5.59499,5.59021,5.59104,725.0
2026-06-04 15:00:00,5.59112,5.59199,5.5891,5.59051,548.0
2026-06-04 16:00:00,5.59047,5.59062,5.5876,5.58855,1167.0
2026-06-04 17:00:00,5.59102,5.59356,5.58848,5.58893,787.0
2026-06-04 18:00:00,5.58889,5.59013,5.58742,5.58876,876.0
2026-06-04 19:00:00,5.58872,5.5906,5.58517,5.58639,1456.0
2026-06-04 20:00:00,5.58624,5.58624,5.57978,5.57998,2816.0
2026-06-04 21:00:00,5.57999,5.58054,5.56519,5.57622,3234.0
2026-06-04 22:00:00,5.57631,5.58362,5.5748,5.58146,2192.0
2026-06-04 23:00:00,5.58154,5.5836,5.57773,5.57888,2159.0
2026-06-05 00:00:00,5.57879,5.58494,5.57852,5.58288,1181.0
2026-06-05 01:00:00,5.58286,5.58354,5.57546,5.5763,1185.0
2026-06-05 02:00:00,5.57627,5.58272,5.57329,5.58172,2248.0
2026-06-05 03:00:00,5.58164,5.58946,5.58108,5.58558,2741.0
2026-06-05 04:00:00,5.58554,5.59121,5.58516,5.58588,2273.0
2026-06-05 05:00:00,5.58591,5.59344,5.58536,5.59196,2307.0
2026-06-05 06:00:00,5.59193,5.59612,5.59142,5.59416,1643.0
2026-06-05 07:00:00,5.59414,5.59624,5.59158,5.59491,2236.0
2026-06-05 08:00:00,5.59516,5.59566,5.56386,5.56411,5692.0
2026-06-05 09:00:00,5.564,5.5705,5.54808,5.54808,6560.0
2026-06-05 10:00:00,5.548,5.55243,5.53604,5.54771,5794.0
2026-06-05 11:00:00,5.5478,5.54845,5.5298,5.53018,3403.0
2026-06-05 12:00:00,5.53011,5.53173,5.5232,5.53164,3258.0
2026-06-05 13:00:00,5.53172,5.53209,5.52406,5.52721,2651.0
2026-06-05 14:00:00,5.5273,5.52762,5.51786,5.51868,3122.0
2026-06-05 15:00:00,5.51857,5.5216,5.51478,5.51972,2824.0
2026-06-05 16:00:00,5.5197,5.51977,5.51324,5.51917,4483.0
2026-06-07 17:00:00,5.50536,5.5089,5.50328,5.50735,1063.0
2026-06-07 18:00:00,5.50708,5.51496,5.5057,5.50881,2345.0
2026-06-07 19:00:00,5.50889,5.51829,5.50889,5.51765,2461.0
2026-06-07 20:00:00,5.51748,5.53054,5.5165,5.52998,3215.0
2026-06-07 21:00:00,5.53006,5.5331,5.5118,5.52335,8234.0
2026-06-07 22:00:00,5.52344,5.52611,5.51694,5.52418,5817.0
2026-06-07 23:00:00,5.52422,5.52555,5.5194,5.52374,3828.0
2026-06-08 00:00:00,5.52378,5.52722,5.519,5.51996,3768.0
2026-06-08 01:00:00,5.51994,5.52644,5.51148,5.51365,5932.0
2026-06-08 02:00:00,5.51366,5.52065,5.51325,5.51796,4678.0
2026-06-08 03:00:00,5.51824,5.53099,5.51723,5.52208,5158.0
2026-06-08 04:00:00,5.52199,5.52692,5.51858,5.5217,4758.0
2026-06-08 05:00:00,5.52172,5.52698,5.51463,5.52598,4375.0
2026-06-08 06:00:00,5.52598,5.53572,5.52322,5.53088,4243.0
2026-06-08 07:00:00,5.53083,5.54648,5.52973,5.53996,4353.0
2026-06-08 08:00:00,5.54006,5.54497,5.53687,5.54012,4512.0
2026-06-08 09:00:00,5.54004,5.5435,5.52938,5.53005,8487.0
2026-06-08 10:00:00,5.52995,5.53346,5.5214,5.53162,8821.0
2026-06-08 11:00:00,5.53168,5.53466,5.52508,5.528,6679.0
2026-06-08 12:00:00,5.52792,5.52986,5.52563,5.52563,4893.0
2026-06-08 13:00:00,5.52571,5.52596,5.52132,5.52447,6407.0
2026-06-08 14:00:00,5.52446,5.52865,5.52042,5.52138,3628.0
2026-06-08 15:00:00,5.52128,5.52294,5.51916,5.52168,2804.0
2026-06-08 16:00:00,5.52162,5.52282,5.52044,5.52135,816.0
2026-06-08 17:00:00,5.52018,5.52285,5.52008,5.52285,241.0
2026-06-08 18:00:00,5.52287,5.52294,5.51835,5.52107,807.0
2026-06-08 19:00:00,5.52115,5.5215,5.51482,5.51616,1620.0
2026-06-08 20:00:00,5.516,5.5199,5.51256,5.51967,5150.0
2026-06-08 21:00:00,5.51976,5.53116,5.51908,5.53088,4949.0
2026-06-08 22:00:00,5.53096,5.53205,5.52208,5.52348,4115.0
2026-06-08 23:00:00,5.52334,5.52454,5.51708,5.5207,4571.0
2026-06-09 00:00:00,5.52078,5.53066,5.51877,5.52876,2855.0
2026-06-09 01:00:00,5.52886,5.53222,5.52534,5.52995,4114.0
2026-06-09 02:00:00,5.52988,5.54028,5.52914,5.532,4409.0
2026-06-09 03:00:00,5.53198,5.53358,5.52518,5.52588,4202.0
2026-06-09 04:00:00,5.52588,5.52984,5.52236,5.52625,4075.0
2026-06-09 05:00:00,5.52639,5.5302,5.52482,5.5251,2577.0
2026-06-09 06:00:00,5.5249,5.53182,5.52217,5.53008,2907.0
2026-06-09 07:00:00,5.52994,5.53386,5.52958,5.53306,2495.0
2026-06-09 08:00:00,5.5331,5.53474,5.53096,5.53294,2780.0
2026-06-09 09:00:00,5.53319,5.53502,5.52138,5.52463,7212.0
2026-06-09 10:00:00,5.52477,5.53066,5.51097,5.51844,10290.0
2026-06-09 11:00:00,5.51852,5.5221,5.50338,5.50746,10864.0
2026-06-09 12:00:00,5.50752,5.51054,5.49022,5.49894,11653.0
2026-06-09 13:00:00,5.49902,5.51138,5.49858,5.50888,9281.0
2026-06-09 14:00:00,5.50898,5.51431,5.50758,5.5119,5200.0
2026-06-09 15:00:00,5.51195,5.51218,5.50382,5.50762,4821.0
2026-06-09 16:00:00,5.50768,5.50943,5.5066,5.50775,1618.0
2026-06-09 17:00:00,5.50968,5.51012,5.50045,5.50526,986.0
2026-06-09 18:00:00,5.5055,5.50615,5.5,5.50084,1065.0
2026-06-09 19:00:00,5.50076,5.50532,5.49831,5.50503,2142.0
2026-06-09 20:00:00,5.50477,5.51149,5.49949,5.50851,5767.0
2026-06-09 21:00:00,5.5087,5.5101,5.50435,5.50652,5574.0
2026-06-09 22:00:00,5.5066,5.50882,5.50176,5.50262,4596.0
2026-06-09 23:00:00,5.50271,5.50784,5.50235,5.50676,3846.0
2026-06-10 00:00:00,5.50684,5.50718,5.49806,5.49988,4220.0
2026-06-10 01:00:00,5.49982,5.50179,5.4928,5.50117,4536.0
2026-06-10 02:00:00,5.50115,5.50572,5.49836,5.49854,3581.0
2026-06-10 03:00:00,5.49844,5.50309,5.49718,5.4996,4152.0
2026-06-10 04:00:00,5.49976,5.49979,5.4929,5.49322,5169.0
2026-06-10 05:00:00,5.49314,5.49492,5.48914,5.4939,4642.0
2026-06-10 06:00:00,5.494,5.4958,5.49124,5.49494,3590.0
2026-06-10 07:00:00,5.49499,5.49514,5.48451,5.48618,6605.0
2026-06-10 08:00:00,5.4861,5.50683,5.48558,5.49523,9531.0
2026-06-10 09:00:00,5.49528,5.51531,5.49511,5.50928,9610.0
2026-06-10 10:00:00,5.50929,5.5125,5.50072,5.5028,10971.0
2026-06-10 11:00:00,5.50289,5.50698,5.4907,5.50222,11909.0
2026-06-10 12:00:00,5.5023,5.50691,5.49885,5.49993,6539.0
2026-06-10 13:00:00,5.50015,5.50388,5.4927,5.49916,6038.0
2026-06-10 14:00:00,5.49926,5.50356,5.49159,5.49382,4837.0
2026-06-10 15:00:00,5.4938,5.49442,5.48557,5.48566,4779.0
2026-06-10 16:00:00,5.48557,5.486,5.48158,5.4832,2257.0
2026-06-10 17:00:00,5.48435,5.48719,5.4822,5.4825,559.0
2026-06-10 18:00:00,5.48225,5.48305,5.47765,5.47854,1956.0
2026-06-10 19:00:00,5.47864,5.48524,5.47566,5.48038,4969.0
2026-06-10 20:00:00,5.4804,5.48675,5.4779,5.48314,6608.0
2026-06-10 21:00:00,5.48324,5.49246,5.48298,5.49086,5118.0
2026-06-10 22:00:00,5.49078,5.49088,5.48505,5.48783,4783.0
2026-06-10 23:00:00,5.48778,5.48873,5.48379,5.48686,3418.0
2026-06-11 00:00:00,5.48694,5.49324,5.48538,5.49188,3172.0
2026-06-11 01:00:00,5.49197,5.4946,5.49,5.49078,3794.0
2026-06-11 02:00:00,5.49082,5.49162,5.48648,5.48706,3422.0
2026-06-11 03:00:00,5.48704,5.49192,5.48435,5.48597,3592.0
2026-06-11 04:00:00,5.48588,5.48696,5.47814,5.47994,3424.0
2026-06-11 05:00:00,5.47988,5.4857,5.47905,5.48234,2629.0
2026-06-11 06:00:00,5.48242,5.48386,5.47955,5.48206,2180.0
2026-06-11 07:00:00,5.48206,5.48492,5.48012,5.48346,3637.0
2026-06-11 08:00:00,5.4835,5.48486,5.469,5.47671,8675.0
2026-06-11 09:00:00,5.47692,5.48194,5.46962,5.47767,8557.0
2026-06-11 10:00:00,5.47771,5.4789,5.46982,5.47458,9993.0
2026-06-11 11:00:00,5.4745,5.48498,5.47371,5.48089,9172.0
2026-06-11 12:00:00,5.48092,5.48316,5.47679,5.4769,4464.0
2026-06-11 13:00:00,5.47688,5.51186,5.47408,5.50626,14432.0
2026-06-11 14:00:00,5.50636,5.5154,5.49834,5.50886,11063.0
2026-06-11 15:00:00,5.50894,5.52872,5.50894,5.52328,7117.0
2026-06-11 16:00:00,5.52323,5.52738,5.52068,5.52582,2922.0
2026-06-11 17:00:00,5.52314,5.52636,5.52054,5.5243,829.0
2026-06-11 18:00:00,5.5242,5.5281,5.52114,5.52594,1088.0
2026-06-11 19:00:00,5.52611,5.52685,5.51983,5.52245,1690.0
2026-06-11 20:00:00,5.52246,5.52315,5.51687,5.51974,5129.0
2026-06-11 21:00:00,5.51968,5.51988,5.50796,5.51194,4749.0
2026-06-11 22:00:00,5.51184,5.51642,5.50707,5.51314,3603.0
2026-06-11 23:00:00,5.51319,5.51889,5.51094,5.51587,4653.0
2026-06-12 00:00:00,5.51595,5.52058,5.51384,5.51738,2917.0
2026-06-12 01:00:00,5.51742,5.51824,5.50538,5.50716,4604.0
2026-06-12 02:00:00,5.50698,5.51656,5.50698,5.51078,4009.0
2026-06-12 03:00:00,5.51092,5.51116,5.50116,5.50984,5063.0
2026-06-12 04:00:00,5.50992,5.5233,5.50828,5.5169,6482.0
2026-06-12 05:00:00,5.51699,5.52673,5.51545,5.52062,4744.0
2026-06-12 06:00:00,5.52052,5.52446,5.51186,5.51868,4425.0
2026-06-12 07:00:00,5.51868,5.51982,5.51418,5.51561,4036.0
2026-06-12 08:00:00,5.51565,5.51565,5.51013,5.51244,4824.0
2026-06-12 09:00:00,5.51255,5.52256,5.50981,5.51392,8469.0
2026-06-12 10:00:00,5.51398,5.52566,5.5131,5.52565,10154.0
2026-06-12 11:00:00,5.52574,5.53206,5.52111,5.52126,8001.0
2026-06-12 12:00:00,5.52116,5.52698,5.51909,5.52368,5757.0
2026-06-12 13:00:00,5.52378,5.5273,5.52206,5.52306,3083.0
2026-06-12 14:00:00,5.52314,5.52578,5.52082,5.52272,2501.0
2026-06-12 15:00:00,5.52264,5.52498,5.5206,5.52454,2632.0
2026-06-12 16:00:00,5.52454,5.52546,5.51789,5.52022,1142.0
2026-06-14 17:00:00,5.51914,5.55107,5.5178,5.55084,1251.0
2026-06-14 18:00:00,5.55082,5.55368,5.5427,5.54445,3492.0
2026-06-14 19:00:00,5.54438,5.54708,5.54024,5.54312,2348.0
2026-06-14 20:00:00,5.54298,5.55256,5.53746,5.53785,3637.0
2026-06-14 21:00:00,5.53792,5.54449,5.53598,5.54238,3844.0
2026-06-14 22:00:00,5.54246,5.54677,5.54038,5.54464,2482.0
2026-06-14 23:00:00,5.54445,5.55105,5.54426,5.54872,2089.0
2026-06-15 00:00:00,5.54876,5.5491,5.54568,5.54868,2038.0
2026-06-15 01:00:00,5.54882,5.55322,5.54784,5.54848,2570.0
2026-06-15 02:00:00,5.5485,5.5498,5.53996,5.54384,2590.0
2026-06-15 03:00:00,5.5439,5.5444,5.5364,5.54128,3152.0
2026-06-15 04:00:00,5.54122,5.54478,5.53785,5.54046,2974.0
2026-06-15 05:00:00,5.54038,5.54495,5.53934,5.53956,2072.0
2026-06-15 06:00:00,5.53952,5.5435,5.53758,5.54068,1355.0
2026-06-15 07:00:00,5.54059,5.54266,5.53852,5.53964,2013.0
2026-06-15 08:00:00,5.53952,5.54171,5.53433,5.54038,2342.0
2026-06-15 09:00:00,5.5403,5.54384,5.5383,5.54195,3282.0
2026-06-15 10:00:00,5.54186,5.55344,5.53908,5.55202,4618.0
2026-06-15 11:00:00,5.55192,5.55328,5.54594,5.54706,3103.0
2026-06-15 12:00:00,5.54709,5.54956,5.54546,5.5474,1617.0
2026-06-15 13:00:00,5.54732,5.54746,5.54348,5.54504,1512.0
2026-06-15 14:00:00,5.54512,5.5455,5.5416,5.54276,1492.0
2026-06-15 15:00:00,5.54281,5.54378,5.53924,5.53976,1525.0
2026-06-15 16:00:00,5.53974,5.54058,5.53862,5.53945,511.0
2026-06-15 17:00:00,5.54146,5.54204,5.53985,5.54079,500.0
2026-06-15 18:00:00,5.54078,5.54103,5.53676,5.5387,767.0
2026-06-15 19:00:00,5.53872,5.54286,5.5387,5.54036,1316.0
2026-06-15 20:00:00,5.54029,5.54106,5.5366,5.54014,2455.0
2026-06-15 21:00:00,5.54006,5.54155,5.53128,5.53197,3027.0
2026-06-15 22:00:00,5.532,5.53257,5.52618,5.53234,2122.0
2026-06-15 23:00:00,5.53243,5.53362,5.52923,5.53132,2043.0
2026-06-16 00:00:00,5.53121,5.53145,5.51873,5.52266,2273.0
2026-06-16 01:00:00,5.52274,5.5261,5.51574,5.52079,2345.0
2026-06-16 02:00:00,5.52076,5.52646,5.52008,5.52575,3187.0
2026-06-16 03:00:00,5.52573,5.53104,5.52414,5.53094,2758.0
2026-06-16 04:00:00,5.53103,5.53775,5.52805,5.53655,2567.0
2026-06-16 05:00:00,5.53666,5.53754,5.53458,5.53608,2456.0
2026-06-16 06:00:00,5.53607,5.54491,5.53597,5.54388,1988.0
2026-06-16 07:00:00,5.54378,5.54388,5.53604,5.53719,2899.0
2026-06-16 08:00:00,5.53708,5.53849,5.53288,5.5374,2697.0
2026-06-16 09:00:00,5.53748,5.54326,5.53525,5.5402,3976.0
2026-06-16 10:00:00,5.54028,5.54488,5.5347,5.54484,5555.0
2026-06-16 11:00:00,5.54486,5.54565,5.53702,5.54315,5009.0
2026-06-16 12:00:00,5.54318,5.54603,5.54071,5.54112,4283.0
2026-06-16 13:00:00,5.54121,5.54144,5.53766,5.53961,2546.0
2026-06-16 14:00:00,5.53962,5.54134,5.53882,5.54,2671.0
2026-06-16 15:00:00,5.54004,5.54142,5.53515,5.5358,2120.0
2026-06-16 16:00:00,5.53578,5.5363,5.5345,5.5363,482.0
2026-06-16 17:00:00,5.53675,5.53814,5.5345,5.53626,598.0
2026-06-16 18:00:00,5.53636,5.53885,5.53555,5.53748,700.0
2026-06-16 19:00:00,5.53746,5.53852,5.53389,5.53393,993.0
2026-06-16 20:00:00,5.53396,5.53781,5.53294,5.53636,2442.0
2026-06-16 21:00:00,5.53641,5.53882,5.53341,5.53575,1737.0
2026-06-16 22:00:00,5.5357,5.5377,5.53168,5.53236,1680.0
2026-06-16 23:00:00,5.53228,5.53316,5.53023,5.53104,1485.0
2026-06-17 00:00:00,5.53112,5.53402,5.53088,5.53121,1258.0
2026-06-17 01:00:00,5.53123,5.53306,5.52806,5.52952,1634.0
2026-06-17 02:00:00,5.52957,5.53043,5.52598,5.52932,2254.0
2026-06-17 03:00:00,5.52924,5.53477,5.52826,5.53468,1789.0
2026-06-17 04:00:00,5.53464,5.53468,5.52878,5.53271,2128.0
2026-06-17 05:00:00,5.53275,5.53542,5.53186,5.53333,1420.0
2026-06-17 06:00:00,5.53337,5.5334,5.5293,5.53152,1674.0
2026-06-17 07:00:00,5.53134,5.53268,5.5292,5.53182,1727.0
2026-06-17 08:00:00,5.53191,5.53551,5.53126,5.53532,1621.0
2026-06-17 09:00:00,5.53524,5.5419,5.53512,5.53841,2472.0
2026-06-17 10:00:00,5.53831,5.54238,5.53267,5.53713,4630.0
2026-06-17 11:00:00,5.53709,5.54205,5.5354,5.54002,3678.0
2026-06-17 12:00:00,5.54,5.54162,5.53724,5.54088,2268.0
2026-06-17 13:00:00,5.54091,5.5438,5.53895,5.5427,1968.0
2026-06-17 14:00:00,5.54248,5.54268,5.50991,5.51763,22930.0
2026-06-17 15:00:00,5.51754,5.52046,5.4813,5.49113,14276.0
2026-06-17 16:00:00,5.4911,5.4973,5.49014,5.4953,2238.0
2026-06-17 17:00:00,5.4971,5.49852,5.49469,5.49736,433.0
2026-06-17 18:00:00,5.49746,5.49894,5.49518,5.49612,798.0
2026-06-17 19:00:00,5.49622,5.5001,5.49622,5.49899,1189.0
2026-06-17 20:00:00,5.499,5.50978,5.49892,5.50262,3495.0
2026-06-17 21:00:00,5.50264,5.51302,5.50252,5.51069,2608.0
2026-06-17 22:00:00,5.51078,5.51708,5.50958,5.51353,2193.0
2026-06-17 23:00:00,5.51344,5.5178,5.51344,5.5169,1872.0
2026-06-18 00:00:00,5.51695,5.51818,5.51136,5.51204,1687.0
2026-06-18 01:00:00,5.51214,5.51486,5.50816,5.5089,2034.0
2026-06-18 02:00:00,5.50884,5.5177,5.50791,5.5158,3732.0
2026-06-18 03:00:00,5.51558,5.51662,5.50698,5.51208,3138.0
2026-06-18 04:00:00,5.51216,5.51236,5.49413,5.49528,3574.0
2026-06-18 05:00:00,5.49552,5.50085,5.49195,5.49835,3472.0
2026-06-18 06:00:00,5.49826,5.49831,5.4897,5.49014,3552.0
2026-06-18 07:00:00,5.49024,5.49254,5.48679,5.48837,3888.0
2026-06-18 08:00:00,5.48846,5.5022,5.48734,5.50044,4424.0
2026-06-18 09:00:00,5.50036,5.51,5.49656,5.50629,6938.0
2026-06-18 10:00:00,5.50638,5.51567,5.5002,5.51408,7701.0
2026-06-18 11:00:00,5.51414,5.51453,5.50071,5.50071,4842.0
2026-06-18 12:00:00,5.50068,5.50269,5.49837,5.50138,2993.0
2026-06-18 13:00:00,5.50131,5.506,5.50004,5.50036,1724.0
2026-06-18 14:00:00,5.50051,5.50178,5.49742,5.49742,1448.0
2026-06-18 15:00:00,5.49762,5.50064,5.49221,5.49638,2750.0
2026-06-18 16:00:00,5.49641,5.50097,5.49567,5.49695,1245.0
2026-06-18 17:00:00,5.50172,5.50462,5.49648,5.49774,889.0
2026-06-18 18:00:00,5.49758,5.49965,5.49736,5.4995,623.0
2026-06-18 19:00:00,5.49972,5.5001,5.49547,5.49577,909.0
2026-06-18 20:00:00,5.49586,5.49918,5.49417,5.4955,3139.0
2026-06-18 21:00:00,5.49555,5.49646,5.4892,5.48972,2144.0
2026-06-18 22:00:00,5.48978,5.49608,5.48962,5.49461,1867.0
2026-06-18 23:00:00,5.49475,5.49583,5.48348,5.48444,2750.0
2026-06-19 00:00:00,5.48456,5.48602,5.47923,5.4807,2169.0
2026-06-19 01:00:00,5.48077,5.49195,5.47828,5.4899,2290.0
2026-06-19 02:00:00,5.48993,5.49721,5.48974,5.49584,2449.0
2026-06-19 03:00:00,5.49595,5.4994,5.4919,5.49422,2317.0
2026-06-19 04:00:00,5.49427,5.5026,5.49414,5.50198,2522.0
2026-06-19 05:00:00,5.50207,5.50296,5.49918,5.49968,1456.0
2026-06-19 06:00:00,5.49967,5.50074,5.49554,5.4976,1287.0
2026-06-19 07:00:00,5.4975,5.49933,5.49506,5.49621,1411.0
2026-06-19 08:00:00,5.4963,5.50622,5.49513,5.50404,2550.0
2026-06-19 09:00:00,5.50419,5.5045,5.49394,5.49457,2451.0
2026-06-19 10:00:00,5.49466,5.49596,5.49292,5.49561,1935.0
2026-06-19 11:00:00,5.49563,5.49662,5.4921,5.49305,1248.0
2026-06-19 12:00:00,5.49302,5.49468,5.4919,5.49236,472.0
2026-06-19 13:00:00,5.49236,5.49582,5.49226,5.49496,523.0
2026-06-19 14:00:00,5.49513,5.49664,5.49422,5.4956,433.0
2026-06-19 15:00:00,5.4957,5.49841,5.49415,5.49462,11175.0
2026-06-19 16:00:00,5.49492,5.49706,5.49199,5.49648,14640.0
2026-06-21 17:00:00,5.49432,5.49802,5.48884,5.49332,870.0
2026-06-21 18:00:00,5.49344,5.49358,5.489,5.48982,1875.0
2026-06-21 19:00:00,5.48987,5.4914,5.48532,5.48769,1602.0
2026-06-21 20:00:00,5.4879,5.49603,5.48732,5.49588,2636.0
2026-06-21 21:00:00,5.49604,5.50166,5.49466,5.49466,4024.0
2026-06-21 22:00:00,5.49474,5.49517,5.48888,5.49395,2445.0
2026-06-21 23:00:00,5.49396,5.49706,5.48928,5.49094,2031.0
2026-06-22 00:00:00,5.49105,5.4919,5.48712,5.49082,2562.0
2026-06-22 01:00:00,5.4909,5.49563,5.4881,5.48882,2462.0
2026-06-22 02:00:00,5.4888,5.49304,5.48562,5.4908,3262.0
2026-06-22 03:00:00,5.49088,5.4915,5.48556,5.4867,2650.0
2026-06-22 04:00:00,5.48668,5.48782,5.4828,5.48422,2737.0
2026-06-22 05:00:00,5.48432,5.49026,5.48417,5.48656,2579.0
2026-06-22 06:00:00,5.48648,5.49239,5.48633,5.48864,2026.0
2026-06-22 07:00:00,5.48856,5.4943,5.48754,5.48932,2410.0
2026-06-22 08:00:00,5.48931,5.49711,5.48907,5.4933,2927.0
2026-06-22 09:00:00,5.49329,5.49776,5.48963,5.49036,5740.0
2026-06-22 10:00:00,5.49026,5.49674,5.48814,5.49588,6961.0
2026-06-22 11:00:00,5.49592,5.49892,5.48698,5.4876,4648.0
2026-06-22 12:00:00,5.4878,5.49066,5.48545,5.48948,3102.0
2026-06-22 13:00:00,5.48954,5.49071,5.48769,5.48929,2210.0
2026-06-22 14:00:00,5.48924,5.48997,5.48787,5.48852,1503.0
2026-06-22 15:00:00,5.48862,5.48906,5.48416,5.4878,1785.0
2026-06-22 16:00:00,5.48792,5.48928,5.48727,5.4885,581.0
2026-06-22 17:00:00,5.49096,5.49198,5.48894,5.48944,567.0
2026-06-22 18:00:00,5.48932,5.48944,5.48575,5.4867,691.0
2026-06-22 19:00:00,5.4868,5.48742,5.48268,5.48324,955.0
2026-06-22 20:00:00,5.4832,5.4832,5.47396,5.47908,3363.0
2026-06-22 21:00:00,5.47918,5.48058,5.47188,5.47467,2728.0
2026-06-22 22:00:00,5.47478,5.47768,5.46725,5.46779,2476.0
2026-06-22 23:00:00,5.46788,5.46966,5.46262,5.46955,2656.0
2026-06-23 00:00:00,5.46965,5.47056,5.46058,5.46198,2116.0
2026-06-23 01:00:00,5.46208,5.46327,5.45791,5.45896,3546.0
2026-06-23 02:00:00,5.45892,5.46094,5.4486,5.45184,3340.0
2026-06-23 03:00:00,5.45202,5.45847,5.44423,5.44662,3840.0
2026-06-23 04:00:00,5.4467,5.44996,5.44283,5.4461,3232.0
2026-06-23 05:00:00,5.4462,5.45447,5.4457,5.45424,2561.0
2026-06-23 06:00:00,5.45428,5.45677,5.44436,5.4448,2668.0
2026-06-23 07:00:00,5.4449,5.44861,5.43484,5.43502,2990.0
2026-06-23 08:00:00,5.43504,5.43947,5.43452,5.4383,2913.0
2026-06-23 09:00:00,5.43832,5.44244,5.43396,5.43923,4806.0
2026-06-23 10:00:00,5.43914,5.43993,5.43184,5.43417,5006.0
2026-06-23 11:00:00,5.43409,5.43541,5.42672,5.42942,3798.0
2026-06-23 12:00:00,5.42943,5.43057,5.42333,5.424,2771.0
2026-06-23 13:00:00,5.42401,5.4251,5.42014,5.4207,1551.0
2026-06-23 14:00:00,5.42062,5.42184,5.41587,5.41871,1284.0
2026-06-23 15:00:00,5.41884,5.42403,5.41825,5.42035,2890.0
2026-06-23 16:00:00,5.42046,5.42314,5.41923,5.42305,636.0
2026-06-23 17:00:00,5.42364,5.42495,5.42226,5.42434,497.0
2026-06-23 18:00:00,5.42452,5.42452,5.42117,5.42158,657.0
2026-06-23 19:00:00,5.42168,5.42284,5.41828,5.42206,1485.0
2026-06-23 20:00:00,5.42217,5.42764,5.42124,5.42503,4249.0
2026-06-23 21:00:00,5.42512,5.42856,5.41838,5.42355,4369.0
2026-06-23 22:00:00,5.4235,5.42532,5.41252,5.41276,3811.0
2026-06-23 23:00:00,5.41286,5.41814,5.4113,5.41556,3143.0
2026-06-24 00:00:00,5.41566,5.4195,5.41252,5.41807,1911.0
2026-06-24 01:00:00,5.41816,5.4234,5.41779,5.41972,2675.0
2026-06-24 02:00:00,5.41963,5.4251,5.41413,5.41551,2617.0
2026-06-24 03:00:00,5.4156,5.41596,5.40889,5.40914,3049.0
2026-06-24 04:00:00,5.40923,5.41036,5.40344,5.40738,3078.0
2026-06-24 05:00:00,5.40748,5.40763,5.40034,5.40077,2383.0
2026-06-24 06:00:00,5.40094,5.40354,5.39766,5.40224,2323.0
2026-06-24 07:00:00,5.40232,5.41044,5.40002,5.40671,2667.0
2026-06-24 08:00:00,5.40673,5.4108,5.39944,5.40218,3575.0
2026-06-24 09:00:00,5.40208,5.40986,5.40056,5.40888,6314.0
2026-06-24 10:00:00,5.40898,5.41021,5.39841,5.40408,5767.0
2026-06-24 11:00:00,5.40411,5.4102,5.40266,5.40486,4308.0
2026-06-24 12:00:00,5.40478,5.41476,5.40406,5.41144,3119.0
2026-06-24 13:00:00,5.41136,5.41192,5.39768,5.39787,3479.0
2026-06-24 14:00:00,5.39786,5.40464,5.39636,5.3992,3743.0
2026-06-24 15:00:00,5.39922,5.40498,5.39706,5.40406,3033.0
2026-06-24 16:00:00,5.40418,5.41091,5.40282,5.4104,1596.0
2026-06-24 17:00:00,5.40524,5.41106,5.40441,5.41015,891.0
2026-06-24 18:00:00,5.41025,5.4104,5.40608,5.4065,556.0
2026-06-24 19:00:00,5.40644,5.40924,5.40568,5.40788,1248.0
2026-06-24 20:00:00,5.40798,5.40852,5.40093,5.40429,3406.0
2026-06-24 21:00:00,5.40432,5.41508,5.40232,5.40435,5066.0
2026-06-24 22:00:00,5.4044,5.40754,5.39964,5.4048,4522.0
2026-06-24 23:00:00,5.40487,5.40803,5.40316,5.40712,2301.0
2026-06-25 00:00:00,5.40726,5.41134,5.40674,5.41092,1806.0
2026-06-25 01:00:00,5.41087,5.4123,5.40258,5.40258,2466.0
2026-06-25 02:00:00,5.40256,5.40672,5.39958,5.402,2736.0
2026-06-25 03:00:00,5.40208,5.40956,5.40012,5.40947,2492.0
2026-06-25 04:00:00,5.40966,5.41517,5.40893,5.41118,2272.0
2026-06-25 05:00:00,5.41124,5.41422,5.40838,5.4099,1564.0
2026-06-25 06:00:00,5.40988,5.41016,5.40288,5.40443,1600.0
2026-06-25 07:00:00,5.40452,5.40538,5.40086,5.40246,2026.0
2026-06-25 08:00:00,5.40252,5.42118,5.40092,5.4141,6185.0
2026-06-25 09:00:00,5.41412,5.41872,5.40325,5.4045,7903.0
2026-06-25 10:00:00,5.40448,5.41868,5.40448,5.41502,9282.0
2026-06-25 11:00:00,5.41497,5.42648,5.41497,5.42638,5958.0
2026-06-25 12:00:00,5.4264,5.43154,5.42188,5.42304,3392.0
2026-06-25 13:00:00,5.42305,5.42566,5.42175,5.42425,3127.0
2026-06-25 14:00:00,5.42436,5.42604,5.41954,5.42171,3428.0
2026-06-25 15:00:00,5.42179,5.4227,5.41558,5.41894,2423.0
2026-06-25 16:00:00,5.419,5.42096,5.4173,5.41825,891.0
2026-06-25 17:00:00,5.41918,5.4218,5.41568,5.4164,926.0
2026-06-25 18:00:00,5.41645,5.4179,5.41484,5.4162,877.0
2026-06-25 19:00:00,5.41622,5.41662,5.40888,5.4099,1803.0
2026-06-25 20:00:00,5.40996,5.41157,5.40666,5.40864,4378.0
2026-06-25 21:00:00,5.40874,5.41176,5.39988,5.40259,3640.0
2026-06-25 22:00:00,5.40267,5.40434,5.39108,5.39544,3716.0
2026-06-25 23:00:00,5.39553,5.40461,5.3929,5.40461,3022.0
2026-06-26 00:00:00,5.40474,5.40627,5.39886,5.3997,2934.0
2026-06-26 01:00:00,5.39976,5.40795,5.39879,5.40546,2977.0
2026-06-26 02:00:00,5.40554,5.41034,5.4006,5.4083,3145.0
2026-06-26 03:00:00,5.4083,5.40858,5.40231,5.40412,2804.0
2026-06-26 04:00:00,5.40418,5.41113,5.40003,5.40746,3619.0
2026-06-26 05:00:00,5.40736,5.41672,5.40542,5.41232,3016.0
2026-06-26 06:00:00,5.41238,5.41453,5.40986,5.41382,2318.0
2026-06-26 07:00:00,5.4139,5.41575,5.40928,5.411,2326.0
2026-06-26 08:00:00,5.41103,5.41536,5.40761,5.41343,2982.0
2026-06-26 09:00:00,5.41344,5.42034,5.40756,5.41926,8796.0
2026-06-26 10:00:00,5.41931,5.42443,5.41058,5.4106,6706.0
2026-06-26 11:00:00,5.41068,5.41872,5.40959,5.41536,3945.0
2026-06-26 12:00:00,5.41536,5.41624,5.40852,5.41165,2349.0
2026-06-26 13:00:00,5.41174,5.41304,5.40882,5.40904,1642.0
2026-06-26 14:00:00,5.40912,5.41126,5.4059,5.406,1306.0
2026-06-26 15:00:00,5.4058,5.41104,5.40566,5.4087,1411.0
2026-06-26 16:00:00,5.4088,5.41046,5.40395,5.40652,2475.0
2026-06-28 17:00:00,5.40458,5.40708,5.40175,5.40308,1338.0
2026-06-28 18:00:00,5.403,5.40869,5.403,5.40628,741.0
2026-06-28 19:00:00,5.40636,5.40888,5.4055,5.40769,1328.0
2026-06-28 20:00:00,5.40762,5.40816,5.39812,5.40044,5157.0
2026-06-28 21:00:00,5.40043,5.40484,5.39678,5.39934,4387.0
2026-06-28 22:00:00,5.39924,5.40752,5.39873,5.40346,3715.0
2026-06-28 23:00:00,5.40346,5.40744,5.40201,5.40204,2652.0
2026-06-29 00:00:00,5.40196,5.40452,5.40134,5.40272,2046.0
2026-06-29 01:00:00,5.40262,5.4088,5.40159,5.40786,3265.0
2026-06-29 02:00:00,5.40784,5.4152,5.40608,5.41378,2505.0
2026-06-29 03:00:00,5.41369,5.4152,5.40748,5.40772,2426.0
2026-06-29 04:00:00,5.40781,5.40912,5.40322,5.40486,2906.0
2026-06-29 05:00:00,5.40494,5.41074,5.40442,5.41045,1952.0
2026-06-29 06:00:00,5.41054,5.41226,5.40892,5.4112,1460.0
2026-06-29 07:00:00,5.41128,5.413,5.40866,5.41176,2207.0
2026-06-29 08:00:00,5.41179,5.41239,5.40593,5.40828,3047.0
2026-06-29 09:00:00,5.40846,5.40895,5.40124,5.40192,3498.0
2026-06-29 10:00:00,5.40194,5.40344,5.39336,5.39628,8545.0
2026-06-29 11:00:00,5.39648,5.3997,5.3948,5.3991,5821.0
2026-06-29 12:00:00,5.39916,5.40428,5.39875,5.40114,3956.0
2026-06-29 13:00:00,5.40126,5.4031,5.4003,5.4015,2856.0
2026-06-29 14:00:00,5.40156,5.40414,5.40154,5.40242,2981.0
2026-06-29 15:00:00,5.40242,5.40339,5.40052,5.40226,2285.0
2026-06-29 16:00:00,5.40228,5.40284,5.3994,5.3995,728.0
2026-06-29 17:00:00,5.40194,5.40385,5.39936,5.40283,1252.0
2026-06-29 18:00:00,5.40271,5.40279,5.40018,5.4004,337.0
2026-06-29 19:00:00,5.40041,5.40191,5.39556,5.39598,652.0
2026-06-29 20:00:00,5.3958,5.39592,5.38507,5.38961,3149.0
2026-06-29 21:00:00,5.38966,5.39879,5.3849,5.38849,4230.0
2026-06-29 22:00:00,5.38859,5.39082,5.38402,5.38692,2450.0
2026-06-29 23:00:00,5.38702,5.39025,5.38596,5.38706,1897.0
2026-06-30 00:00:00,5.38706,5.39076,5.38686,5.38692,1600.0
2026-06-30 01:00:00,5.38688,5.39243,5.38622,5.38662,2642.0
2026-06-30 02:00:00,5.38669,5.3947,5.38664,5.39432,3073.0
2026-06-30 03:00:00,5.39437,5.3974,5.39234,5.39305,2270.0
2026-06-30 04:00:00,5.39299,5.39708,5.39178,5.39596,3011.0
2026-06-30 05:00:00,5.39604,5.3998,5.39538,5.39822,1746.0
2026-06-30 06:00:00,5.39833,5.40318,5.39718,5.40276,1446.0
2026-06-30 07:00:00,5.40301,5.40301,5.3985,5.40105,1730.0
2026-06-30 08:00:00,5.40099,5.40214,5.39671,5.39884,2869.0
2026-06-30 09:00:00,5.39894,5.40666,5.39894,5.40518,2960.0
2026-06-30 10:00:00,5.40498,5.43418,5.40324,5.43067,6420.0
2026-06-30 11:00:00,5.43066,5.43439,5.42161,5.42246,5351.0
2026-06-30 12:00:00,5.42236,5.42315,5.41874,5.42087,3740.0
2026-06-30 13:00:00,5.42098,5.42647,5.42059,5.42588,2810.0
2026-06-30 14:00:00,5.42583,5.42936,5.42556,5.42744,2188.0
2026-06-30 15:00:00,5.42748,5.43028,5.42602,5.42956,1352.0
2026-06-30 16:00:00,5.42959,5.43033,5.4263,5.42712,974.0
2026-06-30 17:00:00,5.42419,5.42594,5.42222,5.42584,1101.0
2026-06-30 18:00:00,5.42582,5.42684,5.42386,5.42508,367.0
2026-06-30 19:00:00,5.42509,5.4255,5.42041,5.42088,701.0
2026-06-30 20:00:00,5.42092,5.4221,5.41228,5.41276,2319.0
2026-06-30 21:00:00,5.41288,5.41376,5.4029,5.40562,2736.0
2026-06-30 22:00:00,5.4057,5.40674,5.39858,5.4038,2448.0
2026-06-30 23:00:00,5.40372,5.40616,5.40246,5.40558,1397.0
2026-07-01 00:00:00,5.40571,5.4075,5.40093,5.40584,1241.0
2026-07-01 01:00:00,5.40594,5.40925,5.40472,5.40746,1758.0
2026-07-01 02:00:00,5.40738,5.40804,5.40244,5.40549,2093.0
2026-07-01 03:00:00,5.40558,5.40828,5.40088,5.40691,2079.0
2026-07-01 04:00:00,5.40688,5.40826,5.40334,5.40584,1908.0
2026-07-01 05:00:00,5.40573,5.40793,5.40406,5.4041,1579.0
2026-07-01 06:00:00,5.40419,5.4119,5.40336,5.41092,1507.0
2026-07-01 07:00:00,5.41083,5.4115,5.40648,5.4071,2038.0
2026-07-01 08:00:00,5.40714,5.4106,5.404,5.40612,3372.0
2026-07-01 09:00:00,5.40604,5.42482,5.40036,5.41512,6363.0
2026-07-01 10:00:00,5.41516,5.42068,5.40952,5.41508,6154.0
2026-07-01 11:00:00,5.41506,5.41544,5.40951,5.41408,4311.0
2026-07-01 12:00:00,5.41421,5.41873,5.41214,5.4133,3327.0
2026-07-01 13:00:00,5.41332,5.41496,5.411,5.4115,2136.0
2026-07-01 14:00:00,5.41163,5.41249,5.40684,5.40894,1640.0
2026-07-01 15:00:00,5.40885,5.411,5.40674,5.40732,1457.0
2026-07-01 16:00:00,5.40722,5.40758,5.40458,5.4072,656.0
2026-07-01 17:00:00,5.4063,5.41091,5.40504,5.4079,1325.0
2026-07-01 18:00:00,5.40774,5.40804,5.40619,5.40658,687.0
2026-07-01 19:00:00,5.40656,5.40676,5.40364,5.40422,927.0
2026-07-01 20:00:00,5.40413,5.40482,5.39942,5.40362,4297.0
2026-07-01 21:00:00,5.40372,5.40988,5.4034,5.40738,2885.0
2026-07-01 22:00:00,5.40736,5.41306,5.40675,5.40703,2426.0
2026-07-01 23:00:00,5.40708,5.40878,5.40026,5.40656,2475.0
2026-07-02 00:00:00,5.40652,5.40923,5.40439,5.40814,2289.0
2026-07-02 01:00:00,5.40844,5.4096,5.40494,5.40734,2023.0
2026-07-02 02:00:00,5.40741,5.41435,5.40708,5.40937,3153.0
2026-07-02 03:00:00,5.40934,5.41068,5.40463,5.40497,3366.0
2026-07-02 04:00:00,5.40471,5.42138,5.4046,5.41947,3433.0
2026-07-02 05:00:00,5.41956,5.41972,5.41196,5.41525,1923.0
2026-07-02 06:00:00,5.41514,5.41523,5.40908,5.41016,1584.0
2026-07-02 07:00:00,5.41025,5.41039,5.40269,5.40272,1421.0
2026-07-02 08:00:00,5.40276,5.445,5.40188,5.43048,12529.0
2026-07-02 09:00:00,5.4304,5.44546,5.42558,5.44256,10424.0
2026-07-02 10:00:00,5.44255,5.44606,5.42952,5.4392,7076.0
2026-07-02 11:00:00,5.43926,5.44276,5.43383,5.43524,6740.0
2026-07-02 12:00:00,5.43538,5.4356,5.42722,5.42977,3640.0
2026-07-02 13:00:00,5.42976,5.43004,5.42314,5.42388,3292.0
2026-07-02 14:00:00,5.42378,5.42939,5.4232,5.4272,2365.0
2026-07-02 15:00:00,5.42711,5.42879,5.42264,5.4284,2439.0
2026-07-02 16:00:00,5.42842,5.42974,5.4269,5.42845,656.0
2026-07-02 17:00:00,5.4245,5.43158,5.42288,5.42752,2897.0
2026-07-02 18:00:00,5.42799,5.42865,5.4262,5.42647,545.0
2026-07-02 19:00:00,5.4265,5.42781,5.42274,5.42397,1149.0
2026-07-02 20:00:00,5.42392,5.42706,5.4201,5.42702,3932.0
2026-07-02 21:00:00,5.42708,5.43959,5.4262,5.4346,3797.0
2026-07-02 22:00:00,5.43468,5.44209,5.43288,5.4401,2635.0
2026-07-02 23:00:00,5.44002,5.44052,5.43737,5.43928,1900.0
2026-07-03 00:00:00,5.43918,5.44359,5.43824,5.4417,1594.0
2026-07-03 01:00:00,5.44162,5.44576,5.44098,5.44208,2473.0
2026-07-03 02:00:00,5.44216,5.4506,5.44216,5.44546,2812.0
2026-07-03 03:00:00,5.4452,5.44966,5.44432,5.44724,2053.0
2026-07-03 04:00:00,5.44732,5.4481,5.44309,5.44398,1996.0
2026-07-03 05:00:00,5.44387,5.4458,5.44017,5.44017,1273.0
2026-07-03 06:00:00,5.44007,5.44344,5.44007,5.44219,1129.0
2026-07-03 07:00:00,5.44208,5.44582,5.44133,5.44288,918.0
2026-07-03 08:00:00,5.44302,5.4436,5.4408,5.44097,987.0
2026-07-03 09:00:00,5.44108,5.44172,5.43865,5.4399,1331.0
2026-07-03 10:00:00,5.43988,5.44248,5.43866,5.43948,1077.0
