Timestamp,Open,High,Low,Close,Volume
2026-03-12 05:00:00,113.363,113.372,113.206,113.31,3281.0
2026-03-12 06:00:00,113.31,113.313,113.197,113.236,5962.0
2026-03-12 07:00:00,113.234,113.361,113.194,113.258,6127.0
2026-03-12 08:00:00,113.26,113.324,113.17,113.306,5843.0
2026-03-12 09:00:00,113.308,113.348,112.829,112.837,13698.0
2026-03-12 10:00:00,112.838,113.026,112.725,112.868,15847.0
2026-03-12 11:00:00,112.863,112.936,112.625,112.858,19681.0
2026-03-12 12:00:00,112.858,113.004,112.709,112.846,13845.0
2026-03-12 13:00:00,112.846,112.956,112.822,112.868,8923.0
2026-03-12 14:00:00,112.87,112.953,112.802,112.866,7792.0
2026-03-12 15:00:00,112.864,112.91,112.781,112.798,6618.0
2026-03-12 16:00:00,112.803,112.864,112.748,112.768,3364.0
2026-03-12 17:00:00,112.79,112.79,112.679,112.72,852.0
2026-03-12 18:00:00,112.724,112.783,112.672,112.754,3458.0
2026-03-12 19:00:00,112.755,112.788,112.642,112.684,3266.0
2026-03-12 20:00:00,112.674,112.778,112.498,112.708,6241.0
2026-03-12 21:00:00,112.707,112.845,112.698,112.794,7692.0
2026-03-12 22:00:00,112.795,112.894,112.688,112.734,3926.0
2026-03-12 23:00:00,112.73,112.792,112.554,112.68,3630.0
2026-03-13 00:00:00,112.682,112.744,112.603,112.656,3654.0
2026-03-13 01:00:00,112.658,112.668,112.496,112.602,4031.0
2026-03-13 02:00:00,112.604,112.604,112.176,112.21,6353.0
2026-03-13 03:00:00,112.207,112.222,111.951,112.028,4540.0
2026-03-13 04:00:00,112.024,112.172,111.832,112.129,7366.0
2026-03-13 05:00:00,112.128,112.276,112.113,112.207,4279.0
2026-03-13 06:00:00,112.208,112.314,112.18,112.204,4152.0
2026-03-13 07:00:00,112.2,112.32,112.09,112.289,7914.0
2026-03-13 08:00:00,112.294,112.452,112.256,112.434,9408.0
2026-03-13 09:00:00,112.432,112.448,112.083,112.164,10253.0
2026-03-13 10:00:00,112.164,112.23,111.893,111.946,15027.0
2026-03-13 11:00:00,111.946,112.033,111.714,111.716,12551.0
2026-03-13 12:00:00,111.717,111.89,111.706,111.824,12683.0
2026-03-13 13:00:00,111.826,111.955,111.733,111.758,7455.0
2026-03-13 14:00:00,111.759,111.87,111.739,111.808,7112.0
2026-03-13 15:00:00,111.805,111.806,111.622,111.628,7478.0
2026-03-13 16:00:00,111.628,111.64,111.496,111.51,5003.0
2026-03-15 17:00:00,111.577,111.693,111.542,111.652,815.0
2026-03-15 18:00:00,111.65,111.721,111.548,111.604,4082.0
2026-03-15 19:00:00,111.607,111.796,111.59,111.772,4236.0
2026-03-15 20:00:00,111.772,111.916,111.678,111.762,4561.0
2026-03-15 21:00:00,111.762,111.836,111.578,111.8,8281.0
2026-03-15 22:00:00,111.8,111.909,111.766,111.83,6400.0
2026-03-15 23:00:00,111.832,111.888,111.761,111.821,2930.0
2026-03-16 00:00:00,111.82,111.896,111.758,111.761,1402.0
2026-03-16 01:00:00,111.764,111.854,111.692,111.774,4426.0
2026-03-16 02:00:00,111.773,111.87,111.727,111.792,5965.0
2026-03-16 03:00:00,111.792,111.812,111.631,111.71,4540.0
2026-03-16 04:00:00,111.709,111.908,111.676,111.898,8938.0
2026-03-16 05:00:00,111.893,111.935,111.819,111.92,7013.0
2026-03-16 06:00:00,111.916,112.262,111.892,112.257,4106.0
2026-03-16 07:00:00,112.256,112.312,112.142,112.192,4395.0
2026-03-16 08:00:00,112.19,112.256,112.161,112.197,6378.0
2026-03-16 09:00:00,112.196,112.436,112.194,112.402,7127.0
2026-03-16 10:00:00,112.398,112.436,112.274,112.4,8726.0
2026-03-16 11:00:00,112.402,112.443,112.289,112.382,7367.0
2026-03-16 12:00:00,112.382,112.448,112.242,112.343,9226.0
2026-03-16 13:00:00,112.348,112.42,112.343,112.368,7871.0
2026-03-16 14:00:00,112.368,112.504,112.368,112.472,4819.0
2026-03-16 15:00:00,112.475,112.586,112.462,112.576,6390.0
2026-03-16 16:00:00,112.574,112.58,112.47,112.472,2194.0
2026-03-16 17:00:00,112.482,112.511,112.386,112.464,1547.0
2026-03-16 18:00:00,112.462,112.5,112.405,112.424,1718.0
2026-03-16 19:00:00,112.423,112.506,112.417,112.464,2447.0
2026-03-16 20:00:00,112.465,112.517,112.414,112.512,4455.0
2026-03-16 21:00:00,112.516,112.858,112.492,112.857,4615.0
2026-03-16 22:00:00,112.854,112.95,112.76,112.762,3616.0
2026-03-16 23:00:00,112.766,113.02,112.291,112.602,7547.0
2026-03-17 00:00:00,112.596,112.758,112.5,112.626,5650.0
2026-03-17 01:00:00,112.626,112.928,112.596,112.682,7555.0
2026-03-17 02:00:00,112.684,112.726,112.496,112.684,6623.0
2026-03-17 03:00:00,112.68,112.701,112.475,112.533,3821.0
2026-03-17 04:00:00,112.53,112.706,112.386,112.7,7722.0
2026-03-17 05:00:00,112.698,112.819,112.67,112.813,2725.0
2026-03-17 06:00:00,112.808,112.843,112.643,112.738,3645.0
2026-03-17 07:00:00,112.738,112.762,112.632,112.636,4250.0
2026-03-17 08:00:00,112.638,112.881,112.62,112.876,6309.0
2026-03-17 09:00:00,112.878,113.086,112.852,112.98,8919.0
2026-03-17 10:00:00,112.977,113.012,112.822,112.882,6554.0
2026-03-17 11:00:00,112.881,112.912,112.718,112.908,9271.0
2026-03-17 12:00:00,112.908,112.97,112.857,112.89,7424.0
2026-03-17 13:00:00,112.89,113.077,112.889,113.06,3720.0
2026-03-17 14:00:00,113.061,113.084,112.958,112.999,3578.0
2026-03-17 15:00:00,112.998,113.0,112.93,112.994,2182.0
2026-03-17 16:00:00,112.992,113.018,112.959,112.972,1333.0
2026-03-17 17:00:00,112.991,112.991,112.84,112.939,1730.0
2026-03-17 18:00:00,112.914,113.001,112.91,112.984,1779.0
2026-03-17 19:00:00,112.984,113.019,112.932,112.959,3197.0
2026-03-17 20:00:00,112.961,113.119,112.896,113.044,7470.0
2026-03-17 21:00:00,113.052,113.216,113.052,113.102,6190.0
2026-03-17 22:00:00,113.099,113.105,112.815,112.848,4307.0
2026-03-17 23:00:00,112.848,113.036,112.833,113.025,2320.0
2026-03-18 00:00:00,113.026,113.091,112.942,112.986,2207.0
2026-03-18 01:00:00,112.986,113.008,112.87,112.96,2997.0
2026-03-18 02:00:00,112.965,113.01,112.903,113.0,5224.0
2026-03-18 03:00:00,113.004,113.014,112.9,112.916,3925.0
2026-03-18 04:00:00,112.915,112.994,112.863,112.982,6031.0
2026-03-18 05:00:00,112.982,113.058,112.958,113.022,2800.0
2026-03-18 06:00:00,113.023,113.064,112.936,112.953,1761.0
2026-03-18 07:00:00,112.957,112.978,112.816,112.868,4006.0
2026-03-18 08:00:00,112.868,112.878,112.526,112.532,12247.0
2026-03-18 09:00:00,112.536,112.701,112.426,112.698,14649.0
2026-03-18 10:00:00,112.7,112.84,112.574,112.814,10238.0
2026-03-18 11:00:00,112.822,112.972,112.812,112.856,10805.0
2026-03-18 12:00:00,112.855,112.954,112.828,112.907,12128.0
2026-03-18 13:00:00,112.906,112.916,112.828,112.886,10690.0
2026-03-18 14:00:00,112.885,112.948,112.599,112.632,20403.0
2026-03-18 15:00:00,112.631,112.676,112.396,112.448,15074.0
2026-03-18 16:00:00,112.45,112.474,112.206,112.286,6566.0
2026-03-18 17:00:00,112.291,112.486,112.248,112.376,1686.0
2026-03-18 18:00:00,112.38,112.414,112.219,112.226,2029.0
2026-03-18 19:00:00,112.228,112.352,112.196,112.34,3920.0
2026-03-18 20:00:00,112.34,112.558,112.286,112.557,8109.0
2026-03-18 21:00:00,112.559,112.614,112.391,112.44,4928.0
2026-03-18 22:00:00,112.44,112.606,112.308,112.487,7174.0
2026-03-18 23:00:00,112.488,112.614,112.452,112.478,2784.0
2026-03-19 00:00:00,112.48,112.48,112.346,112.364,3864.0
2026-03-19 01:00:00,112.364,112.466,112.316,112.328,3291.0
2026-03-19 02:00:00,112.332,112.462,112.252,112.39,7547.0
2026-03-19 03:00:00,112.386,112.404,111.85,111.885,11377.0
2026-03-19 04:00:00,111.886,112.171,111.782,112.016,11558.0
2026-03-19 05:00:00,112.018,112.389,112.018,112.328,16063.0
2026-03-19 06:00:00,112.326,112.326,112.182,112.196,11454.0
2026-03-19 07:00:00,112.198,112.242,111.884,112.024,4870.0
2026-03-19 08:00:00,112.022,112.028,111.489,111.536,13391.0
2026-03-19 09:00:00,111.533,111.562,111.164,111.385,18349.0
2026-03-19 10:00:00,111.382,111.632,111.322,111.58,22367.0
2026-03-19 11:00:00,111.582,111.748,111.27,111.294,14994.0
2026-03-19 12:00:00,111.292,111.506,111.277,111.376,14377.0
2026-03-19 13:00:00,111.378,111.456,111.254,111.348,9092.0
2026-03-19 14:00:00,111.348,111.572,111.308,111.568,8077.0
2026-03-19 15:00:00,111.566,111.992,111.566,111.69,17113.0
2026-03-19 16:00:00,111.688,111.79,111.67,111.786,4858.0
2026-03-19 17:00:00,111.772,111.884,111.692,111.846,1237.0
2026-03-19 18:00:00,111.844,111.892,111.8,111.825,2016.0
2026-03-19 19:00:00,111.822,111.95,111.803,111.819,2690.0
2026-03-19 20:00:00,111.819,111.904,111.653,111.805,6848.0
2026-03-19 21:00:00,111.798,112.06,111.798,112.006,9583.0
2026-03-19 22:00:00,112.009,112.228,112.0,112.215,6602.0
2026-03-19 23:00:00,112.217,112.234,112.082,112.178,5188.0
2026-03-20 00:00:00,112.178,112.287,112.102,112.258,3939.0
2026-03-20 01:00:00,112.257,112.374,112.21,112.233,5596.0
2026-03-20 02:00:00,112.233,112.32,112.121,112.156,5298.0
2026-03-20 03:00:00,112.157,112.39,112.1,112.246,6128.0
2026-03-20 04:00:00,112.25,112.361,112.218,112.312,4625.0
2026-03-20 05:00:00,112.316,112.369,112.182,112.218,7981.0
2026-03-20 06:00:00,112.215,112.232,112.042,112.14,7825.0
2026-03-20 07:00:00,112.144,112.304,112.115,112.27,6344.0
2026-03-20 08:00:00,112.27,112.366,112.21,112.272,8620.0
2026-03-20 09:00:00,112.274,112.284,111.966,111.998,10980.0
2026-03-20 10:00:00,111.992,112.099,111.828,111.946,12920.0
2026-03-20 11:00:00,111.946,112.137,111.917,111.995,9946.0
2026-03-20 12:00:00,111.992,112.209,111.98,112.107,6000.0
2026-03-20 13:00:00,112.112,112.166,111.941,112.006,8290.0
2026-03-20 14:00:00,112.006,112.016,111.706,111.712,9287.0
2026-03-20 15:00:00,111.714,111.822,111.616,111.785,9004.0
2026-03-20 16:00:00,111.786,111.912,111.744,111.813,6930.0
2026-03-22 17:00:00,111.491,111.59,111.341,111.454,1176.0
2026-03-22 18:00:00,111.462,111.754,111.462,111.62,3571.0
2026-03-22 19:00:00,111.624,111.64,111.518,111.566,3870.0
2026-03-22 20:00:00,111.566,111.622,111.384,111.566,8452.0
2026-03-22 21:00:00,111.57,111.754,111.42,111.552,10229.0
2026-03-22 22:00:00,111.558,111.625,111.306,111.373,5330.0
2026-03-22 23:00:00,111.374,111.47,111.202,111.323,4127.0
2026-03-23 00:00:00,111.322,111.356,111.226,111.25,3006.0
2026-03-23 01:00:00,111.252,111.308,111.038,111.096,3704.0
2026-03-23 02:00:00,111.093,111.112,110.924,110.932,7371.0
2026-03-23 03:00:00,110.93,111.104,110.83,110.972,7931.0
2026-03-23 04:00:00,110.976,111.246,110.956,111.082,15111.0
2026-03-23 05:00:00,111.083,111.096,110.739,110.766,9449.0
2026-03-23 06:00:00,110.768,110.79,110.283,110.504,7558.0
2026-03-23 07:00:00,110.506,111.546,110.506,111.023,47275.0
2026-03-23 08:00:00,111.022,111.519,110.874,111.441,37819.0
2026-03-23 09:00:00,111.444,111.472,111.071,111.388,31440.0
2026-03-23 10:00:00,111.39,111.78,111.292,111.64,27807.0
2026-03-23 11:00:00,111.64,111.772,110.97,110.982,23800.0
2026-03-23 12:00:00,110.98,111.186,110.89,111.144,19100.0
2026-03-23 13:00:00,111.144,111.335,111.086,111.13,13890.0
2026-03-23 14:00:00,111.132,111.138,110.908,111.074,11858.0
2026-03-23 15:00:00,111.074,111.117,110.985,111.07,6987.0
2026-03-23 16:00:00,111.066,111.116,111.019,111.065,4046.0
2026-03-23 17:00:00,111.155,111.172,110.964,110.977,1596.0
2026-03-23 18:00:00,110.971,111.224,110.886,111.125,2184.0
2026-03-23 19:00:00,111.126,111.126,111.007,111.072,3687.0
2026-03-23 20:00:00,111.07,111.079,110.503,110.802,11757.0
2026-03-23 21:00:00,110.801,110.844,110.486,110.533,12477.0
2026-03-23 22:00:00,110.53,110.696,110.476,110.563,11321.0
2026-03-23 23:00:00,110.564,110.656,110.494,110.605,5246.0
2026-03-24 00:00:00,110.608,110.638,110.506,110.591,4974.0
2026-03-24 01:00:00,110.592,110.608,110.417,110.51,8554.0
2026-03-24 02:00:00,110.507,110.819,110.498,110.813,8714.0
2026-03-24 03:00:00,110.818,111.128,110.726,110.779,12259.0
2026-03-24 04:00:00,110.775,110.785,110.368,110.472,9183.0
2026-03-24 05:00:00,110.478,110.637,110.349,110.614,6632.0
2026-03-24 06:00:00,110.617,110.712,110.532,110.704,9396.0
2026-03-24 07:00:00,110.704,110.752,110.468,110.652,8959.0
2026-03-24 08:00:00,110.654,110.671,110.412,110.48,10230.0
2026-03-24 09:00:00,110.476,110.58,110.376,110.579,14193.0
2026-03-24 10:00:00,110.578,110.821,110.472,110.574,16047.0
2026-03-24 11:00:00,110.571,110.718,110.48,110.664,16014.0
2026-03-24 12:00:00,110.669,110.766,110.606,110.691,9259.0
2026-03-24 13:00:00,110.688,110.718,110.436,110.599,12602.0
2026-03-24 14:00:00,110.601,110.814,110.568,110.746,10004.0
2026-03-24 15:00:00,110.744,110.889,110.744,110.791,7946.0
2026-03-24 16:00:00,110.794,111.179,110.785,111.056,14975.0
2026-03-24 17:00:00,110.956,111.01,110.838,110.998,2036.0
2026-03-24 18:00:00,110.996,111.068,110.922,111.064,2790.0
2026-03-24 19:00:00,111.06,111.1,110.965,111.013,3638.0
2026-03-24 20:00:00,111.006,111.16,110.856,110.978,9202.0
2026-03-24 21:00:00,110.978,111.062,110.808,110.814,12404.0
2026-03-24 22:00:00,110.816,110.879,110.706,110.73,5426.0
2026-03-24 23:00:00,110.736,110.807,110.689,110.805,2375.0
2026-03-25 00:00:00,110.804,110.915,110.783,110.808,3599.0
2026-03-25 01:00:00,110.809,110.899,110.788,110.843,3024.0
2026-03-25 02:00:00,110.844,110.907,110.798,110.858,5328.0
2026-03-25 03:00:00,110.858,110.917,110.772,110.874,5560.0
2026-03-25 04:00:00,110.87,110.973,110.81,110.836,9274.0
2026-03-25 05:00:00,110.836,110.914,110.654,110.727,6017.0
2026-03-25 06:00:00,110.73,110.78,110.626,110.702,4631.0
2026-03-25 07:00:00,110.705,110.764,110.6,110.664,5729.0
2026-03-25 08:00:00,110.666,110.726,110.545,110.67,9698.0
2026-03-25 09:00:00,110.67,110.778,110.56,110.574,12402.0
2026-03-25 10:00:00,110.578,110.828,110.524,110.805,11626.0
2026-03-25 11:00:00,110.808,110.876,110.598,110.827,13551.0
2026-03-25 12:00:00,110.824,110.905,110.738,110.83,9928.0
2026-03-25 13:00:00,110.833,110.948,110.806,110.876,7535.0
2026-03-25 14:00:00,110.874,110.938,110.752,110.824,6381.0
2026-03-25 15:00:00,110.82,110.846,110.76,110.81,5818.0
2026-03-25 16:00:00,110.809,110.834,110.749,110.782,1794.0
2026-03-25 17:00:00,110.844,110.844,110.746,110.76,1159.0
2026-03-25 18:00:00,110.748,110.828,110.648,110.739,2262.0
2026-03-25 19:00:00,110.738,110.746,110.602,110.664,2011.0
2026-03-25 20:00:00,110.663,110.752,110.602,110.644,4766.0
2026-03-25 21:00:00,110.646,110.743,110.631,110.726,6673.0
2026-03-25 22:00:00,110.726,110.743,110.573,110.65,6107.0
2026-03-25 23:00:00,110.652,110.86,110.652,110.832,4914.0
2026-03-26 00:00:00,110.831,110.922,110.787,110.872,3356.0
2026-03-26 01:00:00,110.872,110.902,110.78,110.805,5687.0
2026-03-26 02:00:00,110.805,110.842,110.724,110.76,4606.0
2026-03-26 03:00:00,110.76,110.766,110.622,110.679,5142.0
2026-03-26 04:00:00,110.682,110.724,110.561,110.714,8013.0
2026-03-26 05:00:00,110.714,110.73,110.516,110.634,5556.0
2026-03-26 06:00:00,110.636,110.708,110.562,110.584,4807.0
2026-03-26 07:00:00,110.587,110.62,110.312,110.326,4033.0
2026-03-26 08:00:00,110.328,110.46,110.2,110.218,5688.0
2026-03-26 09:00:00,110.22,110.518,110.216,110.462,12266.0
2026-03-26 10:00:00,110.465,110.532,110.224,110.344,13719.0
2026-03-26 11:00:00,110.344,110.438,110.254,110.34,12344.0
2026-03-26 12:00:00,110.344,110.368,110.133,110.154,8806.0
2026-03-26 13:00:00,110.153,110.196,109.996,110.0,8168.0
2026-03-26 14:00:00,110.0,110.154,110.0,110.136,7437.0
2026-03-26 15:00:00,110.137,110.138,109.906,109.916,6550.0
2026-03-26 16:00:00,109.914,110.324,109.896,110.038,15116.0
2026-03-26 17:00:00,110.055,110.172,109.946,110.055,1781.0
2026-03-26 18:00:00,110.025,110.072,109.97,110.057,1262.0
2026-03-26 19:00:00,110.056,110.093,109.977,109.994,2805.0
2026-03-26 20:00:00,109.983,110.037,109.628,109.7,7043.0
2026-03-26 21:00:00,109.7,109.894,109.631,109.858,8018.0
2026-03-26 22:00:00,109.863,110.004,109.863,109.963,5618.0
2026-03-26 23:00:00,109.962,110.227,109.938,110.218,4034.0
2026-03-27 00:00:00,110.218,110.327,110.168,110.306,4935.0
2026-03-27 01:00:00,110.31,110.324,110.089,110.113,6608.0
2026-03-27 02:00:00,110.112,110.248,110.058,110.225,3895.0
2026-03-27 03:00:00,110.226,110.248,110.104,110.198,4212.0
2026-03-27 04:00:00,110.199,110.279,110.068,110.23,5483.0
2026-03-27 05:00:00,110.224,110.286,110.132,110.21,5080.0
2026-03-27 06:00:00,110.209,110.282,110.162,110.24,5169.0
2026-03-27 07:00:00,110.24,110.254,110.11,110.112,4331.0
2026-03-27 08:00:00,110.113,110.128,109.999,110.104,7335.0
2026-03-27 09:00:00,110.11,110.251,109.986,110.104,11996.0
2026-03-27 10:00:00,110.1,110.23,110.08,110.162,13020.0
2026-03-27 11:00:00,110.161,110.336,110.096,110.33,12412.0
2026-03-27 12:00:00,110.328,110.41,110.169,110.242,5797.0
2026-03-27 13:00:00,110.243,110.366,110.067,110.132,7522.0
2026-03-27 14:00:00,110.129,110.222,110.113,110.13,4003.0
2026-03-27 15:00:00,110.13,110.152,110.052,110.08,5175.0
2026-03-27 16:00:00,110.08,110.266,110.028,110.186,4785.0
2026-03-29 17:00:00,109.992,110.124,109.794,110.017,1572.0
2026-03-29 18:00:00,110.028,110.114,109.834,109.881,3468.0
2026-03-29 19:00:00,109.877,109.953,109.751,109.775,6618.0
2026-03-29 20:00:00,109.774,109.786,109.504,109.568,12339.0
2026-03-29 21:00:00,109.566,109.754,109.546,109.593,8568.0
2026-03-29 22:00:00,109.596,109.674,109.524,109.608,5079.0
2026-03-29 23:00:00,109.61,109.797,109.58,109.768,6270.0
2026-03-30 00:00:00,109.762,109.767,109.688,109.728,5037.0
2026-03-30 01:00:00,109.728,109.762,109.662,109.718,6675.0
2026-03-30 02:00:00,109.716,109.818,109.656,109.661,6717.0
2026-03-30 03:00:00,109.662,109.668,109.348,109.466,8451.0
2026-03-30 04:00:00,109.463,109.534,109.406,109.448,7054.0
2026-03-30 05:00:00,109.45,109.476,109.34,109.44,6735.0
2026-03-30 06:00:00,109.439,109.49,109.402,109.436,5689.0
2026-03-30 07:00:00,109.438,109.507,109.356,109.422,8533.0
2026-03-30 08:00:00,109.424,109.484,109.354,109.366,7454.0
2026-03-30 09:00:00,109.364,109.4,109.14,109.166,10245.0
2026-03-30 10:00:00,109.164,109.364,109.05,109.362,12396.0
2026-03-30 11:00:00,109.369,109.418,109.244,109.357,12147.0
2026-03-30 12:00:00,109.36,109.367,109.252,109.318,9283.0
2026-03-30 13:00:00,109.32,109.421,109.3,109.377,7981.0
2026-03-30 14:00:00,109.374,109.404,109.315,109.379,7178.0
2026-03-30 15:00:00,109.376,109.396,109.247,109.387,7499.0
2026-03-30 16:00:00,109.388,109.476,109.344,109.469,1984.0
2026-03-30 17:00:00,109.39,109.492,109.346,109.474,1163.0
2026-03-30 18:00:00,109.47,109.544,109.448,109.52,3170.0
2026-03-30 19:00:00,109.518,109.518,109.375,109.422,3342.0
2026-03-30 20:00:00,109.424,109.667,109.269,109.63,14615.0
2026-03-30 21:00:00,109.63,109.806,109.588,109.702,14915.0
2026-03-30 22:00:00,109.7,109.702,109.458,109.458,10770.0
2026-03-30 23:00:00,109.458,109.5,109.335,109.396,7214.0
2026-03-31 00:00:00,109.399,109.452,109.246,109.249,6014.0
2026-03-31 01:00:00,109.248,109.405,109.077,109.346,7726.0
2026-03-31 02:00:00,109.346,109.482,109.267,109.472,5456.0
2026-03-31 03:00:00,109.474,109.64,109.29,109.62,4192.0
2026-03-31 04:00:00,109.616,109.668,109.429,109.492,5567.0
2026-03-31 05:00:00,109.493,109.538,109.424,109.447,6213.0
2026-03-31 06:00:00,109.452,109.506,109.421,109.438,4003.0
2026-03-31 07:00:00,109.441,109.77,109.418,109.729,10609.0
2026-03-31 08:00:00,109.728,109.875,109.58,109.587,9645.0
2026-03-31 09:00:00,109.589,109.605,109.39,109.513,12081.0
2026-03-31 10:00:00,109.512,109.566,108.782,108.97,14486.0
2026-03-31 11:00:00,108.97,109.156,108.944,109.03,13872.0
2026-03-31 12:00:00,109.031,109.58,109.02,109.446,15468.0
2026-03-31 13:00:00,109.446,109.564,109.388,109.416,15388.0
2026-03-31 14:00:00,109.414,109.543,109.408,109.47,8509.0
2026-03-31 15:00:00,109.477,109.58,109.455,109.502,6815.0
2026-03-31 16:00:00,109.506,109.592,109.452,109.528,3732.0
2026-03-31 17:00:00,109.482,109.64,109.459,109.546,3358.0
2026-03-31 18:00:00,109.556,109.578,109.468,109.539,2587.0
2026-03-31 19:00:00,109.538,109.721,109.492,109.712,4335.0
2026-03-31 20:00:00,109.71,109.987,109.644,109.963,9346.0
2026-03-31 21:00:00,109.968,109.998,109.704,109.737,7492.0
2026-03-31 22:00:00,109.738,109.798,109.661,109.667,5683.0
2026-03-31 23:00:00,109.664,109.674,109.494,109.647,3679.0
2026-04-01 00:00:00,109.65,109.688,109.565,109.568,4971.0
2026-04-01 01:00:00,109.568,109.79,109.517,109.537,7763.0
2026-04-01 02:00:00,109.54,109.928,109.494,109.914,7898.0
2026-04-01 03:00:00,109.92,110.006,109.734,109.974,9377.0
2026-04-01 04:00:00,109.969,110.194,109.934,110.042,11563.0
2026-04-01 05:00:00,110.043,110.192,109.972,110.142,3884.0
2026-04-01 06:00:00,110.146,110.195,110.036,110.05,2415.0
2026-04-01 07:00:00,110.048,110.218,110.026,110.088,2793.0
2026-04-01 08:00:00,110.084,110.219,109.946,109.998,11228.0
2026-04-01 09:00:00,109.995,110.194,109.934,110.122,14612.0
2026-04-01 10:00:00,110.143,110.197,109.974,110.006,16520.0
2026-04-01 11:00:00,110.011,110.14,109.942,110.112,12230.0
2026-04-01 12:00:00,110.108,110.138,110.03,110.102,9431.0
2026-04-01 13:00:00,110.104,110.127,109.975,109.976,9252.0
2026-04-01 14:00:00,109.976,109.983,109.744,109.832,12681.0
2026-04-01 15:00:00,109.832,110.044,109.822,109.968,9336.0
2026-04-01 16:00:00,109.967,110.008,109.945,109.986,3708.0
2026-04-01 17:00:00,109.949,110.034,109.799,109.97,1800.0
2026-04-01 18:00:00,109.962,109.974,109.78,109.818,2409.0
2026-04-01 19:00:00,109.824,109.896,109.794,109.863,2874.0
2026-04-01 20:00:00,109.866,109.999,109.804,109.954,7438.0
2026-04-01 21:00:00,109.952,110.09,109.522,109.648,28978.0
2026-04-01 22:00:00,109.649,109.821,109.617,109.784,15034.0
2026-04-01 23:00:00,109.786,109.8,109.668,109.68,8250.0
2026-04-02 00:00:00,109.683,109.69,109.546,109.592,3980.0
2026-04-02 01:00:00,109.593,109.668,109.458,109.469,7265.0
2026-04-02 02:00:00,109.471,109.59,109.406,109.56,6141.0
2026-04-02 03:00:00,109.561,109.853,109.558,109.844,8528.0
2026-04-02 04:00:00,109.846,109.86,109.707,109.76,7239.0
2026-04-02 05:00:00,109.761,109.772,109.661,109.708,6003.0
2026-04-02 06:00:00,109.707,109.712,109.558,109.58,6565.0
2026-04-02 07:00:00,109.579,109.654,109.559,109.635,4340.0
2026-04-02 08:00:00,109.638,109.9,109.618,109.832,7248.0
2026-04-02 09:00:00,109.836,109.982,109.757,109.936,11893.0
2026-04-02 10:00:00,109.936,110.185,109.838,110.132,21369.0
2026-04-02 11:00:00,110.134,110.162,110.015,110.087,16091.0
2026-04-02 12:00:00,110.086,110.236,110.044,110.191,8535.0
2026-04-02 13:00:00,110.19,110.296,110.174,110.198,7828.0
2026-04-02 14:00:00,110.201,110.274,110.19,110.221,6571.0
2026-04-02 15:00:00,110.22,110.282,110.173,110.256,5416.0
2026-04-02 16:00:00,110.26,110.292,110.222,110.282,2865.0
2026-04-02 17:00:00,110.118,110.274,110.118,110.198,2270.0
2026-04-02 18:00:00,110.224,110.283,110.206,110.246,1128.0
2026-04-02 19:00:00,110.246,110.262,110.212,110.216,730.0
2026-04-02 20:00:00,110.218,110.326,110.204,110.318,2806.0
2026-04-02 21:00:00,110.318,110.34,110.272,110.292,2431.0
2026-04-02 22:00:00,110.29,110.314,110.248,110.292,2907.0
2026-04-02 23:00:00,110.294,110.316,110.206,110.21,1463.0
2026-04-03 00:00:00,110.212,110.248,110.157,110.234,1141.0
2026-04-03 01:00:00,110.234,110.286,110.188,110.284,3244.0
2026-04-03 02:00:00,110.284,110.312,110.227,110.298,2364.0
2026-04-03 03:00:00,110.3,110.338,110.236,110.246,2358.0
2026-04-03 04:00:00,110.25,110.268,110.196,110.266,4387.0
2026-04-03 05:00:00,110.264,110.272,110.194,110.214,3242.0
2026-04-03 06:00:00,110.212,110.24,110.176,110.215,2729.0
2026-04-03 07:00:00,110.214,110.244,110.179,110.212,4738.0
2026-04-03 08:00:00,110.21,110.304,110.082,110.126,7094.0
2026-04-03 09:00:00,110.126,110.194,110.065,110.113,4623.0
2026-04-03 10:00:00,110.112,110.117,109.98,110.006,2655.0
2026-04-03 11:00:00,110.006,110.049,109.966,110.031,3875.0
2026-04-03 12:00:00,110.03,110.072,109.984,110.002,4751.0
2026-04-03 13:00:00,110.0,110.045,109.958,110.024,5100.0
2026-04-03 14:00:00,110.022,110.027,109.96,109.983,3891.0
2026-04-03 15:00:00,109.982,110.008,109.908,109.922,4990.0
2026-04-03 16:00:00,109.92,110.174,109.872,110.071,2956.0
2026-04-05 17:00:00,109.959,110.033,109.829,109.941,1766.0
2026-04-05 18:00:00,109.936,110.041,109.81,109.998,6007.0
2026-04-05 19:00:00,110.0,110.051,109.956,110.01,3471.0
2026-04-05 20:00:00,110.011,110.166,110.007,110.153,7189.0
2026-04-05 21:00:00,110.15,110.166,110.036,110.102,6162.0
2026-04-05 22:00:00,110.104,110.342,110.102,110.167,8812.0
2026-04-05 23:00:00,110.168,110.208,110.113,110.192,5594.0
2026-04-06 00:00:00,110.195,110.26,110.174,110.256,3781.0
2026-04-06 01:00:00,110.254,110.301,110.223,110.227,3992.0
2026-04-06 02:00:00,110.226,110.398,110.199,110.343,6806.0
2026-04-06 03:00:00,110.342,110.526,110.302,110.438,6829.0
2026-04-06 04:00:00,110.444,110.508,110.392,110.468,6698.0
2026-04-06 05:00:00,110.47,110.55,110.41,110.418,5935.0
2026-04-06 06:00:00,110.417,110.52,110.394,110.468,7540.0
2026-04-06 07:00:00,110.47,110.59,110.444,110.554,2612.0
2026-04-06 08:00:00,110.551,110.556,110.43,110.442,5581.0
2026-04-06 09:00:00,110.441,110.551,110.417,110.544,9174.0
2026-04-06 10:00:00,110.526,110.596,110.351,110.549,14413.0
2026-04-06 11:00:00,110.548,110.56,110.403,110.488,8636.0
2026-04-06 12:00:00,110.491,110.508,110.4,110.433,3440.0
2026-04-06 13:00:00,110.432,110.51,110.352,110.474,3328.0
2026-04-06 14:00:00,110.474,110.531,110.442,110.498,4482.0
2026-04-06 15:00:00,110.5,110.53,110.474,110.497,4452.0
2026-04-06 16:00:00,110.498,110.514,110.474,110.476,1687.0
2026-04-06 17:00:00,110.45,110.506,110.432,110.47,1102.0
2026-04-06 18:00:00,110.47,110.504,110.4,110.42,2397.0
2026-04-06 19:00:00,110.424,110.468,110.408,110.453,2208.0
2026-04-06 20:00:00,110.454,110.593,110.426,110.463,6856.0
2026-04-06 21:00:00,110.465,110.566,110.322,110.36,8695.0
2026-04-06 22:00:00,110.36,110.458,110.31,110.44,3681.0
2026-04-06 23:00:00,110.44,110.518,110.426,110.468,2018.0
2026-04-07 00:00:00,110.472,110.55,110.42,110.498,4152.0
2026-04-07 01:00:00,110.5,110.514,110.414,110.498,4231.0
2026-04-07 02:00:00,110.497,110.598,110.493,110.557,4357.0
2026-04-07 03:00:00,110.557,110.566,110.459,110.558,4454.0
2026-04-07 04:00:00,110.558,110.82,110.516,110.782,12487.0
2026-04-07 05:00:00,110.776,110.828,110.742,110.798,7011.0
2026-04-07 06:00:00,110.797,110.834,110.617,110.72,9956.0
2026-04-07 07:00:00,110.721,110.868,110.672,110.866,5033.0
2026-04-07 08:00:00,110.866,110.953,110.788,110.852,6406.0
2026-04-07 09:00:00,110.848,110.891,110.758,110.783,9569.0
2026-04-07 10:00:00,110.786,111.107,110.742,110.974,12842.0
2026-04-07 11:00:00,110.975,111.068,110.85,111.02,10873.0
2026-04-07 12:00:00,111.02,111.102,110.958,111.074,7735.0
2026-04-07 13:00:00,111.071,111.162,111.051,111.112,8105.0
2026-04-07 14:00:00,111.113,111.12,111.018,111.043,5995.0
2026-04-07 15:00:00,111.042,111.292,111.018,111.242,11286.0
2026-04-07 16:00:00,111.239,111.403,111.219,111.348,5734.0
2026-04-07 17:00:00,111.27,111.462,111.258,111.343,2239.0
2026-04-07 18:00:00,111.325,112.058,111.271,112.022,15745.0
2026-04-07 19:00:00,112.028,112.346,111.95,112.319,16524.0
2026-04-07 20:00:00,112.32,112.378,111.836,111.932,16489.0
2026-04-07 21:00:00,111.934,112.054,111.884,111.906,10155.0
2026-04-07 22:00:00,111.904,111.96,111.726,111.741,6137.0
2026-04-07 23:00:00,111.741,111.764,111.582,111.752,7653.0
2026-04-08 00:00:00,111.745,111.97,111.727,111.916,7246.0
2026-04-08 01:00:00,111.917,112.05,111.881,111.923,9463.0
2026-04-08 02:00:00,111.93,111.951,111.785,111.876,4965.0
2026-04-08 03:00:00,111.876,111.876,111.689,111.715,8673.0
2026-04-08 04:00:00,111.714,111.714,111.438,111.57,4608.0
2026-04-08 05:00:00,111.571,111.601,111.476,111.5,5087.0
2026-04-08 06:00:00,111.499,111.6,111.478,111.516,4017.0
2026-04-08 07:00:00,111.517,111.67,111.464,111.633,6332.0
2026-04-08 08:00:00,111.635,111.76,111.504,111.73,10512.0
2026-04-08 09:00:00,111.73,111.818,111.56,111.667,14633.0
2026-04-08 10:00:00,111.666,111.74,111.583,111.726,17608.0
2026-04-08 11:00:00,111.731,111.854,111.687,111.834,14317.0
2026-04-08 12:00:00,111.831,111.875,111.727,111.855,8657.0
2026-04-08 13:00:00,111.854,111.886,111.676,111.769,7575.0
2026-04-08 14:00:00,111.77,111.792,111.608,111.628,8005.0
2026-04-08 15:00:00,111.626,111.818,111.584,111.813,7135.0
2026-04-08 16:00:00,111.817,111.842,111.684,111.688,3354.0
2026-04-08 17:00:00,111.7,111.822,111.626,111.736,2375.0
2026-04-08 18:00:00,111.723,111.744,111.68,111.736,2246.0
2026-04-08 19:00:00,111.736,111.756,111.676,111.68,2768.0
2026-04-08 20:00:00,111.678,111.792,111.572,111.762,4273.0
2026-04-08 21:00:00,111.758,111.783,111.638,111.72,4757.0
2026-04-08 22:00:00,111.72,111.77,111.664,111.712,4481.0
2026-04-08 23:00:00,111.711,111.8,111.678,111.767,4785.0
2026-04-09 00:00:00,111.766,111.818,111.74,111.756,3276.0
2026-04-09 01:00:00,111.752,111.836,111.725,111.742,4481.0
2026-04-09 02:00:00,111.748,111.804,111.71,111.792,5792.0
2026-04-09 03:00:00,111.797,111.808,111.695,111.739,3084.0
2026-04-09 04:00:00,111.74,111.794,111.688,111.727,2370.0
2026-04-09 05:00:00,111.724,111.821,111.684,111.81,4774.0
2026-04-09 06:00:00,111.81,111.872,111.784,111.832,4072.0
2026-04-09 07:00:00,111.828,111.954,111.818,111.951,4755.0
2026-04-09 08:00:00,111.95,112.021,111.899,111.96,5952.0
2026-04-09 09:00:00,111.96,112.193,111.933,112.17,8579.0
2026-04-09 10:00:00,112.17,112.415,112.164,112.387,10160.0
2026-04-09 11:00:00,112.387,112.6,112.333,112.566,11307.0
2026-04-09 12:00:00,112.563,112.604,112.463,112.496,7180.0
2026-04-09 13:00:00,112.498,112.599,112.472,112.566,5416.0
2026-04-09 14:00:00,112.567,112.574,112.456,112.553,7457.0
2026-04-09 15:00:00,112.552,112.722,112.551,112.719,5924.0
2026-04-09 16:00:00,112.72,112.737,112.617,112.62,3632.0
2026-04-09 17:00:00,112.542,112.678,112.522,112.59,1284.0
2026-04-09 18:00:00,112.59,112.66,112.59,112.632,1647.0
2026-04-09 19:00:00,112.63,112.644,112.557,112.56,1292.0
2026-04-09 20:00:00,112.564,112.649,112.54,112.632,3393.0
2026-04-09 21:00:00,112.634,112.679,112.534,112.534,6085.0
2026-04-09 22:00:00,112.532,112.59,112.488,112.512,2940.0
2026-04-09 23:00:00,112.512,112.552,112.472,112.506,2793.0
2026-04-10 00:00:00,112.506,112.532,112.462,112.5,3637.0
2026-04-10 01:00:00,112.5,112.611,112.474,112.606,3791.0
2026-04-10 02:00:00,112.604,112.624,112.46,112.496,5230.0
2026-04-10 03:00:00,112.492,112.532,112.394,112.414,2875.0
2026-04-10 04:00:00,112.411,112.516,112.394,112.45,2053.0
2026-04-10 05:00:00,112.453,112.57,112.426,112.55,6190.0
2026-04-10 06:00:00,112.551,112.565,112.503,112.524,4529.0
2026-04-10 07:00:00,112.524,112.577,112.516,112.568,3259.0
2026-04-10 08:00:00,112.572,112.648,112.493,112.626,5280.0
2026-04-10 09:00:00,112.624,112.768,112.599,112.663,9334.0
2026-04-10 10:00:00,112.656,112.866,112.637,112.716,10073.0
2026-04-10 11:00:00,112.718,112.751,112.618,112.684,8331.0
2026-04-10 12:00:00,112.684,112.698,112.579,112.626,5559.0
2026-04-10 13:00:00,112.624,112.712,112.596,112.69,5492.0
2026-04-10 14:00:00,112.685,112.788,112.644,112.758,8021.0
2026-04-10 15:00:00,112.759,112.774,112.73,112.74,5601.0
2026-04-10 16:00:00,112.74,112.763,112.398,112.51,6325.0
2026-04-12 17:00:00,111.606,111.928,111.602,111.873,1406.0
2026-04-12 18:00:00,111.852,112.233,111.763,112.195,8659.0
2026-04-12 19:00:00,112.192,112.206,112.026,112.09,2955.0
2026-04-12 20:00:00,112.09,112.4,112.067,112.333,7271.0
2026-04-12 21:00:00,112.335,112.452,112.265,112.322,8602.0
2026-04-12 22:00:00,112.322,112.414,112.288,112.388,5253.0
2026-04-12 23:00:00,112.393,112.421,112.336,112.39,4032.0
2026-04-13 00:00:00,112.391,112.48,112.367,112.398,3555.0
2026-04-13 01:00:00,112.396,112.486,112.375,112.41,3693.0
2026-04-13 02:00:00,112.408,112.492,112.364,112.488,6339.0
2026-04-13 03:00:00,112.489,112.689,112.486,112.624,6570.0
2026-04-13 04:00:00,112.624,112.674,112.591,112.634,5684.0
2026-04-13 05:00:00,112.636,112.664,112.532,112.56,2623.0
2026-04-13 06:00:00,112.558,112.6,112.526,112.583,1088.0
2026-04-13 07:00:00,112.587,112.653,112.41,112.456,4928.0
2026-04-13 08:00:00,112.452,112.534,112.348,112.518,5832.0
2026-04-13 09:00:00,112.519,112.712,112.516,112.6,9652.0
2026-04-13 10:00:00,112.6,112.804,112.584,112.74,10389.0
2026-04-13 11:00:00,112.74,112.84,112.709,112.808,8293.0
2026-04-13 12:00:00,112.809,112.974,112.754,112.964,9931.0
2026-04-13 13:00:00,112.968,113.028,112.942,113.001,6821.0
2026-04-13 14:00:00,113.004,113.125,112.971,113.114,5644.0
2026-04-13 15:00:00,113.114,113.133,113.056,113.112,4018.0
2026-04-13 16:00:00,113.11,113.17,113.11,113.143,2625.0
2026-04-13 17:00:00,113.086,113.134,113.055,113.077,1189.0
2026-04-13 18:00:00,113.074,113.198,113.068,113.16,1385.0
2026-04-13 19:00:00,113.158,113.161,113.001,113.036,3675.0
2026-04-13 20:00:00,113.035,113.048,112.809,112.852,7921.0
2026-04-13 21:00:00,112.854,112.902,112.699,112.714,6588.0
2026-04-13 22:00:00,112.714,112.808,112.686,112.71,3967.0
2026-04-13 23:00:00,112.71,112.79,112.686,112.713,3732.0
2026-04-14 00:00:00,112.718,112.815,112.697,112.726,3764.0
2026-04-14 01:00:00,112.732,112.734,112.619,112.688,4566.0
2026-04-14 02:00:00,112.685,112.909,112.685,112.888,4713.0
2026-04-14 03:00:00,112.884,112.954,112.836,112.884,8005.0
2026-04-14 04:00:00,112.882,113.074,112.836,113.007,6056.0
2026-04-14 05:00:00,113.008,113.093,112.889,113.086,4762.0
2026-04-14 06:00:00,113.086,113.135,113.026,113.072,4959.0
2026-04-14 07:00:00,113.073,113.185,113.054,113.153,5052.0
2026-04-14 08:00:00,113.15,113.27,113.104,113.264,7081.0
2026-04-14 09:00:00,113.263,113.394,113.249,113.392,9105.0
2026-04-14 10:00:00,113.39,113.418,113.286,113.384,9927.0
2026-04-14 11:00:00,113.386,113.394,113.294,113.316,8722.0
2026-04-14 12:00:00,113.314,113.332,113.23,113.239,4172.0
2026-04-14 13:00:00,113.238,113.29,113.213,113.224,4748.0
2026-04-14 14:00:00,113.224,113.228,113.122,113.185,5725.0
2026-04-14 15:00:00,113.193,113.26,113.181,113.212,4252.0
2026-04-14 16:00:00,113.213,113.233,113.17,113.172,1354.0
2026-04-14 17:00:00,113.069,113.188,113.066,113.188,4856.0
2026-04-14 18:00:00,113.196,113.232,113.138,113.23,1598.0
2026-04-14 19:00:00,113.228,113.278,113.194,113.21,2843.0
2026-04-14 20:00:00,113.208,113.242,113.11,113.168,6743.0
2026-04-14 21:00:00,113.167,113.298,113.167,113.262,6898.0
2026-04-14 22:00:00,113.261,113.41,113.26,113.39,4302.0
2026-04-14 23:00:00,113.39,113.411,113.323,113.366,2891.0
2026-04-15 00:00:00,113.364,113.414,113.354,113.407,3298.0
2026-04-15 01:00:00,113.406,113.539,113.402,113.462,5325.0
2026-04-15 02:00:00,113.465,113.544,113.428,113.494,5729.0
2026-04-15 03:00:00,113.496,113.608,113.456,113.524,6122.0
2026-04-15 04:00:00,113.524,113.536,113.374,113.43,5235.0
2026-04-15 05:00:00,113.431,113.51,113.342,113.51,4905.0
2026-04-15 06:00:00,113.508,113.541,113.377,113.471,3519.0
2026-04-15 07:00:00,113.472,113.568,113.446,113.554,5207.0
2026-04-15 08:00:00,113.553,113.6,113.514,113.584,5686.0
2026-04-15 09:00:00,113.584,113.682,113.574,113.636,8800.0
2026-04-15 10:00:00,113.638,113.84,113.63,113.774,8525.0
2026-04-15 11:00:00,113.774,113.88,113.739,113.86,8176.0
2026-04-15 12:00:00,113.859,113.924,113.79,113.859,5761.0
2026-04-15 13:00:00,113.862,114.016,113.856,114.0,2785.0
2026-04-15 14:00:00,114.0,114.098,113.986,114.094,4423.0
2026-04-15 15:00:00,114.095,114.114,114.038,114.051,3119.0
2026-04-15 16:00:00,114.05,114.052,113.966,114.003,1686.0
2026-04-15 17:00:00,113.972,114.034,113.934,113.986,1971.0
2026-04-15 18:00:00,113.976,114.007,113.93,113.96,1222.0
2026-04-15 19:00:00,113.962,113.97,113.898,113.96,2725.0
2026-04-15 20:00:00,113.959,113.96,113.858,113.908,6722.0
2026-04-15 21:00:00,113.906,113.952,113.757,113.936,7372.0
2026-04-15 22:00:00,113.936,114.154,113.932,113.966,7236.0
2026-04-15 23:00:00,113.964,114.136,113.821,114.118,6780.0
2026-04-16 00:00:00,114.122,114.196,114.078,114.096,2746.0
2026-04-16 01:00:00,114.098,114.206,114.03,114.182,3434.0
2026-04-16 02:00:00,114.182,114.206,114.048,114.146,3015.0
2026-04-16 03:00:00,114.152,114.184,114.085,114.118,6519.0
2026-04-16 04:00:00,114.12,114.136,114.01,114.065,5662.0
2026-04-16 05:00:00,114.064,114.082,113.966,114.016,2353.0
2026-04-16 06:00:00,114.019,114.038,113.944,113.975,2628.0
2026-04-16 07:00:00,113.968,114.05,113.954,114.034,6340.0
2026-04-16 08:00:00,114.036,114.143,113.992,114.122,5413.0
2026-04-16 09:00:00,114.124,114.202,114.054,114.194,9683.0
2026-04-16 10:00:00,114.198,114.248,114.052,114.078,10006.0
2026-04-16 11:00:00,114.077,114.149,114.032,114.048,8851.0
2026-04-16 12:00:00,114.05,114.104,113.917,113.958,7765.0
2026-04-16 13:00:00,113.958,114.004,113.905,113.972,6077.0
2026-04-16 14:00:00,113.972,114.006,113.914,113.963,6002.0
2026-04-16 15:00:00,113.962,113.996,113.944,113.988,3426.0
2026-04-16 16:00:00,113.988,114.028,113.964,113.982,1408.0
2026-04-16 17:00:00,113.993,114.057,113.88,113.938,1420.0
2026-04-16 18:00:00,113.934,113.991,113.885,113.968,1452.0
2026-04-16 19:00:00,113.968,114.03,113.962,113.971,1928.0
2026-04-16 20:00:00,113.976,114.122,113.918,114.098,6097.0
2026-04-16 21:00:00,114.096,114.179,114.058,114.137,4172.0
2026-04-16 22:00:00,114.136,114.196,114.125,114.146,1809.0
2026-04-16 23:00:00,114.146,114.22,114.135,114.205,1447.0
2026-04-17 00:00:00,114.204,114.327,114.2,114.316,2766.0
2026-04-17 01:00:00,114.316,114.376,114.292,114.326,4434.0
2026-04-17 02:00:00,114.326,114.337,114.143,114.16,5600.0
2026-04-17 03:00:00,114.163,114.268,114.107,114.236,6471.0
2026-04-17 04:00:00,114.236,114.309,114.156,114.258,6160.0
2026-04-17 05:00:00,114.26,114.306,114.042,114.074,5776.0
2026-04-17 06:00:00,114.075,114.173,114.05,114.138,4440.0
2026-04-17 07:00:00,114.134,114.228,114.08,114.172,4671.0
2026-04-17 08:00:00,114.174,114.322,114.146,114.237,13126.0
2026-04-17 09:00:00,114.238,114.274,114.038,114.07,21787.0
2026-04-17 10:00:00,114.071,114.082,113.546,113.678,12902.0
2026-04-17 11:00:00,113.682,113.754,113.501,113.686,10511.0
2026-04-17 12:00:00,113.687,113.722,113.58,113.604,6553.0
2026-04-17 13:00:00,113.607,113.67,113.562,113.66,7494.0
2026-04-17 14:00:00,113.66,113.684,113.586,113.652,6179.0
2026-04-17 15:00:00,113.652,113.726,113.634,113.702,5533.0
2026-04-17 16:00:00,113.699,113.744,113.646,113.686,5373.0
2026-04-19 17:00:00,113.18,113.319,113.093,113.116,1229.0
2026-04-19 18:00:00,113.122,113.572,113.122,113.556,4625.0
2026-04-19 19:00:00,113.556,113.646,113.518,113.558,6027.0
2026-04-19 20:00:00,113.558,113.7,113.53,113.686,7083.0
2026-04-19 21:00:00,113.69,113.722,113.557,113.566,8032.0
2026-04-19 22:00:00,113.564,113.698,113.553,113.67,5386.0
2026-04-19 23:00:00,113.672,113.71,113.62,113.668,4647.0
2026-04-20 00:00:00,113.666,113.746,113.641,113.708,4569.0
2026-04-20 01:00:00,113.704,113.746,113.572,113.608,3788.0
2026-04-20 02:00:00,113.609,113.7,113.542,113.693,3691.0
2026-04-20 03:00:00,113.691,113.747,113.568,113.632,8413.0
2026-04-20 04:00:00,113.635,113.729,113.617,113.668,3897.0
2026-04-20 05:00:00,113.667,113.761,113.658,113.756,4801.0
2026-04-20 06:00:00,113.756,113.784,113.713,113.727,4770.0
2026-04-20 07:00:00,113.728,113.78,113.672,113.75,5895.0
2026-04-20 08:00:00,113.753,113.77,113.718,113.733,6047.0
2026-04-20 09:00:00,113.734,113.75,113.665,113.726,9939.0
2026-04-20 10:00:00,113.724,113.804,113.658,113.69,12384.0
2026-04-20 11:00:00,113.692,113.832,113.64,113.832,11118.0
2026-04-20 12:00:00,113.831,113.852,113.778,113.799,6189.0
2026-04-20 13:00:00,113.8,113.899,113.796,113.898,5935.0
2026-04-20 14:00:00,113.899,114.031,113.881,114.02,6333.0
2026-04-20 15:00:00,114.014,114.046,113.986,114.04,3684.0
2026-04-20 16:00:00,114.04,114.078,114.004,114.007,2399.0
2026-04-20 17:00:00,113.939,114.004,113.923,113.934,1640.0
2026-04-20 18:00:00,113.937,114.039,113.919,114.039,3825.0
2026-04-20 19:00:00,114.038,114.044,113.953,113.958,2797.0
2026-04-20 20:00:00,113.959,114.064,113.932,114.03,7698.0
2026-04-20 21:00:00,114.03,114.156,114.018,114.048,6903.0
2026-04-20 22:00:00,114.047,114.09,113.967,114.023,4384.0
2026-04-20 23:00:00,114.022,114.034,113.911,113.946,4423.0
2026-04-21 00:00:00,113.945,113.962,113.916,113.919,2670.0
2026-04-21 01:00:00,113.919,113.97,113.875,113.878,5742.0
2026-04-21 02:00:00,113.876,113.892,113.75,113.763,5757.0
2026-04-21 03:00:00,113.762,113.855,113.744,113.752,6776.0
2026-04-21 04:00:00,113.749,113.926,113.694,113.902,4335.0
2026-04-21 05:00:00,113.9,113.92,113.816,113.86,2293.0
2026-04-21 06:00:00,113.862,113.971,113.858,113.956,4064.0
2026-04-21 07:00:00,113.952,114.038,113.892,113.962,3992.0
2026-04-21 08:00:00,113.958,113.987,113.878,113.977,6876.0
2026-04-21 09:00:00,113.982,114.152,113.948,114.148,9684.0
2026-04-21 10:00:00,114.148,114.304,114.122,114.217,11651.0
2026-04-21 11:00:00,114.216,114.261,114.054,114.174,13602.0
2026-04-21 12:00:00,114.175,114.226,114.02,114.029,8878.0
2026-04-21 13:00:00,114.028,114.047,113.81,113.956,9224.0
2026-04-21 14:00:00,113.956,114.032,113.907,113.996,7764.0
2026-04-21 15:00:00,113.998,114.054,113.804,113.892,12816.0
2026-04-21 16:00:00,113.888,114.152,113.886,114.044,8509.0
2026-04-21 17:00:00,113.966,114.058,113.946,114.006,1660.0
2026-04-21 18:00:00,114.014,114.045,113.99,114.006,2189.0
2026-04-21 19:00:00,114.006,114.096,113.998,114.054,2992.0
2026-04-21 20:00:00,114.054,114.1,114.023,114.071,7681.0
2026-04-21 21:00:00,114.072,114.074,113.986,114.01,5877.0
2026-04-21 22:00:00,114.012,114.095,114.01,114.03,4970.0
2026-04-21 23:00:00,114.03,114.132,114.004,114.046,4676.0
2026-04-22 00:00:00,114.046,114.078,114.018,114.042,3770.0
2026-04-22 01:00:00,114.04,114.187,114.032,114.168,7507.0
2026-04-22 02:00:00,114.169,114.188,114.07,114.07,6080.0
2026-04-22 03:00:00,114.072,114.168,114.03,114.146,6214.0
2026-04-22 04:00:00,114.144,114.231,114.12,114.182,5614.0
2026-04-22 05:00:00,114.179,114.221,114.086,114.122,5489.0
2026-04-22 06:00:00,114.122,114.13,114.021,114.042,5719.0
2026-04-22 07:00:00,114.041,114.056,113.884,113.91,6179.0
2026-04-22 08:00:00,113.909,113.954,113.849,113.916,7030.0
2026-04-22 09:00:00,113.917,114.07,113.888,114.055,12550.0
2026-04-22 10:00:00,114.056,114.128,114.02,114.126,10800.0
2026-04-22 11:00:00,114.127,114.24,114.074,114.214,9495.0
2026-04-22 12:00:00,114.214,114.227,114.134,114.176,8183.0
2026-04-22 13:00:00,114.174,114.26,114.166,114.178,6769.0
2026-04-22 14:00:00,114.177,114.212,114.13,114.178,4787.0
2026-04-22 15:00:00,114.178,114.228,114.14,114.22,4739.0
2026-04-22 16:00:00,114.218,114.236,114.176,114.198,3509.0
2026-04-22 17:00:00,114.166,114.193,114.091,114.176,1214.0
2026-04-22 18:00:00,114.156,114.176,114.128,114.146,937.0
2026-04-22 19:00:00,114.147,114.176,114.12,114.153,2388.0
2026-04-22 20:00:00,114.152,114.224,113.942,114.114,15220.0
2026-04-22 21:00:00,114.108,114.117,113.98,114.054,8818.0
2026-04-22 22:00:00,114.055,114.126,113.965,113.989,9350.0
2026-04-22 23:00:00,113.988,114.018,113.846,113.914,5311.0
2026-04-23 00:00:00,113.914,114.049,113.893,114.04,3912.0
2026-04-23 01:00:00,114.042,114.142,114.024,114.134,2634.0
2026-04-23 02:00:00,114.134,114.194,114.102,114.179,2415.0
2026-04-23 03:00:00,114.182,114.234,114.114,114.226,5206.0
2026-04-23 04:00:00,114.227,114.264,114.176,114.23,6181.0
2026-04-23 05:00:00,114.229,114.233,114.131,114.158,4975.0
2026-04-23 06:00:00,114.154,114.186,113.92,113.96,5272.0
2026-04-23 07:00:00,113.962,114.114,113.944,114.078,8158.0
2026-04-23 08:00:00,114.078,114.099,113.926,113.974,11988.0
2026-04-23 09:00:00,113.975,114.102,113.918,114.036,9144.0
2026-04-23 10:00:00,114.037,114.212,113.972,114.134,10420.0
2026-04-23 11:00:00,114.132,114.155,114.046,114.078,10168.0
2026-04-23 12:00:00,114.081,114.102,114.032,114.083,5074.0
2026-04-23 13:00:00,114.086,114.106,113.656,113.946,18239.0
2026-04-23 14:00:00,113.952,114.028,113.878,113.905,10361.0
2026-04-23 15:00:00,113.904,113.926,113.838,113.908,6905.0
2026-04-23 16:00:00,113.91,113.928,113.797,113.862,3052.0
2026-04-23 17:00:00,113.883,113.893,113.778,113.882,1134.0
2026-04-23 18:00:00,113.863,113.912,113.828,113.903,1113.0
2026-04-23 19:00:00,113.902,113.938,113.868,113.878,2429.0
2026-04-23 20:00:00,113.879,113.956,113.852,113.95,7383.0
2026-04-23 21:00:00,113.951,113.999,113.872,113.938,7836.0
2026-04-23 22:00:00,113.94,113.943,113.751,113.766,5974.0
2026-04-23 23:00:00,113.764,113.798,113.702,113.74,6159.0
2026-04-24 00:00:00,113.739,113.831,113.702,113.818,5350.0
2026-04-24 01:00:00,113.819,113.878,113.762,113.844,5916.0
2026-04-24 02:00:00,113.842,113.901,113.687,113.746,5963.0
2026-04-24 03:00:00,113.744,113.893,113.7,113.882,4590.0
2026-04-24 04:00:00,113.886,113.956,113.805,113.898,7108.0
2026-04-24 05:00:00,113.9,113.92,113.824,113.882,5724.0
2026-04-24 06:00:00,113.882,113.946,113.869,113.884,4661.0
2026-04-24 07:00:00,113.886,113.954,113.847,113.876,11011.0
2026-04-24 08:00:00,113.876,113.909,113.798,113.83,8090.0
2026-04-24 09:00:00,113.831,113.864,113.74,113.864,12801.0
2026-04-24 10:00:00,113.858,113.9,113.76,113.868,13215.0
2026-04-24 11:00:00,113.866,113.998,113.844,113.964,10864.0
2026-04-24 12:00:00,113.964,113.97,113.892,113.945,7690.0
2026-04-24 13:00:00,113.943,113.994,113.939,113.94,6895.0
2026-04-24 14:00:00,113.94,113.998,113.935,113.989,4682.0
2026-04-24 15:00:00,113.99,114.014,113.968,113.986,4132.0
2026-04-24 16:00:00,113.988,113.998,113.894,113.896,4372.0
2026-04-26 17:00:00,113.786,113.966,113.757,113.962,1466.0
2026-04-26 18:00:00,113.945,114.04,113.902,113.995,1279.0
2026-04-26 19:00:00,113.995,114.021,113.978,113.98,1978.0
2026-04-26 20:00:00,113.984,114.146,113.962,114.146,3775.0
2026-04-26 21:00:00,114.147,114.24,114.128,114.211,12652.0
2026-04-26 22:00:00,114.208,114.286,114.156,114.252,7287.0
2026-04-26 23:00:00,114.252,114.278,114.215,114.23,5917.0
2026-04-27 00:00:00,114.228,114.23,114.113,114.143,4899.0
2026-04-27 01:00:00,114.142,114.224,114.127,114.21,5413.0
2026-04-27 02:00:00,114.21,114.221,114.094,114.11,6971.0
2026-04-27 03:00:00,114.11,114.292,114.098,114.276,11415.0
2026-04-27 04:00:00,114.276,114.414,114.244,114.395,8209.0
2026-04-27 05:00:00,114.388,114.438,114.342,114.406,4516.0
2026-04-27 06:00:00,114.404,114.444,114.364,114.383,4901.0
2026-04-27 07:00:00,114.384,114.39,114.322,114.381,5039.0
2026-04-27 08:00:00,114.379,114.515,114.379,114.451,8921.0
2026-04-27 09:00:00,114.453,114.526,114.388,114.484,11546.0
2026-04-27 10:00:00,114.483,114.568,114.448,114.523,11559.0
2026-04-27 11:00:00,114.523,114.58,114.456,114.569,9474.0
2026-04-27 12:00:00,114.568,114.615,114.552,114.594,5406.0
2026-04-27 13:00:00,114.593,114.642,114.552,114.586,4867.0
2026-04-27 14:00:00,114.585,114.616,114.554,114.58,3802.0
2026-04-27 15:00:00,114.581,114.596,114.542,114.568,2858.0
2026-04-27 16:00:00,114.568,114.572,114.542,114.561,1196.0
2026-04-27 17:00:00,114.528,114.588,114.518,114.568,664.0
2026-04-27 18:00:00,114.562,114.593,114.553,114.566,1107.0
2026-04-27 19:00:00,114.568,114.62,114.549,114.592,1551.0
2026-04-27 20:00:00,114.595,114.718,114.557,114.679,5478.0
2026-04-27 21:00:00,114.676,114.689,114.502,114.54,6501.0
2026-04-27 22:00:00,114.546,114.548,114.44,114.494,4528.0
2026-04-27 23:00:00,114.493,114.512,114.212,114.294,5855.0
2026-04-28 00:00:00,114.293,114.304,114.222,114.267,3503.0
2026-04-28 01:00:00,114.268,114.28,114.164,114.252,5339.0
2026-04-28 02:00:00,114.251,114.262,114.082,114.16,7888.0
2026-04-28 03:00:00,114.159,114.542,114.155,114.516,8159.0
2026-04-28 04:00:00,114.522,114.59,114.456,114.474,4312.0
2026-04-28 05:00:00,114.471,114.516,114.364,114.493,5082.0
2026-04-28 06:00:00,114.489,114.5,114.336,114.37,4545.0
2026-04-28 07:00:00,114.367,114.413,114.26,114.288,6848.0
2026-04-28 08:00:00,114.284,114.332,114.209,114.258,9408.0
2026-04-28 09:00:00,114.256,114.458,114.23,114.384,11947.0
2026-04-28 10:00:00,114.381,114.529,114.35,114.48,13040.0
2026-04-28 11:00:00,114.482,114.563,114.444,114.552,10921.0
2026-04-28 12:00:00,114.556,114.584,114.517,114.576,7644.0
2026-04-28 13:00:00,114.577,114.635,114.544,114.63,5677.0
2026-04-28 14:00:00,114.631,114.676,114.614,114.664,4327.0
2026-04-28 15:00:00,114.663,114.669,114.62,114.638,3304.0
2026-04-28 16:00:00,114.636,114.648,114.607,114.632,1481.0
2026-04-28 17:00:00,114.545,114.674,114.527,114.606,1360.0
2026-04-28 18:00:00,114.604,114.65,114.591,114.608,699.0
2026-04-28 19:00:00,114.61,114.68,114.591,114.673,2956.0
2026-04-28 20:00:00,114.669,114.71,114.648,114.655,6443.0
2026-04-28 21:00:00,114.658,114.658,114.399,114.442,11551.0
2026-04-28 22:00:00,114.441,114.526,114.281,114.295,8728.0
2026-04-28 23:00:00,114.294,114.382,114.293,114.315,4308.0
2026-04-29 00:00:00,114.318,114.376,114.308,114.354,3210.0
2026-04-29 01:00:00,114.352,114.396,114.33,114.364,4532.0
2026-04-29 02:00:00,114.364,114.392,114.268,114.32,5267.0
2026-04-29 03:00:00,114.318,114.414,114.267,114.382,7421.0
2026-04-29 04:00:00,114.376,114.392,114.283,114.334,7583.0
2026-04-29 05:00:00,114.337,114.37,114.26,114.286,4685.0
2026-04-29 06:00:00,114.283,114.406,114.27,114.377,5296.0
2026-04-29 07:00:00,114.378,114.434,114.358,114.432,5604.0
2026-04-29 08:00:00,114.432,114.552,114.408,114.47,6195.0
2026-04-29 09:00:00,114.47,114.53,114.137,114.188,8289.0
2026-04-29 10:00:00,114.19,114.369,114.11,114.336,9787.0
2026-04-29 11:00:00,114.336,114.366,114.125,114.232,11240.0
2026-04-29 12:00:00,114.233,114.322,114.218,114.254,8410.0
2026-04-29 13:00:00,114.254,114.328,114.21,114.262,7868.0
2026-04-29 14:00:00,114.264,114.304,113.923,114.072,14912.0
2026-04-29 15:00:00,114.072,114.166,113.986,114.145,8777.0
2026-04-29 16:00:00,114.146,114.214,114.089,114.179,6036.0
2026-04-29 17:00:00,114.116,114.149,114.044,114.112,1235.0
2026-04-29 18:00:00,114.086,114.184,114.086,114.13,2351.0
2026-04-29 19:00:00,114.13,114.198,114.118,114.188,3436.0
2026-04-29 20:00:00,114.185,114.232,114.073,114.154,7805.0
2026-04-29 21:00:00,114.152,114.203,114.086,114.17,8461.0
2026-04-29 22:00:00,114.17,114.286,114.122,114.262,6886.0
2026-04-29 23:00:00,114.259,114.352,114.256,114.306,4175.0
2026-04-30 00:00:00,114.31,114.322,114.196,114.232,5018.0
2026-04-30 01:00:00,114.234,114.334,114.218,114.268,5650.0
2026-04-30 02:00:00,114.268,114.354,114.227,114.33,8171.0
2026-04-30 03:00:00,114.33,114.445,113.938,114.142,10061.0
2026-04-30 04:00:00,114.143,114.254,113.679,113.776,12537.0
2026-04-30 05:00:00,113.77,113.922,113.603,113.843,11871.0
2026-04-30 06:00:00,113.844,113.867,112.342,112.491,26633.0
2026-04-30 07:00:00,112.49,112.682,111.324,111.86,29572.0
2026-04-30 08:00:00,111.861,112.281,111.773,112.122,16723.0
2026-04-30 09:00:00,112.124,112.466,111.778,112.389,18347.0
2026-04-30 10:00:00,112.39,112.692,112.3,112.616,19602.0
2026-04-30 11:00:00,112.616,112.723,112.524,112.524,11975.0
2026-04-30 12:00:00,112.523,112.552,112.42,112.455,8651.0
2026-04-30 13:00:00,112.454,112.528,112.41,112.417,10991.0
2026-04-30 14:00:00,112.418,112.62,112.406,112.588,7936.0
2026-04-30 15:00:00,112.588,112.706,112.568,112.68,9657.0
2026-04-30 16:00:00,112.679,112.8,112.668,112.789,4733.0
2026-04-30 17:00:00,112.644,112.742,112.644,112.734,615.0
2026-04-30 18:00:00,112.736,112.842,112.726,112.787,1524.0
2026-04-30 19:00:00,112.791,113.118,112.782,113.038,3325.0
2026-04-30 20:00:00,113.034,113.243,113.026,113.11,6844.0
2026-04-30 21:00:00,113.107,113.231,113.066,113.21,6782.0
2026-04-30 22:00:00,113.204,113.238,113.156,113.2,3738.0
2026-04-30 23:00:00,113.202,113.24,113.054,113.104,2059.0
2026-05-01 00:00:00,113.104,113.108,112.998,113.071,2057.0
2026-05-01 01:00:00,113.07,113.132,113.042,113.069,2900.0
2026-05-01 02:00:00,113.07,113.129,111.932,112.226,10828.0
2026-05-01 03:00:00,112.224,112.748,112.162,112.694,12763.0
2026-05-01 04:00:00,112.694,112.729,112.468,112.577,8389.0
2026-05-01 05:00:00,112.58,112.686,112.483,112.502,5723.0
2026-05-01 06:00:00,112.495,112.602,112.492,112.589,3900.0
2026-05-01 07:00:00,112.592,112.696,112.576,112.681,4809.0
2026-05-01 08:00:00,112.69,112.803,112.646,112.784,7856.0
2026-05-01 09:00:00,112.781,112.896,112.664,112.875,8994.0
2026-05-01 10:00:00,112.876,113.093,112.863,113.036,13321.0
2026-05-01 11:00:00,113.038,113.209,113.023,113.137,10782.0
2026-05-01 12:00:00,113.138,113.19,113.082,113.172,8632.0
2026-05-01 13:00:00,113.172,113.214,113.13,113.147,6049.0
2026-05-01 14:00:00,113.148,113.214,113.094,113.194,5459.0
2026-05-01 15:00:00,113.195,113.214,113.156,113.158,2864.0
2026-05-01 16:00:00,113.158,113.171,113.054,113.14,4161.0
2026-05-03 17:00:00,113.121,113.174,113.04,113.154,465.0
2026-05-03 18:00:00,113.146,113.178,113.072,113.149,2319.0
2026-05-03 19:00:00,113.148,113.154,113.078,113.116,2576.0
2026-05-03 20:00:00,113.118,113.17,113.081,113.117,8751.0
2026-05-03 21:00:00,113.116,113.23,112.889,113.21,9208.0
2026-05-03 22:00:00,113.209,113.324,113.175,113.26,6815.0
2026-05-03 23:00:00,113.262,113.328,112.374,112.68,11296.0
2026-05-04 00:00:00,112.68,113.001,112.638,112.966,7755.0
2026-05-04 01:00:00,112.969,113.019,112.8,113.004,6983.0
2026-05-04 02:00:00,113.001,113.063,112.875,112.958,6502.0
2026-05-04 03:00:00,112.952,112.956,112.754,112.826,8060.0
2026-05-04 04:00:00,112.825,112.968,112.79,112.922,8532.0
2026-05-04 05:00:00,112.92,113.026,112.92,112.964,6367.0
2026-05-04 06:00:00,112.964,112.978,112.656,112.882,17458.0
2026-05-04 07:00:00,112.882,112.918,112.778,112.826,8794.0
2026-05-04 08:00:00,112.827,112.989,112.821,112.947,8637.0
2026-05-04 09:00:00,112.946,112.952,112.798,112.833,10534.0
2026-05-04 10:00:00,112.83,112.944,112.805,112.858,10176.0
2026-05-04 11:00:00,112.862,112.884,112.624,112.642,12917.0
2026-05-04 12:00:00,112.641,112.666,112.519,112.568,10905.0
2026-05-04 13:00:00,112.569,112.743,112.568,112.714,8557.0
2026-05-04 14:00:00,112.715,112.766,112.286,112.416,6775.0
2026-05-04 15:00:00,112.426,112.679,112.426,112.66,6504.0
2026-05-04 16:00:00,112.662,112.701,112.619,112.697,2948.0
2026-05-04 17:00:00,112.716,112.72,112.628,112.652,645.0
2026-05-04 18:00:00,112.652,112.716,112.646,112.695,1522.0
2026-05-04 19:00:00,112.694,112.706,112.66,112.681,2117.0
2026-05-04 20:00:00,112.686,112.743,112.55,112.562,5353.0
2026-05-04 21:00:00,112.562,112.58,112.486,112.514,4704.0
2026-05-04 22:00:00,112.512,112.637,112.504,112.572,3856.0
2026-05-04 23:00:00,112.571,112.594,112.488,112.496,1801.0
2026-05-05 00:00:00,112.494,112.766,112.48,112.482,5664.0
2026-05-05 01:00:00,112.476,112.517,112.198,112.287,7033.0
2026-05-05 02:00:00,112.288,112.421,112.277,112.317,7888.0
2026-05-05 03:00:00,112.319,112.512,112.308,112.456,7106.0
2026-05-05 04:00:00,112.452,112.662,112.452,112.572,5240.0
2026-05-05 05:00:00,112.572,112.954,112.516,112.838,8462.0
2026-05-05 06:00:00,112.835,113.004,112.814,112.98,3927.0
2026-05-05 07:00:00,112.977,113.18,112.964,113.139,3494.0
2026-05-05 08:00:00,113.138,113.27,113.097,113.204,7306.0
2026-05-05 09:00:00,113.206,113.329,113.2,113.282,6314.0
2026-05-05 10:00:00,113.296,113.385,113.226,113.344,8189.0
2026-05-05 11:00:00,113.346,113.473,113.312,113.444,6788.0
2026-05-05 12:00:00,113.442,113.448,113.38,113.403,4257.0
2026-05-05 13:00:00,113.402,113.479,113.402,113.456,3500.0
2026-05-05 14:00:00,113.456,113.514,113.447,113.48,2508.0
2026-05-05 15:00:00,113.48,113.488,113.38,113.408,2717.0
2026-05-05 16:00:00,113.407,113.43,113.376,113.414,1245.0
2026-05-05 17:00:00,113.378,113.436,113.358,113.435,655.0
2026-05-05 18:00:00,113.436,113.517,113.382,113.51,2647.0
2026-05-05 19:00:00,113.508,113.637,113.446,113.582,5232.0
2026-05-05 20:00:00,113.584,113.848,113.578,113.842,9327.0
2026-05-05 21:00:00,113.844,114.044,113.833,114.001,7908.0
2026-05-05 22:00:00,114.001,114.166,113.968,114.166,5049.0
2026-05-05 23:00:00,114.166,114.318,114.099,114.11,4768.0
2026-05-06 00:00:00,114.111,114.202,112.376,112.968,22913.0
2026-05-06 01:00:00,112.966,113.327,112.858,113.304,10778.0
2026-05-06 02:00:00,113.301,113.368,113.244,113.364,6868.0
2026-05-06 03:00:00,113.364,113.414,112.76,112.851,8369.0
2026-05-06 04:00:00,112.846,113.326,112.831,113.253,13784.0
2026-05-06 05:00:00,113.251,113.315,113.161,113.234,9467.0
2026-05-06 06:00:00,113.236,113.298,113.084,113.216,11323.0
2026-05-06 07:00:00,113.214,113.253,113.122,113.17,12059.0
2026-05-06 08:00:00,113.17,113.186,113.006,113.117,13042.0
2026-05-06 09:00:00,113.116,113.122,112.922,112.948,10453.0
2026-05-06 10:00:00,112.949,113.174,112.941,113.149,10745.0
2026-05-06 11:00:00,113.147,113.22,113.08,113.169,9872.0
2026-05-06 12:00:00,113.17,113.184,113.022,113.048,6023.0
2026-05-06 13:00:00,113.052,113.18,113.032,113.177,4065.0
2026-05-06 14:00:00,113.18,113.207,113.134,113.192,4497.0
2026-05-06 15:00:00,113.192,113.242,113.184,113.214,3857.0
2026-05-06 16:00:00,113.214,113.234,113.125,113.176,3824.0
2026-05-06 17:00:00,113.164,113.169,113.076,113.116,1926.0
2026-05-06 18:00:00,113.132,113.19,113.105,113.158,1441.0
2026-05-06 19:00:00,113.158,113.25,113.112,113.248,2834.0
2026-05-06 20:00:00,113.249,113.278,113.058,113.112,8627.0
2026-05-06 21:00:00,113.111,113.196,113.016,113.183,8783.0
2026-05-06 22:00:00,113.182,113.251,113.131,113.238,6021.0
2026-05-06 23:00:00,113.24,113.29,113.18,113.28,2555.0
2026-05-07 00:00:00,113.28,113.362,113.26,113.321,3846.0
2026-05-07 01:00:00,113.321,113.378,113.292,113.322,3103.0
2026-05-07 02:00:00,113.321,113.373,113.239,113.322,6671.0
2026-05-07 03:00:00,113.322,113.481,113.274,113.479,7161.0
2026-05-07 04:00:00,113.482,113.514,113.404,113.477,6009.0
2026-05-07 05:00:00,113.474,113.539,113.446,113.532,3010.0
2026-05-07 06:00:00,113.53,113.587,113.474,113.482,2572.0
2026-05-07 07:00:00,113.485,113.555,113.414,113.528,3885.0
2026-05-07 08:00:00,113.526,113.534,113.348,113.353,5727.0
2026-05-07 09:00:00,113.352,113.385,113.277,113.324,8979.0
2026-05-07 10:00:00,113.322,113.446,113.264,113.408,9780.0
2026-05-07 11:00:00,113.408,113.463,113.282,113.29,8973.0
2026-05-07 12:00:00,113.29,113.404,113.269,113.384,8088.0
2026-05-07 13:00:00,113.388,113.433,113.294,113.344,9094.0
2026-05-07 14:00:00,113.342,113.376,113.267,113.328,6856.0
2026-05-07 15:00:00,113.33,113.337,113.18,113.184,7594.0
2026-05-07 16:00:00,113.184,113.299,113.076,113.09,4984.0
2026-05-07 17:00:00,113.108,113.119,112.954,113.026,2422.0
2026-05-07 18:00:00,113.024,113.099,112.995,113.012,2217.0
2026-05-07 19:00:00,113.013,113.094,113.01,113.066,2570.0
2026-05-07 20:00:00,113.072,113.166,112.974,113.138,7615.0
2026-05-07 21:00:00,113.138,113.222,113.113,113.134,7277.0
2026-05-07 22:00:00,113.138,113.196,113.072,113.126,7213.0
2026-05-07 23:00:00,113.125,113.22,113.114,113.164,5405.0
2026-05-08 00:00:00,113.165,113.301,113.162,113.252,4523.0
2026-05-08 01:00:00,113.254,113.333,113.224,113.292,5309.0
2026-05-08 02:00:00,113.291,113.349,113.254,113.334,7412.0
2026-05-08 03:00:00,113.332,113.338,113.248,113.296,6789.0
2026-05-08 04:00:00,113.296,113.369,113.273,113.369,7434.0
2026-05-08 05:00:00,113.368,113.438,113.306,113.34,4927.0
2026-05-08 06:00:00,113.342,113.488,113.328,113.45,5143.0
2026-05-08 07:00:00,113.449,113.494,113.378,113.423,6086.0
2026-05-08 08:00:00,113.422,113.503,113.33,113.384,9752.0
2026-05-08 09:00:00,113.383,113.417,113.27,113.377,11376.0
2026-05-08 10:00:00,113.372,113.488,113.346,113.458,10008.0
2026-05-08 11:00:00,113.458,113.494,113.363,113.44,8717.0
2026-05-08 12:00:00,113.44,113.495,113.427,113.462,4303.0
2026-05-08 13:00:00,113.459,113.502,113.456,113.486,3383.0
2026-05-08 14:00:00,113.483,113.526,113.468,113.483,3855.0
2026-05-08 15:00:00,113.486,113.599,113.483,113.572,3082.0
2026-05-08 16:00:00,113.574,113.598,113.53,113.555,3025.0
2026-05-10 17:00:00,113.095,113.214,113.07,113.158,1386.0
2026-05-10 18:00:00,113.152,113.515,113.146,113.5,2629.0
2026-05-10 19:00:00,113.499,113.562,113.468,113.482,2903.0
2026-05-10 20:00:00,113.486,113.648,113.472,113.593,8296.0
2026-05-10 21:00:00,113.592,113.636,113.504,113.636,7960.0
2026-05-10 22:00:00,113.638,113.696,113.601,113.616,5373.0
2026-05-10 23:00:00,113.612,113.652,113.596,113.614,4209.0
2026-05-11 00:00:00,113.61,113.614,113.524,113.56,3225.0
2026-05-11 01:00:00,113.562,113.622,113.54,113.602,2952.0
2026-05-11 02:00:00,113.604,113.731,113.578,113.688,3871.0
2026-05-11 03:00:00,113.692,113.766,113.654,113.763,4737.0
2026-05-11 04:00:00,113.765,113.813,113.68,113.709,5355.0
2026-05-11 05:00:00,113.707,113.766,113.702,113.722,3119.0
2026-05-11 06:00:00,113.72,113.828,113.699,113.812,3894.0
2026-05-11 07:00:00,113.814,113.858,113.761,113.804,3023.0
2026-05-11 08:00:00,113.806,113.822,113.714,113.807,6499.0
2026-05-11 09:00:00,113.806,113.956,113.802,113.92,8349.0
2026-05-11 10:00:00,113.92,113.996,113.872,113.92,8284.0
2026-05-11 11:00:00,113.918,113.998,113.892,113.976,6075.0
2026-05-11 12:00:00,113.978,114.0,113.886,113.95,5426.0
2026-05-11 13:00:00,113.95,113.988,113.923,113.946,5120.0
2026-05-11 14:00:00,113.947,113.997,113.945,113.958,4503.0
2026-05-11 15:00:00,113.954,114.005,113.952,113.986,3690.0
2026-05-11 16:00:00,113.988,113.99,113.935,113.978,2222.0
2026-05-11 17:00:00,113.934,113.973,113.908,113.944,1984.0
2026-05-11 18:00:00,113.95,114.0,113.936,113.968,855.0
2026-05-11 19:00:00,113.968,114.002,113.923,113.936,1937.0
2026-05-11 20:00:00,113.936,113.936,113.832,113.893,5851.0
2026-05-11 21:00:00,113.892,113.963,113.798,113.93,6581.0
2026-05-11 22:00:00,113.927,114.042,113.913,114.018,3523.0
2026-05-11 23:00:00,114.016,114.028,113.908,113.941,2506.0
2026-05-12 00:00:00,113.944,114.051,113.94,113.969,3203.0
2026-05-12 01:00:00,113.968,114.048,113.392,113.74,5060.0
2026-05-12 02:00:00,113.742,113.775,113.558,113.606,6746.0
2026-05-12 03:00:00,113.61,113.739,113.562,113.678,4518.0
2026-05-12 04:00:00,113.678,113.818,113.644,113.764,4557.0
2026-05-12 05:00:00,113.766,113.864,113.738,113.816,3350.0
2026-05-12 06:00:00,113.816,113.882,113.786,113.832,2816.0
2026-05-12 07:00:00,113.834,113.919,113.795,113.908,4689.0
2026-05-12 08:00:00,113.908,113.952,113.768,113.926,5810.0
2026-05-12 09:00:00,113.927,113.944,113.748,113.789,8577.0
2026-05-12 10:00:00,113.792,113.977,113.78,113.969,11388.0
2026-05-12 11:00:00,113.971,113.992,113.804,113.906,8838.0
2026-05-12 12:00:00,113.909,113.948,113.81,113.832,5950.0
2026-05-12 13:00:00,113.834,113.946,113.828,113.944,4448.0
2026-05-12 14:00:00,113.943,114.058,113.917,114.018,5327.0
2026-05-12 15:00:00,114.018,114.113,114.004,114.11,4401.0
2026-05-12 16:00:00,114.099,114.13,114.063,114.118,2332.0
2026-05-12 17:00:00,114.118,114.15,114.054,114.097,575.0
2026-05-12 18:00:00,114.092,114.146,114.09,114.106,689.0
2026-05-12 19:00:00,114.108,114.15,114.084,114.113,2037.0
2026-05-12 20:00:00,114.114,114.15,114.068,114.129,4793.0
2026-05-12 21:00:00,114.128,114.231,114.048,114.202,5558.0
2026-05-12 22:00:00,114.2,114.248,114.12,114.126,4594.0
2026-05-12 23:00:00,114.128,114.128,114.024,114.09,3718.0
2026-05-13 00:00:00,114.09,114.126,114.062,114.11,1671.0
2026-05-13 01:00:00,114.11,114.194,114.102,114.162,3226.0
2026-05-13 02:00:00,114.163,114.226,114.106,114.167,4205.0
2026-05-13 03:00:00,114.168,114.208,114.104,114.177,5151.0
2026-05-13 04:00:00,114.176,114.286,114.14,114.274,4965.0
2026-05-13 05:00:00,114.273,114.356,114.228,114.354,4286.0
2026-05-13 06:00:00,114.355,114.403,114.283,114.384,3523.0
2026-05-13 07:00:00,114.386,114.432,114.356,114.386,3832.0
2026-05-13 08:00:00,114.382,114.412,114.24,114.308,6264.0
2026-05-13 09:00:00,114.312,114.39,114.247,114.336,9327.0
2026-05-13 10:00:00,114.337,114.572,114.318,114.564,8623.0
2026-05-13 11:00:00,114.565,114.74,114.528,114.624,6824.0
2026-05-13 12:00:00,114.624,114.694,114.602,114.608,5521.0
2026-05-13 13:00:00,114.608,114.668,114.588,114.6,2787.0
2026-05-13 14:00:00,114.601,114.664,114.515,114.59,4771.0
2026-05-13 15:00:00,114.588,114.614,114.506,114.509,3545.0
2026-05-13 16:00:00,114.51,114.62,114.473,114.6,2876.0
2026-05-13 17:00:00,114.608,114.622,114.455,114.566,2056.0
2026-05-13 18:00:00,114.565,114.584,114.534,114.57,910.0
2026-05-13 19:00:00,114.567,114.575,114.476,114.514,2122.0
2026-05-13 20:00:00,114.516,114.54,114.393,114.466,5971.0
2026-05-13 21:00:00,114.466,114.484,114.399,114.426,6767.0
2026-05-13 22:00:00,114.426,114.542,114.398,114.53,4881.0
2026-05-13 23:00:00,114.528,114.582,114.474,114.55,4577.0
2026-05-14 00:00:00,114.554,114.596,114.278,114.559,4922.0
2026-05-14 01:00:00,114.56,114.66,114.51,114.577,4671.0
2026-05-14 02:00:00,114.574,114.662,114.555,114.616,2683.0
2026-05-14 03:00:00,114.611,114.622,114.346,114.367,5235.0
2026-05-14 04:00:00,114.364,114.522,114.36,114.518,4207.0
2026-05-14 05:00:00,114.519,114.54,114.362,114.426,2833.0
2026-05-14 06:00:00,114.427,114.472,114.321,114.389,3551.0
2026-05-14 07:00:00,114.39,114.412,114.334,114.359,5122.0
2026-05-14 08:00:00,114.357,114.394,114.29,114.291,5144.0
2026-05-14 09:00:00,114.29,114.314,113.744,114.024,13077.0
2026-05-14 10:00:00,114.02,114.318,114.001,114.318,9700.0
2026-05-14 11:00:00,114.312,114.32,114.186,114.206,6009.0
2026-05-14 12:00:00,114.203,114.256,114.156,114.218,5971.0
2026-05-14 13:00:00,114.22,114.314,114.21,114.272,5358.0
2026-05-14 14:00:00,114.27,114.291,114.194,114.283,4535.0
2026-05-14 15:00:00,114.286,114.354,114.272,114.334,4390.0
2026-05-14 16:00:00,114.336,114.38,114.327,114.358,1962.0
2026-05-14 17:00:00,114.349,114.376,114.297,114.347,1086.0
2026-05-14 18:00:00,114.348,114.4,114.338,114.386,718.0
2026-05-14 19:00:00,114.385,114.406,114.247,114.258,2554.0
2026-05-14 20:00:00,114.258,114.313,114.128,114.194,7780.0
2026-05-14 21:00:00,114.193,114.202,113.916,113.944,8662.0
2026-05-14 22:00:00,113.944,114.087,113.923,114.025,6567.0
2026-05-14 23:00:00,114.026,114.06,113.952,114.01,5580.0
2026-05-15 00:00:00,114.012,114.018,113.834,113.838,4489.0
2026-05-15 01:00:00,113.841,113.845,113.526,113.548,8456.0
2026-05-15 02:00:00,113.546,113.652,113.432,113.441,7345.0
2026-05-15 03:00:00,113.444,113.659,113.432,113.564,9220.0
2026-05-15 04:00:00,113.566,113.578,113.39,113.481,9044.0
2026-05-15 05:00:00,113.482,113.49,113.182,113.298,6394.0
2026-05-15 06:00:00,113.301,113.689,113.287,113.59,8398.0
2026-05-15 07:00:00,113.591,113.616,113.382,113.414,6560.0
2026-05-15 08:00:00,113.416,113.45,113.274,113.43,6405.0
2026-05-15 09:00:00,113.432,113.497,113.344,113.42,10403.0
2026-05-15 10:00:00,113.419,113.68,113.399,113.464,10643.0
2026-05-15 11:00:00,113.466,113.508,113.408,113.476,9242.0
2026-05-15 12:00:00,113.477,113.611,113.456,113.583,6627.0
2026-05-15 13:00:00,113.581,113.648,113.564,113.629,5013.0
2026-05-15 14:00:00,113.63,113.65,113.474,113.524,6112.0
2026-05-15 15:00:00,113.53,113.53,113.468,113.52,3692.0
2026-05-15 16:00:00,113.518,113.522,113.433,113.492,2370.0
2026-05-17 17:00:00,113.5,113.576,113.418,113.45,1513.0
2026-05-17 18:00:00,113.447,113.618,113.439,113.536,3141.0
2026-05-17 19:00:00,113.54,113.568,113.242,113.26,5305.0
2026-05-17 20:00:00,113.26,113.295,113.128,113.238,8468.0
2026-05-17 21:00:00,113.238,113.328,113.173,113.295,8910.0
2026-05-17 22:00:00,113.296,113.336,113.198,113.227,5887.0
2026-05-17 23:00:00,113.227,113.474,113.227,113.465,5312.0
2026-05-18 00:00:00,113.465,113.506,113.348,113.381,4187.0
2026-05-18 01:00:00,113.384,113.412,113.303,113.359,7418.0
2026-05-18 02:00:00,113.357,113.597,113.321,113.595,7084.0
2026-05-18 03:00:00,113.594,113.686,113.536,113.662,8121.0
2026-05-18 04:00:00,113.662,113.784,113.592,113.696,8006.0
2026-05-18 05:00:00,113.696,113.76,113.668,113.73,4466.0
2026-05-18 06:00:00,113.728,113.748,113.606,113.616,4765.0
2026-05-18 07:00:00,113.617,113.81,113.59,113.728,8940.0
2026-05-18 08:00:00,113.732,113.982,113.708,113.918,10261.0
2026-05-18 09:00:00,113.919,113.96,113.78,113.876,10378.0
2026-05-18 10:00:00,113.875,113.88,113.712,113.714,13377.0
2026-05-18 11:00:00,113.717,113.731,113.578,113.709,10887.0
2026-05-18 12:00:00,113.71,113.872,113.676,113.83,9172.0
2026-05-18 13:00:00,113.828,113.871,113.797,113.83,5673.0
2026-05-18 14:00:00,113.831,113.84,113.7,113.724,7929.0
2026-05-18 15:00:00,113.724,113.965,113.706,113.894,9839.0
2026-05-18 16:00:00,113.896,113.912,113.83,113.882,2311.0
2026-05-18 17:00:00,113.82,113.904,113.769,113.836,1289.0
2026-05-18 18:00:00,113.818,113.936,113.818,113.927,1352.0
2026-05-18 19:00:00,113.928,113.972,113.899,113.918,2605.0
2026-05-18 20:00:00,113.917,113.952,113.69,113.712,7720.0
2026-05-18 21:00:00,113.709,113.709,113.5,113.602,8588.0
2026-05-18 22:00:00,113.602,113.602,113.469,113.53,6843.0
2026-05-18 23:00:00,113.53,113.562,113.444,113.452,5027.0
2026-05-19 00:00:00,113.454,113.459,113.32,113.354,5008.0
2026-05-19 01:00:00,113.357,113.444,113.29,113.412,6454.0
2026-05-19 02:00:00,113.418,113.513,113.39,113.486,5972.0
2026-05-19 03:00:00,113.486,113.541,113.322,113.326,6332.0
2026-05-19 04:00:00,113.324,113.33,113.17,113.272,6523.0
2026-05-19 05:00:00,113.272,113.277,113.137,113.202,6064.0
2026-05-19 06:00:00,113.201,113.298,113.152,113.22,6778.0
2026-05-19 07:00:00,113.223,113.308,113.215,113.258,5751.0
2026-05-19 08:00:00,113.254,113.33,112.962,113.171,7890.0
2026-05-19 09:00:00,113.17,113.221,112.938,113.076,13079.0
2026-05-19 10:00:00,113.077,113.125,112.65,112.7,13017.0
2026-05-19 11:00:00,112.701,112.984,112.638,112.974,10890.0
2026-05-19 12:00:00,112.977,112.994,112.722,112.941,7649.0
2026-05-19 13:00:00,112.94,113.024,112.932,112.992,5462.0
2026-05-19 14:00:00,112.993,113.09,112.993,113.026,6510.0
2026-05-19 15:00:00,113.03,113.092,113.025,113.072,4994.0
2026-05-19 16:00:00,113.072,113.088,113.036,113.06,1615.0
2026-05-19 17:00:00,113.082,113.1,113.044,113.082,617.0
2026-05-19 18:00:00,113.082,113.097,113.029,113.06,1214.0
2026-05-19 19:00:00,113.059,113.096,112.988,112.988,2531.0
2026-05-19 20:00:00,112.982,112.986,112.767,112.77,10839.0
2026-05-19 21:00:00,112.767,112.958,112.728,112.94,10280.0
2026-05-19 22:00:00,112.94,112.982,112.752,112.77,8733.0
2026-05-19 23:00:00,112.769,112.896,112.744,112.852,6367.0
2026-05-20 00:00:00,112.848,112.931,112.816,112.874,5188.0
2026-05-20 01:00:00,112.874,112.952,112.828,112.906,6325.0
2026-05-20 02:00:00,112.908,113.03,112.892,112.957,7168.0
2026-05-20 03:00:00,112.958,113.066,112.935,113.05,6133.0
2026-05-20 04:00:00,113.054,113.186,113.028,113.11,7226.0
2026-05-20 05:00:00,113.108,113.156,113.066,113.139,4974.0
2026-05-20 06:00:00,113.14,113.3,113.134,113.288,4652.0
2026-05-20 07:00:00,113.29,113.432,113.272,113.36,5385.0
2026-05-20 08:00:00,113.358,113.41,113.269,113.291,6148.0
2026-05-20 09:00:00,113.292,113.384,113.226,113.304,7719.0
2026-05-20 10:00:00,113.307,113.65,113.244,113.646,15746.0
2026-05-20 11:00:00,113.646,113.818,113.562,113.586,15005.0
2026-05-20 12:00:00,113.589,113.704,113.586,113.641,9837.0
2026-05-20 13:00:00,113.642,113.714,113.622,113.665,7185.0
2026-05-20 14:00:00,113.662,113.732,113.64,113.698,5356.0
2026-05-20 15:00:00,113.698,113.744,113.685,113.728,4975.0
2026-05-20 16:00:00,113.725,113.728,113.654,113.685,3066.0
2026-05-20 17:00:00,113.61,113.693,113.576,113.67,1111.0
2026-05-20 18:00:00,113.672,113.672,113.583,113.618,1145.0
2026-05-20 19:00:00,113.617,113.636,113.58,113.596,2165.0
2026-05-20 20:00:00,113.599,113.612,113.522,113.558,7187.0
2026-05-20 21:00:00,113.558,113.678,112.995,113.117,9612.0
2026-05-20 22:00:00,113.12,113.191,112.851,112.992,9060.0
2026-05-20 23:00:00,112.99,113.186,112.986,113.17,3051.0
2026-05-21 00:00:00,113.168,113.358,113.161,113.322,2572.0
2026-05-21 01:00:00,113.324,113.342,113.162,113.285,4073.0
2026-05-21 02:00:00,113.283,113.344,113.072,113.146,4574.0
2026-05-21 03:00:00,113.147,113.254,113.056,113.206,5761.0
2026-05-21 04:00:00,113.208,113.471,113.158,113.384,9370.0
2026-05-21 05:00:00,113.384,113.512,113.375,113.444,5298.0
2026-05-21 06:00:00,113.446,113.5,113.238,113.372,8047.0
2026-05-21 07:00:00,113.37,113.528,113.369,113.41,4763.0
2026-05-21 08:00:00,113.409,113.501,113.366,113.408,8918.0
2026-05-21 09:00:00,113.408,113.548,113.348,113.525,10175.0
2026-05-21 10:00:00,113.523,113.616,113.422,113.582,11604.0
2026-05-21 11:00:00,113.58,113.606,113.44,113.53,10952.0
2026-05-21 12:00:00,113.53,113.614,113.53,113.581,6452.0
2026-05-21 13:00:00,113.58,113.87,113.562,113.81,12370.0
2026-05-21 14:00:00,113.81,113.844,113.64,113.702,9983.0
2026-05-21 15:00:00,113.698,113.756,113.664,113.704,5785.0
2026-05-21 16:00:00,113.706,113.714,113.656,113.661,1758.0
2026-05-21 17:00:00,113.68,113.718,113.613,113.652,1090.0
2026-05-21 18:00:00,113.648,113.728,113.636,113.71,985.0
2026-05-21 19:00:00,113.711,113.722,113.646,113.676,2062.0
2026-05-21 20:00:00,113.674,113.68,113.587,113.614,6251.0
2026-05-21 21:00:00,113.613,113.641,113.531,113.552,6500.0
2026-05-21 22:00:00,113.55,113.612,113.506,113.55,4411.0
2026-05-21 23:00:00,113.546,113.563,113.473,113.554,3535.0
2026-05-22 00:00:00,113.554,113.592,113.523,113.586,3154.0
2026-05-22 01:00:00,113.584,113.686,113.571,113.587,4753.0
2026-05-22 02:00:00,113.584,113.611,113.459,113.541,4824.0
2026-05-22 03:00:00,113.542,113.546,113.42,113.53,3619.0
2026-05-22 04:00:00,113.531,113.64,113.462,113.488,6531.0
2026-05-22 05:00:00,113.486,113.501,113.376,113.428,4606.0
2026-05-22 06:00:00,113.427,113.472,113.347,113.379,5266.0
2026-05-22 07:00:00,113.382,113.399,113.302,113.334,5779.0
2026-05-22 08:00:00,113.336,113.496,113.308,113.45,6761.0
2026-05-22 09:00:00,113.452,113.576,113.35,113.426,9829.0
2026-05-22 10:00:00,113.42,113.436,113.268,113.395,10125.0
2026-05-22 11:00:00,113.392,113.564,113.378,113.524,7475.0
2026-05-22 12:00:00,113.522,113.594,113.511,113.578,4055.0
2026-05-22 13:00:00,113.578,113.62,113.551,113.587,5897.0
2026-05-22 14:00:00,113.585,113.613,113.555,113.595,4536.0
2026-05-22 15:00:00,113.59,113.59,113.498,113.519,4020.0
2026-05-22 16:00:00,113.522,113.522,113.44,113.482,2679.0
2026-05-24 17:00:00,113.673,113.728,113.644,113.683,789.0
2026-05-24 18:00:00,113.7,113.822,113.656,113.734,3382.0
2026-05-24 19:00:00,113.733,113.814,113.732,113.767,3026.0
2026-05-24 20:00:00,113.766,113.827,113.702,113.754,6366.0
2026-05-24 21:00:00,113.752,113.882,113.744,113.856,6012.0
2026-05-24 22:00:00,113.856,113.926,113.796,113.808,3423.0
2026-05-24 23:00:00,113.808,113.828,113.768,113.784,3409.0
2026-05-25 00:00:00,113.784,113.914,113.782,113.89,2531.0
2026-05-25 01:00:00,113.89,113.926,113.852,113.878,3257.0
2026-05-25 02:00:00,113.873,113.915,113.854,113.872,3724.0
2026-05-25 03:00:00,113.872,113.887,113.746,113.834,5498.0
2026-05-25 04:00:00,113.835,113.912,113.806,113.893,3438.0
2026-05-25 05:00:00,113.896,113.944,113.887,113.902,2358.0
2026-05-25 06:00:00,113.904,113.951,113.893,113.908,1903.0
2026-05-25 07:00:00,113.913,114.01,113.88,113.952,2863.0
2026-05-25 08:00:00,113.954,113.998,113.922,113.93,3792.0
2026-05-25 09:00:00,113.926,113.976,113.901,113.924,3121.0
2026-05-25 10:00:00,113.924,114.086,113.924,114.078,3295.0
2026-05-25 11:00:00,114.074,114.124,113.974,113.979,3518.0
2026-05-25 12:00:00,113.981,113.992,113.944,113.986,2327.0
2026-05-25 13:00:00,113.986,114.039,113.978,114.017,1458.0
2026-05-25 14:00:00,114.018,114.02,114.001,114.016,874.0
2026-05-25 15:00:00,114.016,114.044,114.011,114.032,827.0
2026-05-25 16:00:00,114.038,114.052,114.022,114.039,984.0
2026-05-25 17:00:00,113.965,114.004,113.92,113.942,1444.0
2026-05-25 18:00:00,113.946,114.031,113.946,114.012,1112.0
2026-05-25 19:00:00,114.01,114.052,113.936,113.943,2280.0
2026-05-25 20:00:00,113.944,113.994,113.895,113.989,6169.0
2026-05-25 21:00:00,113.992,114.015,113.856,113.904,7501.0
2026-05-25 22:00:00,113.904,113.929,113.864,113.898,4564.0
2026-05-25 23:00:00,113.899,113.984,113.892,113.978,3295.0
2026-05-26 00:00:00,113.978,113.988,113.846,113.86,3386.0
2026-05-26 01:00:00,113.861,113.876,113.782,113.856,3882.0
2026-05-26 02:00:00,113.858,114.05,113.84,113.998,5327.0
2026-05-26 03:00:00,114.001,114.05,113.896,114.046,6175.0
2026-05-26 04:00:00,114.048,114.12,114.001,114.057,3288.0
2026-05-26 05:00:00,114.06,114.066,113.974,114.022,3881.0
2026-05-26 06:00:00,114.022,114.074,113.974,114.042,4616.0
2026-05-26 07:00:00,114.038,114.094,113.997,114.052,4689.0
2026-05-26 08:00:00,114.05,114.144,114.03,114.138,4801.0
2026-05-26 09:00:00,114.14,114.284,114.105,114.184,7312.0
2026-05-26 10:00:00,114.194,114.257,114.118,114.205,8463.0
2026-05-26 11:00:00,114.204,114.204,114.068,114.115,6207.0
2026-05-26 12:00:00,114.119,114.16,114.096,114.111,3352.0
2026-05-26 13:00:00,114.109,114.156,114.098,114.144,3301.0
2026-05-26 14:00:00,114.143,114.219,114.134,114.212,3261.0
2026-05-26 15:00:00,114.21,114.236,114.179,114.214,2443.0
2026-05-26 16:00:00,114.212,114.221,114.165,114.179,1342.0
2026-05-26 17:00:00,114.213,114.248,114.16,114.162,1736.0
2026-05-26 18:00:00,114.161,114.194,114.15,114.154,1138.0
2026-05-26 19:00:00,114.153,114.228,114.149,114.194,1810.0
2026-05-26 20:00:00,114.196,114.355,114.14,114.295,5484.0
2026-05-26 21:00:00,114.292,114.312,113.939,114.006,7097.0
2026-05-26 22:00:00,114.009,114.11,113.976,114.038,5968.0
2026-05-26 23:00:00,114.038,114.104,113.96,113.986,4473.0
2026-05-27 00:00:00,113.986,114.076,113.958,114.034,4288.0
2026-05-27 01:00:00,114.032,114.076,113.985,114.014,5261.0
2026-05-27 02:00:00,114.014,114.03,113.877,113.882,5111.0
2026-05-27 03:00:00,113.886,113.934,113.728,113.754,4933.0
2026-05-27 04:00:00,113.752,113.842,113.715,113.832,5524.0
2026-05-27 05:00:00,113.834,113.862,113.79,113.819,4826.0
2026-05-27 06:00:00,113.82,113.86,113.676,113.705,4641.0
2026-05-27 07:00:00,113.709,113.74,113.655,113.716,5667.0
2026-05-27 08:00:00,113.716,113.892,113.588,113.73,11476.0
2026-05-27 09:00:00,113.723,113.8,113.685,113.763,11094.0
2026-05-27 10:00:00,113.763,113.829,113.644,113.688,12842.0
2026-05-27 11:00:00,113.688,113.836,113.683,113.792,7656.0
2026-05-27 12:00:00,113.794,113.893,113.767,113.869,4354.0
2026-05-27 13:00:00,113.872,113.88,113.786,113.83,3756.0
2026-05-27 14:00:00,113.83,113.885,113.804,113.874,3291.0
2026-05-27 15:00:00,113.872,113.943,113.863,113.941,2568.0
2026-05-27 16:00:00,113.94,113.952,113.909,113.922,1475.0
2026-05-27 17:00:00,113.903,113.926,113.812,113.87,1427.0
2026-05-27 18:00:00,113.866,113.934,113.858,113.916,991.0
2026-05-27 19:00:00,113.916,113.962,113.818,113.821,3086.0
2026-05-27 20:00:00,113.818,113.853,113.746,113.79,7231.0
2026-05-27 21:00:00,113.79,113.818,113.596,113.614,7477.0
2026-05-27 22:00:00,113.618,113.692,113.604,113.676,4994.0
2026-05-27 23:00:00,113.676,113.73,113.342,113.358,7928.0
2026-05-28 00:00:00,113.355,113.392,113.275,113.369,6070.0
2026-05-28 01:00:00,113.372,113.607,113.328,113.552,6065.0
2026-05-28 02:00:00,113.554,113.676,113.544,113.565,6044.0
2026-05-28 03:00:00,113.568,113.661,113.544,113.58,5430.0
2026-05-28 04:00:00,113.58,113.6,113.48,113.492,3974.0
2026-05-28 05:00:00,113.494,113.56,113.48,113.515,4717.0
2026-05-28 06:00:00,113.514,113.544,113.353,113.414,6588.0
2026-05-28 07:00:00,113.412,113.52,113.412,113.507,5275.0
2026-05-28 08:00:00,113.505,113.663,113.492,113.661,6521.0
2026-05-28 09:00:00,113.662,113.703,113.588,113.654,8366.0
2026-05-28 10:00:00,113.654,113.935,113.636,113.822,14339.0
2026-05-28 11:00:00,113.826,114.045,113.822,114.022,7819.0
2026-05-28 12:00:00,114.02,114.117,114.02,114.092,6842.0
2026-05-28 13:00:00,114.093,114.104,114.058,114.072,4094.0
2026-05-28 14:00:00,114.074,114.102,114.05,114.078,4741.0
2026-05-28 15:00:00,114.074,114.108,114.043,114.053,3696.0
2026-05-28 16:00:00,114.052,114.08,114.041,114.064,1649.0
2026-05-28 17:00:00,114.066,114.1,114.017,114.088,2786.0
2026-05-28 18:00:00,114.096,114.1,114.054,114.078,1357.0
2026-05-28 19:00:00,114.078,114.119,114.046,114.094,2871.0
2026-05-28 20:00:00,114.09,114.152,114.034,114.058,6321.0
2026-05-28 21:00:00,114.057,114.126,114.011,114.082,6643.0
2026-05-28 22:00:00,114.086,114.099,114.0,114.026,4101.0
2026-05-28 23:00:00,114.03,114.05,113.992,114.012,4228.0
2026-05-29 00:00:00,114.016,114.124,114.01,114.116,3730.0
2026-05-29 01:00:00,114.114,114.18,114.089,114.12,3543.0
2026-05-29 02:00:00,114.12,114.19,113.998,114.014,5312.0
2026-05-29 03:00:00,114.012,114.071,113.933,114.046,6757.0
2026-05-29 04:00:00,114.04,114.05,113.886,113.942,6005.0
2026-05-29 05:00:00,113.942,113.99,113.904,113.986,5351.0
2026-05-29 06:00:00,113.985,114.024,113.948,114.015,4374.0
2026-05-29 07:00:00,114.011,114.187,114.01,114.184,5112.0
2026-05-29 08:00:00,114.184,114.336,114.158,114.334,6742.0
2026-05-29 09:00:00,114.338,114.529,114.318,114.504,6510.0
2026-05-29 10:00:00,114.506,114.583,114.347,114.522,12466.0
2026-05-29 11:00:00,114.522,114.578,114.446,114.49,12085.0
2026-05-29 12:00:00,114.488,114.5,114.417,114.446,6391.0
2026-05-29 13:00:00,114.448,114.46,114.391,114.401,5341.0
2026-05-29 14:00:00,114.4,114.454,114.384,114.394,5612.0
2026-05-29 15:00:00,114.39,114.496,114.374,114.464,6128.0
2026-05-29 16:00:00,114.467,114.47,114.38,114.442,6178.0
2026-05-31 17:00:00,114.298,114.447,114.294,114.377,541.0
2026-05-31 18:00:00,114.38,114.46,114.333,114.428,3535.0
2026-05-31 19:00:00,114.43,114.495,114.414,114.43,3316.0
2026-05-31 20:00:00,114.43,114.575,114.409,114.553,6932.0
2026-05-31 21:00:00,114.554,114.612,114.546,114.599,5264.0
2026-05-31 22:00:00,114.6,114.636,114.548,114.568,2844.0
2026-05-31 23:00:00,114.568,114.583,114.438,114.509,3977.0
2026-06-01 00:00:00,114.51,114.594,114.51,114.581,1751.0
2026-06-01 01:00:00,114.58,114.656,114.566,114.602,2687.0
2026-06-01 02:00:00,114.602,114.642,114.47,114.502,4865.0
2026-06-01 03:00:00,114.5,114.566,114.453,114.494,5995.0
2026-06-01 04:00:00,114.495,114.555,114.477,114.554,5332.0
2026-06-01 05:00:00,114.554,114.582,114.446,114.474,4992.0
2026-06-01 06:00:00,114.474,114.485,114.408,114.426,3567.0
2026-06-01 07:00:00,114.428,114.452,114.376,114.402,4723.0
2026-06-01 08:00:00,114.406,114.422,114.312,114.35,6476.0
2026-06-01 09:00:00,114.35,114.366,113.996,114.019,14417.0
2026-06-01 10:00:00,114.03,114.087,113.964,114.063,11763.0
2026-06-01 11:00:00,114.064,114.279,114.056,114.194,9421.0
2026-06-01 12:00:00,114.194,114.297,114.15,114.282,7180.0
2026-06-01 13:00:00,114.281,114.444,114.257,114.41,7009.0
2026-06-01 14:00:00,114.408,114.428,114.36,114.42,3604.0
2026-06-01 15:00:00,114.423,114.423,114.352,114.37,3804.0
2026-06-01 16:00:00,114.369,114.379,114.32,114.338,2380.0
2026-06-01 17:00:00,114.399,114.406,114.314,114.392,2288.0
2026-06-01 18:00:00,114.39,114.429,114.304,114.339,1338.0
2026-06-01 19:00:00,114.34,114.382,114.321,114.38,2054.0
2026-06-01 20:00:00,114.38,114.428,114.285,114.31,6391.0
2026-06-01 21:00:00,114.308,114.44,114.238,114.263,7225.0
2026-06-01 22:00:00,114.264,114.356,114.239,114.33,5136.0
2026-06-01 23:00:00,114.33,114.362,114.276,114.36,4424.0
2026-06-02 00:00:00,114.36,114.408,114.332,114.405,3161.0
2026-06-02 01:00:00,114.404,114.467,114.387,114.4,4122.0
2026-06-02 02:00:00,114.402,114.668,114.401,114.632,6499.0
2026-06-02 03:00:00,114.632,114.737,114.62,114.685,5435.0
2026-06-02 04:00:00,114.688,114.765,114.66,114.692,4652.0
2026-06-02 05:00:00,114.692,114.744,114.624,114.744,4032.0
2026-06-02 06:00:00,114.744,114.76,114.682,114.734,3702.0
2026-06-02 07:00:00,114.735,114.757,114.69,114.712,4337.0
2026-06-02 08:00:00,114.71,114.742,114.66,114.682,5016.0
2026-06-02 09:00:00,114.681,114.714,114.618,114.672,8512.0
2026-06-02 10:00:00,114.671,114.864,114.614,114.862,7317.0
2026-06-02 11:00:00,114.862,114.918,114.812,114.871,5248.0
2026-06-02 12:00:00,114.87,114.908,114.784,114.8,2980.0
2026-06-02 13:00:00,114.799,114.814,114.732,114.739,3573.0
2026-06-02 14:00:00,114.742,114.808,114.732,114.796,3207.0
2026-06-02 15:00:00,114.796,114.869,114.796,114.86,2433.0
2026-06-02 16:00:00,114.86,114.874,114.824,114.825,2797.0
2026-06-02 17:00:00,114.793,114.842,114.761,114.826,390.0
2026-06-02 18:00:00,114.835,114.836,114.8,114.81,1378.0
2026-06-02 19:00:00,114.809,114.827,114.738,114.76,4315.0
2026-06-02 20:00:00,114.761,114.864,114.748,114.855,5559.0
2026-06-02 21:00:00,114.856,114.858,114.656,114.734,6432.0
2026-06-02 22:00:00,114.734,114.778,114.628,114.691,4297.0
2026-06-02 23:00:00,114.692,114.724,114.642,114.664,3383.0
2026-06-03 00:00:00,114.664,114.691,114.601,114.626,2797.0
2026-06-03 01:00:00,114.626,114.666,114.536,114.56,4516.0
2026-06-03 02:00:00,114.56,114.588,114.396,114.544,6898.0
2026-06-03 03:00:00,114.544,114.619,114.364,114.438,8521.0
2026-06-03 04:00:00,114.436,114.484,114.209,114.402,7989.0
2026-06-03 05:00:00,114.402,114.55,114.402,114.469,3814.0
2026-06-03 06:00:00,114.468,114.63,114.453,114.545,5016.0
2026-06-03 07:00:00,114.546,114.584,114.518,114.54,3132.0
2026-06-03 08:00:00,114.539,114.55,114.344,114.39,5821.0
2026-06-03 09:00:00,114.385,114.416,114.173,114.236,9041.0
2026-06-03 10:00:00,114.232,114.35,114.224,114.316,10346.0
2026-06-03 11:00:00,114.318,114.331,114.175,114.192,8803.0
2026-06-03 12:00:00,114.191,114.194,114.096,114.155,5607.0
2026-06-03 13:00:00,114.157,114.188,114.095,114.155,4246.0
2026-06-03 14:00:00,114.156,114.167,114.106,114.114,3727.0
2026-06-03 15:00:00,114.113,114.147,114.09,114.134,4571.0
2026-06-03 16:00:00,114.134,114.14,114.089,114.11,1782.0
2026-06-03 17:00:00,114.14,114.146,114.04,114.078,885.0
2026-06-03 18:00:00,114.057,114.143,114.038,114.11,2617.0
2026-06-03 19:00:00,114.108,114.123,113.992,114.1,4707.0
2026-06-03 20:00:00,114.098,114.128,114.014,114.02,8031.0
2026-06-03 21:00:00,114.018,114.096,113.938,114.008,7894.0
2026-06-03 22:00:00,114.008,114.014,113.888,113.963,6800.0
2026-06-03 23:00:00,113.962,114.022,113.924,114.017,4792.0
2026-06-04 00:00:00,114.018,114.05,113.831,113.97,4488.0
2026-06-04 01:00:00,113.97,114.009,113.908,113.99,5029.0
2026-06-04 02:00:00,113.992,114.099,113.974,114.089,7187.0
2026-06-04 03:00:00,114.09,114.108,113.96,114.013,7759.0
2026-06-04 04:00:00,114.012,114.051,113.946,113.996,7889.0
2026-06-04 05:00:00,113.998,114.082,113.964,114.036,6619.0
2026-06-04 06:00:00,114.036,114.122,114.018,114.056,5168.0
2026-06-04 07:00:00,114.059,114.2,114.055,114.177,8678.0
2026-06-04 08:00:00,114.174,114.208,114.104,114.154,8133.0
2026-06-04 09:00:00,114.157,114.25,114.14,114.218,9128.0
2026-06-04 10:00:00,114.218,114.238,114.132,114.22,8628.0
2026-06-04 11:00:00,114.223,114.253,114.171,114.236,5663.0
2026-06-04 12:00:00,114.237,114.252,114.2,114.209,4383.0
2026-06-04 13:00:00,114.21,114.233,114.193,114.212,3505.0
2026-06-04 14:00:00,114.214,114.23,114.177,114.19,3351.0
2026-06-04 15:00:00,114.191,114.204,114.152,114.178,3066.0
2026-06-04 16:00:00,114.181,114.182,114.132,114.138,2038.0
2026-06-04 17:00:00,114.196,114.25,114.102,114.113,916.0
2026-06-04 18:00:00,114.105,114.155,114.105,114.133,1063.0
2026-06-04 19:00:00,114.132,114.164,114.054,114.08,2576.0
2026-06-04 20:00:00,114.073,114.073,113.934,113.938,7691.0
2026-06-04 21:00:00,113.938,113.948,113.643,113.876,8971.0
2026-06-04 22:00:00,113.875,114.016,113.844,113.986,5547.0
2026-06-04 23:00:00,113.987,114.026,113.9,113.922,4202.0
2026-06-05 00:00:00,113.92,114.046,113.912,114.007,2671.0
2026-06-05 01:00:00,114.009,114.024,113.857,113.878,3073.0
2026-06-05 02:00:00,113.878,113.972,113.812,113.95,4813.0
2026-06-05 03:00:00,113.946,114.1,113.943,114.043,6614.0
2026-06-05 04:00:00,114.042,114.146,114.036,114.048,4757.0
2026-06-05 05:00:00,114.046,114.19,114.038,114.163,4714.0
2026-06-05 06:00:00,114.16,114.232,114.15,114.191,3987.0
2026-06-05 07:00:00,114.189,114.223,114.132,114.157,4649.0
2026-06-05 08:00:00,114.155,114.174,113.781,113.79,10842.0
2026-06-05 09:00:00,113.794,113.822,113.396,113.405,14651.0
2026-06-05 10:00:00,113.404,113.482,113.203,113.482,12512.0
2026-06-05 11:00:00,113.48,113.492,113.084,113.11,9789.0
2026-06-05 12:00:00,113.11,113.158,112.998,113.157,9491.0
2026-06-05 13:00:00,113.156,113.172,113.045,113.095,8086.0
2026-06-05 14:00:00,113.096,113.1,112.769,112.802,9401.0
2026-06-05 15:00:00,112.8,112.89,112.75,112.842,8999.0
2026-06-05 16:00:00,112.844,112.952,112.753,112.936,8172.0
2026-06-07 17:00:00,112.624,112.705,112.561,112.671,1426.0
2026-06-07 18:00:00,112.668,112.864,112.668,112.744,4331.0
2026-06-07 19:00:00,112.748,112.93,112.748,112.924,5467.0
2026-06-07 20:00:00,112.922,113.172,112.882,113.164,7135.0
2026-06-07 21:00:00,113.166,113.209,112.809,113.045,15367.0
2026-06-07 22:00:00,113.045,113.116,112.929,113.082,10398.0
2026-06-07 23:00:00,113.082,113.112,112.982,113.038,6419.0
2026-06-08 00:00:00,113.039,113.084,112.946,112.962,6807.0
2026-06-08 01:00:00,112.966,113.06,112.751,112.78,11307.0
2026-06-08 02:00:00,112.783,112.952,112.77,112.87,10509.0
2026-06-08 03:00:00,112.872,113.115,112.846,112.933,11268.0
2026-06-08 04:00:00,112.932,112.998,112.606,112.784,11514.0
2026-06-08 05:00:00,112.784,112.858,112.638,112.842,10676.0
2026-06-08 06:00:00,112.843,112.992,112.798,112.935,7857.0
2026-06-08 07:00:00,112.934,113.191,112.908,113.096,8270.0
2026-06-08 08:00:00,113.099,113.189,113.036,113.099,9573.0
2026-06-08 09:00:00,113.098,113.16,112.926,112.942,14379.0
2026-06-08 10:00:00,112.941,113.025,112.85,112.991,15277.0
2026-06-08 11:00:00,112.994,113.066,112.899,112.948,10872.0
2026-06-08 12:00:00,112.944,112.981,112.898,112.932,8190.0
2026-06-08 13:00:00,112.933,112.934,112.844,112.904,8637.0
2026-06-08 14:00:00,112.905,112.972,112.884,112.904,6129.0
2026-06-08 15:00:00,112.905,112.918,112.852,112.876,7172.0
2026-06-08 16:00:00,112.877,112.89,112.832,112.849,2536.0
2026-06-08 17:00:00,112.791,112.878,112.791,112.857,333.0
2026-06-08 18:00:00,112.868,112.874,112.778,112.848,2092.0
2026-06-08 19:00:00,112.849,112.856,112.733,112.754,3187.0
2026-06-08 20:00:00,112.754,112.869,112.651,112.861,11086.0
2026-06-08 21:00:00,112.86,113.063,112.846,113.062,10802.0
2026-06-08 22:00:00,113.06,113.084,112.891,112.934,7501.0
2026-06-08 23:00:00,112.936,112.949,112.819,112.904,6472.0
2026-06-09 00:00:00,112.904,113.06,112.863,113.028,5069.0
2026-06-09 01:00:00,113.03,113.064,112.935,113.024,8448.0
2026-06-09 02:00:00,113.022,113.182,113.004,113.072,9449.0
2026-06-09 03:00:00,113.072,113.094,112.941,112.961,9574.0
2026-06-09 04:00:00,112.96,113.024,112.894,112.956,8601.0
2026-06-09 05:00:00,112.958,113.02,112.91,112.938,5606.0
2026-06-09 06:00:00,112.936,113.052,112.892,113.024,5991.0
2026-06-09 07:00:00,113.027,113.094,113.007,113.081,5132.0
2026-06-09 08:00:00,113.084,113.126,113.054,113.098,6012.0
2026-06-09 09:00:00,113.101,113.136,112.884,112.94,10527.0
2026-06-09 10:00:00,112.941,113.045,112.677,112.839,15871.0
2026-06-09 11:00:00,112.84,112.911,112.562,112.594,17830.0
2026-06-09 12:00:00,112.596,112.663,112.394,112.542,21216.0
2026-06-09 13:00:00,112.546,112.732,112.525,112.715,14815.0
2026-06-09 14:00:00,112.714,112.816,112.697,112.78,11613.0
2026-06-09 15:00:00,112.779,112.785,112.644,112.73,10756.0
2026-06-09 16:00:00,112.732,112.762,112.688,112.7,4060.0
2026-06-09 17:00:00,112.729,112.736,112.551,112.636,841.0
2026-06-09 18:00:00,112.643,112.682,112.562,112.59,2098.0
2026-06-09 19:00:00,112.591,112.669,112.539,112.662,4432.0
2026-06-09 20:00:00,112.658,112.78,112.553,112.729,12349.0
2026-06-09 21:00:00,112.73,112.762,112.609,112.693,12351.0
2026-06-09 22:00:00,112.694,112.71,112.586,112.6,9293.0
2026-06-09 23:00:00,112.601,112.696,112.596,112.682,7412.0
2026-06-10 00:00:00,112.681,112.686,112.501,112.546,7093.0
2026-06-10 01:00:00,112.544,112.574,112.396,112.55,10190.0
2026-06-10 02:00:00,112.552,112.658,112.544,112.545,8152.0
2026-06-10 03:00:00,112.543,112.608,112.518,112.563,7822.0
2026-06-10 04:00:00,112.564,112.564,112.445,112.46,9327.0
2026-06-10 05:00:00,112.458,112.49,112.364,112.48,8277.0
2026-06-10 06:00:00,112.482,112.528,112.433,112.512,6460.0
2026-06-10 07:00:00,112.511,112.515,112.322,112.358,10926.0
2026-06-10 08:00:00,112.356,112.677,112.344,112.498,14512.0
2026-06-10 09:00:00,112.5,112.842,112.495,112.746,15722.0
2026-06-10 10:00:00,112.749,112.803,112.632,112.683,17143.0
2026-06-10 11:00:00,112.686,112.766,112.47,112.664,18197.0
2026-06-10 12:00:00,112.668,112.764,112.608,112.627,12962.0
2026-06-10 13:00:00,112.628,112.694,112.514,112.63,11939.0
2026-06-10 14:00:00,112.632,112.703,112.447,112.51,10838.0
2026-06-10 15:00:00,112.512,112.528,112.364,112.372,9721.0
2026-06-10 16:00:00,112.37,112.382,112.318,112.34,4061.0
2026-06-10 17:00:00,112.318,112.39,112.3,112.304,612.0
2026-06-10 18:00:00,112.306,112.32,112.218,112.244,3436.0
2026-06-10 19:00:00,112.244,112.365,112.182,112.278,6961.0
2026-06-10 20:00:00,112.277,112.4,112.21,112.327,13377.0
2026-06-10 21:00:00,112.328,112.495,112.327,112.462,10771.0
2026-06-10 22:00:00,112.461,112.468,112.355,112.41,8960.0
2026-06-10 23:00:00,112.41,112.43,112.34,112.39,6699.0
2026-06-11 00:00:00,112.393,112.522,112.374,112.492,5449.0
2026-06-11 01:00:00,112.492,112.544,112.462,112.497,7350.0
2026-06-11 02:00:00,112.496,112.533,112.414,112.428,6974.0
2026-06-11 03:00:00,112.424,112.499,112.344,112.374,6974.0
2026-06-11 04:00:00,112.374,112.396,112.225,112.262,6965.0
2026-06-11 05:00:00,112.263,112.382,112.251,112.314,4857.0
2026-06-11 06:00:00,112.313,112.346,112.262,112.295,4910.0
2026-06-11 07:00:00,112.295,112.349,112.256,112.332,6463.0
2026-06-11 08:00:00,112.334,112.356,112.078,112.185,13080.0
2026-06-11 09:00:00,112.192,112.26,112.064,112.182,15447.0
2026-06-11 10:00:00,112.184,112.21,112.038,112.124,15695.0
2026-06-11 11:00:00,112.124,112.33,112.102,112.258,14162.0
2026-06-11 12:00:00,112.26,112.314,112.183,112.184,10329.0
2026-06-11 13:00:00,112.188,112.626,112.132,112.511,19828.0
2026-06-11 14:00:00,112.514,112.568,112.441,112.52,17310.0
2026-06-11 15:00:00,112.522,112.67,112.522,112.623,12823.0
2026-06-11 16:00:00,112.622,112.828,112.616,112.809,7539.0
2026-06-11 17:00:00,112.724,112.806,112.66,112.765,1164.0
2026-06-11 18:00:00,112.767,112.85,112.759,112.84,3332.0
2026-06-11 19:00:00,112.842,112.9,112.756,112.86,3987.0
2026-06-11 20:00:00,112.86,112.898,112.774,112.836,9439.0
2026-06-11 21:00:00,112.836,112.842,112.592,112.742,9834.0
2026-06-11 22:00:00,112.742,112.821,112.666,112.776,7095.0
2026-06-11 23:00:00,112.776,112.847,112.738,112.795,6820.0
2026-06-12 00:00:00,112.796,112.892,112.766,112.837,4776.0
2026-06-12 01:00:00,112.838,112.847,112.642,112.686,9447.0
2026-06-12 02:00:00,112.688,112.854,112.674,112.748,8765.0
2026-06-12 03:00:00,112.752,112.764,112.6,112.708,8887.0
2026-06-12 04:00:00,112.714,112.827,112.673,112.72,13769.0
2026-06-12 05:00:00,112.72,112.868,112.691,112.771,11195.0
2026-06-12 06:00:00,112.77,112.839,112.684,112.756,8163.0
2026-06-12 07:00:00,112.756,112.798,112.712,112.754,6264.0
2026-06-12 08:00:00,112.75,112.802,112.688,112.744,9550.0
2026-06-12 09:00:00,112.744,112.914,112.727,112.788,14145.0
2026-06-12 10:00:00,112.792,112.996,112.774,112.994,15044.0
2026-06-12 11:00:00,112.994,113.092,112.904,112.91,13343.0
2026-06-12 12:00:00,112.908,113.01,112.885,112.95,12013.0
2026-06-12 13:00:00,112.952,112.998,112.902,112.918,7632.0
2026-06-12 14:00:00,112.916,112.976,112.888,112.938,6550.0
2026-06-12 15:00:00,112.936,112.96,112.886,112.95,8476.0
2026-06-12 16:00:00,112.948,112.97,112.843,112.884,3693.0
2026-06-14 17:00:00,112.802,113.224,112.76,113.214,1350.0
2026-06-14 18:00:00,113.208,113.268,113.128,113.186,4130.0
2026-06-14 19:00:00,113.184,113.228,113.094,113.173,4030.0
2026-06-14 20:00:00,113.168,113.346,113.15,113.164,7891.0
2026-06-14 21:00:00,113.163,113.352,113.14,113.318,7281.0
2026-06-14 22:00:00,113.319,113.37,113.272,113.324,3932.0
2026-06-14 23:00:00,113.325,113.4,113.308,113.348,3441.0
2026-06-15 00:00:00,113.349,113.36,113.3,113.34,3441.0
2026-06-15 01:00:00,113.342,113.414,113.312,113.333,5388.0
2026-06-15 02:00:00,113.334,113.36,113.233,113.291,5920.0
2026-06-15 03:00:00,113.295,113.304,113.126,113.231,6755.0
2026-06-15 04:00:00,113.23,113.296,113.181,113.234,4904.0
2026-06-15 05:00:00,113.236,113.303,113.212,113.22,4806.0
2026-06-15 06:00:00,113.22,113.284,113.194,113.25,3581.0
2026-06-15 07:00:00,113.248,113.29,113.224,113.268,4705.0
2026-06-15 08:00:00,113.268,113.27,113.158,113.252,6149.0
2026-06-15 09:00:00,113.253,113.298,113.212,113.234,5732.0
2026-06-15 10:00:00,113.232,113.485,113.188,113.475,8349.0
2026-06-15 11:00:00,113.477,113.516,113.39,113.426,6583.0
2026-06-15 12:00:00,113.428,113.456,113.41,113.442,4869.0
2026-06-15 13:00:00,113.441,113.46,113.398,113.433,3608.0
2026-06-15 14:00:00,113.432,113.438,113.37,113.41,4221.0
2026-06-15 15:00:00,113.409,113.42,113.358,113.407,3810.0
2026-06-15 16:00:00,113.405,113.406,113.356,113.379,3477.0
2026-06-15 17:00:00,113.41,113.438,113.382,113.394,441.0
2026-06-15 18:00:00,113.398,113.408,113.308,113.346,891.0
2026-06-15 19:00:00,113.346,113.388,113.308,113.322,2078.0
2026-06-15 20:00:00,113.32,113.337,113.22,113.282,5031.0
2026-06-15 21:00:00,113.283,113.308,113.096,113.11,6172.0
2026-06-15 22:00:00,113.112,113.117,113.031,113.102,4379.0
2026-06-15 23:00:00,113.102,113.198,113.019,113.137,3615.0
2026-06-16 00:00:00,113.136,113.14,112.912,112.992,4799.0
2026-06-16 01:00:00,112.993,113.064,112.877,112.982,5117.0
2026-06-16 02:00:00,112.982,113.046,112.932,113.032,7325.0
2026-06-16 03:00:00,113.031,113.194,113.005,113.15,5889.0
2026-06-16 04:00:00,113.148,113.333,113.11,113.314,5473.0
2026-06-16 05:00:00,113.313,113.334,113.276,113.323,4438.0
2026-06-16 06:00:00,113.323,113.471,113.32,113.454,3874.0
2026-06-16 07:00:00,113.454,113.456,113.326,113.354,4205.0
2026-06-16 08:00:00,113.352,113.36,113.274,113.34,6354.0
2026-06-16 09:00:00,113.343,113.496,113.332,113.444,7295.0
2026-06-16 10:00:00,113.445,113.548,113.367,113.532,8832.0
2026-06-16 11:00:00,113.528,113.546,113.414,113.5,9104.0
2026-06-16 12:00:00,113.498,113.524,113.455,113.459,5945.0
2026-06-16 13:00:00,113.459,113.481,113.414,113.458,4606.0
2026-06-16 14:00:00,113.46,113.488,113.452,113.466,3760.0
2026-06-16 15:00:00,113.465,113.478,113.386,113.397,4924.0
2026-06-16 16:00:00,113.394,113.413,113.37,113.403,1534.0
2026-06-16 17:00:00,113.379,113.412,113.347,113.392,532.0
2026-06-16 18:00:00,113.395,113.435,113.366,113.39,2790.0
2026-06-16 19:00:00,113.39,113.414,113.342,113.344,1144.0
2026-06-16 20:00:00,113.344,113.398,113.317,113.352,4911.0
2026-06-16 21:00:00,113.354,113.388,113.281,113.33,4251.0
2026-06-16 22:00:00,113.33,113.345,113.22,113.238,3345.0
2026-06-16 23:00:00,113.236,113.25,113.198,113.206,3042.0
2026-06-17 00:00:00,113.206,113.237,113.158,113.166,2451.0
2026-06-17 01:00:00,113.168,113.21,113.139,113.176,2852.0
2026-06-17 02:00:00,113.176,113.186,113.077,113.108,4147.0
2026-06-17 03:00:00,113.106,113.192,113.088,113.17,4918.0
2026-06-17 04:00:00,113.169,113.17,113.041,113.13,5265.0
2026-06-17 05:00:00,113.126,113.162,113.102,113.123,2774.0
2026-06-17 06:00:00,113.122,113.128,113.06,113.12,3215.0
2026-06-17 07:00:00,113.12,113.186,113.1,113.177,4292.0
2026-06-17 08:00:00,113.179,113.228,113.165,113.214,3970.0
2026-06-17 09:00:00,113.212,113.342,113.208,113.239,6407.0
2026-06-17 10:00:00,113.242,113.356,113.22,113.298,8084.0
2026-06-17 11:00:00,113.3,113.348,113.262,113.293,6439.0
2026-06-17 12:00:00,113.293,113.312,113.24,113.294,4841.0
2026-06-17 13:00:00,113.296,113.361,113.278,113.328,4968.0
2026-06-17 14:00:00,113.322,113.332,112.852,113.014,27173.0
2026-06-17 15:00:00,113.014,113.056,112.476,112.634,23569.0
2026-06-17 16:00:00,112.63,112.724,112.626,112.69,5674.0
2026-06-17 17:00:00,112.701,112.73,112.616,112.667,999.0
2026-06-17 18:00:00,112.66,112.718,112.646,112.659,1940.0
2026-06-17 19:00:00,112.66,112.736,112.659,112.72,2942.0
2026-06-17 20:00:00,112.723,112.91,112.721,112.855,8350.0
2026-06-17 21:00:00,112.854,113.032,112.846,112.959,5499.0
2026-06-17 22:00:00,112.962,113.041,112.938,112.986,2958.0
2026-06-17 23:00:00,112.984,113.066,112.983,113.054,3304.0
2026-06-18 00:00:00,113.053,113.076,112.948,112.966,3674.0
2026-06-18 01:00:00,112.968,113.014,112.917,112.928,4464.0
2026-06-18 02:00:00,112.928,113.096,112.882,113.053,5975.0
2026-06-18 03:00:00,113.052,113.06,112.887,112.958,6332.0
2026-06-18 04:00:00,112.958,112.963,112.694,112.733,6897.0
2026-06-18 05:00:00,112.738,112.836,112.548,112.804,5885.0
2026-06-18 06:00:00,112.803,112.815,112.7,112.734,5912.0
2026-06-18 07:00:00,112.733,112.771,112.674,112.698,6898.0
2026-06-18 08:00:00,112.698,112.942,112.683,112.902,8338.0
2026-06-18 09:00:00,112.902,113.069,112.854,113.036,10920.0
2026-06-18 10:00:00,113.038,113.194,112.908,113.174,12456.0
2026-06-18 11:00:00,113.174,113.262,113.05,113.255,10116.0
2026-06-18 12:00:00,113.258,113.31,113.162,113.308,6913.0
2026-06-18 13:00:00,113.309,113.386,113.286,113.302,5576.0
2026-06-18 14:00:00,113.3,113.41,113.27,113.404,5793.0
2026-06-18 15:00:00,113.404,113.452,112.824,113.215,10311.0
2026-06-18 16:00:00,113.214,113.263,113.197,113.214,2321.0
2026-06-18 17:00:00,113.28,113.352,113.176,113.188,940.0
2026-06-18 18:00:00,113.188,113.252,113.076,113.174,1716.0
2026-06-18 19:00:00,113.174,113.222,113.103,113.112,2277.0
2026-06-18 20:00:00,113.113,113.138,112.926,112.966,6580.0
2026-06-18 21:00:00,112.966,112.968,112.876,112.916,6711.0
2026-06-18 22:00:00,112.915,113.044,112.899,113.036,5071.0
2026-06-18 23:00:00,113.038,113.068,112.878,112.904,4288.0
2026-06-19 00:00:00,112.906,112.942,112.821,112.845,3855.0
2026-06-19 01:00:00,112.847,113.059,112.804,113.007,4702.0
2026-06-19 02:00:00,113.003,113.156,113.002,113.078,5778.0
2026-06-19 03:00:00,113.076,113.141,113.01,113.07,5868.0
2026-06-19 04:00:00,113.07,113.212,113.07,113.208,6203.0
2026-06-19 05:00:00,113.208,113.244,113.136,113.143,4073.0
2026-06-19 06:00:00,113.144,113.163,113.086,113.113,3945.0
2026-06-19 07:00:00,113.114,113.142,113.037,113.068,3550.0
2026-06-19 08:00:00,113.066,113.228,113.052,113.167,6076.0
2026-06-19 09:00:00,113.166,113.174,113.04,113.06,6257.0
2026-06-19 10:00:00,113.059,113.1,113.0,113.026,5858.0
2026-06-19 11:00:00,113.026,113.076,113.009,113.06,4350.0
2026-06-19 12:00:00,113.059,113.09,113.047,113.074,1877.0
2026-06-19 13:00:00,113.074,113.11,113.066,113.084,3117.0
2026-06-19 14:00:00,113.086,113.112,113.068,113.091,2703.0
2026-06-19 15:00:00,113.092,113.146,113.072,113.081,16795.0
2026-06-19 16:00:00,113.082,113.14,113.04,113.136,19418.0
2026-06-21 17:00:00,113.062,113.186,112.955,113.092,771.0
2026-06-21 18:00:00,113.092,113.123,113.032,113.1,2179.0
2026-06-21 19:00:00,113.099,113.116,113.016,113.048,2649.0
2026-06-21 20:00:00,113.049,113.251,113.041,113.248,6826.0
2026-06-21 21:00:00,113.25,113.348,113.232,113.234,8912.0
2026-06-21 22:00:00,113.236,113.262,113.118,113.22,5121.0
2026-06-21 23:00:00,113.218,113.296,113.152,113.188,5203.0
2026-06-22 00:00:00,113.19,113.259,113.141,113.242,5203.0
2026-06-22 01:00:00,113.242,113.327,113.204,113.225,5897.0
2026-06-22 02:00:00,113.224,113.283,113.139,113.247,7048.0
2026-06-22 03:00:00,113.242,113.272,113.185,113.196,6325.0
2026-06-22 04:00:00,113.195,113.214,113.126,113.171,6749.0
2026-06-22 05:00:00,113.17,113.268,113.168,113.193,6114.0
2026-06-22 06:00:00,113.192,113.28,113.192,113.224,5205.0
2026-06-22 07:00:00,113.223,113.304,113.209,113.265,5929.0
2026-06-22 08:00:00,113.266,113.42,113.266,113.356,6561.0
2026-06-22 09:00:00,113.358,113.445,113.351,113.38,8972.0
2026-06-22 10:00:00,113.379,113.412,112.904,113.082,14786.0
2026-06-22 11:00:00,113.084,113.139,112.971,113.046,9605.0
2026-06-22 12:00:00,113.046,113.172,113.025,113.13,7542.0
2026-06-22 13:00:00,113.131,113.141,113.082,113.084,5204.0
2026-06-22 14:00:00,113.087,113.102,113.0,113.012,4698.0
2026-06-22 15:00:00,113.016,113.16,113.016,113.118,5439.0
2026-06-22 16:00:00,113.12,113.146,113.102,113.134,2697.0
2026-06-22 17:00:00,113.158,113.176,113.11,113.133,763.0
2026-06-22 18:00:00,113.132,113.171,113.055,113.084,1374.0
2026-06-22 19:00:00,113.084,113.09,112.999,113.014,1882.0
2026-06-22 20:00:00,113.012,113.012,112.814,112.92,7690.0
2026-06-22 21:00:00,112.92,112.941,112.786,112.836,6505.0
2026-06-22 22:00:00,112.839,112.868,112.69,112.702,6180.0
2026-06-22 23:00:00,112.702,112.722,112.594,112.718,5055.0
2026-06-23 00:00:00,112.718,112.746,112.57,112.6,4167.0
2026-06-23 01:00:00,112.599,112.626,112.517,112.57,7075.0
2026-06-23 02:00:00,112.567,112.616,112.36,112.408,6461.0
2026-06-23 03:00:00,112.41,112.436,112.134,112.18,8909.0
2026-06-23 04:00:00,112.179,112.194,112.061,112.142,7290.0
2026-06-23 05:00:00,112.144,112.284,112.1,112.276,5495.0
2026-06-23 06:00:00,112.278,112.333,112.112,112.129,5982.0
2026-06-23 07:00:00,112.129,112.196,112.014,112.019,6229.0
2026-06-23 08:00:00,112.018,112.102,111.941,112.065,8072.0
2026-06-23 09:00:00,112.066,112.136,111.94,112.056,9820.0
2026-06-23 10:00:00,112.054,112.075,111.921,111.959,8657.0
2026-06-23 11:00:00,111.96,111.99,111.803,111.864,8020.0
2026-06-23 12:00:00,111.866,111.904,111.77,111.787,5860.0
2026-06-23 13:00:00,111.786,111.808,111.678,111.692,4444.0
2026-06-23 14:00:00,111.692,111.716,111.592,111.655,3986.0
2026-06-23 15:00:00,111.658,111.746,111.642,111.7,6256.0
2026-06-23 16:00:00,111.704,111.758,111.688,111.754,1952.0
2026-06-23 17:00:00,111.742,111.799,111.708,111.748,630.0
2026-06-23 18:00:00,111.748,111.798,111.694,111.713,1443.0
2026-06-23 19:00:00,111.714,111.759,111.64,111.754,3162.0
2026-06-23 20:00:00,111.754,111.86,111.716,111.827,9773.0
2026-06-23 21:00:00,111.828,111.872,111.662,111.762,9016.0
2026-06-23 22:00:00,111.759,111.798,111.519,111.525,6799.0
2026-06-23 23:00:00,111.524,111.636,111.508,111.574,5653.0
2026-06-24 00:00:00,111.578,111.662,111.508,111.634,2773.0
2026-06-24 01:00:00,111.632,111.766,111.629,111.697,5355.0
2026-06-24 02:00:00,111.696,111.82,111.642,111.686,5627.0
2026-06-24 03:00:00,111.688,111.692,111.574,111.575,5632.0
2026-06-24 04:00:00,111.574,111.593,111.476,111.569,6700.0
2026-06-24 05:00:00,111.568,111.576,111.418,111.422,5708.0
2026-06-24 06:00:00,111.425,111.432,111.348,111.4,4227.0
2026-06-24 07:00:00,111.404,111.532,111.38,111.482,4427.0
2026-06-24 08:00:00,111.48,111.576,111.393,111.457,6965.0
2026-06-24 09:00:00,111.457,111.611,111.422,111.597,12497.0
2026-06-24 10:00:00,111.598,111.608,111.38,111.525,12107.0
2026-06-24 11:00:00,111.525,111.614,111.488,111.521,9167.0
2026-06-24 12:00:00,111.523,111.676,111.504,111.64,6221.0
2026-06-24 13:00:00,111.642,111.648,111.392,111.4,8127.0
2026-06-24 14:00:00,111.404,111.518,111.371,111.392,8002.0
2026-06-24 15:00:00,111.394,111.544,111.364,111.538,7744.0
2026-06-24 16:00:00,111.54,111.676,111.516,111.659,4103.0
2026-06-24 17:00:00,111.588,111.668,111.58,111.631,980.0
2026-06-24 18:00:00,111.635,111.638,111.554,111.562,1556.0
2026-06-24 19:00:00,111.564,111.626,111.55,111.601,2300.0
2026-06-24 20:00:00,111.6,111.612,111.426,111.486,7200.0
2026-06-24 21:00:00,111.486,111.666,111.414,111.469,10967.0
2026-06-24 22:00:00,111.471,111.51,111.376,111.488,7278.0
2026-06-24 23:00:00,111.49,111.574,111.452,111.546,5173.0
2026-06-25 00:00:00,111.552,111.657,111.538,111.649,3407.0
2026-06-25 01:00:00,111.646,111.674,111.5,111.519,5392.0
2026-06-25 02:00:00,111.518,111.59,111.459,111.539,5024.0
2026-06-25 03:00:00,111.538,111.651,111.494,111.646,5894.0
2026-06-25 04:00:00,111.649,111.745,111.635,111.67,5390.0
2026-06-25 05:00:00,111.67,111.738,111.621,111.654,4801.0
2026-06-25 06:00:00,111.656,111.659,111.542,111.58,4262.0
2026-06-25 07:00:00,111.582,111.615,111.504,111.535,5188.0
2026-06-25 08:00:00,111.536,111.871,111.516,111.757,9702.0
2026-06-25 09:00:00,111.758,111.81,111.472,111.488,12905.0
2026-06-25 10:00:00,111.492,111.701,111.48,111.66,15449.0
2026-06-25 11:00:00,111.662,111.906,111.65,111.894,11735.0
2026-06-25 12:00:00,111.894,111.998,111.842,111.884,7657.0
2026-06-25 13:00:00,111.884,111.942,111.866,111.92,6397.0
2026-06-25 14:00:00,111.92,111.95,111.852,111.881,7107.0
2026-06-25 15:00:00,111.882,111.896,111.766,111.827,5271.0
2026-06-25 16:00:00,111.828,111.863,111.795,111.818,2516.0
2026-06-25 17:00:00,111.804,111.868,111.736,111.764,1712.0
2026-06-25 18:00:00,111.766,111.795,111.73,111.764,1744.0
2026-06-25 19:00:00,111.762,111.792,111.63,111.648,3082.0
2026-06-25 20:00:00,111.65,111.69,111.589,111.638,8044.0
2026-06-25 21:00:00,111.64,111.706,111.438,111.491,8394.0
2026-06-25 22:00:00,111.492,111.514,111.254,111.311,7359.0
2026-06-25 23:00:00,111.312,111.411,111.246,111.41,7389.0
2026-06-26 00:00:00,111.411,111.456,111.282,111.302,7057.0
2026-06-26 01:00:00,111.302,111.436,111.29,111.362,6462.0
2026-06-26 02:00:00,111.363,111.59,111.31,111.542,4323.0
2026-06-26 03:00:00,111.54,111.548,111.361,111.386,4659.0
2026-06-26 04:00:00,111.386,111.495,111.302,111.423,6436.0
2026-06-26 05:00:00,111.424,111.584,111.379,111.53,6349.0
2026-06-26 06:00:00,111.532,111.586,111.482,111.571,5835.0
2026-06-26 07:00:00,111.572,111.61,111.514,111.548,5650.0
2026-06-26 08:00:00,111.546,111.63,111.508,111.596,7329.0
2026-06-26 09:00:00,111.596,111.732,111.513,111.7,13651.0
2026-06-26 10:00:00,111.696,111.776,111.58,111.59,10848.0
2026-06-26 11:00:00,111.59,111.696,111.56,111.644,7555.0
2026-06-26 12:00:00,111.647,111.662,111.567,111.624,5850.0
2026-06-26 13:00:00,111.625,111.641,111.569,111.586,4037.0
2026-06-26 14:00:00,111.589,111.62,111.498,111.504,3952.0
2026-06-26 15:00:00,111.502,111.611,111.492,111.566,3294.0
2026-06-26 16:00:00,111.572,111.6,111.475,111.526,5794.0
2026-06-28 17:00:00,111.473,111.528,111.424,111.482,1078.0
2026-06-28 18:00:00,111.486,111.582,111.486,111.55,1107.0
2026-06-28 19:00:00,111.547,111.6,111.535,111.572,2411.0
2026-06-28 20:00:00,111.572,111.577,111.326,111.384,10628.0
2026-06-28 21:00:00,111.382,111.486,111.312,111.39,9748.0
2026-06-28 22:00:00,111.39,111.54,111.36,111.482,7394.0
2026-06-28 23:00:00,111.482,111.554,111.454,111.455,4525.0
2026-06-29 00:00:00,111.454,111.5,111.44,111.473,3385.0
2026-06-29 01:00:00,111.472,111.584,111.453,111.574,4073.0
2026-06-29 02:00:00,111.578,111.712,111.535,111.679,4857.0
2026-06-29 03:00:00,111.678,111.714,111.574,111.582,3914.0
2026-06-29 04:00:00,111.582,111.604,111.501,111.542,5184.0
2026-06-29 05:00:00,111.542,111.688,111.53,111.682,3306.0
2026-06-29 06:00:00,111.684,111.701,111.646,111.682,2406.0
2026-06-29 07:00:00,111.684,111.713,111.624,111.682,4766.0
2026-06-29 08:00:00,111.68,111.712,111.608,111.652,5798.0
2026-06-29 09:00:00,111.659,111.666,111.535,111.566,7561.0
2026-06-29 10:00:00,111.569,111.569,111.36,111.414,13347.0
2026-06-29 11:00:00,111.419,111.492,111.4,111.478,7251.0
2026-06-29 12:00:00,111.48,111.577,111.47,111.524,4930.0
2026-06-29 13:00:00,111.526,111.561,111.508,111.544,3153.0
2026-06-29 14:00:00,111.546,111.631,111.544,111.602,3587.0
2026-06-29 15:00:00,111.6,111.608,111.55,111.582,3371.0
2026-06-29 16:00:00,111.582,111.592,111.518,111.526,1182.0
2026-06-29 17:00:00,111.53,111.584,111.483,111.558,1205.0
2026-06-29 18:00:00,111.56,111.565,111.522,111.526,674.0
2026-06-29 19:00:00,111.526,111.558,111.434,111.442,1498.0
2026-06-29 20:00:00,111.443,111.549,111.292,111.438,7648.0
2026-06-29 21:00:00,111.438,111.582,111.384,111.424,8901.0
2026-06-29 22:00:00,111.426,111.461,111.306,111.368,5896.0
2026-06-29 23:00:00,111.368,111.452,111.309,111.398,5091.0
2026-06-30 00:00:00,111.398,111.48,111.39,111.414,3552.0
2026-06-30 01:00:00,111.413,111.562,111.4,111.47,3507.0
2026-06-30 02:00:00,111.476,111.62,111.475,111.574,5222.0
2026-06-30 03:00:00,111.576,111.616,111.522,111.59,5165.0
2026-06-30 04:00:00,111.583,111.733,111.583,111.694,5594.0
2026-06-30 05:00:00,111.697,111.776,111.684,111.726,2959.0
2026-06-30 06:00:00,111.726,111.842,111.709,111.836,3404.0
2026-06-30 07:00:00,111.839,111.895,111.805,111.87,3943.0
2026-06-30 08:00:00,111.868,111.895,111.574,111.812,5696.0
2026-06-30 09:00:00,111.816,112.0,111.816,111.986,4698.0
2026-06-30 10:00:00,111.994,112.619,111.934,112.542,11712.0
2026-06-30 11:00:00,112.543,112.631,112.4,112.436,8596.0
2026-06-30 12:00:00,112.435,112.456,112.358,112.422,4537.0
2026-06-30 13:00:00,112.42,112.49,112.408,112.48,3305.0
2026-06-30 14:00:00,112.482,112.55,112.48,112.536,3445.0
2026-06-30 15:00:00,112.536,112.582,112.504,112.559,4003.0
2026-06-30 16:00:00,112.558,112.574,112.492,112.506,2452.0
2026-06-30 17:00:00,112.434,112.51,112.404,112.49,1832.0
2026-06-30 18:00:00,112.492,112.522,112.465,112.481,1185.0
2026-06-30 19:00:00,112.484,112.496,112.408,112.416,2146.0
2026-06-30 20:00:00,112.416,112.46,112.267,112.274,6389.0
2026-06-30 21:00:00,112.275,112.304,112.044,112.122,7131.0
2026-06-30 22:00:00,112.122,112.186,111.988,112.122,5861.0
2026-06-30 23:00:00,112.122,112.198,112.111,112.192,4056.0
2026-07-01 00:00:00,112.196,112.198,111.994,112.156,4261.0
2026-07-01 01:00:00,112.156,112.226,112.128,112.178,4870.0
2026-07-01 02:00:00,112.178,112.198,112.06,112.107,5892.0
2026-07-01 03:00:00,112.109,112.163,112.005,112.128,5854.0
2026-07-01 04:00:00,112.129,112.146,112.071,112.103,5474.0
2026-07-01 05:00:00,112.1,112.162,112.093,112.116,4487.0
2026-07-01 06:00:00,112.118,112.25,112.079,112.232,4607.0
2026-07-01 07:00:00,112.23,112.242,112.142,112.155,4069.0
2026-07-01 08:00:00,112.154,112.221,112.095,112.133,6364.0
2026-07-01 09:00:00,112.135,112.27,112.034,112.128,10738.0
2026-07-01 10:00:00,112.128,112.196,112.016,112.114,12512.0
2026-07-01 11:00:00,112.112,112.128,112.032,112.107,8710.0
2026-07-01 12:00:00,112.109,112.168,112.08,112.114,5964.0
2026-07-01 13:00:00,112.114,112.161,112.076,112.132,4295.0
2026-07-01 14:00:00,112.131,112.142,112.046,112.069,4004.0
2026-07-01 15:00:00,112.065,112.112,112.046,112.071,3778.0
2026-07-01 16:00:00,112.07,112.1,112.038,112.092,2266.0
2026-07-01 17:00:00,112.056,112.147,112.013,112.088,1403.0
2026-07-01 18:00:00,112.087,112.087,112.034,112.036,1093.0
2026-07-01 19:00:00,112.038,112.056,111.98,111.996,1817.0
2026-07-01 20:00:00,111.995,112.012,111.878,111.991,8169.0
2026-07-01 21:00:00,111.99,112.114,111.988,112.06,6633.0
2026-07-01 22:00:00,112.06,112.166,112.037,112.042,4596.0
2026-07-01 23:00:00,112.042,112.08,111.894,111.98,4416.0
2026-07-02 00:00:00,111.98,112.0,111.918,111.994,4235.0
2026-07-02 01:00:00,111.992,111.996,111.884,111.906,3945.0
2026-07-02 02:00:00,111.907,111.938,111.215,111.596,9388.0
2026-07-02 03:00:00,111.596,111.644,111.214,111.233,12245.0
2026-07-02 04:00:00,111.23,111.412,111.156,111.256,13320.0
2026-07-02 05:00:00,111.258,111.378,111.232,111.296,8578.0
2026-07-02 06:00:00,111.296,111.432,111.27,111.301,6142.0
2026-07-02 07:00:00,111.3,111.311,111.224,111.224,5098.0
2026-07-02 08:00:00,111.226,111.628,111.208,111.506,19641.0
2026-07-02 09:00:00,111.508,111.743,111.417,111.628,15018.0
2026-07-02 10:00:00,111.628,111.705,111.518,111.685,13371.0
2026-07-02 11:00:00,111.686,111.69,111.5,111.517,11530.0
2026-07-02 12:00:00,111.513,111.557,111.452,111.458,10122.0
2026-07-02 13:00:00,111.461,111.5,111.394,111.398,7273.0
2026-07-02 14:00:00,111.395,111.498,111.383,111.448,5977.0
2026-07-02 15:00:00,111.447,111.53,111.392,111.524,5506.0
2026-07-02 16:00:00,111.523,111.544,111.488,111.533,4482.0
2026-07-02 17:00:00,111.44,111.594,111.402,111.494,2928.0
2026-07-02 18:00:00,111.496,111.606,111.472,111.578,1198.0
2026-07-02 19:00:00,111.578,111.665,111.56,111.662,2216.0
2026-07-02 20:00:00,111.661,111.692,111.515,111.528,7103.0
2026-07-02 21:00:00,111.527,111.76,111.519,111.74,9372.0
2026-07-02 22:00:00,111.742,111.83,111.7,111.802,5100.0
2026-07-02 23:00:00,111.798,111.822,111.737,111.782,4159.0
2026-07-03 00:00:00,111.78,111.884,111.764,111.8,3208.0
2026-07-03 01:00:00,111.799,111.856,111.761,111.834,5657.0
2026-07-03 02:00:00,111.837,111.874,111.5,111.696,7416.0
2026-07-03 03:00:00,111.698,111.791,111.622,111.678,5851.0
2026-07-03 04:00:00,111.679,111.781,111.647,111.776,3442.0
2026-07-03 05:00:00,111.774,111.798,111.738,111.771,3373.0
2026-07-03 06:00:00,111.77,111.836,111.766,111.782,2909.0
2026-07-03 07:00:00,111.777,111.842,111.77,111.808,3262.0
2026-07-03 08:00:00,111.812,111.83,111.782,111.806,3269.0
2026-07-03 09:00:00,111.806,111.872,111.806,111.846,3911.0
2026-07-03 10:00:00,111.846,111.88,111.806,111.858,4569.0
2026-07-03 11:00:00,111.859,111.906,111.852,111.9,2678.0
2026-07-03 12:00:00,111.9,111.946,111.892,111.944,1349.0
2026-07-03 13:00:00,111.948,111.96,111.896,111.917,4810.0
2026-07-03 14:00:00,111.914,111.958,111.91,111.952,3602.0
2026-07-03 15:00:00,111.953,111.979,111.92,111.927,8477.0
2026-07-03 16:00:00,111.929,111.994,111.881,111.989,5272.0
2026-07-05 17:00:00,111.954,112.034,111.898,111.995,433.0
2026-07-05 18:00:00,111.992,112.03,111.918,111.97,1571.0
2026-07-05 19:00:00,111.968,112.032,111.966,111.999,2535.0
2026-07-05 20:00:00,112.0,112.122,111.93,112.02,8768.0
2026-07-05 21:00:00,112.016,112.166,111.986,112.124,8475.0
2026-07-05 22:00:00,112.12,112.172,112.076,112.094,5940.0
2026-07-05 23:00:00,112.096,112.108,112.007,112.1,3985.0
2026-07-06 00:00:00,112.102,112.289,112.086,112.28,3709.0
2026-07-06 01:00:00,112.28,112.332,112.232,112.31,5338.0
2026-07-06 02:00:00,112.309,112.43,112.308,112.415,7235.0
2026-07-06 03:00:00,112.414,112.514,112.384,112.492,6018.0
2026-07-06 04:00:00,112.494,112.545,112.43,112.479,4719.0
2026-07-06 05:00:00,112.48,112.512,112.45,112.498,4978.0
2026-07-06 06:00:00,112.499,112.601,112.492,112.55,5210.0
2026-07-06 07:00:00,112.549,112.584,112.512,112.556,4522.0
2026-07-06 08:00:00,112.558,112.592,112.428,112.482,4476.0
2026-07-06 09:00:00,112.485,112.592,112.465,112.518,6948.0
2026-07-06 10:00:00,112.521,112.66,112.492,112.634,6487.0
2026-07-06 11:00:00,112.635,112.71,112.602,112.68,4360.0
2026-07-06 12:00:00,112.682,112.731,112.67,112.714,3359.0
2026-07-06 13:00:00,112.714,112.788,112.712,112.728,3930.0
2026-07-06 14:00:00,112.73,112.813,112.73,112.748,3722.0
2026-07-06 15:00:00,112.746,112.781,112.712,112.735,3608.0
2026-07-06 16:00:00,112.736,112.769,112.694,112.764,2027.0
2026-07-06 17:00:00,112.706,112.784,112.706,112.744,1491.0
2026-07-06 18:00:00,112.744,112.778,112.733,112.764,1016.0
2026-07-06 19:00:00,112.762,112.794,112.734,112.738,1957.0
2026-07-06 20:00:00,112.737,112.796,112.657,112.664,6564.0
2026-07-06 21:00:00,112.665,112.674,112.456,112.612,8303.0
2026-07-06 22:00:00,112.612,112.62,112.52,112.537,5063.0
2026-07-06 23:00:00,112.538,112.574,112.37,112.445,5238.0
2026-07-07 00:00:00,112.446,112.492,112.292,112.322,4764.0
2026-07-07 01:00:00,112.321,112.384,112.218,112.367,7182.0
2026-07-07 02:00:00,112.366,112.526,112.322,112.526,4917.0
2026-07-07 03:00:00,112.526,112.552,112.262,112.373,6513.0
2026-07-07 04:00:00,112.372,112.453,112.358,112.39,4248.0
2026-07-07 05:00:00,112.389,112.462,112.362,112.434,4798.0
2026-07-07 06:00:00,112.438,112.488,112.424,112.488,4626.0
2026-07-07 07:00:00,112.49,112.537,112.457,112.508,4901.0
2026-07-07 08:00:00,112.507,112.518,112.435,112.489,5811.0
2026-07-07 09:00:00,112.491,112.5,112.352,112.364,8079.0
2026-07-07 10:00:00,112.366,112.43,112.334,112.377,10345.0
2026-07-07 11:00:00,112.378,112.39,112.264,112.286,7543.0
