Timestamp,Open,High,Low,Close,Volume
2026-06-25 14:30:00,0.69198,0.69198,0.69156,0.69156,461.0
2026-06-25 14:35:00,0.69156,0.69162,0.6914,0.69154,419.0
2026-06-25 14:40:00,0.69154,0.69154,0.69136,0.69142,269.0
2026-06-25 14:45:00,0.69142,0.69144,0.69126,0.69142,369.0
2026-06-25 14:50:00,0.69142,0.69176,0.69141,0.69172,329.0
2026-06-25 14:55:00,0.69172,0.69178,0.69145,0.6915,287.0
2026-06-25 15:00:00,0.69152,0.69162,0.69123,0.69134,218.0
2026-06-25 15:05:00,0.69133,0.69138,0.69118,0.69124,291.0
2026-06-25 15:10:00,0.69124,0.6914,0.6912,0.69137,185.0
2026-06-25 15:15:00,0.69136,0.69154,0.69128,0.69136,228.0
2026-06-25 15:20:00,0.69136,0.69149,0.69133,0.69149,308.0
2026-06-25 15:25:00,0.69149,0.69156,0.6914,0.6915,170.0
2026-06-25 15:30:00,0.69151,0.69154,0.69142,0.69148,243.0
2026-06-25 15:35:00,0.69149,0.6915,0.69136,0.6914,132.0
2026-06-25 15:40:00,0.69144,0.6915,0.69094,0.69108,436.0
2026-06-25 15:45:00,0.69109,0.69109,0.69088,0.69091,315.0
2026-06-25 15:50:00,0.69088,0.69098,0.69074,0.69094,213.0
2026-06-25 15:55:00,0.69096,0.6912,0.69092,0.69118,272.0
2026-06-25 16:00:00,0.69118,0.69146,0.69116,0.69123,370.0
2026-06-25 16:05:00,0.69123,0.69124,0.691,0.69104,195.0
2026-06-25 16:10:00,0.69104,0.69106,0.691,0.69104,91.0
2026-06-25 16:15:00,0.69104,0.6911,0.69104,0.69107,56.0
2026-06-25 16:20:00,0.6911,0.69118,0.6911,0.69113,50.0
2026-06-25 16:25:00,0.69112,0.69118,0.69111,0.69118,24.0
2026-06-25 16:30:00,0.69116,0.69116,0.69106,0.69106,85.0
2026-06-25 16:35:00,0.69107,0.6911,0.69102,0.69102,63.0
2026-06-25 16:40:00,0.69103,0.69107,0.691,0.69104,86.0
2026-06-25 16:45:00,0.69102,0.69103,0.69098,0.691,58.0
2026-06-25 16:50:00,0.691,0.69108,0.69098,0.69098,32.0
2026-06-25 16:55:00,0.69098,0.69112,0.69098,0.69105,148.0
2026-06-25 17:00:00,0.69118,0.69118,0.69118,0.69118,1.0
2026-06-25 17:05:00,0.69111,0.69122,0.69103,0.69112,61.0
2026-06-25 17:10:00,0.69118,0.69126,0.69102,0.69126,82.0
2026-06-25 17:15:00,0.69131,0.69152,0.6912,0.69134,141.0
2026-06-25 17:20:00,0.69136,0.69144,0.6911,0.69122,97.0
2026-06-25 17:25:00,0.69117,0.69117,0.69081,0.69086,56.0
2026-06-25 17:30:00,0.69088,0.6909,0.69074,0.6908,95.0
2026-06-25 17:35:00,0.69079,0.69081,0.69076,0.6908,48.0
2026-06-25 17:40:00,0.69079,0.69105,0.69079,0.691,84.0
2026-06-25 17:45:00,0.69102,0.69105,0.69096,0.691,94.0
2026-06-25 17:50:00,0.69101,0.69101,0.69086,0.69087,68.0
2026-06-25 17:55:00,0.6909,0.6909,0.69082,0.69086,49.0
2026-06-25 18:00:00,0.69086,0.69102,0.69083,0.69085,165.0
2026-06-25 18:05:00,0.69084,0.69088,0.69081,0.69081,65.0
2026-06-25 18:10:00,0.69079,0.69086,0.69079,0.69084,62.0
2026-06-25 18:15:00,0.69084,0.6909,0.69084,0.69085,44.0
2026-06-25 18:20:00,0.69084,0.6909,0.69084,0.69084,95.0
2026-06-25 18:25:00,0.69085,0.69086,0.69077,0.69078,98.0
2026-06-25 18:30:00,0.69078,0.69084,0.69077,0.6908,84.0
2026-06-25 18:35:00,0.6908,0.69084,0.69075,0.6908,74.0
2026-06-25 18:40:00,0.6908,0.6908,0.69067,0.69068,56.0
2026-06-25 18:45:00,0.69067,0.6907,0.69066,0.69066,21.0
2026-06-25 18:50:00,0.69066,0.6907,0.69064,0.6907,23.0
2026-06-25 18:55:00,0.6907,0.69088,0.6907,0.69082,83.0
2026-06-25 19:00:00,0.69081,0.69084,0.69064,0.6907,138.0
2026-06-25 19:05:00,0.69068,0.69077,0.69068,0.6907,48.0
2026-06-25 19:10:00,0.6907,0.69084,0.6907,0.69082,81.0
2026-06-25 19:15:00,0.69084,0.69088,0.6907,0.6908,112.0
2026-06-25 19:20:00,0.69082,0.69086,0.6907,0.6907,136.0
2026-06-25 19:25:00,0.6907,0.69077,0.69066,0.69075,125.0
2026-06-25 19:30:00,0.69073,0.69076,0.69045,0.69045,129.0
2026-06-25 19:35:00,0.69044,0.69046,0.69038,0.6904,90.0
2026-06-25 19:40:00,0.6904,0.69044,0.69036,0.6904,78.0
2026-06-25 19:45:00,0.6904,0.6904,0.69018,0.69025,189.0
2026-06-25 19:50:00,0.69022,0.6903,0.6902,0.69026,196.0
2026-06-25 19:55:00,0.69025,0.69028,0.68989,0.69002,252.0
2026-06-25 20:00:00,0.69003,0.69023,0.68988,0.69,428.0
2026-06-25 20:05:00,0.68999,0.69006,0.68984,0.69004,344.0
2026-06-25 20:10:00,0.69002,0.69004,0.68981,0.68996,251.0
2026-06-25 20:15:00,0.68996,0.69008,0.68985,0.68992,288.0
2026-06-25 20:20:00,0.68992,0.68994,0.6898,0.68984,352.0
2026-06-25 20:25:00,0.68984,0.68984,0.68961,0.68978,225.0
2026-06-25 20:30:00,0.68977,0.69007,0.68972,0.68993,332.0
2026-06-25 20:35:00,0.68995,0.69002,0.6897,0.6897,316.0
2026-06-25 20:40:00,0.68972,0.68994,0.68972,0.68985,252.0
2026-06-25 20:45:00,0.68984,0.69001,0.68979,0.68984,261.0
2026-06-25 20:50:00,0.68984,0.69014,0.68982,0.68994,259.0
2026-06-25 20:55:00,0.68995,0.69001,0.68983,0.68984,308.0
2026-06-25 21:00:00,0.68986,0.69022,0.68972,0.68976,332.0
2026-06-25 21:05:00,0.68976,0.68998,0.68966,0.68998,358.0
2026-06-25 21:10:00,0.68998,0.6902,0.68993,0.68996,301.0
2026-06-25 21:15:00,0.68996,0.69011,0.68986,0.6901,327.0
2026-06-25 21:20:00,0.69012,0.6902,0.69,0.69001,259.0
2026-06-25 21:25:00,0.69004,0.69004,0.68987,0.68996,301.0
2026-06-25 21:30:00,0.68998,0.68998,0.6893,0.68934,418.0
2026-06-25 21:35:00,0.68935,0.6894,0.689,0.68925,361.0
2026-06-25 21:40:00,0.68926,0.68929,0.689,0.68916,302.0
2026-06-25 21:45:00,0.68912,0.68912,0.68886,0.68905,417.0
2026-06-25 21:50:00,0.68905,0.68906,0.68882,0.6889,278.0
2026-06-25 21:55:00,0.68893,0.68904,0.68872,0.68904,253.0
2026-06-25 22:00:00,0.68907,0.68922,0.68895,0.68908,352.0
2026-06-25 22:05:00,0.68907,0.68915,0.68899,0.689,306.0
2026-06-25 22:10:00,0.68899,0.68899,0.68855,0.68855,256.0
2026-06-25 22:15:00,0.68856,0.68865,0.68792,0.68807,403.0
2026-06-25 22:20:00,0.68807,0.6881,0.6876,0.68764,348.0
2026-06-25 22:25:00,0.68765,0.68782,0.68754,0.68778,355.0
2026-06-25 22:30:00,0.68779,0.68804,0.68777,0.68786,248.0
2026-06-25 22:35:00,0.68786,0.68809,0.68774,0.68809,208.0
2026-06-25 22:40:00,0.68808,0.68845,0.68788,0.6884,247.0
2026-06-25 22:45:00,0.68838,0.6884,0.6882,0.68826,339.0
2026-06-25 22:50:00,0.6883,0.68838,0.68782,0.68788,289.0
2026-06-25 22:55:00,0.68788,0.6881,0.6877,0.68806,359.0
2026-06-25 23:00:00,0.68806,0.68816,0.68771,0.68806,372.0
2026-06-25 23:05:00,0.68805,0.6881,0.68787,0.68806,197.0
2026-06-25 23:10:00,0.68806,0.6883,0.68806,0.68821,276.0
2026-06-25 23:15:00,0.6882,0.68835,0.68812,0.68832,155.0
2026-06-25 23:20:00,0.68831,0.68831,0.688,0.68804,163.0
2026-06-25 23:25:00,0.68804,0.68818,0.68804,0.68816,192.0
2026-06-25 23:30:00,0.68816,0.68816,0.68796,0.68806,256.0
2026-06-25 23:35:00,0.68806,0.6882,0.68805,0.68805,227.0
2026-06-25 23:40:00,0.68806,0.68846,0.68802,0.68846,336.0
2026-06-25 23:45:00,0.68846,0.68846,0.68828,0.68833,364.0
2026-06-25 23:50:00,0.68832,0.68903,0.68832,0.68902,350.0
2026-06-25 23:55:00,0.68902,0.68921,0.68888,0.6892,352.0
2026-06-26 00:00:00,0.68922,0.68941,0.68914,0.68929,283.0
2026-06-26 00:05:00,0.6893,0.68937,0.68902,0.68902,309.0
2026-06-26 00:10:00,0.68903,0.68926,0.68901,0.68908,256.0
2026-06-26 00:15:00,0.68906,0.68942,0.6889,0.68932,212.0
2026-06-26 00:20:00,0.68931,0.68943,0.68914,0.68916,172.0
2026-06-26 00:25:00,0.68916,0.68922,0.689,0.68918,335.0
2026-06-26 00:30:00,0.68918,0.68926,0.68886,0.6889,277.0
2026-06-26 00:35:00,0.6889,0.68909,0.68882,0.68883,210.0
2026-06-26 00:40:00,0.68881,0.68887,0.68856,0.68883,272.0
2026-06-26 00:45:00,0.68882,0.68891,0.68868,0.68891,224.0
2026-06-26 00:50:00,0.68892,0.689,0.68874,0.68885,200.0
2026-06-26 00:55:00,0.68884,0.68886,0.6885,0.68862,192.0
2026-06-26 01:00:00,0.68861,0.68873,0.68856,0.68864,249.0
2026-06-26 01:05:00,0.68865,0.68889,0.68851,0.68885,232.0
2026-06-26 01:10:00,0.68885,0.68906,0.68885,0.689,196.0
2026-06-26 01:15:00,0.68903,0.68928,0.68894,0.6891,307.0
2026-06-26 01:20:00,0.68909,0.6891,0.68896,0.689,125.0
2026-06-26 01:25:00,0.68898,0.6895,0.68898,0.68944,226.0
2026-06-26 01:30:00,0.68945,0.6895,0.68941,0.68944,275.0
2026-06-26 01:35:00,0.68945,0.68945,0.68918,0.68925,254.0
2026-06-26 01:40:00,0.68922,0.68942,0.68916,0.68935,218.0
2026-06-26 01:45:00,0.68936,0.68953,0.68918,0.6895,263.0
2026-06-26 01:50:00,0.6895,0.68966,0.68928,0.68952,279.0
2026-06-26 01:55:00,0.68952,0.68954,0.68938,0.68938,162.0
2026-06-26 02:00:00,0.68937,0.68944,0.68916,0.6892,315.0
2026-06-26 02:05:00,0.68922,0.68926,0.68899,0.689,209.0
2026-06-26 02:10:00,0.68902,0.68904,0.68874,0.689,246.0
2026-06-26 02:15:00,0.68901,0.68936,0.68896,0.68926,201.0
2026-06-26 02:20:00,0.68926,0.6895,0.68918,0.68944,308.0
2026-06-26 02:25:00,0.68942,0.68948,0.68928,0.68939,230.0
2026-06-26 02:30:00,0.6894,0.68982,0.6894,0.68981,218.0
2026-06-26 02:35:00,0.6898,0.68982,0.68954,0.68957,248.0
2026-06-26 02:40:00,0.68958,0.68973,0.68946,0.68962,220.0
2026-06-26 02:45:00,0.68961,0.68998,0.68959,0.6896,307.0
2026-06-26 02:50:00,0.6896,0.68998,0.68949,0.68995,211.0
2026-06-26 02:55:00,0.68992,0.68993,0.68972,0.68974,300.0
2026-06-26 03:00:00,0.68972,0.68976,0.6894,0.68944,453.0
2026-06-26 03:05:00,0.68947,0.68974,0.68942,0.6896,341.0
2026-06-26 03:10:00,0.6896,0.68972,0.68948,0.68951,242.0
2026-06-26 03:15:00,0.68949,0.68955,0.68928,0.68936,239.0
2026-06-26 03:20:00,0.68935,0.68939,0.68914,0.68928,215.0
2026-06-26 03:25:00,0.68928,0.68938,0.68914,0.68924,289.0
2026-06-26 03:30:00,0.68924,0.68946,0.68918,0.6894,239.0
2026-06-26 03:35:00,0.68942,0.6897,0.68934,0.6897,214.0
2026-06-26 03:40:00,0.6897,0.68972,0.68929,0.68931,224.0
2026-06-26 03:45:00,0.68932,0.68932,0.68901,0.68904,274.0
2026-06-26 03:50:00,0.68904,0.68924,0.68892,0.68906,243.0
2026-06-26 03:55:00,0.68907,0.68924,0.68896,0.68914,205.0
2026-06-26 04:00:00,0.68915,0.68933,0.68866,0.68874,389.0
2026-06-26 04:05:00,0.68874,0.6896,0.68863,0.68949,360.0
2026-06-26 04:10:00,0.68945,0.68963,0.68924,0.68962,415.0
2026-06-26 04:15:00,0.6896,0.68971,0.68943,0.68966,295.0
2026-06-26 04:20:00,0.68963,0.68966,0.68934,0.68952,232.0
2026-06-26 04:25:00,0.68952,0.68988,0.68934,0.68988,308.0
2026-06-26 04:30:00,0.68984,0.6899,0.68939,0.68956,340.0
2026-06-26 04:35:00,0.68955,0.68962,0.68938,0.68947,212.0
2026-06-26 04:40:00,0.68948,0.68972,0.68946,0.68966,292.0
2026-06-26 04:45:00,0.68969,0.68988,0.68954,0.68966,394.0
2026-06-26 04:50:00,0.68969,0.69002,0.68967,0.68984,315.0
2026-06-26 04:55:00,0.6898,0.6898,0.68943,0.68956,296.0
2026-06-26 05:00:00,0.68955,0.68956,0.68928,0.68937,406.0
2026-06-26 05:05:00,0.6894,0.68967,0.6894,0.6896,238.0
2026-06-26 05:10:00,0.68957,0.68968,0.68947,0.6895,212.0
2026-06-26 05:15:00,0.6895,0.68982,0.68948,0.68982,285.0
2026-06-26 05:20:00,0.68984,0.68993,0.68979,0.68986,263.0
2026-06-26 05:25:00,0.68988,0.69009,0.68985,0.69008,213.0
2026-06-26 05:30:00,0.69011,0.69012,0.68982,0.6901,235.0
2026-06-26 05:35:00,0.6901,0.69026,0.6901,0.69021,169.0
2026-06-26 05:40:00,0.6902,0.69047,0.69016,0.69016,250.0
2026-06-26 05:45:00,0.69016,0.69055,0.69009,0.69044,277.0
2026-06-26 05:50:00,0.6904,0.69068,0.69036,0.69054,220.0
2026-06-26 05:55:00,0.69056,0.69056,0.69013,0.69013,215.0
2026-06-26 06:00:00,0.69016,0.69022,0.68986,0.69,357.0
2026-06-26 06:05:00,0.69006,0.69027,0.68996,0.6902,273.0
2026-06-26 06:10:00,0.69022,0.69031,0.69006,0.69028,300.0
2026-06-26 06:15:00,0.69026,0.69032,0.69,0.69001,251.0
2026-06-26 06:20:00,0.69002,0.69004,0.68982,0.68994,217.0
2026-06-26 06:25:00,0.68994,0.6901,0.6899,0.6901,208.0
2026-06-26 06:30:00,0.69009,0.69034,0.69006,0.69034,207.0
2026-06-26 06:35:00,0.69033,0.69034,0.6901,0.69015,270.0
2026-06-26 06:40:00,0.69016,0.69024,0.69007,0.69014,246.0
2026-06-26 06:45:00,0.69012,0.69023,0.69004,0.69014,154.0
2026-06-26 06:50:00,0.69013,0.6904,0.69012,0.69036,216.0
2026-06-26 06:55:00,0.69036,0.6904,0.69021,0.69032,124.0
2026-06-26 07:00:00,0.69036,0.69042,0.69024,0.69028,237.0
2026-06-26 07:05:00,0.69028,0.69036,0.6901,0.69036,169.0
2026-06-26 07:10:00,0.69034,0.6905,0.69012,0.69018,237.0
2026-06-26 07:15:00,0.69016,0.69034,0.69007,0.69027,238.0
2026-06-26 07:20:00,0.69023,0.69055,0.69022,0.69029,230.0
2026-06-26 07:25:00,0.69026,0.6904,0.69014,0.6904,274.0
2026-06-26 07:30:00,0.6904,0.69056,0.69038,0.69045,210.0
2026-06-26 07:35:00,0.69042,0.69042,0.69023,0.69034,271.0
2026-06-26 07:40:00,0.69035,0.69047,0.6902,0.69022,305.0
2026-06-26 07:45:00,0.69021,0.6903,0.6901,0.6901,205.0
2026-06-26 07:50:00,0.69011,0.69014,0.68974,0.68985,290.0
2026-06-26 07:55:00,0.68985,0.69009,0.68985,0.69,249.0
2026-06-26 08:00:00,0.68996,0.6901,0.68988,0.6901,264.0
2026-06-26 08:05:00,0.69007,0.69026,0.69007,0.69024,254.0
2026-06-26 08:10:00,0.6902,0.69025,0.69008,0.69018,304.0
2026-06-26 08:15:00,0.69018,0.69044,0.69018,0.69027,284.0
2026-06-26 08:20:00,0.69028,0.69029,0.68988,0.68996,364.0
2026-06-26 08:25:00,0.68996,0.69018,0.68996,0.68996,234.0
2026-06-26 08:30:00,0.68994,0.69022,0.68988,0.68994,257.0
2026-06-26 08:35:00,0.68996,0.69008,0.68982,0.68982,286.0
2026-06-26 08:40:00,0.68984,0.68986,0.6896,0.68973,281.0
2026-06-26 08:45:00,0.68974,0.68986,0.68962,0.68973,337.0
2026-06-26 08:50:00,0.68973,0.69012,0.6897,0.68994,309.0
2026-06-26 08:55:00,0.68999,0.69056,0.68991,0.69032,477.0
2026-06-26 09:00:00,0.69032,0.69052,0.69026,0.69049,505.0
2026-06-26 09:05:00,0.69046,0.69062,0.6903,0.69036,442.0
2026-06-26 09:10:00,0.69037,0.69065,0.69034,0.69056,291.0
2026-06-26 09:15:00,0.69055,0.69056,0.68958,0.69,869.0
2026-06-26 09:20:00,0.68999,0.6906,0.68988,0.69057,657.0
2026-06-26 09:25:00,0.69056,0.69072,0.69048,0.69066,504.0
2026-06-26 09:30:00,0.69064,0.6907,0.69022,0.69046,1149.0
2026-06-26 09:35:00,0.69046,0.69074,0.6904,0.69043,919.0
2026-06-26 09:40:00,0.69044,0.69091,0.69038,0.69086,737.0
2026-06-26 09:45:00,0.69086,0.69086,0.69046,0.69052,777.0
2026-06-26 09:50:00,0.69056,0.69072,0.6905,0.69068,771.0
2026-06-26 09:55:00,0.6907,0.6912,0.69064,0.69105,596.0
2026-06-26 10:00:00,0.69107,0.69132,0.69096,0.69103,899.0
2026-06-26 10:05:00,0.69102,0.69121,0.69087,0.69114,637.0
2026-06-26 10:10:00,0.69116,0.69136,0.69094,0.69128,651.0
2026-06-26 10:15:00,0.69129,0.69168,0.69118,0.6913,680.0
2026-06-26 10:20:00,0.6913,0.69172,0.6913,0.69156,452.0
2026-06-26 10:25:00,0.69156,0.69171,0.69128,0.69134,408.0
2026-06-26 10:30:00,0.69138,0.69141,0.69104,0.6911,311.0
2026-06-26 10:35:00,0.69112,0.69124,0.691,0.69116,352.0
2026-06-26 10:40:00,0.69116,0.69118,0.69084,0.69084,419.0
2026-06-26 10:45:00,0.69084,0.69132,0.69084,0.69106,429.0
2026-06-26 10:50:00,0.69107,0.6911,0.69066,0.69072,559.0
2026-06-26 10:55:00,0.69072,0.69072,0.68998,0.68998,618.0
2026-06-26 11:00:00,0.68998,0.6902,0.68984,0.69003,542.0
2026-06-26 11:05:00,0.69006,0.69035,0.6899,0.69035,378.0
2026-06-26 11:10:00,0.69031,0.69042,0.69016,0.69022,405.0
2026-06-26 11:15:00,0.69022,0.6905,0.69016,0.69034,300.0
2026-06-26 11:20:00,0.69034,0.6906,0.69032,0.69047,266.0
2026-06-26 11:25:00,0.69044,0.69065,0.69042,0.6906,266.0
2026-06-26 11:30:00,0.69061,0.69084,0.69038,0.6904,347.0
2026-06-26 11:35:00,0.6904,0.6908,0.6904,0.69072,249.0
2026-06-26 11:40:00,0.6907,0.69094,0.69063,0.69084,300.0
2026-06-26 11:45:00,0.69084,0.69099,0.69078,0.69093,202.0
2026-06-26 11:50:00,0.69094,0.69094,0.68996,0.6902,880.0
2026-06-26 11:55:00,0.6902,0.69068,0.69018,0.69056,416.0
2026-06-26 12:00:00,0.69057,0.69066,0.69048,0.69057,559.0
2026-06-26 12:05:00,0.69056,0.69063,0.6904,0.6904,359.0
2026-06-26 12:10:00,0.69042,0.69054,0.69031,0.69046,257.0
2026-06-26 12:15:00,0.6905,0.69058,0.69044,0.69046,167.0
2026-06-26 12:20:00,0.69048,0.69051,0.69,0.69006,628.0
2026-06-26 12:25:00,0.69005,0.69013,0.68996,0.69004,269.0
2026-06-26 12:30:00,0.69006,0.69024,0.68996,0.69,342.0
2026-06-26 12:35:00,0.69,0.69004,0.68968,0.68996,379.0
2026-06-26 12:40:00,0.68996,0.69022,0.68991,0.69006,267.0
2026-06-26 12:45:00,0.69008,0.69015,0.68996,0.69,189.0
2026-06-26 12:50:00,0.68996,0.69007,0.68994,0.69006,228.0
2026-06-26 12:55:00,0.69006,0.69014,0.69003,0.69008,136.0
2026-06-26 13:00:00,0.69008,0.6902,0.69,0.69013,210.0
2026-06-26 13:05:00,0.69014,0.69024,0.69,0.69023,297.0
2026-06-26 13:10:00,0.69023,0.69024,0.6901,0.69015,156.0
2026-06-26 13:15:00,0.69014,0.69015,0.68999,0.69,167.0
2026-06-26 13:20:00,0.68999,0.6901,0.6899,0.69006,199.0
2026-06-26 13:25:00,0.69008,0.6901,0.68996,0.69001,240.0
2026-06-26 13:30:00,0.69004,0.69015,0.68985,0.68988,239.0
2026-06-26 13:35:00,0.68988,0.68994,0.68978,0.68984,203.0
2026-06-26 13:40:00,0.68984,0.69002,0.68972,0.69002,296.0
2026-06-26 13:45:00,0.69001,0.69004,0.68992,0.68996,80.0
2026-06-26 13:50:00,0.68994,0.6901,0.68994,0.69,119.0
2026-06-26 13:55:00,0.68998,0.68998,0.68973,0.68977,209.0
2026-06-26 14:00:00,0.68978,0.69006,0.68972,0.69006,235.0
2026-06-26 14:05:00,0.69006,0.69008,0.68996,0.69002,106.0
2026-06-26 14:10:00,0.68998,0.69002,0.68994,0.68998,153.0
2026-06-26 14:15:00,0.68998,0.69001,0.68977,0.68984,184.0
2026-06-26 14:20:00,0.68985,0.68988,0.68975,0.68976,192.0
2026-06-26 14:25:00,0.68976,0.68987,0.6897,0.68976,167.0
2026-06-26 14:30:00,0.6898,0.6899,0.68976,0.68988,112.0
2026-06-26 14:35:00,0.68988,0.68988,0.68974,0.68978,78.0
2026-06-26 14:40:00,0.68977,0.6898,0.68968,0.68978,90.0
2026-06-26 14:45:00,0.68976,0.68976,0.68946,0.68948,201.0
2026-06-26 14:50:00,0.68948,0.68956,0.68943,0.6895,224.0
2026-06-26 14:55:00,0.68952,0.68966,0.6894,0.68942,162.0
2026-06-26 15:00:00,0.6894,0.68948,0.68938,0.68941,172.0
2026-06-26 15:05:00,0.68942,0.6896,0.68939,0.6896,107.0
2026-06-26 15:10:00,0.68959,0.68964,0.68952,0.68962,87.0
2026-06-26 15:15:00,0.68958,0.68966,0.68952,0.6896,71.0
2026-06-26 15:20:00,0.68958,0.68962,0.68936,0.68942,94.0
2026-06-26 15:25:00,0.68942,0.68948,0.6894,0.68946,118.0
2026-06-26 15:30:00,0.68946,0.68957,0.68942,0.68956,107.0
2026-06-26 15:35:00,0.68955,0.68955,0.68946,0.68947,138.0
2026-06-26 15:40:00,0.68949,0.68954,0.68943,0.68951,102.0
2026-06-26 15:45:00,0.68952,0.68976,0.68951,0.68974,105.0
2026-06-26 15:50:00,0.68972,0.68996,0.6897,0.68991,184.0
2026-06-26 15:55:00,0.6899,0.69002,0.6897,0.6897,200.0
2026-06-26 16:00:00,0.68974,0.68988,0.68966,0.68968,554.0
2026-06-26 16:05:00,0.6897,0.6897,0.68956,0.68968,259.0
2026-06-26 16:10:00,0.68969,0.68981,0.68968,0.68976,172.0
2026-06-26 16:15:00,0.68978,0.68982,0.68974,0.68978,195.0
2026-06-26 16:20:00,0.68978,0.68991,0.68976,0.68991,187.0
2026-06-26 16:25:00,0.68994,0.68996,0.68976,0.68976,150.0
2026-06-26 16:30:00,0.68978,0.6898,0.68938,0.68952,363.0
2026-06-26 16:35:00,0.68952,0.68958,0.68913,0.68932,337.0
2026-06-26 16:40:00,0.68933,0.68954,0.68926,0.6895,177.0
2026-06-26 16:45:00,0.68952,0.68956,0.68924,0.68928,253.0
2026-06-26 16:50:00,0.68929,0.6893,0.68918,0.68918,275.0
2026-06-26 16:55:00,0.68918,0.68954,0.68918,0.68947,194.0
2026-06-28 17:00:00,0.68921,0.68921,0.68921,0.68921,1.0
2026-06-28 17:05:00,0.68919,0.68922,0.68917,0.68918,11.0
2026-06-28 17:10:00,0.68917,0.68929,0.68917,0.68926,27.0
2026-06-28 17:15:00,0.68923,0.68952,0.6892,0.68929,124.0
2026-06-28 17:20:00,0.68929,0.68932,0.68884,0.68914,674.0
2026-06-28 17:25:00,0.68915,0.68923,0.68912,0.68916,35.0
2026-06-28 17:30:00,0.68916,0.6892,0.68904,0.68904,40.0
2026-06-28 17:35:00,0.68903,0.68925,0.68903,0.68925,62.0
2026-06-28 17:40:00,0.68924,0.68924,0.6891,0.68912,20.0
2026-06-28 17:45:00,0.68912,0.68918,0.68909,0.6891,69.0
2026-06-28 17:50:00,0.6891,0.68925,0.68904,0.68906,77.0
2026-06-28 17:55:00,0.68908,0.68908,0.68884,0.689,165.0
2026-06-28 18:00:00,0.68899,0.68978,0.68899,0.68955,276.0
2026-06-28 18:05:00,0.68954,0.68964,0.68948,0.68952,80.0
2026-06-28 18:10:00,0.6895,0.68954,0.68948,0.68948,43.0
2026-06-28 18:15:00,0.68948,0.68948,0.68932,0.68932,42.0
2026-06-28 18:20:00,0.6893,0.68941,0.68927,0.68937,45.0
2026-06-28 18:25:00,0.68934,0.68942,0.68932,0.68934,59.0
2026-06-28 18:30:00,0.68935,0.68954,0.68934,0.68938,78.0
2026-06-28 18:35:00,0.68936,0.68942,0.68933,0.6894,30.0
2026-06-28 18:40:00,0.68944,0.68956,0.68944,0.68954,45.0
2026-06-28 18:45:00,0.68951,0.6896,0.6895,0.68958,86.0
2026-06-28 18:50:00,0.68958,0.68958,0.6895,0.68952,35.0
2026-06-28 18:55:00,0.6895,0.68955,0.68946,0.68946,30.0
2026-06-28 19:00:00,0.68945,0.68963,0.68944,0.68958,126.0
2026-06-28 19:05:00,0.68958,0.68974,0.68956,0.68974,86.0
2026-06-28 19:10:00,0.68976,0.68977,0.68962,0.68962,73.0
2026-06-28 19:15:00,0.68962,0.68962,0.68948,0.6895,69.0
2026-06-28 19:20:00,0.68952,0.68958,0.68952,0.68954,77.0
2026-06-28 19:25:00,0.68955,0.68958,0.68954,0.68958,34.0
2026-06-28 19:30:00,0.68956,0.68958,0.68935,0.6894,95.0
2026-06-28 19:35:00,0.68942,0.68956,0.68941,0.68954,57.0
2026-06-28 19:40:00,0.68954,0.68958,0.68952,0.68956,32.0
2026-06-28 19:45:00,0.68956,0.68958,0.68947,0.68948,108.0
2026-06-28 19:50:00,0.68948,0.68958,0.68944,0.68953,135.0
2026-06-28 19:55:00,0.68952,0.68969,0.68952,0.6896,175.0
2026-06-28 20:00:00,0.68956,0.68966,0.6891,0.68934,620.0
2026-06-28 20:05:00,0.68934,0.68934,0.68908,0.68914,417.0
2026-06-28 20:10:00,0.6891,0.68922,0.68877,0.68878,321.0
2026-06-28 20:15:00,0.68877,0.68894,0.6885,0.68856,449.0
2026-06-28 20:20:00,0.68857,0.68869,0.68847,0.68867,298.0
2026-06-28 20:25:00,0.68866,0.68873,0.68846,0.68847,266.0
2026-06-28 20:30:00,0.68848,0.68864,0.68844,0.68856,410.0
2026-06-28 20:35:00,0.68857,0.68873,0.68848,0.68857,385.0
2026-06-28 20:40:00,0.68856,0.68882,0.68856,0.68882,329.0
2026-06-28 20:45:00,0.68881,0.68881,0.68832,0.68844,358.0
2026-06-28 20:50:00,0.68843,0.68858,0.68832,0.68844,350.0
2026-06-28 20:55:00,0.68847,0.68868,0.68842,0.68857,334.0
2026-06-28 21:00:00,0.68858,0.6888,0.6881,0.68829,484.0
2026-06-28 21:05:00,0.68829,0.68862,0.68828,0.68838,425.0
2026-06-28 21:10:00,0.68838,0.68851,0.68836,0.6884,261.0
2026-06-28 21:15:00,0.68838,0.68856,0.68833,0.68842,420.0
2026-06-28 21:20:00,0.68838,0.68866,0.68833,0.68853,449.0
2026-06-28 21:25:00,0.68854,0.6886,0.68838,0.6884,326.0
2026-06-28 21:30:00,0.6884,0.6885,0.68817,0.68847,480.0
2026-06-28 21:35:00,0.68848,0.68888,0.68846,0.68886,456.0
2026-06-28 21:40:00,0.68888,0.68919,0.68882,0.6889,483.0
2026-06-28 21:45:00,0.6889,0.68893,0.6886,0.68874,420.0
2026-06-28 21:50:00,0.68874,0.68876,0.68853,0.6886,279.0
2026-06-28 21:55:00,0.68859,0.6887,0.68843,0.68849,352.0
2026-06-28 22:00:00,0.68849,0.68864,0.68838,0.68855,353.0
2026-06-28 22:05:00,0.68856,0.68872,0.68852,0.68855,299.0
2026-06-28 22:10:00,0.68858,0.6887,0.68849,0.68854,252.0
2026-06-28 22:15:00,0.68852,0.68899,0.68849,0.68898,285.0
2026-06-28 22:20:00,0.68898,0.68927,0.68893,0.6892,334.0
2026-06-28 22:25:00,0.6892,0.68957,0.68913,0.68943,367.0
2026-06-28 22:30:00,0.68942,0.68944,0.68912,0.68919,313.0
2026-06-28 22:35:00,0.68917,0.68921,0.68897,0.68904,359.0
2026-06-28 22:40:00,0.689,0.68918,0.689,0.6891,185.0
2026-06-28 22:45:00,0.68912,0.68922,0.68904,0.68907,256.0
2026-06-28 22:50:00,0.68909,0.68918,0.68903,0.68908,248.0
2026-06-28 22:55:00,0.68908,0.68914,0.689,0.68904,223.0
2026-06-28 23:00:00,0.68908,0.68932,0.68907,0.68922,250.0
2026-06-28 23:05:00,0.68926,0.68928,0.68908,0.68922,245.0
2026-06-28 23:10:00,0.68921,0.68939,0.68915,0.6893,255.0
2026-06-28 23:15:00,0.68928,0.68934,0.68924,0.68932,188.0
2026-06-28 23:20:00,0.68929,0.68938,0.68924,0.6893,203.0
2026-06-28 23:25:00,0.68929,0.68949,0.68924,0.68948,144.0
2026-06-28 23:30:00,0.6895,0.68954,0.68938,0.68942,146.0
2026-06-28 23:35:00,0.68941,0.68943,0.68923,0.68928,178.0
2026-06-28 23:40:00,0.68928,0.6894,0.68914,0.68914,243.0
2026-06-28 23:45:00,0.68912,0.68916,0.689,0.68912,178.0
2026-06-28 23:50:00,0.68912,0.68918,0.689,0.6891,141.0
2026-06-28 23:55:00,0.68908,0.68908,0.68886,0.68886,161.0
2026-06-29 00:00:00,0.68886,0.68898,0.6888,0.68888,186.0
2026-06-29 00:05:00,0.68887,0.689,0.68878,0.68898,138.0
2026-06-29 00:10:00,0.68898,0.68898,0.68885,0.68892,159.0
2026-06-29 00:15:00,0.68892,0.68892,0.68883,0.68888,70.0
2026-06-29 00:20:00,0.68889,0.68898,0.68878,0.68894,120.0
2026-06-29 00:25:00,0.68894,0.68899,0.6889,0.68894,124.0
2026-06-29 00:30:00,0.68896,0.68908,0.68896,0.689,162.0
2026-06-29 00:35:00,0.68904,0.68906,0.68894,0.68904,139.0
2026-06-29 00:40:00,0.68902,0.68903,0.68887,0.68894,144.0
2026-06-29 00:45:00,0.68894,0.68913,0.68892,0.68913,161.0
2026-06-29 00:50:00,0.68912,0.68912,0.6889,0.68892,178.0
2026-06-29 00:55:00,0.68892,0.68896,0.68877,0.68892,255.0
2026-06-29 01:00:00,0.68889,0.68901,0.68877,0.68899,304.0
2026-06-29 01:05:00,0.68898,0.68909,0.68896,0.68908,190.0
2026-06-29 01:10:00,0.68908,0.68923,0.68899,0.6892,175.0
2026-06-29 01:15:00,0.68918,0.68925,0.68905,0.68908,182.0
2026-06-29 01:20:00,0.68904,0.68912,0.68901,0.68907,159.0
2026-06-29 01:25:00,0.68908,0.68912,0.68903,0.68908,229.0
2026-06-29 01:30:00,0.68908,0.68917,0.68894,0.68912,248.0
2026-06-29 01:35:00,0.68913,0.68916,0.68904,0.68912,143.0
2026-06-29 01:40:00,0.68913,0.68942,0.68908,0.6894,151.0
2026-06-29 01:45:00,0.6894,0.68948,0.68934,0.68937,169.0
2026-06-29 01:50:00,0.68937,0.68958,0.68935,0.68958,244.0
2026-06-29 01:55:00,0.68954,0.6897,0.68949,0.68957,239.0
2026-06-29 02:00:00,0.68958,0.68965,0.68934,0.68944,241.0
2026-06-29 02:05:00,0.68945,0.68964,0.68945,0.68953,221.0
2026-06-29 02:10:00,0.68954,0.68966,0.68946,0.68964,148.0
2026-06-29 02:15:00,0.68964,0.68984,0.68955,0.68984,158.0
2026-06-29 02:20:00,0.68984,0.68994,0.68978,0.68992,177.0
2026-06-29 02:25:00,0.6899,0.69003,0.68986,0.68998,172.0
2026-06-29 02:30:00,0.68998,0.69016,0.68986,0.69014,194.0
2026-06-29 02:35:00,0.69016,0.6903,0.69008,0.69028,316.0
2026-06-29 02:40:00,0.69028,0.69037,0.69022,0.69028,226.0
2026-06-29 02:45:00,0.69029,0.69042,0.6902,0.69038,287.0
2026-06-29 02:50:00,0.69036,0.69044,0.69016,0.69018,319.0
2026-06-29 02:55:00,0.69018,0.6904,0.69018,0.69026,371.0
2026-06-29 03:00:00,0.69026,0.69036,0.69011,0.6903,385.0
2026-06-29 03:05:00,0.69026,0.69029,0.69012,0.69017,275.0
2026-06-29 03:10:00,0.69018,0.69028,0.69012,0.69028,249.0
2026-06-29 03:15:00,0.69028,0.69043,0.69012,0.69016,283.0
2026-06-29 03:20:00,0.69016,0.69042,0.6901,0.6904,235.0
2026-06-29 03:25:00,0.69036,0.69036,0.69015,0.69024,181.0
2026-06-29 03:30:00,0.69025,0.69025,0.68992,0.68993,263.0
2026-06-29 03:35:00,0.68992,0.69026,0.68992,0.69026,197.0
2026-06-29 03:40:00,0.69022,0.69023,0.68988,0.6899,204.0
2026-06-29 03:45:00,0.68988,0.68993,0.68982,0.68987,183.0
2026-06-29 03:50:00,0.68988,0.69004,0.68958,0.68962,268.0
2026-06-29 03:55:00,0.68962,0.68976,0.68949,0.68951,249.0
2026-06-29 04:00:00,0.68952,0.6897,0.68938,0.68945,338.0
2026-06-29 04:05:00,0.68944,0.6897,0.68944,0.6896,230.0
2026-06-29 04:10:00,0.68958,0.6896,0.6894,0.6894,87.0
2026-06-29 04:15:00,0.68944,0.68946,0.68924,0.68924,225.0
2026-06-29 04:20:00,0.68924,0.68928,0.68902,0.68912,272.0
2026-06-29 04:25:00,0.68912,0.68924,0.68908,0.68923,179.0
2026-06-29 04:30:00,0.68922,0.68952,0.68922,0.68944,218.0
2026-06-29 04:35:00,0.68945,0.6895,0.68925,0.68928,257.0
2026-06-29 04:40:00,0.68928,0.68946,0.68914,0.68932,272.0
2026-06-29 04:45:00,0.68933,0.68934,0.68918,0.68927,242.0
2026-06-29 04:50:00,0.68926,0.68926,0.68907,0.68907,255.0
2026-06-29 04:55:00,0.68908,0.68918,0.68894,0.68914,213.0
2026-06-29 05:00:00,0.68915,0.68944,0.6891,0.68943,274.0
2026-06-29 05:05:00,0.68944,0.68953,0.68937,0.6894,195.0
2026-06-29 05:10:00,0.68939,0.68954,0.68939,0.68944,172.0
2026-06-29 05:15:00,0.68943,0.6896,0.68941,0.68959,192.0
2026-06-29 05:20:00,0.68958,0.68962,0.68944,0.68944,125.0
2026-06-29 05:25:00,0.68944,0.6897,0.68943,0.6897,225.0
2026-06-29 05:30:00,0.6897,0.68978,0.6896,0.68968,168.0
2026-06-29 05:35:00,0.68968,0.6897,0.68952,0.68964,153.0
2026-06-29 05:40:00,0.68964,0.68964,0.68947,0.68954,192.0
2026-06-29 05:45:00,0.68955,0.68968,0.68952,0.68962,192.0
2026-06-29 05:50:00,0.68962,0.68977,0.68951,0.68975,361.0
2026-06-29 05:55:00,0.68975,0.68992,0.6897,0.68988,222.0
2026-06-29 06:00:00,0.68989,0.68996,0.68981,0.68989,241.0
2026-06-29 06:05:00,0.68988,0.68996,0.68976,0.68994,161.0
2026-06-29 06:10:00,0.68994,0.69,0.68984,0.68984,174.0
2026-06-29 06:15:00,0.68984,0.68993,0.68978,0.68992,127.0
2026-06-29 06:20:00,0.68991,0.68994,0.68974,0.68978,140.0
2026-06-29 06:25:00,0.68981,0.68992,0.68976,0.68992,74.0
2026-06-29 06:30:00,0.68992,0.68992,0.68977,0.68983,110.0
2026-06-29 06:35:00,0.68984,0.68988,0.68978,0.68988,108.0
2026-06-29 06:40:00,0.68989,0.68994,0.68978,0.68982,132.0
2026-06-29 06:45:00,0.68978,0.69,0.68968,0.68999,170.0
2026-06-29 06:50:00,0.69,0.69015,0.68994,0.6901,193.0
2026-06-29 06:55:00,0.69007,0.69009,0.68999,0.69,168.0
2026-06-29 07:00:00,0.69001,0.69023,0.68999,0.69022,271.0
2026-06-29 07:05:00,0.69023,0.69023,0.68988,0.68988,204.0
2026-06-29 07:10:00,0.68989,0.6899,0.68973,0.68978,214.0
2026-06-29 07:15:00,0.68979,0.6899,0.68977,0.68978,223.0
2026-06-29 07:20:00,0.68979,0.68987,0.68978,0.68979,233.0
2026-06-29 07:25:00,0.68979,0.68998,0.68978,0.6899,208.0
2026-06-29 07:30:00,0.68989,0.69019,0.68977,0.69,378.0
2026-06-29 07:35:00,0.69003,0.69004,0.68978,0.68978,149.0
2026-06-29 07:40:00,0.68979,0.6899,0.6897,0.68978,257.0
2026-06-29 07:45:00,0.68977,0.68998,0.68977,0.68984,192.0
2026-06-29 07:50:00,0.68984,0.68998,0.68984,0.68992,251.0
2026-06-29 07:55:00,0.68992,0.69022,0.68991,0.6901,356.0
2026-06-29 08:00:00,0.69008,0.6901,0.68992,0.68992,275.0
2026-06-29 08:05:00,0.68992,0.69,0.68992,0.68995,204.0
2026-06-29 08:10:00,0.68996,0.69012,0.68989,0.6901,192.0
2026-06-29 08:15:00,0.69006,0.69018,0.68999,0.69004,154.0
2026-06-29 08:20:00,0.69006,0.69014,0.68992,0.69,253.0
2026-06-29 08:25:00,0.69001,0.69004,0.68965,0.68978,316.0
2026-06-29 08:30:00,0.68979,0.68996,0.68978,0.68992,158.0
2026-06-29 08:35:00,0.68992,0.69,0.68968,0.68968,253.0
2026-06-29 08:40:00,0.68968,0.68978,0.68938,0.68958,308.0
2026-06-29 08:45:00,0.68957,0.68958,0.68943,0.68946,225.0
2026-06-29 08:50:00,0.68944,0.68968,0.68944,0.68954,224.0
2026-06-29 08:55:00,0.68955,0.68969,0.68951,0.68967,194.0
2026-06-29 09:00:00,0.6897,0.68976,0.68961,0.68968,235.0
2026-06-29 09:05:00,0.68968,0.68972,0.68953,0.68956,243.0
2026-06-29 09:10:00,0.68954,0.68962,0.68952,0.68958,240.0
2026-06-29 09:15:00,0.68956,0.68956,0.68941,0.68952,182.0
2026-06-29 09:20:00,0.68955,0.68955,0.68944,0.6895,196.0
2026-06-29 09:25:00,0.6895,0.6896,0.68947,0.68958,210.0
2026-06-29 09:30:00,0.68958,0.68962,0.68932,0.68958,446.0
2026-06-29 09:35:00,0.68957,0.68958,0.68916,0.68924,436.0
2026-06-29 09:40:00,0.6892,0.68932,0.68908,0.68928,475.0
2026-06-29 09:45:00,0.68925,0.68934,0.6892,0.68932,439.0
2026-06-29 09:50:00,0.68933,0.68935,0.68903,0.6891,413.0
2026-06-29 09:55:00,0.68911,0.68912,0.6888,0.68886,575.0
2026-06-29 10:00:00,0.68887,0.68906,0.68864,0.68876,551.0
2026-06-29 10:05:00,0.68877,0.6888,0.68838,0.68852,368.0
2026-06-29 10:10:00,0.68854,0.68856,0.68803,0.68804,633.0
2026-06-29 10:15:00,0.68802,0.68828,0.68775,0.68824,1112.0
2026-06-29 10:20:00,0.68827,0.68848,0.68805,0.68835,815.0
2026-06-29 10:25:00,0.68834,0.68852,0.68832,0.68837,481.0
2026-06-29 10:30:00,0.68834,0.68868,0.68833,0.68841,531.0
2026-06-29 10:35:00,0.6884,0.68849,0.68821,0.68829,540.0
2026-06-29 10:40:00,0.68829,0.68848,0.68809,0.68812,585.0
2026-06-29 10:45:00,0.68813,0.68813,0.68774,0.68798,560.0
2026-06-29 10:50:00,0.68796,0.68834,0.68796,0.68828,513.0
2026-06-29 10:55:00,0.68828,0.68832,0.68804,0.68804,499.0
2026-06-29 11:00:00,0.68807,0.68822,0.68794,0.68802,478.0
2026-06-29 11:05:00,0.68802,0.68809,0.68794,0.68809,367.0
2026-06-29 11:10:00,0.6881,0.6882,0.68796,0.68818,363.0
2026-06-29 11:15:00,0.68818,0.68835,0.68812,0.6882,296.0
2026-06-29 11:20:00,0.68817,0.68825,0.68799,0.6881,331.0
2026-06-29 11:25:00,0.6881,0.68832,0.68802,0.68826,350.0
2026-06-29 11:30:00,0.68828,0.68831,0.68804,0.68804,400.0
2026-06-29 11:35:00,0.68806,0.68808,0.68788,0.68804,282.0
2026-06-29 11:40:00,0.68804,0.68826,0.68794,0.68825,378.0
2026-06-29 11:45:00,0.68824,0.68848,0.6882,0.68848,279.0
2026-06-29 11:50:00,0.68848,0.68848,0.68832,0.68838,292.0
2026-06-29 11:55:00,0.68836,0.68849,0.68832,0.68842,285.0
2026-06-29 12:00:00,0.68844,0.68872,0.68838,0.68868,365.0
2026-06-29 12:05:00,0.68867,0.6887,0.6886,0.68867,320.0
2026-06-29 12:10:00,0.68868,0.68872,0.68859,0.6886,251.0
2026-06-29 12:15:00,0.68864,0.68877,0.68862,0.68876,246.0
2026-06-29 12:20:00,0.68876,0.68876,0.68856,0.68864,243.0
2026-06-29 12:25:00,0.68864,0.68864,0.68855,0.68857,159.0
2026-06-29 12:30:00,0.68858,0.6887,0.68852,0.68857,202.0
2026-06-29 12:35:00,0.68856,0.68885,0.68856,0.68884,312.0
2026-06-29 12:40:00,0.68884,0.68892,0.68876,0.68892,168.0
2026-06-29 12:45:00,0.6889,0.68906,0.68886,0.68904,213.0
2026-06-29 12:50:00,0.68903,0.68908,0.68888,0.6889,162.0
2026-06-29 12:55:00,0.68889,0.6889,0.68862,0.68866,194.0
2026-06-29 13:00:00,0.68867,0.68878,0.68865,0.68872,293.0
2026-06-29 13:05:00,0.68872,0.68878,0.68871,0.68874,127.0
2026-06-29 13:10:00,0.68874,0.68891,0.68874,0.68886,106.0
2026-06-29 13:15:00,0.68888,0.68892,0.68872,0.68874,123.0
2026-06-29 13:20:00,0.68872,0.68874,0.68856,0.68862,261.0
2026-06-29 13:25:00,0.68862,0.6887,0.68859,0.68866,286.0
2026-06-29 13:30:00,0.68867,0.6887,0.68856,0.68868,156.0
2026-06-29 13:35:00,0.68867,0.68877,0.68867,0.68874,153.0
2026-06-29 13:40:00,0.68873,0.68874,0.68868,0.6887,168.0
2026-06-29 13:45:00,0.6887,0.68871,0.68862,0.6887,156.0
2026-06-29 13:50:00,0.68872,0.68892,0.68871,0.6889,152.0
2026-06-29 13:55:00,0.68891,0.68891,0.6887,0.68882,174.0
2026-06-29 14:00:00,0.68882,0.68906,0.68882,0.689,217.0
2026-06-29 14:05:00,0.68898,0.68904,0.68892,0.68902,211.0
2026-06-29 14:10:00,0.689,0.6891,0.689,0.6891,113.0
2026-06-29 14:15:00,0.68908,0.68909,0.68898,0.68908,129.0
2026-06-29 14:20:00,0.68904,0.6891,0.689,0.68908,203.0
2026-06-29 14:25:00,0.68906,0.68906,0.68894,0.68903,177.0
2026-06-29 14:30:00,0.68902,0.68904,0.68898,0.68902,131.0
2026-06-29 14:35:00,0.68903,0.68912,0.68902,0.68908,119.0
2026-06-29 14:40:00,0.68909,0.6892,0.68909,0.68918,129.0
2026-06-29 14:45:00,0.68914,0.68922,0.6891,0.68922,108.0
2026-06-29 14:50:00,0.68921,0.68924,0.68916,0.68917,76.0
2026-06-29 14:55:00,0.68915,0.68915,0.68898,0.68903,282.0
2026-06-29 15:00:00,0.68902,0.68912,0.68899,0.68899,84.0
2026-06-29 15:05:00,0.689,0.689,0.68891,0.68896,70.0
2026-06-29 15:10:00,0.68896,0.68896,0.6888,0.68888,70.0
2026-06-29 15:15:00,0.68889,0.68898,0.68888,0.68894,103.0
2026-06-29 15:20:00,0.68894,0.68903,0.68894,0.68901,55.0
2026-06-29 15:25:00,0.689,0.68908,0.68898,0.68904,65.0
2026-06-29 15:30:00,0.68904,0.68908,0.68901,0.68902,96.0
2026-06-29 15:35:00,0.68903,0.6891,0.689,0.68906,110.0
2026-06-29 15:40:00,0.68906,0.68914,0.68904,0.68912,108.0
2026-06-29 15:45:00,0.68913,0.68913,0.68899,0.68902,79.0
2026-06-29 15:50:00,0.68904,0.68904,0.68894,0.68895,134.0
2026-06-29 15:55:00,0.68894,0.68905,0.68894,0.68902,251.0
2026-06-29 16:00:00,0.68903,0.68904,0.68894,0.68895,168.0
2026-06-29 16:05:00,0.68898,0.68908,0.68897,0.68906,88.0
2026-06-29 16:10:00,0.68908,0.68909,0.68901,0.68906,56.0
2026-06-29 16:15:00,0.68907,0.68908,0.68904,0.68904,14.0
2026-06-29 16:20:00,0.68901,0.68901,0.68898,0.689,7.0
2026-06-29 16:25:00,0.689,0.689,0.68894,0.68894,25.0
2026-06-29 16:30:00,0.68892,0.68892,0.68888,0.68888,20.0
2026-06-29 16:35:00,0.68884,0.68884,0.68876,0.6888,50.0
2026-06-29 16:40:00,0.68878,0.68882,0.68876,0.68878,9.0
2026-06-29 16:45:00,0.68878,0.6888,0.68876,0.68878,32.0
2026-06-29 16:50:00,0.68876,0.68877,0.68868,0.68868,15.0
2026-06-29 16:55:00,0.68868,0.6887,0.68866,0.68869,24.0
2026-06-29 17:00:00,0.6889,0.6889,0.6889,0.6889,1.0
2026-06-29 17:05:00,0.68891,0.68894,0.68858,0.68891,81.0
2026-06-29 17:10:00,0.68895,0.68912,0.68872,0.68872,190.0
2026-06-29 17:15:00,0.68878,0.6888,0.68864,0.6887,58.0
2026-06-29 17:20:00,0.68869,0.6887,0.68858,0.68861,36.0
2026-06-29 17:25:00,0.68862,0.68866,0.6886,0.68862,28.0
2026-06-29 17:30:00,0.68862,0.68882,0.68856,0.68877,51.0
2026-06-29 17:35:00,0.68877,0.68908,0.68876,0.68896,206.0
2026-06-29 17:40:00,0.68895,0.68895,0.68886,0.68888,80.0
2026-06-29 17:45:00,0.68888,0.68894,0.68886,0.68888,43.0
2026-06-29 17:50:00,0.689,0.68909,0.68894,0.68894,170.0
2026-06-29 17:55:00,0.68896,0.68904,0.6888,0.68897,163.0
2026-06-29 18:00:00,0.68899,0.68899,0.68878,0.68884,174.0
2026-06-29 18:05:00,0.68886,0.6889,0.68882,0.68888,68.0
2026-06-29 18:10:00,0.6889,0.68895,0.68886,0.68889,88.0
2026-06-29 18:15:00,0.6889,0.68894,0.68888,0.68894,46.0
2026-06-29 18:20:00,0.68895,0.68895,0.6889,0.68891,30.0
2026-06-29 18:25:00,0.6889,0.6889,0.68884,0.6889,28.0
2026-06-29 18:30:00,0.68888,0.68891,0.68886,0.68886,68.0
2026-06-29 18:35:00,0.68884,0.68886,0.68874,0.68874,49.0
2026-06-29 18:40:00,0.68874,0.68878,0.68874,0.68874,48.0
2026-06-29 18:45:00,0.68874,0.68878,0.68874,0.68877,23.0
2026-06-29 18:50:00,0.68877,0.68882,0.68877,0.6888,15.0
2026-06-29 18:55:00,0.6888,0.68884,0.68872,0.68876,57.0
2026-06-29 19:00:00,0.68879,0.68882,0.68872,0.6888,104.0
2026-06-29 19:05:00,0.68878,0.68884,0.68877,0.6888,45.0
2026-06-29 19:10:00,0.68876,0.68882,0.68876,0.6888,50.0
2026-06-29 19:15:00,0.68881,0.68884,0.68881,0.68884,13.0
2026-06-29 19:20:00,0.68886,0.68895,0.68886,0.6889,40.0
2026-06-29 19:25:00,0.68888,0.68888,0.68876,0.68876,39.0
2026-06-29 19:30:00,0.68878,0.6888,0.6887,0.6887,81.0
2026-06-29 19:35:00,0.68867,0.68868,0.68866,0.68866,30.0
2026-06-29 19:40:00,0.68865,0.68872,0.68865,0.6887,25.0
2026-06-29 19:45:00,0.6887,0.6887,0.68842,0.68856,93.0
2026-06-29 19:50:00,0.68858,0.68858,0.68846,0.6885,100.0
2026-06-29 19:55:00,0.68848,0.68848,0.68816,0.68824,164.0
2026-06-29 20:00:00,0.68821,0.68821,0.68761,0.6877,464.0
2026-06-29 20:05:00,0.68768,0.68774,0.68736,0.6875,263.0
2026-06-29 20:10:00,0.6875,0.68776,0.68748,0.6876,147.0
2026-06-29 20:15:00,0.6876,0.68774,0.68758,0.68764,124.0
2026-06-29 20:20:00,0.68766,0.68768,0.68758,0.68767,113.0
2026-06-29 20:25:00,0.68768,0.6877,0.68731,0.6874,134.0
2026-06-29 20:30:00,0.6874,0.68756,0.68735,0.68752,173.0
2026-06-29 20:35:00,0.68756,0.68762,0.68729,0.68732,162.0
2026-06-29 20:40:00,0.68734,0.68744,0.68722,0.6873,166.0
2026-06-29 20:45:00,0.6873,0.68732,0.68712,0.6872,229.0
2026-06-29 20:50:00,0.68722,0.68737,0.68674,0.6868,385.0
2026-06-29 20:55:00,0.68682,0.68732,0.68674,0.68732,415.0
2026-06-29 21:00:00,0.68733,0.68742,0.6871,0.68721,352.0
2026-06-29 21:05:00,0.68721,0.68726,0.68662,0.6869,431.0
2026-06-29 21:10:00,0.68687,0.6869,0.68662,0.6868,505.0
2026-06-29 21:15:00,0.68678,0.68752,0.68676,0.68752,508.0
2026-06-29 21:20:00,0.68754,0.68779,0.6875,0.68775,318.0
2026-06-29 21:25:00,0.68776,0.68813,0.68772,0.68808,276.0
2026-06-29 21:30:00,0.68809,0.68836,0.68806,0.68828,372.0
2026-06-29 21:35:00,0.68829,0.68834,0.68778,0.68779,339.0
2026-06-29 21:40:00,0.68778,0.68782,0.68746,0.68747,378.0
2026-06-29 21:45:00,0.68748,0.68756,0.68709,0.68726,406.0
2026-06-29 21:50:00,0.68724,0.68735,0.68698,0.687,312.0
2026-06-29 21:55:00,0.68698,0.68714,0.68686,0.68704,300.0
2026-06-29 22:00:00,0.68704,0.68731,0.68697,0.6873,366.0
2026-06-29 22:05:00,0.68734,0.68734,0.68693,0.68699,217.0
2026-06-29 22:10:00,0.68698,0.687,0.6868,0.68686,208.0
2026-06-29 22:15:00,0.68689,0.68692,0.68666,0.68672,274.0
2026-06-29 22:20:00,0.6867,0.68695,0.6867,0.68687,181.0
2026-06-29 22:25:00,0.68688,0.6869,0.68672,0.68672,146.0
2026-06-29 22:30:00,0.6867,0.68674,0.68654,0.68664,291.0
2026-06-29 22:35:00,0.68666,0.68686,0.68662,0.68685,146.0
2026-06-29 22:40:00,0.68686,0.68686,0.68658,0.68666,143.0
2026-06-29 22:45:00,0.68667,0.6868,0.68656,0.68677,166.0
2026-06-29 22:50:00,0.6868,0.68699,0.68674,0.6868,89.0
2026-06-29 22:55:00,0.68684,0.6869,0.68676,0.68686,133.0
2026-06-29 23:00:00,0.68686,0.68726,0.68686,0.6872,215.0
2026-06-29 23:05:00,0.6872,0.68726,0.68695,0.687,181.0
2026-06-29 23:10:00,0.68697,0.68697,0.68684,0.68684,144.0
2026-06-29 23:15:00,0.68684,0.68703,0.68684,0.68699,179.0
2026-06-29 23:20:00,0.68702,0.68703,0.6868,0.68686,162.0
2026-06-29 23:25:00,0.68684,0.687,0.68676,0.68692,224.0
2026-06-29 23:30:00,0.68693,0.68699,0.6868,0.68684,159.0
2026-06-29 23:35:00,0.68686,0.68692,0.68676,0.68681,181.0
2026-06-29 23:40:00,0.68678,0.6869,0.68674,0.68675,127.0
2026-06-29 23:45:00,0.68676,0.68683,0.68676,0.68682,122.0
2026-06-29 23:50:00,0.68684,0.68699,0.68684,0.68685,99.0
2026-06-29 23:55:00,0.68683,0.68696,0.68678,0.68688,154.0
2026-06-30 00:00:00,0.68688,0.68705,0.68688,0.68703,230.0
2026-06-30 00:05:00,0.68702,0.68711,0.68688,0.6869,181.0
2026-06-30 00:10:00,0.68689,0.68712,0.68688,0.68709,128.0
2026-06-30 00:15:00,0.6871,0.68713,0.68701,0.68705,157.0
2026-06-30 00:20:00,0.68706,0.68711,0.687,0.68704,103.0
2026-06-30 00:25:00,0.68704,0.68718,0.68701,0.68715,82.0
2026-06-30 00:30:00,0.68714,0.68726,0.68714,0.68724,98.0
2026-06-30 00:35:00,0.68724,0.68735,0.68722,0.68735,179.0
2026-06-30 00:40:00,0.68734,0.68739,0.68719,0.68724,69.0
2026-06-30 00:45:00,0.68722,0.68732,0.68713,0.68732,177.0
2026-06-30 00:50:00,0.68731,0.68734,0.68718,0.6872,78.0
2026-06-30 00:55:00,0.6872,0.68723,0.68687,0.68689,176.0
2026-06-30 01:00:00,0.68688,0.68711,0.68684,0.68706,226.0
2026-06-30 01:05:00,0.68706,0.6873,0.68699,0.68714,243.0
2026-06-30 01:10:00,0.68716,0.68731,0.68713,0.6873,140.0
2026-06-30 01:15:00,0.6873,0.68735,0.68723,0.6873,99.0
2026-06-30 01:20:00,0.6873,0.68742,0.68724,0.6874,125.0
2026-06-30 01:25:00,0.68737,0.68738,0.68718,0.68729,193.0
2026-06-30 01:30:00,0.68727,0.68733,0.68716,0.68722,163.0
2026-06-30 01:35:00,0.6872,0.68727,0.6871,0.68727,112.0
2026-06-30 01:40:00,0.68731,0.68739,0.68726,0.6873,162.0
2026-06-30 01:45:00,0.6873,0.68744,0.68726,0.68744,192.0
2026-06-30 01:50:00,0.68742,0.6876,0.68734,0.68734,206.0
2026-06-30 01:55:00,0.68733,0.68733,0.6868,0.68688,381.0
2026-06-30 02:00:00,0.6869,0.68716,0.68686,0.68709,336.0
2026-06-30 02:05:00,0.68708,0.68714,0.68692,0.687,362.0
2026-06-30 02:10:00,0.687,0.6871,0.6869,0.68703,209.0
2026-06-30 02:15:00,0.68704,0.68724,0.68698,0.6872,200.0
2026-06-30 02:20:00,0.68726,0.68767,0.68721,0.68758,346.0
2026-06-30 02:25:00,0.68755,0.68788,0.68745,0.68784,290.0
2026-06-30 02:30:00,0.68784,0.68784,0.68748,0.6877,380.0
2026-06-30 02:35:00,0.68772,0.68784,0.68756,0.68763,326.0
2026-06-30 02:40:00,0.68764,0.6879,0.68746,0.68754,303.0
2026-06-30 02:45:00,0.68752,0.68774,0.68744,0.6875,421.0
2026-06-30 02:50:00,0.68749,0.68775,0.68742,0.68772,316.0
2026-06-30 02:55:00,0.68772,0.6879,0.68772,0.68786,178.0
2026-06-30 03:00:00,0.68787,0.68789,0.68763,0.68788,447.0
2026-06-30 03:05:00,0.68787,0.68788,0.68768,0.68769,256.0
2026-06-30 03:10:00,0.68769,0.6879,0.68765,0.68784,206.0
2026-06-30 03:15:00,0.68784,0.68785,0.68769,0.68773,173.0
2026-06-30 03:20:00,0.68772,0.68776,0.68762,0.68776,210.0
2026-06-30 03:25:00,0.68772,0.688,0.68769,0.68794,236.0
2026-06-30 03:30:00,0.68796,0.6882,0.68788,0.6882,291.0
2026-06-30 03:35:00,0.68817,0.68825,0.68811,0.68819,176.0
2026-06-30 03:40:00,0.68818,0.68819,0.68802,0.68809,174.0
2026-06-30 03:45:00,0.6881,0.68813,0.6879,0.6879,229.0
2026-06-30 03:50:00,0.68788,0.68788,0.68768,0.68784,205.0
2026-06-30 03:55:00,0.68784,0.68784,0.68764,0.68772,184.0
2026-06-30 04:00:00,0.6877,0.68809,0.6877,0.688,494.0
2026-06-30 04:05:00,0.68798,0.68824,0.68757,0.68766,381.0
2026-06-30 04:10:00,0.68769,0.68799,0.68769,0.68776,301.0
2026-06-30 04:15:00,0.68775,0.68796,0.68765,0.68784,328.0
2026-06-30 04:20:00,0.68786,0.68815,0.68778,0.6881,226.0
2026-06-30 04:25:00,0.6881,0.68822,0.68802,0.6881,209.0
2026-06-30 04:30:00,0.68809,0.68815,0.68792,0.68812,236.0
2026-06-30 04:35:00,0.68812,0.6882,0.68774,0.68775,294.0
2026-06-30 04:40:00,0.68775,0.68785,0.6876,0.6878,289.0
2026-06-30 04:45:00,0.68778,0.68795,0.68764,0.6879,286.0
2026-06-30 04:50:00,0.68789,0.68799,0.68774,0.68799,294.0
2026-06-30 04:55:00,0.68798,0.68816,0.68796,0.68812,255.0
2026-06-30 05:00:00,0.68812,0.68846,0.68805,0.68844,250.0
2026-06-30 05:05:00,0.68844,0.6886,0.68832,0.68849,269.0
2026-06-30 05:10:00,0.68848,0.68858,0.68844,0.68848,110.0
2026-06-30 05:15:00,0.68846,0.68854,0.6884,0.68846,201.0
2026-06-30 05:20:00,0.68848,0.68852,0.6883,0.68836,144.0
2026-06-30 05:25:00,0.68836,0.68846,0.6882,0.68821,153.0
2026-06-30 05:30:00,0.68822,0.68822,0.6881,0.68813,205.0
2026-06-30 05:35:00,0.68812,0.68828,0.68808,0.68824,154.0
2026-06-30 05:40:00,0.68824,0.68843,0.6882,0.68838,159.0
2026-06-30 05:45:00,0.68842,0.68846,0.68835,0.68844,120.0
2026-06-30 05:50:00,0.68843,0.6885,0.68834,0.68842,158.0
2026-06-30 05:55:00,0.68838,0.6885,0.68834,0.68842,160.0
2026-06-30 06:00:00,0.6884,0.6885,0.68828,0.68833,260.0
2026-06-30 06:05:00,0.68834,0.68847,0.6883,0.68847,138.0
2026-06-30 06:10:00,0.68846,0.68848,0.68834,0.68846,190.0
2026-06-30 06:15:00,0.68846,0.68861,0.68845,0.68854,196.0
2026-06-30 06:20:00,0.68851,0.68859,0.68846,0.68846,180.0
2026-06-30 06:25:00,0.68847,0.68853,0.6884,0.68848,152.0
2026-06-30 06:30:00,0.68848,0.68848,0.68826,0.6884,143.0
2026-06-30 06:35:00,0.68842,0.68851,0.68837,0.6884,142.0
2026-06-30 06:40:00,0.68842,0.6886,0.68836,0.68848,163.0
2026-06-30 06:45:00,0.68846,0.68852,0.6884,0.68848,78.0
2026-06-30 06:50:00,0.68848,0.68872,0.68848,0.68872,168.0
2026-06-30 06:55:00,0.68872,0.68904,0.68869,0.689,278.0
2026-06-30 07:00:00,0.68901,0.68902,0.68887,0.68898,335.0
2026-06-30 07:05:00,0.68898,0.689,0.68883,0.68894,157.0
2026-06-30 07:10:00,0.68892,0.68897,0.68884,0.68896,213.0
2026-06-30 07:15:00,0.68897,0.68901,0.68884,0.68892,190.0
2026-06-30 07:20:00,0.68892,0.68898,0.68864,0.68872,230.0
2026-06-30 07:25:00,0.68872,0.68885,0.68864,0.6888,215.0
2026-06-30 07:30:00,0.68883,0.68886,0.6886,0.68869,165.0
2026-06-30 07:35:00,0.6887,0.68874,0.68844,0.6885,242.0
2026-06-30 07:40:00,0.68848,0.68894,0.68844,0.68884,238.0
2026-06-30 07:45:00,0.68882,0.68894,0.68874,0.68894,181.0
2026-06-30 07:50:00,0.68894,0.68895,0.68885,0.6889,230.0
2026-06-30 07:55:00,0.68892,0.68895,0.68878,0.68878,151.0
2026-06-30 08:00:00,0.6888,0.6889,0.68867,0.68884,201.0
2026-06-30 08:05:00,0.68884,0.68888,0.68874,0.68874,178.0
2026-06-30 08:10:00,0.68872,0.68874,0.68862,0.68872,177.0
2026-06-30 08:15:00,0.68872,0.68877,0.6886,0.68873,177.0
2026-06-30 08:20:00,0.68874,0.68874,0.68826,0.68828,308.0
2026-06-30 08:25:00,0.68828,0.68838,0.6882,0.68834,203.0
2026-06-30 08:30:00,0.68833,0.68866,0.68824,0.68865,430.0
2026-06-30 08:35:00,0.68864,0.68876,0.68852,0.68858,298.0
2026-06-30 08:40:00,0.68859,0.68885,0.68852,0.68876,223.0
2026-06-30 08:45:00,0.68874,0.68874,0.68852,0.68858,258.0
2026-06-30 08:50:00,0.68857,0.6889,0.6885,0.68884,345.0
2026-06-30 08:55:00,0.68885,0.68885,0.68848,0.68848,309.0
2026-06-30 09:00:00,0.68848,0.68872,0.68848,0.68864,257.0
2026-06-30 09:05:00,0.68864,0.68889,0.68856,0.68888,253.0
2026-06-30 09:10:00,0.68887,0.68908,0.68887,0.68898,217.0
2026-06-30 09:15:00,0.68898,0.6894,0.68895,0.68934,311.0
2026-06-30 09:20:00,0.68936,0.68946,0.68893,0.68905,306.0
2026-06-30 09:25:00,0.68904,0.68919,0.68903,0.6891,165.0
2026-06-30 09:30:00,0.68912,0.68922,0.68888,0.689,392.0
2026-06-30 09:35:00,0.68898,0.6892,0.68889,0.68906,356.0
2026-06-30 09:40:00,0.68906,0.68923,0.689,0.68922,257.0
2026-06-30 09:45:00,0.68922,0.68935,0.68906,0.68918,372.0
2026-06-30 09:50:00,0.6892,0.68946,0.6892,0.68924,453.0
2026-06-30 09:55:00,0.68924,0.68935,0.68923,0.68926,189.0
2026-06-30 10:00:00,0.68926,0.68954,0.68904,0.6895,525.0
2026-06-30 10:05:00,0.68948,0.68994,0.68932,0.68989,386.0
2026-06-30 10:10:00,0.68988,0.69034,0.68986,0.69034,546.0
2026-06-30 10:15:00,0.69033,0.69077,0.69029,0.69048,674.0
2026-06-30 10:20:00,0.6905,0.69092,0.69044,0.69072,491.0
2026-06-30 10:25:00,0.69072,0.69096,0.69062,0.69096,431.0
2026-06-30 10:30:00,0.69096,0.69113,0.69082,0.69088,438.0
2026-06-30 10:35:00,0.6909,0.69112,0.69084,0.69092,423.0
2026-06-30 10:40:00,0.69094,0.6914,0.69081,0.69134,435.0
2026-06-30 10:45:00,0.69136,0.69146,0.69121,0.6913,549.0
2026-06-30 10:50:00,0.6913,0.69196,0.6913,0.69184,795.0
2026-06-30 10:55:00,0.69186,0.69296,0.69181,0.6925,1163.0
2026-06-30 11:00:00,0.6925,0.69298,0.69214,0.69222,901.0
2026-06-30 11:05:00,0.69223,0.69244,0.69211,0.69226,547.0
2026-06-30 11:10:00,0.69228,0.69237,0.69207,0.69218,416.0
2026-06-30 11:15:00,0.69216,0.69216,0.69176,0.69182,482.0
2026-06-30 11:20:00,0.69184,0.69189,0.6917,0.69178,348.0
2026-06-30 11:25:00,0.69179,0.6919,0.69158,0.69158,253.0
2026-06-30 11:30:00,0.69154,0.69172,0.69153,0.69158,343.0
2026-06-30 11:35:00,0.69159,0.69167,0.69146,0.69148,338.0
2026-06-30 11:40:00,0.69148,0.69154,0.69139,0.6914,248.0
2026-06-30 11:45:00,0.6914,0.6916,0.6914,0.6916,265.0
2026-06-30 11:50:00,0.69158,0.69158,0.6914,0.69146,232.0
2026-06-30 11:55:00,0.6915,0.69154,0.69132,0.69142,290.0
2026-06-30 12:00:00,0.69141,0.69149,0.69124,0.69128,244.0
2026-06-30 12:05:00,0.69128,0.69133,0.69114,0.69132,244.0
2026-06-30 12:10:00,0.69133,0.69134,0.69108,0.69124,174.0
2026-06-30 12:15:00,0.69126,0.69126,0.69098,0.691,249.0
2026-06-30 12:20:00,0.69101,0.69125,0.69101,0.69112,191.0
2026-06-30 12:25:00,0.69111,0.69113,0.69098,0.6911,171.0
2026-06-30 12:30:00,0.69111,0.69116,0.69095,0.69099,106.0
2026-06-30 12:35:00,0.69098,0.69118,0.69096,0.69117,144.0
2026-06-30 12:40:00,0.69116,0.69122,0.69106,0.69115,188.0
2026-06-30 12:45:00,0.69114,0.69137,0.69112,0.69132,115.0
2026-06-30 12:50:00,0.69133,0.69141,0.69116,0.69117,230.0
2026-06-30 12:55:00,0.69118,0.69128,0.69116,0.6912,249.0
2026-06-30 13:00:00,0.6912,0.69158,0.69116,0.6915,189.0
2026-06-30 13:05:00,0.6915,0.6915,0.69128,0.6913,110.0
2026-06-30 13:10:00,0.6913,0.69138,0.69126,0.69128,264.0
2026-06-30 13:15:00,0.69127,0.69144,0.69127,0.69143,111.0
2026-06-30 13:20:00,0.69144,0.69147,0.69134,0.69147,86.0
2026-06-30 13:25:00,0.69146,0.69154,0.69142,0.69146,114.0
2026-06-30 13:30:00,0.69148,0.6916,0.69145,0.69155,131.0
2026-06-30 13:35:00,0.69154,0.69158,0.69148,0.69148,117.0
2026-06-30 13:40:00,0.69148,0.69178,0.69148,0.69178,142.0
2026-06-30 13:45:00,0.69177,0.69189,0.69176,0.69188,64.0
2026-06-30 13:50:00,0.69187,0.6919,0.69183,0.69184,96.0
2026-06-30 13:55:00,0.69184,0.69188,0.69178,0.69182,99.0
2026-06-30 14:00:00,0.69184,0.69194,0.69182,0.69194,56.0
2026-06-30 14:05:00,0.69196,0.69211,0.69194,0.69208,129.0
2026-06-30 14:10:00,0.69206,0.69209,0.69202,0.69204,82.0
2026-06-30 14:15:00,0.69204,0.69206,0.69192,0.69206,107.0
2026-06-30 14:20:00,0.69206,0.69216,0.69202,0.69208,118.0
2026-06-30 14:25:00,0.69208,0.6921,0.69198,0.69204,139.0
2026-06-30 14:30:00,0.69203,0.69206,0.69194,0.69202,103.0
2026-06-30 14:35:00,0.69202,0.69206,0.6919,0.69191,147.0
2026-06-30 14:40:00,0.69188,0.69194,0.69182,0.69192,135.0
2026-06-30 14:45:00,0.69194,0.6922,0.69194,0.6922,124.0
2026-06-30 14:50:00,0.69222,0.69228,0.69212,0.69213,87.0
2026-06-30 14:55:00,0.69212,0.69216,0.692,0.69204,201.0
2026-06-30 15:00:00,0.69202,0.6922,0.69202,0.69208,148.0
2026-06-30 15:05:00,0.69207,0.69208,0.69196,0.69201,95.0
2026-06-30 15:10:00,0.692,0.69208,0.692,0.69206,139.0
2026-06-30 15:15:00,0.69205,0.69215,0.69201,0.69212,99.0
2026-06-30 15:20:00,0.6921,0.6921,0.69192,0.69192,156.0
2026-06-30 15:25:00,0.69195,0.692,0.69188,0.69191,168.0
2026-06-30 15:30:00,0.69192,0.69214,0.69187,0.69206,142.0
2026-06-30 15:35:00,0.69204,0.69208,0.69198,0.69204,101.0
2026-06-30 15:40:00,0.69202,0.69204,0.69192,0.69198,98.0
2026-06-30 15:45:00,0.69198,0.69205,0.69196,0.69201,128.0
2026-06-30 15:50:00,0.692,0.692,0.69188,0.692,164.0
2026-06-30 15:55:00,0.69202,0.69242,0.69196,0.69232,296.0
2026-06-30 16:00:00,0.69232,0.6924,0.69228,0.69234,288.0
2026-06-30 16:05:00,0.69237,0.69238,0.69218,0.69218,73.0
2026-06-30 16:10:00,0.69216,0.69222,0.69212,0.6922,116.0
2026-06-30 16:15:00,0.69222,0.69226,0.69215,0.69225,73.0
2026-06-30 16:20:00,0.69224,0.6923,0.69222,0.69226,46.0
2026-06-30 16:25:00,0.69225,0.69225,0.69214,0.69214,58.0
2026-06-30 16:30:00,0.69214,0.69214,0.69206,0.69212,39.0
2026-06-30 16:35:00,0.69211,0.69211,0.69196,0.69201,48.0
2026-06-30 16:40:00,0.69201,0.69212,0.69198,0.69211,25.0
2026-06-30 16:45:00,0.6921,0.69212,0.69202,0.69206,41.0
2026-06-30 16:50:00,0.69208,0.6921,0.69201,0.69203,55.0
2026-06-30 16:55:00,0.69203,0.69204,0.69188,0.69196,240.0
2026-06-30 17:00:00,0.69166,0.69168,0.69166,0.69166,5.0
2026-06-30 17:05:00,0.69172,0.69186,0.69145,0.69173,251.0
2026-06-30 17:10:00,0.69175,0.69176,0.69142,0.6916,57.0
2026-06-30 17:15:00,0.69162,0.69181,0.69156,0.6918,132.0
2026-06-30 17:20:00,0.69179,0.69181,0.69154,0.69164,270.0
2026-06-30 17:25:00,0.69162,0.69175,0.69162,0.69172,252.0
2026-06-30 17:30:00,0.69174,0.69182,0.6917,0.69177,130.0
2026-06-30 17:35:00,0.69176,0.69184,0.69172,0.69182,53.0
2026-06-30 17:40:00,0.69181,0.69186,0.69175,0.69178,79.0
2026-06-30 17:45:00,0.69179,0.69184,0.69176,0.69178,62.0
2026-06-30 17:50:00,0.6918,0.69188,0.69176,0.69186,29.0
2026-06-30 17:55:00,0.69182,0.69191,0.69182,0.69186,29.0
2026-06-30 18:00:00,0.69186,0.69202,0.69181,0.69192,95.0
2026-06-30 18:05:00,0.69193,0.69198,0.6919,0.69191,56.0
2026-06-30 18:10:00,0.6919,0.69191,0.6918,0.6918,45.0
2026-06-30 18:15:00,0.6918,0.69184,0.69176,0.69182,51.0
2026-06-30 18:20:00,0.69186,0.69189,0.69184,0.69184,28.0
2026-06-30 18:25:00,0.69185,0.69185,0.69177,0.69177,22.0
2026-06-30 18:30:00,0.69179,0.69182,0.69175,0.69181,35.0
2026-06-30 18:35:00,0.6918,0.69182,0.69174,0.69176,44.0
2026-06-30 18:40:00,0.69176,0.69181,0.69176,0.69178,29.0
2026-06-30 18:45:00,0.69179,0.6918,0.69163,0.69167,36.0
2026-06-30 18:50:00,0.69166,0.69169,0.6916,0.69164,30.0
2026-06-30 18:55:00,0.69166,0.69176,0.69166,0.69175,46.0
2026-06-30 19:00:00,0.69176,0.69176,0.6917,0.69171,38.0
2026-06-30 19:05:00,0.6917,0.6918,0.6917,0.69179,43.0
2026-06-30 19:10:00,0.69178,0.69179,0.6917,0.69171,30.0
2026-06-30 19:15:00,0.6917,0.69174,0.69169,0.69174,17.0
2026-06-30 19:20:00,0.69174,0.69176,0.6917,0.69176,28.0
2026-06-30 19:25:00,0.69176,0.69176,0.69158,0.69158,59.0
2026-06-30 19:30:00,0.69158,0.6917,0.69156,0.6917,22.0
2026-06-30 19:35:00,0.69171,0.69172,0.6915,0.69151,58.0
2026-06-30 19:40:00,0.69151,0.69154,0.69144,0.69144,59.0
2026-06-30 19:45:00,0.69146,0.69156,0.69145,0.6915,74.0
2026-06-30 19:50:00,0.69151,0.69156,0.69139,0.6914,99.0
2026-06-30 19:55:00,0.6914,0.69142,0.69116,0.69121,149.0
2026-06-30 20:00:00,0.69122,0.69135,0.69114,0.69132,191.0
2026-06-30 20:05:00,0.69133,0.69137,0.69122,0.69131,64.0
2026-06-30 20:10:00,0.69132,0.69138,0.6912,0.69122,103.0
2026-06-30 20:15:00,0.69123,0.69125,0.6909,0.69094,188.0
2026-06-30 20:20:00,0.69094,0.69101,0.69072,0.6909,197.0
2026-06-30 20:25:00,0.69092,0.69092,0.69061,0.6907,193.0
2026-06-30 20:30:00,0.6907,0.6909,0.69064,0.6908,197.0
2026-06-30 20:35:00,0.69076,0.69077,0.69058,0.69075,176.0
2026-06-30 20:40:00,0.69074,0.69075,0.69038,0.69038,175.0
2026-06-30 20:45:00,0.69038,0.69042,0.69016,0.69016,187.0
2026-06-30 20:50:00,0.69016,0.69042,0.69016,0.6902,175.0
2026-06-30 20:55:00,0.69021,0.69029,0.6901,0.69012,195.0
2026-06-30 21:00:00,0.69013,0.69027,0.69,0.69003,233.0
2026-06-30 21:05:00,0.68999,0.69003,0.68972,0.68972,218.0
2026-06-30 21:10:00,0.68972,0.68976,0.68958,0.6897,166.0
2026-06-30 21:15:00,0.68972,0.6899,0.68942,0.68966,268.0
2026-06-30 21:20:00,0.68965,0.68984,0.68958,0.6897,188.0
2026-06-30 21:25:00,0.68972,0.68973,0.68952,0.6896,240.0
2026-06-30 21:30:00,0.68962,0.68969,0.68947,0.68956,198.0
2026-06-30 21:35:00,0.68955,0.68959,0.68946,0.68955,183.0
2026-06-30 21:40:00,0.68956,0.68957,0.6893,0.68939,216.0
2026-06-30 21:45:00,0.68935,0.68944,0.689,0.6891,292.0
2026-06-30 21:50:00,0.6891,0.68916,0.68887,0.68896,273.0
2026-06-30 21:55:00,0.68896,0.68922,0.68892,0.68918,258.0
2026-06-30 22:00:00,0.68921,0.68922,0.68886,0.68886,282.0
2026-06-30 22:05:00,0.68884,0.68888,0.68846,0.68852,315.0
2026-06-30 22:10:00,0.68852,0.68865,0.68831,0.68865,251.0
2026-06-30 22:15:00,0.68866,0.68878,0.68852,0.68872,198.0
2026-06-30 22:20:00,0.68872,0.68888,0.68868,0.6888,136.0
2026-06-30 22:25:00,0.68882,0.68887,0.68862,0.68887,186.0
2026-06-30 22:30:00,0.68888,0.68904,0.68872,0.68872,228.0
2026-06-30 22:35:00,0.68873,0.68902,0.68873,0.68898,180.0
2026-06-30 22:40:00,0.68898,0.68926,0.68892,0.68914,220.0
2026-06-30 22:45:00,0.68916,0.68932,0.68906,0.68906,136.0
2026-06-30 22:50:00,0.68906,0.68924,0.68906,0.68917,131.0
2026-06-30 22:55:00,0.68918,0.68922,0.68889,0.68892,178.0
2026-06-30 23:00:00,0.68892,0.6891,0.6888,0.68906,239.0
2026-06-30 23:05:00,0.68906,0.68923,0.689,0.68913,188.0
2026-06-30 23:10:00,0.68912,0.68918,0.6891,0.68912,78.0
2026-06-30 23:15:00,0.68911,0.68917,0.68894,0.68903,147.0
2026-06-30 23:20:00,0.68902,0.68917,0.68892,0.68901,142.0
2026-06-30 23:25:00,0.68901,0.68908,0.68886,0.68896,107.0
2026-06-30 23:30:00,0.68898,0.68907,0.6888,0.68882,184.0
2026-06-30 23:35:00,0.68882,0.68903,0.68882,0.68897,117.0
2026-06-30 23:40:00,0.68898,0.68904,0.68876,0.68876,128.0
2026-06-30 23:45:00,0.68877,0.68902,0.68876,0.68899,107.0
2026-06-30 23:50:00,0.68898,0.68906,0.68896,0.68896,60.0
2026-06-30 23:55:00,0.68894,0.68916,0.68892,0.68916,77.0
2026-07-01 00:00:00,0.68916,0.68916,0.68886,0.68893,138.0
2026-07-01 00:05:00,0.68892,0.68892,0.68882,0.68886,119.0
2026-07-01 00:10:00,0.68886,0.68886,0.68872,0.68872,105.0
2026-07-01 00:15:00,0.68872,0.68876,0.68864,0.6887,166.0
2026-07-01 00:20:00,0.6887,0.68872,0.68856,0.68862,123.0
2026-07-01 00:25:00,0.68862,0.68874,0.68859,0.68874,109.0
2026-07-01 00:30:00,0.68874,0.68908,0.68874,0.68896,213.0
2026-07-01 00:35:00,0.68897,0.6891,0.6889,0.68896,122.0
2026-07-01 00:40:00,0.68896,0.68917,0.68896,0.6891,129.0
2026-07-01 00:45:00,0.68911,0.68941,0.68911,0.68923,140.0
2026-07-01 00:50:00,0.68924,0.68938,0.68923,0.68932,126.0
2026-07-01 00:55:00,0.68931,0.68937,0.68923,0.68923,135.0
2026-07-01 01:00:00,0.68922,0.68938,0.68913,0.68926,191.0
2026-07-01 01:05:00,0.68928,0.6894,0.68928,0.68938,125.0
2026-07-01 01:10:00,0.68937,0.68938,0.68916,0.68918,153.0
2026-07-01 01:15:00,0.68918,0.68935,0.68907,0.68928,100.0
2026-07-01 01:20:00,0.68928,0.6894,0.68928,0.68938,151.0
2026-07-01 01:25:00,0.68937,0.68948,0.68932,0.68945,167.0
2026-07-01 01:30:00,0.68946,0.68962,0.68939,0.68956,168.0
2026-07-01 01:35:00,0.68955,0.6896,0.68948,0.68953,165.0
2026-07-01 01:40:00,0.68952,0.68963,0.68946,0.68958,148.0
2026-07-01 01:45:00,0.68959,0.68959,0.68935,0.68937,143.0
2026-07-01 01:50:00,0.68936,0.68966,0.68935,0.6895,167.0
2026-07-01 01:55:00,0.68946,0.68954,0.68932,0.68943,243.0
2026-07-01 02:00:00,0.68939,0.68948,0.6893,0.68942,236.0
2026-07-01 02:05:00,0.6894,0.6894,0.68908,0.68917,294.0
2026-07-01 02:10:00,0.68917,0.68917,0.68891,0.689,320.0
2026-07-01 02:15:00,0.68901,0.68908,0.68896,0.68907,244.0
2026-07-01 02:20:00,0.68906,0.68909,0.6889,0.68898,235.0
2026-07-01 02:25:00,0.68896,0.689,0.68887,0.68896,213.0
2026-07-01 02:30:00,0.68896,0.68912,0.6889,0.6889,211.0
2026-07-01 02:35:00,0.68887,0.68897,0.68882,0.68884,223.0
2026-07-01 02:40:00,0.68885,0.68898,0.68875,0.68897,197.0
2026-07-01 02:45:00,0.68896,0.68906,0.68892,0.689,144.0
2026-07-01 02:50:00,0.68903,0.6891,0.68897,0.6891,109.0
2026-07-01 02:55:00,0.6891,0.68914,0.68898,0.68914,191.0
2026-07-01 03:00:00,0.68915,0.68932,0.68888,0.68928,434.0
2026-07-01 03:05:00,0.68928,0.68932,0.68898,0.68907,192.0
2026-07-01 03:10:00,0.68904,0.68913,0.68881,0.68882,256.0
2026-07-01 03:15:00,0.68878,0.68881,0.68856,0.68878,318.0
2026-07-01 03:20:00,0.6888,0.68888,0.68872,0.68884,169.0
2026-07-01 03:25:00,0.68883,0.68895,0.6887,0.6887,104.0
2026-07-01 03:30:00,0.6887,0.68899,0.68868,0.68894,210.0
2026-07-01 03:35:00,0.68894,0.68913,0.68891,0.68912,153.0
2026-07-01 03:40:00,0.68908,0.68921,0.68871,0.68874,154.0
2026-07-01 03:45:00,0.6887,0.68908,0.6887,0.68894,188.0
2026-07-01 03:50:00,0.68898,0.68908,0.68893,0.68906,154.0
2026-07-01 03:55:00,0.68907,0.6895,0.68906,0.68932,327.0
2026-07-01 04:00:00,0.6893,0.68938,0.68898,0.68899,301.0
2026-07-01 04:05:00,0.68899,0.68919,0.68888,0.68919,180.0
2026-07-01 04:10:00,0.68918,0.68921,0.68904,0.68914,148.0
2026-07-01 04:15:00,0.68914,0.68932,0.68914,0.6893,173.0
2026-07-01 04:20:00,0.6893,0.68934,0.68907,0.6892,159.0
2026-07-01 04:25:00,0.68923,0.68936,0.68918,0.68924,179.0
2026-07-01 04:30:00,0.68924,0.68932,0.68905,0.68927,199.0
2026-07-01 04:35:00,0.68926,0.68938,0.68915,0.68932,250.0
2026-07-01 04:40:00,0.68932,0.68948,0.68926,0.68948,167.0
2026-07-01 04:45:00,0.68944,0.68944,0.68908,0.68912,153.0
2026-07-01 04:50:00,0.68911,0.6893,0.68909,0.68928,168.0
2026-07-01 04:55:00,0.68928,0.68939,0.68912,0.68918,165.0
2026-07-01 05:00:00,0.68916,0.68929,0.68904,0.68922,266.0
2026-07-01 05:05:00,0.68921,0.6893,0.68904,0.68906,254.0
2026-07-01 05:10:00,0.68909,0.68943,0.68909,0.68938,169.0
2026-07-01 05:15:00,0.68936,0.68936,0.6891,0.68912,191.0
2026-07-01 05:20:00,0.68911,0.68931,0.68911,0.68926,198.0
2026-07-01 05:25:00,0.68928,0.68934,0.68918,0.6893,148.0
2026-07-01 05:30:00,0.68931,0.68932,0.68914,0.6892,258.0
2026-07-01 05:35:00,0.68921,0.68934,0.6891,0.6891,201.0
2026-07-01 05:40:00,0.68911,0.68915,0.68903,0.68912,145.0
2026-07-01 05:45:00,0.68913,0.68927,0.68912,0.6892,122.0
2026-07-01 05:50:00,0.68921,0.68921,0.68898,0.68912,189.0
2026-07-01 05:55:00,0.68911,0.68912,0.68894,0.68894,185.0
2026-07-01 06:00:00,0.68897,0.68898,0.68886,0.68892,167.0
2026-07-01 06:05:00,0.68891,0.68904,0.68887,0.689,181.0
2026-07-01 06:10:00,0.68901,0.68901,0.6889,0.68894,92.0
2026-07-01 06:15:00,0.68894,0.68929,0.68892,0.68921,168.0
2026-07-01 06:20:00,0.68921,0.68928,0.68912,0.68914,100.0
2026-07-01 06:25:00,0.68914,0.68933,0.68913,0.68932,142.0
2026-07-01 06:30:00,0.68935,0.68954,0.68934,0.68952,122.0
2026-07-01 06:35:00,0.68954,0.68972,0.68954,0.68966,189.0
2026-07-01 06:40:00,0.68968,0.68968,0.68946,0.68957,186.0
2026-07-01 06:45:00,0.68958,0.68975,0.68958,0.68974,73.0
2026-07-01 06:50:00,0.68974,0.68996,0.68974,0.68982,139.0
2026-07-01 06:55:00,0.68982,0.68998,0.68982,0.68985,152.0
2026-07-01 07:00:00,0.68984,0.68993,0.68967,0.6897,163.0
2026-07-01 07:05:00,0.6897,0.68973,0.68962,0.68964,142.0
2026-07-01 07:10:00,0.68968,0.68982,0.68962,0.68968,196.0
2026-07-01 07:15:00,0.68967,0.68983,0.68967,0.68983,171.0
2026-07-01 07:20:00,0.68983,0.68983,0.68968,0.68972,155.0
2026-07-01 07:25:00,0.68972,0.68982,0.68972,0.68976,111.0
2026-07-01 07:30:00,0.68976,0.68976,0.6895,0.68951,110.0
2026-07-01 07:35:00,0.68951,0.68961,0.68948,0.6896,102.0
2026-07-01 07:40:00,0.68959,0.68972,0.68947,0.68969,183.0
2026-07-01 07:45:00,0.68968,0.68968,0.68951,0.68951,134.0
2026-07-01 07:50:00,0.68952,0.68966,0.68942,0.68942,186.0
2026-07-01 07:55:00,0.68943,0.68946,0.68928,0.68934,249.0
2026-07-01 08:00:00,0.68936,0.68944,0.68918,0.68919,270.0
2026-07-01 08:05:00,0.68916,0.68929,0.68894,0.68912,318.0
2026-07-01 08:10:00,0.68912,0.68948,0.6891,0.68948,224.0
2026-07-01 08:15:00,0.68947,0.68968,0.68941,0.68967,307.0
2026-07-01 08:20:00,0.68968,0.68968,0.68956,0.68962,257.0
2026-07-01 08:25:00,0.68962,0.68972,0.6895,0.68954,322.0
2026-07-01 08:30:00,0.68953,0.68978,0.6894,0.6894,334.0
2026-07-01 08:35:00,0.6894,0.68947,0.68912,0.68913,415.0
2026-07-01 08:40:00,0.68914,0.68944,0.68911,0.68936,402.0
2026-07-01 08:45:00,0.68936,0.68938,0.68912,0.68932,299.0
2026-07-01 08:50:00,0.68933,0.68941,0.68916,0.68927,210.0
2026-07-01 08:55:00,0.68924,0.68932,0.68913,0.68922,183.0
2026-07-01 09:00:00,0.6892,0.68948,0.6892,0.68936,273.0
2026-07-01 09:05:00,0.68934,0.68934,0.68892,0.68907,335.0
2026-07-01 09:10:00,0.68906,0.68906,0.68848,0.68855,572.0
2026-07-01 09:15:00,0.68858,0.68931,0.68858,0.68909,678.0
2026-07-01 09:20:00,0.68912,0.68996,0.68912,0.68986,664.0
2026-07-01 09:25:00,0.68987,0.69012,0.68948,0.69002,793.0
2026-07-01 09:30:00,0.69002,0.69032,0.68966,0.68999,1478.0
2026-07-01 09:35:00,0.69002,0.6904,0.6899,0.69012,835.0
2026-07-01 09:40:00,0.69012,0.69132,0.69004,0.69125,785.0
2026-07-01 09:45:00,0.69122,0.6916,0.69106,0.6911,845.0
2026-07-01 09:50:00,0.69109,0.69112,0.69062,0.69064,714.0
2026-07-01 09:55:00,0.69067,0.69068,0.6902,0.69036,424.0
2026-07-01 10:00:00,0.6904,0.69084,0.69012,0.69013,614.0
2026-07-01 10:05:00,0.69014,0.69082,0.69012,0.69082,576.0
2026-07-01 10:10:00,0.69084,0.69107,0.69081,0.69084,580.0
2026-07-01 10:15:00,0.69082,0.69092,0.69056,0.69064,560.0
2026-07-01 10:20:00,0.69063,0.69094,0.69062,0.69073,500.0
2026-07-01 10:25:00,0.69073,0.6908,0.69046,0.69052,405.0
2026-07-01 10:30:00,0.69052,0.69099,0.69046,0.69099,532.0
2026-07-01 10:35:00,0.69098,0.69109,0.69067,0.69076,492.0
2026-07-01 10:40:00,0.69077,0.69092,0.69037,0.6904,438.0
2026-07-01 10:45:00,0.69042,0.69056,0.68972,0.6898,613.0
2026-07-01 10:50:00,0.68981,0.6899,0.68968,0.68977,463.0
2026-07-01 10:55:00,0.68976,0.69037,0.68972,0.69036,557.0
2026-07-01 11:00:00,0.69037,0.69038,0.68996,0.68998,527.0
2026-07-01 11:05:00,0.68996,0.69014,0.68966,0.68968,495.0
2026-07-01 11:10:00,0.68971,0.68994,0.68971,0.68992,292.0
2026-07-01 11:15:00,0.68992,0.69011,0.68982,0.69003,419.0
2026-07-01 11:20:00,0.69002,0.6903,0.6899,0.69007,440.0
2026-07-01 11:25:00,0.69007,0.69032,0.68998,0.69032,210.0
2026-07-01 11:30:00,0.69032,0.69043,0.69001,0.69001,418.0
2026-07-01 11:35:00,0.69002,0.6902,0.68998,0.6901,441.0
2026-07-01 11:40:00,0.6901,0.69016,0.6899,0.69,348.0
2026-07-01 11:45:00,0.68998,0.69013,0.68996,0.69007,291.0
2026-07-01 11:50:00,0.6901,0.69037,0.6901,0.69022,236.0
2026-07-01 11:55:00,0.69025,0.6903,0.69016,0.69025,295.0
2026-07-01 12:00:00,0.69026,0.69084,0.69026,0.69076,337.0
2026-07-01 12:05:00,0.69076,0.69082,0.69053,0.69053,357.0
2026-07-01 12:10:00,0.69053,0.69059,0.69036,0.6904,338.0
2026-07-01 12:15:00,0.6904,0.69042,0.6902,0.69026,167.0
2026-07-01 12:20:00,0.69026,0.6904,0.69022,0.69035,290.0
2026-07-01 12:25:00,0.69038,0.69069,0.69032,0.69051,351.0
2026-07-01 12:30:00,0.69052,0.69054,0.69027,0.69032,218.0
2026-07-01 12:35:00,0.6903,0.69034,0.69016,0.69017,263.0
2026-07-01 12:40:00,0.69017,0.69024,0.6901,0.69016,225.0
2026-07-01 12:45:00,0.69016,0.69026,0.69012,0.69018,118.0
2026-07-01 12:50:00,0.69018,0.69019,0.69001,0.69004,176.0
2026-07-01 12:55:00,0.69003,0.6902,0.68996,0.69012,238.0
2026-07-01 13:00:00,0.69013,0.69032,0.68994,0.69,313.0
2026-07-01 13:05:00,0.69,0.6901,0.68996,0.69002,274.0
2026-07-01 13:10:00,0.69001,0.69002,0.68986,0.68992,308.0
2026-07-01 13:15:00,0.68992,0.69008,0.68986,0.69005,314.0
2026-07-01 13:20:00,0.69005,0.69015,0.69001,0.69012,179.0
2026-07-01 13:25:00,0.69012,0.69018,0.69011,0.69013,159.0
2026-07-01 13:30:00,0.69012,0.69026,0.69007,0.69014,96.0
2026-07-01 13:35:00,0.69014,0.69022,0.69002,0.69003,209.0
2026-07-01 13:40:00,0.69001,0.69007,0.68988,0.68989,132.0
2026-07-01 13:45:00,0.6899,0.69008,0.68985,0.69004,163.0
2026-07-01 13:50:00,0.69004,0.69006,0.68994,0.68996,146.0
2026-07-01 13:55:00,0.68996,0.69003,0.68986,0.68988,175.0
2026-07-01 14:00:00,0.68989,0.69002,0.68986,0.68992,235.0
2026-07-01 14:05:00,0.68992,0.68992,0.68972,0.68974,212.0
2026-07-01 14:10:00,0.68975,0.68976,0.68956,0.68966,106.0
2026-07-01 14:15:00,0.68965,0.68965,0.68929,0.68935,160.0
2026-07-01 14:20:00,0.68936,0.68952,0.68931,0.6895,155.0
2026-07-01 14:25:00,0.6895,0.68956,0.68934,0.68952,132.0
2026-07-01 14:30:00,0.68952,0.68964,0.68948,0.6896,129.0
2026-07-01 14:35:00,0.68958,0.6896,0.68954,0.68956,91.0
2026-07-01 14:40:00,0.68956,0.68963,0.68953,0.68962,127.0
2026-07-01 14:45:00,0.6896,0.6896,0.68946,0.6895,90.0
2026-07-01 14:50:00,0.6895,0.6895,0.68938,0.68943,162.0
2026-07-01 14:55:00,0.68943,0.68958,0.68942,0.68954,136.0
2026-07-01 15:00:00,0.68955,0.68978,0.68955,0.68971,204.0
2026-07-01 15:05:00,0.68972,0.68981,0.68968,0.68981,86.0
2026-07-01 15:10:00,0.6898,0.6898,0.68969,0.6897,116.0
2026-07-01 15:15:00,0.68971,0.68972,0.68956,0.68958,179.0
2026-07-01 15:20:00,0.68958,0.68964,0.68954,0.68954,144.0
2026-07-01 15:25:00,0.68954,0.68968,0.68948,0.68962,117.0
2026-07-01 15:30:00,0.68962,0.68969,0.68957,0.68968,105.0
2026-07-01 15:35:00,0.68966,0.6897,0.68962,0.68962,85.0
2026-07-01 15:40:00,0.68962,0.68962,0.68954,0.68958,63.0
2026-07-01 15:45:00,0.68958,0.68966,0.68954,0.68959,136.0
2026-07-01 15:50:00,0.6896,0.68962,0.68934,0.68942,226.0
2026-07-01 15:55:00,0.68942,0.68942,0.68929,0.68936,237.0
2026-07-01 16:00:00,0.68935,0.68938,0.68924,0.68928,151.0
2026-07-01 16:05:00,0.68927,0.68929,0.6892,0.68921,62.0
2026-07-01 16:10:00,0.68922,0.68927,0.68918,0.68924,69.0
2026-07-01 16:15:00,0.68923,0.68926,0.68914,0.68915,74.0
2026-07-01 16:20:00,0.68916,0.68917,0.68912,0.68916,53.0
2026-07-01 16:25:00,0.68916,0.68916,0.6891,0.6891,22.0
2026-07-01 16:30:00,0.68912,0.68918,0.68911,0.68912,40.0
2026-07-01 16:35:00,0.68913,0.68913,0.68904,0.68912,41.0
2026-07-01 16:40:00,0.68912,0.68912,0.68904,0.68906,42.0
2026-07-01 16:45:00,0.68908,0.68928,0.68906,0.68928,42.0
2026-07-01 16:50:00,0.68928,0.68932,0.68926,0.68926,26.0
2026-07-01 16:55:00,0.68928,0.68938,0.68925,0.68938,45.0
2026-07-01 17:00:00,0.68924,0.68929,0.68924,0.68926,3.0
2026-07-01 17:05:00,0.68925,0.68955,0.68918,0.68952,85.0
2026-07-01 17:10:00,0.68952,0.68966,0.68935,0.68958,93.0
2026-07-01 17:15:00,0.68959,0.68964,0.68948,0.6895,176.0
2026-07-01 17:20:00,0.68948,0.68948,0.68939,0.6894,32.0
2026-07-01 17:25:00,0.68942,0.68972,0.68942,0.68959,241.0
2026-07-01 17:30:00,0.68958,0.68987,0.6891,0.68912,283.0
2026-07-01 17:35:00,0.68914,0.68929,0.68908,0.68924,139.0
2026-07-01 17:40:00,0.68926,0.68934,0.68924,0.68927,94.0
2026-07-01 17:45:00,0.6893,0.68938,0.68927,0.68932,62.0
2026-07-01 17:50:00,0.68938,0.68945,0.68932,0.68942,79.0
2026-07-01 17:55:00,0.6894,0.68948,0.68935,0.68944,125.0
2026-07-01 18:00:00,0.68947,0.68947,0.68926,0.68929,146.0
2026-07-01 18:05:00,0.68928,0.68942,0.68926,0.68942,37.0
2026-07-01 18:10:00,0.68938,0.68939,0.68935,0.68935,13.0
2026-07-01 18:15:00,0.68937,0.68942,0.68936,0.68941,16.0
2026-07-01 18:20:00,0.68939,0.68942,0.68936,0.68942,28.0
2026-07-01 18:25:00,0.68944,0.68944,0.68936,0.68936,25.0
2026-07-01 18:30:00,0.68936,0.68937,0.68928,0.68928,47.0
2026-07-01 18:35:00,0.68928,0.68932,0.68928,0.68928,45.0
2026-07-01 18:40:00,0.68929,0.6893,0.68928,0.68928,72.0
2026-07-01 18:45:00,0.68929,0.6894,0.68928,0.6894,29.0
2026-07-01 18:50:00,0.68937,0.68937,0.68927,0.68927,52.0
2026-07-01 18:55:00,0.68926,0.68929,0.68926,0.68928,7.0
2026-07-01 19:00:00,0.68929,0.68931,0.68923,0.68924,49.0
2026-07-01 19:05:00,0.68923,0.68924,0.68922,0.68922,24.0
2026-07-01 19:10:00,0.68923,0.68928,0.68922,0.68923,30.0
2026-07-01 19:15:00,0.68922,0.68924,0.68916,0.68918,32.0
2026-07-01 19:20:00,0.68918,0.68923,0.68918,0.68918,22.0
2026-07-01 19:25:00,0.68918,0.6892,0.68918,0.6892,8.0
2026-07-01 19:30:00,0.6892,0.68922,0.68918,0.68918,31.0
2026-07-01 19:35:00,0.68916,0.68916,0.68914,0.68914,25.0
2026-07-01 19:40:00,0.68914,0.68923,0.68912,0.68923,35.0
2026-07-01 19:45:00,0.68922,0.68923,0.68907,0.68907,100.0
2026-07-01 19:50:00,0.68908,0.6891,0.68892,0.68906,120.0
2026-07-01 19:55:00,0.68904,0.68909,0.68898,0.689,70.0
2026-07-01 20:00:00,0.68898,0.68908,0.68845,0.68852,531.0
2026-07-01 20:05:00,0.68854,0.68889,0.68848,0.68884,348.0
2026-07-01 20:10:00,0.68883,0.68888,0.6885,0.68855,354.0
2026-07-01 20:15:00,0.68856,0.6887,0.6885,0.68856,273.0
2026-07-01 20:20:00,0.68856,0.68882,0.68854,0.6888,264.0
2026-07-01 20:25:00,0.68877,0.68878,0.68858,0.68868,254.0
2026-07-01 20:30:00,0.68872,0.68874,0.6886,0.68866,223.0
2026-07-01 20:35:00,0.68868,0.68883,0.68866,0.68874,192.0
2026-07-01 20:40:00,0.68873,0.68883,0.68842,0.68851,219.0
2026-07-01 20:45:00,0.6885,0.68886,0.6885,0.68878,232.0
2026-07-01 20:50:00,0.68877,0.68894,0.68866,0.6889,264.0
2026-07-01 20:55:00,0.68887,0.68901,0.68872,0.6889,291.0
2026-07-01 21:00:00,0.68892,0.68934,0.68888,0.68928,266.0
2026-07-01 21:05:00,0.68928,0.68954,0.68924,0.68954,208.0
2026-07-01 21:10:00,0.68952,0.68964,0.68946,0.68963,170.0
2026-07-01 21:15:00,0.68964,0.68965,0.68936,0.68947,305.0
2026-07-01 21:20:00,0.68946,0.68946,0.68924,0.6893,201.0
2026-07-01 21:25:00,0.68928,0.68941,0.68922,0.68929,217.0
2026-07-01 21:30:00,0.68928,0.68932,0.68914,0.68924,257.0
2026-07-01 21:35:00,0.68922,0.68948,0.68916,0.68948,341.0
2026-07-01 21:40:00,0.68948,0.6896,0.68936,0.68937,293.0
2026-07-01 21:45:00,0.68938,0.68975,0.68926,0.6897,322.0
2026-07-01 21:50:00,0.6897,0.68977,0.68955,0.68958,215.0
2026-07-01 21:55:00,0.68958,0.68966,0.68941,0.68946,210.0
2026-07-01 22:00:00,0.68946,0.6897,0.6894,0.68963,281.0
2026-07-01 22:05:00,0.68964,0.68976,0.68962,0.68966,246.0
2026-07-01 22:10:00,0.68966,0.68999,0.68959,0.68998,290.0
2026-07-01 22:15:00,0.68999,0.69018,0.68998,0.69004,155.0
2026-07-01 22:20:00,0.69004,0.69004,0.68978,0.68978,206.0
2026-07-01 22:25:00,0.68979,0.68993,0.68977,0.68979,154.0
2026-07-01 22:30:00,0.68978,0.6899,0.68974,0.68978,169.0
2026-07-01 22:35:00,0.68979,0.68989,0.68974,0.68981,119.0
2026-07-01 22:40:00,0.68978,0.6899,0.68974,0.68984,143.0
2026-07-01 22:45:00,0.68988,0.68989,0.68958,0.68958,88.0
2026-07-01 22:50:00,0.68958,0.6897,0.68941,0.68947,194.0
2026-07-01 22:55:00,0.68948,0.68948,0.68934,0.68938,183.0
2026-07-01 23:00:00,0.68938,0.6896,0.68928,0.68928,217.0
2026-07-01 23:05:00,0.6893,0.68933,0.68901,0.68901,165.0
2026-07-01 23:10:00,0.68906,0.68908,0.68879,0.68887,227.0
2026-07-01 23:15:00,0.6889,0.68901,0.68852,0.68856,218.0
2026-07-01 23:20:00,0.68857,0.68873,0.6885,0.68854,170.0
2026-07-01 23:25:00,0.68854,0.68885,0.68854,0.68884,119.0
2026-07-01 23:30:00,0.68883,0.68906,0.68882,0.689,196.0
2026-07-01 23:35:00,0.689,0.6891,0.689,0.68903,80.0
2026-07-01 23:40:00,0.68904,0.68913,0.68898,0.68904,120.0
2026-07-01 23:45:00,0.68902,0.68903,0.68888,0.68898,105.0
2026-07-01 23:50:00,0.689,0.68904,0.68897,0.68901,186.0
2026-07-01 23:55:00,0.689,0.6893,0.689,0.68928,172.0
2026-07-02 00:00:00,0.68929,0.68962,0.68927,0.68933,320.0
2026-07-02 00:05:00,0.68934,0.68951,0.68923,0.68942,187.0
2026-07-02 00:10:00,0.68943,0.68945,0.68926,0.68933,160.0
2026-07-02 00:15:00,0.68932,0.68933,0.68921,0.68924,109.0
2026-07-02 00:20:00,0.68926,0.68928,0.689,0.68914,158.0
2026-07-02 00:25:00,0.68914,0.68926,0.68914,0.6892,224.0
2026-07-02 00:30:00,0.6892,0.68924,0.68912,0.6892,253.0
2026-07-02 00:35:00,0.6892,0.6892,0.68906,0.68916,139.0
2026-07-02 00:40:00,0.68912,0.68926,0.6891,0.6892,161.0
2026-07-02 00:45:00,0.68918,0.68925,0.6891,0.6892,164.0
2026-07-02 00:50:00,0.6892,0.68945,0.6892,0.6894,138.0
2026-07-02 00:55:00,0.68938,0.68955,0.68938,0.68946,195.0
2026-07-02 01:00:00,0.6895,0.68952,0.68938,0.68938,184.0
2026-07-02 01:05:00,0.68938,0.68954,0.68934,0.68945,131.0
2026-07-02 01:10:00,0.68944,0.68956,0.68943,0.68948,115.0
2026-07-02 01:15:00,0.68947,0.68954,0.6894,0.6895,110.0
2026-07-02 01:20:00,0.6895,0.68966,0.6895,0.68965,126.0
2026-07-02 01:25:00,0.68964,0.68965,0.68928,0.6893,152.0
2026-07-02 01:30:00,0.6893,0.68932,0.68908,0.68918,246.0
2026-07-02 01:35:00,0.68918,0.68924,0.68914,0.68916,92.0
2026-07-02 01:40:00,0.68916,0.68935,0.68916,0.68926,113.0
2026-07-02 01:45:00,0.68926,0.68935,0.68912,0.68916,123.0
2026-07-02 01:50:00,0.68918,0.68944,0.68918,0.68927,140.0
2026-07-02 01:55:00,0.68926,0.68936,0.68926,0.68936,89.0
2026-07-02 02:00:00,0.68938,0.68979,0.68935,0.68964,317.0
2026-07-02 02:05:00,0.68962,0.68972,0.6895,0.68956,346.0
2026-07-02 02:10:00,0.68955,0.68964,0.68946,0.6895,198.0
2026-07-02 02:15:00,0.6895,0.68952,0.68933,0.68939,218.0
2026-07-02 02:20:00,0.68935,0.68955,0.68934,0.68948,133.0
2026-07-02 02:25:00,0.68944,0.68957,0.6894,0.68944,155.0
2026-07-02 02:30:00,0.68948,0.6896,0.68946,0.68949,191.0
2026-07-02 02:35:00,0.68952,0.68953,0.68934,0.68944,229.0
2026-07-02 02:40:00,0.68941,0.68948,0.68934,0.6894,188.0
2026-07-02 02:45:00,0.68942,0.69005,0.6894,0.69004,411.0
2026-07-02 02:50:00,0.69005,0.69025,0.68978,0.68982,682.0
2026-07-02 02:55:00,0.6898,0.68992,0.6896,0.68962,332.0
2026-07-02 03:00:00,0.6896,0.6896,0.68915,0.68944,392.0
2026-07-02 03:05:00,0.68948,0.68954,0.6891,0.68954,352.0
2026-07-02 03:10:00,0.6895,0.68962,0.68938,0.68945,298.0
2026-07-02 03:15:00,0.68945,0.68951,0.68918,0.68925,267.0
2026-07-02 03:20:00,0.68925,0.68929,0.68912,0.68918,311.0
2026-07-02 03:25:00,0.68918,0.68954,0.68914,0.68942,338.0
2026-07-02 03:30:00,0.68942,0.68948,0.68924,0.68928,303.0
2026-07-02 03:35:00,0.68928,0.68954,0.68914,0.68951,354.0
2026-07-02 03:40:00,0.68953,0.68977,0.68951,0.6896,321.0
2026-07-02 03:45:00,0.6896,0.6896,0.68917,0.68931,251.0
2026-07-02 03:50:00,0.68929,0.6894,0.689,0.6893,421.0
2026-07-02 03:55:00,0.68931,0.68935,0.68902,0.68904,391.0
2026-07-02 04:00:00,0.68902,0.68954,0.68899,0.68944,547.0
2026-07-02 04:05:00,0.68946,0.6898,0.68946,0.6897,630.0
2026-07-02 04:10:00,0.6897,0.69016,0.68966,0.69016,465.0
2026-07-02 04:15:00,0.69012,0.6904,0.68996,0.69038,414.0
2026-07-02 04:20:00,0.69038,0.69076,0.69038,0.6905,427.0
2026-07-02 04:25:00,0.6905,0.69055,0.69022,0.69049,383.0
2026-07-02 04:30:00,0.69048,0.69064,0.69026,0.69063,370.0
2026-07-02 04:35:00,0.69064,0.69084,0.69054,0.69078,385.0
2026-07-02 04:40:00,0.69078,0.69098,0.69066,0.69078,465.0
2026-07-02 04:45:00,0.69077,0.69105,0.69063,0.691,347.0
2026-07-02 04:50:00,0.69101,0.69114,0.69085,0.69088,302.0
2026-07-02 04:55:00,0.69084,0.69094,0.69077,0.69092,263.0
2026-07-02 05:00:00,0.6909,0.69094,0.69056,0.6906,368.0
2026-07-02 05:05:00,0.6906,0.69064,0.69026,0.69033,314.0
2026-07-02 05:10:00,0.69036,0.69049,0.69023,0.69032,214.0
2026-07-02 05:15:00,0.69033,0.69052,0.69026,0.69033,222.0
2026-07-02 05:20:00,0.69034,0.69038,0.69014,0.69017,188.0
2026-07-02 05:25:00,0.69017,0.69017,0.68998,0.69004,172.0
2026-07-02 05:30:00,0.69004,0.69025,0.69003,0.69024,205.0
2026-07-02 05:35:00,0.69026,0.6905,0.69024,0.69039,280.0
2026-07-02 05:40:00,0.6904,0.69057,0.69038,0.69042,207.0
2026-07-02 05:45:00,0.69042,0.69055,0.69038,0.69054,153.0
2026-07-02 05:50:00,0.69055,0.69064,0.69044,0.69044,153.0
2026-07-02 05:55:00,0.69042,0.6906,0.69034,0.6904,365.0
2026-07-02 06:00:00,0.6904,0.69042,0.69016,0.69026,323.0
2026-07-02 06:05:00,0.69024,0.69034,0.69011,0.69022,287.0
2026-07-02 06:10:00,0.69023,0.69036,0.69019,0.69022,259.0
2026-07-02 06:15:00,0.69025,0.6903,0.69017,0.69018,180.0
2026-07-02 06:20:00,0.69018,0.69018,0.6899,0.68996,304.0
2026-07-02 06:25:00,0.68996,0.69008,0.68996,0.69006,194.0
2026-07-02 06:30:00,0.69004,0.69004,0.68987,0.68999,153.0
2026-07-02 06:35:00,0.69,0.69,0.68984,0.68989,167.0
2026-07-02 06:40:00,0.68988,0.69003,0.68972,0.68978,172.0
2026-07-02 06:45:00,0.68978,0.68983,0.68964,0.68968,155.0
2026-07-02 06:50:00,0.68968,0.68978,0.68962,0.68978,109.0
2026-07-02 06:55:00,0.68977,0.68984,0.68966,0.68977,150.0
2026-07-02 07:00:00,0.68976,0.68979,0.68956,0.6896,213.0
2026-07-02 07:05:00,0.68958,0.68965,0.68942,0.68965,191.0
2026-07-02 07:10:00,0.68966,0.68972,0.68957,0.68958,276.0
2026-07-02 07:15:00,0.68958,0.68978,0.68953,0.68978,216.0
2026-07-02 07:20:00,0.68979,0.68979,0.68962,0.68966,183.0
2026-07-02 07:25:00,0.68964,0.68968,0.68954,0.68962,226.0
2026-07-02 07:30:00,0.68962,0.6897,0.6894,0.68942,177.0
2026-07-02 07:35:00,0.68943,0.68954,0.68936,0.68946,143.0
2026-07-02 07:40:00,0.68945,0.68946,0.68926,0.68928,186.0
2026-07-02 07:45:00,0.68928,0.68931,0.68906,0.68906,142.0
2026-07-02 07:50:00,0.68908,0.68914,0.68888,0.68888,163.0
2026-07-02 07:55:00,0.68892,0.68898,0.68878,0.68878,185.0
2026-07-02 08:00:00,0.6888,0.6891,0.68868,0.68909,433.0
2026-07-02 08:05:00,0.6891,0.6892,0.68888,0.68894,359.0
2026-07-02 08:10:00,0.68894,0.68914,0.68892,0.68896,225.0
2026-07-02 08:15:00,0.68898,0.68906,0.68878,0.68878,315.0
2026-07-02 08:20:00,0.68879,0.68898,0.68876,0.68892,290.0
2026-07-02 08:25:00,0.68894,0.6892,0.68894,0.68918,297.0
2026-07-02 08:30:00,0.68918,0.69303,0.68874,0.693,3941.0
2026-07-02 08:35:00,0.69302,0.69399,0.69288,0.69398,2279.0
2026-07-02 08:40:00,0.69397,0.6942,0.69342,0.69396,1592.0
2026-07-02 08:45:00,0.69396,0.6941,0.693,0.69318,1588.0
2026-07-02 08:50:00,0.69319,0.69338,0.6928,0.69298,1391.0
2026-07-02 08:55:00,0.693,0.69306,0.69222,0.69246,1204.0
2026-07-02 09:00:00,0.69245,0.69286,0.69184,0.69286,1396.0
2026-07-02 09:05:00,0.69286,0.69294,0.69226,0.69232,1241.0
2026-07-02 09:10:00,0.69232,0.69302,0.69228,0.6927,1006.0
2026-07-02 09:15:00,0.69272,0.69283,0.69246,0.69282,787.0
2026-07-02 09:20:00,0.69282,0.69282,0.69229,0.69232,754.0
2026-07-02 09:25:00,0.69236,0.69268,0.69214,0.6925,674.0
2026-07-02 09:30:00,0.6925,0.69356,0.69234,0.6935,1194.0
2026-07-02 09:35:00,0.69346,0.69388,0.6933,0.69358,1033.0
2026-07-02 09:40:00,0.69358,0.69407,0.69322,0.69384,1040.0
2026-07-02 09:45:00,0.69385,0.69432,0.69377,0.694,1182.0
2026-07-02 09:50:00,0.694,0.69434,0.69374,0.69382,730.0
2026-07-02 09:55:00,0.69383,0.69409,0.69358,0.69395,585.0
2026-07-02 10:00:00,0.69396,0.69397,0.69336,0.6935,628.0
2026-07-02 10:05:00,0.6935,0.69402,0.69341,0.69366,706.0
2026-07-02 10:10:00,0.69366,0.69422,0.69322,0.69408,671.0
2026-07-02 10:15:00,0.69406,0.69434,0.69396,0.69419,675.0
2026-07-02 10:20:00,0.6942,0.6942,0.69338,0.69369,753.0
2026-07-02 10:25:00,0.69372,0.69374,0.69294,0.69294,899.0
2026-07-02 10:30:00,0.69296,0.69321,0.6928,0.69289,797.0
2026-07-02 10:35:00,0.69292,0.69312,0.6927,0.69281,796.0
2026-07-02 10:40:00,0.69282,0.69289,0.69222,0.69245,833.0
2026-07-02 10:45:00,0.69246,0.69303,0.69236,0.69296,781.0
2026-07-02 10:50:00,0.69298,0.69316,0.69268,0.69282,746.0
2026-07-02 10:55:00,0.69282,0.69351,0.69282,0.69351,685.0
2026-07-02 11:00:00,0.69354,0.69366,0.69324,0.69326,794.0
2026-07-02 11:05:00,0.69328,0.69328,0.69284,0.69316,772.0
2026-07-02 11:10:00,0.69318,0.69352,0.6931,0.69334,652.0
2026-07-02 11:15:00,0.69336,0.6934,0.69297,0.693,585.0
2026-07-02 11:20:00,0.69303,0.69335,0.693,0.69325,439.0
2026-07-02 11:25:00,0.69324,0.6935,0.6931,0.6931,445.0
2026-07-02 11:30:00,0.69311,0.69381,0.69311,0.69372,639.0
2026-07-02 11:35:00,0.69372,0.69399,0.69372,0.69379,539.0
2026-07-02 11:40:00,0.69378,0.69382,0.6934,0.6934,596.0
2026-07-02 11:45:00,0.6934,0.69345,0.6931,0.6931,356.0
2026-07-02 11:50:00,0.6931,0.69314,0.69294,0.69314,402.0
2026-07-02 11:55:00,0.69316,0.6932,0.693,0.69304,422.0
2026-07-02 12:00:00,0.69304,0.69308,0.69265,0.69294,476.0
2026-07-02 12:05:00,0.69294,0.693,0.69274,0.69284,486.0
2026-07-02 12:10:00,0.69286,0.69308,0.6928,0.69298,459.0
2026-07-02 12:15:00,0.693,0.69301,0.69263,0.69266,576.0
2026-07-02 12:20:00,0.69266,0.6927,0.6924,0.69245,459.0
2026-07-02 12:25:00,0.69246,0.69266,0.69229,0.69234,581.0
2026-07-02 12:30:00,0.69234,0.69236,0.69208,0.6921,356.0
2026-07-02 12:35:00,0.69208,0.69223,0.69202,0.6922,397.0
2026-07-02 12:40:00,0.69218,0.69255,0.69214,0.69248,519.0
2026-07-02 12:45:00,0.6925,0.69267,0.69246,0.69254,397.0
2026-07-02 12:50:00,0.69254,0.69266,0.69236,0.69248,402.0
2026-07-02 12:55:00,0.69248,0.6926,0.6923,0.69232,338.0
2026-07-02 13:00:00,0.69232,0.69232,0.692,0.69206,377.0
2026-07-02 13:05:00,0.69203,0.69238,0.69198,0.69226,477.0
2026-07-02 13:10:00,0.69227,0.69238,0.69219,0.69223,379.0
2026-07-02 13:15:00,0.6922,0.69229,0.69208,0.69217,288.0
2026-07-02 13:20:00,0.69217,0.69225,0.692,0.69205,288.0
2026-07-02 13:25:00,0.69205,0.69206,0.69192,0.69198,221.0
2026-07-02 13:30:00,0.69198,0.69218,0.69198,0.69201,501.0
2026-07-02 13:35:00,0.692,0.69203,0.69166,0.69168,421.0
2026-07-02 13:40:00,0.69168,0.6917,0.69154,0.69156,385.0
2026-07-02 13:45:00,0.69159,0.6917,0.69154,0.6916,309.0
2026-07-02 13:50:00,0.69158,0.69182,0.6915,0.69179,338.0
2026-07-02 13:55:00,0.69178,0.69184,0.69154,0.69159,371.0
2026-07-02 14:00:00,0.69158,0.69178,0.69152,0.69176,313.0
2026-07-02 14:05:00,0.69177,0.69221,0.69176,0.6922,402.0
2026-07-02 14:10:00,0.6922,0.69226,0.69188,0.6919,262.0
2026-07-02 14:15:00,0.6919,0.69196,0.69164,0.69174,306.0
2026-07-02 14:20:00,0.69175,0.69192,0.6917,0.6919,234.0
2026-07-02 14:25:00,0.69187,0.69213,0.69186,0.69204,226.0
2026-07-02 14:30:00,0.69204,0.69228,0.692,0.69214,261.0
2026-07-02 14:35:00,0.69215,0.69226,0.69214,0.69222,426.0
2026-07-02 14:40:00,0.69223,0.69223,0.6921,0.6921,287.0
2026-07-02 14:45:00,0.69208,0.69214,0.69202,0.69214,224.0
2026-07-02 14:50:00,0.6921,0.69213,0.69198,0.69202,218.0
2026-07-02 14:55:00,0.69202,0.69204,0.6919,0.692,338.0
2026-07-02 15:00:00,0.692,0.69206,0.69162,0.69164,346.0
2026-07-02 15:05:00,0.69166,0.69181,0.69158,0.6918,250.0
2026-07-02 15:10:00,0.6918,0.69184,0.69168,0.69174,276.0
2026-07-02 15:15:00,0.69172,0.69178,0.69164,0.69169,237.0
2026-07-02 15:20:00,0.6917,0.6917,0.69144,0.69144,202.0
2026-07-02 15:25:00,0.69144,0.69159,0.69144,0.6915,240.0
2026-07-02 15:30:00,0.69152,0.6917,0.69148,0.69162,199.0
2026-07-02 15:35:00,0.69162,0.69169,0.6915,0.69169,211.0
2026-07-02 15:40:00,0.69166,0.69179,0.69164,0.69178,208.0
2026-07-02 15:45:00,0.69179,0.69179,0.6917,0.69175,204.0
2026-07-02 15:50:00,0.69178,0.69204,0.69178,0.69204,236.0
2026-07-02 15:55:00,0.69203,0.6922,0.692,0.69214,161.0
2026-07-02 16:00:00,0.69214,0.69214,0.69195,0.69206,197.0
2026-07-02 16:05:00,0.69207,0.69214,0.69204,0.69212,58.0
2026-07-02 16:10:00,0.69212,0.69212,0.69206,0.6921,57.0
2026-07-02 16:15:00,0.6921,0.69225,0.6921,0.69223,43.0
2026-07-02 16:20:00,0.69222,0.69226,0.69222,0.69226,23.0
2026-07-02 16:25:00,0.69226,0.69227,0.69224,0.69225,28.0
2026-07-02 16:30:00,0.69229,0.69232,0.69229,0.6923,43.0
2026-07-02 16:35:00,0.6923,0.6923,0.69218,0.69218,64.0
2026-07-02 16:40:00,0.69219,0.69219,0.69214,0.69214,18.0
2026-07-02 16:45:00,0.69216,0.69229,0.69214,0.69226,36.0
2026-07-02 16:50:00,0.69226,0.69232,0.69222,0.69225,78.0
2026-07-02 16:55:00,0.69224,0.69225,0.69218,0.6922,111.0
2026-07-02 17:00:00,0.69169,0.69169,0.69169,0.69169,2.0
2026-07-02 17:05:00,0.69186,0.69196,0.69168,0.69178,80.0
2026-07-02 17:10:00,0.69175,0.6918,0.69152,0.69154,365.0
2026-07-02 17:15:00,0.69152,0.69168,0.69144,0.6916,241.0
2026-07-02 17:20:00,0.69164,0.6921,0.69154,0.69208,130.0
2026-07-02 17:25:00,0.69209,0.69255,0.69206,0.69236,130.0
2026-07-02 17:30:00,0.69232,0.69238,0.69158,0.69166,393.0
2026-07-02 17:35:00,0.6917,0.69186,0.69156,0.69184,164.0
2026-07-02 17:40:00,0.69184,0.69196,0.6917,0.69176,240.0
2026-07-02 17:45:00,0.69182,0.69186,0.69167,0.69178,188.0
2026-07-02 17:50:00,0.6918,0.69185,0.69169,0.69178,247.0
2026-07-02 17:55:00,0.69174,0.69209,0.69174,0.69204,88.0
2026-07-02 18:00:00,0.69202,0.69216,0.69201,0.69202,115.0
2026-07-02 18:05:00,0.692,0.69202,0.69196,0.69202,62.0
2026-07-02 18:10:00,0.69204,0.69214,0.69204,0.6921,31.0
2026-07-02 18:15:00,0.69206,0.6921,0.69205,0.69206,30.0
2026-07-02 18:20:00,0.69208,0.69208,0.69204,0.69204,20.0
2026-07-02 18:25:00,0.69204,0.69204,0.69198,0.692,20.0
2026-07-02 18:30:00,0.692,0.69202,0.69196,0.692,78.0
2026-07-02 18:35:00,0.692,0.69204,0.69198,0.692,54.0
2026-07-02 18:40:00,0.692,0.69203,0.69187,0.692,36.0
2026-07-02 18:45:00,0.69201,0.69201,0.69194,0.69198,18.0
2026-07-02 18:50:00,0.69195,0.69195,0.69189,0.69189,10.0
2026-07-02 18:55:00,0.6919,0.69193,0.69187,0.6919,55.0
2026-07-02 19:00:00,0.69193,0.69196,0.69191,0.69195,67.0
2026-07-02 19:05:00,0.69194,0.69201,0.69193,0.69193,57.0
2026-07-02 19:10:00,0.69194,0.69195,0.69187,0.6919,61.0
2026-07-02 19:15:00,0.6919,0.692,0.6919,0.69195,58.0
2026-07-02 19:20:00,0.69196,0.69197,0.69184,0.69192,58.0
2026-07-02 19:25:00,0.69195,0.69207,0.69195,0.69205,36.0
2026-07-02 19:30:00,0.69202,0.69208,0.69196,0.69196,85.0
2026-07-02 19:35:00,0.69196,0.69198,0.69168,0.69173,108.0
2026-07-02 19:40:00,0.69173,0.6919,0.69172,0.6919,64.0
2026-07-02 19:45:00,0.6919,0.69194,0.69186,0.69188,139.0
2026-07-02 19:50:00,0.69188,0.69188,0.69153,0.69162,149.0
2026-07-02 19:55:00,0.69164,0.69164,0.69142,0.69159,156.0
2026-07-02 20:00:00,0.69156,0.6917,0.69144,0.69159,400.0
2026-07-02 20:05:00,0.69159,0.6916,0.69124,0.69134,310.0
2026-07-02 20:10:00,0.69135,0.69159,0.69128,0.6915,260.0
2026-07-02 20:15:00,0.6915,0.69155,0.69132,0.69153,285.0
2026-07-02 20:20:00,0.69154,0.69162,0.69144,0.69156,274.0
2026-07-02 20:25:00,0.69157,0.69164,0.6914,0.6914,188.0
2026-07-02 20:30:00,0.6914,0.69144,0.69108,0.69108,238.0
2026-07-02 20:35:00,0.6911,0.69144,0.6911,0.69133,248.0
2026-07-02 20:40:00,0.6913,0.69139,0.69114,0.69126,230.0
2026-07-02 20:45:00,0.69128,0.69144,0.69122,0.69141,217.0
2026-07-02 20:50:00,0.69141,0.69169,0.6914,0.69169,231.0
2026-07-02 20:55:00,0.69171,0.69191,0.69152,0.6919,232.0
2026-07-02 21:00:00,0.69192,0.69235,0.69178,0.69234,404.0
2026-07-02 21:05:00,0.69232,0.69258,0.69226,0.6925,440.0
2026-07-02 21:10:00,0.6925,0.69283,0.69236,0.69283,467.0
2026-07-02 21:15:00,0.69283,0.69324,0.69276,0.69324,392.0
2026-07-02 21:20:00,0.69327,0.69354,0.69322,0.69352,402.0
2026-07-02 21:25:00,0.69352,0.69352,0.69307,0.69307,382.0
2026-07-02 21:30:00,0.69306,0.69345,0.69294,0.69344,556.0
2026-07-02 21:35:00,0.69345,0.69356,0.69302,0.69314,409.0
2026-07-02 21:40:00,0.69316,0.69339,0.69314,0.69333,222.0
2026-07-02 21:45:00,0.69332,0.69334,0.69296,0.69308,320.0
2026-07-02 21:50:00,0.6931,0.6931,0.69284,0.69294,297.0
2026-07-02 21:55:00,0.69294,0.69312,0.69292,0.69301,247.0
2026-07-02 22:00:00,0.69299,0.69307,0.6928,0.693,399.0
2026-07-02 22:05:00,0.69301,0.69344,0.693,0.69334,197.0
2026-07-02 22:10:00,0.69335,0.69349,0.69314,0.69324,201.0
2026-07-02 22:15:00,0.69324,0.69342,0.69322,0.69328,143.0
2026-07-02 22:20:00,0.69328,0.69345,0.69326,0.69344,142.0
2026-07-02 22:25:00,0.69342,0.69364,0.69338,0.69358,134.0
2026-07-02 22:30:00,0.69362,0.69364,0.69343,0.69349,219.0
2026-07-02 22:35:00,0.69348,0.69374,0.69344,0.69372,137.0
2026-07-02 22:40:00,0.69372,0.69382,0.69353,0.69378,181.0
2026-07-02 22:45:00,0.69377,0.69389,0.69374,0.69379,213.0
2026-07-02 22:50:00,0.69378,0.6939,0.69377,0.69384,91.0
2026-07-02 22:55:00,0.69385,0.6939,0.69363,0.69368,145.0
2026-07-02 23:00:00,0.69369,0.69376,0.69358,0.6937,108.0
2026-07-02 23:05:00,0.69369,0.69374,0.69352,0.69354,182.0
2026-07-02 23:10:00,0.69355,0.69374,0.69352,0.69374,172.0
2026-07-02 23:15:00,0.69374,0.69375,0.69358,0.69358,123.0
2026-07-02 23:20:00,0.69358,0.69362,0.6935,0.69354,138.0
2026-07-02 23:25:00,0.69351,0.69353,0.6934,0.69351,165.0
2026-07-02 23:30:00,0.69352,0.69362,0.69344,0.6936,185.0
2026-07-02 23:35:00,0.6936,0.69364,0.69347,0.69353,185.0
2026-07-02 23:40:00,0.69352,0.69358,0.69338,0.69338,172.0
2026-07-02 23:45:00,0.69338,0.69343,0.69331,0.69342,136.0
2026-07-02 23:50:00,0.69342,0.69344,0.69333,0.69338,131.0
2026-07-02 23:55:00,0.69338,0.69355,0.69338,0.69354,113.0
2026-07-03 00:00:00,0.69354,0.69359,0.69342,0.69343,137.0
2026-07-03 00:05:00,0.69342,0.69354,0.6934,0.69348,125.0
2026-07-03 00:10:00,0.69348,0.69364,0.69348,0.69364,161.0
2026-07-03 00:15:00,0.69362,0.69384,0.69362,0.69382,128.0
2026-07-03 00:20:00,0.6938,0.69394,0.69378,0.69388,89.0
2026-07-03 00:25:00,0.69387,0.6939,0.6938,0.69382,67.0
2026-07-03 00:30:00,0.69381,0.69392,0.69374,0.69385,194.0
2026-07-03 00:35:00,0.69384,0.69408,0.69384,0.69401,168.0
2026-07-03 00:40:00,0.694,0.6941,0.69394,0.69404,190.0
2026-07-03 00:45:00,0.69403,0.6941,0.69392,0.69393,163.0
2026-07-03 00:50:00,0.69392,0.694,0.69386,0.69386,153.0
2026-07-03 00:55:00,0.69384,0.69392,0.69382,0.69388,132.0
2026-07-03 01:00:00,0.69387,0.694,0.69378,0.69396,278.0
2026-07-03 01:05:00,0.69395,0.6943,0.69394,0.69414,293.0
2026-07-03 01:10:00,0.69413,0.69426,0.69403,0.69423,317.0
2026-07-03 01:15:00,0.69424,0.6944,0.69422,0.69427,224.0
2026-07-03 01:20:00,0.69426,0.69427,0.69394,0.6941,170.0
2026-07-03 01:25:00,0.69412,0.69425,0.6941,0.6942,172.0
2026-07-03 01:30:00,0.6942,0.69434,0.6942,0.69433,114.0
2026-07-03 01:35:00,0.69434,0.69438,0.69405,0.69405,157.0
2026-07-03 01:40:00,0.69408,0.69412,0.69398,0.69406,92.0
2026-07-03 01:45:00,0.69408,0.69413,0.69394,0.69401,152.0
2026-07-03 01:50:00,0.69402,0.69419,0.69395,0.69411,190.0
2026-07-03 01:55:00,0.69408,0.6941,0.69385,0.69394,159.0
2026-07-03 02:00:00,0.69396,0.69431,0.69394,0.69423,305.0
2026-07-03 02:05:00,0.69424,0.69454,0.69422,0.6944,363.0
2026-07-03 02:10:00,0.69438,0.69448,0.69431,0.69448,205.0
2026-07-03 02:15:00,0.69451,0.69476,0.6945,0.69474,220.0
2026-07-03 02:20:00,0.69474,0.69474,0.69422,0.6943,178.0
2026-07-03 02:25:00,0.69432,0.69465,0.69432,0.69464,243.0
2026-07-03 02:30:00,0.6946,0.69493,0.69446,0.6948,336.0
2026-07-03 02:35:00,0.69478,0.69498,0.69472,0.69484,453.0
2026-07-03 02:40:00,0.69483,0.69486,0.69468,0.69482,245.0
2026-07-03 02:45:00,0.6948,0.69494,0.69474,0.69474,311.0
2026-07-03 02:50:00,0.69474,0.69474,0.6944,0.69446,207.0
2026-07-03 02:55:00,0.69444,0.69446,0.69422,0.69432,333.0
2026-07-03 03:00:00,0.69432,0.69438,0.69418,0.69432,338.0
2026-07-03 03:05:00,0.69428,0.69451,0.69426,0.69451,213.0
2026-07-03 03:10:00,0.6945,0.69455,0.69438,0.69444,232.0
2026-07-03 03:15:00,0.69442,0.69445,0.69431,0.69438,327.0
2026-07-03 03:20:00,0.69438,0.69456,0.69432,0.69454,271.0
2026-07-03 03:25:00,0.6945,0.69482,0.69449,0.69478,346.0
2026-07-03 03:30:00,0.69478,0.6948,0.69429,0.69431,319.0
2026-07-03 03:35:00,0.6943,0.69442,0.69429,0.6944,127.0
2026-07-03 03:40:00,0.6944,0.69444,0.69426,0.69439,170.0
2026-07-03 03:45:00,0.69435,0.69451,0.69434,0.69451,196.0
2026-07-03 03:50:00,0.6945,0.69462,0.6944,0.69458,283.0
2026-07-03 03:55:00,0.69458,0.6948,0.69449,0.69452,334.0
2026-07-03 04:00:00,0.69451,0.6946,0.69426,0.69443,291.0
2026-07-03 04:05:00,0.69441,0.69463,0.69438,0.69454,240.0
2026-07-03 04:10:00,0.69455,0.6946,0.69442,0.69454,169.0
2026-07-03 04:15:00,0.69455,0.6946,0.69448,0.6945,157.0
2026-07-03 04:20:00,0.69452,0.6946,0.6944,0.6944,390.0
2026-07-03 04:25:00,0.6944,0.69461,0.69438,0.6945,185.0
2026-07-03 04:30:00,0.69452,0.69454,0.69426,0.69448,201.0
2026-07-03 04:35:00,0.69448,0.69458,0.69426,0.69426,140.0
2026-07-03 04:40:00,0.69423,0.6944,0.69422,0.69434,239.0
2026-07-03 04:45:00,0.69437,0.69438,0.69421,0.69422,142.0
2026-07-03 04:50:00,0.6942,0.69424,0.69402,0.6941,206.0
2026-07-03 04:55:00,0.69414,0.69421,0.69408,0.69412,288.0
2026-07-03 05:00:00,0.69409,0.6942,0.69398,0.69408,300.0
2026-07-03 05:05:00,0.69409,0.69419,0.69402,0.69408,128.0
2026-07-03 05:10:00,0.69409,0.69432,0.69408,0.69432,160.0
2026-07-03 05:15:00,0.69432,0.69432,0.69412,0.69419,111.0
2026-07-03 05:20:00,0.6942,0.69428,0.6941,0.6941,165.0
2026-07-03 05:25:00,0.69411,0.69414,0.69397,0.69398,203.0
2026-07-03 05:30:00,0.69399,0.69412,0.69398,0.69402,251.0
2026-07-03 05:35:00,0.69401,0.69408,0.69397,0.69408,180.0
2026-07-03 05:40:00,0.69402,0.69408,0.69402,0.69402,79.0
2026-07-03 05:45:00,0.69398,0.694,0.69387,0.69389,184.0
2026-07-03 05:50:00,0.6939,0.69392,0.69376,0.69382,158.0
2026-07-03 05:55:00,0.69382,0.69387,0.69368,0.69368,149.0
2026-07-03 06:00:00,0.69368,0.69392,0.69367,0.69384,142.0
2026-07-03 06:05:00,0.69383,0.69404,0.69378,0.69398,116.0
2026-07-03 06:10:00,0.69397,0.69404,0.69394,0.69394,106.0
2026-07-03 06:15:00,0.69394,0.69394,0.69378,0.69384,145.0
2026-07-03 06:20:00,0.69384,0.69394,0.69378,0.69378,90.0
2026-07-03 06:25:00,0.69376,0.69382,0.69375,0.69378,96.0
2026-07-03 06:30:00,0.69377,0.69382,0.69375,0.69382,97.0
2026-07-03 06:35:00,0.69384,0.69384,0.69374,0.69378,65.0
2026-07-03 06:40:00,0.69379,0.69388,0.69373,0.69386,89.0
2026-07-03 06:45:00,0.69386,0.6939,0.69382,0.69389,123.0
2026-07-03 06:50:00,0.69388,0.69404,0.69388,0.69398,136.0
2026-07-03 06:55:00,0.69398,0.694,0.69386,0.69386,58.0
2026-07-03 07:00:00,0.69386,0.6939,0.69376,0.69389,165.0
2026-07-03 07:05:00,0.6939,0.694,0.69384,0.694,133.0
2026-07-03 07:10:00,0.69399,0.69423,0.69399,0.6942,98.0
2026-07-03 07:15:00,0.6942,0.69424,0.69412,0.69412,95.0
2026-07-03 07:20:00,0.69415,0.69433,0.69411,0.69428,108.0
2026-07-03 07:25:00,0.69428,0.69428,0.69406,0.6941,137.0
2026-07-03 07:30:00,0.69412,0.69417,0.69402,0.69404,109.0
2026-07-03 07:35:00,0.69404,0.69404,0.69382,0.69388,95.0
2026-07-03 07:40:00,0.69389,0.69398,0.69389,0.69392,75.0
2026-07-03 07:45:00,0.69394,0.69398,0.69382,0.69388,59.0
2026-07-03 07:50:00,0.69385,0.69394,0.69385,0.69392,119.0
2026-07-03 07:55:00,0.69388,0.69398,0.69379,0.69394,144.0
2026-07-03 08:00:00,0.69396,0.69402,0.69374,0.69388,100.0
2026-07-03 08:05:00,0.69392,0.69403,0.69386,0.69386,110.0
2026-07-03 08:10:00,0.69384,0.69402,0.69377,0.69394,154.0
2026-07-03 08:15:00,0.69389,0.69392,0.69378,0.69378,138.0
2026-07-03 08:20:00,0.69374,0.69382,0.69372,0.69377,137.0
2026-07-03 08:25:00,0.69378,0.69386,0.69373,0.69384,193.0
2026-07-03 08:30:00,0.69384,0.69388,0.69378,0.69386,102.0
2026-07-03 08:35:00,0.69383,0.69396,0.69383,0.69396,54.0
2026-07-03 08:40:00,0.69394,0.69398,0.69374,0.69376,169.0
2026-07-03 08:45:00,0.69374,0.69385,0.69374,0.69381,116.0
2026-07-03 08:50:00,0.69379,0.69384,0.69374,0.69383,84.0
2026-07-03 08:55:00,0.69384,0.69384,0.69367,0.69369,136.0
2026-07-03 09:00:00,0.69372,0.69379,0.69369,0.69376,185.0
2026-07-03 09:05:00,0.69375,0.69376,0.69364,0.69374,201.0
2026-07-03 09:10:00,0.69374,0.69381,0.69353,0.69373,328.0
2026-07-03 09:15:00,0.69372,0.69374,0.69355,0.6936,209.0
2026-07-03 09:20:00,0.6936,0.69378,0.6936,0.6937,174.0
2026-07-03 09:25:00,0.6937,0.69382,0.69368,0.69376,130.0
2026-07-03 09:30:00,0.69377,0.69378,0.69352,0.69354,239.0
2026-07-03 09:35:00,0.69352,0.69358,0.69348,0.69352,97.0
2026-07-03 09:40:00,0.69357,0.69364,0.69354,0.69362,241.0
2026-07-03 09:45:00,0.6936,0.69368,0.69356,0.6936,126.0
2026-07-03 09:50:00,0.69358,0.69366,0.69343,0.69343,128.0
2026-07-03 09:55:00,0.69344,0.69369,0.69344,0.69359,247.0
2026-07-03 10:00:00,0.6936,0.69372,0.69354,0.69366,257.0
2026-07-03 10:05:00,0.69368,0.69371,0.69358,0.69369,209.0
2026-07-03 10:10:00,0.6937,0.69374,0.69365,0.69368,133.0
2026-07-03 10:15:00,0.69369,0.6938,0.69358,0.69359,305.0
2026-07-03 10:20:00,0.69358,0.69358,0.69344,0.69348,158.0
2026-07-03 10:25:00,0.69348,0.69386,0.69348,0.69386,159.0
2026-07-03 10:30:00,0.69386,0.69392,0.69376,0.69389,208.0
2026-07-03 10:35:00,0.6939,0.6939,0.69374,0.69378,91.0
2026-07-03 10:40:00,0.69377,0.69384,0.69366,0.69366,149.0
2026-07-03 10:45:00,0.69366,0.69382,0.69366,0.69375,179.0
2026-07-03 10:50:00,0.69376,0.69386,0.69374,0.69386,145.0
2026-07-03 10:55:00,0.69386,0.69386,0.69344,0.6935,387.0
2026-07-03 11:00:00,0.69351,0.69368,0.6935,0.69352,374.0
2026-07-03 11:05:00,0.69352,0.69368,0.69345,0.69365,240.0
2026-07-03 11:10:00,0.69362,0.69372,0.69358,0.69359,190.0
2026-07-03 11:15:00,0.69357,0.69372,0.69354,0.69365,182.0
2026-07-03 11:20:00,0.69364,0.69366,0.69349,0.69352,89.0
2026-07-03 11:25:00,0.69351,0.69358,0.69345,0.69354,66.0
2026-07-03 11:30:00,0.69357,0.69369,0.69353,0.69362,164.0
2026-07-03 11:35:00,0.69362,0.69369,0.69358,0.69362,79.0
2026-07-03 11:40:00,0.69362,0.69368,0.69361,0.69364,84.0
2026-07-03 11:45:00,0.69367,0.69368,0.69358,0.69366,23.0
2026-07-03 11:50:00,0.69366,0.69366,0.69356,0.69359,67.0
2026-07-03 11:55:00,0.69358,0.69368,0.69348,0.69366,166.0
2026-07-03 12:00:00,0.69368,0.69372,0.69362,0.69367,135.0
2026-07-03 12:05:00,0.69366,0.69368,0.69362,0.69364,58.0
2026-07-03 12:10:00,0.69365,0.69366,0.69356,0.69358,114.0
2026-07-03 12:15:00,0.69362,0.69372,0.69362,0.69372,42.0
2026-07-03 12:20:00,0.69372,0.69375,0.69362,0.69364,87.0
2026-07-03 12:25:00,0.69364,0.69369,0.69358,0.6936,72.0
2026-07-03 12:30:00,0.6936,0.69367,0.6936,0.6936,71.0
2026-07-03 12:35:00,0.6936,0.69361,0.69356,0.69356,24.0
2026-07-03 12:40:00,0.69356,0.69356,0.6935,0.69354,32.0
2026-07-03 12:45:00,0.69357,0.69368,0.69357,0.69368,37.0
2026-07-03 12:50:00,0.69369,0.69377,0.69366,0.69377,97.0
2026-07-03 12:55:00,0.69376,0.69382,0.69372,0.69378,84.0
2026-07-03 13:00:00,0.69379,0.69383,0.69376,0.69378,194.0
2026-07-03 13:05:00,0.69382,0.69388,0.69382,0.69385,199.0
2026-07-03 13:10:00,0.69384,0.69386,0.69378,0.69385,93.0
2026-07-03 13:15:00,0.69384,0.69384,0.69376,0.69382,129.0
2026-07-03 13:20:00,0.69381,0.69386,0.69379,0.6938,398.0
2026-07-03 13:25:00,0.69381,0.69382,0.69378,0.69378,78.0
2026-07-03 13:30:00,0.69378,0.69383,0.69376,0.6938,111.0
2026-07-03 13:35:00,0.69378,0.69386,0.69378,0.69383,71.0
2026-07-03 13:40:00,0.69383,0.69384,0.69375,0.69376,90.0
2026-07-03 13:45:00,0.69377,0.69383,0.69376,0.69382,118.0
2026-07-03 13:50:00,0.69383,0.69383,0.69374,0.69378,154.0
2026-07-03 13:55:00,0.69378,0.69384,0.69376,0.6938,122.0
2026-07-03 14:00:00,0.69382,0.69386,0.69382,0.69384,142.0
2026-07-03 14:05:00,0.69382,0.69384,0.69378,0.69381,60.0
2026-07-03 14:10:00,0.69379,0.69383,0.69378,0.69383,307.0
2026-07-03 14:15:00,0.69384,0.69385,0.69382,0.69384,70.0
2026-07-03 14:20:00,0.69386,0.69386,0.69378,0.69381,199.0
2026-07-03 14:25:00,0.69382,0.69384,0.69381,0.69383,181.0
2026-07-03 14:30:00,0.69383,0.69386,0.69382,0.69384,62.0
2026-07-03 14:35:00,0.69386,0.69386,0.69384,0.69384,28.0
2026-07-03 14:40:00,0.69385,0.69386,0.69382,0.69385,60.0
2026-07-03 14:45:00,0.69384,0.69386,0.69382,0.69384,114.0
2026-07-03 14:50:00,0.69385,0.69386,0.69384,0.69384,89.0
2026-07-03 14:55:00,0.69384,0.69386,0.69384,0.69385,16.0
2026-07-03 15:00:00,0.69384,0.69398,0.69384,0.6939,374.0
2026-07-03 15:05:00,0.69392,0.69392,0.6938,0.69384,1059.0
2026-07-03 15:10:00,0.69382,0.69388,0.6938,0.69384,729.0
2026-07-03 15:15:00,0.69384,0.69386,0.69378,0.69381,853.0
2026-07-03 15:20:00,0.69382,0.69388,0.69379,0.69382,1168.0
2026-07-03 15:25:00,0.69382,0.69386,0.69376,0.69379,1303.0
2026-07-03 15:30:00,0.6938,0.69384,0.69372,0.69372,295.0
2026-07-03 15:35:00,0.69374,0.69378,0.6937,0.69375,338.0
2026-07-03 15:40:00,0.69376,0.69376,0.69367,0.69371,417.0
2026-07-03 15:45:00,0.6937,0.69373,0.69364,0.69364,192.0
2026-07-03 15:50:00,0.69365,0.6938,0.6936,0.69374,155.0
2026-07-03 15:55:00,0.69372,0.69372,0.69361,0.69363,140.0
2026-07-03 16:00:00,0.69366,0.69366,0.69352,0.69365,402.0
2026-07-03 16:05:00,0.69364,0.69366,0.69356,0.69356,490.0
2026-07-03 16:10:00,0.69358,0.6936,0.69347,0.69352,145.0
2026-07-03 16:15:00,0.69352,0.69356,0.69347,0.69351,60.0
2026-07-03 16:20:00,0.6935,0.69356,0.69348,0.6935,35.0
2026-07-03 16:25:00,0.69349,0.69356,0.69342,0.69346,68.0
2026-07-03 16:30:00,0.69345,0.69356,0.69345,0.69354,135.0
2026-07-03 16:35:00,0.69352,0.69354,0.69352,0.69354,48.0
2026-07-03 16:40:00,0.69354,0.6936,0.69352,0.69359,51.0
2026-07-03 16:45:00,0.6936,0.69383,0.69354,0.69381,161.0
2026-07-03 16:50:00,0.69378,0.69386,0.6937,0.69374,102.0
2026-07-03 16:55:00,0.69376,0.69409,0.69372,0.69409,14.0
2026-07-05 17:00:00,0.694,0.694,0.694,0.694,1.0
2026-07-05 17:05:00,0.69436,0.6944,0.69431,0.69438,26.0
2026-07-05 17:10:00,0.69438,0.6944,0.69422,0.69426,21.0
2026-07-05 17:15:00,0.69426,0.6945,0.69426,0.6943,35.0
2026-07-05 17:20:00,0.69422,0.6943,0.69398,0.6943,33.0
2026-07-05 17:30:00,0.69428,0.6943,0.69367,0.69413,82.0
2026-07-05 17:35:00,0.6941,0.69414,0.69396,0.69412,53.0
2026-07-05 17:40:00,0.6941,0.6941,0.6941,0.6941,1.0
2026-07-05 17:50:00,0.69403,0.69408,0.69402,0.69408,3.0
2026-07-05 17:55:00,0.69409,0.69426,0.69409,0.69422,57.0
2026-07-05 18:00:00,0.69423,0.69423,0.69372,0.69383,231.0
2026-07-05 18:05:00,0.69384,0.69384,0.69366,0.69366,112.0
2026-07-05 18:10:00,0.69366,0.69377,0.69362,0.69368,32.0
2026-07-05 18:15:00,0.6937,0.6937,0.69362,0.69362,23.0
2026-07-05 18:20:00,0.69366,0.69373,0.69361,0.69373,60.0
2026-07-05 18:25:00,0.69372,0.69373,0.69369,0.6937,41.0
2026-07-05 18:30:00,0.69368,0.69372,0.69367,0.69372,24.0
2026-07-05 18:35:00,0.69372,0.69373,0.6937,0.69371,17.0
2026-07-05 18:40:00,0.6937,0.69378,0.6937,0.69374,42.0
2026-07-05 18:45:00,0.69376,0.69378,0.69376,0.69378,9.0
2026-07-05 18:50:00,0.69376,0.69376,0.69362,0.69367,20.0
2026-07-05 18:55:00,0.69368,0.69368,0.69362,0.69368,28.0
2026-07-05 19:00:00,0.69367,0.69372,0.6936,0.69361,53.0
2026-07-05 19:05:00,0.69362,0.69378,0.69356,0.69357,87.0
2026-07-05 19:10:00,0.69356,0.69362,0.69354,0.69357,65.0
2026-07-05 19:15:00,0.69358,0.69362,0.69356,0.6936,51.0
2026-07-05 19:20:00,0.69361,0.69367,0.69361,0.69362,45.0
2026-07-05 19:25:00,0.69362,0.69383,0.69362,0.69378,48.0
2026-07-05 19:30:00,0.69376,0.69382,0.69371,0.69372,95.0
2026-07-05 19:35:00,0.69372,0.69377,0.69366,0.69376,55.0
2026-07-05 19:40:00,0.69378,0.69378,0.6937,0.69374,87.0
2026-07-05 19:45:00,0.69375,0.6939,0.69368,0.69373,237.0
2026-07-05 19:50:00,0.69372,0.69372,0.6936,0.69361,187.0
2026-07-05 19:55:00,0.6936,0.69381,0.6936,0.69366,138.0
2026-07-05 20:00:00,0.69364,0.69368,0.69318,0.69325,362.0
2026-07-05 20:05:00,0.69323,0.69338,0.693,0.69315,330.0
2026-07-05 20:10:00,0.69312,0.69344,0.69308,0.69343,282.0
2026-07-05 20:15:00,0.69342,0.69387,0.69342,0.69364,261.0
2026-07-05 20:20:00,0.69364,0.6937,0.69358,0.6936,153.0
2026-07-05 20:25:00,0.69358,0.6936,0.69332,0.69342,266.0
2026-07-05 20:30:00,0.69342,0.69367,0.69336,0.69352,348.0
2026-07-05 20:35:00,0.69353,0.69376,0.69336,0.69372,276.0
2026-07-05 20:40:00,0.69372,0.69387,0.69372,0.69378,156.0
2026-07-05 20:45:00,0.69379,0.69396,0.6937,0.69375,228.0
2026-07-05 20:50:00,0.69374,0.69376,0.69354,0.69361,198.0
2026-07-05 20:55:00,0.69361,0.69372,0.6934,0.69348,244.0
2026-07-05 21:00:00,0.69346,0.69346,0.69324,0.69327,273.0
2026-07-05 21:05:00,0.69326,0.69357,0.69322,0.6935,306.0
2026-07-05 21:10:00,0.69354,0.69373,0.69341,0.69362,232.0
2026-07-05 21:15:00,0.69362,0.69373,0.6935,0.69362,176.0
2026-07-05 21:20:00,0.69364,0.69364,0.69323,0.69334,269.0
2026-07-05 21:25:00,0.69335,0.69338,0.69307,0.69334,292.0
2026-07-05 21:30:00,0.69336,0.69358,0.69322,0.69338,276.0
2026-07-05 21:35:00,0.69338,0.69356,0.69322,0.69353,274.0
2026-07-05 21:40:00,0.69354,0.6936,0.69344,0.6936,230.0
2026-07-05 21:45:00,0.69356,0.69359,0.6932,0.69321,247.0
2026-07-05 21:50:00,0.6932,0.69324,0.69304,0.69312,271.0
2026-07-05 21:55:00,0.69316,0.6932,0.69287,0.69292,267.0
2026-07-05 22:00:00,0.69292,0.69324,0.69291,0.6932,235.0
2026-07-05 22:05:00,0.6932,0.69321,0.69298,0.69304,210.0
2026-07-05 22:10:00,0.69304,0.69314,0.69299,0.6931,166.0
2026-07-05 22:15:00,0.69308,0.6931,0.69294,0.69301,134.0
2026-07-05 22:20:00,0.69301,0.69324,0.69301,0.69312,209.0
2026-07-05 22:25:00,0.69316,0.69316,0.69294,0.69304,170.0
2026-07-05 22:30:00,0.69304,0.69304,0.69284,0.6929,130.0
2026-07-05 22:35:00,0.69291,0.69299,0.69278,0.6929,186.0
2026-07-05 22:40:00,0.69288,0.69293,0.69274,0.69282,216.0
2026-07-05 22:45:00,0.6928,0.69306,0.6928,0.69291,211.0
2026-07-05 22:50:00,0.6929,0.69295,0.69282,0.69292,174.0
2026-07-05 22:55:00,0.69292,0.693,0.6928,0.69292,167.0
2026-07-05 23:00:00,0.69292,0.69301,0.69292,0.69292,166.0
2026-07-05 23:05:00,0.69288,0.69294,0.69282,0.69282,92.0
2026-07-05 23:10:00,0.69285,0.69288,0.69261,0.69262,57.0
2026-07-05 23:15:00,0.69262,0.69269,0.69252,0.69256,104.0
2026-07-05 23:20:00,0.69255,0.69256,0.69218,0.69223,145.0
2026-07-05 23:25:00,0.69222,0.69242,0.69222,0.6924,135.0
2026-07-05 23:30:00,0.6924,0.69242,0.69221,0.69234,177.0
2026-07-05 23:35:00,0.69235,0.69242,0.69231,0.69242,153.0
2026-07-05 23:40:00,0.69242,0.69252,0.69237,0.69252,126.0
2026-07-05 23:45:00,0.69252,0.69259,0.69251,0.69252,190.0
2026-07-05 23:50:00,0.69252,0.69256,0.69234,0.69236,84.0
2026-07-05 23:55:00,0.69238,0.69267,0.69236,0.69265,163.0
2026-07-06 00:00:00,0.69264,0.69277,0.69256,0.69276,149.0
2026-07-06 00:05:00,0.69279,0.69279,0.69266,0.69266,123.0
2026-07-06 00:10:00,0.69268,0.69293,0.69268,0.69288,106.0
2026-07-06 00:15:00,0.69287,0.69298,0.69286,0.69292,90.0
2026-07-06 00:20:00,0.69292,0.69312,0.69292,0.69307,87.0
2026-07-06 00:25:00,0.6931,0.69322,0.69304,0.69311,146.0
2026-07-06 00:30:00,0.6931,0.6933,0.6931,0.6932,99.0
2026-07-06 00:35:00,0.69318,0.69327,0.69312,0.69324,66.0
2026-07-06 00:40:00,0.69321,0.69332,0.69321,0.69328,103.0
2026-07-06 00:45:00,0.69326,0.69341,0.69322,0.69328,95.0
2026-07-06 00:50:00,0.69328,0.69328,0.69318,0.69324,93.0
2026-07-06 00:55:00,0.69324,0.6934,0.69323,0.69334,107.0
2026-07-06 01:00:00,0.69335,0.69336,0.69308,0.6931,132.0
2026-07-06 01:05:00,0.69308,0.69325,0.69308,0.69312,119.0
2026-07-06 01:10:00,0.69309,0.69332,0.69309,0.69324,164.0
2026-07-06 01:15:00,0.69326,0.69333,0.69316,0.69318,118.0
2026-07-06 01:20:00,0.69318,0.69325,0.69312,0.69318,141.0
2026-07-06 01:25:00,0.69316,0.69338,0.69316,0.6933,123.0
2026-07-06 01:30:00,0.69328,0.69338,0.69312,0.6933,238.0
2026-07-06 01:35:00,0.6933,0.6935,0.69329,0.69334,169.0
2026-07-06 01:40:00,0.69333,0.69354,0.69333,0.69338,143.0
2026-07-06 01:45:00,0.69338,0.69342,0.69331,0.69334,194.0
2026-07-06 01:50:00,0.69333,0.6934,0.69328,0.69335,193.0
2026-07-06 01:55:00,0.69338,0.69338,0.69291,0.69296,249.0
2026-07-06 02:00:00,0.69296,0.69323,0.69296,0.6932,255.0
2026-07-06 02:05:00,0.6932,0.69327,0.69298,0.69322,273.0
2026-07-06 02:10:00,0.6932,0.69322,0.69304,0.6931,192.0
2026-07-06 02:15:00,0.69309,0.6931,0.69272,0.69286,277.0
2026-07-06 02:20:00,0.69284,0.69304,0.6928,0.69301,222.0
2026-07-06 02:25:00,0.693,0.6931,0.69284,0.69303,196.0
2026-07-06 02:30:00,0.69301,0.69318,0.69296,0.6931,224.0
2026-07-06 02:35:00,0.69311,0.69323,0.69292,0.6932,239.0
2026-07-06 02:40:00,0.6932,0.69331,0.69301,0.69312,204.0
2026-07-06 02:45:00,0.69311,0.6932,0.69306,0.69308,162.0
2026-07-06 02:50:00,0.69311,0.69311,0.69278,0.69286,202.0
2026-07-06 02:55:00,0.69287,0.69292,0.6926,0.69284,313.0
2026-07-06 03:00:00,0.69284,0.69297,0.69256,0.69296,300.0
2026-07-06 03:05:00,0.69297,0.69297,0.69284,0.69289,243.0
2026-07-06 03:10:00,0.69288,0.69312,0.6928,0.69312,258.0
2026-07-06 03:15:00,0.69312,0.69332,0.69306,0.69326,228.0
2026-07-06 03:20:00,0.69323,0.69325,0.69306,0.69314,252.0
2026-07-06 03:25:00,0.69314,0.69316,0.69291,0.69292,232.0
2026-07-06 03:30:00,0.6929,0.69324,0.69286,0.69318,251.0
2026-07-06 03:35:00,0.69316,0.6933,0.69313,0.69328,190.0
2026-07-06 03:40:00,0.69328,0.69372,0.69328,0.69369,232.0
2026-07-06 03:45:00,0.69367,0.69378,0.69366,0.69366,189.0
2026-07-06 03:50:00,0.69362,0.69367,0.69348,0.69354,201.0
2026-07-06 03:55:00,0.69354,0.69372,0.69354,0.69371,220.0
2026-07-06 04:00:00,0.69373,0.69385,0.6935,0.69356,227.0
2026-07-06 04:05:00,0.69357,0.69366,0.69351,0.69352,120.0
2026-07-06 04:10:00,0.69348,0.69352,0.69304,0.69323,278.0
2026-07-06 04:15:00,0.69326,0.69341,0.69321,0.69334,245.0
2026-07-06 04:20:00,0.69333,0.69336,0.69314,0.69314,224.0
2026-07-06 04:25:00,0.69314,0.69318,0.69306,0.69316,195.0
2026-07-06 04:30:00,0.69316,0.69321,0.69302,0.69312,209.0
2026-07-06 04:35:00,0.69314,0.69322,0.69304,0.6931,198.0
2026-07-06 04:40:00,0.69312,0.69334,0.69309,0.69311,206.0
2026-07-06 04:45:00,0.69312,0.69313,0.69296,0.693,172.0
2026-07-06 04:50:00,0.69304,0.69321,0.693,0.69312,185.0
2026-07-06 04:55:00,0.69311,0.69326,0.6931,0.69326,187.0
2026-07-06 05:00:00,0.69326,0.69332,0.69309,0.69322,321.0
2026-07-06 05:05:00,0.69322,0.69333,0.69316,0.69316,203.0
2026-07-06 05:10:00,0.69316,0.69322,0.69302,0.69321,360.0
2026-07-06 05:15:00,0.6932,0.69322,0.6931,0.69312,203.0
2026-07-06 05:20:00,0.6931,0.69329,0.6931,0.69325,111.0
2026-07-06 05:25:00,0.69325,0.69326,0.6931,0.69316,141.0
2026-07-06 05:30:00,0.69316,0.69325,0.6931,0.69324,238.0
2026-07-06 05:35:00,0.69324,0.6933,0.69316,0.69318,201.0
2026-07-06 05:40:00,0.69316,0.69324,0.6931,0.69312,164.0
2026-07-06 05:45:00,0.69313,0.69318,0.693,0.693,207.0
2026-07-06 05:50:00,0.69303,0.69324,0.693,0.69307,281.0
2026-07-06 05:55:00,0.69306,0.69312,0.693,0.69302,161.0
2026-07-06 06:00:00,0.69301,0.69313,0.69294,0.69294,139.0
2026-07-06 06:05:00,0.69294,0.69307,0.69284,0.69306,69.0
2026-07-06 06:10:00,0.69305,0.6934,0.69305,0.6934,117.0
2026-07-06 06:15:00,0.69338,0.6935,0.69324,0.69347,168.0
2026-07-06 06:20:00,0.69346,0.6936,0.69342,0.69358,108.0
2026-07-06 06:25:00,0.69357,0.6936,0.69347,0.6935,99.0
2026-07-06 06:30:00,0.69348,0.69362,0.69343,0.6936,110.0
2026-07-06 06:35:00,0.69359,0.69374,0.69352,0.69354,149.0
2026-07-06 06:40:00,0.69355,0.69355,0.69336,0.69338,116.0
2026-07-06 06:45:00,0.69336,0.69337,0.69322,0.69328,60.0
2026-07-06 06:50:00,0.69327,0.69352,0.69322,0.6935,107.0
2026-07-06 06:55:00,0.6935,0.69355,0.69337,0.69343,107.0
2026-07-06 07:00:00,0.69342,0.69343,0.69323,0.69326,158.0
2026-07-06 07:05:00,0.69326,0.69334,0.6932,0.69333,104.0
2026-07-06 07:10:00,0.69332,0.6935,0.69332,0.69348,232.0
2026-07-06 07:15:00,0.69347,0.69352,0.69335,0.69346,172.0
2026-07-06 07:20:00,0.69346,0.6935,0.6934,0.6934,103.0
2026-07-06 07:25:00,0.6934,0.69362,0.6934,0.69352,168.0
2026-07-06 07:30:00,0.69351,0.69364,0.69344,0.69363,193.0
2026-07-06 07:35:00,0.69362,0.69363,0.69344,0.69344,80.0
2026-07-06 07:40:00,0.69348,0.69356,0.69342,0.69349,90.0
2026-07-06 07:45:00,0.69352,0.69353,0.69341,0.69342,102.0
2026-07-06 07:50:00,0.6934,0.6934,0.69325,0.69336,154.0
2026-07-06 07:55:00,0.69336,0.69344,0.69328,0.69339,158.0
2026-07-06 08:00:00,0.69337,0.69356,0.69334,0.69354,264.0
2026-07-06 08:05:00,0.69356,0.6936,0.6934,0.6934,158.0
2026-07-06 08:10:00,0.6934,0.6935,0.69332,0.6935,142.0
2026-07-06 08:15:00,0.69352,0.69366,0.69345,0.6935,203.0
2026-07-06 08:20:00,0.69349,0.69351,0.6932,0.69325,184.0
2026-07-06 08:25:00,0.69326,0.69334,0.69317,0.69328,144.0
2026-07-06 08:30:00,0.69328,0.6933,0.69314,0.69314,178.0
2026-07-06 08:35:00,0.69314,0.69314,0.69295,0.693,157.0
2026-07-06 08:40:00,0.693,0.69301,0.6925,0.69256,245.0
2026-07-06 08:45:00,0.69256,0.69264,0.69245,0.69245,181.0
2026-07-06 08:50:00,0.69246,0.69261,0.69242,0.69256,196.0
2026-07-06 08:55:00,0.69258,0.6927,0.6924,0.69264,221.0
2026-07-06 09:00:00,0.69265,0.69275,0.69252,0.69266,246.0
2026-07-06 09:05:00,0.69265,0.69277,0.69262,0.69276,143.0
2026-07-06 09:10:00,0.6928,0.693,0.69272,0.69274,257.0
2026-07-06 09:15:00,0.69278,0.69303,0.69277,0.69302,224.0
2026-07-06 09:20:00,0.69303,0.69317,0.69293,0.69311,257.0
2026-07-06 09:25:00,0.69312,0.69318,0.69291,0.69304,205.0
2026-07-06 09:30:00,0.69305,0.69321,0.69297,0.69316,435.0
2026-07-06 09:35:00,0.69314,0.69328,0.693,0.69328,285.0
2026-07-06 09:40:00,0.69328,0.69344,0.69318,0.69341,298.0
2026-07-06 09:45:00,0.69341,0.69346,0.69314,0.69344,347.0
2026-07-06 09:50:00,0.69344,0.69356,0.69323,0.69326,354.0
2026-07-06 09:55:00,0.69323,0.69327,0.69308,0.69308,264.0
2026-07-06 10:00:00,0.69312,0.6935,0.6929,0.69328,478.0
2026-07-06 10:05:00,0.69332,0.69352,0.69332,0.69347,342.0
2026-07-06 10:10:00,0.69346,0.69375,0.69341,0.69371,304.0
2026-07-06 10:15:00,0.69372,0.69372,0.69342,0.69352,338.0
2026-07-06 10:20:00,0.69353,0.69355,0.69338,0.69343,409.0
2026-07-06 10:25:00,0.69343,0.69362,0.69342,0.69352,286.0
2026-07-06 10:30:00,0.69353,0.69365,0.69341,0.69365,181.0
2026-07-06 10:35:00,0.69364,0.69366,0.69332,0.69336,229.0
2026-07-06 10:40:00,0.69336,0.69344,0.69331,0.69331,352.0
2026-07-06 10:45:00,0.6933,0.69352,0.6933,0.69345,268.0
2026-07-06 10:50:00,0.69343,0.69372,0.69342,0.6937,215.0
2026-07-06 10:55:00,0.69369,0.69384,0.69364,0.69371,300.0
2026-07-06 11:00:00,0.69374,0.69403,0.69372,0.69396,215.0
2026-07-06 11:05:00,0.69394,0.69405,0.69389,0.69396,175.0
2026-07-06 11:10:00,0.69396,0.69396,0.69366,0.69379,192.0
2026-07-06 11:15:00,0.6938,0.69386,0.69372,0.69374,222.0
2026-07-06 11:20:00,0.69374,0.69394,0.6937,0.69391,226.0
2026-07-06 11:25:00,0.6939,0.69404,0.6939,0.69404,117.0
2026-07-06 11:30:00,0.69404,0.69416,0.69402,0.69409,204.0
2026-07-06 11:35:00,0.6941,0.69427,0.69398,0.69423,181.0
2026-07-06 11:40:00,0.69422,0.6944,0.69418,0.69437,145.0
2026-07-06 11:45:00,0.69438,0.69442,0.6943,0.69441,176.0
2026-07-06 11:50:00,0.69442,0.69446,0.69435,0.6944,166.0
2026-07-06 11:55:00,0.6944,0.6944,0.69428,0.69433,152.0
2026-07-06 12:00:00,0.69434,0.69444,0.6943,0.69438,274.0
2026-07-06 12:05:00,0.6944,0.69444,0.69434,0.69442,139.0
2026-07-06 12:10:00,0.69443,0.69456,0.6944,0.6944,161.0
2026-07-06 12:15:00,0.6944,0.69456,0.6944,0.69454,115.0
2026-07-06 12:20:00,0.69453,0.6946,0.69449,0.69449,118.0
2026-07-06 12:25:00,0.69448,0.69452,0.69444,0.69445,82.0
2026-07-06 12:30:00,0.69444,0.69455,0.6944,0.69446,134.0
2026-07-06 12:35:00,0.69444,0.69448,0.6944,0.69445,77.0
2026-07-06 12:40:00,0.69444,0.69448,0.69434,0.69448,147.0
2026-07-06 12:45:00,0.69448,0.69452,0.69442,0.69452,125.0
2026-07-06 12:50:00,0.69452,0.69469,0.69452,0.69462,145.0
2026-07-06 12:55:00,0.69459,0.69466,0.69458,0.69465,101.0
2026-07-06 13:00:00,0.69466,0.6948,0.69463,0.69476,120.0
2026-07-06 13:05:00,0.69479,0.69493,0.69478,0.69493,108.0
2026-07-06 13:10:00,0.69492,0.69508,0.6949,0.69506,171.0
