Timestamp,Open,High,Low,Close,Volume
2026-03-10 00:00:00,0.70591,0.70633,0.7056,0.7061,4076.0
2026-03-10 01:00:00,0.70614,0.70766,0.70592,0.70765,5285.0
2026-03-10 02:00:00,0.70765,0.70987,0.70749,0.70932,4966.0
2026-03-10 03:00:00,0.70933,0.71196,0.70904,0.71132,6196.0
2026-03-10 04:00:00,0.71132,0.71162,0.70938,0.70958,7226.0
2026-03-10 05:00:00,0.70956,0.71182,0.70948,0.71125,7088.0
2026-03-10 06:00:00,0.71124,0.71199,0.70989,0.71108,8484.0
2026-03-10 07:00:00,0.71108,0.7125,0.71076,0.71204,9879.0
2026-03-10 08:00:00,0.71202,0.7121,0.71046,0.71152,10888.0
2026-03-10 09:00:00,0.71154,0.71267,0.7109,0.71143,17416.0
2026-03-10 10:00:00,0.71144,0.71474,0.71082,0.71462,13710.0
2026-03-10 11:00:00,0.7146,0.71544,0.71409,0.71496,8999.0
2026-03-10 12:00:00,0.71494,0.71525,0.71376,0.715,6350.0
2026-03-10 13:00:00,0.71498,0.71686,0.7148,0.71559,8886.0
2026-03-10 14:00:00,0.71558,0.71568,0.71234,0.7133,19664.0
2026-03-10 15:00:00,0.71331,0.71359,0.71155,0.71196,11005.0
2026-03-10 16:00:00,0.71196,0.7123,0.71152,0.7119,1968.0
2026-03-10 17:00:00,0.71188,0.71224,0.71172,0.71182,3975.0
2026-03-10 18:00:00,0.71182,0.71186,0.71128,0.71158,1257.0
2026-03-10 19:00:00,0.71158,0.71214,0.71148,0.71193,1528.0
2026-03-10 20:00:00,0.71196,0.7137,0.71166,0.71301,5810.0
2026-03-10 21:00:00,0.713,0.71505,0.71274,0.71498,6689.0
2026-03-10 22:00:00,0.71498,0.71749,0.71434,0.71639,4702.0
2026-03-10 23:00:00,0.71639,0.71752,0.71608,0.71738,3546.0
2026-03-11 00:00:00,0.71738,0.71855,0.71709,0.7182,3724.0
2026-03-11 01:00:00,0.71816,0.71834,0.71664,0.71738,4190.0
2026-03-11 02:00:00,0.71738,0.71805,0.71688,0.71733,4704.0
2026-03-11 03:00:00,0.71732,0.71812,0.71555,0.7164,7481.0
2026-03-11 04:00:00,0.71638,0.71746,0.71526,0.71613,8794.0
2026-03-11 05:00:00,0.71612,0.71631,0.71438,0.7147,8221.0
2026-03-11 06:00:00,0.71467,0.71647,0.71467,0.71624,6338.0
2026-03-11 07:00:00,0.71623,0.7172,0.71576,0.71582,6352.0
2026-03-11 08:00:00,0.7158,0.71686,0.71432,0.71464,10748.0
2026-03-11 09:00:00,0.71464,0.7169,0.71456,0.71678,11562.0
2026-03-11 10:00:00,0.71677,0.71876,0.71646,0.7179,20119.0
2026-03-11 11:00:00,0.71791,0.71819,0.71492,0.71496,10229.0
2026-03-11 12:00:00,0.71494,0.71595,0.71454,0.7153,7174.0
2026-03-11 13:00:00,0.71533,0.71567,0.71378,0.71452,7290.0
2026-03-11 14:00:00,0.7145,0.71536,0.71368,0.71494,5063.0
2026-03-11 15:00:00,0.71497,0.71565,0.71442,0.71564,2887.0
2026-03-11 16:00:00,0.71563,0.71569,0.71504,0.71526,1196.0
2026-03-11 17:00:00,0.71526,0.71568,0.71476,0.7154,1170.0
2026-03-11 18:00:00,0.71538,0.71541,0.71334,0.71354,2683.0
2026-03-11 19:00:00,0.71354,0.71365,0.71254,0.7129,3343.0
2026-03-11 20:00:00,0.71291,0.71465,0.71237,0.71455,4929.0
2026-03-11 21:00:00,0.71454,0.7161,0.71398,0.71506,4857.0
2026-03-11 22:00:00,0.7151,0.71561,0.71298,0.71348,5216.0
2026-03-11 23:00:00,0.71346,0.71376,0.71283,0.71369,3313.0
2026-03-12 00:00:00,0.71368,0.71374,0.71232,0.7124,2594.0
2026-03-12 01:00:00,0.71238,0.71346,0.71199,0.71229,5689.0
2026-03-12 02:00:00,0.7123,0.71298,0.71114,0.71252,5173.0
2026-03-12 03:00:00,0.71251,0.71366,0.71207,0.71346,4434.0
2026-03-12 04:00:00,0.71348,0.71454,0.71307,0.71346,6744.0
2026-03-12 05:00:00,0.71346,0.71397,0.71234,0.71376,5008.0
2026-03-12 06:00:00,0.71373,0.71386,0.7128,0.71342,3957.0
2026-03-12 07:00:00,0.71342,0.71483,0.71324,0.71368,3973.0
2026-03-12 08:00:00,0.71371,0.71376,0.7124,0.71309,6502.0
2026-03-12 09:00:00,0.7131,0.71354,0.70948,0.70968,13288.0
2026-03-12 10:00:00,0.70969,0.71069,0.70818,0.70906,13888.0
2026-03-12 11:00:00,0.70902,0.7097,0.70723,0.70886,17857.0
2026-03-12 12:00:00,0.70885,0.71004,0.70758,0.70876,11887.0
2026-03-12 13:00:00,0.70877,0.70969,0.70814,0.70846,7136.0
2026-03-12 14:00:00,0.70844,0.70884,0.70768,0.70804,5053.0
2026-03-12 15:00:00,0.70804,0.70844,0.70775,0.70777,4404.0
2026-03-12 16:00:00,0.70778,0.70802,0.70757,0.70763,1717.0
2026-03-12 17:00:00,0.70783,0.70783,0.70726,0.70736,531.0
2026-03-12 18:00:00,0.70738,0.70798,0.70718,0.70792,1617.0
2026-03-12 19:00:00,0.70795,0.70808,0.70736,0.70764,2024.0
2026-03-12 20:00:00,0.7076,0.7087,0.70716,0.70844,4957.0
2026-03-12 21:00:00,0.70843,0.70924,0.70792,0.70819,5050.0
2026-03-12 22:00:00,0.7082,0.70892,0.7072,0.70773,4542.0
2026-03-12 23:00:00,0.70772,0.70794,0.70608,0.70711,4181.0
2026-03-13 00:00:00,0.70708,0.70716,0.70592,0.7063,3295.0
2026-03-13 01:00:00,0.70633,0.70672,0.70589,0.70626,3620.0
2026-03-13 02:00:00,0.70627,0.70648,0.70372,0.70382,5244.0
2026-03-13 03:00:00,0.70379,0.70402,0.70212,0.70264,6551.0
2026-03-13 04:00:00,0.70264,0.70388,0.70159,0.70374,7461.0
2026-03-13 05:00:00,0.70374,0.70486,0.70348,0.70359,7441.0
2026-03-13 06:00:00,0.70359,0.70487,0.70352,0.70392,6827.0
2026-03-13 07:00:00,0.70388,0.705,0.7032,0.70495,8274.0
2026-03-13 08:00:00,0.70498,0.70628,0.70437,0.70564,10869.0
2026-03-13 09:00:00,0.70563,0.70578,0.70382,0.70495,12602.0
2026-03-13 10:00:00,0.70494,0.70529,0.70206,0.70242,14454.0
2026-03-13 11:00:00,0.70238,0.70289,0.70022,0.70023,11975.0
2026-03-13 12:00:00,0.70022,0.70128,0.69995,0.7006,11619.0
2026-03-13 13:00:00,0.7006,0.70138,0.70018,0.70036,6598.0
2026-03-13 14:00:00,0.70036,0.7009,0.6998,0.7004,4986.0
2026-03-13 15:00:00,0.70041,0.70046,0.69904,0.69909,3314.0
2026-03-13 16:00:00,0.69908,0.69916,0.69798,0.69812,1962.0
2026-03-15 17:00:00,0.69926,0.69994,0.69912,0.69966,504.0
2026-03-15 18:00:00,0.69966,0.69984,0.69862,0.69958,3654.0
2026-03-15 19:00:00,0.69958,0.70064,0.69927,0.70048,3544.0
2026-03-15 20:00:00,0.70044,0.70188,0.70044,0.70158,5485.0
2026-03-15 21:00:00,0.70158,0.70192,0.69969,0.70128,5960.0
2026-03-15 22:00:00,0.70128,0.7014,0.70073,0.70073,4217.0
2026-03-15 23:00:00,0.70074,0.70145,0.70052,0.70108,2998.0
2026-03-16 00:00:00,0.70106,0.70126,0.7004,0.70043,2023.0
2026-03-16 01:00:00,0.70044,0.70186,0.70044,0.70146,3648.0
2026-03-16 02:00:00,0.70146,0.70214,0.70114,0.70181,3968.0
2026-03-16 03:00:00,0.70179,0.70222,0.7006,0.70132,4825.0
2026-03-16 04:00:00,0.70132,0.70226,0.70072,0.70222,7179.0
2026-03-16 05:00:00,0.70219,0.7028,0.70162,0.7025,5607.0
2026-03-16 06:00:00,0.70248,0.70506,0.70228,0.70502,5597.0
2026-03-16 07:00:00,0.70502,0.70544,0.70472,0.70505,4135.0
2026-03-16 08:00:00,0.70502,0.70588,0.70498,0.70508,5915.0
2026-03-16 09:00:00,0.70508,0.70732,0.70504,0.70722,7137.0
2026-03-16 10:00:00,0.70721,0.70762,0.70538,0.70628,7881.0
2026-03-16 11:00:00,0.70629,0.70652,0.705,0.70552,5836.0
2026-03-16 12:00:00,0.70552,0.70606,0.70448,0.70538,6341.0
2026-03-16 13:00:00,0.70541,0.70638,0.70525,0.70551,5874.0
2026-03-16 14:00:00,0.70554,0.70792,0.70554,0.70752,4657.0
2026-03-16 15:00:00,0.70753,0.70826,0.70689,0.70734,4957.0
2026-03-16 16:00:00,0.70737,0.70746,0.70689,0.70716,1154.0
2026-03-16 17:00:00,0.70712,0.70739,0.70672,0.70706,420.0
2026-03-16 18:00:00,0.70708,0.70722,0.70646,0.70654,991.0
2026-03-16 19:00:00,0.70651,0.70694,0.70626,0.70672,1018.0
2026-03-16 20:00:00,0.70672,0.70674,0.70594,0.70622,2899.0
2026-03-16 21:00:00,0.70622,0.70812,0.7061,0.70812,3885.0
2026-03-16 22:00:00,0.70814,0.70862,0.7076,0.7076,2948.0
2026-03-16 23:00:00,0.70758,0.70951,0.70492,0.70662,7739.0
2026-03-17 00:00:00,0.70662,0.70799,0.70602,0.7073,3543.0
2026-03-17 01:00:00,0.70728,0.70898,0.7067,0.70674,3961.0
2026-03-17 02:00:00,0.70673,0.70722,0.70556,0.70714,5297.0
2026-03-17 03:00:00,0.70714,0.7074,0.70635,0.70672,4648.0
2026-03-17 04:00:00,0.7067,0.70838,0.7061,0.70833,6653.0
2026-03-17 05:00:00,0.7083,0.70908,0.70794,0.70893,5481.0
2026-03-17 06:00:00,0.70888,0.70908,0.70794,0.7085,4415.0
2026-03-17 07:00:00,0.70852,0.70903,0.70794,0.70797,4291.0
2026-03-17 08:00:00,0.70796,0.70978,0.70772,0.70976,5585.0
2026-03-17 09:00:00,0.70978,0.71184,0.7097,0.71111,8844.0
2026-03-17 10:00:00,0.7111,0.71158,0.70995,0.71024,8367.0
2026-03-17 11:00:00,0.71024,0.71045,0.7085,0.70997,8240.0
2026-03-17 12:00:00,0.70995,0.7107,0.70934,0.71026,6620.0
2026-03-17 13:00:00,0.71022,0.71132,0.7102,0.71121,4296.0
2026-03-17 14:00:00,0.71124,0.71155,0.71036,0.71048,3081.0
2026-03-17 15:00:00,0.7105,0.7106,0.71016,0.71046,2000.0
2026-03-17 16:00:00,0.71046,0.71077,0.71038,0.71047,864.0
2026-03-17 17:00:00,0.71048,0.7107,0.70997,0.71023,1135.0
2026-03-17 18:00:00,0.71023,0.71092,0.71022,0.71077,1180.0
2026-03-17 19:00:00,0.71076,0.71095,0.71046,0.71088,1457.0
2026-03-17 20:00:00,0.71088,0.71142,0.71038,0.71068,3892.0
2026-03-17 21:00:00,0.7107,0.71185,0.7107,0.71131,3893.0
2026-03-17 22:00:00,0.71134,0.71142,0.71,0.71016,2871.0
2026-03-17 23:00:00,0.71016,0.71123,0.70998,0.71118,2037.0
2026-03-18 00:00:00,0.71118,0.71181,0.71082,0.71146,2138.0
2026-03-18 01:00:00,0.71148,0.71194,0.71122,0.71182,2439.0
2026-03-18 02:00:00,0.71184,0.71234,0.71152,0.7119,2313.0
2026-03-18 03:00:00,0.71186,0.71212,0.71096,0.71126,2505.0
2026-03-18 04:00:00,0.71126,0.71132,0.71007,0.71082,3810.0
2026-03-18 05:00:00,0.71078,0.71135,0.71028,0.71124,2926.0
2026-03-18 06:00:00,0.71128,0.71129,0.71032,0.71038,2697.0
2026-03-18 07:00:00,0.71038,0.71102,0.70914,0.70998,5503.0
2026-03-18 08:00:00,0.71002,0.71008,0.70577,0.70578,11193.0
2026-03-18 09:00:00,0.70579,0.7067,0.70456,0.70664,12429.0
2026-03-18 10:00:00,0.70665,0.70774,0.70583,0.7077,10594.0
2026-03-18 11:00:00,0.70772,0.70889,0.70744,0.70768,7596.0
2026-03-18 12:00:00,0.70768,0.7085,0.70746,0.70808,5018.0
2026-03-18 13:00:00,0.70807,0.70832,0.70734,0.70819,3683.0
2026-03-18 14:00:00,0.70818,0.7091,0.70506,0.70516,11189.0
2026-03-18 15:00:00,0.70517,0.70557,0.70342,0.70361,8014.0
2026-03-18 16:00:00,0.7036,0.70378,0.70182,0.70236,2196.0
2026-03-18 17:00:00,0.70247,0.7038,0.70245,0.70352,1295.0
2026-03-18 18:00:00,0.70354,0.70364,0.70213,0.70242,1782.0
2026-03-18 19:00:00,0.70238,0.70304,0.70219,0.70294,2641.0
2026-03-18 20:00:00,0.70292,0.70446,0.7027,0.70446,6112.0
2026-03-18 21:00:00,0.70447,0.70476,0.70377,0.70424,5292.0
2026-03-18 22:00:00,0.70424,0.70557,0.7034,0.70454,5161.0
2026-03-18 23:00:00,0.70455,0.70534,0.70445,0.70464,2532.0
2026-03-19 00:00:00,0.70463,0.70466,0.70368,0.7038,2352.0
2026-03-19 01:00:00,0.7038,0.7043,0.70314,0.70334,3741.0
2026-03-19 02:00:00,0.70332,0.70436,0.7031,0.70385,5447.0
2026-03-19 03:00:00,0.70384,0.7045,0.70233,0.70264,7329.0
2026-03-19 04:00:00,0.70266,0.70411,0.70232,0.7037,9253.0
2026-03-19 05:00:00,0.70372,0.70636,0.70372,0.7058,14678.0
2026-03-19 06:00:00,0.70578,0.70578,0.70484,0.7051,9200.0
2026-03-19 07:00:00,0.70512,0.70542,0.70339,0.70429,5582.0
2026-03-19 08:00:00,0.70428,0.7043,0.70111,0.70192,11861.0
2026-03-19 09:00:00,0.7019,0.70429,0.69998,0.70396,20697.0
2026-03-19 10:00:00,0.70396,0.70568,0.703,0.70457,20603.0
2026-03-19 11:00:00,0.70456,0.70608,0.7027,0.70354,14013.0
2026-03-19 12:00:00,0.70353,0.70546,0.70336,0.70472,15585.0
2026-03-19 13:00:00,0.70474,0.70606,0.70378,0.70557,7017.0
2026-03-19 14:00:00,0.70556,0.70751,0.70508,0.70751,5744.0
2026-03-19 15:00:00,0.70751,0.7109,0.70751,0.70846,19645.0
2026-03-19 16:00:00,0.70848,0.70884,0.70821,0.70882,2271.0
2026-03-19 17:00:00,0.70881,0.70912,0.7084,0.70888,926.0
2026-03-19 18:00:00,0.70888,0.70924,0.70819,0.70826,1420.0
2026-03-19 19:00:00,0.70826,0.70894,0.70784,0.70802,2515.0
2026-03-19 20:00:00,0.70802,0.7084,0.70734,0.70826,4147.0
2026-03-19 21:00:00,0.70823,0.70925,0.70805,0.70842,5718.0
2026-03-19 22:00:00,0.70843,0.70899,0.7081,0.70884,3644.0
2026-03-19 23:00:00,0.70884,0.70888,0.70792,0.70824,3200.0
2026-03-20 00:00:00,0.70822,0.70899,0.70788,0.70878,2194.0
2026-03-20 01:00:00,0.7088,0.70957,0.70839,0.7084,3544.0
2026-03-20 02:00:00,0.70839,0.70918,0.70778,0.70799,4432.0
2026-03-20 03:00:00,0.70797,0.70972,0.7075,0.7091,5704.0
2026-03-20 04:00:00,0.70914,0.70948,0.70836,0.70866,5815.0
2026-03-20 05:00:00,0.70864,0.70874,0.7063,0.7065,7084.0
2026-03-20 06:00:00,0.7065,0.7067,0.70524,0.70654,7465.0
2026-03-20 07:00:00,0.70656,0.70838,0.70638,0.70797,6235.0
2026-03-20 08:00:00,0.70796,0.70871,0.70717,0.70746,8903.0
2026-03-20 09:00:00,0.70746,0.70757,0.70423,0.70429,11174.0
2026-03-20 10:00:00,0.70428,0.70481,0.70264,0.70349,14200.0
2026-03-20 11:00:00,0.70348,0.70534,0.70309,0.70323,11412.0
2026-03-20 12:00:00,0.70321,0.70484,0.70313,0.70388,8204.0
2026-03-20 13:00:00,0.7039,0.7044,0.70303,0.70344,7956.0
2026-03-20 14:00:00,0.70346,0.70364,0.70092,0.70104,8690.0
2026-03-20 15:00:00,0.70104,0.70217,0.70053,0.7017,5939.0
2026-03-20 16:00:00,0.7017,0.70253,0.70148,0.70216,3483.0
2026-03-22 17:00:00,0.70042,0.70042,0.69958,0.69964,485.0
2026-03-22 18:00:00,0.69963,0.70128,0.69955,0.70072,2970.0
2026-03-22 19:00:00,0.70072,0.70138,0.7006,0.70102,4240.0
2026-03-22 20:00:00,0.70105,0.70155,0.69882,0.69947,9212.0
2026-03-22 21:00:00,0.69946,0.70095,0.69877,0.69947,11786.0
2026-03-22 22:00:00,0.69946,0.70008,0.6976,0.69816,6667.0
2026-03-22 23:00:00,0.69816,0.69867,0.69774,0.69814,6496.0
2026-03-23 00:00:00,0.69814,0.69855,0.69772,0.69793,4196.0
2026-03-23 01:00:00,0.69796,0.6982,0.696,0.69625,5284.0
2026-03-23 02:00:00,0.69621,0.6963,0.69522,0.69562,7666.0
2026-03-23 03:00:00,0.69564,0.6965,0.69497,0.69536,8590.0
2026-03-23 04:00:00,0.69538,0.69764,0.69532,0.69669,11283.0
2026-03-23 05:00:00,0.6967,0.69692,0.69392,0.69426,8874.0
2026-03-23 06:00:00,0.69427,0.69447,0.69107,0.6923,8880.0
2026-03-23 07:00:00,0.6923,0.70438,0.6923,0.69854,71229.0
2026-03-23 08:00:00,0.69856,0.70338,0.69732,0.70304,43890.0
2026-03-23 09:00:00,0.70306,0.70335,0.69982,0.70296,37779.0
2026-03-23 10:00:00,0.70297,0.70627,0.70242,0.70465,28795.0
2026-03-23 11:00:00,0.70466,0.70593,0.69914,0.69931,25265.0
2026-03-23 12:00:00,0.6993,0.70101,0.6983,0.70039,22476.0
2026-03-23 13:00:00,0.7004,0.7027,0.70004,0.70138,15661.0
2026-03-23 14:00:00,0.70138,0.70294,0.70031,0.70266,14642.0
2026-03-23 15:00:00,0.70262,0.70277,0.7009,0.70112,7741.0
2026-03-23 16:00:00,0.7011,0.70136,0.70076,0.70106,2038.0
2026-03-23 17:00:00,0.70162,0.70172,0.70064,0.70066,1191.0
2026-03-23 18:00:00,0.70066,0.70248,0.70013,0.70184,1851.0
2026-03-23 19:00:00,0.70184,0.70184,0.70048,0.70084,3126.0
2026-03-23 20:00:00,0.70088,0.70088,0.69686,0.69872,11889.0
2026-03-23 21:00:00,0.69872,0.69941,0.69666,0.69699,11651.0
2026-03-23 22:00:00,0.69698,0.69808,0.69646,0.69684,9641.0
2026-03-23 23:00:00,0.69684,0.6975,0.69651,0.6968,6316.0
2026-03-24 00:00:00,0.69681,0.69693,0.69598,0.69661,5044.0
2026-03-24 01:00:00,0.69662,0.6971,0.69555,0.69666,8253.0
2026-03-24 02:00:00,0.69664,0.69871,0.69644,0.69867,8407.0
2026-03-24 03:00:00,0.69866,0.70149,0.6981,0.69894,11990.0
2026-03-24 04:00:00,0.69893,0.69902,0.69596,0.6963,12439.0
2026-03-24 05:00:00,0.69632,0.69746,0.69536,0.6973,7963.0
2026-03-24 06:00:00,0.69732,0.69788,0.69648,0.69762,7658.0
2026-03-24 07:00:00,0.69757,0.69804,0.69566,0.69692,9460.0
2026-03-24 08:00:00,0.69696,0.69712,0.69516,0.69564,9109.0
2026-03-24 09:00:00,0.69564,0.69637,0.6945,0.69632,17518.0
2026-03-24 10:00:00,0.69632,0.6989,0.69584,0.69662,20510.0
2026-03-24 11:00:00,0.69662,0.69745,0.69595,0.69644,16801.0
2026-03-24 12:00:00,0.69643,0.69744,0.69594,0.69654,8931.0
2026-03-24 13:00:00,0.69652,0.69663,0.69384,0.69526,14219.0
2026-03-24 14:00:00,0.69526,0.69752,0.69476,0.69664,11633.0
2026-03-24 15:00:00,0.69664,0.69777,0.69664,0.69686,6780.0
2026-03-24 16:00:00,0.69684,0.70139,0.69666,0.69974,12823.0
2026-03-24 17:00:00,0.69914,0.69984,0.69852,0.69961,2506.0
2026-03-24 18:00:00,0.6996,0.69992,0.6992,0.6999,2315.0
2026-03-24 19:00:00,0.6999,0.7001,0.69904,0.69949,2818.0
2026-03-24 20:00:00,0.69948,0.7004,0.69822,0.69952,8304.0
2026-03-24 21:00:00,0.6995,0.69991,0.69816,0.69818,9540.0
2026-03-24 22:00:00,0.6982,0.69834,0.69716,0.69726,5267.0
2026-03-24 23:00:00,0.69726,0.69778,0.69697,0.69774,3999.0
2026-03-25 00:00:00,0.6977,0.69804,0.69735,0.69744,3109.0
2026-03-25 01:00:00,0.69746,0.69772,0.69698,0.69714,4223.0
2026-03-25 02:00:00,0.69716,0.69756,0.69673,0.6972,4282.0
2026-03-25 03:00:00,0.69719,0.69778,0.69612,0.69672,5749.0
2026-03-25 04:00:00,0.69674,0.69898,0.69636,0.69806,10224.0
2026-03-25 05:00:00,0.69806,0.69854,0.69612,0.69688,5922.0
2026-03-25 06:00:00,0.6969,0.69738,0.69594,0.69671,4462.0
2026-03-25 07:00:00,0.69673,0.69735,0.69585,0.69667,5600.0
2026-03-25 08:00:00,0.69666,0.6973,0.6951,0.69592,9586.0
2026-03-25 09:00:00,0.69594,0.69688,0.69468,0.69479,10375.0
2026-03-25 10:00:00,0.6948,0.69698,0.69429,0.69666,13443.0
2026-03-25 11:00:00,0.69668,0.69712,0.69472,0.69611,12358.0
2026-03-25 12:00:00,0.69612,0.69666,0.69536,0.69597,8401.0
2026-03-25 13:00:00,0.69598,0.6971,0.69564,0.69622,7134.0
2026-03-25 14:00:00,0.69623,0.69657,0.6946,0.69518,7399.0
2026-03-25 15:00:00,0.69514,0.6952,0.69458,0.6949,4746.0
2026-03-25 16:00:00,0.6949,0.69496,0.69457,0.69468,975.0
2026-03-25 17:00:00,0.69509,0.6951,0.69476,0.69478,664.0
2026-03-25 18:00:00,0.69478,0.6952,0.69402,0.69468,1257.0
2026-03-25 19:00:00,0.6947,0.69478,0.69394,0.69428,1617.0
2026-03-25 20:00:00,0.69427,0.69486,0.69366,0.69384,3957.0
2026-03-25 21:00:00,0.69384,0.69454,0.69381,0.69428,4864.0
2026-03-25 22:00:00,0.69428,0.69448,0.6932,0.69364,4075.0
2026-03-25 23:00:00,0.69362,0.69524,0.69362,0.69506,3348.0
2026-03-26 00:00:00,0.69507,0.6957,0.69486,0.69538,2456.0
2026-03-26 01:00:00,0.69542,0.69562,0.69472,0.69476,3493.0
2026-03-26 02:00:00,0.69476,0.69532,0.69425,0.69523,4990.0
2026-03-26 03:00:00,0.69526,0.69526,0.69387,0.6939,4554.0
2026-03-26 04:00:00,0.69392,0.69436,0.6932,0.69426,5782.0
2026-03-26 05:00:00,0.69426,0.69442,0.69294,0.69366,6118.0
2026-03-26 06:00:00,0.69367,0.6941,0.69318,0.69338,5281.0
2026-03-26 07:00:00,0.6934,0.69354,0.69096,0.69101,4273.0
2026-03-26 08:00:00,0.69102,0.69198,0.69015,0.69046,5541.0
2026-03-26 09:00:00,0.69044,0.69291,0.69042,0.69246,10239.0
2026-03-26 10:00:00,0.69245,0.6929,0.6907,0.69158,14409.0
2026-03-26 11:00:00,0.69158,0.69226,0.69048,0.69112,9851.0
2026-03-26 12:00:00,0.69114,0.69133,0.68964,0.68994,5975.0
2026-03-26 13:00:00,0.68992,0.69031,0.68853,0.68853,5895.0
2026-03-26 14:00:00,0.68855,0.68948,0.68853,0.68946,4603.0
2026-03-26 15:00:00,0.68947,0.6895,0.68766,0.68772,3359.0
2026-03-26 16:00:00,0.68772,0.69188,0.68758,0.68876,11223.0
2026-03-26 17:00:00,0.68908,0.68978,0.68819,0.68908,1187.0
2026-03-26 18:00:00,0.68909,0.6894,0.68862,0.68933,1411.0
2026-03-26 19:00:00,0.68932,0.68958,0.68859,0.68864,1709.0
2026-03-26 20:00:00,0.68864,0.68918,0.68727,0.6875,5363.0
2026-03-26 21:00:00,0.6875,0.6889,0.6872,0.68888,4971.0
2026-03-26 22:00:00,0.68889,0.68962,0.68878,0.68929,3451.0
2026-03-26 23:00:00,0.68928,0.69059,0.68912,0.69053,3247.0
2026-03-27 00:00:00,0.69053,0.6912,0.69032,0.69104,2118.0
2026-03-27 01:00:00,0.69102,0.69122,0.68972,0.68982,3534.0
2026-03-27 02:00:00,0.68981,0.69051,0.68942,0.68998,3440.0
2026-03-27 03:00:00,0.69,0.69013,0.68828,0.68897,4534.0
2026-03-27 04:00:00,0.68894,0.68996,0.68834,0.68964,6007.0
2026-03-27 05:00:00,0.68963,0.6901,0.68866,0.68937,4948.0
2026-03-27 06:00:00,0.6894,0.69016,0.68886,0.68934,4378.0
2026-03-27 07:00:00,0.68938,0.68976,0.68878,0.68881,5245.0
2026-03-27 08:00:00,0.6888,0.68898,0.68812,0.6887,4634.0
2026-03-27 09:00:00,0.68873,0.68977,0.68768,0.6886,9686.0
2026-03-27 10:00:00,0.68858,0.68974,0.68838,0.68895,10060.0
2026-03-27 11:00:00,0.68896,0.69022,0.68844,0.68884,10052.0
2026-03-27 12:00:00,0.68884,0.68922,0.68792,0.6884,5616.0
2026-03-27 13:00:00,0.6884,0.68948,0.68642,0.68689,6067.0
2026-03-27 14:00:00,0.68686,0.68768,0.68654,0.68724,5105.0
2026-03-27 15:00:00,0.68724,0.68751,0.68677,0.68734,3763.0
2026-03-27 16:00:00,0.68733,0.68802,0.68656,0.68732,3921.0
2026-03-29 17:00:00,0.6866,0.68696,0.68533,0.68658,902.0
2026-03-29 18:00:00,0.6866,0.68689,0.68468,0.68501,3157.0
2026-03-29 19:00:00,0.68501,0.68553,0.68464,0.68508,4369.0
2026-03-29 20:00:00,0.6851,0.686,0.6843,0.6853,12944.0
2026-03-29 21:00:00,0.68532,0.68625,0.68488,0.68526,7121.0
2026-03-29 22:00:00,0.68526,0.68624,0.68506,0.68571,5972.0
2026-03-29 23:00:00,0.68572,0.68724,0.6856,0.68694,4323.0
2026-03-30 00:00:00,0.68696,0.68739,0.68656,0.68669,2854.0
2026-03-30 01:00:00,0.6867,0.68724,0.68638,0.68689,3771.0
2026-03-30 02:00:00,0.6869,0.68744,0.68618,0.68622,4068.0
2026-03-30 03:00:00,0.68618,0.68643,0.68481,0.6851,5113.0
2026-03-30 04:00:00,0.6851,0.68611,0.68484,0.68538,5309.0
2026-03-30 05:00:00,0.68542,0.6858,0.68477,0.68573,4080.0
2026-03-30 06:00:00,0.68572,0.68626,0.6855,0.68564,3050.0
2026-03-30 07:00:00,0.68568,0.68695,0.6854,0.68596,7284.0
2026-03-30 08:00:00,0.68598,0.68657,0.68552,0.68622,5118.0
2026-03-30 09:00:00,0.68621,0.68657,0.6842,0.6843,8239.0
2026-03-30 10:00:00,0.6843,0.68552,0.68334,0.68552,12632.0
2026-03-30 11:00:00,0.68554,0.68604,0.68441,0.68572,9091.0
2026-03-30 12:00:00,0.68568,0.68578,0.685,0.6856,5556.0
2026-03-30 13:00:00,0.68562,0.68614,0.68515,0.68546,5206.0
2026-03-30 14:00:00,0.68547,0.68584,0.68506,0.68524,3538.0
2026-03-30 15:00:00,0.68524,0.68531,0.68418,0.68498,3389.0
2026-03-30 16:00:00,0.68496,0.68536,0.68474,0.68526,905.0
2026-03-30 17:00:00,0.68496,0.68539,0.68469,0.68517,575.0
2026-03-30 18:00:00,0.68519,0.68548,0.68504,0.68534,975.0
2026-03-30 19:00:00,0.68532,0.68532,0.68428,0.68455,2155.0
2026-03-30 20:00:00,0.68456,0.68643,0.68342,0.68571,12316.0
2026-03-30 21:00:00,0.68567,0.6875,0.68538,0.6867,11892.0
2026-03-30 22:00:00,0.68672,0.68695,0.68581,0.68581,7403.0
2026-03-30 23:00:00,0.6858,0.68602,0.68459,0.68489,4283.0
2026-03-31 00:00:00,0.6849,0.68539,0.6844,0.6844,3627.0
2026-03-31 01:00:00,0.6844,0.68566,0.68388,0.6851,4679.0
2026-03-31 02:00:00,0.68508,0.68544,0.68444,0.68534,5677.0
2026-03-31 03:00:00,0.68535,0.68676,0.6844,0.68664,6060.0
2026-03-31 04:00:00,0.68662,0.68692,0.68558,0.68613,5671.0
2026-03-31 05:00:00,0.68612,0.6867,0.68546,0.68554,4527.0
2026-03-31 06:00:00,0.68555,0.68573,0.68502,0.68511,3595.0
2026-03-31 07:00:00,0.68511,0.68864,0.68499,0.68828,9467.0
2026-03-31 08:00:00,0.68832,0.68904,0.68731,0.68764,11491.0
2026-03-31 09:00:00,0.68766,0.6887,0.6871,0.68843,9001.0
2026-03-31 10:00:00,0.68841,0.68866,0.68352,0.68491,13332.0
2026-03-31 11:00:00,0.68491,0.68672,0.68489,0.68539,12699.0
2026-03-31 12:00:00,0.68538,0.68988,0.68524,0.68854,19857.0
2026-03-31 13:00:00,0.68855,0.69,0.68822,0.68836,18215.0
2026-03-31 14:00:00,0.68837,0.68962,0.68832,0.68903,8087.0
2026-03-31 15:00:00,0.689,0.6901,0.68857,0.68996,4768.0
2026-03-31 16:00:00,0.68996,0.69039,0.68975,0.69005,2070.0
2026-03-31 17:00:00,0.68962,0.69039,0.68957,0.69022,734.0
2026-03-31 18:00:00,0.69024,0.69046,0.68972,0.6903,1211.0
2026-03-31 19:00:00,0.69028,0.69212,0.69018,0.69202,1914.0
2026-03-31 20:00:00,0.69202,0.69304,0.69154,0.69274,5418.0
2026-03-31 21:00:00,0.69276,0.69282,0.69106,0.69145,6439.0
2026-03-31 22:00:00,0.69149,0.692,0.69111,0.69116,4265.0
2026-03-31 23:00:00,0.69112,0.69127,0.69008,0.69044,3290.0
2026-04-01 00:00:00,0.69047,0.69066,0.68999,0.69029,2257.0
2026-04-01 01:00:00,0.69028,0.69157,0.69014,0.69056,4757.0
2026-04-01 02:00:00,0.6906,0.69457,0.69034,0.69454,8490.0
2026-04-01 03:00:00,0.69454,0.69471,0.6926,0.69287,8585.0
2026-04-01 04:00:00,0.69283,0.69528,0.69254,0.69414,8244.0
2026-04-01 05:00:00,0.69416,0.69459,0.69344,0.6942,5414.0
2026-04-01 06:00:00,0.6942,0.6948,0.69388,0.69444,4849.0
2026-04-01 07:00:00,0.69446,0.69594,0.69428,0.69544,3361.0
2026-04-01 08:00:00,0.69542,0.69627,0.69366,0.6941,10676.0
2026-04-01 09:00:00,0.69412,0.69556,0.69336,0.69429,14174.0
2026-04-01 10:00:00,0.69436,0.69508,0.69334,0.69434,15004.0
2026-04-01 11:00:00,0.69435,0.69491,0.69338,0.69439,7630.0
2026-04-01 12:00:00,0.69435,0.69471,0.69348,0.69464,5189.0
2026-04-01 13:00:00,0.69468,0.69511,0.69316,0.69317,4110.0
2026-04-01 14:00:00,0.69318,0.6932,0.69128,0.69164,7033.0
2026-04-01 15:00:00,0.69167,0.6928,0.69146,0.6923,4183.0
2026-04-01 16:00:00,0.6923,0.69295,0.69228,0.6929,1211.0
2026-04-01 17:00:00,0.69238,0.69296,0.69228,0.6929,502.0
2026-04-01 18:00:00,0.69294,0.69295,0.69226,0.69248,1180.0
2026-04-01 19:00:00,0.69252,0.69284,0.69213,0.69234,1387.0
2026-04-01 20:00:00,0.69231,0.6935,0.69196,0.69309,6447.0
2026-04-01 21:00:00,0.69308,0.6941,0.6879,0.68848,32200.0
2026-04-01 22:00:00,0.6885,0.68956,0.6881,0.68874,11049.0
2026-04-01 23:00:00,0.68874,0.68908,0.68818,0.68835,5992.0
2026-04-02 00:00:00,0.68836,0.68839,0.6874,0.68788,3829.0
2026-04-02 01:00:00,0.68789,0.68818,0.68663,0.68667,4362.0
2026-04-02 02:00:00,0.6867,0.68756,0.6866,0.68752,6706.0
2026-04-02 03:00:00,0.6875,0.68848,0.68718,0.68848,5180.0
2026-04-02 04:00:00,0.68848,0.68856,0.68734,0.6875,4734.0
2026-04-02 05:00:00,0.68754,0.68788,0.68671,0.68764,4380.0
2026-04-02 06:00:00,0.68766,0.6877,0.68634,0.68634,4280.0
2026-04-02 07:00:00,0.68636,0.68672,0.68598,0.68662,4273.0
2026-04-02 08:00:00,0.68662,0.6887,0.68653,0.68814,5759.0
2026-04-02 09:00:00,0.68816,0.68957,0.68759,0.68948,9435.0
2026-04-02 10:00:00,0.68952,0.69158,0.68899,0.69122,17229.0
2026-04-02 11:00:00,0.69123,0.69182,0.6904,0.691,12858.0
2026-04-02 12:00:00,0.69099,0.69176,0.69048,0.69092,6821.0
2026-04-02 13:00:00,0.69088,0.69154,0.69042,0.69062,4464.0
2026-04-02 14:00:00,0.69063,0.69106,0.6903,0.69057,3984.0
2026-04-02 15:00:00,0.69058,0.69116,0.6904,0.69068,2663.0
2026-04-02 16:00:00,0.69068,0.6913,0.69052,0.69106,904.0
2026-04-02 17:00:00,0.68997,0.6911,0.68997,0.69071,2405.0
2026-04-02 18:00:00,0.6908,0.69114,0.69074,0.6911,484.0
2026-04-02 19:00:00,0.69108,0.69132,0.69108,0.6911,321.0
2026-04-02 20:00:00,0.69113,0.6916,0.69113,0.6913,988.0
2026-04-02 21:00:00,0.69131,0.69138,0.69086,0.69092,1066.0
2026-04-02 22:00:00,0.69093,0.69114,0.69054,0.69079,1062.0
2026-04-02 23:00:00,0.6908,0.69093,0.69055,0.69069,498.0
2026-04-03 00:00:00,0.69068,0.69076,0.69047,0.69066,402.0
2026-04-03 01:00:00,0.69064,0.69085,0.69034,0.69084,896.0
2026-04-03 02:00:00,0.69082,0.69104,0.6906,0.691,837.0
2026-04-03 03:00:00,0.691,0.69152,0.69084,0.6909,1154.0
2026-04-03 04:00:00,0.69087,0.69099,0.69052,0.6909,953.0
2026-04-03 05:00:00,0.6909,0.691,0.69054,0.69063,969.0
2026-04-03 06:00:00,0.69062,0.69088,0.69038,0.69064,1098.0
2026-04-03 07:00:00,0.69064,0.69097,0.69052,0.69078,1129.0
2026-04-03 08:00:00,0.69077,0.69116,0.6894,0.68998,4979.0
2026-04-03 09:00:00,0.69002,0.69066,0.6899,0.69034,1971.0
2026-04-03 10:00:00,0.69034,0.69036,0.68924,0.68934,1128.0
2026-04-03 11:00:00,0.68933,0.68953,0.68911,0.68924,1456.0
2026-04-03 12:00:00,0.68924,0.68957,0.68904,0.68912,1981.0
2026-04-03 13:00:00,0.68913,0.68942,0.68882,0.68928,1546.0
2026-04-03 14:00:00,0.68929,0.68929,0.68884,0.68896,1211.0
2026-04-03 15:00:00,0.68894,0.68928,0.68852,0.68856,1945.0
2026-04-03 16:00:00,0.68856,0.69013,0.68852,0.6895,845.0
2026-04-05 17:00:00,0.68882,0.68884,0.68844,0.68872,4260.0
2026-04-05 18:00:00,0.68872,0.68904,0.68762,0.68884,4818.0
2026-04-05 19:00:00,0.68888,0.6891,0.68843,0.68851,2128.0
2026-04-05 20:00:00,0.6885,0.68962,0.68845,0.68954,5229.0
2026-04-05 21:00:00,0.68956,0.6898,0.68918,0.68946,2787.0
2026-04-05 22:00:00,0.68947,0.69167,0.68947,0.69047,5726.0
2026-04-05 23:00:00,0.69047,0.69062,0.6901,0.69032,4171.0
2026-04-06 00:00:00,0.69036,0.69101,0.69025,0.69094,2529.0
2026-04-06 01:00:00,0.69094,0.69128,0.69074,0.69076,2904.0
2026-04-06 02:00:00,0.69078,0.69181,0.69056,0.69134,3781.0
2026-04-06 03:00:00,0.69136,0.69334,0.69082,0.6929,4236.0
2026-04-06 04:00:00,0.69289,0.69352,0.69258,0.69311,4869.0
2026-04-06 05:00:00,0.69312,0.69362,0.69247,0.69256,3708.0
2026-04-06 06:00:00,0.6926,0.69322,0.69186,0.69275,4789.0
2026-04-06 07:00:00,0.69276,0.69318,0.69226,0.69286,3303.0
2026-04-06 08:00:00,0.69284,0.69308,0.69229,0.69283,3140.0
2026-04-06 09:00:00,0.69282,0.69338,0.69248,0.69312,5614.0
2026-04-06 10:00:00,0.69314,0.69381,0.69178,0.69218,13409.0
2026-04-06 11:00:00,0.69218,0.69218,0.69116,0.6918,6944.0
2026-04-06 12:00:00,0.69181,0.692,0.69138,0.6916,4977.0
2026-04-06 13:00:00,0.6916,0.69194,0.6906,0.69144,6492.0
2026-04-06 14:00:00,0.69145,0.69248,0.69133,0.69198,5596.0
2026-04-06 15:00:00,0.69198,0.6922,0.69174,0.69192,2221.0
2026-04-06 16:00:00,0.69194,0.69203,0.69182,0.69182,929.0
2026-04-06 17:00:00,0.69168,0.69214,0.69166,0.69188,404.0
2026-04-06 18:00:00,0.69188,0.69232,0.69145,0.69156,1361.0
2026-04-06 19:00:00,0.69156,0.69176,0.69138,0.69165,1119.0
2026-04-06 20:00:00,0.69164,0.69226,0.69113,0.69116,5338.0
2026-04-06 21:00:00,0.69116,0.69182,0.68989,0.69023,7002.0
2026-04-06 22:00:00,0.69026,0.69094,0.68985,0.6908,4082.0
2026-04-06 23:00:00,0.6908,0.69138,0.69066,0.69114,2612.0
2026-04-07 00:00:00,0.69116,0.692,0.69088,0.69176,2909.0
2026-04-07 01:00:00,0.69177,0.69182,0.69092,0.6916,3629.0
2026-04-07 02:00:00,0.6916,0.69223,0.6915,0.69191,4675.0
2026-04-07 03:00:00,0.69195,0.692,0.69098,0.69159,4955.0
2026-04-07 04:00:00,0.69156,0.69488,0.69152,0.69458,10722.0
2026-04-07 05:00:00,0.69456,0.69469,0.6939,0.69406,5406.0
2026-04-07 06:00:00,0.69404,0.69436,0.69244,0.69292,11285.0
2026-04-07 07:00:00,0.69294,0.69373,0.69256,0.69362,4784.0
2026-04-07 08:00:00,0.6936,0.69471,0.693,0.69378,8548.0
2026-04-07 09:00:00,0.69377,0.69405,0.6928,0.69288,9280.0
2026-04-07 10:00:00,0.69288,0.69522,0.69246,0.69377,11435.0
2026-04-07 11:00:00,0.69378,0.69474,0.69278,0.69432,8977.0
2026-04-07 12:00:00,0.69433,0.69525,0.69404,0.6946,9362.0
2026-04-07 13:00:00,0.6946,0.69582,0.69442,0.69538,6986.0
2026-04-07 14:00:00,0.6954,0.69576,0.69448,0.6947,5019.0
2026-04-07 15:00:00,0.6947,0.69736,0.69447,0.69708,11483.0
2026-04-07 16:00:00,0.69704,0.6979,0.69692,0.69761,3622.0
2026-04-07 17:00:00,0.69702,0.69832,0.69697,0.69771,2452.0
2026-04-07 18:00:00,0.69748,0.70516,0.69654,0.70491,16762.0
2026-04-07 19:00:00,0.70492,0.70778,0.70428,0.70766,14195.0
2026-04-07 20:00:00,0.70769,0.70847,0.70488,0.70534,13565.0
2026-04-07 21:00:00,0.70534,0.70728,0.70524,0.70644,8911.0
2026-04-07 22:00:00,0.70642,0.70706,0.70499,0.70528,5954.0
2026-04-07 23:00:00,0.70528,0.7055,0.70428,0.70528,4677.0
2026-04-08 00:00:00,0.70528,0.70688,0.70523,0.70675,5293.0
2026-04-08 01:00:00,0.70674,0.70834,0.70619,0.70714,6374.0
2026-04-08 02:00:00,0.7071,0.70798,0.70621,0.70716,6632.0
2026-04-08 03:00:00,0.70717,0.7072,0.70558,0.70608,6666.0
2026-04-08 04:00:00,0.70606,0.70628,0.70326,0.70446,5615.0
2026-04-08 05:00:00,0.70448,0.70498,0.70336,0.70352,5196.0
2026-04-08 06:00:00,0.70349,0.70443,0.70335,0.70388,3325.0
2026-04-08 07:00:00,0.70386,0.70568,0.70332,0.7054,5332.0
2026-04-08 08:00:00,0.70543,0.70738,0.70444,0.70708,8656.0
2026-04-08 09:00:00,0.70704,0.70783,0.7049,0.70554,11819.0
2026-04-08 10:00:00,0.70552,0.70614,0.70436,0.70588,16013.0
2026-04-08 11:00:00,0.70589,0.70638,0.70498,0.70607,9759.0
2026-04-08 12:00:00,0.70608,0.70624,0.7052,0.70606,5940.0
2026-04-08 13:00:00,0.70606,0.70626,0.70454,0.70537,5948.0
2026-04-08 14:00:00,0.70538,0.70581,0.70316,0.70322,7866.0
2026-04-08 15:00:00,0.70321,0.70544,0.70288,0.70528,5910.0
2026-04-08 16:00:00,0.70525,0.70544,0.70434,0.70436,1604.0
2026-04-08 17:00:00,0.70452,0.70508,0.70408,0.7047,1318.0
2026-04-08 18:00:00,0.70472,0.7048,0.7043,0.70466,1099.0
2026-04-08 19:00:00,0.70466,0.7048,0.70388,0.70388,1389.0
2026-04-08 20:00:00,0.7039,0.70396,0.70301,0.70354,4395.0
2026-04-08 21:00:00,0.70353,0.70374,0.7025,0.70341,4809.0
2026-04-08 22:00:00,0.70343,0.70412,0.70298,0.70382,3380.0
2026-04-08 23:00:00,0.70382,0.70418,0.70354,0.70402,3155.0
2026-04-09 00:00:00,0.70402,0.70464,0.70395,0.70403,2467.0
2026-04-09 01:00:00,0.70402,0.70452,0.70336,0.70348,3825.0
2026-04-09 02:00:00,0.7035,0.70406,0.70318,0.70405,5212.0
2026-04-09 03:00:00,0.70406,0.70414,0.70266,0.70288,5144.0
2026-04-09 04:00:00,0.7029,0.70316,0.70226,0.70267,4071.0
2026-04-09 05:00:00,0.70266,0.70336,0.70222,0.70326,3123.0
2026-04-09 06:00:00,0.70327,0.70353,0.70296,0.70298,3376.0
2026-04-09 07:00:00,0.70297,0.7046,0.70292,0.70458,4175.0
2026-04-09 08:00:00,0.70456,0.70461,0.70339,0.70413,5169.0
2026-04-09 09:00:00,0.70415,0.70583,0.70397,0.7051,7123.0
2026-04-09 10:00:00,0.7051,0.7061,0.7046,0.70602,8535.0
2026-04-09 11:00:00,0.70601,0.7086,0.70536,0.70854,10952.0
2026-04-09 12:00:00,0.70853,0.70923,0.70824,0.70858,6564.0
2026-04-09 13:00:00,0.70857,0.70949,0.70842,0.709,5289.0
2026-04-09 14:00:00,0.709,0.70902,0.70731,0.70783,6526.0
2026-04-09 15:00:00,0.70783,0.70866,0.70776,0.7085,2835.0
2026-04-09 16:00:00,0.70852,0.70868,0.70822,0.70837,1157.0
2026-04-09 17:00:00,0.70802,0.7087,0.70788,0.70816,1066.0
2026-04-09 18:00:00,0.70814,0.70864,0.70788,0.70798,1307.0
2026-04-09 19:00:00,0.70798,0.70802,0.70746,0.70753,941.0
2026-04-09 20:00:00,0.70752,0.70759,0.70703,0.70758,3204.0
2026-04-09 21:00:00,0.70758,0.70833,0.70724,0.70762,3309.0
2026-04-09 22:00:00,0.70766,0.70787,0.70685,0.7069,2349.0
2026-04-09 23:00:00,0.7069,0.7072,0.7067,0.70698,1979.0
2026-04-10 00:00:00,0.70697,0.70713,0.70654,0.70671,1600.0
2026-04-10 01:00:00,0.7067,0.70712,0.70646,0.70706,1966.0
2026-04-10 02:00:00,0.70706,0.7073,0.70614,0.70626,3232.0
2026-04-10 03:00:00,0.70626,0.70661,0.70535,0.7055,3651.0
2026-04-10 04:00:00,0.70547,0.70648,0.70539,0.70582,3035.0
2026-04-10 05:00:00,0.70584,0.7071,0.70572,0.70678,5461.0
2026-04-10 06:00:00,0.70677,0.70698,0.70632,0.7068,3731.0
2026-04-10 07:00:00,0.70681,0.70724,0.7067,0.70718,2958.0
2026-04-10 08:00:00,0.70718,0.70836,0.70712,0.70764,6459.0
2026-04-10 09:00:00,0.70764,0.7088,0.70736,0.70782,6913.0
2026-04-10 10:00:00,0.70778,0.70938,0.70764,0.70832,8024.0
2026-04-10 11:00:00,0.70833,0.7089,0.70753,0.70768,6609.0
2026-04-10 12:00:00,0.70768,0.70768,0.7065,0.70713,4923.0
2026-04-10 13:00:00,0.70711,0.70771,0.70678,0.70742,3661.0
2026-04-10 14:00:00,0.7074,0.70822,0.70697,0.70791,4053.0
2026-04-10 15:00:00,0.70792,0.708,0.70767,0.70768,1315.0
2026-04-10 16:00:00,0.7077,0.70784,0.70558,0.70639,3122.0
2026-04-12 17:00:00,0.69946,0.7014,0.69927,0.70098,997.0
2026-04-12 18:00:00,0.70081,0.70222,0.70016,0.70206,5723.0
2026-04-12 19:00:00,0.70202,0.70221,0.70124,0.70196,1948.0
2026-04-12 20:00:00,0.70196,0.70339,0.70168,0.70339,5376.0
2026-04-12 21:00:00,0.7034,0.70424,0.70277,0.70338,4840.0
2026-04-12 22:00:00,0.70338,0.70389,0.70313,0.70368,2921.0
2026-04-12 23:00:00,0.7037,0.70393,0.70322,0.70384,2701.0
2026-04-13 00:00:00,0.70387,0.70412,0.70362,0.70368,2225.0
2026-04-13 01:00:00,0.70368,0.70432,0.70345,0.70396,2866.0
2026-04-13 02:00:00,0.70394,0.70448,0.70392,0.70448,4061.0
2026-04-13 03:00:00,0.70449,0.70588,0.70449,0.70564,4258.0
2026-04-13 04:00:00,0.70562,0.70588,0.70508,0.70523,3726.0
2026-04-13 05:00:00,0.70524,0.70555,0.70452,0.70467,2749.0
2026-04-13 06:00:00,0.70466,0.70514,0.7045,0.70502,2177.0
2026-04-13 07:00:00,0.70502,0.70555,0.70344,0.70353,3815.0
2026-04-13 08:00:00,0.70352,0.70454,0.70294,0.70437,5258.0
2026-04-13 09:00:00,0.70439,0.70626,0.70422,0.70574,9227.0
2026-04-13 10:00:00,0.70576,0.707,0.70562,0.70652,9902.0
2026-04-13 11:00:00,0.7065,0.70668,0.70557,0.70618,6044.0
2026-04-13 12:00:00,0.70622,0.70844,0.70575,0.70812,8571.0
2026-04-13 13:00:00,0.70813,0.70912,0.70813,0.70888,3618.0
2026-04-13 14:00:00,0.70888,0.71005,0.70876,0.70994,2940.0
2026-04-13 15:00:00,0.70994,0.71006,0.70942,0.70968,2073.0
2026-04-13 16:00:00,0.70968,0.7099,0.70954,0.7096,1026.0
2026-04-13 17:00:00,0.7092,0.70988,0.7092,0.70952,757.0
2026-04-13 18:00:00,0.70951,0.71018,0.70947,0.71004,949.0
2026-04-13 19:00:00,0.71003,0.71025,0.70972,0.70992,908.0
2026-04-13 20:00:00,0.7099,0.70991,0.70869,0.70903,3837.0
2026-04-13 21:00:00,0.70904,0.70914,0.70787,0.70794,3455.0
2026-04-13 22:00:00,0.70794,0.7086,0.70788,0.70822,2070.0
2026-04-13 23:00:00,0.70823,0.70876,0.70816,0.70846,1971.0
2026-04-14 00:00:00,0.70846,0.70912,0.7084,0.70882,1553.0
2026-04-14 01:00:00,0.70886,0.70892,0.70786,0.70815,2635.0
2026-04-14 02:00:00,0.70812,0.70936,0.70772,0.70928,3859.0
2026-04-14 03:00:00,0.70929,0.71046,0.70929,0.70964,6310.0
2026-04-14 04:00:00,0.70964,0.71076,0.70934,0.71043,3991.0
2026-04-14 05:00:00,0.71044,0.71146,0.7104,0.71134,3325.0
2026-04-14 06:00:00,0.71134,0.71226,0.71134,0.71192,3882.0
2026-04-14 07:00:00,0.71192,0.71305,0.71184,0.71264,3587.0
2026-04-14 08:00:00,0.71264,0.71368,0.71206,0.71364,6215.0
2026-04-14 09:00:00,0.71363,0.71396,0.71299,0.71379,6431.0
2026-04-14 10:00:00,0.71378,0.7148,0.71367,0.71426,7327.0
2026-04-14 11:00:00,0.71424,0.71424,0.71306,0.71306,5961.0
2026-04-14 12:00:00,0.71305,0.71322,0.7128,0.71293,2664.0
2026-04-14 13:00:00,0.71293,0.71355,0.71272,0.71327,2316.0
2026-04-14 14:00:00,0.71328,0.71341,0.71243,0.7127,3218.0
2026-04-14 15:00:00,0.7127,0.7129,0.71254,0.71263,1797.0
2026-04-14 16:00:00,0.71263,0.71277,0.71257,0.71266,853.0
2026-04-14 17:00:00,0.71199,0.71262,0.71186,0.7126,1142.0
2026-04-14 18:00:00,0.71262,0.71288,0.71254,0.71284,1146.0
2026-04-14 19:00:00,0.71286,0.71332,0.71275,0.7129,1325.0
2026-04-14 20:00:00,0.71288,0.71297,0.71229,0.71257,3058.0
2026-04-14 21:00:00,0.71256,0.71293,0.71224,0.71273,3306.0
2026-04-14 22:00:00,0.71274,0.71311,0.7123,0.71296,2455.0
2026-04-14 23:00:00,0.71296,0.71326,0.71269,0.71305,1660.0
2026-04-15 00:00:00,0.71304,0.7134,0.71302,0.7133,1137.0
2026-04-15 01:00:00,0.71329,0.71441,0.71329,0.71376,3191.0
2026-04-15 02:00:00,0.71379,0.7143,0.71366,0.71368,2940.0
2026-04-15 03:00:00,0.71369,0.71483,0.71362,0.71432,3837.0
2026-04-15 04:00:00,0.71431,0.71479,0.71404,0.7144,2928.0
2026-04-15 05:00:00,0.7144,0.71458,0.71326,0.71436,4737.0
2026-04-15 06:00:00,0.71437,0.7148,0.71296,0.71377,4782.0
2026-04-15 07:00:00,0.71376,0.7145,0.71341,0.71408,4637.0
2026-04-15 08:00:00,0.71402,0.71415,0.7134,0.71388,4071.0
2026-04-15 09:00:00,0.71389,0.71494,0.71389,0.71457,6146.0
2026-04-15 10:00:00,0.71458,0.71628,0.71446,0.71558,6009.0
2026-04-15 11:00:00,0.7156,0.71668,0.71542,0.716,5300.0
2026-04-15 12:00:00,0.71602,0.71684,0.71592,0.71664,3541.0
2026-04-15 13:00:00,0.71665,0.7168,0.71611,0.71652,2997.0
2026-04-15 14:00:00,0.71651,0.71754,0.71638,0.71748,3414.0
2026-04-15 15:00:00,0.71748,0.71778,0.71718,0.7174,1737.0
2026-04-15 16:00:00,0.7174,0.71742,0.71693,0.71706,753.0
2026-04-15 17:00:00,0.71648,0.71744,0.71648,0.71702,619.0
2026-04-15 18:00:00,0.71702,0.71737,0.71701,0.71732,800.0
2026-04-15 19:00:00,0.71732,0.7176,0.71705,0.71754,1021.0
2026-04-15 20:00:00,0.71752,0.7178,0.717,0.71762,2842.0
2026-04-15 21:00:00,0.7176,0.71788,0.7163,0.71768,4416.0
2026-04-15 22:00:00,0.71769,0.71932,0.71756,0.71896,3855.0
2026-04-15 23:00:00,0.71894,0.71976,0.71888,0.7192,3306.0
2026-04-16 00:00:00,0.71921,0.71956,0.7188,0.71888,2105.0
2026-04-16 01:00:00,0.71886,0.7191,0.71833,0.7188,2459.0
2026-04-16 02:00:00,0.71878,0.71908,0.71778,0.71884,4058.0
2026-04-16 03:00:00,0.71886,0.71913,0.71826,0.71833,4889.0
2026-04-16 04:00:00,0.71835,0.71844,0.71689,0.71747,5006.0
2026-04-16 05:00:00,0.71742,0.71758,0.71663,0.71692,2757.0
2026-04-16 06:00:00,0.71692,0.71704,0.71642,0.71672,2484.0
2026-04-16 07:00:00,0.71672,0.71751,0.7167,0.71736,3980.0
2026-04-16 08:00:00,0.71737,0.71752,0.71663,0.71723,5426.0
2026-04-16 09:00:00,0.71726,0.71778,0.71664,0.71723,7963.0
2026-04-16 10:00:00,0.71724,0.71782,0.71612,0.71627,8351.0
2026-04-16 11:00:00,0.71628,0.71722,0.7161,0.71694,6960.0
2026-04-16 12:00:00,0.71696,0.71749,0.71532,0.7159,6302.0
2026-04-16 13:00:00,0.71591,0.71594,0.71522,0.71568,4657.0
2026-04-16 14:00:00,0.71564,0.71616,0.71549,0.71577,4759.0
2026-04-16 15:00:00,0.71578,0.71636,0.71574,0.71612,1972.0
2026-04-16 16:00:00,0.71614,0.71634,0.71595,0.71621,878.0
2026-04-16 17:00:00,0.71633,0.71642,0.7156,0.71588,2530.0
2026-04-16 18:00:00,0.71586,0.71634,0.71586,0.71626,802.0
2026-04-16 19:00:00,0.71627,0.7165,0.71584,0.71588,905.0
2026-04-16 20:00:00,0.71582,0.71652,0.7154,0.71611,3373.0
2026-04-16 21:00:00,0.7161,0.71652,0.71588,0.7162,2773.0
2026-04-16 22:00:00,0.71622,0.71639,0.71606,0.7162,1695.0
2026-04-16 23:00:00,0.7162,0.71666,0.71595,0.71651,1384.0
2026-04-17 00:00:00,0.71652,0.71696,0.71648,0.71686,1335.0
2026-04-17 01:00:00,0.71685,0.71712,0.71659,0.71686,2054.0
2026-04-17 02:00:00,0.71687,0.71701,0.71614,0.71614,3323.0
2026-04-17 03:00:00,0.71616,0.71726,0.71609,0.71719,3303.0
2026-04-17 04:00:00,0.71722,0.71811,0.71692,0.71798,2714.0
2026-04-17 05:00:00,0.71794,0.71826,0.71707,0.71724,2259.0
2026-04-17 06:00:00,0.71724,0.71747,0.71703,0.71708,2171.0
2026-04-17 07:00:00,0.7171,0.71762,0.71672,0.71728,2396.0
2026-04-17 08:00:00,0.71728,0.72119,0.7172,0.72114,10889.0
2026-04-17 09:00:00,0.72115,0.7222,0.72042,0.72108,20703.0
2026-04-17 10:00:00,0.7211,0.7214,0.72006,0.72018,8804.0
2026-04-17 11:00:00,0.72014,0.72022,0.71856,0.71905,9070.0
2026-04-17 12:00:00,0.71906,0.71932,0.71848,0.71884,4169.0
2026-04-17 13:00:00,0.71882,0.71884,0.71764,0.7186,6360.0
2026-04-17 14:00:00,0.7186,0.71864,0.717,0.71734,4289.0
2026-04-17 15:00:00,0.71734,0.71776,0.71694,0.71706,2499.0
2026-04-17 16:00:00,0.71708,0.71728,0.7166,0.71674,1781.0
2026-04-19 17:00:00,0.71272,0.7134,0.71166,0.71182,1370.0
2026-04-19 18:00:00,0.71184,0.71426,0.71166,0.71416,3795.0
2026-04-19 19:00:00,0.71414,0.71448,0.71309,0.71349,2798.0
2026-04-19 20:00:00,0.7135,0.71504,0.71321,0.71498,5598.0
2026-04-19 21:00:00,0.715,0.71548,0.71464,0.71489,4643.0
2026-04-19 22:00:00,0.71488,0.71578,0.71466,0.71545,2311.0
2026-04-19 23:00:00,0.71544,0.71588,0.71528,0.71542,2203.0
2026-04-20 00:00:00,0.71541,0.71572,0.71517,0.7156,2219.0
2026-04-20 01:00:00,0.71555,0.71565,0.71427,0.71476,3185.0
2026-04-20 02:00:00,0.71475,0.71563,0.71422,0.71563,4848.0
2026-04-20 03:00:00,0.71564,0.71654,0.71426,0.7148,6801.0
2026-04-20 04:00:00,0.71483,0.71526,0.71464,0.71496,5383.0
2026-04-20 05:00:00,0.71495,0.7158,0.71495,0.7158,4337.0
2026-04-20 06:00:00,0.7158,0.71614,0.71532,0.71566,3613.0
2026-04-20 07:00:00,0.71566,0.71646,0.71527,0.71616,4416.0
2026-04-20 08:00:00,0.71614,0.71631,0.71538,0.71584,5225.0
2026-04-20 09:00:00,0.71586,0.71706,0.71551,0.71691,9134.0
2026-04-20 10:00:00,0.7169,0.717,0.7154,0.71631,9477.0
2026-04-20 11:00:00,0.71632,0.71773,0.71585,0.7174,8394.0
2026-04-20 12:00:00,0.71742,0.71768,0.71696,0.71728,3816.0
2026-04-20 13:00:00,0.71729,0.71766,0.71704,0.71744,3086.0
2026-04-20 14:00:00,0.71746,0.71794,0.71736,0.71753,3543.0
2026-04-20 15:00:00,0.71752,0.718,0.71749,0.71795,1348.0
2026-04-20 16:00:00,0.71796,0.71802,0.7177,0.71784,1021.0
2026-04-20 17:00:00,0.71748,0.71784,0.71748,0.71771,379.0
2026-04-20 18:00:00,0.71778,0.71824,0.71772,0.71823,1107.0
2026-04-20 19:00:00,0.71826,0.71827,0.71736,0.71738,1244.0
2026-04-20 20:00:00,0.71742,0.71775,0.71692,0.71738,4456.0
2026-04-20 21:00:00,0.7174,0.71823,0.71724,0.71751,3435.0
2026-04-20 22:00:00,0.71753,0.71769,0.717,0.71734,2321.0
2026-04-20 23:00:00,0.71736,0.7174,0.7165,0.71668,2272.0
2026-04-21 00:00:00,0.71666,0.7168,0.71654,0.71666,1374.0
2026-04-21 01:00:00,0.71666,0.7173,0.71664,0.71666,2433.0
2026-04-21 02:00:00,0.71662,0.71675,0.71592,0.71633,3266.0
2026-04-21 03:00:00,0.7163,0.71659,0.7153,0.7153,4762.0
2026-04-21 04:00:00,0.7153,0.71578,0.71436,0.71556,5182.0
2026-04-21 05:00:00,0.71554,0.71556,0.7149,0.7152,2753.0
2026-04-21 06:00:00,0.71522,0.7159,0.7151,0.71583,2463.0
2026-04-21 07:00:00,0.71584,0.7166,0.71518,0.71652,3544.0
2026-04-21 08:00:00,0.71654,0.71662,0.71519,0.71602,6001.0
2026-04-21 09:00:00,0.71602,0.71764,0.71598,0.7175,7038.0
2026-04-21 10:00:00,0.71751,0.71862,0.71654,0.71664,8103.0
2026-04-21 11:00:00,0.71664,0.71727,0.71538,0.71628,9437.0
2026-04-21 12:00:00,0.71628,0.7168,0.71506,0.71507,5238.0
2026-04-21 13:00:00,0.71505,0.71638,0.71308,0.71526,9860.0
2026-04-21 14:00:00,0.71526,0.71566,0.71424,0.71528,7294.0
2026-04-21 15:00:00,0.7153,0.7162,0.71303,0.71357,12283.0
2026-04-21 16:00:00,0.71358,0.71634,0.71342,0.71542,6426.0
2026-04-21 17:00:00,0.7151,0.71578,0.71478,0.71521,762.0
2026-04-21 18:00:00,0.71522,0.7155,0.7151,0.71515,809.0
2026-04-21 19:00:00,0.71514,0.71574,0.71508,0.7156,1362.0
2026-04-21 20:00:00,0.7156,0.7164,0.7156,0.71609,3421.0
2026-04-21 21:00:00,0.7161,0.71634,0.71562,0.71589,2938.0
2026-04-21 22:00:00,0.7159,0.71638,0.71552,0.71557,2154.0
2026-04-21 23:00:00,0.71556,0.71612,0.71532,0.71549,1831.0
2026-04-22 00:00:00,0.71548,0.71608,0.71546,0.71569,1808.0
2026-04-22 01:00:00,0.7157,0.71764,0.71565,0.71698,4357.0
2026-04-22 02:00:00,0.71703,0.71735,0.71654,0.71682,2962.0
2026-04-22 03:00:00,0.7168,0.71709,0.71604,0.71688,3209.0
2026-04-22 04:00:00,0.71688,0.7173,0.71626,0.71652,4068.0
2026-04-22 05:00:00,0.71649,0.71684,0.71594,0.71618,3456.0
2026-04-22 06:00:00,0.71619,0.71649,0.71566,0.71622,3057.0
2026-04-22 07:00:00,0.71621,0.71626,0.71499,0.71529,3571.0
2026-04-22 08:00:00,0.71528,0.71574,0.71464,0.71484,3522.0
2026-04-22 09:00:00,0.71484,0.71654,0.71466,0.71651,6826.0
2026-04-22 10:00:00,0.71654,0.71699,0.7158,0.716,6000.0
2026-04-22 11:00:00,0.71599,0.7164,0.71562,0.71609,4547.0
2026-04-22 12:00:00,0.71612,0.7163,0.71558,0.71581,3590.0
2026-04-22 13:00:00,0.7158,0.71652,0.71571,0.71612,3532.0
2026-04-22 14:00:00,0.71609,0.71624,0.71568,0.71592,1972.0
2026-04-22 15:00:00,0.71594,0.71614,0.71558,0.7159,2488.0
2026-04-22 16:00:00,0.7159,0.71615,0.71572,0.7161,1323.0
2026-04-22 17:00:00,0.71582,0.7161,0.71549,0.71604,584.0
2026-04-22 18:00:00,0.71606,0.7161,0.7157,0.71583,735.0
2026-04-22 19:00:00,0.71584,0.71598,0.71568,0.71578,930.0
2026-04-22 20:00:00,0.71578,0.71669,0.71368,0.71624,10932.0
2026-04-22 21:00:00,0.71619,0.71631,0.7152,0.71566,5006.0
2026-04-22 22:00:00,0.71566,0.71573,0.7143,0.71456,4975.0
2026-04-22 23:00:00,0.71456,0.71492,0.71366,0.71405,4598.0
2026-04-23 00:00:00,0.71404,0.71488,0.71384,0.71484,2852.0
2026-04-23 01:00:00,0.71483,0.71556,0.7147,0.71544,2486.0
2026-04-23 02:00:00,0.71548,0.71564,0.715,0.71521,2640.0
2026-04-23 03:00:00,0.71523,0.71581,0.71476,0.71576,4400.0
2026-04-23 04:00:00,0.71577,0.71584,0.71502,0.71538,4021.0
2026-04-23 05:00:00,0.71537,0.7154,0.71458,0.71476,3974.0
2026-04-23 06:00:00,0.71473,0.7149,0.71331,0.71358,3741.0
2026-04-23 07:00:00,0.7136,0.71548,0.71342,0.71505,4812.0
2026-04-23 08:00:00,0.71504,0.71548,0.71387,0.71462,7707.0
2026-04-23 09:00:00,0.71463,0.7153,0.71378,0.7147,6729.0
2026-04-23 10:00:00,0.71468,0.71634,0.71416,0.71609,7098.0
2026-04-23 11:00:00,0.71608,0.71632,0.71514,0.71554,7003.0
2026-04-23 12:00:00,0.71555,0.71572,0.7152,0.7155,3936.0
2026-04-23 13:00:00,0.71551,0.71566,0.71112,0.71418,19097.0
2026-04-23 14:00:00,0.71418,0.71502,0.71348,0.71362,11781.0
2026-04-23 15:00:00,0.7136,0.71368,0.71267,0.71333,5358.0
2026-04-23 16:00:00,0.71332,0.71334,0.71244,0.71284,1838.0
2026-04-23 17:00:00,0.71324,0.7133,0.71251,0.71318,683.0
2026-04-23 18:00:00,0.71318,0.71334,0.7129,0.71332,668.0
2026-04-23 19:00:00,0.71334,0.71337,0.71288,0.71293,782.0
2026-04-23 20:00:00,0.71296,0.71355,0.71274,0.71324,3279.0
2026-04-23 21:00:00,0.71326,0.71362,0.71274,0.71332,4267.0
2026-04-23 22:00:00,0.71333,0.71336,0.71207,0.71218,3405.0
2026-04-23 23:00:00,0.7122,0.71234,0.71148,0.71192,3088.0
2026-04-24 00:00:00,0.71192,0.71274,0.71168,0.71247,2437.0
2026-04-24 01:00:00,0.71249,0.71292,0.71208,0.71268,2776.0
2026-04-24 02:00:00,0.71268,0.71304,0.71204,0.71243,2957.0
2026-04-24 03:00:00,0.7124,0.71344,0.71202,0.71337,2886.0
2026-04-24 04:00:00,0.71336,0.71378,0.71278,0.71324,5202.0
2026-04-24 05:00:00,0.71325,0.7134,0.71266,0.71302,2986.0
2026-04-24 06:00:00,0.71302,0.71366,0.71287,0.71346,2059.0
2026-04-24 07:00:00,0.71344,0.7152,0.71332,0.71442,7459.0
2026-04-24 08:00:00,0.71442,0.71474,0.71304,0.71356,5341.0
2026-04-24 09:00:00,0.71357,0.71406,0.71258,0.71356,7170.0
2026-04-24 10:00:00,0.71349,0.71467,0.71282,0.71396,8962.0
2026-04-24 11:00:00,0.71396,0.71554,0.7136,0.71528,6939.0
2026-04-24 12:00:00,0.71528,0.71536,0.7146,0.71516,3927.0
2026-04-24 13:00:00,0.71516,0.71552,0.71486,0.7149,3061.0
2026-04-24 14:00:00,0.71489,0.71528,0.71463,0.71514,2296.0
2026-04-24 15:00:00,0.71517,0.71542,0.71503,0.71516,1139.0
2026-04-24 16:00:00,0.71514,0.71536,0.71476,0.71478,2520.0
2026-04-26 17:00:00,0.71311,0.71427,0.71304,0.7142,1427.0
2026-04-26 18:00:00,0.71421,0.71478,0.71388,0.7145,1033.0
2026-04-26 19:00:00,0.7145,0.71469,0.71424,0.71424,752.0
2026-04-26 20:00:00,0.71424,0.71578,0.71424,0.71576,2220.0
2026-04-26 21:00:00,0.71577,0.71699,0.71577,0.71683,5549.0
2026-04-26 22:00:00,0.71684,0.71752,0.7164,0.71721,2674.0
2026-04-26 23:00:00,0.7172,0.71777,0.71718,0.7174,1662.0
2026-04-27 00:00:00,0.71738,0.71748,0.71667,0.71681,1299.0
2026-04-27 01:00:00,0.71684,0.7169,0.71641,0.71646,1988.0
2026-04-27 02:00:00,0.71646,0.71662,0.71574,0.7165,3412.0
2026-04-27 03:00:00,0.7165,0.71784,0.7165,0.71772,3710.0
2026-04-27 04:00:00,0.7177,0.719,0.7174,0.7188,4129.0
2026-04-27 05:00:00,0.71882,0.71904,0.71829,0.7185,2016.0
2026-04-27 06:00:00,0.7185,0.71886,0.71836,0.71872,2021.0
2026-04-27 07:00:00,0.71874,0.71877,0.71826,0.71852,1985.0
2026-04-27 08:00:00,0.71855,0.71958,0.71855,0.7188,3497.0
2026-04-27 09:00:00,0.7188,0.71946,0.71829,0.71886,5370.0
2026-04-27 10:00:00,0.71886,0.72002,0.71861,0.71928,5656.0
2026-04-27 11:00:00,0.7193,0.7194,0.71869,0.71922,3867.0
2026-04-27 12:00:00,0.71923,0.71938,0.71884,0.71898,2150.0
2026-04-27 13:00:00,0.71897,0.71938,0.71846,0.71892,2957.0
2026-04-27 14:00:00,0.71892,0.71906,0.71852,0.71862,1568.0
2026-04-27 15:00:00,0.7186,0.71894,0.7185,0.71866,1295.0
2026-04-27 16:00:00,0.71866,0.71876,0.71852,0.71857,548.0
2026-04-27 17:00:00,0.7183,0.71868,0.71823,0.71862,291.0
2026-04-27 18:00:00,0.71862,0.71887,0.71846,0.7187,831.0
2026-04-27 19:00:00,0.7187,0.71908,0.71866,0.71907,675.0
2026-04-27 20:00:00,0.71908,0.71948,0.71878,0.71912,2954.0
2026-04-27 21:00:00,0.7191,0.71918,0.71774,0.7179,3602.0
2026-04-27 22:00:00,0.71789,0.71809,0.7174,0.71774,2905.0
2026-04-27 23:00:00,0.71773,0.71852,0.71764,0.71848,2838.0
2026-04-28 00:00:00,0.71848,0.71864,0.7182,0.71827,1603.0
2026-04-28 01:00:00,0.71828,0.71838,0.71731,0.71765,2605.0
2026-04-28 02:00:00,0.71766,0.71779,0.71624,0.71643,4718.0
2026-04-28 03:00:00,0.7164,0.71799,0.71634,0.71782,5493.0
2026-04-28 04:00:00,0.71782,0.71812,0.71712,0.71782,4930.0
2026-04-28 05:00:00,0.7178,0.7178,0.71678,0.7175,4147.0
2026-04-28 06:00:00,0.7175,0.71765,0.71636,0.71647,4377.0
2026-04-28 07:00:00,0.71645,0.7167,0.7152,0.71538,5728.0
2026-04-28 08:00:00,0.71538,0.71659,0.7151,0.71654,6996.0
2026-04-28 09:00:00,0.71653,0.71758,0.71602,0.71708,7674.0
2026-04-28 10:00:00,0.71707,0.71764,0.71616,0.71676,8125.0
2026-04-28 11:00:00,0.71675,0.71807,0.71667,0.71802,5858.0
2026-04-28 12:00:00,0.71802,0.71826,0.71754,0.7181,4538.0
2026-04-28 13:00:00,0.7181,0.71859,0.71774,0.71851,2931.0
2026-04-28 14:00:00,0.71851,0.71869,0.71826,0.71836,2455.0
2026-04-28 15:00:00,0.71836,0.71857,0.71792,0.71802,1659.0
2026-04-28 16:00:00,0.71802,0.71834,0.71798,0.71819,603.0
2026-04-28 17:00:00,0.71788,0.71833,0.71771,0.71816,807.0
2026-04-28 18:00:00,0.71818,0.71848,0.71812,0.71823,640.0
2026-04-28 19:00:00,0.71822,0.71869,0.71817,0.71869,891.0
2026-04-28 20:00:00,0.7187,0.71898,0.71851,0.7186,2260.0
2026-04-28 21:00:00,0.71863,0.71863,0.7167,0.71699,6832.0
2026-04-28 22:00:00,0.717,0.71766,0.71596,0.716,3866.0
2026-04-28 23:00:00,0.71601,0.71662,0.71601,0.71618,2246.0
2026-04-29 00:00:00,0.7162,0.71646,0.71604,0.71634,1321.0
2026-04-29 01:00:00,0.71634,0.71643,0.71602,0.71607,1922.0
2026-04-29 02:00:00,0.71606,0.71632,0.71544,0.71602,2879.0
2026-04-29 03:00:00,0.71599,0.71668,0.71567,0.71635,4531.0
2026-04-29 04:00:00,0.71634,0.71656,0.71548,0.71558,4445.0
2026-04-29 05:00:00,0.71557,0.71589,0.71492,0.71502,2840.0
2026-04-29 06:00:00,0.71502,0.71612,0.71492,0.71594,2413.0
2026-04-29 07:00:00,0.71596,0.71602,0.71558,0.71588,3389.0
2026-04-29 08:00:00,0.71586,0.71664,0.71548,0.71554,4168.0
2026-04-29 09:00:00,0.71554,0.71599,0.71264,0.71286,7083.0
2026-04-29 10:00:00,0.71286,0.7146,0.71234,0.71415,6812.0
2026-04-29 11:00:00,0.71415,0.71431,0.71186,0.7129,7794.0
2026-04-29 12:00:00,0.7129,0.7137,0.71259,0.71272,5777.0
2026-04-29 13:00:00,0.7127,0.71335,0.7123,0.71318,4189.0
2026-04-29 14:00:00,0.71318,0.71324,0.71018,0.7114,15224.0
2026-04-29 15:00:00,0.71138,0.712,0.71066,0.71171,6046.0
2026-04-29 16:00:00,0.71172,0.712,0.7112,0.71164,4035.0
2026-04-29 17:00:00,0.71132,0.71164,0.71121,0.7114,537.0
2026-04-29 18:00:00,0.71137,0.71218,0.71137,0.71188,1704.0
2026-04-29 19:00:00,0.71188,0.71288,0.71186,0.7128,1255.0
2026-04-29 20:00:00,0.71278,0.7133,0.71217,0.71218,3752.0
2026-04-29 21:00:00,0.71214,0.7128,0.71183,0.71258,4361.0
2026-04-29 22:00:00,0.71258,0.7129,0.71176,0.71264,4767.0
2026-04-29 23:00:00,0.71262,0.71308,0.71252,0.71258,3093.0
2026-04-30 00:00:00,0.71257,0.71264,0.71154,0.7116,3898.0
2026-04-30 01:00:00,0.71161,0.71233,0.7111,0.71131,3030.0
2026-04-30 02:00:00,0.7113,0.71227,0.71102,0.71188,4868.0
2026-04-30 03:00:00,0.71189,0.71312,0.71184,0.71282,5372.0
2026-04-30 04:00:00,0.71284,0.71398,0.71275,0.71298,6029.0
2026-04-30 05:00:00,0.71299,0.71476,0.71273,0.7145,7347.0
2026-04-30 06:00:00,0.71452,0.71578,0.71404,0.71576,9551.0
2026-04-30 07:00:00,0.71577,0.71671,0.71529,0.71536,8971.0
2026-04-30 08:00:00,0.71536,0.71564,0.71446,0.71498,7390.0
2026-04-30 09:00:00,0.71499,0.71687,0.71498,0.71623,9065.0
2026-04-30 10:00:00,0.7162,0.71916,0.7161,0.71884,11784.0
2026-04-30 11:00:00,0.71882,0.71914,0.71822,0.71829,7601.0
2026-04-30 12:00:00,0.71829,0.71906,0.7178,0.71824,4463.0
2026-04-30 13:00:00,0.71826,0.71883,0.71806,0.71843,4654.0
2026-04-30 14:00:00,0.71844,0.72007,0.71843,0.71985,3259.0
2026-04-30 15:00:00,0.71982,0.72033,0.71972,0.71974,2984.0
2026-04-30 16:00:00,0.71972,0.72034,0.71962,0.72017,1704.0
2026-04-30 17:00:00,0.71951,0.71997,0.71951,0.71996,328.0
2026-04-30 18:00:00,0.71996,0.7202,0.71977,0.71998,1031.0
2026-04-30 19:00:00,0.71998,0.7205,0.71996,0.72006,1196.0
2026-04-30 20:00:00,0.72008,0.72032,0.71956,0.72009,3214.0
2026-04-30 21:00:00,0.72008,0.7203,0.71964,0.7202,2190.0
2026-04-30 22:00:00,0.7202,0.72052,0.71956,0.71998,1574.0
2026-04-30 23:00:00,0.71998,0.72033,0.71946,0.71958,1358.0
2026-05-01 00:00:00,0.71958,0.71959,0.71898,0.71912,1389.0
2026-05-01 01:00:00,0.7191,0.71938,0.71889,0.71896,1507.0
2026-05-01 02:00:00,0.71897,0.71998,0.71863,0.71956,4456.0
2026-05-01 03:00:00,0.71958,0.7203,0.71933,0.71958,4669.0
2026-05-01 04:00:00,0.71962,0.71988,0.71913,0.71952,3484.0
2026-05-01 05:00:00,0.71954,0.71958,0.71836,0.71854,3041.0
2026-05-01 06:00:00,0.71853,0.71924,0.71843,0.71904,2665.0
2026-05-01 07:00:00,0.71904,0.72001,0.71899,0.71968,3018.0
2026-05-01 08:00:00,0.71967,0.72086,0.71944,0.72027,5526.0
2026-05-01 09:00:00,0.72025,0.72149,0.72004,0.72132,7430.0
2026-05-01 10:00:00,0.72134,0.7228,0.72123,0.72168,9066.0
2026-05-01 11:00:00,0.72168,0.72236,0.72135,0.72176,6138.0
2026-05-01 12:00:00,0.72175,0.72212,0.72108,0.72115,4893.0
2026-05-01 13:00:00,0.72115,0.72158,0.72077,0.72103,3732.0
2026-05-01 14:00:00,0.72104,0.72111,0.72022,0.72095,3986.0
2026-05-01 15:00:00,0.72096,0.72106,0.72046,0.7205,2014.0
2026-05-01 16:00:00,0.7205,0.72062,0.7197,0.72024,2064.0
2026-05-03 17:00:00,0.72163,0.72202,0.72121,0.7219,300.0
2026-05-03 18:00:00,0.72192,0.72204,0.72108,0.72146,1463.0
2026-05-03 19:00:00,0.72148,0.72148,0.7209,0.72096,1235.0
2026-05-03 20:00:00,0.72094,0.72132,0.72059,0.72096,3605.0
2026-05-03 21:00:00,0.72094,0.72098,0.7201,0.72092,3914.0
2026-05-03 22:00:00,0.72092,0.72101,0.72017,0.72086,2619.0
2026-05-03 23:00:00,0.72084,0.72176,0.72052,0.7214,3767.0
2026-05-04 00:00:00,0.72139,0.72145,0.72068,0.7208,2249.0
2026-05-04 01:00:00,0.72078,0.72102,0.7203,0.72078,2621.0
2026-05-04 02:00:00,0.72078,0.72096,0.71936,0.71984,3853.0
2026-05-04 03:00:00,0.71984,0.71984,0.71888,0.71911,4486.0
2026-05-04 04:00:00,0.7191,0.71984,0.7188,0.71948,3737.0
2026-05-04 05:00:00,0.7195,0.71998,0.71944,0.71968,2380.0
2026-05-04 06:00:00,0.71968,0.71969,0.71682,0.71849,13758.0
2026-05-04 07:00:00,0.71851,0.71888,0.71758,0.71787,5161.0
2026-05-04 08:00:00,0.71786,0.71918,0.71782,0.71878,4269.0
2026-05-04 09:00:00,0.71878,0.71952,0.71776,0.71858,6133.0
2026-05-04 10:00:00,0.7186,0.71914,0.71821,0.71846,5353.0
2026-05-04 11:00:00,0.71847,0.71888,0.71624,0.71656,10791.0
2026-05-04 12:00:00,0.71657,0.71688,0.71534,0.71578,9526.0
2026-05-04 13:00:00,0.7158,0.71726,0.71573,0.71692,4402.0
2026-05-04 14:00:00,0.71692,0.71734,0.71652,0.71726,3147.0
2026-05-04 15:00:00,0.71726,0.71748,0.7168,0.71716,3391.0
2026-05-04 16:00:00,0.71714,0.71715,0.71646,0.7167,1405.0
2026-05-04 17:00:00,0.71706,0.7171,0.71664,0.71673,256.0
2026-05-04 18:00:00,0.71672,0.71689,0.71658,0.71674,814.0
2026-05-04 19:00:00,0.71676,0.7169,0.7167,0.71672,610.0
2026-05-04 20:00:00,0.71674,0.71715,0.7158,0.71599,3036.0
2026-05-04 21:00:00,0.71598,0.71602,0.71532,0.7157,2800.0
2026-05-04 22:00:00,0.71572,0.7165,0.71564,0.71601,1866.0
2026-05-04 23:00:00,0.71602,0.71614,0.71528,0.71532,1400.0
2026-05-05 00:00:00,0.71532,0.7171,0.71516,0.71518,3817.0
2026-05-05 01:00:00,0.71515,0.71543,0.71358,0.71396,4367.0
2026-05-05 02:00:00,0.71395,0.71485,0.71388,0.71438,4207.0
2026-05-05 03:00:00,0.71441,0.71586,0.71429,0.71521,4193.0
2026-05-05 04:00:00,0.71521,0.71636,0.71518,0.71576,3859.0
2026-05-05 05:00:00,0.71575,0.71646,0.71536,0.71639,3835.0
2026-05-05 06:00:00,0.71638,0.71738,0.71611,0.7168,2723.0
2026-05-05 07:00:00,0.71678,0.71746,0.71631,0.71723,3287.0
2026-05-05 08:00:00,0.71722,0.71828,0.71673,0.71753,5065.0
2026-05-05 09:00:00,0.71752,0.71856,0.71752,0.71803,4930.0
2026-05-05 10:00:00,0.7182,0.71888,0.71754,0.71884,7214.0
2026-05-05 11:00:00,0.71888,0.71979,0.71869,0.71946,4052.0
2026-05-05 12:00:00,0.71944,0.71956,0.71866,0.71872,3164.0
2026-05-05 13:00:00,0.71872,0.71912,0.7185,0.71876,2072.0
2026-05-05 14:00:00,0.71874,0.71903,0.7187,0.71878,1498.0
2026-05-05 15:00:00,0.7188,0.71885,0.71814,0.71832,1894.0
2026-05-05 16:00:00,0.71831,0.71847,0.71818,0.71826,1119.0
2026-05-05 17:00:00,0.71812,0.71838,0.71796,0.71836,682.0
2026-05-05 18:00:00,0.71836,0.7201,0.71819,0.71966,2147.0
2026-05-05 19:00:00,0.71967,0.72084,0.71948,0.72033,3233.0
2026-05-05 20:00:00,0.72032,0.72242,0.72025,0.72238,5677.0
2026-05-05 21:00:00,0.72238,0.72342,0.7221,0.72292,5102.0
2026-05-05 22:00:00,0.7229,0.72345,0.7228,0.72342,3554.0
2026-05-05 23:00:00,0.72341,0.72425,0.7232,0.72324,3229.0
2026-05-06 00:00:00,0.72322,0.72508,0.72312,0.72442,6069.0
2026-05-06 01:00:00,0.72443,0.72498,0.72426,0.72481,4214.0
2026-05-06 02:00:00,0.7248,0.72496,0.72412,0.72488,3821.0
2026-05-06 03:00:00,0.7249,0.72506,0.72334,0.72422,4703.0
2026-05-06 04:00:00,0.72422,0.72677,0.72328,0.72604,7405.0
2026-05-06 05:00:00,0.72604,0.72642,0.72508,0.7262,6989.0
2026-05-06 06:00:00,0.72624,0.72777,0.72518,0.72688,7005.0
2026-05-06 07:00:00,0.72687,0.72687,0.72486,0.72506,7496.0
2026-05-06 08:00:00,0.72507,0.72508,0.72318,0.72378,9464.0
2026-05-06 09:00:00,0.72379,0.72413,0.7229,0.72348,8797.0
2026-05-06 10:00:00,0.72344,0.72476,0.72296,0.72399,7920.0
2026-05-06 11:00:00,0.72398,0.72406,0.7233,0.72339,5424.0
2026-05-06 12:00:00,0.72338,0.72339,0.72242,0.72268,4380.0
2026-05-06 13:00:00,0.72266,0.72348,0.72258,0.72322,3136.0
2026-05-06 14:00:00,0.72321,0.72392,0.7232,0.72372,2398.0
2026-05-06 15:00:00,0.72372,0.72414,0.72363,0.72378,2131.0
2026-05-06 16:00:00,0.72378,0.72386,0.72352,0.72375,972.0
2026-05-06 17:00:00,0.72381,0.72433,0.72336,0.7239,1480.0
2026-05-06 18:00:00,0.72398,0.72398,0.72364,0.7238,947.0
2026-05-06 19:00:00,0.7238,0.72394,0.72346,0.72353,966.0
2026-05-06 20:00:00,0.72352,0.72402,0.7232,0.72356,3968.0
2026-05-06 21:00:00,0.72357,0.72488,0.72318,0.72452,4382.0
2026-05-06 22:00:00,0.7245,0.72469,0.724,0.72434,3304.0
2026-05-06 23:00:00,0.72432,0.7245,0.724,0.72422,2431.0
2026-05-07 00:00:00,0.72422,0.72506,0.72417,0.72476,2454.0
2026-05-07 01:00:00,0.72476,0.7251,0.72462,0.72468,2066.0
2026-05-07 02:00:00,0.72466,0.7257,0.72406,0.72507,4081.0
2026-05-07 03:00:00,0.72506,0.72637,0.725,0.7262,5632.0
2026-05-07 04:00:00,0.72622,0.72642,0.7257,0.72591,3961.0
2026-05-07 05:00:00,0.7259,0.72622,0.72538,0.72603,3364.0
2026-05-07 06:00:00,0.72602,0.72638,0.72557,0.72558,2897.0
2026-05-07 07:00:00,0.72562,0.72592,0.7252,0.72586,3050.0
2026-05-07 08:00:00,0.72584,0.726,0.72506,0.72528,3898.0
2026-05-07 09:00:00,0.72528,0.72548,0.72452,0.72485,6313.0
2026-05-07 10:00:00,0.72484,0.72582,0.72428,0.72581,5792.0
2026-05-07 11:00:00,0.7258,0.72583,0.72391,0.72398,5896.0
2026-05-07 12:00:00,0.72397,0.72429,0.7233,0.72387,7115.0
2026-05-07 13:00:00,0.72389,0.72418,0.7225,0.72345,8274.0
2026-05-07 14:00:00,0.72346,0.72361,0.72206,0.723,6253.0
2026-05-07 15:00:00,0.72302,0.7232,0.72146,0.72148,5786.0
2026-05-07 16:00:00,0.72146,0.7228,0.72045,0.7206,3596.0
2026-05-07 17:00:00,0.72087,0.72091,0.72037,0.7206,756.0
2026-05-07 18:00:00,0.7206,0.72088,0.72012,0.72032,2133.0
2026-05-07 19:00:00,0.72034,0.72094,0.7203,0.72086,1827.0
2026-05-07 20:00:00,0.72086,0.7212,0.72002,0.72076,4248.0
2026-05-07 21:00:00,0.72078,0.72149,0.72074,0.72104,3932.0
2026-05-07 22:00:00,0.72106,0.7214,0.7204,0.72104,4175.0
2026-05-07 23:00:00,0.72106,0.72211,0.72098,0.72154,2520.0
2026-05-08 00:00:00,0.72156,0.72222,0.72139,0.72206,2350.0
2026-05-08 01:00:00,0.72206,0.72266,0.72178,0.72235,2890.0
2026-05-08 02:00:00,0.72236,0.72308,0.72222,0.72266,3833.0
2026-05-08 03:00:00,0.72264,0.72274,0.72216,0.7224,4579.0
2026-05-08 04:00:00,0.72242,0.72362,0.72223,0.72343,3703.0
2026-05-08 05:00:00,0.72348,0.72412,0.72308,0.72338,3506.0
2026-05-08 06:00:00,0.72342,0.72416,0.72329,0.72364,2620.0
2026-05-08 07:00:00,0.72368,0.724,0.72318,0.72358,2853.0
2026-05-08 08:00:00,0.72358,0.72491,0.7228,0.72385,6708.0
2026-05-08 09:00:00,0.72382,0.72484,0.72291,0.72435,7711.0
2026-05-08 10:00:00,0.72436,0.7246,0.72361,0.72438,6234.0
2026-05-08 11:00:00,0.72437,0.72464,0.72368,0.72418,5398.0
2026-05-08 12:00:00,0.72418,0.72464,0.72404,0.72408,3435.0
2026-05-08 13:00:00,0.72405,0.72452,0.72402,0.72426,1934.0
2026-05-08 14:00:00,0.72426,0.72479,0.72404,0.72424,2687.0
2026-05-08 15:00:00,0.72426,0.72483,0.72421,0.72464,1789.0
2026-05-08 16:00:00,0.72464,0.72492,0.72446,0.72473,1770.0
2026-05-10 17:00:00,0.72233,0.72274,0.72189,0.72198,3593.0
2026-05-10 18:00:00,0.72198,0.7235,0.72198,0.7234,1403.0
2026-05-10 19:00:00,0.72339,0.72384,0.7233,0.72343,1474.0
2026-05-10 20:00:00,0.72344,0.72404,0.72326,0.7238,4096.0
2026-05-10 21:00:00,0.7238,0.72396,0.7228,0.72336,4126.0
2026-05-10 22:00:00,0.72338,0.72378,0.723,0.723,2268.0
2026-05-10 23:00:00,0.72299,0.72326,0.72286,0.72293,2044.0
2026-05-11 00:00:00,0.72292,0.72294,0.72254,0.72273,1358.0
2026-05-11 01:00:00,0.72274,0.7232,0.72266,0.72296,1748.0
2026-05-11 02:00:00,0.72297,0.72428,0.72287,0.72414,3053.0
2026-05-11 03:00:00,0.72414,0.72423,0.72363,0.72406,3253.0
2026-05-11 04:00:00,0.72406,0.72478,0.72384,0.72384,3194.0
2026-05-11 05:00:00,0.72381,0.72414,0.72364,0.72368,2048.0
2026-05-11 06:00:00,0.72365,0.72443,0.72358,0.72428,2287.0
2026-05-11 07:00:00,0.72426,0.72486,0.72397,0.72433,2432.0
2026-05-11 08:00:00,0.72432,0.72456,0.72377,0.72434,3635.0
2026-05-11 09:00:00,0.72436,0.72573,0.7243,0.72544,4289.0
2026-05-11 10:00:00,0.72546,0.72596,0.72498,0.7256,5481.0
2026-05-11 11:00:00,0.7256,0.72596,0.72538,0.72576,3731.0
2026-05-11 12:00:00,0.72576,0.7258,0.7247,0.72507,3204.0
2026-05-11 13:00:00,0.72508,0.72546,0.72476,0.72528,2487.0
2026-05-11 14:00:00,0.72528,0.72556,0.7249,0.7249,2074.0
2026-05-11 15:00:00,0.72488,0.72506,0.72474,0.72491,1711.0
2026-05-11 16:00:00,0.72493,0.72503,0.72443,0.72496,1022.0
2026-05-11 17:00:00,0.72494,0.7251,0.72464,0.72502,888.0
2026-05-11 18:00:00,0.72502,0.72522,0.72496,0.725,790.0
2026-05-11 19:00:00,0.72501,0.72512,0.72452,0.7246,1044.0
2026-05-11 20:00:00,0.72458,0.72458,0.72332,0.7235,3098.0
2026-05-11 21:00:00,0.72348,0.72382,0.72224,0.7232,4135.0
2026-05-11 22:00:00,0.72324,0.7237,0.72294,0.72354,2948.0
2026-05-11 23:00:00,0.72352,0.7236,0.72286,0.72293,1656.0
2026-05-12 00:00:00,0.72294,0.72356,0.72294,0.72321,1681.0
2026-05-12 01:00:00,0.7232,0.7235,0.72264,0.72302,3123.0
2026-05-12 02:00:00,0.72304,0.72316,0.72111,0.72125,4431.0
2026-05-12 03:00:00,0.72125,0.7222,0.72089,0.72174,5000.0
2026-05-12 04:00:00,0.72178,0.72228,0.72129,0.72176,4082.0
2026-05-12 05:00:00,0.72172,0.72256,0.72148,0.72236,4081.0
2026-05-12 06:00:00,0.72236,0.72271,0.72219,0.72246,2283.0
2026-05-12 07:00:00,0.72248,0.72316,0.72204,0.72286,3462.0
2026-05-12 08:00:00,0.7229,0.7233,0.72172,0.7231,5392.0
2026-05-12 09:00:00,0.72309,0.72321,0.72146,0.72177,6846.0
2026-05-12 10:00:00,0.72178,0.72311,0.72174,0.72302,7318.0
2026-05-12 11:00:00,0.72304,0.72322,0.72147,0.72225,6438.0
2026-05-12 12:00:00,0.72226,0.72258,0.72144,0.72158,4100.0
2026-05-12 13:00:00,0.72158,0.72258,0.72156,0.72256,3339.0
2026-05-12 14:00:00,0.72252,0.72368,0.72232,0.72348,3589.0
2026-05-12 15:00:00,0.72348,0.7242,0.7234,0.72388,2819.0
2026-05-12 16:00:00,0.72389,0.72406,0.7237,0.72403,1006.0
2026-05-12 17:00:00,0.72404,0.72412,0.72374,0.72398,388.0
2026-05-12 18:00:00,0.72399,0.72422,0.72396,0.72403,598.0
2026-05-12 19:00:00,0.72401,0.72414,0.7237,0.72374,1092.0
2026-05-12 20:00:00,0.72371,0.72406,0.72327,0.72368,2934.0
2026-05-12 21:00:00,0.72366,0.72478,0.72308,0.7244,3317.0
2026-05-12 22:00:00,0.72439,0.7246,0.72388,0.72388,2000.0
2026-05-12 23:00:00,0.72389,0.7239,0.72319,0.72355,2497.0
2026-05-13 00:00:00,0.72354,0.72364,0.72317,0.7235,1689.0
2026-05-13 01:00:00,0.7235,0.724,0.72344,0.72398,2331.0
2026-05-13 02:00:00,0.72402,0.72428,0.72329,0.72362,3470.0
2026-05-13 03:00:00,0.72361,0.72398,0.72332,0.72341,3220.0
2026-05-13 04:00:00,0.72339,0.72426,0.7233,0.72412,3073.0
2026-05-13 05:00:00,0.72412,0.72451,0.72352,0.72449,3247.0
2026-05-13 06:00:00,0.7245,0.72492,0.72411,0.7248,3315.0
2026-05-13 07:00:00,0.72482,0.72534,0.72458,0.72502,2020.0
2026-05-13 08:00:00,0.72498,0.72526,0.72361,0.72419,5774.0
2026-05-13 09:00:00,0.7242,0.72485,0.724,0.72468,6719.0
2026-05-13 10:00:00,0.72464,0.72578,0.7245,0.72572,6631.0
2026-05-13 11:00:00,0.72572,0.72718,0.72552,0.72623,4700.0
2026-05-13 12:00:00,0.7262,0.72696,0.72601,0.72602,3861.0
2026-05-13 13:00:00,0.72602,0.72642,0.72564,0.72565,2581.0
2026-05-13 14:00:00,0.72566,0.7262,0.72522,0.72574,3952.0
2026-05-13 15:00:00,0.72574,0.72594,0.7253,0.72532,2291.0
2026-05-13 16:00:00,0.7253,0.72596,0.72508,0.72582,1079.0
2026-05-13 17:00:00,0.72614,0.72618,0.72548,0.72572,1142.0
2026-05-13 18:00:00,0.72572,0.72611,0.72569,0.72598,714.0
2026-05-13 19:00:00,0.72598,0.72608,0.72522,0.72543,1377.0
2026-05-13 20:00:00,0.72542,0.72574,0.72486,0.72514,3241.0
2026-05-13 21:00:00,0.72514,0.72521,0.72453,0.7246,3292.0
2026-05-13 22:00:00,0.7246,0.7253,0.72439,0.72521,2346.0
2026-05-13 23:00:00,0.7252,0.72542,0.7248,0.72514,1803.0
2026-05-14 00:00:00,0.72516,0.726,0.72508,0.72565,1938.0
2026-05-14 01:00:00,0.72566,0.72628,0.72528,0.72558,3569.0
2026-05-14 02:00:00,0.72558,0.72644,0.72558,0.72611,3266.0
2026-05-14 03:00:00,0.72608,0.72617,0.72408,0.72423,3842.0
2026-05-14 04:00:00,0.72422,0.7254,0.72416,0.72526,3490.0
2026-05-14 05:00:00,0.72527,0.7254,0.72422,0.72462,2838.0
2026-05-14 06:00:00,0.7246,0.72499,0.72387,0.72428,3315.0
2026-05-14 07:00:00,0.72428,0.72452,0.72384,0.72392,2794.0
2026-05-14 08:00:00,0.7239,0.72432,0.72348,0.72348,3541.0
2026-05-14 09:00:00,0.72348,0.72364,0.72198,0.72206,6297.0
2026-05-14 10:00:00,0.72203,0.72319,0.72197,0.72282,6101.0
2026-05-14 11:00:00,0.72278,0.72278,0.72222,0.72242,3663.0
2026-05-14 12:00:00,0.72242,0.72246,0.7216,0.72213,4450.0
2026-05-14 13:00:00,0.72212,0.7227,0.72206,0.72236,4128.0
2026-05-14 14:00:00,0.72233,0.72255,0.72187,0.72246,3329.0
2026-05-14 15:00:00,0.72248,0.7226,0.72177,0.722,1904.0
2026-05-14 16:00:00,0.722,0.72213,0.72186,0.72202,1098.0
2026-05-14 17:00:00,0.7222,0.72223,0.72188,0.72204,728.0
2026-05-14 18:00:00,0.72208,0.7223,0.722,0.72224,896.0
2026-05-14 19:00:00,0.72225,0.72226,0.72134,0.7214,1681.0
2026-05-14 20:00:00,0.72141,0.72184,0.72014,0.7206,3704.0
2026-05-14 21:00:00,0.7206,0.72075,0.71873,0.71876,5347.0
2026-05-14 22:00:00,0.71877,0.72,0.71851,0.71932,4223.0
2026-05-14 23:00:00,0.71929,0.71958,0.71896,0.71936,2870.0
2026-05-15 00:00:00,0.71936,0.7194,0.71812,0.71814,2233.0
2026-05-15 01:00:00,0.71816,0.71816,0.7156,0.71588,5528.0
2026-05-15 02:00:00,0.71584,0.7169,0.71572,0.71602,5686.0
2026-05-15 03:00:00,0.71602,0.71767,0.71575,0.71671,4920.0
2026-05-15 04:00:00,0.71674,0.71686,0.71549,0.71568,5471.0
2026-05-15 05:00:00,0.71572,0.71572,0.71399,0.71474,4846.0
2026-05-15 06:00:00,0.71475,0.71802,0.7147,0.71728,6868.0
2026-05-15 07:00:00,0.71726,0.71738,0.71506,0.71521,3565.0
2026-05-15 08:00:00,0.7152,0.71546,0.71437,0.71534,5113.0
2026-05-15 09:00:00,0.71533,0.71578,0.71436,0.71472,7248.0
2026-05-15 10:00:00,0.71472,0.71664,0.71448,0.71543,9027.0
2026-05-15 11:00:00,0.71546,0.7157,0.71464,0.71505,6450.0
2026-05-15 12:00:00,0.71506,0.71592,0.71482,0.71568,4528.0
2026-05-15 13:00:00,0.71568,0.71634,0.71554,0.71588,3548.0
2026-05-15 14:00:00,0.71588,0.71598,0.7148,0.71532,4607.0
2026-05-15 15:00:00,0.71536,0.71537,0.7148,0.71498,2738.0
2026-05-15 16:00:00,0.71498,0.71498,0.7145,0.71482,1608.0
2026-05-17 17:00:00,0.71528,0.7156,0.71486,0.71502,838.0
2026-05-17 18:00:00,0.71504,0.71542,0.7148,0.715,1641.0
2026-05-17 19:00:00,0.71506,0.71514,0.71277,0.71298,3497.0
2026-05-17 20:00:00,0.71297,0.71322,0.71187,0.71248,6110.0
2026-05-17 21:00:00,0.71248,0.7132,0.71202,0.71284,6087.0
2026-05-17 22:00:00,0.71282,0.71323,0.71226,0.7125,3852.0
2026-05-17 23:00:00,0.7125,0.7135,0.71246,0.71344,3336.0
2026-05-18 00:00:00,0.71344,0.71379,0.71306,0.71316,2719.0
2026-05-18 01:00:00,0.71317,0.71357,0.71267,0.71318,4163.0
2026-05-18 02:00:00,0.71318,0.7149,0.71307,0.7149,4140.0
2026-05-18 03:00:00,0.71492,0.71582,0.71436,0.7152,4967.0
2026-05-18 04:00:00,0.71521,0.7165,0.7148,0.71582,4555.0
2026-05-18 05:00:00,0.71584,0.71616,0.71548,0.71557,2842.0
2026-05-18 06:00:00,0.71558,0.71568,0.71481,0.71487,2997.0
2026-05-18 07:00:00,0.71488,0.71684,0.71464,0.71602,6686.0
2026-05-18 08:00:00,0.71603,0.71845,0.71588,0.71786,6177.0
2026-05-18 09:00:00,0.71785,0.7181,0.71668,0.71734,7863.0
2026-05-18 10:00:00,0.71734,0.7174,0.71568,0.71589,8343.0
2026-05-18 11:00:00,0.7159,0.71612,0.71486,0.7159,7031.0
2026-05-18 12:00:00,0.7159,0.71662,0.71538,0.71621,6111.0
2026-05-18 13:00:00,0.7162,0.71657,0.71592,0.7163,4000.0
2026-05-18 14:00:00,0.71633,0.71636,0.71484,0.71488,5351.0
2026-05-18 15:00:00,0.7149,0.7175,0.7148,0.71683,8571.0
2026-05-18 16:00:00,0.71683,0.71722,0.71669,0.71688,1139.0
2026-05-18 17:00:00,0.7165,0.71718,0.71642,0.71695,788.0
2026-05-18 18:00:00,0.71699,0.71732,0.71697,0.71728,1054.0
2026-05-18 19:00:00,0.71732,0.71768,0.71704,0.71704,1605.0
2026-05-18 20:00:00,0.71706,0.71726,0.71506,0.71512,5160.0
2026-05-18 21:00:00,0.7151,0.71528,0.71398,0.71454,5288.0
2026-05-18 22:00:00,0.71453,0.71455,0.71364,0.71418,3743.0
2026-05-18 23:00:00,0.71416,0.7145,0.71366,0.71373,2565.0
2026-05-19 00:00:00,0.71375,0.71388,0.71276,0.71294,2885.0
2026-05-19 01:00:00,0.71296,0.71342,0.71248,0.71324,4051.0
2026-05-19 02:00:00,0.71325,0.71366,0.71296,0.7134,4598.0
2026-05-19 03:00:00,0.7134,0.71366,0.71254,0.71254,4467.0
2026-05-19 04:00:00,0.71254,0.7126,0.71147,0.71176,4208.0
2026-05-19 05:00:00,0.71175,0.71176,0.71088,0.71153,4170.0
2026-05-19 06:00:00,0.71154,0.71216,0.71088,0.71165,4373.0
2026-05-19 07:00:00,0.71164,0.71214,0.71146,0.7117,4090.0
2026-05-19 08:00:00,0.71166,0.71231,0.71142,0.71148,4721.0
2026-05-19 09:00:00,0.71144,0.71152,0.71006,0.71094,8362.0
2026-05-19 10:00:00,0.71094,0.71123,0.70796,0.7085,9674.0
2026-05-19 11:00:00,0.70848,0.71014,0.70824,0.70997,6186.0
2026-05-19 12:00:00,0.70999,0.71127,0.7096,0.71111,5756.0
2026-05-19 13:00:00,0.71111,0.71164,0.71108,0.71128,3509.0
2026-05-19 14:00:00,0.71127,0.7115,0.71058,0.71065,3808.0
2026-05-19 15:00:00,0.71062,0.71111,0.71053,0.7109,3010.0
2026-05-19 16:00:00,0.7109,0.71091,0.71056,0.71073,835.0
2026-05-19 17:00:00,0.71094,0.71096,0.71062,0.71086,424.0
2026-05-19 18:00:00,0.71088,0.71088,0.71054,0.71076,908.0
2026-05-19 19:00:00,0.71076,0.71128,0.71042,0.71042,1087.0
2026-05-19 20:00:00,0.7104,0.71047,0.70922,0.70926,5659.0
2026-05-19 21:00:00,0.70924,0.71027,0.7087,0.71016,5987.0
2026-05-19 22:00:00,0.71018,0.71072,0.7092,0.70958,4345.0
2026-05-19 23:00:00,0.70958,0.71062,0.70938,0.71031,3140.0
2026-05-20 00:00:00,0.71032,0.71097,0.7098,0.70999,2780.0
2026-05-20 01:00:00,0.70998,0.7106,0.70975,0.71023,3962.0
2026-05-20 02:00:00,0.71022,0.71125,0.71004,0.71051,4010.0
2026-05-20 03:00:00,0.7105,0.71135,0.71032,0.71072,3730.0
2026-05-20 04:00:00,0.71072,0.71163,0.7105,0.71118,3962.0
2026-05-20 05:00:00,0.71117,0.71156,0.7109,0.71126,2478.0
2026-05-20 06:00:00,0.71126,0.71262,0.71122,0.71251,2290.0
2026-05-20 07:00:00,0.71251,0.7135,0.71222,0.71279,2589.0
2026-05-20 08:00:00,0.71278,0.71328,0.71231,0.71246,2860.0
2026-05-20 09:00:00,0.71243,0.71294,0.71188,0.71214,5485.0
2026-05-20 10:00:00,0.71214,0.71557,0.71151,0.71532,12391.0
2026-05-20 11:00:00,0.71534,0.71746,0.71468,0.71507,11756.0
2026-05-20 12:00:00,0.71506,0.71614,0.7149,0.71546,6570.0
2026-05-20 13:00:00,0.71549,0.7158,0.71517,0.71524,4746.0
2026-05-20 14:00:00,0.71523,0.7162,0.71494,0.7158,3958.0
2026-05-20 15:00:00,0.71579,0.71624,0.71569,0.7159,2725.0
2026-05-20 16:00:00,0.71588,0.7159,0.71526,0.71528,1800.0
2026-05-20 17:00:00,0.71492,0.71562,0.71492,0.71548,836.0
2026-05-20 18:00:00,0.71547,0.71548,0.71498,0.71524,1075.0
2026-05-20 19:00:00,0.71524,0.71529,0.7149,0.71492,1190.0
2026-05-20 20:00:00,0.71496,0.71504,0.71444,0.71481,3455.0
2026-05-20 21:00:00,0.71482,0.71569,0.7111,0.71193,6812.0
2026-05-20 22:00:00,0.71194,0.71246,0.71,0.71075,5994.0
2026-05-20 23:00:00,0.71074,0.71199,0.7107,0.7119,2703.0
2026-05-21 00:00:00,0.71188,0.71302,0.71185,0.71272,2008.0
2026-05-21 01:00:00,0.71274,0.71292,0.71158,0.71244,3509.0
2026-05-21 02:00:00,0.71244,0.7128,0.71085,0.71132,4311.0
2026-05-21 03:00:00,0.71134,0.71218,0.71082,0.71186,5765.0
2026-05-21 04:00:00,0.71184,0.71396,0.71162,0.71319,6890.0
2026-05-21 05:00:00,0.71317,0.71424,0.7131,0.71359,4443.0
2026-05-21 06:00:00,0.71355,0.71394,0.71176,0.71246,7956.0
2026-05-21 07:00:00,0.71244,0.71381,0.71239,0.71257,5492.0
2026-05-21 08:00:00,0.71256,0.71332,0.71224,0.71252,6279.0
2026-05-21 09:00:00,0.7125,0.71346,0.71164,0.71306,8929.0
2026-05-21 10:00:00,0.7131,0.71378,0.71222,0.7136,8117.0
2026-05-21 11:00:00,0.71362,0.71366,0.7123,0.71326,6911.0
2026-05-21 12:00:00,0.71328,0.71392,0.71327,0.7137,4773.0
2026-05-21 13:00:00,0.71373,0.71686,0.71352,0.71629,10180.0
2026-05-21 14:00:00,0.71629,0.71668,0.71434,0.71474,7710.0
2026-05-21 15:00:00,0.71471,0.71582,0.71456,0.71544,4158.0
2026-05-21 16:00:00,0.71546,0.71558,0.71488,0.71492,1168.0
2026-05-21 17:00:00,0.71542,0.71554,0.71477,0.71491,1195.0
2026-05-21 18:00:00,0.71492,0.7153,0.71484,0.71514,715.0
2026-05-21 19:00:00,0.71513,0.7152,0.71462,0.7148,1042.0
2026-05-21 20:00:00,0.71482,0.71482,0.71404,0.71414,2566.0
2026-05-21 21:00:00,0.71412,0.71443,0.71358,0.7137,2966.0
2026-05-21 22:00:00,0.7137,0.71436,0.7137,0.71398,2340.0
2026-05-21 23:00:00,0.71396,0.71406,0.71345,0.71399,1646.0
2026-05-22 00:00:00,0.71398,0.71422,0.71384,0.71408,1137.0
2026-05-22 01:00:00,0.71407,0.71462,0.71368,0.71378,2242.0
2026-05-22 02:00:00,0.71378,0.71407,0.71319,0.71362,3316.0
2026-05-22 03:00:00,0.71362,0.71362,0.71273,0.71344,3338.0
2026-05-22 04:00:00,0.71345,0.71444,0.71303,0.71336,4343.0
2026-05-22 05:00:00,0.71332,0.7134,0.71246,0.71292,3070.0
2026-05-22 06:00:00,0.71292,0.71326,0.71228,0.71253,2796.0
2026-05-22 07:00:00,0.71252,0.7126,0.71198,0.71218,2834.0
2026-05-22 08:00:00,0.71218,0.7134,0.71198,0.71318,4974.0
2026-05-22 09:00:00,0.7132,0.71428,0.71232,0.71296,6435.0
2026-05-22 10:00:00,0.71292,0.71294,0.71166,0.7127,6391.0
2026-05-22 11:00:00,0.7127,0.71336,0.71248,0.71308,4272.0
2026-05-22 12:00:00,0.71311,0.7137,0.71288,0.71354,3265.0
2026-05-22 13:00:00,0.71354,0.71424,0.71335,0.71378,4540.0
2026-05-22 14:00:00,0.71379,0.71408,0.71343,0.71384,2699.0
2026-05-22 15:00:00,0.71382,0.71389,0.71312,0.7132,2770.0
2026-05-22 16:00:00,0.71321,0.71325,0.71262,0.71281,2712.0
2026-05-24 17:00:00,0.71577,0.71582,0.71536,0.71547,240.0
2026-05-24 18:00:00,0.71548,0.71612,0.71542,0.7158,1872.0
2026-05-24 19:00:00,0.71584,0.7162,0.71565,0.7157,1527.0
2026-05-24 20:00:00,0.71569,0.71654,0.7154,0.71588,2916.0
2026-05-24 21:00:00,0.71588,0.7173,0.71585,0.7166,2943.0
2026-05-24 22:00:00,0.71664,0.71718,0.71633,0.71643,1704.0
2026-05-24 23:00:00,0.71642,0.71665,0.71602,0.71614,1561.0
2026-05-25 00:00:00,0.71612,0.71709,0.71608,0.71692,1590.0
2026-05-25 01:00:00,0.7169,0.71718,0.71642,0.71655,1584.0
2026-05-25 02:00:00,0.7165,0.71683,0.71643,0.7166,1987.0
2026-05-25 03:00:00,0.71662,0.71664,0.71521,0.71607,3365.0
2026-05-25 04:00:00,0.71608,0.71675,0.71582,0.71668,1789.0
2026-05-25 05:00:00,0.7167,0.71699,0.71659,0.7167,1105.0
2026-05-25 06:00:00,0.7167,0.71696,0.71656,0.71664,1434.0
2026-05-25 07:00:00,0.71666,0.71752,0.71642,0.71697,1704.0
2026-05-25 08:00:00,0.71695,0.71744,0.71682,0.71698,2301.0
2026-05-25 09:00:00,0.71696,0.71728,0.71671,0.7169,2166.0
2026-05-25 10:00:00,0.7169,0.71789,0.7169,0.71784,1731.0
2026-05-25 11:00:00,0.71781,0.71822,0.71727,0.7173,2168.0
2026-05-25 12:00:00,0.71731,0.71739,0.71703,0.71734,898.0
2026-05-25 13:00:00,0.71735,0.71769,0.7173,0.71756,468.0
2026-05-25 14:00:00,0.71756,0.71758,0.71742,0.71752,280.0
2026-05-25 15:00:00,0.71751,0.71764,0.7175,0.71758,280.0
2026-05-25 16:00:00,0.71759,0.71766,0.7174,0.71754,394.0
2026-05-25 17:00:00,0.7172,0.7175,0.71701,0.71714,957.0
2026-05-25 18:00:00,0.71716,0.71749,0.71715,0.71738,970.0
2026-05-25 19:00:00,0.71738,0.71758,0.71678,0.7168,1442.0
2026-05-25 20:00:00,0.71682,0.71708,0.71641,0.71704,2734.0
2026-05-25 21:00:00,0.71704,0.71714,0.71616,0.71652,3665.0
2026-05-25 22:00:00,0.71651,0.71671,0.71625,0.71658,2193.0
2026-05-25 23:00:00,0.71658,0.71726,0.71656,0.7171,1960.0
2026-05-26 00:00:00,0.71712,0.71718,0.71611,0.71612,1493.0
2026-05-26 01:00:00,0.71608,0.71618,0.71566,0.71597,1890.0
2026-05-26 02:00:00,0.71598,0.71691,0.71587,0.71652,2968.0
2026-05-26 03:00:00,0.71656,0.71656,0.71554,0.71638,3847.0
2026-05-26 04:00:00,0.71641,0.71674,0.71602,0.71638,3296.0
2026-05-26 05:00:00,0.71638,0.71653,0.71591,0.71641,2428.0
2026-05-26 06:00:00,0.7164,0.71682,0.71602,0.71658,3043.0
2026-05-26 07:00:00,0.71658,0.7169,0.71612,0.71643,2888.0
2026-05-26 08:00:00,0.71642,0.7169,0.71621,0.71682,2526.0
2026-05-26 09:00:00,0.71681,0.71766,0.71629,0.71688,4447.0
2026-05-26 10:00:00,0.7169,0.7174,0.71654,0.71682,5349.0
2026-05-26 11:00:00,0.71681,0.71682,0.71584,0.71606,4462.0
2026-05-26 12:00:00,0.71607,0.71668,0.71604,0.71629,2625.0
2026-05-26 13:00:00,0.71628,0.71649,0.7161,0.71624,2290.0
2026-05-26 14:00:00,0.71624,0.7169,0.71618,0.71681,1893.0
2026-05-26 15:00:00,0.7168,0.71702,0.71664,0.71689,1247.0
2026-05-26 16:00:00,0.71689,0.71699,0.7166,0.71672,529.0
2026-05-26 17:00:00,0.71698,0.7171,0.71663,0.7168,1327.0
2026-05-26 18:00:00,0.71678,0.71692,0.71664,0.71676,641.0
2026-05-26 19:00:00,0.71676,0.71745,0.71676,0.71707,747.0
2026-05-26 20:00:00,0.71704,0.71798,0.71688,0.71756,2284.0
2026-05-26 21:00:00,0.71753,0.71786,0.71526,0.71567,4268.0
2026-05-26 22:00:00,0.71569,0.71656,0.71554,0.71619,3858.0
2026-05-26 23:00:00,0.71619,0.71676,0.71574,0.71598,2553.0
2026-05-27 00:00:00,0.71597,0.7164,0.71576,0.71611,2183.0
2026-05-27 01:00:00,0.71609,0.71626,0.71547,0.7155,2878.0
2026-05-27 02:00:00,0.71552,0.71562,0.7146,0.71464,3905.0
2026-05-27 03:00:00,0.71466,0.71502,0.71377,0.71384,3264.0
2026-05-27 04:00:00,0.71384,0.71424,0.71359,0.71418,3457.0
2026-05-27 05:00:00,0.71416,0.71462,0.71398,0.71424,2111.0
2026-05-27 06:00:00,0.71424,0.71448,0.71321,0.71341,2651.0
2026-05-27 07:00:00,0.71344,0.71364,0.71289,0.71326,3005.0
2026-05-27 08:00:00,0.71326,0.71496,0.71238,0.7134,7936.0
2026-05-27 09:00:00,0.7134,0.7139,0.71308,0.71376,7259.0
2026-05-27 10:00:00,0.71377,0.71422,0.71248,0.71273,8112.0
2026-05-27 11:00:00,0.71272,0.71395,0.71262,0.71353,5911.0
2026-05-27 12:00:00,0.71356,0.71408,0.71317,0.71392,3372.0
2026-05-27 13:00:00,0.71392,0.71396,0.7132,0.71356,3287.0
2026-05-27 14:00:00,0.71355,0.71398,0.71333,0.71388,2030.0
2026-05-27 15:00:00,0.71392,0.71424,0.71382,0.71418,2094.0
2026-05-27 16:00:00,0.71416,0.71428,0.71406,0.71416,732.0
2026-05-27 17:00:00,0.71409,0.71436,0.71374,0.714,2112.0
2026-05-27 18:00:00,0.714,0.71432,0.71391,0.7142,739.0
2026-05-27 19:00:00,0.71418,0.71446,0.71326,0.71329,1761.0
2026-05-27 20:00:00,0.71328,0.71358,0.71283,0.71317,3626.0
2026-05-27 21:00:00,0.71314,0.71332,0.71178,0.71192,4005.0
2026-05-27 22:00:00,0.71193,0.71258,0.71184,0.71246,2865.0
2026-05-27 23:00:00,0.71246,0.7128,0.70996,0.71019,4667.0
2026-05-28 00:00:00,0.71016,0.71052,0.70979,0.71044,3822.0
2026-05-28 01:00:00,0.71045,0.71206,0.71018,0.71165,3560.0
2026-05-28 02:00:00,0.71168,0.71262,0.71158,0.71204,3243.0
2026-05-28 03:00:00,0.71207,0.71272,0.7118,0.7122,3939.0
2026-05-28 04:00:00,0.71221,0.7124,0.7114,0.71176,3187.0
2026-05-28 05:00:00,0.71175,0.71245,0.7117,0.71204,2563.0
2026-05-28 06:00:00,0.71204,0.71235,0.71084,0.71122,3602.0
2026-05-28 07:00:00,0.71121,0.71192,0.71119,0.71182,3461.0
2026-05-28 08:00:00,0.7118,0.71332,0.71176,0.7132,4026.0
2026-05-28 09:00:00,0.71321,0.71364,0.71256,0.71276,5169.0
2026-05-28 10:00:00,0.71273,0.7156,0.71253,0.71486,11122.0
2026-05-28 11:00:00,0.71486,0.7162,0.71484,0.71582,4704.0
2026-05-28 12:00:00,0.7158,0.71698,0.71564,0.71683,3898.0
2026-05-28 13:00:00,0.71684,0.71688,0.71641,0.71654,2528.0
2026-05-28 14:00:00,0.71653,0.71677,0.71606,0.71631,2871.0
2026-05-28 15:00:00,0.7163,0.71665,0.71616,0.7162,1694.0
2026-05-28 16:00:00,0.71618,0.71636,0.71611,0.71628,1408.0
2026-05-28 17:00:00,0.71644,0.71658,0.71608,0.71645,3158.0
2026-05-28 18:00:00,0.71649,0.71662,0.71626,0.71628,678.0
2026-05-28 19:00:00,0.7163,0.71653,0.71614,0.71632,1609.0
2026-05-28 20:00:00,0.71631,0.71674,0.71586,0.71604,2439.0
2026-05-28 21:00:00,0.71604,0.71657,0.71566,0.71608,3009.0
2026-05-28 22:00:00,0.71609,0.71634,0.71564,0.71574,2225.0
2026-05-28 23:00:00,0.71574,0.71577,0.71534,0.71545,1824.0
2026-05-29 00:00:00,0.71546,0.71638,0.71545,0.71634,1918.0
2026-05-29 01:00:00,0.71634,0.71674,0.71624,0.71632,1840.0
2026-05-29 02:00:00,0.71636,0.71674,0.71572,0.71611,2953.0
2026-05-29 03:00:00,0.71608,0.71646,0.71524,0.71608,3671.0
2026-05-29 04:00:00,0.71608,0.71608,0.71493,0.71529,3133.0
2026-05-29 05:00:00,0.71531,0.71576,0.7151,0.71554,2912.0
2026-05-29 06:00:00,0.71555,0.71584,0.71526,0.71578,2224.0
2026-05-29 07:00:00,0.71578,0.717,0.71575,0.717,2508.0
2026-05-29 08:00:00,0.71699,0.71792,0.71676,0.71792,3503.0
2026-05-29 09:00:00,0.71792,0.71904,0.7178,0.71878,4554.0
2026-05-29 10:00:00,0.7188,0.7198,0.71758,0.71941,8542.0
2026-05-29 11:00:00,0.7194,0.72006,0.7189,0.719,7476.0
2026-05-29 12:00:00,0.71899,0.7192,0.7186,0.71886,4388.0
2026-05-29 13:00:00,0.7189,0.71896,0.71821,0.71821,2900.0
2026-05-29 14:00:00,0.71817,0.71872,0.71812,0.71826,3402.0
2026-05-29 15:00:00,0.71823,0.71892,0.7182,0.71872,2339.0
2026-05-29 16:00:00,0.71872,0.71874,0.71822,0.71842,2834.0
2026-05-31 17:00:00,0.71711,0.71826,0.71711,0.71774,544.0
2026-05-31 18:00:00,0.71776,0.7182,0.7172,0.7179,1614.0
2026-05-31 19:00:00,0.71791,0.7184,0.71785,0.71803,2135.0
2026-05-31 20:00:00,0.71802,0.71852,0.71782,0.71838,2960.0
2026-05-31 21:00:00,0.71839,0.71866,0.71825,0.71855,2087.0
2026-05-31 22:00:00,0.71855,0.71876,0.71827,0.71846,2165.0
2026-05-31 23:00:00,0.71848,0.71861,0.71758,0.71802,2364.0
2026-06-01 00:00:00,0.71803,0.71862,0.71803,0.71856,1128.0
2026-06-01 01:00:00,0.71859,0.71896,0.71843,0.71868,2044.0
2026-06-01 02:00:00,0.7187,0.71903,0.71776,0.7182,2780.0
2026-06-01 03:00:00,0.71818,0.71848,0.71768,0.71798,2995.0
2026-06-01 04:00:00,0.71799,0.71842,0.71791,0.71842,2270.0
2026-06-01 05:00:00,0.71844,0.71858,0.71768,0.7179,2619.0
2026-06-01 06:00:00,0.71794,0.71795,0.71744,0.71762,2326.0
2026-06-01 07:00:00,0.71764,0.71772,0.71719,0.7173,2050.0
2026-06-01 08:00:00,0.71731,0.71744,0.71677,0.717,3853.0
2026-06-01 09:00:00,0.71698,0.71704,0.71366,0.71381,11390.0
2026-06-01 10:00:00,0.71376,0.71448,0.71347,0.71414,7343.0
2026-06-01 11:00:00,0.71414,0.71606,0.71412,0.7152,5289.0
2026-06-01 12:00:00,0.71523,0.71624,0.71475,0.71604,4127.0
2026-06-01 13:00:00,0.71606,0.71718,0.71576,0.7167,4430.0
2026-06-01 14:00:00,0.71668,0.71671,0.71618,0.7162,1547.0
2026-06-01 15:00:00,0.71622,0.7164,0.71598,0.71618,1640.0
2026-06-01 16:00:00,0.71618,0.71634,0.71596,0.7161,915.0
2026-06-01 17:00:00,0.71662,0.71666,0.71607,0.71654,1336.0
2026-06-01 18:00:00,0.71662,0.71662,0.716,0.71616,664.0
2026-06-01 19:00:00,0.71614,0.71652,0.71605,0.71645,907.0
2026-06-01 20:00:00,0.71645,0.71658,0.71575,0.7159,3132.0
2026-06-01 21:00:00,0.71592,0.71677,0.71528,0.71545,4078.0
2026-06-01 22:00:00,0.71545,0.71616,0.71535,0.71584,2389.0
2026-06-01 23:00:00,0.71585,0.71602,0.71548,0.71599,2225.0
2026-06-02 00:00:00,0.71598,0.71628,0.71582,0.71624,1937.0
2026-06-02 01:00:00,0.71623,0.71664,0.71614,0.71614,2081.0
2026-06-02 02:00:00,0.71616,0.7179,0.71616,0.71777,3941.0
2026-06-02 03:00:00,0.71778,0.71834,0.71767,0.71816,3363.0
2026-06-02 04:00:00,0.71817,0.71868,0.71782,0.71798,2712.0
2026-06-02 05:00:00,0.71797,0.71832,0.71761,0.7183,2882.0
2026-06-02 06:00:00,0.71831,0.7185,0.71793,0.71832,1973.0
2026-06-02 07:00:00,0.71832,0.71844,0.71804,0.7181,2029.0
2026-06-02 08:00:00,0.71809,0.71824,0.7176,0.71773,2726.0
2026-06-02 09:00:00,0.71774,0.71796,0.71728,0.71754,4294.0
2026-06-02 10:00:00,0.71753,0.71851,0.71697,0.71851,4521.0
2026-06-02 11:00:00,0.71848,0.7188,0.71812,0.71847,3014.0
2026-06-02 12:00:00,0.7185,0.71872,0.71764,0.71792,2355.0
2026-06-02 13:00:00,0.71792,0.71805,0.71722,0.71728,2117.0
2026-06-02 14:00:00,0.71729,0.71794,0.71712,0.7179,1738.0
2026-06-02 15:00:00,0.71791,0.71821,0.71791,0.71819,1034.0
2026-06-02 16:00:00,0.71818,0.7183,0.71794,0.71794,771.0
2026-06-02 17:00:00,0.71802,0.71818,0.71772,0.71803,322.0
2026-06-02 18:00:00,0.71806,0.71809,0.71771,0.71774,632.0
2026-06-02 19:00:00,0.71774,0.71784,0.71716,0.71736,2277.0
2026-06-02 20:00:00,0.71732,0.7182,0.71724,0.71811,2338.0
2026-06-02 21:00:00,0.71812,0.71818,0.71704,0.71773,3442.0
2026-06-02 22:00:00,0.71774,0.71802,0.71697,0.7174,2067.0
2026-06-02 23:00:00,0.7174,0.7176,0.71698,0.7172,1607.0
2026-06-03 00:00:00,0.71717,0.71735,0.71674,0.71689,1325.0
2026-06-03 01:00:00,0.71691,0.71716,0.71622,0.71633,2077.0
2026-06-03 02:00:00,0.71632,0.71658,0.71526,0.71599,3955.0
2026-06-03 03:00:00,0.71598,0.71688,0.7157,0.71656,3803.0
2026-06-03 04:00:00,0.71658,0.71668,0.7158,0.71608,3658.0
2026-06-03 05:00:00,0.7161,0.71686,0.71608,0.71637,2494.0
2026-06-03 06:00:00,0.71635,0.71772,0.71626,0.71683,3756.0
2026-06-03 07:00:00,0.71684,0.71704,0.71654,0.71658,2051.0
2026-06-03 08:00:00,0.71658,0.71664,0.715,0.7153,3420.0
2026-06-03 09:00:00,0.71529,0.7155,0.71373,0.71404,5116.0
2026-06-03 10:00:00,0.714,0.71498,0.71399,0.71472,6079.0
2026-06-03 11:00:00,0.71472,0.71474,0.71362,0.71382,4248.0
2026-06-03 12:00:00,0.71384,0.71384,0.71302,0.71353,4181.0
2026-06-03 13:00:00,0.71354,0.71389,0.71297,0.71326,2421.0
2026-06-03 14:00:00,0.71326,0.71336,0.71294,0.71308,1600.0
2026-06-03 15:00:00,0.71307,0.71324,0.71294,0.713,1362.0
2026-06-03 16:00:00,0.71301,0.71308,0.7127,0.71278,1115.0
2026-06-03 17:00:00,0.71313,0.71324,0.71276,0.71296,909.0
2026-06-03 18:00:00,0.71292,0.71397,0.71268,0.7136,1840.0
2026-06-03 19:00:00,0.7136,0.71372,0.71276,0.71342,2002.0
2026-06-03 20:00:00,0.71341,0.71374,0.71297,0.71308,3852.0
2026-06-03 21:00:00,0.71308,0.71365,0.71254,0.71312,3580.0
2026-06-03 22:00:00,0.71314,0.71315,0.71232,0.71277,3391.0
2026-06-03 23:00:00,0.71276,0.71284,0.71226,0.7128,1920.0
2026-06-04 00:00:00,0.71281,0.71334,0.71264,0.71294,1699.0
2026-06-04 01:00:00,0.71294,0.71308,0.71236,0.71302,2461.0
2026-06-04 02:00:00,0.71302,0.71384,0.7129,0.71354,3743.0
2026-06-04 03:00:00,0.71358,0.71378,0.71266,0.71306,3988.0
2026-06-04 04:00:00,0.71306,0.71336,0.71272,0.7131,3630.0
2026-06-04 05:00:00,0.71311,0.71374,0.71296,0.71344,3580.0
2026-06-04 06:00:00,0.71342,0.7139,0.71326,0.71346,2768.0
2026-06-04 07:00:00,0.71346,0.71481,0.71346,0.7147,4141.0
2026-06-04 08:00:00,0.71468,0.71492,0.71391,0.71412,4140.0
2026-06-04 09:00:00,0.71412,0.7146,0.71398,0.7143,4735.0
2026-06-04 10:00:00,0.71431,0.71453,0.7135,0.71402,4305.0
2026-06-04 11:00:00,0.71401,0.71428,0.71364,0.71416,3264.0
2026-06-04 12:00:00,0.71418,0.71436,0.71398,0.714,2391.0
2026-06-04 13:00:00,0.71399,0.71412,0.71382,0.71391,1663.0
2026-06-04 14:00:00,0.71392,0.71408,0.71353,0.71362,1796.0
2026-06-04 15:00:00,0.71364,0.71374,0.71338,0.7136,1249.0
2026-06-04 16:00:00,0.7136,0.71362,0.71328,0.71332,635.0
2026-06-04 17:00:00,0.71363,0.71395,0.71332,0.71342,789.0
2026-06-04 18:00:00,0.71342,0.7135,0.7132,0.71336,577.0
2026-06-04 19:00:00,0.71337,0.71362,0.71293,0.71308,949.0
2026-06-04 20:00:00,0.71304,0.71304,0.71227,0.71233,3510.0
2026-06-04 21:00:00,0.71232,0.7124,0.71055,0.71192,5095.0
2026-06-04 22:00:00,0.71194,0.71284,0.71174,0.71257,2605.0
2026-06-04 23:00:00,0.71258,0.71284,0.71212,0.71223,2248.0
2026-06-05 00:00:00,0.71226,0.71303,0.71222,0.71276,1960.0
2026-06-05 01:00:00,0.7128,0.71288,0.71184,0.71196,2001.0
2026-06-05 02:00:00,0.71199,0.71265,0.71154,0.71254,2803.0
2026-06-05 03:00:00,0.71251,0.71357,0.71246,0.71304,3041.0
2026-06-05 04:00:00,0.71304,0.71378,0.71298,0.71309,2532.0
2026-06-05 05:00:00,0.71308,0.71407,0.713,0.71382,2917.0
2026-06-05 06:00:00,0.71382,0.71439,0.71379,0.71414,1805.0
2026-06-05 07:00:00,0.71414,0.71439,0.7138,0.71424,2412.0
2026-06-05 08:00:00,0.71422,0.71432,0.71026,0.71028,7414.0
2026-06-05 09:00:00,0.71027,0.7111,0.70818,0.70818,10009.0
2026-06-05 10:00:00,0.70816,0.70872,0.70664,0.70812,8638.0
2026-06-05 11:00:00,0.70812,0.70822,0.70582,0.70586,5563.0
2026-06-05 12:00:00,0.70585,0.70606,0.70496,0.70606,5725.0
2026-06-05 13:00:00,0.70606,0.7061,0.70509,0.70548,5177.0
2026-06-05 14:00:00,0.70551,0.70554,0.70427,0.70434,5170.0
2026-06-05 15:00:00,0.70433,0.70475,0.70392,0.70453,4264.0
2026-06-05 16:00:00,0.70452,0.70458,0.70376,0.70452,4651.0
2026-06-07 17:00:00,0.70276,0.70319,0.70244,0.70296,891.0
2026-06-07 18:00:00,0.7029,0.70396,0.70276,0.70318,2943.0
2026-06-07 19:00:00,0.70317,0.70435,0.70317,0.70426,2652.0
2026-06-07 20:00:00,0.70426,0.70592,0.70414,0.70585,3682.0
2026-06-07 21:00:00,0.70586,0.70623,0.70353,0.70505,9646.0
2026-06-07 22:00:00,0.70506,0.70536,0.70422,0.7051,5481.0
2026-06-07 23:00:00,0.70511,0.70527,0.70448,0.70502,3098.0
2026-06-08 00:00:00,0.70503,0.70546,0.70436,0.7045,3821.0
2026-06-08 01:00:00,0.70452,0.70534,0.70348,0.70372,6450.0
2026-06-08 02:00:00,0.70372,0.70464,0.70368,0.70428,6829.0
2026-06-08 03:00:00,0.7043,0.70596,0.70418,0.70483,6341.0
2026-06-08 04:00:00,0.7048,0.70545,0.70441,0.7048,5659.0
2026-06-08 05:00:00,0.70479,0.70535,0.70384,0.70523,6103.0
2026-06-08 06:00:00,0.70524,0.70646,0.70486,0.70582,5101.0
2026-06-08 07:00:00,0.70582,0.70784,0.70568,0.707,5644.0
2026-06-08 08:00:00,0.70696,0.70764,0.70663,0.70704,5521.0
2026-06-08 09:00:00,0.70705,0.70748,0.70564,0.70572,9550.0
2026-06-08 10:00:00,0.70572,0.70616,0.70458,0.70587,9155.0
2026-06-08 11:00:00,0.70586,0.70627,0.70504,0.70538,6425.0
2026-06-08 12:00:00,0.70538,0.70563,0.7051,0.70511,6085.0
2026-06-08 13:00:00,0.7051,0.70515,0.70454,0.7049,5905.0
2026-06-08 14:00:00,0.70492,0.70544,0.7044,0.70452,4200.0
2026-06-08 15:00:00,0.70452,0.70473,0.70424,0.70454,4410.0
2026-06-08 16:00:00,0.70453,0.70468,0.7044,0.7045,1527.0
2026-06-08 17:00:00,0.70435,0.70468,0.70432,0.70466,796.0
2026-06-08 18:00:00,0.70474,0.70474,0.70416,0.7045,1125.0
2026-06-08 19:00:00,0.70452,0.70455,0.70374,0.70391,1500.0
2026-06-08 20:00:00,0.70389,0.70436,0.70344,0.70432,5513.0
2026-06-08 21:00:00,0.70435,0.70582,0.70426,0.70578,5557.0
2026-06-08 22:00:00,0.70579,0.70594,0.70466,0.70486,4119.0
2026-06-08 23:00:00,0.70486,0.70498,0.7041,0.70454,3918.0
2026-06-09 00:00:00,0.70456,0.70578,0.7043,0.70558,2679.0
2026-06-09 01:00:00,0.70557,0.70602,0.70514,0.70572,4452.0
2026-06-09 02:00:00,0.7057,0.70706,0.70562,0.70594,5247.0
2026-06-09 03:00:00,0.70595,0.70614,0.70505,0.70512,4925.0
2026-06-09 04:00:00,0.70512,0.7056,0.70466,0.70522,5070.0
2026-06-09 05:00:00,0.70524,0.70566,0.70498,0.70503,3576.0
2026-06-09 06:00:00,0.705,0.70592,0.70465,0.70568,3649.0
2026-06-09 07:00:00,0.70566,0.70617,0.70558,0.70605,2671.0
2026-06-09 08:00:00,0.70608,0.70627,0.70579,0.70602,2783.0
2026-06-09 09:00:00,0.70606,0.70628,0.70456,0.705,6320.0
2026-06-09 10:00:00,0.705,0.70577,0.70322,0.70414,12870.0
2026-06-09 11:00:00,0.70413,0.70463,0.70219,0.70272,12875.0
2026-06-09 12:00:00,0.70271,0.70312,0.70052,0.70162,15849.0
2026-06-09 13:00:00,0.70164,0.70322,0.70158,0.7029,10951.0
2026-06-09 14:00:00,0.70294,0.70358,0.70274,0.70328,7645.0
2026-06-09 15:00:00,0.70328,0.70332,0.7023,0.70274,6323.0
2026-06-09 16:00:00,0.70276,0.70298,0.7026,0.70277,2110.0
2026-06-09 17:00:00,0.70304,0.70308,0.70188,0.70245,925.0
2026-06-09 18:00:00,0.7025,0.70258,0.7018,0.70192,1723.0
2026-06-09 19:00:00,0.70192,0.70246,0.70156,0.70243,2398.0
2026-06-09 20:00:00,0.70241,0.70325,0.7017,0.70289,6662.0
2026-06-09 21:00:00,0.70289,0.70312,0.70236,0.70264,7555.0
2026-06-09 22:00:00,0.70264,0.70294,0.70204,0.70214,5254.0
2026-06-09 23:00:00,0.70213,0.70282,0.7021,0.70268,3724.0
2026-06-10 00:00:00,0.7027,0.70273,0.70154,0.70178,3781.0
2026-06-10 01:00:00,0.70178,0.70204,0.7009,0.70191,5286.0
2026-06-10 02:00:00,0.70193,0.70255,0.7017,0.70172,4816.0
2026-06-10 03:00:00,0.70172,0.70224,0.70155,0.7018,5343.0
2026-06-10 04:00:00,0.7018,0.70181,0.70096,0.701,6117.0
2026-06-10 05:00:00,0.70097,0.70118,0.70044,0.70105,4858.0
2026-06-10 06:00:00,0.70104,0.70128,0.7007,0.70113,4122.0
2026-06-10 07:00:00,0.70117,0.70117,0.6998,0.70006,9246.0
2026-06-10 08:00:00,0.70004,0.70268,0.69998,0.70118,11587.0
2026-06-10 09:00:00,0.70119,0.70375,0.70118,0.70297,11282.0
2026-06-10 10:00:00,0.703,0.70338,0.70188,0.70214,12267.0
2026-06-10 11:00:00,0.70216,0.70267,0.70064,0.70209,14548.0
2026-06-10 12:00:00,0.7021,0.7027,0.70166,0.7018,9586.0
2026-06-10 13:00:00,0.7018,0.70228,0.70088,0.70172,9059.0
2026-06-10 14:00:00,0.70172,0.70226,0.70074,0.70102,7232.0
2026-06-10 15:00:00,0.70102,0.7011,0.69995,0.69996,6724.0
2026-06-10 16:00:00,0.69996,0.70004,0.69948,0.69971,2826.0
2026-06-10 17:00:00,0.69984,0.70024,0.69958,0.69962,476.0
2026-06-10 18:00:00,0.6996,0.69972,0.69903,0.69914,2549.0
2026-06-10 19:00:00,0.69913,0.69999,0.69875,0.6994,5113.0
2026-06-10 20:00:00,0.6994,0.70023,0.6991,0.69978,8207.0
2026-06-10 21:00:00,0.69978,0.70103,0.69978,0.70074,6413.0
2026-06-10 22:00:00,0.70074,0.70076,0.7,0.70031,5341.0
2026-06-10 23:00:00,0.7003,0.70042,0.69981,0.7002,4138.0
2026-06-11 00:00:00,0.70021,0.70102,0.70002,0.70087,3282.0
2026-06-11 01:00:00,0.70088,0.70121,0.70062,0.70072,3836.0
2026-06-11 02:00:00,0.70069,0.70079,0.70017,0.70022,4035.0
2026-06-11 03:00:00,0.70021,0.7009,0.69992,0.70012,4044.0
2026-06-11 04:00:00,0.7001,0.70022,0.69908,0.69932,4022.0
2026-06-11 05:00:00,0.6993,0.70006,0.6992,0.69964,3007.0
2026-06-11 06:00:00,0.69966,0.69984,0.69925,0.69954,2891.0
2026-06-11 07:00:00,0.69952,0.69993,0.69932,0.69972,4103.0
2026-06-11 08:00:00,0.69974,0.69989,0.69789,0.69884,10710.0
2026-06-11 09:00:00,0.69886,0.69956,0.69796,0.699,10105.0
2026-06-11 10:00:00,0.69902,0.69916,0.69798,0.69856,10533.0
2026-06-11 11:00:00,0.69855,0.69989,0.69844,0.69938,10116.0
2026-06-11 12:00:00,0.69938,0.69965,0.69884,0.69884,7760.0
2026-06-11 13:00:00,0.69884,0.70334,0.69849,0.70264,20246.0
2026-06-11 14:00:00,0.70268,0.70374,0.70161,0.7029,14989.0
2026-06-11 15:00:00,0.70292,0.7055,0.70292,0.70482,10106.0
2026-06-11 16:00:00,0.70479,0.70532,0.7045,0.7052,5463.0
2026-06-11 17:00:00,0.70478,0.70522,0.70445,0.70488,706.0
2026-06-11 18:00:00,0.70488,0.70538,0.70456,0.70518,1935.0
2026-06-11 19:00:00,0.70518,0.70528,0.70438,0.70476,2440.0
2026-06-11 20:00:00,0.70475,0.70484,0.70406,0.70447,5765.0
2026-06-11 21:00:00,0.70446,0.70449,0.70297,0.70348,6431.0
2026-06-11 22:00:00,0.70348,0.70404,0.70288,0.70358,3833.0
2026-06-11 23:00:00,0.70357,0.70431,0.70334,0.70394,4600.0
2026-06-12 00:00:00,0.70396,0.70455,0.70368,0.70409,2716.0
2026-06-12 01:00:00,0.70408,0.70422,0.70256,0.70279,5158.0
2026-06-12 02:00:00,0.70278,0.704,0.70278,0.70328,5771.0
2026-06-12 03:00:00,0.7033,0.70336,0.70212,0.70319,6051.0
2026-06-12 04:00:00,0.70322,0.70492,0.70299,0.70408,8856.0
2026-06-12 05:00:00,0.70409,0.70535,0.70388,0.70455,6569.0
2026-06-12 06:00:00,0.70452,0.70504,0.70344,0.7043,5943.0
2026-06-12 07:00:00,0.70431,0.70445,0.70372,0.70392,4357.0
2026-06-12 08:00:00,0.70392,0.70392,0.70322,0.70352,5422.0
2026-06-12 09:00:00,0.70352,0.7048,0.70317,0.70372,10445.0
2026-06-12 10:00:00,0.70374,0.70518,0.7036,0.70516,11133.0
2026-06-12 11:00:00,0.7052,0.70599,0.70458,0.7046,9214.0
2026-06-12 12:00:00,0.7046,0.70535,0.70432,0.70492,9149.0
2026-06-12 13:00:00,0.70492,0.70538,0.70473,0.70484,5208.0
2026-06-12 14:00:00,0.70485,0.70522,0.70456,0.70482,4116.0
2026-06-12 15:00:00,0.7048,0.70511,0.70454,0.70505,3457.0
2026-06-12 16:00:00,0.705,0.70514,0.70422,0.70452,2192.0
2026-06-14 17:00:00,0.70436,0.70847,0.70422,0.70845,1106.0
2026-06-14 18:00:00,0.70846,0.70883,0.70742,0.70766,4919.0
2026-06-14 19:00:00,0.70766,0.708,0.7071,0.70748,2480.0
2026-06-14 20:00:00,0.70748,0.70868,0.70673,0.70678,4384.0
2026-06-14 21:00:00,0.70678,0.70758,0.70654,0.70732,3696.0
2026-06-14 22:00:00,0.70734,0.70794,0.7071,0.70764,2267.0
2026-06-14 23:00:00,0.70764,0.70846,0.7076,0.70816,2161.0
2026-06-15 00:00:00,0.70816,0.70822,0.7078,0.70814,1669.0
2026-06-15 01:00:00,0.70816,0.70874,0.70804,0.7081,2952.0
2026-06-15 02:00:00,0.70809,0.70826,0.70702,0.7075,3535.0
2026-06-15 03:00:00,0.70752,0.70756,0.70658,0.7072,3791.0
2026-06-15 04:00:00,0.7072,0.70764,0.70676,0.70711,2682.0
2026-06-15 05:00:00,0.7071,0.70768,0.70698,0.70708,2565.0
2026-06-15 06:00:00,0.70708,0.7076,0.70684,0.70723,1841.0
2026-06-15 07:00:00,0.70723,0.70748,0.70694,0.70711,2545.0
2026-06-15 08:00:00,0.7071,0.70738,0.70644,0.70722,2923.0
2026-06-15 09:00:00,0.70722,0.70763,0.70695,0.70738,3548.0
2026-06-15 10:00:00,0.70738,0.70884,0.70705,0.70862,4933.0
2026-06-15 11:00:00,0.70862,0.70882,0.70788,0.70803,3405.0
2026-06-15 12:00:00,0.70805,0.70834,0.70782,0.70806,1803.0
2026-06-15 13:00:00,0.70806,0.70809,0.70758,0.70776,1671.0
2026-06-15 14:00:00,0.70776,0.70781,0.70728,0.70745,2066.0
2026-06-15 15:00:00,0.70746,0.70758,0.707,0.70707,2091.0
2026-06-15 16:00:00,0.70707,0.70718,0.70692,0.70706,889.0
2026-06-15 17:00:00,0.7073,0.70733,0.70714,0.70719,365.0
2026-06-15 18:00:00,0.70719,0.70727,0.70672,0.70694,627.0
2026-06-15 19:00:00,0.70696,0.7075,0.70694,0.70718,1011.0
2026-06-15 20:00:00,0.70716,0.70726,0.70668,0.70712,2491.0
2026-06-15 21:00:00,0.70713,0.70736,0.70615,0.70623,2872.0
2026-06-15 22:00:00,0.70624,0.7063,0.70559,0.70628,1956.0
2026-06-15 23:00:00,0.70632,0.70647,0.70592,0.70618,1574.0
2026-06-16 00:00:00,0.70618,0.70619,0.70454,0.70506,2742.0
2026-06-16 01:00:00,0.70508,0.70553,0.70421,0.70484,2596.0
2026-06-16 02:00:00,0.70486,0.70558,0.70475,0.70554,3242.0
2026-06-16 03:00:00,0.70552,0.70614,0.70532,0.70614,3196.0
2026-06-16 04:00:00,0.70614,0.70694,0.70578,0.70682,2714.0
2026-06-16 05:00:00,0.7068,0.70692,0.70654,0.70678,2355.0
2026-06-16 06:00:00,0.70677,0.70788,0.70674,0.70778,2050.0
2026-06-16 07:00:00,0.70774,0.70778,0.70673,0.70688,2231.0
2026-06-16 08:00:00,0.70685,0.70706,0.70632,0.70693,2709.0
2026-06-16 09:00:00,0.70693,0.70768,0.70666,0.70728,3636.0
2026-06-16 10:00:00,0.70728,0.70782,0.70656,0.7078,4896.0
2026-06-16 11:00:00,0.70781,0.70796,0.70685,0.70763,4697.0
2026-06-16 12:00:00,0.70764,0.70798,0.7073,0.70736,3498.0
2026-06-16 13:00:00,0.70737,0.70744,0.7069,0.70718,2469.0
2026-06-16 14:00:00,0.70718,0.7074,0.70706,0.70724,1867.0
2026-06-16 15:00:00,0.70724,0.7074,0.70656,0.70664,2140.0
2026-06-16 16:00:00,0.70663,0.70672,0.70652,0.70671,692.0
2026-06-16 17:00:00,0.7068,0.707,0.70652,0.7068,608.0
2026-06-16 18:00:00,0.70682,0.70705,0.70665,0.7069,713.0
2026-06-16 19:00:00,0.70691,0.70705,0.70652,0.70654,895.0
2026-06-16 20:00:00,0.70652,0.70703,0.70639,0.7069,2936.0
2026-06-16 21:00:00,0.7069,0.70724,0.70654,0.70677,2019.0
2026-06-16 22:00:00,0.70678,0.70698,0.70623,0.70627,1325.0
2026-06-16 23:00:00,0.70627,0.70636,0.70598,0.70612,1374.0
2026-06-17 00:00:00,0.70612,0.70647,0.70608,0.70612,1213.0
2026-06-17 01:00:00,0.70611,0.70633,0.70572,0.7059,1562.0
2026-06-17 02:00:00,0.70592,0.70603,0.70544,0.7058,2613.0
2026-06-17 03:00:00,0.70583,0.70648,0.70568,0.70648,2275.0
2026-06-17 04:00:00,0.70648,0.70648,0.70567,0.70614,3058.0
2026-06-17 05:00:00,0.70612,0.70647,0.70604,0.7062,1989.0
2026-06-17 06:00:00,0.7062,0.70622,0.70568,0.70596,2080.0
2026-06-17 07:00:00,0.70594,0.70612,0.70568,0.70597,2211.0
2026-06-17 08:00:00,0.706,0.70654,0.70592,0.70648,2123.0
2026-06-17 09:00:00,0.70648,0.70732,0.70646,0.70688,3243.0
2026-06-17 10:00:00,0.70686,0.70736,0.7061,0.70669,5700.0
2026-06-17 11:00:00,0.7067,0.70733,0.70648,0.70709,3780.0
2026-06-17 12:00:00,0.7071,0.70732,0.70672,0.70722,2671.0
2026-06-17 13:00:00,0.70722,0.70754,0.70696,0.70748,2425.0
2026-06-17 14:00:00,0.70749,0.70749,0.70318,0.70418,27674.0
2026-06-17 15:00:00,0.70416,0.70452,0.69951,0.70074,20228.0
2026-06-17 16:00:00,0.70074,0.70156,0.70062,0.70136,3448.0
2026-06-17 17:00:00,0.70155,0.70177,0.70126,0.70154,546.0
2026-06-17 18:00:00,0.70157,0.70181,0.70131,0.70144,1059.0
2026-06-17 19:00:00,0.70148,0.702,0.70148,0.70183,1331.0
2026-06-17 20:00:00,0.70182,0.70321,0.70182,0.70228,4017.0
2026-06-17 21:00:00,0.7023,0.70353,0.70225,0.70318,3274.0
2026-06-17 22:00:00,0.70322,0.70402,0.70308,0.7036,2338.0
2026-06-17 23:00:00,0.7036,0.7041,0.7036,0.704,2145.0
2026-06-18 00:00:00,0.704,0.70416,0.70332,0.70342,2168.0
2026-06-18 01:00:00,0.70343,0.70377,0.70288,0.70296,2474.0
2026-06-18 02:00:00,0.70296,0.70404,0.70284,0.70382,3988.0
2026-06-18 03:00:00,0.70379,0.70389,0.7027,0.70336,3794.0
2026-06-18 04:00:00,0.70338,0.70338,0.70104,0.70119,4013.0
2026-06-18 05:00:00,0.7012,0.70192,0.70076,0.70156,3984.0
2026-06-18 06:00:00,0.70154,0.70155,0.70048,0.70054,4071.0
2026-06-18 07:00:00,0.70055,0.70083,0.7001,0.70029,4490.0
2026-06-18 08:00:00,0.70029,0.70204,0.70016,0.70182,5505.0
2026-06-18 09:00:00,0.7018,0.70306,0.70132,0.70258,7202.0
2026-06-18 10:00:00,0.70258,0.70377,0.70181,0.70356,7505.0
2026-06-18 11:00:00,0.70358,0.7036,0.70184,0.70185,5708.0
2026-06-18 12:00:00,0.70185,0.70211,0.70154,0.70192,4207.0
2026-06-18 13:00:00,0.70192,0.70252,0.70177,0.70178,2232.0
2026-06-18 14:00:00,0.70178,0.70196,0.70142,0.70142,2405.0
2026-06-18 15:00:00,0.70142,0.70186,0.70076,0.70132,3449.0
2026-06-18 16:00:00,0.7013,0.7019,0.70122,0.7014,1232.0
2026-06-18 17:00:00,0.702,0.70233,0.70132,0.70149,864.0
2026-06-18 18:00:00,0.70148,0.70176,0.70145,0.70174,900.0
2026-06-18 19:00:00,0.70174,0.70178,0.70124,0.70126,949.0
2026-06-18 20:00:00,0.70126,0.70167,0.70108,0.70122,2823.0
2026-06-18 21:00:00,0.70122,0.70134,0.70042,0.70048,2370.0
2026-06-18 22:00:00,0.70048,0.70128,0.70046,0.70109,1820.0
2026-06-18 23:00:00,0.7011,0.70124,0.69964,0.69977,2462.0
2026-06-19 00:00:00,0.69978,0.69994,0.6991,0.69928,2250.0
2026-06-19 01:00:00,0.69928,0.70069,0.69895,0.70043,3056.0
2026-06-19 02:00:00,0.70044,0.70134,0.7004,0.70114,3225.0
2026-06-19 03:00:00,0.70114,0.7016,0.70064,0.70092,3322.0
2026-06-19 04:00:00,0.70091,0.70198,0.7009,0.70191,3066.0
2026-06-19 05:00:00,0.70192,0.70203,0.70156,0.70162,2336.0
2026-06-19 06:00:00,0.70162,0.70176,0.7011,0.70134,2122.0
2026-06-19 07:00:00,0.70134,0.70156,0.70102,0.70116,2206.0
2026-06-19 08:00:00,0.70116,0.70244,0.70101,0.70216,3825.0
2026-06-19 09:00:00,0.70218,0.70222,0.70088,0.70096,3490.0
2026-06-19 10:00:00,0.70096,0.7013,0.70076,0.7013,2503.0
2026-06-19 11:00:00,0.70132,0.70142,0.7008,0.70089,2018.0
2026-06-19 12:00:00,0.70084,0.70112,0.70077,0.70084,803.0
2026-06-19 13:00:00,0.70088,0.7013,0.70084,0.70119,2023.0
2026-06-19 14:00:00,0.70119,0.7014,0.70111,0.70126,965.0
2026-06-19 15:00:00,0.70129,0.70168,0.70102,0.7011,15628.0
2026-06-19 16:00:00,0.7011,0.70144,0.70074,0.70138,16573.0
2026-06-21 17:00:00,0.7011,0.70156,0.70039,0.70092,704.0
2026-06-21 18:00:00,0.70094,0.701,0.7004,0.70049,1882.0
2026-06-21 19:00:00,0.7005,0.7007,0.69991,0.70024,1435.0
2026-06-21 20:00:00,0.70026,0.70126,0.7002,0.70124,2913.0
2026-06-21 21:00:00,0.70126,0.70194,0.70098,0.70099,5006.0
2026-06-21 22:00:00,0.70098,0.70106,0.70026,0.70089,2766.0
2026-06-21 23:00:00,0.7009,0.70125,0.70023,0.70046,2217.0
2026-06-22 00:00:00,0.70046,0.7006,0.70001,0.70046,2135.0
2026-06-22 01:00:00,0.70045,0.7011,0.70012,0.70022,2572.0
2026-06-22 02:00:00,0.70022,0.70072,0.6998,0.70042,3961.0
2026-06-22 03:00:00,0.70044,0.70055,0.69976,0.69986,3014.0
2026-06-22 04:00:00,0.69986,0.7,0.6994,0.69956,3694.0
2026-06-22 05:00:00,0.6996,0.70032,0.69956,0.69983,3314.0
2026-06-22 06:00:00,0.69986,0.70058,0.6998,0.70009,2721.0
2026-06-22 07:00:00,0.70008,0.70081,0.69996,0.70018,3175.0
2026-06-22 08:00:00,0.70022,0.70122,0.70016,0.7007,3555.0
2026-06-22 09:00:00,0.70072,0.7013,0.70022,0.70031,6555.0
2026-06-22 10:00:00,0.7003,0.70108,0.70003,0.70095,8068.0
2026-06-22 11:00:00,0.70094,0.70138,0.69986,0.69994,5378.0
2026-06-22 12:00:00,0.69995,0.70039,0.69966,0.70025,3724.0
2026-06-22 13:00:00,0.70026,0.70039,0.69998,0.7002,2388.0
2026-06-22 14:00:00,0.70019,0.7003,0.70002,0.7001,1946.0
2026-06-22 15:00:00,0.70011,0.70018,0.69952,0.69998,1989.0
2026-06-22 16:00:00,0.69998,0.70017,0.69992,0.70008,805.0
2026-06-22 17:00:00,0.7004,0.70053,0.70013,0.7002,583.0
2026-06-22 18:00:00,0.7002,0.70023,0.69974,0.69984,565.0
2026-06-22 19:00:00,0.69984,0.69998,0.69937,0.69943,705.0
2026-06-22 20:00:00,0.69944,0.69944,0.69828,0.69887,2956.0
2026-06-22 21:00:00,0.69892,0.69904,0.69792,0.69832,3619.0
2026-06-22 22:00:00,0.69829,0.69868,0.69744,0.69752,3303.0
2026-06-22 23:00:00,0.6975,0.69772,0.6968,0.6977,2614.0
2026-06-23 00:00:00,0.69772,0.69784,0.69654,0.6967,2009.0
2026-06-23 01:00:00,0.69672,0.69688,0.69621,0.69636,3569.0
2026-06-23 02:00:00,0.69636,0.69659,0.69497,0.69541,4573.0
2026-06-23 03:00:00,0.69542,0.69626,0.69443,0.69475,4882.0
2026-06-23 04:00:00,0.69476,0.69516,0.69422,0.69466,4452.0
2026-06-23 05:00:00,0.69467,0.69573,0.6946,0.6957,3038.0
2026-06-23 06:00:00,0.6957,0.696,0.69442,0.69449,2809.0
2026-06-23 07:00:00,0.69448,0.69497,0.6932,0.69322,2897.0
2026-06-23 08:00:00,0.69321,0.69381,0.69316,0.69366,3386.0
2026-06-23 09:00:00,0.69367,0.69418,0.69307,0.69374,5593.0
2026-06-23 10:00:00,0.69374,0.69383,0.69278,0.69306,4722.0
2026-06-23 11:00:00,0.69306,0.69322,0.69212,0.69245,4419.0
2026-06-23 12:00:00,0.69248,0.69259,0.69168,0.69178,3781.0
2026-06-23 13:00:00,0.69177,0.6919,0.69128,0.69134,1887.0
2026-06-23 14:00:00,0.69134,0.69148,0.6907,0.69106,2340.0
2026-06-23 15:00:00,0.69109,0.69174,0.691,0.69132,2959.0
2026-06-23 16:00:00,0.69132,0.69166,0.69116,0.69164,841.0
2026-06-23 17:00:00,0.69177,0.6919,0.69158,0.69177,490.0
2026-06-23 18:00:00,0.69178,0.69182,0.69144,0.69145,733.0
2026-06-23 19:00:00,0.69141,0.69161,0.69105,0.69154,1457.0
2026-06-23 20:00:00,0.69154,0.69221,0.69141,0.6919,4014.0
2026-06-23 21:00:00,0.69191,0.69236,0.69104,0.69172,5057.0
2026-06-23 22:00:00,0.69172,0.69196,0.69032,0.69035,3077.0
2026-06-23 23:00:00,0.69036,0.69098,0.69016,0.69064,2889.0
2026-06-24 00:00:00,0.69068,0.69117,0.69027,0.691,1909.0
2026-06-24 01:00:00,0.69099,0.69164,0.69096,0.69114,2490.0
2026-06-24 02:00:00,0.69115,0.69186,0.69046,0.69064,3434.0
2026-06-24 03:00:00,0.69066,0.69078,0.68992,0.68994,3011.0
2026-06-24 04:00:00,0.68994,0.6901,0.68922,0.68975,3729.0
2026-06-24 05:00:00,0.68974,0.68979,0.68885,0.6889,3375.0
2026-06-24 06:00:00,0.68893,0.68916,0.68843,0.68898,3083.0
2026-06-24 07:00:00,0.689,0.69006,0.68872,0.68962,3167.0
2026-06-24 08:00:00,0.68962,0.69014,0.68874,0.68906,4566.0
2026-06-24 09:00:00,0.68904,0.69006,0.68884,0.68992,7069.0
2026-06-24 10:00:00,0.68992,0.6901,0.68862,0.68932,6676.0
2026-06-24 11:00:00,0.68933,0.6901,0.68914,0.68942,4570.0
2026-06-24 12:00:00,0.68939,0.69064,0.68932,0.69018,4051.0
2026-06-24 13:00:00,0.69018,0.69026,0.68844,0.68845,4570.0
2026-06-24 14:00:00,0.68846,0.6893,0.68825,0.68858,4837.0
2026-06-24 15:00:00,0.68862,0.68935,0.68836,0.68925,3596.0
2026-06-24 16:00:00,0.68926,0.69014,0.6891,0.69004,2066.0
2026-06-24 17:00:00,0.68941,0.6902,0.68933,0.69004,948.0
2026-06-24 18:00:00,0.69005,0.6901,0.68958,0.68962,842.0
2026-06-24 19:00:00,0.68962,0.69004,0.68954,0.68986,1000.0
2026-06-24 20:00:00,0.6899,0.68994,0.68898,0.68941,3559.0
2026-06-24 21:00:00,0.68941,0.6908,0.68906,0.68928,4894.0
2026-06-24 22:00:00,0.68932,0.68969,0.68878,0.68942,3465.0
2026-06-24 23:00:00,0.68943,0.68982,0.6892,0.68972,2363.0
2026-06-25 00:00:00,0.68974,0.69026,0.68966,0.6902,1691.0
2026-06-25 01:00:00,0.69018,0.69037,0.68914,0.68918,2415.0
2026-06-25 02:00:00,0.68915,0.68962,0.68869,0.689,3428.0
2026-06-25 03:00:00,0.68901,0.69,0.68877,0.69,3255.0
2026-06-25 04:00:00,0.69003,0.69072,0.68992,0.69018,3007.0
2026-06-25 05:00:00,0.69018,0.69054,0.68982,0.69001,2215.0
2026-06-25 06:00:00,0.69001,0.69004,0.68911,0.68926,1861.0
2026-06-25 07:00:00,0.6893,0.6894,0.68882,0.68904,2383.0
2026-06-25 08:00:00,0.68904,0.69145,0.68886,0.69054,6234.0
2026-06-25 09:00:00,0.69054,0.69112,0.68912,0.68926,7917.0
2026-06-25 10:00:00,0.68928,0.69111,0.68928,0.69062,10280.0
2026-06-25 11:00:00,0.69062,0.6921,0.69062,0.69209,7153.0
2026-06-25 12:00:00,0.6921,0.69276,0.69152,0.69167,4796.0
2026-06-25 13:00:00,0.69166,0.692,0.69151,0.69182,3386.0
2026-06-25 14:00:00,0.69182,0.69203,0.6912,0.6915,4638.0
2026-06-25 15:00:00,0.69152,0.69162,0.69074,0.69118,3011.0
2026-06-25 16:00:00,0.69118,0.69146,0.69098,0.69105,1258.0
2026-06-25 17:00:00,0.69118,0.69152,0.69074,0.69086,876.0
2026-06-25 18:00:00,0.69086,0.69102,0.69064,0.69082,870.0
2026-06-25 19:00:00,0.69081,0.69088,0.68989,0.69002,1574.0
2026-06-25 20:00:00,0.69003,0.69023,0.68961,0.68984,3616.0
2026-06-25 21:00:00,0.68986,0.69022,0.68872,0.68904,3907.0
2026-06-25 22:00:00,0.68907,0.68922,0.68754,0.68806,3710.0
2026-06-25 23:00:00,0.68806,0.68921,0.68771,0.6892,3240.0
2026-06-26 00:00:00,0.68922,0.68943,0.6885,0.68862,2942.0
2026-06-26 01:00:00,0.68861,0.68966,0.68851,0.68938,2786.0
2026-06-26 02:00:00,0.68937,0.68998,0.68874,0.68974,3013.0
2026-06-26 03:00:00,0.68972,0.68976,0.68892,0.68914,3178.0
2026-06-26 04:00:00,0.68915,0.69002,0.68863,0.68956,3848.0
2026-06-26 05:00:00,0.68955,0.69068,0.68928,0.69013,2983.0
2026-06-26 06:00:00,0.69016,0.6904,0.68982,0.69032,2823.0
2026-06-26 07:00:00,0.69036,0.69056,0.68974,0.69,2915.0
2026-06-26 08:00:00,0.68996,0.69056,0.6896,0.69032,3651.0
2026-06-26 09:00:00,0.69032,0.6912,0.68958,0.69105,8217.0
2026-06-26 10:00:00,0.69107,0.69172,0.68998,0.68998,6415.0
2026-06-26 11:00:00,0.68998,0.69099,0.68984,0.69056,4551.0
2026-06-26 12:00:00,0.69057,0.69066,0.68968,0.69008,3780.0
2026-06-26 13:00:00,0.69008,0.69024,0.68972,0.68977,2415.0
2026-06-26 14:00:00,0.68978,0.69008,0.6894,0.68942,1904.0
2026-06-26 15:00:00,0.6894,0.69002,0.68936,0.6897,1485.0
2026-06-26 16:00:00,0.68974,0.68996,0.68913,0.68947,3116.0
2026-06-28 17:00:00,0.68921,0.68952,0.68884,0.689,1305.0
2026-06-28 18:00:00,0.68899,0.68978,0.68899,0.68946,849.0
2026-06-28 19:00:00,0.68945,0.68977,0.68935,0.6896,1067.0
2026-06-28 20:00:00,0.68956,0.68966,0.68832,0.68857,4537.0
2026-06-28 21:00:00,0.68858,0.68919,0.6881,0.68849,4835.0
2026-06-28 22:00:00,0.68849,0.68957,0.68838,0.68904,3474.0
2026-06-28 23:00:00,0.68908,0.68954,0.68886,0.68886,2332.0
2026-06-29 00:00:00,0.68886,0.68913,0.68877,0.68892,1836.0
2026-06-29 01:00:00,0.68889,0.6897,0.68877,0.68957,2433.0
2026-06-29 02:00:00,0.68958,0.69044,0.68934,0.69026,2830.0
2026-06-29 03:00:00,0.69026,0.69043,0.68949,0.68951,2972.0
2026-06-29 04:00:00,0.68952,0.6897,0.68894,0.68914,2788.0
2026-06-29 05:00:00,0.68915,0.68992,0.6891,0.68988,2471.0
2026-06-29 06:00:00,0.68989,0.69015,0.68968,0.69,1798.0
2026-06-29 07:00:00,0.69001,0.69023,0.6897,0.6901,2936.0
2026-06-29 08:00:00,0.69008,0.69018,0.68938,0.68967,2756.0
2026-06-29 09:00:00,0.6897,0.68976,0.6888,0.68886,4090.0
2026-06-29 10:00:00,0.68887,0.68906,0.68774,0.68804,7188.0
2026-06-29 11:00:00,0.68807,0.68849,0.68788,0.68842,4101.0
2026-06-29 12:00:00,0.68844,0.68908,0.68838,0.68866,2835.0
2026-06-29 13:00:00,0.68867,0.68892,0.68856,0.68882,2155.0
2026-06-29 14:00:00,0.68882,0.68924,0.68882,0.68903,1895.0
2026-06-29 15:00:00,0.68902,0.68914,0.6888,0.68902,1225.0
2026-06-29 16:00:00,0.68903,0.68909,0.68866,0.68869,508.0
2026-06-29 17:00:00,0.6889,0.68912,0.68856,0.68897,1107.0
2026-06-29 18:00:00,0.68899,0.68899,0.68872,0.68876,694.0
2026-06-29 19:00:00,0.68879,0.68895,0.68816,0.68824,784.0
2026-06-29 20:00:00,0.68821,0.68821,0.68674,0.68732,2775.0
2026-06-29 21:00:00,0.68733,0.68836,0.68662,0.68704,4497.0
2026-06-29 22:00:00,0.68704,0.68734,0.68654,0.68686,2360.0
2026-06-29 23:00:00,0.68686,0.68726,0.68674,0.68688,1947.0
2026-06-30 00:00:00,0.68688,0.68739,0.68687,0.68689,1658.0
2026-06-30 01:00:00,0.68688,0.6876,0.6868,0.68688,2242.0
2026-06-30 02:00:00,0.6869,0.6879,0.68686,0.68786,3667.0
2026-06-30 03:00:00,0.68787,0.68825,0.68762,0.68772,2787.0
2026-06-30 04:00:00,0.6877,0.68824,0.68757,0.68812,3593.0
2026-06-30 05:00:00,0.68812,0.6886,0.68805,0.68842,2083.0
2026-06-30 06:00:00,0.6884,0.68904,0.68826,0.689,2088.0
2026-06-30 07:00:00,0.68901,0.68902,0.68844,0.68878,2547.0
2026-06-30 08:00:00,0.6888,0.6889,0.6882,0.68848,3107.0
2026-06-30 09:00:00,0.68848,0.68946,0.68848,0.68926,3528.0
2026-06-30 10:00:00,0.68926,0.69296,0.68904,0.6925,6856.0
2026-06-30 11:00:00,0.6925,0.69298,0.69132,0.69142,4663.0
2026-06-30 12:00:00,0.69141,0.69149,0.69095,0.6912,2305.0
2026-06-30 13:00:00,0.6912,0.6919,0.69116,0.69182,1523.0
2026-06-30 14:00:00,0.69184,0.69228,0.69182,0.69204,1428.0
2026-06-30 15:00:00,0.69202,0.69242,0.69187,0.69232,1734.0
2026-06-30 16:00:00,0.69232,0.6924,0.69188,0.69196,1102.0
2026-06-30 17:00:00,0.69166,0.69191,0.69142,0.69186,1349.0
2026-06-30 18:00:00,0.69186,0.69202,0.6916,0.69175,517.0
2026-06-30 19:00:00,0.69176,0.6918,0.69116,0.69121,676.0
2026-06-30 20:00:00,0.69122,0.69138,0.6901,0.69012,2041.0
2026-06-30 21:00:00,0.69013,0.69027,0.68887,0.68918,2733.0
2026-06-30 22:00:00,0.68921,0.68932,0.68831,0.68892,2441.0
2026-06-30 23:00:00,0.68892,0.68923,0.68876,0.68916,1574.0
2026-07-01 00:00:00,0.68916,0.68941,0.68856,0.68923,1625.0
2026-07-01 01:00:00,0.68922,0.68966,0.68907,0.68943,1921.0
2026-07-01 02:00:00,0.68939,0.68948,0.68875,0.68914,2617.0
2026-07-01 03:00:00,0.68915,0.6895,0.68856,0.68932,2659.0
2026-07-01 04:00:00,0.6893,0.68948,0.68888,0.68918,2242.0
2026-07-01 05:00:00,0.68916,0.68943,0.68894,0.68894,2326.0
2026-07-01 06:00:00,0.68897,0.68998,0.68886,0.68985,1711.0
2026-07-01 07:00:00,0.68984,0.68993,0.68928,0.68934,1902.0
2026-07-01 08:00:00,0.68936,0.68978,0.68894,0.68922,3541.0
2026-07-01 09:00:00,0.6892,0.6916,0.68848,0.69036,8396.0
2026-07-01 10:00:00,0.6904,0.69109,0.68968,0.69036,6330.0
2026-07-01 11:00:00,0.69037,0.69043,0.68966,0.69025,4412.0
2026-07-01 12:00:00,0.69026,0.69084,0.68996,0.69012,3078.0
2026-07-01 13:00:00,0.69013,0.69032,0.68985,0.68988,2468.0
2026-07-01 14:00:00,0.68989,0.69002,0.68929,0.68954,1735.0
2026-07-01 15:00:00,0.68955,0.68981,0.68929,0.68936,1698.0
2026-07-01 16:00:00,0.68935,0.68938,0.68904,0.68938,667.0
2026-07-01 17:00:00,0.68924,0.68987,0.68908,0.68944,1412.0
2026-07-01 18:00:00,0.68947,0.68947,0.68926,0.68928,517.0
2026-07-01 19:00:00,0.68929,0.68931,0.68892,0.689,546.0
2026-07-01 20:00:00,0.68898,0.68908,0.68842,0.6889,3445.0
2026-07-01 21:00:00,0.68892,0.68977,0.68888,0.68946,3005.0
2026-07-01 22:00:00,0.68946,0.69018,0.68934,0.68938,2228.0
2026-07-01 23:00:00,0.68938,0.6896,0.6885,0.68928,1975.0
2026-07-02 00:00:00,0.68929,0.68962,0.689,0.68946,2208.0
2026-07-02 01:00:00,0.6895,0.68966,0.68908,0.68936,1621.0
2026-07-02 02:00:00,0.68938,0.69025,0.68933,0.68962,3400.0
2026-07-02 03:00:00,0.6896,0.68977,0.689,0.68904,3999.0
2026-07-02 04:00:00,0.68902,0.69114,0.68899,0.69092,4998.0
2026-07-02 05:00:00,0.6909,0.69094,0.68998,0.6904,2841.0
2026-07-02 06:00:00,0.6904,0.69042,0.68962,0.68977,2453.0
2026-07-02 07:00:00,0.68976,0.68979,0.68878,0.68878,2301.0
2026-07-02 08:00:00,0.6888,0.6942,0.68868,0.69246,13914.0
2026-07-02 09:00:00,0.69245,0.69434,0.69184,0.69395,11622.0
2026-07-02 10:00:00,0.69396,0.69434,0.69222,0.69351,8970.0
2026-07-02 11:00:00,0.69354,0.69399,0.69284,0.69304,6641.0
2026-07-02 12:00:00,0.69304,0.69308,0.69202,0.69232,5446.0
2026-07-02 13:00:00,0.69232,0.69238,0.6915,0.69159,4355.0
2026-07-02 14:00:00,0.69158,0.69228,0.69152,0.692,3497.0
2026-07-02 15:00:00,0.692,0.6922,0.69144,0.69214,2770.0
2026-07-02 16:00:00,0.69214,0.69232,0.69195,0.6922,756.0
2026-07-02 17:00:00,0.69169,0.69255,0.69144,0.69204,2268.0
2026-07-02 18:00:00,0.69202,0.69216,0.69187,0.6919,529.0
2026-07-02 19:00:00,0.69193,0.69208,0.69142,0.69159,1038.0
2026-07-02 20:00:00,0.69156,0.69191,0.69108,0.6919,3113.0
2026-07-02 21:00:00,0.69192,0.69356,0.69178,0.69301,4538.0
2026-07-02 22:00:00,0.69299,0.6939,0.6928,0.69368,2202.0
2026-07-02 23:00:00,0.69369,0.69376,0.69331,0.69354,1810.0
2026-07-03 00:00:00,0.69354,0.6941,0.6934,0.69388,1707.0
2026-07-03 01:00:00,0.69387,0.6944,0.69378,0.69394,2318.0
2026-07-03 02:00:00,0.69396,0.69498,0.69394,0.69432,3399.0
2026-07-03 03:00:00,0.69432,0.69482,0.69418,0.69452,3156.0
2026-07-03 04:00:00,0.69451,0.69463,0.69402,0.69412,2648.0
2026-07-03 05:00:00,0.69409,0.69432,0.69368,0.69368,2068.0
2026-07-03 06:00:00,0.69368,0.69404,0.69367,0.69386,1263.0
