Timestamp,Open,High,Low,Close,Volume
2026-06-25 14:30:00,1.64442,1.64499,1.64442,1.64498,988.0
2026-06-25 14:35:00,1.64498,1.64524,1.6449,1.64511,926.0
2026-06-25 14:40:00,1.6451,1.64522,1.64496,1.64512,944.0
2026-06-25 14:45:00,1.64512,1.64544,1.64503,1.6451,907.0
2026-06-25 14:50:00,1.6451,1.64512,1.64467,1.6447,738.0
2026-06-25 14:55:00,1.64469,1.64491,1.64452,1.64468,825.0
2026-06-25 15:00:00,1.64468,1.64522,1.64458,1.64517,874.0
2026-06-25 15:05:00,1.64518,1.64529,1.64502,1.64508,851.0
2026-06-25 15:10:00,1.64507,1.64519,1.64492,1.64502,749.0
2026-06-25 15:15:00,1.64502,1.64526,1.64498,1.64514,983.0
2026-06-25 15:20:00,1.64513,1.64532,1.64508,1.64512,842.0
2026-06-25 15:25:00,1.64514,1.6454,1.64506,1.6453,587.0
2026-06-25 15:30:00,1.64532,1.64552,1.64528,1.6454,862.0
2026-06-25 15:35:00,1.6454,1.64576,1.6454,1.64568,590.0
2026-06-25 15:40:00,1.6457,1.64596,1.64554,1.64571,948.0
2026-06-25 15:45:00,1.64572,1.6461,1.64566,1.64594,777.0
2026-06-25 15:50:00,1.64592,1.64608,1.64548,1.64548,792.0
2026-06-25 15:55:00,1.64546,1.64572,1.64542,1.64542,889.0
2026-06-25 16:00:00,1.64537,1.64548,1.64502,1.64543,1061.0
2026-06-25 16:05:00,1.64544,1.64578,1.64536,1.6457,477.0
2026-06-25 16:10:00,1.64571,1.64579,1.64562,1.64563,299.0
2026-06-25 16:15:00,1.64564,1.64566,1.64552,1.6456,398.0
2026-06-25 16:20:00,1.64559,1.6456,1.6454,1.64548,377.0
2026-06-25 16:25:00,1.64548,1.64559,1.64544,1.64546,199.0
2026-06-25 16:30:00,1.64551,1.64575,1.64551,1.64574,264.0
2026-06-25 16:35:00,1.64574,1.64578,1.64563,1.64563,270.0
2026-06-25 16:40:00,1.64566,1.64576,1.64557,1.6457,279.0
2026-06-25 16:45:00,1.64569,1.64578,1.64564,1.64572,215.0
2026-06-25 16:50:00,1.64572,1.64573,1.64554,1.64571,147.0
2026-06-25 16:55:00,1.64569,1.64575,1.64527,1.64533,308.0
2026-06-25 17:00:00,1.64561,1.64561,1.64561,1.64561,1.0
2026-06-25 17:05:00,1.64572,1.64572,1.64502,1.6451,226.0
2026-06-25 17:10:00,1.6451,1.64522,1.64462,1.64497,101.0
2026-06-25 17:15:00,1.64495,1.64537,1.64465,1.64507,189.0
2026-06-25 17:20:00,1.64506,1.64586,1.64484,1.64548,126.0
2026-06-25 17:25:00,1.64546,1.64596,1.64546,1.64565,113.0
2026-06-25 17:30:00,1.64564,1.6459,1.64562,1.64577,159.0
2026-06-25 17:35:00,1.64579,1.64595,1.64577,1.64588,58.0
2026-06-25 17:40:00,1.64589,1.64607,1.64544,1.64554,167.0
2026-06-25 17:45:00,1.64551,1.64601,1.64549,1.64601,201.0
2026-06-25 17:50:00,1.646,1.64645,1.646,1.64634,48.0
2026-06-25 17:55:00,1.64634,1.64656,1.64634,1.64646,94.0
2026-06-25 18:00:00,1.64646,1.64648,1.64574,1.64606,236.0
2026-06-25 18:05:00,1.64604,1.6462,1.64596,1.6462,122.0
2026-06-25 18:10:00,1.64622,1.64628,1.64596,1.646,171.0
2026-06-25 18:15:00,1.646,1.64604,1.64586,1.64592,149.0
2026-06-25 18:20:00,1.64588,1.6461,1.64584,1.64605,304.0
2026-06-25 18:25:00,1.64602,1.64612,1.64582,1.64586,299.0
2026-06-25 18:30:00,1.64587,1.64602,1.64586,1.64602,329.0
2026-06-25 18:35:00,1.64601,1.6461,1.6459,1.646,278.0
2026-06-25 18:40:00,1.64598,1.64608,1.64594,1.64608,188.0
2026-06-25 18:45:00,1.64608,1.6461,1.64596,1.64609,196.0
2026-06-25 18:50:00,1.64609,1.64612,1.6458,1.64581,179.0
2026-06-25 18:55:00,1.6458,1.6459,1.6456,1.64586,491.0
2026-06-25 19:00:00,1.64588,1.64596,1.64552,1.64564,563.0
2026-06-25 19:05:00,1.64565,1.64568,1.64548,1.64564,273.0
2026-06-25 19:10:00,1.64565,1.64565,1.64534,1.6454,355.0
2026-06-25 19:15:00,1.6454,1.64546,1.64492,1.64506,553.0
2026-06-25 19:20:00,1.64506,1.64528,1.64506,1.64528,431.0
2026-06-25 19:25:00,1.64527,1.64544,1.64526,1.6453,393.0
2026-06-25 19:30:00,1.64532,1.64558,1.6453,1.64557,423.0
2026-06-25 19:35:00,1.64556,1.64573,1.64554,1.64571,314.0
2026-06-25 19:40:00,1.6457,1.64586,1.64569,1.64586,250.0
2026-06-25 19:45:00,1.64586,1.64628,1.64583,1.6462,569.0
2026-06-25 19:50:00,1.6462,1.64636,1.64608,1.64625,535.0
2026-06-25 19:55:00,1.64625,1.6467,1.64618,1.64654,650.0
2026-06-25 20:00:00,1.64652,1.64691,1.64634,1.64665,1552.0
2026-06-25 20:05:00,1.64664,1.64718,1.64664,1.64684,1339.0
2026-06-25 20:10:00,1.64681,1.64714,1.64676,1.647,1268.0
2026-06-25 20:15:00,1.64701,1.64708,1.6467,1.64702,1211.0
2026-06-25 20:20:00,1.64702,1.6475,1.647,1.64744,1260.0
2026-06-25 20:25:00,1.64743,1.64782,1.64741,1.64762,1276.0
2026-06-25 20:30:00,1.64764,1.64774,1.64704,1.64724,1217.0
2026-06-25 20:35:00,1.64724,1.64763,1.64722,1.64758,1107.0
2026-06-25 20:40:00,1.64757,1.64758,1.64719,1.64749,941.0
2026-06-25 20:45:00,1.64748,1.64766,1.64734,1.6476,909.0
2026-06-25 20:50:00,1.6476,1.64764,1.64698,1.6471,993.0
2026-06-25 20:55:00,1.64707,1.64755,1.64706,1.64748,1040.0
2026-06-25 21:00:00,1.64746,1.648,1.64683,1.64794,1430.0
2026-06-25 21:05:00,1.64792,1.64811,1.64749,1.64752,1393.0
2026-06-25 21:10:00,1.64753,1.6476,1.64718,1.64754,1077.0
2026-06-25 21:15:00,1.64753,1.64757,1.6472,1.6472,1164.0
2026-06-25 21:20:00,1.64719,1.64722,1.6469,1.64708,881.0
2026-06-25 21:25:00,1.64708,1.64748,1.64701,1.64732,767.0
2026-06-25 21:30:00,1.6473,1.64832,1.6473,1.6481,1527.0
2026-06-25 21:35:00,1.64812,1.64848,1.64787,1.64804,1456.0
2026-06-25 21:40:00,1.64804,1.64852,1.64802,1.6483,1186.0
2026-06-25 21:45:00,1.64831,1.64886,1.6483,1.64837,1513.0
2026-06-25 21:50:00,1.64836,1.64892,1.64836,1.64876,1045.0
2026-06-25 21:55:00,1.64876,1.64908,1.64847,1.64864,1064.0
2026-06-25 22:00:00,1.6486,1.64892,1.64851,1.64883,1190.0
2026-06-25 22:05:00,1.64882,1.64909,1.64876,1.64903,887.0
2026-06-25 22:10:00,1.64905,1.6498,1.64901,1.64965,859.0
2026-06-25 22:15:00,1.64964,1.65082,1.64946,1.65054,999.0
2026-06-25 22:20:00,1.65054,1.65142,1.6505,1.65131,916.0
2026-06-25 22:25:00,1.65132,1.65156,1.65099,1.65108,865.0
2026-06-25 22:30:00,1.65108,1.6511,1.65058,1.65098,670.0
2026-06-25 22:35:00,1.65096,1.65118,1.6505,1.6505,806.0
2026-06-25 22:40:00,1.65052,1.65089,1.65007,1.6501,701.0
2026-06-25 22:45:00,1.6501,1.65048,1.65007,1.65031,834.0
2026-06-25 22:50:00,1.65032,1.65131,1.65016,1.6512,930.0
2026-06-25 22:55:00,1.6512,1.65152,1.65075,1.6509,1018.0
2026-06-25 23:00:00,1.65088,1.65166,1.65084,1.65114,1331.0
2026-06-25 23:05:00,1.65112,1.65148,1.65112,1.6512,956.0
2026-06-25 23:10:00,1.65121,1.65143,1.65102,1.65112,974.0
2026-06-25 23:15:00,1.6511,1.65135,1.651,1.65108,681.0
2026-06-25 23:20:00,1.65108,1.65156,1.65106,1.6515,548.0
2026-06-25 23:25:00,1.6515,1.65156,1.6513,1.65138,621.0
2026-06-25 23:30:00,1.65138,1.6517,1.65132,1.65138,943.0
2026-06-25 23:35:00,1.65139,1.65168,1.65134,1.65162,642.0
2026-06-25 23:40:00,1.65162,1.65164,1.65118,1.65118,1079.0
2026-06-25 23:45:00,1.65119,1.65155,1.6511,1.6513,886.0
2026-06-25 23:50:00,1.6513,1.6513,1.65025,1.65025,1040.0
2026-06-25 23:55:00,1.65029,1.65058,1.64994,1.65002,1038.0
2026-06-26 00:00:00,1.64998,1.65,1.64966,1.64981,1017.0
2026-06-26 00:05:00,1.6498,1.65023,1.64964,1.6502,951.0
2026-06-26 00:10:00,1.65021,1.65032,1.64987,1.65027,925.0
2026-06-26 00:15:00,1.65026,1.65062,1.6497,1.64996,833.0
2026-06-26 00:20:00,1.64996,1.6503,1.6497,1.65022,682.0
2026-06-26 00:25:00,1.65022,1.65072,1.6502,1.65036,1114.0
2026-06-26 00:30:00,1.65034,1.6508,1.65016,1.65072,874.0
2026-06-26 00:35:00,1.65074,1.65083,1.6504,1.65078,727.0
2026-06-26 00:40:00,1.65078,1.65132,1.6507,1.65106,975.0
2026-06-26 00:45:00,1.65107,1.65152,1.65096,1.65099,695.0
2026-06-26 00:50:00,1.651,1.6515,1.65086,1.65141,749.0
2026-06-26 00:55:00,1.65148,1.65236,1.65138,1.65214,832.0
2026-06-26 01:00:00,1.65215,1.6523,1.6519,1.65196,885.0
2026-06-26 01:05:00,1.65196,1.65228,1.65154,1.6516,877.0
2026-06-26 01:10:00,1.6516,1.65161,1.65102,1.65109,843.0
2026-06-26 01:15:00,1.65108,1.6511,1.6507,1.6509,1041.0
2026-06-26 01:20:00,1.6509,1.6511,1.65086,1.65104,652.0
2026-06-26 01:25:00,1.65103,1.65107,1.6502,1.65031,828.0
2026-06-26 01:30:00,1.6503,1.65034,1.65014,1.65028,1284.0
2026-06-26 01:35:00,1.65028,1.65082,1.65026,1.65065,843.0
2026-06-26 01:40:00,1.65066,1.65096,1.65061,1.65073,772.0
2026-06-26 01:45:00,1.65072,1.65093,1.6503,1.65038,594.0
2026-06-26 01:50:00,1.65038,1.65086,1.65002,1.65065,744.0
2026-06-26 01:55:00,1.65068,1.65085,1.65034,1.65054,597.0
2026-06-26 02:00:00,1.65052,1.65091,1.6504,1.65055,820.0
2026-06-26 02:05:00,1.65054,1.651,1.65042,1.65082,639.0
2026-06-26 02:10:00,1.65081,1.65141,1.65081,1.65094,651.0
2026-06-26 02:15:00,1.65094,1.65106,1.65019,1.65042,585.0
2026-06-26 02:20:00,1.65044,1.65065,1.65014,1.65015,632.0
2026-06-26 02:25:00,1.65017,1.65068,1.64999,1.65058,527.0
2026-06-26 02:30:00,1.65057,1.65058,1.64983,1.64985,684.0
2026-06-26 02:35:00,1.64984,1.65021,1.64984,1.65016,485.0
2026-06-26 02:40:00,1.65014,1.65052,1.64966,1.6497,494.0
2026-06-26 02:45:00,1.6497,1.64982,1.64904,1.64913,774.0
2026-06-26 02:50:00,1.64913,1.64936,1.6487,1.64884,702.0
2026-06-26 02:55:00,1.64886,1.64934,1.64884,1.64924,822.0
2026-06-26 03:00:00,1.64922,1.64982,1.64916,1.64966,1230.0
2026-06-26 03:05:00,1.64966,1.64994,1.64948,1.64984,1037.0
2026-06-26 03:10:00,1.64984,1.65009,1.6497,1.65003,815.0
2026-06-26 03:15:00,1.65005,1.65047,1.65002,1.65044,719.0
2026-06-26 03:20:00,1.65044,1.65076,1.65036,1.65054,552.0
2026-06-26 03:25:00,1.65054,1.65068,1.65018,1.65042,561.0
2026-06-26 03:30:00,1.65043,1.65096,1.65036,1.65082,509.0
2026-06-26 03:35:00,1.65082,1.65145,1.65068,1.65122,635.0
2026-06-26 03:40:00,1.65121,1.65192,1.65114,1.65176,474.0
2026-06-26 03:45:00,1.65176,1.65246,1.65174,1.65242,766.0
2026-06-26 03:50:00,1.65242,1.6527,1.6523,1.65252,715.0
2026-06-26 03:55:00,1.6525,1.65281,1.65214,1.65228,763.0
2026-06-26 04:00:00,1.65226,1.65306,1.65197,1.653,917.0
2026-06-26 04:05:00,1.65299,1.65317,1.65252,1.65292,825.0
2026-06-26 04:10:00,1.65292,1.6531,1.65266,1.65278,1052.0
2026-06-26 04:15:00,1.65278,1.65327,1.65254,1.65266,926.0
2026-06-26 04:20:00,1.65268,1.65314,1.65252,1.6527,675.0
2026-06-26 04:25:00,1.6527,1.65304,1.65266,1.65284,821.0
2026-06-26 04:30:00,1.6529,1.65316,1.65248,1.65296,946.0
2026-06-26 04:35:00,1.65297,1.65327,1.65288,1.65324,697.0
2026-06-26 04:40:00,1.65322,1.65352,1.65291,1.65346,873.0
2026-06-26 04:45:00,1.65346,1.65364,1.65319,1.65333,909.0
2026-06-26 04:50:00,1.65334,1.65368,1.65302,1.6535,872.0
2026-06-26 04:55:00,1.6535,1.654,1.65328,1.65346,865.0
2026-06-26 05:00:00,1.65344,1.65374,1.65315,1.65328,1042.0
2026-06-26 05:05:00,1.65328,1.65328,1.65284,1.65299,859.0
2026-06-26 05:10:00,1.653,1.65312,1.65264,1.653,745.0
2026-06-26 05:15:00,1.65301,1.65302,1.65235,1.65236,930.0
2026-06-26 05:20:00,1.65235,1.65246,1.6522,1.65235,653.0
2026-06-26 05:25:00,1.65234,1.6526,1.65221,1.65246,569.0
2026-06-26 05:30:00,1.65246,1.6528,1.65242,1.6526,671.0
2026-06-26 05:35:00,1.6526,1.65263,1.65218,1.65244,516.0
2026-06-26 05:40:00,1.65244,1.65258,1.65206,1.65258,549.0
2026-06-26 05:45:00,1.65259,1.65282,1.65246,1.65252,640.0
2026-06-26 05:50:00,1.65252,1.65272,1.65212,1.65222,682.0
2026-06-26 05:55:00,1.65226,1.65294,1.65222,1.65288,647.0
2026-06-26 06:00:00,1.65288,1.65314,1.65274,1.65298,855.0
2026-06-26 06:05:00,1.65298,1.65298,1.65251,1.65252,567.0
2026-06-26 06:10:00,1.65254,1.65266,1.65218,1.65226,677.0
2026-06-26 06:15:00,1.65225,1.65254,1.65221,1.65254,657.0
2026-06-26 06:20:00,1.65252,1.65269,1.65246,1.65251,688.0
2026-06-26 06:25:00,1.6525,1.65267,1.65242,1.65246,538.0
2026-06-26 06:30:00,1.65246,1.65252,1.65206,1.65217,617.0
2026-06-26 06:35:00,1.65216,1.65266,1.65216,1.65263,672.0
2026-06-26 06:40:00,1.65264,1.65271,1.65222,1.65228,600.0
2026-06-26 06:45:00,1.65228,1.65244,1.6522,1.65234,640.0
2026-06-26 06:50:00,1.65232,1.6524,1.65196,1.65204,620.0
2026-06-26 06:55:00,1.65202,1.65212,1.65185,1.6521,687.0
2026-06-26 07:00:00,1.65204,1.65222,1.65188,1.65202,651.0
2026-06-26 07:05:00,1.65202,1.65225,1.65186,1.6519,637.0
2026-06-26 07:10:00,1.65189,1.6521,1.65168,1.65208,839.0
2026-06-26 07:15:00,1.65208,1.65224,1.65172,1.65214,765.0
2026-06-26 07:20:00,1.65216,1.65216,1.65173,1.65202,690.0
2026-06-26 07:25:00,1.652,1.65232,1.652,1.65208,692.0
2026-06-26 07:30:00,1.65207,1.65209,1.65136,1.6514,611.0
2026-06-26 07:35:00,1.6514,1.65166,1.65133,1.65154,698.0
2026-06-26 07:40:00,1.65153,1.65168,1.65132,1.65163,741.0
2026-06-26 07:45:00,1.65166,1.65174,1.65142,1.65164,675.0
2026-06-26 07:50:00,1.65162,1.65211,1.65146,1.65196,820.0
2026-06-26 07:55:00,1.65193,1.65206,1.65172,1.65194,885.0
2026-06-26 08:00:00,1.65198,1.6522,1.6519,1.65214,808.0
2026-06-26 08:05:00,1.65213,1.65218,1.65187,1.65189,700.0
2026-06-26 08:10:00,1.65188,1.6522,1.65175,1.65191,622.0
2026-06-26 08:15:00,1.65192,1.65201,1.65155,1.65196,724.0
2026-06-26 08:20:00,1.65196,1.65256,1.65196,1.65252,899.0
2026-06-26 08:25:00,1.65251,1.65292,1.65246,1.65288,694.0
2026-06-26 08:30:00,1.65288,1.65294,1.65244,1.65272,761.0
2026-06-26 08:35:00,1.65271,1.65339,1.65268,1.65336,877.0
2026-06-26 08:40:00,1.65337,1.65424,1.65334,1.65396,787.0
2026-06-26 08:45:00,1.65396,1.65422,1.65382,1.65414,798.0
2026-06-26 08:50:00,1.65414,1.65432,1.65394,1.65418,797.0
2026-06-26 08:55:00,1.6543,1.65576,1.65422,1.65536,1660.0
2026-06-26 09:00:00,1.65535,1.65536,1.65454,1.65454,1530.0
2026-06-26 09:05:00,1.65454,1.6548,1.65398,1.65402,1205.0
2026-06-26 09:10:00,1.65402,1.65416,1.65353,1.65373,907.0
2026-06-26 09:15:00,1.65374,1.65504,1.65366,1.65464,1388.0
2026-06-26 09:20:00,1.65464,1.65491,1.65376,1.6538,1559.0
2026-06-26 09:25:00,1.65382,1.65426,1.65363,1.65374,1177.0
2026-06-26 09:30:00,1.65378,1.65475,1.65365,1.65445,2076.0
2026-06-26 09:35:00,1.65445,1.65448,1.65386,1.65445,1897.0
2026-06-26 09:40:00,1.65442,1.6545,1.65338,1.65349,1738.0
2026-06-26 09:45:00,1.65348,1.6538,1.65302,1.65359,1799.0
2026-06-26 09:50:00,1.65358,1.65358,1.65318,1.65338,1666.0
2026-06-26 09:55:00,1.65337,1.65338,1.6524,1.6532,1540.0
2026-06-26 10:00:00,1.65328,1.65334,1.65263,1.65269,1735.0
2026-06-26 10:05:00,1.65268,1.65293,1.65234,1.6526,1634.0
2026-06-26 10:10:00,1.65256,1.65288,1.65208,1.65229,1467.0
2026-06-26 10:15:00,1.65228,1.65256,1.65176,1.65206,1500.0
2026-06-26 10:20:00,1.65206,1.6522,1.65162,1.6518,1128.0
2026-06-26 10:25:00,1.6518,1.65181,1.65144,1.65154,1125.0
2026-06-26 10:30:00,1.65154,1.65186,1.65145,1.65174,1029.0
2026-06-26 10:35:00,1.65173,1.65202,1.6515,1.65166,961.0
2026-06-26 10:40:00,1.65168,1.65252,1.65122,1.65246,1141.0
2026-06-26 10:45:00,1.65245,1.65246,1.65175,1.65208,1042.0
2026-06-26 10:50:00,1.65208,1.65208,1.65108,1.65108,1518.0
2026-06-26 10:55:00,1.6511,1.6519,1.65095,1.65142,1765.0
2026-06-26 11:00:00,1.6514,1.65184,1.65114,1.65164,1250.0
2026-06-26 11:05:00,1.65166,1.65226,1.6516,1.65164,903.0
2026-06-26 11:10:00,1.65168,1.6523,1.65158,1.65206,805.0
2026-06-26 11:15:00,1.65205,1.65212,1.6515,1.65164,915.0
2026-06-26 11:20:00,1.65164,1.65188,1.65148,1.65182,703.0
2026-06-26 11:25:00,1.6518,1.65189,1.65139,1.6514,753.0
2026-06-26 11:30:00,1.65141,1.65161,1.651,1.6516,793.0
2026-06-26 11:35:00,1.65158,1.65158,1.65092,1.65123,693.0
2026-06-26 11:40:00,1.65122,1.65133,1.65076,1.6509,612.0
2026-06-26 11:45:00,1.65088,1.65113,1.65087,1.65092,654.0
2026-06-26 11:50:00,1.65094,1.65174,1.65062,1.6514,1431.0
2026-06-26 11:55:00,1.6514,1.65148,1.651,1.65128,1072.0
2026-06-26 12:00:00,1.65126,1.65132,1.65088,1.65106,1038.0
2026-06-26 12:05:00,1.65107,1.65124,1.65102,1.65114,795.0
2026-06-26 12:10:00,1.65113,1.65132,1.65086,1.651,705.0
2026-06-26 12:15:00,1.65098,1.6511,1.65079,1.65094,713.0
2026-06-26 12:20:00,1.65088,1.65112,1.65067,1.65074,1238.0
2026-06-26 12:25:00,1.65073,1.65098,1.65062,1.6508,784.0
2026-06-26 12:30:00,1.65079,1.65094,1.65054,1.65057,756.0
2026-06-26 12:35:00,1.65056,1.65082,1.65024,1.65034,846.0
2026-06-26 12:40:00,1.65034,1.65052,1.65022,1.65046,608.0
2026-06-26 12:45:00,1.65045,1.65073,1.65036,1.65059,689.0
2026-06-26 12:50:00,1.65058,1.65074,1.65048,1.65058,556.0
2026-06-26 12:55:00,1.65057,1.65069,1.65038,1.65052,540.0
2026-06-26 13:00:00,1.65053,1.65062,1.65043,1.65058,611.0
2026-06-26 13:05:00,1.65054,1.65088,1.65045,1.65048,606.0
2026-06-26 13:10:00,1.65046,1.65084,1.65044,1.65058,673.0
2026-06-26 13:15:00,1.65059,1.6509,1.65058,1.65084,554.0
2026-06-26 13:20:00,1.65084,1.65096,1.65058,1.65064,726.0
2026-06-26 13:25:00,1.65064,1.65076,1.65043,1.65054,728.0
2026-06-26 13:30:00,1.65056,1.65061,1.65031,1.65042,631.0
2026-06-26 13:35:00,1.6504,1.65056,1.65036,1.65052,528.0
2026-06-26 13:40:00,1.65054,1.65086,1.65052,1.65059,635.0
2026-06-26 13:45:00,1.65058,1.65064,1.65047,1.65056,467.0
2026-06-26 13:50:00,1.65058,1.65066,1.6504,1.65054,464.0
2026-06-26 13:55:00,1.65053,1.65082,1.65053,1.65078,538.0
2026-06-26 14:00:00,1.65078,1.65087,1.6506,1.65068,586.0
2026-06-26 14:05:00,1.65068,1.6509,1.65062,1.65068,381.0
2026-06-26 14:10:00,1.65068,1.65088,1.65062,1.65076,463.0
2026-06-26 14:15:00,1.65076,1.65098,1.65068,1.65091,526.0
2026-06-26 14:20:00,1.65092,1.6511,1.65088,1.65102,477.0
2026-06-26 14:25:00,1.65102,1.65126,1.65096,1.6512,571.0
2026-06-26 14:30:00,1.6512,1.65129,1.65106,1.65113,441.0
2026-06-26 14:35:00,1.65114,1.65132,1.65112,1.6513,409.0
2026-06-26 14:40:00,1.65129,1.65136,1.65118,1.65122,289.0
2026-06-26 14:45:00,1.65124,1.65182,1.65121,1.65178,628.0
2026-06-26 14:50:00,1.65178,1.65188,1.65174,1.65178,545.0
2026-06-26 14:55:00,1.65177,1.65184,1.6515,1.65154,436.0
2026-06-26 15:00:00,1.65156,1.65168,1.6514,1.65156,455.0
2026-06-26 15:05:00,1.65157,1.65158,1.65124,1.65126,444.0
2026-06-26 15:10:00,1.65126,1.65141,1.65107,1.6511,484.0
2026-06-26 15:15:00,1.6511,1.65111,1.6508,1.65084,449.0
2026-06-26 15:20:00,1.65084,1.65115,1.65075,1.65088,401.0
2026-06-26 15:25:00,1.65088,1.65098,1.65082,1.65086,358.0
2026-06-26 15:30:00,1.65085,1.65095,1.65074,1.6509,445.0
2026-06-26 15:35:00,1.65092,1.65104,1.65088,1.65094,600.0
2026-06-26 15:40:00,1.65094,1.65095,1.65066,1.65076,465.0
2026-06-26 15:45:00,1.65073,1.6508,1.65048,1.65066,518.0
2026-06-26 15:50:00,1.65065,1.65092,1.65063,1.65075,682.0
2026-06-26 15:55:00,1.65078,1.65102,1.65044,1.651,756.0
2026-06-26 16:00:00,1.65092,1.65126,1.65075,1.65116,1391.0
2026-06-26 16:05:00,1.65114,1.65138,1.6511,1.65124,565.0
2026-06-26 16:10:00,1.65124,1.65132,1.651,1.65105,385.0
2026-06-26 16:15:00,1.651,1.65134,1.65096,1.65133,404.0
2026-06-26 16:20:00,1.65132,1.65138,1.65112,1.6512,333.0
2026-06-26 16:25:00,1.6512,1.6513,1.65102,1.65129,433.0
2026-06-26 16:30:00,1.65128,1.65211,1.65127,1.65172,1045.0
2026-06-26 16:35:00,1.6517,1.65211,1.65154,1.65177,912.0
2026-06-26 16:40:00,1.65178,1.65186,1.65134,1.65142,465.0
2026-06-26 16:45:00,1.65138,1.65202,1.65126,1.652,681.0
2026-06-26 16:50:00,1.652,1.65209,1.6515,1.65154,901.0
2026-06-26 16:55:00,1.65154,1.65154,1.65096,1.65138,339.0
2026-06-28 17:00:00,1.65262,1.65264,1.65262,1.65264,2.0
2026-06-28 17:05:00,1.65262,1.6528,1.65198,1.65202,91.0
2026-06-28 17:10:00,1.65201,1.65202,1.65161,1.65185,82.0
2026-06-28 17:15:00,1.65188,1.6519,1.65117,1.65188,53.0
2026-06-28 17:20:00,1.65188,1.65274,1.65185,1.65226,468.0
2026-06-28 17:25:00,1.65224,1.65236,1.65206,1.65236,53.0
2026-06-28 17:30:00,1.65234,1.65308,1.65226,1.6528,170.0
2026-06-28 17:35:00,1.6528,1.65292,1.65204,1.65205,121.0
2026-06-28 17:40:00,1.65206,1.65227,1.6519,1.65191,41.0
2026-06-28 17:45:00,1.65188,1.65191,1.65172,1.65179,48.0
2026-06-28 17:50:00,1.6518,1.65189,1.65142,1.65189,76.0
2026-06-28 17:55:00,1.65178,1.65264,1.65178,1.65237,239.0
2026-06-28 18:00:00,1.65232,1.65232,1.65078,1.65112,447.0
2026-06-28 18:05:00,1.65107,1.65124,1.65084,1.65114,181.0
2026-06-28 18:10:00,1.6511,1.65122,1.65094,1.651,128.0
2026-06-28 18:15:00,1.65101,1.65134,1.65101,1.65126,105.0
2026-06-28 18:20:00,1.65126,1.65138,1.65105,1.65116,71.0
2026-06-28 18:25:00,1.65118,1.65142,1.65114,1.65137,87.0
2026-06-28 18:30:00,1.65136,1.65136,1.65099,1.65134,144.0
2026-06-28 18:35:00,1.6514,1.65148,1.65132,1.65138,88.0
2026-06-28 18:40:00,1.65138,1.65138,1.65113,1.65124,145.0
2026-06-28 18:45:00,1.65124,1.65128,1.6511,1.6512,232.0
2026-06-28 18:50:00,1.6512,1.6513,1.65116,1.65128,191.0
2026-06-28 18:55:00,1.65128,1.65139,1.65126,1.65138,115.0
2026-06-28 19:00:00,1.65138,1.65146,1.65112,1.6512,253.0
2026-06-28 19:05:00,1.65121,1.65126,1.65088,1.65088,281.0
2026-06-28 19:10:00,1.65089,1.65102,1.65082,1.651,312.0
2026-06-28 19:15:00,1.651,1.65124,1.651,1.65121,229.0
2026-06-28 19:20:00,1.65119,1.6512,1.65104,1.65114,301.0
2026-06-28 19:25:00,1.65114,1.65114,1.65101,1.65102,147.0
2026-06-28 19:30:00,1.65102,1.65118,1.65091,1.6511,292.0
2026-06-28 19:35:00,1.6511,1.65116,1.65086,1.6509,229.0
2026-06-28 19:40:00,1.6509,1.65092,1.65074,1.65092,148.0
2026-06-28 19:45:00,1.65093,1.6512,1.65092,1.65114,459.0
2026-06-28 19:50:00,1.65115,1.65124,1.651,1.65109,435.0
2026-06-28 19:55:00,1.6511,1.65112,1.65088,1.65098,528.0
2026-06-28 20:00:00,1.65104,1.65224,1.65093,1.65204,2306.0
2026-06-28 20:05:00,1.65206,1.65248,1.65195,1.65242,1822.0
2026-06-28 20:10:00,1.65242,1.65312,1.65236,1.65312,1213.0
2026-06-28 20:15:00,1.65314,1.65353,1.6528,1.65342,1531.0
2026-06-28 20:20:00,1.65342,1.65388,1.65336,1.6534,1297.0
2026-06-28 20:25:00,1.6534,1.65367,1.65325,1.65366,1075.0
2026-06-28 20:30:00,1.65366,1.65372,1.65339,1.6536,1239.0
2026-06-28 20:35:00,1.65359,1.65376,1.65342,1.65374,1076.0
2026-06-28 20:40:00,1.65376,1.65378,1.6532,1.65321,980.0
2026-06-28 20:45:00,1.65326,1.65407,1.65325,1.65378,1152.0
2026-06-28 20:50:00,1.65383,1.6543,1.65367,1.6541,888.0
2026-06-28 20:55:00,1.65412,1.65431,1.65367,1.65384,1069.0
2026-06-28 21:00:00,1.65387,1.65453,1.65354,1.65423,1661.0
2026-06-28 21:05:00,1.65422,1.65427,1.65366,1.65416,1337.0
2026-06-28 21:10:00,1.65418,1.65428,1.65386,1.65413,1024.0
2026-06-28 21:15:00,1.65414,1.6542,1.65376,1.65414,1145.0
2026-06-28 21:20:00,1.65416,1.65426,1.6538,1.65413,1087.0
2026-06-28 21:25:00,1.65414,1.65444,1.65396,1.65439,1004.0
2026-06-28 21:30:00,1.6544,1.65481,1.6542,1.65426,1583.0
2026-06-28 21:35:00,1.65426,1.65433,1.65338,1.6534,1347.0
2026-06-28 21:40:00,1.65338,1.65344,1.65281,1.65329,1373.0
2026-06-28 21:45:00,1.65328,1.65384,1.65324,1.65342,1266.0
2026-06-28 21:50:00,1.65344,1.65376,1.65341,1.65356,922.0
2026-06-28 21:55:00,1.65362,1.65374,1.6533,1.65368,1084.0
2026-06-28 22:00:00,1.65369,1.65388,1.65345,1.65366,1013.0
2026-06-28 22:05:00,1.65366,1.65374,1.65328,1.65368,962.0
2026-06-28 22:10:00,1.65366,1.6539,1.65341,1.65385,1006.0
2026-06-28 22:15:00,1.65386,1.65398,1.6531,1.65314,1038.0
2026-06-28 22:20:00,1.65314,1.65328,1.65274,1.6528,1052.0
2026-06-28 22:25:00,1.65279,1.6529,1.65222,1.6525,1020.0
2026-06-28 22:30:00,1.6525,1.65289,1.65244,1.65278,1069.0
2026-06-28 22:35:00,1.65277,1.65315,1.65276,1.65299,936.0
2026-06-28 22:40:00,1.653,1.65302,1.65264,1.65282,773.0
2026-06-28 22:45:00,1.6528,1.6529,1.6525,1.65282,699.0
2026-06-28 22:50:00,1.65282,1.65285,1.65254,1.65271,670.0
2026-06-28 22:55:00,1.6527,1.65281,1.65252,1.65268,705.0
2026-06-28 23:00:00,1.65265,1.65266,1.65218,1.65241,996.0
2026-06-28 23:05:00,1.6524,1.65263,1.65227,1.65238,693.0
2026-06-28 23:10:00,1.65238,1.65259,1.65215,1.65228,619.0
2026-06-28 23:15:00,1.65228,1.65231,1.6521,1.6521,459.0
2026-06-28 23:20:00,1.65211,1.65219,1.65187,1.652,543.0
2026-06-28 23:25:00,1.65199,1.65213,1.6517,1.65173,428.0
2026-06-28 23:30:00,1.65172,1.65211,1.65165,1.65204,572.0
2026-06-28 23:35:00,1.65202,1.65253,1.65202,1.65232,559.0
2026-06-28 23:40:00,1.65232,1.65244,1.65215,1.65242,690.0
2026-06-28 23:45:00,1.6524,1.65262,1.6522,1.65226,591.0
2026-06-28 23:50:00,1.65226,1.65244,1.65212,1.6524,489.0
2026-06-28 23:55:00,1.6524,1.65264,1.65236,1.6525,577.0
2026-06-29 00:00:00,1.6525,1.6527,1.6524,1.6525,420.0
2026-06-29 00:05:00,1.65248,1.6527,1.65229,1.65229,450.0
2026-06-29 00:10:00,1.65229,1.65244,1.65222,1.65228,539.0
2026-06-29 00:15:00,1.65229,1.65249,1.65228,1.65234,397.0
2026-06-29 00:20:00,1.65234,1.65245,1.65207,1.65216,364.0
2026-06-29 00:25:00,1.65216,1.65241,1.6521,1.65234,456.0
2026-06-29 00:30:00,1.65236,1.65242,1.65222,1.65232,467.0
2026-06-29 00:35:00,1.65232,1.65244,1.6522,1.65228,462.0
2026-06-29 00:40:00,1.6523,1.65262,1.6523,1.6524,576.0
2026-06-29 00:45:00,1.6524,1.65246,1.652,1.65202,421.0
2026-06-29 00:50:00,1.65202,1.65238,1.652,1.65224,546.0
2026-06-29 00:55:00,1.65224,1.6525,1.65213,1.65233,762.0
2026-06-29 01:00:00,1.65236,1.65268,1.65232,1.65237,846.0
2026-06-29 01:05:00,1.65236,1.65254,1.65226,1.65236,780.0
2026-06-29 01:10:00,1.65234,1.65256,1.65208,1.65225,616.0
2026-06-29 01:15:00,1.65224,1.65236,1.6521,1.6523,422.0
2026-06-29 01:20:00,1.65234,1.65243,1.65216,1.65237,408.0
2026-06-29 01:25:00,1.65238,1.65256,1.65228,1.65244,599.0
2026-06-29 01:30:00,1.65244,1.65292,1.65239,1.65277,743.0
2026-06-29 01:35:00,1.65278,1.65292,1.65266,1.65282,582.0
2026-06-29 01:40:00,1.65282,1.65288,1.65226,1.6523,615.0
2026-06-29 01:45:00,1.6523,1.65266,1.6523,1.65258,615.0
2026-06-29 01:50:00,1.65262,1.65274,1.65232,1.65232,501.0
2026-06-29 01:55:00,1.65234,1.65251,1.65212,1.65244,703.0
2026-06-29 02:00:00,1.65241,1.65275,1.65225,1.65256,799.0
2026-06-29 02:05:00,1.65255,1.65256,1.65219,1.65246,535.0
2026-06-29 02:10:00,1.65246,1.65258,1.65236,1.65237,484.0
2026-06-29 02:15:00,1.65236,1.65248,1.65201,1.65212,535.0
2026-06-29 02:20:00,1.65212,1.65212,1.65176,1.65186,617.0
2026-06-29 02:25:00,1.65186,1.65194,1.6517,1.6519,453.0
2026-06-29 02:30:00,1.65189,1.65204,1.65172,1.65175,661.0
2026-06-29 02:35:00,1.65176,1.65208,1.65172,1.65186,697.0
2026-06-29 02:40:00,1.65184,1.65188,1.65152,1.65161,644.0
2026-06-29 02:45:00,1.65162,1.6519,1.65156,1.65189,610.0
2026-06-29 02:50:00,1.65188,1.65288,1.65188,1.65286,760.0
2026-06-29 02:55:00,1.65289,1.65356,1.65284,1.65336,741.0
2026-06-29 03:00:00,1.65334,1.6535,1.65256,1.65266,909.0
2026-06-29 03:05:00,1.65264,1.6528,1.65248,1.65267,557.0
2026-06-29 03:10:00,1.65266,1.65272,1.65243,1.65243,474.0
2026-06-29 03:15:00,1.65244,1.6529,1.65236,1.65284,750.0
2026-06-29 03:20:00,1.65283,1.65309,1.65249,1.6525,803.0
2026-06-29 03:25:00,1.65248,1.6528,1.65246,1.65277,589.0
2026-06-29 03:30:00,1.65274,1.65351,1.65274,1.65344,646.0
2026-06-29 03:35:00,1.65344,1.65356,1.65304,1.65318,651.0
2026-06-29 03:40:00,1.65316,1.65346,1.65309,1.65332,644.0
2026-06-29 03:45:00,1.65334,1.65356,1.65332,1.65346,556.0
2026-06-29 03:50:00,1.65348,1.65348,1.65305,1.65321,647.0
2026-06-29 03:55:00,1.65322,1.6537,1.65317,1.6537,763.0
2026-06-29 04:00:00,1.6537,1.65427,1.65361,1.65423,1052.0
2026-06-29 04:05:00,1.65424,1.65425,1.65376,1.6538,812.0
2026-06-29 04:10:00,1.65383,1.65398,1.6538,1.6539,488.0
2026-06-29 04:15:00,1.65391,1.65408,1.6538,1.65401,632.0
2026-06-29 04:20:00,1.65402,1.65432,1.65395,1.6542,722.0
2026-06-29 04:25:00,1.65418,1.65437,1.6541,1.65432,690.0
2026-06-29 04:30:00,1.65431,1.65431,1.6539,1.6539,530.0
2026-06-29 04:35:00,1.6539,1.6539,1.65367,1.6537,741.0
2026-06-29 04:40:00,1.65372,1.654,1.65335,1.65362,748.0
2026-06-29 04:45:00,1.65361,1.65364,1.65334,1.6534,566.0
2026-06-29 04:50:00,1.65341,1.65368,1.65338,1.65361,761.0
2026-06-29 04:55:00,1.6536,1.65384,1.65352,1.65364,674.0
2026-06-29 05:00:00,1.65366,1.65368,1.65308,1.65312,613.0
2026-06-29 05:05:00,1.6531,1.65335,1.65302,1.65326,556.0
2026-06-29 05:10:00,1.65325,1.6536,1.6532,1.6533,444.0
2026-06-29 05:15:00,1.6533,1.65342,1.65296,1.65296,297.0
2026-06-29 05:20:00,1.65297,1.65343,1.65297,1.6534,286.0
2026-06-29 05:25:00,1.65338,1.65354,1.65297,1.65297,437.0
2026-06-29 05:30:00,1.65298,1.65322,1.65294,1.6531,518.0
2026-06-29 05:35:00,1.6531,1.6533,1.65294,1.65294,457.0
2026-06-29 05:40:00,1.65298,1.65314,1.65288,1.65308,399.0
2026-06-29 05:45:00,1.6531,1.65314,1.65288,1.65303,391.0
2026-06-29 05:50:00,1.65304,1.65307,1.65274,1.6529,637.0
2026-06-29 05:55:00,1.65292,1.65306,1.65278,1.65294,541.0
2026-06-29 06:00:00,1.65292,1.65312,1.65279,1.65301,608.0
2026-06-29 06:05:00,1.653,1.65318,1.6529,1.65292,447.0
2026-06-29 06:10:00,1.65294,1.65302,1.65278,1.65288,390.0
2026-06-29 06:15:00,1.65288,1.65298,1.65261,1.65269,574.0
2026-06-29 06:20:00,1.6527,1.65289,1.65261,1.65278,411.0
2026-06-29 06:25:00,1.65278,1.65284,1.65262,1.65263,259.0
2026-06-29 06:30:00,1.65262,1.65288,1.65262,1.6527,290.0
2026-06-29 06:35:00,1.65268,1.65284,1.65254,1.65256,356.0
2026-06-29 06:40:00,1.65257,1.65292,1.65257,1.65275,365.0
2026-06-29 06:45:00,1.6528,1.65294,1.65248,1.6526,436.0
2026-06-29 06:50:00,1.65259,1.65281,1.65253,1.65262,634.0
2026-06-29 06:55:00,1.65262,1.65292,1.65262,1.65284,544.0
2026-06-29 07:00:00,1.65282,1.65286,1.65266,1.65275,717.0
2026-06-29 07:05:00,1.65276,1.65336,1.65264,1.65336,418.0
2026-06-29 07:10:00,1.65336,1.65356,1.65327,1.65352,365.0
2026-06-29 07:15:00,1.65352,1.6536,1.65316,1.65332,505.0
2026-06-29 07:20:00,1.65332,1.65334,1.65307,1.65318,508.0
2026-06-29 07:25:00,1.6532,1.6532,1.65273,1.6529,509.0
2026-06-29 07:30:00,1.65289,1.65299,1.65262,1.65288,773.0
2026-06-29 07:35:00,1.6529,1.65314,1.65286,1.65294,519.0
2026-06-29 07:40:00,1.65294,1.65296,1.65268,1.65272,600.0
2026-06-29 07:45:00,1.65272,1.65278,1.65246,1.65268,481.0
2026-06-29 07:50:00,1.6527,1.65317,1.65259,1.65308,393.0
2026-06-29 07:55:00,1.65308,1.65346,1.65304,1.65327,805.0
2026-06-29 08:00:00,1.65328,1.65337,1.65316,1.65326,717.0
2026-06-29 08:05:00,1.65326,1.65328,1.65309,1.65318,565.0
2026-06-29 08:10:00,1.65315,1.6532,1.65282,1.65292,556.0
2026-06-29 08:15:00,1.65292,1.65292,1.65254,1.65256,567.0
2026-06-29 08:20:00,1.65255,1.65282,1.65246,1.65275,724.0
2026-06-29 08:25:00,1.65274,1.65319,1.65259,1.65316,672.0
2026-06-29 08:30:00,1.65316,1.65318,1.65292,1.65296,524.0
2026-06-29 08:35:00,1.65297,1.65336,1.65297,1.6533,567.0
2026-06-29 08:40:00,1.6533,1.65386,1.65314,1.65376,665.0
2026-06-29 08:45:00,1.65376,1.6539,1.65359,1.6537,588.0
2026-06-29 08:50:00,1.65369,1.65393,1.65346,1.65359,551.0
2026-06-29 08:55:00,1.6536,1.65362,1.65329,1.65336,482.0
2026-06-29 09:00:00,1.65334,1.65365,1.65324,1.65357,739.0
2026-06-29 09:05:00,1.65358,1.65378,1.65356,1.65374,525.0
2026-06-29 09:10:00,1.65373,1.65383,1.65366,1.65376,548.0
2026-06-29 09:15:00,1.65375,1.65392,1.65363,1.65368,479.0
2026-06-29 09:20:00,1.65368,1.65388,1.65355,1.65387,620.0
2026-06-29 09:25:00,1.65388,1.65398,1.6538,1.65392,409.0
2026-06-29 09:30:00,1.65394,1.6545,1.65392,1.65417,1149.0
2026-06-29 09:35:00,1.65417,1.65477,1.65416,1.65448,1143.0
2026-06-29 09:40:00,1.65448,1.65476,1.65442,1.65456,1082.0
2026-06-29 09:45:00,1.65456,1.65496,1.6544,1.6549,948.0
2026-06-29 09:50:00,1.65491,1.65552,1.65477,1.65543,1072.0
2026-06-29 09:55:00,1.65544,1.6566,1.65541,1.65637,1524.0
2026-06-29 10:00:00,1.65638,1.65672,1.6562,1.65644,1238.0
2026-06-29 10:05:00,1.65645,1.65767,1.65633,1.65746,943.0
2026-06-29 10:10:00,1.65745,1.65843,1.65745,1.65836,1523.0
2026-06-29 10:15:00,1.65838,1.65896,1.6581,1.65876,2278.0
2026-06-29 10:20:00,1.65876,1.6592,1.65856,1.65898,1933.0
2026-06-29 10:25:00,1.65898,1.659,1.65808,1.65836,1699.0
2026-06-29 10:30:00,1.65838,1.65861,1.65788,1.65859,1434.0
2026-06-29 10:35:00,1.6586,1.65921,1.65856,1.65906,1480.0
2026-06-29 10:40:00,1.65908,1.65925,1.65856,1.65875,1362.0
2026-06-29 10:45:00,1.65876,1.65936,1.6586,1.6589,1519.0
2026-06-29 10:50:00,1.6589,1.6595,1.65848,1.65946,1427.0
2026-06-29 10:55:00,1.65944,1.66012,1.65944,1.66006,1181.0
2026-06-29 11:00:00,1.66004,1.66022,1.6594,1.65963,1316.0
2026-06-29 11:05:00,1.65964,1.6598,1.6594,1.6594,856.0
2026-06-29 11:10:00,1.65938,1.65992,1.65928,1.65932,897.0
2026-06-29 11:15:00,1.6593,1.65964,1.65916,1.65943,849.0
2026-06-29 11:20:00,1.65942,1.6598,1.65938,1.65967,689.0
2026-06-29 11:25:00,1.65966,1.65994,1.6594,1.65958,844.0
2026-06-29 11:30:00,1.6596,1.66024,1.65953,1.66024,979.0
2026-06-29 11:35:00,1.66023,1.66035,1.6598,1.65984,825.0
2026-06-29 11:40:00,1.65983,1.66,1.65936,1.65945,1096.0
2026-06-29 11:45:00,1.65944,1.65982,1.6593,1.65932,852.0
2026-06-29 11:50:00,1.65932,1.65951,1.65923,1.65942,728.0
2026-06-29 11:55:00,1.65932,1.6595,1.65916,1.65946,849.0
2026-06-29 12:00:00,1.65942,1.65955,1.65909,1.65918,898.0
2026-06-29 12:05:00,1.65918,1.65946,1.65906,1.6594,689.0
2026-06-29 12:10:00,1.65941,1.65941,1.65899,1.65899,556.0
2026-06-29 12:15:00,1.659,1.65916,1.65885,1.65893,489.0
2026-06-29 12:20:00,1.65891,1.65908,1.65886,1.65901,577.0
2026-06-29 12:25:00,1.659,1.6591,1.65892,1.65901,425.0
2026-06-29 12:30:00,1.65902,1.65926,1.65894,1.65908,615.0
2026-06-29 12:35:00,1.65909,1.65909,1.65856,1.65862,667.0
2026-06-29 12:40:00,1.65862,1.6589,1.65856,1.65862,439.0
2026-06-29 12:45:00,1.65864,1.6587,1.65852,1.65866,596.0
2026-06-29 12:50:00,1.65866,1.65926,1.65864,1.65921,579.0
2026-06-29 12:55:00,1.65922,1.65931,1.65906,1.65916,557.0
2026-06-29 13:00:00,1.65915,1.65918,1.65892,1.6591,584.0
2026-06-29 13:05:00,1.65908,1.65914,1.65894,1.65898,379.0
2026-06-29 13:10:00,1.65896,1.659,1.65873,1.65882,488.0
2026-06-29 13:15:00,1.65876,1.65883,1.65858,1.65863,454.0
2026-06-29 13:20:00,1.65864,1.65882,1.65857,1.65864,488.0
2026-06-29 13:25:00,1.65866,1.65881,1.6586,1.65866,466.0
2026-06-29 13:30:00,1.65866,1.6589,1.65856,1.65876,409.0
2026-06-29 13:35:00,1.65877,1.65892,1.65871,1.65881,465.0
2026-06-29 13:40:00,1.65884,1.65894,1.65876,1.6588,361.0
2026-06-29 13:45:00,1.6588,1.65893,1.65874,1.65882,360.0
2026-06-29 13:50:00,1.65884,1.65896,1.65874,1.6589,416.0
2026-06-29 13:55:00,1.6589,1.65916,1.65876,1.65892,554.0
2026-06-29 14:00:00,1.65888,1.6589,1.6585,1.65857,500.0
2026-06-29 14:05:00,1.65854,1.6586,1.65839,1.65842,492.0
2026-06-29 14:10:00,1.65842,1.65864,1.6584,1.65856,511.0
2026-06-29 14:15:00,1.65856,1.65862,1.65848,1.6585,393.0
2026-06-29 14:20:00,1.65851,1.6586,1.65842,1.65856,379.0
2026-06-29 14:25:00,1.65856,1.65874,1.65851,1.65853,333.0
2026-06-29 14:30:00,1.65854,1.65864,1.65844,1.65848,447.0
2026-06-29 14:35:00,1.65848,1.65853,1.65834,1.65835,387.0
2026-06-29 14:40:00,1.65834,1.6584,1.65814,1.65828,435.0
2026-06-29 14:45:00,1.65828,1.65832,1.65814,1.65816,341.0
2026-06-29 14:50:00,1.65816,1.65824,1.65808,1.65818,193.0
2026-06-29 14:55:00,1.65816,1.6583,1.65806,1.65823,534.0
2026-06-29 15:00:00,1.65822,1.65846,1.65816,1.65834,554.0
2026-06-29 15:05:00,1.65836,1.65846,1.65828,1.65832,354.0
2026-06-29 15:10:00,1.65833,1.65836,1.6582,1.65822,336.0
2026-06-29 15:15:00,1.65824,1.65836,1.65815,1.65817,279.0
2026-06-29 15:20:00,1.65816,1.65822,1.65806,1.65809,277.0
2026-06-29 15:25:00,1.65809,1.65824,1.65809,1.6582,309.0
2026-06-29 15:30:00,1.65822,1.65827,1.6581,1.6581,387.0
2026-06-29 15:35:00,1.65809,1.65821,1.65796,1.65812,315.0
2026-06-29 15:40:00,1.65811,1.65814,1.658,1.65802,417.0
2026-06-29 15:45:00,1.65801,1.6584,1.65799,1.65836,328.0
2026-06-29 15:50:00,1.65836,1.65854,1.65836,1.65843,493.0
2026-06-29 15:55:00,1.65842,1.65842,1.65814,1.65828,579.0
2026-06-29 16:00:00,1.65826,1.65842,1.6582,1.65836,519.0
2026-06-29 16:05:00,1.65836,1.65841,1.65824,1.65828,265.0
2026-06-29 16:10:00,1.65828,1.65835,1.65821,1.65822,244.0
2026-06-29 16:15:00,1.65823,1.65827,1.65816,1.65819,159.0
2026-06-29 16:20:00,1.6582,1.6584,1.65816,1.65837,147.0
2026-06-29 16:25:00,1.65836,1.65859,1.65836,1.65858,125.0
2026-06-29 16:30:00,1.65856,1.6586,1.65844,1.65844,128.0
2026-06-29 16:35:00,1.65844,1.65848,1.65833,1.6584,204.0
2026-06-29 16:40:00,1.65842,1.65854,1.65838,1.65852,146.0
2026-06-29 16:45:00,1.65855,1.65862,1.65849,1.65852,142.0
2026-06-29 16:50:00,1.65849,1.65884,1.65849,1.65882,109.0
2026-06-29 16:55:00,1.65882,1.65891,1.65874,1.65888,62.0
2026-06-29 17:00:00,1.65842,1.65842,1.65842,1.65842,1.0
2026-06-29 17:05:00,1.65844,1.65917,1.65816,1.65843,133.0
2026-06-29 17:10:00,1.65836,1.65884,1.65791,1.65883,213.0
2026-06-29 17:15:00,1.65884,1.65898,1.65874,1.65894,25.0
2026-06-29 17:20:00,1.65895,1.65937,1.65894,1.65936,75.0
2026-06-29 17:25:00,1.65938,1.65938,1.6592,1.65927,78.0
2026-06-29 17:30:00,1.65927,1.65944,1.65878,1.65894,69.0
2026-06-29 17:35:00,1.65892,1.65892,1.65829,1.65846,205.0
2026-06-29 17:40:00,1.65848,1.65856,1.65838,1.65846,140.0
2026-06-29 17:45:00,1.65846,1.65846,1.65826,1.65832,194.0
2026-06-29 17:50:00,1.65834,1.65842,1.65801,1.65828,166.0
2026-06-29 17:55:00,1.65827,1.659,1.65804,1.65831,161.0
2026-06-29 18:00:00,1.65826,1.65863,1.65825,1.65854,194.0
2026-06-29 18:05:00,1.65855,1.65858,1.65834,1.65836,121.0
2026-06-29 18:10:00,1.65836,1.6586,1.65828,1.65844,138.0
2026-06-29 18:15:00,1.65844,1.6585,1.65839,1.65842,107.0
2026-06-29 18:20:00,1.65842,1.65842,1.65835,1.6584,80.0
2026-06-29 18:25:00,1.6584,1.65852,1.65834,1.65835,77.0
2026-06-29 18:30:00,1.65834,1.65842,1.65832,1.65838,86.0
2026-06-29 18:35:00,1.65837,1.65853,1.65834,1.65846,131.0
2026-06-29 18:40:00,1.65846,1.65852,1.65844,1.65852,83.0
2026-06-29 18:45:00,1.6585,1.65857,1.6585,1.65852,60.0
2026-06-29 18:50:00,1.65853,1.65858,1.65852,1.65854,84.0
2026-06-29 18:55:00,1.65854,1.65883,1.65854,1.65876,201.0
2026-06-29 19:00:00,1.65877,1.6588,1.6586,1.65862,168.0
2026-06-29 19:05:00,1.65863,1.6587,1.65852,1.65861,156.0
2026-06-29 19:10:00,1.65861,1.65869,1.65856,1.65856,151.0
2026-06-29 19:15:00,1.65854,1.65855,1.65844,1.65848,87.0
2026-06-29 19:20:00,1.65846,1.65846,1.6583,1.65832,96.0
2026-06-29 19:25:00,1.65832,1.65856,1.65832,1.6585,82.0
2026-06-29 19:30:00,1.6585,1.65868,1.65846,1.65868,209.0
2026-06-29 19:35:00,1.6587,1.65872,1.65854,1.65856,140.0
2026-06-29 19:40:00,1.65856,1.65859,1.65844,1.65846,199.0
2026-06-29 19:45:00,1.65847,1.65896,1.65846,1.65881,275.0
2026-06-29 19:50:00,1.65885,1.65904,1.65882,1.6589,326.0
2026-06-29 19:55:00,1.65892,1.6594,1.65892,1.65923,487.0
2026-06-29 20:00:00,1.65921,1.66071,1.65921,1.66056,1608.0
2026-06-29 20:05:00,1.66057,1.66106,1.6604,1.66068,1142.0
2026-06-29 20:10:00,1.66066,1.66076,1.66018,1.66041,954.0
2026-06-29 20:15:00,1.66039,1.66048,1.65998,1.66022,763.0
2026-06-29 20:20:00,1.66022,1.66038,1.66,1.66002,571.0
2026-06-29 20:25:00,1.66002,1.66067,1.65994,1.66056,624.0
2026-06-29 20:30:00,1.66056,1.6607,1.66028,1.66032,872.0
2026-06-29 20:35:00,1.6603,1.66086,1.66022,1.66084,744.0
2026-06-29 20:40:00,1.66082,1.66086,1.66054,1.66066,680.0
2026-06-29 20:45:00,1.6606,1.66124,1.6606,1.6611,724.0
2026-06-29 20:50:00,1.66108,1.6619,1.66082,1.66182,1241.0
2026-06-29 20:55:00,1.66184,1.6619,1.66094,1.66101,1518.0
2026-06-29 21:00:00,1.661,1.66153,1.66085,1.66102,1179.0
2026-06-29 21:05:00,1.66096,1.66191,1.66092,1.66129,1191.0
2026-06-29 21:10:00,1.66134,1.6614,1.66086,1.66092,1458.0
2026-06-29 21:15:00,1.66092,1.66096,1.65964,1.65965,1454.0
2026-06-29 21:20:00,1.65963,1.65978,1.65939,1.65953,1053.0
2026-06-29 21:25:00,1.65952,1.65956,1.65882,1.65892,723.0
2026-06-29 21:30:00,1.65893,1.65893,1.65837,1.65856,862.0
2026-06-29 21:35:00,1.65858,1.65924,1.65846,1.65916,1165.0
2026-06-29 21:40:00,1.65918,1.6596,1.65894,1.65918,1380.0
2026-06-29 21:45:00,1.65918,1.66008,1.65894,1.65965,1509.0
2026-06-29 21:50:00,1.65966,1.66014,1.6596,1.66006,1104.0
2026-06-29 21:55:00,1.66004,1.66019,1.65989,1.6599,1150.0
2026-06-29 22:00:00,1.65992,1.6601,1.65951,1.65955,1031.0
2026-06-29 22:05:00,1.65955,1.66016,1.65948,1.66,950.0
2026-06-29 22:10:00,1.66004,1.66044,1.66,1.66028,955.0
2026-06-29 22:15:00,1.66025,1.66065,1.66012,1.6605,952.0
2026-06-29 22:20:00,1.66049,1.66056,1.66026,1.66038,684.0
2026-06-29 22:25:00,1.66038,1.66062,1.66034,1.66058,648.0
2026-06-29 22:30:00,1.6606,1.6612,1.66052,1.661,858.0
2026-06-29 22:35:00,1.661,1.66112,1.66064,1.6607,645.0
2026-06-29 22:40:00,1.66068,1.66102,1.66066,1.66092,414.0
2026-06-29 22:45:00,1.6609,1.66104,1.66042,1.66052,439.0
2026-06-29 22:50:00,1.6605,1.6605,1.66002,1.6602,570.0
2026-06-29 22:55:00,1.6602,1.66041,1.66009,1.66033,726.0
2026-06-29 23:00:00,1.66034,1.66035,1.65952,1.65966,744.0
2026-06-29 23:05:00,1.65966,1.65986,1.65942,1.65982,602.0
2026-06-29 23:10:00,1.65982,1.6601,1.65978,1.66006,423.0
2026-06-29 23:15:00,1.66006,1.66006,1.65952,1.65952,590.0
2026-06-29 23:20:00,1.65948,1.65981,1.65936,1.65973,571.0
2026-06-29 23:25:00,1.65972,1.65984,1.65942,1.65952,708.0
2026-06-29 23:30:00,1.65954,1.6597,1.65935,1.65959,549.0
2026-06-29 23:35:00,1.65959,1.65968,1.65944,1.6595,586.0
2026-06-29 23:40:00,1.6595,1.65962,1.65935,1.6596,536.0
2026-06-29 23:45:00,1.6596,1.65961,1.65944,1.65948,372.0
2026-06-29 23:50:00,1.65946,1.6596,1.65922,1.6596,411.0
2026-06-29 23:55:00,1.6596,1.65968,1.65933,1.65946,502.0
2026-06-30 00:00:00,1.65944,1.65944,1.65902,1.65908,607.0
2026-06-30 00:05:00,1.65909,1.65941,1.659,1.65939,454.0
2026-06-30 00:10:00,1.65942,1.65942,1.65878,1.6589,418.0
2026-06-30 00:15:00,1.6589,1.65902,1.65878,1.659,433.0
2026-06-30 00:20:00,1.65898,1.659,1.65872,1.65876,343.0
2026-06-30 00:25:00,1.65876,1.65876,1.65846,1.6585,322.0
2026-06-30 00:30:00,1.65852,1.6586,1.65844,1.65851,289.0
2026-06-30 00:35:00,1.65849,1.65854,1.65826,1.65834,352.0
2026-06-30 00:40:00,1.65836,1.65866,1.6583,1.6586,389.0
2026-06-30 00:45:00,1.65858,1.65868,1.65806,1.65812,419.0
2026-06-30 00:50:00,1.65814,1.65853,1.6581,1.6585,438.0
2026-06-30 00:55:00,1.65851,1.65856,1.65804,1.65814,669.0
2026-06-30 01:00:00,1.65815,1.65819,1.65751,1.65762,948.0
2026-06-30 01:05:00,1.65759,1.65784,1.65734,1.65754,583.0
2026-06-30 01:10:00,1.65758,1.65766,1.65722,1.65725,678.0
2026-06-30 01:15:00,1.65726,1.65749,1.65724,1.65738,470.0
2026-06-30 01:20:00,1.65738,1.65748,1.65728,1.65737,343.0
2026-06-30 01:25:00,1.65736,1.6577,1.65734,1.6574,553.0
2026-06-30 01:30:00,1.65738,1.65774,1.65738,1.65772,603.0
2026-06-30 01:35:00,1.65774,1.65792,1.65758,1.65759,562.0
2026-06-30 01:40:00,1.65758,1.6576,1.65734,1.65749,510.0
2026-06-30 01:45:00,1.6575,1.6575,1.65702,1.65702,570.0
2026-06-30 01:50:00,1.65702,1.65733,1.6568,1.65716,738.0
2026-06-30 01:55:00,1.65717,1.65768,1.65711,1.65749,1008.0
2026-06-30 02:00:00,1.65746,1.65752,1.65702,1.65728,795.0
2026-06-30 02:05:00,1.65728,1.65765,1.65723,1.65764,979.0
2026-06-30 02:10:00,1.65764,1.65785,1.65754,1.65766,922.0
2026-06-30 02:15:00,1.65768,1.65774,1.65734,1.65751,507.0
2026-06-30 02:20:00,1.6575,1.65758,1.65711,1.65726,696.0
2026-06-30 02:25:00,1.65728,1.65754,1.65692,1.657,766.0
2026-06-30 02:30:00,1.65698,1.65791,1.65692,1.6576,939.0
2026-06-30 02:35:00,1.65755,1.65768,1.65727,1.65754,801.0
2026-06-30 02:40:00,1.65754,1.65815,1.6572,1.65794,818.0
2026-06-30 02:45:00,1.65787,1.65807,1.65748,1.65796,808.0
2026-06-30 02:50:00,1.65797,1.65807,1.6577,1.65782,664.0
2026-06-30 02:55:00,1.6578,1.65789,1.65758,1.65775,548.0
2026-06-30 03:00:00,1.65774,1.65818,1.65774,1.65801,1052.0
2026-06-30 03:05:00,1.65802,1.65848,1.65802,1.65835,692.0
2026-06-30 03:10:00,1.65836,1.65851,1.65798,1.65806,633.0
2026-06-30 03:15:00,1.65806,1.65842,1.658,1.65839,505.0
2026-06-30 03:20:00,1.6584,1.65863,1.65829,1.6585,565.0
2026-06-30 03:25:00,1.65852,1.65865,1.65802,1.65804,788.0
2026-06-30 03:30:00,1.65806,1.65816,1.65758,1.65758,519.0
2026-06-30 03:35:00,1.65761,1.65775,1.65728,1.65737,448.0
2026-06-30 03:40:00,1.65738,1.65772,1.65728,1.65761,623.0
2026-06-30 03:45:00,1.6576,1.6577,1.65722,1.65757,545.0
2026-06-30 03:50:00,1.65756,1.65784,1.65725,1.65732,661.0
2026-06-30 03:55:00,1.65733,1.65756,1.6572,1.65743,623.0
2026-06-30 04:00:00,1.65739,1.65746,1.65612,1.65621,1149.0
2026-06-30 04:05:00,1.65622,1.6566,1.6561,1.6564,1317.0
2026-06-30 04:10:00,1.6564,1.65642,1.65594,1.6561,766.0
2026-06-30 04:15:00,1.6561,1.65624,1.65579,1.65606,819.0
2026-06-30 04:20:00,1.65608,1.65611,1.65544,1.65554,620.0
2026-06-30 04:25:00,1.65556,1.65584,1.65536,1.65566,693.0
2026-06-30 04:30:00,1.65567,1.6561,1.65526,1.6553,662.0
2026-06-30 04:35:00,1.65532,1.65558,1.65502,1.65558,897.0
2026-06-30 04:40:00,1.65558,1.65594,1.6554,1.65559,719.0
2026-06-30 04:45:00,1.65559,1.65564,1.65521,1.65534,634.0
2026-06-30 04:50:00,1.65537,1.6556,1.65532,1.65558,729.0
2026-06-30 04:55:00,1.65556,1.65584,1.65547,1.65574,590.0
2026-06-30 05:00:00,1.65576,1.65586,1.65496,1.65496,738.0
2026-06-30 05:05:00,1.65496,1.65525,1.65474,1.65506,640.0
2026-06-30 05:10:00,1.65506,1.65517,1.6548,1.6549,531.0
2026-06-30 05:15:00,1.65484,1.65486,1.65456,1.65474,553.0
2026-06-30 05:20:00,1.6548,1.65512,1.65476,1.65498,544.0
2026-06-30 05:25:00,1.65497,1.65544,1.65493,1.65535,599.0
2026-06-30 05:30:00,1.65535,1.65552,1.6551,1.65511,592.0
2026-06-30 05:35:00,1.65512,1.65538,1.65511,1.65526,505.0
2026-06-30 05:40:00,1.65526,1.65534,1.6551,1.6552,521.0
2026-06-30 05:45:00,1.6552,1.65531,1.65504,1.65507,434.0
2026-06-30 05:50:00,1.65506,1.65554,1.65505,1.65552,523.0
2026-06-30 05:55:00,1.65552,1.65576,1.65542,1.65558,638.0
2026-06-30 06:00:00,1.65559,1.6558,1.65542,1.65568,502.0
2026-06-30 06:05:00,1.65568,1.65569,1.65525,1.65526,429.0
2026-06-30 06:10:00,1.65526,1.65533,1.65508,1.65516,493.0
2026-06-30 06:15:00,1.65516,1.65518,1.65476,1.65478,530.0
2026-06-30 06:20:00,1.6547,1.65502,1.65467,1.65496,447.0
2026-06-30 06:25:00,1.65496,1.65522,1.65495,1.65513,502.0
2026-06-30 06:30:00,1.65512,1.65537,1.65504,1.65532,343.0
2026-06-30 06:35:00,1.65532,1.65596,1.65524,1.65588,397.0
2026-06-30 06:40:00,1.65586,1.65587,1.65552,1.65572,410.0
2026-06-30 06:45:00,1.65572,1.6558,1.65551,1.65564,291.0
2026-06-30 06:50:00,1.65564,1.65564,1.65505,1.65526,387.0
2026-06-30 06:55:00,1.65524,1.65525,1.65476,1.6549,628.0
2026-06-30 07:00:00,1.65489,1.65518,1.65482,1.6549,725.0
2026-06-30 07:05:00,1.65492,1.65502,1.65456,1.65462,512.0
2026-06-30 07:10:00,1.65462,1.65484,1.65452,1.65457,444.0
2026-06-30 07:15:00,1.65454,1.65466,1.65417,1.6546,550.0
2026-06-30 07:20:00,1.65461,1.65496,1.65453,1.65495,696.0
2026-06-30 07:25:00,1.65496,1.655,1.65452,1.6546,728.0
2026-06-30 07:30:00,1.6546,1.6546,1.65426,1.65427,578.0
2026-06-30 07:35:00,1.65426,1.65433,1.65394,1.65398,497.0
2026-06-30 07:40:00,1.65398,1.65461,1.65378,1.65455,762.0
2026-06-30 07:45:00,1.65454,1.6546,1.65411,1.65423,609.0
2026-06-30 07:50:00,1.65424,1.65436,1.65406,1.65414,494.0
2026-06-30 07:55:00,1.65413,1.65413,1.65379,1.65408,499.0
2026-06-30 08:00:00,1.65409,1.65414,1.65374,1.654,598.0
2026-06-30 08:05:00,1.65399,1.65441,1.65394,1.6543,618.0
2026-06-30 08:10:00,1.6543,1.65473,1.65422,1.65462,593.0
2026-06-30 08:15:00,1.65464,1.65482,1.65446,1.65447,522.0
2026-06-30 08:20:00,1.6545,1.65484,1.65443,1.65475,605.0
2026-06-30 08:25:00,1.65476,1.65499,1.65468,1.6549,457.0
2026-06-30 08:30:00,1.6549,1.65494,1.65449,1.65464,990.0
2026-06-30 08:35:00,1.65463,1.65483,1.65454,1.65473,632.0
2026-06-30 08:40:00,1.65472,1.65508,1.65468,1.65488,597.0
2026-06-30 08:45:00,1.6549,1.65501,1.65474,1.65492,481.0
2026-06-30 08:50:00,1.65492,1.65534,1.6549,1.65529,725.0
2026-06-30 08:55:00,1.6553,1.6556,1.65519,1.65528,729.0
2026-06-30 09:00:00,1.65528,1.65528,1.6546,1.65474,688.0
2026-06-30 09:05:00,1.65474,1.65516,1.65471,1.65504,628.0
2026-06-30 09:10:00,1.65504,1.65511,1.65448,1.65457,614.0
2026-06-30 09:15:00,1.65458,1.65488,1.65436,1.6545,849.0
2026-06-30 09:20:00,1.65452,1.65494,1.65445,1.6547,694.0
2026-06-30 09:25:00,1.65471,1.65476,1.65446,1.65461,534.0
2026-06-30 09:30:00,1.65458,1.6547,1.65444,1.65444,1053.0
2026-06-30 09:35:00,1.65445,1.6546,1.65403,1.65418,987.0
2026-06-30 09:40:00,1.65423,1.65434,1.65396,1.6542,667.0
2026-06-30 09:45:00,1.6542,1.65423,1.65368,1.65404,888.0
2026-06-30 09:50:00,1.65402,1.65417,1.65352,1.65388,1003.0
2026-06-30 09:55:00,1.65386,1.65386,1.65328,1.65346,676.0
2026-06-30 10:00:00,1.65346,1.65364,1.6526,1.65308,1292.0
2026-06-30 10:05:00,1.65306,1.65348,1.6526,1.6527,1157.0
2026-06-30 10:10:00,1.6527,1.65288,1.65218,1.65236,1455.0
2026-06-30 10:15:00,1.65238,1.6525,1.65195,1.65238,1365.0
2026-06-30 10:20:00,1.6524,1.65264,1.6521,1.6526,1169.0
2026-06-30 10:25:00,1.65261,1.65278,1.65177,1.65178,1272.0
2026-06-30 10:30:00,1.65178,1.65216,1.65166,1.65186,1211.0
2026-06-30 10:35:00,1.65186,1.65199,1.65126,1.65156,1147.0
2026-06-30 10:40:00,1.65156,1.65228,1.6515,1.6517,1206.0
2026-06-30 10:45:00,1.6517,1.65178,1.6512,1.65163,1525.0
2026-06-30 10:50:00,1.65162,1.6524,1.65142,1.6519,1801.0
2026-06-30 10:55:00,1.6519,1.6521,1.64986,1.65095,2523.0
2026-06-30 11:00:00,1.651,1.65104,1.64993,1.65089,2133.0
2026-06-30 11:05:00,1.65092,1.65118,1.65053,1.65088,1108.0
2026-06-30 11:10:00,1.65088,1.65103,1.65061,1.65072,1076.0
2026-06-30 11:15:00,1.65074,1.65142,1.65072,1.65134,1052.0
2026-06-30 11:20:00,1.65135,1.65148,1.6512,1.65143,875.0
2026-06-30 11:25:00,1.65142,1.65161,1.6512,1.65156,753.0
2026-06-30 11:30:00,1.65158,1.65194,1.65158,1.65171,938.0
2026-06-30 11:35:00,1.65172,1.65177,1.6513,1.65148,825.0
2026-06-30 11:40:00,1.65154,1.65169,1.65134,1.65147,728.0
2026-06-30 11:45:00,1.65146,1.65148,1.65109,1.65115,668.0
2026-06-30 11:50:00,1.65116,1.65136,1.65108,1.65128,659.0
2026-06-30 11:55:00,1.65129,1.6514,1.65105,1.65125,572.0
2026-06-30 12:00:00,1.65126,1.65134,1.65102,1.65104,527.0
2026-06-30 12:05:00,1.65102,1.6515,1.65094,1.65128,596.0
2026-06-30 12:10:00,1.65128,1.65168,1.65128,1.65137,630.0
2026-06-30 12:15:00,1.65136,1.65171,1.65128,1.65171,533.0
2026-06-30 12:20:00,1.65166,1.65173,1.65145,1.65166,484.0
2026-06-30 12:25:00,1.65168,1.65186,1.65144,1.65175,568.0
2026-06-30 12:30:00,1.65178,1.65192,1.65157,1.6518,506.0
2026-06-30 12:35:00,1.6518,1.65196,1.65163,1.6517,444.0
2026-06-30 12:40:00,1.65169,1.65204,1.65162,1.65179,568.0
2026-06-30 12:45:00,1.65178,1.65184,1.65138,1.65152,422.0
2026-06-30 12:50:00,1.65151,1.65158,1.65124,1.65126,492.0
2026-06-30 12:55:00,1.65126,1.6514,1.6512,1.65138,548.0
2026-06-30 13:00:00,1.6514,1.65166,1.65113,1.65118,558.0
2026-06-30 13:05:00,1.65118,1.65138,1.65118,1.65132,420.0
2026-06-30 13:10:00,1.65131,1.65136,1.6512,1.65124,456.0
2026-06-30 13:15:00,1.65124,1.65138,1.65114,1.6513,437.0
2026-06-30 13:20:00,1.6513,1.65131,1.65108,1.65119,381.0
2026-06-30 13:25:00,1.6512,1.65139,1.65116,1.65136,369.0
2026-06-30 13:30:00,1.65136,1.65141,1.6511,1.65114,460.0
2026-06-30 13:35:00,1.65114,1.65116,1.65098,1.65112,346.0
2026-06-30 13:40:00,1.6511,1.65111,1.65064,1.65065,291.0
2026-06-30 13:45:00,1.65064,1.65089,1.65062,1.65089,307.0
2026-06-30 13:50:00,1.6509,1.65101,1.65072,1.6508,338.0
2026-06-30 13:55:00,1.6508,1.65092,1.65073,1.65092,288.0
2026-06-30 14:00:00,1.6509,1.65109,1.65085,1.65108,348.0
2026-06-30 14:05:00,1.65104,1.65112,1.65094,1.65102,412.0
2026-06-30 14:10:00,1.65104,1.65114,1.65095,1.65114,445.0
2026-06-30 14:15:00,1.65114,1.65114,1.65091,1.65092,385.0
2026-06-30 14:20:00,1.65092,1.65104,1.65088,1.65088,345.0
2026-06-30 14:25:00,1.65088,1.65115,1.65088,1.65107,329.0
2026-06-30 14:30:00,1.65106,1.65118,1.65096,1.65098,360.0
2026-06-30 14:35:00,1.65097,1.65112,1.6509,1.651,388.0
2026-06-30 14:40:00,1.651,1.65108,1.65056,1.65066,441.0
2026-06-30 14:45:00,1.65064,1.65064,1.65038,1.65044,320.0
2026-06-30 14:50:00,1.65043,1.65064,1.65036,1.6506,297.0
2026-06-30 14:55:00,1.65062,1.65062,1.65016,1.6503,444.0
2026-06-30 15:00:00,1.65028,1.65042,1.65008,1.65038,565.0
2026-06-30 15:05:00,1.65038,1.65046,1.65025,1.65032,392.0
2026-06-30 15:10:00,1.65033,1.65044,1.65026,1.65029,411.0
2026-06-30 15:15:00,1.6503,1.65037,1.65001,1.65009,342.0
2026-06-30 15:20:00,1.65008,1.65012,1.64989,1.64998,411.0
2026-06-30 15:25:00,1.64999,1.65008,1.6499,1.64995,377.0
2026-06-30 15:30:00,1.64994,1.65008,1.64972,1.64998,511.0
2026-06-30 15:35:00,1.64998,1.65016,1.64996,1.65004,371.0
2026-06-30 15:40:00,1.65004,1.65018,1.64995,1.65006,343.0
2026-06-30 15:45:00,1.65006,1.65012,1.64999,1.65007,271.0
2026-06-30 15:50:00,1.6501,1.65022,1.65,1.65009,461.0
2026-06-30 15:55:00,1.6501,1.6505,1.65003,1.65045,938.0
2026-06-30 16:00:00,1.65049,1.65058,1.65032,1.65052,850.0
2026-06-30 16:05:00,1.65046,1.6507,1.6504,1.65067,346.0
2026-06-30 16:10:00,1.65064,1.65078,1.65056,1.65058,277.0
2026-06-30 16:15:00,1.65058,1.65066,1.65047,1.65056,212.0
2026-06-30 16:20:00,1.65056,1.6506,1.65041,1.65047,211.0
2026-06-30 16:25:00,1.65046,1.65068,1.65044,1.65066,200.0
2026-06-30 16:30:00,1.65066,1.65075,1.6506,1.65062,208.0
2026-06-30 16:35:00,1.65062,1.65076,1.65054,1.65066,209.0
2026-06-30 16:40:00,1.65068,1.65078,1.6505,1.65052,198.0
2026-06-30 16:45:00,1.65052,1.65062,1.65044,1.65053,264.0
2026-06-30 16:50:00,1.65054,1.65066,1.65046,1.65054,202.0
2026-06-30 16:55:00,1.6505,1.65068,1.65047,1.65064,236.0
2026-06-30 17:00:00,1.65136,1.65136,1.65126,1.65131,5.0
2026-06-30 17:05:00,1.6512,1.65204,1.65111,1.65127,88.0
2026-06-30 17:10:00,1.6515,1.65195,1.65138,1.65156,104.0
2026-06-30 17:15:00,1.65154,1.65168,1.6512,1.6512,139.0
2026-06-30 17:20:00,1.6512,1.65138,1.65064,1.65106,235.0
2026-06-30 17:25:00,1.65106,1.65129,1.65088,1.65118,95.0
2026-06-30 17:30:00,1.65118,1.65132,1.65092,1.6512,110.0
2026-06-30 17:35:00,1.6512,1.6512,1.6509,1.65104,73.0
2026-06-30 17:40:00,1.65102,1.65127,1.65072,1.65124,88.0
2026-06-30 17:45:00,1.65124,1.65136,1.65084,1.65134,127.0
2026-06-30 17:50:00,1.65134,1.65139,1.65118,1.65118,131.0
2026-06-30 17:55:00,1.65111,1.65114,1.6507,1.6507,58.0
2026-06-30 18:00:00,1.6507,1.6509,1.65056,1.65072,137.0
2026-06-30 18:05:00,1.65072,1.65094,1.65067,1.65093,146.0
2026-06-30 18:10:00,1.65091,1.65104,1.65082,1.65095,146.0
2026-06-30 18:15:00,1.65096,1.65115,1.65096,1.65096,124.0
2026-06-30 18:20:00,1.65096,1.65096,1.65078,1.65084,159.0
2026-06-30 18:25:00,1.65084,1.65104,1.65082,1.65104,124.0
2026-06-30 18:30:00,1.65103,1.65104,1.65093,1.65096,103.0
2026-06-30 18:35:00,1.65095,1.65109,1.65088,1.65108,53.0
2026-06-30 18:40:00,1.65104,1.65106,1.65095,1.651,79.0
2026-06-30 18:45:00,1.651,1.6511,1.6509,1.65098,135.0
2026-06-30 18:50:00,1.65096,1.6511,1.65093,1.65102,62.0
2026-06-30 18:55:00,1.65102,1.65105,1.65087,1.6509,127.0
2026-06-30 19:00:00,1.65091,1.65099,1.65082,1.65092,253.0
2026-06-30 19:05:00,1.65092,1.65093,1.65072,1.65075,198.0
2026-06-30 19:10:00,1.65076,1.65086,1.65068,1.65085,146.0
2026-06-30 19:15:00,1.65086,1.65088,1.65073,1.65074,123.0
2026-06-30 19:20:00,1.65078,1.65088,1.65072,1.65074,101.0
2026-06-30 19:25:00,1.65074,1.6509,1.6506,1.65084,188.0
2026-06-30 19:30:00,1.65085,1.65096,1.65068,1.65068,134.0
2026-06-30 19:35:00,1.65069,1.65098,1.65068,1.65098,205.0
2026-06-30 19:40:00,1.65098,1.65098,1.65082,1.65088,184.0
2026-06-30 19:45:00,1.6509,1.6509,1.65058,1.65066,338.0
2026-06-30 19:50:00,1.65062,1.65082,1.65059,1.65074,272.0
2026-06-30 19:55:00,1.65071,1.65128,1.6507,1.65116,438.0
2026-06-30 20:00:00,1.65116,1.6512,1.65096,1.651,734.0
2026-06-30 20:05:00,1.651,1.65115,1.6508,1.65098,482.0
2026-06-30 20:10:00,1.651,1.6512,1.6508,1.65114,433.0
2026-06-30 20:15:00,1.65114,1.65156,1.65106,1.65143,823.0
2026-06-30 20:20:00,1.65141,1.65202,1.65136,1.65188,726.0
2026-06-30 20:25:00,1.65188,1.65254,1.65188,1.65236,750.0
2026-06-30 20:30:00,1.65236,1.6525,1.65185,1.65208,749.0
2026-06-30 20:35:00,1.65209,1.65238,1.65209,1.65222,689.0
2026-06-30 20:40:00,1.65223,1.65268,1.65221,1.65265,657.0
2026-06-30 20:45:00,1.65264,1.65318,1.65258,1.65311,870.0
2026-06-30 20:50:00,1.6531,1.6531,1.65262,1.65306,803.0
2026-06-30 20:55:00,1.65304,1.65328,1.65288,1.65326,847.0
2026-06-30 21:00:00,1.65326,1.65338,1.65288,1.6533,906.0
2026-06-30 21:05:00,1.65335,1.6536,1.65308,1.65358,1024.0
2026-06-30 21:10:00,1.6536,1.65398,1.65355,1.65363,850.0
2026-06-30 21:15:00,1.65364,1.65435,1.65348,1.65416,921.0
2026-06-30 21:20:00,1.65414,1.65426,1.65363,1.65384,885.0
2026-06-30 21:25:00,1.65384,1.65428,1.65383,1.65406,886.0
2026-06-30 21:30:00,1.65407,1.65428,1.65387,1.65404,680.0
2026-06-30 21:35:00,1.65404,1.65428,1.654,1.6541,674.0
2026-06-30 21:40:00,1.65412,1.65468,1.65404,1.6545,605.0
2026-06-30 21:45:00,1.6545,1.65521,1.65442,1.65502,813.0
2026-06-30 21:50:00,1.65502,1.65537,1.6548,1.65516,912.0
2026-06-30 21:55:00,1.65516,1.65522,1.6547,1.65478,908.0
2026-06-30 22:00:00,1.65476,1.6556,1.65472,1.65558,782.0
2026-06-30 22:05:00,1.65559,1.65658,1.65549,1.65635,802.0
2026-06-30 22:10:00,1.65632,1.65684,1.65628,1.65636,812.0
2026-06-30 22:15:00,1.65637,1.65676,1.65617,1.6563,660.0
2026-06-30 22:20:00,1.65627,1.65638,1.65594,1.65612,568.0
2026-06-30 22:25:00,1.65606,1.65622,1.65551,1.65551,655.0
2026-06-30 22:30:00,1.65552,1.65571,1.65526,1.65571,726.0
2026-06-30 22:35:00,1.6557,1.65571,1.65518,1.65537,624.0
2026-06-30 22:40:00,1.65536,1.65542,1.65489,1.65505,562.0
2026-06-30 22:45:00,1.65504,1.65526,1.65474,1.65524,597.0
2026-06-30 22:50:00,1.65524,1.65532,1.65498,1.65514,489.0
2026-06-30 22:55:00,1.65514,1.65566,1.65496,1.65558,545.0
2026-06-30 23:00:00,1.65556,1.65592,1.6553,1.65542,595.0
2026-06-30 23:05:00,1.65544,1.65554,1.6552,1.65536,473.0
2026-06-30 23:10:00,1.65538,1.65542,1.65528,1.65534,407.0
2026-06-30 23:15:00,1.65532,1.65562,1.65515,1.65541,431.0
2026-06-30 23:20:00,1.6554,1.65554,1.65511,1.6553,494.0
2026-06-30 23:25:00,1.65532,1.65564,1.65517,1.65544,426.0
2026-06-30 23:30:00,1.65544,1.65544,1.6552,1.65534,516.0
2026-06-30 23:35:00,1.65534,1.65544,1.65515,1.65528,465.0
2026-06-30 23:40:00,1.65528,1.65549,1.65515,1.65548,377.0
2026-06-30 23:45:00,1.65548,1.65548,1.65494,1.655,315.0
2026-06-30 23:50:00,1.65501,1.65513,1.65491,1.65506,324.0
2026-06-30 23:55:00,1.65506,1.6551,1.6548,1.65482,371.0
2026-07-01 00:00:00,1.65482,1.6554,1.65478,1.65533,542.0
2026-07-01 00:05:00,1.65534,1.65542,1.65516,1.65534,384.0
2026-07-01 00:10:00,1.65534,1.65596,1.65532,1.65594,313.0
2026-07-01 00:15:00,1.65594,1.65607,1.65582,1.65586,343.0
2026-07-01 00:20:00,1.65586,1.65624,1.6558,1.65605,387.0
2026-07-01 00:25:00,1.65606,1.6561,1.65585,1.65588,417.0
2026-07-01 00:30:00,1.65588,1.65596,1.65559,1.65572,669.0
2026-07-01 00:35:00,1.65572,1.65592,1.65552,1.65584,419.0
2026-07-01 00:40:00,1.65583,1.65586,1.65542,1.65553,435.0
2026-07-01 00:45:00,1.65554,1.65555,1.65512,1.65542,525.0
2026-07-01 00:50:00,1.65542,1.65543,1.65517,1.65523,325.0
2026-07-01 00:55:00,1.65524,1.65534,1.65509,1.65532,375.0
2026-07-01 01:00:00,1.65533,1.65543,1.65508,1.65524,555.0
2026-07-01 01:05:00,1.65526,1.65528,1.65498,1.65512,457.0
2026-07-01 01:10:00,1.65506,1.6555,1.65506,1.65546,447.0
2026-07-01 01:15:00,1.65544,1.65562,1.65512,1.65528,454.0
2026-07-01 01:20:00,1.65529,1.65536,1.65506,1.6551,459.0
2026-07-01 01:25:00,1.6551,1.6552,1.65491,1.65498,450.0
2026-07-01 01:30:00,1.65498,1.65508,1.65452,1.65457,623.0
2026-07-01 01:35:00,1.65456,1.65464,1.65437,1.65454,542.0
2026-07-01 01:40:00,1.65454,1.65476,1.65437,1.65464,739.0
2026-07-01 01:45:00,1.65463,1.65492,1.65462,1.6549,769.0
2026-07-01 01:50:00,1.65489,1.6549,1.65412,1.65417,584.0
2026-07-01 01:55:00,1.65414,1.65449,1.65398,1.65444,772.0
2026-07-01 02:00:00,1.6545,1.65486,1.65446,1.65468,1113.0
2026-07-01 02:05:00,1.65469,1.6551,1.65462,1.65489,921.0
2026-07-01 02:10:00,1.65488,1.65516,1.65486,1.65491,853.0
2026-07-01 02:15:00,1.65489,1.6552,1.65487,1.65498,707.0
2026-07-01 02:20:00,1.65502,1.65526,1.65488,1.65522,543.0
2026-07-01 02:25:00,1.65522,1.6554,1.65501,1.65502,672.0
2026-07-01 02:30:00,1.65502,1.65544,1.65484,1.65536,609.0
2026-07-01 02:35:00,1.65535,1.6555,1.65528,1.65543,458.0
2026-07-01 02:40:00,1.65544,1.65544,1.65486,1.65494,425.0
2026-07-01 02:45:00,1.65494,1.65512,1.65489,1.65489,436.0
2026-07-01 02:50:00,1.6549,1.65502,1.65478,1.6549,402.0
2026-07-01 02:55:00,1.6549,1.65513,1.65466,1.65468,649.0
2026-07-01 03:00:00,1.65466,1.65476,1.65423,1.65427,1066.0
2026-07-01 03:05:00,1.65426,1.65462,1.65416,1.6542,703.0
2026-07-01 03:10:00,1.6542,1.65462,1.65401,1.65454,798.0
2026-07-01 03:15:00,1.65455,1.65484,1.65433,1.65433,759.0
2026-07-01 03:20:00,1.65434,1.65452,1.65418,1.65422,528.0
2026-07-01 03:25:00,1.65422,1.65434,1.65408,1.65432,421.0
2026-07-01 03:30:00,1.65433,1.65447,1.65418,1.65426,564.0
2026-07-01 03:35:00,1.65426,1.65442,1.65401,1.65406,531.0
2026-07-01 03:40:00,1.65406,1.65513,1.65395,1.65504,565.0
2026-07-01 03:45:00,1.65504,1.65504,1.65436,1.65436,508.0
2026-07-01 03:50:00,1.65444,1.6546,1.65418,1.65432,457.0
2026-07-01 03:55:00,1.65432,1.65438,1.65387,1.65413,846.0
2026-07-01 04:00:00,1.65416,1.65464,1.654,1.6546,823.0
2026-07-01 04:05:00,1.65462,1.65482,1.65434,1.65438,571.0
2026-07-01 04:10:00,1.65438,1.6545,1.65424,1.65432,414.0
2026-07-01 04:15:00,1.65433,1.65457,1.65407,1.65419,478.0
2026-07-01 04:20:00,1.6542,1.6542,1.6539,1.65395,496.0
2026-07-01 04:25:00,1.65396,1.65398,1.65336,1.65345,568.0
2026-07-01 04:30:00,1.65346,1.65374,1.65338,1.65348,732.0
2026-07-01 04:35:00,1.6535,1.65358,1.6534,1.65343,606.0
2026-07-01 04:40:00,1.65343,1.65371,1.65333,1.6534,503.0
2026-07-01 04:45:00,1.65342,1.65412,1.65341,1.654,523.0
2026-07-01 04:50:00,1.65401,1.65405,1.65386,1.65395,546.0
2026-07-01 04:55:00,1.65396,1.65402,1.65338,1.65365,468.0
2026-07-01 05:00:00,1.65367,1.65394,1.65354,1.65392,569.0
2026-07-01 05:05:00,1.65392,1.65395,1.6534,1.6536,542.0
2026-07-01 05:10:00,1.65358,1.65378,1.65328,1.65336,477.0
2026-07-01 05:15:00,1.65336,1.65354,1.65297,1.6533,614.0
2026-07-01 05:20:00,1.65332,1.65334,1.65291,1.65308,462.0
2026-07-01 05:25:00,1.65307,1.65312,1.65272,1.65274,478.0
2026-07-01 05:30:00,1.65272,1.6529,1.65257,1.65267,619.0
2026-07-01 05:35:00,1.65268,1.6527,1.65248,1.65263,482.0
2026-07-01 05:40:00,1.65262,1.65288,1.65242,1.6527,556.0
2026-07-01 05:45:00,1.65271,1.65272,1.65238,1.65247,465.0
2026-07-01 05:50:00,1.65246,1.65266,1.65226,1.65263,594.0
2026-07-01 05:55:00,1.65264,1.65294,1.65258,1.65294,531.0
2026-07-01 06:00:00,1.65292,1.65307,1.65284,1.65304,544.0
2026-07-01 06:05:00,1.65304,1.65324,1.65288,1.65294,438.0
2026-07-01 06:10:00,1.65294,1.65322,1.65292,1.65318,406.0
2026-07-01 06:15:00,1.65318,1.65331,1.65294,1.65322,588.0
2026-07-01 06:20:00,1.65322,1.65322,1.6529,1.65308,410.0
2026-07-01 06:25:00,1.6531,1.65313,1.65288,1.65298,390.0
2026-07-01 06:30:00,1.65298,1.65307,1.65275,1.65284,413.0
2026-07-01 06:35:00,1.65283,1.65283,1.65256,1.6526,390.0
2026-07-01 06:40:00,1.6526,1.65292,1.65251,1.65264,398.0
2026-07-01 06:45:00,1.65264,1.65271,1.65245,1.6525,344.0
2026-07-01 06:50:00,1.6525,1.65259,1.65222,1.65252,386.0
2026-07-01 06:55:00,1.65253,1.65253,1.65212,1.6523,422.0
2026-07-01 07:00:00,1.6523,1.65236,1.65204,1.65218,557.0
2026-07-01 07:05:00,1.65218,1.65238,1.65211,1.65225,440.0
2026-07-01 07:10:00,1.65224,1.65226,1.65184,1.65202,434.0
2026-07-01 07:15:00,1.65203,1.65206,1.65174,1.65182,542.0
2026-07-01 07:20:00,1.65182,1.6521,1.65182,1.65204,386.0
2026-07-01 07:25:00,1.65205,1.65205,1.65186,1.65204,445.0
2026-07-01 07:30:00,1.65205,1.65256,1.65204,1.65254,408.0
2026-07-01 07:35:00,1.65255,1.65262,1.65232,1.65234,450.0
2026-07-01 07:40:00,1.65235,1.65277,1.65212,1.65222,584.0
2026-07-01 07:45:00,1.65221,1.65243,1.65191,1.65199,579.0
2026-07-01 07:50:00,1.65198,1.6522,1.65183,1.65202,689.0
2026-07-01 07:55:00,1.65202,1.6522,1.65156,1.65166,807.0
2026-07-01 08:00:00,1.65167,1.65224,1.65167,1.65218,611.0
2026-07-01 08:05:00,1.65222,1.65237,1.65173,1.65176,609.0
2026-07-01 08:10:00,1.65181,1.65181,1.65114,1.65116,521.0
2026-07-01 08:15:00,1.65128,1.65138,1.65099,1.6511,617.0
2026-07-01 08:20:00,1.6511,1.65122,1.65072,1.65074,720.0
2026-07-01 08:25:00,1.65075,1.65088,1.65047,1.65058,634.0
2026-07-01 08:30:00,1.6506,1.65076,1.64979,1.6503,781.0
2026-07-01 08:35:00,1.65032,1.65032,1.6498,1.64989,919.0
2026-07-01 08:40:00,1.64989,1.65013,1.64958,1.64985,924.0
2026-07-01 08:45:00,1.64983,1.65009,1.64972,1.65003,801.0
2026-07-01 08:50:00,1.65004,1.65026,1.64994,1.65002,720.0
2026-07-01 08:55:00,1.65002,1.65015,1.64974,1.64986,499.0
2026-07-01 09:00:00,1.64986,1.65016,1.64972,1.65,626.0
2026-07-01 09:05:00,1.65001,1.6507,1.65,1.65068,899.0
2026-07-01 09:10:00,1.65068,1.6507,1.64978,1.6501,1649.0
2026-07-01 09:15:00,1.6501,1.65042,1.64954,1.64988,1588.0
2026-07-01 09:20:00,1.64987,1.65001,1.64924,1.6496,1564.0
2026-07-01 09:25:00,1.64964,1.6503,1.64964,1.65004,1573.0
2026-07-01 09:30:00,1.65005,1.65077,1.64998,1.65068,2212.0
2026-07-01 09:35:00,1.6507,1.65083,1.64998,1.6501,1908.0
2026-07-01 09:40:00,1.65009,1.65024,1.6497,1.6499,1813.0
2026-07-01 09:45:00,1.64989,1.65037,1.64978,1.65016,1903.0
2026-07-01 09:50:00,1.65012,1.65062,1.65012,1.65034,1940.0
2026-07-01 09:55:00,1.65034,1.65076,1.65016,1.65064,1212.0
2026-07-01 10:00:00,1.65066,1.65098,1.65023,1.6509,1540.0
2026-07-01 10:05:00,1.65091,1.65109,1.65058,1.65064,1560.0
2026-07-01 10:10:00,1.65064,1.65064,1.64993,1.65022,1498.0
2026-07-01 10:15:00,1.65021,1.6504,1.64975,1.64985,1260.0
2026-07-01 10:20:00,1.64986,1.64987,1.64921,1.64938,1265.0
2026-07-01 10:25:00,1.64938,1.64979,1.64927,1.64972,1121.0
2026-07-01 10:30:00,1.64976,1.65024,1.64962,1.65002,1265.0
2026-07-01 10:35:00,1.65003,1.65015,1.64954,1.64984,1102.0
2026-07-01 10:40:00,1.64984,1.65051,1.64978,1.6505,1238.0
2026-07-01 10:45:00,1.6505,1.65169,1.6505,1.65152,1380.0
2026-07-01 10:50:00,1.65153,1.65153,1.65077,1.65077,1387.0
2026-07-01 10:55:00,1.65078,1.65116,1.65036,1.65062,1305.0
2026-07-01 11:00:00,1.65063,1.6509,1.6504,1.65066,1419.0
2026-07-01 11:05:00,1.65066,1.6511,1.65066,1.65092,1191.0
2026-07-01 11:10:00,1.65092,1.65092,1.65054,1.65056,780.0
2026-07-01 11:15:00,1.65055,1.65058,1.64985,1.64996,882.0
2026-07-01 11:20:00,1.64996,1.65046,1.64986,1.65041,955.0
2026-07-01 11:25:00,1.6504,1.65052,1.65022,1.65034,640.0
2026-07-01 11:30:00,1.65033,1.65071,1.64964,1.64968,1154.0
2026-07-01 11:35:00,1.64966,1.64968,1.64935,1.6496,1004.0
2026-07-01 11:40:00,1.64961,1.64964,1.64922,1.64934,842.0
2026-07-01 11:45:00,1.64934,1.64953,1.64916,1.64945,929.0
2026-07-01 11:50:00,1.64944,1.6496,1.64934,1.64954,814.0
2026-07-01 11:55:00,1.6496,1.6497,1.64921,1.64926,767.0
2026-07-01 12:00:00,1.64928,1.64938,1.64902,1.64922,1009.0
2026-07-01 12:05:00,1.64924,1.64957,1.64918,1.6495,703.0
2026-07-01 12:10:00,1.64948,1.6496,1.64938,1.64942,730.0
2026-07-01 12:15:00,1.64942,1.64954,1.64926,1.64928,703.0
2026-07-01 12:20:00,1.64928,1.64949,1.64923,1.6493,857.0
2026-07-01 12:25:00,1.64931,1.64944,1.64874,1.6489,692.0
2026-07-01 12:30:00,1.6489,1.6491,1.64876,1.64904,676.0
2026-07-01 12:35:00,1.64902,1.64905,1.64882,1.64903,483.0
2026-07-01 12:40:00,1.64904,1.64926,1.64904,1.64912,673.0
2026-07-01 12:45:00,1.64912,1.64928,1.6491,1.64919,454.0
2026-07-01 12:50:00,1.6492,1.64944,1.6491,1.64938,564.0
2026-07-01 12:55:00,1.64938,1.64954,1.64924,1.64938,723.0
2026-07-01 13:00:00,1.64937,1.6498,1.64915,1.64968,787.0
2026-07-01 13:05:00,1.64969,1.6498,1.6496,1.64973,570.0
2026-07-01 13:10:00,1.64974,1.65005,1.6495,1.64952,621.0
2026-07-01 13:15:00,1.64952,1.6499,1.64935,1.64966,622.0
2026-07-01 13:20:00,1.64967,1.64975,1.64956,1.64956,401.0
2026-07-01 13:25:00,1.64956,1.64982,1.64954,1.64968,365.0
2026-07-01 13:30:00,1.64968,1.6498,1.64954,1.64964,311.0
2026-07-01 13:35:00,1.64964,1.64972,1.64949,1.64958,435.0
2026-07-01 13:40:00,1.64957,1.64966,1.64942,1.64958,413.0
2026-07-01 13:45:00,1.64958,1.64965,1.64945,1.64952,439.0
2026-07-01 13:50:00,1.64952,1.6496,1.6494,1.64942,422.0
2026-07-01 13:55:00,1.64943,1.64974,1.64938,1.6497,349.0
2026-07-01 14:00:00,1.64973,1.6498,1.64952,1.64967,524.0
2026-07-01 14:05:00,1.64966,1.6499,1.64963,1.64971,451.0
2026-07-01 14:10:00,1.64972,1.65005,1.64968,1.64992,375.0
2026-07-01 14:15:00,1.64997,1.6504,1.64993,1.6503,402.0
2026-07-01 14:20:00,1.65032,1.65044,1.64993,1.64996,514.0
2026-07-01 14:25:00,1.64996,1.65033,1.64989,1.65006,484.0
2026-07-01 14:30:00,1.65006,1.65008,1.64981,1.64994,443.0
2026-07-01 14:35:00,1.64994,1.65022,1.64993,1.65014,408.0
2026-07-01 14:40:00,1.65016,1.65022,1.65,1.65013,463.0
2026-07-01 14:45:00,1.65014,1.6504,1.65012,1.65024,418.0
2026-07-01 14:50:00,1.65028,1.6505,1.65022,1.6504,509.0
2026-07-01 14:55:00,1.6504,1.65044,1.65027,1.65034,473.0
2026-07-01 15:00:00,1.65034,1.65038,1.64996,1.65004,512.0
2026-07-01 15:05:00,1.65006,1.65008,1.64984,1.64988,311.0
2026-07-01 15:10:00,1.64987,1.64998,1.64986,1.64996,343.0
2026-07-01 15:15:00,1.64996,1.65006,1.64989,1.65,307.0
2026-07-01 15:20:00,1.65002,1.65008,1.6499,1.65006,322.0
2026-07-01 15:25:00,1.65005,1.6502,1.65004,1.65013,464.0
2026-07-01 15:30:00,1.65014,1.65018,1.64999,1.65002,397.0
2026-07-01 15:35:00,1.65003,1.65026,1.65002,1.65024,248.0
2026-07-01 15:40:00,1.65022,1.65035,1.65022,1.65032,318.0
2026-07-01 15:45:00,1.6503,1.65046,1.65022,1.65038,368.0
2026-07-01 15:50:00,1.65034,1.6506,1.65026,1.65038,639.0
2026-07-01 15:55:00,1.6504,1.65075,1.6504,1.65069,756.0
2026-07-01 16:00:00,1.6507,1.65096,1.65062,1.65087,635.0
2026-07-01 16:05:00,1.65086,1.651,1.6508,1.65086,364.0
2026-07-01 16:10:00,1.65088,1.65092,1.65073,1.65081,237.0
2026-07-01 16:15:00,1.65082,1.65092,1.65078,1.65082,280.0
2026-07-01 16:20:00,1.65082,1.65101,1.65076,1.65089,220.0
2026-07-01 16:25:00,1.65087,1.65094,1.65076,1.65092,195.0
2026-07-01 16:30:00,1.6509,1.65092,1.65074,1.65083,165.0
2026-07-01 16:35:00,1.65084,1.65103,1.65084,1.65088,195.0
2026-07-01 16:40:00,1.65086,1.65094,1.65071,1.65072,225.0
2026-07-01 16:45:00,1.65072,1.65076,1.65041,1.65054,184.0
2026-07-01 16:50:00,1.65054,1.6506,1.65046,1.65056,98.0
2026-07-01 16:55:00,1.65052,1.65056,1.65038,1.65052,201.0
2026-07-01 17:00:00,1.65076,1.65076,1.65076,1.65076,3.0
2026-07-01 17:05:00,1.65074,1.65075,1.65045,1.65058,25.0
2026-07-01 17:10:00,1.65056,1.65059,1.64978,1.64986,93.0
2026-07-01 17:15:00,1.64986,1.65013,1.64974,1.65012,206.0
2026-07-01 17:20:00,1.65012,1.65042,1.65012,1.65042,49.0
2026-07-01 17:25:00,1.6504,1.6504,1.64965,1.65016,342.0
2026-07-01 17:30:00,1.65019,1.65144,1.64954,1.65142,170.0
2026-07-01 17:35:00,1.65141,1.65154,1.65068,1.65068,93.0
2026-07-01 17:40:00,1.65068,1.65075,1.65048,1.65061,105.0
2026-07-01 17:45:00,1.6506,1.65062,1.65043,1.6505,103.0
2026-07-01 17:50:00,1.65042,1.6505,1.65024,1.65028,122.0
2026-07-01 17:55:00,1.6503,1.65054,1.65019,1.65021,207.0
2026-07-01 18:00:00,1.65021,1.6509,1.65021,1.65063,200.0
2026-07-01 18:05:00,1.65061,1.65066,1.65038,1.65038,102.0
2026-07-01 18:10:00,1.65038,1.65056,1.65038,1.6505,55.0
2026-07-01 18:15:00,1.65052,1.65057,1.65044,1.65056,66.0
2026-07-01 18:20:00,1.65053,1.65071,1.65053,1.65062,56.0
2026-07-01 18:25:00,1.65059,1.65075,1.65058,1.65068,64.0
2026-07-01 18:30:00,1.65068,1.6509,1.65064,1.65088,88.0
2026-07-01 18:35:00,1.65088,1.65092,1.6508,1.65088,83.0
2026-07-01 18:40:00,1.65089,1.65092,1.65086,1.65088,61.0
2026-07-01 18:45:00,1.65087,1.65087,1.65058,1.65059,130.0
2026-07-01 18:50:00,1.65066,1.65084,1.65066,1.65084,188.0
2026-07-01 18:55:00,1.65083,1.65086,1.6508,1.65084,89.0
2026-07-01 19:00:00,1.65085,1.65095,1.65078,1.65093,125.0
2026-07-01 19:05:00,1.65093,1.65096,1.65088,1.6509,94.0
2026-07-01 19:10:00,1.6509,1.65092,1.65077,1.65092,123.0
2026-07-01 19:15:00,1.6509,1.65098,1.6508,1.65092,147.0
2026-07-01 19:20:00,1.6509,1.65095,1.6509,1.65094,82.0
2026-07-01 19:25:00,1.65094,1.65096,1.65092,1.65094,65.0
2026-07-01 19:30:00,1.65094,1.65096,1.65086,1.65094,97.0
2026-07-01 19:35:00,1.65095,1.65107,1.65094,1.65106,92.0
2026-07-01 19:40:00,1.65106,1.65111,1.65092,1.65094,126.0
2026-07-01 19:45:00,1.65095,1.6512,1.65092,1.6512,378.0
2026-07-01 19:50:00,1.6512,1.65149,1.65114,1.65126,481.0
2026-07-01 19:55:00,1.65128,1.65138,1.65116,1.65134,420.0
2026-07-01 20:00:00,1.65135,1.6529,1.65111,1.65269,1500.0
2026-07-01 20:05:00,1.6527,1.65278,1.65228,1.65237,1373.0
2026-07-01 20:10:00,1.65236,1.653,1.65224,1.65284,945.0
2026-07-01 20:15:00,1.65285,1.65285,1.65224,1.65241,892.0
2026-07-01 20:20:00,1.65236,1.65248,1.6519,1.65198,823.0
2026-07-01 20:25:00,1.652,1.65226,1.65193,1.65196,844.0
2026-07-01 20:30:00,1.65197,1.65207,1.65172,1.65174,802.0
2026-07-01 20:35:00,1.65177,1.65184,1.65154,1.6518,731.0
2026-07-01 20:40:00,1.65179,1.65266,1.65179,1.65254,749.0
2026-07-01 20:45:00,1.65252,1.65255,1.65192,1.6521,759.0
2026-07-01 20:50:00,1.6521,1.65229,1.6515,1.65164,827.0
2026-07-01 20:55:00,1.65165,1.6518,1.65125,1.65144,937.0
2026-07-01 21:00:00,1.65142,1.65148,1.65072,1.6508,797.0
2026-07-01 21:05:00,1.6508,1.65088,1.65024,1.6503,720.0
2026-07-01 21:10:00,1.6503,1.65037,1.65003,1.65006,569.0
2026-07-01 21:15:00,1.65006,1.65062,1.65003,1.6504,959.0
2026-07-01 21:20:00,1.6504,1.65108,1.6504,1.65092,793.0
2026-07-01 21:25:00,1.65092,1.65098,1.65069,1.65087,835.0
2026-07-01 21:30:00,1.65088,1.65114,1.65074,1.65087,879.0
2026-07-01 21:35:00,1.65088,1.651,1.6505,1.65074,900.0
2026-07-01 21:40:00,1.65081,1.65106,1.65058,1.651,767.0
2026-07-01 21:45:00,1.65101,1.6512,1.65058,1.65075,834.0
2026-07-01 21:50:00,1.65074,1.65092,1.65062,1.65085,760.0
2026-07-01 21:55:00,1.65084,1.65089,1.65046,1.65082,696.0
2026-07-01 22:00:00,1.65082,1.65106,1.6506,1.65072,730.0
2026-07-01 22:05:00,1.65073,1.65078,1.65052,1.65069,631.0
2026-07-01 22:10:00,1.65069,1.6509,1.65024,1.65028,607.0
2026-07-01 22:15:00,1.65029,1.65048,1.65006,1.65038,539.0
2026-07-01 22:20:00,1.6504,1.65064,1.65034,1.65058,578.0
2026-07-01 22:25:00,1.65057,1.65058,1.65022,1.65052,454.0
2026-07-01 22:30:00,1.65056,1.65074,1.65045,1.6507,501.0
2026-07-01 22:35:00,1.6507,1.65078,1.6503,1.65045,507.0
2026-07-01 22:40:00,1.65044,1.65054,1.6503,1.65034,437.0
2026-07-01 22:45:00,1.65034,1.65084,1.65026,1.65081,379.0
2026-07-01 22:50:00,1.65082,1.65112,1.65066,1.65102,488.0
2026-07-01 22:55:00,1.65102,1.65111,1.6509,1.65106,536.0
2026-07-01 23:00:00,1.65106,1.65123,1.65073,1.65122,475.0
2026-07-01 23:05:00,1.65122,1.65171,1.65115,1.6517,589.0
2026-07-01 23:10:00,1.6517,1.65212,1.65158,1.65196,704.0
2026-07-01 23:15:00,1.65197,1.65266,1.6517,1.65254,567.0
2026-07-01 23:20:00,1.65254,1.6527,1.6522,1.65262,477.0
2026-07-01 23:25:00,1.65262,1.65262,1.652,1.65209,560.0
2026-07-01 23:30:00,1.65208,1.65215,1.6516,1.65167,627.0
2026-07-01 23:35:00,1.65166,1.65168,1.65148,1.65159,306.0
2026-07-01 23:40:00,1.65158,1.65182,1.65144,1.6517,346.0
2026-07-01 23:45:00,1.65173,1.65202,1.65169,1.65182,374.0
2026-07-01 23:50:00,1.65182,1.6519,1.65153,1.65159,415.0
2026-07-01 23:55:00,1.65158,1.6516,1.65125,1.65136,664.0
2026-07-02 00:00:00,1.65136,1.65148,1.65117,1.65144,908.0
2026-07-02 00:05:00,1.65143,1.6517,1.65134,1.65162,662.0
2026-07-02 00:10:00,1.65162,1.65185,1.65159,1.65173,565.0
2026-07-02 00:15:00,1.65174,1.65197,1.65172,1.65195,375.0
2026-07-02 00:20:00,1.65194,1.65223,1.65182,1.65206,599.0
2026-07-02 00:25:00,1.65206,1.6521,1.65184,1.6519,522.0
2026-07-02 00:30:00,1.65188,1.65218,1.65184,1.65207,409.0
2026-07-02 00:35:00,1.65208,1.65235,1.65208,1.65223,571.0
2026-07-02 00:40:00,1.65222,1.65228,1.65195,1.65206,450.0
2026-07-02 00:45:00,1.65208,1.65222,1.65198,1.65202,359.0
2026-07-02 00:50:00,1.65202,1.65206,1.65174,1.65176,474.0
2026-07-02 00:55:00,1.65178,1.65181,1.65144,1.65156,505.0
2026-07-02 01:00:00,1.65156,1.65191,1.6515,1.65177,621.0
2026-07-02 01:05:00,1.65173,1.65176,1.65154,1.65166,541.0
2026-07-02 01:10:00,1.65167,1.65173,1.6514,1.65148,449.0
2026-07-02 01:15:00,1.65148,1.65161,1.6513,1.65138,436.0
2026-07-02 01:20:00,1.65136,1.6514,1.65108,1.65112,557.0
2026-07-02 01:25:00,1.65112,1.65169,1.65111,1.65164,468.0
2026-07-02 01:30:00,1.65165,1.65194,1.65156,1.65168,655.0
2026-07-02 01:35:00,1.6517,1.65172,1.65157,1.65168,475.0
2026-07-02 01:40:00,1.65168,1.65177,1.6515,1.65163,536.0
2026-07-02 01:45:00,1.65164,1.65198,1.65148,1.65189,513.0
2026-07-02 01:50:00,1.65184,1.65185,1.6514,1.65165,621.0
2026-07-02 01:55:00,1.65165,1.65182,1.65148,1.65167,538.0
2026-07-02 02:00:00,1.65164,1.65174,1.65107,1.65142,970.0
2026-07-02 02:05:00,1.65142,1.65178,1.65136,1.6515,1020.0
2026-07-02 02:10:00,1.6515,1.65204,1.65146,1.65184,786.0
2026-07-02 02:15:00,1.65184,1.65205,1.65168,1.65181,645.0
2026-07-02 02:20:00,1.65182,1.65192,1.65151,1.65168,584.0
2026-07-02 02:25:00,1.65169,1.65181,1.65149,1.65172,562.0
2026-07-02 02:30:00,1.65169,1.65177,1.65138,1.65172,590.0
2026-07-02 02:35:00,1.65172,1.65206,1.65165,1.65196,519.0
2026-07-02 02:40:00,1.65196,1.65243,1.65186,1.65234,516.0
2026-07-02 02:45:00,1.65234,1.65246,1.65202,1.65204,1058.0
2026-07-02 02:50:00,1.65206,1.65244,1.65174,1.65184,1180.0
2026-07-02 02:55:00,1.65182,1.65238,1.6518,1.65238,896.0
2026-07-02 03:00:00,1.65235,1.65304,1.65234,1.65251,945.0
2026-07-02 03:05:00,1.65252,1.65303,1.6525,1.65252,920.0
2026-07-02 03:10:00,1.65252,1.6529,1.65245,1.65284,783.0
2026-07-02 03:15:00,1.65283,1.65334,1.6528,1.6532,874.0
2026-07-02 03:20:00,1.65319,1.65398,1.6531,1.65398,727.0
2026-07-02 03:25:00,1.65398,1.65409,1.65352,1.65369,876.0
2026-07-02 03:30:00,1.6537,1.65376,1.65333,1.65352,739.0
2026-07-02 03:35:00,1.65352,1.65382,1.65352,1.65363,692.0
2026-07-02 03:40:00,1.65362,1.65402,1.6536,1.65392,746.0
2026-07-02 03:45:00,1.65392,1.65464,1.65385,1.65452,796.0
2026-07-02 03:50:00,1.65451,1.65522,1.65451,1.65522,936.0
2026-07-02 03:55:00,1.65522,1.6557,1.65504,1.65564,865.0
2026-07-02 04:00:00,1.6557,1.65574,1.65529,1.65558,1320.0
2026-07-02 04:05:00,1.65555,1.6556,1.65494,1.6551,1212.0
2026-07-02 04:10:00,1.6551,1.65534,1.65428,1.65431,1205.0
2026-07-02 04:15:00,1.65432,1.65462,1.65362,1.65374,901.0
2026-07-02 04:20:00,1.65374,1.65374,1.65297,1.65318,968.0
2026-07-02 04:25:00,1.65318,1.65374,1.65316,1.65343,1139.0
2026-07-02 04:30:00,1.65344,1.6537,1.65292,1.65302,1001.0
2026-07-02 04:35:00,1.65301,1.65312,1.65254,1.65274,901.0
2026-07-02 04:40:00,1.65272,1.65292,1.65254,1.65274,875.0
2026-07-02 04:45:00,1.65273,1.65326,1.65264,1.6527,931.0
2026-07-02 04:50:00,1.65271,1.65278,1.65234,1.6527,805.0
2026-07-02 04:55:00,1.6527,1.65298,1.6526,1.6529,687.0
2026-07-02 05:00:00,1.6529,1.65324,1.65278,1.65291,837.0
2026-07-02 05:05:00,1.65292,1.65314,1.6528,1.65307,753.0
2026-07-02 05:10:00,1.65308,1.65337,1.65297,1.65332,664.0
2026-07-02 05:15:00,1.65333,1.65356,1.65311,1.65356,656.0
2026-07-02 05:20:00,1.65356,1.65384,1.65343,1.6538,635.0
2026-07-02 05:25:00,1.65381,1.65385,1.6534,1.65352,590.0
2026-07-02 05:30:00,1.65349,1.6535,1.65304,1.65322,614.0
2026-07-02 05:35:00,1.65322,1.65332,1.653,1.65308,705.0
2026-07-02 05:40:00,1.65308,1.65309,1.65272,1.65298,693.0
2026-07-02 05:45:00,1.653,1.65308,1.65274,1.65274,592.0
2026-07-02 05:50:00,1.65275,1.65309,1.65274,1.65282,585.0
2026-07-02 05:55:00,1.65281,1.65306,1.65257,1.65264,782.0
2026-07-02 06:00:00,1.65264,1.65307,1.6526,1.65278,863.0
2026-07-02 06:05:00,1.65277,1.65323,1.65276,1.65292,645.0
2026-07-02 06:10:00,1.65292,1.65294,1.65262,1.6527,471.0
2026-07-02 06:15:00,1.6527,1.6528,1.65255,1.6527,497.0
2026-07-02 06:20:00,1.65271,1.6532,1.65262,1.65313,570.0
2026-07-02 06:25:00,1.65314,1.6532,1.65295,1.65306,495.0
2026-07-02 06:30:00,1.65305,1.65331,1.653,1.65312,501.0
2026-07-02 06:35:00,1.65312,1.6532,1.65296,1.65311,465.0
2026-07-02 06:40:00,1.65312,1.65358,1.65294,1.65356,403.0
2026-07-02 06:45:00,1.65355,1.65405,1.65355,1.65398,439.0
2026-07-02 06:50:00,1.65398,1.65425,1.65391,1.65416,306.0
2026-07-02 06:55:00,1.65415,1.65428,1.65396,1.65428,503.0
2026-07-02 07:00:00,1.65428,1.65459,1.65413,1.65456,438.0
2026-07-02 07:05:00,1.65455,1.65471,1.65442,1.65442,351.0
2026-07-02 07:10:00,1.65442,1.6547,1.6544,1.65464,569.0
2026-07-02 07:15:00,1.65466,1.65506,1.65464,1.65482,571.0
2026-07-02 07:20:00,1.65482,1.65506,1.65478,1.65497,499.0
2026-07-02 07:25:00,1.65497,1.65508,1.65482,1.65504,659.0
2026-07-02 07:30:00,1.65503,1.65542,1.65496,1.65537,564.0
2026-07-02 07:35:00,1.65538,1.65544,1.65508,1.65518,481.0
2026-07-02 07:40:00,1.6552,1.6553,1.65494,1.65506,506.0
2026-07-02 07:45:00,1.65506,1.65534,1.65502,1.65532,532.0
2026-07-02 07:50:00,1.65534,1.65534,1.65498,1.65523,572.0
2026-07-02 07:55:00,1.65526,1.65569,1.65492,1.65569,664.0
2026-07-02 08:00:00,1.65566,1.65588,1.65481,1.65482,926.0
2026-07-02 08:05:00,1.65485,1.65485,1.65452,1.65456,901.0
2026-07-02 08:10:00,1.65456,1.65482,1.65438,1.65445,631.0
2026-07-02 08:15:00,1.65444,1.6546,1.65428,1.6545,833.0
2026-07-02 08:20:00,1.65448,1.65471,1.65417,1.65465,924.0
2026-07-02 08:25:00,1.65466,1.65466,1.65407,1.6541,566.0
2026-07-02 08:30:00,1.65389,1.65504,1.65158,1.6522,3786.0
2026-07-02 08:35:00,1.65224,1.65288,1.65154,1.65172,3422.0
2026-07-02 08:40:00,1.65176,1.65309,1.65174,1.65306,3102.0
2026-07-02 08:45:00,1.65308,1.65341,1.6526,1.65297,2888.0
2026-07-02 08:50:00,1.65296,1.65344,1.6527,1.65314,2428.0
2026-07-02 08:55:00,1.65316,1.65405,1.65308,1.65373,2450.0
2026-07-02 09:00:00,1.65374,1.65446,1.65324,1.65329,2641.0
2026-07-02 09:05:00,1.65326,1.65356,1.65305,1.65314,2351.0
2026-07-02 09:10:00,1.65315,1.65324,1.65254,1.65289,1878.0
2026-07-02 09:15:00,1.65286,1.65299,1.65244,1.65257,1687.0
2026-07-02 09:20:00,1.65258,1.65279,1.6525,1.65276,1674.0
2026-07-02 09:25:00,1.65274,1.65276,1.65207,1.65212,1766.0
2026-07-02 09:30:00,1.65214,1.65238,1.65084,1.65093,2423.0
2026-07-02 09:35:00,1.65095,1.65102,1.6502,1.6503,2018.0
2026-07-02 09:40:00,1.6503,1.65072,1.64968,1.6499,2044.0
2026-07-02 09:45:00,1.64988,1.65005,1.64924,1.64968,2102.0
2026-07-02 09:50:00,1.64968,1.65024,1.64955,1.65014,1847.0
2026-07-02 09:55:00,1.65014,1.65065,1.64995,1.65007,1363.0
2026-07-02 10:00:00,1.65006,1.65086,1.65,1.65036,1599.0
2026-07-02 10:05:00,1.65037,1.6511,1.65016,1.65106,1638.0
2026-07-02 10:10:00,1.65108,1.65176,1.65042,1.6506,1692.0
2026-07-02 10:15:00,1.6506,1.6507,1.64986,1.6501,1714.0
2026-07-02 10:20:00,1.65011,1.65114,1.6501,1.65059,1690.0
2026-07-02 10:25:00,1.65058,1.65146,1.65052,1.65132,1951.0
2026-07-02 10:30:00,1.65131,1.6515,1.6506,1.65104,2041.0
2026-07-02 10:35:00,1.65104,1.65122,1.65064,1.65092,2053.0
2026-07-02 10:40:00,1.65094,1.65178,1.65073,1.65146,2119.0
2026-07-02 10:45:00,1.65143,1.65165,1.65081,1.65094,2071.0
2026-07-02 10:50:00,1.65094,1.65144,1.65082,1.65116,1773.0
2026-07-02 10:55:00,1.6512,1.65126,1.65014,1.65016,1686.0
2026-07-02 11:00:00,1.65015,1.65094,1.64997,1.65086,2126.0
2026-07-02 11:05:00,1.65086,1.6517,1.65086,1.65142,1905.0
2026-07-02 11:10:00,1.65141,1.65145,1.65054,1.65068,1576.0
2026-07-02 11:15:00,1.6507,1.65131,1.65055,1.65122,1426.0
2026-07-02 11:20:00,1.65122,1.65134,1.65072,1.65086,1352.0
2026-07-02 11:25:00,1.65086,1.651,1.65038,1.65068,1527.0
2026-07-02 11:30:00,1.6507,1.65078,1.65004,1.65014,1808.0
2026-07-02 11:35:00,1.65012,1.65018,1.64978,1.64992,1163.0
2026-07-02 11:40:00,1.64992,1.65058,1.6498,1.65055,1152.0
2026-07-02 11:45:00,1.65054,1.65109,1.65047,1.65102,1251.0
2026-07-02 11:50:00,1.65102,1.65146,1.651,1.65114,1308.0
2026-07-02 11:55:00,1.65116,1.6518,1.65116,1.65179,1107.0
2026-07-02 12:00:00,1.65184,1.65227,1.65176,1.65188,1244.0
2026-07-02 12:05:00,1.6519,1.6519,1.65135,1.65164,1312.0
2026-07-02 12:10:00,1.65164,1.65164,1.65106,1.65128,1359.0
2026-07-02 12:15:00,1.65128,1.65156,1.65124,1.65138,1168.0
2026-07-02 12:20:00,1.65139,1.65194,1.6513,1.65186,1152.0
2026-07-02 12:25:00,1.65184,1.65192,1.6516,1.65183,1342.0
2026-07-02 12:30:00,1.65181,1.65246,1.65181,1.65242,1031.0
2026-07-02 12:35:00,1.65243,1.6526,1.65214,1.65222,1148.0
2026-07-02 12:40:00,1.65222,1.65228,1.65184,1.65194,1149.0
2026-07-02 12:45:00,1.65194,1.652,1.65168,1.65187,1114.0
2026-07-02 12:50:00,1.65188,1.65201,1.6515,1.65178,896.0
2026-07-02 12:55:00,1.65178,1.6521,1.65178,1.65206,1043.0
2026-07-02 13:00:00,1.65204,1.65256,1.65202,1.65234,1312.0
2026-07-02 13:05:00,1.65235,1.65247,1.65164,1.65172,1370.0
2026-07-02 13:10:00,1.6517,1.652,1.6517,1.65192,1025.0
2026-07-02 13:15:00,1.65194,1.65202,1.65164,1.65193,1029.0
2026-07-02 13:20:00,1.65194,1.65215,1.65184,1.65208,908.0
2026-07-02 13:25:00,1.65207,1.65218,1.65184,1.65196,738.0
2026-07-02 13:30:00,1.65196,1.65204,1.65176,1.65192,995.0
2026-07-02 13:35:00,1.65194,1.65254,1.65188,1.6525,959.0
2026-07-02 13:40:00,1.6525,1.65276,1.65246,1.65272,920.0
2026-07-02 13:45:00,1.65272,1.65285,1.65262,1.6527,846.0
2026-07-02 13:50:00,1.6527,1.65282,1.65242,1.65244,1027.0
2026-07-02 13:55:00,1.65244,1.65282,1.6524,1.6528,897.0
2026-07-02 14:00:00,1.65282,1.65296,1.65272,1.65278,944.0
2026-07-02 14:05:00,1.65278,1.65282,1.6521,1.65214,1004.0
2026-07-02 14:10:00,1.65213,1.65233,1.65202,1.65226,903.0
2026-07-02 14:15:00,1.65225,1.65253,1.6522,1.65244,861.0
2026-07-02 14:20:00,1.65243,1.65247,1.65224,1.6523,719.0
2026-07-02 14:25:00,1.65229,1.65236,1.65206,1.65208,788.0
2026-07-02 14:30:00,1.65208,1.65232,1.65188,1.65226,882.0
2026-07-02 14:35:00,1.65226,1.65226,1.65198,1.65198,915.0
2026-07-02 14:40:00,1.65199,1.65207,1.65184,1.65196,813.0
2026-07-02 14:45:00,1.65195,1.65215,1.65188,1.65196,966.0
2026-07-02 14:50:00,1.65196,1.65223,1.65196,1.65215,659.0
2026-07-02 14:55:00,1.65216,1.65241,1.65212,1.65216,794.0
2026-07-02 15:00:00,1.65217,1.65274,1.65212,1.65268,842.0
2026-07-02 15:05:00,1.65272,1.6529,1.6525,1.65271,822.0
2026-07-02 15:10:00,1.65271,1.6528,1.6526,1.6527,627.0
2026-07-02 15:15:00,1.6527,1.65276,1.65261,1.65261,554.0
2026-07-02 15:20:00,1.65262,1.65306,1.65259,1.653,587.0
2026-07-02 15:25:00,1.65298,1.65302,1.65264,1.65282,640.0
2026-07-02 15:30:00,1.65282,1.65288,1.65254,1.65256,588.0
2026-07-02 15:35:00,1.65256,1.65264,1.65226,1.65228,613.0
2026-07-02 15:40:00,1.65228,1.65241,1.6521,1.65211,562.0
2026-07-02 15:45:00,1.65212,1.65224,1.65186,1.65192,792.0
2026-07-02 15:50:00,1.65187,1.65188,1.65163,1.65164,829.0
2026-07-02 15:55:00,1.65169,1.65186,1.65146,1.65154,814.0
2026-07-02 16:00:00,1.65154,1.65195,1.6515,1.65179,728.0
2026-07-02 16:05:00,1.6518,1.652,1.65178,1.65184,267.0
2026-07-02 16:10:00,1.65182,1.65193,1.65178,1.65182,272.0
2026-07-02 16:15:00,1.65183,1.65184,1.65164,1.65179,200.0
2026-07-02 16:20:00,1.65178,1.65188,1.65177,1.65188,135.0
2026-07-02 16:25:00,1.65187,1.65195,1.65184,1.65184,149.0
2026-07-02 16:30:00,1.65184,1.65184,1.65158,1.65161,182.0
2026-07-02 16:35:00,1.6516,1.65184,1.65158,1.65177,254.0
2026-07-02 16:40:00,1.65178,1.65184,1.65171,1.6518,124.0
2026-07-02 16:45:00,1.65181,1.65183,1.6517,1.65182,218.0
2026-07-02 16:50:00,1.65181,1.65186,1.65171,1.65178,189.0
2026-07-02 16:55:00,1.65174,1.65185,1.6516,1.65172,360.0
2026-07-02 17:00:00,1.65255,1.65255,1.65232,1.65254,13.0
2026-07-02 17:05:00,1.6522,1.65302,1.6522,1.65278,152.0
2026-07-02 17:10:00,1.65304,1.65326,1.65279,1.65306,96.0
2026-07-02 17:15:00,1.65318,1.65321,1.65278,1.65307,202.0
2026-07-02 17:20:00,1.6531,1.65324,1.65204,1.65228,217.0
2026-07-02 17:25:00,1.65219,1.65222,1.651,1.6515,207.0
2026-07-02 17:30:00,1.65158,1.65323,1.65133,1.65317,372.0
2026-07-02 17:35:00,1.65304,1.65329,1.65266,1.65273,260.0
2026-07-02 17:40:00,1.65272,1.65286,1.6524,1.65278,421.0
2026-07-02 17:45:00,1.65278,1.65286,1.65252,1.65258,423.0
2026-07-02 17:50:00,1.65258,1.65275,1.65239,1.65255,418.0
2026-07-02 17:55:00,1.65262,1.65266,1.65192,1.65203,148.0
2026-07-02 18:00:00,1.65228,1.65255,1.65204,1.65252,189.0
2026-07-02 18:05:00,1.65248,1.65253,1.65234,1.65235,143.0
2026-07-02 18:10:00,1.65236,1.65236,1.65203,1.6521,90.0
2026-07-02 18:15:00,1.6521,1.65212,1.65198,1.65202,134.0
2026-07-02 18:20:00,1.65203,1.65206,1.65198,1.65202,93.0
2026-07-02 18:25:00,1.65202,1.65205,1.65194,1.65194,166.0
2026-07-02 18:30:00,1.65194,1.65196,1.65181,1.65184,267.0
2026-07-02 18:35:00,1.65182,1.65192,1.65172,1.65177,205.0
2026-07-02 18:40:00,1.65176,1.6518,1.65156,1.65163,217.0
2026-07-02 18:45:00,1.6516,1.65168,1.65154,1.65164,220.0
2026-07-02 18:50:00,1.65165,1.65174,1.65159,1.65171,117.0
2026-07-02 18:55:00,1.6517,1.65184,1.65169,1.65183,158.0
2026-07-02 19:00:00,1.65184,1.65185,1.65164,1.65164,207.0
2026-07-02 19:05:00,1.65164,1.6517,1.65158,1.65166,235.0
2026-07-02 19:10:00,1.65167,1.65186,1.65166,1.65168,248.0
2026-07-02 19:15:00,1.65168,1.65176,1.6516,1.65172,185.0
2026-07-02 19:20:00,1.65172,1.65204,1.6517,1.65188,229.0
2026-07-02 19:25:00,1.65189,1.65191,1.6516,1.65163,158.0
2026-07-02 19:30:00,1.65165,1.65166,1.65136,1.6515,271.0
2026-07-02 19:35:00,1.65148,1.65174,1.6514,1.65164,284.0
2026-07-02 19:40:00,1.65164,1.65174,1.65142,1.65143,335.0
2026-07-02 19:45:00,1.65144,1.65151,1.65128,1.6514,434.0
2026-07-02 19:50:00,1.6514,1.65188,1.65138,1.65166,431.0
2026-07-02 19:55:00,1.65169,1.65198,1.65166,1.65168,576.0
2026-07-02 20:00:00,1.65167,1.65206,1.65156,1.65172,1393.0
2026-07-02 20:05:00,1.6517,1.65221,1.65168,1.65208,1134.0
2026-07-02 20:10:00,1.65208,1.6522,1.65172,1.65178,1100.0
2026-07-02 20:15:00,1.65178,1.65207,1.65173,1.65178,1130.0
2026-07-02 20:20:00,1.6518,1.65188,1.65167,1.65174,851.0
2026-07-02 20:25:00,1.65176,1.65206,1.65158,1.65204,830.0
2026-07-02 20:30:00,1.65204,1.65264,1.6519,1.65262,901.0
2026-07-02 20:35:00,1.65256,1.65256,1.65192,1.65218,1022.0
2026-07-02 20:40:00,1.65218,1.65254,1.652,1.65235,688.0
2026-07-02 20:45:00,1.65234,1.65251,1.65218,1.65228,918.0
2026-07-02 20:50:00,1.65229,1.6524,1.65189,1.65217,792.0
2026-07-02 20:55:00,1.65211,1.65234,1.65202,1.65208,877.0
2026-07-02 21:00:00,1.65208,1.6523,1.65139,1.6514,1258.0
2026-07-02 21:05:00,1.6514,1.65149,1.65078,1.651,1290.0
2026-07-02 21:10:00,1.651,1.65132,1.65078,1.65081,1183.0
2026-07-02 21:15:00,1.6508,1.65102,1.65034,1.6505,1126.0
2026-07-02 21:20:00,1.6505,1.65052,1.64996,1.65016,1145.0
2026-07-02 21:25:00,1.65017,1.65057,1.65015,1.65054,985.0
2026-07-02 21:30:00,1.65056,1.65071,1.65002,1.65004,1415.0
2026-07-02 21:35:00,1.65004,1.65053,1.64987,1.65032,1237.0
2026-07-02 21:40:00,1.65032,1.65032,1.65003,1.65014,844.0
2026-07-02 21:45:00,1.65014,1.65058,1.65014,1.65033,1011.0
2026-07-02 21:50:00,1.65032,1.65075,1.6503,1.65064,896.0
2026-07-02 21:55:00,1.65064,1.65066,1.6501,1.65035,713.0
2026-07-02 22:00:00,1.65034,1.65073,1.65023,1.65026,828.0
2026-07-02 22:05:00,1.65028,1.65032,1.64996,1.6502,725.0
2026-07-02 22:10:00,1.65022,1.65048,1.64992,1.6503,645.0
2026-07-02 22:15:00,1.65031,1.6505,1.65025,1.65042,508.0
2026-07-02 22:20:00,1.65042,1.65046,1.65017,1.6502,550.0
2026-07-02 22:25:00,1.65021,1.65027,1.64985,1.64995,425.0
2026-07-02 22:30:00,1.64995,1.65024,1.64978,1.64988,651.0
2026-07-02 22:35:00,1.64988,1.64997,1.64956,1.64956,550.0
2026-07-02 22:40:00,1.64956,1.64986,1.6494,1.64948,582.0
2026-07-02 22:45:00,1.64948,1.6495,1.64912,1.64918,474.0
2026-07-02 22:50:00,1.64918,1.64931,1.64908,1.64917,425.0
2026-07-02 22:55:00,1.64915,1.64924,1.64898,1.64918,631.0
2026-07-02 23:00:00,1.64918,1.64932,1.64895,1.64902,494.0
2026-07-02 23:05:00,1.64901,1.64934,1.64898,1.64922,562.0
2026-07-02 23:10:00,1.6492,1.6493,1.649,1.64904,430.0
2026-07-02 23:15:00,1.64904,1.6493,1.64899,1.64926,398.0
2026-07-02 23:20:00,1.64928,1.64933,1.64916,1.64924,354.0
2026-07-02 23:25:00,1.64926,1.64956,1.64926,1.64944,495.0
2026-07-02 23:30:00,1.64944,1.64946,1.64909,1.6492,577.0
2026-07-02 23:35:00,1.64921,1.6496,1.64918,1.64952,406.0
2026-07-02 23:40:00,1.64951,1.64988,1.64947,1.64988,366.0
2026-07-02 23:45:00,1.64988,1.64998,1.64976,1.64978,561.0
2026-07-02 23:50:00,1.64978,1.64998,1.64978,1.64988,401.0
2026-07-02 23:55:00,1.64988,1.64991,1.64964,1.64966,375.0
2026-07-03 00:00:00,1.64965,1.64972,1.64944,1.6497,430.0
2026-07-03 00:05:00,1.6497,1.64983,1.64968,1.64972,281.0
2026-07-03 00:10:00,1.64974,1.64975,1.64954,1.64964,321.0
2026-07-03 00:15:00,1.64964,1.64971,1.64922,1.6493,370.0
2026-07-03 00:20:00,1.6493,1.64932,1.64886,1.649,308.0
2026-07-03 00:25:00,1.64899,1.64922,1.64899,1.64919,245.0
2026-07-03 00:30:00,1.6492,1.64934,1.649,1.6491,459.0
2026-07-03 00:35:00,1.6491,1.64914,1.64876,1.64894,396.0
2026-07-03 00:40:00,1.64894,1.64918,1.64894,1.64902,475.0
2026-07-03 00:45:00,1.64904,1.64929,1.64898,1.64927,368.0
2026-07-03 00:50:00,1.64928,1.64939,1.64916,1.64939,388.0
2026-07-03 00:55:00,1.64938,1.64962,1.64928,1.64962,362.0
2026-07-03 01:00:00,1.64963,1.65002,1.64961,1.64982,781.0
2026-07-03 01:05:00,1.64984,1.6499,1.6496,1.64975,736.0
2026-07-03 01:10:00,1.64974,1.64986,1.64954,1.6497,821.0
2026-07-03 01:15:00,1.64968,1.64985,1.64948,1.64972,631.0
2026-07-03 01:20:00,1.64971,1.65012,1.64968,1.64991,584.0
2026-07-03 01:25:00,1.64982,1.64985,1.64958,1.64968,515.0
2026-07-03 01:30:00,1.64968,1.64978,1.64948,1.64954,490.0
2026-07-03 01:35:00,1.64953,1.64992,1.64946,1.6499,488.0
2026-07-03 01:40:00,1.6499,1.65018,1.6498,1.65009,600.0
2026-07-03 01:45:00,1.65012,1.6503,1.65,1.65022,515.0
2026-07-03 01:50:00,1.65022,1.65025,1.65,1.65015,682.0
2026-07-03 01:55:00,1.65008,1.65016,1.64976,1.64987,712.0
2026-07-03 02:00:00,1.64988,1.64988,1.64916,1.64929,977.0
2026-07-03 02:05:00,1.6493,1.6494,1.64897,1.64934,1014.0
2026-07-03 02:10:00,1.64932,1.64946,1.64911,1.64932,625.0
2026-07-03 02:15:00,1.64926,1.6495,1.64912,1.64926,622.0
2026-07-03 02:20:00,1.64927,1.64964,1.64918,1.64937,747.0
2026-07-03 02:25:00,1.64938,1.64942,1.64876,1.64876,733.0
2026-07-03 02:30:00,1.64876,1.64952,1.64876,1.64948,1022.0
2026-07-03 02:35:00,1.64948,1.64957,1.64926,1.64944,849.0
2026-07-03 02:40:00,1.64942,1.64957,1.64926,1.64932,643.0
2026-07-03 02:45:00,1.64934,1.64946,1.64918,1.64946,424.0
2026-07-03 02:50:00,1.64946,1.64988,1.64945,1.64966,474.0
2026-07-03 02:55:00,1.64968,1.64984,1.64947,1.64968,566.0
2026-07-03 03:00:00,1.6497,1.64981,1.64946,1.64955,809.0
2026-07-03 03:05:00,1.64956,1.64967,1.64918,1.6492,464.0
2026-07-03 03:10:00,1.6492,1.64951,1.64913,1.64942,484.0
2026-07-03 03:15:00,1.64942,1.64948,1.64917,1.64925,569.0
2026-07-03 03:20:00,1.64925,1.6493,1.649,1.64918,370.0
2026-07-03 03:25:00,1.64918,1.64929,1.64884,1.64885,654.0
2026-07-03 03:30:00,1.64881,1.64922,1.64881,1.6491,757.0
2026-07-03 03:35:00,1.64909,1.64918,1.64886,1.64892,384.0
2026-07-03 03:40:00,1.64891,1.64918,1.64884,1.64911,518.0
2026-07-03 03:45:00,1.64912,1.64928,1.64904,1.6492,503.0
2026-07-03 03:50:00,1.6492,1.64932,1.64907,1.64915,714.0
2026-07-03 03:55:00,1.64916,1.64938,1.64906,1.6493,867.0
2026-07-03 04:00:00,1.64931,1.64956,1.64904,1.64914,638.0
2026-07-03 04:05:00,1.64915,1.64934,1.64906,1.6492,488.0
2026-07-03 04:10:00,1.64922,1.64948,1.64895,1.64914,656.0
2026-07-03 04:15:00,1.64914,1.64918,1.64894,1.6491,521.0
2026-07-03 04:20:00,1.6491,1.6491,1.64887,1.64906,538.0
2026-07-03 04:25:00,1.64906,1.64933,1.64902,1.6492,390.0
2026-07-03 04:30:00,1.64919,1.64958,1.64919,1.64948,432.0
2026-07-03 04:35:00,1.64954,1.64988,1.64946,1.64976,416.0
2026-07-03 04:40:00,1.6498,1.64986,1.64953,1.6497,312.0
2026-07-03 04:45:00,1.64968,1.64987,1.64961,1.64984,495.0
2026-07-03 04:50:00,1.64983,1.65006,1.64972,1.6499,495.0
2026-07-03 04:55:00,1.6499,1.65006,1.6499,1.64998,452.0
2026-07-03 05:00:00,1.65002,1.65022,1.64972,1.64982,596.0
2026-07-03 05:05:00,1.6498,1.64989,1.64948,1.6495,529.0
2026-07-03 05:10:00,1.6495,1.6495,1.64908,1.64914,496.0
2026-07-03 05:15:00,1.64912,1.64954,1.64912,1.6494,464.0
2026-07-03 05:20:00,1.6494,1.64962,1.64926,1.64954,475.0
2026-07-03 05:25:00,1.64954,1.64964,1.64936,1.64955,464.0
2026-07-03 05:30:00,1.64958,1.64962,1.64938,1.64956,410.0
2026-07-03 05:35:00,1.64956,1.64964,1.64942,1.64948,347.0
2026-07-03 05:40:00,1.64947,1.64958,1.64932,1.64939,303.0
2026-07-03 05:45:00,1.64938,1.64952,1.64926,1.64949,363.0
2026-07-03 05:50:00,1.6495,1.6497,1.6494,1.64945,401.0
2026-07-03 05:55:00,1.64945,1.64945,1.64909,1.6493,506.0
2026-07-03 06:00:00,1.64932,1.64933,1.64892,1.64914,559.0
2026-07-03 06:05:00,1.64913,1.64936,1.6491,1.6493,546.0
2026-07-03 06:10:00,1.6493,1.64954,1.64928,1.64946,412.0
2026-07-03 06:15:00,1.64948,1.64961,1.64937,1.64957,546.0
2026-07-03 06:20:00,1.64958,1.64974,1.64952,1.64968,305.0
2026-07-03 06:25:00,1.64971,1.64972,1.64954,1.6496,227.0
2026-07-03 06:30:00,1.6496,1.64975,1.64951,1.64972,417.0
2026-07-03 06:35:00,1.64972,1.64998,1.6497,1.64984,304.0
2026-07-03 06:40:00,1.64986,1.64994,1.6498,1.64983,302.0
2026-07-03 06:45:00,1.64982,1.64992,1.6498,1.64982,268.0
2026-07-03 06:50:00,1.64984,1.6499,1.64965,1.64986,325.0
2026-07-03 06:55:00,1.64984,1.65008,1.64969,1.64972,357.0
2026-07-03 07:00:00,1.64974,1.65004,1.64974,1.6498,515.0
2026-07-03 07:05:00,1.64981,1.65002,1.64974,1.65,420.0
2026-07-03 07:10:00,1.65002,1.65012,1.64998,1.6501,453.0
2026-07-03 07:15:00,1.6501,1.65033,1.65008,1.65025,452.0
2026-07-03 07:20:00,1.65019,1.65028,1.64994,1.65024,349.0
2026-07-03 07:25:00,1.65024,1.6504,1.6501,1.65034,452.0
2026-07-03 07:30:00,1.65034,1.65036,1.65011,1.65023,307.0
2026-07-03 07:35:00,1.65027,1.65034,1.65016,1.65028,349.0
2026-07-03 07:40:00,1.65028,1.65033,1.65005,1.65006,288.0
2026-07-03 07:45:00,1.65004,1.6502,1.64992,1.64992,314.0
2026-07-03 07:50:00,1.6499,1.65,1.64982,1.64996,295.0
2026-07-03 07:55:00,1.64998,1.65008,1.64962,1.65003,586.0
2026-07-03 08:00:00,1.65002,1.6503,1.64995,1.65006,582.0
2026-07-03 08:05:00,1.65006,1.6502,1.64988,1.6499,463.0
2026-07-03 08:10:00,1.6499,1.65014,1.64988,1.65012,417.0
2026-07-03 08:15:00,1.65012,1.65022,1.64992,1.65009,379.0
2026-07-03 08:20:00,1.65008,1.65018,1.64992,1.65008,447.0
2026-07-03 08:25:00,1.65007,1.65011,1.64992,1.64996,436.0
2026-07-03 08:30:00,1.64996,1.64998,1.64984,1.64992,294.0
2026-07-03 08:35:00,1.64992,1.65006,1.64986,1.65005,259.0
2026-07-03 08:40:00,1.65004,1.65024,1.65004,1.65012,333.0
2026-07-03 08:45:00,1.65006,1.6501,1.64994,1.65009,371.0
2026-07-03 08:50:00,1.65007,1.65022,1.65004,1.6501,337.0
2026-07-03 08:55:00,1.6501,1.6502,1.65008,1.65014,379.0
2026-07-03 09:00:00,1.65012,1.65012,1.64989,1.65001,596.0
2026-07-03 09:05:00,1.65,1.65006,1.64958,1.64964,515.0
2026-07-03 09:10:00,1.64965,1.64984,1.64955,1.64971,455.0
2026-07-03 09:15:00,1.6497,1.64974,1.64951,1.64966,494.0
2026-07-03 09:20:00,1.64966,1.64968,1.64946,1.64964,310.0
2026-07-03 09:25:00,1.64965,1.64968,1.64946,1.64954,413.0
2026-07-03 09:30:00,1.64955,1.64988,1.64948,1.64984,538.0
2026-07-03 09:35:00,1.64985,1.64994,1.64958,1.6496,383.0
2026-07-03 09:40:00,1.6496,1.64967,1.64945,1.64959,345.0
2026-07-03 09:45:00,1.6496,1.64964,1.6495,1.64958,392.0
2026-07-03 09:50:00,1.64959,1.64964,1.64944,1.6495,381.0
2026-07-03 09:55:00,1.64948,1.64957,1.64934,1.64943,624.0
2026-07-03 10:00:00,1.64944,1.64949,1.64921,1.64932,536.0
2026-07-03 10:05:00,1.64932,1.64947,1.64928,1.64947,470.0
2026-07-03 10:10:00,1.64946,1.6495,1.6493,1.64938,379.0
2026-07-03 10:15:00,1.64938,1.64987,1.64928,1.64987,425.0
2026-07-03 10:20:00,1.64986,1.65018,1.64986,1.65014,377.0
2026-07-03 10:25:00,1.65013,1.65019,1.64976,1.64978,484.0
2026-07-03 10:30:00,1.64978,1.64983,1.64951,1.64973,482.0
2026-07-03 10:35:00,1.64979,1.64986,1.64952,1.64957,329.0
2026-07-03 10:40:00,1.64958,1.64981,1.6495,1.64978,419.0
2026-07-03 10:45:00,1.64977,1.6498,1.64954,1.6496,368.0
2026-07-03 10:50:00,1.64958,1.64964,1.64922,1.64927,447.0
2026-07-03 10:55:00,1.64927,1.65,1.64927,1.64984,818.0
2026-07-03 11:00:00,1.64983,1.65002,1.64964,1.64982,721.0
2026-07-03 11:05:00,1.64982,1.64989,1.64962,1.6497,444.0
2026-07-03 11:10:00,1.64968,1.64975,1.64953,1.64966,379.0
2026-07-03 11:15:00,1.64966,1.64973,1.64957,1.64963,354.0
2026-07-03 11:20:00,1.64962,1.64965,1.64948,1.6495,255.0
2026-07-03 11:25:00,1.6495,1.64965,1.64947,1.64956,260.0
2026-07-03 11:30:00,1.64958,1.6496,1.64934,1.64944,316.0
2026-07-03 11:35:00,1.64942,1.6495,1.64934,1.64936,178.0
2026-07-03 11:40:00,1.64936,1.6494,1.64904,1.64912,210.0
2026-07-03 11:45:00,1.64912,1.64928,1.64908,1.64916,168.0
2026-07-03 11:50:00,1.64916,1.64926,1.64908,1.64914,174.0
2026-07-03 11:55:00,1.64915,1.64916,1.6487,1.6488,445.0
2026-07-03 12:00:00,1.6488,1.64892,1.64873,1.64882,458.0
2026-07-03 12:05:00,1.64882,1.64906,1.64876,1.64905,192.0
2026-07-03 12:10:00,1.64907,1.64928,1.64906,1.64926,182.0
2026-07-03 12:15:00,1.64924,1.64924,1.64892,1.64892,122.0
2026-07-03 12:20:00,1.64892,1.6491,1.64889,1.64896,176.0
2026-07-03 12:25:00,1.64897,1.64904,1.64891,1.64898,171.0
2026-07-03 12:30:00,1.64897,1.649,1.64883,1.64892,165.0
2026-07-03 12:35:00,1.64892,1.64896,1.64888,1.6489,78.0
2026-07-03 12:40:00,1.64892,1.64897,1.64882,1.64882,132.0
2026-07-03 12:45:00,1.6488,1.64882,1.64863,1.64864,112.0
2026-07-03 12:50:00,1.64865,1.64871,1.64845,1.64849,210.0
2026-07-03 12:55:00,1.6485,1.64864,1.64846,1.64859,186.0
2026-07-03 13:00:00,1.64856,1.64881,1.64853,1.64876,380.0
2026-07-03 13:05:00,1.64875,1.64906,1.64868,1.64888,716.0
2026-07-03 13:10:00,1.6489,1.64898,1.64875,1.64878,777.0
2026-07-03 13:15:00,1.6488,1.64903,1.64879,1.64894,328.0
2026-07-03 13:20:00,1.64894,1.64908,1.64884,1.64894,614.0
2026-07-03 13:25:00,1.64892,1.64902,1.64888,1.64893,408.0
2026-07-03 13:30:00,1.64894,1.64898,1.64884,1.64891,583.0
2026-07-03 13:35:00,1.64892,1.64895,1.64876,1.64881,517.0
2026-07-03 13:40:00,1.64884,1.64915,1.6488,1.64906,660.0
2026-07-03 13:45:00,1.64906,1.64912,1.64888,1.64892,697.0
2026-07-03 13:50:00,1.64893,1.64914,1.64887,1.6489,527.0
2026-07-03 13:55:00,1.64889,1.64908,1.64888,1.64892,604.0
2026-07-03 14:00:00,1.64893,1.64901,1.6489,1.64894,574.0
2026-07-03 14:05:00,1.64895,1.64897,1.64883,1.64883,259.0
2026-07-03 14:10:00,1.64882,1.6489,1.64859,1.64872,713.0
2026-07-03 14:15:00,1.64873,1.64888,1.64869,1.64874,465.0
2026-07-03 14:20:00,1.64874,1.64894,1.64868,1.64888,706.0
2026-07-03 14:25:00,1.64886,1.64891,1.64872,1.64875,394.0
2026-07-03 14:30:00,1.64874,1.64878,1.6487,1.64874,254.0
2026-07-03 14:35:00,1.64873,1.64885,1.64873,1.64878,642.0
2026-07-03 14:40:00,1.64879,1.64882,1.6487,1.64874,509.0
2026-07-03 14:45:00,1.64878,1.6489,1.64876,1.64886,461.0
2026-07-03 14:50:00,1.64881,1.64886,1.64859,1.64865,705.0
2026-07-03 14:55:00,1.64866,1.64896,1.64856,1.64868,287.0
2026-07-03 15:00:00,1.64868,1.64878,1.64828,1.6487,1155.0
2026-07-03 15:05:00,1.64868,1.64888,1.64862,1.64872,1697.0
2026-07-03 15:10:00,1.64872,1.64878,1.64862,1.6487,1649.0
2026-07-03 15:15:00,1.6487,1.64876,1.64854,1.64864,1625.0
2026-07-03 15:20:00,1.64863,1.64878,1.64854,1.64862,2105.0
2026-07-03 15:25:00,1.6486,1.6488,1.64856,1.64867,2030.0
2026-07-03 15:30:00,1.64868,1.64884,1.64856,1.6488,1197.0
2026-07-03 15:35:00,1.6488,1.64892,1.6486,1.64866,970.0
2026-07-03 15:40:00,1.64866,1.6489,1.64859,1.64876,928.0
2026-07-03 15:45:00,1.64875,1.64901,1.64869,1.64896,796.0
2026-07-03 15:50:00,1.64896,1.649,1.64846,1.6486,458.0
2026-07-03 15:55:00,1.64863,1.64904,1.64863,1.64876,323.0
2026-07-03 16:00:00,1.64875,1.64891,1.64849,1.64869,922.0
2026-07-03 16:05:00,1.6487,1.64893,1.64864,1.64892,664.0
2026-07-03 16:10:00,1.64894,1.6492,1.64886,1.64902,313.0
2026-07-03 16:15:00,1.649,1.64914,1.6489,1.64896,308.0
2026-07-03 16:20:00,1.64895,1.64915,1.64892,1.64907,293.0
2026-07-03 16:25:00,1.64906,1.64928,1.64884,1.64916,279.0
2026-07-03 16:30:00,1.64919,1.64919,1.64884,1.64898,315.0
2026-07-03 16:35:00,1.64896,1.64904,1.64888,1.649,158.0
2026-07-03 16:40:00,1.649,1.64906,1.64883,1.64889,314.0
2026-07-03 16:45:00,1.64892,1.649,1.64836,1.64866,308.0
2026-07-03 16:50:00,1.64872,1.649,1.64821,1.64858,308.0
2026-07-03 16:55:00,1.64858,1.64876,1.64808,1.64816,68.0
2026-07-05 17:00:00,1.6481,1.6481,1.6481,1.6481,1.0
2026-07-05 17:05:00,1.64798,1.6481,1.64698,1.6471,51.0
2026-07-05 17:10:00,1.64728,1.64763,1.64724,1.64741,62.0
2026-07-05 17:15:00,1.64743,1.64745,1.64665,1.6473,89.0
2026-07-05 17:20:00,1.64729,1.648,1.64729,1.64754,60.0
2026-07-05 17:25:00,1.64753,1.64753,1.64748,1.6475,12.0
2026-07-05 17:30:00,1.6475,1.64906,1.64748,1.6479,307.0
2026-07-05 17:35:00,1.6479,1.64842,1.64776,1.64792,93.0
2026-07-05 17:40:00,1.64792,1.64799,1.64778,1.64789,54.0
2026-07-05 17:45:00,1.6479,1.648,1.64781,1.6479,37.0
2026-07-05 17:50:00,1.64791,1.64818,1.64791,1.64796,29.0
2026-07-05 17:55:00,1.64796,1.64808,1.64758,1.64772,141.0
2026-07-05 18:00:00,1.64777,1.64859,1.64777,1.64826,339.0
2026-07-05 18:05:00,1.64826,1.64855,1.64817,1.64853,300.0
2026-07-05 18:10:00,1.64852,1.64864,1.64844,1.64864,729.0
2026-07-05 18:15:00,1.64864,1.64874,1.64853,1.64867,106.0
2026-07-05 18:20:00,1.6487,1.64874,1.64855,1.64861,69.0
2026-07-05 18:25:00,1.64862,1.64872,1.64861,1.6487,29.0
2026-07-05 18:30:00,1.6487,1.64876,1.64865,1.64866,182.0
2026-07-05 18:35:00,1.64866,1.64878,1.64863,1.6487,140.0
2026-07-05 18:40:00,1.6487,1.64879,1.64869,1.64872,148.0
2026-07-05 18:45:00,1.64872,1.64874,1.6486,1.64863,137.0
2026-07-05 18:50:00,1.64865,1.64882,1.64864,1.64877,34.0
2026-07-05 18:55:00,1.64876,1.64878,1.6487,1.64872,56.0
2026-07-05 19:00:00,1.64871,1.64877,1.64856,1.64858,137.0
2026-07-05 19:05:00,1.64858,1.64864,1.64816,1.64853,250.0
2026-07-05 19:10:00,1.64854,1.64864,1.64851,1.64862,305.0
2026-07-05 19:15:00,1.6486,1.6486,1.6484,1.64845,229.0
2026-07-05 19:20:00,1.64844,1.64853,1.64842,1.64852,162.0
2026-07-05 19:25:00,1.64853,1.64862,1.64836,1.64845,183.0
2026-07-05 19:30:00,1.64846,1.64861,1.64837,1.6486,235.0
2026-07-05 19:35:00,1.64861,1.64872,1.64852,1.64858,174.0
2026-07-05 19:40:00,1.64858,1.64874,1.64854,1.64862,198.0
2026-07-05 19:45:00,1.6486,1.64868,1.64836,1.6486,557.0
2026-07-05 19:50:00,1.6486,1.64878,1.64849,1.64876,453.0
2026-07-05 19:55:00,1.64877,1.6488,1.64843,1.64876,570.0
2026-07-05 20:00:00,1.64876,1.64982,1.64873,1.64959,1420.0
2026-07-05 20:05:00,1.64959,1.64999,1.64924,1.64947,1006.0
2026-07-05 20:10:00,1.64946,1.64965,1.6492,1.64922,791.0
2026-07-05 20:15:00,1.64926,1.64926,1.64888,1.64908,881.0
2026-07-05 20:20:00,1.6491,1.6492,1.64898,1.64918,728.0
2026-07-05 20:25:00,1.64914,1.64963,1.64912,1.64959,860.0
2026-07-05 20:30:00,1.6496,1.6499,1.64917,1.6493,1266.0
2026-07-05 20:35:00,1.6493,1.6497,1.64892,1.64904,759.0
2026-07-05 20:40:00,1.64903,1.64905,1.64876,1.64881,659.0
2026-07-05 20:45:00,1.64876,1.64883,1.64851,1.64874,685.0
2026-07-05 20:50:00,1.64876,1.64917,1.64874,1.6491,741.0
2026-07-05 20:55:00,1.64911,1.64958,1.649,1.6494,901.0
2026-07-05 21:00:00,1.64943,1.64986,1.64937,1.6497,1160.0
2026-07-05 21:05:00,1.64969,1.64972,1.64893,1.64912,859.0
2026-07-05 21:10:00,1.6491,1.64935,1.64872,1.64886,873.0
2026-07-05 21:15:00,1.64886,1.64904,1.64845,1.64856,745.0
2026-07-05 21:20:00,1.64856,1.64908,1.64848,1.64894,847.0
2026-07-05 21:25:00,1.64894,1.64932,1.64878,1.6488,1133.0
2026-07-05 21:30:00,1.6488,1.64906,1.64843,1.64876,1040.0
2026-07-05 21:35:00,1.64876,1.64912,1.64862,1.64878,929.0
2026-07-05 21:40:00,1.64877,1.64892,1.64854,1.6486,1085.0
2026-07-05 21:45:00,1.64858,1.64912,1.64855,1.6491,865.0
2026-07-05 21:50:00,1.6491,1.64939,1.64902,1.6491,721.0
2026-07-05 21:55:00,1.64912,1.64942,1.64895,1.6493,766.0
2026-07-05 22:00:00,1.64935,1.64936,1.64873,1.64882,842.0
2026-07-05 22:05:00,1.64879,1.64914,1.64874,1.64912,763.0
2026-07-05 22:10:00,1.64912,1.64926,1.64894,1.64914,523.0
2026-07-05 22:15:00,1.64914,1.64948,1.64904,1.64935,585.0
2026-07-05 22:20:00,1.64936,1.64938,1.64884,1.64896,631.0
2026-07-05 22:25:00,1.64897,1.64939,1.6489,1.64917,591.0
2026-07-05 22:30:00,1.64919,1.6498,1.64918,1.64958,698.0
2026-07-05 22:35:00,1.64957,1.64976,1.64939,1.64958,622.0
2026-07-05 22:40:00,1.64959,1.64983,1.64952,1.64982,620.0
2026-07-05 22:45:00,1.64981,1.64991,1.6494,1.64976,581.0
2026-07-05 22:50:00,1.64976,1.65008,1.6497,1.65002,540.0
2026-07-05 22:55:00,1.65003,1.65026,1.65,1.65011,450.0
2026-07-05 23:00:00,1.6501,1.65031,1.65002,1.65025,514.0
2026-07-05 23:05:00,1.65031,1.65042,1.6501,1.65039,380.0
2026-07-05 23:10:00,1.65038,1.65076,1.65022,1.6507,411.0
2026-07-05 23:15:00,1.6507,1.65081,1.65047,1.65081,436.0
2026-07-05 23:20:00,1.6508,1.65134,1.6508,1.65118,446.0
2026-07-05 23:25:00,1.6512,1.6512,1.65069,1.6507,343.0
2026-07-05 23:30:00,1.6507,1.65102,1.65066,1.65072,488.0
2026-07-05 23:35:00,1.65073,1.65086,1.65064,1.65073,407.0
2026-07-05 23:40:00,1.65072,1.65085,1.65064,1.65071,410.0
2026-07-05 23:45:00,1.65072,1.65076,1.65051,1.65064,446.0
2026-07-05 23:50:00,1.65062,1.65091,1.65054,1.6509,398.0
2026-07-05 23:55:00,1.6509,1.65092,1.65046,1.65048,541.0
2026-07-06 00:00:00,1.65048,1.65064,1.65026,1.65026,472.0
2026-07-06 00:05:00,1.65027,1.65052,1.65024,1.6505,326.0
2026-07-06 00:10:00,1.65051,1.65051,1.6501,1.65016,416.0
2026-07-06 00:15:00,1.65018,1.65018,1.64994,1.64996,268.0
2026-07-06 00:20:00,1.64996,1.64998,1.6495,1.64962,349.0
2026-07-06 00:25:00,1.64962,1.64966,1.64926,1.64942,377.0
2026-07-06 00:30:00,1.64943,1.64948,1.6491,1.64931,383.0
2026-07-06 00:35:00,1.64934,1.64942,1.649,1.64916,425.0
2026-07-06 00:40:00,1.64918,1.64926,1.64902,1.64926,330.0
2026-07-06 00:45:00,1.64926,1.6493,1.64886,1.64918,368.0
2026-07-06 00:50:00,1.64917,1.64929,1.64908,1.64922,381.0
2026-07-06 00:55:00,1.64926,1.64927,1.64896,1.64897,405.0
2026-07-06 01:00:00,1.64896,1.6492,1.64894,1.64912,570.0
2026-07-06 01:05:00,1.64912,1.6492,1.64874,1.64894,419.0
2026-07-06 01:10:00,1.64898,1.649,1.64864,1.64864,501.0
2026-07-06 01:15:00,1.64866,1.64882,1.64854,1.64877,427.0
2026-07-06 01:20:00,1.64876,1.64892,1.64854,1.64872,478.0
2026-07-06 01:25:00,1.64872,1.64872,1.64834,1.64859,450.0
2026-07-06 01:30:00,1.6486,1.64899,1.64854,1.6489,572.0
2026-07-06 01:35:00,1.6489,1.64891,1.6484,1.64872,577.0
2026-07-06 01:40:00,1.64872,1.64874,1.6483,1.64844,532.0
2026-07-06 01:45:00,1.64844,1.64872,1.6484,1.64862,447.0
2026-07-06 01:50:00,1.64862,1.64867,1.64839,1.64852,539.0
2026-07-06 01:55:00,1.6485,1.64891,1.64837,1.64852,731.0
2026-07-06 02:00:00,1.64854,1.64876,1.64844,1.64853,752.0
2026-07-06 02:05:00,1.64854,1.64864,1.64841,1.64856,548.0
2026-07-06 02:10:00,1.64856,1.64867,1.64835,1.64842,460.0
2026-07-06 02:15:00,1.64844,1.64914,1.64842,1.64862,663.0
2026-07-06 02:20:00,1.64862,1.64874,1.64846,1.64854,542.0
2026-07-06 02:25:00,1.64854,1.6486,1.64828,1.64844,465.0
2026-07-06 02:30:00,1.64842,1.64844,1.64814,1.64822,559.0
2026-07-06 02:35:00,1.64819,1.64824,1.64792,1.64794,533.0
2026-07-06 02:40:00,1.64794,1.64829,1.64778,1.64814,466.0
2026-07-06 02:45:00,1.64814,1.64832,1.648,1.64818,482.0
2026-07-06 02:50:00,1.64816,1.64872,1.64814,1.64852,447.0
2026-07-06 02:55:00,1.64852,1.64889,1.64838,1.64871,638.0
2026-07-06 03:00:00,1.64874,1.64879,1.64802,1.64802,825.0
2026-07-06 03:05:00,1.648,1.64822,1.64786,1.64795,621.0
2026-07-06 03:10:00,1.64794,1.64861,1.64778,1.64838,599.0
2026-07-06 03:15:00,1.64836,1.64872,1.64812,1.64814,759.0
2026-07-06 03:20:00,1.64815,1.64844,1.64814,1.6482,592.0
2026-07-06 03:25:00,1.64817,1.64852,1.6481,1.64848,617.0
2026-07-06 03:30:00,1.6485,1.64863,1.64789,1.64789,749.0
2026-07-06 03:35:00,1.6479,1.64801,1.64776,1.648,562.0
2026-07-06 03:40:00,1.648,1.64804,1.64706,1.64706,609.0
2026-07-06 03:45:00,1.64707,1.64726,1.64692,1.64716,468.0
2026-07-06 03:50:00,1.64719,1.64738,1.64696,1.6472,490.0
2026-07-06 03:55:00,1.64719,1.64736,1.647,1.64718,514.0
2026-07-06 04:00:00,1.64717,1.64718,1.64674,1.64715,632.0
2026-07-06 04:05:00,1.64714,1.6472,1.64684,1.6469,466.0
2026-07-06 04:10:00,1.64691,1.64747,1.64687,1.64726,725.0
2026-07-06 04:15:00,1.64726,1.64744,1.64674,1.64674,617.0
2026-07-06 04:20:00,1.64674,1.64734,1.64674,1.64719,541.0
2026-07-06 04:25:00,1.64718,1.64749,1.64714,1.64732,428.0
2026-07-06 04:30:00,1.64732,1.6477,1.64728,1.6474,492.0
2026-07-06 04:35:00,1.6474,1.64756,1.64733,1.64745,377.0
2026-07-06 04:40:00,1.64746,1.64747,1.64707,1.64718,479.0
2026-07-06 04:45:00,1.64717,1.64744,1.64717,1.64726,426.0
2026-07-06 04:50:00,1.64726,1.6474,1.6472,1.64738,483.0
2026-07-06 04:55:00,1.64736,1.64742,1.64716,1.6474,388.0
2026-07-06 05:00:00,1.6474,1.64756,1.64731,1.64738,609.0
2026-07-06 05:05:00,1.64738,1.64776,1.64728,1.64757,455.0
2026-07-06 05:10:00,1.64756,1.64764,1.64726,1.64728,498.0
2026-07-06 05:15:00,1.6473,1.64757,1.64724,1.64732,394.0
2026-07-06 05:20:00,1.64731,1.64739,1.6472,1.6473,370.0
2026-07-06 05:25:00,1.64731,1.64746,1.6472,1.64729,472.0
2026-07-06 05:30:00,1.64728,1.64755,1.6472,1.64724,460.0
2026-07-06 05:35:00,1.64722,1.64732,1.64714,1.6473,539.0
2026-07-06 05:40:00,1.6473,1.6474,1.64708,1.64728,373.0
2026-07-06 05:45:00,1.64728,1.64732,1.64693,1.6472,407.0
2026-07-06 05:50:00,1.64724,1.64724,1.6466,1.64664,538.0
2026-07-06 05:55:00,1.64668,1.64692,1.64662,1.64688,435.0
2026-07-06 06:00:00,1.64689,1.64696,1.64676,1.64694,457.0
2026-07-06 06:05:00,1.64694,1.647,1.64666,1.64666,512.0
2026-07-06 06:10:00,1.64666,1.64672,1.64641,1.64644,448.0
2026-07-06 06:15:00,1.64646,1.64672,1.64642,1.64648,666.0
2026-07-06 06:20:00,1.64648,1.64651,1.64632,1.6465,423.0
2026-07-06 06:25:00,1.64648,1.6465,1.64617,1.64617,403.0
2026-07-06 06:30:00,1.64618,1.64654,1.64617,1.64638,383.0
2026-07-06 06:35:00,1.64639,1.64662,1.64624,1.64658,418.0
2026-07-06 06:40:00,1.64658,1.64694,1.64657,1.64689,306.0
2026-07-06 06:45:00,1.64688,1.64723,1.64684,1.64702,389.0
2026-07-06 06:50:00,1.64702,1.64712,1.64673,1.64684,465.0
2026-07-06 06:55:00,1.64684,1.647,1.64672,1.64682,565.0
2026-07-06 07:00:00,1.64683,1.64713,1.64681,1.64702,480.0
2026-07-06 07:05:00,1.64702,1.64709,1.64673,1.6468,439.0
2026-07-06 07:10:00,1.64679,1.64682,1.64644,1.64668,390.0
2026-07-06 07:15:00,1.64667,1.64669,1.64632,1.64644,329.0
2026-07-06 07:20:00,1.64645,1.64654,1.64633,1.64654,261.0
2026-07-06 07:25:00,1.64656,1.64658,1.6463,1.64647,394.0
2026-07-06 07:30:00,1.64648,1.64658,1.64628,1.64632,441.0
2026-07-06 07:35:00,1.64632,1.64637,1.646,1.64606,377.0
2026-07-06 07:40:00,1.64607,1.64634,1.64598,1.64598,435.0
2026-07-06 07:45:00,1.64598,1.6462,1.64592,1.64602,432.0
2026-07-06 07:50:00,1.64598,1.64626,1.64594,1.64607,446.0
2026-07-06 07:55:00,1.64606,1.64654,1.64596,1.6464,673.0
2026-07-06 08:00:00,1.64638,1.64664,1.64629,1.64654,723.0
2026-07-06 08:05:00,1.64653,1.64657,1.64622,1.64626,473.0
2026-07-06 08:10:00,1.64627,1.64649,1.64623,1.64636,419.0
2026-07-06 08:15:00,1.64636,1.64647,1.64618,1.6463,532.0
2026-07-06 08:20:00,1.64631,1.64698,1.64626,1.64671,581.0
2026-07-06 08:25:00,1.64672,1.64704,1.64667,1.6469,548.0
2026-07-06 08:30:00,1.6469,1.64716,1.64686,1.64708,460.0
2026-07-06 08:35:00,1.64705,1.64752,1.64699,1.64748,568.0
2026-07-06 08:40:00,1.64746,1.64808,1.64746,1.64808,719.0
2026-07-06 08:45:00,1.64806,1.6484,1.6478,1.64836,652.0
2026-07-06 08:50:00,1.64836,1.6485,1.64816,1.64827,527.0
2026-07-06 08:55:00,1.64827,1.6483,1.64766,1.64784,638.0
2026-07-06 09:00:00,1.6478,1.64798,1.64772,1.64784,684.0
2026-07-06 09:05:00,1.64784,1.64804,1.64779,1.64802,563.0
2026-07-06 09:10:00,1.64802,1.64828,1.6479,1.64824,735.0
2026-07-06 09:15:00,1.64822,1.6483,1.64795,1.64798,656.0
2026-07-06 09:20:00,1.64798,1.6481,1.64776,1.64784,670.0
2026-07-06 09:25:00,1.6478,1.64799,1.64776,1.64786,635.0
2026-07-06 09:30:00,1.64786,1.6479,1.64744,1.64752,1085.0
2026-07-06 09:35:00,1.64754,1.64764,1.6471,1.6471,992.0
2026-07-06 09:40:00,1.6471,1.64716,1.64649,1.64656,969.0
2026-07-06 09:45:00,1.64652,1.6466,1.64614,1.64624,927.0
2026-07-06 09:50:00,1.64625,1.64631,1.646,1.64618,927.0
2026-07-06 09:55:00,1.64616,1.64672,1.64586,1.64667,757.0
2026-07-06 10:00:00,1.64664,1.647,1.646,1.64642,912.0
2026-07-06 10:05:00,1.64642,1.64664,1.64633,1.64649,880.0
2026-07-06 10:10:00,1.6465,1.64652,1.64611,1.64614,808.0
2026-07-06 10:15:00,1.64612,1.64645,1.64604,1.6464,737.0
2026-07-06 10:20:00,1.64639,1.64652,1.64628,1.64638,968.0
2026-07-06 10:25:00,1.64638,1.64639,1.64586,1.64599,737.0
2026-07-06 10:30:00,1.64595,1.64622,1.64591,1.6461,840.0
2026-07-06 10:35:00,1.6461,1.64651,1.64608,1.64625,707.0
2026-07-06 10:40:00,1.64626,1.64636,1.64596,1.64606,772.0
2026-07-06 10:45:00,1.64608,1.6461,1.64552,1.64563,562.0
2026-07-06 10:50:00,1.64562,1.64568,1.6453,1.64542,674.0
2026-07-06 10:55:00,1.64544,1.64584,1.6453,1.64575,746.0
2026-07-06 11:00:00,1.64576,1.64578,1.64534,1.6455,593.0
2026-07-06 11:05:00,1.64548,1.6456,1.64524,1.64532,518.0
2026-07-06 11:10:00,1.64533,1.64574,1.6453,1.64556,473.0
2026-07-06 11:15:00,1.64556,1.64577,1.6455,1.64554,633.0
2026-07-06 11:20:00,1.64554,1.64566,1.64543,1.6455,643.0
2026-07-06 11:25:00,1.64548,1.64552,1.64512,1.64514,511.0
2026-07-06 11:30:00,1.64512,1.64523,1.645,1.64506,521.0
2026-07-06 11:35:00,1.64506,1.64532,1.64477,1.64482,422.0
2026-07-06 11:40:00,1.6448,1.64514,1.6448,1.6451,398.0
2026-07-06 11:45:00,1.6451,1.6453,1.64504,1.64528,532.0
2026-07-06 11:50:00,1.64526,1.6454,1.64512,1.64527,522.0
2026-07-06 11:55:00,1.64524,1.64559,1.6452,1.64552,458.0
2026-07-06 12:00:00,1.64554,1.64565,1.64544,1.64554,488.0
2026-07-06 12:05:00,1.64553,1.64568,1.64548,1.64566,347.0
2026-07-06 12:10:00,1.64566,1.64566,1.6454,1.64551,410.0
2026-07-06 12:15:00,1.64554,1.64572,1.64547,1.64563,386.0
2026-07-06 12:20:00,1.64564,1.64576,1.64558,1.6457,398.0
2026-07-06 12:25:00,1.64571,1.64596,1.64563,1.64592,354.0
2026-07-06 12:30:00,1.64592,1.64593,1.64562,1.6457,476.0
2026-07-06 12:35:00,1.6457,1.64574,1.64556,1.64568,415.0
2026-07-06 12:40:00,1.64568,1.64577,1.64553,1.64562,412.0
2026-07-06 12:45:00,1.64562,1.64572,1.64555,1.6456,447.0
2026-07-06 12:50:00,1.64561,1.64581,1.64549,1.64581,425.0
2026-07-06 12:55:00,1.64582,1.64583,1.64553,1.64558,414.0
2026-07-06 13:00:00,1.64554,1.64566,1.64538,1.64552,455.0
