Timestamp,Open,High,Low,Close,Volume
2026-03-10 04:00:00,1.6392,1.6416,1.63791,1.64119,12559.0
2026-03-10 05:00:00,1.64122,1.6413,1.6377,1.63816,10402.0
2026-03-10 06:00:00,1.63816,1.63878,1.63508,1.63691,10798.0
2026-03-10 07:00:00,1.63692,1.63758,1.63417,1.63458,12429.0
2026-03-10 08:00:00,1.6346,1.636,1.63402,1.63522,16834.0
2026-03-10 09:00:00,1.63516,1.63602,1.63428,1.63506,20865.0
2026-03-10 10:00:00,1.63507,1.63585,1.62946,1.63003,21892.0
2026-03-10 11:00:00,1.63004,1.63059,1.6285,1.62916,15647.0
2026-03-10 12:00:00,1.62923,1.63088,1.62895,1.62961,12964.0
2026-03-10 13:00:00,1.62965,1.62974,1.62694,1.62736,15202.0
2026-03-10 14:00:00,1.62734,1.63064,1.62695,1.62969,26810.0
2026-03-10 15:00:00,1.62966,1.63157,1.62945,1.63135,19104.0
2026-03-10 16:00:00,1.63134,1.63175,1.6304,1.6307,6304.0
2026-03-10 17:00:00,1.63087,1.63131,1.6298,1.63125,2502.0
2026-03-10 18:00:00,1.63124,1.6317,1.63048,1.63089,2845.0
2026-03-10 19:00:00,1.63086,1.63151,1.63056,1.63096,4917.0
2026-03-10 20:00:00,1.63097,1.63097,1.62865,1.62944,10696.0
2026-03-10 21:00:00,1.62943,1.6296,1.62556,1.62619,12371.0
2026-03-10 22:00:00,1.6262,1.62698,1.62077,1.62285,7481.0
2026-03-10 23:00:00,1.6229,1.62357,1.62101,1.62121,6338.0
2026-03-11 00:00:00,1.62122,1.62161,1.61926,1.61986,4862.0
2026-03-11 01:00:00,1.61987,1.62314,1.61952,1.62163,7849.0
2026-03-11 02:00:00,1.62166,1.62312,1.62098,1.62178,9600.0
2026-03-11 03:00:00,1.62179,1.62398,1.62011,1.62164,15801.0
2026-03-11 04:00:00,1.62162,1.62262,1.61913,1.62161,15157.0
2026-03-11 05:00:00,1.6216,1.62246,1.61961,1.62201,16303.0
2026-03-11 06:00:00,1.62202,1.62202,1.62014,1.62058,12371.0
2026-03-11 07:00:00,1.6206,1.62072,1.61868,1.61978,10968.0
2026-03-11 08:00:00,1.61981,1.62098,1.61893,1.62072,15339.0
2026-03-11 09:00:00,1.62076,1.62076,1.61716,1.61721,18610.0
2026-03-11 10:00:00,1.6172,1.61738,1.61316,1.61337,28618.0
2026-03-11 11:00:00,1.61336,1.61782,1.61291,1.61774,18471.0
2026-03-11 12:00:00,1.61776,1.61872,1.61686,1.61762,15040.0
2026-03-11 13:00:00,1.61763,1.61986,1.61752,1.61946,14407.0
2026-03-11 14:00:00,1.6195,1.62044,1.61794,1.61853,10643.0
2026-03-11 15:00:00,1.61854,1.6193,1.6172,1.61721,6613.0
2026-03-11 16:00:00,1.6172,1.61784,1.61693,1.6172,3711.0
2026-03-11 17:00:00,1.61704,1.61845,1.61616,1.61801,1380.0
2026-03-11 18:00:00,1.61808,1.61962,1.61758,1.61874,5386.0
2026-03-11 19:00:00,1.61874,1.6197,1.61858,1.61914,9650.0
2026-03-11 20:00:00,1.61908,1.61934,1.6158,1.61586,11600.0
2026-03-11 21:00:00,1.61582,1.61705,1.61366,1.61536,11814.0
2026-03-11 22:00:00,1.61536,1.61768,1.61444,1.61724,10734.0
2026-03-11 23:00:00,1.61726,1.61824,1.61674,1.61674,7903.0
2026-03-12 00:00:00,1.61676,1.61908,1.61674,1.61896,5455.0
2026-03-12 01:00:00,1.61899,1.62068,1.61772,1.62005,11391.0
2026-03-12 02:00:00,1.62005,1.62364,1.61992,1.62074,8881.0
2026-03-12 03:00:00,1.62073,1.6212,1.61802,1.61904,8351.0
2026-03-12 04:00:00,1.61904,1.61936,1.61699,1.6185,11993.0
2026-03-12 05:00:00,1.61848,1.62121,1.61842,1.61962,10091.0
2026-03-12 06:00:00,1.61962,1.62105,1.61879,1.62003,9182.0
2026-03-12 07:00:00,1.62007,1.62042,1.6177,1.61926,9196.0
2026-03-12 08:00:00,1.61928,1.6202,1.61748,1.61818,12139.0
2026-03-12 09:00:00,1.61817,1.62422,1.61797,1.62415,20322.0
2026-03-12 10:00:00,1.62416,1.62614,1.62245,1.62485,22853.0
2026-03-12 11:00:00,1.62488,1.62808,1.62418,1.62544,26875.0
2026-03-12 12:00:00,1.62543,1.62726,1.62394,1.62564,21273.0
2026-03-12 13:00:00,1.62565,1.62684,1.6249,1.62636,15777.0
2026-03-12 14:00:00,1.62636,1.62676,1.6256,1.6259,11945.0
2026-03-12 15:00:00,1.62596,1.62711,1.62564,1.62694,11559.0
2026-03-12 16:00:00,1.62702,1.62702,1.62604,1.62665,4850.0
2026-03-12 17:00:00,1.62656,1.62768,1.62644,1.62768,651.0
2026-03-12 18:00:00,1.62769,1.6284,1.62698,1.62716,4372.0
2026-03-12 19:00:00,1.62719,1.6285,1.62703,1.62816,6134.0
2026-03-12 20:00:00,1.6282,1.6295,1.62626,1.62661,10084.0
2026-03-12 21:00:00,1.62661,1.62694,1.62538,1.62622,9346.0
2026-03-12 22:00:00,1.62622,1.62778,1.62518,1.62688,8679.0
2026-03-12 23:00:00,1.62689,1.62943,1.6262,1.62768,7920.0
2026-03-13 00:00:00,1.62766,1.62918,1.62738,1.62872,6647.0
2026-03-13 01:00:00,1.6287,1.62944,1.62804,1.6284,7047.0
2026-03-13 02:00:00,1.62838,1.63282,1.62818,1.63155,11161.0
2026-03-13 03:00:00,1.63158,1.63266,1.6307,1.6307,13075.0
2026-03-13 04:00:00,1.6307,1.63134,1.62613,1.62634,14016.0
2026-03-13 05:00:00,1.62638,1.6284,1.62503,1.62788,13602.0
2026-03-13 06:00:00,1.62786,1.62846,1.62729,1.62788,10930.0
2026-03-13 07:00:00,1.62788,1.62937,1.62672,1.62688,14605.0
2026-03-13 08:00:00,1.6268,1.62778,1.62632,1.6266,17247.0
2026-03-13 09:00:00,1.62667,1.63088,1.62658,1.62834,20390.0
2026-03-13 10:00:00,1.62838,1.6318,1.62771,1.63112,24436.0
2026-03-13 11:00:00,1.63114,1.63428,1.62974,1.6342,22503.0
2026-03-13 12:00:00,1.6342,1.6345,1.6319,1.63322,21147.0
2026-03-13 13:00:00,1.63322,1.63408,1.6317,1.63377,13126.0
2026-03-13 14:00:00,1.63376,1.63406,1.63219,1.63278,9159.0
2026-03-13 15:00:00,1.63273,1.63397,1.63254,1.6339,8448.0
2026-03-13 16:00:00,1.6339,1.63538,1.63368,1.63535,5805.0
2026-03-15 17:00:00,1.63377,1.63413,1.63254,1.63372,1313.0
2026-03-15 18:00:00,1.63338,1.6348,1.63298,1.63382,6242.0
2026-03-15 19:00:00,1.6338,1.63428,1.63188,1.6325,9342.0
2026-03-15 20:00:00,1.6325,1.6333,1.63098,1.63274,10117.0
2026-03-15 21:00:00,1.63274,1.63496,1.6317,1.63266,12624.0
2026-03-15 22:00:00,1.63266,1.6338,1.63236,1.63377,9053.0
2026-03-15 23:00:00,1.63372,1.6343,1.6326,1.63326,6516.0
2026-03-16 00:00:00,1.63326,1.6336,1.6326,1.63351,4468.0
2026-03-16 01:00:00,1.63352,1.63354,1.62936,1.6301,6278.0
2026-03-16 02:00:00,1.6301,1.63027,1.62854,1.62889,6688.0
2026-03-16 03:00:00,1.62894,1.62944,1.62826,1.62926,6128.0
2026-03-16 04:00:00,1.62924,1.63131,1.62872,1.62987,12848.0
2026-03-16 05:00:00,1.62988,1.631,1.62946,1.62998,10317.0
2026-03-16 06:00:00,1.62998,1.63046,1.6276,1.62768,9380.0
2026-03-16 07:00:00,1.62768,1.62896,1.62691,1.6282,8167.0
2026-03-16 08:00:00,1.62822,1.62824,1.62689,1.62737,11013.0
2026-03-16 09:00:00,1.62736,1.62786,1.62543,1.62614,13502.0
2026-03-16 10:00:00,1.62616,1.62761,1.62499,1.62666,14629.0
2026-03-16 11:00:00,1.62666,1.62882,1.62644,1.6282,12587.0
2026-03-16 12:00:00,1.6282,1.62976,1.62768,1.62943,13560.0
2026-03-16 13:00:00,1.62938,1.62948,1.62842,1.62893,11310.0
2026-03-16 14:00:00,1.6289,1.62926,1.62774,1.62803,7948.0
2026-03-16 15:00:00,1.62802,1.6285,1.6268,1.62696,8357.0
2026-03-16 16:00:00,1.62692,1.62744,1.62676,1.62698,3084.0
2026-03-16 17:00:00,1.62707,1.62848,1.62634,1.6275,1198.0
2026-03-16 18:00:00,1.62732,1.62791,1.6267,1.62755,2237.0
2026-03-16 19:00:00,1.62754,1.62774,1.62668,1.62702,3876.0
2026-03-16 20:00:00,1.627,1.6277,1.62624,1.62734,6922.0
2026-03-16 21:00:00,1.62733,1.62739,1.62302,1.62306,9045.0
2026-03-16 22:00:00,1.62303,1.62458,1.62198,1.62456,5712.0
2026-03-16 23:00:00,1.62453,1.63104,1.62122,1.62629,11312.0
2026-03-17 00:00:00,1.62634,1.62762,1.6241,1.6255,7485.0
2026-03-17 01:00:00,1.62552,1.62564,1.62142,1.6243,8609.0
2026-03-17 02:00:00,1.6243,1.62562,1.62306,1.62367,11804.0
2026-03-17 03:00:00,1.62372,1.6275,1.62372,1.62654,8536.0
2026-03-17 04:00:00,1.62655,1.62732,1.6249,1.62506,11069.0
2026-03-17 05:00:00,1.62508,1.62584,1.62396,1.62452,6726.0
2026-03-17 06:00:00,1.6243,1.62522,1.62362,1.62404,8022.0
2026-03-17 07:00:00,1.62404,1.62548,1.62387,1.62544,7096.0
2026-03-17 08:00:00,1.62548,1.62575,1.623,1.6237,8123.0
2026-03-17 09:00:00,1.62368,1.62409,1.6209,1.62148,14466.0
2026-03-17 10:00:00,1.6215,1.6244,1.62136,1.62388,11599.0
2026-03-17 11:00:00,1.62388,1.62608,1.62331,1.62332,12667.0
2026-03-17 12:00:00,1.6233,1.62389,1.62247,1.62309,11902.0
2026-03-17 13:00:00,1.6231,1.62315,1.6223,1.62256,7531.0
2026-03-17 14:00:00,1.62256,1.6246,1.62249,1.62415,5201.0
2026-03-17 15:00:00,1.62412,1.62476,1.6237,1.6237,3256.0
2026-03-17 16:00:00,1.62375,1.6245,1.62356,1.62422,1804.0
2026-03-17 17:00:00,1.62401,1.6251,1.62322,1.62427,1912.0
2026-03-17 18:00:00,1.62444,1.62456,1.62345,1.62358,3171.0
2026-03-17 19:00:00,1.62362,1.62402,1.62312,1.62324,7995.0
2026-03-17 20:00:00,1.62326,1.62394,1.62238,1.62273,10796.0
2026-03-17 21:00:00,1.62272,1.62273,1.62043,1.62153,7926.0
2026-03-17 22:00:00,1.62156,1.62423,1.6214,1.62396,5308.0
2026-03-17 23:00:00,1.62394,1.62431,1.6221,1.62214,3404.0
2026-03-18 00:00:00,1.62211,1.62326,1.62113,1.62222,3475.0
2026-03-18 01:00:00,1.62222,1.62296,1.62152,1.62198,4731.0
2026-03-18 02:00:00,1.62196,1.62236,1.62114,1.62142,5598.0
2026-03-18 03:00:00,1.62144,1.6224,1.62009,1.62056,4811.0
2026-03-18 04:00:00,1.6206,1.62289,1.62052,1.62244,6153.0
2026-03-18 05:00:00,1.62243,1.62304,1.62197,1.62236,5025.0
2026-03-18 06:00:00,1.62234,1.62457,1.62224,1.62447,4391.0
2026-03-18 07:00:00,1.62446,1.62656,1.62446,1.6263,9294.0
2026-03-18 08:00:00,1.62633,1.6305,1.62616,1.63042,16069.0
2026-03-18 09:00:00,1.63038,1.6313,1.62902,1.62956,20238.0
2026-03-18 10:00:00,1.62954,1.63004,1.62718,1.62733,17498.0
2026-03-18 11:00:00,1.62726,1.62815,1.62626,1.62689,13656.0
2026-03-18 12:00:00,1.62688,1.62726,1.62542,1.62567,9418.0
2026-03-18 13:00:00,1.62568,1.62634,1.6256,1.62618,8176.0
2026-03-18 14:00:00,1.62624,1.6281,1.6252,1.62758,19565.0
2026-03-18 15:00:00,1.62761,1.63064,1.62724,1.6301,14370.0
2026-03-18 16:00:00,1.63007,1.6318,1.6298,1.63047,6044.0
2026-03-18 17:00:00,1.63042,1.63132,1.6288,1.62995,1999.0
2026-03-18 18:00:00,1.63006,1.63125,1.62884,1.63097,3717.0
2026-03-18 19:00:00,1.63098,1.63176,1.63064,1.63074,6974.0
2026-03-18 20:00:00,1.63076,1.632,1.62835,1.62879,11580.0
2026-03-18 21:00:00,1.62876,1.63067,1.62835,1.6296,9673.0
2026-03-18 22:00:00,1.6296,1.63094,1.62838,1.62972,10081.0
2026-03-18 23:00:00,1.62973,1.62979,1.62787,1.62844,4373.0
2026-03-19 00:00:00,1.62844,1.62966,1.62842,1.62962,4404.0
2026-03-19 01:00:00,1.62963,1.6305,1.62858,1.63028,6028.0
2026-03-19 02:00:00,1.63024,1.6306,1.62892,1.62895,9303.0
2026-03-19 03:00:00,1.62898,1.63064,1.62812,1.62995,13534.0
2026-03-19 04:00:00,1.62996,1.63031,1.62668,1.62724,16832.0
2026-03-19 05:00:00,1.62724,1.62814,1.62584,1.62658,22148.0
2026-03-19 06:00:00,1.62656,1.6275,1.62591,1.62725,15359.0
2026-03-19 07:00:00,1.62723,1.6308,1.62694,1.62998,10113.0
2026-03-19 08:00:00,1.63002,1.63724,1.62998,1.6366,20837.0
2026-03-19 09:00:00,1.63662,1.64188,1.63566,1.63616,31022.0
2026-03-19 10:00:00,1.63618,1.63642,1.63306,1.63456,32150.0
2026-03-19 11:00:00,1.63457,1.63704,1.63338,1.63662,25458.0
2026-03-19 12:00:00,1.63662,1.63752,1.6346,1.63698,24216.0
2026-03-19 13:00:00,1.63696,1.6395,1.63675,1.6384,14419.0
2026-03-19 14:00:00,1.6384,1.63872,1.63662,1.63723,12550.0
2026-03-19 15:00:00,1.63719,1.63726,1.6336,1.63518,27270.0
2026-03-19 16:00:00,1.63517,1.63569,1.63464,1.635,4945.0
2026-03-19 17:00:00,1.63497,1.63552,1.6339,1.63408,1438.0
2026-03-19 18:00:00,1.6341,1.63542,1.63356,1.63478,4224.0
2026-03-19 19:00:00,1.63478,1.63535,1.63325,1.63506,6195.0
2026-03-19 20:00:00,1.63507,1.63604,1.63394,1.63414,9650.0
2026-03-19 21:00:00,1.63416,1.63418,1.63138,1.63253,14434.0
2026-03-19 22:00:00,1.6325,1.63305,1.63114,1.63136,8457.0
2026-03-19 23:00:00,1.63136,1.6325,1.63089,1.6318,7693.0
2026-03-20 00:00:00,1.6318,1.63278,1.63019,1.63038,4748.0
2026-03-20 01:00:00,1.63037,1.63111,1.62909,1.63081,7866.0
2026-03-20 02:00:00,1.6308,1.63343,1.6301,1.63269,8430.0
2026-03-20 03:00:00,1.63266,1.6334,1.63046,1.63208,10810.0
2026-03-20 04:00:00,1.63206,1.63336,1.63162,1.6324,10363.0
2026-03-20 05:00:00,1.6324,1.63509,1.63217,1.63466,12841.0
2026-03-20 06:00:00,1.63466,1.63654,1.63384,1.63614,12435.0
2026-03-20 07:00:00,1.63614,1.63632,1.63435,1.6345,11796.0
2026-03-20 08:00:00,1.63447,1.63558,1.63348,1.63468,14982.0
2026-03-20 09:00:00,1.6347,1.63894,1.63448,1.6387,19375.0
2026-03-20 10:00:00,1.63877,1.64116,1.63758,1.63967,21066.0
2026-03-20 11:00:00,1.63967,1.64167,1.63841,1.64132,21116.0
2026-03-20 12:00:00,1.64134,1.64293,1.64078,1.64224,13504.0
2026-03-20 13:00:00,1.64221,1.64404,1.6415,1.64304,15152.0
2026-03-20 14:00:00,1.64305,1.64774,1.643,1.64764,14246.0
2026-03-20 15:00:00,1.64762,1.6484,1.64645,1.64719,14216.0
2026-03-20 16:00:00,1.64718,1.6486,1.64604,1.64792,8231.0
2026-03-22 17:00:00,1.6485,1.65062,1.64782,1.64989,720.0
2026-03-22 18:00:00,1.64978,1.65039,1.64827,1.64946,5144.0
2026-03-22 19:00:00,1.64949,1.64994,1.64866,1.64936,8429.0
2026-03-22 20:00:00,1.64935,1.65149,1.6483,1.65048,17733.0
2026-03-22 21:00:00,1.6504,1.65338,1.64886,1.65188,21565.0
2026-03-22 22:00:00,1.65186,1.65488,1.65074,1.65392,12365.0
2026-03-22 23:00:00,1.6539,1.65489,1.65294,1.654,11076.0
2026-03-23 00:00:00,1.65401,1.65517,1.65354,1.65494,7423.0
2026-03-23 01:00:00,1.65496,1.6574,1.65437,1.6567,9431.0
2026-03-23 02:00:00,1.6567,1.65782,1.65585,1.6576,14294.0
2026-03-23 03:00:00,1.6576,1.65929,1.65642,1.65772,14706.0
2026-03-23 04:00:00,1.65772,1.6579,1.65346,1.65494,19868.0
2026-03-23 05:00:00,1.655,1.6569,1.65429,1.65569,15733.0
2026-03-23 06:00:00,1.65569,1.66236,1.65536,1.65915,12978.0
2026-03-23 07:00:00,1.65911,1.65944,1.64495,1.65436,50524.0
2026-03-23 08:00:00,1.65435,1.65625,1.64964,1.65178,43356.0
2026-03-23 09:00:00,1.65176,1.65476,1.65016,1.65017,41080.0
2026-03-23 10:00:00,1.65018,1.65093,1.64696,1.64836,37980.0
2026-03-23 11:00:00,1.6484,1.65732,1.64729,1.65682,34435.0
2026-03-23 12:00:00,1.65678,1.6581,1.6546,1.65495,30567.0
2026-03-23 13:00:00,1.65494,1.65538,1.65208,1.65412,23981.0
2026-03-23 14:00:00,1.65412,1.65699,1.65404,1.65587,20871.0
2026-03-23 15:00:00,1.65586,1.6569,1.65512,1.65638,11823.0
2026-03-23 16:00:00,1.65642,1.65702,1.65579,1.6563,5320.0
2026-03-23 17:00:00,1.65528,1.65786,1.65508,1.6578,1276.0
2026-03-23 18:00:00,1.65788,1.65854,1.65348,1.65492,4744.0
2026-03-23 19:00:00,1.65494,1.65694,1.65484,1.65633,8150.0
2026-03-23 20:00:00,1.65633,1.6621,1.65627,1.6585,21531.0
2026-03-23 21:00:00,1.65844,1.6623,1.65749,1.6621,26092.0
2026-03-23 22:00:00,1.6621,1.66324,1.66054,1.66266,18738.0
2026-03-23 23:00:00,1.66268,1.66316,1.66145,1.66233,11639.0
2026-03-24 00:00:00,1.66232,1.66334,1.6619,1.66236,8915.0
2026-03-24 01:00:00,1.66236,1.66456,1.6621,1.66277,15980.0
2026-03-24 02:00:00,1.66276,1.66298,1.6589,1.65912,16581.0
2026-03-24 03:00:00,1.65908,1.66172,1.65576,1.66092,21019.0
2026-03-24 04:00:00,1.6609,1.66454,1.6603,1.66426,21099.0
2026-03-24 05:00:00,1.6643,1.66572,1.66266,1.66281,13169.0
2026-03-24 06:00:00,1.66278,1.6641,1.66145,1.6617,11617.0
2026-03-24 07:00:00,1.6617,1.66448,1.66109,1.66288,14057.0
2026-03-24 08:00:00,1.6629,1.66639,1.66273,1.66536,14591.0
2026-03-24 09:00:00,1.66534,1.66594,1.6627,1.6627,26288.0
2026-03-24 10:00:00,1.66272,1.66454,1.66063,1.66373,27320.0
2026-03-24 11:00:00,1.66376,1.66469,1.66138,1.66244,25384.0
2026-03-24 12:00:00,1.6624,1.66403,1.6618,1.66292,17727.0
2026-03-24 13:00:00,1.66292,1.66684,1.66264,1.66503,23525.0
2026-03-24 14:00:00,1.66498,1.66523,1.6619,1.66264,19764.0
2026-03-24 15:00:00,1.66264,1.6627,1.66128,1.66256,13084.0
2026-03-24 16:00:00,1.66255,1.66274,1.65693,1.6588,20181.0
2026-03-24 17:00:00,1.66008,1.66148,1.6583,1.65973,3015.0
2026-03-24 18:00:00,1.65962,1.66116,1.65926,1.65945,6485.0
2026-03-24 19:00:00,1.65946,1.66078,1.65914,1.6603,7740.0
2026-03-24 20:00:00,1.66031,1.66399,1.65996,1.66161,15124.0
2026-03-24 21:00:00,1.66158,1.66338,1.6604,1.66321,19616.0
2026-03-24 22:00:00,1.66318,1.6645,1.66251,1.66424,10851.0
2026-03-24 23:00:00,1.66422,1.66457,1.66296,1.6631,8083.0
2026-03-25 00:00:00,1.6631,1.66333,1.66208,1.66298,6032.0
2026-03-25 01:00:00,1.66296,1.66328,1.66198,1.66282,9354.0
2026-03-25 02:00:00,1.6628,1.66354,1.6622,1.66328,9475.0
2026-03-25 03:00:00,1.6633,1.66532,1.66268,1.66471,10454.0
2026-03-25 04:00:00,1.66468,1.66486,1.66118,1.66212,17063.0
2026-03-25 05:00:00,1.66211,1.66539,1.66133,1.66444,10969.0
2026-03-25 06:00:00,1.66442,1.66635,1.66416,1.66561,9726.0
2026-03-25 07:00:00,1.6656,1.6665,1.66457,1.66586,10939.0
2026-03-25 08:00:00,1.66585,1.66761,1.66475,1.6656,17978.0
2026-03-25 09:00:00,1.66559,1.66586,1.66324,1.66568,19247.0
2026-03-25 10:00:00,1.66568,1.66636,1.66252,1.6631,20292.0
2026-03-25 11:00:00,1.6631,1.66492,1.66181,1.66206,19498.0
2026-03-25 12:00:00,1.66208,1.66274,1.66113,1.6621,16160.0
2026-03-25 13:00:00,1.66211,1.66326,1.66164,1.66304,12949.0
2026-03-25 14:00:00,1.66308,1.6645,1.66247,1.66384,10884.0
2026-03-25 15:00:00,1.66386,1.6648,1.66347,1.66406,9820.0
2026-03-25 16:00:00,1.66405,1.66424,1.6635,1.66398,4306.0
2026-03-25 17:00:00,1.66311,1.66414,1.66306,1.66388,1028.0
2026-03-25 18:00:00,1.66382,1.66544,1.6631,1.66413,3050.0
2026-03-25 19:00:00,1.66414,1.66593,1.66402,1.66528,5078.0
2026-03-25 20:00:00,1.66528,1.66613,1.66436,1.66588,9731.0
2026-03-25 21:00:00,1.66586,1.66648,1.6654,1.66568,12434.0
2026-03-25 22:00:00,1.66568,1.66697,1.66534,1.66644,8885.0
2026-03-25 23:00:00,1.66646,1.66646,1.66392,1.66442,7450.0
2026-03-26 00:00:00,1.6644,1.66489,1.66306,1.66367,5502.0
2026-03-26 01:00:00,1.66366,1.6643,1.66276,1.6636,9440.0
2026-03-26 02:00:00,1.66364,1.66448,1.66282,1.66368,10460.0
2026-03-26 03:00:00,1.66364,1.66514,1.66351,1.66501,9815.0
2026-03-26 04:00:00,1.66502,1.66664,1.66418,1.66508,12124.0
2026-03-26 05:00:00,1.66508,1.66755,1.66491,1.66648,11812.0
2026-03-26 06:00:00,1.66648,1.6673,1.66587,1.66684,9171.0
2026-03-26 07:00:00,1.66683,1.66787,1.66638,1.66774,9570.0
2026-03-26 08:00:00,1.66774,1.67082,1.66623,1.67072,12078.0
2026-03-26 09:00:00,1.6707,1.67076,1.66684,1.6669,19343.0
2026-03-26 10:00:00,1.6669,1.67102,1.6663,1.66975,23319.0
2026-03-26 11:00:00,1.66974,1.6708,1.66858,1.66997,20853.0
2026-03-26 12:00:00,1.66996,1.67236,1.66965,1.67204,13720.0
2026-03-26 13:00:00,1.67206,1.6741,1.67122,1.674,11389.0
2026-03-26 14:00:00,1.674,1.67411,1.67274,1.67288,9783.0
2026-03-26 15:00:00,1.67288,1.6756,1.67286,1.67541,8896.0
2026-03-26 16:00:00,1.67542,1.67558,1.67014,1.67404,18079.0
2026-03-26 17:00:00,1.67362,1.67574,1.67212,1.67386,2195.0
2026-03-26 18:00:00,1.67389,1.67518,1.67376,1.67386,2576.0
2026-03-26 19:00:00,1.67388,1.67508,1.6734,1.67496,4217.0
2026-03-26 20:00:00,1.67504,1.67732,1.67405,1.67716,10184.0
2026-03-26 21:00:00,1.67718,1.67788,1.67522,1.67524,9648.0
2026-03-26 22:00:00,1.67526,1.6754,1.67341,1.67398,7261.0
2026-03-26 23:00:00,1.67401,1.67415,1.67092,1.67104,6044.0
2026-03-27 00:00:00,1.67104,1.67162,1.67007,1.67041,5017.0
2026-03-27 01:00:00,1.67042,1.6733,1.6701,1.67306,7950.0
2026-03-27 02:00:00,1.67308,1.67387,1.67114,1.67174,8235.0
2026-03-27 03:00:00,1.67171,1.674,1.67126,1.67192,10380.0
2026-03-27 04:00:00,1.6719,1.67308,1.67,1.67058,10471.0
2026-03-27 05:00:00,1.67052,1.67212,1.67003,1.67102,8805.0
2026-03-27 06:00:00,1.67104,1.67154,1.66974,1.66987,9349.0
2026-03-27 07:00:00,1.66988,1.67068,1.66898,1.67066,10035.0
2026-03-27 08:00:00,1.67068,1.6724,1.67042,1.67202,11152.0
2026-03-27 09:00:00,1.67202,1.67508,1.67184,1.67364,15666.0
2026-03-27 10:00:00,1.67362,1.6747,1.67211,1.67341,19784.0
2026-03-27 11:00:00,1.67342,1.67426,1.672,1.67232,20294.0
2026-03-27 12:00:00,1.67229,1.67401,1.6721,1.67332,12837.0
2026-03-27 13:00:00,1.67334,1.6767,1.67215,1.6761,12293.0
2026-03-27 14:00:00,1.67609,1.67617,1.67512,1.67534,9200.0
2026-03-27 15:00:00,1.67532,1.67637,1.67512,1.6756,9356.0
2026-03-27 16:00:00,1.67562,1.67641,1.67337,1.67475,6917.0
2026-03-29 17:00:00,1.67532,1.67824,1.67438,1.67494,1387.0
2026-03-29 18:00:00,1.67496,1.67809,1.67442,1.67717,6038.0
2026-03-29 19:00:00,1.6772,1.67805,1.67663,1.67748,10866.0
2026-03-29 20:00:00,1.6775,1.68062,1.67734,1.6791,20124.0
2026-03-29 21:00:00,1.6791,1.67976,1.6771,1.67892,18795.0
2026-03-29 22:00:00,1.67892,1.67929,1.67766,1.67876,10576.0
2026-03-29 23:00:00,1.67875,1.67896,1.67585,1.67639,9490.0
2026-03-30 00:00:00,1.67638,1.67709,1.67592,1.6767,6922.0
2026-03-30 01:00:00,1.67672,1.67718,1.67564,1.67652,9632.0
2026-03-30 02:00:00,1.6765,1.67782,1.67504,1.67776,9338.0
2026-03-30 03:00:00,1.67779,1.67906,1.67599,1.6783,11153.0
2026-03-30 04:00:00,1.6783,1.67862,1.67568,1.67734,10214.0
2026-03-30 05:00:00,1.67734,1.67762,1.67612,1.67631,9386.0
2026-03-30 06:00:00,1.6763,1.67632,1.67497,1.67568,7595.0
2026-03-30 07:00:00,1.67567,1.67634,1.67409,1.67434,13562.0
2026-03-30 08:00:00,1.67428,1.67448,1.67251,1.67338,12312.0
2026-03-30 09:00:00,1.67336,1.67566,1.67309,1.67532,16427.0
2026-03-30 10:00:00,1.67532,1.67711,1.67248,1.6725,22560.0
2026-03-30 11:00:00,1.67249,1.67298,1.66982,1.6704,18341.0
2026-03-30 12:00:00,1.67038,1.67176,1.67014,1.67156,12190.0
2026-03-30 13:00:00,1.67156,1.67238,1.67064,1.67157,11729.0
2026-03-30 14:00:00,1.67158,1.6731,1.6715,1.67261,9418.0
2026-03-30 15:00:00,1.67262,1.67444,1.67251,1.673,10329.0
2026-03-30 16:00:00,1.67306,1.6736,1.67248,1.67258,3793.0
2026-03-30 17:00:00,1.6729,1.6741,1.67266,1.67301,1598.0
2026-03-30 18:00:00,1.67297,1.6733,1.67188,1.67215,2543.0
2026-03-30 19:00:00,1.67218,1.67408,1.67209,1.67365,6204.0
2026-03-30 20:00:00,1.67364,1.67546,1.67141,1.67346,21225.0
2026-03-30 21:00:00,1.67348,1.67445,1.671,1.67122,24836.0
2026-03-30 22:00:00,1.67123,1.67336,1.67078,1.67336,14444.0
2026-03-30 23:00:00,1.67336,1.6752,1.67276,1.67468,9992.0
2026-03-31 00:00:00,1.67468,1.67583,1.67373,1.67577,7556.0
2026-03-31 01:00:00,1.67577,1.67634,1.67281,1.67352,11304.0
2026-03-31 02:00:00,1.6735,1.67512,1.67294,1.6739,9692.0
2026-03-31 03:00:00,1.67391,1.67565,1.67014,1.67079,10958.0
2026-03-31 04:00:00,1.67086,1.67297,1.6703,1.67134,9377.0
2026-03-31 05:00:00,1.67134,1.67317,1.67014,1.67286,10669.0
2026-03-31 06:00:00,1.67287,1.67377,1.67218,1.67257,7989.0
2026-03-31 07:00:00,1.67256,1.67272,1.66836,1.66949,17483.0
2026-03-31 08:00:00,1.6695,1.67296,1.6691,1.67284,18216.0
2026-03-31 09:00:00,1.67285,1.67578,1.67266,1.67528,17918.0
2026-03-31 10:00:00,1.67528,1.68466,1.67471,1.68204,24116.0
2026-03-31 11:00:00,1.6821,1.68262,1.67878,1.68042,23631.0
2026-03-31 12:00:00,1.68048,1.68066,1.67525,1.67612,25301.0
2026-03-31 13:00:00,1.67611,1.67714,1.67444,1.67642,29185.0
2026-03-31 14:00:00,1.67644,1.67654,1.67413,1.67554,17379.0
2026-03-31 15:00:00,1.67549,1.67578,1.67446,1.67528,11455.0
2026-03-31 16:00:00,1.67532,1.67606,1.6739,1.67426,6774.0
2026-03-31 17:00:00,1.6755,1.67578,1.67384,1.67435,1173.0
2026-03-31 18:00:00,1.67425,1.67526,1.67397,1.67446,3114.0
2026-03-31 19:00:00,1.67447,1.6747,1.67226,1.67242,6408.0
2026-03-31 20:00:00,1.67248,1.67306,1.67001,1.67081,12129.0
2026-03-31 21:00:00,1.6708,1.6724,1.66947,1.67214,16382.0
2026-03-31 22:00:00,1.67212,1.67391,1.67142,1.67384,8019.0
2026-03-31 23:00:00,1.67384,1.67544,1.6733,1.67446,6654.0
2026-04-01 00:00:00,1.67446,1.67548,1.67422,1.67544,5134.0
2026-04-01 01:00:00,1.67546,1.67606,1.6736,1.67516,10357.0
2026-04-01 02:00:00,1.67522,1.67567,1.66888,1.66896,17393.0
2026-04-01 03:00:00,1.66897,1.67222,1.66818,1.67168,16069.0
2026-04-01 04:00:00,1.67168,1.67212,1.66958,1.67062,14927.0
2026-04-01 05:00:00,1.67062,1.67144,1.66913,1.67036,9664.0
2026-04-01 06:00:00,1.67034,1.67122,1.66942,1.67036,8803.0
2026-04-01 07:00:00,1.67035,1.67067,1.66741,1.66904,9058.0
2026-04-01 08:00:00,1.66908,1.67261,1.66841,1.67194,17714.0
2026-04-01 09:00:00,1.67194,1.67324,1.67106,1.67243,23452.0
2026-04-01 10:00:00,1.67249,1.67456,1.67156,1.67391,25800.0
2026-04-01 11:00:00,1.67387,1.6743,1.6723,1.67256,15880.0
2026-04-01 12:00:00,1.67253,1.67358,1.67206,1.67268,11744.0
2026-04-01 13:00:00,1.67268,1.6728,1.67145,1.67262,10545.0
2026-04-01 14:00:00,1.67263,1.67528,1.67237,1.67414,14883.0
2026-04-01 15:00:00,1.67413,1.67444,1.67246,1.67325,10380.0
2026-04-01 16:00:00,1.67325,1.67341,1.67254,1.6728,4267.0
2026-04-01 17:00:00,1.67375,1.67419,1.67233,1.67248,1637.0
2026-04-01 18:00:00,1.67252,1.6743,1.67246,1.67384,3115.0
2026-04-01 19:00:00,1.6738,1.67447,1.67332,1.67404,4612.0
2026-04-01 20:00:00,1.67404,1.67476,1.67228,1.67302,14411.0
2026-04-01 21:00:00,1.67304,1.6786,1.67163,1.67794,41215.0
2026-04-01 22:00:00,1.67798,1.67804,1.67555,1.67651,20401.0
2026-04-01 23:00:00,1.6765,1.67699,1.67582,1.67652,12613.0
2026-04-02 00:00:00,1.67651,1.67826,1.6764,1.67721,8557.0
2026-04-02 01:00:00,1.6772,1.67858,1.67626,1.6784,10990.0
2026-04-02 02:00:00,1.67831,1.67886,1.67638,1.67776,12972.0
2026-04-02 03:00:00,1.67778,1.67794,1.67448,1.67511,13919.0
2026-04-02 04:00:00,1.6751,1.67696,1.67494,1.67645,9695.0
2026-04-02 05:00:00,1.67646,1.67812,1.67603,1.67624,9367.0
2026-04-02 06:00:00,1.67621,1.67786,1.67586,1.67735,9219.0
2026-04-02 07:00:00,1.67734,1.67849,1.67664,1.67748,8840.0
2026-04-02 08:00:00,1.67746,1.67787,1.67396,1.67472,12144.0
2026-04-02 09:00:00,1.67465,1.67572,1.67212,1.6724,19734.0
2026-04-02 10:00:00,1.6724,1.67346,1.67035,1.67118,28530.0
2026-04-02 11:00:00,1.6712,1.67187,1.67031,1.6708,25368.0
2026-04-02 12:00:00,1.67078,1.67142,1.66927,1.67016,16524.0
2026-04-02 13:00:00,1.67018,1.67122,1.66982,1.6707,10890.0
2026-04-02 14:00:00,1.67066,1.67091,1.66982,1.67051,8882.0
2026-04-02 15:00:00,1.67052,1.67106,1.66972,1.67003,7972.0
2026-04-02 16:00:00,1.67002,1.67022,1.66906,1.66992,3571.0
2026-04-02 17:00:00,1.67171,1.67204,1.66991,1.67127,2507.0
2026-04-02 18:00:00,1.67104,1.67137,1.66976,1.66985,1382.0
2026-04-02 19:00:00,1.66984,1.67006,1.66957,1.67002,1465.0
2026-04-02 20:00:00,1.67003,1.67003,1.66902,1.66906,3765.0
2026-04-02 21:00:00,1.66905,1.66962,1.66902,1.6695,3258.0
2026-04-02 22:00:00,1.66952,1.67038,1.66944,1.67,2613.0
2026-04-02 23:00:00,1.67,1.67035,1.66982,1.67026,1223.0
2026-04-03 00:00:00,1.67026,1.67054,1.66988,1.67,1773.0
2026-04-03 01:00:00,1.67002,1.67046,1.66978,1.67013,2135.0
2026-04-03 02:00:00,1.67012,1.67048,1.66973,1.67002,1802.0
2026-04-03 03:00:00,1.67002,1.67084,1.6696,1.67072,2059.0
2026-04-03 04:00:00,1.67072,1.67144,1.67061,1.67075,2191.0
2026-04-03 05:00:00,1.67074,1.6717,1.67056,1.67138,2220.0
2026-04-03 06:00:00,1.67138,1.67206,1.67128,1.67159,1867.0
2026-04-03 07:00:00,1.67166,1.67198,1.67081,1.6712,2188.0
2026-04-03 08:00:00,1.67122,1.67156,1.66862,1.67121,8037.0
2026-04-03 09:00:00,1.67122,1.67122,1.67034,1.67088,4250.0
2026-04-03 10:00:00,1.67088,1.67194,1.67072,1.67133,3132.0
2026-04-03 11:00:00,1.67132,1.67236,1.67112,1.67173,6352.0
2026-04-03 12:00:00,1.67167,1.67215,1.67058,1.67152,8444.0
2026-04-03 13:00:00,1.67152,1.67238,1.67094,1.67151,8009.0
2026-04-03 14:00:00,1.67149,1.67212,1.67097,1.6713,4926.0
2026-04-03 15:00:00,1.67132,1.6724,1.67036,1.67228,3951.0
2026-04-03 16:00:00,1.6723,1.67307,1.66924,1.67111,3501.0
2026-04-05 17:00:00,1.673,1.67386,1.67273,1.67286,2770.0
2026-04-05 18:00:00,1.67304,1.67342,1.67129,1.67158,9330.0
2026-04-05 19:00:00,1.67151,1.67193,1.671,1.6717,4748.0
2026-04-05 20:00:00,1.67171,1.67186,1.66938,1.6695,9905.0
2026-04-05 21:00:00,1.6695,1.6699,1.66845,1.66894,6943.0
2026-04-05 22:00:00,1.66896,1.66896,1.66668,1.66854,11493.0
2026-04-05 23:00:00,1.66855,1.66907,1.66828,1.66866,6752.0
2026-04-06 00:00:00,1.66866,1.6689,1.6677,1.66794,4484.0
2026-04-06 01:00:00,1.66792,1.66854,1.66756,1.66851,5093.0
2026-04-06 02:00:00,1.66848,1.66872,1.66766,1.66828,6153.0
2026-04-06 03:00:00,1.66829,1.66974,1.66778,1.66898,6636.0
2026-04-06 04:00:00,1.66899,1.669,1.66696,1.66723,6712.0
2026-04-06 05:00:00,1.66721,1.6679,1.66614,1.66783,4816.0
2026-04-06 06:00:00,1.66783,1.66792,1.6663,1.66696,7457.0
2026-04-06 07:00:00,1.66696,1.66754,1.66584,1.6664,5056.0
2026-04-06 08:00:00,1.66642,1.66775,1.66624,1.66756,7217.0
2026-04-06 09:00:00,1.66758,1.66841,1.66704,1.66782,11094.0
2026-04-06 10:00:00,1.66786,1.67024,1.667,1.6677,19107.0
2026-04-06 11:00:00,1.6677,1.66964,1.66757,1.66876,11678.0
2026-04-06 12:00:00,1.66876,1.66964,1.66854,1.66932,6559.0
2026-04-06 13:00:00,1.66935,1.67036,1.66898,1.66922,6475.0
2026-04-06 14:00:00,1.66921,1.66952,1.66818,1.66853,8478.0
2026-04-06 15:00:00,1.66853,1.66876,1.66808,1.66824,4730.0
2026-04-06 16:00:00,1.66824,1.66856,1.66804,1.66851,2766.0
2026-04-06 17:00:00,1.6686,1.66903,1.66774,1.66852,835.0
2026-04-06 18:00:00,1.66853,1.66933,1.6679,1.66914,3005.0
2026-04-06 19:00:00,1.66911,1.66914,1.66841,1.66862,3195.0
2026-04-06 20:00:00,1.66861,1.66942,1.66706,1.66935,11514.0
2026-04-06 21:00:00,1.66935,1.67098,1.66806,1.67046,15328.0
2026-04-06 22:00:00,1.67044,1.67084,1.66881,1.66906,8337.0
2026-04-06 23:00:00,1.66906,1.66928,1.66823,1.66887,5308.0
2026-04-07 00:00:00,1.66882,1.6694,1.66732,1.668,5420.0
2026-04-07 01:00:00,1.66799,1.66888,1.66777,1.66796,7325.0
2026-04-07 02:00:00,1.66796,1.66888,1.66699,1.66854,8393.0
2026-04-07 03:00:00,1.66852,1.67,1.6684,1.66906,10063.0
2026-04-07 04:00:00,1.66906,1.66982,1.6659,1.6663,20330.0
2026-04-07 05:00:00,1.66636,1.66687,1.66549,1.666,9854.0
2026-04-07 06:00:00,1.66602,1.66788,1.66536,1.66748,16578.0
2026-04-07 07:00:00,1.66746,1.66758,1.66628,1.6666,10437.0
2026-04-07 08:00:00,1.66664,1.6677,1.66544,1.66634,14829.0
2026-04-07 09:00:00,1.66636,1.66898,1.66614,1.66891,17967.0
2026-04-07 10:00:00,1.66893,1.66976,1.66584,1.66802,19710.0
2026-04-07 11:00:00,1.66799,1.66962,1.66654,1.66656,17670.0
2026-04-07 12:00:00,1.66656,1.66743,1.6651,1.66593,16163.0
2026-04-07 13:00:00,1.66593,1.66619,1.6641,1.66491,13205.0
2026-04-07 14:00:00,1.66492,1.66628,1.66474,1.66617,10293.0
2026-04-07 15:00:00,1.66616,1.66664,1.66327,1.66342,18317.0
2026-04-07 16:00:00,1.66346,1.66372,1.6621,1.66244,9929.0
2026-04-07 17:00:00,1.6635,1.66442,1.66103,1.66259,2895.0
2026-04-07 18:00:00,1.66289,1.66372,1.65423,1.65534,20804.0
2026-04-07 19:00:00,1.65528,1.65653,1.65111,1.65146,25599.0
2026-04-07 20:00:00,1.65147,1.65518,1.65015,1.6548,28883.0
2026-04-07 21:00:00,1.6548,1.65514,1.65203,1.65272,23459.0
2026-04-07 22:00:00,1.65274,1.65562,1.65223,1.65516,12522.0
2026-04-07 23:00:00,1.65517,1.65668,1.65441,1.65477,10469.0
2026-04-08 00:00:00,1.65479,1.65503,1.65194,1.65218,10106.0
2026-04-08 01:00:00,1.65215,1.65374,1.65176,1.65338,12800.0
2026-04-08 02:00:00,1.65338,1.65494,1.65282,1.65397,15442.0
2026-04-08 03:00:00,1.65398,1.65642,1.65362,1.65642,14805.0
2026-04-08 04:00:00,1.65642,1.65964,1.65612,1.65818,13163.0
2026-04-08 05:00:00,1.65817,1.66048,1.65735,1.66018,11742.0
2026-04-08 06:00:00,1.66016,1.66092,1.6593,1.66088,8966.0
2026-04-08 07:00:00,1.66092,1.66158,1.65833,1.65866,12215.0
2026-04-08 08:00:00,1.65868,1.65924,1.65623,1.65668,17938.0
2026-04-08 09:00:00,1.65668,1.65863,1.6555,1.65754,22756.0
2026-04-08 10:00:00,1.65756,1.65964,1.65666,1.65672,27170.0
2026-04-08 11:00:00,1.65671,1.6577,1.655,1.65509,19592.0
2026-04-08 12:00:00,1.65509,1.65624,1.65451,1.65451,12924.0
2026-04-08 13:00:00,1.65452,1.65634,1.65438,1.65515,11816.0
2026-04-08 14:00:00,1.65516,1.65706,1.65475,1.6567,14190.0
2026-04-08 15:00:00,1.65668,1.65711,1.65424,1.65438,13629.0
2026-04-08 16:00:00,1.65442,1.65596,1.6541,1.65573,5752.0
2026-04-08 17:00:00,1.65549,1.65651,1.65465,1.65538,1456.0
2026-04-08 18:00:00,1.65542,1.6558,1.65502,1.65506,3115.0
2026-04-08 19:00:00,1.65507,1.6564,1.65483,1.65632,4197.0
2026-04-08 20:00:00,1.6563,1.6579,1.65618,1.65696,10505.0
2026-04-08 21:00:00,1.657,1.65858,1.65666,1.65794,11437.0
2026-04-08 22:00:00,1.65794,1.65864,1.65694,1.65742,6563.0
2026-04-08 23:00:00,1.65744,1.6578,1.65627,1.65657,5597.0
2026-04-09 00:00:00,1.65659,1.65722,1.65598,1.65708,4121.0
2026-04-09 01:00:00,1.65707,1.65786,1.65592,1.65754,7426.0
2026-04-09 02:00:00,1.65754,1.65802,1.65662,1.65677,8582.0
2026-04-09 03:00:00,1.65673,1.65937,1.65664,1.6593,8443.0
2026-04-09 04:00:00,1.65929,1.6611,1.65898,1.6611,6933.0
2026-04-09 05:00:00,1.6611,1.6617,1.65983,1.66006,6554.0
2026-04-09 06:00:00,1.66008,1.66091,1.65995,1.66024,6347.0
2026-04-09 07:00:00,1.66022,1.66053,1.65877,1.65896,8055.0
2026-04-09 08:00:00,1.659,1.66044,1.6589,1.65964,8598.0
2026-04-09 09:00:00,1.65964,1.6598,1.65644,1.6568,12403.0
2026-04-09 10:00:00,1.6568,1.6569,1.65454,1.655,14787.0
2026-04-09 11:00:00,1.65502,1.65592,1.6519,1.65206,16450.0
2026-04-09 12:00:00,1.65208,1.65291,1.65104,1.65272,12238.0
2026-04-09 13:00:00,1.65266,1.65319,1.65203,1.6522,8771.0
2026-04-09 14:00:00,1.65218,1.65385,1.65218,1.65285,10947.0
2026-04-09 15:00:00,1.65286,1.6529,1.6514,1.65147,7076.0
2026-04-09 16:00:00,1.65146,1.65178,1.65082,1.65159,3168.0
2026-04-09 17:00:00,1.65268,1.6528,1.65056,1.65233,2175.0
2026-04-09 18:00:00,1.65238,1.65238,1.65128,1.65178,2517.0
2026-04-09 19:00:00,1.65178,1.65254,1.65168,1.65249,2659.0
2026-04-09 20:00:00,1.65246,1.65308,1.65184,1.65186,7257.0
2026-04-09 21:00:00,1.65188,1.6526,1.65078,1.65236,8209.0
2026-04-09 22:00:00,1.65236,1.65387,1.65186,1.65383,5146.0
2026-04-09 23:00:00,1.6538,1.65444,1.65344,1.65435,4218.0
2026-04-10 00:00:00,1.65436,1.65503,1.65404,1.65443,4977.0
2026-04-10 01:00:00,1.65446,1.65469,1.65324,1.6533,5478.0
2026-04-10 02:00:00,1.6533,1.65524,1.65314,1.65438,5627.0
2026-04-10 03:00:00,1.6544,1.65578,1.65398,1.65554,4780.0
2026-04-10 04:00:00,1.65556,1.6557,1.65446,1.65566,4257.0
2026-04-10 05:00:00,1.65566,1.65729,1.6549,1.6569,8917.0
2026-04-10 06:00:00,1.65691,1.6579,1.65668,1.65719,6430.0
2026-04-10 07:00:00,1.6572,1.65786,1.6564,1.65648,5513.0
2026-04-10 08:00:00,1.65646,1.6565,1.65468,1.6563,9274.0
2026-04-10 09:00:00,1.65633,1.65761,1.65495,1.65692,11877.0
2026-04-10 10:00:00,1.657,1.65756,1.65466,1.65568,13545.0
2026-04-10 11:00:00,1.65568,1.6573,1.65566,1.65646,12427.0
2026-04-10 12:00:00,1.65647,1.65799,1.65638,1.65748,8413.0
2026-04-10 13:00:00,1.65748,1.65827,1.65678,1.65719,6112.0
2026-04-10 14:00:00,1.65722,1.6577,1.6569,1.65722,7153.0
2026-04-10 15:00:00,1.65722,1.65724,1.65674,1.65717,3966.0
2026-04-10 16:00:00,1.65716,1.66159,1.65708,1.6599,7284.0
2026-04-12 17:00:00,1.66639,1.66855,1.66496,1.6651,1632.0
2026-04-12 18:00:00,1.6654,1.66724,1.662,1.6626,12547.0
2026-04-12 19:00:00,1.66259,1.6639,1.66242,1.66318,7538.0
2026-04-12 20:00:00,1.66318,1.66376,1.66136,1.66164,12624.0
2026-04-12 21:00:00,1.66165,1.66215,1.6598,1.66146,10459.0
2026-04-12 22:00:00,1.66145,1.66207,1.6607,1.66105,5136.0
2026-04-12 23:00:00,1.66104,1.66184,1.66044,1.66062,5068.0
2026-04-13 00:00:00,1.66064,1.66096,1.65994,1.66074,3981.0
2026-04-13 01:00:00,1.66076,1.66091,1.6595,1.66034,6088.0
2026-04-13 02:00:00,1.66036,1.6605,1.65836,1.65876,8836.0
2026-04-13 03:00:00,1.65878,1.65884,1.65727,1.65767,8711.0
2026-04-13 04:00:00,1.65768,1.65798,1.65661,1.65702,7907.0
2026-04-13 05:00:00,1.65701,1.65888,1.65687,1.65841,5241.0
2026-04-13 06:00:00,1.65841,1.65902,1.65778,1.65862,4403.0
2026-04-13 07:00:00,1.65861,1.66122,1.65806,1.66049,9222.0
2026-04-13 08:00:00,1.6605,1.66226,1.66046,1.66082,11631.0
2026-04-13 09:00:00,1.66082,1.66118,1.65808,1.6586,16904.0
2026-04-13 10:00:00,1.6586,1.65888,1.65674,1.65745,18476.0
2026-04-13 11:00:00,1.65745,1.6588,1.65716,1.65817,13675.0
2026-04-13 12:00:00,1.65816,1.65894,1.65565,1.65576,14495.0
2026-04-13 13:00:00,1.65578,1.65584,1.65503,1.65525,7423.0
2026-04-13 14:00:00,1.65526,1.65716,1.65506,1.65714,6899.0
2026-04-13 15:00:00,1.65711,1.65752,1.65648,1.65714,6562.0
2026-04-13 16:00:00,1.65716,1.65734,1.6567,1.6571,3779.0
2026-04-13 17:00:00,1.65762,1.65775,1.65667,1.65724,1775.0
2026-04-13 18:00:00,1.65724,1.65751,1.65604,1.65647,2672.0
2026-04-13 19:00:00,1.65647,1.65777,1.65638,1.65752,3964.0
2026-04-13 20:00:00,1.65751,1.66018,1.65746,1.65954,8865.0
2026-04-13 21:00:00,1.65952,1.66144,1.65922,1.66118,8412.0
2026-04-13 22:00:00,1.66118,1.66144,1.65967,1.66059,5039.0
2026-04-13 23:00:00,1.6606,1.66094,1.6594,1.6609,4776.0
2026-04-14 00:00:00,1.6609,1.6609,1.65964,1.66004,4283.0
2026-04-14 01:00:00,1.66003,1.66148,1.65994,1.66134,6447.0
2026-04-14 02:00:00,1.66132,1.66166,1.65966,1.66059,8734.0
2026-04-14 03:00:00,1.66061,1.66177,1.65946,1.66001,12054.0
2026-04-14 04:00:00,1.66002,1.66034,1.65748,1.65852,7684.0
2026-04-14 05:00:00,1.65851,1.65904,1.65706,1.65728,6563.0
2026-04-14 06:00:00,1.65726,1.65752,1.65612,1.65702,9148.0
2026-04-14 07:00:00,1.657,1.65712,1.65514,1.65574,8685.0
2026-04-14 08:00:00,1.65577,1.65663,1.65408,1.65419,10254.0
2026-04-14 09:00:00,1.65422,1.65459,1.653,1.65309,11606.0
2026-04-14 10:00:00,1.65309,1.65352,1.65154,1.65331,13189.0
2026-04-14 11:00:00,1.65329,1.654,1.65244,1.65349,9993.0
2026-04-14 12:00:00,1.65348,1.65448,1.65332,1.65432,5217.0
2026-04-14 13:00:00,1.65435,1.6547,1.65341,1.65377,4722.0
2026-04-14 14:00:00,1.65376,1.65534,1.65349,1.6547,5917.0
2026-04-14 15:00:00,1.65469,1.65487,1.65428,1.6547,3810.0
2026-04-14 16:00:00,1.65469,1.65528,1.65464,1.65526,2978.0
2026-04-14 17:00:00,1.65678,1.65678,1.65472,1.65482,1770.0
2026-04-14 18:00:00,1.65494,1.65542,1.65462,1.65468,2137.0
2026-04-14 19:00:00,1.65468,1.65537,1.65426,1.65504,4070.0
2026-04-14 20:00:00,1.65504,1.65547,1.65446,1.65514,7723.0
2026-04-14 21:00:00,1.65514,1.65548,1.65418,1.65432,8141.0
2026-04-14 22:00:00,1.65431,1.65444,1.65245,1.65276,4462.0
2026-04-14 23:00:00,1.65277,1.65332,1.65263,1.65306,3318.0
2026-04-15 00:00:00,1.65306,1.6533,1.65252,1.65269,2317.0
2026-04-15 01:00:00,1.65268,1.6527,1.65114,1.6521,6719.0
2026-04-15 02:00:00,1.65206,1.65226,1.6506,1.65118,6693.0
2026-04-15 03:00:00,1.65117,1.65122,1.64907,1.64998,7552.0
2026-04-15 04:00:00,1.64999,1.65068,1.6498,1.65028,4829.0
2026-04-15 05:00:00,1.65028,1.65112,1.64928,1.64929,6438.0
2026-04-15 06:00:00,1.6493,1.65131,1.6488,1.64999,5955.0
2026-04-15 07:00:00,1.64998,1.65048,1.64926,1.65017,6674.0
2026-04-15 08:00:00,1.65019,1.65144,1.65004,1.65128,7766.0
2026-04-15 09:00:00,1.65128,1.65128,1.64956,1.6497,12504.0
2026-04-15 10:00:00,1.64968,1.64974,1.64736,1.64848,13139.0
2026-04-15 11:00:00,1.64849,1.6488,1.64741,1.64782,10922.0
2026-04-15 12:00:00,1.64778,1.64789,1.64616,1.64671,6549.0
2026-04-15 13:00:00,1.64672,1.64701,1.64588,1.64615,3962.0
2026-04-15 14:00:00,1.64616,1.64636,1.64469,1.64472,5279.0
2026-04-15 15:00:00,1.64471,1.6453,1.64458,1.6448,3773.0
2026-04-15 16:00:00,1.64482,1.64562,1.64478,1.64548,2200.0
2026-04-15 17:00:00,1.64623,1.64648,1.64506,1.64551,1528.0
2026-04-15 18:00:00,1.64552,1.64578,1.64503,1.64542,2232.0
2026-04-15 19:00:00,1.64543,1.64616,1.64529,1.64542,2972.0
2026-04-15 20:00:00,1.64544,1.64626,1.64494,1.64534,7107.0
2026-04-15 21:00:00,1.64534,1.64696,1.64418,1.64454,9332.0
2026-04-15 22:00:00,1.64454,1.64482,1.64263,1.64366,8021.0
2026-04-15 23:00:00,1.64367,1.6442,1.64218,1.64249,6386.0
2026-04-16 00:00:00,1.6425,1.64284,1.64171,1.64276,3877.0
2026-04-16 01:00:00,1.64277,1.64326,1.642,1.64223,5916.0
2026-04-16 02:00:00,1.64226,1.64331,1.64171,1.642,8575.0
2026-04-16 03:00:00,1.64199,1.6424,1.64104,1.64151,11074.0
2026-04-16 04:00:00,1.6415,1.64308,1.6414,1.6428,8649.0
2026-04-16 05:00:00,1.64287,1.64366,1.64255,1.64312,4846.0
2026-04-16 06:00:00,1.64314,1.6438,1.64258,1.64358,3839.0
2026-04-16 07:00:00,1.64364,1.64384,1.64254,1.64268,8077.0
2026-04-16 08:00:00,1.64267,1.64359,1.64218,1.64268,6255.0
2026-04-16 09:00:00,1.64266,1.6428,1.64114,1.64139,11384.0
2026-04-16 10:00:00,1.64144,1.6435,1.64072,1.64342,13942.0
2026-04-16 11:00:00,1.64342,1.64377,1.64252,1.6434,11446.0
2026-04-16 12:00:00,1.6434,1.6453,1.64276,1.6448,9436.0
2026-04-16 13:00:00,1.6448,1.64569,1.64471,1.64518,7899.0
2026-04-16 14:00:00,1.64518,1.64604,1.64484,1.64572,7255.0
2026-04-16 15:00:00,1.64574,1.64594,1.64496,1.64515,4936.0
2026-04-16 16:00:00,1.64514,1.64544,1.64484,1.64514,2557.0
2026-04-16 17:00:00,1.64471,1.64622,1.64446,1.64572,1661.0
2026-04-16 18:00:00,1.64581,1.64583,1.64514,1.64539,1909.0
2026-04-16 19:00:00,1.64538,1.6458,1.64486,1.6457,3164.0
2026-04-16 20:00:00,1.6457,1.64622,1.6444,1.64488,7471.0
2026-04-16 21:00:00,1.64488,1.64498,1.6437,1.64424,7203.0
2026-04-16 22:00:00,1.64424,1.64448,1.64389,1.64437,3244.0
2026-04-16 23:00:00,1.64439,1.64485,1.64379,1.6445,2736.0
2026-04-17 00:00:00,1.64454,1.6446,1.64346,1.64366,2747.0
2026-04-17 01:00:00,1.64365,1.6441,1.64307,1.64337,4763.0
2026-04-17 02:00:00,1.64338,1.6443,1.64323,1.64417,7059.0
2026-04-17 03:00:00,1.64412,1.6446,1.64274,1.64281,6784.0
2026-04-17 04:00:00,1.64282,1.64342,1.64226,1.64274,6677.0
2026-04-17 05:00:00,1.64276,1.6445,1.64234,1.64426,5658.0
2026-04-17 06:00:00,1.64426,1.6448,1.64367,1.64476,4990.0
2026-04-17 07:00:00,1.64476,1.64558,1.6441,1.64424,5278.0
2026-04-17 08:00:00,1.64424,1.6446,1.64056,1.64122,16476.0
2026-04-17 09:00:00,1.64122,1.6425,1.6398,1.64108,30195.0
2026-04-17 10:00:00,1.64106,1.6418,1.63954,1.6404,18206.0
2026-04-17 11:00:00,1.6404,1.64298,1.64038,1.64117,16819.0
2026-04-17 12:00:00,1.64114,1.64163,1.64066,1.64137,7866.0
2026-04-17 13:00:00,1.64138,1.64246,1.64119,1.64146,10487.0
2026-04-17 14:00:00,1.6415,1.64257,1.64138,1.6422,8497.0
2026-04-17 15:00:00,1.6422,1.64226,1.641,1.6413,6481.0
2026-04-17 16:00:00,1.6413,1.64216,1.64058,1.64131,5464.0
2026-04-19 17:00:00,1.64757,1.64854,1.64491,1.64824,1974.0
2026-04-19 18:00:00,1.64815,1.6483,1.64326,1.6439,7223.0
2026-04-19 19:00:00,1.64393,1.6459,1.64379,1.6453,7849.0
2026-04-19 20:00:00,1.64528,1.64628,1.64398,1.64405,10379.0
2026-04-19 21:00:00,1.64404,1.64472,1.64343,1.64456,10681.0
2026-04-19 22:00:00,1.64458,1.64499,1.64298,1.64328,6477.0
2026-04-19 23:00:00,1.6433,1.644,1.64282,1.64384,5279.0
2026-04-20 00:00:00,1.64386,1.64407,1.64306,1.64331,4995.0
2026-04-20 01:00:00,1.6433,1.6447,1.64308,1.64439,6952.0
2026-04-20 02:00:00,1.64435,1.64523,1.64391,1.64407,8570.0
2026-04-20 03:00:00,1.64406,1.64563,1.64276,1.64512,11875.0
2026-04-20 04:00:00,1.6451,1.6456,1.6445,1.64502,9737.0
2026-04-20 05:00:00,1.64502,1.6451,1.64364,1.64369,7607.0
2026-04-20 06:00:00,1.6437,1.6449,1.64336,1.64471,6155.0
2026-04-20 07:00:00,1.6447,1.64572,1.64286,1.64311,8277.0
2026-04-20 08:00:00,1.64312,1.64382,1.64285,1.64352,8414.0
2026-04-20 09:00:00,1.6435,1.64406,1.64226,1.64249,14032.0
2026-04-20 10:00:00,1.64252,1.6443,1.64222,1.64344,16558.0
2026-04-20 11:00:00,1.64343,1.64413,1.64219,1.64262,14499.0
2026-04-20 12:00:00,1.64264,1.64342,1.64246,1.64313,7197.0
2026-04-20 13:00:00,1.64314,1.64329,1.64226,1.6425,6309.0
2026-04-20 14:00:00,1.64252,1.64268,1.64174,1.64176,7257.0
2026-04-20 15:00:00,1.64176,1.64236,1.64158,1.64164,4138.0
2026-04-20 16:00:00,1.64168,1.6421,1.64161,1.64206,3237.0
2026-04-20 17:00:00,1.6427,1.6427,1.64204,1.6426,931.0
2026-04-20 18:00:00,1.64246,1.64246,1.64156,1.64159,3162.0
2026-04-20 19:00:00,1.6416,1.6427,1.64152,1.64266,3734.0
2026-04-20 20:00:00,1.64264,1.64338,1.64176,1.64246,8781.0
2026-04-20 21:00:00,1.64246,1.64274,1.6409,1.64184,6338.0
2026-04-20 22:00:00,1.64186,1.64259,1.64148,1.64212,5087.0
2026-04-20 23:00:00,1.64207,1.64328,1.64194,1.64308,4115.0
2026-04-21 00:00:00,1.64308,1.64338,1.64282,1.64312,3338.0
2026-04-21 01:00:00,1.64312,1.64367,1.64252,1.64356,5876.0
2026-04-21 02:00:00,1.64358,1.64434,1.64324,1.64376,6631.0
2026-04-21 03:00:00,1.64376,1.64464,1.64338,1.64464,8901.0
2026-04-21 04:00:00,1.64464,1.64589,1.64376,1.64419,7881.0
2026-04-21 05:00:00,1.64416,1.64489,1.6438,1.64424,4040.0
2026-04-21 06:00:00,1.64418,1.64433,1.64272,1.643,5097.0
2026-04-21 07:00:00,1.64301,1.64384,1.64214,1.64227,6621.0
2026-04-21 08:00:00,1.64226,1.64356,1.6421,1.6423,8924.0
2026-04-21 09:00:00,1.64228,1.64277,1.63984,1.63984,11747.0
2026-04-21 10:00:00,1.63983,1.64027,1.6386,1.63995,14806.0
2026-04-21 11:00:00,1.63992,1.64132,1.63934,1.64064,15105.0
2026-04-21 12:00:00,1.64062,1.64207,1.64,1.64205,9899.0
2026-04-21 13:00:00,1.64204,1.64389,1.64166,1.64181,14134.0
2026-04-21 14:00:00,1.6418,1.64236,1.64088,1.64144,9425.0
2026-04-21 15:00:00,1.6414,1.64426,1.6406,1.64328,15224.0
2026-04-21 16:00:00,1.64328,1.64348,1.64054,1.64159,12946.0
2026-04-21 17:00:00,1.64288,1.64288,1.64071,1.64164,1414.0
2026-04-21 18:00:00,1.64177,1.64185,1.64084,1.64146,2258.0
2026-04-21 19:00:00,1.64147,1.64157,1.64084,1.64118,3657.0
2026-04-21 20:00:00,1.64118,1.64142,1.6397,1.63998,10709.0
2026-04-21 21:00:00,1.64002,1.64098,1.63982,1.64062,9116.0
2026-04-21 22:00:00,1.64062,1.64084,1.63978,1.64076,5801.0
2026-04-21 23:00:00,1.64076,1.64108,1.63972,1.64062,4939.0
2026-04-22 00:00:00,1.64064,1.64071,1.63982,1.6403,4612.0
2026-04-22 01:00:00,1.64031,1.64038,1.63864,1.63892,9798.0
2026-04-22 02:00:00,1.6389,1.63951,1.63827,1.6391,8299.0
2026-04-22 03:00:00,1.63912,1.64082,1.6388,1.63982,7890.0
2026-04-22 04:00:00,1.63982,1.64066,1.63912,1.64042,9774.0
2026-04-22 05:00:00,1.64046,1.64084,1.63974,1.64032,8150.0
2026-04-22 06:00:00,1.6403,1.64132,1.64016,1.6408,7777.0
2026-04-22 07:00:00,1.64082,1.64104,1.63999,1.64056,9098.0
2026-04-22 08:00:00,1.64058,1.6409,1.63984,1.64064,10501.0
2026-04-22 09:00:00,1.6406,1.64078,1.6384,1.63858,15526.0
2026-04-22 10:00:00,1.63858,1.63859,1.63664,1.63669,14942.0
2026-04-22 11:00:00,1.63668,1.63717,1.63538,1.63576,13106.0
2026-04-22 12:00:00,1.63575,1.63677,1.63542,1.63631,9023.0
2026-04-22 13:00:00,1.63632,1.63642,1.63496,1.63534,8312.0
2026-04-22 14:00:00,1.63533,1.63596,1.6352,1.63548,5579.0
2026-04-22 15:00:00,1.63549,1.63592,1.63496,1.6351,5738.0
2026-04-22 16:00:00,1.6351,1.63542,1.63466,1.6348,4141.0
2026-04-22 17:00:00,1.6353,1.636,1.63497,1.63518,1073.0
2026-04-22 18:00:00,1.63524,1.63568,1.63508,1.63548,1337.0
2026-04-22 19:00:00,1.63548,1.63568,1.63518,1.63548,2267.0
2026-04-22 20:00:00,1.63548,1.63846,1.63434,1.63522,21028.0
2026-04-22 21:00:00,1.6352,1.63732,1.6352,1.63623,11189.0
2026-04-22 22:00:00,1.63624,1.6375,1.63578,1.63708,11174.0
2026-04-22 23:00:00,1.63707,1.63882,1.63683,1.63802,11776.0
2026-04-23 00:00:00,1.63802,1.63847,1.63674,1.63683,6830.0
2026-04-23 01:00:00,1.63681,1.63746,1.63595,1.6364,6926.0
2026-04-23 02:00:00,1.63636,1.63706,1.63608,1.63649,6424.0
2026-04-23 03:00:00,1.63648,1.6372,1.63494,1.63507,9499.0
2026-04-23 04:00:00,1.63504,1.63604,1.63504,1.63582,8290.0
2026-04-23 05:00:00,1.63583,1.6368,1.63548,1.63614,7827.0
2026-04-23 06:00:00,1.63614,1.63789,1.63594,1.63722,8364.0
2026-04-23 07:00:00,1.63718,1.63738,1.63474,1.63503,9650.0
2026-04-23 08:00:00,1.63504,1.63715,1.6347,1.63623,13936.0
2026-04-23 09:00:00,1.63623,1.63706,1.6352,1.63594,13105.0
2026-04-23 10:00:00,1.63594,1.63668,1.63494,1.63548,15707.0
2026-04-23 11:00:00,1.63549,1.63622,1.63504,1.63568,14877.0
2026-04-23 12:00:00,1.63568,1.63602,1.63529,1.63563,8485.0
2026-04-23 13:00:00,1.63562,1.64112,1.6353,1.63732,26146.0
2026-04-23 14:00:00,1.6372,1.63829,1.63614,1.63814,16787.0
2026-04-23 15:00:00,1.63814,1.63904,1.63794,1.6384,10593.0
2026-04-23 16:00:00,1.6384,1.63962,1.63828,1.63906,4242.0
2026-04-23 17:00:00,1.63818,1.6401,1.63804,1.63839,2079.0
2026-04-23 18:00:00,1.63852,1.63926,1.63833,1.63837,1944.0
2026-04-23 19:00:00,1.63833,1.63897,1.63794,1.63889,3218.0
2026-04-23 20:00:00,1.6389,1.63911,1.63812,1.63844,10370.0
2026-04-23 21:00:00,1.63844,1.63934,1.63777,1.63871,9992.0
2026-04-23 22:00:00,1.6387,1.64011,1.63868,1.63998,8218.0
2026-04-23 23:00:00,1.63997,1.64082,1.63966,1.64042,7671.0
2026-04-24 00:00:00,1.64043,1.64082,1.63906,1.63932,6400.0
2026-04-24 01:00:00,1.63931,1.63994,1.63874,1.63928,7352.0
2026-04-24 02:00:00,1.6393,1.6405,1.63832,1.63938,8509.0
2026-04-24 03:00:00,1.63942,1.63997,1.63837,1.63892,6305.0
2026-04-24 04:00:00,1.6389,1.6396,1.63848,1.63907,10277.0
2026-04-24 05:00:00,1.63906,1.63978,1.63856,1.63913,5296.0
2026-04-24 06:00:00,1.63908,1.64062,1.63892,1.64046,5289.0
2026-04-24 07:00:00,1.64046,1.64082,1.63857,1.63984,13054.0
2026-04-24 08:00:00,1.63988,1.64135,1.63922,1.641,10513.0
2026-04-24 09:00:00,1.64097,1.64194,1.6403,1.64072,15078.0
2026-04-24 10:00:00,1.64078,1.64152,1.63925,1.63969,16366.0
2026-04-24 11:00:00,1.63966,1.64004,1.63788,1.63824,13614.0
2026-04-24 12:00:00,1.63826,1.63926,1.63818,1.63878,9286.0
2026-04-24 13:00:00,1.63878,1.6388,1.63788,1.63861,8763.0
2026-04-24 14:00:00,1.63862,1.63892,1.63835,1.63864,6029.0
2026-04-24 15:00:00,1.63864,1.63879,1.63838,1.63872,4147.0
2026-04-24 16:00:00,1.6387,1.63959,1.63856,1.63942,5140.0
2026-04-26 17:00:00,1.6407,1.64098,1.63916,1.63932,1630.0
2026-04-26 18:00:00,1.63932,1.63977,1.63814,1.63865,1849.0
2026-04-26 19:00:00,1.63864,1.63888,1.63838,1.63888,2861.0
2026-04-26 20:00:00,1.63886,1.63912,1.6369,1.6369,6799.0
2026-04-26 21:00:00,1.63686,1.63686,1.63549,1.63563,12635.0
2026-04-26 22:00:00,1.63562,1.636,1.63456,1.63502,6557.0
2026-04-26 23:00:00,1.63503,1.63512,1.63459,1.635,4256.0
2026-04-27 00:00:00,1.635,1.63622,1.63492,1.63594,3430.0
2026-04-27 01:00:00,1.63595,1.63653,1.63578,1.63618,5053.0
2026-04-27 02:00:00,1.6362,1.63729,1.63579,1.63709,8515.0
2026-04-27 03:00:00,1.63712,1.63712,1.63549,1.63636,8587.0
2026-04-27 04:00:00,1.63636,1.63658,1.63426,1.63447,9086.0
2026-04-27 05:00:00,1.63448,1.63476,1.63394,1.63428,4990.0
2026-04-27 06:00:00,1.63428,1.63456,1.63354,1.63431,5137.0
2026-04-27 07:00:00,1.6343,1.63464,1.63376,1.63414,5732.0
2026-04-27 08:00:00,1.63411,1.63429,1.63338,1.63394,8139.0
2026-04-27 09:00:00,1.63392,1.63438,1.63295,1.63315,12634.0
2026-04-27 10:00:00,1.63314,1.63341,1.63136,1.63166,12299.0
2026-04-27 11:00:00,1.63166,1.63263,1.63096,1.63103,8966.0
2026-04-27 12:00:00,1.63102,1.63142,1.63084,1.63095,4571.0
2026-04-27 13:00:00,1.63094,1.63144,1.63034,1.63067,5241.0
2026-04-27 14:00:00,1.63066,1.63114,1.6305,1.63092,3334.0
2026-04-27 15:00:00,1.63093,1.63132,1.63064,1.63094,3236.0
2026-04-27 16:00:00,1.63095,1.63142,1.6309,1.63108,1815.0
2026-04-27 17:00:00,1.63189,1.632,1.63104,1.63121,707.0
2026-04-27 18:00:00,1.63122,1.63141,1.63072,1.63105,1983.0
2026-04-27 19:00:00,1.63102,1.63122,1.63028,1.63034,2247.0
2026-04-27 20:00:00,1.63034,1.63061,1.62898,1.62962,8433.0
2026-04-27 21:00:00,1.62962,1.63186,1.62942,1.63154,9336.0
2026-04-27 22:00:00,1.63156,1.63245,1.63106,1.63131,6798.0
2026-04-27 23:00:00,1.63132,1.63175,1.63028,1.63033,6295.0
2026-04-28 00:00:00,1.63032,1.63095,1.63004,1.63066,3743.0
2026-04-28 01:00:00,1.63066,1.63212,1.63048,1.63114,7450.0
2026-04-28 02:00:00,1.63114,1.6325,1.63044,1.63146,10263.0
2026-04-28 03:00:00,1.63145,1.63152,1.62937,1.6295,11898.0
2026-04-28 04:00:00,1.62961,1.63182,1.62956,1.63027,9419.0
2026-04-28 05:00:00,1.63026,1.63135,1.62935,1.6296,8679.0
2026-04-28 06:00:00,1.62962,1.6325,1.62943,1.6321,8437.0
2026-04-28 07:00:00,1.63212,1.63415,1.63196,1.6331,11351.0
2026-04-28 08:00:00,1.63314,1.63374,1.63217,1.63245,12222.0
2026-04-28 09:00:00,1.63246,1.63276,1.63056,1.63128,13154.0
2026-04-28 10:00:00,1.63131,1.63314,1.63062,1.63247,14781.0
2026-04-28 11:00:00,1.63246,1.63306,1.63116,1.63142,11449.0
2026-04-28 12:00:00,1.6314,1.63174,1.63058,1.63078,7454.0
2026-04-28 13:00:00,1.63078,1.63116,1.63024,1.6303,5830.0
2026-04-28 14:00:00,1.63032,1.63062,1.63012,1.63034,4692.0
2026-04-28 15:00:00,1.63035,1.63098,1.63014,1.63087,4187.0
2026-04-28 16:00:00,1.63085,1.63115,1.6306,1.63088,2789.0
2026-04-28 17:00:00,1.63162,1.63182,1.63056,1.63098,865.0
2026-04-28 18:00:00,1.63098,1.6315,1.63098,1.63126,1481.0
2026-04-28 19:00:00,1.63125,1.63142,1.63049,1.63052,2760.0
2026-04-28 20:00:00,1.63052,1.63076,1.6299,1.6304,8363.0
2026-04-28 21:00:00,1.63038,1.63406,1.63035,1.63357,16309.0
2026-04-28 22:00:00,1.63356,1.63528,1.63263,1.63516,10711.0
2026-04-28 23:00:00,1.63517,1.63517,1.6341,1.63464,7685.0
2026-04-29 00:00:00,1.63458,1.63492,1.63396,1.63418,5700.0
2026-04-29 01:00:00,1.6342,1.63452,1.63347,1.6341,7721.0
2026-04-29 02:00:00,1.63411,1.63503,1.63383,1.63408,8161.0
2026-04-29 03:00:00,1.63405,1.63506,1.6335,1.63414,10921.0
2026-04-29 04:00:00,1.63406,1.6352,1.63332,1.63518,11329.0
2026-04-29 05:00:00,1.63516,1.63656,1.6346,1.63606,6958.0
2026-04-29 06:00:00,1.63608,1.63629,1.6341,1.6356,7381.0
2026-04-29 07:00:00,1.63558,1.63576,1.63456,1.63458,8406.0
2026-04-29 08:00:00,1.63458,1.63514,1.63356,1.63509,11354.0
2026-04-29 09:00:00,1.63506,1.6399,1.63436,1.6398,16645.0
2026-04-29 10:00:00,1.6398,1.64047,1.63776,1.63854,17114.0
2026-04-29 11:00:00,1.63854,1.64205,1.63816,1.64054,17310.0
2026-04-29 12:00:00,1.64055,1.64057,1.63892,1.63956,14415.0
2026-04-29 13:00:00,1.63956,1.64005,1.63852,1.63896,10551.0
2026-04-29 14:00:00,1.63898,1.64256,1.63868,1.64084,23790.0
2026-04-29 15:00:00,1.64084,1.64194,1.6404,1.6407,13658.0
2026-04-29 16:00:00,1.64066,1.64118,1.63991,1.64074,12004.0
2026-04-29 17:00:00,1.64154,1.64182,1.64079,1.64101,4271.0
2026-04-29 18:00:00,1.64114,1.64119,1.63985,1.64046,2799.0
2026-04-29 19:00:00,1.64042,1.64046,1.63916,1.6393,4284.0
2026-04-29 20:00:00,1.63934,1.64008,1.63861,1.64,11411.0
2026-04-29 21:00:00,1.64,1.6408,1.63822,1.63837,9777.0
2026-04-29 22:00:00,1.63838,1.63902,1.63698,1.6372,9247.0
2026-04-29 23:00:00,1.6372,1.63748,1.63644,1.6372,6797.0
2026-04-30 00:00:00,1.6372,1.63867,1.63702,1.63863,8685.0
2026-04-30 01:00:00,1.63863,1.63958,1.63729,1.63918,8185.0
2026-04-30 02:00:00,1.63916,1.64024,1.63844,1.63943,11767.0
2026-04-30 03:00:00,1.63942,1.63967,1.63814,1.63855,12113.0
2026-04-30 04:00:00,1.63856,1.63932,1.63753,1.63825,13767.0
2026-04-30 05:00:00,1.63816,1.63845,1.63598,1.6368,14867.0
2026-04-30 06:00:00,1.63676,1.63722,1.6361,1.63674,17413.0
2026-04-30 07:00:00,1.63671,1.63753,1.63501,1.63629,18169.0
2026-04-30 08:00:00,1.63626,1.63742,1.63467,1.63541,17442.0
2026-04-30 09:00:00,1.63541,1.63572,1.63161,1.63218,20515.0
2026-04-30 10:00:00,1.6322,1.63314,1.62993,1.63154,23703.0
2026-04-30 11:00:00,1.63155,1.63288,1.63125,1.63286,16840.0
2026-04-30 12:00:00,1.63288,1.63361,1.63206,1.63256,11109.0
2026-04-30 13:00:00,1.63258,1.63292,1.63205,1.6321,10417.0
2026-04-30 14:00:00,1.6321,1.6321,1.63036,1.63044,7692.0
2026-04-30 15:00:00,1.63043,1.63054,1.62988,1.63028,7473.0
2026-04-30 16:00:00,1.63034,1.63037,1.62884,1.62894,5388.0
2026-04-30 17:00:00,1.62992,1.63032,1.62934,1.62976,916.0
2026-04-30 18:00:00,1.63003,1.63036,1.62914,1.62942,1978.0
2026-04-30 19:00:00,1.62941,1.62952,1.62808,1.62886,4780.0
2026-04-30 20:00:00,1.62887,1.6297,1.62836,1.62862,10571.0
2026-04-30 21:00:00,1.62864,1.62946,1.6286,1.62888,6598.0
2026-04-30 22:00:00,1.62889,1.63016,1.6285,1.62976,4389.0
2026-04-30 23:00:00,1.62978,1.63051,1.62927,1.6303,3798.0
2026-05-01 00:00:00,1.63027,1.63099,1.6302,1.63076,3720.0
2026-05-01 01:00:00,1.63076,1.63083,1.62989,1.6305,4490.0
2026-05-01 02:00:00,1.6305,1.63161,1.62961,1.63096,9563.0
2026-05-01 03:00:00,1.63095,1.63098,1.62967,1.63078,9962.0
2026-05-01 04:00:00,1.63078,1.63234,1.63061,1.63219,7962.0
2026-05-01 05:00:00,1.63216,1.63302,1.6315,1.6327,7075.0
2026-05-01 06:00:00,1.63269,1.63354,1.63264,1.63344,6269.0
2026-05-01 07:00:00,1.63344,1.63353,1.63257,1.63287,7264.0
2026-05-01 08:00:00,1.63286,1.6333,1.63196,1.63242,11240.0
2026-05-01 09:00:00,1.63246,1.63263,1.63043,1.6307,13024.0
2026-05-01 10:00:00,1.63068,1.63186,1.62956,1.63055,16006.0
2026-05-01 11:00:00,1.63054,1.63088,1.62846,1.62868,12755.0
2026-05-01 12:00:00,1.62868,1.6287,1.62754,1.62772,10145.0
2026-05-01 13:00:00,1.62773,1.6278,1.62685,1.62729,6757.0
2026-05-01 14:00:00,1.6273,1.6277,1.62656,1.62666,7489.0
2026-05-01 15:00:00,1.62665,1.62683,1.62607,1.6266,5280.0
2026-05-01 16:00:00,1.62661,1.628,1.62654,1.62743,5000.0
2026-05-03 17:00:00,1.62789,1.62896,1.62592,1.62654,991.0
2026-05-03 18:00:00,1.62647,1.62718,1.62538,1.6263,2931.0
2026-05-03 19:00:00,1.62631,1.6268,1.62616,1.62644,3949.0
2026-05-03 20:00:00,1.62646,1.62695,1.62586,1.62662,10409.0
2026-05-03 21:00:00,1.62664,1.62765,1.62638,1.62644,9810.0
2026-05-03 22:00:00,1.62641,1.62778,1.6264,1.62692,7249.0
2026-05-03 23:00:00,1.62692,1.6273,1.62624,1.62706,8868.0
2026-05-04 00:00:00,1.62706,1.6274,1.6267,1.62728,5950.0
2026-05-04 01:00:00,1.62728,1.62808,1.62712,1.62752,7225.0
2026-05-04 02:00:00,1.62751,1.63004,1.62744,1.6294,9325.0
2026-05-04 03:00:00,1.62939,1.63028,1.62916,1.62944,10019.0
2026-05-04 04:00:00,1.62946,1.62968,1.62827,1.62882,9185.0
2026-05-04 05:00:00,1.62886,1.62896,1.62779,1.6281,7357.0
2026-05-04 06:00:00,1.62809,1.63144,1.62798,1.6291,21241.0
2026-05-04 07:00:00,1.62911,1.63011,1.62858,1.6289,11577.0
2026-05-04 08:00:00,1.6289,1.62916,1.62829,1.62904,10714.0
2026-05-04 09:00:00,1.62905,1.63045,1.62798,1.63026,14619.0
2026-05-04 10:00:00,1.63027,1.63045,1.62858,1.62951,12319.0
2026-05-04 11:00:00,1.62948,1.63284,1.629,1.63241,19739.0
2026-05-04 12:00:00,1.63242,1.63361,1.63141,1.63214,15855.0
2026-05-04 13:00:00,1.63212,1.63216,1.63044,1.6311,10487.0
2026-05-04 14:00:00,1.63107,1.63128,1.63055,1.63087,6846.0
2026-05-04 15:00:00,1.6308,1.63154,1.63059,1.63074,6665.0
2026-05-04 16:00:00,1.63075,1.63158,1.63056,1.63133,4198.0
2026-05-04 17:00:00,1.63044,1.63133,1.63044,1.6309,595.0
2026-05-04 18:00:00,1.63108,1.63138,1.63077,1.63099,1890.0
2026-05-04 19:00:00,1.63102,1.63132,1.63092,1.63128,2541.0
2026-05-04 20:00:00,1.6312,1.63259,1.63052,1.6322,8925.0
2026-05-04 21:00:00,1.6322,1.6331,1.63207,1.63294,9123.0
2026-05-04 22:00:00,1.63293,1.63306,1.63138,1.63232,5650.0
2026-05-04 23:00:00,1.63229,1.63349,1.63205,1.63338,4231.0
2026-05-05 00:00:00,1.63338,1.63358,1.6297,1.6329,7285.0
2026-05-05 01:00:00,1.6329,1.6373,1.63262,1.63642,10423.0
2026-05-05 02:00:00,1.63644,1.63646,1.63492,1.6358,10233.0
2026-05-05 03:00:00,1.6358,1.63604,1.63354,1.63432,10935.0
2026-05-05 04:00:00,1.63432,1.63436,1.63234,1.6331,9207.0
2026-05-05 05:00:00,1.6331,1.63324,1.63176,1.63184,9285.0
2026-05-05 06:00:00,1.63185,1.6321,1.6302,1.63082,5640.0
2026-05-05 07:00:00,1.63081,1.63118,1.62942,1.62977,7456.0
2026-05-05 08:00:00,1.62976,1.63042,1.62822,1.62954,10029.0
2026-05-05 09:00:00,1.62952,1.62988,1.62867,1.6291,10549.0
2026-05-05 10:00:00,1.62914,1.6299,1.62807,1.62842,13583.0
2026-05-05 11:00:00,1.62842,1.6288,1.627,1.62715,8923.0
2026-05-05 12:00:00,1.62716,1.62803,1.62712,1.62782,5891.0
2026-05-05 13:00:00,1.6278,1.62807,1.6275,1.62766,5732.0
2026-05-05 14:00:00,1.62764,1.62792,1.62726,1.62772,4093.0
2026-05-05 15:00:00,1.62776,1.62853,1.62758,1.62818,4760.0
2026-05-05 16:00:00,1.62816,1.62836,1.62777,1.6279,3270.0
2026-05-05 17:00:00,1.62814,1.6287,1.62767,1.62773,841.0
2026-05-05 18:00:00,1.62776,1.62822,1.62598,1.62658,3922.0
2026-05-05 19:00:00,1.62658,1.6272,1.62608,1.62634,7620.0
2026-05-05 20:00:00,1.62632,1.6264,1.6224,1.62248,15483.0
2026-05-05 21:00:00,1.62245,1.62292,1.62084,1.62142,12493.0
2026-05-05 22:00:00,1.6214,1.62192,1.61975,1.61976,7636.0
2026-05-05 23:00:00,1.61974,1.62025,1.6185,1.62016,7549.0
2026-05-06 00:00:00,1.62016,1.62024,1.61878,1.62014,12312.0
2026-05-06 01:00:00,1.62014,1.62024,1.61852,1.61879,8468.0
2026-05-06 02:00:00,1.6188,1.62014,1.61862,1.61867,8732.0
2026-05-06 03:00:00,1.61868,1.62134,1.6185,1.62076,10462.0
2026-05-06 04:00:00,1.6207,1.62232,1.61938,1.62008,11525.0
2026-05-06 05:00:00,1.62006,1.6225,1.62,1.62149,10871.0
2026-05-06 06:00:00,1.62144,1.62288,1.62068,1.62192,11131.0
2026-05-06 07:00:00,1.62195,1.62425,1.62195,1.62334,12842.0
2026-05-06 08:00:00,1.62334,1.6252,1.62272,1.6239,16418.0
2026-05-06 09:00:00,1.62394,1.62506,1.62385,1.62436,15529.0
2026-05-06 10:00:00,1.62436,1.62467,1.62298,1.62367,15057.0
2026-05-06 11:00:00,1.62364,1.6251,1.62337,1.62466,11246.0
2026-05-06 12:00:00,1.62466,1.62556,1.62466,1.62512,8180.0
2026-05-06 13:00:00,1.62513,1.62527,1.62432,1.62444,5036.0
2026-05-06 14:00:00,1.62444,1.62444,1.62332,1.62349,5217.0
2026-05-06 15:00:00,1.62348,1.62366,1.62292,1.6231,4336.0
2026-05-06 16:00:00,1.62312,1.62354,1.62304,1.62326,3081.0
2026-05-06 17:00:00,1.62313,1.62428,1.62275,1.62292,1945.0
2026-05-06 18:00:00,1.62286,1.62384,1.62284,1.62352,1617.0
2026-05-06 19:00:00,1.6235,1.62381,1.62304,1.62372,2796.0
2026-05-06 20:00:00,1.62372,1.62428,1.6231,1.62372,12244.0
2026-05-06 21:00:00,1.62372,1.62429,1.6226,1.62306,10992.0
2026-05-06 22:00:00,1.62305,1.62376,1.62277,1.62312,7412.0
2026-05-06 23:00:00,1.62312,1.62352,1.6221,1.62232,5618.0
2026-05-07 00:00:00,1.62232,1.62248,1.62093,1.62138,5180.0
2026-05-07 01:00:00,1.62138,1.6217,1.62089,1.62168,5935.0
2026-05-07 02:00:00,1.62167,1.62234,1.62002,1.6203,8705.0
2026-05-07 03:00:00,1.6203,1.62186,1.61979,1.62038,10377.0
2026-05-07 04:00:00,1.62036,1.62189,1.61982,1.62167,7816.0
2026-05-07 05:00:00,1.62168,1.62254,1.62122,1.62122,7205.0
2026-05-07 06:00:00,1.62122,1.62195,1.62086,1.62172,7013.0
2026-05-07 07:00:00,1.62166,1.62216,1.62094,1.62153,7002.0
2026-05-07 08:00:00,1.62158,1.62357,1.62132,1.62322,8304.0
2026-05-07 09:00:00,1.62322,1.62481,1.62322,1.62361,12956.0
2026-05-07 10:00:00,1.62364,1.62446,1.62242,1.62246,11925.0
2026-05-07 11:00:00,1.62244,1.62497,1.62244,1.62492,11179.0
2026-05-07 12:00:00,1.62488,1.62548,1.62432,1.62468,10182.0
2026-05-07 13:00:00,1.62468,1.62536,1.62377,1.62403,11515.0
2026-05-07 14:00:00,1.624,1.62627,1.62396,1.62516,9501.0
2026-05-07 15:00:00,1.62518,1.62638,1.62494,1.62631,10410.0
2026-05-07 16:00:00,1.62632,1.62754,1.62485,1.62692,7760.0
2026-05-07 17:00:00,1.62696,1.62832,1.6268,1.62718,1245.0
2026-05-07 18:00:00,1.62733,1.62833,1.62692,1.62779,3417.0
2026-05-07 19:00:00,1.6278,1.62798,1.62714,1.62732,4140.0
2026-05-07 20:00:00,1.6273,1.6288,1.62694,1.62704,10557.0
2026-05-07 21:00:00,1.62705,1.6275,1.62618,1.62714,9956.0
2026-05-07 22:00:00,1.62714,1.62756,1.62602,1.62644,8723.0
2026-05-07 23:00:00,1.62645,1.62658,1.62462,1.62549,6363.0
2026-05-08 00:00:00,1.62548,1.626,1.62488,1.62526,5202.0
2026-05-08 01:00:00,1.62526,1.6257,1.6244,1.62488,6691.0
2026-05-08 02:00:00,1.62489,1.62546,1.62467,1.62521,8640.0
2026-05-08 03:00:00,1.6252,1.62625,1.6251,1.62558,8316.0
2026-05-08 04:00:00,1.62558,1.62651,1.62524,1.62608,8520.0
2026-05-08 05:00:00,1.62606,1.62742,1.62569,1.62695,6384.0
2026-05-08 06:00:00,1.62693,1.62706,1.62532,1.62561,5605.0
2026-05-08 07:00:00,1.62564,1.62668,1.62492,1.62598,6188.0
2026-05-08 08:00:00,1.62601,1.62694,1.62472,1.62662,13589.0
2026-05-08 09:00:00,1.62664,1.6277,1.6259,1.62623,14098.0
2026-05-08 10:00:00,1.62624,1.62638,1.62506,1.62546,11844.0
2026-05-08 11:00:00,1.62548,1.62632,1.62506,1.62571,10087.0
2026-05-08 12:00:00,1.6257,1.62607,1.62536,1.62572,5397.0
2026-05-08 13:00:00,1.62574,1.62577,1.62518,1.62541,4746.0
2026-05-08 14:00:00,1.6254,1.62636,1.62502,1.62636,5192.0
2026-05-08 15:00:00,1.62637,1.62637,1.62562,1.62566,4011.0
2026-05-08 16:00:00,1.62565,1.62646,1.62552,1.62613,4238.0
2026-05-10 17:00:00,1.6267,1.62969,1.62634,1.62924,2768.0
2026-05-10 18:00:00,1.62904,1.62952,1.62605,1.62622,2745.0
2026-05-10 19:00:00,1.62624,1.62679,1.62574,1.62662,4065.0
2026-05-10 20:00:00,1.62661,1.627,1.6258,1.62617,9517.0
2026-05-10 21:00:00,1.62618,1.62748,1.62596,1.62616,10432.0
2026-05-10 22:00:00,1.62616,1.62664,1.62558,1.62644,6460.0
2026-05-10 23:00:00,1.62643,1.62657,1.62572,1.62628,5716.0
2026-05-11 00:00:00,1.62628,1.62686,1.62584,1.62588,4420.0
2026-05-11 01:00:00,1.62587,1.62614,1.62508,1.62528,3774.0
2026-05-11 02:00:00,1.62528,1.62567,1.62408,1.62506,6218.0
2026-05-11 03:00:00,1.62506,1.62631,1.62494,1.62588,7251.0
2026-05-11 04:00:00,1.62588,1.62654,1.62544,1.62625,6913.0
2026-05-11 05:00:00,1.62626,1.62661,1.62561,1.62609,5234.0
2026-05-11 06:00:00,1.6261,1.62612,1.62481,1.62497,5705.0
2026-05-11 07:00:00,1.62498,1.62542,1.62437,1.62474,5126.0
2026-05-11 08:00:00,1.62476,1.62606,1.6244,1.62558,8106.0
2026-05-11 09:00:00,1.62557,1.6257,1.62428,1.62458,9739.0
2026-05-11 10:00:00,1.62457,1.62498,1.6234,1.62342,11056.0
2026-05-11 11:00:00,1.62341,1.62412,1.62288,1.62312,6932.0
2026-05-11 12:00:00,1.62314,1.62447,1.62292,1.62378,5250.0
2026-05-11 13:00:00,1.62377,1.62432,1.62352,1.62399,4083.0
2026-05-11 14:00:00,1.62398,1.62442,1.62352,1.62437,3659.0
2026-05-11 15:00:00,1.62436,1.62495,1.62429,1.6247,3949.0
2026-05-11 16:00:00,1.62468,1.62541,1.62466,1.62532,2165.0
2026-05-11 17:00:00,1.62515,1.62626,1.62496,1.62537,2338.0
2026-05-11 18:00:00,1.62522,1.6257,1.6252,1.62553,1460.0
2026-05-11 19:00:00,1.62555,1.62574,1.62496,1.62554,2771.0
2026-05-11 20:00:00,1.62553,1.62684,1.6255,1.62644,7818.0
2026-05-11 21:00:00,1.62648,1.62796,1.62586,1.62636,10671.0
2026-05-11 22:00:00,1.62637,1.62674,1.62558,1.62574,6151.0
2026-05-11 23:00:00,1.62574,1.62644,1.62564,1.62624,4879.0
2026-05-12 00:00:00,1.62624,1.62624,1.62506,1.62568,3612.0
2026-05-12 01:00:00,1.6257,1.62688,1.62544,1.62684,7449.0
2026-05-12 02:00:00,1.62686,1.62946,1.6267,1.62918,9479.0
2026-05-12 03:00:00,1.62916,1.6293,1.62686,1.6277,9924.0
2026-05-12 04:00:00,1.62772,1.62808,1.62656,1.62722,8748.0
2026-05-12 05:00:00,1.62724,1.62802,1.62592,1.62628,7576.0
2026-05-12 06:00:00,1.62629,1.62642,1.62508,1.62512,5676.0
2026-05-12 07:00:00,1.62512,1.62545,1.62425,1.6246,7077.0
2026-05-12 08:00:00,1.6246,1.62626,1.62444,1.62464,9094.0
2026-05-12 09:00:00,1.62462,1.6256,1.62423,1.6252,12385.0
2026-05-12 10:00:00,1.62516,1.62532,1.62272,1.6232,13611.0
2026-05-12 11:00:00,1.6232,1.62486,1.62282,1.62446,12440.0
2026-05-12 12:00:00,1.62446,1.62582,1.62434,1.6254,8638.0
2026-05-12 13:00:00,1.6254,1.6254,1.6238,1.62388,6273.0
2026-05-12 14:00:00,1.62389,1.62408,1.62234,1.62279,5500.0
2026-05-12 15:00:00,1.62278,1.62294,1.62172,1.62186,4936.0
2026-05-12 16:00:00,1.62188,1.62212,1.6214,1.6215,2370.0
2026-05-12 17:00:00,1.62104,1.62236,1.62065,1.62135,824.0
2026-05-12 18:00:00,1.62141,1.62166,1.6209,1.62144,1117.0
2026-05-12 19:00:00,1.62145,1.62158,1.62106,1.62146,2817.0
2026-05-12 20:00:00,1.62147,1.62234,1.62111,1.62204,7737.0
2026-05-12 21:00:00,1.62206,1.62254,1.62004,1.62052,8854.0
2026-05-12 22:00:00,1.62052,1.62151,1.62025,1.62142,5675.0
2026-05-12 23:00:00,1.6214,1.62242,1.62133,1.62182,6011.0
2026-05-13 00:00:00,1.62181,1.62246,1.6216,1.62196,4186.0
2026-05-13 01:00:00,1.62196,1.62209,1.6206,1.62079,5605.0
2026-05-13 02:00:00,1.62078,1.621,1.61954,1.61968,7874.0
2026-05-13 03:00:00,1.61969,1.61991,1.61795,1.61834,8073.0
2026-05-13 04:00:00,1.61834,1.61847,1.61599,1.61616,7806.0
2026-05-13 05:00:00,1.61618,1.61667,1.61578,1.61578,7789.0
2026-05-13 06:00:00,1.61579,1.61654,1.61522,1.616,7344.0
2026-05-13 07:00:00,1.616,1.61642,1.61532,1.61546,5622.0
2026-05-13 08:00:00,1.6155,1.61671,1.61533,1.61586,9310.0
2026-05-13 09:00:00,1.61586,1.61696,1.61491,1.6159,13399.0
2026-05-13 10:00:00,1.61592,1.61594,1.61322,1.61326,12897.0
2026-05-13 11:00:00,1.61322,1.61399,1.61116,1.6126,9496.0
2026-05-13 12:00:00,1.6126,1.61274,1.61184,1.61272,7031.0
2026-05-13 13:00:00,1.61272,1.61298,1.61208,1.6129,4303.0
2026-05-13 14:00:00,1.61292,1.61398,1.61201,1.61324,6974.0
2026-05-13 15:00:00,1.61326,1.61444,1.61303,1.6144,4528.0
2026-05-13 16:00:00,1.61441,1.6149,1.61354,1.61384,2800.0
2026-05-13 17:00:00,1.6129,1.61483,1.6129,1.61421,1716.0
2026-05-13 18:00:00,1.61428,1.61446,1.61386,1.61402,1324.0
2026-05-13 19:00:00,1.61402,1.61544,1.61384,1.61504,3227.0
2026-05-13 20:00:00,1.61503,1.61634,1.6147,1.61584,9602.0
2026-05-13 21:00:00,1.61583,1.6167,1.61566,1.61659,8125.0
2026-05-13 22:00:00,1.61658,1.61696,1.61492,1.615,5494.0
2026-05-13 23:00:00,1.615,1.61596,1.61487,1.61521,5047.0
2026-05-14 00:00:00,1.6152,1.61537,1.61396,1.61433,4355.0
2026-05-14 01:00:00,1.61434,1.61492,1.61306,1.61392,6800.0
2026-05-14 02:00:00,1.6139,1.61404,1.61284,1.61384,6782.0
2026-05-14 03:00:00,1.61382,1.61668,1.61368,1.61653,9646.0
2026-05-14 04:00:00,1.61655,1.61666,1.61447,1.6148,7927.0
2026-05-14 05:00:00,1.61479,1.61637,1.61461,1.61568,5330.0
2026-05-14 06:00:00,1.61568,1.61704,1.61527,1.61663,6319.0
2026-05-14 07:00:00,1.61662,1.61704,1.61572,1.61616,6989.0
2026-05-14 08:00:00,1.61619,1.61696,1.61582,1.61679,7137.0
2026-05-14 09:00:00,1.6168,1.6192,1.61658,1.61892,13001.0
2026-05-14 10:00:00,1.61892,1.61912,1.61568,1.61573,13643.0
2026-05-14 11:00:00,1.61572,1.61677,1.61561,1.61646,8821.0
2026-05-14 12:00:00,1.61647,1.61748,1.61638,1.61696,6998.0
2026-05-14 13:00:00,1.61696,1.61727,1.61622,1.61668,6164.0
2026-05-14 14:00:00,1.61673,1.61742,1.61612,1.61632,5211.0
2026-05-14 15:00:00,1.6163,1.61676,1.61618,1.61646,4039.0
2026-05-14 16:00:00,1.61645,1.61657,1.6159,1.61623,2656.0
2026-05-14 17:00:00,1.61592,1.61702,1.61571,1.61592,1930.0
2026-05-14 18:00:00,1.61599,1.61638,1.61576,1.61578,1571.0
2026-05-14 19:00:00,1.61576,1.61664,1.61498,1.61658,3618.0
2026-05-14 20:00:00,1.61658,1.61822,1.61554,1.6175,8797.0
2026-05-14 21:00:00,1.6175,1.62062,1.6173,1.62045,12085.0
2026-05-14 22:00:00,1.62044,1.62094,1.61908,1.62011,7948.0
2026-05-14 23:00:00,1.62017,1.62052,1.6197,1.6198,5958.0
2026-05-15 00:00:00,1.6198,1.62194,1.61974,1.62188,5329.0
2026-05-15 01:00:00,1.62184,1.6259,1.62184,1.62496,10537.0
2026-05-15 02:00:00,1.625,1.6257,1.62378,1.62496,11055.0
2026-05-15 03:00:00,1.62498,1.62515,1.6228,1.62358,10949.0
2026-05-15 04:00:00,1.62358,1.62559,1.62346,1.62542,11095.0
2026-05-15 05:00:00,1.62536,1.628,1.62536,1.62688,9511.0
2026-05-15 06:00:00,1.62687,1.62709,1.62326,1.62418,11124.0
2026-05-15 07:00:00,1.62418,1.62677,1.62389,1.62631,7867.0
2026-05-15 08:00:00,1.62626,1.6268,1.62523,1.62534,10402.0
2026-05-15 09:00:00,1.62537,1.62726,1.62495,1.62626,13725.0
2026-05-15 10:00:00,1.62629,1.62664,1.62364,1.62552,17253.0
2026-05-15 11:00:00,1.6255,1.62634,1.62488,1.62598,12795.0
2026-05-15 12:00:00,1.62598,1.62616,1.62457,1.62506,7430.0
2026-05-15 13:00:00,1.62506,1.62525,1.6241,1.6241,5663.0
2026-05-15 14:00:00,1.6241,1.62527,1.62378,1.62475,5943.0
2026-05-15 15:00:00,1.62474,1.62556,1.62468,1.62542,4413.0
2026-05-15 16:00:00,1.62545,1.62686,1.62537,1.6264,3634.0
2026-05-17 17:00:00,1.62448,1.62597,1.624,1.62582,678.0
2026-05-17 18:00:00,1.62563,1.62612,1.62458,1.62559,3362.0
2026-05-17 19:00:00,1.62562,1.62924,1.62518,1.62888,7257.0
2026-05-17 20:00:00,1.62889,1.6308,1.6285,1.62977,15113.0
2026-05-17 21:00:00,1.62978,1.63064,1.62908,1.62973,17161.0
2026-05-17 22:00:00,1.62976,1.63064,1.62897,1.63029,9784.0
2026-05-17 23:00:00,1.63027,1.63063,1.62886,1.62902,8445.0
2026-05-18 00:00:00,1.62901,1.6296,1.62862,1.62947,7213.0
2026-05-18 01:00:00,1.62946,1.63011,1.6287,1.62974,10308.0
2026-05-18 02:00:00,1.62978,1.62998,1.62762,1.62764,10271.0
2026-05-18 03:00:00,1.62756,1.62836,1.62607,1.62642,9462.0
2026-05-18 04:00:00,1.62642,1.6273,1.62519,1.62626,9347.0
2026-05-18 05:00:00,1.62626,1.62669,1.62529,1.626,6693.0
2026-05-18 06:00:00,1.626,1.62692,1.62568,1.6264,7335.0
2026-05-18 07:00:00,1.6264,1.62716,1.625,1.62589,10931.0
2026-05-18 08:00:00,1.62592,1.62618,1.62256,1.62309,13376.0
2026-05-18 09:00:00,1.6231,1.62472,1.6228,1.62424,14958.0
2026-05-18 10:00:00,1.62428,1.62674,1.62428,1.62623,17150.0
2026-05-18 11:00:00,1.62622,1.62805,1.626,1.62715,14983.0
2026-05-18 12:00:00,1.62717,1.6284,1.62648,1.62685,11382.0
2026-05-18 13:00:00,1.62684,1.62729,1.6261,1.62617,8166.0
2026-05-18 14:00:00,1.62616,1.6277,1.6261,1.62676,9447.0
2026-05-18 15:00:00,1.62676,1.62702,1.62445,1.62538,15144.0
2026-05-18 16:00:00,1.62537,1.62607,1.62533,1.62598,4416.0
2026-05-18 17:00:00,1.62686,1.62686,1.6249,1.62632,1244.0
2026-05-18 18:00:00,1.62624,1.62624,1.62527,1.62532,1770.0
2026-05-18 19:00:00,1.6253,1.62554,1.6244,1.62542,4405.0
2026-05-18 20:00:00,1.62542,1.62846,1.62503,1.62834,12649.0
2026-05-18 21:00:00,1.62835,1.63096,1.6282,1.6299,14540.0
2026-05-18 22:00:00,1.62991,1.63148,1.62977,1.6303,9807.0
2026-05-18 23:00:00,1.63032,1.63122,1.62982,1.63104,7980.0
2026-05-19 00:00:00,1.63099,1.63249,1.63084,1.63218,7996.0
2026-05-19 01:00:00,1.63218,1.63318,1.63158,1.6323,9315.0
2026-05-19 02:00:00,1.6322,1.63268,1.63098,1.6311,9431.0
2026-05-19 03:00:00,1.63113,1.63291,1.63006,1.63286,9101.0
2026-05-19 04:00:00,1.63288,1.63412,1.63268,1.63309,9527.0
2026-05-19 05:00:00,1.63308,1.63393,1.63248,1.633,8565.0
2026-05-19 06:00:00,1.63301,1.63368,1.63222,1.63308,9225.0
2026-05-19 07:00:00,1.63308,1.63312,1.63184,1.63222,8463.0
2026-05-19 08:00:00,1.63222,1.63282,1.63174,1.63278,9246.0
2026-05-19 09:00:00,1.63276,1.63478,1.6327,1.63358,16864.0
2026-05-19 10:00:00,1.63358,1.63826,1.63336,1.63668,18532.0
2026-05-19 11:00:00,1.63668,1.63702,1.63384,1.63412,13137.0
2026-05-19 12:00:00,1.63406,1.63438,1.63199,1.63226,10108.0
2026-05-19 13:00:00,1.63224,1.63262,1.63158,1.6324,7521.0
2026-05-19 14:00:00,1.63237,1.63298,1.63226,1.63278,7579.0
2026-05-19 15:00:00,1.63281,1.633,1.63204,1.63266,6835.0
2026-05-19 16:00:00,1.63266,1.63316,1.6325,1.63314,2913.0
2026-05-19 17:00:00,1.63269,1.63326,1.63224,1.63284,1020.0
2026-05-19 18:00:00,1.63296,1.63368,1.63278,1.6333,2034.0
2026-05-19 19:00:00,1.6333,1.63379,1.63264,1.63378,3249.0
2026-05-19 20:00:00,1.6338,1.63573,1.6338,1.63568,14876.0
2026-05-19 21:00:00,1.6357,1.63606,1.63294,1.63308,16245.0
2026-05-19 22:00:00,1.63308,1.63502,1.63254,1.63447,11685.0
2026-05-19 23:00:00,1.63446,1.63466,1.63302,1.6334,8436.0
2026-05-20 00:00:00,1.63339,1.63386,1.6325,1.63345,6995.0
2026-05-20 01:00:00,1.63346,1.63365,1.63252,1.63266,9175.0
2026-05-20 02:00:00,1.63266,1.63306,1.63146,1.63219,9864.0
2026-05-20 03:00:00,1.63217,1.63242,1.63066,1.63116,8729.0
2026-05-20 04:00:00,1.63116,1.63116,1.62908,1.62976,9156.0
2026-05-20 05:00:00,1.62976,1.63054,1.62914,1.62925,6058.0
2026-05-20 06:00:00,1.62924,1.62927,1.62787,1.6282,6138.0
2026-05-20 07:00:00,1.6282,1.62841,1.62652,1.62756,6647.0
2026-05-20 08:00:00,1.62757,1.62782,1.62642,1.62754,7311.0
2026-05-20 09:00:00,1.62756,1.62832,1.62664,1.62763,10772.0
2026-05-20 10:00:00,1.62762,1.62799,1.62408,1.62416,20478.0
2026-05-20 11:00:00,1.62417,1.62512,1.6225,1.62488,18877.0
2026-05-20 12:00:00,1.62487,1.62545,1.62408,1.6249,13803.0
2026-05-20 13:00:00,1.62488,1.62511,1.62428,1.62448,10980.0
2026-05-20 14:00:00,1.62448,1.62516,1.62425,1.6249,8072.0
2026-05-20 15:00:00,1.6249,1.62504,1.62414,1.62424,6638.0
2026-05-20 16:00:00,1.62423,1.62534,1.6242,1.6253,6049.0
2026-05-20 17:00:00,1.62585,1.62608,1.62458,1.62476,1792.0
2026-05-20 18:00:00,1.62474,1.626,1.62474,1.62554,2356.0
2026-05-20 19:00:00,1.62553,1.6261,1.62552,1.626,3243.0
2026-05-20 20:00:00,1.62598,1.6271,1.62592,1.62682,9693.0
2026-05-20 21:00:00,1.62684,1.63448,1.62571,1.633,13311.0
2026-05-20 22:00:00,1.633,1.63604,1.63197,1.63457,12630.0
2026-05-20 23:00:00,1.63458,1.63465,1.63205,1.63212,6551.0
2026-05-21 00:00:00,1.63216,1.63222,1.63022,1.63069,4939.0
2026-05-21 01:00:00,1.63065,1.63272,1.63036,1.63128,8045.0
2026-05-21 02:00:00,1.63128,1.63408,1.6307,1.63363,8774.0
2026-05-21 03:00:00,1.63362,1.63364,1.63004,1.63062,14489.0
2026-05-21 04:00:00,1.63061,1.63128,1.62894,1.62981,13948.0
2026-05-21 05:00:00,1.62984,1.62992,1.62851,1.62944,9441.0
2026-05-21 06:00:00,1.62944,1.63036,1.62841,1.62918,15043.0
2026-05-21 07:00:00,1.62919,1.62922,1.6272,1.62778,11278.0
2026-05-21 08:00:00,1.62779,1.62796,1.62678,1.62764,13795.0
2026-05-21 09:00:00,1.62768,1.62816,1.62579,1.62598,16241.0
2026-05-21 10:00:00,1.626,1.62696,1.62444,1.62454,17938.0
2026-05-21 11:00:00,1.62456,1.626,1.62438,1.62468,14858.0
2026-05-21 12:00:00,1.62466,1.6253,1.6234,1.6247,10029.0
2026-05-21 13:00:00,1.62468,1.62494,1.62207,1.62292,16783.0
2026-05-21 14:00:00,1.62293,1.62498,1.62273,1.62457,12747.0
2026-05-21 15:00:00,1.62458,1.62474,1.62368,1.62432,8593.0
2026-05-21 16:00:00,1.62434,1.62502,1.62418,1.62498,3593.0
2026-05-21 17:00:00,1.62446,1.62608,1.6243,1.62522,1537.0
2026-05-21 18:00:00,1.62528,1.6253,1.62426,1.62452,1572.0
2026-05-21 19:00:00,1.62452,1.62568,1.6245,1.62534,3207.0
2026-05-21 20:00:00,1.62533,1.62655,1.62532,1.62637,8144.0
2026-05-21 21:00:00,1.62642,1.62736,1.62582,1.62672,9618.0
2026-05-21 22:00:00,1.62674,1.62678,1.62578,1.62636,5548.0
2026-05-21 23:00:00,1.62636,1.62714,1.62621,1.62637,4697.0
2026-05-22 00:00:00,1.62636,1.62684,1.62618,1.62666,3300.0
2026-05-22 01:00:00,1.62662,1.62676,1.62554,1.62644,6593.0
2026-05-22 02:00:00,1.62646,1.62808,1.62616,1.62694,8654.0
2026-05-22 03:00:00,1.62694,1.62808,1.62667,1.62714,6990.0
2026-05-22 04:00:00,1.62711,1.62771,1.62581,1.62722,9334.0
2026-05-22 05:00:00,1.62722,1.62795,1.62707,1.6277,7248.0
2026-05-22 06:00:00,1.6277,1.62822,1.6271,1.62765,7039.0
2026-05-22 07:00:00,1.62764,1.62864,1.62726,1.62834,7158.0
2026-05-22 08:00:00,1.62834,1.6286,1.62686,1.62714,9530.0
2026-05-22 09:00:00,1.62706,1.62848,1.62645,1.62756,12594.0
2026-05-22 10:00:00,1.62759,1.62873,1.62706,1.62732,13429.0
2026-05-22 11:00:00,1.62733,1.62776,1.62654,1.62712,11420.0
2026-05-22 12:00:00,1.62714,1.62756,1.6267,1.62726,7009.0
2026-05-22 13:00:00,1.62726,1.62741,1.62664,1.62698,8867.0
2026-05-22 14:00:00,1.62699,1.62737,1.62659,1.62672,6353.0
2026-05-22 15:00:00,1.62673,1.62753,1.62673,1.6273,5722.0
2026-05-22 16:00:00,1.62732,1.62785,1.62718,1.62772,4508.0
2026-05-24 17:00:00,1.62642,1.62684,1.6255,1.62616,1338.0
2026-05-24 18:00:00,1.62616,1.6272,1.62465,1.62656,4118.0
2026-05-24 19:00:00,1.62656,1.62675,1.62597,1.62666,4364.0
2026-05-24 20:00:00,1.62667,1.62681,1.6254,1.62554,8261.0
2026-05-24 21:00:00,1.62552,1.62554,1.62354,1.62416,8647.0
2026-05-24 22:00:00,1.62416,1.62452,1.62336,1.6244,3718.0
2026-05-24 23:00:00,1.62441,1.62511,1.62416,1.625,3896.0
2026-05-25 00:00:00,1.625,1.625,1.62366,1.62392,3173.0
2026-05-25 01:00:00,1.62394,1.62462,1.62355,1.62438,3796.0
2026-05-25 02:00:00,1.62438,1.62496,1.62382,1.62448,5255.0
2026-05-25 03:00:00,1.62452,1.62606,1.62443,1.62522,7206.0
2026-05-25 04:00:00,1.6252,1.62542,1.62446,1.62468,4978.0
2026-05-25 05:00:00,1.62464,1.6248,1.62404,1.62434,3304.0
2026-05-25 06:00:00,1.62434,1.62478,1.62406,1.6246,3032.0
2026-05-25 07:00:00,1.62458,1.62482,1.62376,1.62406,4235.0
2026-05-25 08:00:00,1.6241,1.62472,1.62378,1.62464,5313.0
2026-05-25 09:00:00,1.62464,1.6248,1.62348,1.62354,4285.0
2026-05-25 10:00:00,1.62356,1.62356,1.6217,1.62184,4288.0
2026-05-25 11:00:00,1.62186,1.62319,1.62184,1.62307,4419.0
2026-05-25 12:00:00,1.62306,1.62346,1.62265,1.62278,2407.0
2026-05-25 13:00:00,1.6228,1.623,1.6224,1.62262,1397.0
2026-05-25 14:00:00,1.62264,1.6228,1.62253,1.62274,998.0
2026-05-25 15:00:00,1.62274,1.62278,1.6223,1.62244,917.0
2026-05-25 16:00:00,1.62243,1.62282,1.6223,1.62264,996.0
2026-05-25 17:00:00,1.62292,1.62372,1.62261,1.62316,1966.0
2026-05-25 18:00:00,1.62316,1.62321,1.62252,1.6227,2368.0
2026-05-25 19:00:00,1.6227,1.62333,1.62244,1.62328,3384.0
2026-05-25 20:00:00,1.62329,1.62402,1.62292,1.62318,8602.0
2026-05-25 21:00:00,1.62318,1.62419,1.62294,1.62368,9682.0
2026-05-25 22:00:00,1.62367,1.62396,1.62326,1.62352,5007.0
2026-05-25 23:00:00,1.62352,1.62357,1.62244,1.62264,3821.0
2026-05-26 00:00:00,1.62264,1.62412,1.62247,1.62404,3496.0
2026-05-26 01:00:00,1.62406,1.625,1.62388,1.62412,4998.0
2026-05-26 02:00:00,1.62411,1.62431,1.62292,1.62384,7578.0
2026-05-26 03:00:00,1.6238,1.62557,1.62352,1.62448,9752.0
2026-05-26 04:00:00,1.62448,1.62502,1.62413,1.62437,7529.0
2026-05-26 05:00:00,1.62434,1.62548,1.6242,1.62518,6362.0
2026-05-26 06:00:00,1.62518,1.62566,1.62429,1.62462,6863.0
2026-05-26 07:00:00,1.62466,1.62484,1.62372,1.62396,6807.0
2026-05-26 08:00:00,1.62398,1.62414,1.62268,1.62271,6193.0
2026-05-26 09:00:00,1.62268,1.62284,1.6205,1.62164,10658.0
2026-05-26 10:00:00,1.62166,1.62228,1.62082,1.62178,10886.0
2026-05-26 11:00:00,1.62176,1.6231,1.62166,1.6227,9539.0
2026-05-26 12:00:00,1.62274,1.62326,1.62246,1.62282,6133.0
2026-05-26 13:00:00,1.62281,1.62305,1.62255,1.62295,4908.0
2026-05-26 14:00:00,1.62296,1.62302,1.62221,1.6224,3922.0
2026-05-26 15:00:00,1.6224,1.6227,1.62222,1.62256,3393.0
2026-05-26 16:00:00,1.62258,1.62312,1.62242,1.62296,1891.0
2026-05-26 17:00:00,1.62191,1.62305,1.6215,1.62262,3227.0
2026-05-26 18:00:00,1.62262,1.62326,1.62252,1.62306,1602.0
2026-05-26 19:00:00,1.62306,1.62318,1.62238,1.62279,2404.0
2026-05-26 20:00:00,1.6228,1.62344,1.6212,1.6219,7212.0
2026-05-26 21:00:00,1.6219,1.62644,1.62126,1.62564,10102.0
2026-05-26 22:00:00,1.62567,1.62617,1.6242,1.62506,9359.0
2026-05-26 23:00:00,1.62504,1.62591,1.62432,1.62558,7020.0
2026-05-27 00:00:00,1.62558,1.62601,1.62502,1.62565,5565.0
2026-05-27 01:00:00,1.62567,1.62688,1.6255,1.62688,7968.0
2026-05-27 02:00:00,1.62688,1.62959,1.62662,1.62958,9635.0
2026-05-27 03:00:00,1.62954,1.63129,1.62892,1.63072,8037.0
2026-05-27 04:00:00,1.63074,1.63193,1.63028,1.63059,7477.0
2026-05-27 05:00:00,1.63058,1.63086,1.62966,1.63038,6239.0
2026-05-27 06:00:00,1.63038,1.63184,1.62962,1.63148,6395.0
2026-05-27 07:00:00,1.63146,1.63242,1.63096,1.63166,8358.0
2026-05-27 08:00:00,1.63164,1.63324,1.63092,1.63218,15560.0
2026-05-27 09:00:00,1.63219,1.6326,1.63096,1.63098,16261.0
2026-05-27 10:00:00,1.63098,1.63335,1.63082,1.63118,17937.0
2026-05-27 11:00:00,1.63118,1.6312,1.62974,1.62992,13289.0
2026-05-27 12:00:00,1.62993,1.63,1.62898,1.62936,7824.0
2026-05-27 13:00:00,1.62936,1.62975,1.62906,1.6295,7012.0
2026-05-27 14:00:00,1.62952,1.62962,1.6288,1.62898,4928.0
2026-05-27 15:00:00,1.629,1.62917,1.62819,1.62828,4662.0
2026-05-27 16:00:00,1.62828,1.62838,1.62779,1.6279,2587.0
2026-05-27 17:00:00,1.62807,1.62919,1.6278,1.62875,1938.0
2026-05-27 18:00:00,1.62872,1.62891,1.62776,1.62788,2116.0
2026-05-27 19:00:00,1.6279,1.62878,1.62748,1.62874,4286.0
2026-05-27 20:00:00,1.62876,1.63017,1.62874,1.62945,10427.0
2026-05-27 21:00:00,1.62946,1.63149,1.62894,1.63084,11007.0
2026-05-27 22:00:00,1.6308,1.63097,1.62986,1.62997,6873.0
2026-05-27 23:00:00,1.62996,1.63253,1.62929,1.63158,13083.0
2026-05-28 00:00:00,1.63161,1.63244,1.63131,1.63164,9237.0
2026-05-28 01:00:00,1.63166,1.63223,1.6292,1.6299,8604.0
2026-05-28 02:00:00,1.62988,1.63058,1.62878,1.63054,7804.0
2026-05-28 03:00:00,1.63047,1.63117,1.62966,1.63043,7841.0
2026-05-28 04:00:00,1.63042,1.63216,1.63022,1.63201,5751.0
2026-05-28 05:00:00,1.632,1.63217,1.6308,1.63096,5796.0
2026-05-28 06:00:00,1.63097,1.63245,1.63045,1.63152,7928.0
2026-05-28 07:00:00,1.63157,1.6327,1.63102,1.63204,6965.0
2026-05-28 08:00:00,1.63205,1.63272,1.63122,1.63164,9006.0
2026-05-28 09:00:00,1.63162,1.63262,1.63119,1.63181,11299.0
2026-05-28 10:00:00,1.63182,1.6319,1.6289,1.6294,19565.0
2026-05-28 11:00:00,1.6294,1.62942,1.62722,1.62727,10033.0
2026-05-28 12:00:00,1.62728,1.62739,1.62617,1.6262,9330.0
2026-05-28 13:00:00,1.6262,1.62662,1.62593,1.62634,6072.0
2026-05-28 14:00:00,1.62635,1.6266,1.62598,1.62614,5798.0
2026-05-28 15:00:00,1.62618,1.6264,1.62574,1.62634,4642.0
2026-05-28 16:00:00,1.62636,1.62654,1.62596,1.62647,3006.0
2026-05-28 17:00:00,1.62635,1.62721,1.62609,1.6264,2467.0
2026-05-28 18:00:00,1.62634,1.62671,1.62608,1.6265,1523.0
2026-05-28 19:00:00,1.6265,1.62702,1.62621,1.62674,3908.0
2026-05-28 20:00:00,1.62672,1.62746,1.62613,1.62688,7695.0
2026-05-28 21:00:00,1.62688,1.62762,1.626,1.62621,8946.0
2026-05-28 22:00:00,1.6262,1.62741,1.62602,1.62698,4686.0
2026-05-28 23:00:00,1.62696,1.62735,1.62634,1.62658,4841.0
2026-05-29 00:00:00,1.62658,1.62658,1.62466,1.62478,4101.0
2026-05-29 01:00:00,1.62482,1.62535,1.62434,1.62527,3894.0
2026-05-29 02:00:00,1.62526,1.62753,1.62486,1.62738,7399.0
2026-05-29 03:00:00,1.62739,1.6276,1.62562,1.6258,8935.0
2026-05-29 04:00:00,1.6257,1.62695,1.62532,1.62568,8582.0
2026-05-29 05:00:00,1.62568,1.62719,1.62542,1.62692,8224.0
2026-05-29 06:00:00,1.62694,1.6274,1.62641,1.62664,6325.0
2026-05-29 07:00:00,1.62665,1.62668,1.6244,1.62452,6807.0
2026-05-29 08:00:00,1.62452,1.62472,1.62259,1.62264,8067.0
2026-05-29 09:00:00,1.6226,1.62266,1.62014,1.62042,9566.0
2026-05-29 10:00:00,1.62043,1.6233,1.62024,1.62198,15729.0
2026-05-29 11:00:00,1.62198,1.62441,1.62148,1.62424,14494.0
2026-05-29 12:00:00,1.62423,1.62432,1.62317,1.62366,8048.0
2026-05-29 13:00:00,1.62366,1.62396,1.62328,1.62381,5902.0
2026-05-29 14:00:00,1.62382,1.62401,1.62323,1.62398,5531.0
2026-05-29 15:00:00,1.62404,1.62422,1.62274,1.62299,5686.0
2026-05-29 16:00:00,1.62299,1.62374,1.62264,1.62305,6721.0
2026-05-31 17:00:00,1.62508,1.62553,1.62342,1.62458,1017.0
2026-05-31 18:00:00,1.62456,1.6247,1.62306,1.62342,4013.0
2026-05-31 19:00:00,1.6234,1.62347,1.62182,1.62227,6528.0
2026-05-31 20:00:00,1.62233,1.62282,1.62104,1.62137,11357.0
2026-05-31 21:00:00,1.62136,1.62144,1.62032,1.6206,8334.0
2026-05-31 22:00:00,1.62061,1.62119,1.62014,1.62106,6741.0
2026-05-31 23:00:00,1.62104,1.62258,1.6209,1.62166,5640.0
2026-06-01 00:00:00,1.62165,1.62167,1.62096,1.62108,2557.0
2026-06-01 01:00:00,1.62107,1.6215,1.62085,1.62124,4685.0
2026-06-01 02:00:00,1.62121,1.62416,1.6209,1.62415,6786.0
2026-06-01 03:00:00,1.62414,1.62426,1.62256,1.62354,7882.0
2026-06-01 04:00:00,1.62352,1.62381,1.62263,1.62272,6217.0
2026-06-01 05:00:00,1.62272,1.62331,1.62216,1.62292,7010.0
2026-06-01 06:00:00,1.62291,1.62365,1.62274,1.62308,5336.0
2026-06-01 07:00:00,1.6231,1.62372,1.62259,1.62363,5447.0
2026-06-01 08:00:00,1.62364,1.62469,1.62342,1.62452,7835.0
2026-06-01 09:00:00,1.62452,1.62774,1.62434,1.62649,19627.0
2026-06-01 10:00:00,1.62651,1.62733,1.62576,1.6268,15214.0
2026-06-01 11:00:00,1.6268,1.62681,1.62404,1.62512,12114.0
2026-06-01 12:00:00,1.62512,1.62532,1.62378,1.62418,8879.0
2026-06-01 13:00:00,1.6242,1.62436,1.62274,1.6234,8394.0
2026-06-01 14:00:00,1.6234,1.62412,1.6234,1.62394,4190.0
2026-06-01 15:00:00,1.62394,1.62424,1.62384,1.62412,5286.0
2026-06-01 16:00:00,1.62415,1.62459,1.62408,1.62447,3567.0
2026-06-01 17:00:00,1.6231,1.6245,1.62299,1.62367,2351.0
2026-06-01 18:00:00,1.62348,1.62482,1.62348,1.62452,1651.0
2026-06-01 19:00:00,1.62452,1.6247,1.62393,1.62405,2737.0
2026-06-01 20:00:00,1.62404,1.62492,1.62367,1.62469,7899.0
2026-06-01 21:00:00,1.62467,1.6259,1.62335,1.62564,11522.0
2026-06-01 22:00:00,1.62562,1.62589,1.62454,1.62478,7032.0
2026-06-01 23:00:00,1.62477,1.62578,1.62464,1.62494,5700.0
2026-06-02 00:00:00,1.62492,1.62557,1.62474,1.62486,5080.0
2026-06-02 01:00:00,1.62487,1.62509,1.62406,1.62494,5419.0
2026-06-02 02:00:00,1.62494,1.62494,1.62291,1.62316,8711.0
2026-06-02 03:00:00,1.62316,1.62322,1.6215,1.62202,7551.0
2026-06-02 04:00:00,1.62202,1.6221,1.621,1.62174,6303.0
2026-06-02 05:00:00,1.62175,1.62236,1.62084,1.62094,5338.0
2026-06-02 06:00:00,1.62092,1.62138,1.62078,1.621,5315.0
2026-06-02 07:00:00,1.621,1.62239,1.6209,1.6223,5318.0
2026-06-02 08:00:00,1.62232,1.6235,1.62212,1.62324,6207.0
2026-06-02 09:00:00,1.6232,1.62382,1.62244,1.62266,10905.0
2026-06-02 10:00:00,1.62266,1.62316,1.62046,1.6206,10950.0
2026-06-02 11:00:00,1.62059,1.62086,1.61954,1.62014,8287.0
2026-06-02 12:00:00,1.62014,1.62031,1.61933,1.61975,5901.0
2026-06-02 13:00:00,1.61974,1.62034,1.61959,1.62022,5321.0
2026-06-02 14:00:00,1.6202,1.62022,1.61923,1.61978,5117.0
2026-06-02 15:00:00,1.61982,1.62012,1.61961,1.61966,3350.0
2026-06-02 16:00:00,1.61965,1.62012,1.61954,1.62006,2451.0
2026-06-02 17:00:00,1.61968,1.62077,1.6195,1.61958,675.0
2026-06-02 18:00:00,1.61951,1.61998,1.6195,1.6199,1664.0
2026-06-02 19:00:00,1.61992,1.6205,1.61966,1.62008,5603.0
2026-06-02 20:00:00,1.62009,1.62018,1.61922,1.61936,6382.0
2026-06-02 21:00:00,1.61936,1.62174,1.61933,1.62036,8589.0
2026-06-02 22:00:00,1.62035,1.6215,1.61976,1.62089,4889.0
2026-06-02 23:00:00,1.62088,1.62172,1.62062,1.62133,4460.0
2026-06-03 00:00:00,1.62135,1.62192,1.6207,1.62164,3213.0
2026-06-03 01:00:00,1.62164,1.6226,1.6212,1.62201,5264.0
2026-06-03 02:00:00,1.622,1.62392,1.62166,1.62242,9535.0
2026-06-03 03:00:00,1.6224,1.6227,1.62106,1.62112,8661.0
2026-06-03 04:00:00,1.62112,1.62157,1.62061,1.62106,8456.0
2026-06-03 05:00:00,1.62104,1.62141,1.62039,1.62118,6142.0
2026-06-03 06:00:00,1.6212,1.6213,1.6192,1.62053,8259.0
2026-06-03 07:00:00,1.62052,1.62152,1.62019,1.6213,5886.0
2026-06-03 08:00:00,1.6213,1.62204,1.621,1.62179,8460.0
2026-06-03 09:00:00,1.6218,1.62524,1.6216,1.62478,10731.0
2026-06-03 10:00:00,1.62486,1.62516,1.62302,1.62474,13216.0
2026-06-03 11:00:00,1.62474,1.62614,1.6244,1.62571,11695.0
2026-06-03 12:00:00,1.62572,1.62648,1.62539,1.62574,7760.0
2026-06-03 13:00:00,1.62574,1.6266,1.62542,1.62614,5263.0
2026-06-03 14:00:00,1.62615,1.62664,1.62596,1.62654,4518.0
2026-06-03 15:00:00,1.62653,1.62684,1.62645,1.62667,4194.0
2026-06-03 16:00:00,1.62666,1.62746,1.62661,1.62722,3039.0
2026-06-03 17:00:00,1.62661,1.62748,1.6264,1.62702,1270.0
2026-06-03 18:00:00,1.62722,1.62736,1.6262,1.62644,3671.0
2026-06-03 19:00:00,1.62644,1.6285,1.62636,1.62736,5085.0
2026-06-03 20:00:00,1.62734,1.62798,1.62701,1.62777,10780.0
2026-06-03 21:00:00,1.62777,1.62882,1.62679,1.62806,10495.0
2026-06-03 22:00:00,1.62806,1.62955,1.628,1.62895,8096.0
2026-06-03 23:00:00,1.62894,1.62912,1.62826,1.62832,4855.0
2026-06-04 00:00:00,1.62832,1.62865,1.62796,1.62849,4365.0
2026-06-04 01:00:00,1.62846,1.62925,1.6282,1.62835,6307.0
2026-06-04 02:00:00,1.62836,1.62854,1.62698,1.62728,8725.0
2026-06-04 03:00:00,1.62726,1.62777,1.62678,1.62742,8615.0
2026-06-04 04:00:00,1.62742,1.62898,1.62712,1.62862,8451.0
2026-06-04 05:00:00,1.62862,1.62975,1.62862,1.62965,8120.0
2026-06-04 06:00:00,1.62964,1.6304,1.62928,1.63021,6738.0
2026-06-04 07:00:00,1.6302,1.63029,1.62892,1.62899,9821.0
2026-06-04 08:00:00,1.62898,1.63019,1.62896,1.62966,9504.0
2026-06-04 09:00:00,1.62964,1.62986,1.62872,1.6291,10854.0
2026-06-04 10:00:00,1.62911,1.63006,1.62874,1.629,10817.0
2026-06-04 11:00:00,1.629,1.62912,1.62794,1.62834,8917.0
2026-06-04 12:00:00,1.62832,1.6285,1.62788,1.628,5792.0
2026-06-04 13:00:00,1.628,1.62821,1.62748,1.62782,4141.0
2026-06-04 14:00:00,1.62782,1.628,1.6274,1.6277,3998.0
2026-06-04 15:00:00,1.6277,1.62782,1.62734,1.6274,3469.0
2026-06-04 16:00:00,1.62742,1.62793,1.62736,1.62787,2393.0
2026-06-04 17:00:00,1.62766,1.62836,1.62658,1.62808,1279.0
2026-06-04 18:00:00,1.62811,1.62816,1.62767,1.62786,1250.0
2026-06-04 19:00:00,1.62787,1.62888,1.62744,1.62856,2625.0
2026-06-04 20:00:00,1.62856,1.63036,1.62856,1.63029,9175.0
2026-06-04 21:00:00,1.63028,1.63402,1.63019,1.63134,12399.0
2026-06-04 22:00:00,1.63133,1.6317,1.62954,1.62994,7463.0
2026-06-04 23:00:00,1.62991,1.63103,1.62949,1.63082,5902.0
2026-06-05 00:00:00,1.63084,1.63088,1.62932,1.62976,4525.0
2026-06-05 01:00:00,1.62975,1.63184,1.62956,1.63159,4415.0
2026-06-05 02:00:00,1.63157,1.63232,1.6309,1.63124,7155.0
2026-06-05 03:00:00,1.63126,1.63154,1.63036,1.63138,8238.0
2026-06-05 04:00:00,1.63139,1.63198,1.63063,1.63194,7065.0
2026-06-05 05:00:00,1.63193,1.63198,1.63032,1.63054,6633.0
2026-06-05 06:00:00,1.63055,1.63078,1.62986,1.63007,5054.0
2026-06-05 07:00:00,1.63006,1.63026,1.62926,1.63004,5902.0
2026-06-05 08:00:00,1.63004,1.63179,1.62899,1.63133,13182.0
2026-06-05 09:00:00,1.63134,1.6347,1.63096,1.63411,17283.0
2026-06-05 10:00:00,1.63412,1.63538,1.63201,1.63249,17289.0
2026-06-05 11:00:00,1.63248,1.63396,1.63213,1.63395,13736.0
2026-06-05 12:00:00,1.63396,1.63486,1.63337,1.63346,13184.0
2026-06-05 13:00:00,1.63344,1.6341,1.6329,1.6336,11021.0
2026-06-05 14:00:00,1.63358,1.63631,1.63354,1.63606,12093.0
2026-06-05 15:00:00,1.63607,1.63644,1.63566,1.636,10926.0
2026-06-05 16:00:00,1.636,1.63708,1.6353,1.63554,9420.0
2026-06-07 17:00:00,1.63804,1.63928,1.63712,1.63759,1334.0
2026-06-07 18:00:00,1.63766,1.63818,1.6363,1.63733,5926.0
2026-06-07 19:00:00,1.63732,1.63732,1.6359,1.63602,7321.0
2026-06-07 20:00:00,1.63602,1.63628,1.63369,1.63397,8897.0
2026-06-07 21:00:00,1.63396,1.63637,1.63328,1.63484,20177.0
2026-06-07 22:00:00,1.63484,1.63606,1.6347,1.63508,13421.0
2026-06-07 23:00:00,1.63506,1.6363,1.63458,1.63578,8967.0
2026-06-08 00:00:00,1.63576,1.63698,1.63489,1.63684,8456.0
2026-06-08 01:00:00,1.63684,1.63766,1.63606,1.63692,15594.0
2026-06-08 02:00:00,1.6369,1.63694,1.63477,1.63506,13506.0
2026-06-08 03:00:00,1.63502,1.6352,1.63276,1.63397,13639.0
2026-06-08 04:00:00,1.634,1.63442,1.63268,1.63286,13936.0
2026-06-08 05:00:00,1.63285,1.63394,1.63189,1.63246,12247.0
2026-06-08 06:00:00,1.63246,1.63378,1.63185,1.63282,10141.0
2026-06-08 07:00:00,1.63281,1.63321,1.63043,1.6318,11596.0
2026-06-08 08:00:00,1.63178,1.63269,1.63084,1.63246,11494.0
2026-06-08 09:00:00,1.63245,1.63578,1.63222,1.63542,17495.0
2026-06-08 10:00:00,1.63546,1.63696,1.63468,1.63524,18495.0
2026-06-08 11:00:00,1.63527,1.63688,1.63462,1.6366,14325.0
2026-06-08 12:00:00,1.6366,1.63689,1.63614,1.63648,11392.0
2026-06-08 13:00:00,1.6365,1.6377,1.63647,1.63681,11985.0
2026-06-08 14:00:00,1.6368,1.63696,1.63618,1.63638,9035.0
2026-06-08 15:00:00,1.63639,1.63728,1.63639,1.63665,10578.0
2026-06-08 16:00:00,1.63664,1.63712,1.6365,1.63688,4123.0
2026-06-08 17:00:00,1.63806,1.63818,1.63682,1.63712,1339.0
2026-06-08 18:00:00,1.6371,1.63792,1.63674,1.63714,2459.0
2026-06-08 19:00:00,1.63711,1.63819,1.63698,1.63776,3615.0
2026-06-08 20:00:00,1.63775,1.63885,1.6372,1.63722,13045.0
2026-06-08 21:00:00,1.63722,1.6374,1.63492,1.63506,13219.0
2026-06-08 22:00:00,1.63506,1.63738,1.63472,1.63688,9102.0
2026-06-08 23:00:00,1.63688,1.6383,1.63663,1.63768,8300.0
2026-06-09 00:00:00,1.6377,1.63812,1.63608,1.63635,6374.0
2026-06-09 01:00:00,1.63635,1.6368,1.63554,1.6359,10302.0
2026-06-09 02:00:00,1.63594,1.63616,1.63382,1.63526,11012.0
2026-06-09 03:00:00,1.63526,1.63682,1.63486,1.63652,11244.0
2026-06-09 04:00:00,1.63651,1.6384,1.63575,1.63794,9990.0
2026-06-09 05:00:00,1.63792,1.6399,1.63775,1.6399,6340.0
2026-06-09 06:00:00,1.63992,1.64064,1.63858,1.63894,7285.0
2026-06-09 07:00:00,1.63894,1.63979,1.63861,1.63903,6336.0
2026-06-09 08:00:00,1.63906,1.63974,1.63855,1.63929,6504.0
2026-06-09 09:00:00,1.63926,1.64141,1.63902,1.64066,13121.0
2026-06-09 10:00:00,1.64064,1.64417,1.63982,1.64211,21211.0
2026-06-09 11:00:00,1.64209,1.64453,1.6415,1.64434,22240.0
2026-06-09 12:00:00,1.64434,1.646,1.64361,1.64489,25818.0
2026-06-09 13:00:00,1.64491,1.64502,1.64278,1.64294,20655.0
2026-06-09 14:00:00,1.64294,1.64312,1.642,1.64228,15718.0
2026-06-09 15:00:00,1.64227,1.64359,1.64206,1.64236,14335.0
2026-06-09 16:00:00,1.64234,1.6428,1.6421,1.6426,5662.0
2026-06-09 17:00:00,1.64213,1.64441,1.64174,1.64262,1193.0
2026-06-09 18:00:00,1.64262,1.64386,1.6424,1.64362,3864.0
2026-06-09 19:00:00,1.64362,1.64414,1.64212,1.64218,5938.0
2026-06-09 20:00:00,1.64219,1.64365,1.6412,1.64215,16314.0
2026-06-09 21:00:00,1.64211,1.64275,1.6413,1.64206,17872.0
2026-06-09 22:00:00,1.64208,1.64415,1.64196,1.64396,13394.0
2026-06-09 23:00:00,1.64394,1.64432,1.64328,1.64376,10428.0
2026-06-10 00:00:00,1.64376,1.6457,1.64366,1.64532,10957.0
2026-06-10 01:00:00,1.64533,1.64732,1.64533,1.6461,13093.0
2026-06-10 02:00:00,1.64612,1.64656,1.64488,1.6458,10950.0
2026-06-10 03:00:00,1.64584,1.64656,1.64551,1.64632,11083.0
2026-06-10 04:00:00,1.64635,1.64818,1.64626,1.64818,12301.0
2026-06-10 05:00:00,1.64821,1.64916,1.64796,1.64865,10560.0
2026-06-10 06:00:00,1.64862,1.64913,1.64748,1.64762,8230.0
2026-06-10 07:00:00,1.6476,1.64858,1.64723,1.64794,15448.0
2026-06-10 08:00:00,1.64799,1.64818,1.64494,1.647,18630.0
2026-06-10 09:00:00,1.647,1.64723,1.6445,1.6448,20884.0
2026-06-10 10:00:00,1.64482,1.64576,1.64448,1.64526,22485.0
2026-06-10 11:00:00,1.64524,1.64681,1.64444,1.64502,24154.0
2026-06-10 12:00:00,1.64502,1.6465,1.64478,1.64636,20341.0
2026-06-10 13:00:00,1.64633,1.64716,1.64554,1.6463,16555.0
2026-06-10 14:00:00,1.64629,1.64806,1.64574,1.64738,15544.0
2026-06-10 15:00:00,1.64737,1.64908,1.64707,1.64886,14132.0
2026-06-10 16:00:00,1.64886,1.64918,1.64843,1.6487,6771.0
2026-06-10 17:00:00,1.64854,1.64906,1.6476,1.64882,773.0
2026-06-10 18:00:00,1.64882,1.64936,1.64848,1.64918,6957.0
2026-06-10 19:00:00,1.64918,1.64961,1.648,1.64934,11305.0
2026-06-10 20:00:00,1.64936,1.65024,1.64838,1.64946,20880.0
2026-06-10 21:00:00,1.64942,1.64978,1.64799,1.64885,17249.0
2026-06-10 22:00:00,1.64886,1.64966,1.64872,1.64899,12779.0
2026-06-10 23:00:00,1.64898,1.64974,1.64869,1.64886,10548.0
2026-06-11 00:00:00,1.64886,1.64906,1.64753,1.64773,9243.0
2026-06-11 01:00:00,1.64775,1.64804,1.64726,1.64794,11574.0
2026-06-11 02:00:00,1.64796,1.6486,1.64743,1.64829,10364.0
2026-06-11 03:00:00,1.64832,1.64952,1.64816,1.64903,10349.0
2026-06-11 04:00:00,1.64906,1.64958,1.64868,1.64908,9135.0
2026-06-11 05:00:00,1.64909,1.6493,1.6477,1.64854,7636.0
2026-06-11 06:00:00,1.64854,1.64854,1.64748,1.64842,6711.0
2026-06-11 07:00:00,1.64842,1.64956,1.64838,1.64898,8603.0
2026-06-11 08:00:00,1.64903,1.65136,1.64857,1.65128,18359.0
2026-06-11 09:00:00,1.65127,1.65175,1.64917,1.6494,20353.0
2026-06-11 10:00:00,1.6494,1.65061,1.64791,1.64899,20956.0
2026-06-11 11:00:00,1.64902,1.64932,1.64596,1.64638,20807.0
2026-06-11 12:00:00,1.64639,1.64692,1.64522,1.64686,16377.0
2026-06-11 13:00:00,1.64686,1.6471,1.64345,1.64394,26902.0
2026-06-11 14:00:00,1.64392,1.64514,1.64352,1.64431,24251.0
2026-06-11 15:00:00,1.64432,1.64438,1.64232,1.64288,18996.0
2026-06-11 16:00:00,1.64287,1.64363,1.6417,1.64196,10665.0
2026-06-11 17:00:00,1.64288,1.6436,1.64172,1.64245,959.0
2026-06-11 18:00:00,1.64237,1.643,1.64163,1.64288,5332.0
2026-06-11 19:00:00,1.64287,1.64336,1.64207,1.64246,6184.0
2026-06-11 20:00:00,1.64248,1.64319,1.64173,1.64232,14906.0
2026-06-11 21:00:00,1.64232,1.64501,1.64222,1.64375,16106.0
2026-06-11 22:00:00,1.64378,1.64531,1.64312,1.64402,10949.0
2026-06-11 23:00:00,1.64404,1.64434,1.64335,1.6439,10580.0
2026-06-12 00:00:00,1.6439,1.64424,1.64285,1.64346,7912.0
2026-06-12 01:00:00,1.64348,1.64543,1.64337,1.64451,13602.0
2026-06-12 02:00:00,1.64456,1.64575,1.64313,1.64558,13928.0
2026-06-12 03:00:00,1.64559,1.64638,1.6442,1.6449,14317.0
2026-06-12 04:00:00,1.6449,1.64529,1.64333,1.64424,20073.0
2026-06-12 05:00:00,1.64423,1.6444,1.64258,1.6442,14398.0
2026-06-12 06:00:00,1.64422,1.64462,1.64301,1.64331,11012.0
2026-06-12 07:00:00,1.6433,1.64446,1.6432,1.64382,9919.0
2026-06-12 08:00:00,1.64384,1.64432,1.64316,1.64366,12357.0
2026-06-12 09:00:00,1.64366,1.64502,1.64248,1.64406,19573.0
2026-06-12 10:00:00,1.644,1.64414,1.64116,1.64122,21800.0
2026-06-12 11:00:00,1.64122,1.64264,1.64063,1.64248,19671.0
2026-06-12 12:00:00,1.6425,1.6429,1.64128,1.64198,18335.0
2026-06-12 13:00:00,1.64198,1.64232,1.6413,1.64215,11570.0
2026-06-12 14:00:00,1.64214,1.64254,1.64184,1.64226,9137.0
2026-06-12 15:00:00,1.64226,1.64233,1.64119,1.6413,9932.0
2026-06-12 16:00:00,1.64134,1.64238,1.64099,1.64184,5688.0
2026-06-14 17:00:00,1.64338,1.64382,1.63786,1.63834,1795.0
2026-06-14 18:00:00,1.63838,1.64082,1.63795,1.64044,7455.0
2026-06-14 19:00:00,1.64039,1.64116,1.6395,1.64002,6823.0
2026-06-14 20:00:00,1.64002,1.6412,1.63834,1.64108,12055.0
2026-06-14 21:00:00,1.64108,1.64124,1.6393,1.63972,12090.0
2026-06-14 22:00:00,1.63972,1.63984,1.63862,1.63916,6453.0
2026-06-14 23:00:00,1.63918,1.63928,1.63796,1.63864,6430.0
2026-06-15 00:00:00,1.63864,1.64014,1.63861,1.63984,5580.0
2026-06-15 01:00:00,1.63982,1.6407,1.63942,1.6406,8426.0
2026-06-15 02:00:00,1.6406,1.64098,1.64015,1.64049,8434.0
2026-06-15 03:00:00,1.64048,1.64242,1.64014,1.64116,9528.0
2026-06-15 04:00:00,1.64118,1.64181,1.64022,1.64072,7362.0
2026-06-15 05:00:00,1.64072,1.64155,1.64032,1.64152,6398.0
2026-06-15 06:00:00,1.64152,1.64206,1.64117,1.64169,4610.0
2026-06-15 07:00:00,1.64169,1.64206,1.64147,1.64176,5987.0
2026-06-15 08:00:00,1.64178,1.64304,1.64171,1.64245,8061.0
2026-06-15 09:00:00,1.64244,1.64274,1.64154,1.64218,9615.0
2026-06-15 10:00:00,1.64221,1.64231,1.63786,1.63809,12397.0
2026-06-15 11:00:00,1.63804,1.63864,1.63731,1.63814,8566.0
2026-06-15 12:00:00,1.63814,1.63905,1.63798,1.63878,6161.0
2026-06-15 13:00:00,1.63878,1.63938,1.63854,1.63891,5303.0
2026-06-15 14:00:00,1.6389,1.63958,1.63886,1.63897,6113.0
2026-06-15 15:00:00,1.63894,1.63938,1.63846,1.63848,6607.0
2026-06-15 16:00:00,1.6385,1.6393,1.63846,1.63914,3050.0
2026-06-15 17:00:00,1.6392,1.63976,1.63816,1.63894,1348.0
2026-06-15 18:00:00,1.63896,1.63962,1.63864,1.63923,1729.0
2026-06-15 19:00:00,1.63922,1.63937,1.63868,1.63913,2565.0
2026-06-15 20:00:00,1.63914,1.63995,1.63908,1.63945,7267.0
2026-06-15 21:00:00,1.63945,1.64108,1.63916,1.64081,10665.0
2026-06-15 22:00:00,1.6408,1.64164,1.64069,1.64071,7113.0
2026-06-15 23:00:00,1.64073,1.64126,1.64024,1.6407,4227.0
2026-06-16 00:00:00,1.64073,1.64312,1.6407,1.64226,6783.0
2026-06-16 01:00:00,1.64224,1.64374,1.64124,1.64228,7650.0
2026-06-16 02:00:00,1.64228,1.64292,1.64168,1.64242,8931.0
2026-06-16 03:00:00,1.64242,1.64263,1.64158,1.64215,7948.0
2026-06-16 04:00:00,1.64214,1.64315,1.64168,1.64206,7535.0
2026-06-16 05:00:00,1.64206,1.64246,1.64144,1.64145,6752.0
2026-06-16 06:00:00,1.64144,1.64151,1.64032,1.64062,5407.0
2026-06-16 07:00:00,1.64062,1.64135,1.6405,1.64087,6857.0
2026-06-16 08:00:00,1.64091,1.64137,1.64066,1.64084,7408.0
2026-06-16 09:00:00,1.64082,1.64134,1.63877,1.63908,10333.0
2026-06-16 10:00:00,1.6391,1.64024,1.63818,1.63988,13688.0
2026-06-16 11:00:00,1.63993,1.64175,1.63976,1.64127,12302.0
2026-06-16 12:00:00,1.64129,1.64193,1.64108,1.64175,9386.0
2026-06-16 13:00:00,1.64174,1.64253,1.6415,1.64194,6326.0
2026-06-16 14:00:00,1.64193,1.64204,1.64136,1.64171,4978.0
2026-06-16 15:00:00,1.6417,1.64275,1.64155,1.64269,7328.0
2026-06-16 16:00:00,1.64271,1.64306,1.6425,1.64262,2667.0
2026-06-16 17:00:00,1.64256,1.64318,1.64232,1.64245,2148.0
2026-06-16 18:00:00,1.64242,1.6431,1.64232,1.64273,2185.0
2026-06-16 19:00:00,1.64274,1.64342,1.64264,1.64324,2883.0
2026-06-16 20:00:00,1.64325,1.64354,1.64284,1.64303,8089.0
2026-06-16 21:00:00,1.64302,1.64348,1.64242,1.64302,6625.0
2026-06-16 22:00:00,1.64302,1.64404,1.64284,1.64377,4069.0
2026-06-16 23:00:00,1.64378,1.64457,1.64368,1.64425,4799.0
2026-06-17 00:00:00,1.64424,1.64464,1.64386,1.64456,4122.0
2026-06-17 01:00:00,1.64456,1.64523,1.64414,1.64502,4468.0
2026-06-17 02:00:00,1.64502,1.64539,1.6442,1.64468,6792.0
2026-06-17 03:00:00,1.6447,1.64542,1.64298,1.64316,7339.0
2026-06-17 04:00:00,1.64314,1.64372,1.64287,1.64302,7063.0
2026-06-17 05:00:00,1.64302,1.64326,1.64272,1.64318,4639.0
2026-06-17 06:00:00,1.64318,1.64378,1.64276,1.64276,5090.0
2026-06-17 07:00:00,1.64278,1.64309,1.64125,1.64191,6211.0
2026-06-17 08:00:00,1.6419,1.6425,1.64174,1.64222,5957.0
2026-06-17 09:00:00,1.64222,1.64226,1.64,1.64062,8872.0
2026-06-17 10:00:00,1.64062,1.64074,1.63896,1.63996,11769.0
2026-06-17 11:00:00,1.63996,1.64032,1.63883,1.63948,9234.0
2026-06-17 12:00:00,1.63948,1.6399,1.63892,1.63906,6280.0
2026-06-17 13:00:00,1.63907,1.63926,1.63864,1.63918,6617.0
2026-06-17 14:00:00,1.63922,1.64058,1.63741,1.63868,36502.0
2026-06-17 15:00:00,1.63868,1.64115,1.6378,1.64029,31357.0
2026-06-17 16:00:00,1.6403,1.6403,1.63919,1.64002,8473.0
2026-06-17 17:00:00,1.63956,1.64048,1.63922,1.63972,649.0
2026-06-17 18:00:00,1.63972,1.6402,1.6393,1.6401,3188.0
2026-06-17 19:00:00,1.6401,1.6401,1.63928,1.63955,4641.0
2026-06-17 20:00:00,1.63954,1.63984,1.63802,1.63977,13731.0
2026-06-17 21:00:00,1.63974,1.63981,1.63768,1.63775,10718.0
2026-06-17 22:00:00,1.63776,1.6378,1.63643,1.637,5551.0
2026-06-17 23:00:00,1.63701,1.63717,1.6366,1.63684,5644.0
2026-06-18 00:00:00,1.63683,1.63846,1.63672,1.63816,6669.0
2026-06-18 01:00:00,1.63818,1.63844,1.6371,1.63744,7991.0
2026-06-18 02:00:00,1.63746,1.63856,1.63676,1.63678,10650.0
2026-06-18 03:00:00,1.63682,1.63762,1.63646,1.63685,9947.0
2026-06-18 04:00:00,1.63684,1.63792,1.6366,1.63764,11843.0
2026-06-18 05:00:00,1.63768,1.63784,1.63556,1.63591,10526.0
2026-06-18 06:00:00,1.63592,1.63635,1.63536,1.63601,10511.0
2026-06-18 07:00:00,1.63601,1.6366,1.6357,1.6361,11215.0
2026-06-18 08:00:00,1.6361,1.63641,1.63401,1.6343,13197.0
2026-06-18 09:00:00,1.6343,1.63498,1.63286,1.6329,16691.0
2026-06-18 10:00:00,1.63289,1.63436,1.63218,1.63262,17403.0
2026-06-18 11:00:00,1.63261,1.63434,1.6326,1.63417,15157.0
2026-06-18 12:00:00,1.63418,1.63438,1.63336,1.63346,12874.0
2026-06-18 13:00:00,1.63348,1.63358,1.63294,1.63334,8804.0
2026-06-18 14:00:00,1.63334,1.63379,1.63326,1.63373,8548.0
2026-06-18 15:00:00,1.63378,1.63444,1.63314,1.63372,10400.0
2026-06-18 16:00:00,1.63377,1.63386,1.63307,1.6336,4196.0
2026-06-18 17:00:00,1.63292,1.63416,1.6317,1.63373,1437.0
2026-06-18 18:00:00,1.63382,1.63408,1.63334,1.63357,2786.0
2026-06-18 19:00:00,1.63356,1.63402,1.63314,1.63391,2981.0
2026-06-18 20:00:00,1.63393,1.635,1.63382,1.6346,9567.0
2026-06-18 21:00:00,1.6346,1.63574,1.63452,1.6351,8383.0
2026-06-18 22:00:00,1.6351,1.63524,1.63381,1.63384,6320.0
2026-06-18 23:00:00,1.63384,1.63544,1.63346,1.63518,6956.0
2026-06-19 00:00:00,1.6352,1.63584,1.63432,1.6344,7014.0
2026-06-19 01:00:00,1.6344,1.63457,1.63164,1.63194,9995.0
2026-06-19 02:00:00,1.63197,1.6323,1.631,1.63194,7797.0
2026-06-19 03:00:00,1.63194,1.6339,1.63178,1.63312,8454.0
2026-06-19 04:00:00,1.63311,1.6342,1.6324,1.63332,8389.0
2026-06-19 05:00:00,1.63332,1.63356,1.6326,1.63332,6692.0
2026-06-19 06:00:00,1.63333,1.63459,1.63296,1.63432,6122.0
2026-06-19 07:00:00,1.63434,1.63506,1.63428,1.63464,5852.0
2026-06-19 08:00:00,1.63462,1.63525,1.63326,1.63368,7873.0
2026-06-19 09:00:00,1.6337,1.63544,1.63362,1.63536,8378.0
2026-06-19 10:00:00,1.63534,1.63604,1.6347,1.63532,8030.0
2026-06-19 11:00:00,1.63532,1.63622,1.63526,1.63576,6150.0
2026-06-19 12:00:00,1.63576,1.63646,1.63541,1.63644,3407.0
2026-06-19 13:00:00,1.63641,1.63698,1.63598,1.63654,6565.0
2026-06-19 14:00:00,1.6365,1.63702,1.63635,1.63658,6934.0
2026-06-19 15:00:00,1.63656,1.63698,1.63576,1.63676,24483.0
2026-06-19 16:00:00,1.63676,1.63742,1.63478,1.63565,19910.0
2026-06-21 17:00:00,1.63514,1.63694,1.63408,1.63513,1633.0
2026-06-21 18:00:00,1.6351,1.63664,1.63491,1.63632,3190.0
2026-06-21 19:00:00,1.63631,1.63722,1.63625,1.63692,4382.0
2026-06-21 20:00:00,1.63689,1.63718,1.63512,1.63518,8661.0
2026-06-21 21:00:00,1.63518,1.63542,1.63451,1.63539,13205.0
2026-06-21 22:00:00,1.63541,1.63668,1.63532,1.63588,6516.0
2026-06-21 23:00:00,1.63587,1.63604,1.63495,1.63556,5807.0
2026-06-22 00:00:00,1.63556,1.63618,1.63534,1.63552,6488.0
2026-06-22 01:00:00,1.63553,1.63608,1.63491,1.63584,7553.0
2026-06-22 02:00:00,1.63582,1.6369,1.63508,1.63618,9235.0
2026-06-22 03:00:00,1.63617,1.63664,1.63511,1.63548,7708.0
2026-06-22 04:00:00,1.63548,1.63692,1.63523,1.63688,8273.0
2026-06-22 05:00:00,1.63689,1.63728,1.63638,1.63728,7169.0
2026-06-22 06:00:00,1.63728,1.63729,1.63571,1.63642,5771.0
2026-06-22 07:00:00,1.63641,1.63643,1.63504,1.63509,7107.0
2026-06-22 08:00:00,1.63508,1.63534,1.63434,1.63477,7985.0
2026-06-22 09:00:00,1.63476,1.63478,1.63192,1.63196,13644.0
2026-06-22 10:00:00,1.63195,1.63392,1.63131,1.63276,15480.0
2026-06-22 11:00:00,1.63276,1.63348,1.6323,1.63328,10954.0
2026-06-22 12:00:00,1.63326,1.63345,1.63212,1.63242,7638.0
2026-06-22 13:00:00,1.63241,1.63262,1.63204,1.63226,4599.0
2026-06-22 14:00:00,1.63225,1.63257,1.63164,1.63182,4777.0
2026-06-22 15:00:00,1.63184,1.63254,1.63169,1.63223,4854.0
2026-06-22 16:00:00,1.6322,1.63264,1.63212,1.63244,2567.0
2026-06-22 17:00:00,1.63154,1.63225,1.63131,1.63192,1498.0
2026-06-22 18:00:00,1.63194,1.63288,1.6319,1.63284,2228.0
2026-06-22 19:00:00,1.63286,1.63378,1.63269,1.63375,2808.0
2026-06-22 20:00:00,1.63372,1.63592,1.63371,1.63509,10068.0
2026-06-22 21:00:00,1.63506,1.63688,1.63464,1.63639,10429.0
2026-06-22 22:00:00,1.63636,1.63834,1.63611,1.63817,8974.0
2026-06-22 23:00:00,1.63814,1.63922,1.63781,1.63818,7248.0
2026-06-23 00:00:00,1.63819,1.63948,1.6379,1.63928,6247.0
2026-06-23 01:00:00,1.63928,1.6408,1.6392,1.64038,9641.0
2026-06-23 02:00:00,1.6404,1.64378,1.64018,1.64267,10596.0
2026-06-23 03:00:00,1.64264,1.64364,1.6421,1.64258,12686.0
2026-06-23 04:00:00,1.64262,1.64311,1.64168,1.64232,10702.0
2026-06-23 05:00:00,1.64228,1.64229,1.64016,1.64022,7643.0
2026-06-23 06:00:00,1.6402,1.64174,1.63966,1.64159,8109.0
2026-06-23 07:00:00,1.64158,1.64245,1.64076,1.6424,8504.0
2026-06-23 08:00:00,1.64243,1.64275,1.64154,1.64187,10237.0
2026-06-23 09:00:00,1.64188,1.64348,1.64132,1.64178,13883.0
2026-06-23 10:00:00,1.6418,1.64252,1.64086,1.64231,15595.0
2026-06-23 11:00:00,1.6423,1.6441,1.64197,1.64389,11715.0
2026-06-23 12:00:00,1.64385,1.6452,1.64342,1.645,8125.0
2026-06-23 13:00:00,1.64502,1.64614,1.64474,1.64606,5419.0
2026-06-23 14:00:00,1.64606,1.64709,1.64586,1.64654,4749.0
2026-06-23 15:00:00,1.64654,1.6467,1.6454,1.64601,7742.0
2026-06-23 16:00:00,1.64598,1.64635,1.64546,1.6456,2465.0
2026-06-23 17:00:00,1.64569,1.64618,1.64509,1.64552,775.0
2026-06-23 18:00:00,1.64554,1.64604,1.64496,1.64603,2017.0
2026-06-23 19:00:00,1.64604,1.64677,1.64551,1.64551,4713.0
2026-06-23 20:00:00,1.6455,1.64564,1.6438,1.64422,14490.0
2026-06-23 21:00:00,1.6442,1.64573,1.6426,1.64468,15235.0
2026-06-23 22:00:00,1.64468,1.64681,1.64406,1.64662,11495.0
2026-06-23 23:00:00,1.64664,1.64671,1.64484,1.6459,9166.0
2026-06-24 00:00:00,1.64588,1.64621,1.64418,1.64448,5561.0
2026-06-24 01:00:00,1.64448,1.64482,1.64346,1.64474,9008.0
2026-06-24 02:00:00,1.64478,1.64578,1.64404,1.64478,9343.0
2026-06-24 03:00:00,1.64476,1.64544,1.64423,1.64537,8459.0
2026-06-24 04:00:00,1.64534,1.64637,1.64489,1.64596,10573.0
2026-06-24 05:00:00,1.64596,1.64734,1.64588,1.64696,7879.0
2026-06-24 06:00:00,1.64696,1.64727,1.64587,1.64592,7243.0
2026-06-24 07:00:00,1.6459,1.64649,1.64414,1.64444,7474.0
2026-06-24 08:00:00,1.64445,1.64485,1.64324,1.64418,11251.0
2026-06-24 09:00:00,1.64418,1.64498,1.64354,1.64426,16716.0
2026-06-24 10:00:00,1.6443,1.64676,1.64422,1.64535,17322.0
2026-06-24 11:00:00,1.64539,1.64699,1.64526,1.64604,12877.0
2026-06-24 12:00:00,1.64603,1.64686,1.64564,1.64591,10391.0
2026-06-24 13:00:00,1.6459,1.64864,1.64576,1.6486,12126.0
2026-06-24 14:00:00,1.64859,1.6494,1.64809,1.64898,11137.0
2026-06-24 15:00:00,1.64898,1.6496,1.64718,1.64719,10889.0
2026-06-24 16:00:00,1.64716,1.64752,1.6458,1.64605,6586.0
2026-06-24 17:00:00,1.64712,1.64755,1.64538,1.64635,2033.0
2026-06-24 18:00:00,1.6462,1.64674,1.64588,1.64658,2185.0
2026-06-24 19:00:00,1.64656,1.64671,1.64563,1.64585,3116.0
2026-06-24 20:00:00,1.64576,1.64716,1.64576,1.64683,11880.0
2026-06-24 21:00:00,1.64684,1.64865,1.64499,1.64782,16131.0
2026-06-24 22:00:00,1.64783,1.64972,1.64736,1.64828,10494.0
2026-06-24 23:00:00,1.64826,1.64935,1.64814,1.6485,7478.0
2026-06-25 00:00:00,1.64848,1.6486,1.64694,1.64698,5344.0
2026-06-25 01:00:00,1.64696,1.64866,1.64661,1.6486,8297.0
2026-06-25 02:00:00,1.6486,1.6489,1.64773,1.64773,8580.0
2026-06-25 03:00:00,1.64772,1.64865,1.64609,1.6464,9225.0
2026-06-25 04:00:00,1.6464,1.6474,1.64596,1.64708,7199.0
2026-06-25 05:00:00,1.64708,1.6474,1.64626,1.6466,6505.0
2026-06-25 06:00:00,1.64662,1.64688,1.64592,1.64608,6088.0
2026-06-25 07:00:00,1.64604,1.64607,1.64475,1.6454,6207.0
2026-06-25 08:00:00,1.6454,1.64643,1.64324,1.64418,13558.0
2026-06-25 09:00:00,1.6442,1.6487,1.64394,1.64864,18061.0
2026-06-25 10:00:00,1.64863,1.64902,1.64684,1.64708,22457.0
2026-06-25 11:00:00,1.64709,1.64716,1.64466,1.64494,18559.0
2026-06-25 12:00:00,1.64494,1.64509,1.64352,1.64447,12150.0
2026-06-25 13:00:00,1.64447,1.6448,1.64382,1.64411,10077.0
2026-06-25 14:00:00,1.64412,1.64544,1.64402,1.64468,11568.0
2026-06-25 15:00:00,1.64468,1.6461,1.64458,1.64542,9744.0
2026-06-25 16:00:00,1.64537,1.64579,1.64502,1.64533,4294.0
2026-06-25 17:00:00,1.64561,1.64656,1.64462,1.64646,1483.0
2026-06-25 18:00:00,1.64646,1.64648,1.6456,1.64586,2942.0
2026-06-25 19:00:00,1.64588,1.6467,1.64492,1.64654,5309.0
2026-06-25 20:00:00,1.64652,1.64782,1.64634,1.64748,14113.0
2026-06-25 21:00:00,1.64746,1.64908,1.64683,1.64864,14503.0
2026-06-25 22:00:00,1.6486,1.65156,1.64851,1.6509,10675.0
2026-06-25 23:00:00,1.65088,1.6517,1.64994,1.65002,10739.0
2026-06-26 00:00:00,1.64998,1.65236,1.64964,1.65214,10374.0
2026-06-26 01:00:00,1.65215,1.6523,1.65002,1.65054,9960.0
2026-06-26 02:00:00,1.65052,1.65141,1.6487,1.64924,7815.0
2026-06-26 03:00:00,1.64922,1.65281,1.64916,1.65228,8776.0
2026-06-26 04:00:00,1.65226,1.654,1.65197,1.65346,10378.0
2026-06-26 05:00:00,1.65344,1.65374,1.65206,1.65288,8503.0
2026-06-26 06:00:00,1.65288,1.65314,1.65185,1.6521,7818.0
2026-06-26 07:00:00,1.65204,1.65232,1.65132,1.65194,8704.0
2026-06-26 08:00:00,1.65198,1.65576,1.65155,1.65536,10127.0
2026-06-26 09:00:00,1.65535,1.65536,1.6524,1.6532,18482.0
2026-06-26 10:00:00,1.65328,1.65334,1.65095,1.65142,16045.0
2026-06-26 11:00:00,1.6514,1.6523,1.65062,1.65128,10584.0
2026-06-26 12:00:00,1.65126,1.65132,1.65022,1.65052,9268.0
2026-06-26 13:00:00,1.65053,1.65096,1.65031,1.65078,7161.0
2026-06-26 14:00:00,1.65078,1.65188,1.6506,1.65154,5752.0
2026-06-26 15:00:00,1.65156,1.65168,1.65044,1.651,6057.0
2026-06-26 16:00:00,1.65092,1.65211,1.65075,1.65138,7854.0
2026-06-28 17:00:00,1.65262,1.65308,1.65117,1.65237,1444.0
2026-06-28 18:00:00,1.65232,1.65232,1.65078,1.65138,1934.0
2026-06-28 19:00:00,1.65138,1.65146,1.65074,1.65098,3614.0
2026-06-28 20:00:00,1.65104,1.65431,1.65093,1.65384,15648.0
2026-06-28 21:00:00,1.65387,1.65481,1.65281,1.65368,14833.0
2026-06-28 22:00:00,1.65369,1.65398,1.65222,1.65268,10943.0
2026-06-28 23:00:00,1.65265,1.65266,1.65165,1.6525,7216.0
2026-06-29 00:00:00,1.6525,1.6527,1.652,1.65233,5860.0
2026-06-29 01:00:00,1.65236,1.65292,1.65208,1.65244,7430.0
2026-06-29 02:00:00,1.65241,1.65356,1.65152,1.65336,7536.0
2026-06-29 03:00:00,1.65334,1.6537,1.65236,1.6537,7989.0
2026-06-29 04:00:00,1.6537,1.65437,1.65334,1.65364,8416.0
2026-06-29 05:00:00,1.65366,1.65368,1.65274,1.65294,5576.0
2026-06-29 06:00:00,1.65292,1.65318,1.65248,1.65284,5314.0
2026-06-29 07:00:00,1.65282,1.6536,1.65246,1.65327,6593.0
2026-06-29 08:00:00,1.65328,1.65393,1.65246,1.65336,7178.0
2026-06-29 09:00:00,1.65334,1.6566,1.65324,1.65637,10238.0
2026-06-29 10:00:00,1.65638,1.66012,1.6562,1.66006,18017.0
2026-06-29 11:00:00,1.66004,1.66035,1.65916,1.65946,10780.0
2026-06-29 12:00:00,1.65942,1.65955,1.65852,1.65916,7087.0
2026-06-29 13:00:00,1.65915,1.65918,1.65856,1.65892,5424.0
2026-06-29 14:00:00,1.65888,1.6589,1.65806,1.65823,4945.0
2026-06-29 15:00:00,1.65822,1.65854,1.65796,1.65828,4628.0
2026-06-29 16:00:00,1.65826,1.65891,1.65816,1.65888,2250.0
2026-06-29 17:00:00,1.65842,1.65944,1.65791,1.65831,1460.0
2026-06-29 18:00:00,1.65826,1.65883,1.65825,1.65876,1362.0
2026-06-29 19:00:00,1.65877,1.6594,1.6583,1.65923,2376.0
2026-06-29 20:00:00,1.65921,1.6619,1.65921,1.66101,11441.0
2026-06-29 21:00:00,1.661,1.66191,1.65837,1.6599,14228.0
2026-06-29 22:00:00,1.65992,1.6612,1.65948,1.66033,8872.0
2026-06-29 23:00:00,1.66034,1.66035,1.65922,1.65946,6594.0
2026-06-30 00:00:00,1.65944,1.65944,1.65804,1.65814,5133.0
2026-06-30 01:00:00,1.65815,1.65819,1.6568,1.65749,7566.0
2026-06-30 02:00:00,1.65746,1.65815,1.65692,1.65775,9243.0
2026-06-30 03:00:00,1.65774,1.65865,1.6572,1.65743,7654.0
2026-06-30 04:00:00,1.65739,1.65746,1.65502,1.65574,9595.0
2026-06-30 05:00:00,1.65576,1.65586,1.65456,1.65558,6818.0
2026-06-30 06:00:00,1.65559,1.65596,1.65467,1.6549,5359.0
2026-06-30 07:00:00,1.65489,1.65518,1.65378,1.65408,7094.0
2026-06-30 08:00:00,1.65409,1.6556,1.65374,1.65528,7547.0
2026-06-30 09:00:00,1.65528,1.65528,1.65328,1.65346,9281.0
2026-06-30 10:00:00,1.65346,1.65364,1.64986,1.65095,17123.0
2026-06-30 11:00:00,1.651,1.65194,1.64993,1.65125,11387.0
2026-06-30 12:00:00,1.65126,1.65204,1.65094,1.65138,6318.0
2026-06-30 13:00:00,1.6514,1.65166,1.65062,1.65092,4651.0
2026-06-30 14:00:00,1.6509,1.65118,1.65016,1.6503,4514.0
2026-06-30 15:00:00,1.65028,1.6505,1.64972,1.65045,5393.0
2026-06-30 16:00:00,1.65049,1.65078,1.65032,1.65064,3413.0
2026-06-30 17:00:00,1.65136,1.65204,1.65064,1.6507,1253.0
2026-06-30 18:00:00,1.6507,1.65115,1.65056,1.6509,1395.0
2026-06-30 19:00:00,1.65091,1.65128,1.65058,1.65116,2580.0
2026-06-30 20:00:00,1.65116,1.65328,1.6508,1.65326,8563.0
2026-06-30 21:00:00,1.65326,1.65537,1.65288,1.65478,10064.0
2026-06-30 22:00:00,1.65476,1.65684,1.65472,1.65558,7822.0
2026-06-30 23:00:00,1.65556,1.65592,1.6548,1.65482,5194.0
2026-07-01 00:00:00,1.65482,1.65624,1.65478,1.65532,5134.0
2026-07-01 01:00:00,1.65533,1.65562,1.65398,1.65444,6851.0
2026-07-01 02:00:00,1.6545,1.6555,1.65446,1.65468,7788.0
2026-07-01 03:00:00,1.65466,1.65513,1.65387,1.65413,7746.0
2026-07-01 04:00:00,1.65416,1.65482,1.65333,1.65365,6728.0
2026-07-01 05:00:00,1.65367,1.65395,1.65226,1.65294,6389.0
2026-07-01 06:00:00,1.65292,1.65331,1.65212,1.6523,5129.0
2026-07-01 07:00:00,1.6523,1.65277,1.65156,1.65166,6321.0
2026-07-01 08:00:00,1.65167,1.65237,1.64958,1.64986,8356.0
2026-07-01 09:00:00,1.64986,1.65083,1.64924,1.65064,18887.0
2026-07-01 10:00:00,1.65066,1.65169,1.64921,1.65062,15921.0
2026-07-01 11:00:00,1.65063,1.6511,1.64916,1.64926,11377.0
2026-07-01 12:00:00,1.64928,1.6496,1.64874,1.64938,8267.0
2026-07-01 13:00:00,1.64937,1.65005,1.64915,1.6497,5735.0
2026-07-01 14:00:00,1.64973,1.6505,1.64952,1.65034,5464.0
2026-07-01 15:00:00,1.65034,1.65075,1.64984,1.65069,4985.0
2026-07-01 16:00:00,1.6507,1.65103,1.65038,1.65052,2999.0
2026-07-01 17:00:00,1.65076,1.65154,1.64954,1.65021,1518.0
2026-07-01 18:00:00,1.65021,1.65092,1.65021,1.65084,1182.0
2026-07-01 19:00:00,1.65085,1.65149,1.65077,1.65134,2230.0
2026-07-01 20:00:00,1.65135,1.653,1.65111,1.65144,11182.0
2026-07-01 21:00:00,1.65142,1.65148,1.65003,1.65082,9509.0
2026-07-01 22:00:00,1.65082,1.65112,1.65006,1.65106,6387.0
2026-07-01 23:00:00,1.65106,1.6527,1.65073,1.65136,6104.0
2026-07-02 00:00:00,1.65136,1.65235,1.65117,1.65156,6399.0
2026-07-02 01:00:00,1.65156,1.65198,1.65108,1.65167,6410.0
2026-07-02 02:00:00,1.65164,1.65246,1.65107,1.65238,9326.0
2026-07-02 03:00:00,1.65235,1.6557,1.65234,1.65564,9899.0
2026-07-02 04:00:00,1.6557,1.65574,1.65234,1.6529,11945.0
2026-07-02 05:00:00,1.6529,1.65385,1.65257,1.65264,8106.0
2026-07-02 06:00:00,1.65264,1.65428,1.65255,1.65428,6158.0
2026-07-02 07:00:00,1.65428,1.65569,1.65413,1.65569,6406.0
2026-07-02 08:00:00,1.65566,1.65588,1.65154,1.65373,22857.0
2026-07-02 09:00:00,1.65374,1.65446,1.64924,1.65007,23794.0
2026-07-02 10:00:00,1.65006,1.65178,1.64986,1.65016,22027.0
2026-07-02 11:00:00,1.65015,1.6518,1.64978,1.65179,17701.0
2026-07-02 12:00:00,1.65184,1.6526,1.65106,1.65206,13958.0
2026-07-02 13:00:00,1.65204,1.65285,1.65164,1.6528,12026.0
2026-07-02 14:00:00,1.65282,1.65296,1.65184,1.65216,10248.0
2026-07-02 15:00:00,1.65217,1.65306,1.65146,1.65154,8270.0
2026-07-02 16:00:00,1.65154,1.652,1.6515,1.65172,3078.0
2026-07-02 17:00:00,1.65255,1.65329,1.651,1.65203,2929.0
2026-07-02 18:00:00,1.65228,1.65255,1.65154,1.65183,1999.0
2026-07-02 19:00:00,1.65184,1.65204,1.65128,1.65168,3593.0
2026-07-02 20:00:00,1.65167,1.65264,1.65156,1.65208,11636.0
2026-07-02 21:00:00,1.65208,1.6523,1.64987,1.65035,13103.0
2026-07-02 22:00:00,1.65034,1.65073,1.64898,1.64918,6994.0
2026-07-02 23:00:00,1.64918,1.64998,1.64895,1.64966,5419.0
2026-07-03 00:00:00,1.64965,1.64983,1.64876,1.64962,4403.0
2026-07-03 01:00:00,1.64963,1.6503,1.64946,1.64987,7555.0
2026-07-03 02:00:00,1.64988,1.64988,1.64876,1.64968,8696.0
2026-07-03 03:00:00,1.6497,1.64981,1.64881,1.6493,7093.0
2026-07-03 04:00:00,1.64931,1.65006,1.64887,1.64998,5833.0
2026-07-03 05:00:00,1.65002,1.65022,1.64908,1.6493,5354.0
2026-07-03 06:00:00,1.64932,1.65008,1.64892,1.64972,4568.0
2026-07-03 07:00:00,1.64974,1.6504,1.64962,1.65003,4780.0
2026-07-03 08:00:00,1.65002,1.6503,1.64984,1.65014,4697.0
2026-07-03 09:00:00,1.65012,1.65012,1.64934,1.64943,5446.0
2026-07-03 10:00:00,1.64944,1.65019,1.64921,1.64984,5534.0
