Timestamp,Open,High,Low,Close,Volume
2026-03-11 10:00:00,0.90292,0.90399,0.90231,0.90236,9223.0
2026-03-11 11:00:00,0.90235,0.90294,0.90196,0.90282,4825.0
2026-03-11 12:00:00,0.90282,0.90314,0.90214,0.9022,4187.0
2026-03-11 13:00:00,0.90219,0.90253,0.90204,0.90205,3683.0
2026-03-11 14:00:00,0.90204,0.90248,0.90202,0.90242,3276.0
2026-03-11 15:00:00,0.90241,0.9025,0.90225,0.90244,2043.0
2026-03-11 16:00:00,0.90243,0.90296,0.90234,0.90292,796.0
2026-03-11 17:00:00,0.90244,0.9029,0.90222,0.90262,812.0
2026-03-11 18:00:00,0.90284,0.90284,0.902,0.90216,2037.0
2026-03-11 19:00:00,0.90217,0.90268,0.90212,0.90236,2240.0
2026-03-11 20:00:00,0.90235,0.90248,0.90188,0.90204,4029.0
2026-03-11 21:00:00,0.90204,0.90234,0.90201,0.90228,2507.0
2026-03-11 22:00:00,0.90229,0.90242,0.90198,0.90238,4447.0
2026-03-11 23:00:00,0.90238,0.90244,0.90204,0.90236,2079.0
2026-03-12 00:00:00,0.90234,0.9024,0.90195,0.9021,1160.0
2026-03-12 01:00:00,0.9021,0.90234,0.90202,0.90218,2973.0
2026-03-12 02:00:00,0.90218,0.90264,0.90215,0.90258,2984.0
2026-03-12 03:00:00,0.90258,0.90328,0.90213,0.90311,2826.0
2026-03-12 04:00:00,0.90309,0.90389,0.9029,0.90305,3172.0
2026-03-12 05:00:00,0.90305,0.90309,0.90204,0.9022,2700.0
2026-03-12 06:00:00,0.9022,0.90267,0.9019,0.9025,2746.0
2026-03-12 07:00:00,0.90249,0.90274,0.90225,0.90267,2823.0
2026-03-12 08:00:00,0.90267,0.90289,0.90212,0.90247,3287.0
2026-03-12 09:00:00,0.90248,0.90296,0.90184,0.9022,6003.0
2026-03-12 10:00:00,0.9022,0.90324,0.90214,0.90312,5603.0
2026-03-12 11:00:00,0.90312,0.90392,0.90308,0.90382,5622.0
2026-03-12 12:00:00,0.90382,0.90402,0.90342,0.90386,5206.0
2026-03-12 13:00:00,0.90387,0.90421,0.90365,0.9039,3500.0
2026-03-12 14:00:00,0.9039,0.90446,0.90384,0.90432,2315.0
2026-03-12 15:00:00,0.90434,0.90496,0.90434,0.90496,2410.0
2026-03-12 16:00:00,0.90494,0.90518,0.90482,0.90486,1135.0
2026-03-12 17:00:00,0.90452,0.90484,0.90444,0.90472,285.0
2026-03-12 18:00:00,0.90458,0.90544,0.90458,0.905,1431.0
2026-03-12 19:00:00,0.905,0.90512,0.90486,0.9049,1516.0
2026-03-12 20:00:00,0.90492,0.90509,0.9046,0.90472,4094.0
2026-03-12 21:00:00,0.9047,0.90502,0.90468,0.90496,3675.0
2026-03-12 22:00:00,0.90496,0.90552,0.90493,0.90532,1846.0
2026-03-12 23:00:00,0.90532,0.90546,0.90504,0.90524,1824.0
2026-03-13 00:00:00,0.90525,0.90547,0.90498,0.90508,3028.0
2026-03-13 01:00:00,0.90508,0.90535,0.90491,0.90532,2277.0
2026-03-13 02:00:00,0.90531,0.90531,0.90451,0.90459,3330.0
2026-03-13 03:00:00,0.90458,0.90464,0.90306,0.90363,3387.0
2026-03-13 04:00:00,0.9036,0.90362,0.90222,0.90254,4145.0
2026-03-13 05:00:00,0.90251,0.90311,0.90223,0.90302,3372.0
2026-03-13 06:00:00,0.90302,0.90358,0.90294,0.90309,3185.0
2026-03-13 07:00:00,0.9031,0.90326,0.9025,0.90268,3636.0
2026-03-13 08:00:00,0.90267,0.90341,0.90266,0.90336,5380.0
2026-03-13 09:00:00,0.90336,0.90371,0.903,0.9032,4930.0
2026-03-13 10:00:00,0.9032,0.90421,0.90308,0.90376,5130.0
2026-03-13 11:00:00,0.90378,0.90408,0.90318,0.90377,5637.0
2026-03-13 12:00:00,0.90376,0.90386,0.90322,0.90366,4761.0
2026-03-13 13:00:00,0.90365,0.90372,0.90326,0.90364,3139.0
2026-03-13 14:00:00,0.90362,0.90398,0.90354,0.90395,2342.0
2026-03-13 15:00:00,0.90394,0.90404,0.90356,0.90368,2143.0
2026-03-13 16:00:00,0.90368,0.90369,0.90315,0.90346,1708.0
2026-03-15 17:00:00,0.90313,0.9039,0.90196,0.90378,1400.0
2026-03-15 18:00:00,0.90336,0.90389,0.90303,0.9031,2994.0
2026-03-15 19:00:00,0.90312,0.90344,0.9031,0.90336,2365.0
2026-03-15 20:00:00,0.90335,0.90388,0.90334,0.90386,2500.0
2026-03-15 21:00:00,0.90386,0.90398,0.90352,0.90392,2676.0
2026-03-15 22:00:00,0.9039,0.9039,0.9034,0.90348,2086.0
2026-03-15 23:00:00,0.90347,0.90397,0.90346,0.90374,1237.0
2026-03-16 00:00:00,0.90372,0.90429,0.90332,0.90429,1256.0
2026-03-16 01:00:00,0.90426,0.90453,0.90366,0.9037,1597.0
2026-03-16 02:00:00,0.90369,0.90422,0.90364,0.90418,2010.0
2026-03-16 03:00:00,0.90418,0.90472,0.90408,0.9043,2793.0
2026-03-16 04:00:00,0.90428,0.90456,0.9033,0.9036,3941.0
2026-03-16 05:00:00,0.90359,0.9038,0.9032,0.9038,2898.0
2026-03-16 06:00:00,0.90378,0.90466,0.90358,0.90443,3039.0
2026-03-16 07:00:00,0.90442,0.90444,0.90395,0.9042,2463.0
2026-03-16 08:00:00,0.90419,0.90436,0.90384,0.9039,3025.0
2026-03-16 09:00:00,0.90392,0.90514,0.90386,0.90506,3389.0
2026-03-16 10:00:00,0.90507,0.90558,0.90461,0.90557,4228.0
2026-03-16 11:00:00,0.90562,0.90629,0.9053,0.906,2888.0
2026-03-16 12:00:00,0.906,0.90623,0.90523,0.9056,3480.0
2026-03-16 13:00:00,0.9056,0.9061,0.90546,0.90606,2982.0
2026-03-16 14:00:00,0.90604,0.90658,0.90602,0.90658,2842.0
2026-03-16 15:00:00,0.90654,0.9066,0.90619,0.90634,2595.0
2026-03-16 16:00:00,0.90633,0.90649,0.90618,0.90622,1205.0
2026-03-16 17:00:00,0.90635,0.90647,0.90628,0.90647,25.0
2026-03-16 18:00:00,0.90633,0.90649,0.90614,0.9062,756.0
2026-03-16 19:00:00,0.90618,0.90634,0.9061,0.90625,823.0
2026-03-16 20:00:00,0.90626,0.90632,0.90583,0.90604,1759.0
2026-03-16 21:00:00,0.90606,0.90654,0.906,0.90652,1761.0
2026-03-16 22:00:00,0.90652,0.90674,0.90646,0.9067,860.0
2026-03-16 23:00:00,0.9067,0.9067,0.90622,0.90628,1321.0
2026-03-17 00:00:00,0.90628,0.90631,0.90603,0.9062,816.0
2026-03-17 01:00:00,0.90622,0.90634,0.90602,0.90605,1289.0
2026-03-17 02:00:00,0.90606,0.9062,0.90569,0.90584,1971.0
2026-03-17 03:00:00,0.90586,0.90599,0.90546,0.90553,1795.0
2026-03-17 04:00:00,0.90552,0.90624,0.90508,0.90586,2793.0
2026-03-17 05:00:00,0.90586,0.90642,0.90564,0.90603,2453.0
2026-03-17 06:00:00,0.90603,0.90604,0.90519,0.90536,2236.0
2026-03-17 07:00:00,0.90536,0.9064,0.90516,0.90624,2105.0
2026-03-17 08:00:00,0.90625,0.90678,0.90608,0.90648,2924.0
2026-03-17 09:00:00,0.9065,0.90716,0.9064,0.90694,3836.0
2026-03-17 10:00:00,0.90695,0.90704,0.90628,0.90666,3361.0
2026-03-17 11:00:00,0.90665,0.90668,0.90534,0.90546,3595.0
2026-03-17 12:00:00,0.90548,0.90595,0.90491,0.90495,2963.0
2026-03-17 13:00:00,0.90494,0.90576,0.90494,0.90572,1932.0
2026-03-17 14:00:00,0.9057,0.90586,0.90556,0.90564,1679.0
2026-03-17 15:00:00,0.90563,0.90572,0.90541,0.90571,1108.0
2026-03-17 16:00:00,0.90573,0.90582,0.90551,0.90554,696.0
2026-03-17 17:00:00,0.90562,0.90568,0.90528,0.90566,405.0
2026-03-17 18:00:00,0.90536,0.90598,0.90534,0.90574,1253.0
2026-03-17 19:00:00,0.90574,0.90594,0.90554,0.90574,2205.0
2026-03-17 20:00:00,0.90574,0.90586,0.90556,0.90563,2983.0
2026-03-17 21:00:00,0.90565,0.90618,0.90565,0.9061,1330.0
2026-03-17 22:00:00,0.90608,0.90623,0.90586,0.9059,1156.0
2026-03-17 23:00:00,0.90588,0.90608,0.9058,0.90599,765.0
2026-03-18 00:00:00,0.906,0.90638,0.90594,0.90633,766.0
2026-03-18 01:00:00,0.90632,0.90672,0.90627,0.90651,1001.0
2026-03-18 02:00:00,0.90652,0.90679,0.90649,0.90676,1534.0
2026-03-18 03:00:00,0.90675,0.90702,0.9063,0.90652,1648.0
2026-03-18 04:00:00,0.90652,0.90716,0.90652,0.90668,2280.0
2026-03-18 05:00:00,0.9067,0.90738,0.9067,0.90704,1840.0
2026-03-18 06:00:00,0.90704,0.90738,0.9068,0.90698,1641.0
2026-03-18 07:00:00,0.90699,0.90772,0.90682,0.9072,3575.0
2026-03-18 08:00:00,0.90724,0.90736,0.9062,0.90696,5292.0
2026-03-18 09:00:00,0.90699,0.90756,0.9069,0.90749,4428.0
2026-03-18 10:00:00,0.90748,0.90838,0.90736,0.90816,4488.0
2026-03-18 11:00:00,0.90816,0.9087,0.90808,0.9086,4062.0
2026-03-18 12:00:00,0.9086,0.9088,0.90815,0.90874,3090.0
2026-03-18 13:00:00,0.90873,0.91,0.9086,0.90963,2775.0
2026-03-18 14:00:00,0.90957,0.91031,0.90913,0.90925,6619.0
2026-03-18 15:00:00,0.90923,0.90952,0.90906,0.90938,3643.0
2026-03-18 16:00:00,0.90934,0.90936,0.90837,0.90838,1841.0
2026-03-18 17:00:00,0.90835,0.90922,0.90835,0.90888,178.0
2026-03-18 18:00:00,0.9091,0.90916,0.90822,0.90837,1313.0
2026-03-18 19:00:00,0.90838,0.90876,0.90832,0.90874,1599.0
2026-03-18 20:00:00,0.90872,0.9088,0.90849,0.90876,2174.0
2026-03-18 21:00:00,0.90876,0.90904,0.90866,0.90873,2169.0
2026-03-18 22:00:00,0.90874,0.9092,0.90864,0.90898,2699.0
2026-03-18 23:00:00,0.90898,0.90922,0.90886,0.9089,1306.0
2026-03-19 00:00:00,0.90888,0.90912,0.90885,0.90909,1075.0
2026-03-19 01:00:00,0.90908,0.90916,0.90886,0.90904,1194.0
2026-03-19 02:00:00,0.90902,0.90914,0.90808,0.90817,2300.0
2026-03-19 03:00:00,0.90814,0.9084,0.907,0.9071,3712.0
2026-03-19 04:00:00,0.9071,0.90904,0.9069,0.90754,5561.0
2026-03-19 05:00:00,0.90752,0.91303,0.90749,0.91114,8395.0
2026-03-19 06:00:00,0.91111,0.91286,0.91026,0.91274,3672.0
2026-03-19 07:00:00,0.91274,0.91284,0.91194,0.91222,3043.0
2026-03-19 08:00:00,0.91224,0.91263,0.91096,0.91194,6250.0
2026-03-19 09:00:00,0.91196,0.9126,0.91066,0.91234,8490.0
2026-03-19 10:00:00,0.91233,0.91288,0.9113,0.91188,8302.0
2026-03-19 11:00:00,0.91189,0.91253,0.9102,0.9124,6518.0
2026-03-19 12:00:00,0.91242,0.91382,0.91208,0.9135,6529.0
2026-03-19 13:00:00,0.91352,0.91415,0.91304,0.91388,3657.0
2026-03-19 14:00:00,0.91389,0.91413,0.91346,0.91394,3405.0
2026-03-19 15:00:00,0.91394,0.91396,0.91229,0.91323,7984.0
2026-03-19 16:00:00,0.91324,0.91344,0.9129,0.91338,1405.0
2026-03-19 17:00:00,0.91335,0.91335,0.91308,0.91312,120.0
2026-03-19 18:00:00,0.91312,0.91346,0.91287,0.91329,1597.0
2026-03-19 19:00:00,0.9133,0.91342,0.9131,0.91332,1918.0
2026-03-19 20:00:00,0.9133,0.91333,0.91267,0.91278,1891.0
2026-03-19 21:00:00,0.91279,0.91279,0.91214,0.91218,2302.0
2026-03-19 22:00:00,0.91218,0.91236,0.91206,0.91223,1238.0
2026-03-19 23:00:00,0.91224,0.91244,0.91213,0.91216,1060.0
2026-03-20 00:00:00,0.91215,0.91228,0.9121,0.91214,926.0
2026-03-20 01:00:00,0.91213,0.91238,0.91206,0.91219,1239.0
2026-03-20 02:00:00,0.91216,0.91283,0.91211,0.91278,1493.0
2026-03-20 03:00:00,0.9128,0.91346,0.91269,0.91306,2248.0
2026-03-20 04:00:00,0.91306,0.91338,0.9121,0.91245,2761.0
2026-03-20 05:00:00,0.91246,0.91246,0.91022,0.91054,3762.0
2026-03-20 06:00:00,0.91056,0.9113,0.91006,0.91104,3750.0
2026-03-20 07:00:00,0.91104,0.91144,0.91046,0.91053,3200.0
2026-03-20 08:00:00,0.91051,0.91054,0.90918,0.90942,4569.0
2026-03-20 09:00:00,0.90942,0.91055,0.90926,0.91046,5235.0
2026-03-20 10:00:00,0.91045,0.91134,0.9104,0.91063,6533.0
2026-03-20 11:00:00,0.91061,0.91134,0.9104,0.91072,5954.0
2026-03-20 12:00:00,0.91072,0.91118,0.9106,0.91098,4303.0
2026-03-20 13:00:00,0.91098,0.91148,0.91062,0.91146,4408.0
2026-03-20 14:00:00,0.91148,0.9116,0.91096,0.91104,4228.0
2026-03-20 15:00:00,0.91106,0.9112,0.91089,0.91114,3135.0
2026-03-20 16:00:00,0.91115,0.91186,0.9111,0.91182,1926.0
2026-03-22 17:00:00,0.90966,0.91064,0.90964,0.91021,466.0
2026-03-22 18:00:00,0.9099,0.91084,0.90944,0.90985,2282.0
2026-03-22 19:00:00,0.90986,0.91092,0.90985,0.91078,2812.0
2026-03-22 20:00:00,0.91081,0.91102,0.91054,0.91078,3462.0
2026-03-22 21:00:00,0.9108,0.91103,0.91071,0.91094,3306.0
2026-03-22 22:00:00,0.91094,0.91132,0.91081,0.91119,2225.0
2026-03-22 23:00:00,0.91118,0.91139,0.91108,0.91132,1264.0
2026-03-23 00:00:00,0.91132,0.91156,0.91119,0.91135,1198.0
2026-03-23 01:00:00,0.91134,0.91145,0.91091,0.91118,1952.0
2026-03-23 02:00:00,0.91118,0.91128,0.91062,0.91076,2856.0
2026-03-23 03:00:00,0.9108,0.91108,0.90989,0.91006,3691.0
2026-03-23 04:00:00,0.91005,0.91216,0.90934,0.91216,5877.0
2026-03-23 05:00:00,0.91216,0.91261,0.91146,0.91146,4327.0
2026-03-23 06:00:00,0.91146,0.91204,0.91116,0.91177,3626.0
2026-03-23 07:00:00,0.91178,0.91464,0.9112,0.91254,22914.0
2026-03-23 08:00:00,0.91255,0.91329,0.91188,0.91216,12917.0
2026-03-23 09:00:00,0.91215,0.91307,0.9121,0.91278,11599.0
2026-03-23 10:00:00,0.91278,0.9128,0.91178,0.91219,10973.0
2026-03-23 11:00:00,0.9122,0.91274,0.91138,0.91272,8823.0
2026-03-23 12:00:00,0.91269,0.91319,0.91208,0.91276,7423.0
2026-03-23 13:00:00,0.91275,0.91314,0.91252,0.91314,5293.0
2026-03-23 14:00:00,0.91314,0.91331,0.91264,0.9133,4552.0
2026-03-23 15:00:00,0.91328,0.91328,0.91294,0.91311,2699.0
2026-03-23 16:00:00,0.91309,0.9133,0.91302,0.91316,1131.0
2026-03-23 17:00:00,0.91318,0.9136,0.91307,0.91307,405.0
2026-03-23 18:00:00,0.91325,0.91356,0.91274,0.9133,1250.0
2026-03-23 19:00:00,0.9133,0.91336,0.91297,0.91315,1647.0
2026-03-23 20:00:00,0.91315,0.91349,0.91296,0.9134,4438.0
2026-03-23 21:00:00,0.91341,0.91352,0.91309,0.9133,4441.0
2026-03-23 22:00:00,0.91332,0.91348,0.91303,0.9134,2493.0
2026-03-23 23:00:00,0.9134,0.91366,0.91298,0.91328,1953.0
2026-03-24 00:00:00,0.91328,0.91346,0.91314,0.91336,1420.0
2026-03-24 01:00:00,0.91336,0.91354,0.91298,0.9133,2691.0
2026-03-24 02:00:00,0.91332,0.91369,0.91302,0.9135,3185.0
2026-03-24 03:00:00,0.91353,0.91388,0.91248,0.91269,4480.0
2026-03-24 04:00:00,0.9127,0.91304,0.91186,0.91218,5410.0
2026-03-24 05:00:00,0.91222,0.91246,0.91173,0.91199,3445.0
2026-03-24 06:00:00,0.912,0.91308,0.91193,0.91286,2824.0
2026-03-24 07:00:00,0.91286,0.9132,0.9125,0.91274,3613.0
2026-03-24 08:00:00,0.91276,0.91464,0.9126,0.9143,4259.0
2026-03-24 09:00:00,0.91429,0.916,0.91418,0.91542,6290.0
2026-03-24 10:00:00,0.91544,0.91675,0.91522,0.91624,7322.0
2026-03-24 11:00:00,0.91625,0.9168,0.91606,0.91634,5711.0
2026-03-24 12:00:00,0.91634,0.91666,0.916,0.91639,3873.0
2026-03-24 13:00:00,0.91637,0.91642,0.9155,0.91607,6125.0
2026-03-24 14:00:00,0.91606,0.9163,0.9159,0.91603,3784.0
2026-03-24 15:00:00,0.91602,0.91605,0.91536,0.9155,2040.0
2026-03-24 16:00:00,0.91552,0.91558,0.91464,0.91492,5788.0
2026-03-24 17:00:00,0.91488,0.91543,0.91471,0.91543,142.0
2026-03-24 18:00:00,0.91536,0.91538,0.91501,0.9152,1994.0
2026-03-24 19:00:00,0.91521,0.91541,0.91514,0.91526,1958.0
2026-03-24 20:00:00,0.91524,0.91576,0.91513,0.91532,4011.0
2026-03-24 21:00:00,0.91528,0.91553,0.91498,0.91536,3349.0
2026-03-24 22:00:00,0.91535,0.91596,0.91511,0.91594,1901.0
2026-03-24 23:00:00,0.91596,0.91602,0.91552,0.91589,1280.0
2026-03-25 00:00:00,0.9159,0.91594,0.91551,0.91562,1168.0
2026-03-25 01:00:00,0.91562,0.91573,0.91547,0.9157,1628.0
2026-03-25 02:00:00,0.91572,0.91588,0.91538,0.91578,2019.0
2026-03-25 03:00:00,0.91582,0.91658,0.91561,0.91618,2793.0
2026-03-25 04:00:00,0.91619,0.91691,0.91564,0.91572,5016.0
2026-03-25 05:00:00,0.91571,0.91664,0.91571,0.91631,3095.0
2026-03-25 06:00:00,0.91632,0.91636,0.91566,0.91567,2893.0
2026-03-25 07:00:00,0.91568,0.916,0.91519,0.91544,2755.0
2026-03-25 08:00:00,0.91543,0.91568,0.91508,0.91532,4890.0
2026-03-25 09:00:00,0.91531,0.91646,0.91516,0.91608,5187.0
2026-03-25 10:00:00,0.91607,0.91638,0.91558,0.91584,5484.0
2026-03-25 11:00:00,0.91584,0.91638,0.91559,0.91611,5007.0
2026-03-25 12:00:00,0.91611,0.9162,0.91545,0.91582,4525.0
2026-03-25 13:00:00,0.9158,0.91606,0.91558,0.91592,2604.0
2026-03-25 14:00:00,0.91592,0.91608,0.91569,0.91584,2206.0
2026-03-25 15:00:00,0.91584,0.91584,0.91536,0.9154,2106.0
2026-03-25 16:00:00,0.9154,0.91556,0.91506,0.9151,953.0
2026-03-25 17:00:00,0.91514,0.91539,0.91514,0.91539,81.0
2026-03-25 18:00:00,0.91524,0.91524,0.91497,0.91508,1327.0
2026-03-25 19:00:00,0.91508,0.91524,0.91495,0.91519,826.0
2026-03-25 20:00:00,0.9152,0.91544,0.91512,0.9153,1546.0
2026-03-25 21:00:00,0.9153,0.91591,0.9152,0.91586,1586.0
2026-03-25 22:00:00,0.91584,0.91589,0.91551,0.91576,1159.0
2026-03-25 23:00:00,0.91576,0.916,0.91565,0.91595,960.0
2026-03-26 00:00:00,0.91596,0.91599,0.91576,0.91584,672.0
2026-03-26 01:00:00,0.91586,0.91586,0.91544,0.91576,1262.0
2026-03-26 02:00:00,0.91576,0.91607,0.91561,0.91606,1837.0
2026-03-26 03:00:00,0.91606,0.91638,0.91534,0.9155,2256.0
2026-03-26 04:00:00,0.91548,0.91567,0.91497,0.91505,2770.0
2026-03-26 05:00:00,0.91504,0.91582,0.91494,0.91556,2551.0
2026-03-26 06:00:00,0.91558,0.9156,0.91502,0.91528,2646.0
2026-03-26 07:00:00,0.91526,0.9154,0.91444,0.91459,2444.0
2026-03-26 08:00:00,0.91459,0.91486,0.91436,0.91482,3388.0
2026-03-26 09:00:00,0.91482,0.91608,0.91478,0.91562,4449.0
2026-03-26 10:00:00,0.91562,0.91592,0.91536,0.91558,5787.0
2026-03-26 11:00:00,0.91558,0.9162,0.91555,0.91588,4878.0
2026-03-26 12:00:00,0.91587,0.91651,0.91578,0.91639,3342.0
2026-03-26 13:00:00,0.9164,0.9167,0.91616,0.9163,2512.0
2026-03-26 14:00:00,0.91629,0.9169,0.91628,0.9168,1777.0
2026-03-26 15:00:00,0.91678,0.9169,0.91664,0.91683,1794.0
2026-03-26 16:00:00,0.91681,0.91704,0.91609,0.91664,5644.0
2026-03-26 17:00:00,0.91714,0.9172,0.91634,0.91644,2470.0
2026-03-26 18:00:00,0.91678,0.91698,0.91645,0.91668,971.0
2026-03-26 19:00:00,0.9167,0.91682,0.91666,0.91673,997.0
2026-03-26 20:00:00,0.91675,0.91694,0.91668,0.91677,2842.0
2026-03-26 21:00:00,0.91675,0.91718,0.91668,0.91708,1719.0
2026-03-26 22:00:00,0.91708,0.91742,0.91706,0.91736,1207.0
2026-03-26 23:00:00,0.91738,0.91797,0.91736,0.91792,1383.0
2026-03-27 00:00:00,0.91793,0.91801,0.91768,0.918,1464.0
2026-03-27 01:00:00,0.91801,0.91824,0.91763,0.91803,2543.0
2026-03-27 02:00:00,0.91804,0.91824,0.91788,0.91804,1594.0
2026-03-27 03:00:00,0.91807,0.91829,0.91762,0.9178,2235.0
2026-03-27 04:00:00,0.9178,0.91793,0.91713,0.9177,3382.0
2026-03-27 05:00:00,0.91768,0.91876,0.91756,0.91846,2674.0
2026-03-27 06:00:00,0.91845,0.91878,0.91794,0.91804,2278.0
2026-03-27 07:00:00,0.91801,0.91806,0.91752,0.91774,2187.0
2026-03-27 08:00:00,0.91772,0.91818,0.9176,0.9178,2607.0
2026-03-27 09:00:00,0.91781,0.91802,0.91723,0.91747,4362.0
2026-03-27 10:00:00,0.91748,0.91877,0.91725,0.91846,4121.0
2026-03-27 11:00:00,0.91844,0.91986,0.91791,0.9181,5227.0
2026-03-27 12:00:00,0.9181,0.91848,0.91718,0.9179,4406.0
2026-03-27 13:00:00,0.91791,0.9185,0.91791,0.9185,2718.0
2026-03-27 14:00:00,0.91848,0.9196,0.91843,0.91948,1849.0
2026-03-27 15:00:00,0.91946,0.91998,0.91946,0.91976,1794.0
2026-03-27 16:00:00,0.91978,0.92003,0.91952,0.91961,2093.0
2026-03-29 17:00:00,0.91904,0.91957,0.91794,0.91868,1753.0
2026-03-29 18:00:00,0.91882,0.91948,0.91871,0.91892,2036.0
2026-03-29 19:00:00,0.91892,0.91933,0.91892,0.91916,2257.0
2026-03-29 20:00:00,0.91916,0.91941,0.91898,0.919,3794.0
2026-03-29 21:00:00,0.91902,0.91918,0.91876,0.91908,2410.0
2026-03-29 22:00:00,0.91911,0.91954,0.91904,0.91941,2200.0
2026-03-29 23:00:00,0.91942,0.9198,0.91938,0.91978,1674.0
2026-03-30 00:00:00,0.91978,0.9198,0.91952,0.91953,1208.0
2026-03-30 01:00:00,0.91954,0.91974,0.91954,0.91966,1436.0
2026-03-30 02:00:00,0.91964,0.91966,0.91881,0.91954,2247.0
2026-03-30 03:00:00,0.91952,0.92004,0.91924,0.91959,3197.0
2026-03-30 04:00:00,0.91959,0.91992,0.9192,0.91984,2998.0
2026-03-30 05:00:00,0.91985,0.91985,0.91888,0.91912,2608.0
2026-03-30 06:00:00,0.91913,0.91925,0.91839,0.9185,2180.0
2026-03-30 07:00:00,0.91852,0.9187,0.91824,0.91864,3754.0
2026-03-30 08:00:00,0.91864,0.91896,0.91844,0.91846,2830.0
2026-03-30 09:00:00,0.91848,0.91866,0.91718,0.91748,3957.0
2026-03-30 10:00:00,0.9175,0.91811,0.91708,0.91713,5019.0
2026-03-30 11:00:00,0.91712,0.9172,0.91607,0.91642,3849.0
2026-03-30 12:00:00,0.91642,0.91706,0.91612,0.91696,2545.0
2026-03-30 13:00:00,0.91696,0.91738,0.91682,0.9171,2339.0
2026-03-30 14:00:00,0.91712,0.91722,0.91652,0.91672,2117.0
2026-03-30 15:00:00,0.9167,0.91686,0.91647,0.91658,1691.0
2026-03-30 16:00:00,0.91658,0.91659,0.91626,0.9164,1332.0
2026-03-30 17:00:00,0.91576,0.91662,0.91556,0.91632,577.0
2026-03-30 18:00:00,0.91625,0.91662,0.91609,0.91655,748.0
2026-03-30 19:00:00,0.91654,0.91654,0.91622,0.91647,1116.0
2026-03-30 20:00:00,0.91645,0.9169,0.91604,0.91666,3702.0
2026-03-30 21:00:00,0.91667,0.91704,0.9162,0.91624,3688.0
2026-03-30 22:00:00,0.91625,0.9164,0.91618,0.91624,1262.0
2026-03-30 23:00:00,0.91625,0.91627,0.91604,0.91618,1244.0
2026-03-31 00:00:00,0.91618,0.91622,0.91602,0.91604,1101.0
2026-03-31 01:00:00,0.91606,0.91622,0.9158,0.91616,1681.0
2026-03-31 02:00:00,0.91614,0.91746,0.91604,0.91734,2571.0
2026-03-31 03:00:00,0.91732,0.9178,0.91684,0.91772,3019.0
2026-03-31 04:00:00,0.91772,0.91782,0.91702,0.91728,2431.0
2026-03-31 05:00:00,0.91727,0.91846,0.91703,0.91801,2662.0
2026-03-31 06:00:00,0.91801,0.91826,0.91774,0.91792,2014.0
2026-03-31 07:00:00,0.91792,0.9188,0.91788,0.91876,4822.0
2026-03-31 08:00:00,0.91878,0.92073,0.91878,0.92046,4556.0
2026-03-31 09:00:00,0.9205,0.92284,0.9203,0.92229,4484.0
2026-03-31 10:00:00,0.92226,0.92607,0.92154,0.926,8274.0
2026-03-31 11:00:00,0.92594,0.92668,0.92356,0.92446,8926.0
2026-03-31 12:00:00,0.92449,0.926,0.9242,0.92453,7688.0
2026-03-31 13:00:00,0.92452,0.92495,0.92412,0.92414,6440.0
2026-03-31 14:00:00,0.92416,0.92429,0.9235,0.92406,3201.0
2026-03-31 15:00:00,0.92406,0.92438,0.92396,0.92428,3023.0
2026-03-31 16:00:00,0.92425,0.92435,0.9234,0.92366,1885.0
2026-03-31 17:00:00,0.92364,0.92394,0.9232,0.92376,774.0
2026-03-31 18:00:00,0.92372,0.92382,0.92336,0.92372,1176.0
2026-03-31 19:00:00,0.92372,0.92379,0.92316,0.92328,1271.0
2026-03-31 20:00:00,0.92328,0.92346,0.9222,0.92228,2188.0
2026-03-31 21:00:00,0.9223,0.92284,0.92206,0.9228,3669.0
2026-03-31 22:00:00,0.92276,0.92286,0.92234,0.92266,1421.0
2026-03-31 23:00:00,0.92266,0.92278,0.92249,0.92276,1244.0
2026-04-01 00:00:00,0.92276,0.92276,0.92239,0.9225,985.0
2026-04-01 01:00:00,0.9225,0.92254,0.9217,0.9217,1993.0
2026-04-01 02:00:00,0.92172,0.92187,0.92088,0.92095,4847.0
2026-04-01 03:00:00,0.92094,0.92124,0.91904,0.92014,5397.0
2026-04-01 04:00:00,0.92015,0.9209,0.91978,0.92032,4308.0
2026-04-01 05:00:00,0.92034,0.92062,0.919,0.91956,4120.0
2026-04-01 06:00:00,0.91956,0.91994,0.91902,0.91904,2911.0
2026-04-01 07:00:00,0.91903,0.91944,0.9189,0.91904,2733.0
2026-04-01 08:00:00,0.91903,0.91928,0.91818,0.91906,6964.0
2026-04-01 09:00:00,0.91907,0.92111,0.91896,0.92082,7049.0
2026-04-01 10:00:00,0.92085,0.92206,0.92037,0.92138,7828.0
2026-04-01 11:00:00,0.92136,0.92157,0.92097,0.9213,4620.0
2026-04-01 12:00:00,0.92126,0.92134,0.92048,0.9205,2756.0
2026-04-01 13:00:00,0.92051,0.92055,0.9199,0.91992,2653.0
2026-04-01 14:00:00,0.91992,0.92032,0.91974,0.92018,2793.0
2026-04-01 15:00:00,0.92018,0.92072,0.92004,0.92057,1948.0
2026-04-01 16:00:00,0.92059,0.92078,0.92038,0.92062,893.0
2026-04-01 17:00:00,0.9211,0.92137,0.92006,0.92052,1159.0
2026-04-01 18:00:00,0.9206,0.92087,0.9203,0.92038,1095.0
2026-04-01 19:00:00,0.92038,0.9204,0.92019,0.92028,779.0
2026-04-01 20:00:00,0.92027,0.92042,0.91962,0.91972,1893.0
2026-04-01 21:00:00,0.91972,0.92039,0.9195,0.9203,13280.0
2026-04-01 22:00:00,0.92028,0.9208,0.9201,0.9207,4070.0
2026-04-01 23:00:00,0.92072,0.92106,0.92059,0.92104,2440.0
2026-04-02 00:00:00,0.92104,0.92142,0.92085,0.92127,2120.0
2026-04-02 01:00:00,0.92124,0.92153,0.92112,0.9215,2374.0
2026-04-02 02:00:00,0.92148,0.92231,0.92097,0.92118,3600.0
2026-04-02 03:00:00,0.92118,0.92212,0.921,0.92138,4126.0
2026-04-02 04:00:00,0.92139,0.92196,0.92123,0.92156,2834.0
2026-04-02 05:00:00,0.92154,0.92188,0.92134,0.92178,2141.0
2026-04-02 06:00:00,0.9218,0.92206,0.92158,0.9218,2613.0
2026-04-02 07:00:00,0.9218,0.92204,0.9212,0.92128,2846.0
2026-04-02 08:00:00,0.92126,0.92152,0.92096,0.92096,3941.0
2026-04-02 09:00:00,0.92094,0.9229,0.92076,0.92214,5234.0
2026-04-02 10:00:00,0.92214,0.92292,0.92184,0.92282,8153.0
2026-04-02 11:00:00,0.92284,0.92288,0.92168,0.92184,5439.0
2026-04-02 12:00:00,0.92183,0.92203,0.92143,0.92166,3338.0
2026-04-02 13:00:00,0.92167,0.92184,0.92152,0.92156,1906.0
2026-04-02 14:00:00,0.92156,0.92186,0.92155,0.92178,2143.0
2026-04-02 15:00:00,0.92178,0.92184,0.92157,0.92166,1905.0
2026-04-02 16:00:00,0.92168,0.92177,0.92135,0.92164,900.0
2026-04-02 17:00:00,0.92191,0.92191,0.92124,0.9214,733.0
2026-04-02 18:00:00,0.92144,0.9219,0.92144,0.9218,318.0
2026-04-02 19:00:00,0.9218,0.92188,0.92172,0.92182,268.0
2026-04-02 20:00:00,0.92182,0.9219,0.92164,0.92166,1152.0
2026-04-02 21:00:00,0.92166,0.92182,0.92158,0.92163,1287.0
2026-04-02 22:00:00,0.92164,0.92166,0.92135,0.92142,769.0
2026-04-02 23:00:00,0.92144,0.9215,0.92133,0.9214,375.0
2026-04-03 00:00:00,0.92138,0.92142,0.92124,0.9213,842.0
2026-04-03 01:00:00,0.92131,0.92134,0.92109,0.9213,701.0
2026-04-03 02:00:00,0.92128,0.92154,0.92121,0.9213,918.0
2026-04-03 03:00:00,0.92131,0.92134,0.92092,0.92096,988.0
2026-04-03 04:00:00,0.92093,0.92119,0.92092,0.92114,860.0
2026-04-03 05:00:00,0.92114,0.92133,0.92108,0.92126,636.0
2026-04-03 06:00:00,0.92126,0.92156,0.92125,0.92151,648.0
2026-04-03 07:00:00,0.92151,0.92168,0.92144,0.92162,945.0
2026-04-03 08:00:00,0.92162,0.92292,0.92136,0.9217,3673.0
2026-04-03 09:00:00,0.92169,0.92172,0.92104,0.92124,2014.0
2026-04-03 10:00:00,0.92125,0.92162,0.92123,0.9214,1561.0
2026-04-03 11:00:00,0.92141,0.92233,0.92134,0.92196,12554.0
2026-04-03 12:00:00,0.92198,0.92271,0.92184,0.92247,6710.0
2026-04-03 13:00:00,0.92247,0.92268,0.92222,0.92242,9598.0
2026-04-03 14:00:00,0.92239,0.92264,0.92188,0.92212,3486.0
2026-04-03 15:00:00,0.92212,0.92264,0.92195,0.92236,1557.0
2026-04-03 16:00:00,0.92236,0.92286,0.92102,0.92218,2698.0
2026-04-05 17:00:00,0.92206,0.92282,0.92116,0.92141,1600.0
2026-04-05 18:00:00,0.92134,0.92228,0.92127,0.9217,2849.0
2026-04-05 19:00:00,0.92169,0.92222,0.92135,0.92222,2093.0
2026-04-05 20:00:00,0.92223,0.92242,0.92214,0.92238,2439.0
2026-04-05 21:00:00,0.92239,0.92278,0.92214,0.92264,1995.0
2026-04-05 22:00:00,0.92264,0.92318,0.92244,0.92266,2431.0
2026-04-05 23:00:00,0.92266,0.92266,0.92231,0.92243,1735.0
2026-04-06 00:00:00,0.92243,0.92259,0.92227,0.92256,1499.0
2026-04-06 01:00:00,0.92255,0.92256,0.92235,0.92244,1358.0
2026-04-06 02:00:00,0.92246,0.92263,0.9221,0.92226,2602.0
2026-04-06 03:00:00,0.92228,0.92278,0.9216,0.92162,3440.0
2026-04-06 04:00:00,0.92162,0.92188,0.92137,0.9214,2547.0
2026-04-06 05:00:00,0.9214,0.9217,0.92126,0.92156,2267.0
2026-04-06 06:00:00,0.92156,0.9216,0.92118,0.9212,2401.0
2026-04-06 07:00:00,0.9212,0.92177,0.92118,0.92133,2216.0
2026-04-06 08:00:00,0.92135,0.92175,0.92094,0.92098,2526.0
2026-04-06 09:00:00,0.92096,0.92142,0.92096,0.92128,3057.0
2026-04-06 10:00:00,0.9213,0.92164,0.92098,0.92102,6103.0
2026-04-06 11:00:00,0.92103,0.92146,0.92096,0.92113,3396.0
2026-04-06 12:00:00,0.92112,0.92138,0.92108,0.92134,2086.0
2026-04-06 13:00:00,0.92134,0.92155,0.92119,0.92153,2598.0
2026-04-06 14:00:00,0.92153,0.92153,0.92126,0.92138,2511.0
2026-04-06 15:00:00,0.9214,0.92142,0.92122,0.92132,1714.0
2026-04-06 16:00:00,0.92133,0.92137,0.92114,0.92128,1031.0
2026-04-06 17:00:00,0.92106,0.9215,0.921,0.92102,725.0
2026-04-06 18:00:00,0.92104,0.92134,0.921,0.92112,678.0
2026-04-06 19:00:00,0.92112,0.9212,0.92108,0.92116,650.0
2026-04-06 20:00:00,0.92116,0.92187,0.92115,0.92178,2247.0
2026-04-06 21:00:00,0.9218,0.9223,0.92156,0.92226,2427.0
2026-04-06 22:00:00,0.92226,0.92227,0.92192,0.92194,1376.0
2026-04-06 23:00:00,0.92195,0.92208,0.92191,0.92202,957.0
2026-04-07 00:00:00,0.92202,0.92206,0.92147,0.9215,1128.0
2026-04-07 01:00:00,0.92152,0.92166,0.92128,0.9213,1522.0
2026-04-07 02:00:00,0.92132,0.9224,0.92132,0.92236,2201.0
2026-04-07 03:00:00,0.92236,0.92328,0.92222,0.92326,2932.0
2026-04-07 04:00:00,0.92323,0.9238,0.92226,0.92364,5372.0
2026-04-07 05:00:00,0.92364,0.92384,0.92312,0.92337,2998.0
2026-04-07 06:00:00,0.92338,0.92414,0.9233,0.92384,4805.0
2026-04-07 07:00:00,0.92382,0.92447,0.92378,0.92411,2717.0
2026-04-07 08:00:00,0.92413,0.92478,0.9239,0.92446,3699.0
2026-04-07 09:00:00,0.92448,0.92566,0.92442,0.92532,3338.0
2026-04-07 10:00:00,0.92532,0.92608,0.92522,0.92582,5652.0
2026-04-07 11:00:00,0.92583,0.92659,0.9254,0.9254,5374.0
2026-04-07 12:00:00,0.92539,0.92578,0.92489,0.92498,4586.0
2026-04-07 13:00:00,0.92497,0.92512,0.92475,0.92508,3111.0
2026-04-07 14:00:00,0.92507,0.9253,0.92498,0.92516,2575.0
2026-04-07 15:00:00,0.92516,0.92556,0.92502,0.92518,5735.0
2026-04-07 16:00:00,0.92518,0.9253,0.92492,0.92504,2987.0
2026-04-07 17:00:00,0.92546,0.92546,0.92494,0.925,695.0
2026-04-07 18:00:00,0.925,0.92576,0.92481,0.92522,7563.0
2026-04-07 19:00:00,0.92524,0.92568,0.92373,0.92375,8918.0
2026-04-07 20:00:00,0.92377,0.92398,0.92312,0.92358,8716.0
2026-04-07 21:00:00,0.92359,0.9236,0.92273,0.92277,5796.0
2026-04-07 22:00:00,0.92277,0.92286,0.9224,0.92272,2817.0
2026-04-07 23:00:00,0.92272,0.92276,0.92218,0.9224,2244.0
2026-04-08 00:00:00,0.9224,0.92254,0.92184,0.92192,2021.0
2026-04-08 01:00:00,0.92192,0.9226,0.92175,0.92224,2797.0
2026-04-08 02:00:00,0.92224,0.92232,0.92103,0.92171,5398.0
2026-04-08 03:00:00,0.92172,0.92256,0.92099,0.92118,4759.0
2026-04-08 04:00:00,0.92118,0.92146,0.92062,0.92146,4645.0
2026-04-08 05:00:00,0.92147,0.9218,0.92086,0.92149,3498.0
2026-04-08 06:00:00,0.92146,0.92231,0.92144,0.92174,2841.0
2026-04-08 07:00:00,0.92173,0.92267,0.92166,0.92248,3687.0
2026-04-08 08:00:00,0.92248,0.9228,0.92212,0.92247,5594.0
2026-04-08 09:00:00,0.92247,0.92336,0.92217,0.923,5751.0
2026-04-08 10:00:00,0.92302,0.92356,0.92198,0.92214,5982.0
2026-04-08 11:00:00,0.92214,0.92326,0.92196,0.923,4784.0
2026-04-08 12:00:00,0.92303,0.92332,0.92288,0.92288,3193.0
2026-04-08 13:00:00,0.92288,0.92325,0.92284,0.92314,3115.0
2026-04-08 14:00:00,0.92317,0.92334,0.92278,0.92306,4508.0
2026-04-08 15:00:00,0.92304,0.92324,0.92286,0.9231,2939.0
2026-04-08 16:00:00,0.92311,0.9232,0.9228,0.9229,1449.0
2026-04-08 17:00:00,0.92312,0.92312,0.92264,0.923,669.0
2026-04-08 18:00:00,0.92296,0.92328,0.92251,0.92274,1035.0
2026-04-08 19:00:00,0.92272,0.92282,0.92258,0.92278,899.0
2026-04-08 20:00:00,0.92278,0.92314,0.92255,0.92306,2475.0
2026-04-08 21:00:00,0.92304,0.92318,0.92282,0.923,2416.0
2026-04-08 22:00:00,0.92298,0.92314,0.92284,0.9229,1629.0
2026-04-08 23:00:00,0.92288,0.92304,0.92264,0.92282,1468.0
2026-04-09 00:00:00,0.92282,0.92299,0.92256,0.92296,1195.0
2026-04-09 01:00:00,0.92296,0.92327,0.9228,0.9232,1472.0
2026-04-09 02:00:00,0.92318,0.92353,0.92294,0.92305,2266.0
2026-04-09 03:00:00,0.92302,0.92322,0.92204,0.92252,3291.0
2026-04-09 04:00:00,0.92253,0.92331,0.92224,0.92331,2438.0
2026-04-09 05:00:00,0.92332,0.92396,0.92328,0.92354,2130.0
2026-04-09 06:00:00,0.92352,0.9242,0.92352,0.924,2030.0
2026-04-09 07:00:00,0.924,0.92406,0.92368,0.92388,2112.0
2026-04-09 08:00:00,0.92386,0.92406,0.92356,0.9238,3182.0
2026-04-09 09:00:00,0.92379,0.9238,0.92178,0.92224,4271.0
2026-04-09 10:00:00,0.92223,0.92374,0.9219,0.92364,5399.0
2026-04-09 11:00:00,0.92363,0.92422,0.92333,0.92344,5941.0
2026-04-09 12:00:00,0.92346,0.92346,0.92306,0.92338,2970.0
2026-04-09 13:00:00,0.92336,0.9241,0.92334,0.92406,2948.0
2026-04-09 14:00:00,0.92404,0.92494,0.92392,0.92481,3021.0
2026-04-09 15:00:00,0.9248,0.92498,0.9247,0.9249,2126.0
2026-04-09 16:00:00,0.92491,0.92493,0.92464,0.92477,958.0
2026-04-09 17:00:00,0.92448,0.92484,0.92404,0.9245,932.0
2026-04-09 18:00:00,0.92452,0.92503,0.92446,0.9246,1251.0
2026-04-09 19:00:00,0.92459,0.92487,0.92458,0.9247,790.0
2026-04-09 20:00:00,0.92467,0.92493,0.92467,0.92476,1630.0
2026-04-09 21:00:00,0.92475,0.92482,0.92424,0.92427,1530.0
2026-04-09 22:00:00,0.92428,0.9246,0.92427,0.92441,994.0
2026-04-09 23:00:00,0.92439,0.92442,0.92422,0.92434,819.0
2026-04-10 00:00:00,0.92434,0.92434,0.92399,0.92409,750.0
2026-04-10 01:00:00,0.92408,0.9241,0.92389,0.92394,886.0
2026-04-10 02:00:00,0.92391,0.92409,0.92324,0.92339,1811.0
2026-04-10 03:00:00,0.9234,0.92348,0.9229,0.92332,2127.0
2026-04-10 04:00:00,0.92331,0.92345,0.92278,0.92344,2076.0
2026-04-10 05:00:00,0.92342,0.92496,0.92282,0.92496,4005.0
2026-04-10 06:00:00,0.92495,0.92524,0.92442,0.92447,2164.0
2026-04-10 07:00:00,0.92448,0.92468,0.924,0.92404,2059.0
2026-04-10 08:00:00,0.92402,0.9243,0.92311,0.9239,4205.0
2026-04-10 09:00:00,0.9239,0.92407,0.92241,0.92294,4257.0
2026-04-10 10:00:00,0.92291,0.92608,0.9219,0.92529,6440.0
2026-04-10 11:00:00,0.92526,0.92534,0.92448,0.92522,4718.0
2026-04-10 12:00:00,0.92523,0.92547,0.92496,0.92528,2639.0
2026-04-10 13:00:00,0.92526,0.92577,0.92524,0.92564,1853.0
2026-04-10 14:00:00,0.92562,0.92564,0.92508,0.92532,2181.0
2026-04-10 15:00:00,0.9253,0.92552,0.92512,0.92542,1648.0
2026-04-10 16:00:00,0.92542,0.92577,0.92512,0.92544,1906.0
2026-04-12 17:00:00,0.92314,0.9243,0.92262,0.9231,1041.0
2026-04-12 18:00:00,0.92342,0.92556,0.92342,0.9254,4002.0
2026-04-12 19:00:00,0.9254,0.92559,0.92524,0.92542,2062.0
2026-04-12 20:00:00,0.92542,0.92634,0.9254,0.92626,2974.0
2026-04-12 21:00:00,0.92625,0.92625,0.92574,0.92584,2559.0
2026-04-12 22:00:00,0.92583,0.92589,0.92558,0.92566,1447.0
2026-04-12 23:00:00,0.92566,0.92568,0.92544,0.92546,1353.0
2026-04-13 00:00:00,0.92546,0.92568,0.92544,0.92562,963.0
2026-04-13 01:00:00,0.92564,0.92582,0.92554,0.92572,1228.0
2026-04-13 02:00:00,0.92568,0.9258,0.92438,0.92438,2323.0
2026-04-13 03:00:00,0.92436,0.92442,0.92376,0.92412,2262.0
2026-04-13 04:00:00,0.92414,0.92423,0.9235,0.92366,1740.0
2026-04-13 05:00:00,0.92366,0.92385,0.92336,0.92375,1458.0
2026-04-13 06:00:00,0.92374,0.92382,0.92342,0.92374,1648.0
2026-04-13 07:00:00,0.92375,0.92418,0.92331,0.92406,2381.0
2026-04-13 08:00:00,0.9241,0.92426,0.9235,0.92374,3110.0
2026-04-13 09:00:00,0.92373,0.92406,0.9232,0.92348,4494.0
2026-04-13 10:00:00,0.9235,0.92365,0.92217,0.92218,4763.0
2026-04-13 11:00:00,0.92219,0.92254,0.92198,0.92228,3965.0
2026-04-13 12:00:00,0.92228,0.92232,0.92137,0.92143,4580.0
2026-04-13 13:00:00,0.92144,0.92156,0.92098,0.92152,2467.0
2026-04-13 14:00:00,0.92154,0.92155,0.9208,0.92138,2967.0
2026-04-13 15:00:00,0.92136,0.92178,0.92119,0.92177,2210.0
2026-04-13 16:00:00,0.92178,0.92191,0.92166,0.92176,1081.0
2026-04-13 17:00:00,0.92127,0.92168,0.92127,0.9216,466.0
2026-04-13 18:00:00,0.9216,0.92188,0.92146,0.9216,642.0
2026-04-13 19:00:00,0.9216,0.92166,0.92148,0.92162,929.0
2026-04-13 20:00:00,0.92162,0.92173,0.92134,0.92136,1676.0
2026-04-13 21:00:00,0.92137,0.92162,0.92128,0.92142,1931.0
2026-04-13 22:00:00,0.92142,0.9216,0.9214,0.92158,1002.0
2026-04-13 23:00:00,0.9216,0.92167,0.92142,0.92144,679.0
2026-04-14 00:00:00,0.9214,0.92158,0.92136,0.92152,592.0
2026-04-14 01:00:00,0.92152,0.9217,0.92141,0.9215,1375.0
2026-04-14 02:00:00,0.92146,0.92163,0.92124,0.9214,2555.0
2026-04-14 03:00:00,0.92138,0.92172,0.91944,0.92028,4775.0
2026-04-14 04:00:00,0.9203,0.92071,0.91957,0.91976,3205.0
2026-04-14 05:00:00,0.91978,0.92054,0.91958,0.92026,2497.0
2026-04-14 06:00:00,0.92024,0.9211,0.92008,0.92109,2504.0
2026-04-14 07:00:00,0.92111,0.9212,0.92054,0.92076,2159.0
2026-04-14 08:00:00,0.92078,0.92107,0.91999,0.92069,3734.0
2026-04-14 09:00:00,0.92069,0.92131,0.92052,0.92099,3795.0
2026-04-14 10:00:00,0.92098,0.921,0.91951,0.92072,4105.0
2026-04-14 11:00:00,0.92071,0.92106,0.92054,0.92086,3572.0
2026-04-14 12:00:00,0.92087,0.92144,0.92078,0.92129,1675.0
2026-04-14 13:00:00,0.92128,0.92132,0.92098,0.92104,1394.0
2026-04-14 14:00:00,0.92105,0.92132,0.92087,0.92119,1374.0
2026-04-14 15:00:00,0.92118,0.92142,0.92118,0.92134,1052.0
2026-04-14 16:00:00,0.92134,0.92142,0.9211,0.92122,806.0
2026-04-14 17:00:00,0.92127,0.92127,0.9209,0.921,106.0
2026-04-14 18:00:00,0.9208,0.92124,0.9208,0.92122,790.0
2026-04-14 19:00:00,0.92124,0.92142,0.92116,0.92139,1303.0
2026-04-14 20:00:00,0.92139,0.92155,0.92113,0.92115,1700.0
2026-04-14 21:00:00,0.92114,0.92138,0.92081,0.92122,1958.0
2026-04-14 22:00:00,0.92124,0.92128,0.92098,0.92112,1404.0
2026-04-14 23:00:00,0.92112,0.9212,0.92098,0.92101,888.0
2026-04-15 00:00:00,0.921,0.92112,0.92099,0.92102,600.0
2026-04-15 01:00:00,0.92102,0.92131,0.92088,0.92098,1731.0
2026-04-15 02:00:00,0.921,0.92122,0.92064,0.9207,1901.0
2026-04-15 03:00:00,0.9207,0.9208,0.92036,0.92056,2599.0
2026-04-15 04:00:00,0.92056,0.92072,0.91976,0.92058,2114.0
2026-04-15 05:00:00,0.92057,0.92125,0.9205,0.92091,2790.0
2026-04-15 06:00:00,0.92092,0.92163,0.92084,0.9216,2822.0
2026-04-15 07:00:00,0.92158,0.92215,0.92142,0.92208,2645.0
2026-04-15 08:00:00,0.92208,0.92248,0.9218,0.92232,2745.0
2026-04-15 09:00:00,0.92231,0.92237,0.9214,0.92176,3357.0
2026-04-15 10:00:00,0.92178,0.9222,0.92105,0.92198,3784.0
2026-04-15 11:00:00,0.92196,0.92221,0.92182,0.9221,3769.0
2026-04-15 12:00:00,0.9221,0.92254,0.92203,0.92249,2381.0
2026-04-15 13:00:00,0.92249,0.92268,0.92214,0.92254,1707.0
2026-04-15 14:00:00,0.92251,0.92268,0.9222,0.92238,1944.0
2026-04-15 15:00:00,0.92238,0.92258,0.92236,0.9224,1340.0
2026-04-15 16:00:00,0.92239,0.92277,0.9223,0.92266,1090.0
2026-04-15 17:00:00,0.92334,0.92354,0.9224,0.92296,3700.0
2026-04-15 18:00:00,0.92288,0.923,0.92234,0.92242,1026.0
2026-04-15 19:00:00,0.92243,0.9226,0.92236,0.92252,619.0
2026-04-15 20:00:00,0.92252,0.92256,0.92216,0.9222,1506.0
2026-04-15 21:00:00,0.9222,0.92225,0.92202,0.92218,1579.0
2026-04-15 22:00:00,0.92218,0.92246,0.92212,0.92225,1495.0
2026-04-15 23:00:00,0.92226,0.92228,0.9219,0.92199,1581.0
2026-04-16 00:00:00,0.92198,0.9221,0.92192,0.92209,930.0
2026-04-16 01:00:00,0.92208,0.92229,0.92196,0.92218,1187.0
2026-04-16 02:00:00,0.92216,0.9222,0.92157,0.9216,2053.0
2026-04-16 03:00:00,0.9216,0.9225,0.9215,0.92218,2689.0
2026-04-16 04:00:00,0.9222,0.92231,0.92182,0.92217,2629.0
2026-04-16 05:00:00,0.92218,0.92338,0.92206,0.92322,2176.0
2026-04-16 06:00:00,0.92324,0.92357,0.92308,0.92341,1712.0
2026-04-16 07:00:00,0.9234,0.92355,0.92286,0.92301,1872.0
2026-04-16 08:00:00,0.92302,0.92332,0.92278,0.9231,2177.0
2026-04-16 09:00:00,0.92312,0.92316,0.92176,0.92199,3311.0
2026-04-16 10:00:00,0.92197,0.92273,0.92187,0.92271,4278.0
2026-04-16 11:00:00,0.9227,0.92352,0.92268,0.923,3680.0
2026-04-16 12:00:00,0.923,0.92324,0.92293,0.92318,2065.0
2026-04-16 13:00:00,0.92318,0.92363,0.9229,0.9235,1656.0
2026-04-16 14:00:00,0.9235,0.92354,0.92293,0.923,1809.0
2026-04-16 15:00:00,0.923,0.923,0.92264,0.92288,1211.0
2026-04-16 16:00:00,0.92288,0.92332,0.92283,0.92329,788.0
2026-04-16 17:00:00,0.92323,0.92323,0.9229,0.92313,301.0
2026-04-16 18:00:00,0.92322,0.92338,0.92287,0.92318,615.0
2026-04-16 19:00:00,0.92318,0.92322,0.92274,0.92274,762.0
2026-04-16 20:00:00,0.92274,0.9228,0.92252,0.92259,1104.0
2026-04-16 21:00:00,0.92256,0.9227,0.92242,0.92243,1080.0
2026-04-16 22:00:00,0.92245,0.9229,0.92245,0.92288,859.0
2026-04-16 23:00:00,0.92287,0.92315,0.92265,0.92302,855.0
2026-04-17 00:00:00,0.92303,0.9231,0.92287,0.92294,751.0
2026-04-17 01:00:00,0.92295,0.92304,0.92279,0.92296,1111.0
2026-04-17 02:00:00,0.92294,0.92323,0.92254,0.92314,1730.0
2026-04-17 03:00:00,0.92313,0.92314,0.92256,0.9227,1865.0
2026-04-17 04:00:00,0.92271,0.92304,0.92254,0.92254,2222.0
2026-04-17 05:00:00,0.92254,0.92287,0.92232,0.9227,1590.0
2026-04-17 06:00:00,0.92269,0.92304,0.92229,0.92299,1351.0
2026-04-17 07:00:00,0.92298,0.92321,0.92292,0.92294,1271.0
2026-04-17 08:00:00,0.92295,0.92328,0.92196,0.92222,5485.0
2026-04-17 09:00:00,0.92223,0.92268,0.92114,0.92142,9891.0
2026-04-17 10:00:00,0.92142,0.92165,0.91954,0.92002,7705.0
2026-04-17 11:00:00,0.92002,0.92044,0.91974,0.91992,5624.0
2026-04-17 12:00:00,0.9199,0.91994,0.91937,0.91967,2947.0
2026-04-17 13:00:00,0.91966,0.92,0.91944,0.91953,3441.0
2026-04-17 14:00:00,0.91954,0.91976,0.91926,0.91959,2658.0
2026-04-17 15:00:00,0.91961,0.91968,0.91932,0.91958,1836.0
2026-04-17 16:00:00,0.91956,0.91991,0.91937,0.91959,1997.0
2026-04-19 17:00:00,0.91781,0.91815,0.91741,0.91808,599.0
2026-04-19 18:00:00,0.91806,0.91985,0.91806,0.91982,2497.0
2026-04-19 19:00:00,0.91983,0.9201,0.91965,0.92004,1954.0
2026-04-19 20:00:00,0.92006,0.92022,0.91988,0.91996,2504.0
2026-04-19 21:00:00,0.91996,0.92025,0.91981,0.92,1963.0
2026-04-19 22:00:00,0.92001,0.9201,0.91987,0.92008,1150.0
2026-04-19 23:00:00,0.92008,0.92012,0.91993,0.91998,1047.0
2026-04-20 00:00:00,0.91998,0.92022,0.9199,0.92016,1019.0
2026-04-20 01:00:00,0.92014,0.92045,0.9201,0.92038,1234.0
2026-04-20 02:00:00,0.92038,0.9206,0.9199,0.92013,3012.0
2026-04-20 03:00:00,0.92012,0.9203,0.91973,0.9199,3699.0
2026-04-20 04:00:00,0.91987,0.92003,0.91953,0.91973,2350.0
2026-04-20 05:00:00,0.9197,0.91976,0.91902,0.9193,1951.0
2026-04-20 06:00:00,0.9193,0.91956,0.91918,0.91946,1687.0
2026-04-20 07:00:00,0.91945,0.91964,0.9192,0.9192,2081.0
2026-04-20 08:00:00,0.91922,0.91934,0.91854,0.91878,2084.0
2026-04-20 09:00:00,0.91878,0.9189,0.9179,0.91827,4141.0
2026-04-20 10:00:00,0.91826,0.9189,0.91631,0.91645,6238.0
2026-04-20 11:00:00,0.91652,0.91722,0.91638,0.91708,5039.0
2026-04-20 12:00:00,0.91707,0.91736,0.917,0.91721,2070.0
2026-04-20 13:00:00,0.91722,0.91752,0.91712,0.91735,1618.0
2026-04-20 14:00:00,0.91734,0.91748,0.91716,0.91742,1793.0
2026-04-20 15:00:00,0.9174,0.91748,0.91732,0.91744,1182.0
2026-04-20 16:00:00,0.91744,0.91757,0.91736,0.91752,688.0
2026-04-20 17:00:00,0.91754,0.91804,0.91726,0.91756,1428.0
2026-04-20 18:00:00,0.91743,0.91748,0.91714,0.9173,2445.0
2026-04-20 19:00:00,0.9173,0.91752,0.9173,0.91746,701.0
2026-04-20 20:00:00,0.91747,0.91763,0.91731,0.91743,1587.0
2026-04-20 21:00:00,0.91744,0.9176,0.91722,0.91742,1170.0
2026-04-20 22:00:00,0.91742,0.91768,0.91738,0.91746,815.0
2026-04-20 23:00:00,0.91746,0.91778,0.91738,0.9177,1097.0
2026-04-21 00:00:00,0.9177,0.91776,0.91762,0.9177,529.0
2026-04-21 01:00:00,0.9177,0.9177,0.91719,0.91727,1491.0
2026-04-21 02:00:00,0.91727,0.91732,0.91708,0.91713,2008.0
2026-04-21 03:00:00,0.91712,0.9176,0.91684,0.91714,2483.0
2026-04-21 04:00:00,0.91715,0.91815,0.91706,0.91807,2931.0
2026-04-21 05:00:00,0.91806,0.91812,0.91678,0.91696,2100.0
2026-04-21 06:00:00,0.91696,0.91736,0.9169,0.91731,1627.0
2026-04-21 07:00:00,0.91732,0.91741,0.91696,0.91697,1840.0
2026-04-21 08:00:00,0.91695,0.91758,0.91688,0.91739,2918.0
2026-04-21 09:00:00,0.9174,0.9176,0.9167,0.91673,3179.0
2026-04-21 10:00:00,0.91672,0.91722,0.91628,0.91628,4425.0
2026-04-21 11:00:00,0.91629,0.91684,0.91626,0.91674,4490.0
2026-04-21 12:00:00,0.91672,0.91712,0.91669,0.91684,2737.0
2026-04-21 13:00:00,0.91686,0.9173,0.9168,0.91698,5569.0
2026-04-21 14:00:00,0.91698,0.9171,0.91661,0.91667,4491.0
2026-04-21 15:00:00,0.91668,0.91722,0.91658,0.91707,5557.0
2026-04-21 16:00:00,0.91706,0.91749,0.9167,0.91678,4305.0
2026-04-21 17:00:00,0.91686,0.91728,0.91636,0.9172,732.0
2026-04-21 18:00:00,0.91718,0.9172,0.9166,0.91685,803.0
2026-04-21 19:00:00,0.91686,0.91688,0.91668,0.91673,702.0
2026-04-21 20:00:00,0.91671,0.91676,0.91646,0.91672,1841.0
2026-04-21 21:00:00,0.91672,0.91686,0.91664,0.91675,1959.0
2026-04-21 22:00:00,0.91675,0.91684,0.9166,0.91667,1128.0
2026-04-21 23:00:00,0.91666,0.91667,0.91651,0.91654,807.0
2026-04-22 00:00:00,0.91656,0.91664,0.91647,0.9166,793.0
2026-04-22 01:00:00,0.9166,0.91682,0.9161,0.91624,2080.0
2026-04-22 02:00:00,0.91628,0.9167,0.91605,0.9165,1813.0
2026-04-22 03:00:00,0.91652,0.91675,0.91612,0.91674,2491.0
2026-04-22 04:00:00,0.91672,0.9169,0.91646,0.91684,2238.0
2026-04-22 05:00:00,0.91684,0.91789,0.91668,0.91768,2150.0
2026-04-22 06:00:00,0.91766,0.91776,0.91745,0.91768,1921.0
2026-04-22 07:00:00,0.9177,0.91787,0.91724,0.91749,2677.0
2026-04-22 08:00:00,0.91751,0.91857,0.91722,0.91836,3098.0
2026-04-22 09:00:00,0.91834,0.91851,0.91754,0.91838,4368.0
2026-04-22 10:00:00,0.9184,0.91844,0.91762,0.91762,3662.0
2026-04-22 11:00:00,0.91762,0.91802,0.91742,0.91776,3655.0
2026-04-22 12:00:00,0.91775,0.91818,0.91758,0.91818,2340.0
2026-04-22 13:00:00,0.91817,0.9184,0.91782,0.91832,2157.0
2026-04-22 14:00:00,0.91834,0.91859,0.91816,0.91836,1406.0
2026-04-22 15:00:00,0.9184,0.91878,0.91838,0.91866,1468.0
2026-04-22 16:00:00,0.91866,0.9189,0.91848,0.91866,1189.0
2026-04-22 17:00:00,0.9182,0.91849,0.91818,0.91849,219.0
2026-04-22 18:00:00,0.91856,0.91876,0.91846,0.91854,535.0
2026-04-22 19:00:00,0.91854,0.91878,0.91853,0.91872,578.0
2026-04-22 20:00:00,0.91871,0.91899,0.9185,0.91858,5172.0
2026-04-22 21:00:00,0.91858,0.91873,0.91829,0.91871,1941.0
2026-04-22 22:00:00,0.91871,0.91893,0.9187,0.9189,1479.0
2026-04-22 23:00:00,0.91889,0.91908,0.91885,0.91895,1529.0
2026-04-23 00:00:00,0.91896,0.91911,0.91892,0.91906,942.0
2026-04-23 01:00:00,0.91908,0.91924,0.91889,0.91904,1236.0
2026-04-23 02:00:00,0.91902,0.91914,0.9182,0.91824,1694.0
2026-04-23 03:00:00,0.91824,0.9186,0.918,0.91826,2544.0
2026-04-23 04:00:00,0.91828,0.9184,0.91748,0.91756,2479.0
2026-04-23 05:00:00,0.91758,0.91826,0.91757,0.91816,2306.0
2026-04-23 06:00:00,0.91814,0.91827,0.91756,0.91772,2315.0
2026-04-23 07:00:00,0.9177,0.91774,0.91705,0.91712,2557.0
2026-04-23 08:00:00,0.91716,0.91858,0.91708,0.91838,3935.0
2026-04-23 09:00:00,0.91838,0.91906,0.91808,0.91838,4153.0
2026-04-23 10:00:00,0.91838,0.91843,0.91756,0.9176,4178.0
2026-04-23 11:00:00,0.91762,0.91796,0.91746,0.91791,3625.0
2026-04-23 12:00:00,0.91791,0.91839,0.91786,0.9182,2023.0
2026-04-23 13:00:00,0.91821,0.91891,0.91821,0.91874,7410.0
2026-04-23 14:00:00,0.91874,0.91884,0.9183,0.91882,4283.0
2026-04-23 15:00:00,0.91882,0.91892,0.91864,0.91889,2781.0
2026-04-23 16:00:00,0.91892,0.91899,0.91868,0.91884,1290.0
2026-04-23 17:00:00,0.91786,0.91876,0.91786,0.9185,1421.0
2026-04-23 18:00:00,0.91856,0.91892,0.91851,0.9189,525.0
2026-04-23 19:00:00,0.9189,0.91892,0.91862,0.91866,663.0
2026-04-23 20:00:00,0.91864,0.91898,0.91842,0.91884,1618.0
2026-04-23 21:00:00,0.91884,0.91898,0.9187,0.91884,1441.0
2026-04-23 22:00:00,0.91886,0.91897,0.91876,0.91893,1132.0
2026-04-23 23:00:00,0.91894,0.91908,0.91889,0.91906,1036.0
2026-04-24 00:00:00,0.91906,0.91931,0.91901,0.9192,1251.0
2026-04-24 01:00:00,0.9192,0.91921,0.91904,0.91919,1315.0
2026-04-24 02:00:00,0.91916,0.9197,0.919,0.91956,1575.0
2026-04-24 03:00:00,0.91958,0.91991,0.91952,0.91966,1976.0
2026-04-24 04:00:00,0.91964,0.91972,0.91895,0.91898,2370.0
2026-04-24 05:00:00,0.91898,0.9197,0.91878,0.91967,1820.0
2026-04-24 06:00:00,0.91967,0.91983,0.9195,0.91976,1388.0
2026-04-24 07:00:00,0.91978,0.92052,0.9196,0.91998,3810.0
2026-04-24 08:00:00,0.91998,0.92081,0.91962,0.92048,2925.0
2026-04-24 09:00:00,0.92048,0.92154,0.92042,0.921,3527.0
2026-04-24 10:00:00,0.92096,0.921,0.91972,0.92036,4529.0
2026-04-24 11:00:00,0.92038,0.9204,0.91938,0.9196,3917.0
2026-04-24 12:00:00,0.91961,0.91996,0.91947,0.91984,2516.0
2026-04-24 13:00:00,0.91984,0.92001,0.91967,0.92,2234.0
2026-04-24 14:00:00,0.92001,0.9202,0.91996,0.92018,1458.0
2026-04-24 15:00:00,0.9202,0.92023,0.91986,0.9199,1663.0
2026-04-24 16:00:00,0.9199,0.92012,0.91972,0.91987,1586.0
2026-04-26 17:00:00,0.92049,0.92094,0.91974,0.92015,1009.0
2026-04-26 18:00:00,0.92052,0.92065,0.91978,0.92052,1276.0
2026-04-26 19:00:00,0.92052,0.92075,0.92046,0.92064,733.0
2026-04-26 20:00:00,0.92066,0.92077,0.92054,0.92058,1713.0
2026-04-26 21:00:00,0.92058,0.92064,0.9203,0.9204,3014.0
2026-04-26 22:00:00,0.92039,0.92049,0.92023,0.92036,1311.0
2026-04-26 23:00:00,0.92036,0.9204,0.92024,0.92038,1291.0
2026-04-27 00:00:00,0.92036,0.92036,0.92017,0.9203,1062.0
2026-04-27 01:00:00,0.92029,0.92048,0.92022,0.92046,1331.0
2026-04-27 02:00:00,0.92046,0.92079,0.9204,0.92078,1925.0
2026-04-27 03:00:00,0.92077,0.92171,0.92064,0.92165,2298.0
2026-04-27 04:00:00,0.92164,0.92166,0.92048,0.92058,2488.0
2026-04-27 05:00:00,0.92058,0.92098,0.92042,0.92089,1588.0
2026-04-27 06:00:00,0.92088,0.92115,0.92077,0.92114,1330.0
2026-04-27 07:00:00,0.92113,0.9215,0.92079,0.92145,1647.0
2026-04-27 08:00:00,0.92144,0.92148,0.92098,0.92134,2561.0
2026-04-27 09:00:00,0.92137,0.92142,0.92094,0.92106,3462.0
2026-04-27 10:00:00,0.92106,0.92106,0.91968,0.92039,3299.0
2026-04-27 11:00:00,0.92039,0.9208,0.92029,0.92029,2394.0
2026-04-27 12:00:00,0.9203,0.92108,0.92025,0.92094,1601.0
2026-04-27 13:00:00,0.92094,0.92132,0.92089,0.92092,1736.0
2026-04-27 14:00:00,0.92092,0.92098,0.9206,0.9207,1114.0
2026-04-27 15:00:00,0.92072,0.92088,0.92062,0.92084,1043.0
2026-04-27 16:00:00,0.92087,0.92108,0.92072,0.9208,787.0
2026-04-27 17:00:00,0.92054,0.92074,0.92029,0.92058,1345.0
2026-04-27 18:00:00,0.92062,0.92082,0.92036,0.92063,829.0
2026-04-27 19:00:00,0.92064,0.92074,0.92061,0.92066,718.0
2026-04-27 20:00:00,0.92066,0.92099,0.92048,0.92094,1391.0
2026-04-27 21:00:00,0.92092,0.92138,0.9209,0.92132,1562.0
2026-04-27 22:00:00,0.92132,0.92148,0.9212,0.92122,1149.0
2026-04-27 23:00:00,0.92122,0.92149,0.92119,0.92136,1489.0
2026-04-28 00:00:00,0.92134,0.92166,0.92128,0.92164,1001.0
2026-04-28 01:00:00,0.92164,0.922,0.92161,0.9218,1642.0
2026-04-28 02:00:00,0.92184,0.92294,0.9217,0.92284,2944.0
2026-04-28 03:00:00,0.92284,0.92366,0.92239,0.92365,3118.0
2026-04-28 04:00:00,0.92369,0.92372,0.92264,0.92319,3347.0
2026-04-28 05:00:00,0.92318,0.92358,0.92278,0.92354,2747.0
2026-04-28 06:00:00,0.92352,0.92373,0.92306,0.92309,2216.0
2026-04-28 07:00:00,0.92308,0.92407,0.92306,0.92389,2923.0
2026-04-28 08:00:00,0.92392,0.92456,0.92356,0.92362,3872.0
2026-04-28 09:00:00,0.92362,0.92468,0.92352,0.92424,4774.0
2026-04-28 10:00:00,0.92425,0.92503,0.9238,0.9241,5304.0
2026-04-28 11:00:00,0.9241,0.92456,0.92384,0.92399,3758.0
2026-04-28 12:00:00,0.924,0.92454,0.92384,0.92419,2461.0
2026-04-28 13:00:00,0.92418,0.9246,0.92413,0.92433,1905.0
2026-04-28 14:00:00,0.92434,0.92479,0.92427,0.92473,1602.0
2026-04-28 15:00:00,0.92472,0.92476,0.92446,0.92454,1194.0
2026-04-28 16:00:00,0.92453,0.92462,0.92432,0.92444,845.0
2026-04-28 17:00:00,0.9244,0.92458,0.92436,0.92448,121.0
2026-04-28 18:00:00,0.9245,0.92466,0.92428,0.92459,851.0
2026-04-28 19:00:00,0.9246,0.92462,0.92447,0.92455,479.0
2026-04-28 20:00:00,0.92454,0.92459,0.92427,0.92434,1612.0
2026-04-28 21:00:00,0.92434,0.92458,0.92388,0.92401,2576.0
2026-04-28 22:00:00,0.92402,0.92402,0.9235,0.92367,1446.0
2026-04-28 23:00:00,0.92368,0.92376,0.92346,0.92358,1063.0
2026-04-29 00:00:00,0.92358,0.92366,0.92349,0.92362,741.0
2026-04-29 01:00:00,0.92362,0.92394,0.9236,0.92384,1214.0
2026-04-29 02:00:00,0.92384,0.9239,0.92312,0.92318,1777.0
2026-04-29 03:00:00,0.92316,0.92408,0.92306,0.92379,2242.0
2026-04-29 04:00:00,0.92379,0.9239,0.92305,0.92388,2961.0
2026-04-29 05:00:00,0.92388,0.92442,0.9236,0.92439,2030.0
2026-04-29 06:00:00,0.92439,0.92446,0.92382,0.92414,1841.0
2026-04-29 07:00:00,0.92413,0.92422,0.92352,0.9236,2200.0
2026-04-29 08:00:00,0.92362,0.92436,0.92332,0.92436,2824.0
2026-04-29 09:00:00,0.92437,0.92508,0.92417,0.92482,3957.0
2026-04-29 10:00:00,0.9248,0.9248,0.92386,0.92404,4405.0
2026-04-29 11:00:00,0.92404,0.92428,0.92362,0.92418,4331.0
2026-04-29 12:00:00,0.92417,0.92418,0.9237,0.92381,2696.0
2026-04-29 13:00:00,0.92379,0.92396,0.9236,0.92374,2841.0
2026-04-29 14:00:00,0.92376,0.92433,0.92362,0.9239,6559.0
2026-04-29 15:00:00,0.92388,0.92402,0.92346,0.9237,2933.0
2026-04-29 16:00:00,0.92368,0.92418,0.92361,0.92416,1540.0
2026-04-29 17:00:00,0.92398,0.92422,0.92342,0.92383,1162.0
2026-04-29 18:00:00,0.9239,0.92413,0.92378,0.92399,1091.0
2026-04-29 19:00:00,0.924,0.92416,0.92369,0.9238,912.0
2026-04-29 20:00:00,0.9238,0.92394,0.92365,0.92366,1643.0
2026-04-29 21:00:00,0.92367,0.92372,0.92329,0.92334,1935.0
2026-04-29 22:00:00,0.92334,0.92368,0.92332,0.92342,1937.0
2026-04-29 23:00:00,0.92344,0.92362,0.92316,0.92324,1071.0
2026-04-30 00:00:00,0.92325,0.92356,0.92318,0.92347,1739.0
2026-04-30 01:00:00,0.92348,0.92348,0.92324,0.92342,1480.0
2026-04-30 02:00:00,0.92342,0.9236,0.92306,0.9234,2515.0
2026-04-30 03:00:00,0.9234,0.92381,0.9231,0.9233,2824.0
2026-04-30 04:00:00,0.9233,0.9233,0.92216,0.9222,4671.0
2026-04-30 05:00:00,0.92222,0.92226,0.92075,0.92082,4996.0
2026-04-30 06:00:00,0.92082,0.92096,0.92002,0.9201,7404.0
2026-04-30 07:00:00,0.9201,0.92034,0.9187,0.91888,7347.0
2026-04-30 08:00:00,0.91887,0.91932,0.91624,0.91666,6501.0
2026-04-30 09:00:00,0.91667,0.91765,0.91609,0.91682,7410.0
2026-04-30 10:00:00,0.91682,0.91928,0.91503,0.9173,9263.0
2026-04-30 11:00:00,0.91728,0.91796,0.91564,0.91771,6979.0
2026-04-30 12:00:00,0.91772,0.91808,0.91744,0.91754,2648.0
2026-04-30 13:00:00,0.91754,0.91784,0.91702,0.91728,2611.0
2026-04-30 14:00:00,0.9173,0.91749,0.91686,0.91694,2453.0
2026-04-30 15:00:00,0.91695,0.91708,0.91651,0.91688,2282.0
2026-04-30 16:00:00,0.9169,0.91701,0.9165,0.91662,1767.0
2026-04-30 17:00:00,0.9169,0.91752,0.91656,0.91709,1150.0
2026-04-30 18:00:00,0.91728,0.91728,0.9167,0.91672,615.0
2026-04-30 19:00:00,0.91672,0.91684,0.91668,0.9168,958.0
2026-04-30 20:00:00,0.91681,0.9169,0.91649,0.91664,2213.0
2026-04-30 21:00:00,0.91664,0.91698,0.91664,0.91684,1365.0
2026-04-30 22:00:00,0.91682,0.917,0.91668,0.91691,1278.0
2026-04-30 23:00:00,0.91691,0.917,0.91678,0.91686,903.0
2026-05-01 00:00:00,0.91686,0.91734,0.91684,0.91726,863.0
2026-05-01 01:00:00,0.91727,0.91762,0.91726,0.91748,1160.0
2026-05-01 02:00:00,0.9175,0.91765,0.91562,0.91644,4168.0
2026-05-01 03:00:00,0.91646,0.91758,0.91646,0.91741,5203.0
2026-05-01 04:00:00,0.91744,0.91772,0.91704,0.91706,3436.0
2026-05-01 05:00:00,0.91706,0.91748,0.91662,0.9168,2511.0
2026-05-01 06:00:00,0.9168,0.91724,0.9168,0.91699,2118.0
2026-05-01 07:00:00,0.917,0.91736,0.91693,0.91718,2734.0
2026-05-01 08:00:00,0.91718,0.91747,0.91664,0.91732,4097.0
2026-05-01 09:00:00,0.91734,0.91782,0.9172,0.91726,4496.0
2026-05-01 10:00:00,0.91727,0.91738,0.91645,0.91648,6259.0
2026-05-01 11:00:00,0.91649,0.91698,0.91632,0.91638,4555.0
2026-05-01 12:00:00,0.91638,0.91646,0.91596,0.91624,3443.0
2026-05-01 13:00:00,0.91625,0.91631,0.91602,0.9162,2209.0
2026-05-01 14:00:00,0.9162,0.9162,0.91586,0.91609,2467.0
2026-05-01 15:00:00,0.9161,0.91621,0.91606,0.9161,1054.0
2026-05-01 16:00:00,0.91611,0.9166,0.91594,0.91652,1729.0
2026-05-03 17:00:00,0.91644,0.9168,0.91634,0.91646,44.0
2026-05-03 18:00:00,0.9171,0.9171,0.91604,0.91614,1640.0
2026-05-03 19:00:00,0.91614,0.91623,0.91602,0.91612,1099.0
2026-05-03 20:00:00,0.91613,0.91636,0.91582,0.91582,2051.0
2026-05-03 21:00:00,0.91582,0.91644,0.91579,0.91603,2463.0
2026-05-03 22:00:00,0.91602,0.91612,0.91586,0.91592,1275.0
2026-05-03 23:00:00,0.91589,0.91612,0.91554,0.91588,2817.0
2026-05-04 00:00:00,0.91588,0.91606,0.91578,0.916,1566.0
2026-05-04 01:00:00,0.91598,0.91604,0.91584,0.91594,1553.0
2026-05-04 02:00:00,0.91592,0.91642,0.91582,0.91638,2344.0
2026-05-04 03:00:00,0.91641,0.91748,0.91624,0.91726,2782.0
2026-05-04 04:00:00,0.91726,0.91786,0.9169,0.91702,2459.0
2026-05-04 05:00:00,0.91704,0.9177,0.91688,0.91758,2365.0
2026-05-04 06:00:00,0.91758,0.91788,0.91694,0.91742,4716.0
2026-05-04 07:00:00,0.91742,0.9176,0.91704,0.9171,3171.0
2026-05-04 08:00:00,0.91708,0.91745,0.91685,0.91712,2767.0
2026-05-04 09:00:00,0.9171,0.91716,0.9162,0.91683,3756.0
2026-05-04 10:00:00,0.91682,0.91702,0.91618,0.91623,3692.0
2026-05-04 11:00:00,0.91622,0.91668,0.91602,0.9165,5377.0
2026-05-04 12:00:00,0.91652,0.91682,0.9163,0.9167,4579.0
2026-05-04 13:00:00,0.91674,0.91676,0.91618,0.9163,2588.0
2026-05-04 14:00:00,0.91628,0.91638,0.9161,0.91614,2526.0
2026-05-04 15:00:00,0.91614,0.91665,0.9161,0.9165,2404.0
2026-05-04 16:00:00,0.91651,0.91674,0.9164,0.91655,827.0
2026-05-04 17:00:00,0.9159,0.91698,0.91583,0.91658,415.0
2026-05-04 18:00:00,0.9167,0.9168,0.91647,0.91662,534.0
2026-05-04 19:00:00,0.91663,0.91672,0.9166,0.9167,477.0
2026-05-04 20:00:00,0.91669,0.91683,0.91654,0.9167,1526.0
2026-05-04 21:00:00,0.9167,0.91672,0.91627,0.9164,1931.0
2026-05-04 22:00:00,0.9164,0.91656,0.91634,0.91653,997.0
2026-05-04 23:00:00,0.91652,0.91652,0.91619,0.91625,712.0
2026-05-05 00:00:00,0.91624,0.91648,0.91619,0.91637,970.0
2026-05-05 01:00:00,0.91636,0.91645,0.91604,0.91632,1358.0
2026-05-05 02:00:00,0.91634,0.91684,0.91614,0.91643,2281.0
2026-05-05 03:00:00,0.91646,0.91675,0.91586,0.91588,2659.0
2026-05-05 04:00:00,0.91586,0.9159,0.91537,0.91576,2583.0
2026-05-05 05:00:00,0.91577,0.9161,0.91558,0.91558,2649.0
2026-05-05 06:00:00,0.91557,0.91566,0.91518,0.9155,1759.0
2026-05-05 07:00:00,0.91551,0.91648,0.91548,0.91605,2441.0
2026-05-05 08:00:00,0.91602,0.91647,0.91591,0.9163,3155.0
2026-05-05 09:00:00,0.9163,0.9166,0.91592,0.91616,3404.0
2026-05-05 10:00:00,0.91616,0.9164,0.915,0.91506,5164.0
2026-05-05 11:00:00,0.91505,0.91591,0.91495,0.91572,3295.0
2026-05-05 12:00:00,0.9157,0.91598,0.91548,0.91595,2139.0
2026-05-05 13:00:00,0.91594,0.91606,0.91562,0.91575,1755.0
2026-05-05 14:00:00,0.91576,0.916,0.91564,0.9158,1105.0
2026-05-05 15:00:00,0.91577,0.91592,0.91572,0.91588,1044.0
2026-05-05 16:00:00,0.91589,0.91598,0.9156,0.9157,824.0
2026-05-05 17:00:00,0.91527,0.91605,0.91527,0.91582,1030.0
2026-05-05 18:00:00,0.91602,0.91602,0.91542,0.91564,1120.0
2026-05-05 19:00:00,0.91564,0.91574,0.91546,0.91546,1897.0
2026-05-05 20:00:00,0.91544,0.91584,0.91544,0.91572,2250.0
2026-05-05 21:00:00,0.91571,0.91595,0.91567,0.91592,1809.0
2026-05-05 22:00:00,0.91592,0.91608,0.91582,0.91602,1278.0
2026-05-05 23:00:00,0.916,0.91604,0.91582,0.91587,828.0
2026-05-06 00:00:00,0.91585,0.91592,0.91458,0.91502,4826.0
2026-05-06 01:00:00,0.91502,0.91548,0.91486,0.91533,2295.0
2026-05-06 02:00:00,0.91534,0.91597,0.91522,0.9158,2919.0
2026-05-06 03:00:00,0.91582,0.91692,0.91511,0.91534,3884.0
2026-05-06 04:00:00,0.91532,0.91646,0.91529,0.91615,5199.0
2026-05-06 05:00:00,0.91618,0.91762,0.91598,0.91712,4255.0
2026-05-06 06:00:00,0.9171,0.9172,0.91658,0.91668,4175.0
2026-05-06 07:00:00,0.91668,0.91714,0.91618,0.9163,4028.0
2026-05-06 08:00:00,0.91632,0.9166,0.91592,0.91597,4759.0
2026-05-06 09:00:00,0.916,0.9166,0.91597,0.91647,5038.0
2026-05-06 10:00:00,0.91645,0.91666,0.9158,0.91582,4897.0
2026-05-06 11:00:00,0.9158,0.91608,0.91556,0.91598,3565.0
2026-05-06 12:00:00,0.91598,0.9163,0.91571,0.91578,1769.0
2026-05-06 13:00:00,0.91578,0.91582,0.91514,0.91543,1767.0
2026-05-06 14:00:00,0.91544,0.91544,0.91478,0.9148,1634.0
2026-05-06 15:00:00,0.91477,0.91518,0.91474,0.91477,1816.0
2026-05-06 16:00:00,0.91478,0.91514,0.91468,0.91497,951.0
2026-05-06 17:00:00,0.91469,0.91532,0.91456,0.91496,2815.0
2026-05-06 18:00:00,0.91496,0.91498,0.91476,0.91488,493.0
2026-05-06 19:00:00,0.91486,0.91504,0.91484,0.91504,645.0
2026-05-06 20:00:00,0.91504,0.91552,0.91504,0.9153,2476.0
2026-05-06 21:00:00,0.9153,0.91542,0.915,0.91512,2380.0
2026-05-06 22:00:00,0.91512,0.91554,0.91512,0.9154,1769.0
2026-05-06 23:00:00,0.91539,0.91554,0.91532,0.91546,1312.0
2026-05-07 00:00:00,0.91548,0.91556,0.91526,0.91541,1099.0
2026-05-07 01:00:00,0.91542,0.91568,0.91532,0.91548,1555.0
2026-05-07 02:00:00,0.91547,0.91548,0.91451,0.91458,2618.0
2026-05-07 03:00:00,0.9146,0.91534,0.9146,0.91505,4215.0
2026-05-07 04:00:00,0.91504,0.91552,0.91494,0.91534,3004.0
2026-05-07 05:00:00,0.91537,0.9155,0.91508,0.91511,2463.0
2026-05-07 06:00:00,0.91512,0.91547,0.91492,0.91533,2432.0
2026-05-07 07:00:00,0.91532,0.91578,0.91501,0.91562,2457.0
2026-05-07 08:00:00,0.91562,0.9158,0.91492,0.91513,3066.0
2026-05-07 09:00:00,0.91517,0.91526,0.91455,0.91455,4447.0
2026-05-07 10:00:00,0.91457,0.91513,0.9145,0.9146,4062.0
2026-05-07 11:00:00,0.91462,0.9154,0.91458,0.9149,4215.0
2026-05-07 12:00:00,0.91491,0.91532,0.91466,0.91531,3625.0
2026-05-07 13:00:00,0.91528,0.91557,0.91502,0.9152,4210.0
2026-05-07 14:00:00,0.9152,0.91538,0.91503,0.91524,3434.0
2026-05-07 15:00:00,0.91526,0.91554,0.91516,0.91546,3276.0
2026-05-07 16:00:00,0.91548,0.91559,0.91518,0.91519,2318.0
2026-05-07 17:00:00,0.91509,0.91534,0.91458,0.91502,5457.0
2026-05-07 18:00:00,0.91525,0.91552,0.91487,0.91544,1081.0
2026-05-07 19:00:00,0.91543,0.91562,0.91541,0.91558,710.0
2026-05-07 20:00:00,0.91558,0.91568,0.91526,0.91534,2309.0
2026-05-07 21:00:00,0.91531,0.9155,0.91517,0.9155,1942.0
2026-05-07 22:00:00,0.9155,0.91566,0.91542,0.91547,1536.0
2026-05-07 23:00:00,0.91546,0.91571,0.91545,0.91548,1087.0
2026-05-08 00:00:00,0.9155,0.91563,0.91522,0.91525,1332.0
2026-05-08 01:00:00,0.91524,0.91538,0.91512,0.91528,1541.0
2026-05-08 02:00:00,0.9153,0.91541,0.91492,0.91514,2065.0
2026-05-08 03:00:00,0.91516,0.9154,0.91502,0.91503,2295.0
2026-05-08 04:00:00,0.91502,0.91551,0.91497,0.91546,2059.0
2026-05-08 05:00:00,0.91544,0.91564,0.91524,0.9155,2131.0
2026-05-08 06:00:00,0.91546,0.91587,0.91544,0.91573,1495.0
2026-05-08 07:00:00,0.91572,0.91614,0.9154,0.91543,1749.0
2026-05-08 08:00:00,0.9154,0.9158,0.91528,0.91558,4424.0
2026-05-08 09:00:00,0.91559,0.91577,0.91527,0.9156,4157.0
2026-05-08 10:00:00,0.91564,0.91596,0.91528,0.9153,3685.0
2026-05-08 11:00:00,0.91532,0.91552,0.91515,0.91516,3574.0
2026-05-08 12:00:00,0.91516,0.91521,0.91484,0.91486,2094.0
2026-05-08 13:00:00,0.91488,0.91496,0.91468,0.91486,1218.0
2026-05-08 14:00:00,0.91487,0.91488,0.91442,0.91466,2045.0
2026-05-08 15:00:00,0.91466,0.91524,0.91454,0.91524,1561.0
2026-05-08 16:00:00,0.91524,0.91536,0.91488,0.91502,1279.0
2026-05-10 17:00:00,0.91438,0.91487,0.91392,0.91425,3941.0
2026-05-10 18:00:00,0.91446,0.91528,0.91416,0.91512,1606.0
2026-05-10 19:00:00,0.91511,0.91534,0.91502,0.91528,640.0
2026-05-10 20:00:00,0.91526,0.91575,0.91522,0.91556,1507.0
2026-05-10 21:00:00,0.91557,0.91596,0.91556,0.9157,1784.0
2026-05-10 22:00:00,0.9157,0.91592,0.91568,0.91578,891.0
2026-05-10 23:00:00,0.91578,0.91596,0.9157,0.91588,859.0
2026-05-11 00:00:00,0.91589,0.91602,0.91582,0.91587,636.0
2026-05-11 01:00:00,0.91589,0.91596,0.91567,0.9158,1110.0
2026-05-11 02:00:00,0.91579,0.9159,0.91504,0.91525,2294.0
2026-05-11 03:00:00,0.91524,0.91618,0.91516,0.91612,1980.0
2026-05-11 04:00:00,0.91613,0.9167,0.91592,0.91636,2081.0
2026-05-11 05:00:00,0.91637,0.91664,0.91625,0.91652,1322.0
2026-05-11 06:00:00,0.91654,0.91662,0.91615,0.9163,1532.0
2026-05-11 07:00:00,0.9163,0.91646,0.9161,0.91634,1982.0
2026-05-11 08:00:00,0.91634,0.91654,0.9162,0.91631,2479.0
2026-05-11 09:00:00,0.9163,0.91655,0.91614,0.91624,2882.0
2026-05-11 10:00:00,0.91624,0.9163,0.91546,0.91548,3451.0
2026-05-11 11:00:00,0.91546,0.9158,0.91545,0.91565,2512.0
2026-05-11 12:00:00,0.91565,0.91596,0.91552,0.9158,1714.0
2026-05-11 13:00:00,0.9158,0.91609,0.91577,0.91599,1502.0
2026-05-11 14:00:00,0.916,0.91644,0.9159,0.91636,1179.0
2026-05-11 15:00:00,0.91638,0.91657,0.91628,0.91656,1330.0
2026-05-11 16:00:00,0.91656,0.91684,0.91651,0.91671,811.0
2026-05-11 17:00:00,0.91639,0.91714,0.91639,0.91674,1314.0
2026-05-11 18:00:00,0.91664,0.91696,0.91654,0.91682,835.0
2026-05-11 19:00:00,0.9168,0.91686,0.9166,0.91668,567.0
2026-05-11 20:00:00,0.91667,0.91681,0.91656,0.91668,1372.0
2026-05-11 21:00:00,0.91669,0.91702,0.91665,0.9169,2175.0
2026-05-11 22:00:00,0.9169,0.91702,0.91688,0.917,1041.0
2026-05-11 23:00:00,0.91698,0.917,0.91672,0.91692,748.0
2026-05-12 00:00:00,0.91692,0.91702,0.91678,0.91682,778.0
2026-05-12 01:00:00,0.91682,0.91688,0.9162,0.91656,1711.0
2026-05-12 02:00:00,0.91659,0.9169,0.91633,0.91666,2707.0
2026-05-12 03:00:00,0.91667,0.91728,0.91649,0.91728,2918.0
2026-05-12 04:00:00,0.91728,0.91731,0.9167,0.91688,2677.0
2026-05-12 05:00:00,0.91688,0.91748,0.91686,0.91722,2585.0
2026-05-12 06:00:00,0.91722,0.91742,0.91704,0.91709,1707.0
2026-05-12 07:00:00,0.91712,0.91732,0.9169,0.91728,2456.0
2026-05-12 08:00:00,0.9173,0.91736,0.91675,0.91682,3210.0
2026-05-12 09:00:00,0.91682,0.9175,0.91676,0.91728,3843.0
2026-05-12 10:00:00,0.9173,0.9174,0.91665,0.91689,4208.0
2026-05-12 11:00:00,0.9169,0.91726,0.91674,0.91721,3304.0
2026-05-12 12:00:00,0.91721,0.91752,0.91717,0.9172,2191.0
2026-05-12 13:00:00,0.91721,0.91723,0.91688,0.91698,1728.0
2026-05-12 14:00:00,0.91698,0.9171,0.91661,0.9167,1648.0
2026-05-12 15:00:00,0.9167,0.91677,0.91652,0.91661,1669.0
2026-05-12 16:00:00,0.91662,0.91664,0.91636,0.91642,955.0
2026-05-12 17:00:00,0.91679,0.91679,0.91626,0.91638,684.0
2026-05-12 18:00:00,0.91636,0.91642,0.9162,0.9163,623.0
2026-05-12 19:00:00,0.91629,0.91636,0.91612,0.91615,503.0
2026-05-12 20:00:00,0.91615,0.91634,0.91586,0.91591,1656.0
2026-05-12 21:00:00,0.91593,0.91619,0.91588,0.91602,1793.0
2026-05-12 22:00:00,0.91602,0.91616,0.91594,0.91606,953.0
2026-05-12 23:00:00,0.91607,0.91613,0.91598,0.91601,910.0
2026-05-13 00:00:00,0.916,0.91612,0.91596,0.91606,589.0
2026-05-13 01:00:00,0.91605,0.91616,0.9158,0.91584,836.0
2026-05-13 02:00:00,0.91583,0.91591,0.9155,0.9157,1660.0
2026-05-13 03:00:00,0.91571,0.91578,0.91512,0.91512,1892.0
2026-05-13 04:00:00,0.91513,0.91578,0.91506,0.91552,1789.0
2026-05-13 05:00:00,0.91553,0.91583,0.91517,0.91557,1958.0
2026-05-13 06:00:00,0.91557,0.91562,0.91504,0.9155,2048.0
2026-05-13 07:00:00,0.9155,0.91569,0.91536,0.91544,1407.0
2026-05-13 08:00:00,0.91544,0.9161,0.91535,0.91601,3099.0
2026-05-13 09:00:00,0.91601,0.9163,0.91548,0.91584,3185.0
2026-05-13 10:00:00,0.91585,0.91663,0.9158,0.91638,3050.0
2026-05-13 11:00:00,0.91638,0.91666,0.91623,0.9165,2767.0
2026-05-13 12:00:00,0.91648,0.91656,0.91605,0.91628,2300.0
2026-05-13 13:00:00,0.91626,0.91629,0.9159,0.91592,1153.0
2026-05-13 14:00:00,0.91592,0.91598,0.9158,0.91594,1475.0
2026-05-13 15:00:00,0.91594,0.91596,0.91557,0.9156,1349.0
2026-05-13 16:00:00,0.91561,0.916,0.91556,0.916,840.0
2026-05-13 17:00:00,0.91578,0.9161,0.9156,0.91588,2794.0
2026-05-13 18:00:00,0.91589,0.91599,0.91566,0.91582,641.0
2026-05-13 19:00:00,0.91582,0.91591,0.91578,0.91582,542.0
2026-05-13 20:00:00,0.91582,0.91586,0.91562,0.91569,1475.0
2026-05-13 21:00:00,0.91566,0.9157,0.91546,0.91554,1573.0
2026-05-13 22:00:00,0.91554,0.91574,0.9155,0.91564,1259.0
2026-05-13 23:00:00,0.91564,0.91583,0.9156,0.91576,926.0
2026-05-14 00:00:00,0.91574,0.91583,0.91566,0.91583,1036.0
2026-05-14 01:00:00,0.91582,0.91588,0.91576,0.91579,1507.0
2026-05-14 02:00:00,0.91578,0.91587,0.91517,0.91517,1945.0
2026-05-14 03:00:00,0.9152,0.9159,0.9151,0.91588,2305.0
2026-05-14 04:00:00,0.91588,0.91602,0.91566,0.91576,1520.0
2026-05-14 05:00:00,0.91574,0.91588,0.91526,0.91536,1277.0
2026-05-14 06:00:00,0.91534,0.91557,0.91522,0.91543,1831.0
2026-05-14 07:00:00,0.91542,0.91544,0.91498,0.91506,1588.0
2026-05-14 08:00:00,0.91505,0.91511,0.91474,0.91479,2205.0
2026-05-14 09:00:00,0.91479,0.91492,0.91441,0.9145,3479.0
2026-05-14 10:00:00,0.91452,0.91508,0.9144,0.91446,3431.0
2026-05-14 11:00:00,0.91446,0.91476,0.91434,0.91435,2647.0
2026-05-14 12:00:00,0.91437,0.91459,0.91427,0.91452,2399.0
2026-05-14 13:00:00,0.9145,0.91474,0.91445,0.91466,1589.0
2026-05-14 14:00:00,0.91466,0.91484,0.91464,0.91478,1516.0
2026-05-14 15:00:00,0.91477,0.91488,0.91463,0.91464,1678.0
2026-05-14 16:00:00,0.91464,0.91476,0.91454,0.9146,1014.0
2026-05-14 17:00:00,0.91406,0.91468,0.91406,0.91439,298.0
2026-05-14 18:00:00,0.91448,0.91481,0.91448,0.9148,517.0
2026-05-14 19:00:00,0.9148,0.9148,0.91451,0.9146,713.0
2026-05-14 20:00:00,0.9146,0.91475,0.91442,0.91465,1964.0
2026-05-14 21:00:00,0.91465,0.91498,0.91463,0.9149,2354.0
2026-05-14 22:00:00,0.91489,0.91503,0.91462,0.91482,1461.0
2026-05-14 23:00:00,0.91482,0.91493,0.9147,0.91487,969.0
2026-05-15 00:00:00,0.91488,0.91522,0.91479,0.91512,1161.0
2026-05-15 01:00:00,0.91511,0.91518,0.91461,0.91463,2627.0
2026-05-15 02:00:00,0.91463,0.91484,0.91427,0.91436,2884.0
2026-05-15 03:00:00,0.91438,0.91438,0.91354,0.91376,2602.0
2026-05-15 04:00:00,0.91377,0.91414,0.91372,0.914,2773.0
2026-05-15 05:00:00,0.91401,0.91426,0.91383,0.9141,3183.0
2026-05-15 06:00:00,0.91408,0.91416,0.9135,0.9138,3270.0
2026-05-15 07:00:00,0.9138,0.91452,0.91374,0.91434,2308.0
2026-05-15 08:00:00,0.91436,0.91472,0.91424,0.91462,2760.0
2026-05-15 09:00:00,0.91461,0.91476,0.91436,0.91436,3379.0
2026-05-15 10:00:00,0.91436,0.91468,0.91396,0.91457,4564.0
2026-05-15 11:00:00,0.91458,0.9151,0.91414,0.91484,3562.0
2026-05-15 12:00:00,0.91483,0.91488,0.91463,0.91478,2012.0
2026-05-15 13:00:00,0.91478,0.91492,0.91456,0.91458,1467.0
2026-05-15 14:00:00,0.91458,0.91468,0.91446,0.91454,1845.0
2026-05-15 15:00:00,0.91454,0.91466,0.91418,0.9142,1467.0
2026-05-15 16:00:00,0.91418,0.91486,0.91412,0.91482,1331.0
2026-05-17 17:00:00,0.914,0.91444,0.914,0.91442,514.0
2026-05-17 18:00:00,0.91446,0.91475,0.9144,0.91454,928.0
2026-05-17 19:00:00,0.91456,0.91457,0.91432,0.9144,1210.0
2026-05-17 20:00:00,0.91442,0.91448,0.91404,0.9143,3165.0
2026-05-17 21:00:00,0.91428,0.91464,0.91422,0.9144,2632.0
2026-05-17 22:00:00,0.9144,0.91454,0.91421,0.91426,1370.0
2026-05-17 23:00:00,0.91426,0.91454,0.91424,0.9144,1057.0
2026-05-18 00:00:00,0.9144,0.91448,0.91433,0.91443,1109.0
2026-05-18 01:00:00,0.91444,0.91444,0.91413,0.91442,1574.0
2026-05-18 02:00:00,0.91442,0.91456,0.9139,0.91398,2272.0
2026-05-18 03:00:00,0.91399,0.91416,0.91331,0.91347,2505.0
2026-05-18 04:00:00,0.91344,0.91378,0.91328,0.9137,2146.0
2026-05-18 05:00:00,0.91372,0.91419,0.91368,0.91402,1588.0
2026-05-18 06:00:00,0.91401,0.91423,0.91376,0.91423,1463.0
2026-05-18 07:00:00,0.91422,0.91478,0.91392,0.91436,3410.0
2026-05-18 08:00:00,0.91436,0.91469,0.91428,0.91462,3366.0
2026-05-18 09:00:00,0.91462,0.9148,0.91418,0.9146,3491.0
2026-05-18 10:00:00,0.9146,0.91495,0.91414,0.9149,3778.0
2026-05-18 11:00:00,0.9149,0.91538,0.91484,0.91513,3346.0
2026-05-18 12:00:00,0.91512,0.91512,0.9144,0.91443,2841.0
2026-05-18 13:00:00,0.91442,0.91456,0.91409,0.9141,1838.0
2026-05-18 14:00:00,0.91409,0.91431,0.91406,0.91414,2260.0
2026-05-18 15:00:00,0.91414,0.91422,0.91379,0.91405,4158.0
2026-05-18 16:00:00,0.91404,0.91436,0.91396,0.91432,1162.0
2026-05-18 17:00:00,0.91459,0.91459,0.91404,0.91445,534.0
2026-05-18 18:00:00,0.91431,0.91446,0.91416,0.91426,674.0
2026-05-18 19:00:00,0.91426,0.91432,0.91417,0.91432,719.0
2026-05-18 20:00:00,0.91432,0.91444,0.91422,0.91439,1873.0
2026-05-18 21:00:00,0.9144,0.9146,0.91438,0.91448,1583.0
2026-05-18 22:00:00,0.9145,0.91473,0.91448,0.91472,1484.0
2026-05-18 23:00:00,0.91472,0.91476,0.91459,0.91474,1032.0
2026-05-19 00:00:00,0.91474,0.91479,0.91446,0.91448,1107.0
2026-05-19 01:00:00,0.9145,0.91461,0.9144,0.91446,1260.0
2026-05-19 02:00:00,0.91444,0.91476,0.91428,0.9145,1952.0
2026-05-19 03:00:00,0.91451,0.9146,0.9136,0.91366,2435.0
2026-05-19 04:00:00,0.91366,0.91482,0.9135,0.91459,2087.0
2026-05-19 05:00:00,0.91462,0.9148,0.91442,0.9146,2175.0
2026-05-19 06:00:00,0.91461,0.91504,0.91442,0.91466,2500.0
2026-05-19 07:00:00,0.91467,0.91504,0.91451,0.91498,2136.0
2026-05-19 08:00:00,0.915,0.91532,0.91485,0.91524,2907.0
2026-05-19 09:00:00,0.91524,0.91647,0.91522,0.91622,4638.0
2026-05-19 10:00:00,0.91623,0.91692,0.91621,0.91662,4910.0
2026-05-19 11:00:00,0.91662,0.91664,0.91593,0.91623,3376.0
2026-05-19 12:00:00,0.91622,0.91633,0.91553,0.91578,2039.0
2026-05-19 13:00:00,0.91575,0.91582,0.91553,0.91568,1820.0
2026-05-19 14:00:00,0.91568,0.91594,0.91562,0.91574,1839.0
2026-05-19 15:00:00,0.91575,0.91576,0.9155,0.91562,1631.0
2026-05-19 16:00:00,0.91562,0.91578,0.91548,0.91565,742.0
2026-05-19 17:00:00,0.91588,0.91588,0.91545,0.91558,424.0
2026-05-19 18:00:00,0.91542,0.91585,0.91542,0.9158,887.0
2026-05-19 19:00:00,0.9158,0.91584,0.91558,0.9156,685.0
2026-05-19 20:00:00,0.91564,0.91586,0.91556,0.91578,2791.0
2026-05-19 21:00:00,0.91578,0.91607,0.9157,0.91606,2687.0
2026-05-19 22:00:00,0.91605,0.91621,0.91594,0.9161,1650.0
2026-05-19 23:00:00,0.91611,0.91625,0.91599,0.91604,1627.0
2026-05-20 00:00:00,0.91604,0.91618,0.91597,0.91612,1282.0
2026-05-20 01:00:00,0.91611,0.91626,0.9159,0.91616,1513.0
2026-05-20 02:00:00,0.91616,0.91662,0.91603,0.91656,2409.0
2026-05-20 03:00:00,0.91656,0.9168,0.91626,0.91634,2324.0
2026-05-20 04:00:00,0.91634,0.91638,0.91569,0.91593,2757.0
2026-05-20 05:00:00,0.91594,0.91648,0.91594,0.91608,1854.0
2026-05-20 06:00:00,0.91608,0.91616,0.9159,0.91612,1718.0
2026-05-20 07:00:00,0.91614,0.91681,0.91609,0.91663,1803.0
2026-05-20 08:00:00,0.91664,0.91702,0.91636,0.91657,2200.0
2026-05-20 09:00:00,0.91658,0.9166,0.91608,0.91631,2677.0
2026-05-20 10:00:00,0.91633,0.91634,0.91456,0.9148,6532.0
2026-05-20 11:00:00,0.9148,0.91546,0.91469,0.91518,6267.0
2026-05-20 12:00:00,0.91519,0.91544,0.91509,0.91521,3506.0
2026-05-20 13:00:00,0.91522,0.91533,0.91499,0.91526,2076.0
2026-05-20 14:00:00,0.91526,0.91534,0.91508,0.91518,1977.0
2026-05-20 15:00:00,0.91516,0.91524,0.91501,0.91508,1579.0
2026-05-20 16:00:00,0.91508,0.91526,0.91498,0.91519,1034.0
2026-05-20 17:00:00,0.91481,0.91506,0.91481,0.915,184.0
2026-05-20 18:00:00,0.91496,0.9151,0.9148,0.91494,567.0
2026-05-20 19:00:00,0.91494,0.9151,0.91486,0.91505,554.0
2026-05-20 20:00:00,0.91505,0.91536,0.91505,0.91522,1331.0
2026-05-20 21:00:00,0.91522,0.91526,0.91444,0.91456,2041.0
2026-05-20 22:00:00,0.91454,0.91488,0.91442,0.91479,1390.0
2026-05-20 23:00:00,0.91481,0.91482,0.91458,0.9147,775.0
2026-05-21 00:00:00,0.9147,0.91472,0.91443,0.91458,798.0
2026-05-21 01:00:00,0.91457,0.91474,0.91445,0.91449,1228.0
2026-05-21 02:00:00,0.9145,0.91498,0.91449,0.91484,1792.0
2026-05-21 03:00:00,0.91486,0.9149,0.9139,0.91414,4163.0
2026-05-21 04:00:00,0.91412,0.91495,0.914,0.91482,3252.0
2026-05-21 05:00:00,0.91484,0.91486,0.91415,0.91418,1846.0
2026-05-21 06:00:00,0.91418,0.9147,0.91378,0.91466,2987.0
2026-05-21 07:00:00,0.91466,0.91469,0.91404,0.91426,2576.0
2026-05-21 08:00:00,0.91426,0.91488,0.91417,0.91478,3067.0
2026-05-21 09:00:00,0.9148,0.91528,0.91469,0.91494,4593.0
2026-05-21 10:00:00,0.91493,0.91517,0.91436,0.9145,4265.0
2026-05-21 11:00:00,0.9145,0.91475,0.91425,0.91472,3904.0
2026-05-21 12:00:00,0.91473,0.91487,0.91452,0.91472,2201.0
2026-05-21 13:00:00,0.91472,0.9148,0.91383,0.91398,4979.0
2026-05-21 14:00:00,0.91396,0.91432,0.91386,0.91424,3588.0
2026-05-21 15:00:00,0.91425,0.91426,0.91362,0.91365,2560.0
2026-05-21 16:00:00,0.91366,0.91399,0.9136,0.9139,1071.0
2026-05-21 17:00:00,0.91422,0.91431,0.91391,0.91398,572.0
2026-05-21 18:00:00,0.91406,0.91406,0.91375,0.91382,855.0
2026-05-21 19:00:00,0.9138,0.91398,0.9138,0.91386,473.0
2026-05-21 20:00:00,0.91384,0.91396,0.91377,0.91396,1132.0
2026-05-21 21:00:00,0.91396,0.91404,0.91379,0.91384,1280.0
2026-05-21 22:00:00,0.91383,0.91388,0.91351,0.91354,815.0
2026-05-21 23:00:00,0.91354,0.91362,0.9135,0.9136,591.0
2026-05-22 00:00:00,0.9136,0.91364,0.9133,0.91338,506.0
2026-05-22 01:00:00,0.91336,0.91376,0.91334,0.91372,1007.0
2026-05-22 02:00:00,0.91369,0.91382,0.91337,0.91337,1894.0
2026-05-22 03:00:00,0.9134,0.91386,0.91254,0.91267,1884.0
2026-05-22 04:00:00,0.91266,0.91285,0.91216,0.91264,2180.0
2026-05-22 05:00:00,0.91263,0.91264,0.91199,0.91231,1786.0
2026-05-22 06:00:00,0.91232,0.9125,0.9119,0.91248,1400.0
2026-05-22 07:00:00,0.9125,0.91256,0.91186,0.9119,1737.0
2026-05-22 08:00:00,0.9119,0.91208,0.91168,0.91188,2285.0
2026-05-22 09:00:00,0.91187,0.91202,0.91135,0.9119,3269.0
2026-05-22 10:00:00,0.9119,0.91258,0.91146,0.91152,3540.0
2026-05-22 11:00:00,0.91152,0.91186,0.91144,0.9117,2697.0
2026-05-22 12:00:00,0.9117,0.91173,0.91056,0.9107,2560.0
2026-05-22 13:00:00,0.9107,0.91111,0.91048,0.91098,2943.0
2026-05-22 14:00:00,0.91098,0.9111,0.91074,0.9109,1433.0
2026-05-22 15:00:00,0.9109,0.91113,0.91085,0.91094,1292.0
2026-05-22 16:00:00,0.91092,0.91108,0.91064,0.91104,1184.0
2026-05-24 17:00:00,0.91312,0.91312,0.91202,0.91296,1167.0
2026-05-24 18:00:00,0.91288,0.91288,0.91052,0.91052,1472.0
2026-05-24 19:00:00,0.91052,0.91078,0.91048,0.91078,1041.0
2026-05-24 20:00:00,0.9108,0.91081,0.91043,0.91048,1800.0
2026-05-24 21:00:00,0.91051,0.91051,0.91028,0.91037,1739.0
2026-05-24 22:00:00,0.91036,0.91037,0.91016,0.9102,977.0
2026-05-24 23:00:00,0.91021,0.91034,0.91014,0.91031,975.0
2026-05-25 00:00:00,0.9103,0.91042,0.91028,0.9103,629.0
2026-05-25 01:00:00,0.9103,0.91038,0.91018,0.91034,923.0
2026-05-25 02:00:00,0.91036,0.91044,0.9099,0.90994,1240.0
2026-05-25 03:00:00,0.90992,0.91008,0.90974,0.91004,1511.0
2026-05-25 04:00:00,0.91002,0.91038,0.9099,0.9102,1170.0
2026-05-25 05:00:00,0.91019,0.91024,0.90978,0.90988,766.0
2026-05-25 06:00:00,0.90988,0.90998,0.90967,0.9098,657.0
2026-05-25 07:00:00,0.9098,0.90994,0.9097,0.90984,996.0
2026-05-25 08:00:00,0.90984,0.90996,0.90968,0.90983,1454.0
2026-05-25 09:00:00,0.90983,0.91193,0.90982,0.91152,1709.0
2026-05-25 10:00:00,0.91153,0.91186,0.91148,0.91159,1318.0
2026-05-25 11:00:00,0.91158,0.91208,0.9114,0.91145,1554.0
2026-05-25 12:00:00,0.91146,0.91175,0.91146,0.91154,997.0
2026-05-25 13:00:00,0.91153,0.9116,0.91126,0.91127,419.0
2026-05-25 14:00:00,0.91126,0.91128,0.91112,0.91116,263.0
2026-05-25 15:00:00,0.91117,0.91124,0.91109,0.91112,218.0
2026-05-25 16:00:00,0.91112,0.91134,0.91112,0.91125,426.0
2026-05-25 17:00:00,0.91108,0.91152,0.91108,0.91152,229.0
2026-05-25 18:00:00,0.9115,0.91155,0.91111,0.91128,606.0
2026-05-25 19:00:00,0.91128,0.91143,0.91126,0.91142,627.0
2026-05-25 20:00:00,0.91142,0.91182,0.91142,0.91168,1614.0
2026-05-25 21:00:00,0.91166,0.9117,0.91148,0.91149,1175.0
2026-05-25 22:00:00,0.91148,0.9116,0.91143,0.9115,831.0
2026-05-25 23:00:00,0.91152,0.91152,0.91105,0.91108,578.0
2026-05-26 00:00:00,0.91108,0.9112,0.91094,0.91116,598.0
2026-05-26 01:00:00,0.91118,0.91152,0.91106,0.91148,932.0
2026-05-26 02:00:00,0.91147,0.91348,0.91144,0.91318,2081.0
2026-05-26 03:00:00,0.91318,0.91328,0.91258,0.91285,2179.0
2026-05-26 04:00:00,0.91286,0.9132,0.91275,0.91304,1462.0
2026-05-26 05:00:00,0.91304,0.91327,0.9126,0.91309,1555.0
2026-05-26 06:00:00,0.9131,0.91344,0.91278,0.91332,1524.0
2026-05-26 07:00:00,0.91336,0.91378,0.91326,0.91374,1814.0
2026-05-26 08:00:00,0.91373,0.91376,0.91317,0.91323,1771.0
2026-05-26 09:00:00,0.91322,0.91345,0.91266,0.91288,2838.0
2026-05-26 10:00:00,0.91291,0.9131,0.91233,0.91308,2997.0
2026-05-26 11:00:00,0.91308,0.9136,0.91303,0.91332,2221.0
2026-05-26 12:00:00,0.9133,0.91364,0.91326,0.9134,1550.0
2026-05-26 13:00:00,0.91341,0.91359,0.91333,0.91358,1217.0
2026-05-26 14:00:00,0.91358,0.91378,0.91352,0.91374,1170.0
2026-05-26 15:00:00,0.91373,0.91408,0.91372,0.91404,1012.0
2026-05-26 16:00:00,0.91405,0.91408,0.91384,0.91392,562.0
2026-05-26 17:00:00,0.9139,0.91408,0.91385,0.91389,801.0
2026-05-26 18:00:00,0.914,0.91402,0.91373,0.91374,606.0
2026-05-26 19:00:00,0.91374,0.91382,0.91366,0.91371,661.0
2026-05-26 20:00:00,0.9137,0.91396,0.91364,0.91384,1134.0
2026-05-26 21:00:00,0.91383,0.91401,0.91373,0.91392,1294.0
2026-05-26 22:00:00,0.91391,0.91412,0.91378,0.91408,1014.0
2026-05-26 23:00:00,0.91408,0.91409,0.91386,0.91406,765.0
2026-05-27 00:00:00,0.91407,0.91408,0.91398,0.91403,492.0
2026-05-27 01:00:00,0.91404,0.9142,0.91396,0.91409,761.0
2026-05-27 02:00:00,0.9141,0.9146,0.914,0.914,1436.0
2026-05-27 03:00:00,0.914,0.91478,0.91376,0.91455,1709.0
2026-05-27 04:00:00,0.91457,0.9155,0.91437,0.91546,1722.0
2026-05-27 05:00:00,0.91546,0.91546,0.9148,0.91498,1553.0
2026-05-27 06:00:00,0.91496,0.91512,0.91462,0.9149,1462.0
2026-05-27 07:00:00,0.9149,0.91544,0.91482,0.91528,1726.0
2026-05-27 08:00:00,0.91528,0.91537,0.91424,0.91436,4604.0
2026-05-27 09:00:00,0.91439,0.91458,0.91414,0.9143,3701.0
2026-05-27 10:00:00,0.91429,0.91488,0.91404,0.91461,4298.0
2026-05-27 11:00:00,0.91462,0.9154,0.91449,0.9154,2975.0
2026-05-27 12:00:00,0.91541,0.91562,0.91494,0.91496,1971.0
2026-05-27 13:00:00,0.91495,0.91524,0.91491,0.91504,1600.0
2026-05-27 14:00:00,0.91504,0.9152,0.91482,0.91504,1505.0
2026-05-27 15:00:00,0.91504,0.9152,0.91492,0.91515,916.0
2026-05-27 16:00:00,0.91514,0.91524,0.91503,0.91508,649.0
2026-05-27 17:00:00,0.91506,0.91516,0.91472,0.91492,806.0
2026-05-27 18:00:00,0.91497,0.91516,0.91488,0.91505,611.0
2026-05-27 19:00:00,0.91504,0.91541,0.91504,0.91534,772.0
2026-05-27 20:00:00,0.91535,0.91568,0.91533,0.91552,1429.0
2026-05-27 21:00:00,0.91552,0.9158,0.91552,0.9156,1413.0
2026-05-27 22:00:00,0.91562,0.9157,0.91539,0.91566,1084.0
2026-05-27 23:00:00,0.91566,0.91601,0.91524,0.91524,2205.0
2026-05-28 00:00:00,0.91524,0.91549,0.91514,0.91524,1511.0
2026-05-28 01:00:00,0.91524,0.91526,0.9148,0.91482,1361.0
2026-05-28 02:00:00,0.91486,0.91502,0.91449,0.9146,1600.0
2026-05-28 03:00:00,0.91458,0.91538,0.91444,0.91532,2148.0
2026-05-28 04:00:00,0.91531,0.91648,0.91526,0.91634,1952.0
2026-05-28 05:00:00,0.91634,0.9167,0.91579,0.9165,1494.0
2026-05-28 06:00:00,0.91651,0.91696,0.91646,0.91648,1751.0
2026-05-28 07:00:00,0.91651,0.91682,0.9162,0.91648,1870.0
2026-05-28 08:00:00,0.91647,0.91674,0.91546,0.9156,3070.0
2026-05-28 09:00:00,0.91557,0.9159,0.9151,0.9155,2599.0
2026-05-28 10:00:00,0.91552,0.91581,0.91396,0.91414,6240.0
2026-05-28 11:00:00,0.91412,0.91436,0.91375,0.91386,2704.0
2026-05-28 12:00:00,0.91386,0.91396,0.91335,0.91342,2587.0
2026-05-28 13:00:00,0.91342,0.91366,0.91322,0.91322,1490.0
2026-05-28 14:00:00,0.91322,0.91337,0.91302,0.91334,1603.0
2026-05-28 15:00:00,0.91333,0.91335,0.91294,0.91304,1388.0
2026-05-28 16:00:00,0.91303,0.91338,0.91296,0.91338,721.0
2026-05-28 17:00:00,0.91328,0.9134,0.91322,0.91327,146.0
2026-05-28 18:00:00,0.91325,0.91334,0.91304,0.91333,968.0
2026-05-28 19:00:00,0.91333,0.91339,0.91323,0.91338,526.0
2026-05-28 20:00:00,0.91336,0.91346,0.91306,0.91309,1296.0
2026-05-28 21:00:00,0.9131,0.9131,0.91276,0.91294,1487.0
2026-05-28 22:00:00,0.91294,0.91306,0.91284,0.91304,711.0
2026-05-28 23:00:00,0.91303,0.91315,0.9129,0.91296,1019.0
2026-05-29 00:00:00,0.91296,0.91298,0.9126,0.91266,829.0
2026-05-29 01:00:00,0.91264,0.91273,0.9126,0.91262,777.0
2026-05-29 02:00:00,0.91262,0.91322,0.91252,0.91284,1626.0
2026-05-29 03:00:00,0.91286,0.913,0.91217,0.91243,2080.0
2026-05-29 04:00:00,0.91242,0.91286,0.91194,0.91208,2267.0
2026-05-29 05:00:00,0.91206,0.91249,0.9118,0.91208,1844.0
2026-05-29 06:00:00,0.91207,0.9123,0.9113,0.91132,1477.0
2026-05-29 07:00:00,0.91134,0.91153,0.91094,0.91105,1866.0
2026-05-29 08:00:00,0.91104,0.91122,0.91006,0.91026,2268.0
2026-05-29 09:00:00,0.91025,0.9108,0.90974,0.9101,2683.0
2026-05-29 10:00:00,0.91012,0.91238,0.90986,0.91232,5482.0
2026-05-29 11:00:00,0.91234,0.91311,0.91156,0.91222,4983.0
2026-05-29 12:00:00,0.91222,0.91236,0.91194,0.91202,2455.0
2026-05-29 13:00:00,0.91202,0.91261,0.91197,0.91256,1609.0
2026-05-29 14:00:00,0.91255,0.91262,0.9108,0.91112,2588.0
2026-05-29 15:00:00,0.91112,0.91112,0.91005,0.91038,1788.0
2026-05-29 16:00:00,0.91035,0.911,0.91027,0.91076,1532.0
2026-05-31 17:00:00,0.91099,0.91162,0.91046,0.91136,1555.0
2026-05-31 18:00:00,0.91152,0.91152,0.91079,0.9109,1287.0
2026-05-31 19:00:00,0.9109,0.91108,0.91078,0.9108,1843.0
2026-05-31 20:00:00,0.91081,0.91182,0.91078,0.91171,3119.0
2026-05-31 21:00:00,0.91171,0.91182,0.91152,0.91181,1620.0
2026-05-31 22:00:00,0.9118,0.91219,0.91178,0.91204,1384.0
2026-05-31 23:00:00,0.91204,0.91207,0.91184,0.91193,1209.0
2026-06-01 00:00:00,0.91192,0.91212,0.91191,0.91204,619.0
2026-06-01 01:00:00,0.91203,0.91218,0.91178,0.91183,1164.0
2026-06-01 02:00:00,0.91184,0.91249,0.91175,0.91225,2256.0
2026-06-01 03:00:00,0.91224,0.9131,0.91201,0.9129,2560.0
2026-06-01 04:00:00,0.91289,0.91327,0.91272,0.91295,1725.0
2026-06-01 05:00:00,0.91296,0.91363,0.91284,0.91344,1834.0
2026-06-01 06:00:00,0.91344,0.91372,0.91301,0.91308,1527.0
2026-06-01 07:00:00,0.91306,0.91318,0.91274,0.91309,1521.0
2026-06-01 08:00:00,0.91308,0.91445,0.91276,0.91444,2608.0
2026-06-01 09:00:00,0.91443,0.91541,0.91435,0.91495,6161.0
2026-06-01 10:00:00,0.91485,0.91549,0.91452,0.91466,5116.0
2026-06-01 11:00:00,0.91469,0.9149,0.91401,0.91454,3608.0
2026-06-01 12:00:00,0.91452,0.91509,0.91424,0.91456,2472.0
2026-06-01 13:00:00,0.91454,0.91486,0.91434,0.9147,2494.0
2026-06-01 14:00:00,0.9147,0.91485,0.91454,0.91466,1168.0
2026-06-01 15:00:00,0.91466,0.915,0.91465,0.91494,1182.0
2026-06-01 16:00:00,0.91493,0.91523,0.91478,0.91508,948.0
2026-06-01 17:00:00,0.91478,0.9153,0.91466,0.91487,3125.0
2026-06-01 18:00:00,0.91481,0.91528,0.91481,0.91524,515.0
2026-06-01 19:00:00,0.91525,0.91528,0.91489,0.91496,498.0
2026-06-01 20:00:00,0.91493,0.91538,0.9149,0.9153,1633.0
2026-06-01 21:00:00,0.91529,0.9155,0.9151,0.9152,1424.0
2026-06-01 22:00:00,0.91523,0.91523,0.91502,0.91504,623.0
2026-06-01 23:00:00,0.91503,0.91508,0.9149,0.91505,658.0
2026-06-02 00:00:00,0.91504,0.91521,0.91488,0.91499,682.0
2026-06-02 01:00:00,0.91498,0.9153,0.91492,0.91506,1004.0
2026-06-02 02:00:00,0.91505,0.91513,0.914,0.91418,2349.0
2026-06-02 03:00:00,0.91415,0.91483,0.91392,0.91442,2267.0
2026-06-02 04:00:00,0.91439,0.91538,0.91406,0.91518,1780.0
2026-06-02 05:00:00,0.91518,0.91524,0.91474,0.91503,1372.0
2026-06-02 06:00:00,0.915,0.91518,0.91448,0.91456,1277.0
2026-06-02 07:00:00,0.91454,0.91495,0.91435,0.9146,1487.0
2026-06-02 08:00:00,0.9146,0.91566,0.91459,0.9154,1732.0
2026-06-02 09:00:00,0.91538,0.91588,0.91496,0.91576,2690.0
2026-06-02 10:00:00,0.91578,0.91602,0.91518,0.91519,2794.0
2026-06-02 11:00:00,0.91521,0.9153,0.91474,0.91484,2144.0
2026-06-02 12:00:00,0.91483,0.91564,0.91478,0.91535,1352.0
2026-06-02 13:00:00,0.91533,0.91566,0.91523,0.91554,1215.0
2026-06-02 14:00:00,0.91553,0.91575,0.91546,0.9156,1398.0
2026-06-02 15:00:00,0.9156,0.91581,0.9154,0.91544,1111.0
2026-06-02 16:00:00,0.91545,0.91586,0.9154,0.91568,765.0
2026-06-02 17:00:00,0.9157,0.916,0.91526,0.91551,2859.0
2026-06-02 18:00:00,0.91564,0.91564,0.91529,0.91554,652.0
2026-06-02 19:00:00,0.91556,0.91622,0.91552,0.91622,858.0
2026-06-02 20:00:00,0.91625,0.9163,0.9159,0.91604,1179.0
2026-06-02 21:00:00,0.91603,0.91619,0.91593,0.9161,1202.0
2026-06-02 22:00:00,0.91608,0.91619,0.91592,0.91605,806.0
2026-06-02 23:00:00,0.9161,0.91648,0.91606,0.91646,747.0
2026-06-03 00:00:00,0.91646,0.91669,0.91636,0.91653,604.0
2026-06-03 01:00:00,0.91652,0.91665,0.9163,0.91636,881.0
2026-06-03 02:00:00,0.91638,0.91683,0.91634,0.9165,1929.0
2026-06-03 03:00:00,0.91648,0.91704,0.91614,0.9169,2719.0
2026-06-03 04:00:00,0.9169,0.91695,0.91622,0.91648,2061.0
2026-06-03 05:00:00,0.91647,0.9168,0.91622,0.91675,1457.0
2026-06-03 06:00:00,0.91674,0.91708,0.91648,0.91658,2051.0
2026-06-03 07:00:00,0.91658,0.91668,0.91617,0.9163,1280.0
2026-06-03 08:00:00,0.91632,0.91686,0.91623,0.91686,2519.0
2026-06-03 09:00:00,0.91684,0.91706,0.9165,0.91688,2803.0
2026-06-03 10:00:00,0.91696,0.91779,0.91662,0.91742,3857.0
2026-06-03 11:00:00,0.91742,0.91784,0.91728,0.91772,2872.0
2026-06-03 12:00:00,0.9177,0.91887,0.9177,0.91866,2312.0
2026-06-03 13:00:00,0.91866,0.91924,0.91864,0.91907,1117.0
2026-06-03 14:00:00,0.91906,0.91924,0.91896,0.91902,959.0
2026-06-03 15:00:00,0.919,0.91902,0.9187,0.91872,900.0
2026-06-03 16:00:00,0.91872,0.919,0.91864,0.91872,705.0
2026-06-03 17:00:00,0.91878,0.91887,0.91866,0.91878,3926.0
2026-06-03 18:00:00,0.91878,0.91878,0.91843,0.91847,958.0
2026-06-03 19:00:00,0.91846,0.91859,0.91834,0.91839,907.0
2026-06-03 20:00:00,0.91838,0.91848,0.91818,0.91838,1441.0
2026-06-03 21:00:00,0.91837,0.91844,0.91798,0.91798,1296.0
2026-06-03 22:00:00,0.91796,0.9181,0.91772,0.91778,751.0
2026-06-03 23:00:00,0.91776,0.91815,0.91772,0.91805,745.0
2026-06-04 00:00:00,0.91805,0.9181,0.9179,0.9179,656.0
2026-06-04 01:00:00,0.91792,0.91816,0.91782,0.91784,771.0
2026-06-04 02:00:00,0.91782,0.91892,0.91763,0.91878,1983.0
2026-06-04 03:00:00,0.91878,0.919,0.91846,0.91886,1825.0
2026-06-04 04:00:00,0.91886,0.91906,0.91814,0.91852,1781.0
2026-06-04 05:00:00,0.9185,0.91858,0.91811,0.91825,1883.0
2026-06-04 06:00:00,0.91826,0.91838,0.91784,0.91819,1632.0
2026-06-04 07:00:00,0.91818,0.91819,0.9162,0.91634,3242.0
2026-06-04 08:00:00,0.91634,0.9168,0.91626,0.91666,2631.0
2026-06-04 09:00:00,0.91666,0.91717,0.91646,0.91692,2437.0
2026-06-04 10:00:00,0.91692,0.91761,0.91664,0.91682,2686.0
2026-06-04 11:00:00,0.91682,0.91715,0.91654,0.91692,2299.0
2026-06-04 12:00:00,0.91694,0.91705,0.91675,0.91694,1021.0
2026-06-04 13:00:00,0.91696,0.91704,0.91674,0.9168,801.0
2026-06-04 14:00:00,0.9168,0.91691,0.91656,0.91672,1010.0
2026-06-04 15:00:00,0.9167,0.91681,0.91656,0.91659,652.0
2026-06-04 16:00:00,0.91658,0.91682,0.91656,0.91674,457.0
2026-06-04 17:00:00,0.91668,0.917,0.91662,0.9167,3019.0
2026-06-04 18:00:00,0.91676,0.91686,0.91664,0.91676,661.0
2026-06-04 19:00:00,0.91674,0.91674,0.91643,0.91645,323.0
2026-06-04 20:00:00,0.91647,0.91662,0.9162,0.91639,1182.0
2026-06-04 21:00:00,0.9164,0.91682,0.91628,0.91676,946.0
2026-06-04 22:00:00,0.91676,0.9168,0.91662,0.91674,700.0
2026-06-04 23:00:00,0.91674,0.91684,0.91671,0.91675,532.0
2026-06-05 00:00:00,0.91674,0.91675,0.91657,0.91664,655.0
2026-06-05 01:00:00,0.91663,0.91671,0.91651,0.91668,667.0
2026-06-05 02:00:00,0.91664,0.91671,0.91585,0.91614,1553.0
2026-06-05 03:00:00,0.91614,0.9166,0.9157,0.91645,1722.0
2026-06-05 04:00:00,0.91648,0.91722,0.91631,0.91714,1420.0
2026-06-05 05:00:00,0.91714,0.91732,0.91677,0.91682,1586.0
2026-06-05 06:00:00,0.91684,0.91712,0.91655,0.91685,1034.0
2026-06-05 07:00:00,0.91684,0.91754,0.91652,0.91742,1545.0
2026-06-05 08:00:00,0.91745,0.91897,0.91726,0.91896,5003.0
2026-06-05 09:00:00,0.91897,0.91914,0.91788,0.91823,6383.0
2026-06-05 10:00:00,0.9182,0.91858,0.9177,0.91793,4916.0
2026-06-05 11:00:00,0.91794,0.91799,0.91716,0.9175,3418.0
2026-06-05 12:00:00,0.9175,0.91758,0.91711,0.9172,2852.0
2026-06-05 13:00:00,0.9172,0.91792,0.9172,0.91782,1858.0
2026-06-05 14:00:00,0.91782,0.91788,0.91746,0.91748,1621.0
2026-06-05 15:00:00,0.9175,0.91766,0.91737,0.91748,1404.0
2026-06-05 16:00:00,0.91748,0.91774,0.91727,0.91757,1994.0
2026-06-07 17:00:00,0.91738,0.91758,0.91657,0.91712,852.0
2026-06-07 18:00:00,0.91706,0.91784,0.917,0.9178,1865.0
2026-06-07 19:00:00,0.91779,0.91794,0.91762,0.91776,823.0
2026-06-07 20:00:00,0.91776,0.91802,0.9176,0.91785,1615.0
2026-06-07 21:00:00,0.91784,0.91912,0.91766,0.9191,4107.0
2026-06-07 22:00:00,0.91909,0.91982,0.91906,0.91947,1593.0
2026-06-07 23:00:00,0.91944,0.9195,0.91892,0.91894,462.0
2026-06-08 00:00:00,0.91894,0.91904,0.91868,0.91882,680.0
2026-06-08 01:00:00,0.91881,0.91931,0.91869,0.91888,1573.0
2026-06-08 02:00:00,0.91882,0.91892,0.91824,0.91828,2237.0
2026-06-08 03:00:00,0.91829,0.91912,0.91822,0.91894,2548.0
2026-06-08 04:00:00,0.91896,0.91918,0.91844,0.91852,2465.0
2026-06-08 05:00:00,0.91851,0.9188,0.9184,0.91872,2065.0
2026-06-08 06:00:00,0.91873,0.91905,0.9185,0.91884,2363.0
2026-06-08 07:00:00,0.91885,0.91909,0.91848,0.91892,2940.0
2026-06-08 08:00:00,0.91893,0.919,0.91845,0.91856,2642.0
2026-06-08 09:00:00,0.91854,0.91916,0.91808,0.9191,3931.0
2026-06-08 10:00:00,0.91908,0.9201,0.91896,0.91988,3768.0
2026-06-08 11:00:00,0.9199,0.92052,0.91967,0.92034,2918.0
2026-06-08 12:00:00,0.92036,0.9204,0.91996,0.92017,1725.0
2026-06-08 13:00:00,0.92018,0.9205,0.92004,0.9201,1715.0
2026-06-08 14:00:00,0.9201,0.92019,0.91983,0.91988,1254.0
2026-06-08 15:00:00,0.91992,0.92042,0.91982,0.92039,1454.0
2026-06-08 16:00:00,0.92038,0.92046,0.91998,0.92001,729.0
2026-06-08 17:00:00,0.92022,0.92038,0.92006,0.92022,288.0
2026-06-08 18:00:00,0.9203,0.92032,0.92009,0.92016,509.0
2026-06-08 19:00:00,0.92016,0.92023,0.9201,0.92018,526.0
2026-06-08 20:00:00,0.92019,0.92044,0.92015,0.92028,1327.0
2026-06-08 21:00:00,0.92028,0.92052,0.92004,0.92012,1599.0
2026-06-08 22:00:00,0.92012,0.92028,0.91998,0.92022,1226.0
2026-06-08 23:00:00,0.92023,0.9203,0.92011,0.9202,918.0
2026-06-09 00:00:00,0.9202,0.92034,0.92011,0.92014,807.0
2026-06-09 01:00:00,0.92013,0.9202,0.91944,0.91946,1472.0
2026-06-09 02:00:00,0.91946,0.92006,0.91933,0.91935,1783.0
2026-06-09 03:00:00,0.91936,0.9198,0.91924,0.91976,2090.0
2026-06-09 04:00:00,0.91978,0.92002,0.9195,0.91994,1706.0
2026-06-09 05:00:00,0.91996,0.9208,0.9199,0.92074,1357.0
2026-06-09 06:00:00,0.92076,0.92117,0.92066,0.92088,1089.0
2026-06-09 07:00:00,0.92088,0.92091,0.92058,0.92074,1219.0
2026-06-09 08:00:00,0.92075,0.92104,0.92036,0.92092,1547.0
2026-06-09 09:00:00,0.92092,0.92103,0.92011,0.92064,3183.0
2026-06-09 10:00:00,0.92064,0.92182,0.92062,0.9213,3697.0
2026-06-09 11:00:00,0.92131,0.9216,0.921,0.92114,3899.0
2026-06-09 12:00:00,0.92112,0.92146,0.92108,0.92132,4841.0
2026-06-09 13:00:00,0.9213,0.92162,0.92106,0.92106,2968.0
2026-06-09 14:00:00,0.92107,0.92166,0.92104,0.92152,1843.0
2026-06-09 15:00:00,0.92154,0.92184,0.9215,0.9217,1782.0
2026-06-09 16:00:00,0.92173,0.92175,0.92137,0.92144,751.0
2026-06-09 17:00:00,0.92136,0.92192,0.92112,0.92128,464.0
2026-06-09 18:00:00,0.92136,0.92189,0.92126,0.92174,678.0
2026-06-09 19:00:00,0.92174,0.9221,0.92172,0.922,746.0
2026-06-09 20:00:00,0.922,0.92214,0.9218,0.92205,1758.0
2026-06-09 21:00:00,0.92206,0.9223,0.9219,0.92229,2281.0
2026-06-09 22:00:00,0.9223,0.92258,0.92212,0.92257,964.0
2026-06-09 23:00:00,0.92257,0.92274,0.9225,0.92266,1202.0
2026-06-10 00:00:00,0.92266,0.92288,0.92256,0.9227,942.0
2026-06-10 01:00:00,0.92268,0.92276,0.92206,0.92208,1273.0
2026-06-10 02:00:00,0.92206,0.92236,0.92148,0.92203,1905.0
2026-06-10 03:00:00,0.92202,0.92272,0.92195,0.92252,1614.0
2026-06-10 04:00:00,0.9225,0.92301,0.92238,0.92296,1781.0
2026-06-10 05:00:00,0.92297,0.92316,0.92264,0.9229,1849.0
2026-06-10 06:00:00,0.92292,0.923,0.92234,0.92266,1456.0
2026-06-10 07:00:00,0.92266,0.92272,0.9219,0.92214,3548.0
2026-06-10 08:00:00,0.92214,0.92246,0.92146,0.92184,4169.0
2026-06-10 09:00:00,0.92184,0.92202,0.92167,0.92195,3655.0
2026-06-10 10:00:00,0.92194,0.9221,0.92167,0.92174,3981.0
2026-06-10 11:00:00,0.92178,0.92248,0.92174,0.92216,4213.0
2026-06-10 12:00:00,0.92213,0.92272,0.92203,0.92261,2537.0
2026-06-10 13:00:00,0.9226,0.92298,0.92247,0.92284,2289.0
2026-06-10 14:00:00,0.92282,0.92322,0.92268,0.92317,1893.0
2026-06-10 15:00:00,0.92318,0.92348,0.92302,0.92327,1839.0
2026-06-10 16:00:00,0.92325,0.9233,0.9228,0.9229,1018.0
2026-06-10 17:00:00,0.92216,0.9229,0.92194,0.9223,2692.0
2026-06-10 18:00:00,0.92232,0.92292,0.92232,0.92272,1281.0
2026-06-10 19:00:00,0.92273,0.92296,0.92262,0.92282,2310.0
2026-06-10 20:00:00,0.9228,0.92284,0.92242,0.92252,3014.0
2026-06-10 21:00:00,0.92252,0.92252,0.92212,0.92236,2163.0
2026-06-10 22:00:00,0.92234,0.92236,0.92208,0.92222,1334.0
2026-06-10 23:00:00,0.92222,0.92226,0.92208,0.9221,1106.0
2026-06-11 00:00:00,0.92208,0.9222,0.92198,0.922,1185.0
2026-06-11 01:00:00,0.92199,0.92213,0.92189,0.92194,1408.0
2026-06-11 02:00:00,0.92192,0.92222,0.9219,0.9221,1351.0
2026-06-11 03:00:00,0.92212,0.9228,0.9221,0.92274,2283.0
2026-06-11 04:00:00,0.92275,0.92286,0.92242,0.9227,1705.0
2026-06-11 05:00:00,0.92269,0.92283,0.92219,0.92222,1461.0
2026-06-11 06:00:00,0.92222,0.9223,0.9218,0.92209,1381.0
2026-06-11 07:00:00,0.9221,0.92238,0.92168,0.92183,1729.0
2026-06-11 08:00:00,0.92182,0.92266,0.92176,0.9221,5295.0
2026-06-11 09:00:00,0.92208,0.9222,0.92152,0.92185,4817.0
2026-06-11 10:00:00,0.92186,0.92236,0.92174,0.92187,3806.0
2026-06-11 11:00:00,0.92188,0.92213,0.92146,0.92196,3242.0
2026-06-11 12:00:00,0.92196,0.92204,0.9215,0.92183,2338.0
2026-06-11 13:00:00,0.92182,0.9221,0.921,0.9214,6587.0
2026-06-11 14:00:00,0.92143,0.9218,0.92092,0.92115,4485.0
2026-06-11 15:00:00,0.92114,0.92119,0.92038,0.92057,4091.0
2026-06-11 16:00:00,0.92055,0.92058,0.91976,0.92032,1945.0
2026-06-11 17:00:00,0.92048,0.9207,0.91992,0.92008,569.0
2026-06-11 18:00:00,0.92008,0.92034,0.91992,0.92034,1019.0
2026-06-11 19:00:00,0.92034,0.92048,0.92011,0.92038,1059.0
2026-06-11 20:00:00,0.92039,0.92087,0.92029,0.9208,1954.0
2026-06-11 21:00:00,0.92076,0.9208,0.9205,0.92064,1513.0
2026-06-11 22:00:00,0.92064,0.92093,0.92062,0.92092,1080.0
2026-06-11 23:00:00,0.92092,0.92098,0.92074,0.92082,1484.0
2026-06-12 00:00:00,0.92081,0.92098,0.92078,0.92096,1002.0
2026-06-12 01:00:00,0.92096,0.9211,0.92072,0.92078,1578.0
2026-06-12 02:00:00,0.92076,0.92186,0.92064,0.92152,2269.0
2026-06-12 03:00:00,0.92142,0.92181,0.92104,0.92124,2891.0
2026-06-12 04:00:00,0.92122,0.92165,0.9207,0.92114,3296.0
2026-06-12 05:00:00,0.92115,0.92158,0.9209,0.92142,2528.0
2026-06-12 06:00:00,0.92144,0.92154,0.92106,0.9214,2076.0
2026-06-12 07:00:00,0.92138,0.92184,0.9213,0.92138,2012.0
2026-06-12 08:00:00,0.92138,0.922,0.92131,0.92178,2484.0
2026-06-12 09:00:00,0.92178,0.92248,0.9216,0.92242,3991.0
2026-06-12 10:00:00,0.92242,0.92259,0.92182,0.92187,4036.0
2026-06-12 11:00:00,0.92186,0.92209,0.92163,0.92172,3780.0
2026-06-12 12:00:00,0.92176,0.92215,0.92156,0.92198,2746.0
2026-06-12 13:00:00,0.92197,0.92218,0.92169,0.92214,1763.0
2026-06-12 14:00:00,0.92214,0.9222,0.92196,0.92216,1227.0
2026-06-12 15:00:00,0.92216,0.92221,0.92188,0.92195,1239.0
2026-06-12 16:00:00,0.92194,0.9221,0.92176,0.92202,937.0
2026-06-14 17:00:00,0.922,0.923,0.92165,0.92209,1007.0
2026-06-14 18:00:00,0.92232,0.92247,0.92134,0.92142,2830.0
2026-06-14 19:00:00,0.92142,0.92152,0.92122,0.92123,1542.0
2026-06-14 20:00:00,0.92123,0.92162,0.921,0.92161,2324.0
2026-06-14 21:00:00,0.9216,0.9217,0.92132,0.92164,1514.0
2026-06-14 22:00:00,0.92162,0.92166,0.92112,0.92123,996.0
2026-06-14 23:00:00,0.92122,0.92126,0.9211,0.9212,812.0
2026-06-15 00:00:00,0.9212,0.92139,0.92118,0.92134,725.0
2026-06-15 01:00:00,0.92135,0.92155,0.92101,0.92117,1298.0
2026-06-15 02:00:00,0.92118,0.9219,0.92116,0.92128,2461.0
2026-06-15 03:00:00,0.92128,0.92129,0.92039,0.92077,2453.0
2026-06-15 04:00:00,0.92078,0.92084,0.92004,0.92041,2108.0
2026-06-15 05:00:00,0.92041,0.92082,0.92018,0.9206,1561.0
2026-06-15 06:00:00,0.92058,0.92076,0.92006,0.92046,1350.0
2026-06-15 07:00:00,0.92048,0.92111,0.92034,0.92108,1789.0
2026-06-15 08:00:00,0.92109,0.92122,0.92078,0.92082,1743.0
2026-06-15 09:00:00,0.92082,0.92094,0.9203,0.9205,2616.0
2026-06-15 10:00:00,0.9205,0.92082,0.92009,0.9201,2685.0
2026-06-15 11:00:00,0.92014,0.92058,0.92008,0.92058,2062.0
2026-06-15 12:00:00,0.9206,0.921,0.92058,0.92088,1478.0
2026-06-15 13:00:00,0.92088,0.92092,0.92068,0.92078,852.0
2026-06-15 14:00:00,0.92078,0.92083,0.9206,0.92064,1106.0
2026-06-15 15:00:00,0.92065,0.92098,0.92064,0.92093,1205.0
2026-06-15 16:00:00,0.92091,0.92109,0.92072,0.92106,858.0
2026-06-15 17:00:00,0.921,0.92155,0.92046,0.92089,1081.0
2026-06-15 18:00:00,0.92088,0.92116,0.92081,0.92096,802.0
2026-06-15 19:00:00,0.92098,0.92103,0.92086,0.92097,464.0
2026-06-15 20:00:00,0.92097,0.92114,0.92083,0.92099,1203.0
2026-06-15 21:00:00,0.92101,0.92112,0.92086,0.92111,1439.0
2026-06-15 22:00:00,0.92111,0.92122,0.921,0.9212,989.0
2026-06-15 23:00:00,0.9212,0.92126,0.9211,0.92121,893.0
2026-06-16 00:00:00,0.9212,0.92148,0.92114,0.92134,1068.0
2026-06-16 01:00:00,0.92134,0.92134,0.92098,0.92112,887.0
2026-06-16 02:00:00,0.92112,0.92145,0.92103,0.92111,1604.0
2026-06-16 03:00:00,0.92112,0.92172,0.92108,0.9217,1846.0
2026-06-16 04:00:00,0.9217,0.9223,0.92166,0.9222,1723.0
2026-06-16 05:00:00,0.9222,0.92263,0.92212,0.92214,1422.0
2026-06-16 06:00:00,0.92214,0.92229,0.92188,0.92208,1322.0
2026-06-16 07:00:00,0.92206,0.92244,0.92197,0.92234,1469.0
2026-06-16 08:00:00,0.92236,0.9225,0.92218,0.92222,1808.0
2026-06-16 09:00:00,0.92221,0.92267,0.92099,0.9213,2717.0
2026-06-16 10:00:00,0.9213,0.92138,0.92,0.92067,3589.0
2026-06-16 11:00:00,0.92067,0.92105,0.9206,0.92078,3091.0
2026-06-16 12:00:00,0.9208,0.92086,0.92042,0.92058,2110.0
2026-06-16 13:00:00,0.92058,0.92082,0.92041,0.92072,975.0
2026-06-16 14:00:00,0.92073,0.92091,0.92063,0.92088,1119.0
2026-06-16 15:00:00,0.9209,0.92101,0.92078,0.92086,1071.0
2026-06-16 16:00:00,0.92086,0.92099,0.92071,0.92075,760.0
2026-06-16 17:00:00,0.92067,0.92104,0.92064,0.92075,1631.0
2026-06-16 18:00:00,0.92077,0.92085,0.92058,0.92078,1053.0
2026-06-16 19:00:00,0.92079,0.92096,0.92074,0.9209,1783.0
2026-06-16 20:00:00,0.92092,0.92093,0.92044,0.92049,1542.0
2026-06-16 21:00:00,0.92048,0.9206,0.92026,0.92041,1276.0
2026-06-16 22:00:00,0.9204,0.92042,0.9201,0.92015,527.0
2026-06-16 23:00:00,0.92016,0.9202,0.91992,0.92012,669.0
2026-06-17 00:00:00,0.92012,0.92015,0.91975,0.91981,627.0
2026-06-17 01:00:00,0.91982,0.91982,0.91951,0.91974,812.0
2026-06-17 02:00:00,0.91974,0.91981,0.91902,0.91904,1476.0
2026-06-17 03:00:00,0.91907,0.9193,0.91826,0.91841,1864.0
2026-06-17 04:00:00,0.91839,0.91896,0.91809,0.91879,1591.0
2026-06-17 05:00:00,0.91878,0.91884,0.91816,0.91847,1018.0
2026-06-17 06:00:00,0.9185,0.91896,0.9184,0.91882,1347.0
2026-06-17 07:00:00,0.91882,0.91918,0.9187,0.9191,1430.0
2026-06-17 08:00:00,0.9191,0.91948,0.919,0.91933,1579.0
2026-06-17 09:00:00,0.91934,0.91966,0.91903,0.91912,2059.0
2026-06-17 10:00:00,0.91913,0.91956,0.91903,0.91914,3016.0
2026-06-17 11:00:00,0.91917,0.91972,0.91916,0.91928,2069.0
2026-06-17 12:00:00,0.91929,0.91965,0.91925,0.91952,1194.0
2026-06-17 13:00:00,0.91952,0.91962,0.91905,0.91942,1604.0
2026-06-17 14:00:00,0.91942,0.92008,0.91896,0.91985,11523.0
2026-06-17 15:00:00,0.91986,0.92036,0.91966,0.92016,9629.0
2026-06-17 16:00:00,0.92014,0.92018,0.91968,0.91988,2222.0
2026-06-17 17:00:00,0.9198,0.91986,0.91955,0.91967,2342.0
2026-06-17 18:00:00,0.91976,0.92026,0.9197,0.92004,1173.0
2026-06-17 19:00:00,0.92006,0.92007,0.9198,0.91991,725.0
2026-06-17 20:00:00,0.91988,0.92004,0.91954,0.91992,2428.0
2026-06-17 21:00:00,0.91991,0.92002,0.91974,0.91996,1823.0
2026-06-17 22:00:00,0.91994,0.92012,0.91991,0.92006,1104.0
2026-06-17 23:00:00,0.92006,0.92032,0.92006,0.92032,909.0
2026-06-18 00:00:00,0.92033,0.92044,0.91996,0.92011,961.0
2026-06-18 01:00:00,0.92011,0.92047,0.92006,0.92032,1266.0
2026-06-18 02:00:00,0.9203,0.92058,0.92008,0.92032,2120.0
2026-06-18 03:00:00,0.92032,0.92146,0.91972,0.92102,3651.0
2026-06-18 04:00:00,0.92102,0.9222,0.92076,0.92143,3099.0
2026-06-18 05:00:00,0.92142,0.92164,0.92091,0.92115,3235.0
2026-06-18 06:00:00,0.92117,0.92168,0.92074,0.9212,2822.0
2026-06-18 07:00:00,0.9212,0.92202,0.9211,0.92198,2863.0
2026-06-18 08:00:00,0.92196,0.92206,0.92157,0.92175,3556.0
2026-06-18 09:00:00,0.92174,0.92223,0.9214,0.92162,4256.0
2026-06-18 10:00:00,0.92161,0.9219,0.9211,0.92152,3416.0
2026-06-18 11:00:00,0.92151,0.92221,0.92135,0.92216,3443.0
2026-06-18 12:00:00,0.92219,0.92256,0.92207,0.92244,2526.0
2026-06-18 13:00:00,0.92244,0.92279,0.92239,0.92262,1357.0
2026-06-18 14:00:00,0.92261,0.92284,0.92252,0.92264,1876.0
2026-06-18 15:00:00,0.92264,0.9233,0.92214,0.92214,2757.0
2026-06-18 16:00:00,0.92216,0.92224,0.9215,0.92196,1352.0
2026-06-18 17:00:00,0.92194,0.9226,0.92192,0.92213,1578.0
2026-06-18 18:00:00,0.922,0.92228,0.92178,0.922,818.0
2026-06-18 19:00:00,0.92201,0.92236,0.92187,0.92234,535.0
2026-06-18 20:00:00,0.92233,0.9225,0.92217,0.92234,1377.0
2026-06-18 21:00:00,0.92235,0.92289,0.92211,0.92278,1139.0
2026-06-18 22:00:00,0.92278,0.92308,0.92256,0.92301,1202.0
2026-06-18 23:00:00,0.92302,0.9235,0.92287,0.92334,1556.0
2026-06-19 00:00:00,0.92332,0.924,0.92332,0.92389,1782.0
2026-06-19 01:00:00,0.92389,0.92414,0.92316,0.92332,2583.0
2026-06-19 02:00:00,0.92334,0.92366,0.92288,0.92292,2319.0
2026-06-19 03:00:00,0.92294,0.92448,0.92291,0.92435,2031.0
2026-06-19 04:00:00,0.92434,0.92472,0.92373,0.9238,2405.0
2026-06-19 05:00:00,0.92377,0.92379,0.92318,0.92334,1573.0
2026-06-19 06:00:00,0.92334,0.9244,0.92331,0.92432,1496.0
2026-06-19 07:00:00,0.92436,0.92472,0.92429,0.9247,1584.0
2026-06-19 08:00:00,0.9247,0.9256,0.92469,0.92509,2191.0
2026-06-19 09:00:00,0.92506,0.92584,0.92505,0.9255,1989.0
2026-06-19 10:00:00,0.92551,0.92644,0.9255,0.92632,2049.0
2026-06-19 11:00:00,0.9263,0.92647,0.92598,0.92615,1737.0
2026-06-19 12:00:00,0.92614,0.92622,0.92582,0.92618,795.0
2026-06-19 13:00:00,0.92612,0.92624,0.92587,0.92612,3216.0
2026-06-19 14:00:00,0.92612,0.92626,0.92574,0.92576,3214.0
2026-06-19 15:00:00,0.92574,0.92596,0.92557,0.92584,4023.0
2026-06-19 16:00:00,0.92586,0.9261,0.92558,0.92572,5461.0
2026-06-21 17:00:00,0.92568,0.92657,0.92515,0.92542,670.0
2026-06-21 18:00:00,0.92562,0.92606,0.92539,0.92594,1370.0
2026-06-21 19:00:00,0.92596,0.92627,0.92586,0.92626,1403.0
2026-06-21 20:00:00,0.92626,0.92666,0.9261,0.92639,1894.0
2026-06-21 21:00:00,0.92636,0.92656,0.9259,0.92627,2860.0
2026-06-21 22:00:00,0.92628,0.92635,0.92576,0.9259,1120.0
2026-06-21 23:00:00,0.9259,0.92616,0.92566,0.9261,1144.0
2026-06-22 00:00:00,0.9261,0.92638,0.926,0.92622,1267.0
2026-06-22 01:00:00,0.92622,0.92634,0.92588,0.92602,1147.0
2026-06-22 02:00:00,0.92601,0.92603,0.92555,0.92593,2325.0
2026-06-22 03:00:00,0.92594,0.92614,0.92554,0.92563,2246.0
2026-06-22 04:00:00,0.92564,0.92588,0.92502,0.92518,2153.0
2026-06-22 05:00:00,0.92516,0.92538,0.92496,0.92534,1707.0
2026-06-22 06:00:00,0.92535,0.92572,0.92519,0.92562,1334.0
2026-06-22 07:00:00,0.92561,0.92591,0.92534,0.92586,1827.0
2026-06-22 08:00:00,0.92586,0.92618,0.92533,0.92608,2227.0
2026-06-22 09:00:00,0.92608,0.92609,0.9249,0.92534,3786.0
2026-06-22 10:00:00,0.92533,0.92542,0.92448,0.92452,4860.0
2026-06-22 11:00:00,0.92454,0.925,0.92422,0.92497,2641.0
2026-06-22 12:00:00,0.92498,0.92502,0.92455,0.92478,1762.0
2026-06-22 13:00:00,0.92476,0.92498,0.92461,0.92475,954.0
2026-06-22 14:00:00,0.92476,0.92481,0.92425,0.92434,1067.0
2026-06-22 15:00:00,0.92434,0.92444,0.92388,0.92389,1182.0
2026-06-22 16:00:00,0.9239,0.92424,0.92378,0.92411,855.0
2026-06-22 17:00:00,0.92406,0.92429,0.92397,0.92406,764.0
2026-06-22 18:00:00,0.92408,0.9243,0.92403,0.92418,762.0
2026-06-22 19:00:00,0.9242,0.92427,0.92418,0.92424,593.0
2026-06-22 20:00:00,0.92424,0.92439,0.92381,0.92394,1514.0
2026-06-22 21:00:00,0.92394,0.92406,0.92382,0.92394,1798.0
2026-06-22 22:00:00,0.92394,0.92426,0.92381,0.92412,1028.0
2026-06-22 23:00:00,0.92412,0.92424,0.924,0.92412,1148.0
2026-06-23 00:00:00,0.92412,0.92428,0.92406,0.92418,893.0
2026-06-23 01:00:00,0.9242,0.92432,0.92386,0.92402,1264.0
2026-06-23 02:00:00,0.92404,0.92434,0.92388,0.92414,2230.0
2026-06-23 03:00:00,0.9241,0.92426,0.9231,0.92343,3417.0
2026-06-23 04:00:00,0.92343,0.92398,0.92328,0.92383,2637.0
2026-06-23 05:00:00,0.92384,0.92438,0.92376,0.92407,1687.0
2026-06-23 06:00:00,0.92405,0.92432,0.92342,0.92351,1724.0
2026-06-23 07:00:00,0.9235,0.92362,0.92226,0.92244,1743.0
2026-06-23 08:00:00,0.92245,0.92254,0.92158,0.92166,2454.0
2026-06-23 09:00:00,0.92168,0.92188,0.92053,0.92105,3386.0
2026-06-23 10:00:00,0.92104,0.922,0.92099,0.92152,3515.0
2026-06-23 11:00:00,0.92153,0.92183,0.92098,0.92172,2855.0
2026-06-23 12:00:00,0.92175,0.92202,0.9215,0.92201,1500.0
2026-06-23 13:00:00,0.92201,0.92219,0.92192,0.92201,1107.0
2026-06-23 14:00:00,0.92202,0.92224,0.92166,0.92166,952.0
2026-06-23 15:00:00,0.92162,0.92176,0.92142,0.92163,1324.0
2026-06-23 16:00:00,0.92162,0.92169,0.92126,0.92147,641.0
2026-06-23 17:00:00,0.9219,0.9219,0.92154,0.92169,226.0
2026-06-23 18:00:00,0.92172,0.92172,0.9211,0.9212,623.0
2026-06-23 19:00:00,0.9212,0.92151,0.9212,0.92141,582.0
2026-06-23 20:00:00,0.9214,0.92179,0.92129,0.92152,1889.0
2026-06-23 21:00:00,0.92152,0.92161,0.92122,0.92122,1930.0
2026-06-23 22:00:00,0.92122,0.92137,0.92116,0.9213,886.0
2026-06-23 23:00:00,0.92134,0.92164,0.92096,0.92106,1453.0
2026-06-24 00:00:00,0.92106,0.9213,0.92081,0.9213,887.0
2026-06-24 01:00:00,0.9213,0.92188,0.9213,0.92185,1305.0
2026-06-24 02:00:00,0.92186,0.9223,0.9218,0.92194,2015.0
2026-06-24 03:00:00,0.92191,0.9221,0.92118,0.92144,2477.0
2026-06-24 04:00:00,0.92147,0.92172,0.92079,0.92133,2703.0
2026-06-24 05:00:00,0.92132,0.92168,0.92116,0.9214,2155.0
2026-06-24 06:00:00,0.92139,0.92168,0.92122,0.92149,1701.0
2026-06-24 07:00:00,0.92148,0.92208,0.92123,0.92148,2381.0
2026-06-24 08:00:00,0.92148,0.92178,0.92104,0.92172,2944.0
2026-06-24 09:00:00,0.9217,0.92192,0.92108,0.92184,4613.0
2026-06-24 10:00:00,0.92185,0.92243,0.92162,0.9224,3846.0
2026-06-24 11:00:00,0.92239,0.92248,0.92173,0.92221,3112.0
2026-06-24 12:00:00,0.92222,0.92259,0.92205,0.92225,2142.0
2026-06-24 13:00:00,0.92225,0.92266,0.92216,0.92258,1971.0
2026-06-24 14:00:00,0.92258,0.9229,0.9225,0.92253,1706.0
2026-06-24 15:00:00,0.92254,0.9229,0.92248,0.92279,1399.0
2026-06-24 16:00:00,0.9228,0.923,0.92253,0.92268,1384.0
2026-06-24 17:00:00,0.92261,0.92275,0.92261,0.92274,57.0
2026-06-24 18:00:00,0.92269,0.92274,0.9225,0.9225,942.0
2026-06-24 19:00:00,0.92251,0.92268,0.9225,0.92266,342.0
2026-06-24 20:00:00,0.92268,0.92274,0.92238,0.92239,1290.0
2026-06-24 21:00:00,0.92238,0.92244,0.9221,0.92212,2410.0
2026-06-24 22:00:00,0.92212,0.92216,0.9217,0.92204,1037.0
2026-06-24 23:00:00,0.92206,0.9221,0.92174,0.9219,1072.0
2026-06-25 00:00:00,0.92192,0.92195,0.92173,0.92192,777.0
2026-06-25 01:00:00,0.92192,0.92232,0.92187,0.92228,1103.0
2026-06-25 02:00:00,0.92224,0.92257,0.92178,0.92186,1893.0
2026-06-25 03:00:00,0.92186,0.9221,0.92128,0.92161,2271.0
2026-06-25 04:00:00,0.92164,0.92181,0.921,0.92174,1885.0
2026-06-25 05:00:00,0.92176,0.9223,0.9215,0.922,1508.0
2026-06-25 06:00:00,0.92201,0.9221,0.92162,0.92187,1455.0
2026-06-25 07:00:00,0.92186,0.922,0.9214,0.92196,1787.0
2026-06-25 08:00:00,0.92196,0.9225,0.9216,0.92212,4015.0
2026-06-25 09:00:00,0.92208,0.9221,0.92112,0.92147,4427.0
2026-06-25 10:00:00,0.92146,0.92198,0.9211,0.9214,4446.0
2026-06-25 11:00:00,0.9214,0.92175,0.92132,0.9214,3157.0
2026-06-25 12:00:00,0.92141,0.92154,0.92108,0.92127,1743.0
2026-06-25 13:00:00,0.92128,0.92141,0.92116,0.92127,1319.0
2026-06-25 14:00:00,0.92128,0.9215,0.92094,0.92098,1486.0
2026-06-25 15:00:00,0.92099,0.92115,0.92088,0.9209,1611.0
2026-06-25 16:00:00,0.92088,0.92124,0.92082,0.92112,837.0
2026-06-25 17:00:00,0.92126,0.92126,0.92072,0.921,414.0
2026-06-25 18:00:00,0.92126,0.92126,0.92088,0.92102,846.0
2026-06-25 19:00:00,0.92104,0.92125,0.92097,0.92108,1268.0
2026-06-25 20:00:00,0.92111,0.92124,0.92089,0.92098,1409.0
2026-06-25 21:00:00,0.921,0.92109,0.92078,0.92096,1539.0
2026-06-25 22:00:00,0.92096,0.92108,0.92074,0.92077,1314.0
2026-06-25 23:00:00,0.92076,0.92084,0.9203,0.92052,1394.0
2026-06-26 00:00:00,0.9205,0.92059,0.91978,0.91999,1158.0
2026-06-26 01:00:00,0.92,0.92046,0.91993,0.92025,1277.0
2026-06-26 02:00:00,0.92024,0.9205,0.92016,0.92036,1634.0
2026-06-26 03:00:00,0.9204,0.92076,0.91996,0.92076,2094.0
2026-06-26 04:00:00,0.92076,0.9219,0.92057,0.92168,2511.0
2026-06-26 05:00:00,0.92169,0.92222,0.92162,0.92182,2165.0
2026-06-26 06:00:00,0.92184,0.92208,0.92161,0.92194,2017.0
2026-06-26 07:00:00,0.92195,0.92209,0.92172,0.92184,2274.0
2026-06-26 08:00:00,0.92182,0.92276,0.92171,0.92242,2669.0
2026-06-26 09:00:00,0.92244,0.92248,0.92171,0.92186,4345.0
2026-06-26 10:00:00,0.92188,0.9228,0.9217,0.92198,3732.0
2026-06-26 11:00:00,0.92199,0.92228,0.92154,0.92158,3261.0
2026-06-26 12:00:00,0.92156,0.92209,0.92154,0.92194,1950.0
2026-06-26 13:00:00,0.92194,0.92208,0.92186,0.92204,1265.0
2026-06-26 14:00:00,0.92204,0.92238,0.92184,0.92195,1288.0
2026-06-26 15:00:00,0.92196,0.92201,0.92168,0.92178,974.0
2026-06-26 16:00:00,0.92178,0.92226,0.92169,0.92216,1867.0
2026-06-28 17:00:00,0.92262,0.92294,0.92218,0.92246,356.0
2026-06-28 18:00:00,0.92248,0.92249,0.92213,0.92237,702.0
2026-06-28 19:00:00,0.92238,0.92244,0.92222,0.92231,571.0
2026-06-28 20:00:00,0.9223,0.92239,0.92208,0.92221,1718.0
2026-06-28 21:00:00,0.92222,0.92241,0.92212,0.92228,2035.0
2026-06-28 22:00:00,0.92227,0.92228,0.92206,0.92211,1361.0
2026-06-28 23:00:00,0.92208,0.92216,0.92197,0.9221,1044.0
2026-06-29 00:00:00,0.92206,0.92211,0.92196,0.922,855.0
2026-06-29 01:00:00,0.922,0.92226,0.92194,0.92212,1014.0
2026-06-29 02:00:00,0.92214,0.92287,0.9221,0.92276,2071.0
2026-06-29 03:00:00,0.92274,0.92285,0.92229,0.92231,2195.0
2026-06-29 04:00:00,0.9223,0.92266,0.92195,0.92201,1618.0
2026-06-29 05:00:00,0.92199,0.92227,0.92178,0.92215,1643.0
2026-06-29 06:00:00,0.92216,0.92219,0.92179,0.92192,1262.0
2026-06-29 07:00:00,0.92192,0.92214,0.92182,0.92206,1449.0
2026-06-29 08:00:00,0.92207,0.9224,0.92198,0.92224,1825.0
2026-06-29 09:00:00,0.92222,0.92234,0.92184,0.92218,2490.0
2026-06-29 10:00:00,0.9222,0.92352,0.92212,0.9235,4032.0
2026-06-29 11:00:00,0.9235,0.92354,0.92298,0.92321,2611.0
2026-06-29 12:00:00,0.92322,0.92327,0.92288,0.92292,1415.0
2026-06-29 13:00:00,0.92293,0.92294,0.92257,0.92268,1189.0
2026-06-29 14:00:00,0.92268,0.92274,0.92248,0.9226,1119.0
2026-06-29 15:00:00,0.92258,0.92268,0.92232,0.92244,1092.0
2026-06-29 16:00:00,0.92244,0.92266,0.92238,0.92257,554.0
2026-06-29 17:00:00,0.9227,0.9227,0.92246,0.92256,431.0
2026-06-29 18:00:00,0.9225,0.92266,0.92228,0.9225,389.0
2026-06-29 19:00:00,0.92249,0.92249,0.92236,0.92246,300.0
2026-06-29 20:00:00,0.92247,0.92256,0.92209,0.92232,1888.0
2026-06-29 21:00:00,0.92232,0.92251,0.92228,0.92237,2510.0
2026-06-29 22:00:00,0.92238,0.92246,0.92225,0.92232,1136.0
2026-06-29 23:00:00,0.92233,0.92236,0.92212,0.9223,1059.0
2026-06-30 00:00:00,0.9223,0.92253,0.92213,0.92219,1049.0
2026-06-30 01:00:00,0.92218,0.92242,0.92202,0.92218,1673.0
2026-06-30 02:00:00,0.92221,0.92256,0.92202,0.9221,2284.0
2026-06-30 03:00:00,0.9221,0.92266,0.9219,0.92256,2105.0
2026-06-30 04:00:00,0.92256,0.92258,0.92185,0.92224,2314.0
2026-06-30 05:00:00,0.92224,0.92279,0.92214,0.92266,1933.0
2026-06-30 06:00:00,0.92264,0.9228,0.9221,0.92214,1577.0
2026-06-30 07:00:00,0.92214,0.92239,0.92178,0.9223,1838.0
2026-06-30 08:00:00,0.9223,0.92246,0.92194,0.92221,2388.0
2026-06-30 09:00:00,0.9222,0.92244,0.92186,0.92196,2445.0
2026-06-30 10:00:00,0.92196,0.92302,0.9216,0.9223,5342.0
2026-06-30 11:00:00,0.92233,0.92309,0.9222,0.92278,3047.0
2026-06-30 12:00:00,0.92278,0.92316,0.92274,0.92304,1691.0
2026-06-30 13:00:00,0.92304,0.92318,0.92282,0.923,1199.0
2026-06-30 14:00:00,0.923,0.9231,0.92282,0.92304,1428.0
2026-06-30 15:00:00,0.92304,0.92334,0.92292,0.92322,1453.0
2026-06-30 16:00:00,0.92322,0.92334,0.92304,0.92334,932.0
2026-06-30 17:00:00,0.92302,0.92322,0.92295,0.92313,469.0
2026-06-30 18:00:00,0.92307,0.92332,0.92304,0.92317,379.0
2026-06-30 19:00:00,0.92318,0.92318,0.9229,0.92304,550.0
2026-06-30 20:00:00,0.92304,0.92311,0.9229,0.92296,1335.0
2026-06-30 21:00:00,0.92296,0.92312,0.92286,0.92287,1411.0
2026-06-30 22:00:00,0.92287,0.92306,0.92284,0.92303,1038.0
2026-06-30 23:00:00,0.92302,0.92318,0.92295,0.92308,919.0
2026-07-01 00:00:00,0.92308,0.92318,0.92298,0.92308,948.0
2026-07-01 01:00:00,0.92308,0.92311,0.92284,0.92298,1053.0
2026-07-01 02:00:00,0.923,0.92309,0.92282,0.92305,1484.0
2026-07-01 03:00:00,0.92306,0.92331,0.92266,0.92312,1996.0
2026-07-01 04:00:00,0.92312,0.92353,0.92281,0.92286,1440.0
2026-07-01 05:00:00,0.92287,0.92297,0.92252,0.92294,1464.0
2026-07-01 06:00:00,0.9229,0.92304,0.92277,0.9229,949.0
2026-07-01 07:00:00,0.9229,0.9235,0.92276,0.92324,1563.0
2026-07-01 08:00:00,0.92324,0.92343,0.92278,0.9228,2586.0
2026-07-01 09:00:00,0.92282,0.92298,0.9222,0.92228,6186.0
2026-07-01 10:00:00,0.92234,0.92246,0.92081,0.9211,5500.0
2026-07-01 11:00:00,0.92112,0.92112,0.92044,0.92046,3551.0
2026-07-01 12:00:00,0.92046,0.92056,0.92018,0.92056,2097.0
2026-07-01 13:00:00,0.92056,0.92074,0.92039,0.9205,1349.0
2026-07-01 14:00:00,0.92051,0.92088,0.92046,0.92082,1247.0
2026-07-01 15:00:00,0.92082,0.921,0.92078,0.92094,977.0
2026-07-01 16:00:00,0.92094,0.92111,0.92083,0.92097,859.0
2026-07-01 17:00:00,0.92103,0.92118,0.92085,0.92085,549.0
2026-07-01 18:00:00,0.92083,0.92108,0.9208,0.9209,293.0
2026-07-01 19:00:00,0.9209,0.92106,0.92069,0.9207,349.0
2026-07-01 20:00:00,0.92072,0.92108,0.92066,0.9208,1242.0
2026-07-01 21:00:00,0.9208,0.92094,0.9207,0.92084,1483.0
2026-07-01 22:00:00,0.92086,0.92086,0.92068,0.92076,903.0
2026-07-01 23:00:00,0.92076,0.9209,0.92062,0.92065,987.0
2026-07-02 00:00:00,0.92064,0.92089,0.92056,0.92086,1085.0
2026-07-02 01:00:00,0.92086,0.92096,0.92062,0.92078,945.0
2026-07-02 02:00:00,0.92078,0.92113,0.92048,0.92074,2527.0
2026-07-02 03:00:00,0.92076,0.9209,0.92024,0.92028,2678.0
2026-07-02 04:00:00,0.92029,0.9203,0.91837,0.91844,3549.0
2026-07-02 05:00:00,0.91842,0.91904,0.9181,0.91878,2807.0
2026-07-02 06:00:00,0.91878,0.91952,0.91859,0.91929,2001.0
2026-07-02 07:00:00,0.9193,0.92001,0.91926,0.91974,1902.0
2026-07-02 08:00:00,0.91974,0.92023,0.91854,0.91972,8248.0
2026-07-02 09:00:00,0.91972,0.91978,0.91892,0.91895,6019.0
2026-07-02 10:00:00,0.91898,0.91923,0.91813,0.91822,4306.0
2026-07-02 11:00:00,0.9182,0.91836,0.91776,0.91833,3051.0
2026-07-02 12:00:00,0.91832,0.91844,0.91782,0.91838,2822.0
2026-07-02 13:00:00,0.9184,0.919,0.91836,0.91879,1898.0
2026-07-02 14:00:00,0.91881,0.91889,0.91862,0.91869,1324.0
2026-07-02 15:00:00,0.91869,0.91876,0.91843,0.91854,1034.0
2026-07-02 16:00:00,0.91852,0.9187,0.9184,0.91864,609.0
2026-07-02 17:00:00,0.91846,0.9186,0.91846,0.9185,36.0
2026-07-02 18:00:00,0.91856,0.91894,0.91848,0.91881,609.0
2026-07-02 19:00:00,0.91882,0.9189,0.91868,0.91887,978.0
2026-07-02 20:00:00,0.91888,0.91908,0.91878,0.91882,1955.0
2026-07-02 21:00:00,0.91879,0.91884,0.91846,0.91869,2227.0
2026-07-02 22:00:00,0.9187,0.9187,0.9184,0.91854,1066.0
2026-07-02 23:00:00,0.91853,0.9186,0.91844,0.91856,920.0
2026-07-03 00:00:00,0.91859,0.9186,0.91846,0.91848,716.0
2026-07-03 01:00:00,0.91848,0.9186,0.9184,0.91846,1349.0
2026-07-03 02:00:00,0.91846,0.9185,0.91802,0.9182,2100.0
2026-07-03 03:00:00,0.91825,0.9187,0.91794,0.91854,1659.0
2026-07-03 04:00:00,0.91857,0.91912,0.91837,0.91911,1445.0
2026-07-03 05:00:00,0.91912,0.9192,0.91887,0.91904,1081.0
2026-07-03 06:00:00,0.91906,0.91936,0.91888,0.91935,799.0
2026-07-03 07:00:00,0.91936,0.91971,0.919,0.91906,1827.0
2026-07-03 08:00:00,0.91909,0.91964,0.91888,0.9194,1570.0
2026-07-03 09:00:00,0.91942,0.91962,0.91916,0.9193,1789.0
2026-07-03 10:00:00,0.91933,0.91938,0.9189,0.91919,1435.0
2026-07-03 11:00:00,0.9192,0.91932,0.91886,0.91888,1159.0
2026-07-03 12:00:00,0.91886,0.91911,0.91884,0.91909,607.0
2026-07-03 13:00:00,0.9191,0.91922,0.9189,0.91911,12278.0
2026-07-03 14:00:00,0.91914,0.91922,0.9187,0.91914,18953.0
2026-07-03 15:00:00,0.91915,0.91942,0.91891,0.91932,13329.0
2026-07-03 16:00:00,0.9193,0.91942,0.91879,0.91879,3914.0
2026-07-05 17:00:00,0.91914,0.91914,0.9187,0.91906,553.0
2026-07-05 18:00:00,0.91902,0.91934,0.91894,0.9193,605.0
2026-07-05 19:00:00,0.9193,0.91937,0.91915,0.9193,767.0
2026-07-05 20:00:00,0.91932,0.91942,0.91902,0.91918,1652.0
2026-07-05 21:00:00,0.91918,0.91964,0.9191,0.91962,1432.0
2026-07-05 22:00:00,0.9196,0.91969,0.9195,0.91956,1153.0
2026-07-05 23:00:00,0.91956,0.91972,0.91953,0.91965,703.0
2026-07-06 00:00:00,0.91965,0.91974,0.91962,0.9197,516.0
2026-07-06 01:00:00,0.9197,0.91984,0.91959,0.91971,783.0
2026-07-06 02:00:00,0.91972,0.9204,0.91966,0.92033,1785.0
2026-07-06 03:00:00,0.92032,0.92036,0.91942,0.91944,2317.0
2026-07-06 04:00:00,0.91945,0.91992,0.91932,0.91982,1556.0
2026-07-06 05:00:00,0.91983,0.9201,0.9196,0.91986,1293.0
2026-07-06 06:00:00,0.91985,0.92011,0.91957,0.92002,1190.0
2026-07-06 07:00:00,0.92002,0.9204,0.91997,0.92006,1148.0
2026-07-06 08:00:00,0.92006,0.92042,0.91983,0.92035,1616.0
2026-07-06 09:00:00,0.92033,0.92081,0.92016,0.92074,2201.0
2026-07-06 10:00:00,0.92073,0.92149,0.92064,0.92084,2458.0
2026-07-06 11:00:00,0.92084,0.92127,0.92076,0.92122,1773.0
2026-07-06 12:00:00,0.92124,0.92142,0.92116,0.92138,1339.0
2026-07-06 13:00:00,0.92137,0.92144,0.92112,0.92112,953.0
2026-07-06 14:00:00,0.92112,0.92128,0.92094,0.92106,881.0
2026-07-06 15:00:00,0.92107,0.92138,0.92086,0.92132,1206.0
2026-07-06 16:00:00,0.92134,0.92145,0.92118,0.92126,793.0
