Timestamp,Open,High,Low,Close,Volume
2026-03-12 05:00:00,7.47208,7.4723,7.47205,7.47226,64.0
2026-03-12 06:00:00,7.47224,7.47227,7.47215,7.47226,99.0
2026-03-12 07:00:00,7.47226,7.47226,7.47194,7.47197,500.0
2026-03-12 08:00:00,7.47198,7.47223,7.47195,7.4722,871.0
2026-03-12 09:00:00,7.4722,7.47222,7.47196,7.47202,321.0
2026-03-12 10:00:00,7.472,7.47231,7.47198,7.47227,1010.0
2026-03-12 11:00:00,7.47229,7.47229,7.47215,7.47216,61.0
2026-03-12 12:00:00,7.47216,7.4722,7.47182,7.47184,209.0
2026-03-12 13:00:00,7.47185,7.47229,7.47183,7.47216,998.0
2026-03-12 14:00:00,7.47214,7.47237,7.47214,7.47232,1811.0
2026-03-12 15:00:00,7.47235,7.47242,7.47229,7.4724,698.0
2026-03-12 16:00:00,7.4724,7.47242,7.47222,7.47225,217.0
2026-03-12 17:00:00,7.47194,7.47194,7.4716,7.47184,82.0
2026-03-12 18:00:00,7.47182,7.47196,7.4717,7.47195,238.0
2026-03-12 19:00:00,7.47192,7.472,7.47167,7.47186,198.0
2026-03-12 20:00:00,7.47184,7.4719,7.4717,7.47188,153.0
2026-03-12 21:00:00,7.47189,7.472,7.47188,7.47196,169.0
2026-03-12 22:00:00,7.47196,7.47216,7.47194,7.47206,276.0
2026-03-12 23:00:00,7.47194,7.47216,7.47194,7.47216,223.0
2026-03-13 00:00:00,7.47217,7.47232,7.47214,7.47228,137.0
2026-03-13 01:00:00,7.47227,7.47232,7.47226,7.47227,124.0
2026-03-13 02:00:00,7.4723,7.47238,7.47155,7.47174,142.0
2026-03-13 03:00:00,7.47175,7.47181,7.47162,7.47168,296.0
2026-03-13 04:00:00,7.47166,7.47187,7.47156,7.47185,1179.0
2026-03-13 05:00:00,7.4719,7.4724,7.47186,7.47237,332.0
2026-03-13 06:00:00,7.47238,7.47281,7.47238,7.47276,859.0
2026-03-13 07:00:00,7.47276,7.47282,7.47274,7.47276,84.0
2026-03-13 08:00:00,7.47276,7.47282,7.47258,7.4726,82.0
2026-03-13 09:00:00,7.47262,7.47265,7.47256,7.47256,166.0
2026-03-13 10:00:00,7.47257,7.47258,7.47242,7.47258,238.0
2026-03-13 11:00:00,7.47258,7.47264,7.47214,7.47214,1161.0
2026-03-13 12:00:00,7.47213,7.4726,7.47213,7.47254,1072.0
2026-03-13 13:00:00,7.47252,7.47258,7.47192,7.47207,231.0
2026-03-13 14:00:00,7.47206,7.47254,7.47206,7.4725,1344.0
2026-03-13 15:00:00,7.4725,7.47262,7.47248,7.47256,1119.0
2026-03-13 16:00:00,7.47256,7.47266,7.47244,7.47264,327.0
2026-03-15 17:00:00,7.47204,7.47207,7.47196,7.47201,528.0
2026-03-15 18:00:00,7.47199,7.4721,7.47192,7.47195,209.0
2026-03-15 19:00:00,7.47195,7.47198,7.47191,7.47194,160.0
2026-03-15 20:00:00,7.47194,7.47202,7.47182,7.47182,272.0
2026-03-15 21:00:00,7.4718,7.47202,7.47166,7.47199,323.0
2026-03-15 22:00:00,7.472,7.47202,7.47195,7.47201,168.0
2026-03-15 23:00:00,7.47202,7.47203,7.47194,7.472,133.0
2026-03-16 00:00:00,7.47201,7.47204,7.47194,7.472,131.0
2026-03-16 01:00:00,7.47201,7.47225,7.47201,7.4721,737.0
2026-03-16 02:00:00,7.47208,7.47213,7.47196,7.47196,235.0
2026-03-16 03:00:00,7.47196,7.47197,7.47176,7.47178,142.0
2026-03-16 04:00:00,7.4718,7.47203,7.47168,7.47201,1210.0
2026-03-16 05:00:00,7.472,7.47206,7.47199,7.47204,90.0
2026-03-16 06:00:00,7.47204,7.47205,7.47194,7.47194,83.0
2026-03-16 07:00:00,7.47194,7.47202,7.47154,7.47202,1296.0
2026-03-16 08:00:00,7.47201,7.47202,7.47165,7.472,2502.0
2026-03-16 09:00:00,7.4719,7.47208,7.47176,7.47203,1455.0
2026-03-16 10:00:00,7.47203,7.47217,7.472,7.47214,236.0
2026-03-16 11:00:00,7.47216,7.47224,7.47213,7.47224,450.0
2026-03-16 12:00:00,7.47223,7.4723,7.47212,7.47228,237.0
2026-03-16 13:00:00,7.47229,7.47234,7.4717,7.47202,390.0
2026-03-16 14:00:00,7.47204,7.47218,7.47197,7.47218,768.0
2026-03-16 15:00:00,7.47217,7.47228,7.47201,7.47206,1742.0
2026-03-16 16:00:00,7.47208,7.47228,7.47197,7.4721,199.0
2026-03-16 17:00:00,7.47208,7.47212,7.47203,7.47208,63.0
2026-03-16 18:00:00,7.47206,7.47232,7.47202,7.47232,219.0
2026-03-16 19:00:00,7.47232,7.4724,7.47224,7.47232,445.0
2026-03-16 20:00:00,7.4723,7.47237,7.47224,7.47235,184.0
2026-03-16 21:00:00,7.47233,7.47242,7.47228,7.4724,118.0
2026-03-16 22:00:00,7.4724,7.47244,7.47238,7.47242,55.0
2026-03-16 23:00:00,7.47242,7.4725,7.47233,7.47248,132.0
2026-03-17 00:00:00,7.47248,7.47258,7.47239,7.47251,161.0
2026-03-17 01:00:00,7.47252,7.47259,7.47252,7.47256,217.0
2026-03-17 02:00:00,7.47256,7.47276,7.4725,7.47272,680.0
2026-03-17 03:00:00,7.47276,7.47276,7.47231,7.47232,83.0
2026-03-17 04:00:00,7.47232,7.47242,7.47226,7.47242,144.0
2026-03-17 05:00:00,7.47244,7.47262,7.47238,7.47239,156.0
2026-03-17 06:00:00,7.4724,7.47254,7.47222,7.47249,488.0
2026-03-17 07:00:00,7.4725,7.47254,7.47196,7.4724,938.0
2026-03-17 08:00:00,7.47242,7.47242,7.47176,7.47192,1612.0
2026-03-17 09:00:00,7.47192,7.47242,7.47176,7.4724,1101.0
2026-03-17 10:00:00,7.47242,7.4725,7.47198,7.472,631.0
2026-03-17 11:00:00,7.472,7.47238,7.472,7.47228,233.0
2026-03-17 12:00:00,7.4723,7.47266,7.47224,7.4726,174.0
2026-03-17 13:00:00,7.47261,7.47264,7.4725,7.47262,316.0
2026-03-17 14:00:00,7.47262,7.47268,7.47256,7.47268,89.0
2026-03-17 15:00:00,7.47269,7.47271,7.4726,7.47262,137.0
2026-03-17 16:00:00,7.47262,7.47268,7.4726,7.4726,85.0
2026-03-17 17:00:00,7.47256,7.4726,7.47219,7.4722,291.0
2026-03-17 18:00:00,7.4723,7.47258,7.4723,7.47248,109.0
2026-03-17 19:00:00,7.47249,7.47264,7.47244,7.4726,71.0
2026-03-17 20:00:00,7.47258,7.47264,7.47236,7.47236,201.0
2026-03-17 21:00:00,7.47236,7.47256,7.4723,7.47255,147.0
2026-03-17 22:00:00,7.47255,7.47264,7.47252,7.47264,106.0
2026-03-17 23:00:00,7.47263,7.47264,7.47254,7.47258,110.0
2026-03-18 00:00:00,7.47256,7.47258,7.47249,7.47256,243.0
2026-03-18 01:00:00,7.47254,7.47259,7.47253,7.47258,154.0
2026-03-18 02:00:00,7.47258,7.4726,7.47249,7.47259,199.0
2026-03-18 03:00:00,7.4726,7.47262,7.47254,7.4726,61.0
2026-03-18 04:00:00,7.47262,7.47267,7.47224,7.4723,658.0
2026-03-18 05:00:00,7.4723,7.47238,7.47226,7.47234,191.0
2026-03-18 06:00:00,7.47234,7.47236,7.47206,7.47226,401.0
2026-03-18 07:00:00,7.47226,7.47238,7.47198,7.47202,1988.0
2026-03-18 08:00:00,7.472,7.47219,7.47199,7.472,1893.0
2026-03-18 09:00:00,7.472,7.47212,7.47196,7.47202,297.0
2026-03-18 10:00:00,7.47202,7.47282,7.47198,7.47263,367.0
2026-03-18 11:00:00,7.47266,7.47266,7.47234,7.47236,1028.0
2026-03-18 12:00:00,7.47239,7.47268,7.47219,7.47268,286.0
2026-03-18 13:00:00,7.47269,7.47274,7.47243,7.47244,722.0
2026-03-18 14:00:00,7.47249,7.4727,7.47231,7.47264,1636.0
2026-03-18 15:00:00,7.47265,7.47268,7.47256,7.47264,2466.0
2026-03-18 16:00:00,7.47262,7.4727,7.47256,7.47264,496.0
2026-03-18 17:00:00,7.4726,7.47268,7.47254,7.47262,139.0
2026-03-18 18:00:00,7.47262,7.4727,7.47254,7.47264,159.0
2026-03-18 19:00:00,7.47264,7.47268,7.4726,7.47264,152.0
2026-03-18 20:00:00,7.47264,7.4727,7.4726,7.47266,119.0
2026-03-18 21:00:00,7.47268,7.4727,7.4726,7.47262,128.0
2026-03-18 22:00:00,7.47262,7.47286,7.47262,7.47268,183.0
2026-03-18 23:00:00,7.47268,7.47278,7.47268,7.47272,243.0
2026-03-19 00:00:00,7.47272,7.47277,7.47266,7.4727,202.0
2026-03-19 01:00:00,7.47268,7.47271,7.47259,7.47266,96.0
2026-03-19 02:00:00,7.47266,7.47275,7.4726,7.4727,115.0
2026-03-19 03:00:00,7.47272,7.47276,7.47254,7.47255,133.0
2026-03-19 04:00:00,7.47259,7.47264,7.47246,7.47258,2409.0
2026-03-19 05:00:00,7.47262,7.47263,7.4723,7.47241,297.0
2026-03-19 06:00:00,7.4724,7.47256,7.47166,7.4717,483.0
2026-03-19 07:00:00,7.47174,7.4719,7.4717,7.47181,297.0
2026-03-19 08:00:00,7.47182,7.47184,7.47159,7.47166,186.0
2026-03-19 09:00:00,7.47165,7.47166,7.4715,7.47153,119.0
2026-03-19 10:00:00,7.47154,7.47159,7.47123,7.47136,228.0
2026-03-19 11:00:00,7.47137,7.47142,7.4713,7.47132,644.0
2026-03-19 12:00:00,7.4713,7.47197,7.47124,7.47164,156.0
2026-03-19 13:00:00,7.47162,7.47173,7.47104,7.4711,653.0
2026-03-19 14:00:00,7.4711,7.4711,7.47102,7.47109,146.0
2026-03-19 15:00:00,7.47108,7.4711,7.47102,7.47106,634.0
2026-03-19 16:00:00,7.47104,7.4711,7.47053,7.47084,240.0
2026-03-19 17:00:00,7.47114,7.47122,7.47078,7.47112,512.0
2026-03-19 18:00:00,7.47109,7.47119,7.47074,7.47085,292.0
2026-03-19 19:00:00,7.47084,7.4709,7.47076,7.47078,343.0
2026-03-19 20:00:00,7.4708,7.47082,7.47058,7.47059,141.0
2026-03-19 21:00:00,7.4706,7.47066,7.47056,7.4706,204.0
2026-03-19 22:00:00,7.4706,7.4708,7.47055,7.47065,273.0
2026-03-19 23:00:00,7.47062,7.47069,7.47056,7.47066,205.0
2026-03-20 00:00:00,7.47064,7.47069,7.47061,7.47066,144.0
2026-03-20 01:00:00,7.47076,7.47095,7.47076,7.47084,104.0
2026-03-20 02:00:00,7.47087,7.47089,7.47078,7.47088,101.0
2026-03-20 03:00:00,7.47088,7.47128,7.47088,7.47124,98.0
2026-03-20 04:00:00,7.47128,7.4716,7.47126,7.47138,485.0
2026-03-20 05:00:00,7.47136,7.47147,7.47129,7.4714,1284.0
2026-03-20 06:00:00,7.47142,7.47146,7.47138,7.47146,25.0
2026-03-20 07:00:00,7.47146,7.47148,7.47139,7.47142,572.0
2026-03-20 08:00:00,7.47144,7.47144,7.47086,7.47126,1947.0
2026-03-20 09:00:00,7.47126,7.47132,7.47092,7.47106,2263.0
2026-03-20 10:00:00,7.47108,7.47136,7.47087,7.47093,880.0
2026-03-20 11:00:00,7.47094,7.47164,7.47092,7.47123,2891.0
2026-03-20 12:00:00,7.47124,7.47145,7.47122,7.47142,1174.0
2026-03-20 13:00:00,7.4714,7.47165,7.47132,7.47164,901.0
2026-03-20 14:00:00,7.47163,7.47189,7.47146,7.47158,1461.0
2026-03-20 15:00:00,7.47158,7.47164,7.4715,7.47152,928.0
2026-03-20 16:00:00,7.47154,7.47202,7.47138,7.47186,375.0
2026-03-22 17:00:00,7.47138,7.47156,7.47132,7.4714,173.0
2026-03-22 18:00:00,7.47132,7.47142,7.47123,7.47137,300.0
2026-03-22 19:00:00,7.47138,7.47151,7.47135,7.47146,210.0
2026-03-22 20:00:00,7.47142,7.4716,7.4709,7.47105,622.0
2026-03-22 21:00:00,7.47102,7.47144,7.47086,7.47135,228.0
2026-03-22 22:00:00,7.47134,7.47136,7.47125,7.47128,164.0
2026-03-22 23:00:00,7.47128,7.47132,7.47125,7.47126,69.0
2026-03-23 00:00:00,7.47127,7.47134,7.47126,7.4713,75.0
2026-03-23 01:00:00,7.47128,7.47131,7.47128,7.4713,60.0
2026-03-23 02:00:00,7.47131,7.47132,7.47106,7.47106,121.0
2026-03-23 03:00:00,7.47104,7.4716,7.47092,7.4716,197.0
2026-03-23 04:00:00,7.4716,7.47228,7.47144,7.47208,169.0
2026-03-23 05:00:00,7.47208,7.47208,7.4717,7.47172,237.0
2026-03-23 06:00:00,7.4717,7.47176,7.47161,7.47171,375.0
2026-03-23 07:00:00,7.47172,7.47187,7.47171,7.4718,228.0
2026-03-23 08:00:00,7.47182,7.47182,7.47169,7.47174,125.0
2026-03-23 09:00:00,7.47176,7.47179,7.47158,7.47158,96.0
2026-03-23 10:00:00,7.47156,7.47168,7.47152,7.47159,81.0
2026-03-23 11:00:00,7.47159,7.47162,7.4713,7.47132,120.0
2026-03-23 12:00:00,7.4713,7.47132,7.4706,7.4706,171.0
2026-03-23 13:00:00,7.47062,7.47119,7.47056,7.4709,150.0
2026-03-23 14:00:00,7.47094,7.47108,7.47087,7.47108,70.0
2026-03-23 15:00:00,7.47112,7.47112,7.47099,7.47108,36.0
2026-03-23 16:00:00,7.47108,7.47154,7.47099,7.47138,139.0
2026-03-23 17:00:00,7.4713,7.47157,7.47118,7.47156,80.0
2026-03-23 18:00:00,7.47153,7.47164,7.47097,7.47106,310.0
2026-03-23 19:00:00,7.47106,7.47184,7.47104,7.47182,982.0
2026-03-23 20:00:00,7.47183,7.47204,7.47183,7.47204,167.0
2026-03-23 21:00:00,7.47204,7.47216,7.47191,7.47206,229.0
2026-03-23 22:00:00,7.47202,7.47214,7.4714,7.47162,142.0
2026-03-23 23:00:00,7.47162,7.47166,7.47146,7.47147,100.0
2026-03-24 00:00:00,7.47146,7.47155,7.47144,7.47154,117.0
2026-03-24 01:00:00,7.47151,7.47152,7.4714,7.47149,163.0
2026-03-24 02:00:00,7.47148,7.4715,7.47116,7.47124,140.0
2026-03-24 03:00:00,7.47125,7.47127,7.4712,7.47122,90.0
2026-03-24 04:00:00,7.47122,7.47166,7.47121,7.47144,327.0
2026-03-24 05:00:00,7.47144,7.47151,7.47136,7.47148,910.0
2026-03-24 06:00:00,7.4715,7.47152,7.4714,7.47143,364.0
2026-03-24 07:00:00,7.47144,7.47152,7.47134,7.47152,851.0
2026-03-24 08:00:00,7.47154,7.47161,7.47114,7.47123,1254.0
2026-03-24 09:00:00,7.47123,7.47166,7.47099,7.47162,1473.0
2026-03-24 10:00:00,7.4716,7.47164,7.47148,7.47148,121.0
2026-03-24 11:00:00,7.47144,7.47156,7.4713,7.47156,1819.0
2026-03-24 12:00:00,7.47157,7.47197,7.47153,7.47187,389.0
2026-03-24 13:00:00,7.47185,7.4722,7.4715,7.47205,1393.0
2026-03-24 14:00:00,7.47204,7.47219,7.47176,7.472,819.0
2026-03-24 15:00:00,7.472,7.47221,7.472,7.47221,1951.0
2026-03-24 16:00:00,7.4722,7.47222,7.4716,7.47199,186.0
2026-03-24 17:00:00,7.47178,7.47198,7.47174,7.47174,88.0
2026-03-24 18:00:00,7.47178,7.47207,7.47171,7.47201,160.0
2026-03-24 19:00:00,7.47201,7.47212,7.47194,7.472,156.0
2026-03-24 20:00:00,7.47199,7.47208,7.47195,7.47198,161.0
2026-03-24 21:00:00,7.47198,7.472,7.47193,7.472,64.0
2026-03-24 22:00:00,7.47198,7.472,7.47192,7.47193,85.0
2026-03-24 23:00:00,7.47194,7.47198,7.4719,7.47196,77.0
2026-03-25 00:00:00,7.47195,7.47197,7.47191,7.47193,98.0
2026-03-25 01:00:00,7.47192,7.47196,7.47171,7.47175,92.0
2026-03-25 02:00:00,7.47174,7.47197,7.47174,7.47189,62.0
2026-03-25 03:00:00,7.47187,7.47216,7.4716,7.47214,129.0
2026-03-25 04:00:00,7.47212,7.47226,7.47204,7.47226,355.0
2026-03-25 05:00:00,7.47228,7.47234,7.4721,7.47224,341.0
2026-03-25 06:00:00,7.47222,7.47232,7.47162,7.47166,229.0
2026-03-25 07:00:00,7.47167,7.47174,7.47156,7.47156,928.0
2026-03-25 08:00:00,7.47156,7.47171,7.47155,7.47167,1262.0
2026-03-25 09:00:00,7.47168,7.4727,7.47162,7.47262,2969.0
2026-03-25 10:00:00,7.47261,7.47271,7.47229,7.4724,1986.0
2026-03-25 11:00:00,7.47238,7.47278,7.47226,7.47276,1908.0
2026-03-25 12:00:00,7.47276,7.4728,7.47254,7.47258,337.0
2026-03-25 13:00:00,7.47258,7.4727,7.47228,7.47253,1897.0
2026-03-25 14:00:00,7.47253,7.47264,7.47231,7.47264,835.0
2026-03-25 15:00:00,7.47262,7.47272,7.47247,7.4727,995.0
2026-03-25 16:00:00,7.47269,7.47272,7.47219,7.4723,195.0
2026-03-25 17:00:00,7.4725,7.47258,7.47212,7.47254,107.0
2026-03-25 18:00:00,7.47255,7.47262,7.4725,7.47252,80.0
2026-03-25 19:00:00,7.47254,7.47262,7.47248,7.47254,169.0
2026-03-25 20:00:00,7.47253,7.47263,7.4724,7.4724,116.0
2026-03-25 21:00:00,7.47235,7.47246,7.47234,7.47242,196.0
2026-03-25 22:00:00,7.4724,7.47246,7.47236,7.4724,76.0
2026-03-25 23:00:00,7.4724,7.47246,7.47202,7.47203,76.0
2026-03-26 00:00:00,7.47198,7.47207,7.47181,7.47187,111.0
2026-03-26 01:00:00,7.47186,7.47194,7.47164,7.47166,84.0
2026-03-26 02:00:00,7.47166,7.47194,7.47164,7.47188,187.0
2026-03-26 03:00:00,7.47186,7.47192,7.4718,7.47186,201.0
2026-03-26 04:00:00,7.47182,7.4723,7.47176,7.47178,457.0
2026-03-26 05:00:00,7.47178,7.47188,7.4717,7.47188,77.0
2026-03-26 06:00:00,7.47189,7.47203,7.47181,7.47203,92.0
2026-03-26 07:00:00,7.472,7.47212,7.47182,7.47196,749.0
2026-03-26 08:00:00,7.47194,7.47206,7.47179,7.47185,1370.0
2026-03-26 09:00:00,7.47186,7.47203,7.47183,7.472,2922.0
2026-03-26 10:00:00,7.47201,7.47202,7.47176,7.47189,1732.0
2026-03-26 11:00:00,7.47188,7.47267,7.47186,7.47244,1047.0
2026-03-26 12:00:00,7.47243,7.47254,7.47175,7.47186,789.0
2026-03-26 13:00:00,7.47188,7.4719,7.47182,7.47185,1880.0
2026-03-26 14:00:00,7.47186,7.47192,7.4718,7.4719,947.0
2026-03-26 15:00:00,7.47188,7.4723,7.47184,7.47208,1777.0
2026-03-26 16:00:00,7.47208,7.47254,7.47207,7.47231,339.0
2026-03-26 17:00:00,7.47238,7.47238,7.47212,7.47226,76.0
2026-03-26 18:00:00,7.47224,7.47248,7.47218,7.47248,96.0
2026-03-26 19:00:00,7.47248,7.4725,7.47234,7.47243,294.0
2026-03-26 20:00:00,7.47242,7.47262,7.47235,7.47258,65.0
2026-03-26 21:00:00,7.4726,7.47267,7.47254,7.47267,44.0
2026-03-26 22:00:00,7.47263,7.47266,7.47254,7.47256,40.0
2026-03-26 23:00:00,7.4726,7.47266,7.47254,7.47266,35.0
2026-03-27 00:00:00,7.47257,7.47264,7.47254,7.47263,61.0
2026-03-27 01:00:00,7.47262,7.47268,7.47256,7.47267,58.0
2026-03-27 02:00:00,7.47266,7.47267,7.47251,7.47252,96.0
2026-03-27 03:00:00,7.47252,7.47253,7.472,7.47219,381.0
2026-03-27 04:00:00,7.47217,7.47225,7.47162,7.47206,564.0
2026-03-27 05:00:00,7.47213,7.47218,7.47198,7.47207,1118.0
2026-03-27 06:00:00,7.47206,7.47223,7.47206,7.47216,50.0
2026-03-27 07:00:00,7.47216,7.47219,7.47201,7.47211,160.0
2026-03-27 08:00:00,7.47212,7.47218,7.47209,7.47212,1702.0
2026-03-27 09:00:00,7.4721,7.47222,7.47204,7.47218,296.0
2026-03-27 10:00:00,7.47218,7.47243,7.47218,7.47226,457.0
2026-03-27 11:00:00,7.47228,7.47271,7.47222,7.47271,246.0
2026-03-27 12:00:00,7.47272,7.47281,7.47256,7.47259,900.0
2026-03-27 13:00:00,7.47258,7.47266,7.47256,7.47265,1233.0
2026-03-27 14:00:00,7.47266,7.47272,7.47261,7.47268,860.0
2026-03-27 15:00:00,7.47264,7.47274,7.47264,7.47271,136.0
2026-03-27 16:00:00,7.47272,7.47273,7.47242,7.47242,188.0
2026-03-29 17:00:00,7.47227,7.47232,7.47216,7.47216,125.0
2026-03-29 18:00:00,7.47223,7.47224,7.47178,7.47212,181.0
2026-03-29 19:00:00,7.47214,7.47226,7.47208,7.47224,574.0
2026-03-29 20:00:00,7.47225,7.47266,7.47223,7.47236,134.0
2026-03-29 21:00:00,7.47236,7.4724,7.4723,7.4723,60.0
2026-03-29 22:00:00,7.47228,7.47248,7.47223,7.47246,100.0
2026-03-29 23:00:00,7.47245,7.4725,7.47243,7.47246,74.0
2026-03-30 00:00:00,7.47245,7.47247,7.47242,7.47244,84.0
2026-03-30 01:00:00,7.47246,7.47248,7.47236,7.47246,145.0
2026-03-30 02:00:00,7.47248,7.4725,7.47232,7.47234,89.0
2026-03-30 03:00:00,7.47236,7.47246,7.47214,7.47244,385.0
2026-03-30 04:00:00,7.47243,7.47255,7.47242,7.47255,93.0
2026-03-30 05:00:00,7.47258,7.47262,7.47244,7.47251,335.0
2026-03-30 06:00:00,7.47252,7.4727,7.47252,7.47266,1162.0
2026-03-30 07:00:00,7.47266,7.47269,7.47264,7.47268,85.0
2026-03-30 08:00:00,7.47267,7.47269,7.47263,7.47268,154.0
2026-03-30 09:00:00,7.47268,7.4727,7.47262,7.47264,168.0
2026-03-30 10:00:00,7.47267,7.47267,7.47198,7.47204,1743.0
2026-03-30 11:00:00,7.47206,7.4724,7.47202,7.47239,1372.0
2026-03-30 12:00:00,7.4724,7.47248,7.47206,7.47224,252.0
2026-03-30 13:00:00,7.47222,7.4723,7.47182,7.47218,1167.0
2026-03-30 14:00:00,7.47219,7.4722,7.47215,7.47218,1516.0
2026-03-30 15:00:00,7.47216,7.47234,7.47216,7.47234,989.0
2026-03-30 16:00:00,7.47236,7.47242,7.4723,7.47231,66.0
2026-03-30 17:00:00,7.47232,7.47238,7.47209,7.47209,215.0
2026-03-30 18:00:00,7.47212,7.47232,7.47208,7.47228,125.0
2026-03-30 19:00:00,7.47228,7.47254,7.47222,7.4725,149.0
2026-03-30 20:00:00,7.47254,7.47263,7.47224,7.47234,152.0
2026-03-30 21:00:00,7.47236,7.47255,7.47232,7.47255,210.0
2026-03-30 22:00:00,7.47254,7.47266,7.47254,7.47256,128.0
2026-03-30 23:00:00,7.47256,7.47265,7.47254,7.47256,81.0
2026-03-31 00:00:00,7.47256,7.47268,7.47254,7.47266,156.0
2026-03-31 01:00:00,7.47266,7.47272,7.47256,7.4727,126.0
2026-03-31 02:00:00,7.47268,7.47272,7.47233,7.47248,171.0
2026-03-31 03:00:00,7.47253,7.47264,7.47246,7.47262,1592.0
2026-03-31 04:00:00,7.4726,7.47273,7.47259,7.47263,241.0
2026-03-31 05:00:00,7.47262,7.473,7.47262,7.47299,805.0
2026-03-31 06:00:00,7.473,7.473,7.47292,7.47296,138.0
2026-03-31 07:00:00,7.47295,7.47298,7.4728,7.47288,84.0
2026-03-31 08:00:00,7.4729,7.47296,7.47288,7.47294,71.0
2026-03-31 09:00:00,7.47296,7.47298,7.47286,7.47294,315.0
2026-03-31 10:00:00,7.47294,7.47297,7.47238,7.47238,183.0
2026-03-31 11:00:00,7.47236,7.47269,7.47218,7.4724,1322.0
2026-03-31 12:00:00,7.4724,7.47286,7.47236,7.47266,1035.0
2026-03-31 13:00:00,7.4727,7.47278,7.47258,7.47274,3297.0
2026-03-31 14:00:00,7.47274,7.47278,7.4726,7.47264,218.0
2026-03-31 15:00:00,7.47262,7.47278,7.4726,7.47278,673.0
2026-03-31 16:00:00,7.47279,7.47282,7.47261,7.47276,454.0
2026-03-31 17:00:00,7.47258,7.47264,7.47238,7.47254,64.0
2026-03-31 18:00:00,7.47256,7.47266,7.47244,7.47266,194.0
2026-03-31 19:00:00,7.47268,7.47282,7.47256,7.47282,111.0
2026-03-31 20:00:00,7.47284,7.47292,7.47276,7.47288,58.0
2026-03-31 21:00:00,7.4729,7.47292,7.47262,7.47278,131.0
2026-03-31 22:00:00,7.47281,7.47286,7.47266,7.47278,268.0
2026-03-31 23:00:00,7.4728,7.47289,7.47274,7.47287,59.0
2026-04-01 00:00:00,7.47278,7.47287,7.47278,7.47278,171.0
2026-04-01 01:00:00,7.47278,7.47286,7.47276,7.47282,40.0
2026-04-01 02:00:00,7.47282,7.47286,7.47274,7.47276,95.0
2026-04-01 03:00:00,7.47277,7.47292,7.47268,7.47268,2286.0
2026-04-01 04:00:00,7.47268,7.47282,7.4726,7.47274,1379.0
2026-04-01 05:00:00,7.47278,7.4728,7.4727,7.4727,1574.0
2026-04-01 06:00:00,7.47272,7.47274,7.47266,7.47268,85.0
2026-04-01 07:00:00,7.47268,7.47275,7.47265,7.47266,318.0
2026-04-01 08:00:00,7.47266,7.47266,7.47212,7.47239,995.0
2026-04-01 09:00:00,7.47238,7.4725,7.47204,7.47243,3343.0
2026-04-01 10:00:00,7.47244,7.47254,7.47231,7.47231,3293.0
2026-04-01 11:00:00,7.47227,7.4726,7.4721,7.4726,1860.0
2026-04-01 12:00:00,7.47258,7.47283,7.47223,7.47226,519.0
2026-04-01 13:00:00,7.47226,7.47283,7.47224,7.47282,1489.0
2026-04-01 14:00:00,7.47282,7.47291,7.47276,7.4728,2293.0
2026-04-01 15:00:00,7.4728,7.47291,7.47278,7.47288,1726.0
2026-04-01 16:00:00,7.47288,7.47288,7.47278,7.47286,74.0
2026-04-01 17:00:00,7.47285,7.47285,7.47244,7.4725,134.0
2026-04-01 18:00:00,7.47242,7.47274,7.47229,7.4727,113.0
2026-04-01 19:00:00,7.47266,7.47276,7.47256,7.47274,83.0
2026-04-01 20:00:00,7.47276,7.47288,7.47276,7.47284,94.0
2026-04-01 21:00:00,7.47283,7.47292,7.4728,7.47286,85.0
2026-04-01 22:00:00,7.47286,7.47288,7.47279,7.47282,170.0
2026-04-01 23:00:00,7.47281,7.47287,7.47278,7.47286,169.0
2026-04-02 00:00:00,7.47287,7.47287,7.47278,7.47286,184.0
2026-04-02 01:00:00,7.47285,7.47287,7.47279,7.47281,97.0
2026-04-02 02:00:00,7.47282,7.47288,7.47282,7.47282,25.0
2026-04-02 03:00:00,7.47282,7.47282,7.47275,7.47275,27.0
2026-04-02 04:00:00,7.47275,7.4728,7.47234,7.47258,688.0
2026-04-02 05:00:00,7.47258,7.4726,7.47224,7.47228,476.0
2026-04-02 06:00:00,7.47226,7.4723,7.47222,7.47224,1362.0
2026-04-02 07:00:00,7.47224,7.47226,7.4722,7.47224,1764.0
2026-04-02 08:00:00,7.47224,7.4723,7.47219,7.47226,2034.0
2026-04-02 09:00:00,7.47224,7.4728,7.47215,7.47276,1722.0
2026-04-02 10:00:00,7.47275,7.47293,7.47275,7.4729,606.0
2026-04-02 11:00:00,7.4729,7.47294,7.47196,7.47286,905.0
2026-04-02 12:00:00,7.47286,7.47287,7.4728,7.47281,202.0
2026-04-02 13:00:00,7.4728,7.47286,7.47259,7.4728,209.0
2026-04-02 14:00:00,7.4728,7.47288,7.47278,7.47284,233.0
2026-04-02 15:00:00,7.47287,7.47288,7.47276,7.47281,191.0
2026-04-02 16:00:00,7.4728,7.47287,7.47228,7.47252,172.0
2026-04-02 17:00:00,7.47262,7.47269,7.47234,7.47238,55.0
2026-04-02 18:00:00,7.47236,7.4724,7.47221,7.47235,127.0
2026-04-02 19:00:00,7.47236,7.47244,7.4723,7.4724,122.0
2026-04-02 20:00:00,7.47239,7.47286,7.47228,7.47286,250.0
2026-04-02 21:00:00,7.47286,7.47287,7.47254,7.47259,64.0
2026-04-02 22:00:00,7.47258,7.47264,7.47256,7.47261,53.0
2026-04-02 23:00:00,7.4726,7.47264,7.47256,7.47261,28.0
2026-04-03 00:00:00,7.4726,7.47263,7.47254,7.47258,51.0
2026-04-03 01:00:00,7.4726,7.47262,7.47258,7.4726,38.0
2026-04-03 02:00:00,7.4726,7.47266,7.47247,7.47266,80.0
2026-04-03 03:00:00,7.47265,7.47275,7.47264,7.47268,557.0
2026-04-03 04:00:00,7.47266,7.4727,7.47265,7.47266,458.0
2026-04-03 05:00:00,7.47265,7.47268,7.47256,7.47266,240.0
2026-04-03 06:00:00,7.47264,7.47269,7.47257,7.47265,617.0
2026-04-03 07:00:00,7.47266,7.47278,7.47255,7.47276,311.0
2026-04-03 08:00:00,7.47276,7.47284,7.47262,7.47265,319.0
2026-04-03 09:00:00,7.47264,7.4728,7.47264,7.47271,58.0
2026-04-03 10:00:00,7.4727,7.47272,7.47262,7.4727,99.0
2026-04-03 11:00:00,7.4727,7.47274,7.47268,7.4727,62.0
2026-04-03 12:00:00,7.4727,7.4727,7.47263,7.4727,28.0
2026-04-03 13:00:00,7.47269,7.47272,7.47264,7.47272,34.0
2026-04-03 14:00:00,7.4727,7.47274,7.47265,7.4727,51.0
2026-04-03 15:00:00,7.47272,7.47276,7.47261,7.47264,84.0
2026-04-03 16:00:00,7.47264,7.47278,7.47262,7.47264,102.0
2026-04-05 17:00:00,7.47224,7.47235,7.47216,7.47227,322.0
2026-04-05 18:00:00,7.47228,7.47236,7.47226,7.47235,401.0
2026-04-05 19:00:00,7.47234,7.4724,7.47228,7.4724,321.0
2026-04-05 20:00:00,7.47242,7.47262,7.47234,7.47256,414.0
2026-04-05 21:00:00,7.47255,7.47264,7.47245,7.47252,587.0
2026-04-05 22:00:00,7.47253,7.47259,7.47245,7.47254,439.0
2026-04-05 23:00:00,7.47253,7.47258,7.47246,7.47252,346.0
2026-04-06 00:00:00,7.47253,7.47259,7.47242,7.47258,567.0
2026-04-06 01:00:00,7.47258,7.47263,7.47252,7.4726,286.0
2026-04-06 02:00:00,7.47262,7.47278,7.4726,7.47264,105.0
2026-04-06 03:00:00,7.47263,7.47272,7.47254,7.4726,506.0
2026-04-06 04:00:00,7.4726,7.47264,7.47243,7.47244,106.0
2026-04-06 05:00:00,7.47246,7.47261,7.47244,7.47261,88.0
2026-04-06 06:00:00,7.4726,7.47269,7.47255,7.47268,71.0
2026-04-06 07:00:00,7.47269,7.47278,7.47268,7.47274,30.0
2026-04-06 08:00:00,7.47276,7.47282,7.47272,7.47278,121.0
2026-04-06 09:00:00,7.47279,7.47286,7.47268,7.47268,86.0
2026-04-06 10:00:00,7.47278,7.47282,7.47248,7.47272,465.0
2026-04-06 11:00:00,7.47271,7.47282,7.47271,7.47282,93.0
2026-04-06 12:00:00,7.4728,7.47283,7.47278,7.47283,56.0
2026-04-06 13:00:00,7.47281,7.47284,7.4727,7.47276,46.0
2026-04-06 14:00:00,7.47274,7.47286,7.47273,7.47286,112.0
2026-04-06 15:00:00,7.47286,7.4729,7.47279,7.47283,86.0
2026-04-06 16:00:00,7.47284,7.47287,7.47275,7.47279,109.0
2026-04-06 17:00:00,7.47258,7.47268,7.47246,7.47246,141.0
2026-04-06 18:00:00,7.47242,7.47266,7.47239,7.4726,175.0
2026-04-06 19:00:00,7.47261,7.47274,7.47254,7.47274,313.0
2026-04-06 20:00:00,7.47274,7.47275,7.47264,7.47268,143.0
2026-04-06 21:00:00,7.47268,7.47275,7.47264,7.47272,313.0
2026-04-06 22:00:00,7.47272,7.47274,7.47264,7.47272,269.0
2026-04-06 23:00:00,7.4727,7.47274,7.47266,7.47269,274.0
2026-04-07 00:00:00,7.47268,7.47275,7.47264,7.47272,141.0
2026-04-07 01:00:00,7.47268,7.47269,7.47258,7.47269,190.0
2026-04-07 02:00:00,7.4727,7.4728,7.47263,7.47264,116.0
2026-04-07 03:00:00,7.47264,7.4727,7.47261,7.47265,382.0
2026-04-07 04:00:00,7.47266,7.47274,7.47262,7.47268,1707.0
2026-04-07 05:00:00,7.4727,7.47276,7.47268,7.47272,158.0
2026-04-07 06:00:00,7.47272,7.47279,7.47271,7.47276,226.0
2026-04-07 07:00:00,7.47274,7.47282,7.47274,7.47275,122.0
2026-04-07 08:00:00,7.47276,7.47288,7.47236,7.47284,389.0
2026-04-07 09:00:00,7.47284,7.47286,7.47274,7.47274,53.0
2026-04-07 10:00:00,7.47276,7.47276,7.4726,7.47268,329.0
2026-04-07 11:00:00,7.47267,7.47274,7.47256,7.47266,595.0
2026-04-07 12:00:00,7.47266,7.47284,7.47256,7.4728,1381.0
2026-04-07 13:00:00,7.4728,7.47285,7.4728,7.47283,46.0
2026-04-07 14:00:00,7.47284,7.4729,7.47282,7.47285,114.0
2026-04-07 15:00:00,7.47286,7.4729,7.4727,7.47286,483.0
2026-04-07 16:00:00,7.47286,7.47294,7.47278,7.47286,128.0
2026-04-07 17:00:00,7.47264,7.47272,7.47242,7.47254,228.0
2026-04-07 18:00:00,7.47248,7.47268,7.47232,7.47256,341.0
2026-04-07 19:00:00,7.47259,7.4726,7.47238,7.47251,177.0
2026-04-07 20:00:00,7.47252,7.47258,7.47248,7.47248,186.0
2026-04-07 21:00:00,7.47242,7.47254,7.47221,7.47254,189.0
2026-04-07 22:00:00,7.47255,7.4726,7.47247,7.47256,173.0
2026-04-07 23:00:00,7.47254,7.47264,7.47249,7.47262,231.0
2026-04-08 00:00:00,7.4726,7.47264,7.47252,7.47256,224.0
2026-04-08 01:00:00,7.47258,7.47274,7.47256,7.4726,145.0
2026-04-08 02:00:00,7.47258,7.47284,7.47256,7.47282,131.0
2026-04-08 03:00:00,7.4728,7.47284,7.47276,7.47282,91.0
2026-04-08 04:00:00,7.47284,7.47284,7.47273,7.47275,41.0
2026-04-08 05:00:00,7.47274,7.4728,7.47274,7.47279,117.0
2026-04-08 06:00:00,7.47278,7.47282,7.47277,7.47279,34.0
2026-04-08 07:00:00,7.47281,7.47284,7.47272,7.47274,149.0
2026-04-08 08:00:00,7.47276,7.47277,7.47274,7.47276,88.0
2026-04-08 09:00:00,7.47274,7.47288,7.47274,7.47286,725.0
2026-04-08 10:00:00,7.47286,7.47288,7.47252,7.47278,213.0
2026-04-08 11:00:00,7.47279,7.47292,7.47255,7.47278,1511.0
2026-04-08 12:00:00,7.47279,7.47287,7.4727,7.47287,993.0
2026-04-08 13:00:00,7.47287,7.47295,7.47282,7.4729,693.0
2026-04-08 14:00:00,7.47288,7.47297,7.47284,7.47296,604.0
2026-04-08 15:00:00,7.47297,7.47298,7.4729,7.47294,544.0
2026-04-08 16:00:00,7.47296,7.473,7.4729,7.4729,258.0
2026-04-08 17:00:00,7.47266,7.47274,7.47252,7.47252,37.0
2026-04-08 18:00:00,7.47246,7.47264,7.47244,7.47261,171.0
2026-04-08 19:00:00,7.47264,7.47273,7.47256,7.47272,74.0
2026-04-08 20:00:00,7.47268,7.47273,7.47264,7.47271,138.0
2026-04-08 21:00:00,7.47272,7.47278,7.47268,7.47272,148.0
2026-04-08 22:00:00,7.47272,7.47292,7.47269,7.4729,175.0
2026-04-08 23:00:00,7.4729,7.47292,7.47282,7.47286,135.0
2026-04-09 00:00:00,7.47285,7.47292,7.47282,7.47288,140.0
2026-04-09 01:00:00,7.47286,7.47293,7.47285,7.47285,98.0
2026-04-09 02:00:00,7.47286,7.47293,7.47283,7.4729,118.0
2026-04-09 03:00:00,7.4729,7.4729,7.47246,7.47264,447.0
2026-04-09 04:00:00,7.47264,7.4728,7.47263,7.47277,1336.0
2026-04-09 05:00:00,7.47279,7.47284,7.47272,7.47282,451.0
2026-04-09 06:00:00,7.47284,7.47286,7.47276,7.47282,434.0
2026-04-09 07:00:00,7.47284,7.47286,7.47278,7.4728,370.0
2026-04-09 08:00:00,7.4728,7.47284,7.47264,7.47268,537.0
2026-04-09 09:00:00,7.47266,7.4727,7.47266,7.47268,56.0
2026-04-09 10:00:00,7.47268,7.47286,7.4726,7.47286,330.0
2026-04-09 11:00:00,7.47286,7.47288,7.47278,7.47282,104.0
2026-04-09 12:00:00,7.4728,7.4728,7.47254,7.4726,342.0
2026-04-09 13:00:00,7.47264,7.47272,7.4726,7.47266,864.0
2026-04-09 14:00:00,7.47266,7.47272,7.4726,7.47269,170.0
2026-04-09 15:00:00,7.4727,7.47274,7.47269,7.47272,101.0
2026-04-09 16:00:00,7.4727,7.47274,7.47255,7.47262,124.0
2026-04-09 17:00:00,7.4727,7.47272,7.47245,7.4725,104.0
2026-04-09 18:00:00,7.47248,7.47248,7.47228,7.47232,210.0
2026-04-09 19:00:00,7.47233,7.47244,7.47228,7.47234,159.0
2026-04-09 20:00:00,7.47232,7.47254,7.47222,7.4725,223.0
2026-04-09 21:00:00,7.4725,7.47278,7.4723,7.47233,172.0
2026-04-09 22:00:00,7.47234,7.47236,7.4723,7.4723,100.0
2026-04-09 23:00:00,7.4723,7.47237,7.47228,7.47235,66.0
2026-04-10 00:00:00,7.4723,7.47237,7.4723,7.47234,80.0
2026-04-10 01:00:00,7.47233,7.47261,7.47233,7.47259,191.0
2026-04-10 02:00:00,7.47258,7.47272,7.47258,7.4726,276.0
2026-04-10 03:00:00,7.4726,7.4728,7.47252,7.47276,2049.0
2026-04-10 04:00:00,7.47277,7.47278,7.47267,7.47275,670.0
2026-04-10 05:00:00,7.47276,7.47282,7.47274,7.47277,780.0
2026-04-10 06:00:00,7.47278,7.47284,7.47266,7.47266,26.0
2026-04-10 07:00:00,7.47267,7.47268,7.47264,7.47265,54.0
2026-04-10 08:00:00,7.47264,7.47267,7.47236,7.47248,435.0
2026-04-10 09:00:00,7.47246,7.47253,7.47241,7.47245,1347.0
2026-04-10 10:00:00,7.47241,7.47244,7.4718,7.47202,967.0
2026-04-10 11:00:00,7.472,7.47233,7.47199,7.4721,436.0
2026-04-10 12:00:00,7.4721,7.47218,7.47202,7.47212,897.0
2026-04-10 13:00:00,7.47212,7.47216,7.472,7.47202,438.0
2026-04-10 14:00:00,7.472,7.47204,7.47185,7.47198,1892.0
2026-04-10 15:00:00,7.47196,7.47249,7.47194,7.47246,669.0
2026-04-10 16:00:00,7.47244,7.4727,7.47194,7.47222,580.0
2026-04-12 17:00:00,7.47196,7.47224,7.47196,7.47218,341.0
2026-04-12 18:00:00,7.47218,7.47224,7.47212,7.47214,406.0
2026-04-12 19:00:00,7.47212,7.47228,7.47208,7.47228,351.0
2026-04-12 20:00:00,7.47226,7.47234,7.47222,7.47228,182.0
2026-04-12 21:00:00,7.4723,7.47254,7.4723,7.47246,131.0
2026-04-12 22:00:00,7.47244,7.47253,7.47228,7.47253,58.0
2026-04-12 23:00:00,7.4726,7.47261,7.47246,7.4726,36.0
2026-04-13 00:00:00,7.4726,7.4726,7.47255,7.47256,51.0
2026-04-13 01:00:00,7.47256,7.47275,7.47255,7.4727,55.0
2026-04-13 02:00:00,7.4727,7.47277,7.47236,7.47238,98.0
2026-04-13 03:00:00,7.47237,7.47268,7.47236,7.47268,109.0
2026-04-13 04:00:00,7.47267,7.47272,7.47266,7.47272,86.0
2026-04-13 05:00:00,7.47272,7.47275,7.47258,7.47261,194.0
2026-04-13 06:00:00,7.47262,7.4727,7.4726,7.47267,705.0
2026-04-13 07:00:00,7.47268,7.4727,7.47264,7.47264,115.0
2026-04-13 08:00:00,7.47268,7.4727,7.47264,7.47266,146.0
2026-04-13 09:00:00,7.47267,7.47268,7.47188,7.47202,493.0
2026-04-13 10:00:00,7.47203,7.47233,7.472,7.47233,753.0
2026-04-13 11:00:00,7.47234,7.4725,7.4722,7.47228,620.0
2026-04-13 12:00:00,7.47224,7.47228,7.47188,7.47195,554.0
2026-04-13 13:00:00,7.47196,7.47238,7.47191,7.47225,1222.0
2026-04-13 14:00:00,7.47226,7.47246,7.47222,7.47224,807.0
2026-04-13 15:00:00,7.47222,7.47224,7.47208,7.47214,1029.0
2026-04-13 16:00:00,7.47214,7.47228,7.47212,7.47228,243.0
2026-04-13 17:00:00,7.4723,7.47233,7.47228,7.47232,55.0
2026-04-13 18:00:00,7.47234,7.47239,7.47232,7.47233,141.0
2026-04-13 19:00:00,7.47232,7.47242,7.47232,7.4724,151.0
2026-04-13 20:00:00,7.47241,7.47249,7.47236,7.47248,86.0
2026-04-13 21:00:00,7.47248,7.47251,7.47242,7.47244,87.0
2026-04-13 22:00:00,7.47244,7.47245,7.47238,7.47242,100.0
2026-04-13 23:00:00,7.4724,7.47245,7.47236,7.47245,104.0
2026-04-14 00:00:00,7.47246,7.47252,7.47236,7.47248,139.0
2026-04-14 01:00:00,7.47246,7.47254,7.47227,7.47252,78.0
2026-04-14 02:00:00,7.4725,7.4726,7.47248,7.4726,99.0
2026-04-14 03:00:00,7.47262,7.47264,7.47254,7.4726,120.0
2026-04-14 04:00:00,7.4726,7.47268,7.47258,7.47264,68.0
2026-04-14 05:00:00,7.47262,7.47268,7.47259,7.47261,49.0
2026-04-14 06:00:00,7.47262,7.47266,7.4726,7.47266,85.0
2026-04-14 07:00:00,7.47266,7.47268,7.47255,7.4726,127.0
2026-04-14 08:00:00,7.47259,7.47274,7.47256,7.47274,120.0
2026-04-14 09:00:00,7.47276,7.47284,7.47273,7.47282,834.0
2026-04-14 10:00:00,7.47282,7.47286,7.47272,7.47285,698.0
2026-04-14 11:00:00,7.47286,7.47295,7.47283,7.47293,206.0
2026-04-14 12:00:00,7.47292,7.47297,7.47284,7.4729,103.0
2026-04-14 13:00:00,7.47285,7.47292,7.47266,7.4727,188.0
2026-04-14 14:00:00,7.4727,7.47284,7.47255,7.4727,517.0
2026-04-14 15:00:00,7.47268,7.47294,7.47266,7.47294,877.0
2026-04-14 16:00:00,7.47294,7.47298,7.47264,7.47289,93.0
2026-04-14 17:00:00,7.47254,7.47268,7.47252,7.4726,191.0
2026-04-14 18:00:00,7.47256,7.47274,7.4725,7.47269,144.0
2026-04-14 19:00:00,7.4727,7.47274,7.47264,7.47274,126.0
2026-04-14 20:00:00,7.47276,7.47281,7.47274,7.47276,122.0
2026-04-14 21:00:00,7.47276,7.4729,7.47275,7.47286,97.0
2026-04-14 22:00:00,7.47285,7.4729,7.47284,7.47288,90.0
2026-04-14 23:00:00,7.47288,7.4729,7.47284,7.47285,105.0
2026-04-15 00:00:00,7.47286,7.47295,7.47283,7.47292,79.0
2026-04-15 01:00:00,7.47292,7.47296,7.47234,7.47236,109.0
2026-04-15 02:00:00,7.47237,7.47276,7.47237,7.47272,53.0
2026-04-15 03:00:00,7.47276,7.47291,7.47273,7.4729,83.0
2026-04-15 04:00:00,7.47292,7.473,7.47287,7.47298,100.0
2026-04-15 05:00:00,7.47297,7.47302,7.47295,7.47296,122.0
2026-04-15 06:00:00,7.47296,7.47298,7.47292,7.47294,99.0
2026-04-15 07:00:00,7.47294,7.47298,7.47292,7.47294,97.0
2026-04-15 08:00:00,7.47294,7.47325,7.47291,7.47296,390.0
2026-04-15 09:00:00,7.47298,7.47302,7.47286,7.47298,575.0
2026-04-15 10:00:00,7.47298,7.47315,7.47298,7.4731,450.0
2026-04-15 11:00:00,7.4731,7.47319,7.47309,7.47314,242.0
2026-04-15 12:00:00,7.47314,7.47314,7.47288,7.4729,537.0
2026-04-15 13:00:00,7.4729,7.47315,7.47288,7.47308,846.0
2026-04-15 14:00:00,7.47307,7.47316,7.47306,7.47312,1265.0
2026-04-15 15:00:00,7.47314,7.4732,7.47306,7.47309,456.0
2026-04-15 16:00:00,7.4731,7.47325,7.47308,7.47308,154.0
2026-04-15 17:00:00,7.47292,7.47308,7.47272,7.47276,140.0
2026-04-15 18:00:00,7.47271,7.47302,7.47265,7.47288,544.0
2026-04-15 19:00:00,7.47288,7.47307,7.47284,7.47307,538.0
2026-04-15 20:00:00,7.4731,7.47314,7.473,7.47307,167.0
2026-04-15 21:00:00,7.47308,7.47314,7.47306,7.47308,418.0
2026-04-15 22:00:00,7.47308,7.47322,7.47305,7.47313,89.0
2026-04-15 23:00:00,7.47314,7.4732,7.47311,7.47314,120.0
2026-04-16 00:00:00,7.47313,7.47318,7.47306,7.47312,83.0
2026-04-16 01:00:00,7.47313,7.47325,7.47308,7.4732,151.0
2026-04-16 02:00:00,7.47322,7.47322,7.47306,7.47307,112.0
2026-04-16 03:00:00,7.4731,7.4732,7.47298,7.47305,291.0
2026-04-16 04:00:00,7.47305,7.47318,7.47302,7.47317,758.0
2026-04-16 05:00:00,7.47318,7.47319,7.47306,7.4731,121.0
2026-04-16 06:00:00,7.47313,7.47318,7.4731,7.47316,1049.0
2026-04-16 07:00:00,7.47317,7.47318,7.47311,7.47312,767.0
2026-04-16 08:00:00,7.47314,7.47323,7.47305,7.4731,1409.0
2026-04-16 09:00:00,7.47307,7.47318,7.47304,7.47314,1289.0
2026-04-16 10:00:00,7.47316,7.47318,7.47312,7.47316,1591.0
2026-04-16 11:00:00,7.47315,7.47317,7.4731,7.47313,408.0
2026-04-16 12:00:00,7.47314,7.4732,7.47309,7.4732,172.0
2026-04-16 13:00:00,7.47318,7.47321,7.47315,7.47318,172.0
2026-04-16 14:00:00,7.47321,7.47326,7.47316,7.47322,149.0
2026-04-16 15:00:00,7.47322,7.47326,7.47318,7.47321,165.0
2026-04-16 16:00:00,7.47322,7.47324,7.47318,7.47322,108.0
2026-04-16 17:00:00,7.4732,7.47326,7.47311,7.4732,156.0
2026-04-16 18:00:00,7.47324,7.47326,7.47284,7.47298,323.0
2026-04-16 19:00:00,7.47296,7.47307,7.47292,7.47298,185.0
2026-04-16 20:00:00,7.473,7.47328,7.47292,7.47328,190.0
2026-04-16 21:00:00,7.47328,7.47332,7.47302,7.47304,141.0
2026-04-16 22:00:00,7.47305,7.4732,7.4729,7.47296,135.0
2026-04-16 23:00:00,7.47295,7.47315,7.47295,7.47306,96.0
2026-04-17 00:00:00,7.4731,7.4732,7.47304,7.4732,102.0
2026-04-17 01:00:00,7.47315,7.4732,7.47302,7.47312,87.0
2026-04-17 02:00:00,7.47309,7.47309,7.47294,7.47302,101.0
2026-04-17 03:00:00,7.47302,7.47309,7.473,7.47308,82.0
2026-04-17 04:00:00,7.47308,7.47308,7.47304,7.47305,66.0
2026-04-17 05:00:00,7.47305,7.47305,7.473,7.47302,70.0
2026-04-17 06:00:00,7.47302,7.47331,7.473,7.47324,682.0
2026-04-17 07:00:00,7.47324,7.47345,7.4732,7.47342,494.0
2026-04-17 08:00:00,7.47344,7.47348,7.47334,7.47346,339.0
2026-04-17 09:00:00,7.47348,7.47348,7.4734,7.4734,941.0
2026-04-17 10:00:00,7.47341,7.47346,7.47312,7.47315,824.0
2026-04-17 11:00:00,7.47316,7.47347,7.47298,7.47306,620.0
2026-04-17 12:00:00,7.47296,7.47324,7.47296,7.4732,722.0
2026-04-17 13:00:00,7.47319,7.4734,7.47318,7.47325,1534.0
2026-04-17 14:00:00,7.47326,7.47346,7.47324,7.47342,1192.0
2026-04-17 15:00:00,7.47342,7.47348,7.47341,7.47345,245.0
2026-04-17 16:00:00,7.47343,7.47348,7.47334,7.47334,172.0
2026-04-19 17:00:00,7.473,7.473,7.47282,7.47288,353.0
2026-04-19 18:00:00,7.47293,7.47308,7.47289,7.47303,1090.0
2026-04-19 19:00:00,7.47302,7.47306,7.47288,7.47306,717.0
2026-04-19 20:00:00,7.47306,7.47324,7.47289,7.47324,792.0
2026-04-19 21:00:00,7.47324,7.47338,7.47312,7.47316,152.0
2026-04-19 22:00:00,7.47316,7.47324,7.47312,7.4732,229.0
2026-04-19 23:00:00,7.47318,7.47323,7.47314,7.47318,79.0
2026-04-20 00:00:00,7.47319,7.47327,7.47316,7.4732,273.0
2026-04-20 01:00:00,7.47318,7.47327,7.47314,7.4732,30.0
2026-04-20 02:00:00,7.4732,7.47344,7.4732,7.47344,55.0
2026-04-20 03:00:00,7.47346,7.47346,7.47341,7.47342,33.0
2026-04-20 04:00:00,7.47342,7.47346,7.4734,7.4734,94.0
2026-04-20 05:00:00,7.47341,7.47348,7.47338,7.47347,112.0
2026-04-20 06:00:00,7.47348,7.4735,7.47346,7.47347,47.0
2026-04-20 07:00:00,7.47349,7.47349,7.4734,7.4734,426.0
2026-04-20 08:00:00,7.47337,7.47344,7.47336,7.47339,263.0
2026-04-20 09:00:00,7.47341,7.47341,7.4732,7.47323,972.0
2026-04-20 10:00:00,7.47322,7.47324,7.47298,7.47308,693.0
2026-04-20 11:00:00,7.47308,7.4733,7.47308,7.47324,1651.0
2026-04-20 12:00:00,7.47324,7.4733,7.47298,7.473,1399.0
2026-04-20 13:00:00,7.47302,7.4733,7.47298,7.47322,1013.0
2026-04-20 14:00:00,7.47322,7.47324,7.47315,7.47316,1409.0
2026-04-20 15:00:00,7.47316,7.4732,7.47312,7.47313,435.0
2026-04-20 16:00:00,7.47311,7.47325,7.47308,7.47324,130.0
2026-04-20 17:00:00,7.47321,7.47333,7.47306,7.4732,52.0
2026-04-20 18:00:00,7.47322,7.47324,7.47299,7.47319,163.0
2026-04-20 19:00:00,7.47318,7.47324,7.4729,7.4729,114.0
2026-04-20 20:00:00,7.4729,7.47326,7.47288,7.47322,124.0
2026-04-20 21:00:00,7.47322,7.47326,7.4732,7.47324,150.0
2026-04-20 22:00:00,7.47325,7.47326,7.4732,7.47322,118.0
2026-04-20 23:00:00,7.47321,7.47326,7.4732,7.47322,149.0
2026-04-21 00:00:00,7.47322,7.47326,7.47321,7.47322,113.0
2026-04-21 01:00:00,7.47322,7.47326,7.47318,7.47324,66.0
2026-04-21 02:00:00,7.47324,7.47329,7.4732,7.47329,70.0
2026-04-21 03:00:00,7.47328,7.47332,7.47322,7.47328,2121.0
2026-04-21 04:00:00,7.47328,7.47332,7.47318,7.47322,446.0
2026-04-21 05:00:00,7.47322,7.47326,7.47314,7.4732,679.0
2026-04-21 06:00:00,7.47322,7.47326,7.47318,7.47322,1112.0
2026-04-21 07:00:00,7.47324,7.47334,7.47322,7.4733,543.0
2026-04-21 08:00:00,7.4733,7.47334,7.47328,7.47333,98.0
2026-04-21 09:00:00,7.47333,7.47334,7.4733,7.47332,60.0
2026-04-21 10:00:00,7.47333,7.47337,7.47331,7.47336,76.0
2026-04-21 11:00:00,7.47336,7.4734,7.47332,7.47336,93.0
2026-04-21 12:00:00,7.47338,7.47341,7.4733,7.47337,128.0
2026-04-21 13:00:00,7.47338,7.47341,7.4733,7.4734,622.0
2026-04-21 14:00:00,7.4734,7.4734,7.47327,7.4733,1817.0
2026-04-21 15:00:00,7.47328,7.47336,7.47324,7.47336,1298.0
2026-04-21 16:00:00,7.47336,7.47347,7.47324,7.4733,298.0
2026-04-21 17:00:00,7.47332,7.47332,7.47318,7.47327,100.0
2026-04-21 18:00:00,7.4733,7.47332,7.47322,7.47328,152.0
2026-04-21 19:00:00,7.47331,7.47332,7.47322,7.47328,110.0
2026-04-21 20:00:00,7.47328,7.47336,7.47322,7.47334,229.0
2026-04-21 21:00:00,7.47335,7.47342,7.47326,7.4733,142.0
2026-04-21 22:00:00,7.47328,7.47332,7.4732,7.47322,112.0
2026-04-21 23:00:00,7.47322,7.47327,7.47318,7.4732,117.0
2026-04-22 00:00:00,7.47319,7.47325,7.47316,7.4732,117.0
2026-04-22 01:00:00,7.4732,7.47322,7.47317,7.47318,114.0
2026-04-22 02:00:00,7.47318,7.47334,7.47316,7.47326,128.0
2026-04-22 03:00:00,7.4733,7.47333,7.47324,7.47326,118.0
2026-04-22 04:00:00,7.47326,7.47339,7.47319,7.47338,505.0
2026-04-22 05:00:00,7.47338,7.47342,7.47334,7.4734,64.0
2026-04-22 06:00:00,7.47339,7.47349,7.47339,7.47346,118.0
2026-04-22 07:00:00,7.47344,7.47348,7.4734,7.47343,96.0
2026-04-22 08:00:00,7.47342,7.47346,7.47342,7.47344,100.0
2026-04-22 09:00:00,7.47346,7.47346,7.47316,7.47328,1025.0
2026-04-22 10:00:00,7.47328,7.4733,7.4731,7.47311,398.0
2026-04-22 11:00:00,7.4731,7.47312,7.47262,7.47286,1460.0
2026-04-22 12:00:00,7.47286,7.47286,7.47258,7.47284,259.0
2026-04-22 13:00:00,7.47283,7.47294,7.47283,7.47292,122.0
2026-04-22 14:00:00,7.47298,7.47298,7.4729,7.47297,145.0
2026-04-22 15:00:00,7.47296,7.47297,7.47275,7.47292,152.0
2026-04-22 16:00:00,7.47293,7.47301,7.47276,7.47288,162.0
2026-04-22 17:00:00,7.47285,7.47292,7.47246,7.47255,175.0
2026-04-22 18:00:00,7.47248,7.47282,7.47244,7.47278,113.0
2026-04-22 19:00:00,7.47274,7.47282,7.47272,7.47276,60.0
2026-04-22 20:00:00,7.47276,7.47312,7.47272,7.47279,119.0
2026-04-22 21:00:00,7.47276,7.47323,7.47276,7.47306,135.0
2026-04-22 22:00:00,7.47313,7.47318,7.47307,7.47314,29.0
2026-04-22 23:00:00,7.47312,7.47316,7.47305,7.47306,106.0
2026-04-23 00:00:00,7.47306,7.4732,7.47304,7.47316,144.0
2026-04-23 01:00:00,7.47316,7.47322,7.47274,7.47286,144.0
2026-04-23 02:00:00,7.47285,7.47311,7.47284,7.47303,200.0
2026-04-23 03:00:00,7.47305,7.47334,7.47302,7.47334,157.0
2026-04-23 04:00:00,7.47336,7.47336,7.47323,7.47324,777.0
2026-04-23 05:00:00,7.47326,7.47328,7.47316,7.47316,332.0
2026-04-23 06:00:00,7.47316,7.47316,7.4728,7.47292,147.0
2026-04-23 07:00:00,7.4729,7.4731,7.47289,7.47298,1038.0
2026-04-23 08:00:00,7.47298,7.4731,7.47288,7.47306,1368.0
2026-04-23 09:00:00,7.47308,7.47326,7.47306,7.47316,717.0
2026-04-23 10:00:00,7.47316,7.4732,7.47296,7.47308,622.0
2026-04-23 11:00:00,7.4731,7.47316,7.473,7.47309,1054.0
2026-04-23 12:00:00,7.4731,7.47314,7.47294,7.47311,985.0
2026-04-23 13:00:00,7.4731,7.47318,7.47294,7.47296,936.0
2026-04-23 14:00:00,7.47296,7.47309,7.47292,7.47305,878.0
2026-04-23 15:00:00,7.47304,7.4731,7.47304,7.47308,1906.0
2026-04-23 16:00:00,7.47308,7.4731,7.473,7.47304,345.0
2026-04-23 17:00:00,7.47288,7.47298,7.47288,7.47288,130.0
2026-04-23 18:00:00,7.47284,7.4729,7.47282,7.4729,120.0
2026-04-23 19:00:00,7.47291,7.47295,7.4728,7.47285,178.0
2026-04-23 20:00:00,7.47284,7.47296,7.47283,7.47296,288.0
2026-04-23 21:00:00,7.47296,7.47312,7.47296,7.47304,163.0
2026-04-23 22:00:00,7.47304,7.47312,7.47292,7.47294,127.0
2026-04-23 23:00:00,7.47294,7.47304,7.47291,7.47292,136.0
2026-04-24 00:00:00,7.47294,7.47296,7.47284,7.47286,107.0
2026-04-24 01:00:00,7.47285,7.4732,7.47283,7.4732,70.0
2026-04-24 02:00:00,7.47322,7.47324,7.47309,7.4731,145.0
2026-04-24 03:00:00,7.4731,7.47314,7.47308,7.47312,1166.0
2026-04-24 04:00:00,7.47312,7.47319,7.47308,7.4731,1656.0
2026-04-24 05:00:00,7.47312,7.47312,7.47306,7.47309,96.0
2026-04-24 06:00:00,7.47307,7.4731,7.47299,7.47299,285.0
2026-04-24 07:00:00,7.473,7.4731,7.47296,7.47302,182.0
2026-04-24 08:00:00,7.47301,7.47302,7.47291,7.47294,106.0
2026-04-24 09:00:00,7.47293,7.47297,7.47282,7.47282,195.0
2026-04-24 10:00:00,7.4728,7.47301,7.4728,7.47284,375.0
2026-04-24 11:00:00,7.47283,7.47284,7.47256,7.47258,704.0
2026-04-24 12:00:00,7.4726,7.47266,7.47257,7.47257,639.0
2026-04-24 13:00:00,7.47258,7.47264,7.47257,7.47262,513.0
2026-04-24 14:00:00,7.47262,7.47264,7.47258,7.47259,384.0
2026-04-24 15:00:00,7.4726,7.47279,7.47254,7.47256,370.0
2026-04-24 16:00:00,7.47257,7.47293,7.47256,7.47288,358.0
2026-04-26 17:00:00,7.47292,7.47302,7.47286,7.47294,54.0
2026-04-26 18:00:00,7.47292,7.47292,7.47282,7.4729,314.0
2026-04-26 19:00:00,7.47288,7.47292,7.47283,7.47287,93.0
2026-04-26 20:00:00,7.47288,7.47294,7.47282,7.47288,155.0
2026-04-26 21:00:00,7.47292,7.47292,7.47282,7.47285,152.0
2026-04-26 22:00:00,7.47288,7.47292,7.47281,7.47288,121.0
2026-04-26 23:00:00,7.47288,7.47292,7.47278,7.47278,184.0
2026-04-27 00:00:00,7.47278,7.47282,7.47276,7.47278,125.0
2026-04-27 01:00:00,7.4728,7.47286,7.47277,7.47286,167.0
2026-04-27 02:00:00,7.47286,7.47314,7.47285,7.47312,174.0
2026-04-27 03:00:00,7.47314,7.47316,7.47308,7.4731,132.0
2026-04-27 04:00:00,7.47307,7.4731,7.47298,7.473,887.0
2026-04-27 05:00:00,7.47298,7.47302,7.47296,7.47298,607.0
2026-04-27 06:00:00,7.473,7.47302,7.47291,7.47292,851.0
2026-04-27 07:00:00,7.47294,7.47294,7.4725,7.47252,137.0
2026-04-27 08:00:00,7.4725,7.47256,7.47248,7.4725,121.0
2026-04-27 09:00:00,7.47252,7.47266,7.4725,7.47266,127.0
2026-04-27 10:00:00,7.47266,7.4728,7.47224,7.47226,280.0
2026-04-27 11:00:00,7.47228,7.4724,7.4722,7.47234,443.0
2026-04-27 12:00:00,7.47235,7.47241,7.47232,7.47238,335.0
2026-04-27 13:00:00,7.47236,7.47238,7.47218,7.47224,452.0
2026-04-27 14:00:00,7.47222,7.47225,7.47216,7.47222,121.0
2026-04-27 15:00:00,7.4722,7.47226,7.47218,7.47224,320.0
2026-04-27 16:00:00,7.47226,7.47227,7.47214,7.47226,121.0
2026-04-27 17:00:00,7.47246,7.47258,7.47238,7.47254,181.0
2026-04-27 18:00:00,7.47262,7.47264,7.47242,7.47247,285.0
2026-04-27 19:00:00,7.47248,7.47256,7.47238,7.47238,883.0
2026-04-27 20:00:00,7.47239,7.47247,7.47226,7.47246,120.0
2026-04-27 21:00:00,7.47244,7.47246,7.47226,7.4723,167.0
2026-04-27 22:00:00,7.47232,7.4724,7.4723,7.47236,108.0
2026-04-27 23:00:00,7.47236,7.47242,7.47233,7.47236,86.0
2026-04-28 00:00:00,7.47238,7.47239,7.47234,7.47236,69.0
2026-04-28 01:00:00,7.47237,7.47274,7.47237,7.47253,68.0
2026-04-28 02:00:00,7.47251,7.47252,7.47241,7.47248,60.0
2026-04-28 03:00:00,7.47248,7.47253,7.47246,7.47252,110.0
2026-04-28 04:00:00,7.47253,7.47271,7.4725,7.47268,112.0
2026-04-28 05:00:00,7.4727,7.4727,7.47258,7.47259,145.0
2026-04-28 06:00:00,7.47258,7.4727,7.47256,7.47258,176.0
2026-04-28 07:00:00,7.47256,7.4726,7.47225,7.47228,258.0
2026-04-28 08:00:00,7.47227,7.47236,7.47223,7.47234,98.0
2026-04-28 09:00:00,7.47236,7.47244,7.47232,7.47236,102.0
2026-04-28 10:00:00,7.47238,7.4727,7.47218,7.4727,307.0
2026-04-28 11:00:00,7.47268,7.47276,7.47236,7.47258,604.0
2026-04-28 12:00:00,7.47258,7.47262,7.47254,7.47258,619.0
2026-04-28 13:00:00,7.47257,7.47258,7.47234,7.47248,1128.0
2026-04-28 14:00:00,7.47248,7.47248,7.47237,7.47243,101.0
2026-04-28 15:00:00,7.47243,7.4725,7.47234,7.4724,244.0
2026-04-28 16:00:00,7.47238,7.47253,7.47234,7.47244,289.0
2026-04-28 17:00:00,7.47257,7.4727,7.4724,7.47254,1369.0
2026-04-28 18:00:00,7.47258,7.47258,7.47222,7.47222,158.0
2026-04-28 19:00:00,7.47222,7.47228,7.47218,7.4722,104.0
2026-04-28 20:00:00,7.47219,7.47245,7.47219,7.47245,106.0
2026-04-28 21:00:00,7.47244,7.47246,7.47232,7.47234,104.0
2026-04-28 22:00:00,7.47233,7.47237,7.47232,7.47234,39.0
2026-04-28 23:00:00,7.47234,7.47236,7.47232,7.47233,73.0
2026-04-29 00:00:00,7.47234,7.47238,7.47232,7.47234,82.0
2026-04-29 01:00:00,7.47232,7.47235,7.4723,7.47235,120.0
2026-04-29 02:00:00,7.47234,7.47251,7.47226,7.47251,213.0
2026-04-29 03:00:00,7.47254,7.47257,7.47242,7.47246,257.0
2026-04-29 04:00:00,7.47246,7.47271,7.4724,7.47267,367.0
2026-04-29 05:00:00,7.47266,7.47276,7.47265,7.47276,976.0
2026-04-29 06:00:00,7.47276,7.47277,7.47253,7.47257,167.0
2026-04-29 07:00:00,7.47256,7.47266,7.47249,7.47266,116.0
2026-04-29 08:00:00,7.47266,7.47274,7.4726,7.47266,503.0
2026-04-29 09:00:00,7.47268,7.47276,7.47261,7.47276,786.0
2026-04-29 10:00:00,7.47276,7.47282,7.4726,7.47276,1189.0
2026-04-29 11:00:00,7.47275,7.4729,7.47266,7.47283,1060.0
2026-04-29 12:00:00,7.47282,7.47282,7.47237,7.47266,848.0
2026-04-29 13:00:00,7.47268,7.47269,7.47211,7.47226,735.0
2026-04-29 14:00:00,7.47228,7.47244,7.47212,7.47223,1572.0
2026-04-29 15:00:00,7.47222,7.47244,7.4722,7.47234,186.0
2026-04-29 16:00:00,7.47234,7.4724,7.47198,7.47208,145.0
2026-04-29 17:00:00,7.47231,7.4725,7.47216,7.47231,607.0
2026-04-29 18:00:00,7.4724,7.47245,7.47226,7.47228,184.0
2026-04-29 19:00:00,7.47228,7.47242,7.47226,7.47227,444.0
2026-04-29 20:00:00,7.47228,7.47228,7.47208,7.47212,101.0
2026-04-29 21:00:00,7.47211,7.47216,7.47208,7.47212,83.0
2026-04-29 22:00:00,7.47212,7.47214,7.47203,7.47207,55.0
2026-04-29 23:00:00,7.47204,7.47209,7.472,7.47207,92.0
2026-04-30 00:00:00,7.47206,7.47214,7.472,7.47204,61.0
2026-04-30 01:00:00,7.47206,7.4725,7.47204,7.47232,240.0
2026-04-30 02:00:00,7.47233,7.47252,7.47228,7.47236,157.0
2026-04-30 03:00:00,7.47237,7.47258,7.47221,7.47236,581.0
2026-04-30 04:00:00,7.4724,7.4724,7.47178,7.47186,329.0
2026-04-30 05:00:00,7.47187,7.47196,7.47187,7.47189,63.0
2026-04-30 06:00:00,7.4719,7.47194,7.4716,7.47175,617.0
2026-04-30 07:00:00,7.47176,7.47177,7.47157,7.47157,1599.0
2026-04-30 08:00:00,7.47158,7.47183,7.47152,7.47171,816.0
2026-04-30 09:00:00,7.47172,7.4719,7.47171,7.4718,316.0
2026-04-30 10:00:00,7.4718,7.47252,7.47174,7.47248,1722.0
2026-04-30 11:00:00,7.47248,7.47292,7.47219,7.47221,1485.0
2026-04-30 12:00:00,7.4722,7.47284,7.47215,7.47284,872.0
2026-04-30 13:00:00,7.47283,7.47285,7.47278,7.47278,457.0
2026-04-30 14:00:00,7.4728,7.4729,7.47279,7.47286,102.0
2026-04-30 15:00:00,7.47284,7.4729,7.47283,7.47288,108.0
2026-04-30 16:00:00,7.47288,7.4729,7.4728,7.47281,102.0
2026-04-30 17:00:00,7.47248,7.47258,7.47223,7.47226,108.0
2026-04-30 18:00:00,7.47228,7.47269,7.47225,7.47266,200.0
2026-04-30 19:00:00,7.47266,7.47272,7.47258,7.4726,78.0
2026-04-30 20:00:00,7.4726,7.47276,7.47248,7.47276,225.0
2026-04-30 21:00:00,7.47274,7.47283,7.47273,7.47279,104.0
2026-04-30 22:00:00,7.4728,7.4728,7.47274,7.47278,61.0
2026-04-30 23:00:00,7.4728,7.4728,7.47274,7.47276,76.0
2026-05-01 00:00:00,7.47276,7.47279,7.47274,7.47277,65.0
2026-05-01 01:00:00,7.47278,7.4728,7.47275,7.47278,39.0
2026-05-01 02:00:00,7.47278,7.47288,7.4727,7.47284,126.0
2026-05-01 03:00:00,7.47283,7.47284,7.47278,7.47278,353.0
2026-05-01 04:00:00,7.4728,7.47283,7.47278,7.4728,111.0
2026-05-01 05:00:00,7.47281,7.47282,7.47274,7.47278,118.0
2026-05-01 06:00:00,7.47278,7.4728,7.47221,7.47231,167.0
2026-05-01 07:00:00,7.47238,7.47238,7.47143,7.47207,288.0
2026-05-01 08:00:00,7.47206,7.47209,7.47202,7.47206,148.0
2026-05-01 09:00:00,7.47205,7.47214,7.47204,7.47214,110.0
2026-05-01 10:00:00,7.47212,7.47246,7.4721,7.4723,189.0
2026-05-01 11:00:00,7.4723,7.4725,7.47216,7.47237,162.0
2026-05-01 12:00:00,7.47236,7.47237,7.4722,7.47222,895.0
2026-05-01 13:00:00,7.47222,7.47224,7.47218,7.4722,68.0
2026-05-01 14:00:00,7.47222,7.47228,7.47215,7.4722,120.0
2026-05-01 15:00:00,7.47219,7.47255,7.47217,7.4725,307.0
2026-05-01 16:00:00,7.47252,7.47296,7.47196,7.47208,341.0
2026-05-03 17:00:00,7.47182,7.47204,7.47174,7.47192,249.0
2026-05-03 18:00:00,7.47188,7.47219,7.47188,7.4721,199.0
2026-05-03 19:00:00,7.4721,7.4722,7.47207,7.47209,237.0
2026-05-03 20:00:00,7.47208,7.47218,7.47204,7.47206,165.0
2026-05-03 21:00:00,7.47206,7.47218,7.47206,7.4721,176.0
2026-05-03 22:00:00,7.47212,7.47224,7.47208,7.47222,156.0
2026-05-03 23:00:00,7.47221,7.47224,7.47217,7.47222,172.0
2026-05-04 00:00:00,7.4722,7.4723,7.4722,7.4723,184.0
2026-05-04 01:00:00,7.47231,7.4724,7.47231,7.47237,59.0
2026-05-04 02:00:00,7.47237,7.4724,7.47234,7.4724,89.0
2026-05-04 03:00:00,7.47248,7.47289,7.47242,7.47289,686.0
2026-05-04 04:00:00,7.47289,7.47291,7.4728,7.47283,166.0
2026-05-04 05:00:00,7.47284,7.47288,7.4728,7.47284,85.0
2026-05-04 06:00:00,7.47286,7.4729,7.47262,7.47262,160.0
2026-05-04 07:00:00,7.47262,7.47262,7.47228,7.47253,571.0
2026-05-04 08:00:00,7.47252,7.47257,7.4719,7.47202,1001.0
2026-05-04 09:00:00,7.47198,7.47252,7.47184,7.47246,344.0
2026-05-04 10:00:00,7.47244,7.47251,7.47218,7.47242,248.0
2026-05-04 11:00:00,7.47238,7.47244,7.47216,7.47219,213.0
2026-05-04 12:00:00,7.4722,7.47259,7.47189,7.47238,968.0
2026-05-04 13:00:00,7.47235,7.4726,7.47174,7.47176,923.0
2026-05-04 14:00:00,7.47178,7.4718,7.47168,7.47172,97.0
2026-05-04 15:00:00,7.47172,7.47176,7.47164,7.47172,171.0
2026-05-04 16:00:00,7.47171,7.47227,7.4716,7.47216,252.0
2026-05-04 17:00:00,7.47215,7.47221,7.47199,7.47204,58.0
2026-05-04 18:00:00,7.472,7.47206,7.47198,7.47203,108.0
2026-05-04 19:00:00,7.47204,7.4721,7.47195,7.472,126.0
2026-05-04 20:00:00,7.47198,7.47202,7.47193,7.47199,123.0
2026-05-04 21:00:00,7.472,7.47234,7.47199,7.47232,140.0
2026-05-04 22:00:00,7.47232,7.4724,7.47229,7.4724,110.0
2026-05-04 23:00:00,7.47236,7.4724,7.47229,7.47235,156.0
2026-05-05 00:00:00,7.47234,7.47241,7.47233,7.47236,167.0
2026-05-05 01:00:00,7.47236,7.47256,7.47236,7.47256,73.0
2026-05-05 02:00:00,7.47257,7.47259,7.47246,7.4725,257.0
2026-05-05 03:00:00,7.4725,7.47252,7.47247,7.4725,190.0
2026-05-05 04:00:00,7.4725,7.47256,7.4725,7.4725,95.0
2026-05-05 05:00:00,7.4725,7.47271,7.4725,7.4727,420.0
2026-05-05 06:00:00,7.4727,7.4728,7.47262,7.47262,281.0
2026-05-05 07:00:00,7.47262,7.47278,7.47262,7.47278,406.0
2026-05-05 08:00:00,7.47276,7.47282,7.47269,7.47271,630.0
2026-05-05 09:00:00,7.4727,7.47288,7.47268,7.47284,290.0
2026-05-05 10:00:00,7.47284,7.47314,7.4725,7.47279,985.0
2026-05-05 11:00:00,7.4728,7.47291,7.47268,7.47287,154.0
2026-05-05 12:00:00,7.47289,7.47289,7.47268,7.47268,217.0
2026-05-05 13:00:00,7.47272,7.4728,7.4726,7.47262,246.0
2026-05-05 14:00:00,7.47265,7.47284,7.47261,7.47276,294.0
2026-05-05 15:00:00,7.47276,7.47287,7.47276,7.47282,149.0
2026-05-05 16:00:00,7.47282,7.47314,7.47282,7.47307,350.0
2026-05-05 17:00:00,7.4727,7.47279,7.47266,7.47272,1836.0
2026-05-05 18:00:00,7.47271,7.47272,7.47238,7.47258,495.0
2026-05-05 19:00:00,7.4726,7.47272,7.47254,7.4727,413.0
2026-05-05 20:00:00,7.47271,7.47274,7.47254,7.47256,313.0
2026-05-05 21:00:00,7.47256,7.47261,7.47254,7.47256,61.0
2026-05-05 22:00:00,7.4726,7.47263,7.47254,7.47256,56.0
2026-05-05 23:00:00,7.47255,7.47262,7.47248,7.47254,96.0
2026-05-06 00:00:00,7.47255,7.47262,7.47248,7.47262,94.0
2026-05-06 01:00:00,7.47264,7.47301,7.47261,7.47298,112.0
2026-05-06 02:00:00,7.47298,7.47312,7.47294,7.47308,141.0
2026-05-06 03:00:00,7.47308,7.47314,7.47304,7.47308,156.0
2026-05-06 04:00:00,7.47308,7.4731,7.47268,7.4727,237.0
2026-05-06 05:00:00,7.4727,7.4728,7.47266,7.47276,147.0
2026-05-06 06:00:00,7.47276,7.47279,7.47266,7.4727,315.0
2026-05-06 07:00:00,7.4727,7.47274,7.47228,7.47244,1418.0
2026-05-06 08:00:00,7.47244,7.47256,7.47234,7.47252,1417.0
2026-05-06 09:00:00,7.47252,7.47263,7.47248,7.47251,443.0
2026-05-06 10:00:00,7.47249,7.47311,7.47249,7.47268,578.0
2026-05-06 11:00:00,7.47268,7.47314,7.47232,7.4724,1034.0
2026-05-06 12:00:00,7.4724,7.47288,7.4724,7.47276,1016.0
2026-05-06 13:00:00,7.47274,7.47279,7.47254,7.47258,432.0
2026-05-06 14:00:00,7.47258,7.473,7.47256,7.473,641.0
2026-05-06 15:00:00,7.47302,7.47324,7.47301,7.47306,168.0
2026-05-06 16:00:00,7.47306,7.47308,7.47236,7.47251,174.0
2026-05-06 17:00:00,7.47243,7.47258,7.47236,7.47248,381.0
2026-05-06 18:00:00,7.47249,7.47279,7.47248,7.47272,177.0
2026-05-06 19:00:00,7.47274,7.4728,7.47269,7.4727,83.0
2026-05-06 20:00:00,7.47272,7.47276,7.47264,7.47268,111.0
2026-05-06 21:00:00,7.47268,7.47272,7.47256,7.47266,194.0
2026-05-06 22:00:00,7.47264,7.47272,7.4726,7.47264,169.0
2026-05-06 23:00:00,7.47262,7.47272,7.47262,7.47269,109.0
2026-05-07 00:00:00,7.4727,7.4727,7.4726,7.47268,85.0
2026-05-07 01:00:00,7.47269,7.47287,7.47264,7.47282,96.0
2026-05-07 02:00:00,7.47282,7.47292,7.4727,7.47274,226.0
2026-05-07 03:00:00,7.47272,7.4728,7.47245,7.47258,1275.0
2026-05-07 04:00:00,7.47259,7.47281,7.47258,7.47272,956.0
2026-05-07 05:00:00,7.47271,7.47281,7.47271,7.47278,179.0
2026-05-07 06:00:00,7.47278,7.47281,7.47274,7.47274,140.0
2026-05-07 07:00:00,7.4727,7.4727,7.4725,7.47254,441.0
2026-05-07 08:00:00,7.47256,7.47262,7.47184,7.47251,650.0
2026-05-07 09:00:00,7.47254,7.47274,7.47249,7.47258,530.0
2026-05-07 10:00:00,7.47257,7.4726,7.47228,7.47242,408.0
2026-05-07 11:00:00,7.4724,7.47292,7.47239,7.47268,1027.0
2026-05-07 12:00:00,7.47269,7.47273,7.4726,7.4726,1308.0
2026-05-07 13:00:00,7.4726,7.4726,7.47248,7.4725,790.0
2026-05-07 14:00:00,7.47251,7.47252,7.47242,7.47248,204.0
2026-05-07 15:00:00,7.4725,7.47257,7.47246,7.4725,244.0
2026-05-07 16:00:00,7.47246,7.47252,7.47221,7.47226,132.0
2026-05-07 17:00:00,7.47235,7.47242,7.47214,7.47232,197.0
2026-05-07 18:00:00,7.4723,7.47256,7.47224,7.47252,150.0
2026-05-07 19:00:00,7.47246,7.47258,7.47246,7.47258,43.0
2026-05-07 20:00:00,7.47255,7.47261,7.47253,7.47255,137.0
2026-05-07 21:00:00,7.47254,7.47254,7.47234,7.47244,101.0
2026-05-07 22:00:00,7.47244,7.47248,7.47243,7.47244,60.0
2026-05-07 23:00:00,7.47244,7.47249,7.47244,7.47245,67.0
2026-05-08 00:00:00,7.47248,7.47248,7.47244,7.47246,58.0
2026-05-08 01:00:00,7.47248,7.47261,7.47245,7.47261,87.0
2026-05-08 02:00:00,7.47262,7.47274,7.47254,7.4726,189.0
2026-05-08 03:00:00,7.47258,7.47262,7.47255,7.4726,182.0
2026-05-08 04:00:00,7.4726,7.47268,7.4726,7.47264,139.0
2026-05-08 05:00:00,7.47268,7.47276,7.47258,7.47264,286.0
2026-05-08 06:00:00,7.47262,7.4727,7.47261,7.47266,117.0
2026-05-08 07:00:00,7.47264,7.47268,7.47256,7.47258,116.0
2026-05-08 08:00:00,7.47258,7.47276,7.47254,7.47266,208.0
2026-05-08 09:00:00,7.47268,7.47276,7.47266,7.4727,210.0
2026-05-08 10:00:00,7.4727,7.47294,7.47268,7.4729,269.0
2026-05-08 11:00:00,7.4729,7.47301,7.47285,7.47296,116.0
2026-05-08 12:00:00,7.47292,7.47296,7.4728,7.4728,622.0
2026-05-08 13:00:00,7.47281,7.47286,7.47276,7.47281,63.0
2026-05-08 14:00:00,7.47282,7.47284,7.47276,7.47282,169.0
2026-05-08 15:00:00,7.47284,7.47306,7.4728,7.47304,326.0
2026-05-08 16:00:00,7.47303,7.47324,7.4728,7.47283,184.0
2026-05-10 17:00:00,7.47273,7.47282,7.47252,7.47267,543.0
2026-05-10 18:00:00,7.47268,7.47272,7.47254,7.4726,229.0
2026-05-10 19:00:00,7.47261,7.47266,7.47242,7.47251,136.0
2026-05-10 20:00:00,7.47252,7.47308,7.47246,7.47306,239.0
2026-05-10 21:00:00,7.47305,7.47324,7.47302,7.47322,64.0
2026-05-10 22:00:00,7.47323,7.4733,7.4732,7.47328,65.0
2026-05-10 23:00:00,7.47328,7.47331,7.47321,7.47322,124.0
2026-05-11 00:00:00,7.47328,7.47334,7.473,7.47301,54.0
2026-05-11 01:00:00,7.473,7.4731,7.47268,7.47273,49.0
2026-05-11 02:00:00,7.47262,7.47308,7.4725,7.47294,129.0
2026-05-11 03:00:00,7.47291,7.47293,7.47284,7.47287,82.0
2026-05-11 04:00:00,7.47288,7.47289,7.47261,7.47274,270.0
2026-05-11 05:00:00,7.47272,7.47295,7.4727,7.47291,176.0
2026-05-11 06:00:00,7.4729,7.47298,7.47272,7.47274,107.0
2026-05-11 07:00:00,7.47272,7.47278,7.47235,7.47244,449.0
2026-05-11 08:00:00,7.47246,7.47276,7.47236,7.47262,170.0
2026-05-11 09:00:00,7.47262,7.47263,7.47246,7.47256,81.0
2026-05-11 10:00:00,7.47255,7.47289,7.47247,7.47288,547.0
2026-05-11 11:00:00,7.47288,7.47317,7.47286,7.47301,242.0
2026-05-11 12:00:00,7.47299,7.47312,7.47292,7.47293,112.0
2026-05-11 13:00:00,7.47296,7.47307,7.47276,7.47278,152.0
2026-05-11 14:00:00,7.47279,7.47302,7.47264,7.47302,322.0
2026-05-11 15:00:00,7.47302,7.47305,7.47262,7.47269,118.0
2026-05-11 16:00:00,7.47271,7.47287,7.47254,7.4726,106.0
2026-05-11 17:00:00,7.47234,7.47261,7.47233,7.47259,189.0
2026-05-11 18:00:00,7.47256,7.47273,7.4725,7.47269,142.0
2026-05-11 19:00:00,7.47268,7.47272,7.4723,7.47238,353.0
2026-05-11 20:00:00,7.47237,7.47242,7.4721,7.47216,153.0
2026-05-11 21:00:00,7.47216,7.47236,7.47216,7.47227,209.0
2026-05-11 22:00:00,7.47225,7.47231,7.47222,7.47226,131.0
2026-05-11 23:00:00,7.47228,7.4724,7.47224,7.47234,95.0
2026-05-12 00:00:00,7.4724,7.47248,7.47234,7.47245,24.0
2026-05-12 01:00:00,7.47247,7.47254,7.47243,7.47252,112.0
2026-05-12 02:00:00,7.47259,7.47279,7.47237,7.47274,203.0
2026-05-12 03:00:00,7.47276,7.4729,7.47276,7.47284,338.0
2026-05-12 04:00:00,7.47283,7.47292,7.47279,7.47292,317.0
2026-05-12 05:00:00,7.47293,7.47299,7.47288,7.47292,207.0
2026-05-12 06:00:00,7.47294,7.4731,7.4729,7.47304,232.0
2026-05-12 07:00:00,7.47302,7.47307,7.4729,7.47292,328.0
2026-05-12 08:00:00,7.4729,7.47298,7.47278,7.47287,885.0
2026-05-12 09:00:00,7.47287,7.473,7.47268,7.47277,435.0
2026-05-12 10:00:00,7.47276,7.47277,7.47242,7.47256,281.0
2026-05-12 11:00:00,7.47255,7.47298,7.47253,7.47278,196.0
2026-05-12 12:00:00,7.47279,7.47302,7.47279,7.47299,858.0
2026-05-12 13:00:00,7.47301,7.47301,7.47274,7.47274,141.0
2026-05-12 14:00:00,7.47272,7.47301,7.47269,7.47282,368.0
2026-05-12 15:00:00,7.47284,7.47302,7.47281,7.4729,185.0
2026-05-12 16:00:00,7.47288,7.47308,7.47286,7.4729,122.0
2026-05-12 17:00:00,7.47285,7.47298,7.47279,7.47286,536.0
2026-05-12 18:00:00,7.47278,7.4729,7.47266,7.47276,137.0
2026-05-12 19:00:00,7.47275,7.47282,7.47272,7.47276,162.0
2026-05-12 20:00:00,7.47281,7.47283,7.47249,7.4725,171.0
2026-05-12 21:00:00,7.4726,7.47285,7.4726,7.47282,156.0
2026-05-12 22:00:00,7.47282,7.47292,7.47279,7.47286,148.0
2026-05-12 23:00:00,7.47286,7.47292,7.47282,7.47285,110.0
2026-05-13 00:00:00,7.47286,7.47292,7.47266,7.47269,98.0
2026-05-13 01:00:00,7.4727,7.47274,7.47264,7.47266,210.0
2026-05-13 02:00:00,7.47268,7.47268,7.47249,7.4726,146.0
2026-05-13 03:00:00,7.4726,7.473,7.47256,7.47286,302.0
2026-05-13 04:00:00,7.47286,7.47288,7.47271,7.47274,306.0
2026-05-13 05:00:00,7.47275,7.47341,7.4727,7.4733,361.0
2026-05-13 06:00:00,7.4733,7.47374,7.47325,7.47352,458.0
2026-05-13 07:00:00,7.47352,7.47386,7.47352,7.47374,192.0
2026-05-13 08:00:00,7.47375,7.47388,7.4737,7.4737,293.0
2026-05-13 09:00:00,7.47368,7.47369,7.47334,7.47339,196.0
2026-05-13 10:00:00,7.47339,7.4736,7.47338,7.47342,93.0
2026-05-13 11:00:00,7.47341,7.47358,7.4734,7.47358,957.0
2026-05-13 12:00:00,7.47357,7.47358,7.47328,7.4733,212.0
2026-05-13 13:00:00,7.4733,7.47351,7.473,7.47351,306.0
2026-05-13 14:00:00,7.47352,7.47362,7.47352,7.47358,146.0
2026-05-13 15:00:00,7.47357,7.47372,7.47339,7.47339,97.0
2026-05-13 16:00:00,7.47341,7.47344,7.47255,7.47296,237.0
2026-05-13 17:00:00,7.47289,7.47304,7.47269,7.47292,196.0
2026-05-13 18:00:00,7.47292,7.47307,7.47269,7.47276,238.0
2026-05-13 19:00:00,7.4728,7.47302,7.47266,7.47297,355.0
2026-05-13 20:00:00,7.47297,7.4731,7.47294,7.47308,121.0
2026-05-13 21:00:00,7.47306,7.4731,7.47304,7.47306,45.0
2026-05-13 22:00:00,7.47308,7.4731,7.47304,7.47306,93.0
2026-05-13 23:00:00,7.47308,7.4731,7.47304,7.47304,89.0
2026-05-14 00:00:00,7.47306,7.47308,7.47287,7.47287,55.0
2026-05-14 01:00:00,7.47288,7.47292,7.47284,7.47286,44.0
2026-05-14 02:00:00,7.47287,7.47287,7.4726,7.47266,96.0
2026-05-14 03:00:00,7.47262,7.47276,7.4726,7.47272,57.0
2026-05-14 04:00:00,7.47275,7.47281,7.4727,7.47278,65.0
2026-05-14 05:00:00,7.47278,7.47313,7.47271,7.47296,106.0
2026-05-14 06:00:00,7.47296,7.47301,7.4729,7.4729,44.0
2026-05-14 07:00:00,7.47288,7.47294,7.47265,7.47291,99.0
2026-05-14 08:00:00,7.4729,7.47294,7.47272,7.47282,341.0
2026-05-14 09:00:00,7.47282,7.47287,7.47281,7.47284,563.0
2026-05-14 10:00:00,7.47285,7.47295,7.4728,7.4728,796.0
2026-05-14 11:00:00,7.47295,7.47325,7.47295,7.47322,321.0
2026-05-14 12:00:00,7.47322,7.47332,7.4732,7.4733,217.0
2026-05-14 13:00:00,7.4733,7.47332,7.4733,7.47331,28.0
2026-05-14 14:00:00,7.4733,7.47336,7.4733,7.4733,104.0
2026-05-14 15:00:00,7.47331,7.47337,7.4733,7.47332,167.0
2026-05-14 16:00:00,7.47333,7.47338,7.47324,7.47328,114.0
2026-05-14 17:00:00,7.47304,7.47319,7.47294,7.47308,86.0
2026-05-14 18:00:00,7.47308,7.4733,7.47308,7.47321,123.0
2026-05-14 19:00:00,7.47321,7.47335,7.47315,7.47333,167.0
2026-05-14 20:00:00,7.47333,7.47336,7.47325,7.47329,167.0
2026-05-14 21:00:00,7.4733,7.4733,7.4732,7.4732,157.0
2026-05-14 22:00:00,7.47319,7.47334,7.47319,7.4733,73.0
2026-05-14 23:00:00,7.47328,7.47332,7.47288,7.47296,79.0
2026-05-15 00:00:00,7.47296,7.47296,7.47272,7.47282,71.0
2026-05-15 01:00:00,7.47281,7.47286,7.47274,7.47278,85.0
2026-05-15 02:00:00,7.47279,7.47284,7.47265,7.47278,158.0
2026-05-15 03:00:00,7.47274,7.47284,7.47272,7.47276,715.0
2026-05-15 04:00:00,7.4728,7.4728,7.47274,7.47276,70.0
2026-05-15 05:00:00,7.47276,7.47283,7.47274,7.47276,63.0
2026-05-15 06:00:00,7.47277,7.47285,7.47276,7.47276,40.0
2026-05-15 07:00:00,7.47276,7.47282,7.47276,7.47276,22.0
2026-05-15 08:00:00,7.4728,7.47312,7.47277,7.47307,928.0
2026-05-15 09:00:00,7.47306,7.47316,7.47304,7.47316,2262.0
2026-05-15 10:00:00,7.47316,7.47363,7.47316,7.47362,120.0
2026-05-15 11:00:00,7.4736,7.47362,7.47344,7.4736,436.0
2026-05-15 12:00:00,7.47356,7.4737,7.47354,7.4736,113.0
2026-05-15 13:00:00,7.47358,7.4736,7.47354,7.4736,75.0
2026-05-15 14:00:00,7.4736,7.4737,7.47358,7.4737,93.0
2026-05-15 15:00:00,7.4737,7.47374,7.4737,7.47372,21.0
2026-05-15 16:00:00,7.4737,7.47384,7.47334,7.47354,404.0
2026-05-17 17:00:00,7.47337,7.47344,7.47318,7.47338,149.0
2026-05-17 18:00:00,7.4733,7.47336,7.47319,7.47329,115.0
2026-05-17 19:00:00,7.47328,7.47338,7.47328,7.47334,466.0
2026-05-17 20:00:00,7.47334,7.4734,7.47324,7.47328,643.0
2026-05-17 21:00:00,7.47327,7.47328,7.47325,7.47327,87.0
2026-05-17 22:00:00,7.47327,7.47327,7.47322,7.47325,80.0
2026-05-17 23:00:00,7.47326,7.47326,7.47321,7.47325,90.0
2026-05-18 00:00:00,7.47326,7.47329,7.47322,7.47328,60.0
2026-05-18 01:00:00,7.47328,7.4733,7.47326,7.4733,34.0
2026-05-18 02:00:00,7.4733,7.4737,7.47329,7.47368,97.0
2026-05-18 03:00:00,7.47367,7.47372,7.47364,7.47371,133.0
2026-05-18 04:00:00,7.47372,7.47388,7.47371,7.47378,106.0
2026-05-18 05:00:00,7.47377,7.4738,7.47365,7.47373,83.0
2026-05-18 06:00:00,7.47375,7.47378,7.4737,7.47376,68.0
2026-05-18 07:00:00,7.47376,7.47381,7.47364,7.47364,96.0
2026-05-18 08:00:00,7.47358,7.47358,7.47324,7.4735,509.0
2026-05-18 09:00:00,7.47353,7.47363,7.47348,7.47361,260.0
2026-05-18 10:00:00,7.47364,7.47371,7.47338,7.47364,908.0
2026-05-18 11:00:00,7.47363,7.47366,7.47306,7.47321,458.0
2026-05-18 12:00:00,7.4732,7.47332,7.47295,7.47301,598.0
2026-05-18 13:00:00,7.473,7.47301,7.47282,7.47289,290.0
2026-05-18 14:00:00,7.47288,7.47331,7.47275,7.47321,175.0
2026-05-18 15:00:00,7.47321,7.4733,7.47264,7.47278,2248.0
2026-05-18 16:00:00,7.4728,7.47313,7.47276,7.47276,168.0
2026-05-18 17:00:00,7.47294,7.47314,7.47284,7.47296,234.0
2026-05-18 18:00:00,7.47293,7.47318,7.47293,7.473,164.0
2026-05-18 19:00:00,7.473,7.47308,7.47283,7.47283,206.0
2026-05-18 20:00:00,7.47282,7.47284,7.4728,7.47281,108.0
2026-05-18 21:00:00,7.4728,7.47286,7.47276,7.47286,131.0
2026-05-18 22:00:00,7.47286,7.47288,7.47274,7.47276,78.0
2026-05-18 23:00:00,7.47274,7.47274,7.47267,7.4727,46.0
2026-05-19 00:00:00,7.47268,7.47274,7.47266,7.47271,67.0
2026-05-19 01:00:00,7.47272,7.47299,7.47264,7.47296,56.0
2026-05-19 02:00:00,7.47297,7.47317,7.47288,7.47317,89.0
2026-05-19 03:00:00,7.47318,7.47318,7.47304,7.4731,162.0
2026-05-19 04:00:00,7.4731,7.47324,7.4731,7.4732,102.0
2026-05-19 05:00:00,7.47318,7.4732,7.4731,7.47316,122.0
2026-05-19 06:00:00,7.47315,7.4732,7.47312,7.47316,86.0
2026-05-19 07:00:00,7.47318,7.47322,7.47314,7.47314,142.0
2026-05-19 08:00:00,7.47314,7.47318,7.47306,7.47314,305.0
2026-05-19 09:00:00,7.47315,7.47318,7.4731,7.47311,287.0
2026-05-19 10:00:00,7.47312,7.47313,7.47276,7.47292,465.0
2026-05-19 11:00:00,7.4729,7.473,7.47264,7.4727,1443.0
2026-05-19 12:00:00,7.4727,7.47272,7.47261,7.47269,283.0
2026-05-19 13:00:00,7.4727,7.47272,7.47244,7.47249,444.0
2026-05-19 14:00:00,7.4725,7.4728,7.47244,7.4728,626.0
2026-05-19 15:00:00,7.47281,7.47283,7.47271,7.47271,90.0
2026-05-19 16:00:00,7.4727,7.473,7.4726,7.47278,136.0
2026-05-19 17:00:00,7.47266,7.47297,7.47258,7.47296,229.0
2026-05-19 18:00:00,7.47304,7.47304,7.47256,7.47268,168.0
2026-05-19 19:00:00,7.47268,7.47283,7.47268,7.47281,177.0
2026-05-19 20:00:00,7.4728,7.4729,7.47278,7.47286,261.0
2026-05-19 21:00:00,7.47286,7.47293,7.47279,7.47284,467.0
2026-05-19 22:00:00,7.47286,7.4729,7.4728,7.47282,133.0
2026-05-19 23:00:00,7.47281,7.4729,7.4728,7.47286,78.0
2026-05-20 00:00:00,7.47286,7.47286,7.47278,7.47282,96.0
2026-05-20 01:00:00,7.4728,7.4731,7.47271,7.4731,200.0
2026-05-20 02:00:00,7.47308,7.4731,7.47296,7.47302,73.0
2026-05-20 03:00:00,7.47304,7.47311,7.473,7.47308,126.0
2026-05-20 04:00:00,7.47309,7.47332,7.47275,7.47275,424.0
2026-05-20 05:00:00,7.47274,7.47308,7.47272,7.47304,119.0
2026-05-20 06:00:00,7.47302,7.47328,7.473,7.4732,445.0
2026-05-20 07:00:00,7.47318,7.47322,7.47314,7.47314,50.0
2026-05-20 08:00:00,7.47314,7.47318,7.4731,7.47316,102.0
2026-05-20 09:00:00,7.47318,7.4732,7.47314,7.47316,383.0
2026-05-20 10:00:00,7.47317,7.47322,7.47276,7.47277,439.0
2026-05-20 11:00:00,7.47276,7.47277,7.4725,7.47266,1052.0
2026-05-20 12:00:00,7.47264,7.47274,7.4725,7.47272,347.0
2026-05-20 13:00:00,7.47274,7.47274,7.47252,7.47252,210.0
2026-05-20 14:00:00,7.47252,7.47265,7.47239,7.47263,177.0
2026-05-20 15:00:00,7.47264,7.47276,7.47262,7.4727,1038.0
2026-05-20 16:00:00,7.47268,7.47281,7.4726,7.4727,167.0
2026-05-20 17:00:00,7.47272,7.4732,7.47252,7.47298,283.0
2026-05-20 18:00:00,7.4729,7.47324,7.47288,7.47303,188.0
2026-05-20 19:00:00,7.47304,7.47304,7.47292,7.47294,57.0
2026-05-20 20:00:00,7.47296,7.47305,7.4729,7.47292,75.0
2026-05-20 21:00:00,7.47292,7.473,7.4727,7.47297,113.0
2026-05-20 22:00:00,7.47298,7.47301,7.4728,7.4728,88.0
2026-05-20 23:00:00,7.4728,7.47282,7.47257,7.47262,93.0
2026-05-21 00:00:00,7.47264,7.47264,7.47247,7.4725,96.0
2026-05-21 01:00:00,7.47248,7.47276,7.47246,7.47276,72.0
2026-05-21 02:00:00,7.47276,7.47289,7.47276,7.47284,68.0
2026-05-21 03:00:00,7.47286,7.4729,7.47276,7.47289,1603.0
2026-05-21 04:00:00,7.47289,7.47302,7.47286,7.47296,886.0
2026-05-21 05:00:00,7.47296,7.47304,7.47292,7.47292,228.0
2026-05-21 06:00:00,7.47291,7.47295,7.47282,7.47294,161.0
2026-05-21 07:00:00,7.47295,7.47302,7.47294,7.47302,85.0
2026-05-21 08:00:00,7.47302,7.4731,7.47298,7.47306,235.0
2026-05-21 09:00:00,7.47307,7.4731,7.47304,7.4731,831.0
2026-05-21 10:00:00,7.4731,7.47312,7.47249,7.4725,1009.0
2026-05-21 11:00:00,7.4725,7.47286,7.4724,7.47268,382.0
2026-05-21 12:00:00,7.47268,7.47274,7.47267,7.47271,79.0
2026-05-21 13:00:00,7.4727,7.47304,7.4727,7.47273,599.0
2026-05-21 14:00:00,7.47274,7.4731,7.47269,7.47306,367.0
2026-05-21 15:00:00,7.47305,7.47312,7.47288,7.47298,267.0
2026-05-21 16:00:00,7.47298,7.473,7.4729,7.47294,67.0
2026-05-21 17:00:00,7.4729,7.47304,7.47266,7.4727,55.0
2026-05-21 18:00:00,7.47266,7.47266,7.4725,7.47256,118.0
2026-05-21 19:00:00,7.47258,7.47276,7.47258,7.47264,198.0
2026-05-21 20:00:00,7.47266,7.4728,7.47262,7.47276,505.0
2026-05-21 21:00:00,7.47277,7.47282,7.47268,7.47276,230.0
2026-05-21 22:00:00,7.47276,7.47284,7.4727,7.4728,420.0
2026-05-21 23:00:00,7.47281,7.473,7.47254,7.47258,571.0
2026-05-22 00:00:00,7.4726,7.47264,7.47256,7.47259,329.0
2026-05-22 01:00:00,7.47262,7.47293,7.47262,7.47293,210.0
2026-05-22 02:00:00,7.47296,7.47309,7.47294,7.47302,284.0
2026-05-22 03:00:00,7.47301,7.47304,7.47296,7.473,106.0
2026-05-22 04:00:00,7.473,7.47324,7.473,7.4732,62.0
2026-05-22 05:00:00,7.47318,7.47322,7.4731,7.47316,77.0
2026-05-22 06:00:00,7.47312,7.47319,7.47304,7.47306,609.0
2026-05-22 07:00:00,7.47308,7.47316,7.47304,7.47306,433.0
2026-05-22 08:00:00,7.47304,7.4731,7.47297,7.47306,955.0
2026-05-22 09:00:00,7.47308,7.47308,7.47269,7.47272,643.0
2026-05-22 10:00:00,7.4727,7.47298,7.47225,7.47228,1547.0
2026-05-22 11:00:00,7.4723,7.4724,7.47206,7.47212,543.0
2026-05-22 12:00:00,7.47212,7.47216,7.47212,7.47214,129.0
2026-05-22 13:00:00,7.47212,7.47212,7.47169,7.47171,158.0
2026-05-22 14:00:00,7.4717,7.47179,7.4717,7.47176,192.0
2026-05-22 15:00:00,7.4718,7.47188,7.4717,7.47173,139.0
2026-05-22 16:00:00,7.4717,7.47215,7.4717,7.47208,234.0
2026-05-24 17:00:00,7.47195,7.47209,7.47195,7.47195,253.0
2026-05-24 18:00:00,7.47194,7.47234,7.4719,7.4723,507.0
2026-05-24 19:00:00,7.4723,7.4724,7.47224,7.47234,383.0
2026-05-24 20:00:00,7.47232,7.47251,7.47226,7.47246,431.0
2026-05-24 21:00:00,7.47248,7.47268,7.47246,7.47266,222.0
2026-05-24 22:00:00,7.47267,7.47267,7.47211,7.4725,208.0
2026-05-24 23:00:00,7.47252,7.47253,7.47241,7.47244,204.0
2026-05-25 00:00:00,7.47244,7.47246,7.47234,7.47242,372.0
2026-05-25 01:00:00,7.47242,7.47281,7.47242,7.4726,553.0
2026-05-25 02:00:00,7.47259,7.47282,7.47256,7.47276,72.0
2026-05-25 03:00:00,7.47272,7.47281,7.47272,7.47274,222.0
2026-05-25 04:00:00,7.47276,7.47276,7.47236,7.4724,1038.0
2026-05-25 05:00:00,7.47238,7.4724,7.47216,7.47219,752.0
2026-05-25 06:00:00,7.47219,7.4722,7.47208,7.47209,696.0
2026-05-25 07:00:00,7.4721,7.4721,7.47186,7.47188,1076.0
2026-05-25 08:00:00,7.4719,7.47191,7.47182,7.4719,1718.0
2026-05-25 09:00:00,7.47188,7.4719,7.47155,7.47184,1050.0
2026-05-25 10:00:00,7.47186,7.47187,7.47124,7.47138,621.0
2026-05-25 11:00:00,7.47142,7.47151,7.47124,7.4713,605.0
2026-05-25 12:00:00,7.47129,7.4714,7.47128,7.4714,83.0
2026-05-25 13:00:00,7.47142,7.47142,7.47138,7.4714,29.0
2026-05-25 14:00:00,7.47138,7.4714,7.47121,7.47124,71.0
2026-05-25 15:00:00,7.47124,7.47128,7.47121,7.47121,78.0
2026-05-25 16:00:00,7.47121,7.47127,7.47114,7.47127,69.0
2026-05-25 17:00:00,7.4716,7.47176,7.47138,7.47158,302.0
2026-05-25 18:00:00,7.47166,7.47187,7.47148,7.4718,397.0
2026-05-25 19:00:00,7.4718,7.47184,7.47153,7.47158,300.0
2026-05-25 20:00:00,7.47154,7.47162,7.4714,7.47148,1802.0
2026-05-25 21:00:00,7.47145,7.47164,7.4714,7.47154,636.0
2026-05-25 22:00:00,7.47152,7.47164,7.4715,7.47156,51.0
2026-05-25 23:00:00,7.47155,7.47159,7.4714,7.47148,243.0
2026-05-26 00:00:00,7.47148,7.47148,7.47127,7.4713,594.0
2026-05-26 01:00:00,7.47129,7.47162,7.47121,7.47153,102.0
2026-05-26 02:00:00,7.47154,7.4718,7.4715,7.47178,148.0
2026-05-26 03:00:00,7.47179,7.47194,7.47174,7.47194,137.0
2026-05-26 04:00:00,7.47193,7.47214,7.47193,7.47206,216.0
2026-05-26 05:00:00,7.47206,7.47213,7.47198,7.472,66.0
2026-05-26 06:00:00,7.47199,7.47199,7.47184,7.4719,334.0
2026-05-26 07:00:00,7.47192,7.47208,7.47192,7.47202,113.0
2026-05-26 08:00:00,7.47204,7.4721,7.47202,7.47204,75.0
2026-05-26 09:00:00,7.47205,7.47208,7.47201,7.47205,45.0
2026-05-26 10:00:00,7.47208,7.47247,7.47204,7.47242,397.0
2026-05-26 11:00:00,7.47241,7.47272,7.47228,7.47261,595.0
2026-05-26 12:00:00,7.47262,7.47276,7.4726,7.47274,565.0
2026-05-26 13:00:00,7.47274,7.47277,7.47272,7.47274,380.0
2026-05-26 14:00:00,7.47276,7.47282,7.47272,7.47278,773.0
2026-05-26 15:00:00,7.47278,7.4728,7.47266,7.47266,2411.0
2026-05-26 16:00:00,7.47266,7.47266,7.47226,7.47235,140.0
2026-05-26 17:00:00,7.47233,7.47241,7.47222,7.47232,208.0
2026-05-26 18:00:00,7.47233,7.47241,7.47216,7.47221,369.0
2026-05-26 19:00:00,7.4722,7.47231,7.47214,7.4722,374.0
2026-05-26 20:00:00,7.47218,7.4722,7.47207,7.47218,342.0
2026-05-26 21:00:00,7.47218,7.47222,7.47212,7.47218,76.0
2026-05-26 22:00:00,7.47217,7.47218,7.4721,7.47214,46.0
2026-05-26 23:00:00,7.47214,7.47218,7.47212,7.47215,65.0
2026-05-27 00:00:00,7.47216,7.47222,7.47215,7.47216,31.0
2026-05-27 01:00:00,7.47214,7.47221,7.4721,7.47216,29.0
2026-05-27 02:00:00,7.47217,7.47265,7.47213,7.47246,133.0
2026-05-27 03:00:00,7.47247,7.47249,7.47246,7.47248,45.0
2026-05-27 04:00:00,7.47248,7.4725,7.47242,7.47247,129.0
2026-05-27 05:00:00,7.47246,7.4725,7.47244,7.47247,63.0
2026-05-27 06:00:00,7.47248,7.47262,7.47244,7.4726,121.0
2026-05-27 07:00:00,7.47261,7.47266,7.47256,7.47263,145.0
2026-05-27 08:00:00,7.47262,7.47266,7.4725,7.4726,189.0
2026-05-27 09:00:00,7.47262,7.47266,7.4725,7.47258,715.0
2026-05-27 10:00:00,7.47258,7.47328,7.47249,7.47326,996.0
2026-05-27 11:00:00,7.47326,7.4736,7.47314,7.47328,318.0
2026-05-27 12:00:00,7.47328,7.47328,7.4732,7.47324,96.0
2026-05-27 13:00:00,7.47323,7.47326,7.47314,7.47318,144.0
2026-05-27 14:00:00,7.4732,7.4732,7.4731,7.47317,177.0
2026-05-27 15:00:00,7.47318,7.47318,7.47304,7.47308,130.0
2026-05-27 16:00:00,7.47309,7.47311,7.47298,7.47302,163.0
2026-05-27 17:00:00,7.47282,7.47294,7.4725,7.47251,75.0
2026-05-27 18:00:00,7.47252,7.47299,7.4725,7.47296,203.0
2026-05-27 19:00:00,7.47294,7.47299,7.47259,7.47266,207.0
2026-05-27 20:00:00,7.47266,7.47282,7.47264,7.47276,66.0
2026-05-27 21:00:00,7.47278,7.47283,7.47272,7.47276,65.0
2026-05-27 22:00:00,7.47276,7.47282,7.47272,7.47278,76.0
2026-05-27 23:00:00,7.47274,7.47281,7.47272,7.47276,168.0
2026-05-28 00:00:00,7.47278,7.4728,7.47272,7.47276,445.0
2026-05-28 01:00:00,7.47276,7.47288,7.47274,7.4728,252.0
2026-05-28 02:00:00,7.47279,7.47282,7.47277,7.47278,91.0
2026-05-28 03:00:00,7.4728,7.47294,7.47278,7.47288,91.0
2026-05-28 04:00:00,7.47286,7.47307,7.47276,7.47302,431.0
2026-05-28 05:00:00,7.47304,7.47306,7.47286,7.4729,749.0
2026-05-28 06:00:00,7.4729,7.47297,7.47288,7.4729,164.0
2026-05-28 07:00:00,7.4729,7.47304,7.4729,7.47302,508.0
2026-05-28 08:00:00,7.473,7.473,7.4729,7.47296,379.0
2026-05-28 09:00:00,7.47296,7.47304,7.47287,7.47287,85.0
2026-05-28 10:00:00,7.47288,7.47329,7.47278,7.47328,216.0
2026-05-28 11:00:00,7.47328,7.4733,7.4732,7.47322,92.0
2026-05-28 12:00:00,7.47322,7.47326,7.47308,7.47312,670.0
2026-05-28 13:00:00,7.4731,7.47312,7.47279,7.4728,1067.0
2026-05-28 14:00:00,7.4728,7.47287,7.47269,7.4727,1742.0
2026-05-28 15:00:00,7.4727,7.47272,7.47258,7.4726,1062.0
2026-05-28 16:00:00,7.4726,7.47272,7.47246,7.47257,99.0
2026-05-28 17:00:00,7.47271,7.47278,7.47249,7.47271,479.0
2026-05-28 18:00:00,7.47274,7.47287,7.47266,7.47274,101.0
2026-05-28 19:00:00,7.47272,7.47287,7.4727,7.47284,286.0
2026-05-28 20:00:00,7.4728,7.4729,7.47276,7.47284,438.0
2026-05-28 21:00:00,7.47284,7.47287,7.47273,7.47278,533.0
2026-05-28 22:00:00,7.47277,7.47316,7.47264,7.473,530.0
2026-05-28 23:00:00,7.47299,7.4731,7.47296,7.4731,275.0
2026-05-29 00:00:00,7.4731,7.4731,7.473,7.47305,43.0
2026-05-29 01:00:00,7.47308,7.47317,7.47308,7.47315,58.0
2026-05-29 02:00:00,7.47313,7.47316,7.47274,7.47274,199.0
2026-05-29 03:00:00,7.47274,7.47288,7.4727,7.4727,109.0
2026-05-29 04:00:00,7.47272,7.47291,7.47271,7.47279,198.0
2026-05-29 05:00:00,7.47276,7.47282,7.47272,7.47274,28.0
2026-05-29 06:00:00,7.47274,7.47298,7.47271,7.47297,290.0
2026-05-29 07:00:00,7.47298,7.47318,7.47298,7.47306,411.0
2026-05-29 08:00:00,7.47305,7.47306,7.47276,7.47278,206.0
2026-05-29 09:00:00,7.47275,7.47296,7.47275,7.47294,381.0
2026-05-29 10:00:00,7.47295,7.4735,7.47294,7.47348,843.0
2026-05-29 11:00:00,7.47348,7.47394,7.47346,7.47394,715.0
2026-05-29 12:00:00,7.47396,7.47398,7.47392,7.47398,49.0
2026-05-29 13:00:00,7.47398,7.47408,7.47396,7.474,37.0
2026-05-29 14:00:00,7.47404,7.47405,7.47396,7.47398,109.0
2026-05-29 15:00:00,7.474,7.47402,7.47398,7.47398,65.0
2026-05-29 16:00:00,7.474,7.47403,7.47387,7.47397,171.0
2026-05-31 17:00:00,7.4738,7.47382,7.47358,7.47382,86.0
2026-05-31 18:00:00,7.4737,7.47392,7.47358,7.47388,198.0
2026-05-31 19:00:00,7.47388,7.47391,7.47368,7.47381,251.0
2026-05-31 20:00:00,7.47376,7.47418,7.47376,7.47417,584.0
2026-05-31 21:00:00,7.47415,7.47424,7.47406,7.47408,110.0
2026-05-31 22:00:00,7.47406,7.47413,7.47406,7.47412,74.0
2026-05-31 23:00:00,7.47412,7.47418,7.4741,7.47414,83.0
2026-06-01 00:00:00,7.47413,7.47418,7.47412,7.47412,69.0
2026-06-01 01:00:00,7.47413,7.47418,7.474,7.474,67.0
2026-06-01 02:00:00,7.47404,7.47404,7.47342,7.47358,146.0
2026-06-01 03:00:00,7.47358,7.47374,7.47344,7.47345,199.0
2026-06-01 04:00:00,7.47346,7.47366,7.47328,7.47364,145.0
2026-06-01 05:00:00,7.47364,7.4738,7.47362,7.4738,91.0
2026-06-01 06:00:00,7.47379,7.4738,7.47377,7.4738,92.0
2026-06-01 07:00:00,7.47379,7.47382,7.4736,7.47362,57.0
2026-06-01 08:00:00,7.47363,7.47374,7.47362,7.47372,208.0
2026-06-01 09:00:00,7.47371,7.47408,7.4737,7.47406,196.0
2026-06-01 10:00:00,7.47408,7.47408,7.47334,7.4736,251.0
2026-06-01 11:00:00,7.4736,7.4736,7.47337,7.47347,250.0
2026-06-01 12:00:00,7.47347,7.4735,7.47342,7.47343,169.0
2026-06-01 13:00:00,7.47342,7.47361,7.4734,7.47344,89.0
2026-06-01 14:00:00,7.47342,7.47343,7.47335,7.47338,139.0
2026-06-01 15:00:00,7.47341,7.47342,7.47334,7.47342,172.0
2026-06-01 16:00:00,7.47336,7.47336,7.47311,7.47316,114.0
2026-06-01 17:00:00,7.47366,7.47372,7.47356,7.47366,350.0
2026-06-01 18:00:00,7.47364,7.47366,7.47334,7.4734,361.0
2026-06-01 19:00:00,7.47338,7.47356,7.47332,7.4735,1013.0
2026-06-01 20:00:00,7.4735,7.47355,7.4733,7.4733,462.0
2026-06-01 21:00:00,7.4733,7.4733,7.47319,7.4732,115.0
2026-06-01 22:00:00,7.47319,7.47326,7.47316,7.47318,87.0
2026-06-01 23:00:00,7.47319,7.47319,7.47312,7.47314,64.0
2026-06-02 00:00:00,7.47314,7.47323,7.47294,7.4731,280.0
2026-06-02 01:00:00,7.47312,7.47322,7.47307,7.47322,91.0
2026-06-02 02:00:00,7.47324,7.4736,7.47322,7.47353,139.0
2026-06-02 03:00:00,7.47359,7.47373,7.47359,7.4737,51.0
2026-06-02 04:00:00,7.4737,7.47394,7.4737,7.47394,124.0
2026-06-02 05:00:00,7.47394,7.47404,7.4739,7.47396,139.0
2026-06-02 06:00:00,7.47395,7.47396,7.47389,7.47394,86.0
2026-06-02 07:00:00,7.47396,7.47397,7.47392,7.47396,100.0
2026-06-02 08:00:00,7.47396,7.47398,7.47394,7.47394,69.0
2026-06-02 09:00:00,7.47394,7.47402,7.47393,7.47402,72.0
2026-06-02 10:00:00,7.47397,7.47404,7.47392,7.47398,126.0
2026-06-02 11:00:00,7.47398,7.47402,7.47379,7.47388,759.0
2026-06-02 12:00:00,7.47388,7.47392,7.47381,7.4739,366.0
2026-06-02 13:00:00,7.47392,7.47396,7.47392,7.47393,286.0
2026-06-02 14:00:00,7.47394,7.47397,7.4739,7.47393,297.0
2026-06-02 15:00:00,7.47394,7.47401,7.47391,7.47397,253.0
2026-06-02 16:00:00,7.474,7.47408,7.47392,7.47393,53.0
2026-06-02 17:00:00,7.47378,7.4738,7.4734,7.4737,174.0
2026-06-02 18:00:00,7.47373,7.47373,7.47355,7.47368,154.0
2026-06-02 19:00:00,7.47369,7.4738,7.47358,7.47362,728.0
2026-06-02 20:00:00,7.47364,7.4738,7.4736,7.47369,1706.0
2026-06-02 21:00:00,7.47371,7.47382,7.47364,7.47372,236.0
2026-06-02 22:00:00,7.47374,7.47379,7.47366,7.47372,255.0
2026-06-02 23:00:00,7.47374,7.474,7.47369,7.474,95.0
2026-06-03 00:00:00,7.47398,7.47407,7.47396,7.474,68.0
2026-06-03 01:00:00,7.47402,7.47402,7.47396,7.47398,42.0
2026-06-03 02:00:00,7.47398,7.47402,7.47394,7.47395,53.0
2026-06-03 03:00:00,7.47396,7.47398,7.4738,7.47382,140.0
2026-06-03 04:00:00,7.47386,7.47396,7.47383,7.47395,60.0
2026-06-03 05:00:00,7.47396,7.47396,7.47388,7.47388,160.0
2026-06-03 06:00:00,7.4739,7.47394,7.47383,7.47385,277.0
2026-06-03 07:00:00,7.47384,7.47396,7.47384,7.47391,309.0
2026-06-03 08:00:00,7.47392,7.47402,7.4739,7.47395,277.0
2026-06-03 09:00:00,7.47394,7.47409,7.47394,7.47407,97.0
2026-06-03 10:00:00,7.47408,7.47417,7.47406,7.47416,61.0
2026-06-03 11:00:00,7.47416,7.47426,7.4741,7.4742,273.0
2026-06-03 12:00:00,7.47419,7.4742,7.47402,7.47413,58.0
2026-06-03 13:00:00,7.47412,7.47412,7.4739,7.47394,324.0
2026-06-03 14:00:00,7.47394,7.474,7.47391,7.47394,122.0
2026-06-03 15:00:00,7.47394,7.474,7.4738,7.4738,122.0
2026-06-03 16:00:00,7.4738,7.47426,7.4738,7.47412,166.0
2026-06-03 17:00:00,7.4741,7.47424,7.47376,7.47389,154.0
2026-06-03 18:00:00,7.47385,7.47386,7.47366,7.47385,125.0
2026-06-03 19:00:00,7.47384,7.47398,7.4738,7.47396,82.0
2026-06-03 20:00:00,7.47393,7.47398,7.47386,7.47394,145.0
2026-06-03 21:00:00,7.47392,7.47406,7.47386,7.474,66.0
2026-06-03 22:00:00,7.474,7.47402,7.47392,7.47398,50.0
2026-06-03 23:00:00,7.47396,7.474,7.47388,7.47393,55.0
2026-06-04 00:00:00,7.47396,7.4741,7.47393,7.47406,33.0
2026-06-04 01:00:00,7.47405,7.4741,7.47397,7.47397,54.0
2026-06-04 02:00:00,7.47398,7.47405,7.47393,7.47404,42.0
2026-06-04 03:00:00,7.47402,7.4742,7.47402,7.47418,25.0
2026-06-04 04:00:00,7.47416,7.4742,7.47416,7.47416,29.0
2026-06-04 05:00:00,7.47416,7.47416,7.47408,7.47409,41.0
2026-06-04 06:00:00,7.47408,7.47413,7.47406,7.47408,53.0
2026-06-04 07:00:00,7.4741,7.47417,7.4741,7.47415,42.0
2026-06-04 08:00:00,7.47414,7.47416,7.4741,7.47415,77.0
2026-06-04 09:00:00,7.47415,7.47419,7.47405,7.47405,134.0
2026-06-04 10:00:00,7.47404,7.47412,7.47402,7.47403,106.0
2026-06-04 11:00:00,7.47404,7.47416,7.4739,7.47416,906.0
2026-06-04 12:00:00,7.47416,7.47427,7.47412,7.47427,825.0
2026-06-04 13:00:00,7.47426,7.47433,7.47424,7.47426,165.0
2026-06-04 14:00:00,7.47425,7.4743,7.47425,7.47428,58.0
2026-06-04 15:00:00,7.47428,7.4743,7.47428,7.4743,25.0
2026-06-04 16:00:00,7.47429,7.47436,7.47418,7.4742,71.0
2026-06-04 17:00:00,7.47412,7.47418,7.47396,7.474,134.0
2026-06-04 18:00:00,7.47398,7.47419,7.4739,7.47419,116.0
2026-06-04 19:00:00,7.47413,7.47421,7.47408,7.47416,57.0
2026-06-04 20:00:00,7.4742,7.47426,7.47415,7.47424,30.0
2026-06-04 21:00:00,7.47426,7.47428,7.47418,7.47426,62.0
2026-06-04 22:00:00,7.47427,7.47428,7.47423,7.47426,60.0
2026-06-04 23:00:00,7.47428,7.47428,7.47423,7.47424,59.0
2026-06-05 00:00:00,7.47424,7.47428,7.47424,7.47426,11.0
2026-06-05 01:00:00,7.47426,7.4743,7.4742,7.47424,42.0
2026-06-05 02:00:00,7.47422,7.47428,7.47419,7.47428,57.0
2026-06-05 03:00:00,7.47427,7.47431,7.47426,7.47428,62.0
2026-06-05 04:00:00,7.47427,7.47432,7.47426,7.47428,52.0
2026-06-05 05:00:00,7.47428,7.47433,7.47426,7.47426,71.0
2026-06-05 06:00:00,7.47426,7.47428,7.47424,7.47426,48.0
2026-06-05 07:00:00,7.47427,7.47432,7.47426,7.47427,112.0
2026-06-05 08:00:00,7.47426,7.47432,7.47424,7.47429,142.0
2026-06-05 09:00:00,7.47429,7.47429,7.47422,7.47426,101.0
2026-06-05 10:00:00,7.47425,7.47436,7.47424,7.47436,159.0
2026-06-05 11:00:00,7.47437,7.4744,7.47432,7.47438,161.0
2026-06-05 12:00:00,7.47436,7.47439,7.47436,7.47436,58.0
2026-06-05 13:00:00,7.47438,7.47442,7.47432,7.47436,84.0
2026-06-05 14:00:00,7.47438,7.47444,7.47436,7.47436,102.0
2026-06-05 15:00:00,7.47434,7.47442,7.47432,7.47436,152.0
2026-06-05 16:00:00,7.47438,7.47442,7.47401,7.47401,202.0
2026-06-07 17:00:00,7.47401,7.4742,7.47382,7.47417,272.0
2026-06-07 18:00:00,7.47412,7.47412,7.47372,7.47382,807.0
2026-06-07 19:00:00,7.47382,7.47396,7.47376,7.47386,423.0
2026-06-07 20:00:00,7.47387,7.4739,7.47375,7.4738,335.0
2026-06-07 21:00:00,7.47382,7.47384,7.47372,7.47384,336.0
2026-06-07 22:00:00,7.47383,7.47392,7.47381,7.47388,86.0
2026-06-07 23:00:00,7.4739,7.47395,7.47379,7.47386,223.0
2026-06-08 00:00:00,7.47387,7.47389,7.47383,7.47384,152.0
2026-06-08 01:00:00,7.47386,7.47417,7.47379,7.47405,471.0
2026-06-08 02:00:00,7.47407,7.47412,7.47406,7.47409,62.0
2026-06-08 03:00:00,7.47408,7.47412,7.47402,7.47408,115.0
2026-06-08 04:00:00,7.47408,7.47422,7.47408,7.47419,36.0
2026-06-08 05:00:00,7.47421,7.47421,7.47394,7.47397,230.0
2026-06-08 06:00:00,7.47395,7.47408,7.4738,7.47382,1428.0
2026-06-08 07:00:00,7.47381,7.47408,7.47381,7.4739,203.0
2026-06-08 08:00:00,7.47391,7.474,7.47386,7.47394,267.0
2026-06-08 09:00:00,7.47396,7.47402,7.4739,7.47401,253.0
2026-06-08 10:00:00,7.474,7.47412,7.47399,7.47402,223.0
2026-06-08 11:00:00,7.47402,7.47429,7.47394,7.47429,354.0
2026-06-08 12:00:00,7.47427,7.4743,7.47422,7.47428,310.0
2026-06-08 13:00:00,7.47427,7.47428,7.4737,7.47422,285.0
2026-06-08 14:00:00,7.4742,7.47424,7.4742,7.47424,215.0
2026-06-08 15:00:00,7.47423,7.4743,7.47406,7.47428,155.0
2026-06-08 16:00:00,7.47427,7.47432,7.47413,7.47424,99.0
2026-06-08 17:00:00,7.47405,7.47408,7.47388,7.47402,134.0
2026-06-08 18:00:00,7.47396,7.47414,7.4739,7.47404,176.0
2026-06-08 19:00:00,7.47404,7.4741,7.47396,7.47396,181.0
2026-06-08 20:00:00,7.47396,7.47408,7.47387,7.47388,387.0
2026-06-08 21:00:00,7.47387,7.4741,7.47383,7.47406,401.0
2026-06-08 22:00:00,7.47408,7.47414,7.47404,7.47411,142.0
2026-06-08 23:00:00,7.47413,7.47414,7.47407,7.47412,98.0
2026-06-09 00:00:00,7.47414,7.47416,7.47407,7.4741,109.0
2026-06-09 01:00:00,7.4741,7.47431,7.47409,7.47415,100.0
2026-06-09 02:00:00,7.47414,7.47418,7.4741,7.47414,82.0
2026-06-09 03:00:00,7.47414,7.4743,7.47404,7.47412,191.0
2026-06-09 04:00:00,7.47412,7.47422,7.4741,7.4742,349.0
2026-06-09 05:00:00,7.4742,7.47434,7.47416,7.47424,159.0
2026-06-09 06:00:00,7.47424,7.4743,7.4742,7.4743,664.0
2026-06-09 07:00:00,7.47429,7.47429,7.47416,7.4742,191.0
2026-06-09 08:00:00,7.47421,7.47427,7.47416,7.4742,543.0
2026-06-09 09:00:00,7.47424,7.4743,7.47418,7.47424,259.0
2026-06-09 10:00:00,7.47424,7.47442,7.4742,7.4744,241.0
2026-06-09 11:00:00,7.4744,7.4744,7.47422,7.47426,758.0
2026-06-09 12:00:00,7.4743,7.47448,7.47424,7.47442,874.0
2026-06-09 13:00:00,7.47442,7.47446,7.4744,7.47446,136.0
2026-06-09 14:00:00,7.47446,7.47448,7.4744,7.47444,1065.0
2026-06-09 15:00:00,7.47446,7.47446,7.4744,7.47444,129.0
2026-06-09 16:00:00,7.47446,7.47452,7.47422,7.47424,128.0
2026-06-09 17:00:00,7.4742,7.47426,7.47392,7.47394,113.0
2026-06-09 18:00:00,7.47394,7.47406,7.47379,7.4738,201.0
2026-06-09 19:00:00,7.4738,7.47397,7.4738,7.47392,268.0
2026-06-09 20:00:00,7.4739,7.47398,7.47376,7.47376,732.0
2026-06-09 21:00:00,7.47376,7.47394,7.47374,7.47392,604.0
2026-06-09 22:00:00,7.47392,7.47393,7.47382,7.47388,1018.0
2026-06-09 23:00:00,7.47388,7.47394,7.47379,7.47386,1054.0
2026-06-10 00:00:00,7.47384,7.47386,7.47378,7.4738,387.0
2026-06-10 01:00:00,7.4738,7.47447,7.47374,7.47438,1458.0
2026-06-10 02:00:00,7.4744,7.47442,7.4743,7.47437,57.0
2026-06-10 03:00:00,7.47435,7.47438,7.47428,7.47428,34.0
2026-06-10 04:00:00,7.47428,7.47439,7.47426,7.47436,60.0
2026-06-10 05:00:00,7.47436,7.47447,7.47436,7.47447,58.0
2026-06-10 06:00:00,7.47446,7.47451,7.47441,7.47448,63.0
2026-06-10 07:00:00,7.47448,7.4745,7.47444,7.47448,28.0
2026-06-10 08:00:00,7.47448,7.4745,7.47438,7.47444,84.0
2026-06-10 09:00:00,7.47443,7.47444,7.47434,7.47437,447.0
2026-06-10 10:00:00,7.47438,7.47448,7.47434,7.47447,219.0
2026-06-10 11:00:00,7.47446,7.47447,7.47408,7.47414,1377.0
2026-06-10 12:00:00,7.47416,7.47423,7.47409,7.4741,867.0
2026-06-10 13:00:00,7.47411,7.47415,7.47352,7.47353,612.0
2026-06-10 14:00:00,7.47352,7.47354,7.4735,7.47352,311.0
2026-06-10 15:00:00,7.47353,7.4742,7.47352,7.4742,157.0
2026-06-10 16:00:00,7.4742,7.47447,7.47419,7.47441,218.0
2026-06-10 17:00:00,7.47452,7.4746,7.47421,7.47445,382.0
2026-06-10 18:00:00,7.4744,7.47458,7.47435,7.47452,118.0
2026-06-10 19:00:00,7.47452,7.47455,7.4744,7.4745,109.0
2026-06-10 20:00:00,7.4745,7.47454,7.47444,7.47448,76.0
2026-06-10 21:00:00,7.47448,7.47461,7.47438,7.47443,126.0
2026-06-10 22:00:00,7.47441,7.47448,7.47438,7.47444,65.0
2026-06-10 23:00:00,7.47444,7.47448,7.4743,7.47434,46.0
2026-06-11 00:00:00,7.47434,7.47436,7.47429,7.4743,40.0
2026-06-11 01:00:00,7.4743,7.47433,7.47423,7.47426,52.0
2026-06-11 02:00:00,7.47424,7.47424,7.47414,7.47414,40.0
2026-06-11 03:00:00,7.47411,7.47411,7.47384,7.474,124.0
2026-06-11 04:00:00,7.47401,7.47428,7.474,7.47423,72.0
2026-06-11 05:00:00,7.47423,7.47442,7.47423,7.4744,35.0
2026-06-11 06:00:00,7.4744,7.47448,7.4744,7.47446,68.0
2026-06-11 07:00:00,7.47445,7.47446,7.47434,7.47435,132.0
2026-06-11 08:00:00,7.47436,7.47436,7.47422,7.47428,873.0
2026-06-11 09:00:00,7.47428,7.47436,7.47426,7.47432,114.0
2026-06-11 10:00:00,7.47432,7.47433,7.47426,7.4743,148.0
2026-06-11 11:00:00,7.47426,7.47432,7.47414,7.4743,372.0
2026-06-11 12:00:00,7.4743,7.47444,7.47428,7.4743,180.0
2026-06-11 13:00:00,7.47432,7.47434,7.47368,7.4737,399.0
2026-06-11 14:00:00,7.4737,7.47408,7.47359,7.47382,1330.0
2026-06-11 15:00:00,7.4738,7.4739,7.4738,7.47385,360.0
2026-06-11 16:00:00,7.47386,7.4741,7.47386,7.47404,211.0
2026-06-11 17:00:00,7.47404,7.47416,7.47394,7.47402,181.0
2026-06-11 18:00:00,7.47402,7.47422,7.474,7.47416,103.0
2026-06-11 19:00:00,7.47416,7.4742,7.47403,7.47403,89.0
2026-06-11 20:00:00,7.47404,7.47412,7.47372,7.47385,1392.0
2026-06-11 21:00:00,7.47383,7.47408,7.47369,7.47398,1496.0
2026-06-11 22:00:00,7.47398,7.47406,7.47394,7.47396,304.0
2026-06-11 23:00:00,7.47394,7.47402,7.47389,7.47393,268.0
2026-06-12 00:00:00,7.47394,7.4741,7.47382,7.47382,438.0
2026-06-12 01:00:00,7.4738,7.47394,7.4736,7.47394,93.0
2026-06-12 02:00:00,7.47396,7.47421,7.47396,7.47396,104.0
2026-06-12 03:00:00,7.47394,7.4741,7.47386,7.47408,131.0
2026-06-12 04:00:00,7.47406,7.47431,7.47406,7.47419,351.0
2026-06-12 05:00:00,7.4742,7.47442,7.47419,7.47438,172.0
2026-06-12 06:00:00,7.47438,7.47442,7.47432,7.47434,58.0
2026-06-12 07:00:00,7.47432,7.47438,7.47428,7.47436,204.0
2026-06-12 08:00:00,7.47436,7.47439,7.47434,7.47436,143.0
2026-06-12 09:00:00,7.47437,7.47438,7.47425,7.47429,202.0
2026-06-12 10:00:00,7.4743,7.47448,7.47429,7.47442,532.0
2026-06-12 11:00:00,7.47444,7.47452,7.47435,7.47446,1481.0
2026-06-12 12:00:00,7.47444,7.47448,7.47436,7.47448,1768.0
2026-06-12 13:00:00,7.47446,7.47452,7.47446,7.47448,58.0
2026-06-12 14:00:00,7.47449,7.4745,7.47446,7.47448,53.0
2026-06-12 15:00:00,7.4745,7.4745,7.47446,7.47448,75.0
2026-06-12 16:00:00,7.47447,7.47448,7.4738,7.4739,249.0
2026-06-14 17:00:00,7.47415,7.47425,7.47408,7.47424,723.0
2026-06-14 18:00:00,7.47421,7.47424,7.47411,7.4742,412.0
2026-06-14 19:00:00,7.4742,7.47425,7.47399,7.47418,126.0
2026-06-14 20:00:00,7.4742,7.47425,7.47415,7.47415,143.0
2026-06-14 21:00:00,7.47416,7.47424,7.4741,7.4742,133.0
2026-06-14 22:00:00,7.47418,7.47422,7.47414,7.4742,151.0
2026-06-14 23:00:00,7.47423,7.47423,7.47414,7.4742,104.0
2026-06-15 00:00:00,7.4742,7.47438,7.47418,7.47431,253.0
2026-06-15 01:00:00,7.47428,7.47428,7.47413,7.47416,99.0
2026-06-15 02:00:00,7.47416,7.47422,7.47414,7.47416,88.0
2026-06-15 03:00:00,7.47416,7.47421,7.4741,7.4741,465.0
2026-06-15 04:00:00,7.47408,7.47412,7.47405,7.4741,94.0
2026-06-15 05:00:00,7.47411,7.47421,7.4741,7.47412,105.0
2026-06-15 06:00:00,7.47412,7.47416,7.47407,7.47412,373.0
2026-06-15 07:00:00,7.47411,7.47414,7.47398,7.47398,101.0
2026-06-15 08:00:00,7.47398,7.4741,7.47382,7.47401,152.0
2026-06-15 09:00:00,7.47402,7.47415,7.474,7.47415,209.0
2026-06-15 10:00:00,7.47416,7.4746,7.47415,7.4746,138.0
2026-06-15 11:00:00,7.47459,7.47459,7.47451,7.47452,326.0
2026-06-15 12:00:00,7.47454,7.47456,7.4745,7.4745,116.0
2026-06-15 13:00:00,7.4745,7.47456,7.4745,7.47452,101.0
2026-06-15 14:00:00,7.47452,7.47456,7.4745,7.47456,312.0
2026-06-15 15:00:00,7.47456,7.4746,7.47452,7.47457,115.0
2026-06-15 16:00:00,7.47458,7.47463,7.47454,7.47454,101.0
2026-06-15 17:00:00,7.47441,7.47444,7.47434,7.4744,52.0
2026-06-15 18:00:00,7.47436,7.47445,7.47434,7.4744,32.0
2026-06-15 19:00:00,7.47438,7.47443,7.47429,7.47441,150.0
2026-06-15 20:00:00,7.47442,7.47446,7.47428,7.47434,252.0
2026-06-15 21:00:00,7.47435,7.47448,7.4742,7.47446,139.0
2026-06-15 22:00:00,7.47446,7.47448,7.47436,7.4744,233.0
2026-06-15 23:00:00,7.4744,7.47448,7.47436,7.4744,142.0
2026-06-16 00:00:00,7.47442,7.47447,7.4743,7.4743,172.0
2026-06-16 01:00:00,7.47431,7.47446,7.47431,7.47438,121.0
2026-06-16 02:00:00,7.47438,7.47442,7.47425,7.47442,92.0
2026-06-16 03:00:00,7.4744,7.4745,7.4744,7.47446,77.0
2026-06-16 04:00:00,7.47445,7.47446,7.47439,7.47443,66.0
2026-06-16 05:00:00,7.47445,7.47447,7.4744,7.47446,69.0
2026-06-16 06:00:00,7.47448,7.47452,7.47444,7.47446,90.0
2026-06-16 07:00:00,7.47446,7.47467,7.47446,7.47467,171.0
2026-06-16 08:00:00,7.47466,7.47475,7.47466,7.47466,113.0
2026-06-16 09:00:00,7.47466,7.47485,7.47465,7.47482,162.0
2026-06-16 10:00:00,7.4748,7.47487,7.47475,7.47487,84.0
2026-06-16 11:00:00,7.47488,7.4749,7.47481,7.47482,232.0
2026-06-16 12:00:00,7.47482,7.4749,7.4748,7.4749,264.0
2026-06-16 13:00:00,7.47488,7.4749,7.47482,7.47484,99.0
2026-06-16 14:00:00,7.47483,7.47492,7.47482,7.47487,94.0
2026-06-16 15:00:00,7.47488,7.47488,7.47485,7.47488,71.0
2026-06-16 16:00:00,7.47486,7.47492,7.47484,7.47486,203.0
2026-06-16 17:00:00,7.47478,7.47484,7.47446,7.47452,70.0
2026-06-16 18:00:00,7.47448,7.4746,7.47444,7.47454,367.0
2026-06-16 19:00:00,7.47454,7.47476,7.47447,7.47452,312.0
2026-06-16 20:00:00,7.47454,7.47464,7.47438,7.47444,525.0
2026-06-16 21:00:00,7.4744,7.47468,7.47436,7.47451,184.0
2026-06-16 22:00:00,7.47452,7.47468,7.47439,7.47468,115.0
2026-06-16 23:00:00,7.47468,7.4747,7.47453,7.47468,285.0
2026-06-17 00:00:00,7.47468,7.47471,7.4746,7.4747,318.0
2026-06-17 01:00:00,7.47469,7.47482,7.47463,7.47482,182.0
2026-06-17 02:00:00,7.47483,7.47497,7.47479,7.47492,102.0
2026-06-17 03:00:00,7.47494,7.47496,7.47494,7.47496,66.0
2026-06-17 04:00:00,7.47495,7.475,7.47493,7.47494,78.0
2026-06-17 05:00:00,7.47494,7.47497,7.47489,7.47489,32.0
2026-06-17 06:00:00,7.47488,7.4749,7.47486,7.47488,45.0
2026-06-17 07:00:00,7.47488,7.47491,7.4748,7.47486,584.0
2026-06-17 08:00:00,7.47487,7.47497,7.47484,7.47494,219.0
2026-06-17 09:00:00,7.47493,7.475,7.47482,7.47483,105.0
2026-06-17 10:00:00,7.47484,7.47484,7.4745,7.47464,105.0
2026-06-17 11:00:00,7.47463,7.4747,7.47436,7.47448,384.0
2026-06-17 12:00:00,7.47449,7.47454,7.47436,7.47438,389.0
2026-06-17 13:00:00,7.47438,7.47457,7.47436,7.47457,982.0
2026-06-17 14:00:00,7.47456,7.47474,7.47432,7.4746,1076.0
2026-06-17 15:00:00,7.47464,7.4748,7.47432,7.47436,1218.0
2026-06-17 16:00:00,7.47438,7.47442,7.4743,7.47435,327.0
2026-06-17 17:00:00,7.47458,7.47475,7.47421,7.47452,222.0
2026-06-17 18:00:00,7.47455,7.4747,7.47443,7.47464,790.0
2026-06-17 19:00:00,7.47466,7.47492,7.47462,7.47488,381.0
2026-06-17 20:00:00,7.47488,7.47492,7.47452,7.47453,206.0
2026-06-17 21:00:00,7.47452,7.47468,7.47423,7.47453,686.0
2026-06-17 22:00:00,7.47454,7.4746,7.47444,7.4745,332.0
2026-06-17 23:00:00,7.47448,7.47452,7.47442,7.47446,227.0
2026-06-18 00:00:00,7.47446,7.47456,7.47442,7.47456,200.0
2026-06-18 01:00:00,7.47458,7.47488,7.4745,7.47484,181.0
2026-06-18 02:00:00,7.47482,7.47486,7.47477,7.4748,103.0
2026-06-18 03:00:00,7.47478,7.4749,7.47476,7.47486,116.0
2026-06-18 04:00:00,7.47487,7.47487,7.47456,7.47456,145.0
2026-06-18 05:00:00,7.47456,7.47466,7.47446,7.47464,152.0
2026-06-18 06:00:00,7.47463,7.4747,7.47463,7.47469,299.0
2026-06-18 07:00:00,7.47468,7.47469,7.47461,7.47463,144.0
2026-06-18 08:00:00,7.47466,7.47466,7.47436,7.47463,424.0
2026-06-18 09:00:00,7.47459,7.47459,7.47448,7.47456,1075.0
2026-06-18 10:00:00,7.47458,7.4746,7.47441,7.47441,620.0
2026-06-18 11:00:00,7.47444,7.4745,7.47424,7.47439,564.0
2026-06-18 12:00:00,7.47438,7.47439,7.4742,7.47421,207.0
2026-06-18 13:00:00,7.47422,7.4745,7.4741,7.47412,774.0
2026-06-18 14:00:00,7.47412,7.47412,7.47406,7.4741,121.0
2026-06-18 15:00:00,7.4741,7.47428,7.47405,7.47428,287.0
2026-06-18 16:00:00,7.4743,7.4743,7.47403,7.47414,218.0
2026-06-18 17:00:00,7.47432,7.47435,7.47422,7.47424,144.0
2026-06-18 18:00:00,7.47429,7.4744,7.4741,7.47416,412.0
2026-06-18 19:00:00,7.47416,7.47424,7.47394,7.47395,166.0
2026-06-18 20:00:00,7.47404,7.47418,7.47391,7.47396,125.0
2026-06-18 21:00:00,7.47395,7.47438,7.47394,7.47436,101.0
2026-06-18 22:00:00,7.47437,7.47437,7.47428,7.47432,70.0
2026-06-18 23:00:00,7.47428,7.47432,7.47416,7.4742,143.0
2026-06-19 00:00:00,7.47422,7.47422,7.47406,7.47411,189.0
2026-06-19 01:00:00,7.47412,7.47453,7.47412,7.47444,121.0
2026-06-19 02:00:00,7.47444,7.47445,7.47416,7.47416,188.0
2026-06-19 03:00:00,7.47414,7.4744,7.47389,7.4744,172.0
2026-06-19 04:00:00,7.4744,7.47464,7.4744,7.4746,61.0
2026-06-19 05:00:00,7.4746,7.4747,7.47459,7.47469,63.0
2026-06-19 06:00:00,7.47468,7.47475,7.47463,7.47463,69.0
2026-06-19 07:00:00,7.47464,7.47464,7.4745,7.47453,27.0
2026-06-19 08:00:00,7.47452,7.47476,7.4745,7.47475,94.0
2026-06-19 09:00:00,7.47476,7.47478,7.47476,7.47476,62.0
2026-06-19 10:00:00,7.47477,7.47496,7.47476,7.47496,115.0
2026-06-19 11:00:00,7.47494,7.47497,7.4749,7.47495,118.0
2026-06-19 12:00:00,7.47496,7.47496,7.47486,7.47489,35.0
2026-06-19 13:00:00,7.47488,7.47489,7.47484,7.47485,44.0
2026-06-19 14:00:00,7.47486,7.47489,7.47486,7.47488,92.0
2026-06-19 15:00:00,7.47483,7.47483,7.47432,7.47432,71.0
2026-06-19 16:00:00,7.47431,7.47466,7.47431,7.47451,128.0
2026-06-21 17:00:00,7.47448,7.4745,7.4744,7.4745,20.0
2026-06-21 18:00:00,7.47448,7.47453,7.47444,7.4745,131.0
2026-06-21 19:00:00,7.47449,7.47456,7.4744,7.47454,273.0
2026-06-21 20:00:00,7.47456,7.47465,7.47432,7.47433,203.0
2026-06-21 21:00:00,7.47432,7.47439,7.47429,7.47437,45.0
2026-06-21 22:00:00,7.47436,7.47456,7.47435,7.47452,53.0
2026-06-21 23:00:00,7.47453,7.47454,7.47443,7.47444,144.0
2026-06-22 00:00:00,7.47444,7.47448,7.47442,7.47444,99.0
2026-06-22 01:00:00,7.47442,7.47443,7.4744,7.47442,107.0
2026-06-22 02:00:00,7.47444,7.47458,7.47442,7.47443,126.0
2026-06-22 03:00:00,7.47442,7.47445,7.47438,7.4744,142.0
2026-06-22 04:00:00,7.47439,7.4747,7.47439,7.4747,209.0
2026-06-22 05:00:00,7.47469,7.47472,7.47468,7.47469,152.0
2026-06-22 06:00:00,7.4747,7.47473,7.47465,7.47466,166.0
2026-06-22 07:00:00,7.47466,7.4747,7.47464,7.47469,109.0
2026-06-22 08:00:00,7.47469,7.4747,7.47464,7.47468,520.0
2026-06-22 09:00:00,7.47472,7.47472,7.47466,7.47468,75.0
2026-06-22 10:00:00,7.47469,7.47475,7.47462,7.47463,79.0
2026-06-22 11:00:00,7.47462,7.47464,7.4745,7.47461,1135.0
2026-06-22 12:00:00,7.47461,7.47464,7.47439,7.47455,386.0
2026-06-22 13:00:00,7.47455,7.47462,7.47436,7.4744,388.0
2026-06-22 14:00:00,7.47439,7.47456,7.47437,7.4745,345.0
2026-06-22 15:00:00,7.47448,7.4745,7.47443,7.47443,349.0
2026-06-22 16:00:00,7.47442,7.4745,7.47439,7.47445,173.0
2026-06-22 17:00:00,7.47461,7.47464,7.4745,7.47458,144.0
2026-06-22 18:00:00,7.4746,7.47472,7.47451,7.47456,270.0
2026-06-22 19:00:00,7.47456,7.4747,7.47452,7.47458,110.0
2026-06-22 20:00:00,7.47459,7.47462,7.47446,7.47446,81.0
2026-06-22 21:00:00,7.47446,7.47451,7.47442,7.47451,50.0
2026-06-22 22:00:00,7.47449,7.47456,7.47446,7.4745,73.0
2026-06-22 23:00:00,7.47448,7.47453,7.47444,7.47444,87.0
2026-06-23 00:00:00,7.47447,7.4745,7.47444,7.47444,66.0
2026-06-23 01:00:00,7.47446,7.47451,7.47437,7.47443,61.0
2026-06-23 02:00:00,7.47444,7.47448,7.47438,7.47446,140.0
2026-06-23 03:00:00,7.47444,7.47466,7.47443,7.47466,233.0
2026-06-23 04:00:00,7.47465,7.47478,7.47465,7.47477,54.0
2026-06-23 05:00:00,7.47476,7.47491,7.47476,7.4749,34.0
2026-06-23 06:00:00,7.4749,7.47498,7.47486,7.47497,629.0
2026-06-23 07:00:00,7.47498,7.475,7.4749,7.47494,1675.0
2026-06-23 08:00:00,7.47496,7.47498,7.4749,7.47495,2086.0
2026-06-23 09:00:00,7.47494,7.4751,7.47492,7.47508,241.0
2026-06-23 10:00:00,7.47505,7.47534,7.47502,7.47519,282.0
2026-06-23 11:00:00,7.47518,7.47534,7.47516,7.47526,526.0
2026-06-23 12:00:00,7.47525,7.4753,7.475,7.47501,218.0
2026-06-23 13:00:00,7.475,7.47503,7.4748,7.4749,811.0
2026-06-23 14:00:00,7.4749,7.47499,7.47484,7.47491,736.0
2026-06-23 15:00:00,7.47492,7.47495,7.47484,7.47487,492.0
2026-06-23 16:00:00,7.47486,7.4753,7.47483,7.47514,176.0
2026-06-23 17:00:00,7.4751,7.47528,7.47503,7.4751,194.0
2026-06-23 18:00:00,7.47518,7.47525,7.47514,7.4752,131.0
2026-06-23 19:00:00,7.47521,7.47526,7.47512,7.47516,124.0
2026-06-23 20:00:00,7.47516,7.47522,7.47486,7.47488,256.0
2026-06-23 21:00:00,7.47486,7.4753,7.47484,7.47528,183.0
2026-06-23 22:00:00,7.47527,7.4753,7.47516,7.47518,138.0
2026-06-23 23:00:00,7.47518,7.47526,7.47514,7.47526,144.0
2026-06-24 00:00:00,7.47524,7.47526,7.47517,7.4752,192.0
2026-06-24 01:00:00,7.47518,7.47528,7.47505,7.47511,215.0
2026-06-24 02:00:00,7.47512,7.47534,7.47506,7.47533,89.0
2026-06-24 03:00:00,7.47532,7.47536,7.47532,7.47536,71.0
2026-06-24 04:00:00,7.47535,7.47536,7.4753,7.47532,95.0
2026-06-24 05:00:00,7.47533,7.47537,7.4753,7.47534,81.0
2026-06-24 06:00:00,7.47533,7.47536,7.47532,7.47534,39.0
2026-06-24 07:00:00,7.47534,7.47547,7.47533,7.47546,77.0
2026-06-24 08:00:00,7.47548,7.47555,7.47544,7.47554,167.0
2026-06-24 09:00:00,7.47555,7.47584,7.47554,7.47578,206.0
2026-06-24 10:00:00,7.47578,7.47579,7.47448,7.47452,1172.0
2026-06-24 11:00:00,7.47452,7.47469,7.47439,7.47466,1272.0
2026-06-24 12:00:00,7.47468,7.47468,7.47452,7.47458,93.0
2026-06-24 13:00:00,7.4746,7.47526,7.47458,7.47523,529.0
2026-06-24 14:00:00,7.47522,7.47529,7.47522,7.47526,1910.0
2026-06-24 15:00:00,7.47526,7.47534,7.4752,7.47534,224.0
2026-06-24 16:00:00,7.47531,7.47544,7.47515,7.47532,194.0
2026-06-24 17:00:00,7.47546,7.47548,7.4753,7.47534,79.0
2026-06-24 18:00:00,7.47536,7.47546,7.47534,7.47543,314.0
2026-06-24 19:00:00,7.47541,7.47554,7.4754,7.47546,110.0
2026-06-24 20:00:00,7.47544,7.47546,7.47498,7.47498,202.0
2026-06-24 21:00:00,7.475,7.4754,7.47496,7.47536,335.0
2026-06-24 22:00:00,7.47535,7.47543,7.47532,7.47536,314.0
2026-06-24 23:00:00,7.47534,7.47561,7.47531,7.47556,326.0
2026-06-25 00:00:00,7.47558,7.4757,7.47556,7.47568,437.0
2026-06-25 01:00:00,7.47568,7.47572,7.47555,7.47555,138.0
2026-06-25 02:00:00,7.47555,7.47566,7.47472,7.47472,273.0
2026-06-25 03:00:00,7.47469,7.47487,7.47061,7.47487,1212.0
2026-06-25 04:00:00,7.47485,7.47488,7.47466,7.4747,120.0
2026-06-25 05:00:00,7.4747,7.47471,7.47458,7.47464,55.0
2026-06-25 06:00:00,7.47463,7.47464,7.47432,7.4745,85.0
2026-06-25 07:00:00,7.4745,7.47454,7.47438,7.47439,323.0
2026-06-25 08:00:00,7.4744,7.4746,7.4743,7.47438,442.0
2026-06-25 09:00:00,7.47436,7.47452,7.47436,7.47451,323.0
2026-06-25 10:00:00,7.4745,7.47465,7.4744,7.4746,169.0
2026-06-25 11:00:00,7.47458,7.47478,7.47444,7.4745,496.0
2026-06-25 12:00:00,7.4745,7.4745,7.47446,7.4745,40.0
2026-06-25 13:00:00,7.47449,7.47472,7.47448,7.47472,383.0
2026-06-25 14:00:00,7.4747,7.47488,7.47454,7.47458,676.0
2026-06-25 15:00:00,7.47458,7.47458,7.47449,7.47458,505.0
2026-06-25 16:00:00,7.47458,7.47462,7.47454,7.47458,58.0
2026-06-25 17:00:00,7.47471,7.47492,7.4747,7.47472,27.0
2026-06-25 18:00:00,7.4748,7.47488,7.47476,7.47488,96.0
2026-06-25 19:00:00,7.47486,7.47488,7.4747,7.47478,72.0
2026-06-25 20:00:00,7.4748,7.47481,7.47462,7.47462,149.0
2026-06-25 21:00:00,7.4746,7.47487,7.47454,7.47484,180.0
2026-06-25 22:00:00,7.47484,7.47487,7.4748,7.47486,176.0
2026-06-25 23:00:00,7.47482,7.47487,7.4748,7.47482,109.0
2026-06-26 00:00:00,7.47482,7.47487,7.4748,7.47483,109.0
2026-06-26 01:00:00,7.4748,7.475,7.47476,7.47494,98.0
2026-06-26 02:00:00,7.47494,7.47498,7.4749,7.47496,69.0
2026-06-26 03:00:00,7.47494,7.47498,7.47485,7.47485,73.0
2026-06-26 04:00:00,7.47484,7.4749,7.47482,7.4749,76.0
2026-06-26 05:00:00,7.4749,7.47492,7.47486,7.4749,101.0
2026-06-26 06:00:00,7.4749,7.47494,7.47472,7.47472,118.0
2026-06-26 07:00:00,7.47469,7.47469,7.47447,7.47458,187.0
2026-06-26 08:00:00,7.47456,7.47464,7.47456,7.47459,1310.0
2026-06-26 09:00:00,7.47457,7.47466,7.47446,7.4745,507.0
2026-06-26 10:00:00,7.47448,7.47454,7.47441,7.47442,138.0
2026-06-26 11:00:00,7.47441,7.47458,7.47436,7.4745,199.0
2026-06-26 12:00:00,7.47451,7.47495,7.4745,7.47494,320.0
2026-06-26 13:00:00,7.47492,7.47494,7.47464,7.47476,143.0
2026-06-26 14:00:00,7.47476,7.47478,7.47472,7.47474,169.0
2026-06-26 15:00:00,7.47474,7.47488,7.47462,7.47486,144.0
2026-06-26 16:00:00,7.47486,7.475,7.47449,7.47449,492.0
2026-06-28 17:00:00,7.47448,7.47452,7.47436,7.47446,107.0
2026-06-28 18:00:00,7.47449,7.47474,7.47436,7.47474,380.0
2026-06-28 19:00:00,7.47474,7.47474,7.47452,7.47456,223.0
2026-06-28 20:00:00,7.47456,7.47511,7.47455,7.47478,218.0
2026-06-28 21:00:00,7.47479,7.47479,7.47447,7.47448,224.0
2026-06-28 22:00:00,7.47449,7.47454,7.47396,7.47396,292.0
2026-06-28 23:00:00,7.47397,7.47402,7.47394,7.47394,58.0
2026-06-29 00:00:00,7.47394,7.47397,7.47392,7.47394,107.0
2026-06-29 01:00:00,7.47393,7.47402,7.47392,7.47396,139.0
2026-06-29 02:00:00,7.47397,7.47406,7.47396,7.47404,40.0
2026-06-29 03:00:00,7.47402,7.47463,7.47394,7.4746,165.0
2026-06-29 04:00:00,7.4746,7.47496,7.47458,7.47496,212.0
2026-06-29 05:00:00,7.47496,7.475,7.47465,7.47476,150.0
2026-06-29 06:00:00,7.47476,7.4748,7.47476,7.47476,102.0
2026-06-29 07:00:00,7.47476,7.47476,7.47432,7.47442,146.0
2026-06-29 08:00:00,7.47444,7.47452,7.47442,7.47446,236.0
2026-06-29 09:00:00,7.47445,7.47451,7.47436,7.47447,465.0
2026-06-29 10:00:00,7.47448,7.47448,7.47434,7.47437,407.0
2026-06-29 11:00:00,7.47436,7.47444,7.47427,7.4743,252.0
2026-06-29 12:00:00,7.47432,7.47433,7.47422,7.47432,114.0
2026-06-29 13:00:00,7.47432,7.4744,7.47428,7.47428,111.0
2026-06-29 14:00:00,7.4743,7.47433,7.47427,7.4743,98.0
2026-06-29 15:00:00,7.47429,7.47434,7.47426,7.47428,3889.0
2026-06-29 16:00:00,7.47429,7.47444,7.47428,7.47434,120.0
2026-06-29 17:00:00,7.47442,7.47444,7.47434,7.47438,107.0
2026-06-29 18:00:00,7.47438,7.47444,7.47432,7.47438,87.0
2026-06-29 19:00:00,7.4744,7.47442,7.47434,7.47434,40.0
2026-06-29 20:00:00,7.47436,7.47442,7.47432,7.4744,55.0
2026-06-29 21:00:00,7.4744,7.47442,7.4743,7.47438,185.0
2026-06-29 22:00:00,7.4744,7.4744,7.47436,7.4744,93.0
2026-06-29 23:00:00,7.47438,7.4744,7.47436,7.47439,68.0
2026-06-30 00:00:00,7.47436,7.4744,7.47429,7.47438,70.0
2026-06-30 01:00:00,7.47439,7.47441,7.47428,7.4744,44.0
2026-06-30 02:00:00,7.47438,7.47448,7.47435,7.4744,105.0
2026-06-30 03:00:00,7.47437,7.4744,7.47379,7.47435,412.0
2026-06-30 04:00:00,7.47434,7.47438,7.47432,7.47436,99.0
2026-06-30 05:00:00,7.47437,7.47439,7.47432,7.47436,101.0
2026-06-30 06:00:00,7.47435,7.47438,7.47432,7.47432,113.0
2026-06-30 07:00:00,7.47434,7.47444,7.47432,7.4744,141.0
2026-06-30 08:00:00,7.4744,7.47474,7.4744,7.47458,599.0
2026-06-30 09:00:00,7.47458,7.47466,7.47446,7.47456,394.0
2026-06-30 10:00:00,7.47454,7.47484,7.47454,7.47482,1698.0
2026-06-30 11:00:00,7.47482,7.47482,7.47434,7.47449,561.0
2026-06-30 12:00:00,7.4745,7.47476,7.4745,7.4747,649.0
2026-06-30 13:00:00,7.47473,7.47476,7.47433,7.47434,888.0
2026-06-30 14:00:00,7.47434,7.47458,7.47434,7.47444,532.0
2026-06-30 15:00:00,7.47442,7.47454,7.47439,7.47452,490.0
2026-06-30 16:00:00,7.47454,7.47471,7.47452,7.4746,307.0
2026-06-30 17:00:00,7.47458,7.47462,7.4745,7.47452,31.0
2026-06-30 18:00:00,7.47451,7.47456,7.47444,7.47452,142.0
2026-06-30 19:00:00,7.47452,7.47454,7.47446,7.47451,198.0
2026-06-30 20:00:00,7.47452,7.47458,7.47445,7.47457,168.0
2026-06-30 21:00:00,7.47456,7.47466,7.47454,7.47458,124.0
2026-06-30 22:00:00,7.47462,7.47462,7.47456,7.47456,104.0
2026-06-30 23:00:00,7.47456,7.4746,7.47454,7.47456,119.0
2026-07-01 00:00:00,7.47457,7.4746,7.47448,7.47457,141.0
2026-07-01 01:00:00,7.47458,7.47463,7.47454,7.47462,147.0
2026-07-01 02:00:00,7.47462,7.4749,7.47458,7.47466,143.0
2026-07-01 03:00:00,7.47466,7.4747,7.47462,7.47467,150.0
2026-07-01 04:00:00,7.47465,7.47468,7.47459,7.47461,117.0
2026-07-01 05:00:00,7.4746,7.47464,7.47458,7.47464,47.0
2026-07-01 06:00:00,7.47463,7.47466,7.47457,7.4746,62.0
2026-07-01 07:00:00,7.47458,7.4746,7.47444,7.47445,308.0
2026-07-01 08:00:00,7.47445,7.4745,7.4744,7.4744,495.0
2026-07-01 09:00:00,7.47442,7.47452,7.47428,7.47444,1144.0
2026-07-01 10:00:00,7.47446,7.47458,7.47436,7.47452,651.0
2026-07-01 11:00:00,7.47452,7.4748,7.4745,7.47475,566.0
2026-07-01 12:00:00,7.47473,7.47478,7.47433,7.47435,1256.0
2026-07-01 13:00:00,7.47434,7.4744,7.4743,7.47434,761.0
2026-07-01 14:00:00,7.47436,7.47439,7.47432,7.47432,313.0
2026-07-01 15:00:00,7.4743,7.47434,7.47429,7.4743,33.0
2026-07-01 16:00:00,7.47429,7.47484,7.47429,7.47478,178.0
2026-07-01 17:00:00,7.4746,7.47466,7.47446,7.47455,123.0
2026-07-01 18:00:00,7.47454,7.47458,7.47443,7.47457,143.0
2026-07-01 19:00:00,7.47458,7.4746,7.47451,7.47454,113.0
2026-07-01 20:00:00,7.47452,7.47459,7.47451,7.47456,128.0
2026-07-01 21:00:00,7.47456,7.47459,7.47451,7.47456,151.0
2026-07-01 22:00:00,7.47456,7.47463,7.47454,7.47459,156.0
2026-07-01 23:00:00,7.4746,7.47463,7.47454,7.4746,132.0
2026-07-02 00:00:00,7.47459,7.47466,7.47457,7.47463,49.0
2026-07-02 01:00:00,7.47462,7.47466,7.47458,7.4746,114.0
2026-07-02 02:00:00,7.47459,7.47482,7.47458,7.47478,151.0
2026-07-02 03:00:00,7.47478,7.47486,7.47472,7.47485,124.0
2026-07-02 04:00:00,7.47482,7.47494,7.4747,7.47488,101.0
2026-07-02 05:00:00,7.4749,7.47509,7.47488,7.475,112.0
2026-07-02 06:00:00,7.47496,7.47499,7.47449,7.47458,366.0
2026-07-02 07:00:00,7.4746,7.47464,7.47451,7.47462,114.0
2026-07-02 08:00:00,7.4746,7.47472,7.47452,7.47458,813.0
2026-07-02 09:00:00,7.47458,7.47469,7.47442,7.4745,1186.0
2026-07-02 10:00:00,7.47449,7.47456,7.47439,7.47455,2338.0
2026-07-02 11:00:00,7.47454,7.47488,7.47442,7.47478,1855.0
2026-07-02 12:00:00,7.47478,7.47492,7.47468,7.47468,888.0
2026-07-02 13:00:00,7.47471,7.4748,7.47466,7.47476,1058.0
2026-07-02 14:00:00,7.47479,7.47479,7.47448,7.4745,763.0
2026-07-02 15:00:00,7.4745,7.47458,7.47432,7.47434,749.0
2026-07-02 16:00:00,7.47435,7.4748,7.47434,7.4747,210.0
2026-07-02 17:00:00,7.47493,7.47497,7.47468,7.47488,511.0
2026-07-02 18:00:00,7.4749,7.4749,7.47446,7.47452,160.0
2026-07-02 19:00:00,7.4745,7.47454,7.47445,7.47448,86.0
2026-07-02 20:00:00,7.47448,7.47453,7.47444,7.47448,117.0
2026-07-02 21:00:00,7.47448,7.47448,7.4744,7.47444,157.0
2026-07-02 22:00:00,7.47445,7.47446,7.4744,7.47443,113.0
2026-07-02 23:00:00,7.47442,7.47452,7.4744,7.47448,65.0
2026-07-03 00:00:00,7.47446,7.4745,7.47444,7.47446,98.0
2026-07-03 01:00:00,7.47447,7.4745,7.47445,7.47448,112.0
2026-07-03 02:00:00,7.47449,7.47466,7.47449,7.47461,88.0
2026-07-03 03:00:00,7.4746,7.4746,7.47452,7.47458,888.0
2026-07-03 04:00:00,7.47459,7.47459,7.47422,7.47426,284.0
2026-07-03 05:00:00,7.47425,7.47428,7.4742,7.47422,165.0
2026-07-03 06:00:00,7.47423,7.47432,7.47422,7.47429,663.0
2026-07-03 07:00:00,7.4743,7.47476,7.47428,7.47454,140.0
2026-07-03 08:00:00,7.47454,7.47488,7.47454,7.47485,188.0
2026-07-03 09:00:00,7.47486,7.47492,7.47484,7.47486,458.0
2026-07-03 10:00:00,7.47486,7.47488,7.47483,7.47484,789.0
2026-07-03 11:00:00,7.47482,7.47492,7.47421,7.4743,521.0
2026-07-03 12:00:00,7.47433,7.47447,7.47412,7.47431,252.0
2026-07-03 13:00:00,7.4743,7.47434,7.47428,7.4743,233.0
2026-07-03 14:00:00,7.4743,7.47433,7.47408,7.4741,303.0
2026-07-03 15:00:00,7.47411,7.47422,7.47408,7.47422,71.0
2026-07-03 16:00:00,7.47424,7.47426,7.47414,7.47424,131.0
2026-07-05 17:00:00,7.47435,7.47446,7.47435,7.47442,49.0
2026-07-05 18:00:00,7.47442,7.47444,7.47398,7.4744,166.0
2026-07-05 19:00:00,7.47436,7.47444,7.4743,7.4743,262.0
2026-07-05 20:00:00,7.47429,7.47466,7.47418,7.47463,245.0
2026-07-05 21:00:00,7.47463,7.47466,7.47446,7.47464,356.0
2026-07-05 22:00:00,7.47463,7.47468,7.47458,7.47464,211.0
2026-07-05 23:00:00,7.47466,7.4747,7.47458,7.47464,162.0
2026-07-06 00:00:00,7.47464,7.47475,7.4746,7.47475,154.0
2026-07-06 01:00:00,7.47476,7.47476,7.47454,7.47457,841.0
2026-07-06 02:00:00,7.47458,7.47466,7.47443,7.47443,61.0
2026-07-06 03:00:00,7.47444,7.47462,7.47444,7.4746,93.0
2026-07-06 04:00:00,7.4746,7.47468,7.47458,7.47467,105.0
2026-07-06 05:00:00,7.47468,7.47477,7.47466,7.47473,192.0
2026-07-06 06:00:00,7.47474,7.47474,7.4747,7.47473,48.0
2026-07-06 07:00:00,7.47472,7.47475,7.47471,7.47474,54.0
2026-07-06 08:00:00,7.47472,7.47475,7.47471,7.47473,56.0
2026-07-06 09:00:00,7.47472,7.47473,7.47461,7.47464,85.0
2026-07-06 10:00:00,7.47464,7.4747,7.47464,7.47468,67.0
2026-07-06 11:00:00,7.47466,7.4747,7.47452,7.47457,344.0
2026-07-06 12:00:00,7.47456,7.47482,7.47454,7.47468,726.0
2026-07-06 13:00:00,7.47466,7.47467,7.47438,7.47442,835.0
2026-07-06 14:00:00,7.4744,7.47446,7.4744,7.4744,148.0
2026-07-06 15:00:00,7.47441,7.47483,7.47438,7.47482,105.0
2026-07-06 16:00:00,7.47484,7.47491,7.47475,7.47476,331.0
2026-07-06 17:00:00,7.47466,7.47475,7.4746,7.47464,122.0
2026-07-06 18:00:00,7.47464,7.4747,7.47456,7.47465,172.0
2026-07-06 19:00:00,7.47468,7.47472,7.4746,7.47469,155.0
2026-07-06 20:00:00,7.47471,7.47489,7.4746,7.47489,111.0
2026-07-06 21:00:00,7.4749,7.47492,7.47464,7.4747,92.0
2026-07-06 22:00:00,7.47469,7.47482,7.47469,7.47474,82.0
2026-07-06 23:00:00,7.47478,7.47484,7.47468,7.47481,92.0
2026-07-07 00:00:00,7.47482,7.47486,7.47476,7.47476,33.0
2026-07-07 01:00:00,7.4748,7.47481,7.47474,7.47476,39.0
2026-07-07 02:00:00,7.47478,7.47484,7.47476,7.47484,34.0
2026-07-07 03:00:00,7.47485,7.47489,7.4748,7.47484,235.0
2026-07-07 04:00:00,7.47485,7.47487,7.47478,7.4748,578.0
2026-07-07 05:00:00,7.4748,7.47524,7.47464,7.47464,285.0
2026-07-07 06:00:00,7.47462,7.47466,7.47458,7.47462,72.0
2026-07-07 07:00:00,7.47463,7.47466,7.47459,7.47462,253.0
2026-07-07 08:00:00,7.4746,7.47465,7.47459,7.4746,556.0
2026-07-07 09:00:00,7.4746,7.4747,7.47454,7.47459,226.0
2026-07-07 10:00:00,7.47461,7.4749,7.47439,7.47488,1746.0
2026-07-07 11:00:00,7.47488,7.47508,7.4748,7.47502,1298.0
