Timestamp,Open,High,Low,Close,Volume
2026-03-10 04:00:00,384.276,386.278,384.067,386.172,5586.0
2026-03-10 05:00:00,386.165,386.226,384.512,384.866,3194.0
2026-03-10 06:00:00,384.87,387.193,384.774,386.054,6392.0
2026-03-10 07:00:00,386.052,386.414,384.695,385.895,5537.0
2026-03-10 08:00:00,385.909,387.444,385.114,385.741,8667.0
2026-03-10 09:00:00,385.735,386.25,384.178,384.678,10908.0
2026-03-10 10:00:00,384.671,385.36,382.942,383.354,7569.0
2026-03-10 11:00:00,383.354,384.223,383.026,383.042,6377.0
2026-03-10 12:00:00,383.042,384.59,382.938,383.567,7726.0
2026-03-10 13:00:00,383.564,383.576,381.538,382.841,14135.0
2026-03-10 14:00:00,382.838,386.735,382.774,384.868,15187.0
2026-03-10 15:00:00,384.873,389.289,384.872,387.618,7620.0
2026-03-10 16:00:00,387.594,387.642,386.28,386.558,2833.0
2026-03-10 17:00:00,386.485,387.868,385.525,385.575,204.0
2026-03-10 18:00:00,385.581,387.912,385.577,387.316,3494.0
2026-03-10 19:00:00,387.29,387.893,385.515,386.26,1656.0
2026-03-10 20:00:00,386.186,387.856,385.12,385.905,4200.0
2026-03-10 21:00:00,385.906,385.906,384.46,384.593,13732.0
2026-03-10 22:00:00,384.592,384.592,383.58,383.932,2193.0
2026-03-10 23:00:00,383.932,383.996,383.88,383.941,658.0
2026-03-11 00:00:00,383.94,383.972,383.863,383.892,266.0
2026-03-11 01:00:00,383.886,383.954,383.11,383.753,3617.0
2026-03-11 02:00:00,383.746,384.306,383.642,384.131,13964.0
2026-03-11 03:00:00,384.134,386.463,383.274,385.414,12933.0
2026-03-11 04:00:00,385.415,387.486,384.532,386.418,11007.0
2026-03-11 05:00:00,386.424,388.33,386.032,388.116,8545.0
2026-03-11 06:00:00,388.112,388.212,385.514,386.238,5276.0
2026-03-11 07:00:00,386.24,387.629,385.822,387.21,5900.0
2026-03-11 08:00:00,387.212,388.405,386.648,388.352,12109.0
2026-03-11 09:00:00,388.324,388.426,386.37,386.38,6500.0
2026-03-11 10:00:00,386.369,386.885,384.53,385.458,15055.0
2026-03-11 11:00:00,385.468,386.873,385.468,386.826,6708.0
2026-03-11 12:00:00,386.822,387.422,386.234,386.589,5450.0
2026-03-11 13:00:00,386.588,387.104,385.806,386.798,6183.0
2026-03-11 14:00:00,386.796,387.276,386.44,386.937,7688.0
2026-03-11 15:00:00,386.924,387.23,386.855,386.888,2719.0
2026-03-11 16:00:00,386.878,387.93,386.858,387.716,1331.0
2026-03-11 17:00:00,387.628,387.868,386.924,387.353,1385.0
2026-03-11 18:00:00,387.359,387.961,386.961,387.432,4504.0
2026-03-11 19:00:00,387.43,387.582,387.144,387.418,4062.0
2026-03-11 20:00:00,387.414,388.962,387.414,388.698,3545.0
2026-03-11 21:00:00,388.705,388.859,388.524,388.626,1592.0
2026-03-11 22:00:00,388.62,389.615,388.53,389.555,1655.0
2026-03-11 23:00:00,389.574,389.653,389.5,389.584,2069.0
2026-03-12 00:00:00,389.582,389.637,389.37,389.577,3972.0
2026-03-12 01:00:00,389.588,389.77,388.566,389.63,14263.0
2026-03-12 02:00:00,389.689,389.867,388.782,388.782,4629.0
2026-03-12 03:00:00,388.784,388.867,387.824,388.358,4994.0
2026-03-12 04:00:00,388.336,388.587,386.722,388.051,6322.0
2026-03-12 05:00:00,388.05,388.667,387.406,387.469,6047.0
2026-03-12 06:00:00,387.494,388.335,387.059,387.542,4936.0
2026-03-12 07:00:00,387.57,388.041,386.751,387.729,5386.0
2026-03-12 08:00:00,387.724,388.785,387.4,387.926,5624.0
2026-03-12 09:00:00,387.914,390.846,387.336,390.842,10937.0
2026-03-12 10:00:00,390.846,391.116,389.225,389.774,13693.0
2026-03-12 11:00:00,389.782,391.004,388.844,390.768,11196.0
2026-03-12 12:00:00,390.77,391.29,389.816,389.994,10013.0
2026-03-12 13:00:00,389.998,390.777,389.71,390.639,4467.0
2026-03-12 14:00:00,390.622,391.973,390.512,391.784,2952.0
2026-03-12 15:00:00,391.782,392.028,391.709,391.811,1560.0
2026-03-12 16:00:00,391.815,392.493,391.815,392.408,1076.0
2026-03-12 17:00:00,392.098,392.238,391.684,392.004,927.0
2026-03-12 18:00:00,391.923,392.116,391.746,391.98,2345.0
2026-03-12 19:00:00,391.894,392.397,391.622,391.913,2642.0
2026-03-12 20:00:00,391.917,392.188,391.837,391.97,4748.0
2026-03-12 21:00:00,392.036,392.082,391.752,391.851,1503.0
2026-03-12 22:00:00,391.852,391.905,391.217,391.302,1058.0
2026-03-12 23:00:00,391.312,391.372,391.274,391.306,101.0
2026-03-13 00:00:00,391.31,391.449,391.268,391.42,179.0
2026-03-13 01:00:00,391.414,391.846,391.354,391.838,11341.0
2026-03-13 02:00:00,391.846,392.665,391.842,392.578,19736.0
2026-03-13 03:00:00,392.585,393.836,392.358,393.445,3560.0
2026-03-13 04:00:00,393.438,394.304,392.112,392.595,4178.0
2026-03-13 05:00:00,392.6,392.727,391.666,392.275,3777.0
2026-03-13 06:00:00,392.305,393.154,390.841,391.932,5135.0
2026-03-13 07:00:00,391.932,392.488,391.008,391.158,6058.0
2026-03-13 08:00:00,391.156,392.285,390.798,391.428,5012.0
2026-03-13 09:00:00,391.443,391.784,389.554,390.33,6005.0
2026-03-13 10:00:00,390.34,391.09,389.858,390.958,8137.0
2026-03-13 11:00:00,390.955,393.186,390.78,393.18,10364.0
2026-03-13 12:00:00,393.174,393.208,391.956,392.232,6297.0
2026-03-13 13:00:00,392.238,393.372,392.191,392.776,2590.0
2026-03-13 14:00:00,392.77,393.059,392.616,392.678,2526.0
2026-03-13 15:00:00,392.689,393.918,392.64,393.696,1795.0
2026-03-13 16:00:00,393.7,393.755,392.339,393.664,2465.0
2026-03-15 17:00:00,392.041,392.503,392.041,392.5,85.0
2026-03-15 18:00:00,392.978,393.314,392.463,392.514,4043.0
2026-03-15 19:00:00,392.508,393.285,392.176,392.309,2808.0
2026-03-15 20:00:00,392.316,393.398,392.316,392.97,4136.0
2026-03-15 21:00:00,392.968,392.97,392.344,392.39,3970.0
2026-03-15 22:00:00,392.386,392.505,392.318,392.368,3438.0
2026-03-15 23:00:00,392.369,392.466,392.256,392.301,2866.0
2026-03-16 00:00:00,392.293,392.385,392.264,392.282,3334.0
2026-03-16 01:00:00,392.28,392.534,392.224,392.4,2654.0
2026-03-16 02:00:00,392.401,392.443,391.755,392.053,1873.0
2026-03-16 03:00:00,392.034,393.246,391.092,391.88,5076.0
2026-03-16 04:00:00,391.871,392.225,391.096,391.126,2517.0
2026-03-16 05:00:00,391.127,391.73,390.828,391.655,2261.0
2026-03-16 06:00:00,391.66,391.886,389.994,390.16,3539.0
2026-03-16 07:00:00,390.15,390.695,389.521,390.042,2695.0
2026-03-16 08:00:00,390.047,390.676,389.51,390.396,1917.0
2026-03-16 09:00:00,390.386,390.446,389.348,389.386,2583.0
2026-03-16 10:00:00,389.387,391.166,389.194,390.352,5093.0
2026-03-16 11:00:00,390.355,391.598,390.308,391.384,4688.0
2026-03-16 12:00:00,391.387,392.261,390.916,391.699,5596.0
2026-03-16 13:00:00,391.692,391.71,391.094,391.446,4554.0
2026-03-16 14:00:00,391.45,391.492,389.616,390.052,3441.0
2026-03-16 15:00:00,390.052,390.4,389.897,390.126,3168.0
2026-03-16 16:00:00,390.116,390.424,390.096,390.315,1994.0
2026-03-16 17:00:00,390.211,390.29,389.975,390.137,970.0
2026-03-16 18:00:00,390.14,390.532,390.033,390.217,2187.0
2026-03-16 19:00:00,390.292,391.164,390.122,390.74,2366.0
2026-03-16 20:00:00,390.744,391.078,390.566,390.873,2190.0
2026-03-16 21:00:00,390.849,390.896,390.726,390.736,2321.0
2026-03-16 22:00:00,390.728,390.792,390.632,390.758,647.0
2026-03-16 23:00:00,390.768,390.83,390.678,390.76,933.0
2026-03-17 00:00:00,390.758,390.823,390.652,390.694,429.0
2026-03-17 01:00:00,390.701,391.606,390.558,391.433,1225.0
2026-03-17 02:00:00,391.418,391.892,391.243,391.436,2861.0
2026-03-17 03:00:00,391.428,391.913,390.56,391.123,3787.0
2026-03-17 04:00:00,391.134,392.02,390.707,390.846,8013.0
2026-03-17 05:00:00,390.84,391.574,390.471,390.708,3482.0
2026-03-17 06:00:00,390.712,391.208,390.669,391.206,2786.0
2026-03-17 07:00:00,391.192,391.442,390.75,391.068,2675.0
2026-03-17 08:00:00,391.072,391.198,388.596,388.91,3732.0
2026-03-17 09:00:00,388.906,388.942,387.776,388.584,4628.0
2026-03-17 10:00:00,388.584,389.35,388.159,388.856,3954.0
2026-03-17 11:00:00,388.86,390.204,388.788,388.906,5638.0
2026-03-17 12:00:00,388.898,389.354,388.242,388.452,4970.0
2026-03-17 13:00:00,388.445,388.6,388.279,388.404,1839.0
2026-03-17 14:00:00,388.396,388.653,388.218,388.614,3225.0
2026-03-17 15:00:00,388.616,388.886,388.598,388.686,1360.0
2026-03-17 16:00:00,388.684,388.802,388.508,388.682,1004.0
2026-03-17 17:00:00,388.525,388.745,388.295,388.537,565.0
2026-03-17 18:00:00,388.554,388.925,388.542,388.788,2397.0
2026-03-17 19:00:00,388.819,389.37,388.489,388.794,4676.0
2026-03-17 20:00:00,388.8,388.94,388.515,388.71,4391.0
2026-03-17 21:00:00,388.657,388.733,388.578,388.683,1260.0
2026-03-17 22:00:00,388.684,388.758,388.618,388.692,187.0
2026-03-17 23:00:00,388.698,388.705,388.605,388.606,131.0
2026-03-18 00:00:00,388.616,388.676,388.426,388.433,1925.0
2026-03-18 01:00:00,388.426,388.502,388.118,388.14,476.0
2026-03-18 02:00:00,388.145,388.21,387.822,387.936,924.0
2026-03-18 03:00:00,387.897,388.422,387.22,387.841,1459.0
2026-03-18 04:00:00,387.84,388.482,387.365,387.933,2008.0
2026-03-18 05:00:00,387.938,388.758,387.766,388.65,1849.0
2026-03-18 06:00:00,388.66,389.802,388.51,389.612,1720.0
2026-03-18 07:00:00,389.622,390.774,389.076,390.191,3221.0
2026-03-18 08:00:00,390.202,393.224,390.188,392.986,8406.0
2026-03-18 09:00:00,392.971,393.664,391.116,391.977,7744.0
2026-03-18 10:00:00,391.977,393.022,390.92,391.878,11395.0
2026-03-18 11:00:00,391.876,392.018,391.035,391.964,5488.0
2026-03-18 12:00:00,391.968,392.569,391.183,391.946,5494.0
2026-03-18 13:00:00,391.945,392.452,391.02,391.896,3773.0
2026-03-18 14:00:00,391.842,392.654,391.082,392.604,11924.0
2026-03-18 15:00:00,392.606,393.772,392.172,393.526,5714.0
2026-03-18 16:00:00,393.528,394.12,393.104,393.656,3726.0
2026-03-18 17:00:00,393.217,393.564,392.549,393.068,2398.0
2026-03-18 18:00:00,393.077,394.04,393.0,393.796,4478.0
2026-03-18 19:00:00,393.763,394.114,392.768,393.67,7802.0
2026-03-18 20:00:00,393.392,393.833,393.392,393.504,1391.0
2026-03-18 21:00:00,393.492,393.622,393.466,393.567,593.0
2026-03-18 22:00:00,393.574,393.672,393.36,393.468,1111.0
2026-03-18 23:00:00,393.474,393.595,393.414,393.532,1196.0
2026-03-19 00:00:00,393.54,393.778,393.107,393.178,868.0
2026-03-19 01:00:00,393.182,393.56,392.83,392.921,569.0
2026-03-19 02:00:00,392.941,394.23,392.866,394.13,4200.0
2026-03-19 03:00:00,394.131,394.688,393.734,393.978,2364.0
2026-03-19 04:00:00,393.975,394.734,393.812,394.092,3501.0
2026-03-19 05:00:00,394.08,394.08,392.225,392.434,7391.0
2026-03-19 06:00:00,392.426,393.204,392.324,392.771,6251.0
2026-03-19 07:00:00,392.774,393.208,391.983,391.996,6272.0
2026-03-19 08:00:00,391.997,394.132,391.962,393.178,7689.0
2026-03-19 09:00:00,393.178,394.64,392.432,392.783,12345.0
2026-03-19 10:00:00,392.792,393.19,391.307,391.899,19295.0
2026-03-19 11:00:00,391.906,393.278,390.422,392.686,17252.0
2026-03-19 12:00:00,392.688,393.588,391.386,392.952,14534.0
2026-03-19 13:00:00,392.96,393.587,392.311,393.162,6734.0
2026-03-19 14:00:00,393.141,393.296,391.172,391.454,4625.0
2026-03-19 15:00:00,391.448,391.48,388.854,390.92,10527.0
2026-03-19 16:00:00,390.931,391.109,390.458,390.724,3789.0
2026-03-19 17:00:00,390.762,391.126,390.482,390.578,849.0
2026-03-19 18:00:00,390.61,391.084,390.486,390.824,3290.0
2026-03-19 19:00:00,390.761,391.122,390.45,390.684,3932.0
2026-03-19 20:00:00,390.682,390.972,389.972,390.286,2112.0
2026-03-19 21:00:00,390.299,390.35,390.152,390.253,1317.0
2026-03-19 22:00:00,390.248,390.401,390.206,390.318,1029.0
2026-03-19 23:00:00,390.336,390.574,390.328,390.545,636.0
2026-03-20 00:00:00,390.542,390.578,390.442,390.575,177.0
2026-03-20 01:00:00,390.586,391.154,390.434,391.013,1614.0
2026-03-20 02:00:00,391.026,391.52,390.826,391.308,1283.0
2026-03-20 03:00:00,391.312,392.08,390.82,391.285,4789.0
2026-03-20 04:00:00,391.28,391.816,390.462,391.753,8801.0
2026-03-20 05:00:00,391.75,393.061,391.402,392.759,8107.0
2026-03-20 06:00:00,392.756,393.707,392.627,393.084,9669.0
2026-03-20 07:00:00,393.084,393.376,391.938,392.329,7419.0
2026-03-20 08:00:00,392.322,392.702,391.608,391.659,11905.0
2026-03-20 09:00:00,391.652,394.533,391.59,394.364,13319.0
2026-03-20 10:00:00,394.367,394.868,392.824,393.641,11389.0
2026-03-20 11:00:00,393.642,393.643,391.924,392.784,10146.0
2026-03-20 12:00:00,392.784,393.448,392.026,392.878,4154.0
2026-03-20 13:00:00,392.876,393.787,392.57,393.572,5359.0
2026-03-20 14:00:00,393.566,393.661,393.135,393.48,4101.0
2026-03-20 15:00:00,393.458,393.654,392.354,392.864,3420.0
2026-03-20 16:00:00,392.884,393.271,392.59,393.226,4380.0
2026-03-22 17:00:00,392.79,392.961,392.646,392.925,73.0
2026-03-22 18:00:00,392.79,393.008,392.79,392.948,3789.0
2026-03-22 19:00:00,392.946,393.002,392.848,392.918,4942.0
2026-03-22 20:00:00,392.903,393.672,392.826,393.4,2506.0
2026-03-22 21:00:00,393.388,393.45,393.114,393.366,2871.0
2026-03-22 22:00:00,393.368,393.518,393.158,393.36,2800.0
2026-03-22 23:00:00,393.355,393.65,393.346,393.637,983.0
2026-03-23 00:00:00,393.632,393.632,393.457,393.621,586.0
2026-03-23 01:00:00,393.62,393.892,393.414,393.882,3266.0
2026-03-23 02:00:00,393.875,394.966,393.875,394.791,4679.0
2026-03-23 03:00:00,394.792,395.056,393.639,394.611,4046.0
2026-03-23 04:00:00,394.612,394.612,393.071,394.447,5201.0
2026-03-23 05:00:00,394.442,395.592,393.949,394.728,6336.0
2026-03-23 06:00:00,394.732,395.482,393.296,394.108,11169.0
2026-03-23 07:00:00,394.124,394.132,388.144,392.223,27201.0
2026-03-23 08:00:00,392.226,392.388,387.644,387.902,17621.0
2026-03-23 09:00:00,387.901,389.424,387.846,388.124,18681.0
2026-03-23 10:00:00,388.124,388.248,386.909,387.437,19161.0
2026-03-23 11:00:00,387.438,389.311,386.792,388.442,17865.0
2026-03-23 12:00:00,388.448,389.474,387.765,387.827,14001.0
2026-03-23 13:00:00,387.812,387.942,387.125,387.393,6765.0
2026-03-23 14:00:00,387.383,387.81,387.016,387.371,4504.0
2026-03-23 15:00:00,387.378,388.002,387.309,387.824,3940.0
2026-03-23 16:00:00,387.848,387.993,387.4,387.742,1804.0
2026-03-23 17:00:00,387.702,387.874,387.534,387.702,698.0
2026-03-23 18:00:00,387.71,388.017,387.64,387.806,3566.0
2026-03-23 19:00:00,387.848,388.502,387.76,387.902,3098.0
2026-03-23 20:00:00,387.901,388.53,387.707,388.449,8744.0
2026-03-23 21:00:00,388.447,389.605,388.324,389.324,3531.0
2026-03-23 22:00:00,389.32,389.426,389.127,389.15,1042.0
2026-03-23 23:00:00,389.153,389.29,389.128,389.178,488.0
2026-03-24 00:00:00,389.183,389.266,389.075,389.08,1350.0
2026-03-24 01:00:00,389.068,389.311,388.562,388.595,3793.0
2026-03-24 02:00:00,388.6,388.978,388.451,388.599,3012.0
2026-03-24 03:00:00,388.591,388.667,386.916,388.062,4665.0
2026-03-24 04:00:00,388.066,390.612,387.545,389.484,7376.0
2026-03-24 05:00:00,389.487,389.98,388.973,389.29,8576.0
2026-03-24 06:00:00,389.292,390.265,389.119,389.804,8947.0
2026-03-24 07:00:00,389.818,390.836,389.26,389.919,8336.0
2026-03-24 08:00:00,389.918,390.274,388.866,389.324,7525.0
2026-03-24 09:00:00,389.377,391.031,389.206,390.183,8819.0
2026-03-24 10:00:00,390.183,390.568,388.831,389.84,9835.0
2026-03-24 11:00:00,389.846,391.858,389.334,391.558,8743.0
2026-03-24 12:00:00,391.566,392.481,390.542,392.336,6519.0
2026-03-24 13:00:00,392.33,392.748,390.748,390.879,10039.0
2026-03-24 14:00:00,390.88,392.172,390.824,391.315,6195.0
2026-03-24 15:00:00,391.314,391.432,391.065,391.394,4389.0
2026-03-24 16:00:00,391.375,391.46,389.658,389.959,5385.0
2026-03-24 17:00:00,389.918,390.638,389.736,390.592,2001.0
2026-03-24 18:00:00,390.587,391.148,389.966,390.944,5068.0
2026-03-24 19:00:00,390.839,391.747,390.354,391.074,6111.0
2026-03-24 20:00:00,391.0,391.069,389.278,389.331,2865.0
2026-03-24 21:00:00,389.33,389.488,389.19,389.485,3243.0
2026-03-24 22:00:00,389.474,389.578,389.275,389.507,4233.0
2026-03-24 23:00:00,389.509,389.566,389.396,389.443,2673.0
2026-03-25 00:00:00,389.442,389.508,389.364,389.426,1320.0
2026-03-25 01:00:00,389.428,389.6,389.218,389.425,1968.0
2026-03-25 02:00:00,389.42,389.84,389.258,389.658,1902.0
2026-03-25 03:00:00,389.639,390.3,388.777,390.124,9099.0
2026-03-25 04:00:00,390.122,390.475,388.572,389.214,12693.0
2026-03-25 05:00:00,389.217,389.553,388.838,388.951,10454.0
2026-03-25 06:00:00,388.948,389.595,388.618,389.228,8404.0
2026-03-25 07:00:00,389.225,389.924,388.883,389.128,10408.0
2026-03-25 08:00:00,389.127,389.708,388.672,389.396,13152.0
2026-03-25 09:00:00,389.397,389.657,388.942,389.362,8835.0
2026-03-25 10:00:00,389.361,389.736,385.928,386.0,13269.0
2026-03-25 11:00:00,386.003,387.554,385.566,386.696,9013.0
2026-03-25 12:00:00,386.711,387.368,386.281,386.6,6562.0
2026-03-25 13:00:00,386.606,386.775,386.218,386.322,3484.0
2026-03-25 14:00:00,386.332,386.856,386.278,386.754,3381.0
2026-03-25 15:00:00,386.787,387.159,386.671,387.109,3246.0
2026-03-25 16:00:00,387.108,387.245,386.819,386.946,1300.0
2026-03-25 17:00:00,387.167,387.644,386.748,387.228,747.0
2026-03-25 18:00:00,387.234,387.706,387.18,387.462,1058.0
2026-03-25 19:00:00,387.48,387.614,387.313,387.529,5462.0
2026-03-25 20:00:00,387.464,387.509,387.327,387.412,609.0
2026-03-25 21:00:00,387.42,387.534,387.273,387.508,1338.0
2026-03-25 22:00:00,387.506,387.61,387.38,387.526,1281.0
2026-03-25 23:00:00,387.526,387.548,387.312,387.422,1854.0
2026-03-26 00:00:00,387.418,387.418,387.294,387.406,962.0
2026-03-26 01:00:00,387.412,387.626,387.384,387.573,1310.0
2026-03-26 02:00:00,387.57,387.75,387.278,387.34,2947.0
2026-03-26 03:00:00,387.318,387.99,387.233,387.814,2547.0
2026-03-26 04:00:00,387.834,388.214,387.338,387.694,4010.0
2026-03-26 05:00:00,387.692,387.923,387.172,387.806,4259.0
2026-03-26 06:00:00,387.81,388.352,387.71,388.246,3377.0
2026-03-26 07:00:00,388.244,388.939,388.118,388.74,2940.0
2026-03-26 08:00:00,388.739,388.864,388.116,388.5,3218.0
2026-03-26 09:00:00,388.51,388.518,386.36,386.938,6381.0
2026-03-26 10:00:00,386.951,388.111,386.904,387.826,8652.0
2026-03-26 11:00:00,387.814,388.07,386.85,387.886,6818.0
2026-03-26 12:00:00,387.88,388.481,387.572,388.034,5520.0
2026-03-26 13:00:00,387.982,388.615,387.942,388.45,5390.0
2026-03-26 14:00:00,388.451,388.512,388.292,388.362,4947.0
2026-03-26 15:00:00,388.354,388.559,388.352,388.516,6515.0
2026-03-26 16:00:00,388.483,388.639,387.71,388.064,6136.0
2026-03-26 17:00:00,387.716,388.11,387.46,387.826,760.0
2026-03-26 18:00:00,387.849,388.024,387.461,387.758,1774.0
2026-03-26 19:00:00,387.76,388.0,387.516,387.754,1902.0
2026-03-26 20:00:00,387.756,388.038,387.62,387.842,5897.0
2026-03-26 21:00:00,387.845,388.274,387.684,388.208,1206.0
2026-03-26 22:00:00,388.214,388.264,388.058,388.184,500.0
2026-03-26 23:00:00,388.182,388.258,388.032,388.106,1094.0
2026-03-27 00:00:00,388.108,388.207,388.021,388.026,2889.0
2026-03-27 01:00:00,388.028,388.152,387.948,388.091,1500.0
2026-03-27 02:00:00,388.098,388.734,387.908,388.39,1074.0
2026-03-27 03:00:00,388.404,389.349,388.046,388.982,2948.0
2026-03-27 04:00:00,388.993,389.68,388.52,389.631,3493.0
2026-03-27 05:00:00,389.632,389.858,388.666,389.156,3294.0
2026-03-27 06:00:00,389.154,390.027,388.952,389.674,4776.0
2026-03-27 07:00:00,389.664,390.409,389.338,390.292,4097.0
2026-03-27 08:00:00,390.304,390.687,389.502,389.802,5157.0
2026-03-27 09:00:00,389.79,390.126,388.651,389.466,5134.0
2026-03-27 10:00:00,389.47,389.704,388.374,388.785,6750.0
2026-03-27 11:00:00,388.781,389.372,387.494,389.336,8519.0
2026-03-27 12:00:00,389.329,390.26,388.61,389.923,5344.0
2026-03-27 13:00:00,389.945,390.713,389.458,390.214,3000.0
2026-03-27 14:00:00,390.214,390.761,389.238,389.356,3657.0
2026-03-27 15:00:00,389.343,389.99,389.249,389.911,1835.0
2026-03-27 16:00:00,389.902,390.075,389.582,389.683,2324.0
2026-03-29 17:00:00,389.381,389.603,388.425,389.173,179.0
2026-03-29 18:00:00,389.161,390.042,388.703,388.759,1968.0
2026-03-29 19:00:00,388.747,389.792,388.722,389.144,3404.0
2026-03-29 20:00:00,389.321,390.468,388.941,389.843,4042.0
2026-03-29 21:00:00,389.848,389.938,389.718,389.859,1956.0
2026-03-29 22:00:00,389.856,389.952,389.756,389.808,976.0
2026-03-29 23:00:00,389.81,389.91,389.74,389.754,601.0
2026-03-30 00:00:00,389.758,389.849,389.702,389.768,575.0
2026-03-30 01:00:00,389.772,389.915,389.451,389.691,949.0
2026-03-30 02:00:00,389.706,389.898,388.622,389.166,2020.0
2026-03-30 03:00:00,389.16,389.786,389.03,389.084,2304.0
2026-03-30 04:00:00,389.066,389.905,389.066,389.419,3100.0
2026-03-30 05:00:00,389.42,390.448,389.414,390.074,3504.0
2026-03-30 06:00:00,390.065,390.266,389.284,389.505,2907.0
2026-03-30 07:00:00,389.515,390.468,389.198,389.754,4356.0
2026-03-30 08:00:00,389.756,389.856,388.571,388.58,3778.0
2026-03-30 09:00:00,388.578,389.404,388.272,389.126,5013.0
2026-03-30 10:00:00,389.128,389.426,388.524,389.024,6410.0
2026-03-30 11:00:00,389.023,389.364,387.592,387.652,4532.0
2026-03-30 12:00:00,387.642,388.38,387.61,388.27,2197.0
2026-03-30 13:00:00,388.279,388.369,387.87,388.169,2721.0
2026-03-30 14:00:00,388.133,388.36,388.106,388.288,1922.0
2026-03-30 15:00:00,388.308,388.512,387.73,388.045,2045.0
2026-03-30 16:00:00,388.048,388.124,387.675,387.827,2405.0
2026-03-30 17:00:00,388.433,389.022,388.096,388.663,8798.0
2026-03-30 18:00:00,388.503,388.72,387.846,388.254,2927.0
2026-03-30 19:00:00,388.265,389.15,387.689,388.434,4254.0
2026-03-30 20:00:00,388.49,388.503,386.774,386.793,4452.0
2026-03-30 21:00:00,386.79,386.816,385.935,386.145,2624.0
2026-03-30 22:00:00,386.148,386.206,385.99,386.042,2033.0
2026-03-30 23:00:00,386.032,386.138,385.988,386.036,1887.0
2026-03-31 00:00:00,386.034,386.512,386.028,386.446,622.0
2026-03-31 01:00:00,386.47,386.825,385.982,386.215,2275.0
2026-03-31 02:00:00,386.202,386.974,386.162,386.58,1434.0
2026-03-31 03:00:00,386.57,387.734,386.418,386.676,3936.0
2026-03-31 04:00:00,386.676,386.848,385.704,385.838,3550.0
2026-03-31 05:00:00,385.836,386.33,385.268,386.284,2465.0
2026-03-31 06:00:00,386.296,386.378,385.472,385.704,1615.0
2026-03-31 07:00:00,385.716,385.878,384.804,385.224,4733.0
2026-03-31 08:00:00,385.228,385.614,384.74,384.852,5467.0
2026-03-31 09:00:00,384.852,385.164,384.681,384.925,3613.0
2026-03-31 10:00:00,384.918,386.378,384.75,386.342,7185.0
2026-03-31 11:00:00,386.354,386.424,385.401,386.134,14296.0
2026-03-31 12:00:00,386.137,386.576,384.904,384.906,8393.0
2026-03-31 13:00:00,384.912,385.003,384.461,384.786,3612.0
2026-03-31 14:00:00,384.791,384.808,383.857,384.19,1928.0
2026-03-31 15:00:00,384.195,384.511,384.14,384.264,2417.0
2026-03-31 16:00:00,384.262,384.57,383.914,383.928,4067.0
2026-03-31 17:00:00,384.077,385.176,384.002,384.868,1286.0
2026-03-31 18:00:00,384.868,385.226,384.453,384.619,4435.0
2026-03-31 19:00:00,385.039,385.535,384.15,384.174,4596.0
2026-03-31 20:00:00,384.168,384.31,384.041,384.142,2759.0
2026-03-31 21:00:00,384.144,384.509,384.104,384.372,1871.0
2026-03-31 22:00:00,384.374,384.388,384.251,384.326,709.0
2026-03-31 23:00:00,384.325,384.412,384.27,384.321,752.0
2026-04-01 00:00:00,384.324,384.362,384.194,384.294,422.0
2026-04-01 01:00:00,384.29,384.404,383.985,384.286,2046.0
2026-04-01 02:00:00,384.278,384.285,382.372,382.5,3337.0
2026-04-01 03:00:00,382.498,383.22,381.66,382.545,4888.0
2026-04-01 04:00:00,382.55,382.883,381.389,382.546,4773.0
2026-04-01 05:00:00,382.544,382.804,382.043,382.414,5276.0
2026-04-01 06:00:00,382.404,382.427,381.507,381.975,2388.0
2026-04-01 07:00:00,381.965,382.446,381.908,382.154,3095.0
2026-04-01 08:00:00,382.138,383.062,381.791,382.759,5131.0
2026-04-01 09:00:00,382.758,382.878,382.052,382.486,9308.0
2026-04-01 10:00:00,382.496,382.96,382.375,382.555,4037.0
2026-04-01 11:00:00,382.564,383.02,382.42,382.51,3537.0
2026-04-01 12:00:00,382.522,382.84,382.377,382.536,3103.0
2026-04-01 13:00:00,382.53,382.856,382.286,382.804,2259.0
2026-04-01 14:00:00,382.812,383.622,382.762,382.934,3762.0
2026-04-01 15:00:00,382.932,383.544,382.916,383.265,1573.0
2026-04-01 16:00:00,383.206,383.774,383.13,383.588,3291.0
2026-04-01 17:00:00,383.323,383.49,383.15,383.249,1319.0
2026-04-01 18:00:00,383.246,383.49,383.044,383.277,2490.0
2026-04-01 19:00:00,383.278,383.463,383.117,383.186,3027.0
2026-04-01 20:00:00,383.181,383.335,383.17,383.302,262.0
2026-04-01 21:00:00,383.309,386.124,383.29,385.466,9293.0
2026-04-01 22:00:00,385.458,385.491,384.87,385.007,6758.0
2026-04-01 23:00:00,385.005,385.157,384.938,385.138,3146.0
2026-04-02 00:00:00,385.138,385.888,385.015,385.828,2110.0
2026-04-02 01:00:00,385.826,385.857,384.707,384.961,4092.0
2026-04-02 02:00:00,384.958,385.288,384.6,384.6,1702.0
2026-04-02 03:00:00,384.596,384.819,383.141,383.242,3950.0
2026-04-02 04:00:00,383.226,384.0,383.089,383.642,3438.0
2026-04-02 05:00:00,383.625,384.364,383.344,383.498,4956.0
2026-04-02 06:00:00,383.499,384.272,383.386,383.95,3088.0
2026-04-02 07:00:00,383.948,384.01,383.534,383.594,3670.0
2026-04-02 08:00:00,383.592,384.239,383.528,384.098,5654.0
2026-04-02 09:00:00,384.092,385.089,383.907,384.138,7997.0
2026-04-02 10:00:00,384.144,384.145,382.631,383.732,7032.0
2026-04-02 11:00:00,383.735,384.726,383.525,383.934,9345.0
2026-04-02 12:00:00,383.969,384.554,383.696,384.19,3705.0
2026-04-02 13:00:00,384.198,384.504,383.847,384.387,2047.0
2026-04-02 14:00:00,384.379,384.81,384.217,384.414,2580.0
2026-04-02 15:00:00,384.424,385.048,384.084,384.662,2164.0
2026-04-02 16:00:00,384.655,384.776,384.067,384.262,2343.0
2026-04-02 17:00:00,384.185,384.482,383.91,384.264,619.0
2026-04-02 18:00:00,384.094,384.42,383.872,383.975,1452.0
2026-04-02 19:00:00,384.242,384.766,383.57,383.965,791.0
2026-04-02 20:00:00,384.011,384.452,383.74,384.238,843.0
2026-04-02 21:00:00,384.235,384.32,384.164,384.244,355.0
2026-04-02 22:00:00,384.24,384.348,384.2,384.251,332.0
2026-04-02 23:00:00,384.252,384.324,384.198,384.25,95.0
2026-04-03 00:00:00,384.256,384.34,384.212,384.29,1308.0
2026-04-03 01:00:00,384.282,384.475,384.243,384.328,838.0
2026-04-03 02:00:00,384.322,384.631,384.263,384.468,1096.0
2026-04-03 03:00:00,384.472,384.643,383.968,384.46,847.0
2026-04-03 04:00:00,384.466,385.596,384.29,385.409,1376.0
2026-04-03 05:00:00,385.4,385.4,385.092,385.182,1195.0
2026-04-03 06:00:00,385.184,385.602,384.99,385.048,1372.0
2026-04-03 07:00:00,385.035,385.178,384.806,385.014,1410.0
2026-04-03 08:00:00,385.016,385.36,383.593,384.302,3926.0
2026-04-03 09:00:00,384.278,384.519,383.794,383.978,3147.0
2026-04-03 10:00:00,383.976,384.378,383.909,384.277,1752.0
2026-04-03 11:00:00,384.276,384.458,383.924,384.374,1030.0
2026-04-03 12:00:00,384.378,384.92,384.064,384.92,1163.0
2026-04-03 13:00:00,384.903,385.36,384.894,385.244,858.0
2026-04-03 14:00:00,385.244,385.32,383.9,385.057,2285.0
2026-04-03 15:00:00,385.041,385.08,383.731,383.731,237.0
2026-04-03 16:00:00,383.727,386.328,383.45,384.58,1605.0
2026-04-05 17:00:00,384.816,384.816,383.819,384.476,478.0
2026-04-05 18:00:00,384.48,385.829,383.911,385.713,5854.0
2026-04-05 19:00:00,385.864,385.864,383.534,384.548,3157.0
2026-04-05 20:00:00,384.55,384.878,384.448,384.806,1024.0
2026-04-05 21:00:00,384.806,384.84,384.754,384.808,143.0
2026-04-05 22:00:00,384.807,384.952,384.636,384.78,584.0
2026-04-05 23:00:00,384.773,384.884,384.764,384.786,327.0
2026-04-06 00:00:00,384.784,384.884,384.523,384.636,339.0
2026-04-06 01:00:00,384.628,384.92,384.628,384.866,4102.0
2026-04-06 02:00:00,384.881,384.893,383.577,383.816,5781.0
2026-04-06 03:00:00,383.829,384.284,382.227,382.708,7185.0
2026-04-06 04:00:00,382.714,383.432,381.745,382.056,4882.0
2026-04-06 05:00:00,382.06,382.542,381.702,382.079,2835.0
2026-04-06 06:00:00,382.064,383.555,381.995,382.908,4215.0
2026-04-06 07:00:00,382.888,383.026,381.728,382.07,3303.0
2026-04-06 08:00:00,382.08,382.578,381.9,382.172,6090.0
2026-04-06 09:00:00,382.166,383.025,381.362,381.56,3595.0
2026-04-06 10:00:00,381.587,381.783,380.828,381.332,4552.0
2026-04-06 11:00:00,381.339,381.631,380.818,380.994,3047.0
2026-04-06 12:00:00,381.002,381.128,380.868,380.996,1463.0
2026-04-06 13:00:00,380.992,381.36,380.976,381.072,1055.0
2026-04-06 14:00:00,381.074,381.555,380.784,381.404,1465.0
2026-04-06 15:00:00,381.406,381.445,381.229,381.311,753.0
2026-04-06 16:00:00,381.302,381.569,381.033,381.495,1308.0
2026-04-06 17:00:00,381.498,382.35,381.132,381.843,131.0
2026-04-06 18:00:00,381.851,383.818,381.802,383.484,975.0
2026-04-06 19:00:00,382.256,383.879,382.035,383.503,661.0
2026-04-06 20:00:00,382.866,382.968,381.404,381.426,3954.0
2026-04-06 21:00:00,381.429,382.024,381.302,382.016,4284.0
2026-04-06 22:00:00,382.01,382.628,381.826,382.057,1161.0
2026-04-06 23:00:00,382.052,382.174,381.94,382.052,162.0
2026-04-07 00:00:00,382.055,382.187,381.896,382.007,812.0
2026-04-07 01:00:00,382.003,382.18,381.936,382.057,2339.0
2026-04-07 02:00:00,382.059,382.194,381.197,382.158,7695.0
2026-04-07 03:00:00,382.167,383.156,381.681,382.037,8999.0
2026-04-07 04:00:00,382.029,382.162,381.122,381.5,10788.0
2026-04-07 05:00:00,381.5,381.506,380.902,381.0,7854.0
2026-04-07 06:00:00,381.002,381.718,380.986,381.026,9315.0
2026-04-07 07:00:00,381.023,382.07,380.972,381.57,5896.0
2026-04-07 08:00:00,381.56,383.348,381.518,382.437,10207.0
2026-04-07 09:00:00,382.446,382.446,381.267,381.934,7413.0
2026-04-07 10:00:00,381.936,382.579,381.0,381.885,9857.0
2026-04-07 11:00:00,381.878,382.918,381.264,381.914,5745.0
2026-04-07 12:00:00,381.914,382.166,381.31,381.958,2532.0
2026-04-07 13:00:00,381.954,382.098,381.435,381.692,2491.0
2026-04-07 14:00:00,381.693,382.042,381.547,381.916,1644.0
2026-04-07 15:00:00,381.922,382.1,380.676,380.715,3522.0
2026-04-07 16:00:00,380.714,381.412,380.184,380.932,2917.0
2026-04-07 17:00:00,380.925,381.23,380.694,381.05,1019.0
2026-04-07 18:00:00,381.159,381.44,378.372,379.105,12282.0
2026-04-07 19:00:00,379.14,379.382,375.398,377.136,12499.0
2026-04-07 20:00:00,377.14,377.49,376.234,376.578,10500.0
2026-04-07 21:00:00,376.578,376.888,376.455,376.594,7262.0
2026-04-07 22:00:00,376.598,376.723,376.51,376.698,905.0
2026-04-07 23:00:00,376.694,376.708,376.343,376.375,935.0
2026-04-08 00:00:00,376.376,376.39,375.539,375.827,2960.0
2026-04-08 01:00:00,375.822,376.811,375.559,376.396,4669.0
2026-04-08 02:00:00,376.404,378.47,376.04,376.847,8535.0
2026-04-08 03:00:00,376.838,378.456,376.598,377.813,6764.0
2026-04-08 04:00:00,377.83,379.916,377.512,378.442,5418.0
2026-04-08 05:00:00,378.461,379.394,378.24,379.222,4565.0
2026-04-08 06:00:00,379.216,379.26,377.372,377.462,3674.0
2026-04-08 07:00:00,377.456,377.556,375.834,376.052,3447.0
2026-04-08 08:00:00,376.051,376.384,374.217,375.174,5584.0
2026-04-08 09:00:00,375.166,376.634,374.54,376.515,6091.0
2026-04-08 10:00:00,376.514,376.842,375.774,375.96,4232.0
2026-04-08 11:00:00,375.954,376.74,375.624,376.092,7463.0
2026-04-08 12:00:00,376.075,376.282,375.995,376.144,2628.0
2026-04-08 13:00:00,376.138,376.463,375.758,376.167,3278.0
2026-04-08 14:00:00,376.164,377.176,375.906,377.012,4592.0
2026-04-08 15:00:00,377.007,377.134,376.442,376.484,2399.0
2026-04-08 16:00:00,376.486,376.619,376.047,376.542,2054.0
2026-04-08 17:00:00,376.929,377.01,376.31,376.464,955.0
2026-04-08 18:00:00,376.408,376.866,376.408,376.712,2351.0
2026-04-08 19:00:00,376.694,376.817,376.526,376.652,2254.0
2026-04-08 20:00:00,376.654,377.133,376.654,376.852,4267.0
2026-04-08 21:00:00,376.916,377.901,376.916,377.109,2325.0
2026-04-08 22:00:00,377.108,377.278,376.569,377.002,4476.0
2026-04-08 23:00:00,377.003,377.11,376.798,376.954,4886.0
2026-04-09 00:00:00,376.98,377.734,376.728,377.692,2586.0
2026-04-09 01:00:00,377.694,377.996,377.426,377.758,6956.0
2026-04-09 02:00:00,377.762,378.038,377.282,377.368,5122.0
2026-04-09 03:00:00,377.366,378.768,376.997,377.904,6562.0
2026-04-09 04:00:00,377.908,378.54,377.467,378.121,7203.0
2026-04-09 05:00:00,378.118,378.36,377.599,377.942,7042.0
2026-04-09 06:00:00,377.941,378.312,377.529,377.76,5432.0
2026-04-09 07:00:00,377.76,377.853,376.457,376.816,6498.0
2026-04-09 08:00:00,376.811,377.959,376.78,377.66,9088.0
2026-04-09 09:00:00,377.655,377.668,376.8,377.044,10029.0
2026-04-09 10:00:00,377.046,377.137,376.448,377.085,10077.0
2026-04-09 11:00:00,377.076,377.526,375.811,376.323,9321.0
2026-04-09 12:00:00,376.313,376.513,375.766,376.114,1893.0
2026-04-09 13:00:00,376.116,376.116,375.64,375.842,1678.0
2026-04-09 14:00:00,375.84,376.576,375.838,376.481,1316.0
2026-04-09 15:00:00,376.482,376.526,376.346,376.442,1283.0
2026-04-09 16:00:00,376.434,376.736,376.424,376.48,2102.0
2026-04-09 17:00:00,376.75,377.218,376.227,376.903,807.0
2026-04-09 18:00:00,377.052,377.068,376.349,376.651,4140.0
2026-04-09 19:00:00,376.672,376.998,376.478,376.608,1902.0
2026-04-09 20:00:00,376.689,377.111,376.677,376.902,622.0
2026-04-09 21:00:00,376.892,376.892,376.583,376.756,494.0
2026-04-09 22:00:00,376.755,376.934,376.737,376.842,465.0
2026-04-09 23:00:00,376.814,376.862,376.723,376.768,534.0
2026-04-10 00:00:00,376.769,376.842,376.72,376.83,1327.0
2026-04-10 01:00:00,376.774,377.28,376.437,377.01,1140.0
2026-04-10 02:00:00,377.008,377.359,376.625,377.28,3424.0
2026-04-10 03:00:00,377.266,377.43,376.352,376.828,4319.0
2026-04-10 04:00:00,376.83,376.936,376.645,376.84,2954.0
2026-04-10 05:00:00,376.836,377.55,375.778,377.492,5803.0
2026-04-10 06:00:00,377.496,377.816,377.249,377.441,2030.0
2026-04-10 07:00:00,377.451,377.49,376.874,377.219,2464.0
2026-04-10 08:00:00,377.216,377.489,376.924,377.06,4754.0
2026-04-10 09:00:00,377.049,377.05,375.68,376.302,6664.0
2026-04-10 10:00:00,376.305,376.341,375.126,375.257,8422.0
2026-04-10 11:00:00,375.258,375.513,374.825,375.209,4534.0
2026-04-10 12:00:00,375.19,375.198,374.764,374.873,2420.0
2026-04-10 13:00:00,374.874,374.944,374.572,374.816,1403.0
2026-04-10 14:00:00,374.813,374.882,374.614,374.747,2102.0
2026-04-10 15:00:00,374.746,375.99,374.45,374.754,1639.0
2026-04-10 16:00:00,374.8,376.085,373.971,374.854,8855.0
2026-04-12 17:00:00,367.835,368.294,367.246,367.774,988.0
2026-04-12 18:00:00,367.792,369.09,367.492,368.729,3447.0
2026-04-12 19:00:00,368.728,369.672,368.426,368.562,5683.0
2026-04-12 20:00:00,368.619,368.688,367.77,368.126,2416.0
2026-04-12 21:00:00,368.122,368.453,368.062,368.306,424.0
2026-04-12 22:00:00,368.301,368.318,367.575,367.666,772.0
2026-04-12 23:00:00,367.668,367.712,367.544,367.64,1102.0
2026-04-13 00:00:00,367.64,367.819,367.428,367.638,680.0
2026-04-13 01:00:00,367.636,368.346,367.13,367.13,1703.0
2026-04-13 02:00:00,367.118,367.888,365.204,365.718,2596.0
2026-04-13 03:00:00,365.708,365.922,364.09,365.292,4075.0
2026-04-13 04:00:00,365.29,366.81,365.276,366.348,3622.0
2026-04-13 05:00:00,366.351,367.275,366.214,367.118,3706.0
2026-04-13 06:00:00,367.112,367.37,366.88,367.018,2475.0
2026-04-13 07:00:00,367.014,367.15,366.452,366.95,2811.0
2026-04-13 08:00:00,366.939,367.184,364.028,364.24,5013.0
2026-04-13 09:00:00,364.23,365.033,362.52,363.296,5787.0
2026-04-13 10:00:00,363.297,364.305,363.292,363.567,3538.0
2026-04-13 11:00:00,363.558,363.967,362.959,363.481,4153.0
2026-04-13 12:00:00,363.468,363.488,362.513,362.649,4753.0
2026-04-13 13:00:00,362.651,362.77,362.506,362.755,1136.0
2026-04-13 14:00:00,362.752,362.872,362.606,362.808,4336.0
2026-04-13 15:00:00,362.806,363.054,362.794,363.029,1367.0
2026-04-13 16:00:00,363.035,363.4,362.876,363.054,4041.0
2026-04-13 17:00:00,363.03,363.55,363.001,363.088,844.0
2026-04-13 18:00:00,363.088,363.317,362.864,363.244,3417.0
2026-04-13 19:00:00,363.274,363.373,363.036,363.098,2605.0
2026-04-13 20:00:00,363.096,363.105,362.88,362.97,1990.0
2026-04-13 21:00:00,362.968,363.19,362.862,363.187,1899.0
2026-04-13 22:00:00,363.188,363.209,363.077,363.17,2665.0
2026-04-13 23:00:00,363.17,363.188,363.018,363.064,2444.0
2026-04-14 00:00:00,363.072,363.118,363.042,363.057,1589.0
2026-04-14 01:00:00,363.072,363.346,363.036,363.326,2840.0
2026-04-14 02:00:00,363.332,363.353,362.684,363.305,1314.0
2026-04-14 03:00:00,363.306,363.308,361.856,362.476,2975.0
2026-04-14 04:00:00,362.478,363.415,362.119,363.308,2446.0
2026-04-14 05:00:00,363.298,363.858,363.144,363.295,2017.0
2026-04-14 06:00:00,363.3,363.788,363.3,363.53,2389.0
2026-04-14 07:00:00,363.532,363.777,363.076,363.386,2200.0
2026-04-14 08:00:00,363.396,364.092,363.358,363.915,3102.0
2026-04-14 09:00:00,363.92,364.062,363.277,363.811,2289.0
2026-04-14 10:00:00,363.798,364.37,363.165,363.742,4036.0
2026-04-14 11:00:00,363.726,364.232,363.45,363.978,3576.0
2026-04-14 12:00:00,363.958,364.006,363.525,363.612,2434.0
2026-04-14 13:00:00,363.617,363.674,363.002,363.247,1617.0
2026-04-14 14:00:00,363.25,363.5,363.164,363.479,1878.0
2026-04-14 15:00:00,363.48,363.797,363.459,363.468,1519.0
2026-04-14 16:00:00,363.466,363.566,363.288,363.53,1379.0
2026-04-14 17:00:00,363.622,363.918,363.398,363.79,927.0
2026-04-14 18:00:00,363.787,363.99,363.66,363.814,1998.0
2026-04-14 19:00:00,363.813,364.06,363.432,363.732,3736.0
2026-04-14 20:00:00,363.731,363.934,363.599,363.721,1933.0
2026-04-14 21:00:00,363.726,363.818,363.593,363.706,4050.0
2026-04-14 22:00:00,363.708,363.79,363.618,363.628,1546.0
2026-04-14 23:00:00,363.629,363.728,363.574,363.692,1759.0
2026-04-15 00:00:00,363.691,363.861,363.684,363.84,980.0
2026-04-15 01:00:00,363.869,363.944,363.307,363.357,1828.0
2026-04-15 02:00:00,363.356,363.71,362.914,363.6,1053.0
2026-04-15 03:00:00,363.596,364.2,363.124,363.967,2543.0
2026-04-15 04:00:00,363.957,364.158,363.471,363.757,2740.0
2026-04-15 05:00:00,363.755,364.244,363.597,364.082,3900.0
2026-04-15 06:00:00,364.083,364.956,364.07,364.368,3098.0
2026-04-15 07:00:00,364.36,365.08,364.318,364.56,1872.0
2026-04-15 08:00:00,364.564,365.196,363.997,364.083,3137.0
2026-04-15 09:00:00,364.095,364.994,363.664,364.884,5758.0
2026-04-15 10:00:00,364.882,365.146,364.476,365.058,4849.0
2026-04-15 11:00:00,365.055,365.118,364.318,364.721,2504.0
2026-04-15 12:00:00,364.742,364.855,363.028,363.264,2789.0
2026-04-15 13:00:00,363.272,363.273,362.741,363.192,1307.0
2026-04-15 14:00:00,363.182,363.209,362.951,363.014,2463.0
2026-04-15 15:00:00,363.013,363.148,362.951,362.986,615.0
2026-04-15 16:00:00,362.994,363.436,362.994,363.228,598.0
2026-04-15 17:00:00,363.982,364.148,363.798,363.984,1500.0
2026-04-15 18:00:00,363.975,364.0,363.106,363.732,3860.0
2026-04-15 19:00:00,363.741,363.996,363.196,363.288,1869.0
2026-04-15 20:00:00,363.29,363.616,363.114,363.194,1095.0
2026-04-15 21:00:00,363.194,363.307,363.072,363.11,1097.0
2026-04-15 22:00:00,363.109,363.18,362.936,362.992,559.0
2026-04-15 23:00:00,362.994,363.026,362.892,362.973,814.0
2026-04-16 00:00:00,362.976,363.173,362.976,363.114,645.0
2026-04-16 01:00:00,363.118,363.133,362.88,363.056,1289.0
2026-04-16 02:00:00,363.034,364.161,362.797,363.574,1530.0
2026-04-16 03:00:00,363.554,364.784,363.12,364.316,2328.0
2026-04-16 04:00:00,364.316,364.856,364.152,364.683,3827.0
2026-04-16 05:00:00,364.702,365.626,364.586,365.025,2350.0
2026-04-16 06:00:00,365.025,365.113,364.496,364.826,2090.0
2026-04-16 07:00:00,364.808,364.977,364.462,364.586,1862.0
2026-04-16 08:00:00,364.562,364.946,364.436,364.884,3248.0
2026-04-16 09:00:00,364.882,365.031,364.29,364.594,3990.0
2026-04-16 10:00:00,364.581,365.166,364.564,365.038,4481.0
2026-04-16 11:00:00,365.036,365.29,364.579,364.934,2893.0
2026-04-16 12:00:00,364.94,365.476,364.578,365.37,3503.0
2026-04-16 13:00:00,365.372,365.518,365.266,365.374,1662.0
2026-04-16 14:00:00,365.376,365.386,364.64,364.964,1426.0
2026-04-16 15:00:00,364.96,365.114,364.875,364.992,984.0
2026-04-16 16:00:00,364.99,365.158,364.781,365.03,983.0
2026-04-16 17:00:00,365.028,365.285,364.667,364.98,468.0
2026-04-16 18:00:00,364.946,365.342,364.858,365.192,1272.0
2026-04-16 19:00:00,365.188,365.254,364.813,364.938,1775.0
2026-04-16 20:00:00,364.926,365.033,364.565,364.695,1802.0
2026-04-16 21:00:00,364.694,364.918,364.674,364.779,622.0
2026-04-16 22:00:00,364.766,364.812,364.719,364.782,1081.0
2026-04-16 23:00:00,364.783,364.809,364.449,364.628,592.0
2026-04-17 00:00:00,364.628,364.628,364.537,364.61,1317.0
2026-04-17 01:00:00,364.616,364.901,364.509,364.873,1135.0
2026-04-17 02:00:00,364.879,365.146,364.501,364.833,852.0
2026-04-17 03:00:00,364.843,364.843,363.338,363.536,2393.0
2026-04-17 04:00:00,363.543,364.274,363.316,363.903,3507.0
2026-04-17 05:00:00,363.881,364.238,363.348,363.514,2567.0
2026-04-17 06:00:00,363.512,363.606,362.912,363.29,1501.0
2026-04-17 07:00:00,363.278,363.366,362.946,363.066,1938.0
2026-04-17 08:00:00,363.076,363.104,360.606,360.624,8122.0
2026-04-17 09:00:00,360.612,361.558,359.916,361.048,11821.0
2026-04-17 10:00:00,361.054,361.72,360.217,360.376,4522.0
2026-04-17 11:00:00,360.376,361.673,360.376,360.834,3028.0
2026-04-17 12:00:00,360.826,361.015,360.686,360.77,1506.0
2026-04-17 13:00:00,360.768,361.772,360.768,361.146,3567.0
2026-04-17 14:00:00,361.146,361.752,361.078,361.44,2422.0
2026-04-17 15:00:00,361.442,361.552,360.987,361.013,3087.0
2026-04-17 16:00:00,360.992,361.494,360.87,361.43,3635.0
2026-04-19 17:00:00,361.75,361.764,361.6,361.734,848.0
2026-04-19 18:00:00,361.733,362.684,361.716,362.377,3784.0
2026-04-19 19:00:00,362.379,362.47,362.245,362.376,4458.0
2026-04-19 20:00:00,362.38,362.594,362.114,362.2,3885.0
2026-04-19 21:00:00,362.18,362.18,361.748,361.861,2307.0
2026-04-19 22:00:00,361.853,361.94,361.74,361.842,1603.0
2026-04-19 23:00:00,361.844,361.956,361.718,361.848,1523.0
2026-04-20 00:00:00,361.84,361.961,361.755,361.881,1403.0
2026-04-20 01:00:00,361.904,362.098,361.601,361.728,2776.0
2026-04-20 02:00:00,361.714,363.19,361.28,361.838,2169.0
2026-04-20 03:00:00,361.828,362.696,361.019,362.44,3352.0
2026-04-20 04:00:00,362.438,363.006,361.768,362.617,2670.0
2026-04-20 05:00:00,362.628,362.83,362.008,362.106,3792.0
2026-04-20 06:00:00,362.101,362.15,361.198,361.942,3646.0
2026-04-20 07:00:00,361.93,362.218,361.576,362.027,3937.0
2026-04-20 08:00:00,362.04,362.526,361.733,362.104,3071.0
2026-04-20 09:00:00,362.125,362.408,361.62,362.064,4080.0
2026-04-20 10:00:00,362.066,362.87,362.021,362.708,8006.0
2026-04-20 11:00:00,362.71,362.956,361.814,362.172,4131.0
2026-04-20 12:00:00,362.18,362.19,361.966,362.084,2330.0
2026-04-20 13:00:00,362.096,362.11,361.79,361.871,1939.0
2026-04-20 14:00:00,361.871,361.948,361.739,361.93,2796.0
2026-04-20 15:00:00,361.928,362.0,361.804,361.818,1032.0
2026-04-20 16:00:00,361.822,362.03,361.644,361.742,2002.0
2026-04-20 17:00:00,361.257,361.719,360.896,361.718,1696.0
2026-04-20 18:00:00,361.711,362.05,361.184,361.434,2172.0
2026-04-20 19:00:00,361.402,362.034,361.226,361.903,2280.0
2026-04-20 20:00:00,361.909,362.076,361.754,361.99,3478.0
2026-04-20 21:00:00,361.99,362.049,361.914,361.991,99.0
2026-04-20 22:00:00,361.99,362.026,361.943,361.987,135.0
2026-04-20 23:00:00,361.98,362.012,361.911,361.911,134.0
2026-04-21 00:00:00,361.92,362.015,361.895,361.946,117.0
2026-04-21 01:00:00,361.946,361.947,361.223,361.579,1041.0
2026-04-21 02:00:00,361.58,362.113,361.477,361.807,549.0
2026-04-21 03:00:00,361.796,362.226,361.624,362.113,2159.0
2026-04-21 04:00:00,362.126,362.362,361.658,361.785,2775.0
2026-04-21 05:00:00,361.781,362.202,361.55,362.192,2690.0
2026-04-21 06:00:00,362.184,362.313,361.74,362.024,2944.0
2026-04-21 07:00:00,362.022,362.258,361.954,362.102,3031.0
2026-04-21 08:00:00,362.104,362.765,362.06,362.736,4774.0
2026-04-21 09:00:00,362.734,362.838,362.156,362.27,4155.0
2026-04-21 10:00:00,362.264,363.042,362.079,362.968,6438.0
2026-04-21 11:00:00,362.972,363.463,362.692,362.884,4953.0
2026-04-21 12:00:00,362.881,363.875,362.663,363.858,1868.0
2026-04-21 13:00:00,363.85,365.015,362.872,363.654,7332.0
2026-04-21 14:00:00,363.654,364.347,363.426,363.606,3719.0
2026-04-21 15:00:00,363.588,364.804,363.15,364.698,5463.0
2026-04-21 16:00:00,364.687,365.646,363.358,363.748,6816.0
2026-04-21 17:00:00,363.844,363.978,363.554,363.766,1715.0
2026-04-21 18:00:00,363.754,364.501,363.708,364.361,1464.0
2026-04-21 19:00:00,364.33,364.734,363.63,364.073,3913.0
2026-04-21 20:00:00,364.042,364.06,363.817,363.866,985.0
2026-04-21 21:00:00,363.862,363.87,363.762,363.85,156.0
2026-04-21 22:00:00,363.85,363.862,363.77,363.81,198.0
2026-04-21 23:00:00,363.794,363.854,363.756,363.812,75.0
2026-04-22 00:00:00,363.79,363.824,363.739,363.775,59.0
2026-04-22 01:00:00,363.775,364.484,362.988,363.49,2398.0
2026-04-22 02:00:00,363.47,363.761,362.852,363.238,2151.0
2026-04-22 03:00:00,363.244,364.326,363.026,363.835,3914.0
2026-04-22 04:00:00,363.836,364.146,363.509,364.096,4837.0
2026-04-22 05:00:00,364.094,364.498,363.635,363.908,4606.0
2026-04-22 06:00:00,363.908,364.547,363.724,363.839,5325.0
2026-04-22 07:00:00,363.838,365.121,363.838,365.039,4304.0
2026-04-22 08:00:00,365.049,365.636,364.662,365.145,5915.0
2026-04-22 09:00:00,365.135,365.254,363.766,363.967,5034.0
2026-04-22 10:00:00,363.97,364.384,363.45,364.312,4817.0
2026-04-22 11:00:00,364.314,364.972,364.195,364.948,3415.0
2026-04-22 12:00:00,364.945,364.954,364.296,364.706,2354.0
2026-04-22 13:00:00,364.706,364.795,364.498,364.741,1147.0
2026-04-22 14:00:00,364.74,364.965,364.684,364.778,855.0
2026-04-22 15:00:00,364.777,364.806,364.544,364.715,1540.0
2026-04-22 16:00:00,364.711,365.006,364.536,364.558,1554.0
2026-04-22 17:00:00,364.481,364.612,364.324,364.61,506.0
2026-04-22 18:00:00,364.549,364.92,364.522,364.729,1759.0
2026-04-22 19:00:00,364.696,364.944,364.609,364.798,5032.0
2026-04-22 20:00:00,364.792,365.765,364.178,364.714,3705.0
2026-04-22 21:00:00,364.713,364.864,364.494,364.851,724.0
2026-04-22 22:00:00,364.848,365.196,364.72,365.172,1084.0
2026-04-22 23:00:00,365.168,365.768,365.04,365.664,1174.0
2026-04-23 00:00:00,365.681,365.69,365.452,365.475,1103.0
2026-04-23 01:00:00,365.483,365.588,364.913,365.007,2774.0
2026-04-23 02:00:00,365.024,366.117,364.83,365.816,1463.0
2026-04-23 03:00:00,365.82,366.674,365.238,366.158,3970.0
2026-04-23 04:00:00,366.15,367.068,365.622,365.823,3959.0
2026-04-23 05:00:00,365.825,366.396,365.65,365.854,3240.0
2026-04-23 06:00:00,365.855,365.892,365.184,365.274,4218.0
2026-04-23 07:00:00,365.286,365.79,364.881,365.015,6144.0
2026-04-23 08:00:00,365.02,365.256,364.362,365.211,5363.0
2026-04-23 09:00:00,365.206,365.67,364.718,365.075,7458.0
2026-04-23 10:00:00,365.07,365.178,364.416,364.702,7288.0
2026-04-23 11:00:00,364.703,365.318,364.692,365.043,3097.0
2026-04-23 12:00:00,365.052,365.236,364.95,365.024,3566.0
2026-04-23 13:00:00,365.036,367.958,365.0,365.838,9182.0
2026-04-23 14:00:00,365.83,366.313,365.5,366.183,5587.0
2026-04-23 15:00:00,366.184,366.717,365.744,366.437,5454.0
2026-04-23 16:00:00,366.434,367.269,366.126,367.004,2603.0
2026-04-23 17:00:00,367.118,367.28,366.744,367.06,3065.0
2026-04-23 18:00:00,367.019,367.141,366.392,366.766,2139.0
2026-04-23 19:00:00,366.767,367.28,366.104,366.838,1643.0
2026-04-23 20:00:00,366.84,367.0,366.682,366.85,3051.0
2026-04-23 21:00:00,366.846,367.191,366.146,366.676,2512.0
2026-04-23 22:00:00,366.688,366.907,366.492,366.838,1275.0
2026-04-23 23:00:00,366.837,366.956,366.793,366.887,962.0
2026-04-24 00:00:00,366.9,366.932,366.768,366.816,1748.0
2026-04-24 01:00:00,366.812,366.897,365.957,366.432,2433.0
2026-04-24 02:00:00,366.422,366.924,365.863,366.13,1513.0
2026-04-24 03:00:00,366.134,366.76,365.746,366.332,2546.0
2026-04-24 04:00:00,366.33,366.986,366.308,366.986,3865.0
2026-04-24 05:00:00,366.977,367.856,366.952,367.7,3710.0
2026-04-24 06:00:00,367.697,367.732,366.484,366.575,3085.0
2026-04-24 07:00:00,366.565,366.565,364.618,365.368,5802.0
2026-04-24 08:00:00,365.364,366.304,364.978,365.647,3602.0
2026-04-24 09:00:00,365.61,365.626,364.756,365.234,3545.0
2026-04-24 10:00:00,365.232,365.461,364.769,364.862,4238.0
2026-04-24 11:00:00,364.86,365.251,363.97,364.326,4606.0
2026-04-24 12:00:00,364.304,364.408,363.846,364.292,3659.0
2026-04-24 13:00:00,364.294,364.85,364.294,364.658,2032.0
2026-04-24 14:00:00,364.648,364.836,364.403,364.426,999.0
2026-04-24 15:00:00,364.444,364.6,364.332,364.415,1274.0
2026-04-24 16:00:00,364.414,366.162,364.06,364.919,4203.0
2026-04-26 17:00:00,365.39,365.623,365.24,365.515,205.0
2026-04-26 18:00:00,365.369,365.854,365.288,365.345,2199.0
2026-04-26 19:00:00,365.347,366.1,364.776,365.951,1415.0
2026-04-26 20:00:00,365.952,365.975,365.09,365.134,954.0
2026-04-26 21:00:00,365.124,365.124,364.552,364.652,2521.0
2026-04-26 22:00:00,364.65,364.659,364.501,364.509,708.0
2026-04-26 23:00:00,364.517,364.552,364.446,364.478,633.0
2026-04-27 00:00:00,364.492,364.494,364.47,364.484,67.0
2026-04-27 01:00:00,364.5,364.5,364.056,364.222,268.0
2026-04-27 02:00:00,364.226,364.827,364.071,364.65,1024.0
2026-04-27 03:00:00,364.652,364.952,364.393,364.485,1668.0
2026-04-27 04:00:00,364.484,364.538,363.054,363.477,3956.0
2026-04-27 05:00:00,363.48,363.898,363.403,363.684,1262.0
2026-04-27 06:00:00,363.688,363.696,362.936,363.05,2032.0
2026-04-27 07:00:00,363.056,363.904,363.046,363.795,4698.0
2026-04-27 08:00:00,363.792,363.978,363.288,363.836,3714.0
2026-04-27 09:00:00,363.835,364.39,363.469,364.151,5132.0
2026-04-27 10:00:00,364.162,364.276,363.586,364.152,5167.0
2026-04-27 11:00:00,364.141,364.409,363.986,364.264,3423.0
2026-04-27 12:00:00,364.25,364.443,364.156,364.409,1385.0
2026-04-27 13:00:00,364.408,364.702,364.1,364.25,1777.0
2026-04-27 14:00:00,364.25,364.426,364.222,364.386,839.0
2026-04-27 15:00:00,364.392,364.608,364.264,364.386,1155.0
2026-04-27 16:00:00,364.381,364.426,364.19,364.304,1112.0
2026-04-27 17:00:00,364.306,364.48,363.871,364.175,506.0
2026-04-27 18:00:00,364.172,364.844,364.166,364.355,1307.0
2026-04-27 19:00:00,364.356,364.536,364.182,364.241,1055.0
2026-04-27 20:00:00,364.252,364.475,364.248,364.418,1365.0
2026-04-27 21:00:00,364.422,364.533,364.412,364.486,632.0
2026-04-27 22:00:00,364.486,364.561,364.46,364.522,338.0
2026-04-27 23:00:00,364.523,364.524,364.321,364.434,2877.0
2026-04-28 00:00:00,364.436,364.444,364.408,364.438,2133.0
2026-04-28 01:00:00,364.442,365.019,364.368,364.75,1622.0
2026-04-28 02:00:00,364.721,365.962,364.481,365.934,2303.0
2026-04-28 03:00:00,365.953,366.227,364.78,364.83,2506.0
2026-04-28 04:00:00,364.812,365.223,364.562,364.865,3184.0
2026-04-28 05:00:00,364.88,365.4,364.591,365.05,4023.0
2026-04-28 06:00:00,365.058,365.612,364.997,365.138,3291.0
2026-04-28 07:00:00,365.134,365.79,365.059,365.617,3480.0
2026-04-28 08:00:00,365.619,365.663,364.667,364.728,3050.0
2026-04-28 09:00:00,364.727,365.098,363.864,364.041,4774.0
2026-04-28 10:00:00,364.039,364.66,363.377,363.946,5423.0
2026-04-28 11:00:00,363.943,363.978,363.375,363.66,3446.0
2026-04-28 12:00:00,363.672,364.072,363.32,363.676,4007.0
2026-04-28 13:00:00,363.682,363.825,363.479,363.759,1942.0
2026-04-28 14:00:00,363.76,363.847,363.684,363.816,2909.0
2026-04-28 15:00:00,363.822,363.966,363.717,363.93,1744.0
2026-04-28 16:00:00,363.928,364.083,363.662,363.673,2055.0
2026-04-28 17:00:00,363.525,363.825,363.42,363.655,212.0
2026-04-28 18:00:00,363.65,363.878,363.48,363.855,1673.0
2026-04-28 19:00:00,363.818,364.077,363.57,363.924,12919.0
2026-04-28 20:00:00,363.906,363.907,363.614,363.758,1191.0
2026-04-28 21:00:00,363.76,364.423,363.75,364.182,1133.0
2026-04-28 22:00:00,364.18,364.18,363.904,363.952,1369.0
2026-04-28 23:00:00,363.927,364.03,363.91,363.928,1805.0
2026-04-29 00:00:00,363.93,363.931,363.846,363.869,1478.0
2026-04-29 01:00:00,363.87,364.144,363.711,364.083,1337.0
2026-04-29 02:00:00,364.054,364.24,363.576,364.007,2087.0
2026-04-29 03:00:00,364.008,364.198,363.386,363.925,2708.0
2026-04-29 04:00:00,363.93,364.732,363.894,364.436,2600.0
2026-04-29 05:00:00,364.432,364.5,363.877,364.434,2594.0
2026-04-29 06:00:00,364.432,364.478,363.61,363.778,2166.0
2026-04-29 07:00:00,363.762,364.244,363.673,364.127,2484.0
2026-04-29 08:00:00,364.124,364.31,363.629,364.146,3124.0
2026-04-29 09:00:00,364.154,364.968,363.902,364.96,5480.0
2026-04-29 10:00:00,364.957,365.544,364.838,365.272,6650.0
2026-04-29 11:00:00,365.23,366.032,364.631,365.458,6247.0
2026-04-29 12:00:00,365.46,365.622,364.807,365.614,4554.0
2026-04-29 13:00:00,365.61,365.865,365.124,365.175,2438.0
2026-04-29 14:00:00,365.175,365.938,365.175,365.533,5271.0
2026-04-29 15:00:00,365.53,365.878,365.448,365.754,2471.0
2026-04-29 16:00:00,365.752,365.992,365.444,365.803,1923.0
2026-04-29 17:00:00,366.048,366.295,365.636,366.038,3552.0
2026-04-29 18:00:00,365.766,366.052,365.451,365.634,2312.0
2026-04-29 19:00:00,365.636,365.638,365.29,365.348,2042.0
2026-04-29 20:00:00,365.373,365.533,365.224,365.396,1725.0
2026-04-29 21:00:00,365.396,365.71,365.316,365.612,1542.0
2026-04-29 22:00:00,365.612,365.904,365.558,365.779,2102.0
2026-04-29 23:00:00,365.782,366.12,365.71,366.08,775.0
2026-04-30 00:00:00,366.078,366.878,366.078,366.736,2850.0
2026-04-30 01:00:00,366.742,366.909,366.447,366.892,2799.0
2026-04-30 02:00:00,366.886,367.66,366.69,366.986,2881.0
2026-04-30 03:00:00,366.98,367.091,365.934,366.435,4415.0
2026-04-30 04:00:00,366.475,366.705,365.732,366.065,3385.0
2026-04-30 05:00:00,366.064,366.147,364.097,364.108,6072.0
2026-04-30 06:00:00,364.104,365.122,364.015,364.628,6481.0
2026-04-30 07:00:00,364.619,365.114,363.963,364.846,7111.0
2026-04-30 08:00:00,364.859,365.94,364.448,364.722,5204.0
2026-04-30 09:00:00,364.723,365.581,364.344,364.884,7757.0
2026-04-30 10:00:00,364.878,365.02,364.317,364.64,8607.0
2026-04-30 11:00:00,364.642,364.977,364.222,364.706,4802.0
2026-04-30 12:00:00,364.7,364.961,364.594,364.784,2111.0
2026-04-30 13:00:00,364.775,364.786,364.414,364.527,1160.0
2026-04-30 14:00:00,364.527,364.542,364.132,364.17,1228.0
2026-04-30 15:00:00,364.175,364.325,364.023,364.308,1567.0
2026-04-30 16:00:00,364.308,364.816,364.126,364.525,2242.0
2026-04-30 17:00:00,365.084,365.252,364.671,364.927,1095.0
2026-04-30 18:00:00,364.865,365.301,364.332,364.982,2370.0
2026-04-30 19:00:00,364.983,365.356,364.673,365.055,2969.0
2026-04-30 20:00:00,365.053,365.053,364.255,364.382,998.0
2026-04-30 21:00:00,364.378,364.412,364.26,364.334,666.0
2026-04-30 22:00:00,364.326,364.354,364.248,364.32,626.0
2026-04-30 23:00:00,364.37,364.37,364.234,364.29,65.0
2026-05-01 00:00:00,364.294,364.33,364.289,364.322,59.0
2026-05-01 01:00:00,364.316,364.374,364.254,364.312,64.0
2026-05-01 02:00:00,364.316,364.52,363.677,364.088,1622.0
2026-05-01 03:00:00,364.084,364.928,363.302,364.612,5402.0
2026-05-01 04:00:00,364.603,365.377,364.168,364.292,9764.0
2026-05-01 05:00:00,364.292,365.251,364.29,365.142,7275.0
2026-05-01 06:00:00,365.142,365.243,364.636,364.727,5214.0
2026-05-01 07:00:00,364.718,364.765,363.644,364.246,8755.0
2026-05-01 08:00:00,364.25,364.557,363.019,363.767,14050.0
2026-05-01 09:00:00,363.774,364.028,362.95,363.214,9831.0
2026-05-01 10:00:00,363.212,364.736,361.43,361.574,12015.0
2026-05-01 11:00:00,361.572,362.794,361.56,362.288,10514.0
2026-05-01 12:00:00,362.266,362.756,361.925,362.58,3215.0
2026-05-01 13:00:00,362.585,362.972,362.384,362.58,2282.0
2026-05-01 14:00:00,362.58,363.0,362.534,362.648,1443.0
2026-05-01 15:00:00,362.656,363.194,362.651,363.091,1801.0
2026-05-01 16:00:00,363.083,363.338,362.83,363.066,2122.0
2026-05-03 17:00:00,362.808,362.893,362.723,362.817,454.0
2026-05-03 18:00:00,362.794,362.912,362.612,362.647,3221.0
2026-05-03 19:00:00,362.63,362.874,362.386,362.647,2562.0
2026-05-03 20:00:00,362.644,362.816,362.199,362.216,2726.0
2026-05-03 21:00:00,362.212,362.52,362.212,362.243,1714.0
2026-05-03 22:00:00,362.195,362.352,362.116,362.148,1556.0
2026-05-03 23:00:00,362.168,362.217,361.677,361.788,3589.0
2026-05-04 00:00:00,361.784,361.91,361.707,361.793,1426.0
2026-05-04 01:00:00,361.792,362.325,361.674,362.155,2974.0
2026-05-04 02:00:00,362.134,363.052,361.919,362.884,1202.0
2026-05-04 03:00:00,362.886,363.41,362.712,363.196,3182.0
2026-05-04 04:00:00,363.194,363.446,362.742,363.025,1751.0
2026-05-04 05:00:00,363.017,363.276,362.918,363.036,1592.0
2026-05-04 06:00:00,363.034,364.591,362.946,363.513,6320.0
2026-05-04 07:00:00,363.524,363.912,363.26,363.538,3555.0
2026-05-04 08:00:00,363.524,363.572,362.329,362.455,7049.0
2026-05-04 09:00:00,362.462,363.04,362.416,362.558,6444.0
2026-05-04 10:00:00,362.592,363.074,361.952,362.642,3675.0
2026-05-04 11:00:00,362.65,364.616,362.638,364.49,7033.0
2026-05-04 12:00:00,364.485,365.2,364.263,365.186,2961.0
2026-05-04 13:00:00,365.179,365.194,364.114,364.847,2466.0
2026-05-04 14:00:00,364.842,365.126,364.595,364.795,2783.0
2026-05-04 15:00:00,364.805,365.449,364.588,365.047,2890.0
2026-05-04 16:00:00,365.042,365.446,364.754,365.033,1288.0
2026-05-04 17:00:00,364.93,365.37,364.86,365.032,416.0
2026-05-04 18:00:00,365.042,365.067,364.25,364.725,4043.0
2026-05-04 19:00:00,364.558,364.935,363.905,364.261,1672.0
2026-05-04 20:00:00,364.26,365.08,364.23,365.008,3945.0
2026-05-04 21:00:00,365.006,365.199,364.985,365.14,2008.0
2026-05-04 22:00:00,365.148,365.308,365.105,365.248,830.0
2026-05-04 23:00:00,365.25,365.293,365.234,365.245,359.0
2026-05-05 00:00:00,365.246,365.477,365.208,365.454,928.0
2026-05-05 01:00:00,365.452,365.518,364.923,364.923,2455.0
2026-05-05 02:00:00,364.926,365.126,363.834,363.897,1689.0
2026-05-05 03:00:00,363.899,363.899,363.298,363.641,2385.0
2026-05-05 04:00:00,363.655,364.0,363.546,363.762,1967.0
2026-05-05 05:00:00,363.767,364.13,363.368,363.458,3885.0
2026-05-05 06:00:00,363.446,363.568,363.046,363.12,2779.0
2026-05-05 07:00:00,363.132,363.59,362.79,362.91,2592.0
2026-05-05 08:00:00,362.886,363.05,362.232,362.76,4453.0
2026-05-05 09:00:00,362.763,362.809,362.113,362.557,3249.0
2026-05-05 10:00:00,362.548,362.742,361.616,361.616,7373.0
2026-05-05 11:00:00,361.615,361.762,360.92,361.165,5599.0
2026-05-05 12:00:00,361.124,361.752,361.088,361.728,4091.0
2026-05-05 13:00:00,361.73,361.826,361.578,361.676,1022.0
2026-05-05 14:00:00,361.677,361.681,361.566,361.611,684.0
2026-05-05 15:00:00,361.61,361.836,361.514,361.537,1223.0
2026-05-05 16:00:00,361.522,361.759,361.373,361.549,912.0
2026-05-05 17:00:00,361.538,362.02,361.302,361.675,600.0
2026-05-05 18:00:00,361.675,361.725,361.125,361.288,2185.0
2026-05-05 19:00:00,361.29,361.555,361.01,361.282,4789.0
2026-05-05 20:00:00,361.274,361.318,360.81,360.998,645.0
2026-05-05 21:00:00,360.986,361.554,360.8,361.339,1606.0
2026-05-05 22:00:00,361.34,361.51,360.914,361.228,1382.0
2026-05-05 23:00:00,361.223,361.353,361.096,361.205,2340.0
2026-05-06 00:00:00,361.2,361.294,361.084,361.152,1216.0
2026-05-06 01:00:00,361.159,361.25,360.136,360.225,3660.0
2026-05-06 02:00:00,360.22,360.496,359.813,360.055,3039.0
2026-05-06 03:00:00,360.06,360.862,359.47,359.5,6372.0
2026-05-06 04:00:00,359.533,360.297,358.918,359.419,7384.0
2026-05-06 05:00:00,359.42,359.914,359.034,359.152,5835.0
2026-05-06 06:00:00,359.165,359.309,357.866,358.094,7112.0
2026-05-06 07:00:00,358.101,359.053,357.579,359.036,9023.0
2026-05-06 08:00:00,359.038,359.51,358.68,359.326,4853.0
2026-05-06 09:00:00,359.332,359.68,358.722,359.023,8819.0
2026-05-06 10:00:00,359.032,359.466,358.704,358.839,5962.0
2026-05-06 11:00:00,358.844,358.994,358.574,358.878,2417.0
2026-05-06 12:00:00,358.874,358.892,358.106,358.192,2849.0
2026-05-06 13:00:00,358.196,358.231,357.943,358.008,1198.0
2026-05-06 14:00:00,357.982,358.01,357.57,357.972,1942.0
2026-05-06 15:00:00,357.976,358.134,357.924,358.118,2357.0
2026-05-06 16:00:00,358.124,358.357,357.948,358.336,1782.0
2026-05-06 17:00:00,358.412,358.918,358.22,358.439,1464.0
2026-05-06 18:00:00,358.441,358.622,358.142,358.476,4347.0
2026-05-06 19:00:00,358.482,358.695,358.22,358.483,3472.0
2026-05-06 20:00:00,358.518,358.527,358.248,358.394,1641.0
2026-05-06 21:00:00,358.393,358.412,358.091,358.237,1171.0
2026-05-06 22:00:00,358.233,358.335,358.159,358.232,2347.0
2026-05-06 23:00:00,358.236,358.33,358.216,358.282,1588.0
2026-05-07 00:00:00,358.277,358.3,358.098,358.152,1169.0
2026-05-07 01:00:00,358.144,358.328,358.009,358.27,2366.0
2026-05-07 02:00:00,358.272,358.553,357.445,357.538,1951.0
2026-05-07 03:00:00,357.541,357.706,356.922,357.336,4350.0
2026-05-07 04:00:00,357.334,357.608,356.48,356.658,3288.0
2026-05-07 05:00:00,356.656,356.98,355.944,356.282,2822.0
2026-05-07 06:00:00,356.281,356.302,355.577,356.074,3550.0
2026-05-07 07:00:00,356.063,356.186,355.535,355.92,3572.0
2026-05-07 08:00:00,355.932,356.037,355.052,355.296,3594.0
2026-05-07 09:00:00,355.308,355.914,354.784,355.846,5457.0
2026-05-07 10:00:00,355.841,356.246,355.41,355.45,5424.0
2026-05-07 11:00:00,355.454,356.164,355.355,355.943,5014.0
2026-05-07 12:00:00,355.928,356.908,355.885,356.72,4303.0
2026-05-07 13:00:00,356.734,357.104,355.886,356.506,4587.0
2026-05-07 14:00:00,356.508,356.825,356.122,356.458,5224.0
2026-05-07 15:00:00,356.468,357.474,356.186,357.394,5814.0
2026-05-07 16:00:00,357.392,357.435,356.934,357.33,2714.0
2026-05-07 17:00:00,357.239,357.299,356.665,356.829,1691.0
2026-05-07 18:00:00,356.973,357.539,356.047,356.801,5422.0
2026-05-07 19:00:00,356.8,357.055,355.72,356.729,3299.0
2026-05-07 20:00:00,356.664,357.199,356.602,357.122,3331.0
2026-05-07 21:00:00,357.117,357.122,356.936,357.04,1612.0
2026-05-07 22:00:00,357.038,357.355,356.9,357.026,1362.0
2026-05-07 23:00:00,357.026,357.25,356.97,357.0,1135.0
2026-05-08 00:00:00,357.01,357.069,356.762,356.789,300.0
2026-05-08 01:00:00,356.794,356.984,355.833,356.092,3861.0
2026-05-08 02:00:00,356.075,356.449,355.628,356.177,2293.0
2026-05-08 03:00:00,356.176,356.596,355.925,355.998,2474.0
2026-05-08 04:00:00,355.996,356.058,355.154,355.158,3946.0
2026-05-08 05:00:00,355.158,355.58,354.916,355.452,4122.0
2026-05-08 06:00:00,355.455,355.75,355.216,355.638,4208.0
2026-05-08 07:00:00,355.644,356.088,355.513,355.772,5449.0
2026-05-08 08:00:00,355.775,356.372,354.816,355.472,10451.0
2026-05-08 09:00:00,355.482,355.796,354.265,354.358,7879.0
2026-05-08 10:00:00,354.342,355.062,354.255,354.66,6937.0
2026-05-08 11:00:00,354.66,354.974,354.346,354.754,3394.0
2026-05-08 12:00:00,354.74,354.74,354.25,354.508,5444.0
2026-05-08 13:00:00,354.508,354.625,354.34,354.618,2066.0
2026-05-08 14:00:00,354.618,354.75,354.297,354.652,3154.0
2026-05-08 15:00:00,354.65,354.742,354.174,354.197,4188.0
2026-05-08 16:00:00,354.208,354.564,353.944,354.348,2260.0
2026-05-10 17:00:00,354.798,354.93,354.564,354.7,364.0
2026-05-10 18:00:00,354.916,355.225,354.5,354.552,3229.0
2026-05-10 19:00:00,354.55,355.469,354.538,355.322,4044.0
2026-05-10 20:00:00,355.315,355.429,354.922,355.278,2845.0
2026-05-10 21:00:00,355.288,355.633,355.259,355.544,1605.0
2026-05-10 22:00:00,355.543,355.582,355.408,355.553,2589.0
2026-05-10 23:00:00,355.566,355.663,355.523,355.652,1471.0
2026-05-11 00:00:00,355.658,355.762,355.476,355.665,823.0
2026-05-11 01:00:00,355.684,355.752,355.001,355.213,1083.0
2026-05-11 02:00:00,355.266,355.28,354.552,354.692,1771.0
2026-05-11 03:00:00,354.686,355.473,354.366,355.228,2836.0
2026-05-11 04:00:00,355.231,355.61,354.824,355.156,2497.0
2026-05-11 05:00:00,355.158,355.702,355.115,355.472,2907.0
2026-05-11 06:00:00,355.482,355.846,355.12,355.672,3667.0
2026-05-11 07:00:00,355.661,356.108,355.652,355.891,4446.0
2026-05-11 08:00:00,355.881,356.075,355.254,355.458,4342.0
2026-05-11 09:00:00,355.46,355.76,355.178,355.312,3269.0
2026-05-11 10:00:00,355.311,355.7,355.168,355.698,3770.0
2026-05-11 11:00:00,355.7,355.757,355.209,355.48,2875.0
2026-05-11 12:00:00,355.482,356.366,355.482,356.332,2443.0
2026-05-11 13:00:00,356.334,356.488,355.883,356.02,1972.0
2026-05-11 14:00:00,356.015,356.234,355.934,356.153,822.0
2026-05-11 15:00:00,356.152,356.152,356.001,356.012,872.0
2026-05-11 16:00:00,356.008,356.206,355.952,356.057,593.0
2026-05-11 17:00:00,355.84,356.24,355.505,355.866,252.0
2026-05-11 18:00:00,355.798,356.215,355.736,356.04,2718.0
2026-05-11 19:00:00,356.042,356.32,355.505,355.828,2924.0
2026-05-11 20:00:00,355.822,355.928,355.81,355.916,563.0
2026-05-11 21:00:00,355.921,356.36,355.921,356.156,3832.0
2026-05-11 22:00:00,356.16,356.299,356.024,356.187,1764.0
2026-05-11 23:00:00,356.189,356.286,356.174,356.284,1958.0
2026-05-12 00:00:00,356.285,356.402,356.195,356.388,2110.0
2026-05-12 01:00:00,356.398,357.132,356.295,356.902,2749.0
2026-05-12 02:00:00,356.896,357.588,356.628,357.481,3053.0
2026-05-12 03:00:00,357.494,358.078,357.195,357.546,3601.0
2026-05-12 04:00:00,357.546,357.788,356.258,356.668,5711.0
2026-05-12 05:00:00,356.666,357.056,356.404,356.761,2993.0
2026-05-12 06:00:00,356.76,356.846,356.135,356.519,3806.0
2026-05-12 07:00:00,356.52,357.128,356.41,357.068,4322.0
2026-05-12 08:00:00,357.069,357.316,356.526,356.878,4040.0
2026-05-12 09:00:00,356.872,357.56,356.764,357.525,4015.0
2026-05-12 10:00:00,357.526,357.98,357.264,357.842,5425.0
2026-05-12 11:00:00,357.847,358.248,357.622,357.81,4201.0
2026-05-12 12:00:00,357.81,358.296,357.774,358.123,2098.0
2026-05-12 13:00:00,358.119,358.174,357.742,357.775,1778.0
2026-05-12 14:00:00,357.775,358.012,357.703,357.774,2053.0
2026-05-12 15:00:00,357.772,357.838,357.49,357.786,2168.0
2026-05-12 16:00:00,357.75,358.1,357.75,357.894,997.0
2026-05-12 17:00:00,357.952,358.125,357.536,357.846,740.0
2026-05-12 18:00:00,357.834,357.932,357.618,357.672,969.0
2026-05-12 19:00:00,357.674,357.774,357.567,357.668,1230.0
2026-05-12 20:00:00,357.667,357.984,357.658,357.859,3755.0
2026-05-12 21:00:00,357.88,357.944,357.694,357.742,1506.0
2026-05-12 22:00:00,357.74,357.802,357.702,357.802,174.0
2026-05-12 23:00:00,357.8,357.816,357.707,357.732,411.0
2026-05-13 00:00:00,357.726,357.74,357.652,357.666,225.0
2026-05-13 01:00:00,357.652,357.721,356.892,357.545,3291.0
2026-05-13 02:00:00,357.536,358.028,357.156,357.51,3005.0
2026-05-13 03:00:00,357.514,359.938,357.307,359.18,5555.0
2026-05-13 04:00:00,359.186,359.964,358.865,359.234,7952.0
2026-05-13 05:00:00,359.196,359.886,359.008,359.186,5462.0
2026-05-13 06:00:00,359.184,359.719,359.058,359.117,5221.0
2026-05-13 07:00:00,359.114,359.264,358.645,358.815,5077.0
2026-05-13 08:00:00,358.817,359.286,358.462,358.488,6981.0
2026-05-13 09:00:00,358.483,358.755,357.767,358.008,3369.0
2026-05-13 10:00:00,358.012,358.346,357.718,357.907,5158.0
2026-05-13 11:00:00,357.91,358.114,357.568,357.722,2977.0
2026-05-13 12:00:00,357.711,358.014,357.638,358.008,2716.0
2026-05-13 13:00:00,358.028,358.108,357.704,358.04,1218.0
2026-05-13 14:00:00,358.02,358.428,357.936,358.21,2472.0
2026-05-13 15:00:00,358.21,358.43,358.21,358.308,1429.0
2026-05-13 16:00:00,358.32,358.632,358.147,358.178,1549.0
2026-05-13 17:00:00,358.173,358.32,357.834,358.122,396.0
2026-05-13 18:00:00,358.102,358.408,357.971,358.15,1723.0
2026-05-13 19:00:00,358.152,358.309,358.055,358.161,1425.0
2026-05-13 20:00:00,358.161,358.328,358.102,358.218,1386.0
2026-05-13 21:00:00,358.22,358.307,357.772,357.986,1734.0
2026-05-13 22:00:00,357.988,358.427,357.958,358.391,1051.0
2026-05-13 23:00:00,358.39,358.494,358.32,358.476,691.0
2026-05-14 00:00:00,358.484,358.531,358.36,358.432,1476.0
2026-05-14 01:00:00,358.437,358.674,358.347,358.38,2049.0
2026-05-14 02:00:00,358.334,358.514,357.914,358.06,1792.0
2026-05-14 03:00:00,358.066,358.498,357.868,358.127,4771.0
2026-05-14 04:00:00,358.132,358.458,357.639,357.913,4147.0
2026-05-14 05:00:00,357.912,358.603,357.325,357.566,8660.0
2026-05-14 06:00:00,357.568,357.72,356.5,357.467,6699.0
2026-05-14 07:00:00,357.47,357.616,357.424,357.488,2176.0
2026-05-14 08:00:00,357.502,357.628,357.152,357.346,5682.0
2026-05-14 09:00:00,357.344,357.439,356.807,357.307,7890.0
2026-05-14 10:00:00,357.316,357.478,357.18,357.256,9455.0
2026-05-14 11:00:00,357.253,357.537,357.051,357.536,3098.0
2026-05-14 12:00:00,357.518,357.616,357.409,357.505,1798.0
2026-05-14 13:00:00,357.496,357.836,357.419,357.766,1867.0
2026-05-14 14:00:00,357.764,357.904,357.75,357.814,1486.0
2026-05-14 15:00:00,357.81,358.124,357.806,358.09,952.0
2026-05-14 16:00:00,358.098,358.23,358.009,358.018,1305.0
2026-05-14 17:00:00,357.84,357.945,357.48,357.81,208.0
2026-05-14 18:00:00,357.808,358.052,357.695,357.888,5276.0
2026-05-14 19:00:00,357.889,358.03,357.642,357.875,3271.0
2026-05-14 20:00:00,357.942,358.134,357.942,358.1,3447.0
2026-05-14 21:00:00,358.101,359.6,358.096,359.326,4252.0
2026-05-14 22:00:00,359.314,359.552,359.088,359.277,3555.0
2026-05-14 23:00:00,359.278,359.356,359.098,359.261,2347.0
2026-05-15 00:00:00,359.26,359.573,359.254,359.561,1946.0
2026-05-15 01:00:00,359.573,360.384,359.523,360.023,4038.0
2026-05-15 02:00:00,360.05,360.425,359.618,359.942,3129.0
2026-05-15 03:00:00,359.942,360.272,359.009,359.352,5070.0
2026-05-15 04:00:00,359.35,359.986,359.1,359.852,7343.0
2026-05-15 05:00:00,359.853,360.444,359.66,360.144,4725.0
2026-05-15 06:00:00,360.142,360.144,358.38,358.714,8704.0
2026-05-15 07:00:00,358.686,359.61,358.62,359.503,8881.0
2026-05-15 08:00:00,359.504,360.586,359.482,360.339,6519.0
2026-05-15 09:00:00,360.364,360.666,360.024,360.516,7446.0
2026-05-15 10:00:00,360.52,360.856,359.358,360.804,10271.0
2026-05-15 11:00:00,360.8,361.423,360.682,361.036,4317.0
2026-05-15 12:00:00,361.032,361.399,360.981,361.379,2858.0
2026-05-15 13:00:00,361.38,361.758,361.304,361.5,3558.0
2026-05-15 14:00:00,361.5,361.807,361.445,361.646,1699.0
2026-05-15 15:00:00,361.644,361.877,361.606,361.651,2220.0
2026-05-15 16:00:00,361.644,362.16,361.514,361.586,1519.0
2026-05-17 17:00:00,360.828,360.944,360.364,360.818,94.0
2026-05-17 18:00:00,360.8,360.865,360.164,360.426,1879.0
2026-05-17 19:00:00,360.427,361.3,360.209,360.774,3175.0
2026-05-17 20:00:00,360.826,361.933,360.766,361.91,5380.0
2026-05-17 21:00:00,361.912,362.05,361.902,362.012,2248.0
2026-05-17 22:00:00,362.01,362.022,361.885,361.918,1316.0
2026-05-17 23:00:00,361.924,361.996,361.886,361.936,1258.0
2026-05-18 00:00:00,361.934,362.032,361.839,361.881,761.0
2026-05-18 01:00:00,361.876,361.958,361.76,361.854,936.0
2026-05-18 02:00:00,361.858,361.921,361.086,361.345,2275.0
2026-05-18 03:00:00,361.305,362.026,360.825,361.035,6671.0
2026-05-18 04:00:00,361.022,361.064,359.912,360.346,7604.0
2026-05-18 05:00:00,360.336,361.014,360.316,360.99,5379.0
2026-05-18 06:00:00,360.977,362.03,360.891,361.938,7338.0
2026-05-18 07:00:00,361.948,362.335,360.454,361.11,7152.0
2026-05-18 08:00:00,361.082,361.563,359.827,360.155,7439.0
2026-05-18 09:00:00,360.162,360.863,359.604,360.287,9470.0
2026-05-18 10:00:00,360.284,361.147,360.053,360.76,8872.0
2026-05-18 11:00:00,360.768,361.662,360.56,360.727,3865.0
2026-05-18 12:00:00,360.709,360.901,360.508,360.808,4376.0
2026-05-18 13:00:00,360.833,360.85,360.588,360.682,1937.0
2026-05-18 14:00:00,360.682,361.116,360.638,361.05,3012.0
2026-05-18 15:00:00,361.06,361.1,360.08,360.292,7348.0
2026-05-18 16:00:00,360.276,360.521,360.005,360.494,2584.0
2026-05-18 17:00:00,360.7,360.72,360.51,360.563,529.0
2026-05-18 18:00:00,360.582,360.636,360.206,360.268,1463.0
2026-05-18 19:00:00,360.257,360.519,360.216,360.396,1683.0
2026-05-18 20:00:00,360.426,360.465,360.235,360.312,389.0
2026-05-18 21:00:00,360.316,360.462,360.278,360.35,571.0
2026-05-18 22:00:00,360.36,360.652,360.36,360.5,833.0
2026-05-18 23:00:00,360.498,360.656,360.352,360.559,701.0
2026-05-19 00:00:00,360.57,360.716,360.552,360.65,446.0
2026-05-19 01:00:00,360.66,361.25,360.66,361.12,2523.0
2026-05-19 02:00:00,361.117,361.128,359.981,360.276,2671.0
2026-05-19 03:00:00,360.274,360.537,359.718,359.922,4712.0
2026-05-19 04:00:00,359.927,360.696,359.702,360.644,5000.0
2026-05-19 05:00:00,360.641,361.296,360.641,360.965,4991.0
2026-05-19 06:00:00,360.955,361.35,360.656,360.874,4168.0
2026-05-19 07:00:00,360.871,361.342,360.666,360.832,5672.0
2026-05-19 08:00:00,360.876,360.882,360.431,360.606,5213.0
2026-05-19 09:00:00,360.619,361.896,360.561,361.608,11538.0
2026-05-19 10:00:00,361.611,363.159,361.519,363.079,8324.0
2026-05-19 11:00:00,363.082,363.082,362.028,362.166,6100.0
2026-05-19 12:00:00,362.186,362.624,361.84,362.016,3521.0
2026-05-19 13:00:00,362.016,362.057,361.682,361.76,3472.0
2026-05-19 14:00:00,361.765,362.058,361.433,361.458,3194.0
2026-05-19 15:00:00,361.458,361.938,361.398,361.754,4244.0
2026-05-19 16:00:00,361.758,361.982,361.621,361.747,1285.0
2026-05-19 17:00:00,361.415,361.838,361.333,361.716,1566.0
2026-05-19 18:00:00,361.842,362.012,361.575,361.744,1531.0
2026-05-19 19:00:00,361.746,361.868,361.275,361.774,1831.0
2026-05-19 20:00:00,361.774,362.018,361.641,361.822,4415.0
2026-05-19 21:00:00,361.818,361.976,361.747,361.794,659.0
2026-05-19 22:00:00,361.79,361.851,361.574,361.7,801.0
2026-05-19 23:00:00,361.7,361.818,361.598,361.731,430.0
2026-05-20 00:00:00,361.726,361.942,361.586,361.878,2907.0
2026-05-20 01:00:00,361.881,362.299,361.782,362.049,1320.0
2026-05-20 02:00:00,362.07,362.245,361.67,362.044,2630.0
2026-05-20 03:00:00,362.047,362.114,361.328,361.454,4382.0
2026-05-20 04:00:00,361.458,361.89,361.262,361.366,6086.0
2026-05-20 05:00:00,361.366,361.546,361.046,361.446,6524.0
2026-05-20 06:00:00,361.444,361.492,360.576,361.155,6042.0
2026-05-20 07:00:00,361.16,361.804,361.045,361.565,4650.0
2026-05-20 08:00:00,361.57,361.823,361.112,361.753,9573.0
2026-05-20 09:00:00,361.748,362.218,361.558,361.92,9396.0
2026-05-20 10:00:00,361.918,362.15,359.629,359.724,13899.0
2026-05-20 11:00:00,359.714,360.506,358.794,359.636,12566.0
2026-05-20 12:00:00,359.63,359.667,358.855,359.339,5164.0
2026-05-20 13:00:00,359.328,359.92,359.282,359.358,7021.0
2026-05-20 14:00:00,359.358,359.708,359.358,359.64,3510.0
2026-05-20 15:00:00,359.641,359.694,359.326,359.57,2752.0
2026-05-20 16:00:00,359.555,359.871,359.55,359.658,1359.0
2026-05-20 17:00:00,359.28,359.61,359.18,359.375,549.0
2026-05-20 18:00:00,359.373,359.816,359.067,359.606,1975.0
2026-05-20 19:00:00,359.604,359.905,359.424,359.666,2314.0
2026-05-20 20:00:00,359.667,359.982,359.636,359.866,1447.0
2026-05-20 21:00:00,359.87,359.88,359.618,359.833,974.0
2026-05-20 22:00:00,359.834,359.892,359.743,359.847,2923.0
2026-05-20 23:00:00,359.83,359.853,359.758,359.804,589.0
2026-05-21 00:00:00,359.806,359.833,359.626,359.627,641.0
2026-05-21 01:00:00,359.623,359.942,359.31,359.818,3003.0
2026-05-21 02:00:00,359.823,360.258,359.371,360.022,2177.0
2026-05-21 03:00:00,360.011,360.971,359.962,360.184,4034.0
2026-05-21 04:00:00,360.186,360.186,359.003,359.108,5324.0
2026-05-21 05:00:00,359.11,359.289,358.563,358.86,6738.0
2026-05-21 06:00:00,358.862,360.71,358.662,360.302,7205.0
2026-05-21 07:00:00,360.314,360.41,359.55,360.27,7476.0
2026-05-21 08:00:00,360.268,361.22,359.815,360.449,6582.0
2026-05-21 09:00:00,360.452,360.605,359.126,359.405,7704.0
2026-05-21 10:00:00,359.404,360.052,359.098,359.208,8152.0
2026-05-21 11:00:00,359.208,359.952,359.129,359.352,4484.0
2026-05-21 12:00:00,359.364,359.675,359.239,359.534,2868.0
2026-05-21 13:00:00,359.532,359.641,358.036,358.216,4967.0
2026-05-21 14:00:00,358.224,359.398,358.224,359.234,6441.0
2026-05-21 15:00:00,359.232,359.345,358.532,358.581,4566.0
2026-05-21 16:00:00,358.57,359.124,358.508,358.962,2925.0
2026-05-21 17:00:00,359.232,359.303,358.775,359.126,1243.0
2026-05-21 18:00:00,359.104,359.274,358.968,359.096,1211.0
2026-05-21 19:00:00,359.098,359.204,358.973,359.036,1166.0
2026-05-21 20:00:00,359.031,359.066,358.889,358.956,3400.0
2026-05-21 21:00:00,358.963,359.036,358.927,359.03,3549.0
2026-05-21 22:00:00,359.029,359.042,358.95,358.954,2512.0
2026-05-21 23:00:00,358.969,358.99,358.931,358.988,2201.0
2026-05-22 00:00:00,358.986,359.01,358.85,358.96,1308.0
2026-05-22 01:00:00,358.957,359.372,358.84,359.254,2710.0
2026-05-22 02:00:00,359.253,359.476,358.987,359.258,2030.0
2026-05-22 03:00:00,359.256,360.39,359.124,359.282,8039.0
2026-05-22 04:00:00,359.297,359.443,358.726,359.141,4284.0
2026-05-22 05:00:00,359.134,359.617,359.086,359.566,6742.0
2026-05-22 06:00:00,359.554,359.657,359.102,359.336,5393.0
2026-05-22 07:00:00,359.332,359.862,359.06,359.178,3450.0
2026-05-22 08:00:00,359.184,359.208,358.252,358.258,5769.0
2026-05-22 09:00:00,358.259,358.956,357.826,358.71,8893.0
2026-05-22 10:00:00,358.712,359.156,358.354,358.666,7043.0
2026-05-22 11:00:00,358.666,358.75,358.29,358.6,3839.0
2026-05-22 12:00:00,358.586,358.699,358.39,358.414,2663.0
2026-05-22 13:00:00,358.41,358.69,358.155,358.493,3687.0
2026-05-22 14:00:00,358.498,358.731,358.238,358.511,4858.0
2026-05-22 15:00:00,358.512,358.876,358.51,358.742,2984.0
2026-05-22 16:00:00,358.807,359.214,358.676,358.798,2370.0
2026-05-24 17:00:00,358.688,358.914,358.58,358.8,525.0
2026-05-24 18:00:00,358.726,358.846,357.824,358.004,3402.0
2026-05-24 19:00:00,358.005,358.06,357.84,357.856,2220.0
2026-05-24 20:00:00,357.852,357.92,357.768,357.875,3150.0
2026-05-24 21:00:00,357.881,357.888,357.645,357.716,4429.0
2026-05-24 22:00:00,357.714,357.79,357.664,357.726,2258.0
2026-05-24 23:00:00,357.716,357.73,357.203,357.404,1943.0
2026-05-25 00:00:00,357.404,357.511,357.278,357.362,943.0
2026-05-25 01:00:00,357.362,357.428,356.985,357.205,1835.0
2026-05-25 02:00:00,357.166,357.583,357.146,357.384,4506.0
2026-05-25 03:00:00,357.375,357.795,357.262,357.326,6835.0
2026-05-25 04:00:00,357.325,357.508,357.208,357.278,4343.0
2026-05-25 05:00:00,357.277,357.31,356.823,357.064,2913.0
2026-05-25 06:00:00,357.062,357.064,356.275,356.43,3228.0
2026-05-25 07:00:00,356.43,356.703,356.225,356.47,4259.0
2026-05-25 08:00:00,356.466,356.926,356.072,356.923,5418.0
2026-05-25 09:00:00,356.926,357.012,356.27,356.338,5046.0
2026-05-25 10:00:00,356.338,356.464,356.062,356.075,4059.0
2026-05-25 11:00:00,356.084,356.46,355.851,356.425,2433.0
2026-05-25 12:00:00,356.422,356.715,356.357,356.549,1983.0
2026-05-25 13:00:00,356.56,356.706,356.275,356.36,1925.0
2026-05-25 14:00:00,356.359,356.36,356.135,356.216,1405.0
2026-05-25 15:00:00,356.217,356.522,356.193,356.272,700.0
2026-05-25 16:00:00,356.294,356.704,356.26,356.579,405.0
2026-05-25 17:00:00,356.248,356.558,356.004,356.226,1780.0
2026-05-25 18:00:00,356.08,357.104,355.98,356.842,1694.0
2026-05-25 19:00:00,356.84,357.38,356.257,357.042,1727.0
2026-05-25 20:00:00,357.043,357.048,356.515,356.708,4894.0
2026-05-25 21:00:00,356.712,356.846,356.584,356.764,5564.0
2026-05-25 22:00:00,356.763,356.962,356.61,356.912,4171.0
2026-05-25 23:00:00,356.915,356.926,356.596,356.722,2531.0
2026-05-26 00:00:00,356.72,357.02,356.636,356.84,2602.0
2026-05-26 01:00:00,356.845,357.08,356.665,356.79,1203.0
2026-05-26 02:00:00,356.793,357.265,356.362,356.704,1734.0
2026-05-26 03:00:00,356.693,357.211,356.364,356.842,7264.0
2026-05-26 04:00:00,356.847,357.314,356.616,356.831,7246.0
2026-05-26 05:00:00,356.82,356.906,356.323,356.784,5319.0
2026-05-26 06:00:00,356.798,356.826,355.321,355.498,5300.0
2026-05-26 07:00:00,355.5,355.63,355.3,355.555,5344.0
2026-05-26 08:00:00,355.562,355.896,355.192,355.617,10719.0
2026-05-26 09:00:00,355.618,356.39,355.511,356.038,6662.0
2026-05-26 10:00:00,356.043,356.332,355.638,356.027,6391.0
2026-05-26 11:00:00,356.026,356.464,355.946,356.399,3894.0
2026-05-26 12:00:00,356.403,356.432,355.733,355.926,5739.0
2026-05-26 13:00:00,355.902,356.17,355.726,355.941,4318.0
2026-05-26 14:00:00,355.94,356.272,355.87,356.187,1045.0
2026-05-26 15:00:00,356.192,356.284,355.838,356.044,1598.0
2026-05-26 16:00:00,356.03,356.296,355.808,355.936,1797.0
2026-05-26 17:00:00,355.888,356.135,355.758,355.966,1925.0
2026-05-26 18:00:00,355.992,356.165,355.759,356.026,1240.0
2026-05-26 19:00:00,356.024,356.108,355.905,356.002,1187.0
2026-05-26 20:00:00,355.996,356.014,355.629,355.751,2194.0
2026-05-26 21:00:00,355.728,355.737,355.592,355.629,442.0
2026-05-26 22:00:00,355.63,355.677,355.582,355.594,281.0
2026-05-26 23:00:00,355.596,355.723,355.564,355.716,547.0
2026-05-27 00:00:00,355.72,355.739,355.586,355.622,202.0
2026-05-27 01:00:00,355.622,355.715,355.238,355.466,3380.0
2026-05-27 02:00:00,355.44,356.244,355.312,355.351,5283.0
2026-05-27 03:00:00,355.354,355.739,354.856,355.25,10053.0
2026-05-27 04:00:00,355.248,355.402,354.964,355.122,8491.0
2026-05-27 05:00:00,355.121,355.22,354.626,354.734,6487.0
2026-05-27 06:00:00,354.731,355.086,354.616,354.866,5115.0
2026-05-27 07:00:00,354.871,355.088,354.676,354.942,4766.0
2026-05-27 08:00:00,354.94,355.021,353.952,354.534,8876.0
2026-05-27 09:00:00,354.536,355.044,354.344,354.843,7474.0
2026-05-27 10:00:00,354.838,355.648,354.506,354.78,5717.0
2026-05-27 11:00:00,354.78,355.255,354.303,355.25,3050.0
2026-05-27 12:00:00,355.234,355.382,354.668,354.695,3824.0
2026-05-27 13:00:00,354.682,354.935,354.453,354.621,2423.0
2026-05-27 14:00:00,354.625,354.697,354.486,354.567,1070.0
2026-05-27 15:00:00,354.568,354.604,354.408,354.526,1001.0
2026-05-27 16:00:00,354.525,354.562,354.39,354.445,519.0
2026-05-27 17:00:00,354.606,354.85,354.448,354.611,1800.0
2026-05-27 18:00:00,354.623,354.876,354.549,354.704,1319.0
2026-05-27 19:00:00,354.702,354.94,354.615,354.814,2441.0
2026-05-27 20:00:00,354.815,354.94,354.756,354.804,1513.0
2026-05-27 21:00:00,354.806,355.239,354.802,355.208,2334.0
2026-05-27 22:00:00,355.211,355.372,355.057,355.147,1423.0
2026-05-27 23:00:00,355.141,356.184,355.104,355.948,2251.0
2026-05-28 00:00:00,355.956,355.985,355.658,355.753,1179.0
2026-05-28 01:00:00,355.742,356.132,355.118,355.303,2247.0
2026-05-28 02:00:00,355.282,355.874,355.257,355.54,2157.0
2026-05-28 03:00:00,355.533,355.752,354.982,355.385,6707.0
2026-05-28 04:00:00,355.384,355.849,355.296,355.385,4745.0
2026-05-28 05:00:00,355.39,355.651,355.286,355.4,3684.0
2026-05-28 06:00:00,355.4,355.484,354.808,355.299,4676.0
2026-05-28 07:00:00,355.309,355.646,355.173,355.456,4070.0
2026-05-28 08:00:00,355.467,355.535,354.796,355.024,4914.0
2026-05-28 09:00:00,355.016,355.358,354.847,354.962,4594.0
2026-05-28 10:00:00,354.964,355.129,353.948,354.068,7596.0
2026-05-28 11:00:00,354.072,354.368,353.938,354.054,3799.0
2026-05-28 12:00:00,354.072,354.142,353.936,353.988,3022.0
2026-05-28 13:00:00,353.982,354.135,353.971,354.074,1681.0
2026-05-28 14:00:00,354.068,354.361,354.027,354.216,2180.0
2026-05-28 15:00:00,354.216,354.266,354.144,354.225,1034.0
2026-05-28 16:00:00,354.225,354.438,354.178,354.349,2432.0
2026-05-28 17:00:00,354.608,354.8,354.29,354.55,1124.0
2026-05-28 18:00:00,354.455,354.647,354.375,354.572,1102.0
2026-05-28 19:00:00,354.65,354.695,354.498,354.579,1513.0
2026-05-28 20:00:00,354.575,354.575,354.358,354.462,1384.0
2026-05-28 21:00:00,354.453,354.531,354.352,354.449,834.0
2026-05-28 22:00:00,354.453,354.487,354.358,354.446,376.0
2026-05-28 23:00:00,354.439,354.494,354.358,354.468,695.0
2026-05-29 00:00:00,354.372,354.474,354.367,354.38,391.0
2026-05-29 01:00:00,354.38,354.485,354.284,354.399,2497.0
2026-05-29 02:00:00,354.376,354.994,354.205,354.628,2836.0
2026-05-29 03:00:00,354.637,355.126,354.472,354.65,5125.0
2026-05-29 04:00:00,354.65,354.954,354.45,354.542,4684.0
2026-05-29 05:00:00,354.55,354.764,353.444,354.313,5855.0
2026-05-29 06:00:00,354.336,354.484,354.134,354.368,3315.0
2026-05-29 07:00:00,354.37,354.659,354.128,354.339,3577.0
2026-05-29 08:00:00,354.368,354.468,353.608,354.202,6213.0
2026-05-29 09:00:00,354.199,354.609,353.956,354.508,12321.0
2026-05-29 10:00:00,354.508,354.725,353.748,354.15,11508.0
2026-05-29 11:00:00,354.153,354.19,353.558,353.839,4570.0
2026-05-29 12:00:00,353.825,353.859,353.408,353.53,3439.0
2026-05-29 13:00:00,353.535,354.181,353.442,354.131,3818.0
2026-05-29 14:00:00,354.132,354.205,353.653,353.943,2116.0
2026-05-29 15:00:00,353.933,354.017,353.642,353.976,2741.0
2026-05-29 16:00:00,353.944,354.182,353.755,353.88,1291.0
2026-05-31 17:00:00,353.81,354.08,353.81,354.06,172.0
2026-05-31 18:00:00,354.058,354.068,353.728,354.034,4575.0
2026-05-31 19:00:00,354.036,354.05,353.834,353.976,5337.0
2026-05-31 20:00:00,353.974,354.246,353.938,353.988,5374.0
2026-05-31 21:00:00,354.062,354.064,353.79,353.83,2181.0
2026-05-31 22:00:00,353.828,353.883,353.77,353.837,1001.0
2026-05-31 23:00:00,353.838,354.106,353.792,354.055,568.0
2026-06-01 00:00:00,353.97,354.172,353.804,353.926,1028.0
2026-06-01 01:00:00,353.979,354.222,353.76,353.806,2402.0
2026-06-01 02:00:00,353.784,354.193,353.454,354.042,3002.0
2026-06-01 03:00:00,354.071,354.392,353.566,353.878,8659.0
2026-06-01 04:00:00,353.872,354.33,353.728,354.063,10652.0
2026-06-01 05:00:00,354.084,354.722,354.03,354.61,7182.0
2026-06-01 06:00:00,354.612,354.612,354.205,354.309,4934.0
2026-06-01 07:00:00,354.322,354.75,354.302,354.637,3550.0
2026-06-01 08:00:00,354.626,354.952,354.454,354.784,7428.0
2026-06-01 09:00:00,354.783,356.038,354.741,355.867,11131.0
2026-06-01 10:00:00,355.872,356.21,355.407,356.192,12972.0
2026-06-01 11:00:00,356.187,356.431,355.379,355.784,8504.0
2026-06-01 12:00:00,355.77,356.558,355.734,355.93,5290.0
2026-06-01 13:00:00,355.932,356.036,355.136,355.268,4934.0
2026-06-01 14:00:00,355.27,355.395,355.025,355.293,1609.0
2026-06-01 15:00:00,355.292,355.604,355.18,355.506,1859.0
2026-06-01 16:00:00,355.504,355.67,355.432,355.552,1264.0
2026-06-01 17:00:00,356.266,356.266,355.465,355.773,637.0
2026-06-01 18:00:00,355.776,355.942,355.653,355.766,1156.0
2026-06-01 19:00:00,355.772,355.91,354.806,355.11,1407.0
2026-06-01 20:00:00,355.165,355.884,354.791,355.781,3257.0
2026-06-01 21:00:00,355.767,355.94,355.686,355.875,2622.0
2026-06-01 22:00:00,355.875,356.1,355.827,355.854,1007.0
2026-06-01 23:00:00,355.854,355.898,355.75,355.81,637.0
2026-06-02 00:00:00,355.808,355.908,355.644,355.714,1500.0
2026-06-02 01:00:00,355.709,355.72,355.097,355.33,1168.0
2026-06-02 02:00:00,355.349,355.471,354.87,355.085,2525.0
2026-06-02 03:00:00,355.088,355.126,354.629,354.65,4008.0
2026-06-02 04:00:00,354.652,355.132,354.592,354.916,3484.0
2026-06-02 05:00:00,354.926,355.176,354.817,354.913,4075.0
2026-06-02 06:00:00,354.914,355.069,354.713,354.755,6059.0
2026-06-02 07:00:00,354.746,355.058,354.65,354.688,7933.0
2026-06-02 08:00:00,354.682,354.832,354.424,354.654,12254.0
2026-06-02 09:00:00,354.668,355.0,354.367,354.718,11738.0
2026-06-02 10:00:00,354.719,355.135,354.516,354.738,9543.0
2026-06-02 11:00:00,354.74,354.874,354.396,354.78,4005.0
2026-06-02 12:00:00,354.78,355.154,354.635,355.096,1574.0
2026-06-02 13:00:00,355.098,355.235,355.016,355.185,1020.0
2026-06-02 14:00:00,355.185,355.363,355.012,355.116,1473.0
2026-06-02 15:00:00,355.116,355.248,355.05,355.13,1034.0
2026-06-02 16:00:00,355.131,355.252,355.058,355.154,1311.0
2026-06-02 17:00:00,354.992,355.14,354.738,354.924,879.0
2026-06-02 18:00:00,354.9,355.171,354.718,354.884,1940.0
2026-06-02 19:00:00,354.886,355.201,354.805,354.92,2800.0
2026-06-02 20:00:00,354.919,355.155,354.878,354.955,3675.0
2026-06-02 21:00:00,354.956,355.188,354.878,355.054,4485.0
2026-06-02 22:00:00,355.056,355.164,354.942,355.044,2290.0
2026-06-02 23:00:00,355.046,355.136,354.938,355.078,2239.0
2026-06-03 00:00:00,355.08,355.234,354.948,355.118,1842.0
2026-06-03 01:00:00,355.116,355.22,355.001,355.142,1315.0
2026-06-03 02:00:00,355.154,356.394,355.102,355.872,2727.0
2026-06-03 03:00:00,355.878,355.99,355.21,355.594,6656.0
2026-06-03 04:00:00,355.625,355.838,355.475,355.742,2246.0
2026-06-03 05:00:00,355.749,355.881,355.243,355.514,3574.0
2026-06-03 06:00:00,355.503,355.554,354.771,354.99,7168.0
2026-06-03 07:00:00,354.992,355.007,354.308,354.703,6363.0
2026-06-03 08:00:00,354.697,355.628,354.625,355.236,7216.0
2026-06-03 09:00:00,355.233,355.613,354.895,355.468,9597.0
2026-06-03 10:00:00,355.47,355.586,355.058,355.187,10485.0
2026-06-03 11:00:00,355.189,355.82,355.004,355.421,3979.0
2026-06-03 12:00:00,355.425,356.123,355.235,356.1,4622.0
2026-06-03 13:00:00,356.075,356.472,355.987,356.25,3008.0
2026-06-03 14:00:00,356.23,356.418,356.19,356.33,1238.0
2026-06-03 15:00:00,356.312,356.338,356.13,356.15,1091.0
2026-06-03 16:00:00,356.158,356.186,355.705,356.035,1998.0
2026-06-03 17:00:00,356.038,356.203,355.82,356.036,627.0
2026-06-03 18:00:00,356.023,356.226,355.926,356.058,1873.0
2026-06-03 19:00:00,356.058,356.198,355.726,356.143,3028.0
2026-06-03 20:00:00,356.112,356.204,355.956,356.054,3571.0
2026-06-03 21:00:00,356.06,356.192,355.959,356.1,2982.0
2026-06-03 22:00:00,356.096,356.182,356.068,356.099,2740.0
2026-06-03 23:00:00,356.098,356.206,356.042,356.057,1939.0
2026-06-04 00:00:00,356.058,356.091,355.91,355.946,1321.0
2026-06-04 01:00:00,355.944,356.1,355.262,355.283,2918.0
2026-06-04 02:00:00,355.292,355.555,355.02,355.072,2028.0
2026-06-04 03:00:00,355.073,355.8,355.013,355.211,8234.0
2026-06-04 04:00:00,355.21,355.409,354.889,355.165,10198.0
2026-06-04 05:00:00,355.164,355.222,354.23,354.325,9613.0
2026-06-04 06:00:00,354.325,355.001,354.305,354.522,6883.0
2026-06-04 07:00:00,354.522,354.816,354.048,354.31,7324.0
2026-06-04 08:00:00,354.3,354.77,354.152,354.306,13118.0
2026-06-04 09:00:00,354.316,354.334,353.626,353.726,7066.0
2026-06-04 10:00:00,353.722,354.084,353.608,353.71,7000.0
2026-06-04 11:00:00,353.692,353.951,353.593,353.946,4380.0
2026-06-04 12:00:00,353.95,354.194,353.632,354.169,2839.0
2026-06-04 13:00:00,354.174,354.435,354.15,354.214,1674.0
2026-06-04 14:00:00,354.216,354.262,354.034,354.215,1079.0
2026-06-04 15:00:00,354.21,354.3,354.132,354.211,1056.0
2026-06-04 16:00:00,354.204,354.336,354.08,354.178,1662.0
2026-06-04 17:00:00,353.876,354.21,353.79,354.084,3215.0
2026-06-04 18:00:00,354.076,354.132,353.808,353.938,1297.0
2026-06-04 19:00:00,353.937,354.141,353.841,354.034,946.0
2026-06-04 20:00:00,354.05,354.664,354.024,354.515,4131.0
2026-06-04 21:00:00,354.516,354.702,354.082,354.129,5972.0
2026-06-04 22:00:00,354.11,354.194,353.95,354.16,3698.0
2026-06-04 23:00:00,354.141,354.242,354.088,354.235,2560.0
2026-06-05 00:00:00,354.23,354.232,354.022,354.068,3028.0
2026-06-05 01:00:00,354.056,354.105,353.719,353.92,2278.0
2026-06-05 02:00:00,353.92,353.929,353.45,353.84,2024.0
2026-06-05 03:00:00,353.854,353.937,353.717,353.936,2118.0
2026-06-05 04:00:00,353.93,354.185,353.688,354.154,5072.0
2026-06-05 05:00:00,354.165,354.378,353.997,354.367,7892.0
2026-06-05 06:00:00,354.372,354.372,354.016,354.098,6563.0
2026-06-05 07:00:00,354.1,354.376,354.019,354.296,5425.0
2026-06-05 08:00:00,354.301,355.29,352.918,355.237,8432.0
2026-06-05 09:00:00,355.222,355.943,354.816,355.896,12374.0
2026-06-05 10:00:00,355.882,356.194,355.374,355.813,13824.0
2026-06-05 11:00:00,355.81,356.086,355.748,355.866,4363.0
2026-06-05 12:00:00,355.874,356.285,355.55,355.765,6001.0
2026-06-05 13:00:00,355.755,355.855,355.285,355.457,4307.0
2026-06-05 14:00:00,355.466,356.005,355.46,355.76,3251.0
2026-06-05 15:00:00,355.752,355.905,355.416,355.456,4530.0
2026-06-05 16:00:00,355.492,356.022,355.43,355.7,2585.0
2026-06-07 17:00:00,355.754,355.96,355.624,355.924,220.0
2026-06-07 18:00:00,355.675,356.217,355.47,355.622,4402.0
2026-06-07 19:00:00,355.622,355.928,355.453,355.622,2964.0
2026-06-07 20:00:00,355.628,355.846,355.468,355.709,3584.0
2026-06-07 21:00:00,355.714,356.304,355.69,355.739,6066.0
2026-06-07 22:00:00,355.738,355.937,355.65,355.74,6694.0
2026-06-07 23:00:00,355.836,355.988,355.74,355.89,3020.0
2026-06-08 00:00:00,355.892,355.946,355.812,355.903,3106.0
2026-06-08 01:00:00,355.907,356.465,355.772,356.372,3542.0
2026-06-08 02:00:00,356.345,357.376,356.214,357.295,3258.0
2026-06-08 03:00:00,357.298,357.298,355.622,356.202,9315.0
2026-06-08 04:00:00,356.212,356.565,355.694,356.377,5801.0
2026-06-08 05:00:00,356.38,357.426,356.296,356.67,7529.0
2026-06-08 06:00:00,356.672,356.982,356.158,356.554,6119.0
2026-06-08 07:00:00,356.549,356.62,355.313,355.588,13035.0
2026-06-08 08:00:00,355.592,355.828,355.204,355.558,7284.0
2026-06-08 09:00:00,355.559,355.932,355.203,355.808,9406.0
2026-06-08 10:00:00,355.82,356.126,355.656,355.788,8837.0
2026-06-08 11:00:00,355.794,356.155,355.652,355.782,4359.0
2026-06-08 12:00:00,355.796,355.89,355.53,355.654,1675.0
2026-06-08 13:00:00,355.654,355.885,355.632,355.77,1774.0
2026-06-08 14:00:00,355.76,355.764,355.527,355.741,1020.0
2026-06-08 15:00:00,355.746,355.94,355.684,355.906,1831.0
2026-06-08 16:00:00,355.909,356.042,355.778,355.884,1179.0
2026-06-08 17:00:00,355.916,356.105,355.795,355.95,466.0
2026-06-08 18:00:00,355.928,356.16,355.74,355.946,4606.0
2026-06-08 19:00:00,355.948,356.05,355.87,355.949,1545.0
2026-06-08 20:00:00,355.916,356.024,355.772,355.871,4310.0
2026-06-08 21:00:00,355.876,355.89,355.756,355.802,671.0
2026-06-08 22:00:00,355.803,355.918,355.785,355.872,833.0
2026-06-08 23:00:00,355.874,355.964,355.802,355.87,627.0
2026-06-09 00:00:00,355.87,355.895,355.586,355.734,1289.0
2026-06-09 01:00:00,355.72,355.75,354.89,355.18,2301.0
2026-06-09 02:00:00,355.19,355.843,354.659,355.112,3267.0
2026-06-09 03:00:00,355.114,355.68,354.969,355.29,5789.0
2026-06-09 04:00:00,355.282,355.624,355.118,355.138,8144.0
2026-06-09 05:00:00,355.136,355.376,354.812,355.034,6841.0
2026-06-09 06:00:00,355.035,355.464,354.945,355.116,5981.0
2026-06-09 07:00:00,355.122,355.388,355.08,355.386,5475.0
2026-06-09 08:00:00,355.383,355.685,355.224,355.442,5714.0
2026-06-09 09:00:00,355.444,355.444,354.692,355.168,9094.0
2026-06-09 10:00:00,355.168,355.676,355.134,355.63,10411.0
2026-06-09 11:00:00,355.63,356.231,355.425,356.22,6362.0
2026-06-09 12:00:00,356.232,356.824,355.582,356.4,9890.0
2026-06-09 13:00:00,356.4,356.416,355.814,356.01,6305.0
2026-06-09 14:00:00,356.006,356.098,355.581,355.617,3320.0
2026-06-09 15:00:00,355.614,355.837,355.506,355.724,4866.0
2026-06-09 16:00:00,355.724,355.905,355.596,355.704,2368.0
2026-06-09 17:00:00,356.012,356.2,355.775,355.906,1653.0
2026-06-09 18:00:00,355.936,356.094,355.618,355.972,3241.0
2026-06-09 19:00:00,355.974,356.155,355.792,355.973,2350.0
2026-06-09 20:00:00,355.979,356.002,355.804,355.857,5165.0
2026-06-09 21:00:00,355.858,355.884,355.772,355.787,4983.0
2026-06-09 22:00:00,355.786,355.968,355.775,355.898,4966.0
2026-06-09 23:00:00,355.896,355.901,355.8,355.834,2247.0
2026-06-10 00:00:00,355.832,355.954,355.778,355.871,3711.0
2026-06-10 01:00:00,355.87,355.926,355.55,355.664,2810.0
2026-06-10 02:00:00,355.654,355.686,355.175,355.442,3327.0
2026-06-10 03:00:00,355.44,355.579,354.986,355.43,3897.0
2026-06-10 04:00:00,355.432,356.026,355.424,355.808,4865.0
2026-06-10 05:00:00,355.806,355.968,355.562,355.622,4867.0
2026-06-10 06:00:00,355.617,355.818,355.316,355.762,3778.0
2026-06-10 07:00:00,355.75,356.978,355.657,356.636,6094.0
2026-06-10 08:00:00,356.682,356.696,355.6,355.773,7015.0
2026-06-10 09:00:00,355.769,356.015,355.083,355.401,10111.0
2026-06-10 10:00:00,355.403,355.74,355.176,355.61,10710.0
2026-06-10 11:00:00,355.603,356.698,355.394,356.122,7619.0
2026-06-10 12:00:00,356.104,356.44,356.03,356.393,6897.0
2026-06-10 13:00:00,356.398,356.536,356.17,356.224,2844.0
2026-06-10 14:00:00,356.222,356.452,356.044,356.385,1225.0
2026-06-10 15:00:00,356.386,356.65,356.292,356.607,1767.0
2026-06-10 16:00:00,356.608,357.024,356.596,356.788,1881.0
2026-06-10 17:00:00,356.263,356.596,355.998,356.315,1102.0
2026-06-10 18:00:00,356.17,356.969,356.17,356.92,4366.0
2026-06-10 19:00:00,356.914,357.168,356.0,356.156,5328.0
2026-06-10 20:00:00,356.232,356.922,356.232,356.708,7573.0
2026-06-10 21:00:00,356.71,356.748,356.24,356.418,7443.0
2026-06-10 22:00:00,356.412,356.867,356.27,356.625,4670.0
2026-06-10 23:00:00,356.625,356.719,356.488,356.584,3275.0
2026-06-11 00:00:00,356.586,356.673,356.456,356.544,4750.0
2026-06-11 01:00:00,356.52,356.644,356.178,356.428,5935.0
2026-06-11 02:00:00,356.389,356.518,356.133,356.411,1317.0
2026-06-11 03:00:00,356.406,356.406,355.309,355.858,2732.0
2026-06-11 04:00:00,355.863,355.894,355.344,355.629,5346.0
2026-06-11 05:00:00,355.628,355.734,355.486,355.655,2293.0
2026-06-11 06:00:00,355.656,355.956,355.559,355.628,3132.0
2026-06-11 07:00:00,355.63,355.69,355.155,355.285,3756.0
2026-06-11 08:00:00,355.29,356.256,355.066,355.367,6974.0
2026-06-11 09:00:00,355.362,355.742,354.996,355.064,6761.0
2026-06-11 10:00:00,355.065,355.627,355.051,355.488,6272.0
2026-06-11 11:00:00,355.49,355.572,354.879,355.177,4954.0
2026-06-11 12:00:00,355.201,355.283,355.042,355.188,4147.0
2026-06-11 13:00:00,355.195,355.375,353.795,354.288,5799.0
2026-06-11 14:00:00,354.294,354.79,353.325,353.573,8363.0
2026-06-11 15:00:00,353.568,353.788,353.122,353.373,6232.0
2026-06-11 16:00:00,353.374,353.384,353.109,353.29,2802.0
2026-06-11 17:00:00,354.279,354.4,353.903,354.007,943.0
2026-06-11 18:00:00,354.288,354.36,353.422,353.57,5138.0
2026-06-11 19:00:00,353.564,354.502,353.233,354.397,3099.0
2026-06-11 20:00:00,354.328,354.334,353.356,353.439,5290.0
2026-06-11 21:00:00,353.43,353.668,353.414,353.575,3801.0
2026-06-11 22:00:00,353.57,353.68,353.506,353.634,1229.0
2026-06-11 23:00:00,353.608,353.68,353.273,353.427,1996.0
2026-06-12 00:00:00,353.4,353.508,352.866,353.309,2453.0
2026-06-12 01:00:00,353.278,354.18,353.182,353.74,4686.0
2026-06-12 02:00:00,353.72,353.863,353.204,353.4,2232.0
2026-06-12 03:00:00,353.382,354.009,352.998,353.304,8502.0
2026-06-12 04:00:00,353.291,353.434,352.66,352.834,8577.0
2026-06-12 05:00:00,352.824,353.007,352.028,352.652,5883.0
2026-06-12 06:00:00,352.65,352.972,352.45,352.932,4219.0
2026-06-12 07:00:00,352.922,352.926,352.388,352.718,2106.0
2026-06-12 08:00:00,352.708,353.184,352.656,352.944,2770.0
2026-06-12 09:00:00,352.946,353.362,352.538,352.764,6060.0
2026-06-12 10:00:00,352.768,352.803,352.019,352.054,8262.0
2026-06-12 11:00:00,352.054,352.138,351.648,352.116,4778.0
2026-06-12 12:00:00,352.116,352.216,351.374,351.792,5111.0
2026-06-12 13:00:00,351.782,351.976,351.46,351.817,3905.0
2026-06-12 14:00:00,351.817,351.823,351.59,351.788,1655.0
2026-06-12 15:00:00,351.787,351.984,351.681,351.87,2332.0
2026-06-12 16:00:00,351.868,352.012,351.634,351.9,2511.0
2026-06-14 17:00:00,352.432,352.7,352.119,352.45,3243.0
2026-06-14 18:00:00,352.452,352.582,351.347,351.456,4496.0
2026-06-14 19:00:00,351.466,351.522,351.292,351.384,2700.0
2026-06-14 20:00:00,351.368,351.368,351.08,351.326,3410.0
2026-06-14 21:00:00,351.324,351.386,351.24,351.284,1225.0
2026-06-14 22:00:00,351.286,351.316,351.21,351.26,798.0
2026-06-14 23:00:00,351.262,351.298,351.138,351.252,1059.0
2026-06-15 00:00:00,351.247,351.3,351.099,351.138,723.0
2026-06-15 01:00:00,351.134,351.164,350.762,350.98,2478.0
2026-06-15 02:00:00,350.994,351.658,350.963,351.335,2566.0
2026-06-15 03:00:00,351.33,351.349,350.338,350.79,4941.0
2026-06-15 04:00:00,350.795,350.858,350.26,350.664,6100.0
2026-06-15 05:00:00,350.658,351.085,350.473,350.746,7893.0
2026-06-15 06:00:00,350.747,351.017,350.652,350.973,7763.0
2026-06-15 07:00:00,350.963,351.06,350.609,350.757,2790.0
2026-06-15 08:00:00,350.779,350.822,350.154,350.24,6301.0
2026-06-15 09:00:00,350.238,350.334,349.962,350.248,8588.0
2026-06-15 10:00:00,350.246,350.248,349.949,350.005,10733.0
2026-06-15 11:00:00,350.004,350.166,349.945,350.021,3002.0
2026-06-15 12:00:00,350.008,350.41,349.925,350.38,1166.0
2026-06-15 13:00:00,350.41,350.487,350.04,350.133,1211.0
2026-06-15 14:00:00,350.124,350.35,350.026,350.305,1415.0
2026-06-15 15:00:00,350.308,350.744,350.282,350.65,1587.0
2026-06-15 16:00:00,350.648,350.766,350.533,350.624,1266.0
2026-06-15 17:00:00,350.221,350.735,350.066,350.521,298.0
2026-06-15 18:00:00,350.516,350.827,349.92,350.498,2974.0
2026-06-15 19:00:00,350.499,350.672,350.26,350.43,1025.0
2026-06-15 20:00:00,350.49,350.535,350.35,350.422,4112.0
2026-06-15 21:00:00,350.42,350.474,350.262,350.436,4136.0
2026-06-15 22:00:00,350.441,350.502,350.342,350.476,2187.0
2026-06-15 23:00:00,350.482,350.657,350.401,350.476,1027.0
2026-06-16 00:00:00,350.475,350.616,350.417,350.575,1694.0
2026-06-16 01:00:00,350.58,350.834,350.424,350.562,2100.0
2026-06-16 02:00:00,350.596,350.6,350.132,350.132,1926.0
2026-06-16 03:00:00,350.13,350.297,349.88,349.974,6369.0
2026-06-16 04:00:00,349.97,350.078,349.605,349.672,4485.0
2026-06-16 05:00:00,349.678,349.794,349.105,349.318,4867.0
2026-06-16 06:00:00,349.304,349.383,348.55,348.984,8899.0
2026-06-16 07:00:00,348.99,349.544,348.99,349.528,3805.0
2026-06-16 08:00:00,349.524,349.73,349.042,349.053,4537.0
2026-06-16 09:00:00,349.056,349.766,349.026,349.612,9865.0
2026-06-16 10:00:00,349.623,349.768,349.3,349.334,7495.0
2026-06-16 11:00:00,349.328,349.634,349.215,349.248,1885.0
2026-06-16 12:00:00,349.302,349.304,349.058,349.285,905.0
2026-06-16 13:00:00,349.275,349.38,349.198,349.208,716.0
2026-06-16 14:00:00,349.21,349.4,349.17,349.341,897.0
2026-06-16 15:00:00,349.335,349.414,349.256,349.39,842.0
2026-06-16 16:00:00,349.35,349.484,349.248,349.268,831.0
2026-06-16 17:00:00,349.135,349.543,349.135,349.396,569.0
2026-06-16 18:00:00,349.394,349.625,349.201,349.422,2359.0
2026-06-16 19:00:00,349.416,349.544,349.301,349.462,2007.0
2026-06-16 20:00:00,349.46,349.544,349.32,349.45,2270.0
2026-06-16 21:00:00,349.448,349.525,349.39,349.445,1370.0
2026-06-16 22:00:00,349.447,349.519,349.358,349.428,778.0
2026-06-16 23:00:00,349.43,349.556,349.388,349.472,1121.0
2026-06-17 00:00:00,349.474,349.524,349.38,349.468,489.0
2026-06-17 01:00:00,349.474,349.483,349.066,349.284,1953.0
2026-06-17 02:00:00,349.262,349.427,348.964,349.032,1719.0
2026-06-17 03:00:00,349.02,349.42,348.956,349.298,1799.0
2026-06-17 04:00:00,349.297,350.07,349.296,349.634,2875.0
2026-06-17 05:00:00,349.628,349.661,349.388,349.596,2129.0
2026-06-17 06:00:00,349.612,349.626,349.284,349.456,1807.0
2026-06-17 07:00:00,349.466,349.534,349.184,349.488,2845.0
2026-06-17 08:00:00,349.498,349.813,349.487,349.554,3128.0
2026-06-17 09:00:00,349.564,349.688,349.305,349.482,3756.0
2026-06-17 10:00:00,349.487,350.27,349.48,350.081,7171.0
2026-06-17 11:00:00,350.08,350.395,349.774,349.787,2369.0
2026-06-17 12:00:00,349.79,350.226,349.744,350.018,2142.0
2026-06-17 13:00:00,350.016,350.236,349.574,349.896,2578.0
2026-06-17 14:00:00,349.901,351.432,349.626,351.04,19764.0
2026-06-17 15:00:00,351.047,352.525,350.836,351.768,13436.0
2026-06-17 16:00:00,351.773,351.796,350.722,350.856,6015.0
2026-06-17 17:00:00,350.942,351.382,350.6,351.085,1268.0
2026-06-17 18:00:00,350.949,351.681,350.949,351.352,3393.0
2026-06-17 19:00:00,351.35,351.67,351.15,351.446,2403.0
2026-06-17 20:00:00,351.444,351.578,351.034,351.088,7482.0
2026-06-17 21:00:00,351.081,351.086,350.475,350.656,4937.0
2026-06-17 22:00:00,350.657,350.828,350.586,350.786,2878.0
2026-06-17 23:00:00,350.775,350.894,350.47,350.548,2563.0
2026-06-18 00:00:00,350.546,350.554,350.088,350.307,4293.0
2026-06-18 01:00:00,350.304,350.51,350.171,350.505,2586.0
2026-06-18 02:00:00,350.495,350.627,349.91,350.61,2491.0
2026-06-18 03:00:00,350.611,351.092,350.545,351.02,5460.0
2026-06-18 04:00:00,351.015,351.997,350.993,351.985,7538.0
2026-06-18 05:00:00,351.978,352.214,351.497,351.839,4786.0
2026-06-18 06:00:00,351.832,352.993,351.79,352.917,8188.0
2026-06-18 07:00:00,352.922,353.069,352.65,352.976,5708.0
2026-06-18 08:00:00,352.987,353.036,352.316,352.636,7825.0
2026-06-18 09:00:00,352.632,353.014,351.666,351.808,7528.0
2026-06-18 10:00:00,351.802,352.213,351.796,352.192,8722.0
2026-06-18 11:00:00,352.194,352.782,352.152,352.687,3083.0
2026-06-18 12:00:00,352.665,353.06,352.623,352.768,2804.0
2026-06-18 13:00:00,352.766,352.79,352.454,352.743,1417.0
2026-06-18 14:00:00,352.73,353.13,352.697,352.85,1467.0
2026-06-18 15:00:00,352.86,352.928,352.433,352.448,1839.0
2026-06-18 16:00:00,352.404,352.602,352.288,352.542,1859.0
2026-06-18 17:00:00,352.494,352.655,352.275,352.576,414.0
2026-06-18 18:00:00,352.617,352.772,352.298,352.547,6785.0
2026-06-18 19:00:00,352.548,352.644,352.446,352.572,1173.0
2026-06-18 20:00:00,352.577,352.582,352.374,352.495,2318.0
2026-06-18 21:00:00,352.491,352.671,352.47,352.663,1770.0
2026-06-18 22:00:00,352.664,352.705,352.555,352.647,796.0
2026-06-18 23:00:00,352.65,353.024,352.638,353.008,2514.0
2026-06-19 00:00:00,353.009,353.67,353.009,353.544,3144.0
2026-06-19 01:00:00,353.548,353.73,353.286,353.342,6224.0
2026-06-19 02:00:00,353.348,353.394,352.894,353.346,2666.0
2026-06-19 03:00:00,353.356,353.693,353.162,353.338,3301.0
2026-06-19 04:00:00,353.336,353.365,352.631,352.892,7380.0
2026-06-19 05:00:00,352.88,353.035,352.663,352.786,6329.0
2026-06-19 06:00:00,352.78,352.962,352.562,352.895,7005.0
2026-06-19 07:00:00,352.907,352.952,352.658,352.812,8304.0
2026-06-19 08:00:00,352.804,352.815,351.808,351.848,13017.0
2026-06-19 09:00:00,351.846,352.036,351.674,351.95,11243.0
2026-06-19 10:00:00,351.945,351.962,351.652,351.676,10160.0
2026-06-19 11:00:00,351.678,352.048,351.656,351.907,1918.0
2026-06-19 12:00:00,351.9,352.082,351.832,351.886,978.0
2026-06-19 13:00:00,351.894,351.906,351.65,351.85,725.0
2026-06-19 14:00:00,351.844,351.914,351.766,351.876,281.0
2026-06-19 15:00:00,351.868,351.998,351.808,351.982,2396.0
2026-06-19 16:00:00,351.982,352.124,351.795,351.96,645.0
2026-06-21 17:00:00,352.497,352.497,352.375,352.4,3137.0
2026-06-21 18:00:00,352.375,352.475,352.162,352.372,2544.0
2026-06-21 19:00:00,352.362,352.605,352.105,352.37,3082.0
2026-06-21 20:00:00,352.372,352.426,351.915,352.012,4961.0
2026-06-21 21:00:00,352.01,352.05,351.645,351.731,5851.0
2026-06-21 22:00:00,351.732,351.875,351.66,351.868,3183.0
2026-06-21 23:00:00,351.868,352.004,351.78,351.965,2831.0
2026-06-22 00:00:00,351.966,352.293,351.96,351.994,2271.0
2026-06-22 01:00:00,351.994,352.001,351.832,351.944,1271.0
2026-06-22 02:00:00,351.92,352.063,351.281,351.291,1843.0
2026-06-22 03:00:00,351.29,352.096,351.112,351.825,5721.0
2026-06-22 04:00:00,351.825,352.254,351.766,351.964,8838.0
2026-06-22 05:00:00,351.962,352.364,351.584,352.314,8333.0
2026-06-22 06:00:00,352.316,352.443,352.182,352.368,9510.0
2026-06-22 07:00:00,352.359,352.486,352.022,352.371,14655.0
2026-06-22 08:00:00,352.378,352.491,352.261,352.357,7552.0
2026-06-22 09:00:00,352.344,352.588,352.026,352.55,6290.0
2026-06-22 10:00:00,352.556,352.798,352.429,352.626,11839.0
2026-06-22 11:00:00,352.63,352.638,352.117,352.19,3308.0
2026-06-22 12:00:00,352.226,352.684,352.065,352.52,2760.0
2026-06-22 13:00:00,352.53,352.625,352.307,352.365,1056.0
2026-06-22 14:00:00,352.36,352.399,352.221,352.338,830.0
2026-06-22 15:00:00,352.335,352.466,352.116,352.212,1098.0
2026-06-22 16:00:00,352.214,352.274,352.13,352.158,1019.0
2026-06-22 17:00:00,352.606,352.81,352.41,352.66,632.0
2026-06-22 18:00:00,352.635,352.744,352.082,352.208,4849.0
2026-06-22 19:00:00,352.207,352.466,352.2,352.369,3137.0
2026-06-22 20:00:00,352.36,352.36,351.992,352.201,3622.0
2026-06-22 21:00:00,352.194,352.278,352.13,352.2,891.0
2026-06-22 22:00:00,352.2,352.577,352.128,352.496,1106.0
2026-06-22 23:00:00,352.516,352.613,352.464,352.476,1922.0
2026-06-23 00:00:00,352.478,352.738,352.43,352.698,1407.0
2026-06-23 01:00:00,352.689,353.278,352.689,352.84,2969.0
2026-06-23 02:00:00,352.845,354.37,352.652,353.645,3347.0
2026-06-23 03:00:00,353.642,354.218,353.342,354.142,6197.0
2026-06-23 04:00:00,354.12,354.442,353.76,354.268,5440.0
2026-06-23 05:00:00,354.274,354.298,353.638,353.782,5945.0
2026-06-23 06:00:00,353.78,354.57,353.573,354.465,7391.0
2026-06-23 07:00:00,354.46,355.263,354.243,355.262,5424.0
2026-06-23 08:00:00,355.267,355.274,354.458,354.521,6069.0
2026-06-23 09:00:00,354.522,357.094,354.504,355.607,9023.0
2026-06-23 10:00:00,355.612,355.804,354.9,355.471,6913.0
2026-06-23 11:00:00,355.464,355.682,355.406,355.597,2870.0
2026-06-23 12:00:00,355.608,355.646,355.244,355.306,2207.0
2026-06-23 13:00:00,355.31,355.789,355.292,355.661,1479.0
2026-06-23 14:00:00,355.676,356.07,355.64,355.738,1474.0
2026-06-23 15:00:00,355.736,355.786,355.344,355.656,1682.0
2026-06-23 16:00:00,355.625,355.738,355.472,355.596,1227.0
2026-06-23 17:00:00,355.652,355.851,355.634,355.823,633.0
2026-06-23 18:00:00,355.872,355.89,355.325,355.364,1433.0
2026-06-23 19:00:00,355.363,355.412,355.15,355.31,609.0
2026-06-23 20:00:00,355.347,355.484,355.23,355.325,6306.0
2026-06-23 21:00:00,355.331,355.644,355.325,355.488,5254.0
2026-06-23 22:00:00,355.494,355.922,355.414,355.811,3946.0
2026-06-23 23:00:00,355.814,355.814,355.608,355.652,3355.0
2026-06-24 00:00:00,355.654,355.854,355.624,355.779,3549.0
2026-06-24 01:00:00,355.772,355.97,355.696,355.795,1589.0
2026-06-24 02:00:00,355.814,356.019,355.56,355.978,1632.0
2026-06-24 03:00:00,355.979,356.165,355.76,356.114,3280.0
2026-06-24 04:00:00,356.114,356.432,355.316,355.354,3193.0
2026-06-24 05:00:00,355.364,355.564,355.262,355.504,5527.0
2026-06-24 06:00:00,355.502,356.392,355.475,356.379,5122.0
2026-06-24 07:00:00,356.376,356.998,356.064,356.235,9142.0
2026-06-24 08:00:00,356.234,356.834,356.049,356.716,6063.0
2026-06-24 09:00:00,356.694,356.75,355.972,355.982,7327.0
2026-06-24 10:00:00,355.982,356.494,355.694,356.472,5889.0
2026-06-24 11:00:00,356.477,356.507,356.105,356.258,3571.0
2026-06-24 12:00:00,356.292,356.33,355.661,355.971,3106.0
2026-06-24 13:00:00,355.981,356.18,355.869,356.05,2793.0
2026-06-24 14:00:00,356.051,356.157,355.864,356.121,2077.0
2026-06-24 15:00:00,356.116,356.15,355.928,356.084,2256.0
2026-06-24 16:00:00,356.096,356.213,355.428,355.535,2644.0
2026-06-24 17:00:00,355.525,355.982,355.205,355.396,1342.0
2026-06-24 18:00:00,355.397,356.174,354.946,355.848,2031.0
2026-06-24 19:00:00,355.694,356.357,355.453,355.868,1844.0
2026-06-24 20:00:00,355.876,356.128,355.66,355.902,4481.0
2026-06-24 21:00:00,355.901,355.901,355.346,355.704,3434.0
2026-06-24 22:00:00,355.696,355.902,355.638,355.845,3591.0
2026-06-24 23:00:00,355.848,355.876,355.31,355.375,2601.0
2026-06-25 00:00:00,355.375,355.502,355.294,355.412,2964.0
2026-06-25 01:00:00,355.392,355.546,354.978,355.328,4281.0
2026-06-25 02:00:00,355.327,355.598,355.133,355.586,1833.0
2026-06-25 03:00:00,355.587,355.655,354.47,354.502,4453.0
2026-06-25 04:00:00,354.498,354.932,354.226,354.512,4020.0
2026-06-25 05:00:00,354.502,354.674,354.355,354.674,5084.0
2026-06-25 06:00:00,354.67,355.236,354.553,355.187,5915.0
2026-06-25 07:00:00,355.184,355.601,355.156,355.534,4999.0
2026-06-25 08:00:00,355.525,355.655,354.641,354.772,6948.0
2026-06-25 09:00:00,354.783,355.165,354.525,355.114,8800.0
2026-06-25 10:00:00,355.107,355.202,354.051,354.36,11211.0
2026-06-25 11:00:00,354.365,354.742,354.224,354.296,3544.0
2026-06-25 12:00:00,354.284,354.47,354.101,354.37,2071.0
2026-06-25 13:00:00,354.368,354.368,354.152,354.235,1929.0
2026-06-25 14:00:00,354.23,354.255,354.125,354.212,1820.0
2026-06-25 15:00:00,354.212,354.508,354.178,354.464,2029.0
2026-06-25 16:00:00,354.47,354.633,354.174,354.593,3398.0
2026-06-25 17:00:00,354.399,354.468,354.04,354.224,3481.0
2026-06-25 18:00:00,354.19,354.588,354.024,354.302,2874.0
2026-06-25 19:00:00,354.308,354.536,354.145,354.385,3478.0
2026-06-25 20:00:00,354.387,354.512,353.99,354.17,5339.0
2026-06-25 21:00:00,354.175,354.51,353.982,354.422,4246.0
2026-06-25 22:00:00,354.424,354.931,354.374,354.786,4860.0
2026-06-25 23:00:00,354.805,355.006,354.62,354.623,5438.0
2026-06-26 00:00:00,354.624,355.604,354.47,355.51,5347.0
2026-06-26 01:00:00,355.497,355.594,354.475,354.741,3915.0
2026-06-26 02:00:00,354.74,355.026,354.28,354.294,1605.0
2026-06-26 03:00:00,354.29,354.428,353.966,354.118,6027.0
2026-06-26 04:00:00,354.122,354.249,353.7,354.03,5579.0
2026-06-26 05:00:00,354.034,354.098,352.969,353.675,3670.0
2026-06-26 06:00:00,353.685,355.032,353.336,354.06,7008.0
2026-06-26 07:00:00,354.05,354.398,353.896,354.29,6888.0
2026-06-26 08:00:00,354.297,354.416,353.795,354.009,15578.0
2026-06-26 09:00:00,354.01,354.39,353.864,353.988,13718.0
2026-06-26 10:00:00,353.932,354.001,353.482,353.796,7107.0
2026-06-26 11:00:00,353.79,354.066,353.463,353.755,2878.0
2026-06-26 12:00:00,353.762,353.98,353.662,353.84,3331.0
2026-06-26 13:00:00,353.844,353.926,353.605,353.85,2065.0
2026-06-26 14:00:00,353.85,353.902,353.769,353.893,1057.0
2026-06-26 15:00:00,353.89,354.038,353.719,353.948,2397.0
2026-06-26 16:00:00,353.96,354.0,353.602,353.825,3109.0
2026-06-28 17:00:00,353.701,354.032,353.454,353.643,3191.0
2026-06-28 18:00:00,353.8,354.267,353.22,353.8,1652.0
2026-06-28 19:00:00,353.801,353.91,353.1,353.826,1779.0
2026-06-28 20:00:00,353.828,354.586,353.712,354.304,7022.0
2026-06-28 21:00:00,354.326,354.416,353.56,353.838,4834.0
2026-06-28 22:00:00,353.85,353.949,353.637,353.791,4998.0
2026-06-28 23:00:00,353.828,353.88,353.55,353.675,3252.0
2026-06-29 00:00:00,353.675,353.742,353.564,353.618,3548.0
2026-06-29 01:00:00,353.615,353.644,353.27,353.505,4574.0
2026-06-29 02:00:00,353.515,353.778,353.181,353.332,1536.0
2026-06-29 03:00:00,353.336,353.892,353.306,353.854,5646.0
2026-06-29 04:00:00,353.852,354.604,353.786,354.332,5004.0
2026-06-29 05:00:00,354.33,354.652,354.187,354.472,6389.0
2026-06-29 06:00:00,354.474,354.731,354.474,354.605,2565.0
2026-06-29 07:00:00,354.606,354.608,354.154,354.288,4106.0
2026-06-29 08:00:00,354.292,355.184,354.292,355.03,3742.0
2026-06-29 09:00:00,355.031,355.129,354.664,355.01,4856.0
2026-06-29 10:00:00,355.01,355.106,354.576,354.924,7089.0
2026-06-29 11:00:00,354.922,355.004,354.426,354.528,3443.0
2026-06-29 12:00:00,354.574,354.575,354.214,354.36,2191.0
2026-06-29 13:00:00,354.34,354.48,354.108,354.19,972.0
2026-06-29 14:00:00,354.185,354.406,353.86,354.286,1787.0
2026-06-29 15:00:00,354.282,354.464,354.198,354.228,1437.0
2026-06-29 16:00:00,354.256,354.322,353.899,353.964,2357.0
2026-06-29 17:00:00,353.894,354.211,353.846,353.9,857.0
2026-06-29 18:00:00,353.822,354.536,353.476,354.184,2681.0
2026-06-29 19:00:00,354.27,354.532,352.187,353.824,1101.0
2026-06-29 20:00:00,353.916,354.48,353.836,354.374,4947.0
2026-06-29 21:00:00,354.369,354.522,354.257,354.41,4285.0
2026-06-29 22:00:00,354.396,354.604,354.32,354.545,2383.0
2026-06-29 23:00:00,354.543,354.576,354.382,354.446,2807.0
2026-06-30 00:00:00,354.448,354.504,354.293,354.419,1555.0
2026-06-30 01:00:00,354.424,355.108,354.4,354.981,2810.0
2026-06-30 02:00:00,354.986,355.073,354.458,354.458,1461.0
2026-06-30 03:00:00,354.45,355.832,354.346,355.579,2870.0
2026-06-30 04:00:00,355.586,355.614,354.613,355.08,2925.0
2026-06-30 05:00:00,355.078,355.942,354.832,355.885,2244.0
2026-06-30 06:00:00,355.88,356.498,355.88,356.486,3468.0
2026-06-30 07:00:00,356.486,356.64,355.904,356.255,3692.0
2026-06-30 08:00:00,356.256,356.465,356.112,356.22,2495.0
2026-06-30 09:00:00,356.21,356.272,355.612,355.912,2834.0
2026-06-30 10:00:00,355.851,356.228,355.678,355.95,6618.0
2026-06-30 11:00:00,355.951,356.052,355.68,355.987,4614.0
2026-06-30 12:00:00,355.989,356.161,355.911,356.095,1895.0
2026-06-30 13:00:00,356.085,356.112,355.858,355.9,640.0
2026-06-30 14:00:00,355.898,355.902,355.716,355.896,1191.0
2026-06-30 15:00:00,355.9,355.9,355.64,355.75,1429.0
2026-06-30 16:00:00,355.75,355.876,355.454,355.589,1011.0
2026-06-30 17:00:00,355.554,355.624,355.506,355.566,410.0
2026-06-30 18:00:00,355.564,355.762,355.545,355.646,979.0
2026-06-30 19:00:00,355.648,355.76,355.548,355.665,2087.0
2026-06-30 20:00:00,355.685,356.094,355.582,355.994,3696.0
2026-06-30 21:00:00,356.002,356.276,355.951,356.21,4710.0
2026-06-30 22:00:00,356.206,356.318,356.114,356.272,3015.0
2026-06-30 23:00:00,356.251,356.315,356.114,356.255,1836.0
2026-07-01 00:00:00,356.245,356.432,356.163,356.269,1708.0
2026-07-01 01:00:00,356.274,356.366,355.99,356.073,3030.0
2026-07-01 02:00:00,356.01,356.7,355.952,356.376,2078.0
2026-07-01 03:00:00,356.376,357.161,356.308,356.42,3903.0
2026-07-01 04:00:00,356.422,356.512,355.829,356.258,3948.0
2026-07-01 05:00:00,356.262,356.262,355.896,356.132,4810.0
2026-07-01 06:00:00,356.143,356.276,355.649,355.832,3902.0
2026-07-01 07:00:00,355.842,355.886,355.604,355.807,4035.0
2026-07-01 08:00:00,355.803,356.188,355.684,355.788,3404.0
2026-07-01 09:00:00,355.797,356.098,354.684,354.945,7533.0
2026-07-01 10:00:00,354.956,355.108,354.686,354.786,6017.0
2026-07-01 11:00:00,354.782,355.047,354.678,354.964,3852.0
2026-07-01 12:00:00,354.968,355.545,354.924,355.49,1490.0
2026-07-01 13:00:00,355.484,355.745,355.438,355.472,1915.0
2026-07-01 14:00:00,355.472,355.735,355.472,355.646,932.0
2026-07-01 15:00:00,355.65,355.785,355.578,355.716,776.0
2026-07-01 16:00:00,355.717,355.884,355.706,355.708,448.0
2026-07-01 17:00:00,355.54,355.748,355.436,355.561,556.0
2026-07-01 18:00:00,355.488,355.98,355.482,355.772,724.0
2026-07-01 19:00:00,355.771,355.799,355.115,355.36,2477.0
2026-07-01 20:00:00,355.366,356.152,355.366,356.01,5336.0
2026-07-01 21:00:00,356.01,356.098,355.576,355.68,5628.0
2026-07-01 22:00:00,355.68,355.792,355.547,355.724,3622.0
2026-07-01 23:00:00,355.729,355.82,355.57,355.62,4221.0
2026-07-02 00:00:00,355.638,355.79,355.588,355.675,4083.0
2026-07-02 01:00:00,355.675,355.885,355.235,355.398,3827.0
2026-07-02 02:00:00,355.381,355.776,355.178,355.758,5435.0
2026-07-02 03:00:00,355.758,355.906,355.516,355.648,4294.0
2026-07-02 04:00:00,355.648,355.683,355.159,355.24,2378.0
2026-07-02 05:00:00,355.238,355.805,355.098,355.805,2412.0
2026-07-02 06:00:00,355.808,355.911,355.534,355.67,3470.0
2026-07-02 07:00:00,355.656,356.019,355.656,356.004,2417.0
2026-07-02 08:00:00,356.002,356.506,353.911,354.5,7344.0
2026-07-02 09:00:00,354.51,354.65,353.659,353.816,6750.0
2026-07-02 10:00:00,353.812,354.103,353.44,353.814,6366.0
2026-07-02 11:00:00,353.812,354.19,353.706,353.902,3175.0
2026-07-02 12:00:00,353.925,354.575,353.905,354.4,3169.0
2026-07-02 13:00:00,354.402,354.43,354.226,354.285,1577.0
2026-07-02 14:00:00,354.28,354.34,354.091,354.295,1753.0
2026-07-02 15:00:00,354.285,354.619,354.262,354.515,1902.0
2026-07-02 16:00:00,354.526,354.656,354.163,354.332,3719.0
2026-07-02 17:00:00,354.263,354.525,354.2,354.45,627.0
2026-07-02 18:00:00,354.4,354.53,353.91,353.92,1047.0
2026-07-02 19:00:00,353.945,354.382,353.83,353.831,1412.0
2026-07-02 20:00:00,353.841,354.506,353.841,354.365,7104.0
2026-07-02 21:00:00,354.364,354.407,354.024,354.108,6034.0
2026-07-02 22:00:00,354.107,354.142,353.926,353.956,4115.0
2026-07-02 23:00:00,353.942,354.102,353.929,354.02,2632.0
2026-07-03 00:00:00,354.02,354.09,353.933,354.002,1910.0
2026-07-03 01:00:00,353.998,354.082,353.921,354.05,1508.0
2026-07-03 02:00:00,354.04,354.052,353.575,353.747,1704.0
2026-07-03 03:00:00,353.754,353.854,353.384,353.43,2335.0
2026-07-03 04:00:00,353.427,353.712,353.318,353.619,1350.0
2026-07-03 05:00:00,353.624,353.703,353.075,353.246,1862.0
2026-07-03 06:00:00,353.24,353.24,352.759,352.944,1246.0
2026-07-03 07:00:00,352.949,353.278,352.937,353.14,1486.0
2026-07-03 08:00:00,353.136,353.539,353.068,353.191,1878.0
2026-07-03 09:00:00,353.186,353.314,353.035,353.133,1098.0
2026-07-03 10:00:00,353.126,353.392,352.942,353.324,1909.0
