Timestamp,Open,High,Low,Close,Volume
2026-03-11 10:00:00,183.702,183.894,183.688,183.796,23400.0
2026-03-11 11:00:00,183.792,183.825,183.704,183.71,14257.0
2026-03-11 12:00:00,183.712,183.813,183.678,183.79,12936.0
2026-03-11 13:00:00,183.789,183.943,183.768,183.81,11184.0
2026-03-11 14:00:00,183.808,183.926,183.794,183.906,11647.0
2026-03-11 15:00:00,183.906,183.975,183.878,183.955,10417.0
2026-03-11 16:00:00,183.956,183.96,183.839,183.87,3551.0
2026-03-11 17:00:00,183.824,183.909,183.786,183.892,1020.0
2026-03-11 18:00:00,183.908,183.93,183.634,183.638,5304.0
2026-03-11 19:00:00,183.639,183.748,183.59,183.634,5178.0
2026-03-11 20:00:00,183.63,183.733,183.545,183.558,11402.0
2026-03-11 21:00:00,183.558,183.588,183.475,183.498,11353.0
2026-03-11 22:00:00,183.5,183.56,183.445,183.536,9657.0
2026-03-11 23:00:00,183.536,183.539,183.434,183.492,10227.0
2026-03-12 00:00:00,183.492,183.56,183.482,183.522,9361.0
2026-03-12 01:00:00,183.522,183.624,183.476,183.614,10878.0
2026-03-12 02:00:00,183.612,183.687,183.485,183.5,9735.0
2026-03-12 03:00:00,183.502,183.615,183.37,183.434,12039.0
2026-03-12 04:00:00,183.436,183.526,183.342,183.472,12208.0
2026-03-12 05:00:00,183.471,183.593,183.447,183.516,8979.0
2026-03-12 06:00:00,183.516,183.554,183.374,183.445,9236.0
2026-03-12 07:00:00,183.444,183.47,183.338,183.392,9601.0
2026-03-12 08:00:00,183.395,183.439,183.24,183.351,11100.0
2026-03-12 09:00:00,183.354,183.464,183.224,183.267,18330.0
2026-03-12 10:00:00,183.27,183.447,183.236,183.39,16765.0
2026-03-12 11:00:00,183.391,183.48,183.326,183.444,16210.0
2026-03-12 12:00:00,183.441,183.531,183.399,183.443,17912.0
2026-03-12 13:00:00,183.442,183.618,183.44,183.565,13317.0
2026-03-12 14:00:00,183.564,183.616,183.487,183.51,9056.0
2026-03-12 15:00:00,183.51,183.602,183.488,183.519,8161.0
2026-03-12 16:00:00,183.522,183.547,183.414,183.433,4656.0
2026-03-12 17:00:00,183.444,183.498,183.32,183.458,1003.0
2026-03-12 18:00:00,183.462,183.578,183.444,183.471,8755.0
2026-03-12 19:00:00,183.472,183.534,183.412,183.466,6797.0
2026-03-12 20:00:00,183.457,183.464,183.286,183.332,10892.0
2026-03-12 21:00:00,183.336,183.435,183.326,183.427,12522.0
2026-03-12 22:00:00,183.428,183.516,183.38,183.398,11498.0
2026-03-12 23:00:00,183.394,183.459,183.358,183.406,8643.0
2026-03-13 00:00:00,183.408,183.652,183.368,183.486,10159.0
2026-03-13 01:00:00,183.49,183.49,183.298,183.358,8699.0
2026-03-13 02:00:00,183.361,183.366,183.06,183.074,10761.0
2026-03-13 03:00:00,183.076,183.084,182.604,182.684,13852.0
2026-03-13 04:00:00,182.682,182.682,182.305,182.36,14761.0
2026-03-13 05:00:00,182.362,182.698,182.336,182.658,9532.0
2026-03-13 06:00:00,182.656,182.796,182.62,182.652,9601.0
2026-03-13 07:00:00,182.646,182.842,182.618,182.684,11470.0
2026-03-13 08:00:00,182.678,182.921,182.66,182.882,15106.0
2026-03-13 09:00:00,182.884,182.926,182.62,182.638,15442.0
2026-03-13 10:00:00,182.638,182.77,182.57,182.598,15205.0
2026-03-13 11:00:00,182.598,182.68,182.48,182.568,13930.0
2026-03-13 12:00:00,182.566,182.654,182.529,182.637,13931.0
2026-03-13 13:00:00,182.636,182.693,182.565,182.59,9198.0
2026-03-13 14:00:00,182.592,182.654,182.532,182.561,8633.0
2026-03-13 15:00:00,182.558,182.558,182.37,182.392,7191.0
2026-03-13 16:00:00,182.392,182.394,182.261,182.358,4989.0
2026-03-15 17:00:00,182.317,182.417,182.272,182.408,997.0
2026-03-15 18:00:00,182.365,182.502,182.316,182.342,6245.0
2026-03-15 19:00:00,182.346,182.48,182.294,182.468,6219.0
2026-03-15 20:00:00,182.466,182.558,182.384,182.479,10451.0
2026-03-15 21:00:00,182.478,182.559,182.41,182.527,10694.0
2026-03-15 22:00:00,182.528,182.728,182.512,182.7,7119.0
2026-03-15 23:00:00,182.7,182.732,182.618,182.64,5431.0
2026-03-16 00:00:00,182.638,182.707,182.562,182.565,5484.0
2026-03-16 01:00:00,182.565,182.59,182.204,182.204,6372.0
2026-03-16 02:00:00,182.206,182.219,182.025,182.1,8146.0
2026-03-16 03:00:00,182.099,182.104,181.874,182.002,12742.0
2026-03-16 04:00:00,182.0,182.38,181.988,182.377,13313.0
2026-03-16 05:00:00,182.378,182.439,182.34,182.424,9970.0
2026-03-16 06:00:00,182.421,182.781,182.399,182.716,10507.0
2026-03-16 07:00:00,182.712,182.778,182.64,182.672,10954.0
2026-03-16 08:00:00,182.668,182.685,182.494,182.59,12769.0
2026-03-16 09:00:00,182.588,182.814,182.572,182.782,13724.0
2026-03-16 10:00:00,182.78,182.85,182.668,182.84,14793.0
2026-03-16 11:00:00,182.84,183.02,182.838,182.979,10618.0
2026-03-16 12:00:00,182.98,183.077,182.863,183.052,13043.0
2026-03-16 13:00:00,183.056,183.138,183.02,183.04,10702.0
2026-03-16 14:00:00,183.04,183.178,183.036,183.108,8837.0
2026-03-16 15:00:00,183.108,183.181,183.108,183.154,10732.0
2026-03-16 16:00:00,183.15,183.182,182.989,182.992,4189.0
2026-03-16 17:00:00,183.001,183.092,182.959,183.081,2306.0
2026-03-16 18:00:00,183.054,183.054,182.95,182.976,3040.0
2026-03-16 19:00:00,182.974,183.043,182.94,182.981,3625.0
2026-03-16 20:00:00,182.982,183.096,182.93,183.096,6464.0
2026-03-16 21:00:00,183.102,183.209,183.058,183.174,7746.0
2026-03-16 22:00:00,183.168,183.228,183.154,183.195,4076.0
2026-03-16 23:00:00,183.194,183.244,183.108,183.128,4949.0
2026-03-17 00:00:00,183.126,183.154,183.071,183.074,4503.0
2026-03-17 01:00:00,183.074,183.139,183.006,183.034,6532.0
2026-03-17 02:00:00,183.034,183.056,182.822,182.966,7342.0
2026-03-17 03:00:00,182.964,183.112,182.953,183.041,8675.0
2026-03-17 04:00:00,183.041,183.228,182.862,183.144,12436.0
2026-03-17 05:00:00,183.147,183.334,183.135,183.262,9159.0
2026-03-17 06:00:00,183.238,183.274,183.068,183.092,8495.0
2026-03-17 07:00:00,183.092,183.146,183.042,183.088,8028.0
2026-03-17 08:00:00,183.092,183.294,183.067,183.272,9170.0
2026-03-17 09:00:00,183.274,183.384,183.14,183.194,13722.0
2026-03-17 10:00:00,183.195,183.312,183.166,183.307,11423.0
2026-03-17 11:00:00,183.306,183.368,183.248,183.284,12217.0
2026-03-17 12:00:00,183.283,183.329,183.174,183.234,8650.0
2026-03-17 13:00:00,183.234,183.448,183.228,183.444,5341.0
2026-03-17 14:00:00,183.446,183.532,183.446,183.528,5235.0
2026-03-17 15:00:00,183.53,183.548,183.43,183.47,4840.0
2026-03-17 16:00:00,183.472,183.526,183.456,183.486,2822.0
2026-03-17 17:00:00,183.524,183.524,183.311,183.473,2285.0
2026-03-17 18:00:00,183.432,183.522,183.43,183.477,3424.0
2026-03-17 19:00:00,183.476,183.488,183.373,183.4,8217.0
2026-03-17 20:00:00,183.4,183.578,183.291,183.476,12321.0
2026-03-17 21:00:00,183.475,183.526,183.402,183.434,6663.0
2026-03-17 22:00:00,183.43,183.46,183.258,183.3,5366.0
2026-03-17 23:00:00,183.301,183.4,183.292,183.375,4192.0
2026-03-18 00:00:00,183.376,183.404,183.267,183.324,4661.0
2026-03-18 01:00:00,183.322,183.329,183.172,183.256,5890.0
2026-03-18 02:00:00,183.256,183.284,183.135,183.256,6739.0
2026-03-18 03:00:00,183.258,183.368,182.987,183.021,8152.0
2026-03-18 04:00:00,183.024,183.364,183.024,183.337,8211.0
2026-03-18 05:00:00,183.336,183.426,183.321,183.393,6518.0
2026-03-18 06:00:00,183.395,183.554,183.392,183.528,5520.0
2026-03-18 07:00:00,183.532,183.646,183.475,183.594,9091.0
2026-03-18 08:00:00,183.594,183.63,183.464,183.512,16730.0
2026-03-18 09:00:00,183.512,183.687,183.381,183.687,15925.0
2026-03-18 10:00:00,183.69,183.831,183.528,183.626,13914.0
2026-03-18 11:00:00,183.627,183.803,183.604,183.642,13086.0
2026-03-18 12:00:00,183.639,183.724,183.56,183.588,10801.0
2026-03-18 13:00:00,183.589,183.621,183.506,183.608,8862.0
2026-03-18 14:00:00,183.604,183.63,183.34,183.356,18041.0
2026-03-18 15:00:00,183.354,183.419,183.303,183.341,13657.0
2026-03-18 16:00:00,183.34,183.356,183.094,183.116,5621.0
2026-03-18 17:00:00,183.088,183.284,183.021,183.188,1341.0
2026-03-18 18:00:00,183.179,183.182,183.046,183.063,4593.0
2026-03-18 19:00:00,183.064,183.22,183.058,183.214,6110.0
2026-03-18 20:00:00,183.214,183.349,183.176,183.34,8503.0
2026-03-18 21:00:00,183.342,183.422,183.228,183.242,7996.0
2026-03-18 22:00:00,183.244,183.44,183.161,183.337,8508.0
2026-03-18 23:00:00,183.336,183.361,183.166,183.181,4287.0
2026-03-19 00:00:00,183.179,183.195,183.08,183.12,5329.0
2026-03-19 01:00:00,183.118,183.196,183.112,183.136,5579.0
2026-03-19 02:00:00,183.14,183.262,183.002,183.09,9500.0
2026-03-19 03:00:00,183.088,183.108,182.322,182.372,15991.0
2026-03-19 04:00:00,182.369,182.568,182.055,182.29,16155.0
2026-03-19 05:00:00,182.292,182.79,182.286,182.724,17995.0
2026-03-19 06:00:00,182.718,182.718,182.512,182.586,11177.0
2026-03-19 07:00:00,182.588,182.683,182.432,182.608,9298.0
2026-03-19 08:00:00,182.61,182.758,182.481,182.548,20272.0
2026-03-19 09:00:00,182.548,182.624,182.069,182.25,24649.0
2026-03-19 10:00:00,182.25,182.398,182.074,182.396,20024.0
2026-03-19 11:00:00,182.394,182.575,182.053,182.154,20201.0
2026-03-19 12:00:00,182.152,182.412,182.096,182.33,14799.0
2026-03-19 13:00:00,182.331,182.546,182.331,182.444,9483.0
2026-03-19 14:00:00,182.443,182.704,182.376,182.679,10647.0
2026-03-19 15:00:00,182.684,182.995,182.529,182.644,17448.0
2026-03-19 16:00:00,182.64,182.791,182.61,182.778,4125.0
2026-03-19 17:00:00,182.745,182.85,182.63,182.772,1253.0
2026-03-19 18:00:00,182.77,182.904,182.736,182.8,4229.0
2026-03-19 19:00:00,182.8,182.906,182.769,182.832,4094.0
2026-03-19 20:00:00,182.831,182.866,182.661,182.708,7699.0
2026-03-19 21:00:00,182.707,182.898,182.597,182.856,9762.0
2026-03-19 22:00:00,182.857,183.106,182.857,183.064,6125.0
2026-03-19 23:00:00,183.064,183.086,182.972,183.052,5974.0
2026-03-20 00:00:00,183.051,183.092,183.018,183.022,4053.0
2026-03-20 01:00:00,183.02,183.088,183.019,183.032,4986.0
2026-03-20 02:00:00,183.029,183.192,183.029,183.12,7179.0
2026-03-20 03:00:00,183.12,183.306,183.1,183.204,11935.0
2026-03-20 04:00:00,183.203,183.428,183.182,183.338,11161.0
2026-03-20 05:00:00,183.338,183.517,183.285,183.439,11906.0
2026-03-20 06:00:00,183.433,183.49,183.266,183.482,12063.0
2026-03-20 07:00:00,183.483,183.614,183.396,183.506,9402.0
2026-03-20 08:00:00,183.505,183.608,183.486,183.53,13671.0
2026-03-20 09:00:00,183.532,183.62,183.457,183.53,15377.0
2026-03-20 10:00:00,183.532,183.625,183.438,183.554,17745.0
2026-03-20 11:00:00,183.556,183.862,183.544,183.817,17394.0
2026-03-20 12:00:00,183.818,184.134,183.807,184.106,12628.0
2026-03-20 13:00:00,184.112,184.156,184.022,184.032,13090.0
2026-03-20 14:00:00,184.032,184.214,183.975,184.06,13459.0
2026-03-20 15:00:00,184.062,184.13,183.98,184.13,13383.0
2026-03-20 16:00:00,184.13,184.259,184.113,184.241,6943.0
2026-03-22 17:00:00,183.842,184.036,183.616,183.879,1025.0
2026-03-22 18:00:00,183.861,184.21,183.861,184.12,5317.0
2026-03-22 19:00:00,184.118,184.128,183.958,184.008,6178.0
2026-03-22 20:00:00,184.012,184.132,183.827,184.132,13804.0
2026-03-22 21:00:00,184.132,184.34,184.104,184.274,14131.0
2026-03-22 22:00:00,184.274,184.284,184.136,184.202,10394.0
2026-03-22 23:00:00,184.202,184.284,184.018,184.131,9227.0
2026-03-23 00:00:00,184.13,184.164,184.027,184.116,7918.0
2026-03-23 01:00:00,184.116,184.154,184.01,184.05,8553.0
2026-03-23 02:00:00,184.053,184.072,183.85,183.881,13652.0
2026-03-23 03:00:00,183.882,184.057,183.808,183.964,15619.0
2026-03-23 04:00:00,183.962,184.126,183.746,183.828,17616.0
2026-03-23 05:00:00,183.844,183.859,183.386,183.394,12760.0
2026-03-23 06:00:00,183.395,183.444,183.286,183.342,12459.0
2026-03-23 07:00:00,183.346,184.244,183.18,183.668,46543.0
2026-03-23 08:00:00,183.665,184.092,183.611,184.074,37331.0
2026-03-23 09:00:00,184.074,184.096,183.768,183.807,31524.0
2026-03-23 10:00:00,183.808,184.248,183.65,184.026,30310.0
2026-03-23 11:00:00,184.032,184.13,183.834,183.88,25704.0
2026-03-23 12:00:00,183.872,183.996,183.773,183.939,22866.0
2026-03-23 13:00:00,183.942,183.974,183.803,183.828,14756.0
2026-03-23 14:00:00,183.828,183.958,183.731,183.924,12658.0
2026-03-23 15:00:00,183.924,183.99,183.836,183.974,9204.0
2026-03-23 16:00:00,183.971,184.028,183.916,183.956,3793.0
2026-03-23 17:00:00,184.006,184.017,183.856,183.978,2003.0
2026-03-23 18:00:00,183.97,183.976,183.852,183.902,3518.0
2026-03-23 19:00:00,183.902,183.985,183.829,183.971,6225.0
2026-03-23 20:00:00,183.974,183.989,183.643,183.766,15047.0
2026-03-23 21:00:00,183.766,183.797,183.625,183.718,15424.0
2026-03-23 22:00:00,183.717,183.848,183.7,183.83,11741.0
2026-03-23 23:00:00,183.83,183.872,183.73,183.862,7887.0
2026-03-24 00:00:00,183.863,183.879,183.779,183.844,7249.0
2026-03-24 01:00:00,183.844,183.862,183.751,183.752,10333.0
2026-03-24 02:00:00,183.752,183.871,183.734,183.853,12013.0
2026-03-24 03:00:00,183.848,184.064,183.832,183.994,15515.0
2026-03-24 04:00:00,183.996,183.996,183.679,183.857,16672.0
2026-03-24 05:00:00,183.866,183.985,183.752,183.934,12769.0
2026-03-24 06:00:00,183.938,184.018,183.886,183.96,10093.0
2026-03-24 07:00:00,183.954,184.018,183.868,184.003,12663.0
2026-03-24 08:00:00,184.01,184.112,183.926,183.988,14251.0
2026-03-24 09:00:00,183.988,184.053,183.817,183.86,19320.0
2026-03-24 10:00:00,183.86,184.07,183.851,183.96,21308.0
2026-03-24 11:00:00,183.956,183.992,183.882,183.973,16411.0
2026-03-24 12:00:00,183.974,184.128,183.962,184.075,10412.0
2026-03-24 13:00:00,184.076,184.196,183.874,184.146,16419.0
2026-03-24 14:00:00,184.146,184.17,184.088,184.126,11572.0
2026-03-24 15:00:00,184.126,184.231,184.124,184.199,8645.0
2026-03-24 16:00:00,184.2,184.262,184.08,184.216,15861.0
2026-03-24 17:00:00,184.196,184.256,184.044,184.226,1702.0
2026-03-24 18:00:00,184.208,184.336,184.19,184.306,5120.0
2026-03-24 19:00:00,184.307,184.366,184.246,184.323,6000.0
2026-03-24 20:00:00,184.321,184.56,184.284,184.405,12779.0
2026-03-24 21:00:00,184.403,184.436,184.302,184.308,11571.0
2026-03-24 22:00:00,184.31,184.354,184.218,184.282,8056.0
2026-03-24 23:00:00,184.281,184.312,184.222,184.274,5560.0
2026-03-25 00:00:00,184.274,184.396,184.248,184.27,4702.0
2026-03-25 01:00:00,184.269,184.366,184.236,184.312,7243.0
2026-03-25 02:00:00,184.312,184.419,184.266,184.388,9239.0
2026-03-25 03:00:00,184.388,184.606,184.368,184.564,9630.0
2026-03-25 04:00:00,184.561,184.58,184.19,184.224,14441.0
2026-03-25 05:00:00,184.223,184.344,184.2,184.304,11556.0
2026-03-25 06:00:00,184.304,184.443,184.304,184.39,7784.0
2026-03-25 07:00:00,184.391,184.434,184.286,184.356,9156.0
2026-03-25 08:00:00,184.355,184.412,184.265,184.33,16066.0
2026-03-25 09:00:00,184.329,184.388,184.135,184.186,13574.0
2026-03-25 10:00:00,184.187,184.316,184.114,184.28,14471.0
2026-03-25 11:00:00,184.276,184.321,184.042,184.2,16840.0
2026-03-25 12:00:00,184.2,184.251,184.04,184.213,13741.0
2026-03-25 13:00:00,184.214,184.422,184.206,184.394,11004.0
2026-03-25 14:00:00,184.397,184.454,184.339,184.39,9380.0
2026-03-25 15:00:00,184.388,184.446,184.357,184.39,9039.0
2026-03-25 16:00:00,184.388,184.396,184.296,184.34,3964.0
2026-03-25 17:00:00,184.339,184.366,184.262,184.282,1759.0
2026-03-25 18:00:00,184.29,184.329,184.264,184.278,3795.0
2026-03-25 19:00:00,184.28,184.32,184.245,184.281,3215.0
2026-03-25 20:00:00,184.286,184.376,184.222,184.322,7068.0
2026-03-25 21:00:00,184.324,184.454,184.312,184.428,7306.0
2026-03-25 22:00:00,184.426,184.448,184.316,184.392,5981.0
2026-03-25 23:00:00,184.392,184.48,184.342,184.47,5712.0
2026-03-26 00:00:00,184.469,184.481,184.41,184.456,4367.0
2026-03-26 01:00:00,184.458,184.466,184.314,184.337,6401.0
2026-03-26 02:00:00,184.336,184.348,184.185,184.268,8175.0
2026-03-26 03:00:00,184.268,184.3,184.166,184.282,9708.0
2026-03-26 04:00:00,184.284,184.362,184.203,184.344,10460.0
2026-03-26 05:00:00,184.344,184.416,184.238,184.368,6882.0
2026-03-26 06:00:00,184.368,184.457,184.306,184.328,8818.0
2026-03-26 07:00:00,184.327,184.346,183.972,183.995,8077.0
2026-03-26 08:00:00,183.996,184.156,183.986,184.141,10955.0
2026-03-26 09:00:00,184.144,184.264,184.122,184.134,13368.0
2026-03-26 10:00:00,184.134,184.289,184.118,184.246,15496.0
2026-03-26 11:00:00,184.246,184.314,184.152,184.266,15324.0
2026-03-26 12:00:00,184.268,184.293,184.14,184.182,11731.0
2026-03-26 13:00:00,184.18,184.226,184.122,184.14,9356.0
2026-03-26 14:00:00,184.14,184.266,184.13,184.245,7305.0
2026-03-26 15:00:00,184.244,184.248,184.149,184.154,7247.0
2026-03-26 16:00:00,184.152,184.286,184.116,184.212,13113.0
2026-03-26 17:00:00,184.19,184.294,184.124,184.216,2180.0
2026-03-26 18:00:00,184.207,184.266,184.188,184.223,3039.0
2026-03-26 19:00:00,184.223,184.244,184.192,184.238,3788.0
2026-03-26 20:00:00,184.238,184.246,183.872,183.984,9145.0
2026-03-26 21:00:00,183.985,184.142,183.935,184.044,8673.0
2026-03-26 22:00:00,184.046,184.154,184.034,184.071,5959.0
2026-03-26 23:00:00,184.072,184.188,184.022,184.183,5511.0
2026-03-27 00:00:00,184.182,184.254,184.118,184.25,4457.0
2026-03-27 01:00:00,184.252,184.278,184.184,184.227,6297.0
2026-03-27 02:00:00,184.228,184.286,184.158,184.264,6098.0
2026-03-27 03:00:00,184.266,184.344,184.214,184.242,9349.0
2026-03-27 04:00:00,184.236,184.244,184.107,184.147,9992.0
2026-03-27 05:00:00,184.148,184.214,184.089,184.158,8546.0
2026-03-27 06:00:00,184.155,184.226,184.074,184.086,7817.0
2026-03-27 07:00:00,184.088,184.101,183.932,183.96,7138.0
2026-03-27 08:00:00,183.958,184.14,183.866,184.1,10708.0
2026-03-27 09:00:00,184.105,184.401,184.104,184.263,14472.0
2026-03-27 10:00:00,184.264,184.4,184.238,184.346,12945.0
2026-03-27 11:00:00,184.346,184.512,184.296,184.504,15881.0
2026-03-27 12:00:00,184.506,184.659,184.395,184.475,10057.0
2026-03-27 13:00:00,184.474,184.615,184.457,184.588,9320.0
2026-03-27 14:00:00,184.588,184.64,184.501,184.507,7655.0
2026-03-27 15:00:00,184.505,184.524,184.442,184.446,5880.0
2026-03-27 16:00:00,184.447,184.56,184.424,184.537,5966.0
2026-03-29 17:00:00,184.29,184.517,184.157,184.301,460.0
2026-03-29 18:00:00,184.227,184.506,184.227,184.295,6163.0
2026-03-29 19:00:00,184.296,184.374,184.128,184.142,7848.0
2026-03-29 20:00:00,184.142,184.159,183.97,183.971,15649.0
2026-03-29 21:00:00,183.974,184.078,183.956,184.0,8256.0
2026-03-29 22:00:00,184.004,184.06,183.893,184.004,7678.0
2026-03-29 23:00:00,184.004,184.04,183.93,184.01,6566.0
2026-03-30 00:00:00,184.008,184.029,183.898,183.983,5635.0
2026-03-30 01:00:00,183.985,183.998,183.83,183.943,7561.0
2026-03-30 02:00:00,183.94,184.024,183.815,183.982,9504.0
2026-03-30 03:00:00,183.98,183.98,183.541,183.712,10875.0
2026-03-30 04:00:00,183.712,183.728,183.471,183.582,9692.0
2026-03-30 05:00:00,183.58,183.606,183.344,183.451,9507.0
2026-03-30 06:00:00,183.451,183.451,183.332,183.38,7905.0
2026-03-30 07:00:00,183.38,183.392,183.196,183.207,11648.0
2026-03-30 08:00:00,183.208,183.208,182.984,183.005,12234.0
2026-03-30 09:00:00,183.004,183.08,182.836,182.886,14059.0
2026-03-30 10:00:00,182.885,182.98,182.797,182.908,15656.0
2026-03-30 11:00:00,182.912,182.93,182.612,182.67,13722.0
2026-03-30 12:00:00,182.668,182.74,182.594,182.726,8652.0
2026-03-30 13:00:00,182.726,182.88,182.716,182.826,6488.0
2026-03-30 14:00:00,182.827,182.982,182.794,182.948,6740.0
2026-03-30 15:00:00,182.945,183.017,182.904,183.008,7121.0
2026-03-30 16:00:00,183.006,183.108,182.974,183.094,4577.0
2026-03-30 17:00:00,182.993,183.18,182.956,183.132,2085.0
2026-03-30 18:00:00,183.128,183.156,183.101,183.133,5764.0
2026-03-30 19:00:00,183.13,183.138,183.048,183.128,5194.0
2026-03-30 20:00:00,183.129,183.467,183.046,183.462,15121.0
2026-03-30 21:00:00,183.463,183.577,183.312,183.328,12098.0
2026-03-30 22:00:00,183.33,183.346,183.146,183.162,8891.0
2026-03-30 23:00:00,183.161,183.22,183.139,183.205,6706.0
2026-03-31 00:00:00,183.203,183.228,183.074,183.078,5822.0
2026-03-31 01:00:00,183.078,183.103,182.828,182.994,7736.0
2026-03-31 02:00:00,182.98,183.266,182.938,183.241,8670.0
2026-03-31 03:00:00,183.235,183.266,183.081,183.152,9722.0
2026-03-31 04:00:00,183.151,183.184,182.978,182.993,8333.0
2026-03-31 05:00:00,182.992,183.116,182.884,183.088,8643.0
2026-03-31 06:00:00,183.09,183.166,183.036,183.041,8162.0
2026-03-31 07:00:00,183.04,183.201,183.017,183.194,14205.0
2026-03-31 08:00:00,183.192,183.428,183.188,183.322,13691.0
2026-03-31 09:00:00,183.322,183.503,183.257,183.468,12162.0
2026-03-31 10:00:00,183.47,183.65,183.234,183.287,17986.0
2026-03-31 11:00:00,183.288,183.364,183.073,183.217,17918.0
2026-03-31 12:00:00,183.218,183.618,183.212,183.442,19339.0
2026-03-31 13:00:00,183.44,183.556,183.418,183.428,17070.0
2026-03-31 14:00:00,183.427,183.47,183.318,183.42,11002.0
2026-03-31 15:00:00,183.421,183.496,183.388,183.46,9263.0
2026-03-31 16:00:00,183.457,183.492,183.368,183.378,6546.0
2026-03-31 17:00:00,183.411,183.56,183.307,183.416,4175.0
2026-03-31 18:00:00,183.421,183.462,183.372,183.42,1007.0
2026-03-31 19:00:00,183.41,183.5,183.36,183.496,942.0
2026-03-31 20:00:00,183.492,183.794,183.376,183.734,1321.0
2026-03-31 21:00:00,183.738,183.804,183.47,183.502,1544.0
2026-03-31 22:00:00,183.506,183.592,183.482,183.57,744.0
2026-03-31 23:00:00,183.574,183.608,183.39,183.604,705.0
2026-04-01 00:00:00,183.616,183.708,183.576,183.588,572.0
2026-04-01 01:00:00,183.592,183.762,183.498,183.502,993.0
2026-04-01 02:00:00,183.51,183.596,183.364,183.45,2492.0
2026-04-01 03:00:00,183.456,183.858,183.364,183.848,2847.0
2026-04-01 04:00:00,183.852,184.0,183.78,183.844,2366.0
2026-04-01 05:00:00,183.85,184.018,183.65,183.98,1817.0
2026-04-01 06:00:00,183.976,184.024,183.804,183.828,1490.0
2026-04-01 07:00:00,183.824,183.894,183.748,183.752,1249.0
2026-04-01 08:00:00,183.756,184.008,183.666,183.918,3509.0
2026-04-01 09:00:00,183.914,184.238,183.878,184.189,3006.0
2026-04-01 10:00:00,184.194,184.25,184.032,184.146,3292.0
2026-04-01 11:00:00,184.15,184.206,184.048,184.18,1800.0
2026-04-01 12:00:00,184.176,184.196,184.104,184.174,1271.0
2026-04-01 13:00:00,184.17,184.172,183.942,183.958,1318.0
2026-04-01 14:00:00,183.954,183.986,183.817,183.882,2091.0
2026-04-01 15:00:00,183.878,184.068,183.872,184.008,1097.0
2026-04-01 16:00:00,184.012,184.048,183.946,184.002,738.0
2026-04-01 17:00:00,184.017,184.047,183.758,183.936,4056.0
2026-04-01 18:00:00,183.931,183.969,183.791,183.816,4725.0
2026-04-01 19:00:00,183.818,183.93,183.784,183.92,4953.0
2026-04-01 20:00:00,183.918,184.04,183.842,183.958,11388.0
2026-04-01 21:00:00,183.961,184.066,183.783,183.986,27735.0
2026-04-01 22:00:00,183.986,184.104,183.912,184.053,14862.0
2026-04-01 23:00:00,184.054,184.076,183.868,183.88,8548.0
2026-04-02 00:00:00,183.882,183.906,183.786,183.809,8638.0
2026-04-02 01:00:00,183.808,183.863,183.697,183.734,10129.0
2026-04-02 02:00:00,183.726,183.844,183.498,183.814,13344.0
2026-04-02 03:00:00,183.816,184.154,183.805,184.001,14962.0
2026-04-02 04:00:00,184.002,184.077,183.942,184.006,9557.0
2026-04-02 05:00:00,184.008,184.056,183.892,183.892,9326.0
2026-04-02 06:00:00,183.892,183.9,183.767,183.802,9237.0
2026-04-02 07:00:00,183.803,183.958,183.772,183.911,8652.0
2026-04-02 08:00:00,183.915,184.005,183.904,183.94,12568.0
2026-04-02 09:00:00,183.943,184.002,183.82,183.858,16869.0
2026-04-02 10:00:00,183.86,184.168,183.783,184.051,24274.0
2026-04-02 11:00:00,184.05,184.092,183.914,183.935,17463.0
2026-04-02 12:00:00,183.934,184.1,183.884,184.036,11911.0
2026-04-02 13:00:00,184.036,184.205,184.024,184.104,8915.0
2026-04-02 14:00:00,184.108,184.201,184.097,184.132,8058.0
2026-04-02 15:00:00,184.13,184.166,184.062,184.134,7989.0
2026-04-02 16:00:00,184.14,184.166,184.062,184.166,3377.0
2026-04-02 17:00:00,184.084,184.156,184.07,184.14,326.0
2026-04-02 18:00:00,184.14,184.158,184.054,184.083,4643.0
2026-04-02 19:00:00,184.082,184.104,184.058,184.067,3110.0
2026-04-02 20:00:00,184.068,184.168,183.997,184.13,3883.0
2026-04-02 21:00:00,184.13,184.178,184.096,184.138,3420.0
2026-04-02 22:00:00,184.136,184.194,184.119,184.185,4306.0
2026-04-02 23:00:00,184.182,184.198,184.073,184.082,1851.0
2026-04-03 00:00:00,184.083,184.116,184.01,184.094,3148.0
2026-04-03 01:00:00,184.093,184.192,184.03,184.188,4167.0
2026-04-03 02:00:00,184.182,184.208,184.134,184.195,2436.0
2026-04-03 03:00:00,184.195,184.23,184.174,184.192,2848.0
2026-04-03 04:00:00,184.188,184.248,184.178,184.224,5331.0
2026-04-03 05:00:00,184.222,184.244,184.174,184.209,2813.0
2026-04-03 06:00:00,184.21,184.276,184.202,184.241,3832.0
2026-04-03 07:00:00,184.238,184.248,184.132,184.187,9493.0
2026-04-03 08:00:00,184.184,184.226,183.911,184.048,11309.0
2026-04-03 09:00:00,184.046,184.089,183.902,183.988,6466.0
2026-04-03 10:00:00,183.987,184.016,183.859,183.864,4120.0
2026-04-03 11:00:00,183.858,183.944,183.858,183.928,6501.0
2026-04-03 12:00:00,183.923,183.936,183.866,183.87,5048.0
2026-04-03 13:00:00,183.873,183.925,183.864,183.889,5093.0
2026-04-03 14:00:00,183.888,183.908,183.8,183.819,3067.0
2026-04-03 15:00:00,183.818,183.841,183.799,183.806,1111.0
2026-04-03 16:00:00,183.808,184.044,183.701,183.861,2498.0
2026-04-05 17:00:00,184.087,184.087,183.78,183.911,396.0
2026-04-05 18:00:00,183.953,183.98,183.714,183.873,11897.0
2026-04-05 19:00:00,183.872,183.958,183.792,183.906,8159.0
2026-04-05 20:00:00,183.908,184.0,183.824,183.9,8212.0
2026-04-05 21:00:00,183.898,183.898,183.704,183.757,8349.0
2026-04-05 22:00:00,183.757,183.928,183.743,183.824,10220.0
2026-04-05 23:00:00,183.824,183.888,183.772,183.876,6654.0
2026-04-06 00:00:00,183.88,183.898,183.818,183.896,4999.0
2026-04-06 01:00:00,183.894,183.961,183.878,183.916,4980.0
2026-04-06 02:00:00,183.914,184.118,183.854,184.084,7501.0
2026-04-06 03:00:00,184.083,184.444,184.034,184.323,10969.0
2026-04-06 04:00:00,184.324,184.382,184.168,184.178,12028.0
2026-04-06 05:00:00,184.185,184.247,184.128,184.154,8705.0
2026-04-06 06:00:00,184.154,184.202,184.093,184.148,8112.0
2026-04-06 07:00:00,184.154,184.243,184.146,184.222,7841.0
2026-04-06 08:00:00,184.222,184.238,184.134,184.174,8647.0
2026-04-06 09:00:00,184.173,184.386,184.144,184.38,10895.0
2026-04-06 10:00:00,184.358,184.462,184.296,184.357,20154.0
2026-04-06 11:00:00,184.354,184.411,184.312,184.376,13759.0
2026-04-06 12:00:00,184.378,184.391,184.312,184.351,9305.0
2026-04-06 13:00:00,184.351,184.456,184.304,184.406,10938.0
2026-04-06 14:00:00,184.404,184.452,184.344,184.374,12632.0
2026-04-06 15:00:00,184.374,184.386,184.31,184.335,5753.0
2026-04-06 16:00:00,184.336,184.362,184.318,184.326,2848.0
2026-04-06 17:00:00,184.31,184.392,184.243,184.308,2272.0
2026-04-06 18:00:00,184.323,184.325,184.26,184.306,5501.0
2026-04-06 19:00:00,184.307,184.327,184.27,184.304,5219.0
2026-04-06 20:00:00,184.303,184.418,184.294,184.408,8873.0
2026-04-06 21:00:00,184.406,184.437,184.32,184.35,8959.0
2026-04-06 22:00:00,184.351,184.37,184.286,184.33,5470.0
2026-04-06 23:00:00,184.331,184.38,184.318,184.358,3781.0
2026-04-07 00:00:00,184.36,184.366,184.274,184.313,5026.0
2026-04-07 01:00:00,184.314,184.364,184.264,184.306,6850.0
2026-04-07 02:00:00,184.306,184.476,184.276,184.469,8443.0
2026-04-07 03:00:00,184.468,184.544,184.416,184.531,8264.0
2026-04-07 04:00:00,184.524,184.652,184.492,184.589,15503.0
2026-04-07 05:00:00,184.588,184.637,184.548,184.587,9973.0
2026-04-07 06:00:00,184.588,184.622,184.442,184.62,13567.0
2026-04-07 07:00:00,184.619,184.77,184.55,184.768,7709.0
2026-04-07 08:00:00,184.767,184.822,184.702,184.717,9712.0
2026-04-07 09:00:00,184.716,184.9,184.694,184.892,13514.0
2026-04-07 10:00:00,184.892,185.142,184.854,185.1,14655.0
2026-04-07 11:00:00,185.1,185.152,185.014,185.022,13426.0
2026-04-07 12:00:00,185.02,185.06,184.97,185.036,11884.0
2026-04-07 13:00:00,185.038,185.046,184.928,184.992,10020.0
2026-04-07 14:00:00,184.992,185.015,184.948,185.014,7720.0
2026-04-07 15:00:00,185.014,185.122,185.0,185.04,13813.0
2026-04-07 16:00:00,185.04,185.176,185.01,185.111,9309.0
2026-04-07 17:00:00,185.094,185.205,185.038,185.11,509.0
2026-04-07 18:00:00,185.102,185.434,185.03,185.432,17509.0
2026-04-07 19:00:00,185.436,185.556,185.262,185.488,22100.0
2026-04-07 20:00:00,185.488,185.494,185.052,185.224,24795.0
2026-04-07 21:00:00,185.226,185.267,184.94,184.952,18183.0
2026-04-07 22:00:00,184.95,185.076,184.877,184.952,13755.0
2026-04-07 23:00:00,184.958,184.974,184.81,184.918,10170.0
2026-04-08 00:00:00,184.915,185.031,184.886,184.903,10678.0
2026-04-08 01:00:00,184.908,185.192,184.868,185.055,14855.0
2026-04-08 02:00:00,185.054,185.111,184.898,185.04,16312.0
2026-04-08 03:00:00,185.04,185.075,184.94,185.046,14616.0
2026-04-08 04:00:00,185.045,185.091,184.88,185.002,13180.0
2026-04-08 05:00:00,185.002,185.14,184.938,185.111,12367.0
2026-04-08 06:00:00,185.113,185.214,185.092,185.214,9075.0
2026-04-08 07:00:00,185.214,185.324,185.136,185.164,12165.0
2026-04-08 08:00:00,185.166,185.2,185.001,185.103,16931.0
2026-04-08 09:00:00,185.102,185.124,184.966,185.093,19893.0
2026-04-08 10:00:00,185.094,185.206,185.06,185.104,19392.0
2026-04-08 11:00:00,185.104,185.218,185.06,185.097,14704.0
2026-04-08 12:00:00,185.102,185.123,185.02,185.068,11427.0
2026-04-08 13:00:00,185.068,185.108,184.959,185.002,10612.0
2026-04-08 14:00:00,185.002,185.062,184.902,184.935,14240.0
2026-04-08 15:00:00,184.934,185.0,184.872,184.982,11803.0
2026-04-08 16:00:00,184.982,185.014,184.912,184.931,5740.0
2026-04-08 17:00:00,184.921,185.076,184.878,184.969,2094.0
2026-04-08 18:00:00,184.952,184.988,184.893,184.928,6687.0
2026-04-08 19:00:00,184.929,185.008,184.92,184.98,3763.0
2026-04-08 20:00:00,184.98,185.194,184.924,185.186,9291.0
2026-04-08 21:00:00,185.185,185.235,185.132,185.225,7051.0
2026-04-08 22:00:00,185.224,185.248,185.152,185.152,5467.0
2026-04-08 23:00:00,185.152,185.206,185.102,185.15,6488.0
2026-04-09 00:00:00,185.15,185.222,185.11,185.194,5298.0
2026-04-09 01:00:00,185.195,185.262,185.154,185.228,6062.0
2026-04-09 02:00:00,185.234,185.273,185.134,185.214,8792.0
2026-04-09 03:00:00,185.218,185.411,185.214,185.411,8747.0
2026-04-09 04:00:00,185.41,185.614,185.368,185.59,9242.0
2026-04-09 05:00:00,185.588,185.684,185.57,185.614,8560.0
2026-04-09 06:00:00,185.614,185.729,185.606,185.672,7786.0
2026-04-09 07:00:00,185.665,185.728,185.644,185.722,9532.0
2026-04-09 08:00:00,185.724,185.88,185.67,185.81,10075.0
2026-04-09 09:00:00,185.815,185.888,185.74,185.842,11766.0
2026-04-09 10:00:00,185.842,186.039,185.787,186.003,13352.0
2026-04-09 11:00:00,186.004,186.226,185.918,185.968,16470.0
2026-04-09 12:00:00,185.967,185.968,185.786,185.923,11073.0
2026-04-09 13:00:00,185.922,186.091,185.911,185.985,9124.0
2026-04-09 14:00:00,185.983,186.048,185.944,186.03,10075.0
2026-04-09 15:00:00,186.029,186.234,186.024,186.154,7393.0
2026-04-09 16:00:00,186.154,186.158,185.989,186.006,3665.0
2026-04-09 17:00:00,186.009,186.07,185.96,186.044,936.0
2026-04-09 18:00:00,186.045,186.068,186.004,186.042,3532.0
2026-04-09 19:00:00,186.042,186.066,186.001,186.008,3976.0
2026-04-09 20:00:00,186.007,186.116,185.997,186.057,7500.0
2026-04-09 21:00:00,186.062,186.11,185.946,185.946,6703.0
2026-04-09 22:00:00,185.947,186.092,185.944,186.074,6326.0
2026-04-09 23:00:00,186.076,186.158,186.048,186.126,4220.0
2026-04-10 00:00:00,186.126,186.172,186.099,186.122,4064.0
2026-04-10 01:00:00,186.122,186.184,186.108,186.172,5046.0
2026-04-10 02:00:00,186.172,186.212,186.098,186.111,6913.0
2026-04-10 03:00:00,186.11,186.186,186.07,186.108,6650.0
2026-04-10 04:00:00,186.109,186.196,186.064,186.18,5413.0
2026-04-10 05:00:00,186.185,186.524,186.135,186.483,10309.0
2026-04-10 06:00:00,186.484,186.55,186.458,186.471,5804.0
2026-04-10 07:00:00,186.474,186.555,186.43,186.465,6002.0
2026-04-10 08:00:00,186.466,186.554,186.275,186.544,11072.0
2026-04-10 09:00:00,186.545,186.716,186.52,186.678,12648.0
2026-04-10 10:00:00,186.676,186.792,186.624,186.625,13229.0
2026-04-10 11:00:00,186.622,186.731,186.536,186.654,11969.0
2026-04-10 12:00:00,186.653,186.738,186.624,186.67,8191.0
2026-04-10 13:00:00,186.672,186.754,186.67,186.747,5536.0
2026-04-10 14:00:00,186.748,186.884,186.714,186.861,7549.0
2026-04-10 15:00:00,186.86,186.882,186.801,186.824,4913.0
2026-04-10 16:00:00,186.822,186.867,186.722,186.755,4663.0
2026-04-12 17:00:00,186.234,186.446,186.206,186.3,1193.0
2026-04-12 18:00:00,186.282,186.596,186.282,186.536,11065.0
2026-04-12 19:00:00,186.536,186.574,186.351,186.426,6892.0
2026-04-12 20:00:00,186.428,186.784,186.4,186.662,10874.0
2026-04-12 21:00:00,186.661,186.692,186.58,186.618,9184.0
2026-04-12 22:00:00,186.618,186.706,186.598,186.68,4858.0
2026-04-12 23:00:00,186.682,186.702,186.636,186.642,4903.0
2026-04-13 00:00:00,186.642,186.73,186.626,186.66,4941.0
2026-04-13 01:00:00,186.66,186.686,186.618,186.633,6813.0
2026-04-13 02:00:00,186.636,186.666,186.484,186.592,10859.0
2026-04-13 03:00:00,186.591,186.788,186.589,186.696,10230.0
2026-04-13 04:00:00,186.696,186.71,186.582,186.641,8237.0
2026-04-13 05:00:00,186.642,186.726,186.618,186.674,7217.0
2026-04-13 06:00:00,186.674,186.751,186.6,186.736,6293.0
2026-04-13 07:00:00,186.74,186.852,186.706,186.73,8750.0
2026-04-13 08:00:00,186.728,186.879,186.708,186.876,10906.0
2026-04-13 09:00:00,186.877,186.956,186.756,186.761,13444.0
2026-04-13 10:00:00,186.762,186.988,186.734,186.864,14862.0
2026-04-13 11:00:00,186.868,187.085,186.853,187.057,13050.0
2026-04-13 12:00:00,187.056,187.112,187.01,187.048,14549.0
2026-04-13 13:00:00,187.048,187.093,186.996,187.046,8513.0
2026-04-13 14:00:00,187.049,187.464,187.002,187.444,10906.0
2026-04-13 15:00:00,187.442,187.456,187.29,187.442,8250.0
2026-04-13 16:00:00,187.442,187.516,187.442,187.488,3798.0
2026-04-13 17:00:00,187.456,187.472,187.36,187.386,1664.0
2026-04-13 18:00:00,187.379,187.527,187.379,187.45,2920.0
2026-04-13 19:00:00,187.449,187.452,187.324,187.356,4416.0
2026-04-13 20:00:00,187.356,187.426,187.258,187.282,9158.0
2026-04-13 21:00:00,187.284,187.347,187.16,187.236,8459.0
2026-04-13 22:00:00,187.236,187.28,187.128,187.168,5333.0
2026-04-13 23:00:00,187.166,187.221,187.127,187.209,5732.0
2026-04-14 00:00:00,187.211,187.232,187.126,187.129,3874.0
2026-04-14 01:00:00,187.13,187.238,187.085,187.21,6083.0
2026-04-14 02:00:00,187.21,187.478,187.178,187.458,9404.0
2026-04-14 03:00:00,187.459,187.54,187.375,187.384,12553.0
2026-04-14 04:00:00,187.38,187.469,187.328,187.426,9371.0
2026-04-14 05:00:00,187.424,187.524,187.258,187.412,8126.0
2026-04-14 06:00:00,187.411,187.469,187.303,187.363,8911.0
2026-04-14 07:00:00,187.362,187.402,187.305,187.348,9463.0
2026-04-14 08:00:00,187.356,187.398,187.266,187.358,11785.0
2026-04-14 09:00:00,187.358,187.468,187.308,187.448,13142.0
2026-04-14 10:00:00,187.445,187.464,187.19,187.458,14080.0
2026-04-14 11:00:00,187.458,187.476,187.261,187.367,13586.0
2026-04-14 12:00:00,187.366,187.389,187.315,187.336,7017.0
2026-04-14 13:00:00,187.336,187.382,187.228,187.239,5319.0
2026-04-14 14:00:00,187.238,187.31,187.193,187.29,7125.0
2026-04-14 15:00:00,187.291,187.372,187.282,187.332,4749.0
2026-04-14 16:00:00,187.336,187.378,187.302,187.327,2388.0
2026-04-14 17:00:00,187.33,187.332,187.267,187.291,3118.0
2026-04-14 18:00:00,187.31,187.358,187.264,187.356,2201.0
2026-04-14 19:00:00,187.356,187.412,187.354,187.364,3857.0
2026-04-14 20:00:00,187.366,187.376,187.222,187.308,7849.0
2026-04-14 21:00:00,187.308,187.455,187.306,187.37,8771.0
2026-04-14 22:00:00,187.372,187.418,187.296,187.405,5318.0
2026-04-14 23:00:00,187.405,187.454,187.344,187.4,5018.0
2026-04-15 00:00:00,187.398,187.446,187.382,187.422,3562.0
2026-04-15 01:00:00,187.422,187.498,187.382,187.451,6341.0
2026-04-15 02:00:00,187.454,187.468,187.346,187.396,8082.0
2026-04-15 03:00:00,187.397,187.416,187.262,187.31,9000.0
2026-04-15 04:00:00,187.31,187.327,187.106,187.191,10414.0
2026-04-15 05:00:00,187.192,187.27,187.105,187.208,10119.0
2026-04-15 06:00:00,187.21,187.287,187.152,187.225,11300.0
2026-04-15 07:00:00,187.23,187.4,187.184,187.386,8784.0
2026-04-15 08:00:00,187.386,187.596,187.384,187.555,8746.0
2026-04-15 09:00:00,187.554,187.594,187.435,187.461,11729.0
2026-04-15 10:00:00,187.462,187.582,187.433,187.554,12370.0
2026-04-15 11:00:00,187.556,187.644,187.509,187.62,12511.0
2026-04-15 12:00:00,187.617,187.639,187.338,187.494,7905.0
2026-04-15 13:00:00,187.496,187.668,187.49,187.661,5952.0
2026-04-15 14:00:00,187.662,187.698,187.616,187.654,7137.0
2026-04-15 15:00:00,187.649,187.674,187.584,187.593,4857.0
2026-04-15 16:00:00,187.59,187.616,187.514,187.588,3725.0
2026-04-15 17:00:00,187.629,187.654,187.508,187.542,2516.0
2026-04-15 18:00:00,187.533,187.552,187.483,187.509,2783.0
2026-04-15 19:00:00,187.508,187.54,187.446,187.516,3572.0
2026-04-15 20:00:00,187.516,187.524,187.391,187.42,7810.0
2026-04-15 21:00:00,187.42,187.434,187.33,187.372,7571.0
2026-04-15 22:00:00,187.373,187.542,187.316,187.32,7414.0
2026-04-15 23:00:00,187.318,187.446,187.104,187.44,9729.0
2026-04-16 00:00:00,187.44,187.49,187.4,187.434,5855.0
2026-04-16 01:00:00,187.434,187.539,187.374,187.512,6056.0
2026-04-16 02:00:00,187.514,187.548,187.366,187.43,7542.0
2026-04-16 03:00:00,187.432,187.45,187.292,187.33,8788.0
2026-04-16 04:00:00,187.331,187.392,187.295,187.385,10371.0
2026-04-16 05:00:00,187.386,187.408,187.296,187.34,6953.0
2026-04-16 06:00:00,187.34,187.358,187.284,187.326,7290.0
2026-04-16 07:00:00,187.326,187.363,187.272,187.322,8291.0
2026-04-16 08:00:00,187.322,187.476,187.267,187.462,9942.0
2026-04-16 09:00:00,187.463,187.474,187.299,187.44,12390.0
2026-04-16 10:00:00,187.442,187.52,187.356,187.478,15326.0
2026-04-16 11:00:00,187.476,187.524,187.397,187.424,13747.0
2026-04-16 12:00:00,187.426,187.469,187.406,187.438,9048.0
2026-04-16 13:00:00,187.436,187.529,187.406,187.506,6491.0
2026-04-16 14:00:00,187.508,187.57,187.47,187.554,7401.0
2026-04-16 15:00:00,187.553,187.572,187.468,187.529,5970.0
2026-04-16 16:00:00,187.53,187.571,187.494,187.516,2648.0
2026-04-16 17:00:00,187.511,187.597,187.462,187.499,539.0
2026-04-16 18:00:00,187.506,187.55,187.434,187.522,1841.0
2026-04-16 19:00:00,187.52,187.586,187.499,187.561,2439.0
2026-04-16 20:00:00,187.563,187.721,187.524,187.676,7940.0
2026-04-16 21:00:00,187.684,187.746,187.61,187.667,7800.0
2026-04-16 22:00:00,187.666,187.742,187.656,187.702,4998.0
2026-04-16 23:00:00,187.702,187.834,187.686,187.815,4425.0
2026-04-17 00:00:00,187.816,187.906,187.8,187.898,4253.0
2026-04-17 01:00:00,187.898,187.954,187.874,187.881,6240.0
2026-04-17 02:00:00,187.88,187.92,187.673,187.702,9432.0
2026-04-17 03:00:00,187.702,187.762,187.635,187.669,9007.0
2026-04-17 04:00:00,187.666,187.74,187.58,187.692,9873.0
2026-04-17 05:00:00,187.694,187.766,187.522,187.568,8910.0
2026-04-17 06:00:00,187.568,187.735,187.547,187.731,7500.0
2026-04-17 07:00:00,187.731,187.827,187.704,187.732,7434.0
2026-04-17 08:00:00,187.73,187.754,187.454,187.491,18779.0
2026-04-17 09:00:00,187.49,187.548,187.134,187.198,26842.0
2026-04-17 10:00:00,187.198,187.228,186.319,186.48,21919.0
2026-04-17 11:00:00,186.486,186.686,186.45,186.572,19980.0
2026-04-17 12:00:00,186.574,186.592,186.428,186.471,10170.0
2026-04-17 13:00:00,186.471,186.612,186.46,186.564,12317.0
2026-04-17 14:00:00,186.566,186.644,186.545,186.64,9997.0
2026-04-17 15:00:00,186.64,186.668,186.586,186.616,9171.0
2026-04-17 16:00:00,186.616,186.681,186.519,186.595,6156.0
2026-04-19 17:00:00,186.456,186.478,186.321,186.432,1180.0
2026-04-19 18:00:00,186.429,186.69,186.429,186.68,6835.0
2026-04-19 19:00:00,186.682,186.872,186.644,186.832,6951.0
2026-04-19 20:00:00,186.834,187.055,186.786,186.904,10659.0
2026-04-19 21:00:00,186.91,186.924,186.766,186.77,9855.0
2026-04-19 22:00:00,186.768,186.84,186.743,186.795,5777.0
2026-04-19 23:00:00,186.796,186.863,186.747,186.85,4607.0
2026-04-20 00:00:00,186.851,186.904,186.816,186.852,4423.0
2026-04-20 01:00:00,186.852,186.928,186.786,186.82,7175.0
2026-04-20 02:00:00,186.815,186.987,186.756,186.916,10649.0
2026-04-20 03:00:00,186.916,186.984,186.8,186.934,13610.0
2026-04-20 04:00:00,186.938,187.08,186.912,186.984,8517.0
2026-04-20 05:00:00,186.983,187.03,186.852,186.98,9475.0
2026-04-20 06:00:00,186.985,187.08,186.914,187.046,7242.0
2026-04-20 07:00:00,187.048,187.092,186.885,186.908,8325.0
2026-04-20 08:00:00,186.908,186.977,186.842,186.922,9697.0
2026-04-20 09:00:00,186.925,186.956,186.76,186.798,14465.0
2026-04-20 10:00:00,186.796,186.926,186.764,186.845,14670.0
2026-04-20 11:00:00,186.846,187.012,186.83,186.981,13861.0
2026-04-20 12:00:00,186.984,187.044,186.942,186.988,8494.0
2026-04-20 13:00:00,186.986,187.076,186.98,187.076,7461.0
2026-04-20 14:00:00,187.078,187.214,187.046,187.193,9437.0
2026-04-20 15:00:00,187.192,187.241,187.146,187.211,5937.0
2026-04-20 16:00:00,187.215,187.294,187.182,187.206,3800.0
2026-04-20 17:00:00,187.167,187.22,187.118,187.14,2126.0
2026-04-20 18:00:00,187.135,187.212,187.092,187.202,7835.0
2026-04-20 19:00:00,187.202,187.214,187.166,187.194,3128.0
2026-04-20 20:00:00,187.195,187.336,187.182,187.292,8167.0
2026-04-20 21:00:00,187.295,187.324,187.244,187.252,5304.0
2026-04-20 22:00:00,187.253,187.296,187.192,187.236,4799.0
2026-04-20 23:00:00,187.239,187.239,187.165,187.216,4609.0
2026-04-21 00:00:00,187.216,187.226,187.17,187.184,3671.0
2026-04-21 01:00:00,187.184,187.208,187.14,187.164,6068.0
2026-04-21 02:00:00,187.163,187.19,186.998,187.002,9747.0
2026-04-21 03:00:00,186.999,187.159,186.994,187.08,11890.0
2026-04-21 04:00:00,187.08,187.31,187.06,187.274,11300.0
2026-04-21 05:00:00,187.276,187.302,187.13,187.216,8490.0
2026-04-21 06:00:00,187.216,187.257,187.172,187.23,6371.0
2026-04-21 07:00:00,187.229,187.31,187.148,187.154,8024.0
2026-04-21 08:00:00,187.152,187.238,187.096,187.185,11459.0
2026-04-21 09:00:00,187.188,187.237,187.138,187.184,12184.0
2026-04-21 10:00:00,187.184,187.336,187.183,187.307,16012.0
2026-04-21 11:00:00,187.308,187.353,187.188,187.316,14924.0
2026-04-21 12:00:00,187.316,187.367,187.226,187.24,10245.0
2026-04-21 13:00:00,187.238,187.27,187.062,187.096,14840.0
2026-04-21 14:00:00,187.096,187.14,187.048,187.117,12441.0
2026-04-21 15:00:00,187.118,187.182,187.03,187.155,15661.0
2026-04-21 16:00:00,187.152,187.297,187.13,187.213,9868.0
2026-04-21 17:00:00,187.236,187.24,187.099,187.154,3168.0
2026-04-21 18:00:00,187.179,187.187,187.1,187.14,5022.0
2026-04-21 19:00:00,187.138,187.22,187.122,187.182,3391.0
2026-04-21 20:00:00,187.182,187.199,186.997,187.073,11122.0
2026-04-21 21:00:00,187.072,187.081,187.016,187.044,8365.0
2026-04-21 22:00:00,187.043,187.122,187.043,187.096,5969.0
2026-04-21 23:00:00,187.096,187.156,187.084,187.11,5577.0
2026-04-22 00:00:00,187.108,187.122,187.038,187.064,4371.0
2026-04-22 01:00:00,187.063,187.159,187.048,187.112,8997.0
2026-04-22 02:00:00,187.114,187.132,186.966,186.969,8731.0
2026-04-22 03:00:00,186.974,187.209,186.963,187.173,9207.0
2026-04-22 04:00:00,187.174,187.314,187.126,187.307,9792.0
2026-04-22 05:00:00,187.308,187.328,187.178,187.191,8658.0
2026-04-22 06:00:00,187.19,187.225,187.11,187.123,8986.0
2026-04-22 07:00:00,187.122,187.124,186.856,186.88,10719.0
2026-04-22 08:00:00,186.879,186.917,186.766,186.893,11373.0
2026-04-22 09:00:00,186.893,186.91,186.735,186.884,15811.0
2026-04-22 10:00:00,186.89,186.894,186.764,186.79,14849.0
2026-04-22 11:00:00,186.786,186.913,186.754,186.826,13479.0
2026-04-22 12:00:00,186.825,186.848,186.786,186.828,8252.0
2026-04-22 13:00:00,186.829,186.84,186.714,186.716,7093.0
2026-04-22 14:00:00,186.718,186.774,186.702,186.737,6037.0
2026-04-22 15:00:00,186.736,186.766,186.71,186.762,5966.0
2026-04-22 16:00:00,186.762,186.774,186.688,186.688,4041.0
2026-04-22 17:00:00,186.702,186.728,186.592,186.71,1517.0
2026-04-22 18:00:00,186.69,186.709,186.658,186.692,1379.0
2026-04-22 19:00:00,186.694,186.716,186.646,186.692,2939.0
2026-04-22 20:00:00,186.694,186.756,186.568,186.604,15049.0
2026-04-22 21:00:00,186.604,186.682,186.582,186.624,8546.0
2026-04-22 22:00:00,186.626,186.705,186.615,186.616,8271.0
2026-04-22 23:00:00,186.616,186.645,186.572,186.601,7703.0
2026-04-23 00:00:00,186.602,186.705,186.596,186.672,5218.0
2026-04-23 01:00:00,186.673,186.779,186.664,186.77,4934.0
2026-04-23 02:00:00,186.768,186.913,186.75,186.863,7232.0
2026-04-23 03:00:00,186.865,186.97,186.715,186.772,9811.0
2026-04-23 04:00:00,186.774,186.887,186.77,186.87,10471.0
2026-04-23 05:00:00,186.869,186.879,186.728,186.787,10801.0
2026-04-23 06:00:00,186.788,186.829,186.56,186.588,12011.0
2026-04-23 07:00:00,186.588,186.615,186.517,186.534,12651.0
2026-04-23 08:00:00,186.536,186.574,186.438,186.495,15688.0
2026-04-23 09:00:00,186.496,186.637,186.456,186.56,15415.0
2026-04-23 10:00:00,186.56,186.754,186.518,186.668,15841.0
2026-04-23 11:00:00,186.668,186.695,186.588,186.604,13212.0
2026-04-23 12:00:00,186.604,186.638,186.526,186.601,9565.0
2026-04-23 13:00:00,186.601,186.664,186.521,186.574,20292.0
2026-04-23 14:00:00,186.574,186.602,186.544,186.596,14571.0
2026-04-23 15:00:00,186.598,186.642,186.577,186.632,10675.0
2026-04-23 16:00:00,186.634,186.656,186.584,186.632,5470.0
2026-04-23 17:00:00,186.557,186.658,186.504,186.582,2625.0
2026-04-23 18:00:00,186.606,186.656,186.577,186.637,1751.0
2026-04-23 19:00:00,186.636,186.69,186.598,186.654,2787.0
2026-04-23 20:00:00,186.654,186.727,186.624,186.723,8609.0
2026-04-23 21:00:00,186.724,186.748,186.676,186.736,6734.0
2026-04-23 22:00:00,186.735,186.756,186.586,186.6,5957.0
2026-04-23 23:00:00,186.597,186.634,186.58,186.611,6062.0
2026-04-24 00:00:00,186.608,186.632,186.543,186.608,5648.0
2026-04-24 01:00:00,186.61,186.658,186.585,186.647,6284.0
2026-04-24 02:00:00,186.646,186.653,186.468,186.494,8925.0
2026-04-24 03:00:00,186.495,186.706,186.44,186.669,7813.0
2026-04-24 04:00:00,186.674,186.766,186.596,186.713,10797.0
2026-04-24 05:00:00,186.712,186.722,186.642,186.686,7455.0
2026-04-24 06:00:00,186.688,186.866,186.678,186.849,7741.0
2026-04-24 07:00:00,186.846,186.883,186.69,186.767,16912.0
2026-04-24 08:00:00,186.77,186.851,186.714,186.815,11404.0
2026-04-24 09:00:00,186.814,186.856,186.735,186.845,13085.0
2026-04-24 10:00:00,186.84,186.858,186.676,186.73,17038.0
2026-04-24 11:00:00,186.729,186.79,186.689,186.726,14326.0
2026-04-24 12:00:00,186.727,186.772,186.688,186.75,10119.0
2026-04-24 13:00:00,186.752,186.772,186.71,186.732,7832.0
2026-04-24 14:00:00,186.73,186.828,186.726,186.813,6847.0
2026-04-24 15:00:00,186.812,186.84,186.772,186.82,7284.0
2026-04-24 16:00:00,186.82,186.842,186.729,186.734,4186.0
2026-04-26 17:00:00,186.686,186.86,186.649,186.824,449.0
2026-04-26 18:00:00,186.818,186.853,186.761,186.808,2968.0
2026-04-26 19:00:00,186.81,186.844,186.774,186.812,4532.0
2026-04-26 20:00:00,186.812,186.876,186.773,186.856,6286.0
2026-04-26 21:00:00,186.856,186.896,186.756,186.816,11905.0
2026-04-26 22:00:00,186.816,186.846,186.766,186.816,6472.0
2026-04-26 23:00:00,186.816,186.836,186.756,186.779,6153.0
2026-04-27 00:00:00,186.775,186.776,186.7,186.744,5562.0
2026-04-27 01:00:00,186.745,186.898,186.732,186.881,7068.0
2026-04-27 02:00:00,186.884,186.909,186.774,186.821,9414.0
2026-04-27 03:00:00,186.82,187.016,186.763,187.006,11157.0
2026-04-27 04:00:00,187.004,187.03,186.894,186.988,12637.0
2026-04-27 05:00:00,186.988,187.008,186.904,186.974,8353.0
2026-04-27 06:00:00,186.973,187.004,186.885,186.952,8309.0
2026-04-27 07:00:00,186.951,186.964,186.862,186.925,8397.0
2026-04-27 08:00:00,186.926,187.084,186.911,187.015,11280.0
2026-04-27 09:00:00,187.012,187.11,186.942,186.982,14843.0
2026-04-27 10:00:00,186.982,186.999,186.804,186.871,14487.0
2026-04-27 11:00:00,186.868,186.918,186.839,186.875,12315.0
2026-04-27 12:00:00,186.874,186.966,186.858,186.91,7247.0
2026-04-27 13:00:00,186.909,186.936,186.851,186.864,7000.0
2026-04-27 14:00:00,186.864,186.905,186.848,186.881,4966.0
2026-04-27 15:00:00,186.88,186.907,186.854,186.864,5024.0
2026-04-27 16:00:00,186.868,186.9,186.848,186.87,2139.0
2026-04-27 17:00:00,186.896,186.906,186.83,186.855,652.0
2026-04-27 18:00:00,186.851,186.864,186.802,186.838,2971.0
2026-04-27 19:00:00,186.839,186.887,186.776,186.796,2572.0
2026-04-27 20:00:00,186.797,186.861,186.744,186.846,7520.0
2026-04-27 21:00:00,186.845,186.88,186.791,186.849,6484.0
2026-04-27 22:00:00,186.86,186.864,186.734,186.744,4429.0
2026-04-27 23:00:00,186.743,186.796,186.25,186.303,9512.0
2026-04-28 00:00:00,186.304,186.319,186.208,186.298,6411.0
2026-04-28 01:00:00,186.296,186.351,186.264,186.332,5667.0
2026-04-28 02:00:00,186.334,186.346,186.072,186.214,10426.0
2026-04-28 03:00:00,186.216,186.613,186.166,186.572,11092.0
2026-04-28 04:00:00,186.579,186.822,186.579,186.593,10974.0
2026-04-28 05:00:00,186.59,186.642,186.464,186.548,10192.0
2026-04-28 06:00:00,186.548,186.652,186.514,186.637,8303.0
2026-04-28 07:00:00,186.634,186.78,186.611,186.614,11608.0
2026-04-28 08:00:00,186.616,186.678,186.448,186.493,13740.0
2026-04-28 09:00:00,186.494,186.678,186.462,186.56,16158.0
2026-04-28 10:00:00,186.56,186.859,186.528,186.856,19257.0
2026-04-28 11:00:00,186.857,186.919,186.811,186.854,15045.0
2026-04-28 12:00:00,186.856,186.888,186.78,186.824,9707.0
2026-04-28 13:00:00,186.824,186.884,186.799,186.855,6469.0
2026-04-28 14:00:00,186.858,186.95,186.844,186.916,7646.0
2026-04-28 15:00:00,186.915,186.935,186.866,186.926,5955.0
2026-04-28 16:00:00,186.922,186.949,186.891,186.925,3283.0
2026-04-28 17:00:00,186.886,186.951,186.88,186.892,1044.0
2026-04-28 18:00:00,186.894,186.952,186.89,186.896,332.0
2026-04-28 19:00:00,186.898,186.926,186.866,186.908,197.0
2026-04-28 20:00:00,186.904,186.944,186.84,186.864,531.0
2026-04-28 21:00:00,186.866,186.914,186.838,186.884,935.0
2026-04-28 22:00:00,186.886,186.92,186.818,186.826,541.0
2026-04-28 23:00:00,186.824,186.858,186.784,186.792,312.0
2026-04-29 00:00:00,186.79,186.84,186.782,186.806,160.0
2026-04-29 01:00:00,186.802,186.836,186.738,186.816,390.0
2026-04-29 02:00:00,186.81,186.846,186.694,186.742,1006.0
2026-04-29 03:00:00,186.734,186.886,186.707,186.85,1103.0
2026-04-29 04:00:00,186.834,186.898,186.714,186.894,1258.0
2026-04-29 05:00:00,186.89,186.978,186.838,186.91,1025.0
2026-04-29 06:00:00,186.908,187.006,186.866,187.004,686.0
2026-04-29 07:00:00,187.008,187.056,186.966,186.984,899.0
2026-04-29 08:00:00,186.982,187.1,186.962,187.1,1573.0
2026-04-29 09:00:00,187.096,187.18,187.002,187.18,2143.0
2026-04-29 10:00:00,187.174,187.286,187.088,187.278,1924.0
2026-04-29 11:00:00,187.28,187.428,187.238,187.336,1997.0
2026-04-29 12:00:00,187.332,187.342,187.222,187.262,1472.0
2026-04-29 13:00:00,187.258,187.278,187.182,187.216,1738.0
2026-04-29 14:00:00,187.204,187.27,187.02,187.106,3667.0
2026-04-29 15:00:00,187.11,187.24,187.055,187.21,1472.0
2026-04-29 16:00:00,187.214,187.286,187.164,187.282,1095.0
2026-04-29 17:00:00,187.354,187.391,187.205,187.273,823.0
2026-04-29 18:00:00,187.261,187.304,187.222,187.247,3067.0
2026-04-29 19:00:00,187.248,187.262,187.172,187.207,4083.0
2026-04-29 20:00:00,187.208,187.286,187.104,187.234,11506.0
2026-04-29 21:00:00,187.232,187.247,187.069,187.076,10994.0
2026-04-29 22:00:00,187.078,187.153,187.044,187.093,9980.0
2026-04-29 23:00:00,187.092,187.189,187.089,187.168,6796.0
2026-04-30 00:00:00,187.169,187.222,187.078,187.208,9360.0
2026-04-30 01:00:00,187.209,187.333,187.177,187.332,9141.0
2026-04-30 02:00:00,187.329,187.464,187.285,187.458,11381.0
2026-04-30 03:00:00,187.456,187.559,186.719,187.052,13012.0
2026-04-30 04:00:00,187.05,187.228,186.237,186.426,22771.0
2026-04-30 05:00:00,186.41,186.474,186.072,186.364,20524.0
2026-04-30 06:00:00,186.364,186.372,183.875,184.152,32985.0
2026-04-30 07:00:00,184.149,184.346,182.296,183.058,36377.0
2026-04-30 08:00:00,183.056,183.694,182.982,183.39,23443.0
2026-04-30 09:00:00,183.387,183.536,182.755,183.466,23984.0
2026-04-30 10:00:00,183.465,183.876,183.316,183.766,25301.0
2026-04-30 11:00:00,183.767,183.926,183.73,183.762,17701.0
2026-04-30 12:00:00,183.76,183.806,183.586,183.616,10958.0
2026-04-30 13:00:00,183.613,183.76,183.498,183.5,11328.0
2026-04-30 14:00:00,183.5,183.648,183.418,183.594,11327.0
2026-04-30 15:00:00,183.593,183.763,183.54,183.729,11117.0
2026-04-30 16:00:00,183.731,183.774,183.688,183.746,5499.0
2026-04-30 17:00:00,183.726,183.787,183.664,183.736,1601.0
2026-04-30 18:00:00,183.76,183.886,183.758,183.814,2712.0
2026-04-30 19:00:00,183.816,184.212,183.803,184.16,7057.0
2026-04-30 20:00:00,184.16,184.505,184.14,184.25,12060.0
2026-04-30 21:00:00,184.25,184.476,184.196,184.442,9038.0
2026-04-30 22:00:00,184.442,184.582,184.372,184.522,6857.0
2026-04-30 23:00:00,184.521,184.589,184.281,184.426,6272.0
2026-05-01 00:00:00,184.427,184.474,184.318,184.427,5673.0
2026-05-01 01:00:00,184.426,184.457,184.352,184.4,5691.0
2026-05-01 02:00:00,184.4,184.416,182.64,183.057,16803.0
2026-05-01 03:00:00,183.058,183.902,182.93,183.818,20049.0
2026-05-01 04:00:00,183.818,183.897,183.568,183.782,12877.0
2026-05-01 05:00:00,183.788,183.973,183.655,183.717,9365.0
2026-05-01 06:00:00,183.716,183.95,183.709,183.94,6970.0
2026-05-01 07:00:00,183.944,184.041,183.904,184.029,8704.0
2026-05-01 08:00:00,184.038,184.184,184.0,184.144,14079.0
2026-05-01 09:00:00,184.144,184.229,183.782,184.096,13844.0
2026-05-01 10:00:00,184.094,184.46,184.059,184.35,21324.0
2026-05-01 11:00:00,184.35,184.454,184.299,184.302,15140.0
2026-05-01 12:00:00,184.302,184.326,184.194,184.25,11685.0
2026-05-01 13:00:00,184.252,184.256,184.131,184.16,8466.0
2026-05-01 14:00:00,184.159,184.23,184.022,184.166,7971.0
2026-05-01 15:00:00,184.164,184.188,184.08,184.098,4997.0
2026-05-01 16:00:00,184.099,184.149,183.971,184.149,7355.0
2026-05-03 17:00:00,184.168,184.23,183.996,184.049,1204.0
2026-05-03 18:00:00,184.035,184.086,183.928,184.038,4235.0
2026-05-03 19:00:00,184.039,184.046,183.942,184.0,3439.0
2026-05-03 20:00:00,184.0,184.068,183.984,184.027,9284.0
2026-05-03 21:00:00,184.024,184.182,183.697,184.15,10366.0
2026-05-03 22:00:00,184.154,184.358,184.142,184.29,6979.0
2026-05-03 23:00:00,184.287,184.407,182.8,183.37,13858.0
2026-05-04 00:00:00,183.37,183.909,183.301,183.85,8383.0
2026-05-04 01:00:00,183.852,183.966,183.654,183.938,7248.0
2026-05-04 02:00:00,183.93,184.081,183.892,184.076,8767.0
2026-05-04 03:00:00,184.072,184.11,183.804,183.866,8803.0
2026-05-04 04:00:00,183.865,184.009,183.81,183.953,9052.0
2026-05-04 05:00:00,183.958,184.024,183.896,183.945,8899.0
2026-05-04 06:00:00,183.944,184.0,183.754,183.924,18310.0
2026-05-04 07:00:00,183.926,183.934,183.801,183.808,11731.0
2026-05-04 08:00:00,183.806,184.04,183.788,184.02,12079.0
2026-05-04 09:00:00,184.019,184.021,183.868,183.969,14775.0
2026-05-04 10:00:00,183.968,184.029,183.84,183.928,14294.0
2026-05-04 11:00:00,183.928,184.002,183.83,183.904,20221.0
2026-05-04 12:00:00,183.905,183.956,183.738,183.748,17249.0
2026-05-04 13:00:00,183.748,183.908,183.746,183.874,10811.0
2026-05-04 14:00:00,183.872,183.906,183.152,183.353,9693.0
2026-05-04 15:00:00,183.37,183.821,183.37,183.746,10572.0
2026-05-04 16:00:00,183.744,183.88,183.724,183.872,4451.0
2026-05-04 17:00:00,183.806,183.828,183.711,183.732,1081.0
2026-05-04 18:00:00,183.764,183.858,183.756,183.816,1750.0
2026-05-04 19:00:00,183.814,183.84,183.776,183.826,3261.0
2026-05-04 20:00:00,183.825,183.852,183.721,183.736,6830.0
2026-05-04 21:00:00,183.738,183.798,183.688,183.742,6163.0
2026-05-04 22:00:00,183.742,183.816,183.728,183.766,4182.0
2026-05-04 23:00:00,183.765,183.786,183.734,183.76,2668.0
2026-05-05 00:00:00,183.759,183.813,183.684,183.69,3533.0
2026-05-05 01:00:00,183.686,183.765,183.67,183.764,7365.0
2026-05-05 02:00:00,183.758,183.818,183.709,183.746,8135.0
2026-05-05 03:00:00,183.748,183.828,183.697,183.806,10464.0
2026-05-05 04:00:00,183.806,183.951,183.786,183.853,9177.0
2026-05-05 05:00:00,183.852,184.496,183.704,184.147,13108.0
2026-05-05 06:00:00,184.142,184.309,184.122,184.258,7938.0
2026-05-05 07:00:00,184.258,184.428,184.246,184.402,9168.0
2026-05-05 08:00:00,184.4,184.524,184.292,184.481,12228.0
2026-05-05 09:00:00,184.482,184.615,184.47,184.571,11914.0
2026-05-05 10:00:00,184.574,184.654,184.529,184.585,15463.0
2026-05-05 11:00:00,184.586,184.675,184.542,184.601,11168.0
2026-05-05 12:00:00,184.6,184.657,184.527,184.613,7342.0
2026-05-05 13:00:00,184.612,184.722,184.608,184.678,7472.0
2026-05-05 14:00:00,184.676,184.762,184.666,184.722,4946.0
2026-05-05 15:00:00,184.722,184.738,184.63,184.658,5433.0
2026-05-05 16:00:00,184.656,184.672,184.622,184.642,3789.0
2026-05-05 17:00:00,184.61,184.654,184.598,184.65,749.0
2026-05-05 18:00:00,184.652,184.699,184.516,184.632,3380.0
2026-05-05 19:00:00,184.628,184.8,184.567,184.716,7706.0
2026-05-05 20:00:00,184.719,184.738,184.631,184.707,12888.0
2026-05-05 21:00:00,184.702,184.854,184.696,184.842,9685.0
2026-05-05 22:00:00,184.842,184.934,184.822,184.92,7272.0
2026-05-05 23:00:00,184.92,185.044,184.856,184.88,6864.0
2026-05-06 00:00:00,184.882,184.94,182.048,183.024,26901.0
2026-05-06 01:00:00,183.026,183.468,182.819,183.412,14879.0
2026-05-06 02:00:00,183.414,183.569,183.382,183.502,9697.0
2026-05-06 03:00:00,183.5,183.616,182.754,182.898,13432.0
2026-05-06 04:00:00,182.9,183.58,182.858,183.474,17520.0
2026-05-06 05:00:00,183.474,183.682,183.435,183.61,14392.0
2026-05-06 06:00:00,183.61,183.726,183.484,183.626,15929.0
2026-05-06 07:00:00,183.625,183.859,183.561,183.712,17957.0
2026-05-06 08:00:00,183.712,183.762,183.564,183.688,17524.0
2026-05-06 09:00:00,183.69,183.717,183.418,183.466,17531.0
2026-05-06 10:00:00,183.466,183.748,183.44,183.711,17034.0
2026-05-06 11:00:00,183.71,183.878,183.68,183.862,15079.0
2026-05-06 12:00:00,183.86,183.908,183.679,183.718,11127.0
2026-05-06 13:00:00,183.722,183.872,183.696,183.848,9347.0
2026-05-06 14:00:00,183.847,183.854,183.722,183.766,7969.0
2026-05-06 15:00:00,183.764,183.835,183.744,183.762,8761.0
2026-05-06 16:00:00,183.76,183.79,183.656,183.712,5755.0
2026-05-06 17:00:00,183.677,183.704,183.56,183.601,1925.0
2026-05-06 18:00:00,183.594,183.75,183.594,183.714,3351.0
2026-05-06 19:00:00,183.714,183.887,183.652,183.884,4081.0
2026-05-06 20:00:00,183.884,183.89,183.62,183.66,12510.0
2026-05-06 21:00:00,183.656,183.71,183.502,183.7,11087.0
2026-05-06 22:00:00,183.7,183.814,183.636,183.798,7750.0
2026-05-06 23:00:00,183.799,183.804,183.703,183.774,5573.0
2026-05-07 00:00:00,183.774,183.792,183.691,183.738,5646.0
2026-05-07 01:00:00,183.738,183.8,183.704,183.771,6396.0
2026-05-07 02:00:00,183.767,183.794,183.52,183.612,10112.0
2026-05-07 03:00:00,183.61,183.882,183.539,183.874,13901.0
2026-05-07 04:00:00,183.878,184.034,183.81,184.028,10044.0
2026-05-07 05:00:00,184.029,184.136,184.004,184.059,8880.0
2026-05-07 06:00:00,184.06,184.168,184.001,184.035,8225.0
2026-05-07 07:00:00,184.04,184.09,183.935,184.089,8217.0
2026-05-07 08:00:00,184.089,184.097,183.984,183.998,10387.0
2026-05-07 09:00:00,183.997,184.104,183.99,183.995,13882.0
2026-05-07 10:00:00,183.994,184.128,183.917,184.002,14292.0
2026-05-07 11:00:00,184.003,184.166,184.002,184.086,12769.0
2026-05-07 12:00:00,184.086,184.228,184.084,184.212,13293.0
2026-05-07 13:00:00,184.214,184.244,184.044,184.076,14807.0
2026-05-07 14:00:00,184.072,184.226,184.034,184.182,11695.0
2026-05-07 15:00:00,184.185,184.202,184.062,184.074,11809.0
2026-05-07 16:00:00,184.076,184.148,183.984,183.989,8224.0
2026-05-07 17:00:00,184.02,184.057,183.876,183.942,1997.0
2026-05-07 18:00:00,183.945,184.04,183.914,183.961,3593.0
2026-05-07 19:00:00,183.962,184.027,183.947,183.998,2934.0
2026-05-07 20:00:00,183.998,184.124,183.982,184.08,9373.0
2026-05-07 21:00:00,184.082,184.128,184.019,184.089,7533.0
2026-05-07 22:00:00,184.088,184.129,183.986,183.994,6655.0
2026-05-07 23:00:00,183.994,184.004,183.934,183.95,5380.0
2026-05-08 00:00:00,183.95,184.104,183.946,184.07,5520.0
2026-05-08 01:00:00,184.07,184.113,184.045,184.083,6187.0
2026-05-08 02:00:00,184.086,184.195,184.059,184.19,9003.0
2026-05-08 03:00:00,184.19,184.206,184.116,184.17,8965.0
2026-05-08 04:00:00,184.168,184.348,184.167,184.346,9998.0
2026-05-08 05:00:00,184.346,184.43,184.326,184.4,8308.0
2026-05-08 06:00:00,184.399,184.498,184.39,184.428,6246.0
2026-05-08 07:00:00,184.428,184.496,184.404,184.426,7424.0
2026-05-08 08:00:00,184.426,184.454,184.281,184.435,12355.0
2026-05-08 09:00:00,184.434,184.449,184.28,184.376,14052.0
2026-05-08 10:00:00,184.368,184.45,184.325,184.42,13499.0
2026-05-08 11:00:00,184.424,184.495,184.316,184.418,11842.0
2026-05-08 12:00:00,184.416,184.486,184.396,184.456,6732.0
2026-05-08 13:00:00,184.454,184.494,184.406,184.464,5596.0
2026-05-08 14:00:00,184.462,184.596,184.442,184.566,6663.0
2026-05-08 15:00:00,184.567,184.68,184.562,184.636,6256.0
2026-05-08 16:00:00,184.636,184.746,184.624,184.646,5279.0
2026-05-10 17:00:00,184.058,184.399,184.012,184.367,1071.0
2026-05-10 18:00:00,184.336,184.587,184.336,184.575,5007.0
2026-05-10 19:00:00,184.576,184.63,184.548,184.592,2935.0
2026-05-10 20:00:00,184.592,184.808,184.585,184.718,7977.0
2026-05-10 21:00:00,184.717,184.804,184.678,184.791,7813.0
2026-05-10 22:00:00,184.792,184.876,184.755,184.792,5722.0
2026-05-10 23:00:00,184.79,184.805,184.723,184.766,4785.0
2026-05-11 00:00:00,184.767,184.774,184.61,184.634,4222.0
2026-05-11 01:00:00,184.638,184.661,184.604,184.636,4861.0
2026-05-11 02:00:00,184.636,184.772,184.623,184.749,7504.0
2026-05-11 03:00:00,184.752,184.97,184.731,184.968,6740.0
2026-05-11 04:00:00,184.968,185.02,184.87,184.918,8196.0
2026-05-11 05:00:00,184.916,184.972,184.88,184.92,5666.0
2026-05-11 06:00:00,184.92,184.964,184.84,184.945,6528.0
2026-05-11 07:00:00,184.948,184.986,184.846,184.905,6841.0
2026-05-11 08:00:00,184.909,184.999,184.848,184.998,8726.0
2026-05-11 09:00:00,184.996,185.13,184.994,185.074,9741.0
2026-05-11 10:00:00,185.072,185.118,184.926,184.936,11097.0
2026-05-11 11:00:00,184.935,185.04,184.932,185.002,9828.0
2026-05-11 12:00:00,185.004,185.07,184.972,185.028,7294.0
2026-05-11 13:00:00,185.028,185.097,185.014,185.046,7169.0
2026-05-11 14:00:00,185.05,185.13,185.042,185.112,5165.0
2026-05-11 15:00:00,185.112,185.22,185.106,185.192,5897.0
2026-05-11 16:00:00,185.192,185.258,185.166,185.25,3199.0
2026-05-11 17:00:00,185.154,185.267,185.154,185.204,2235.0
2026-05-11 18:00:00,185.193,185.301,185.186,185.264,1881.0
2026-05-11 19:00:00,185.264,185.271,185.188,185.206,3207.0
2026-05-11 20:00:00,185.205,185.258,185.172,185.24,7008.0
2026-05-11 21:00:00,185.24,185.342,185.207,185.29,9423.0
2026-05-11 22:00:00,185.292,185.396,185.28,185.364,5093.0
2026-05-11 23:00:00,185.362,185.37,185.252,185.298,4060.0
2026-05-12 00:00:00,185.298,185.35,185.244,185.279,4252.0
2026-05-12 01:00:00,185.28,185.462,184.444,185.03,7474.0
2026-05-12 02:00:00,185.042,185.148,184.78,185.085,12474.0
2026-05-12 03:00:00,185.084,185.129,184.938,185.036,10181.0
2026-05-12 04:00:00,185.036,185.176,184.977,185.12,9860.0
2026-05-12 05:00:00,185.118,185.204,185.083,185.099,8461.0
2026-05-12 06:00:00,185.099,185.157,184.985,184.99,6340.0
2026-05-12 07:00:00,184.988,185.075,184.93,185.054,8216.0
2026-05-12 08:00:00,185.053,185.119,184.966,185.09,10851.0
2026-05-12 09:00:00,185.089,185.126,184.898,184.926,13567.0
2026-05-12 10:00:00,184.926,185.001,184.87,184.988,13071.0
2026-05-12 11:00:00,184.987,185.056,184.902,185.041,13138.0
2026-05-12 12:00:00,185.042,185.117,185.011,185.02,7836.0
2026-05-12 13:00:00,185.019,185.038,184.98,185.029,7573.0
2026-05-12 14:00:00,185.03,185.052,184.952,185.027,7015.0
2026-05-12 15:00:00,185.027,185.074,185.008,185.07,6057.0
2026-05-12 16:00:00,185.062,185.078,185.016,185.048,3285.0
2026-05-12 17:00:00,184.988,185.054,184.958,184.984,1021.0
2026-05-12 18:00:00,184.993,185.041,184.983,185.019,1180.0
2026-05-12 19:00:00,185.018,185.054,184.969,185.03,2354.0
2026-05-12 20:00:00,185.031,185.156,185.01,185.124,7486.0
2026-05-12 21:00:00,185.125,185.158,184.988,185.068,7467.0
2026-05-12 22:00:00,185.066,185.134,185.014,185.046,4562.0
2026-05-12 23:00:00,185.044,185.052,184.992,185.033,4300.0
2026-05-13 00:00:00,185.032,185.09,185.028,185.08,2313.0
2026-05-13 01:00:00,185.082,185.122,185.031,185.032,3398.0
2026-05-13 02:00:00,185.034,185.068,184.856,184.908,5647.0
2026-05-13 03:00:00,184.91,184.919,184.744,184.78,8638.0
2026-05-13 04:00:00,184.78,184.79,184.63,184.687,8503.0
2026-05-13 05:00:00,184.686,184.782,184.642,184.767,7425.0
2026-05-13 06:00:00,184.767,184.88,184.668,184.845,7937.0
2026-05-13 07:00:00,184.846,184.885,184.77,184.78,5801.0
2026-05-13 08:00:00,184.779,184.842,184.668,184.712,9652.0
2026-05-13 09:00:00,184.71,184.792,184.696,184.76,10790.0
2026-05-13 10:00:00,184.76,184.86,184.728,184.822,10755.0
2026-05-13 11:00:00,184.824,184.894,184.813,184.845,8958.0
2026-05-13 12:00:00,184.846,184.878,184.817,184.831,8265.0
2026-05-13 13:00:00,184.83,184.861,184.816,184.84,4905.0
2026-05-13 14:00:00,184.839,184.87,184.82,184.861,6320.0
2026-05-13 15:00:00,184.861,184.905,184.847,184.864,5925.0
2026-05-13 16:00:00,184.865,184.957,184.852,184.948,4084.0
2026-05-13 17:00:00,184.851,184.957,184.787,184.938,1306.0
2026-05-13 18:00:00,184.94,184.943,184.904,184.918,1697.0
2026-05-13 19:00:00,184.918,184.948,184.872,184.946,2336.0
2026-05-13 20:00:00,184.941,184.984,184.892,184.96,6710.0
2026-05-13 21:00:00,184.96,185.01,184.94,184.979,7274.0
2026-05-13 22:00:00,184.978,185.017,184.964,184.966,5969.0
2026-05-13 23:00:00,184.966,185.052,184.965,185.022,5630.0
2026-05-14 00:00:00,185.023,185.027,184.554,184.936,6851.0
2026-05-14 01:00:00,184.939,184.997,184.894,184.917,5673.0
2026-05-14 02:00:00,184.913,185.015,184.843,184.97,7097.0
2026-05-14 03:00:00,184.968,185.016,184.866,184.882,9014.0
2026-05-14 04:00:00,184.874,184.938,184.856,184.922,8122.0
2026-05-14 05:00:00,184.921,184.954,184.841,184.876,7145.0
2026-05-14 06:00:00,184.876,184.923,184.856,184.922,8484.0
2026-05-14 07:00:00,184.922,184.924,184.79,184.827,7598.0
2026-05-14 08:00:00,184.826,184.874,184.768,184.788,8425.0
2026-05-14 09:00:00,184.788,184.861,184.038,184.595,17198.0
2026-05-14 10:00:00,184.594,184.75,184.536,184.708,16365.0
2026-05-14 11:00:00,184.705,184.73,184.592,184.606,11589.0
2026-05-14 12:00:00,184.606,184.704,184.592,184.686,9719.0
2026-05-14 13:00:00,184.688,184.766,184.679,184.74,7847.0
2026-05-14 14:00:00,184.738,184.746,184.679,184.72,7616.0
2026-05-14 15:00:00,184.722,184.842,184.709,184.816,8059.0
2026-05-14 16:00:00,184.819,184.848,184.768,184.832,3291.0
2026-05-14 17:00:00,184.775,184.848,184.736,184.8,1701.0
2026-05-14 18:00:00,184.8,184.848,184.78,184.822,1631.0
2026-05-14 19:00:00,184.823,184.825,184.648,184.704,3259.0
2026-05-14 20:00:00,184.707,184.738,184.628,184.704,10392.0
2026-05-14 21:00:00,184.705,184.734,184.572,184.64,11378.0
2026-05-14 22:00:00,184.641,184.746,184.635,184.742,7780.0
2026-05-14 23:00:00,184.74,184.746,184.649,184.674,6147.0
2026-05-15 00:00:00,184.676,184.692,184.601,184.634,4776.0
2026-05-15 01:00:00,184.635,184.68,184.488,184.51,10107.0
2026-05-15 02:00:00,184.51,184.694,184.334,184.338,14335.0
2026-05-15 03:00:00,184.342,184.496,184.327,184.379,12964.0
2026-05-15 04:00:00,184.388,184.464,184.27,184.455,12276.0
2026-05-15 05:00:00,184.454,184.472,184.177,184.324,13343.0
2026-05-15 06:00:00,184.322,184.562,184.315,184.49,14407.0
2026-05-15 07:00:00,184.49,184.544,184.41,184.448,9724.0
2026-05-15 08:00:00,184.446,184.452,184.252,184.364,10035.0
2026-05-15 09:00:00,184.365,184.51,184.314,184.451,13820.0
2026-05-15 10:00:00,184.452,184.606,184.43,184.436,14556.0
2026-05-15 11:00:00,184.438,184.522,184.394,184.512,11479.0
2026-05-15 12:00:00,184.512,184.59,184.47,184.577,7864.0
2026-05-15 13:00:00,184.578,184.604,184.54,184.554,6867.0
2026-05-15 14:00:00,184.555,184.557,184.413,184.448,8379.0
2026-05-15 15:00:00,184.448,184.526,184.427,184.52,5837.0
2026-05-15 16:00:00,184.52,184.621,184.488,184.58,5106.0
2026-05-17 17:00:00,184.49,184.506,184.32,184.463,285.0
2026-05-17 18:00:00,184.485,184.608,184.452,184.568,3055.0
2026-05-17 19:00:00,184.568,184.58,184.48,184.488,4766.0
2026-05-17 20:00:00,184.491,184.596,184.46,184.551,11148.0
2026-05-17 21:00:00,184.552,184.652,184.484,184.644,10615.0
2026-05-17 22:00:00,184.644,184.648,184.557,184.589,7861.0
2026-05-17 23:00:00,184.59,184.846,184.586,184.833,5768.0
2026-05-18 00:00:00,184.834,184.89,184.628,184.752,6192.0
2026-05-18 01:00:00,184.753,184.762,184.674,184.747,6992.0
2026-05-18 02:00:00,184.746,184.892,184.698,184.888,9299.0
2026-05-18 03:00:00,184.888,184.944,184.82,184.858,9733.0
2026-05-18 04:00:00,184.858,184.932,184.812,184.9,9049.0
2026-05-18 05:00:00,184.897,184.946,184.873,184.922,7338.0
2026-05-18 06:00:00,184.923,184.95,184.782,184.79,7109.0
2026-05-18 07:00:00,184.786,184.98,184.779,184.914,11336.0
2026-05-18 08:00:00,184.916,185.042,184.894,184.9,12248.0
2026-05-18 09:00:00,184.897,184.976,184.858,184.96,14011.0
2026-05-18 10:00:00,184.963,185.046,184.924,184.924,13436.0
2026-05-18 11:00:00,184.926,185.063,184.892,185.017,12926.0
2026-05-18 12:00:00,185.016,185.218,184.96,185.184,11571.0
2026-05-18 13:00:00,185.18,185.2,185.11,185.111,7140.0
2026-05-18 14:00:00,185.112,185.135,184.982,184.994,8251.0
2026-05-18 15:00:00,184.996,185.146,184.995,185.12,12869.0
2026-05-18 16:00:00,185.122,185.202,185.074,185.168,5641.0
2026-05-18 17:00:00,185.136,185.144,185.043,185.12,662.0
2026-05-18 18:00:00,185.102,185.17,185.09,185.162,1477.0
2026-05-18 19:00:00,185.161,185.182,185.12,185.162,2336.0
2026-05-18 20:00:00,185.162,185.213,185.102,185.164,7960.0
2026-05-18 21:00:00,185.164,185.171,185.11,185.158,7113.0
2026-05-18 22:00:00,185.156,185.162,185.078,185.09,6056.0
2026-05-18 23:00:00,185.088,185.104,185.046,185.046,4688.0
2026-05-19 00:00:00,185.047,185.054,184.99,185.016,4750.0
2026-05-19 01:00:00,185.018,185.142,184.965,185.124,5389.0
2026-05-19 02:00:00,185.123,185.188,185.08,185.111,7730.0
2026-05-19 03:00:00,185.11,185.168,184.998,185.046,9823.0
2026-05-19 04:00:00,185.042,185.053,184.921,184.978,10096.0
2026-05-19 05:00:00,184.976,184.985,184.82,184.868,8582.0
2026-05-19 06:00:00,184.868,184.948,184.814,184.901,9892.0
2026-05-19 07:00:00,184.902,184.928,184.856,184.86,8557.0
2026-05-19 08:00:00,184.858,184.945,184.372,184.784,11969.0
2026-05-19 09:00:00,184.78,184.872,184.552,184.718,15620.0
2026-05-19 10:00:00,184.718,184.784,184.423,184.451,16520.0
2026-05-19 11:00:00,184.454,184.64,184.356,184.61,12752.0
2026-05-19 12:00:00,184.608,184.613,184.208,184.348,12761.0
2026-05-19 13:00:00,184.347,184.466,184.34,184.452,8483.0
2026-05-19 14:00:00,184.452,184.616,184.449,184.546,10289.0
2026-05-19 15:00:00,184.554,184.606,184.544,184.606,6634.0
2026-05-19 16:00:00,184.607,184.651,184.58,184.64,3280.0
2026-05-19 17:00:00,184.609,184.676,184.544,184.652,816.0
2026-05-19 18:00:00,184.646,184.688,184.617,184.66,2166.0
2026-05-19 19:00:00,184.659,184.664,184.598,184.602,3144.0
2026-05-19 20:00:00,184.6,184.649,184.45,184.46,11450.0
2026-05-19 21:00:00,184.457,184.504,184.389,184.44,11181.0
2026-05-19 22:00:00,184.441,184.467,184.292,184.32,8886.0
2026-05-19 23:00:00,184.32,184.384,184.289,184.332,7617.0
2026-05-20 00:00:00,184.332,184.416,184.316,184.376,6820.0
2026-05-20 01:00:00,184.379,184.42,184.274,184.34,7311.0
2026-05-20 02:00:00,184.34,184.414,184.31,184.361,9094.0
2026-05-20 03:00:00,184.366,184.416,184.342,184.406,9820.0
2026-05-20 04:00:00,184.41,184.416,184.277,184.344,10331.0
2026-05-20 05:00:00,184.339,184.399,184.318,184.334,7622.0
2026-05-20 06:00:00,184.334,184.473,184.322,184.457,7175.0
2026-05-20 07:00:00,184.458,184.508,184.39,184.496,6781.0
2026-05-20 08:00:00,184.496,184.528,184.366,184.388,7916.0
2026-05-20 09:00:00,184.384,184.44,184.342,184.416,10772.0
2026-05-20 10:00:00,184.416,184.697,184.358,184.579,20973.0
2026-05-20 11:00:00,184.582,184.704,184.514,184.566,18479.0
2026-05-20 12:00:00,184.566,184.689,184.565,184.656,13350.0
2026-05-20 13:00:00,184.656,184.722,184.608,184.644,11312.0
2026-05-20 14:00:00,184.652,184.788,184.64,184.748,9192.0
2026-05-20 15:00:00,184.75,184.786,184.71,184.72,7650.0
2026-05-20 16:00:00,184.72,184.772,184.703,184.77,4977.0
2026-05-20 17:00:00,184.734,184.742,184.662,184.7,1172.0
2026-05-20 18:00:00,184.695,184.72,184.668,184.698,1792.0
2026-05-20 19:00:00,184.698,184.726,184.672,184.71,2376.0
2026-05-20 20:00:00,184.712,184.76,184.691,184.738,7692.0
2026-05-20 21:00:00,184.74,184.814,184.678,184.724,8406.0
2026-05-20 22:00:00,184.728,184.749,184.628,184.694,6047.0
2026-05-20 23:00:00,184.695,184.735,184.66,184.706,3714.0
2026-05-21 00:00:00,184.704,184.802,184.698,184.792,3352.0
2026-05-21 01:00:00,184.792,184.828,184.76,184.802,4791.0
2026-05-21 02:00:00,184.799,184.891,184.77,184.836,6899.0
2026-05-21 03:00:00,184.839,184.842,184.407,184.594,15604.0
2026-05-21 04:00:00,184.594,184.943,184.534,184.795,12079.0
2026-05-21 05:00:00,184.795,184.888,184.754,184.849,7571.0
2026-05-21 06:00:00,184.848,184.911,184.57,184.704,12691.0
2026-05-21 07:00:00,184.706,184.754,184.56,184.608,8277.0
2026-05-21 08:00:00,184.608,184.7,184.533,184.589,9467.0
2026-05-21 09:00:00,184.586,184.64,184.396,184.586,14416.0
2026-05-21 10:00:00,184.59,184.639,184.452,184.519,14997.0
2026-05-21 11:00:00,184.518,184.564,184.394,184.453,13591.0
2026-05-21 12:00:00,184.452,184.556,184.406,184.532,8863.0
2026-05-21 13:00:00,184.532,184.756,184.506,184.706,15873.0
2026-05-21 14:00:00,184.701,184.774,184.649,184.714,12046.0
2026-05-21 15:00:00,184.714,184.746,184.656,184.69,9238.0
2026-05-21 16:00:00,184.698,184.732,184.661,184.702,3551.0
2026-05-21 17:00:00,184.666,184.776,184.635,184.71,1273.0
2026-05-21 18:00:00,184.704,184.748,184.688,184.728,1416.0
2026-05-21 19:00:00,184.732,184.768,184.702,184.758,1956.0
2026-05-21 20:00:00,184.76,184.803,184.709,184.778,6443.0
2026-05-21 21:00:00,184.775,184.811,184.713,184.719,5494.0
2026-05-21 22:00:00,184.718,184.734,184.648,184.672,4843.0
2026-05-21 23:00:00,184.671,184.682,184.63,184.679,4059.0
2026-05-22 00:00:00,184.676,184.768,184.656,184.766,3027.0
2026-05-22 01:00:00,184.762,184.807,184.707,184.741,4846.0
2026-05-22 02:00:00,184.74,184.786,184.65,184.723,6971.0
2026-05-22 03:00:00,184.72,184.742,184.628,184.726,6216.0
2026-05-22 04:00:00,184.728,184.762,184.636,184.672,7837.0
2026-05-22 05:00:00,184.67,184.688,184.544,184.628,7323.0
2026-05-22 06:00:00,184.628,184.67,184.512,184.546,6454.0
2026-05-22 07:00:00,184.546,184.624,184.493,184.546,6765.0
2026-05-22 08:00:00,184.548,184.652,184.524,184.598,10267.0
2026-05-22 09:00:00,184.598,184.738,184.586,184.612,12406.0
2026-05-22 10:00:00,184.61,184.628,184.45,184.525,12321.0
2026-05-22 11:00:00,184.524,184.759,184.512,184.716,9123.0
2026-05-22 12:00:00,184.714,184.826,184.686,184.824,7597.0
2026-05-22 13:00:00,184.824,184.86,184.756,184.804,9880.0
2026-05-22 14:00:00,184.806,184.822,184.766,184.784,6949.0
2026-05-22 15:00:00,184.78,184.796,184.706,184.73,6344.0
2026-05-22 16:00:00,184.73,184.742,184.63,184.718,5209.0
2026-05-24 17:00:00,184.887,184.915,184.774,184.834,832.0
2026-05-24 18:00:00,184.856,184.994,184.802,184.992,5079.0
2026-05-24 19:00:00,184.991,185.074,184.98,185.056,3144.0
2026-05-24 20:00:00,185.053,185.064,184.904,184.91,6878.0
2026-05-24 21:00:00,184.911,184.944,184.845,184.92,7311.0
2026-05-24 22:00:00,184.921,184.95,184.858,184.868,4602.0
2026-05-24 23:00:00,184.868,184.91,184.854,184.9,5686.0
2026-05-25 00:00:00,184.902,184.974,184.88,184.949,3705.0
2026-05-25 01:00:00,184.948,184.996,184.923,184.979,4708.0
2026-05-25 02:00:00,184.977,185.05,184.938,184.985,6767.0
2026-05-25 03:00:00,184.986,185.03,184.952,185.006,7706.0
2026-05-25 04:00:00,185.002,185.09,184.953,185.038,6123.0
2026-05-25 05:00:00,185.036,185.062,185.006,185.015,4465.0
2026-05-25 06:00:00,185.016,185.074,185.012,185.06,4176.0
2026-05-25 07:00:00,185.059,185.126,185.029,185.064,5123.0
2026-05-25 08:00:00,185.068,185.142,185.036,185.096,6287.0
2026-05-25 09:00:00,185.095,185.118,184.96,184.962,5929.0
2026-05-25 10:00:00,184.967,185.072,184.956,185.016,5783.0
2026-05-25 11:00:00,185.02,185.098,184.994,184.994,5439.0
2026-05-25 12:00:00,184.996,185.012,184.926,184.976,3552.0
2026-05-25 13:00:00,184.976,185.025,184.962,185.01,2044.0
2026-05-25 14:00:00,185.01,185.027,184.99,185.02,1388.0
2026-05-25 15:00:00,185.019,185.024,184.997,185.012,1393.0
2026-05-25 16:00:00,185.012,185.051,185.012,185.046,1700.0
2026-05-25 17:00:00,184.975,185.046,184.902,184.952,1083.0
2026-05-25 18:00:00,184.994,185.032,184.968,185.007,1903.0
2026-05-25 19:00:00,185.005,185.058,184.946,184.964,2592.0
2026-05-25 20:00:00,184.964,185.044,184.94,185.024,7194.0
2026-05-25 21:00:00,185.024,185.043,184.896,184.942,6996.0
2026-05-25 22:00:00,184.94,184.95,184.899,184.916,4303.0
2026-05-25 23:00:00,184.916,184.948,184.899,184.942,3055.0
2026-05-26 00:00:00,184.942,184.943,184.89,184.918,3459.0
2026-05-26 01:00:00,184.918,184.93,184.884,184.916,4957.0
2026-05-26 02:00:00,184.917,185.153,184.905,185.114,6575.0
2026-05-26 03:00:00,185.114,185.282,185.024,185.261,7923.0
2026-05-26 04:00:00,185.262,185.363,185.236,185.267,6813.0
2026-05-26 05:00:00,185.27,185.348,185.194,185.308,6465.0
2026-05-26 06:00:00,185.308,185.318,185.191,185.274,7449.0
2026-05-26 07:00:00,185.271,185.323,185.208,185.218,7305.0
2026-05-26 08:00:00,185.218,185.252,185.192,185.216,7032.0
2026-05-26 09:00:00,185.214,185.256,185.064,185.169,9909.0
2026-05-26 10:00:00,185.173,185.223,185.09,185.214,11387.0
2026-05-26 11:00:00,185.214,185.225,185.106,185.17,9093.0
2026-05-26 12:00:00,185.174,185.254,185.158,185.181,5421.0
2026-05-26 13:00:00,185.184,185.252,185.153,185.246,5023.0
2026-05-26 14:00:00,185.247,185.3,185.236,185.298,5087.0
2026-05-26 15:00:00,185.298,185.321,185.265,185.321,4051.0
2026-05-26 16:00:00,185.32,185.328,185.284,185.31,3320.0
2026-05-26 17:00:00,185.239,185.314,185.228,185.252,3456.0
2026-05-26 18:00:00,185.252,185.314,185.248,185.275,1568.0
2026-05-26 19:00:00,185.276,185.328,185.27,185.315,2101.0
2026-05-26 20:00:00,185.314,185.422,185.278,185.372,6702.0
2026-05-26 21:00:00,185.368,185.383,185.286,185.332,6531.0
2026-05-26 22:00:00,185.332,185.374,185.284,185.318,5564.0
2026-05-26 23:00:00,185.317,185.348,185.276,185.296,4306.0
2026-05-27 00:00:00,185.292,185.391,185.29,185.38,3551.0
2026-05-27 01:00:00,185.379,185.5,185.375,185.478,4701.0
2026-05-27 02:00:00,185.48,185.589,185.456,185.576,6002.0
2026-05-27 03:00:00,185.58,185.626,185.499,185.504,6157.0
2026-05-27 04:00:00,185.504,185.707,185.465,185.613,7256.0
2026-05-27 05:00:00,185.613,185.619,185.524,185.57,6013.0
2026-05-27 06:00:00,185.565,185.568,185.456,185.51,6441.0
2026-05-27 07:00:00,185.512,185.578,185.483,185.544,6969.0
2026-05-27 08:00:00,185.542,185.789,185.51,185.624,14267.0
2026-05-27 09:00:00,185.624,185.674,185.501,185.546,14115.0
2026-05-27 10:00:00,185.546,185.75,185.42,185.44,15779.0
2026-05-27 11:00:00,185.438,185.538,185.408,185.471,9533.0
2026-05-27 12:00:00,185.472,185.54,185.434,185.534,6515.0
2026-05-27 13:00:00,185.534,185.551,185.432,185.486,5244.0
2026-05-27 14:00:00,185.486,185.514,185.434,185.498,4711.0
2026-05-27 15:00:00,185.498,185.554,185.493,185.528,3687.0
2026-05-27 16:00:00,185.526,185.538,185.456,185.457,3047.0
2026-05-27 17:00:00,185.461,185.512,185.394,185.46,2235.0
2026-05-27 18:00:00,185.456,185.498,185.44,185.444,1584.0
2026-05-27 19:00:00,185.445,185.48,185.36,185.387,2969.0
2026-05-27 20:00:00,185.384,185.458,185.375,185.416,5850.0
2026-05-27 21:00:00,185.42,185.427,185.274,185.285,5854.0
2026-05-27 22:00:00,185.287,185.314,185.266,185.291,5008.0
2026-05-27 23:00:00,185.29,185.3,184.954,184.954,8676.0
2026-05-28 00:00:00,184.954,185.005,184.899,184.98,5904.0
2026-05-28 01:00:00,184.98,185.108,184.916,185.08,6195.0
2026-05-28 02:00:00,185.076,185.194,185.072,185.174,7332.0
2026-05-28 03:00:00,185.17,185.268,185.166,185.185,7366.0
2026-05-28 04:00:00,185.185,185.24,185.152,185.222,7627.0
2026-05-28 05:00:00,185.22,185.247,185.132,185.134,6416.0
2026-05-28 06:00:00,185.134,185.144,185.041,185.042,7285.0
2026-05-28 07:00:00,185.042,185.329,185.026,185.246,7211.0
2026-05-28 08:00:00,185.242,185.454,185.218,185.45,9705.0
2026-05-28 09:00:00,185.45,185.534,185.402,185.458,9941.0
2026-05-28 10:00:00,185.456,185.658,185.396,185.461,18079.0
2026-05-28 11:00:00,185.466,185.614,185.464,185.546,9781.0
2026-05-28 12:00:00,185.548,185.624,185.499,185.536,9464.0
2026-05-28 13:00:00,185.54,185.548,185.492,185.522,6095.0
2026-05-28 14:00:00,185.522,185.542,185.488,185.505,5946.0
2026-05-28 15:00:00,185.504,185.53,185.474,185.488,4787.0
2026-05-28 16:00:00,185.488,185.529,185.452,185.523,2727.0
2026-05-28 17:00:00,185.519,185.577,185.509,185.536,1570.0
2026-05-28 18:00:00,185.544,185.576,185.511,185.551,1764.0
2026-05-28 19:00:00,185.55,185.594,185.518,185.594,2664.0
2026-05-28 20:00:00,185.593,185.65,185.552,185.553,6465.0
2026-05-28 21:00:00,185.554,185.647,185.504,185.52,7428.0
2026-05-28 22:00:00,185.525,185.56,185.492,185.522,4522.0
2026-05-28 23:00:00,185.522,185.528,185.417,185.453,5286.0
2026-05-29 00:00:00,185.452,185.5,185.394,185.416,4122.0
2026-05-29 01:00:00,185.414,185.495,185.402,185.476,4764.0
2026-05-29 02:00:00,185.474,185.577,185.474,185.54,6737.0
2026-05-29 03:00:00,185.539,185.56,185.396,185.422,8507.0
2026-05-29 04:00:00,185.421,185.421,185.188,185.236,8754.0
2026-05-29 05:00:00,185.232,185.452,185.208,185.449,7952.0
2026-05-29 06:00:00,185.446,185.494,185.4,185.462,7558.0
2026-05-29 07:00:00,185.456,185.505,185.397,185.491,7890.0
2026-05-29 08:00:00,185.492,185.528,185.44,185.522,8543.0
2026-05-29 09:00:00,185.523,185.602,185.48,185.546,9659.0
2026-05-29 10:00:00,185.546,185.84,185.494,185.754,14351.0
2026-05-29 11:00:00,185.754,185.983,185.716,185.952,14593.0
2026-05-29 12:00:00,185.952,185.96,185.779,185.821,8311.0
2026-05-29 13:00:00,185.822,185.832,185.734,185.762,6735.0
2026-05-29 14:00:00,185.762,185.812,185.744,185.768,7884.0
2026-05-29 15:00:00,185.768,185.838,185.755,185.777,7079.0
2026-05-29 16:00:00,185.78,185.782,185.678,185.748,6200.0
2026-05-31 17:00:00,185.734,185.82,185.728,185.808,668.0
2026-05-31 18:00:00,185.812,185.822,185.716,185.76,7020.0
2026-05-31 19:00:00,185.762,185.767,185.63,185.64,6932.0
2026-05-31 20:00:00,185.64,185.766,185.637,185.731,11548.0
2026-05-31 21:00:00,185.732,185.744,185.679,185.726,6486.0
2026-05-31 22:00:00,185.724,185.734,185.69,185.721,3098.0
2026-05-31 23:00:00,185.724,185.75,185.66,185.7,4294.0
2026-06-01 00:00:00,185.693,185.754,185.69,185.741,2419.0
2026-06-01 01:00:00,185.743,185.844,185.74,185.796,4309.0
2026-06-01 02:00:00,185.796,185.981,185.793,185.967,8985.0
2026-06-01 03:00:00,185.964,185.964,185.821,185.888,8827.0
2026-06-01 04:00:00,185.889,185.919,185.827,185.89,7870.0
2026-06-01 05:00:00,185.888,185.924,185.753,185.784,7387.0
2026-06-01 06:00:00,185.783,185.79,185.704,185.724,6436.0
2026-06-01 07:00:00,185.724,185.768,185.65,185.746,7360.0
2026-06-01 08:00:00,185.745,185.786,185.716,185.762,9737.0
2026-06-01 09:00:00,185.762,185.794,185.452,185.454,18029.0
2026-06-01 10:00:00,185.44,185.572,185.394,185.556,14552.0
2026-06-01 11:00:00,185.556,185.608,185.47,185.574,11842.0
2026-06-01 12:00:00,185.575,185.625,185.516,185.618,9464.0
2026-06-01 13:00:00,185.618,185.762,185.582,185.732,8779.0
2026-06-01 14:00:00,185.733,185.823,185.709,185.814,4746.0
2026-06-01 15:00:00,185.805,185.807,185.698,185.753,5859.0
2026-06-01 16:00:00,185.752,185.766,185.714,185.734,3358.0
2026-06-01 17:00:00,185.688,185.794,185.666,185.726,2408.0
2026-06-01 18:00:00,185.725,185.762,185.702,185.743,1912.0
2026-06-01 19:00:00,185.746,185.77,185.71,185.757,2493.0
2026-06-01 20:00:00,185.756,185.791,185.7,185.714,6189.0
2026-06-01 21:00:00,185.714,185.779,185.705,185.751,6532.0
2026-06-01 22:00:00,185.752,185.79,185.739,185.763,3973.0
2026-06-01 23:00:00,185.764,185.834,185.763,185.822,3632.0
2026-06-02 00:00:00,185.822,185.902,185.82,185.891,3371.0
2026-06-02 01:00:00,185.891,185.91,185.874,185.892,3078.0
2026-06-02 02:00:00,185.896,186.099,185.887,186.067,8015.0
2026-06-02 03:00:00,186.068,186.073,185.985,186.024,7547.0
2026-06-02 04:00:00,186.024,186.055,185.968,186.0,6778.0
2026-06-02 05:00:00,186.003,186.006,185.931,185.99,5980.0
2026-06-02 06:00:00,185.991,186.014,185.911,185.985,6117.0
2026-06-02 07:00:00,185.984,186.138,185.98,186.098,5939.0
2026-06-02 08:00:00,186.1,186.204,186.069,186.154,7840.0
2026-06-02 09:00:00,186.154,186.187,186.032,186.074,10226.0
2026-06-02 10:00:00,186.074,186.184,186.003,186.141,8962.0
2026-06-02 11:00:00,186.138,186.172,186.043,186.106,6974.0
2026-06-02 12:00:00,186.105,186.106,185.932,185.948,4634.0
2026-06-02 13:00:00,185.948,185.969,185.887,185.902,4900.0
2026-06-02 14:00:00,185.903,185.97,185.803,185.945,4596.0
2026-06-02 15:00:00,185.946,186.054,185.946,186.034,3695.0
2026-06-02 16:00:00,186.036,186.068,185.999,186.025,2622.0
2026-06-02 17:00:00,185.944,186.046,185.937,185.988,1397.0
2026-06-02 18:00:00,185.99,185.994,185.947,185.978,2090.0
2026-06-02 19:00:00,185.978,185.991,185.906,185.922,3529.0
2026-06-02 20:00:00,185.922,186.011,185.903,185.992,5508.0
2026-06-02 21:00:00,185.992,185.996,185.894,185.911,5852.0
2026-06-02 22:00:00,185.915,185.93,185.856,185.902,4272.0
2026-06-02 23:00:00,185.902,185.95,185.892,185.91,3593.0
2026-06-03 00:00:00,185.912,185.913,185.86,185.882,3218.0
2026-06-03 01:00:00,185.882,185.906,185.814,185.815,4839.0
2026-06-03 02:00:00,185.816,185.854,185.739,185.838,8120.0
2026-06-03 03:00:00,185.835,185.844,185.45,185.512,12190.0
2026-06-03 04:00:00,185.512,185.568,185.114,185.449,12630.0
2026-06-03 05:00:00,185.451,185.666,185.45,185.573,7145.0
2026-06-03 06:00:00,185.574,185.696,185.548,185.623,9002.0
2026-06-03 07:00:00,185.622,185.746,185.608,185.699,5558.0
2026-06-03 08:00:00,185.7,185.712,185.456,185.516,10129.0
2026-06-03 09:00:00,185.51,185.635,185.488,185.61,11347.0
2026-06-03 10:00:00,185.611,185.749,185.502,185.735,14323.0
2026-06-03 11:00:00,185.734,185.738,185.634,185.642,11705.0
2026-06-03 12:00:00,185.643,185.656,185.541,185.589,8111.0
2026-06-03 13:00:00,185.59,185.638,185.559,185.63,5755.0
2026-06-03 14:00:00,185.631,185.634,185.584,185.612,4830.0
2026-06-03 15:00:00,185.608,185.664,185.591,185.659,5064.0
2026-06-03 16:00:00,185.656,185.708,185.646,185.684,3159.0
2026-06-03 17:00:00,185.662,185.686,185.593,185.61,1281.0
2026-06-03 18:00:00,185.612,185.64,185.562,185.599,3201.0
2026-06-03 19:00:00,185.6,185.704,185.583,185.686,5094.0
2026-06-03 20:00:00,185.683,185.701,185.6,185.604,8431.0
2026-06-03 21:00:00,185.601,185.628,185.572,185.62,8354.0
2026-06-03 22:00:00,185.62,185.661,185.589,185.642,4969.0
2026-06-03 23:00:00,185.643,185.666,185.596,185.666,4589.0
2026-06-04 00:00:00,185.666,185.68,185.352,185.606,5009.0
2026-06-04 01:00:00,185.605,185.64,185.589,185.627,4487.0
2026-06-04 02:00:00,185.628,185.684,185.594,185.659,7493.0
2026-06-04 03:00:00,185.66,185.668,185.48,185.557,8105.0
2026-06-04 04:00:00,185.552,185.681,185.55,185.669,8613.0
2026-06-04 05:00:00,185.668,185.884,185.668,185.848,8514.0
2026-06-04 06:00:00,185.848,185.997,185.84,185.946,8419.0
2026-06-04 07:00:00,185.946,186.094,185.938,186.0,10424.0
2026-06-04 08:00:00,185.998,186.101,185.992,186.036,9700.0
2026-06-04 09:00:00,186.036,186.105,186.004,186.08,10375.0
2026-06-04 10:00:00,186.082,186.116,186.024,186.072,9317.0
2026-06-04 11:00:00,186.073,186.11,185.957,186.02,7348.0
2026-06-04 12:00:00,186.021,186.036,185.929,185.942,5375.0
2026-06-04 13:00:00,185.942,185.961,185.899,185.925,4260.0
2026-06-04 14:00:00,185.926,185.938,185.841,185.873,4472.0
2026-06-04 15:00:00,185.872,185.883,185.794,185.817,3901.0
2026-06-04 16:00:00,185.818,185.83,185.778,185.809,2571.0
2026-06-04 17:00:00,185.876,185.892,185.78,185.796,1574.0
2026-06-04 18:00:00,185.788,185.822,185.781,185.798,1258.0
2026-06-04 19:00:00,185.802,185.82,185.779,185.794,1990.0
2026-06-04 20:00:00,185.787,185.819,185.721,185.758,6388.0
2026-06-04 21:00:00,185.754,185.79,185.702,185.771,7716.0
2026-06-04 22:00:00,185.775,185.827,185.762,185.797,3756.0
2026-06-04 23:00:00,185.8,185.824,185.764,185.79,4269.0
2026-06-05 00:00:00,185.788,185.825,185.774,185.812,3249.0
2026-06-05 01:00:00,185.81,185.834,185.771,185.808,4029.0
2026-06-05 02:00:00,185.806,185.898,185.764,185.888,7104.0
2026-06-05 03:00:00,185.887,186.096,185.878,186.057,6599.0
2026-06-05 04:00:00,186.054,186.165,186.054,186.128,6572.0
2026-06-05 05:00:00,186.129,186.209,186.102,186.154,7554.0
2026-06-05 06:00:00,186.154,186.205,186.116,186.143,5193.0
2026-06-05 07:00:00,186.142,186.148,186.01,186.086,6157.0
2026-06-05 08:00:00,186.092,186.118,185.63,185.634,15470.0
2026-06-05 09:00:00,185.635,185.701,185.24,185.32,20214.0
2026-06-05 10:00:00,185.322,185.381,185.096,185.258,15930.0
2026-06-05 11:00:00,185.258,185.266,184.762,184.826,13003.0
2026-06-05 12:00:00,184.827,184.844,184.719,184.841,10590.0
2026-06-05 13:00:00,184.836,184.861,184.7,184.758,7579.0
2026-06-05 14:00:00,184.759,184.771,184.502,184.56,9433.0
2026-06-05 15:00:00,184.561,184.674,184.498,184.62,7546.0
2026-06-05 16:00:00,184.62,184.758,184.558,184.727,6261.0
2026-06-07 17:00:00,184.481,184.576,184.429,184.524,200.0
2026-06-07 18:00:00,184.508,184.682,184.504,184.599,5116.0
2026-06-07 19:00:00,184.6,184.75,184.582,184.742,5299.0
2026-06-07 20:00:00,184.74,184.914,184.656,184.911,8575.0
2026-06-07 21:00:00,184.91,184.944,184.592,184.808,12927.0
2026-06-07 22:00:00,184.81,184.933,184.745,184.894,7666.0
2026-06-07 23:00:00,184.895,184.916,184.858,184.909,4703.0
2026-06-08 00:00:00,184.908,184.928,184.848,184.899,4505.0
2026-06-08 01:00:00,184.9,185.0,184.588,184.61,7947.0
2026-06-08 02:00:00,184.61,184.772,184.534,184.548,10383.0
2026-06-08 03:00:00,184.548,184.696,184.525,184.53,11451.0
2026-06-08 04:00:00,184.525,184.586,183.977,184.158,12502.0
2026-06-08 05:00:00,184.159,184.242,184.028,184.212,13345.0
2026-06-08 06:00:00,184.214,184.438,184.173,184.4,10204.0
2026-06-08 07:00:00,184.399,184.625,184.374,184.552,12243.0
2026-06-08 08:00:00,184.552,184.646,184.522,184.628,10457.0
2026-06-08 09:00:00,184.632,184.818,184.62,184.706,13517.0
2026-06-08 10:00:00,184.706,184.783,184.689,184.77,13051.0
2026-06-08 11:00:00,184.772,184.87,184.738,184.848,10959.0
2026-06-08 12:00:00,184.846,184.858,184.781,184.808,7783.0
2026-06-08 13:00:00,184.809,184.854,184.794,184.802,7456.0
2026-06-08 14:00:00,184.803,184.849,184.745,184.75,5981.0
2026-06-08 15:00:00,184.75,184.808,184.73,184.741,6204.0
2026-06-08 16:00:00,184.74,184.762,184.706,184.724,3312.0
2026-06-08 17:00:00,184.758,184.806,184.73,184.772,1244.0
2026-06-08 18:00:00,184.786,184.786,184.694,184.746,2236.0
2026-06-08 19:00:00,184.746,184.758,184.655,184.659,2902.0
2026-06-08 20:00:00,184.655,184.786,184.607,184.772,9003.0
2026-06-08 21:00:00,184.772,184.858,184.758,184.858,8891.0
2026-06-08 22:00:00,184.856,184.871,184.834,184.858,4981.0
2026-06-08 23:00:00,184.857,184.906,184.824,184.904,4873.0
2026-06-09 00:00:00,184.904,184.991,184.882,184.952,4227.0
2026-06-09 01:00:00,184.952,184.956,184.844,184.896,6883.0
2026-06-09 02:00:00,184.894,184.974,184.836,184.897,10018.0
2026-06-09 03:00:00,184.9,184.932,184.821,184.858,10123.0
2026-06-09 04:00:00,184.858,185.046,184.821,185.018,8257.0
2026-06-09 05:00:00,185.017,185.217,185.015,185.206,6166.0
2026-06-09 06:00:00,185.206,185.29,185.194,185.243,5958.0
2026-06-09 07:00:00,185.244,185.373,185.244,185.349,5934.0
2026-06-09 08:00:00,185.352,185.418,185.314,185.399,7603.0
2026-06-09 09:00:00,185.399,185.468,185.262,185.296,11254.0
2026-06-09 10:00:00,185.296,185.379,185.172,185.289,14536.0
2026-06-09 11:00:00,185.292,185.361,185.077,185.146,13819.0
2026-06-09 12:00:00,185.144,185.178,184.969,185.12,16176.0
2026-06-09 13:00:00,185.121,185.194,185.09,185.18,11533.0
2026-06-09 14:00:00,185.18,185.26,185.168,185.212,8539.0
2026-06-09 15:00:00,185.214,185.222,185.093,185.142,7617.0
2026-06-09 16:00:00,185.142,185.176,185.106,185.122,2819.0
2026-06-09 17:00:00,185.117,185.124,185.004,185.032,864.0
2026-06-09 18:00:00,185.027,185.081,185.017,185.05,2053.0
2026-06-09 19:00:00,185.048,185.094,184.986,185.014,3754.0
2026-06-09 20:00:00,185.014,185.127,184.976,185.118,9135.0
2026-06-09 21:00:00,185.121,185.126,184.958,185.046,8716.0
2026-06-09 22:00:00,185.047,185.118,185.021,185.106,6195.0
2026-06-09 23:00:00,185.104,185.246,185.104,185.224,5359.0
2026-06-10 00:00:00,185.223,185.226,185.127,185.172,5836.0
2026-06-10 01:00:00,185.172,185.298,185.147,185.27,6966.0
2026-06-10 02:00:00,185.27,185.348,185.218,185.226,9074.0
2026-06-10 03:00:00,185.226,185.352,185.194,185.315,7667.0
2026-06-10 04:00:00,185.317,185.35,185.241,185.35,8889.0
2026-06-10 05:00:00,185.35,185.47,185.298,185.44,9159.0
2026-06-10 06:00:00,185.44,185.476,185.356,185.374,6876.0
2026-06-10 07:00:00,185.377,185.377,185.146,185.164,12525.0
2026-06-10 08:00:00,185.166,185.438,185.152,185.284,13905.0
2026-06-10 09:00:00,185.278,185.576,185.271,185.449,13844.0
2026-06-10 10:00:00,185.446,185.51,185.318,185.396,15543.0
2026-06-10 11:00:00,185.397,185.448,185.162,185.337,15066.0
2026-06-10 12:00:00,185.339,185.502,185.325,185.426,10142.0
2026-06-10 13:00:00,185.426,185.444,185.326,185.426,10268.0
2026-06-10 14:00:00,185.426,185.48,185.316,185.348,7411.0
2026-06-10 15:00:00,185.348,185.358,185.276,185.286,7598.0
2026-06-10 16:00:00,185.286,185.286,185.214,185.215,3847.0
2026-06-10 17:00:00,185.168,185.235,185.156,185.175,813.0
2026-06-10 18:00:00,185.174,185.19,185.062,185.112,3325.0
2026-06-10 19:00:00,185.111,185.214,185.053,185.18,5977.0
2026-06-10 20:00:00,185.18,185.294,185.168,185.275,10184.0
2026-06-10 21:00:00,185.276,185.444,185.276,185.433,8417.0
2026-06-10 22:00:00,185.434,185.435,185.333,185.364,6940.0
2026-06-10 23:00:00,185.363,185.382,185.318,185.318,6294.0
2026-06-11 00:00:00,185.318,185.389,185.293,185.362,5350.0
2026-06-11 01:00:00,185.36,185.41,185.334,185.388,5940.0
2026-06-11 02:00:00,185.388,185.403,185.298,185.312,7213.0
2026-06-11 03:00:00,185.312,185.473,185.298,185.307,8744.0
2026-06-11 04:00:00,185.308,185.314,185.109,185.134,8627.0
2026-06-11 05:00:00,185.134,185.218,185.105,185.158,7345.0
2026-06-11 06:00:00,185.156,185.17,185.004,185.11,6967.0
2026-06-11 07:00:00,185.11,185.262,185.11,185.23,7381.0
2026-06-11 08:00:00,185.236,185.303,184.938,185.252,14772.0
2026-06-11 09:00:00,185.252,185.273,184.924,185.036,14389.0
2026-06-11 10:00:00,185.036,185.048,184.821,184.893,12994.0
2026-06-11 11:00:00,184.892,184.94,184.796,184.82,11980.0
2026-06-11 12:00:00,184.822,184.847,184.742,184.755,8753.0
2026-06-11 13:00:00,184.756,185.213,184.659,184.962,18025.0
2026-06-11 14:00:00,184.963,185.04,184.938,185.022,16000.0
2026-06-11 15:00:00,185.022,185.126,184.916,185.024,15108.0
2026-06-11 16:00:00,185.022,185.241,185.022,185.233,6388.0
2026-06-11 17:00:00,185.194,185.256,185.156,185.206,1323.0
2026-06-11 18:00:00,185.199,185.384,185.19,185.381,4485.0
2026-06-11 19:00:00,185.382,185.392,185.278,185.369,4655.0
2026-06-11 20:00:00,185.368,185.386,185.264,185.312,10202.0
2026-06-11 21:00:00,185.311,185.326,185.166,185.322,8948.0
2026-06-11 22:00:00,185.322,185.426,185.312,185.402,6441.0
2026-06-11 23:00:00,185.4,185.45,185.38,185.423,6183.0
2026-06-12 00:00:00,185.424,185.475,185.406,185.444,5289.0
2026-06-12 01:00:00,185.445,185.464,185.318,185.318,7799.0
2026-06-12 02:00:00,185.32,185.557,185.318,185.538,9922.0
2026-06-12 03:00:00,185.541,185.546,185.329,185.395,10117.0
2026-06-12 04:00:00,185.393,185.473,185.294,185.339,15737.0
2026-06-12 05:00:00,185.34,185.453,185.281,185.42,11607.0
2026-06-12 06:00:00,185.418,185.436,185.284,185.295,10189.0
2026-06-12 07:00:00,185.296,185.406,185.292,185.344,8441.0
2026-06-12 08:00:00,185.344,185.37,185.254,185.31,9060.0
2026-06-12 09:00:00,185.31,185.502,185.298,185.441,14239.0
2026-06-12 10:00:00,185.436,185.505,185.394,185.452,15534.0
2026-06-12 11:00:00,185.45,185.548,185.428,185.454,12411.0
2026-06-12 12:00:00,185.454,185.485,185.37,185.464,9266.0
2026-06-12 13:00:00,185.462,185.476,185.406,185.426,6288.0
2026-06-12 14:00:00,185.426,185.495,185.415,185.468,4709.0
2026-06-12 15:00:00,185.466,185.48,185.36,185.38,5983.0
2026-06-12 16:00:00,185.381,185.4,185.306,185.338,4034.0
2026-06-14 17:00:00,185.379,185.498,185.279,185.471,1276.0
2026-06-14 18:00:00,185.466,185.701,185.405,185.668,7118.0
2026-06-14 19:00:00,185.666,185.674,185.564,185.604,5146.0
2026-06-14 20:00:00,185.604,185.76,185.592,185.712,9150.0
2026-06-14 21:00:00,185.712,185.854,185.678,185.812,6460.0
2026-06-14 22:00:00,185.81,185.84,185.726,185.76,4057.0
2026-06-14 23:00:00,185.762,185.767,185.698,185.736,4055.0
2026-06-15 00:00:00,185.737,185.87,185.736,185.862,3632.0
2026-06-15 01:00:00,185.866,185.962,185.85,185.932,5647.0
2026-06-15 02:00:00,185.932,185.951,185.794,185.854,8756.0
2026-06-15 03:00:00,185.856,185.86,185.77,185.83,9028.0
2026-06-15 04:00:00,185.83,185.885,185.722,185.784,7733.0
2026-06-15 05:00:00,185.784,185.904,185.772,185.856,6389.0
2026-06-15 06:00:00,185.856,185.956,185.82,185.917,6626.0
2026-06-15 07:00:00,185.916,186.012,185.892,185.96,7446.0
2026-06-15 08:00:00,185.958,186.058,185.878,186.01,8221.0
2026-06-15 09:00:00,186.01,186.024,185.916,185.955,9433.0
2026-06-15 10:00:00,185.956,185.958,185.798,185.884,11183.0
2026-06-15 11:00:00,185.884,185.886,185.756,185.81,8190.0
2026-06-15 12:00:00,185.81,185.936,185.796,185.909,6008.0
2026-06-15 13:00:00,185.908,185.928,185.868,185.909,4886.0
2026-06-15 14:00:00,185.908,185.951,185.844,185.874,5740.0
2026-06-15 15:00:00,185.872,185.886,185.803,185.816,6751.0
2026-06-15 16:00:00,185.815,185.854,185.79,185.847,4210.0
2026-06-15 17:00:00,185.87,185.938,185.779,185.846,1158.0
2026-06-15 18:00:00,185.856,185.864,185.754,185.803,1617.0
2026-06-15 19:00:00,185.802,185.819,185.736,185.746,2044.0
2026-06-15 20:00:00,185.743,185.771,185.652,185.72,6089.0
2026-06-15 21:00:00,185.722,185.746,185.584,185.592,7244.0
2026-06-15 22:00:00,185.592,185.602,185.526,185.568,3978.0
2026-06-15 23:00:00,185.57,185.676,185.456,185.625,6177.0
2026-06-16 00:00:00,185.626,185.65,185.518,185.562,6754.0
2026-06-16 01:00:00,185.562,185.63,185.539,185.55,5215.0
2026-06-16 02:00:00,185.548,185.644,185.498,185.642,9749.0
2026-06-16 03:00:00,185.64,185.878,185.62,185.807,8730.0
2026-06-16 04:00:00,185.803,186.08,185.784,186.066,7595.0
2026-06-16 05:00:00,186.066,186.12,185.972,186.014,7549.0
2026-06-16 06:00:00,186.017,186.165,186.0,186.13,7407.0
2026-06-16 07:00:00,186.13,186.142,185.957,186.002,7026.0
2026-06-16 08:00:00,186.002,186.006,185.895,185.97,8284.0
2026-06-16 09:00:00,185.971,186.078,185.923,185.944,10981.0
2026-06-16 10:00:00,185.944,186.203,185.897,186.176,11883.0
2026-06-16 11:00:00,186.18,186.308,186.128,186.284,10354.0
2026-06-16 12:00:00,186.281,186.322,186.255,186.272,7873.0
2026-06-16 13:00:00,186.273,186.31,186.258,186.292,4767.0
2026-06-16 14:00:00,186.292,186.318,186.232,186.278,5048.0
2026-06-16 15:00:00,186.277,186.298,186.232,186.274,5758.0
2026-06-16 16:00:00,186.272,186.298,186.25,186.276,2428.0
2026-06-16 17:00:00,186.292,186.314,186.239,186.24,949.0
2026-06-16 18:00:00,186.251,186.32,186.251,186.269,3846.0
2026-06-16 19:00:00,186.268,186.308,186.253,186.253,3372.0
2026-06-16 20:00:00,186.254,186.318,186.222,186.246,5159.0
2026-06-16 21:00:00,186.245,186.272,186.16,186.204,4766.0
2026-06-16 22:00:00,186.204,186.218,186.135,186.137,3228.0
2026-06-16 23:00:00,186.136,186.179,186.121,186.142,3675.0
2026-06-17 00:00:00,186.144,186.152,186.092,186.109,3035.0
2026-06-17 01:00:00,186.11,186.18,186.104,186.173,3315.0
2026-06-17 02:00:00,186.172,186.201,185.989,186.022,6592.0
2026-06-17 03:00:00,186.021,186.147,185.941,185.956,7140.0
2026-06-17 04:00:00,185.956,185.956,185.772,185.872,7563.0
2026-06-17 05:00:00,185.872,185.91,185.844,185.88,4795.0
2026-06-17 06:00:00,185.88,185.904,185.778,185.83,5869.0
2026-06-17 07:00:00,185.83,185.841,185.72,185.824,6430.0
2026-06-17 08:00:00,185.825,185.932,185.813,185.92,6113.0
2026-06-17 09:00:00,185.921,185.951,185.784,185.784,9327.0
2026-06-17 10:00:00,185.782,185.83,185.684,185.804,10830.0
2026-06-17 11:00:00,185.803,185.826,185.706,185.738,8362.0
2026-06-17 12:00:00,185.74,185.744,185.67,185.7,4580.0
2026-06-17 13:00:00,185.7,185.792,185.677,185.754,5380.0
2026-06-17 14:00:00,185.755,185.756,185.136,185.19,25943.0
2026-06-17 15:00:00,185.184,185.214,184.541,184.751,25141.0
2026-06-17 16:00:00,184.748,184.88,184.656,184.815,7370.0
2026-06-17 17:00:00,184.774,184.813,184.671,184.752,1282.0
2026-06-17 18:00:00,184.732,184.799,184.732,184.774,4091.0
2026-06-17 19:00:00,184.775,184.822,184.744,184.81,3763.0
2026-06-17 20:00:00,184.809,185.09,184.8,185.056,9764.0
2026-06-17 21:00:00,185.052,185.134,184.996,185.006,6706.0
2026-06-17 22:00:00,185.002,185.034,184.942,184.956,5356.0
2026-06-17 23:00:00,184.958,185.058,184.956,185.051,4485.0
2026-06-18 00:00:00,185.05,185.098,185.012,185.058,5746.0
2026-06-18 01:00:00,185.058,185.086,184.908,184.914,5961.0
2026-06-18 02:00:00,184.911,185.202,184.908,185.046,10382.0
2026-06-18 03:00:00,185.046,185.078,184.839,184.894,9806.0
2026-06-18 04:00:00,184.894,184.916,184.576,184.613,11529.0
2026-06-18 05:00:00,184.62,184.629,184.292,184.536,11714.0
2026-06-18 06:00:00,184.538,184.559,184.39,184.43,9726.0
2026-06-18 07:00:00,184.432,184.52,184.352,184.385,11282.0
2026-06-18 08:00:00,184.384,184.662,184.336,184.513,13094.0
2026-06-18 09:00:00,184.512,184.691,184.43,184.577,15662.0
2026-06-18 10:00:00,184.573,184.768,184.512,184.766,13409.0
2026-06-18 11:00:00,184.77,185.086,184.664,185.075,11935.0
2026-06-18 12:00:00,185.079,185.086,184.922,185.086,9314.0
2026-06-18 13:00:00,185.084,185.18,185.042,185.06,8422.0
2026-06-18 14:00:00,185.061,185.28,185.03,185.273,8386.0
2026-06-18 15:00:00,185.277,185.374,184.343,184.962,14256.0
2026-06-18 16:00:00,184.966,185.004,184.914,184.944,4447.0
2026-06-18 17:00:00,184.992,185.01,184.918,184.928,1170.0
2026-06-18 18:00:00,184.928,185.021,184.736,184.876,3631.0
2026-06-18 19:00:00,184.875,184.924,184.807,184.822,3749.0
2026-06-18 20:00:00,184.826,184.896,184.588,184.658,9411.0
2026-06-18 21:00:00,184.662,184.718,184.545,184.624,7192.0
2026-06-18 22:00:00,184.624,184.7,184.583,184.682,5730.0
2026-06-18 23:00:00,184.686,184.7,184.527,184.622,5717.0
2026-06-19 00:00:00,184.623,184.661,184.411,184.436,6244.0
2026-06-19 01:00:00,184.436,184.488,184.303,184.426,9252.0
2026-06-19 02:00:00,184.426,184.584,184.412,184.532,8594.0
2026-06-19 03:00:00,184.534,184.69,184.528,184.654,9337.0
2026-06-19 04:00:00,184.654,184.932,184.647,184.904,8495.0
2026-06-19 05:00:00,184.905,184.928,184.798,184.8,6592.0
2026-06-19 06:00:00,184.798,184.886,184.736,184.865,6572.0
2026-06-19 07:00:00,184.866,184.944,184.77,184.822,5996.0
2026-06-19 08:00:00,184.826,184.954,184.824,184.88,8475.0
2026-06-19 09:00:00,184.88,184.914,184.771,184.892,8862.0
2026-06-19 10:00:00,184.894,184.945,184.789,184.834,9061.0
2026-06-19 11:00:00,184.833,184.974,184.83,184.934,5884.0
2026-06-19 12:00:00,184.935,185.037,184.914,185.034,2884.0
2026-06-19 13:00:00,185.038,185.12,185.015,185.064,4700.0
2026-06-19 14:00:00,185.064,185.14,185.044,185.086,3046.0
2026-06-19 15:00:00,185.082,185.118,185.038,185.096,2583.0
2026-06-19 16:00:00,185.096,185.132,184.934,185.012,8184.0
2026-06-21 17:00:00,184.874,185.046,184.787,184.912,587.0
2026-06-21 18:00:00,184.903,185.085,184.875,185.064,2901.0
2026-06-21 19:00:00,185.064,185.113,185.013,185.048,3960.0
2026-06-21 20:00:00,185.05,185.194,185.035,185.181,8456.0
2026-06-21 21:00:00,185.179,185.277,185.12,185.18,10014.0
2026-06-21 22:00:00,185.186,185.246,185.136,185.214,5451.0
2026-06-21 23:00:00,185.208,185.242,185.092,185.12,5587.0
2026-06-22 00:00:00,185.12,185.22,185.088,185.207,5511.0
2026-06-22 01:00:00,185.208,185.296,185.18,185.218,5999.0
2026-06-22 02:00:00,185.214,185.318,185.153,185.29,9128.0
2026-06-22 03:00:00,185.291,185.332,185.11,185.128,8842.0
2026-06-22 04:00:00,185.128,185.252,185.065,185.246,10301.0
2026-06-22 05:00:00,185.248,185.38,185.24,185.328,8698.0
2026-06-22 06:00:00,185.327,185.381,185.263,185.282,8230.0
2026-06-22 07:00:00,185.282,185.292,185.184,185.201,8421.0
2026-06-22 08:00:00,185.202,185.398,185.19,185.31,9516.0
2026-06-22 09:00:00,185.312,185.316,185.023,185.029,14501.0
2026-06-22 10:00:00,185.026,185.05,184.382,184.639,19693.0
2026-06-22 11:00:00,184.641,184.731,184.471,184.635,14301.0
2026-06-22 12:00:00,184.634,184.739,184.588,184.674,8790.0
2026-06-22 13:00:00,184.674,184.678,184.577,184.584,5183.0
2026-06-22 14:00:00,184.582,184.626,184.392,184.412,5562.0
2026-06-22 15:00:00,184.418,184.682,184.418,184.634,5874.0
2026-06-22 16:00:00,184.631,184.708,184.62,184.683,4160.0
2026-06-22 17:00:00,184.604,184.662,184.574,184.638,1404.0
2026-06-22 18:00:00,184.644,184.71,184.594,184.645,2648.0
2026-06-22 19:00:00,184.644,184.654,184.598,184.63,2510.0
2026-06-22 20:00:00,184.626,184.684,184.52,184.636,8511.0
2026-06-22 21:00:00,184.637,184.678,184.552,184.644,6094.0
2026-06-22 22:00:00,184.647,184.682,184.618,184.624,5453.0
2026-06-22 23:00:00,184.623,184.661,184.518,184.652,5816.0
2026-06-23 00:00:00,184.654,184.682,184.558,184.578,4592.0
2026-06-23 01:00:00,184.579,184.686,184.558,184.652,6234.0
2026-06-23 02:00:00,184.648,184.846,184.622,184.646,10105.0
2026-06-23 03:00:00,184.647,184.738,184.254,184.264,14685.0
2026-06-23 04:00:00,184.267,184.281,184.07,184.168,11649.0
2026-06-23 05:00:00,184.168,184.222,184.05,184.158,7986.0
2026-06-23 06:00:00,184.158,184.2,183.972,184.069,8103.0
2026-06-23 07:00:00,184.068,184.132,183.971,183.981,8367.0
2026-06-23 08:00:00,183.982,184.068,183.842,183.997,10769.0
2026-06-23 09:00:00,183.996,184.101,183.923,183.972,11967.0
2026-06-23 10:00:00,183.973,183.994,183.796,183.87,12854.0
2026-06-23 11:00:00,183.87,183.93,183.781,183.892,10010.0
2026-06-23 12:00:00,183.893,183.914,183.85,183.894,5951.0
2026-06-23 13:00:00,183.892,183.918,183.827,183.848,5078.0
2026-06-23 14:00:00,183.848,183.887,183.786,183.846,4319.0
2026-06-23 15:00:00,183.846,183.898,183.824,183.862,6621.0
2026-06-23 16:00:00,183.862,183.914,183.857,183.905,2619.0
2026-06-23 17:00:00,183.888,183.933,183.853,183.888,923.0
2026-06-23 18:00:00,183.893,183.91,183.842,183.88,1783.0
2026-06-23 19:00:00,183.88,183.931,183.843,183.887,2934.0
2026-06-23 20:00:00,183.888,183.894,183.776,183.87,8701.0
2026-06-23 21:00:00,183.872,183.874,183.725,183.812,9168.0
2026-06-23 22:00:00,183.812,183.824,183.64,183.644,5965.0
2026-06-23 23:00:00,183.642,183.672,183.57,183.642,6848.0
2026-06-24 00:00:00,183.641,183.648,183.535,183.58,4986.0
2026-06-24 01:00:00,183.582,183.728,183.577,183.72,6065.0
2026-06-24 02:00:00,183.72,183.857,183.664,183.696,8972.0
2026-06-24 03:00:00,183.692,183.707,183.554,183.575,8834.0
2026-06-24 04:00:00,183.576,183.653,183.392,183.637,9184.0
2026-06-24 05:00:00,183.636,183.65,183.495,183.512,8675.0
2026-06-24 06:00:00,183.512,183.522,183.336,183.354,7575.0
2026-06-24 07:00:00,183.355,183.466,183.298,183.324,7868.0
2026-06-24 08:00:00,183.323,183.398,183.172,183.253,11240.0
2026-06-24 09:00:00,183.253,183.536,183.171,183.496,15159.0
2026-06-24 10:00:00,183.497,183.582,183.364,183.5,13612.0
2026-06-24 11:00:00,183.5,183.774,183.487,183.568,11796.0
2026-06-24 12:00:00,183.571,183.822,183.548,183.752,8621.0
2026-06-24 13:00:00,183.751,183.771,183.63,183.656,8291.0
2026-06-24 14:00:00,183.656,183.8,183.656,183.682,7865.0
2026-06-24 15:00:00,183.683,183.774,183.677,183.725,7341.0
2026-06-24 16:00:00,183.724,183.825,183.714,183.795,5582.0
2026-06-24 17:00:00,183.815,183.838,183.69,183.764,1632.0
2026-06-24 18:00:00,183.766,183.776,183.686,183.693,2090.0
2026-06-24 19:00:00,183.692,183.717,183.664,183.68,2398.0
2026-06-24 20:00:00,183.68,183.688,183.532,183.602,7448.0
2026-06-24 21:00:00,183.601,183.791,183.6,183.681,9465.0
2026-06-24 22:00:00,183.682,183.77,183.654,183.766,6255.0
2026-06-24 23:00:00,183.767,183.906,183.758,183.882,4974.0
2026-06-25 00:00:00,183.882,183.904,183.841,183.881,2984.0
2026-06-25 01:00:00,183.88,183.894,183.793,183.85,4631.0
2026-06-25 02:00:00,183.849,183.916,183.756,183.786,6056.0
2026-06-25 03:00:00,183.786,183.86,183.664,183.81,8942.0
2026-06-25 04:00:00,183.812,183.998,183.805,183.928,8468.0
2026-06-25 05:00:00,183.928,184.034,183.85,183.851,6851.0
2026-06-25 06:00:00,183.85,183.851,183.631,183.663,6533.0
2026-06-25 07:00:00,183.664,183.672,183.406,183.519,7395.0
2026-06-25 08:00:00,183.522,183.867,183.522,183.746,11732.0
2026-06-25 09:00:00,183.745,183.93,183.688,183.799,14112.0
2026-06-25 10:00:00,183.803,183.987,183.792,183.908,15720.0
2026-06-25 11:00:00,183.908,184.096,183.904,184.056,13455.0
2026-06-25 12:00:00,184.058,184.099,183.963,183.994,7801.0
2026-06-25 13:00:00,183.996,184.048,183.964,184.018,6549.0
2026-06-25 14:00:00,184.015,184.104,183.998,184.012,7024.0
2026-06-25 15:00:00,184.013,184.074,183.964,184.0,6355.0
2026-06-25 16:00:00,183.998,184.034,183.974,183.979,3430.0
2026-06-25 17:00:00,183.954,184.065,183.906,184.012,2200.0
2026-06-25 18:00:00,184.012,184.012,183.898,183.953,2581.0
2026-06-25 19:00:00,183.953,183.954,183.821,183.839,3748.0
2026-06-25 20:00:00,183.836,183.964,183.821,183.921,7298.0
2026-06-25 21:00:00,183.92,183.974,183.755,183.808,6966.0
2026-06-25 22:00:00,183.81,183.855,183.724,183.768,5529.0
2026-06-25 23:00:00,183.767,183.834,183.722,183.828,6525.0
2026-06-26 00:00:00,183.828,183.898,183.721,183.886,6449.0
2026-06-26 01:00:00,183.885,183.9,183.81,183.811,6601.0
2026-06-26 02:00:00,183.816,184.024,183.8,183.96,9055.0
2026-06-26 03:00:00,183.954,184.082,183.897,184.039,9315.0
2026-06-26 04:00:00,184.038,184.34,183.978,184.232,11002.0
2026-06-26 05:00:00,184.232,184.374,184.122,184.346,8134.0
2026-06-26 06:00:00,184.346,184.358,184.26,184.324,8011.0
2026-06-26 07:00:00,184.326,184.358,184.214,184.272,7803.0
2026-06-26 08:00:00,184.272,184.83,184.255,184.732,9871.0
2026-06-26 09:00:00,184.733,184.777,184.546,184.664,13718.0
2026-06-26 10:00:00,184.657,184.704,184.26,184.276,12115.0
2026-06-26 11:00:00,184.28,184.402,184.255,184.352,8856.0
2026-06-26 12:00:00,184.354,184.358,184.144,184.238,7183.0
2026-06-26 13:00:00,184.238,184.273,184.162,184.202,4874.0
2026-06-26 14:00:00,184.206,184.255,184.152,184.154,5061.0
2026-06-26 15:00:00,184.154,184.217,184.075,184.192,5485.0
2026-06-26 16:00:00,184.194,184.262,184.114,184.162,4822.0
2026-06-28 17:00:00,184.231,184.321,184.116,184.204,542.0
2026-06-28 18:00:00,184.211,184.286,184.144,184.208,2196.0
2026-06-28 19:00:00,184.201,184.236,184.161,184.206,2633.0
2026-06-28 20:00:00,184.206,184.224,184.126,184.208,8585.0
2026-06-28 21:00:00,184.209,184.268,184.167,184.204,6757.0
2026-06-28 22:00:00,184.205,184.3,184.166,184.24,5825.0
2026-06-28 23:00:00,184.239,184.276,184.178,184.178,4361.0
2026-06-29 00:00:00,184.178,184.226,184.148,184.189,4174.0
2026-06-29 01:00:00,184.19,184.37,184.187,184.366,4697.0
2026-06-29 02:00:00,184.364,184.676,184.331,184.643,7958.0
2026-06-29 03:00:00,184.642,184.662,184.483,184.522,6998.0
2026-06-29 04:00:00,184.524,184.584,184.384,184.45,7182.0
2026-06-29 05:00:00,184.45,184.613,184.419,184.604,6584.0
2026-06-29 06:00:00,184.604,184.638,184.534,184.592,5840.0
2026-06-29 07:00:00,184.592,184.669,184.49,184.642,6822.0
2026-06-29 08:00:00,184.644,184.652,184.56,184.604,7529.0
2026-06-29 09:00:00,184.603,184.8,184.582,184.796,9398.0
2026-06-29 10:00:00,184.796,184.978,184.658,184.955,13750.0
2026-06-29 11:00:00,184.954,185.014,184.87,184.992,9013.0
2026-06-29 12:00:00,184.988,185.087,184.983,185.034,6282.0
2026-06-29 13:00:00,185.038,185.063,184.969,185.042,5599.0
2026-06-29 14:00:00,185.048,185.1,185.034,185.063,4525.0
2026-06-29 15:00:00,185.062,185.066,184.996,185.032,4483.0
2026-06-29 16:00:00,185.031,185.058,184.992,185.006,2304.0
2026-06-29 17:00:00,184.976,185.02,184.962,185.008,1462.0
2026-06-29 18:00:00,184.996,185.029,184.97,184.995,1455.0
2026-06-29 19:00:00,184.994,184.998,184.904,184.906,1736.0
2026-06-29 20:00:00,184.904,185.363,184.851,185.102,8875.0
2026-06-29 21:00:00,185.101,185.179,184.935,184.957,10499.0
2026-06-29 22:00:00,184.958,184.988,184.874,184.909,5853.0
2026-06-29 23:00:00,184.904,184.974,184.746,184.856,5818.0
2026-06-30 00:00:00,184.854,184.88,184.728,184.736,4393.0
2026-06-30 01:00:00,184.737,184.849,184.676,184.768,5225.0
2026-06-30 02:00:00,184.77,185.024,184.764,184.964,9106.0
2026-06-30 03:00:00,184.964,185.028,184.908,184.954,7876.0
2026-06-30 04:00:00,184.95,184.982,184.822,184.94,9214.0
2026-06-30 05:00:00,184.94,184.991,184.851,184.971,7962.0
2026-06-30 06:00:00,184.972,185.094,184.932,185.072,7252.0
2026-06-30 07:00:00,185.077,185.116,184.926,185.042,8319.0
2026-06-30 08:00:00,185.041,185.168,184.646,185.079,10149.0
2026-06-30 09:00:00,185.08,185.205,185.048,185.164,7886.0
2026-06-30 10:00:00,185.164,185.84,185.066,185.805,16354.0
2026-06-30 11:00:00,185.804,185.866,185.615,185.658,11707.0
2026-06-30 12:00:00,185.659,185.691,185.6,185.65,7256.0
2026-06-30 13:00:00,185.649,185.701,185.632,185.696,6272.0
2026-06-30 14:00:00,185.698,185.798,185.68,185.718,6290.0
2026-06-30 15:00:00,185.719,185.791,185.652,185.776,6689.0
2026-06-30 16:00:00,185.777,185.794,185.686,185.707,5721.0
2026-06-30 17:00:00,185.691,185.768,185.68,185.706,2121.0
2026-06-30 18:00:00,185.712,185.746,185.689,185.697,1625.0
2026-06-30 19:00:00,185.698,185.698,185.59,185.618,2160.0
2026-06-30 20:00:00,185.618,185.714,185.596,185.62,6905.0
2026-06-30 21:00:00,185.618,185.631,185.448,185.534,7182.0
2026-06-30 22:00:00,185.532,185.686,185.526,185.628,5568.0
2026-06-30 23:00:00,185.628,185.711,185.62,185.66,5406.0
2026-07-01 00:00:00,185.661,185.666,185.45,185.652,6023.0
2026-07-01 01:00:00,185.652,185.701,185.534,185.589,5388.0
2026-07-01 02:00:00,185.589,185.663,185.473,185.504,8193.0
2026-07-01 03:00:00,185.502,185.517,185.328,185.481,8499.0
2026-07-01 04:00:00,185.482,185.514,185.326,185.384,7704.0
2026-07-01 05:00:00,185.384,185.44,185.252,185.322,8223.0
2026-07-01 06:00:00,185.321,185.466,185.288,185.437,5898.0
2026-07-01 07:00:00,185.437,185.444,185.234,185.242,7884.0
2026-07-01 08:00:00,185.242,185.285,185.004,185.008,9795.0
2026-07-01 09:00:00,185.008,185.226,184.885,185.073,18579.0
2026-07-01 10:00:00,185.096,185.162,184.94,185.056,15874.0
2026-07-01 11:00:00,185.06,185.068,184.867,184.892,12557.0
2026-07-01 12:00:00,184.892,184.994,184.857,184.916,9648.0
2026-07-01 13:00:00,184.919,185.014,184.886,184.98,7336.0
2026-07-01 14:00:00,184.982,184.995,184.925,184.95,5990.0
2026-07-01 15:00:00,184.95,184.997,184.93,184.99,5422.0
2026-07-01 16:00:00,184.986,185.024,184.954,185.01,4068.0
2026-07-01 17:00:00,184.99,185.0,184.964,184.97,463.0
2026-07-01 18:00:00,184.98,184.982,184.952,184.958,1701.0
2026-07-01 19:00:00,184.959,184.996,184.913,184.944,1916.0
2026-07-01 20:00:00,184.944,185.014,184.905,184.944,7760.0
2026-07-01 21:00:00,184.944,185.034,184.928,184.992,6530.0
2026-07-01 22:00:00,184.993,185.091,184.971,184.988,4861.0
2026-07-01 23:00:00,184.988,185.018,184.88,184.921,4282.0
2026-07-02 00:00:00,184.922,184.968,184.878,184.962,5813.0
2026-07-02 01:00:00,184.964,184.973,184.796,184.834,6160.0
2026-07-02 02:00:00,184.832,184.838,183.76,184.396,13739.0
2026-07-02 03:00:00,184.398,184.513,184.092,184.166,18977.0
2026-07-02 04:00:00,184.167,184.217,183.762,183.896,19456.0
2026-07-02 05:00:00,183.896,184.148,183.876,183.928,14031.0
2026-07-02 06:00:00,183.928,184.214,183.924,184.12,8941.0
2026-07-02 07:00:00,184.12,184.21,184.075,184.15,7863.0
2026-07-02 08:00:00,184.15,184.431,183.928,184.402,21868.0
2026-07-02 09:00:00,184.406,184.444,184.186,184.194,17463.0
2026-07-02 10:00:00,184.198,184.35,184.158,184.297,15999.0
2026-07-02 11:00:00,184.298,184.3,184.04,184.204,13429.0
2026-07-02 12:00:00,184.2,184.238,184.119,184.134,10059.0
2026-07-02 13:00:00,184.134,184.186,184.101,184.12,7876.0
2026-07-02 14:00:00,184.12,184.184,184.105,184.13,6320.0
2026-07-02 15:00:00,184.13,184.201,184.124,184.183,5087.0
2026-07-02 16:00:00,184.184,184.246,184.167,184.22,2679.0
2026-07-02 17:00:00,184.169,184.262,184.135,184.209,1849.0
2026-07-02 18:00:00,184.22,184.335,184.2,184.306,2489.0
2026-07-02 19:00:00,184.303,184.436,184.278,184.423,4379.0
2026-07-02 20:00:00,184.424,184.486,184.242,184.253,9753.0
2026-07-02 21:00:00,184.25,184.432,184.147,184.41,10472.0
2026-07-02 22:00:00,184.41,184.486,184.347,184.38,6846.0
2026-07-02 23:00:00,184.376,184.416,184.352,184.4,5148.0
2026-07-03 00:00:00,184.4,184.49,184.37,184.432,4670.0
2026-07-03 01:00:00,184.43,184.574,184.371,184.514,7052.0
2026-07-03 02:00:00,184.51,184.514,183.925,184.264,11475.0
2026-07-03 03:00:00,184.27,184.336,184.107,184.192,10274.0
2026-07-03 04:00:00,184.194,184.436,184.158,184.432,7038.0
2026-07-03 05:00:00,184.432,184.458,184.303,184.346,6857.0
2026-07-03 06:00:00,184.344,184.468,184.342,184.404,5760.0
2026-07-03 07:00:00,184.406,184.566,184.403,184.49,6976.0
2026-07-03 08:00:00,184.488,184.534,184.442,184.495,7107.0
2026-07-03 09:00:00,184.495,184.548,184.46,184.484,7570.0
2026-07-03 10:00:00,184.485,184.56,184.474,184.548,7211.0
2026-07-03 11:00:00,184.548,184.606,184.481,184.504,5581.0
2026-07-03 12:00:00,184.504,184.583,184.495,184.546,3072.0
2026-07-03 13:00:00,184.548,184.61,184.494,184.538,10713.0
2026-07-03 14:00:00,184.536,184.595,184.528,184.576,7293.0
2026-07-03 15:00:00,184.572,184.599,184.53,184.546,4701.0
2026-07-03 16:00:00,184.548,184.618,184.506,184.571,5582.0
2026-07-05 17:00:00,184.51,184.527,184.479,184.527,322.0
2026-07-05 18:00:00,184.533,184.652,184.483,184.61,3922.0
2026-07-05 19:00:00,184.608,184.69,184.608,184.659,3002.0
2026-07-05 20:00:00,184.662,184.852,184.66,184.766,8939.0
2026-07-05 21:00:00,184.766,184.937,184.75,184.926,8021.0
2026-07-05 22:00:00,184.926,184.985,184.909,184.97,6172.0
2026-07-05 23:00:00,184.97,185.025,184.926,185.016,4422.0
2026-07-06 00:00:00,185.016,185.15,184.995,185.146,3960.0
2026-07-06 01:00:00,185.148,185.186,185.05,185.152,5551.0
2026-07-06 02:00:00,185.152,185.37,185.15,185.34,10216.0
2026-07-06 03:00:00,185.336,185.411,185.258,185.294,10067.0
2026-07-06 04:00:00,185.295,185.361,185.214,185.298,7422.0
2026-07-06 05:00:00,185.297,185.332,185.234,185.274,6346.0
2026-07-06 06:00:00,185.273,185.382,185.229,185.35,7098.0
2026-07-06 07:00:00,185.351,185.364,185.261,185.308,6423.0
2026-07-06 08:00:00,185.308,185.4,185.296,185.348,7280.0
2026-07-06 09:00:00,185.349,185.422,185.208,185.271,8812.0
2026-07-06 10:00:00,185.27,185.409,185.245,185.37,8795.0
2026-07-06 11:00:00,185.369,185.447,185.31,185.416,6765.0
2026-07-06 12:00:00,185.422,185.505,185.414,185.476,5006.0
2026-07-06 13:00:00,185.476,185.534,185.452,185.47,5291.0
2026-07-06 14:00:00,185.47,185.53,185.408,185.432,4720.0
2026-07-06 15:00:00,185.43,185.472,185.388,185.412,5477.0
2026-07-06 16:00:00,185.411,185.462,185.39,185.45,3278.0
