Timestamp,Open,High,Low,Close,Volume
2026-03-12 04:00:00,11.17322,11.17571,11.14377,11.17512,6155.0
2026-03-12 05:00:00,11.17527,11.18309,11.16568,11.16994,6714.0
2026-03-12 06:00:00,11.16974,11.19156,11.16974,11.18545,6136.0
2026-03-12 07:00:00,11.1855,11.18634,11.15583,11.16479,7647.0
2026-03-12 08:00:00,11.16476,11.16972,11.1541,11.16198,7318.0
2026-03-12 09:00:00,11.16242,11.16613,11.14634,11.15876,9835.0
2026-03-12 10:00:00,11.15881,11.15933,11.1295,11.14114,10805.0
2026-03-12 11:00:00,11.14156,11.16122,11.13524,11.15,11007.0
2026-03-12 12:00:00,11.14999,11.16825,11.13862,11.1634,10354.0
2026-03-12 13:00:00,11.16324,11.18682,11.15574,11.1807,13959.0
2026-03-12 14:00:00,11.18065,11.18245,11.16969,11.1735,17006.0
2026-03-12 15:00:00,11.1737,11.18452,11.17286,11.17879,6235.0
2026-03-12 16:00:00,11.17856,11.17968,11.16566,11.17402,18382.0
2026-03-12 17:00:00,11.18203,11.18214,11.17862,11.18046,692.0
2026-03-12 18:00:00,11.18094,11.18181,11.16965,11.17447,8220.0
2026-03-12 19:00:00,11.17372,11.18116,11.16582,11.17475,7447.0
2026-03-12 20:00:00,11.1739,11.17944,11.16962,11.17116,9431.0
2026-03-12 21:00:00,11.17146,11.1742,11.17048,11.17326,10601.0
2026-03-12 22:00:00,11.17323,11.17517,11.17102,11.17272,12568.0
2026-03-12 23:00:00,11.17268,11.17867,11.16976,11.17752,6241.0
2026-03-13 00:00:00,11.17759,11.1894,11.17598,11.18883,9766.0
2026-03-13 01:00:00,11.1886,11.1889,11.18388,11.18434,5707.0
2026-03-13 02:00:00,11.18445,11.18747,11.18162,11.18674,1701.0
2026-03-13 03:00:00,11.18686,11.1913,11.1742,11.1793,3711.0
2026-03-13 04:00:00,11.17935,11.18922,11.15784,11.16204,6326.0
2026-03-13 05:00:00,11.16198,11.1762,11.15726,11.16025,5468.0
2026-03-13 06:00:00,11.16,11.18275,11.1588,11.18112,6965.0
2026-03-13 07:00:00,11.18087,11.18305,11.16625,11.1692,8625.0
2026-03-13 08:00:00,11.1691,11.17196,11.14522,11.14626,9157.0
2026-03-13 09:00:00,11.14622,11.1657,11.131,11.13276,10317.0
2026-03-13 10:00:00,11.13395,11.1459,11.1328,11.14,10451.0
2026-03-13 11:00:00,11.14005,11.15714,11.13506,11.1493,10682.0
2026-03-13 12:00:00,11.14965,11.1601,11.14525,11.15745,9618.0
2026-03-13 13:00:00,11.15775,11.1612,11.15365,11.15841,9844.0
2026-03-13 14:00:00,11.1585,11.1606,11.15148,11.15794,6110.0
2026-03-13 15:00:00,11.15775,11.1631,11.15198,11.15635,3553.0
2026-03-13 16:00:00,11.1565,11.16088,11.15146,11.15627,3469.0
2026-03-15 17:00:00,11.16385,11.17236,11.15979,11.1678,340.0
2026-03-15 18:00:00,11.16863,11.17573,11.15925,11.16628,12751.0
2026-03-15 19:00:00,11.16628,11.17601,11.16254,11.17408,10748.0
2026-03-15 20:00:00,11.17402,11.1772,11.16785,11.17334,19563.0
2026-03-15 21:00:00,11.17328,11.17486,11.1639,11.16698,19596.0
2026-03-15 22:00:00,11.16648,11.1684,11.16228,11.16416,11557.0
2026-03-15 23:00:00,11.16412,11.16672,11.15322,11.15844,9653.0
2026-03-16 00:00:00,11.15852,11.1598,11.14994,11.15103,14285.0
2026-03-16 01:00:00,11.15116,11.15586,11.14723,11.1481,8942.0
2026-03-16 02:00:00,11.14779,11.14966,11.13765,11.14032,13257.0
2026-03-16 03:00:00,11.14035,11.14878,11.12972,11.13896,4623.0
2026-03-16 04:00:00,11.13854,11.14677,11.1227,11.14366,6495.0
2026-03-16 05:00:00,11.14386,11.14558,11.12965,11.13525,5878.0
2026-03-16 06:00:00,11.1352,11.15511,11.13006,11.1469,7745.0
2026-03-16 07:00:00,11.14665,11.14904,11.13124,11.13993,8982.0
2026-03-16 08:00:00,11.14014,11.15269,11.13582,11.15128,9789.0
2026-03-16 09:00:00,11.15124,11.16166,11.1399,11.1607,10741.0
2026-03-16 10:00:00,11.16082,11.16689,11.14205,11.14698,12546.0
2026-03-16 11:00:00,11.14672,11.14682,11.12344,11.12354,12746.0
2026-03-16 12:00:00,11.12364,11.12885,11.1212,11.12351,6826.0
2026-03-16 13:00:00,11.12386,11.13775,11.12318,11.13225,20354.0
2026-03-16 14:00:00,11.1322,11.13915,11.12997,11.13243,7805.0
2026-03-16 15:00:00,11.1325,11.13476,11.1238,11.12613,4346.0
2026-03-16 16:00:00,11.12623,11.13182,11.12536,11.12894,10360.0
2026-03-16 17:00:00,11.12985,11.13548,11.12575,11.12922,5646.0
2026-03-16 18:00:00,11.12917,11.13153,11.12472,11.12694,4735.0
2026-03-16 19:00:00,11.12704,11.1315,11.12429,11.12966,13027.0
2026-03-16 20:00:00,11.12934,11.13476,11.1263,11.12646,16266.0
2026-03-16 21:00:00,11.12657,11.13012,11.12274,11.12364,5832.0
2026-03-16 22:00:00,11.12376,11.12708,11.12296,11.12367,2544.0
2026-03-16 23:00:00,11.12348,11.12914,11.12308,11.12371,2948.0
2026-03-17 00:00:00,11.1236,11.13132,11.12324,11.12403,2798.0
2026-03-17 01:00:00,11.12398,11.12566,11.12212,11.12304,2585.0
2026-03-17 02:00:00,11.1231,11.12689,11.12125,11.12618,4598.0
2026-03-17 03:00:00,11.126,11.1263,11.10877,11.11245,2415.0
2026-03-17 04:00:00,11.11225,11.11404,11.08462,11.0852,5189.0
2026-03-17 05:00:00,11.085,11.09244,11.07858,11.08668,5814.0
2026-03-17 06:00:00,11.08674,11.09628,11.0801,11.08871,6092.0
2026-03-17 07:00:00,11.08866,11.09058,11.05762,11.06963,5383.0
2026-03-17 08:00:00,11.06958,11.0797,11.06121,11.06896,7139.0
2026-03-17 09:00:00,11.0688,11.08203,11.06598,11.06806,7793.0
2026-03-17 10:00:00,11.068,11.07352,11.05336,11.07084,7960.0
2026-03-17 11:00:00,11.0707,11.08286,11.05653,11.05785,8817.0
2026-03-17 12:00:00,11.0575,11.06631,11.0568,11.05914,6409.0
2026-03-17 13:00:00,11.0592,11.06494,11.05592,11.05744,4384.0
2026-03-17 14:00:00,11.0573,11.06516,11.05673,11.06464,2437.0
2026-03-17 15:00:00,11.065,11.06542,11.05502,11.05557,3930.0
2026-03-17 16:00:00,11.05618,11.05758,11.04798,11.0548,2886.0
2026-03-17 17:00:00,11.05469,11.06892,11.05152,11.05976,818.0
2026-03-17 18:00:00,11.0597,11.06769,11.05909,11.06248,4348.0
2026-03-17 19:00:00,11.06286,11.06675,11.06005,11.06106,7859.0
2026-03-17 20:00:00,11.0615,11.06525,11.0532,11.05458,4608.0
2026-03-17 21:00:00,11.05467,11.05526,11.05048,11.05144,2994.0
2026-03-17 22:00:00,11.0513,11.0553,11.04954,11.05008,1493.0
2026-03-17 23:00:00,11.05014,11.05428,11.04959,11.0539,607.0
2026-03-18 00:00:00,11.05394,11.05756,11.0509,11.05178,1096.0
2026-03-18 01:00:00,11.05257,11.0576,11.05181,11.05551,637.0
2026-03-18 02:00:00,11.05554,11.05772,11.04766,11.0496,5529.0
2026-03-18 03:00:00,11.0493,11.05856,11.04066,11.0466,4006.0
2026-03-18 04:00:00,11.0464,11.07089,11.04499,11.05898,6128.0
2026-03-18 05:00:00,11.0586,11.06742,11.0543,11.0667,5037.0
2026-03-18 06:00:00,11.06657,11.08155,11.06194,11.0785,5175.0
2026-03-18 07:00:00,11.07838,11.0811,11.06354,11.06401,9001.0
2026-03-18 08:00:00,11.064,11.06835,11.01524,11.02606,11279.0
2026-03-18 09:00:00,11.0258,11.03284,10.998,11.01093,12737.0
2026-03-18 10:00:00,11.01078,11.02561,11.00928,11.01711,19253.0
2026-03-18 11:00:00,11.01736,11.0281,11.01564,11.02752,13011.0
2026-03-18 12:00:00,11.02762,11.03034,11.01514,11.01564,7972.0
2026-03-18 13:00:00,11.01465,11.02202,11.0112,11.02067,8509.0
2026-03-18 14:00:00,11.02357,11.04785,11.0075,11.02148,23211.0
2026-03-18 15:00:00,11.02158,11.03116,11.0045,11.02064,22150.0
2026-03-18 16:00:00,11.02068,11.02526,11.00532,11.00846,3476.0
2026-03-18 17:00:00,11.00635,11.02865,11.0049,11.0174,715.0
2026-03-18 18:00:00,11.0174,11.02569,11.00102,11.00115,3103.0
2026-03-18 19:00:00,11.00095,11.01548,11.00095,11.01162,10607.0
2026-03-18 20:00:00,11.01222,11.01274,11.00052,11.00472,15573.0
2026-03-18 21:00:00,11.00398,11.01268,11.00002,11.00612,11782.0
2026-03-18 22:00:00,11.006,11.01028,10.99982,11.00306,10327.0
2026-03-18 23:00:00,11.00285,11.00467,11.0007,11.00212,5084.0
2026-03-19 00:00:00,11.00214,11.00345,11.00075,11.00269,6170.0
2026-03-19 01:00:00,11.00266,11.00424,11.0001,11.00096,2788.0
2026-03-19 02:00:00,11.00098,11.01512,10.99924,10.9999,4701.0
2026-03-19 03:00:00,11.00029,11.0029,10.9648,10.9656,4987.0
2026-03-19 04:00:00,10.9658,10.97002,10.93504,10.94896,8429.0
2026-03-19 05:00:00,10.94894,11.00253,10.9484,10.99986,10387.0
2026-03-19 06:00:00,10.99958,11.009,10.98812,10.99524,8281.0
2026-03-19 07:00:00,10.99519,11.00545,10.98463,10.98616,5279.0
2026-03-19 08:00:00,10.98605,11.00893,10.98605,10.99592,8824.0
2026-03-19 09:00:00,10.99606,11.00844,10.97304,10.99596,16881.0
2026-03-19 10:00:00,10.9961,10.99957,10.95298,10.9661,18296.0
2026-03-19 11:00:00,10.96595,10.98134,10.95498,10.9808,17600.0
2026-03-19 12:00:00,10.9811,10.98998,10.96602,10.98608,17774.0
2026-03-19 13:00:00,10.98613,10.99724,10.98281,10.99336,20622.0
2026-03-19 14:00:00,10.99334,11.0042,10.98766,10.99338,14954.0
2026-03-19 15:00:00,10.99316,11.00698,10.98198,10.98456,24009.0
2026-03-19 16:00:00,10.9843,10.99384,10.98358,10.99104,1548.0
2026-03-19 17:00:00,10.99111,11.00408,10.9907,11.00059,418.0
2026-03-19 18:00:00,10.99955,11.00968,10.99404,10.99491,4595.0
2026-03-19 19:00:00,10.9954,11.001,10.9923,10.99278,8148.0
2026-03-19 20:00:00,10.99268,10.99785,10.98859,10.98859,5221.0
2026-03-19 21:00:00,10.98836,10.99024,10.98615,10.98796,2932.0
2026-03-19 22:00:00,10.98798,10.9896,10.98661,10.9884,3287.0
2026-03-19 23:00:00,10.98838,10.98895,10.98555,10.98616,4998.0
2026-03-20 00:00:00,10.98621,10.98962,10.98598,10.98868,2977.0
2026-03-20 01:00:00,10.98855,10.98875,10.9823,10.9855,3044.0
2026-03-20 02:00:00,10.98623,10.98627,10.97938,10.98412,6219.0
2026-03-20 03:00:00,10.98406,10.99715,10.96961,10.99692,4407.0
2026-03-20 04:00:00,10.99682,11.00848,10.98737,10.99835,8862.0
2026-03-20 05:00:00,10.99815,11.0312,10.99805,11.02984,9947.0
2026-03-20 06:00:00,11.03004,11.04215,11.02256,11.0366,8833.0
2026-03-20 07:00:00,11.03675,11.05137,11.02022,11.0362,11038.0
2026-03-20 08:00:00,11.03636,11.05328,11.03476,11.038,10938.0
2026-03-20 09:00:00,11.03827,11.04066,11.01848,11.03015,11591.0
2026-03-20 10:00:00,11.0304,11.0467,11.0264,11.04098,13605.0
2026-03-20 11:00:00,11.04078,11.06676,11.03259,11.0566,10534.0
2026-03-20 12:00:00,11.0568,11.06404,11.04871,11.04871,6970.0
2026-03-20 13:00:00,11.04876,11.06953,11.04714,11.06572,12480.0
2026-03-20 14:00:00,11.06596,11.06654,11.05356,11.06574,12408.0
2026-03-20 15:00:00,11.06563,11.07303,11.05948,11.06843,4003.0
2026-03-20 16:00:00,11.06838,11.07122,11.05969,11.06947,4855.0
2026-03-22 17:00:00,11.06065,11.06511,11.0574,11.0603,311.0
2026-03-22 18:00:00,11.0604,11.07812,11.0566,11.06445,21305.0
2026-03-22 19:00:00,11.06446,11.08055,11.06056,11.07943,23160.0
2026-03-22 20:00:00,11.07816,11.07906,11.06662,11.07258,17783.0
2026-03-22 21:00:00,11.07247,11.07374,11.06686,11.0698,12537.0
2026-03-22 22:00:00,11.07006,11.07817,11.06858,11.07194,4004.0
2026-03-22 23:00:00,11.07195,11.07313,11.06766,11.0692,2473.0
2026-03-23 00:00:00,11.06934,11.07652,11.06876,11.07651,6314.0
2026-03-23 01:00:00,11.07652,11.0785,11.07112,11.07612,9535.0
2026-03-23 02:00:00,11.07618,11.10108,11.07498,11.09936,5004.0
2026-03-23 03:00:00,11.09952,11.11064,11.0893,11.1002,5162.0
2026-03-23 04:00:00,11.10053,11.14468,11.08667,11.13812,8136.0
2026-03-23 05:00:00,11.13832,11.17854,11.13794,11.17299,5614.0
2026-03-23 06:00:00,11.17284,11.23456,11.16296,11.2265,7141.0
2026-03-23 07:00:00,11.2262,11.28664,11.1821,11.24908,33036.0
2026-03-23 08:00:00,11.24938,11.29386,11.24844,11.27663,25740.0
2026-03-23 09:00:00,11.27674,11.32129,11.27318,11.30881,14929.0
2026-03-23 10:00:00,11.30876,11.31732,11.28034,11.28752,13374.0
2026-03-23 11:00:00,11.28755,11.32048,11.2715,11.28346,14858.0
2026-03-23 12:00:00,11.28332,11.29956,11.27056,11.29526,17463.0
2026-03-23 13:00:00,11.29524,11.32802,11.2941,11.3074,26872.0
2026-03-23 14:00:00,11.30735,11.32394,11.30264,11.31848,28162.0
2026-03-23 15:00:00,11.31804,11.32108,11.30724,11.31278,9610.0
2026-03-23 16:00:00,11.31274,11.31806,11.30648,11.30952,3258.0
2026-03-23 17:00:00,11.3067,11.31306,11.30364,11.31236,1231.0
2026-03-23 18:00:00,11.31364,11.31798,11.30428,11.30765,5855.0
2026-03-23 19:00:00,11.3083,11.31072,11.3029,11.30637,12167.0
2026-03-23 20:00:00,11.3064,11.31435,11.30192,11.31208,11674.0
2026-03-23 21:00:00,11.31192,11.31519,11.3099,11.31348,7372.0
2026-03-23 22:00:00,11.31363,11.31419,11.31104,11.31292,3563.0
2026-03-23 23:00:00,11.31298,11.32016,11.31175,11.3197,1752.0
2026-03-24 00:00:00,11.32004,11.32584,11.31974,11.32468,2369.0
2026-03-24 01:00:00,11.32484,11.33684,11.32446,11.3343,3803.0
2026-03-24 02:00:00,11.33382,11.34316,11.33382,11.33578,6069.0
2026-03-24 03:00:00,11.33575,11.33581,11.289,11.30514,7244.0
2026-03-24 04:00:00,11.30492,11.307,11.26919,11.29292,9262.0
2026-03-24 05:00:00,11.29262,11.30384,11.25575,11.25694,8194.0
2026-03-24 06:00:00,11.25689,11.26516,11.23382,11.23614,9407.0
2026-03-24 07:00:00,11.23626,11.24366,11.22334,11.22896,8812.0
2026-03-24 08:00:00,11.22907,11.23616,11.22475,11.229,8151.0
2026-03-24 09:00:00,11.22946,11.2624,11.20438,11.20609,10083.0
2026-03-24 10:00:00,11.20645,11.22542,11.19298,11.20788,17037.0
2026-03-24 11:00:00,11.20792,11.23178,11.20615,11.22135,12510.0
2026-03-24 12:00:00,11.22132,11.24632,11.21762,11.24204,12319.0
2026-03-24 13:00:00,11.24205,11.25876,11.23744,11.252,32060.0
2026-03-24 14:00:00,11.25186,11.26326,11.24106,11.24704,16700.0
2026-03-24 15:00:00,11.2469,11.25796,11.24458,11.25482,1282.0
2026-03-24 16:00:00,11.2549,11.25995,11.24957,11.25446,7269.0
2026-03-24 17:00:00,11.24925,11.26422,11.24565,11.25885,1533.0
2026-03-24 18:00:00,11.25618,11.26978,11.25287,11.2643,7590.0
2026-03-24 19:00:00,11.26426,11.27275,11.25418,11.2628,12974.0
2026-03-24 20:00:00,11.26086,11.2677,11.25895,11.26568,10077.0
2026-03-24 21:00:00,11.26548,11.27037,11.26286,11.267,2375.0
2026-03-24 22:00:00,11.26702,11.27108,11.26702,11.26972,1883.0
2026-03-24 23:00:00,11.26978,11.2714,11.2649,11.2665,3472.0
2026-03-25 00:00:00,11.26646,11.2665,11.26272,11.2644,1635.0
2026-03-25 01:00:00,11.26426,11.26426,11.26152,11.26174,885.0
2026-03-25 02:00:00,11.26204,11.26432,11.25764,11.26121,1913.0
2026-03-25 03:00:00,11.2613,11.28061,11.24994,11.27866,5240.0
2026-03-25 04:00:00,11.27902,11.28283,11.24414,11.24954,9481.0
2026-03-25 05:00:00,11.24891,11.29884,11.24503,11.2935,8321.0
2026-03-25 06:00:00,11.29344,11.29983,11.28712,11.2943,6730.0
2026-03-25 07:00:00,11.2941,11.3019,11.28605,11.2903,6648.0
2026-03-25 08:00:00,11.2907,11.30206,11.28639,11.29492,15000.0
2026-03-25 09:00:00,11.29469,11.29721,11.26458,11.26482,8699.0
2026-03-25 10:00:00,11.26454,11.26454,11.21738,11.2205,13174.0
2026-03-25 11:00:00,11.22046,11.23326,11.2121,11.21426,20326.0
2026-03-25 12:00:00,11.21424,11.21891,11.20344,11.21264,7014.0
2026-03-25 13:00:00,11.2126,11.21763,11.20725,11.21694,4061.0
2026-03-25 14:00:00,11.21689,11.21748,11.20766,11.20954,1804.0
2026-03-25 15:00:00,11.20934,11.2099,11.20217,11.20418,2035.0
2026-03-25 16:00:00,11.20428,11.206,11.19746,11.20493,1238.0
2026-03-25 17:00:00,11.21394,11.2151,11.19485,11.19719,396.0
2026-03-25 18:00:00,11.19751,11.20282,11.19573,11.20158,1404.0
2026-03-25 19:00:00,11.20152,11.20585,11.20053,11.20184,3907.0
2026-03-25 20:00:00,11.20178,11.204,11.20063,11.204,1295.0
2026-03-25 21:00:00,11.2039,11.20532,11.19998,11.20364,956.0
2026-03-25 22:00:00,11.2037,11.21405,11.20322,11.21252,1721.0
2026-03-25 23:00:00,11.21246,11.22204,11.21104,11.2216,931.0
2026-03-26 00:00:00,11.22149,11.2235,11.22138,11.22187,856.0
2026-03-26 01:00:00,11.2219,11.22205,11.20676,11.20676,1728.0
2026-03-26 02:00:00,11.20682,11.20916,11.18889,11.19035,2569.0
2026-03-26 03:00:00,11.1905,11.19796,11.18212,11.19635,3284.0
2026-03-26 04:00:00,11.1964,11.20133,11.17462,11.17876,5699.0
2026-03-26 05:00:00,11.17866,11.22483,11.15958,11.17766,11459.0
2026-03-26 06:00:00,11.17746,11.1776,11.14268,11.1542,8758.0
2026-03-26 07:00:00,11.15465,11.15626,11.10993,11.1122,9398.0
2026-03-26 08:00:00,11.11205,11.12182,11.1068,11.11874,10806.0
2026-03-26 09:00:00,11.11878,11.13532,11.11864,11.1336,15455.0
2026-03-26 10:00:00,11.13364,11.14124,11.11745,11.1389,14106.0
2026-03-26 11:00:00,11.13935,11.17205,11.13675,11.169,10651.0
2026-03-26 12:00:00,11.1689,11.1771,11.16374,11.16958,6139.0
2026-03-26 13:00:00,11.16976,11.17303,11.15669,11.17257,2353.0
2026-03-26 14:00:00,11.17247,11.18692,11.17222,11.17584,4802.0
2026-03-26 15:00:00,11.17579,11.1799,11.17524,11.17986,1904.0
2026-03-26 16:00:00,11.17991,11.19918,11.16318,11.17728,10685.0
2026-03-26 17:00:00,11.17946,11.18535,11.159,11.16745,51.0
2026-03-26 18:00:00,11.17631,11.20086,11.1686,11.18542,17064.0
2026-03-26 19:00:00,11.187,11.19045,11.18426,11.18584,7856.0
2026-03-26 20:00:00,11.18588,11.18801,11.17742,11.17762,980.0
2026-03-26 21:00:00,11.17751,11.18164,11.1772,11.1784,1899.0
2026-03-26 22:00:00,11.17826,11.18047,11.17636,11.17722,285.0
2026-03-26 23:00:00,11.17744,11.1786,11.16686,11.1735,865.0
2026-03-27 00:00:00,11.17346,11.17532,11.17246,11.1746,1461.0
2026-03-27 01:00:00,11.1745,11.17508,11.1663,11.16752,594.0
2026-03-27 02:00:00,11.16756,11.16909,11.14586,11.1486,2228.0
2026-03-27 03:00:00,11.1483,11.16226,11.138,11.1384,3283.0
2026-03-27 04:00:00,11.1381,11.15462,11.13546,11.15378,4578.0
2026-03-27 05:00:00,11.15348,11.17826,11.15332,11.15654,4630.0
2026-03-27 06:00:00,11.15626,11.16957,11.15017,11.1544,3774.0
2026-03-27 07:00:00,11.15435,11.16364,11.1483,11.16281,5454.0
2026-03-27 08:00:00,11.16296,11.19128,11.16289,11.18401,7096.0
2026-03-27 09:00:00,11.18422,11.20206,11.18152,11.19191,7816.0
2026-03-27 10:00:00,11.19267,11.1973,11.17342,11.18969,10388.0
2026-03-27 11:00:00,11.18948,11.23094,11.18858,11.2114,13428.0
2026-03-27 12:00:00,11.21145,11.23746,11.21014,11.22072,8579.0
2026-03-27 13:00:00,11.22081,11.23237,11.20893,11.22922,13375.0
2026-03-27 14:00:00,11.2292,11.23562,11.22267,11.22745,5119.0
2026-03-27 15:00:00,11.22762,11.2308,11.21765,11.22043,3280.0
2026-03-27 16:00:00,11.22043,11.22352,11.2161,11.21806,2357.0
2026-03-29 17:00:00,11.211,11.211,11.2099,11.2099,3.0
2026-03-29 18:00:00,11.20202,11.21084,11.20056,11.20656,4668.0
2026-03-29 19:00:00,11.2066,11.20874,11.2019,11.20391,6202.0
2026-03-29 20:00:00,11.20394,11.22238,11.2019,11.2196,8874.0
2026-03-29 21:00:00,11.21958,11.21988,11.21472,11.21836,3019.0
2026-03-29 22:00:00,11.21852,11.22543,11.21573,11.21954,6257.0
2026-03-29 23:00:00,11.21957,11.2211,11.21794,11.21832,3972.0
2026-03-30 00:00:00,11.21832,11.22055,11.21186,11.21186,5869.0
2026-03-30 01:00:00,11.212,11.21362,11.1971,11.21032,2620.0
2026-03-30 02:00:00,11.21022,11.22446,11.20582,11.22,4332.0
2026-03-30 03:00:00,11.2201,11.25752,11.21684,11.24648,4764.0
2026-03-30 04:00:00,11.24655,11.26814,11.243,11.26676,5221.0
2026-03-30 05:00:00,11.26696,11.2707,11.25172,11.25531,5455.0
2026-03-30 06:00:00,11.25512,11.25534,11.21338,11.21608,4883.0
2026-03-30 07:00:00,11.21596,11.22128,11.19664,11.2038,7992.0
2026-03-30 08:00:00,11.20508,11.21072,11.1871,11.19723,8328.0
2026-03-30 09:00:00,11.19701,11.20374,11.18118,11.18636,9808.0
2026-03-30 10:00:00,11.18622,11.21268,11.1845,11.2043,12264.0
2026-03-30 11:00:00,11.20438,11.20445,11.18346,11.18406,10893.0
2026-03-30 12:00:00,11.18376,11.19052,11.17388,11.17485,16934.0
2026-03-30 13:00:00,11.175,11.17878,11.16807,11.17629,15469.0
2026-03-30 14:00:00,11.17634,11.18548,11.17503,11.1834,10775.0
2026-03-30 15:00:00,11.18339,11.18632,11.17671,11.17851,7752.0
2026-03-30 16:00:00,11.17853,11.18076,11.16596,11.17234,5987.0
2026-03-30 17:00:00,11.17216,11.1856,11.16445,11.1817,369.0
2026-03-30 18:00:00,11.18316,11.191,11.16928,11.17231,9620.0
2026-03-30 19:00:00,11.17201,11.17262,11.15084,11.15754,11700.0
2026-03-30 20:00:00,11.15723,11.17422,11.15292,11.17239,9878.0
2026-03-30 21:00:00,11.17234,11.18612,11.1709,11.18358,9413.0
2026-03-30 22:00:00,11.18364,11.1875,11.18276,11.18406,5488.0
2026-03-30 23:00:00,11.18408,11.1844,11.17508,11.17651,5636.0
2026-03-31 00:00:00,11.17646,11.17783,11.17421,11.17762,4452.0
2026-03-31 01:00:00,11.17748,11.18059,11.17228,11.1792,7396.0
2026-03-31 02:00:00,11.17931,11.22514,11.17882,11.2225,9746.0
2026-03-31 03:00:00,11.2226,11.24049,11.21572,11.22208,12458.0
2026-03-31 04:00:00,11.22228,11.26217,11.21418,11.21534,16481.0
2026-03-31 05:00:00,11.21484,11.24343,11.2026,11.22066,28495.0
2026-03-31 06:00:00,11.22067,11.22908,11.2086,11.2184,12316.0
2026-03-31 07:00:00,11.21829,11.22192,11.19846,11.20466,21808.0
2026-03-31 08:00:00,11.20464,11.21802,11.2036,11.21072,27649.0
2026-03-31 09:00:00,11.21062,11.24758,11.20574,11.2347,25472.0
2026-03-31 10:00:00,11.23554,11.2429,11.22004,11.22331,40979.0
2026-03-31 11:00:00,11.22308,11.23258,11.20806,11.22792,37793.0
2026-03-31 12:00:00,11.22794,11.2517,11.21958,11.22228,34201.0
2026-03-31 13:00:00,11.2222,11.22538,11.20726,11.21248,26933.0
2026-03-31 14:00:00,11.2124,11.21774,11.19546,11.20114,15844.0
2026-03-31 15:00:00,11.2008,11.20744,11.18382,11.19102,12670.0
2026-03-31 16:00:00,11.19086,11.19418,11.1833,11.19056,9859.0
2026-03-31 17:00:00,11.19855,11.2045,11.1937,11.19869,1915.0
2026-03-31 18:00:00,11.19722,11.20497,11.1895,11.19419,8170.0
2026-03-31 19:00:00,11.1942,11.20948,11.1818,11.2048,11257.0
2026-03-31 20:00:00,11.20486,11.21776,11.19149,11.19378,10159.0
2026-03-31 21:00:00,11.19378,11.19439,11.1874,11.18896,9819.0
2026-03-31 22:00:00,11.18901,11.18975,11.1875,11.18854,3355.0
2026-03-31 23:00:00,11.1885,11.1942,11.1885,11.19405,3500.0
2026-04-01 00:00:00,11.19407,11.19524,11.19228,11.19486,2863.0
2026-04-01 01:00:00,11.19458,11.20072,11.19038,11.19382,5821.0
2026-04-01 02:00:00,11.19376,11.22614,11.18081,11.2028,9878.0
2026-04-01 03:00:00,11.20275,11.23574,11.19983,11.2295,8543.0
2026-04-01 04:00:00,11.2297,11.23562,11.21266,11.2136,8499.0
2026-04-01 05:00:00,11.21257,11.2148,11.18965,11.19785,7749.0
2026-04-01 06:00:00,11.19759,11.21837,11.19738,11.21704,5190.0
2026-04-01 07:00:00,11.21688,11.22543,11.20018,11.20754,6441.0
2026-04-01 08:00:00,11.20764,11.23629,11.19985,11.21547,12847.0
2026-04-01 09:00:00,11.21552,11.23287,11.20693,11.22582,8133.0
2026-04-01 10:00:00,11.22586,11.26198,11.2225,11.2535,13590.0
2026-04-01 11:00:00,11.25392,11.27524,11.24551,11.27104,18481.0
2026-04-01 12:00:00,11.27126,11.28966,11.24986,11.2515,29990.0
2026-04-01 13:00:00,11.25145,11.2616,11.24955,11.25602,15546.0
2026-04-01 14:00:00,11.25574,11.27071,11.25574,11.26262,16132.0
2026-04-01 15:00:00,11.26272,11.27294,11.26135,11.2658,11448.0
2026-04-01 16:00:00,11.2654,11.2741,11.2586,11.26078,7477.0
2026-04-01 17:00:00,11.2329,11.27875,11.2246,11.2579,1392.0
2026-04-01 18:00:00,11.25582,11.26363,11.24895,11.26222,3077.0
2026-04-01 19:00:00,11.2623,11.26405,11.25854,11.26162,6100.0
2026-04-01 20:00:00,11.26177,11.2667,11.25938,11.26601,4875.0
2026-04-01 21:00:00,11.26637,11.26743,11.25813,11.26279,6886.0
2026-04-01 22:00:00,11.26274,11.26664,11.26262,11.26434,4332.0
2026-04-01 23:00:00,11.26428,11.28828,11.26194,11.28544,2112.0
2026-04-02 00:00:00,11.28553,11.28598,11.27091,11.27974,3391.0
2026-04-02 01:00:00,11.27952,11.28326,11.26672,11.26834,2759.0
2026-04-02 02:00:00,11.26848,11.27326,11.24324,11.25442,3295.0
2026-04-02 03:00:00,11.2543,11.25934,11.22714,11.23866,8233.0
2026-04-02 04:00:00,11.23852,11.23965,11.21757,11.2349,7330.0
2026-04-02 05:00:00,11.23493,11.24711,11.21938,11.22032,6697.0
2026-04-02 06:00:00,11.22012,11.23303,11.21524,11.23015,9323.0
2026-04-02 07:00:00,11.22997,11.233,11.21914,11.22796,10918.0
2026-04-02 08:00:00,11.22795,11.23851,11.22456,11.22522,11682.0
2026-04-02 09:00:00,11.22513,11.23884,11.2228,11.22842,12751.0
2026-04-02 10:00:00,11.2284,11.24992,11.21784,11.22712,16772.0
2026-04-02 11:00:00,11.22715,11.23824,11.22681,11.23718,9979.0
2026-04-02 12:00:00,11.23712,11.2406,11.22682,11.22995,9664.0
2026-04-02 13:00:00,11.23028,11.23444,11.22624,11.23165,5884.0
2026-04-02 14:00:00,11.2315,11.2324,11.2264,11.23133,3798.0
2026-04-02 15:00:00,11.23146,11.23322,11.22644,11.22746,1219.0
2026-04-02 16:00:00,11.22744,11.23662,11.21355,11.23091,3554.0
2026-04-02 17:00:00,11.23006,11.2404,11.2069,11.23236,380.0
2026-04-02 18:00:00,11.23264,11.23592,11.21685,11.23254,3465.0
2026-04-02 19:00:00,11.23238,11.2429,11.21558,11.2331,8453.0
2026-04-02 20:00:00,11.23314,11.244,11.21361,11.22663,4213.0
2026-04-02 21:00:00,11.2266,11.2278,11.22482,11.22552,447.0
2026-04-02 22:00:00,11.22554,11.2291,11.22536,11.22771,702.0
2026-04-02 23:00:00,11.22776,11.23166,11.2268,11.2298,1447.0
2026-04-03 00:00:00,11.22975,11.2319,11.22746,11.22962,625.0
2026-04-03 01:00:00,11.22945,11.23321,11.22817,11.23083,567.0
2026-04-03 02:00:00,11.2309,11.239,11.22404,11.23387,1141.0
2026-04-03 03:00:00,11.23344,11.24315,11.22799,11.23531,2638.0
2026-04-03 04:00:00,11.235,11.25065,11.22936,11.24911,3921.0
2026-04-03 05:00:00,11.24931,11.25302,11.24666,11.25019,5745.0
2026-04-03 06:00:00,11.24988,11.25655,11.2483,11.25512,4601.0
2026-04-03 07:00:00,11.2551,11.26224,11.25064,11.26114,3346.0
2026-04-03 08:00:00,11.26152,11.2724,11.21729,11.2559,8435.0
2026-04-03 09:00:00,11.25591,11.27316,11.254,11.27246,9555.0
2026-04-03 10:00:00,11.27308,11.2841,11.27276,11.27784,6782.0
2026-04-03 11:00:00,11.27802,11.28532,11.25066,11.2748,8422.0
2026-04-03 12:00:00,11.27472,11.28376,11.27434,11.27877,1349.0
2026-04-03 13:00:00,11.27906,11.28173,11.27249,11.27623,7714.0
2026-04-03 14:00:00,11.27574,11.28144,11.27114,11.27426,861.0
2026-04-03 15:00:00,11.27427,11.27652,11.26952,11.27028,457.0
2026-04-03 16:00:00,11.27055,11.27404,11.24441,11.26272,2479.0
2026-04-05 17:00:00,11.25668,11.25865,11.25335,11.25813,25.0
2026-04-05 18:00:00,11.25321,11.26255,11.25024,11.25935,21065.0
2026-04-05 19:00:00,11.25835,11.26465,11.25274,11.25916,17346.0
2026-04-05 20:00:00,11.25968,11.26416,11.25848,11.26129,8900.0
2026-04-05 21:00:00,11.26134,11.26356,11.26001,11.26168,9663.0
2026-04-05 22:00:00,11.26166,11.26328,11.25999,11.2621,13105.0
2026-04-05 23:00:00,11.26212,11.26442,11.2585,11.25931,7441.0
2026-04-06 00:00:00,11.25939,11.26237,11.25826,11.26102,3718.0
2026-04-06 01:00:00,11.26128,11.26546,11.26008,11.26524,2569.0
2026-04-06 02:00:00,11.26522,11.26998,11.24864,11.2572,1026.0
2026-04-06 03:00:00,11.2577,11.26046,11.24264,11.25077,1852.0
2026-04-06 04:00:00,11.25162,11.25162,11.23899,11.24622,920.0
2026-04-06 05:00:00,11.24602,11.24924,11.2381,11.24044,893.0
2026-04-06 06:00:00,11.24041,11.25072,11.23595,11.24676,1364.0
2026-04-06 07:00:00,11.24688,11.25254,11.23442,11.24121,2288.0
2026-04-06 08:00:00,11.24124,11.24491,11.22494,11.23322,3590.0
2026-04-06 09:00:00,11.23332,11.23689,11.2218,11.2328,2363.0
2026-04-06 10:00:00,11.23268,11.24325,11.22015,11.22154,4957.0
2026-04-06 11:00:00,11.22134,11.22655,11.20742,11.20892,2777.0
2026-04-06 12:00:00,11.20888,11.20978,11.20442,11.20704,2591.0
2026-04-06 13:00:00,11.20698,11.20796,11.2021,11.20531,2540.0
2026-04-06 14:00:00,11.20536,11.21104,11.2027,11.20522,1539.0
2026-04-06 15:00:00,11.20524,11.2059,11.20178,11.20555,664.0
2026-04-06 16:00:00,11.20534,11.21194,11.20448,11.20852,9710.0
2026-04-06 17:00:00,11.21182,11.23,11.1999,11.20772,1312.0
2026-04-06 18:00:00,11.20664,11.20935,11.2037,11.2048,5636.0
2026-04-06 19:00:00,11.20486,11.20705,11.20146,11.20484,8514.0
2026-04-06 20:00:00,11.2049,11.20544,11.19968,11.20364,1351.0
2026-04-06 21:00:00,11.20336,11.20596,11.20264,11.20469,1856.0
2026-04-06 22:00:00,11.20474,11.20491,11.2029,11.20342,1280.0
2026-04-06 23:00:00,11.20304,11.20366,11.19794,11.19844,982.0
2026-04-07 00:00:00,11.1984,11.1984,11.19666,11.19812,631.0
2026-04-07 01:00:00,11.19789,11.19875,11.19219,11.19588,1263.0
2026-04-07 02:00:00,11.19616,11.20964,11.18576,11.19304,3152.0
2026-04-07 03:00:00,11.19298,11.19302,11.17056,11.18954,7154.0
2026-04-07 04:00:00,11.18956,11.2006,11.18234,11.19331,7315.0
2026-04-07 05:00:00,11.19336,11.22045,11.19076,11.2138,5428.0
2026-04-07 06:00:00,11.21394,11.23113,11.20939,11.21069,5842.0
2026-04-07 07:00:00,11.21048,11.21217,11.17667,11.17785,6373.0
2026-04-07 08:00:00,11.1779,11.19345,11.17385,11.18786,10609.0
2026-04-07 09:00:00,11.1879,11.19734,11.18162,11.19082,10663.0
2026-04-07 10:00:00,11.1912,11.21874,11.19044,11.20964,15548.0
2026-04-07 11:00:00,11.20916,11.216,11.14748,11.15968,13462.0
2026-04-07 12:00:00,11.15978,11.1814,11.15869,11.17803,15483.0
2026-04-07 13:00:00,11.17832,11.17864,11.16866,11.17383,4971.0
2026-04-07 14:00:00,11.17392,11.18011,11.16333,11.16952,3679.0
2026-04-07 15:00:00,11.16922,11.1819,11.1637,11.16741,7411.0
2026-04-07 16:00:00,11.16734,11.16933,11.1597,11.16814,6949.0
2026-04-07 17:00:00,11.17247,11.17705,11.16755,11.17245,728.0
2026-04-07 18:00:00,11.1712,11.21367,11.16858,11.21276,12783.0
2026-04-07 19:00:00,11.21285,11.21616,11.19774,11.20736,18990.0
2026-04-07 20:00:00,11.20746,11.21022,11.17112,11.17938,10095.0
2026-04-07 21:00:00,11.17949,11.18761,11.1728,11.17537,7179.0
2026-04-07 22:00:00,11.17543,11.18161,11.17507,11.18096,2432.0
2026-04-07 23:00:00,11.18099,11.19804,11.17735,11.1776,8724.0
2026-04-08 00:00:00,11.1776,11.17786,11.16816,11.17382,8368.0
2026-04-08 01:00:00,11.17388,11.17797,11.16048,11.16505,6857.0
2026-04-08 02:00:00,11.16507,11.2121,11.16234,11.19494,10070.0
2026-04-08 03:00:00,11.19518,11.23748,11.19118,11.2004,11164.0
2026-04-08 04:00:00,11.20033,11.20757,11.1879,11.18815,8316.0
2026-04-08 05:00:00,11.18805,11.19786,11.1663,11.19335,11310.0
2026-04-08 06:00:00,11.19325,11.19325,11.1652,11.16544,7201.0
2026-04-08 07:00:00,11.16529,11.16932,11.15224,11.1572,9287.0
2026-04-08 08:00:00,11.15726,11.16318,11.13762,11.14306,9541.0
2026-04-08 09:00:00,11.14324,11.16062,11.13564,11.15849,11665.0
2026-04-08 10:00:00,11.15889,11.17116,11.14438,11.16555,12206.0
2026-04-08 11:00:00,11.1657,11.18361,11.15766,11.1721,10807.0
2026-04-08 12:00:00,11.17205,11.18515,11.16735,11.18075,19531.0
2026-04-08 13:00:00,11.1806,11.181,11.16145,11.1639,11230.0
2026-04-08 14:00:00,11.16416,11.17756,11.15624,11.16597,17777.0
2026-04-08 15:00:00,11.16588,11.16897,11.15478,11.16679,15234.0
2026-04-08 16:00:00,11.16678,11.16994,11.1605,11.16179,2316.0
2026-04-08 17:00:00,11.16045,11.16562,11.15676,11.16108,1186.0
2026-04-08 18:00:00,11.16365,11.16645,11.15764,11.16096,7859.0
2026-04-08 19:00:00,11.16102,11.16428,11.1597,11.16345,3502.0
2026-04-08 20:00:00,11.16322,11.17019,11.16266,11.16536,1367.0
2026-04-08 21:00:00,11.1653,11.17316,11.16454,11.17132,2806.0
2026-04-08 22:00:00,11.1712,11.17548,11.17086,11.17335,1072.0
2026-04-08 23:00:00,11.17354,11.17586,11.17256,11.17394,2246.0
2026-04-09 00:00:00,11.17427,11.18258,11.16712,11.18069,5478.0
2026-04-09 01:00:00,11.1807,11.18256,11.17524,11.17983,1907.0
2026-04-09 02:00:00,11.17936,11.18443,11.16865,11.1738,4613.0
2026-04-09 03:00:00,11.17366,11.17366,11.1183,11.12512,7008.0
2026-04-09 04:00:00,11.12481,11.13933,11.11188,11.13175,7442.0
2026-04-09 05:00:00,11.1317,11.13729,11.12105,11.1215,7144.0
2026-04-09 06:00:00,11.1214,11.12358,11.11155,11.12038,6187.0
2026-04-09 07:00:00,11.12039,11.12598,11.1135,11.11972,6388.0
2026-04-09 08:00:00,11.1198,11.13535,11.11662,11.12,7565.0
2026-04-09 09:00:00,11.11998,11.1258,11.10868,11.11195,7849.0
2026-04-09 10:00:00,11.11193,11.1143,11.10008,11.1065,11995.0
2026-04-09 11:00:00,11.10655,11.11172,11.09615,11.10112,12627.0
2026-04-09 12:00:00,11.1011,11.11105,11.0991,11.1093,5103.0
2026-04-09 13:00:00,11.1096,11.1171,11.10864,11.113,3478.0
2026-04-09 14:00:00,11.11315,11.11656,11.10544,11.11054,1871.0
2026-04-09 15:00:00,11.11018,11.1115,11.10126,11.10446,3729.0
2026-04-09 16:00:00,11.10478,11.1097,11.10092,11.10732,2245.0
2026-04-09 17:00:00,11.112,11.13418,11.09967,11.1117,356.0
2026-04-09 18:00:00,11.11152,11.11823,11.1072,11.10931,23040.0
2026-04-09 19:00:00,11.11202,11.11582,11.108,11.11056,27431.0
2026-04-09 20:00:00,11.11054,11.11418,11.09748,11.10558,15356.0
2026-04-09 21:00:00,11.1056,11.10834,11.09606,11.10216,24449.0
2026-04-09 22:00:00,11.10222,11.10365,11.09948,11.10008,14816.0
2026-04-09 23:00:00,11.09983,11.10284,11.09952,11.10036,14552.0
2026-04-10 00:00:00,11.1004,11.10184,11.09816,11.09898,10609.0
2026-04-10 01:00:00,11.099,11.10781,11.09377,11.10022,9834.0
2026-04-10 02:00:00,11.10051,11.11939,11.09893,11.1143,3835.0
2026-04-10 03:00:00,11.11395,11.12082,11.10012,11.11455,5838.0
2026-04-10 04:00:00,11.1145,11.11858,11.09601,11.09712,6714.0
2026-04-10 05:00:00,11.09701,11.12158,11.09253,11.12028,8026.0
2026-04-10 06:00:00,11.12018,11.13674,11.11734,11.13324,7756.0
2026-04-10 07:00:00,11.1333,11.1336,11.11762,11.1188,7753.0
2026-04-10 08:00:00,11.119,11.12316,11.1069,11.1198,8842.0
2026-04-10 09:00:00,11.11992,11.14152,11.1155,11.13384,9447.0
2026-04-10 10:00:00,11.1337,11.15066,11.12872,11.13746,13637.0
2026-04-10 11:00:00,11.13758,11.14739,11.13679,11.14462,8581.0
2026-04-10 12:00:00,11.14458,11.1626,11.14435,11.15211,10112.0
2026-04-10 13:00:00,11.15236,11.15475,11.14523,11.15234,7341.0
2026-04-10 14:00:00,11.15236,11.15935,11.1501,11.1559,2959.0
2026-04-10 15:00:00,11.15584,11.16206,11.1546,11.15889,951.0
2026-04-10 16:00:00,11.15896,11.17005,11.15458,11.1687,6952.0
2026-04-12 17:00:00,11.1534,11.17045,11.1483,11.16422,42.0
2026-04-12 18:00:00,11.16512,11.17315,11.13061,11.13967,4303.0
2026-04-12 19:00:00,11.13948,11.14107,11.13233,11.13858,8443.0
2026-04-12 20:00:00,11.1386,11.14243,11.13054,11.13506,1814.0
2026-04-12 21:00:00,11.13485,11.1414,11.1316,11.1407,2054.0
2026-04-12 22:00:00,11.1404,11.1415,11.12738,11.13399,1783.0
2026-04-12 23:00:00,11.13389,11.14406,11.13384,11.13862,1092.0
2026-04-13 00:00:00,11.1386,11.1431,11.13837,11.1399,946.0
2026-04-13 01:00:00,11.13974,11.14068,11.13132,11.1345,2051.0
2026-04-13 02:00:00,11.1344,11.13688,11.11445,11.12122,2901.0
2026-04-13 03:00:00,11.12037,11.12039,11.07723,11.08404,6018.0
2026-04-13 04:00:00,11.08422,11.09173,11.0732,11.08055,6531.0
2026-04-13 05:00:00,11.08063,11.0959,11.07904,11.09244,5135.0
2026-04-13 06:00:00,11.09256,11.10276,11.08927,11.10049,3624.0
2026-04-13 07:00:00,11.10029,11.10433,11.08183,11.10388,5702.0
2026-04-13 08:00:00,11.10372,11.11754,11.09376,11.10528,7770.0
2026-04-13 09:00:00,11.1053,11.10688,11.09158,11.10336,7866.0
2026-04-13 10:00:00,11.10332,11.11574,11.09748,11.106,12641.0
2026-04-13 11:00:00,11.10604,11.11458,11.10094,11.11396,6783.0
2026-04-13 12:00:00,11.11394,11.11418,11.09485,11.1046,9912.0
2026-04-13 13:00:00,11.1047,11.10966,11.09638,11.1047,10172.0
2026-04-13 14:00:00,11.10465,11.11067,11.09498,11.1105,4261.0
2026-04-13 15:00:00,11.11058,11.11872,11.10306,11.1123,2282.0
2026-04-13 16:00:00,11.11228,11.11446,11.10512,11.112,6971.0
2026-04-13 17:00:00,11.109,11.11048,11.10695,11.10925,1127.0
2026-04-13 18:00:00,11.109,11.11954,11.109,11.1132,3352.0
2026-04-13 19:00:00,11.11296,11.11831,11.10536,11.11554,10477.0
2026-04-13 20:00:00,11.11564,11.11568,11.10741,11.10772,13125.0
2026-04-13 21:00:00,11.10772,11.1142,11.10772,11.11377,706.0
2026-04-13 22:00:00,11.11375,11.1171,11.1133,11.11564,1545.0
2026-04-13 23:00:00,11.1156,11.11595,11.11189,11.11316,502.0
2026-04-14 00:00:00,11.11284,11.11314,11.10936,11.10982,381.0
2026-04-14 01:00:00,11.1098,11.11965,11.10256,11.11791,1682.0
2026-04-14 02:00:00,11.11786,11.12256,11.10006,11.11064,3456.0
2026-04-14 03:00:00,11.1103,11.12811,11.10467,11.12236,5369.0
2026-04-14 04:00:00,11.12256,11.1301,11.10872,11.11002,5467.0
2026-04-14 05:00:00,11.10998,11.11808,11.10016,11.11398,6377.0
2026-04-14 06:00:00,11.11426,11.12128,11.1045,11.1055,7222.0
2026-04-14 07:00:00,11.106,11.1083,11.0884,11.09884,5071.0
2026-04-14 08:00:00,11.09894,11.11447,11.09639,11.10196,6482.0
2026-04-14 09:00:00,11.10177,11.12874,11.10166,11.12008,7918.0
2026-04-14 10:00:00,11.12003,11.14384,11.11636,11.142,7823.0
2026-04-14 11:00:00,11.14162,11.14946,11.13525,11.14912,6712.0
2026-04-14 12:00:00,11.14922,11.15848,11.1408,11.14242,6535.0
2026-04-14 13:00:00,11.14257,11.14533,11.1396,11.14206,4432.0
2026-04-14 14:00:00,11.14217,11.1459,11.13718,11.14524,2874.0
2026-04-14 15:00:00,11.1449,11.14593,11.13311,11.13812,1422.0
2026-04-14 16:00:00,11.13812,11.14913,11.13338,11.1467,2284.0
2026-04-14 17:00:00,11.14894,11.1641,11.14565,11.14891,1609.0
2026-04-14 18:00:00,11.14883,11.1519,11.13864,11.14311,3637.0
2026-04-14 19:00:00,11.14306,11.15579,11.13566,11.13908,11286.0
2026-04-14 20:00:00,11.13918,11.1531,11.13896,11.1502,3988.0
2026-04-14 21:00:00,11.15016,11.15042,11.1364,11.13896,1901.0
2026-04-14 22:00:00,11.139,11.14276,11.1384,11.14056,765.0
2026-04-14 23:00:00,11.1405,11.14096,11.12843,11.13343,2148.0
2026-04-15 00:00:00,11.13322,11.13324,11.12856,11.13181,768.0
2026-04-15 01:00:00,11.132,11.13329,11.12635,11.13196,2815.0
2026-04-15 02:00:00,11.132,11.1466,11.12625,11.1411,2237.0
2026-04-15 03:00:00,11.141,11.14192,11.11816,11.13742,5372.0
2026-04-15 04:00:00,11.13762,11.1411,11.12422,11.12815,4079.0
2026-04-15 05:00:00,11.12805,11.13058,11.10712,11.11652,5503.0
2026-04-15 06:00:00,11.11648,11.12417,11.10641,11.10714,4459.0
2026-04-15 07:00:00,11.10714,11.13075,11.10266,11.12152,4736.0
2026-04-15 08:00:00,11.12156,11.1323,11.11871,11.12938,5591.0
2026-04-15 09:00:00,11.1295,11.13335,11.10612,11.11001,6890.0
2026-04-15 10:00:00,11.10995,11.11112,11.08344,11.08906,9629.0
2026-04-15 11:00:00,11.08903,11.09074,11.08172,11.08532,5829.0
2026-04-15 12:00:00,11.0852,11.08641,11.0728,11.07726,3035.0
2026-04-15 13:00:00,11.07746,11.08449,11.07289,11.07942,3800.0
2026-04-15 14:00:00,11.0794,11.0807,11.07118,11.0735,3670.0
2026-04-15 15:00:00,11.07377,11.07868,11.07304,11.07868,1157.0
2026-04-15 16:00:00,11.07864,11.07936,11.07418,11.07855,2800.0
2026-04-15 17:00:00,11.09816,11.10335,11.07769,11.08365,851.0
2026-04-15 18:00:00,11.08206,11.08422,11.07825,11.08118,2792.0
2026-04-15 19:00:00,11.08147,11.08707,11.07905,11.08364,16072.0
2026-04-15 20:00:00,11.08355,11.08689,11.07666,11.07981,17112.0
2026-04-15 21:00:00,11.07964,11.08005,11.07148,11.0771,3063.0
2026-04-15 22:00:00,11.07708,11.07842,11.07207,11.0773,3264.0
2026-04-15 23:00:00,11.07717,11.07749,11.06368,11.06848,2710.0
2026-04-16 00:00:00,11.06892,11.07638,11.0688,11.0721,746.0
2026-04-16 01:00:00,11.07273,11.07287,11.066,11.07027,1167.0
2026-04-16 02:00:00,11.07024,11.08117,11.06374,11.0739,2568.0
2026-04-16 03:00:00,11.07395,11.08578,11.06748,11.07985,4255.0
2026-04-16 04:00:00,11.0798,11.08686,11.07595,11.08292,3650.0
2026-04-16 05:00:00,11.08315,11.08328,11.07024,11.07384,3907.0
2026-04-16 06:00:00,11.07388,11.07448,11.06544,11.06788,3402.0
2026-04-16 07:00:00,11.06794,11.07546,11.0463,11.0478,5057.0
2026-04-16 08:00:00,11.04745,11.05806,11.0333,11.0358,4737.0
2026-04-16 09:00:00,11.03558,11.03738,11.01714,11.02502,7043.0
2026-04-16 10:00:00,11.0251,11.05056,11.02164,11.04903,10844.0
2026-04-16 11:00:00,11.0494,11.05182,11.02683,11.03234,6870.0
2026-04-16 12:00:00,11.03245,11.03275,11.02063,11.02234,2675.0
2026-04-16 13:00:00,11.02219,11.03045,11.0216,11.02934,1290.0
2026-04-16 14:00:00,11.02932,11.04236,11.02685,11.0373,4285.0
2026-04-16 15:00:00,11.03735,11.03735,11.02786,11.03184,1682.0
2026-04-16 16:00:00,11.03186,11.03545,11.02888,11.03432,2591.0
2026-04-16 17:00:00,11.03429,11.065,11.0276,11.03544,1659.0
2026-04-16 18:00:00,11.03544,11.0369,11.02626,11.03008,4116.0
2026-04-16 19:00:00,11.02988,11.03403,11.02689,11.02866,8474.0
2026-04-16 20:00:00,11.02868,11.03396,11.02644,11.03,2378.0
2026-04-16 21:00:00,11.03,11.03095,11.02787,11.02818,4013.0
2026-04-16 22:00:00,11.02814,11.029,11.02365,11.02595,1039.0
2026-04-16 23:00:00,11.02535,11.0263,11.0235,11.02375,656.0
2026-04-17 00:00:00,11.0238,11.0281,11.02024,11.02528,818.0
2026-04-17 01:00:00,11.02534,11.02712,11.02095,11.021,1412.0
2026-04-17 02:00:00,11.02133,11.03107,11.01372,11.02144,2048.0
2026-04-17 03:00:00,11.02134,11.02994,11.01418,11.018,4124.0
2026-04-17 04:00:00,11.01794,11.02464,11.008,11.0162,4040.0
2026-04-17 05:00:00,11.01622,11.04498,11.01622,11.0407,4842.0
2026-04-17 06:00:00,11.04075,11.05213,11.04007,11.04256,4789.0
2026-04-17 07:00:00,11.04252,11.0441,11.01834,11.01888,3413.0
2026-04-17 08:00:00,11.01889,11.06014,11.0094,11.058,9997.0
2026-04-17 09:00:00,11.05816,11.09339,11.05816,11.07738,11366.0
2026-04-17 10:00:00,11.07725,11.08658,11.06315,11.07196,9987.0
2026-04-17 11:00:00,11.07178,11.07736,11.05938,11.06276,5598.0
2026-04-17 12:00:00,11.06293,11.06567,11.04937,11.05098,6296.0
2026-04-17 13:00:00,11.05122,11.05794,11.05041,11.05398,12609.0
2026-04-17 14:00:00,11.05388,11.05456,11.04342,11.04726,11665.0
2026-04-17 15:00:00,11.04706,11.05054,11.03639,11.05018,4718.0
2026-04-17 16:00:00,11.05006,11.05359,11.02955,11.0319,15397.0
2026-04-19 17:00:00,11.0135,11.015,11.00665,11.01448,508.0
2026-04-19 18:00:00,11.015,11.015,11.0056,11.01366,2404.0
2026-04-19 19:00:00,11.01376,11.02094,11.0125,11.01882,8866.0
2026-04-19 20:00:00,11.01876,11.04422,11.01777,11.03138,4068.0
2026-04-19 21:00:00,11.03107,11.04014,11.02998,11.03736,3012.0
2026-04-19 22:00:00,11.03702,11.03742,11.03192,11.03346,2018.0
2026-04-19 23:00:00,11.03343,11.03866,11.03192,11.0375,2067.0
2026-04-20 00:00:00,11.03728,11.04014,11.03553,11.03811,1671.0
2026-04-20 01:00:00,11.03834,11.0421,11.03686,11.03849,1696.0
2026-04-20 02:00:00,11.03848,11.0452,11.02046,11.02562,2625.0
2026-04-20 03:00:00,11.02475,11.02475,10.99427,10.99429,6015.0
2026-04-20 04:00:00,10.994,11.00036,10.98914,10.99388,7174.0
2026-04-20 05:00:00,10.99394,10.9959,10.97909,10.98604,6406.0
2026-04-20 06:00:00,10.9861,10.99396,10.98086,10.98639,7379.0
2026-04-20 07:00:00,10.98639,10.9878,10.96662,10.97012,8045.0
2026-04-20 08:00:00,10.96998,10.98234,10.96864,10.97904,8812.0
2026-04-20 09:00:00,10.979,10.99638,10.97704,10.98885,11141.0
2026-04-20 10:00:00,10.9889,10.99648,10.98382,10.98819,8445.0
2026-04-20 11:00:00,10.98809,10.98834,10.9644,10.9644,6471.0
2026-04-20 12:00:00,10.96448,10.9803,10.96234,10.9783,5603.0
2026-04-20 13:00:00,10.9784,10.98055,10.97565,10.97642,4879.0
2026-04-20 14:00:00,10.97676,10.98,10.976,10.9779,4077.0
2026-04-20 15:00:00,10.97815,10.98517,10.9775,10.98126,1611.0
2026-04-20 16:00:00,10.98122,10.98874,10.98088,10.98739,1297.0
2026-04-20 17:00:00,10.98204,10.986,10.9797,10.98283,1073.0
2026-04-20 18:00:00,10.98378,10.98426,10.96668,10.9713,11697.0
2026-04-20 19:00:00,10.97044,10.9786,10.96662,10.97546,13302.0
2026-04-20 20:00:00,10.97576,10.9843,10.97576,10.98058,2825.0
2026-04-20 21:00:00,10.98034,10.98877,10.9788,10.98412,954.0
2026-04-20 22:00:00,10.98397,10.98684,10.98304,10.98405,1468.0
2026-04-20 23:00:00,10.9839,10.98672,10.9822,10.98327,998.0
2026-04-21 00:00:00,10.98332,10.98635,10.98165,10.98475,1562.0
2026-04-21 01:00:00,10.98454,10.9865,10.98212,10.98618,1381.0
2026-04-21 02:00:00,10.98579,10.98792,10.9702,10.972,4263.0
2026-04-21 03:00:00,10.97195,10.97875,10.96382,10.97027,11101.0
2026-04-21 04:00:00,10.97025,10.9971,10.96972,10.99312,7151.0
2026-04-21 05:00:00,10.9937,10.99587,10.9739,10.9804,5768.0
2026-04-21 06:00:00,10.98044,10.9852,10.96682,10.96716,4573.0
2026-04-21 07:00:00,10.967,10.97225,10.95786,10.96365,5019.0
2026-04-21 08:00:00,10.96355,10.97834,10.963,10.97166,4686.0
2026-04-21 09:00:00,10.97155,10.98638,10.96756,10.98276,5316.0
2026-04-21 10:00:00,10.98294,10.98604,10.96932,10.976,11570.0
2026-04-21 11:00:00,10.97595,10.98616,10.96829,10.9715,8178.0
2026-04-21 12:00:00,10.97145,10.97281,10.96814,10.97132,7740.0
2026-04-21 13:00:00,10.97136,10.97722,10.96857,10.97066,7615.0
2026-04-21 14:00:00,10.97072,10.97525,10.96728,10.97326,2373.0
2026-04-21 15:00:00,10.97357,10.97419,10.96288,10.96432,5041.0
2026-04-21 16:00:00,10.96416,10.97479,10.95982,10.96196,5285.0
2026-04-21 17:00:00,10.98335,10.98515,10.96066,10.96366,252.0
2026-04-21 18:00:00,10.96434,10.97717,10.96382,10.9659,10005.0
2026-04-21 19:00:00,10.9659,10.96832,10.9631,10.96616,11742.0
2026-04-21 20:00:00,10.96658,10.96882,10.95967,10.96214,3937.0
2026-04-21 21:00:00,10.96158,10.9659,10.9614,10.9638,1625.0
2026-04-21 22:00:00,10.96376,10.96384,10.95732,10.96206,2212.0
2026-04-21 23:00:00,10.962,10.96384,10.95954,10.96185,3563.0
2026-04-22 00:00:00,10.962,10.9643,10.95768,10.9603,1857.0
2026-04-22 01:00:00,10.9601,10.96142,10.95614,10.95956,1587.0
2026-04-22 02:00:00,10.95976,10.96378,10.94694,10.95359,2175.0
2026-04-22 03:00:00,10.95339,10.95339,10.9086,10.91169,5872.0
2026-04-22 04:00:00,10.91124,10.92346,10.89785,10.90218,6090.0
2026-04-22 05:00:00,10.90206,10.91423,10.88648,10.88854,5835.0
2026-04-22 06:00:00,10.88782,10.90982,10.88517,10.90537,5411.0
2026-04-22 07:00:00,10.90542,10.91174,10.88876,10.9107,6636.0
2026-04-22 08:00:00,10.91072,10.91332,10.89703,10.89785,6326.0
2026-04-22 09:00:00,10.89786,10.89888,10.874,10.88715,7720.0
2026-04-22 10:00:00,10.88725,10.8959,10.88376,10.88756,7326.0
2026-04-22 11:00:00,10.88716,10.8985,10.88594,10.89258,9750.0
2026-04-22 12:00:00,10.89294,10.89548,10.88238,10.88238,3203.0
2026-04-22 13:00:00,10.88228,10.886,10.88054,10.88236,1391.0
2026-04-22 14:00:00,10.88241,10.8845,10.87722,10.88268,1580.0
2026-04-22 15:00:00,10.8825,10.88715,10.88039,10.88665,2717.0
2026-04-22 16:00:00,10.88656,10.89298,10.88646,10.88973,4552.0
2026-04-22 17:00:00,10.89152,10.893,10.8897,10.89149,722.0
2026-04-22 18:00:00,10.89147,10.89147,10.88442,10.88532,927.0
2026-04-22 19:00:00,10.88538,10.89155,10.88526,10.8889,5105.0
2026-04-22 20:00:00,10.8894,10.89246,10.888,10.88884,14961.0
2026-04-22 21:00:00,10.88898,10.89458,10.88856,10.8922,3518.0
2026-04-22 22:00:00,10.89222,10.89422,10.89204,10.89398,4195.0
2026-04-22 23:00:00,10.89394,10.89568,10.89328,10.89456,1945.0
2026-04-23 00:00:00,10.89416,10.89466,10.88138,10.8873,1507.0
2026-04-23 01:00:00,10.8874,10.89194,10.88702,10.88934,1256.0
2026-04-23 02:00:00,10.8896,10.89028,10.86922,10.8785,1963.0
2026-04-23 03:00:00,10.87827,10.87827,10.8576,10.86676,5592.0
2026-04-23 04:00:00,10.86725,10.89298,10.86725,10.89284,3566.0
2026-04-23 05:00:00,10.89301,10.92158,10.89026,10.91878,5402.0
2026-04-23 06:00:00,10.91866,10.92108,10.89992,10.90246,5973.0
2026-04-23 07:00:00,10.90233,10.90869,10.89504,10.90528,4697.0
2026-04-23 08:00:00,10.90534,10.94552,10.90513,10.93754,7256.0
2026-04-23 09:00:00,10.93744,10.93953,10.92,10.92005,8022.0
2026-04-23 10:00:00,10.92,10.92326,10.90206,10.91095,11976.0
2026-04-23 11:00:00,10.911,10.91452,10.88985,10.89337,7383.0
2026-04-23 12:00:00,10.89315,10.91346,10.8911,10.90351,7923.0
2026-04-23 13:00:00,10.90352,10.91646,10.90008,10.91072,5739.0
2026-04-23 14:00:00,10.91066,10.91503,10.90855,10.91118,4716.0
2026-04-23 15:00:00,10.91102,10.91846,10.90488,10.91438,2972.0
2026-04-23 16:00:00,10.91444,10.92456,10.9133,10.91913,3860.0
2026-04-23 17:00:00,10.91936,10.9225,10.90985,10.91312,873.0
2026-04-23 18:00:00,10.91368,10.91912,10.89928,10.9026,9336.0
2026-04-23 19:00:00,10.90265,10.90582,10.89879,10.90529,10058.0
2026-04-23 20:00:00,10.90501,10.91054,10.9023,10.90526,1816.0
2026-04-23 21:00:00,10.90522,10.90777,10.90454,10.90711,1655.0
2026-04-23 22:00:00,10.90705,10.91679,10.9063,10.91482,856.0
2026-04-23 23:00:00,10.91486,10.9204,10.91362,10.91518,970.0
2026-04-24 00:00:00,10.9156,10.91788,10.91047,10.9137,736.0
2026-04-24 01:00:00,10.91362,10.92434,10.9118,10.91345,1047.0
2026-04-24 02:00:00,10.91362,10.92028,10.90252,10.91266,2746.0
2026-04-24 03:00:00,10.91258,10.93317,10.90644,10.92276,5516.0
2026-04-24 04:00:00,10.92184,10.92882,10.91508,10.92344,5706.0
2026-04-24 05:00:00,10.92328,10.92629,10.91595,10.92212,2763.0
2026-04-24 06:00:00,10.92232,10.94084,10.91812,10.94045,3662.0
2026-04-24 07:00:00,10.94078,10.9655,10.937,10.96266,5695.0
2026-04-24 08:00:00,10.96283,10.96306,10.93203,10.94372,5833.0
2026-04-24 09:00:00,10.94354,10.95596,10.93314,10.94835,7068.0
2026-04-24 10:00:00,10.94814,10.95704,10.92224,10.9371,8184.0
2026-04-24 11:00:00,10.93718,10.94232,10.93338,10.9395,7643.0
2026-04-24 12:00:00,10.93945,10.94262,10.92504,10.9274,7469.0
2026-04-24 13:00:00,10.92728,10.938,10.92324,10.93153,8580.0
2026-04-24 14:00:00,10.93158,10.93186,10.9147,10.92024,2353.0
2026-04-24 15:00:00,10.92068,10.92238,10.91365,10.91886,988.0
2026-04-24 16:00:00,10.91872,10.9263,10.90556,10.91888,7165.0
2026-04-26 17:00:00,10.9192,10.9192,10.9192,10.9192,1.0
2026-04-26 18:00:00,10.95325,10.9662,10.9053,10.93325,733.0
2026-04-26 19:00:00,10.9265,10.95015,10.89336,10.89612,2548.0
2026-04-26 20:00:00,10.89514,10.92419,10.89459,10.91229,4121.0
2026-04-26 21:00:00,10.91244,10.91655,10.90132,10.9051,1770.0
2026-04-26 22:00:00,10.9049,10.9072,10.9029,10.90448,462.0
2026-04-26 23:00:00,10.90436,10.9046,10.90172,10.90318,937.0
2026-04-27 00:00:00,10.90316,10.9056,10.9008,10.90502,1254.0
2026-04-27 01:00:00,10.90453,10.9064,10.9001,10.90354,1283.0
2026-04-27 02:00:00,10.90343,10.90964,10.89406,10.90174,3120.0
2026-04-27 03:00:00,10.9017,10.91292,10.89326,10.89943,4768.0
2026-04-27 04:00:00,10.8993,10.90452,10.85938,10.86622,5139.0
2026-04-27 05:00:00,10.86636,10.88694,10.8649,10.88052,5679.0
2026-04-27 06:00:00,10.8807,10.89698,10.87373,10.88672,4187.0
2026-04-27 07:00:00,10.88668,10.89172,10.87856,10.88748,6109.0
2026-04-27 08:00:00,10.88769,10.892,10.8671,10.87112,6975.0
2026-04-27 09:00:00,10.87092,10.88354,10.87054,10.87374,7464.0
2026-04-27 10:00:00,10.87366,10.89294,10.87276,10.89284,8645.0
2026-04-27 11:00:00,10.89288,10.89526,10.883,10.89438,9208.0
2026-04-27 12:00:00,10.89458,10.89641,10.88645,10.89016,7452.0
2026-04-27 13:00:00,10.89012,10.89431,10.88752,10.89228,4728.0
2026-04-27 14:00:00,10.89226,10.90156,10.89212,10.89733,1524.0
2026-04-27 15:00:00,10.89728,10.9016,10.89415,10.90088,993.0
2026-04-27 16:00:00,10.90096,10.90548,10.89342,10.89487,3054.0
2026-04-27 17:00:00,10.89232,10.89762,10.88949,10.89303,1300.0
2026-04-27 18:00:00,10.89341,10.89379,10.88444,10.88907,14203.0
2026-04-27 19:00:00,10.88819,10.89294,10.8835,10.88883,27922.0
2026-04-27 20:00:00,10.8885,10.89426,10.88176,10.89282,4701.0
2026-04-27 21:00:00,10.89297,10.89626,10.88698,10.89588,1940.0
2026-04-27 22:00:00,10.89582,10.90808,10.89436,10.9042,2106.0
2026-04-27 23:00:00,10.90419,10.9045,10.90098,10.90098,2940.0
2026-04-28 00:00:00,10.90114,10.90758,10.89892,10.90645,771.0
2026-04-28 01:00:00,10.9065,10.91033,10.89632,10.8995,1588.0
2026-04-28 02:00:00,10.89892,10.90612,10.88171,10.8832,2683.0
2026-04-28 03:00:00,10.883,10.88304,10.86279,10.86826,4770.0
2026-04-28 04:00:00,10.86831,10.89039,10.86745,10.8765,5079.0
2026-04-28 05:00:00,10.8764,10.87738,10.86326,10.87002,3315.0
2026-04-28 06:00:00,10.87,10.88039,10.86543,10.87882,2421.0
2026-04-28 07:00:00,10.87878,10.8976,10.87415,10.89077,4572.0
2026-04-28 08:00:00,10.89067,10.89691,10.88191,10.8895,5713.0
2026-04-28 09:00:00,10.88912,10.9094,10.88732,10.90656,6805.0
2026-04-28 10:00:00,10.9066,10.92424,10.89943,10.92128,13688.0
2026-04-28 11:00:00,10.9211,10.93308,10.90896,10.91268,14505.0
2026-04-28 12:00:00,10.9127,10.91918,10.90766,10.91506,9604.0
2026-04-28 13:00:00,10.91509,10.91602,10.90508,10.911,4626.0
2026-04-28 14:00:00,10.911,10.9185,10.91004,10.918,3077.0
2026-04-28 15:00:00,10.918,10.91998,10.91045,10.91315,2656.0
2026-04-28 16:00:00,10.91315,10.92268,10.9106,10.91922,2228.0
2026-04-28 17:00:00,10.91965,10.92895,10.91903,10.92101,146.0
2026-04-28 18:00:00,10.92092,10.92516,10.91996,10.92264,12919.0
2026-04-28 19:00:00,10.92274,10.9251,10.91955,10.92024,3223.0
2026-04-28 20:00:00,10.92036,10.924,10.91515,10.91995,2971.0
2026-04-28 21:00:00,10.92015,10.92206,10.9116,10.91718,2283.0
2026-04-28 22:00:00,10.9172,10.92502,10.91646,10.92237,1204.0
2026-04-28 23:00:00,10.92246,10.92588,10.92054,10.9244,1075.0
2026-04-29 00:00:00,10.92425,10.9283,10.9228,10.92355,760.0
2026-04-29 01:00:00,10.9233,10.92338,10.91215,10.91483,1807.0
2026-04-29 02:00:00,10.9149,10.92715,10.91456,10.9202,3152.0
2026-04-29 03:00:00,10.9203,10.92129,10.89646,10.90874,5821.0
2026-04-29 04:00:00,10.90886,10.9096,10.88514,10.89142,5146.0
2026-04-29 05:00:00,10.8913,10.90511,10.8884,10.89465,3938.0
2026-04-29 06:00:00,10.8946,10.8946,10.88644,10.89104,3063.0
2026-04-29 07:00:00,10.89064,10.89312,10.86372,10.86395,4769.0
2026-04-29 08:00:00,10.86364,10.86538,10.8533,10.86089,4250.0
2026-04-29 09:00:00,10.86056,10.8789,10.85664,10.87241,8243.0
2026-04-29 10:00:00,10.87236,10.88193,10.8637,10.86845,8169.0
2026-04-29 11:00:00,10.8685,10.87735,10.86524,10.87006,11290.0
2026-04-29 12:00:00,10.87007,10.87854,10.868,10.8763,7108.0
2026-04-29 13:00:00,10.87622,10.88564,10.87445,10.88204,4870.0
2026-04-29 14:00:00,10.88214,10.90112,10.87964,10.89385,7201.0
2026-04-29 15:00:00,10.89378,10.8996,10.89185,10.8954,1880.0
2026-04-29 16:00:00,10.89541,10.90463,10.89541,10.90099,2420.0
2026-04-29 17:00:00,10.9056,10.9056,10.88423,10.8986,588.0
2026-04-29 18:00:00,10.89845,10.90375,10.89004,10.89308,19815.0
2026-04-29 19:00:00,10.89318,10.89756,10.89165,10.89428,29578.0
2026-04-29 20:00:00,10.89432,10.89644,10.89208,10.89278,2280.0
2026-04-29 21:00:00,10.89295,10.89476,10.88725,10.88892,1663.0
2026-04-29 22:00:00,10.88886,10.88928,10.87592,10.88008,1760.0
2026-04-29 23:00:00,10.88012,10.8808,10.87376,10.8758,1540.0
2026-04-30 00:00:00,10.87548,10.87752,10.87139,10.87703,2374.0
2026-04-30 01:00:00,10.87697,10.8836,10.87552,10.88234,2323.0
2026-04-30 02:00:00,10.8823,10.90034,10.88115,10.90034,3478.0
2026-04-30 03:00:00,10.90049,10.90626,10.87388,10.90625,6736.0
2026-04-30 04:00:00,10.90627,10.93886,10.90554,10.9323,7587.0
2026-04-30 05:00:00,10.9322,10.93778,10.91719,10.92563,4598.0
2026-04-30 06:00:00,10.92568,10.92568,10.90433,10.90502,6160.0
2026-04-30 07:00:00,10.9049,10.91416,10.88856,10.9014,8831.0
2026-04-30 08:00:00,10.9015,10.9299,10.89666,10.92594,7914.0
2026-04-30 09:00:00,10.92589,10.93392,10.91112,10.91428,8397.0
2026-04-30 10:00:00,10.91424,10.91766,10.8978,10.91482,12207.0
2026-04-30 11:00:00,10.91481,10.92028,10.89775,10.89998,10572.0
2026-04-30 12:00:00,10.89995,10.90455,10.89355,10.89522,9659.0
2026-04-30 13:00:00,10.89518,10.8962,10.88591,10.88885,4620.0
2026-04-30 14:00:00,10.88902,10.88902,10.8767,10.88224,5447.0
2026-04-30 15:00:00,10.88229,10.8861,10.874,10.87453,4620.0
2026-04-30 16:00:00,10.87451,10.87461,10.86514,10.8677,4037.0
2026-04-30 17:00:00,10.86754,10.89775,10.8669,10.8732,1119.0
2026-04-30 18:00:00,10.87248,10.87639,10.86794,10.86912,6462.0
2026-04-30 19:00:00,10.86902,10.8716,10.86668,10.86798,7607.0
2026-04-30 20:00:00,10.86794,10.86988,10.86398,10.86826,3056.0
2026-04-30 21:00:00,10.86822,10.87268,10.86514,10.87182,1688.0
2026-04-30 22:00:00,10.87186,10.87545,10.87154,10.87431,2827.0
2026-04-30 23:00:00,10.87441,10.87885,10.87384,10.8787,1413.0
2026-05-01 00:00:00,10.87865,10.88415,10.87845,10.883,1916.0
2026-05-01 01:00:00,10.88315,10.8862,10.8825,10.8851,1366.0
2026-05-01 02:00:00,10.8853,10.88545,10.85335,10.85664,2597.0
2026-05-01 03:00:00,10.85676,10.86634,10.85451,10.86589,4759.0
2026-05-01 04:00:00,10.86579,10.8871,10.86245,10.88148,6649.0
2026-05-01 05:00:00,10.88154,10.88652,10.87089,10.87838,5347.0
2026-05-01 06:00:00,10.8781,10.8864,10.87216,10.8861,6671.0
2026-05-01 07:00:00,10.88601,10.90612,10.88028,10.90596,9630.0
2026-05-01 08:00:00,10.90598,10.91235,10.89381,10.90346,10847.0
2026-05-01 09:00:00,10.90345,10.91113,10.89129,10.90272,10052.0
2026-05-01 10:00:00,10.90282,10.90765,10.88644,10.88654,13289.0
2026-05-01 11:00:00,10.88648,10.88658,10.8757,10.87888,7528.0
2026-05-01 12:00:00,10.87885,10.88015,10.86674,10.87668,7497.0
2026-05-01 13:00:00,10.87662,10.88242,10.87021,10.87538,6444.0
2026-05-01 14:00:00,10.87544,10.87936,10.86936,10.87184,3495.0
2026-05-01 15:00:00,10.87187,10.87561,10.86716,10.87476,2962.0
2026-05-01 16:00:00,10.87466,10.8829,10.87051,10.8791,5974.0
2026-05-03 17:00:00,10.89704,10.902,10.89486,10.8975,5.0
2026-05-03 18:00:00,10.89675,10.90325,10.89526,10.89848,4139.0
2026-05-03 19:00:00,10.89851,10.89958,10.88955,10.89025,5221.0
2026-05-03 20:00:00,10.8902,10.89234,10.87906,10.87961,2983.0
2026-05-03 21:00:00,10.87956,10.88212,10.87398,10.87514,2414.0
2026-05-03 22:00:00,10.87508,10.87542,10.8727,10.8733,852.0
2026-05-03 23:00:00,10.87338,10.8744,10.87215,10.87384,989.0
2026-05-04 00:00:00,10.87382,10.87688,10.87379,10.8767,763.0
2026-05-04 01:00:00,10.8768,10.8885,10.8765,10.87902,2262.0
2026-05-04 02:00:00,10.87896,10.88751,10.87244,10.886,2425.0
2026-05-04 03:00:00,10.8857,10.89468,10.86845,10.86845,4639.0
2026-05-04 04:00:00,10.86855,10.86918,10.8462,10.85933,5253.0
2026-05-04 05:00:00,10.85931,10.86098,10.85072,10.85267,4279.0
2026-05-04 06:00:00,10.85272,10.85385,10.83651,10.839,6679.0
2026-05-04 07:00:00,10.83906,10.84615,10.82488,10.82548,6854.0
2026-05-04 08:00:00,10.82542,10.84262,10.8218,10.8341,7631.0
2026-05-04 09:00:00,10.83385,10.84718,10.82638,10.8432,6832.0
2026-05-04 10:00:00,10.84325,10.84776,10.83476,10.84168,7100.0
2026-05-04 11:00:00,10.84172,10.85623,10.83738,10.85432,6606.0
2026-05-04 12:00:00,10.8543,10.85589,10.83913,10.84166,4264.0
2026-05-04 13:00:00,10.8419,10.84441,10.83704,10.84208,3077.0
2026-05-04 14:00:00,10.84213,10.84284,10.83954,10.84218,1919.0
2026-05-04 15:00:00,10.84223,10.84318,10.83958,10.84296,1629.0
2026-05-04 16:00:00,10.8429,10.85006,10.84181,10.84666,1228.0
2026-05-04 17:00:00,10.84466,10.85014,10.83995,10.84447,612.0
2026-05-04 18:00:00,10.84298,10.8468,10.84034,10.84642,1228.0
2026-05-04 19:00:00,10.84646,10.84681,10.84302,10.84502,3714.0
2026-05-04 20:00:00,10.8453,10.85004,10.84166,10.84214,1139.0
2026-05-04 21:00:00,10.84192,10.84698,10.84014,10.8465,909.0
2026-05-04 22:00:00,10.84655,10.85075,10.84655,10.84918,538.0
2026-05-04 23:00:00,10.84928,10.85031,10.8481,10.84856,573.0
2026-05-05 00:00:00,10.84895,10.8507,10.848,10.8495,884.0
2026-05-05 01:00:00,10.8496,10.85128,10.84647,10.84665,1386.0
2026-05-05 02:00:00,10.84688,10.8472,10.82263,10.82595,2743.0
2026-05-05 03:00:00,10.8259,10.83928,10.8228,10.82845,7044.0
2026-05-05 04:00:00,10.82855,10.8336,10.82352,10.82606,6131.0
2026-05-05 05:00:00,10.82601,10.83842,10.82053,10.83065,6489.0
2026-05-05 06:00:00,10.8306,10.83507,10.82678,10.82848,4100.0
2026-05-05 07:00:00,10.82844,10.82916,10.80454,10.80585,6031.0
2026-05-05 08:00:00,10.80599,10.81632,10.79884,10.80905,9048.0
2026-05-05 09:00:00,10.80896,10.83095,10.80862,10.82874,10349.0
2026-05-05 10:00:00,10.827,10.83732,10.81968,10.82748,10975.0
2026-05-05 11:00:00,10.82744,10.83492,10.81732,10.81861,8049.0
2026-05-05 12:00:00,10.8185,10.82564,10.81662,10.8182,3579.0
2026-05-05 13:00:00,10.81801,10.8275,10.8177,10.82254,2231.0
2026-05-05 14:00:00,10.82258,10.82646,10.82152,10.8254,2797.0
2026-05-05 15:00:00,10.82535,10.8263,10.82075,10.82614,2492.0
2026-05-05 16:00:00,10.82622,10.83034,10.82186,10.8236,1596.0
2026-05-05 17:00:00,10.83094,10.85286,10.8155,10.82026,1521.0
2026-05-05 18:00:00,10.82016,10.837,10.8189,10.83442,1450.0
2026-05-05 19:00:00,10.83424,10.83618,10.83274,10.83475,6838.0
2026-05-05 20:00:00,10.83478,10.83604,10.82238,10.82338,2314.0
2026-05-05 21:00:00,10.82354,10.82387,10.81683,10.81778,2263.0
2026-05-05 22:00:00,10.81788,10.81854,10.8127,10.81284,2762.0
2026-05-05 23:00:00,10.81259,10.81404,10.81124,10.81242,1833.0
2026-05-06 00:00:00,10.81222,10.8127,10.80044,10.80514,3504.0
2026-05-06 01:00:00,10.80502,10.81343,10.80459,10.80876,3566.0
2026-05-06 02:00:00,10.80886,10.82316,10.8076,10.81582,4556.0
2026-05-06 03:00:00,10.81592,10.8705,10.81546,10.87028,9307.0
2026-05-06 04:00:00,10.8702,10.91624,10.86698,10.91502,8529.0
2026-05-06 05:00:00,10.91508,10.92678,10.90598,10.9209,4800.0
2026-05-06 06:00:00,10.9211,10.93146,10.91676,10.93077,6724.0
2026-05-06 07:00:00,10.93062,10.95176,10.89864,10.89899,7631.0
2026-05-06 08:00:00,10.89915,10.9059,10.88255,10.88516,11891.0
2026-05-06 09:00:00,10.88529,10.90402,10.88142,10.90116,10582.0
2026-05-06 10:00:00,10.90115,10.90391,10.88524,10.89205,12404.0
2026-05-06 11:00:00,10.892,10.90594,10.89146,10.9054,6710.0
2026-05-06 12:00:00,10.90544,10.9275,10.90544,10.91878,8566.0
2026-05-06 13:00:00,10.9182,10.93325,10.91507,10.92372,6437.0
2026-05-06 14:00:00,10.92382,10.93592,10.9228,10.9261,5860.0
2026-05-06 15:00:00,10.926,10.93464,10.924,10.9336,4315.0
2026-05-06 16:00:00,10.93349,10.93574,10.9251,10.9255,2668.0
2026-05-06 17:00:00,10.91361,10.92804,10.91361,10.92456,210.0
2026-05-06 18:00:00,10.92416,10.92505,10.9198,10.92128,1325.0
2026-05-06 19:00:00,10.92112,10.92416,10.9193,10.92059,3914.0
2026-05-06 20:00:00,10.9206,10.93972,10.9206,10.93382,5023.0
2026-05-06 21:00:00,10.93406,10.93617,10.932,10.93546,1921.0
2026-05-06 22:00:00,10.93559,10.93864,10.93555,10.93705,802.0
2026-05-06 23:00:00,10.9371,10.9371,10.93028,10.93077,2475.0
2026-05-07 00:00:00,10.93082,10.93558,10.92759,10.9354,1604.0
2026-05-07 01:00:00,10.93536,10.93612,10.92969,10.9344,1653.0
2026-05-07 02:00:00,10.9342,10.93648,10.91947,10.92836,3599.0
2026-05-07 03:00:00,10.9288,10.9459,10.89374,10.9003,10671.0
2026-05-07 04:00:00,10.89719,10.89719,10.85816,10.87367,10532.0
2026-05-07 05:00:00,10.87396,10.87446,10.84286,10.85046,8375.0
2026-05-07 06:00:00,10.85048,10.86455,10.84668,10.85118,6126.0
2026-05-07 07:00:00,10.85217,10.86306,10.84974,10.86198,7385.0
2026-05-07 08:00:00,10.86193,10.90718,10.86128,10.89742,11636.0
2026-05-07 09:00:00,10.89738,10.90602,10.8935,10.9045,8305.0
2026-05-07 10:00:00,10.9044,10.92904,10.9044,10.91382,10872.0
2026-05-07 11:00:00,10.91376,10.93528,10.91266,10.93002,6862.0
2026-05-07 12:00:00,10.93014,10.93405,10.91066,10.91736,5418.0
2026-05-07 13:00:00,10.91716,10.92366,10.91032,10.91895,5565.0
2026-05-07 14:00:00,10.91902,10.92192,10.90904,10.92192,5425.0
2026-05-07 15:00:00,10.9219,10.92645,10.90658,10.92614,5239.0
2026-05-07 16:00:00,10.92611,10.92806,10.91734,10.91916,5208.0
2026-05-07 17:00:00,10.90878,10.92359,10.88442,10.91028,1073.0
2026-05-07 18:00:00,10.9104,10.914,10.90324,10.91307,1713.0
2026-05-07 19:00:00,10.91285,10.9136,10.9083,10.90872,2225.0
2026-05-07 20:00:00,10.909,10.92308,10.9084,10.9192,3135.0
2026-05-07 21:00:00,10.91935,10.92195,10.9176,10.91941,1545.0
2026-05-07 22:00:00,10.91943,10.92634,10.91927,10.92485,1777.0
2026-05-07 23:00:00,10.9249,10.92775,10.91869,10.9234,1923.0
2026-05-08 00:00:00,10.92355,10.92446,10.917,10.92015,2994.0
2026-05-08 01:00:00,10.92,10.9214,10.91705,10.92002,1924.0
2026-05-08 02:00:00,10.9201,10.92069,10.8924,10.8938,3059.0
2026-05-08 03:00:00,10.89392,10.89788,10.86848,10.88634,6656.0
2026-05-08 04:00:00,10.8865,10.88936,10.87014,10.87038,5639.0
2026-05-08 05:00:00,10.8704,10.87274,10.85317,10.85775,5647.0
2026-05-08 06:00:00,10.85755,10.85854,10.81312,10.82554,6613.0
2026-05-08 07:00:00,10.82544,10.83064,10.80822,10.81142,6784.0
2026-05-08 08:00:00,10.81134,10.83664,10.81028,10.83128,8642.0
2026-05-08 09:00:00,10.83118,10.85402,10.83045,10.8379,8491.0
2026-05-08 10:00:00,10.83812,10.85256,10.82412,10.8525,8329.0
2026-05-08 11:00:00,10.85275,10.85672,10.84665,10.85222,6779.0
2026-05-08 12:00:00,10.85232,10.85448,10.8402,10.8432,3517.0
2026-05-08 13:00:00,10.84315,10.84786,10.8397,10.84654,2672.0
2026-05-08 14:00:00,10.84666,10.84944,10.8338,10.84367,3740.0
2026-05-08 15:00:00,10.84372,10.85212,10.83824,10.83867,1939.0
2026-05-08 16:00:00,10.8385,10.85502,10.83746,10.85202,4538.0
2026-05-10 17:00:00,10.85547,10.85547,10.85547,10.85547,1.0
2026-05-10 18:00:00,10.83725,10.84402,10.8254,10.83943,1344.0
2026-05-10 19:00:00,10.83923,10.84118,10.83842,10.8405,8427.0
2026-05-10 20:00:00,10.84045,10.84386,10.83546,10.8418,1688.0
2026-05-10 21:00:00,10.84174,10.84877,10.84102,10.84438,2257.0
2026-05-10 22:00:00,10.8441,10.84436,10.8355,10.83618,2267.0
2026-05-10 23:00:00,10.8363,10.83648,10.8044,10.82792,6437.0
2026-05-11 00:00:00,10.82787,10.832,10.82388,10.82552,2232.0
2026-05-11 01:00:00,10.82541,10.82678,10.8116,10.81634,4553.0
2026-05-11 02:00:00,10.81586,10.82095,10.80477,10.81474,5128.0
2026-05-11 03:00:00,10.81462,10.82163,10.8002,10.82071,6533.0
2026-05-11 04:00:00,10.82086,10.8478,10.82086,10.83135,7784.0
2026-05-11 05:00:00,10.83145,10.84976,10.83038,10.84552,6484.0
2026-05-11 06:00:00,10.84578,10.84806,10.82205,10.82528,6501.0
2026-05-11 07:00:00,10.82532,10.83582,10.81778,10.82274,6936.0
2026-05-11 08:00:00,10.82278,10.84422,10.8222,10.84036,6276.0
2026-05-11 09:00:00,10.84038,10.84902,10.82397,10.8291,6744.0
2026-05-11 10:00:00,10.82915,10.83126,10.82175,10.82444,7350.0
2026-05-11 11:00:00,10.82396,10.82458,10.80947,10.81689,5987.0
2026-05-11 12:00:00,10.81696,10.81696,10.80498,10.8099,5564.0
2026-05-11 13:00:00,10.80992,10.81796,10.80836,10.81494,4663.0
2026-05-11 14:00:00,10.81488,10.81972,10.81372,10.81908,5243.0
2026-05-11 15:00:00,10.819,10.8221,10.81714,10.81814,1909.0
2026-05-11 16:00:00,10.8181,10.81976,10.81438,10.81908,3756.0
2026-05-11 17:00:00,10.82858,10.83074,10.82364,10.82538,1113.0
2026-05-11 18:00:00,10.82428,10.8285,10.82256,10.82691,4934.0
2026-05-11 19:00:00,10.82682,10.82711,10.81599,10.81707,3056.0
2026-05-11 20:00:00,10.81706,10.81806,10.80945,10.81674,2234.0
2026-05-11 21:00:00,10.8168,10.82527,10.80984,10.8222,6724.0
2026-05-11 22:00:00,10.82232,10.82232,10.81571,10.81713,3391.0
2026-05-11 23:00:00,10.8171,10.8182,10.81592,10.81801,6815.0
2026-05-12 00:00:00,10.81791,10.81818,10.81382,10.81444,2841.0
2026-05-12 01:00:00,10.81449,10.81864,10.81239,10.8143,2648.0
2026-05-12 02:00:00,10.81415,10.8253,10.81165,10.81592,2548.0
2026-05-12 03:00:00,10.81581,10.81722,10.77168,10.77384,6071.0
2026-05-12 04:00:00,10.77384,10.7766,10.75153,10.77254,6129.0
2026-05-12 05:00:00,10.7724,10.77892,10.76404,10.77069,6268.0
2026-05-12 06:00:00,10.77049,10.77415,10.7443,10.74749,4642.0
2026-05-12 07:00:00,10.74695,10.76603,10.7389,10.76531,6787.0
2026-05-12 08:00:00,10.76536,10.78069,10.76392,10.76796,7824.0
2026-05-12 09:00:00,10.76768,10.76932,10.7514,10.76496,6869.0
2026-05-12 10:00:00,10.76491,10.78872,10.7549,10.77746,7379.0
2026-05-12 11:00:00,10.77746,10.79514,10.77314,10.79346,7837.0
2026-05-12 12:00:00,10.79334,10.79504,10.78922,10.79408,4307.0
2026-05-12 13:00:00,10.79403,10.79424,10.78684,10.78915,3463.0
2026-05-12 14:00:00,10.7892,10.79199,10.7818,10.78387,4345.0
2026-05-12 15:00:00,10.78386,10.78456,10.77582,10.77885,2756.0
2026-05-12 16:00:00,10.77886,10.78016,10.7775,10.77924,1405.0
2026-05-12 17:00:00,10.77294,10.78436,10.77267,10.78194,1257.0
2026-05-12 18:00:00,10.7815,10.78544,10.7805,10.7826,1117.0
2026-05-12 19:00:00,10.78265,10.78382,10.78028,10.78077,1395.0
2026-05-12 20:00:00,10.78096,10.78601,10.77794,10.77943,7383.0
2026-05-12 21:00:00,10.77955,10.78241,10.77284,10.77456,6887.0
2026-05-12 22:00:00,10.77437,10.77696,10.76983,10.77564,5487.0
2026-05-12 23:00:00,10.7756,10.7781,10.77374,10.77504,4498.0
2026-05-13 00:00:00,10.77517,10.78118,10.77448,10.78019,3867.0
2026-05-13 01:00:00,10.78024,10.78156,10.77453,10.77541,5088.0
2026-05-13 02:00:00,10.77584,10.78774,10.76952,10.78437,4932.0
2026-05-13 03:00:00,10.78436,10.78681,10.76214,10.76494,6135.0
2026-05-13 04:00:00,10.76492,10.76768,10.74661,10.7473,4800.0
2026-05-13 05:00:00,10.7471,10.75092,10.74072,10.74372,4902.0
2026-05-13 06:00:00,10.74346,10.7505,10.73622,10.73654,5881.0
2026-05-13 07:00:00,10.73649,10.75,10.73148,10.74338,5797.0
2026-05-13 08:00:00,10.74336,10.75548,10.73626,10.73768,8091.0
2026-05-13 09:00:00,10.73754,10.75338,10.73585,10.7457,6959.0
2026-05-13 10:00:00,10.74569,10.75071,10.73312,10.74952,8181.0
2026-05-13 11:00:00,10.74934,10.74948,10.73172,10.73417,6103.0
2026-05-13 12:00:00,10.7341,10.73626,10.72302,10.73578,10914.0
2026-05-13 13:00:00,10.73588,10.73829,10.7336,10.73696,4070.0
2026-05-13 14:00:00,10.73693,10.7457,10.73531,10.74304,3494.0
2026-05-13 15:00:00,10.743,10.74606,10.74036,10.74156,3050.0
2026-05-13 16:00:00,10.74152,10.74832,10.74048,10.7448,3581.0
2026-05-13 17:00:00,10.74336,10.74424,10.73824,10.7415,1405.0
2026-05-13 18:00:00,10.74048,10.74105,10.73752,10.74071,1565.0
2026-05-13 19:00:00,10.74085,10.74129,10.73918,10.73943,1732.0
2026-05-13 20:00:00,10.73938,10.74064,10.73672,10.73796,971.0
2026-05-13 21:00:00,10.73788,10.7455,10.73524,10.74415,1606.0
2026-05-13 22:00:00,10.74403,10.74527,10.74114,10.7442,1697.0
2026-05-13 23:00:00,10.74426,10.74762,10.74406,10.7463,1938.0
2026-05-14 00:00:00,10.7463,10.7465,10.7413,10.7426,1428.0
2026-05-14 01:00:00,10.74254,10.74276,10.73848,10.74091,1645.0
2026-05-14 02:00:00,10.74062,10.75174,10.72978,10.73776,3513.0
2026-05-14 03:00:00,10.73762,10.76255,10.73296,10.76002,5879.0
2026-05-14 04:00:00,10.76015,10.76834,10.75368,10.76712,10096.0
2026-05-14 05:00:00,10.76714,10.77098,10.76122,10.76916,5398.0
2026-05-14 06:00:00,10.76936,10.78922,10.76496,10.78132,6128.0
2026-05-14 07:00:00,10.78126,10.80182,10.77918,10.7988,8727.0
2026-05-14 08:00:00,10.7988,10.80468,10.79164,10.80284,7200.0
2026-05-14 09:00:00,10.80304,10.81808,10.7983,10.81803,9929.0
2026-05-14 10:00:00,10.81824,10.81936,10.7873,10.7909,7372.0
2026-05-14 11:00:00,10.79095,10.79095,10.76984,10.77192,6834.0
2026-05-14 12:00:00,10.77188,10.7787,10.76986,10.77841,4072.0
2026-05-14 13:00:00,10.77851,10.77939,10.77157,10.77742,2066.0
2026-05-14 14:00:00,10.77737,10.7778,10.77394,10.774,1493.0
2026-05-14 15:00:00,10.7739,10.7769,10.77348,10.77574,1533.0
2026-05-14 16:00:00,10.77588,10.7781,10.77364,10.7768,1726.0
2026-05-14 17:00:00,10.77678,10.78521,10.77396,10.77598,307.0
2026-05-14 18:00:00,10.77636,10.77666,10.77108,10.77348,700.0
2026-05-14 19:00:00,10.77338,10.8336,10.77324,10.82084,3749.0
2026-05-14 20:00:00,10.82103,10.82196,10.805,10.8107,3578.0
2026-05-14 21:00:00,10.81075,10.81628,10.8027,10.81624,2602.0
2026-05-14 22:00:00,10.81582,10.82382,10.8152,10.81925,1749.0
2026-05-14 23:00:00,10.8192,10.82565,10.81902,10.82512,1904.0
2026-05-15 00:00:00,10.82522,10.83362,10.82455,10.83318,2195.0
2026-05-15 01:00:00,10.83348,10.8396,10.8285,10.8289,4123.0
2026-05-15 02:00:00,10.82864,10.84698,10.82738,10.83902,4356.0
2026-05-15 03:00:00,10.83912,10.84335,10.79992,10.81074,8372.0
2026-05-15 04:00:00,10.81062,10.84365,10.80811,10.84118,8282.0
2026-05-15 05:00:00,10.84141,10.87732,10.83952,10.85569,9701.0
2026-05-15 06:00:00,10.85537,10.85715,10.82806,10.82892,6611.0
2026-05-15 07:00:00,10.82888,10.8466,10.82846,10.83793,7264.0
2026-05-15 08:00:00,10.83787,10.85754,10.83787,10.85337,6614.0
2026-05-15 09:00:00,10.85332,10.856,10.84383,10.85174,7198.0
2026-05-15 10:00:00,10.8518,10.85522,10.8226,10.8226,10086.0
2026-05-15 11:00:00,10.82265,10.83185,10.81728,10.82546,6906.0
2026-05-15 12:00:00,10.82538,10.82544,10.81439,10.81846,6466.0
2026-05-15 13:00:00,10.8184,10.8247,10.81502,10.81546,5074.0
2026-05-15 14:00:00,10.81546,10.81932,10.81306,10.8173,4343.0
2026-05-15 15:00:00,10.81724,10.82,10.81287,10.81618,2966.0
2026-05-15 16:00:00,10.816,10.83485,10.8152,10.81886,4357.0
2026-05-17 17:00:00,10.826,10.826,10.826,10.826,1.0
2026-05-17 18:00:00,10.83465,10.84475,10.82038,10.82274,1187.0
2026-05-17 19:00:00,10.82278,10.8245,10.8216,10.8236,7443.0
2026-05-17 20:00:00,10.82365,10.83174,10.82274,10.82456,10152.0
2026-05-17 21:00:00,10.82435,10.8271,10.82211,10.82418,2795.0
2026-05-17 22:00:00,10.82436,10.82642,10.82049,10.82274,1654.0
2026-05-17 23:00:00,10.82269,10.82403,10.81732,10.82269,2480.0
2026-05-18 00:00:00,10.82259,10.82543,10.81893,10.82373,1823.0
2026-05-18 01:00:00,10.82394,10.83328,10.8203,10.8311,1927.0
2026-05-18 02:00:00,10.83098,10.834,10.81033,10.81385,3859.0
2026-05-18 03:00:00,10.8139,10.84068,10.80628,10.83745,8090.0
2026-05-18 04:00:00,10.8372,10.84343,10.82256,10.82622,4218.0
2026-05-18 05:00:00,10.82642,10.82824,10.81535,10.82232,5518.0
2026-05-18 06:00:00,10.82226,10.82306,10.80211,10.80274,4819.0
2026-05-18 07:00:00,10.8028,10.8124,10.79654,10.80208,8151.0
2026-05-18 08:00:00,10.80185,10.80911,10.79493,10.8084,10274.0
2026-05-18 09:00:00,10.8083,10.81104,10.79827,10.80367,11805.0
2026-05-18 10:00:00,10.80377,10.80756,10.78502,10.78844,13769.0
2026-05-18 11:00:00,10.78845,10.79846,10.784,10.79228,10664.0
2026-05-18 12:00:00,10.79244,10.7983,10.78992,10.79369,7586.0
2026-05-18 13:00:00,10.79364,10.79649,10.79028,10.79096,3379.0
2026-05-18 14:00:00,10.7909,10.79306,10.78718,10.7902,5472.0
2026-05-18 15:00:00,10.7901,10.79553,10.7858,10.7897,7019.0
2026-05-18 16:00:00,10.78966,10.79427,10.78734,10.78814,3815.0
2026-05-18 17:00:00,10.79137,10.80885,10.78759,10.78866,989.0
2026-05-18 18:00:00,10.7887,10.79476,10.7887,10.79301,1778.0
2026-05-18 19:00:00,10.79282,10.79435,10.79194,10.792,4994.0
2026-05-18 20:00:00,10.79223,10.79647,10.78892,10.7906,3711.0
2026-05-18 21:00:00,10.79044,10.79243,10.7882,10.79169,2197.0
2026-05-18 22:00:00,10.79174,10.79398,10.7903,10.79055,2012.0
2026-05-18 23:00:00,10.79065,10.79416,10.79045,10.79404,1057.0
2026-05-19 00:00:00,10.79403,10.79588,10.79005,10.79122,1411.0
2026-05-19 01:00:00,10.79128,10.79373,10.7885,10.79331,2508.0
2026-05-19 02:00:00,10.79305,10.79479,10.77494,10.77567,4439.0
2026-05-19 03:00:00,10.77558,10.77799,10.75332,10.77475,8467.0
2026-05-19 04:00:00,10.77495,10.78564,10.77263,10.7781,6890.0
2026-05-19 05:00:00,10.77799,10.78586,10.77684,10.78244,5327.0
2026-05-19 06:00:00,10.78249,10.78318,10.7681,10.7718,6486.0
2026-05-19 07:00:00,10.77175,10.77254,10.75755,10.75895,5773.0
2026-05-19 08:00:00,10.75905,10.76585,10.75118,10.7575,10486.0
2026-05-19 09:00:00,10.7576,10.7715,10.7496,10.7648,15649.0
2026-05-19 10:00:00,10.76455,10.79585,10.76242,10.78035,16168.0
2026-05-19 11:00:00,10.78032,10.78412,10.759,10.75972,11211.0
2026-05-19 12:00:00,10.7597,10.7661,10.75481,10.75947,13682.0
2026-05-19 13:00:00,10.75942,10.76594,10.75654,10.7655,4986.0
2026-05-19 14:00:00,10.7654,10.76555,10.75375,10.76115,5829.0
2026-05-19 15:00:00,10.7611,10.76294,10.75602,10.75976,5623.0
2026-05-19 16:00:00,10.75973,10.76714,10.75455,10.76124,3003.0
2026-05-19 17:00:00,10.78575,10.78575,10.76348,10.7655,897.0
2026-05-19 18:00:00,10.76418,10.77208,10.76037,10.76208,924.0
2026-05-19 19:00:00,10.76186,10.76452,10.75896,10.75918,613.0
2026-05-19 20:00:00,10.75938,10.77506,10.75936,10.76756,5752.0
2026-05-19 21:00:00,10.76732,10.77011,10.76338,10.76694,6228.0
2026-05-19 22:00:00,10.76676,10.76929,10.75923,10.767,4105.0
2026-05-19 23:00:00,10.76715,10.76745,10.76276,10.7669,4936.0
2026-05-20 00:00:00,10.7671,10.7687,10.76441,10.76684,4911.0
2026-05-20 01:00:00,10.76725,10.76735,10.75745,10.76078,3193.0
2026-05-20 02:00:00,10.76072,10.79375,10.75518,10.78286,3918.0
2026-05-20 03:00:00,10.78292,10.79491,10.77471,10.77648,5507.0
2026-05-20 04:00:00,10.77635,10.7785,10.76674,10.77218,6400.0
2026-05-20 05:00:00,10.77237,10.77557,10.7619,10.7662,6127.0
2026-05-20 06:00:00,10.76616,10.77174,10.75638,10.75926,6976.0
2026-05-20 07:00:00,10.7592,10.76906,10.75366,10.76108,8143.0
2026-05-20 08:00:00,10.7613,10.78836,10.76016,10.775,6508.0
2026-05-20 09:00:00,10.77506,10.77862,10.75902,10.76708,10469.0
2026-05-20 10:00:00,10.7668,10.7817,10.7593,10.76006,14575.0
2026-05-20 11:00:00,10.76002,10.78486,10.75957,10.77472,22244.0
2026-05-20 12:00:00,10.77486,10.77846,10.7643,10.77016,22880.0
2026-05-20 13:00:00,10.7699,10.77753,10.76338,10.76343,10335.0
2026-05-20 14:00:00,10.76365,10.7713,10.76188,10.77,9762.0
2026-05-20 15:00:00,10.7703,10.7725,10.76286,10.76472,5528.0
2026-05-20 16:00:00,10.76471,10.77282,10.76145,10.76454,6861.0
2026-05-20 17:00:00,10.7659,10.76739,10.7592,10.76391,554.0
2026-05-20 18:00:00,10.76219,10.77356,10.76152,10.76576,10590.0
2026-05-20 19:00:00,10.7658,10.76822,10.76094,10.76094,18367.0
2026-05-20 20:00:00,10.76078,10.76875,10.75996,10.76565,3396.0
2026-05-20 21:00:00,10.76554,10.77764,10.76498,10.77632,9346.0
2026-05-20 22:00:00,10.77636,10.78098,10.77356,10.77799,13723.0
2026-05-20 23:00:00,10.77787,10.78215,10.77751,10.77982,8281.0
2026-05-21 00:00:00,10.77962,10.77962,10.7672,10.76802,3945.0
2026-05-21 01:00:00,10.76782,10.77222,10.76662,10.76843,2819.0
2026-05-21 02:00:00,10.76868,10.78788,10.76842,10.78565,3062.0
2026-05-21 03:00:00,10.786,10.79566,10.76434,10.76876,8757.0
2026-05-21 04:00:00,10.76883,10.77534,10.75738,10.76333,6923.0
2026-05-21 05:00:00,10.76358,10.7664,10.74857,10.75485,4676.0
2026-05-21 06:00:00,10.7549,10.75982,10.72135,10.7244,8359.0
2026-05-21 07:00:00,10.72452,10.72567,10.70758,10.70865,8301.0
2026-05-21 08:00:00,10.70868,10.71938,10.69795,10.71408,8412.0
2026-05-21 09:00:00,10.71388,10.72726,10.70834,10.72558,8663.0
2026-05-21 10:00:00,10.72545,10.72998,10.70974,10.72245,10911.0
2026-05-21 11:00:00,10.72245,10.73768,10.71708,10.73742,11019.0
2026-05-21 12:00:00,10.73746,10.73887,10.7289,10.73786,8095.0
2026-05-21 13:00:00,10.7379,10.74414,10.72994,10.74212,14789.0
2026-05-21 14:00:00,10.74204,10.74245,10.729,10.73718,12134.0
2026-05-21 15:00:00,10.73742,10.74707,10.7338,10.74624,7313.0
2026-05-21 16:00:00,10.74632,10.74802,10.73647,10.73708,6423.0
2026-05-21 17:00:00,10.73165,10.735,10.7207,10.72858,1299.0
2026-05-21 18:00:00,10.7286,10.7309,10.72635,10.72768,3001.0
2026-05-21 19:00:00,10.72779,10.73006,10.72476,10.72844,3154.0
2026-05-21 20:00:00,10.72808,10.73868,10.72681,10.73601,3259.0
2026-05-21 21:00:00,10.73619,10.73944,10.73384,10.7379,2629.0
2026-05-21 22:00:00,10.73788,10.7454,10.73762,10.74358,2137.0
2026-05-21 23:00:00,10.74361,10.74502,10.74255,10.74285,1554.0
2026-05-22 00:00:00,10.7429,10.74368,10.737,10.73768,2551.0
2026-05-22 01:00:00,10.73781,10.73962,10.72944,10.73064,3216.0
2026-05-22 02:00:00,10.7314,10.74289,10.7274,10.74079,2390.0
2026-05-22 03:00:00,10.74072,10.76344,10.73418,10.73556,6129.0
2026-05-22 04:00:00,10.73614,10.73942,10.72036,10.72236,5255.0
2026-05-22 05:00:00,10.72241,10.72964,10.7132,10.72686,4553.0
2026-05-22 06:00:00,10.7274,10.73114,10.71998,10.72655,4125.0
2026-05-22 07:00:00,10.72656,10.72956,10.71967,10.72921,6525.0
2026-05-22 08:00:00,10.72931,10.75814,10.72334,10.75716,8440.0
2026-05-22 09:00:00,10.75714,10.76286,10.74552,10.75014,10410.0
2026-05-22 10:00:00,10.75032,10.76412,10.74116,10.7589,11900.0
2026-05-22 11:00:00,10.75936,10.76399,10.75237,10.75916,8007.0
2026-05-22 12:00:00,10.7593,10.76654,10.75086,10.75376,11411.0
2026-05-22 13:00:00,10.75357,10.76502,10.75197,10.76036,11285.0
2026-05-22 14:00:00,10.76052,10.76366,10.75802,10.76085,4060.0
2026-05-22 15:00:00,10.76076,10.76456,10.75815,10.76112,1440.0
2026-05-22 16:00:00,10.76108,10.76392,10.7559,10.75807,2144.0
2026-05-24 17:00:00,10.75807,10.7615,10.75807,10.7615,7.0
2026-05-24 18:00:00,10.76097,10.77898,10.7553,10.77873,11621.0
2026-05-24 19:00:00,10.7788,10.78513,10.77732,10.78434,2715.0
2026-05-24 20:00:00,10.78452,10.78987,10.77526,10.78219,10619.0
2026-05-24 21:00:00,10.7823,10.78398,10.75892,10.76718,7698.0
2026-05-24 22:00:00,10.76742,10.77262,10.76514,10.77257,4280.0
2026-05-24 23:00:00,10.77282,10.7778,10.77016,10.77154,2691.0
2026-05-25 00:00:00,10.7713,10.77428,10.76212,10.77318,3089.0
2026-05-25 01:00:00,10.77321,10.7748,10.76471,10.76952,2253.0
2026-05-25 02:00:00,10.76966,10.77251,10.75218,10.75855,1465.0
2026-05-25 03:00:00,10.75823,10.77155,10.75606,10.76224,4396.0
2026-05-25 04:00:00,10.76227,10.76604,10.75044,10.75674,2780.0
2026-05-25 05:00:00,10.75672,10.7637,10.74877,10.76062,1423.0
2026-05-25 06:00:00,10.76067,10.76164,10.75177,10.75896,1985.0
2026-05-25 07:00:00,10.75896,10.76248,10.75303,10.75844,2976.0
2026-05-25 08:00:00,10.7585,10.77125,10.75746,10.76108,3706.0
2026-05-25 09:00:00,10.76111,10.76489,10.75081,10.75726,4702.0
2026-05-25 10:00:00,10.75722,10.76772,10.75357,10.7623,3211.0
2026-05-25 11:00:00,10.76228,10.77136,10.76087,10.76658,2599.0
2026-05-25 12:00:00,10.76689,10.77201,10.76498,10.76818,1073.0
2026-05-25 13:00:00,10.76813,10.77412,10.76326,10.76337,2397.0
2026-05-25 14:00:00,10.7636,10.7698,10.76244,10.76662,999.0
2026-05-25 15:00:00,10.76652,10.7666,10.76316,10.76596,373.0
2026-05-25 16:00:00,10.76598,10.7676,10.7614,10.76164,690.0
2026-05-25 17:00:00,10.75162,10.76044,10.74407,10.75055,148.0
2026-05-25 18:00:00,10.75112,10.757,10.73744,10.74014,3081.0
2026-05-25 19:00:00,10.74038,10.77,10.73768,10.76404,6536.0
2026-05-25 20:00:00,10.76403,10.76538,10.75674,10.76052,6112.0
2026-05-25 21:00:00,10.76068,10.77071,10.75858,10.76461,5920.0
2026-05-25 22:00:00,10.7644,10.76824,10.7625,10.76714,1963.0
2026-05-25 23:00:00,10.76702,10.76702,10.76259,10.76482,1679.0
2026-05-26 00:00:00,10.76488,10.76696,10.7618,10.76545,1405.0
2026-05-26 01:00:00,10.76525,10.76943,10.76384,10.76908,2931.0
2026-05-26 02:00:00,10.76954,10.79143,10.76756,10.78946,3880.0
2026-05-26 03:00:00,10.78965,10.79634,10.76532,10.76589,8361.0
2026-05-26 04:00:00,10.76584,10.77056,10.75748,10.76332,5800.0
2026-05-26 05:00:00,10.76336,10.78112,10.76302,10.7728,5946.0
2026-05-26 06:00:00,10.77258,10.78779,10.77022,10.77982,6369.0
2026-05-26 07:00:00,10.77977,10.78587,10.76662,10.77797,8442.0
2026-05-26 08:00:00,10.77796,10.77912,10.7639,10.76814,6942.0
2026-05-26 09:00:00,10.7681,10.771,10.75582,10.757,8879.0
2026-05-26 10:00:00,10.7573,10.77162,10.75546,10.77016,11060.0
2026-05-26 11:00:00,10.7703,10.78983,10.7689,10.78476,8051.0
2026-05-26 12:00:00,10.78484,10.78594,10.7738,10.77928,9352.0
2026-05-26 13:00:00,10.77936,10.7868,10.77836,10.78462,5749.0
2026-05-26 14:00:00,10.78467,10.78665,10.78028,10.78255,3129.0
2026-05-26 15:00:00,10.78251,10.78392,10.77388,10.77966,7850.0
2026-05-26 16:00:00,10.77968,10.782,10.77666,10.77884,2188.0
2026-05-26 17:00:00,10.7766,10.7801,10.77442,10.779,2670.0
2026-05-26 18:00:00,10.77983,10.78502,10.7764,10.7812,5119.0
2026-05-26 19:00:00,10.78129,10.78514,10.77824,10.77909,2684.0
2026-05-26 20:00:00,10.77951,10.78678,10.7767,10.77989,4855.0
2026-05-26 21:00:00,10.77998,10.78946,10.77552,10.78715,6465.0
2026-05-26 22:00:00,10.78738,10.788,10.77898,10.78694,4306.0
2026-05-26 23:00:00,10.7871,10.79202,10.78665,10.79197,2021.0
2026-05-27 00:00:00,10.79184,10.79945,10.79099,10.7959,1661.0
2026-05-27 01:00:00,10.79586,10.7976,10.7906,10.79335,2268.0
2026-05-27 02:00:00,10.7934,10.82018,10.79302,10.81755,4385.0
2026-05-27 03:00:00,10.8176,10.83136,10.80742,10.81159,7956.0
2026-05-27 04:00:00,10.81164,10.82916,10.80716,10.82759,4525.0
2026-05-27 05:00:00,10.8276,10.83093,10.81329,10.81546,5219.0
2026-05-27 06:00:00,10.81526,10.81604,10.79312,10.79629,3790.0
2026-05-27 07:00:00,10.79624,10.7988,10.79131,10.79774,4643.0
2026-05-27 08:00:00,10.79764,10.81962,10.79167,10.8022,9272.0
2026-05-27 09:00:00,10.8022,10.803,10.78918,10.78918,8680.0
2026-05-27 10:00:00,10.78928,10.79656,10.78072,10.79018,10395.0
2026-05-27 11:00:00,10.79014,10.79662,10.78045,10.79512,7935.0
2026-05-27 12:00:00,10.79506,10.79804,10.79052,10.79466,5345.0
2026-05-27 13:00:00,10.79462,10.79616,10.79046,10.79166,4123.0
2026-05-27 14:00:00,10.7916,10.79558,10.78974,10.7925,2366.0
2026-05-27 15:00:00,10.79244,10.7925,10.785,10.7851,1611.0
2026-05-27 16:00:00,10.78513,10.79205,10.78271,10.78971,2138.0
2026-05-27 17:00:00,10.78965,10.79445,10.78443,10.78854,1661.0
2026-05-27 18:00:00,10.78754,10.79044,10.78324,10.78456,2500.0
2026-05-27 19:00:00,10.78472,10.78651,10.78112,10.78232,3607.0
2026-05-27 20:00:00,10.78224,10.78873,10.7791,10.783,4136.0
2026-05-27 21:00:00,10.7829,10.79042,10.78097,10.7834,6367.0
2026-05-27 22:00:00,10.78358,10.7935,10.78354,10.78678,5298.0
2026-05-27 23:00:00,10.78682,10.79042,10.78178,10.7875,5604.0
2026-05-28 00:00:00,10.78753,10.79304,10.78256,10.78866,4568.0
2026-05-28 01:00:00,10.78854,10.78914,10.77718,10.7805,3107.0
2026-05-28 02:00:00,10.78074,10.79072,10.77387,10.78511,4153.0
2026-05-28 03:00:00,10.78532,10.78696,10.76282,10.77544,8564.0
2026-05-28 04:00:00,10.77536,10.79016,10.7731,10.783,7254.0
2026-05-28 05:00:00,10.78266,10.79168,10.77529,10.79012,6591.0
2026-05-28 06:00:00,10.79006,10.79703,10.78316,10.78754,7393.0
2026-05-28 07:00:00,10.78776,10.80114,10.78376,10.79285,10758.0
2026-05-28 08:00:00,10.7928,10.7999,10.7894,10.79424,9413.0
2026-05-28 09:00:00,10.79434,10.79757,10.78608,10.788,13251.0
2026-05-28 10:00:00,10.78808,10.80471,10.78646,10.79812,12391.0
2026-05-28 11:00:00,10.79816,10.79862,10.78028,10.78276,11831.0
2026-05-28 12:00:00,10.78281,10.78375,10.76918,10.77824,9159.0
2026-05-28 13:00:00,10.77819,10.78459,10.77794,10.78038,8538.0
2026-05-28 14:00:00,10.78036,10.78428,10.77717,10.78,4609.0
2026-05-28 15:00:00,10.7799,10.7807,10.77292,10.77665,6107.0
2026-05-28 16:00:00,10.77662,10.78115,10.7737,10.78104,3709.0
2026-05-28 17:00:00,10.783,10.7866,10.78116,10.78499,1484.0
2026-05-28 18:00:00,10.786,10.786,10.77844,10.77933,2022.0
2026-05-28 19:00:00,10.77922,10.77944,10.77318,10.77835,3249.0
2026-05-28 20:00:00,10.77804,10.7888,10.77734,10.78134,4987.0
2026-05-28 21:00:00,10.78128,10.78348,10.77402,10.77574,3362.0
2026-05-28 22:00:00,10.77579,10.78076,10.77436,10.77828,4331.0
2026-05-28 23:00:00,10.77814,10.78085,10.77435,10.77538,2149.0
2026-05-29 00:00:00,10.77548,10.77588,10.76876,10.7712,3107.0
2026-05-29 01:00:00,10.77148,10.7741,10.7658,10.76896,2968.0
2026-05-29 02:00:00,10.76969,10.79745,10.76202,10.79259,6007.0
2026-05-29 03:00:00,10.79247,10.80135,10.7735,10.77638,8496.0
2026-05-29 04:00:00,10.77654,10.7775,10.74019,10.74562,10567.0
2026-05-29 05:00:00,10.74582,10.77252,10.74496,10.76212,6977.0
2026-05-29 06:00:00,10.76225,10.77583,10.761,10.77112,7568.0
2026-05-29 07:00:00,10.77107,10.77531,10.7607,10.7677,6837.0
2026-05-29 08:00:00,10.7679,10.77918,10.76786,10.7779,9201.0
2026-05-29 09:00:00,10.77794,10.7868,10.77359,10.78204,10550.0
2026-05-29 10:00:00,10.78204,10.80068,10.77501,10.77535,14974.0
2026-05-29 11:00:00,10.77542,10.79508,10.77447,10.79342,11678.0
2026-05-29 12:00:00,10.79356,10.79626,10.78326,10.79102,9366.0
2026-05-29 13:00:00,10.79106,10.79738,10.78344,10.794,11584.0
2026-05-29 14:00:00,10.79452,10.79745,10.78516,10.79142,6513.0
2026-05-29 15:00:00,10.79162,10.79668,10.7791,10.78638,5460.0
2026-05-29 16:00:00,10.78619,10.79065,10.78103,10.78778,3772.0
2026-05-31 17:00:00,10.79,10.79,10.79,10.79,1.0
2026-05-31 18:00:00,10.78946,10.80223,10.78558,10.78611,3523.0
2026-05-31 19:00:00,10.78584,10.78814,10.76834,10.7696,8688.0
2026-05-31 20:00:00,10.76956,10.77719,10.76785,10.77446,4204.0
2026-05-31 21:00:00,10.7742,10.775,10.76254,10.76666,2500.0
2026-05-31 22:00:00,10.76662,10.77098,10.76374,10.7684,1579.0
2026-05-31 23:00:00,10.76845,10.77226,10.76584,10.77046,2771.0
2026-06-01 00:00:00,10.77006,10.77244,10.76525,10.77,2075.0
2026-06-01 01:00:00,10.76986,10.77204,10.76408,10.77148,3863.0
2026-06-01 02:00:00,10.77154,10.78787,10.76787,10.78402,4068.0
2026-06-01 03:00:00,10.78414,10.78442,10.76012,10.76579,7034.0
2026-06-01 04:00:00,10.7658,10.76848,10.76082,10.76657,4397.0
2026-06-01 05:00:00,10.76647,10.77596,10.76411,10.77356,5045.0
2026-06-01 06:00:00,10.77394,10.77865,10.76738,10.77486,5204.0
2026-06-01 07:00:00,10.77468,10.78278,10.77049,10.78108,7048.0
2026-06-01 08:00:00,10.78114,10.79462,10.77591,10.79046,10403.0
2026-06-01 09:00:00,10.79062,10.79829,10.76842,10.77501,12871.0
2026-06-01 10:00:00,10.77336,10.78588,10.77061,10.7834,9745.0
2026-06-01 11:00:00,10.78351,10.79294,10.7795,10.79284,7248.0
2026-06-01 12:00:00,10.793,10.8026,10.78904,10.79848,6458.0
2026-06-01 13:00:00,10.79854,10.80572,10.79459,10.79622,7969.0
2026-06-01 14:00:00,10.79621,10.8013,10.79395,10.79619,3419.0
2026-06-01 15:00:00,10.79614,10.7985,10.79,10.79336,2714.0
2026-06-01 16:00:00,10.79334,10.8007,10.7901,10.79122,6325.0
2026-06-01 17:00:00,10.7852,10.79476,10.78234,10.78862,768.0
2026-06-01 18:00:00,10.78882,10.79171,10.78504,10.78818,9921.0
2026-06-01 19:00:00,10.78813,10.79244,10.78709,10.79129,2633.0
2026-06-01 20:00:00,10.79143,10.79606,10.78986,10.79584,2215.0
2026-06-01 21:00:00,10.79532,10.80672,10.79532,10.80467,3256.0
2026-06-01 22:00:00,10.80436,10.81132,10.80416,10.80616,1316.0
2026-06-01 23:00:00,10.8062,10.80834,10.80532,10.80536,1102.0
2026-06-02 00:00:00,10.80551,10.80829,10.80503,10.80726,825.0
2026-06-02 01:00:00,10.80724,10.80789,10.79788,10.79822,1324.0
2026-06-02 02:00:00,10.798,10.80478,10.79527,10.8014,5308.0
2026-06-02 03:00:00,10.80145,10.81103,10.79406,10.80145,9308.0
2026-06-02 04:00:00,10.80135,10.81086,10.79844,10.80835,7209.0
2026-06-02 05:00:00,10.80847,10.81272,10.7943,10.79538,6589.0
2026-06-02 06:00:00,10.7952,10.80214,10.78303,10.7865,4988.0
2026-06-02 07:00:00,10.78654,10.80168,10.78341,10.7995,9807.0
2026-06-02 08:00:00,10.79945,10.8088,10.79447,10.80408,7749.0
2026-06-02 09:00:00,10.80396,10.80596,10.79132,10.79732,12714.0
2026-06-02 10:00:00,10.7975,10.8084,10.79084,10.79515,9752.0
2026-06-02 11:00:00,10.7952,10.80226,10.78752,10.79975,5249.0
2026-06-02 12:00:00,10.79985,10.80544,10.79898,10.80112,2802.0
2026-06-02 13:00:00,10.80114,10.80186,10.79461,10.80154,3333.0
2026-06-02 14:00:00,10.80155,10.80155,10.79496,10.79605,1785.0
2026-06-02 15:00:00,10.796,10.80185,10.79425,10.8012,1587.0
2026-06-02 16:00:00,10.80118,10.80629,10.80107,10.80358,1402.0
2026-06-02 17:00:00,10.80185,10.80523,10.797,10.80004,1474.0
2026-06-02 18:00:00,10.79978,10.80238,10.79575,10.796,3190.0
2026-06-02 19:00:00,10.7962,10.79842,10.79303,10.79481,2585.0
2026-06-02 20:00:00,10.79482,10.80365,10.79482,10.79745,4165.0
2026-06-02 21:00:00,10.79755,10.7983,10.79175,10.79569,2999.0
2026-06-02 22:00:00,10.79574,10.80132,10.79521,10.8002,1981.0
2026-06-02 23:00:00,10.80014,10.8032,10.7989,10.80018,1356.0
2026-06-03 00:00:00,10.80022,10.80812,10.7979,10.80484,2221.0
2026-06-03 01:00:00,10.80488,10.82496,10.80455,10.80804,6884.0
2026-06-03 02:00:00,10.80784,10.81185,10.79277,10.7943,2598.0
2026-06-03 03:00:00,10.79357,10.79456,10.77778,10.78765,8801.0
2026-06-03 04:00:00,10.78752,10.79582,10.78172,10.7825,7756.0
2026-06-03 05:00:00,10.78236,10.78236,10.76822,10.77151,7397.0
2026-06-03 06:00:00,10.77146,10.78274,10.76746,10.7808,7793.0
2026-06-03 07:00:00,10.78075,10.78761,10.77436,10.78583,8383.0
2026-06-03 08:00:00,10.78588,10.79608,10.78015,10.78414,12928.0
2026-06-03 09:00:00,10.78399,10.79952,10.78335,10.79737,11006.0
2026-06-03 10:00:00,10.79709,10.80384,10.7866,10.802,11125.0
2026-06-03 11:00:00,10.80208,10.81118,10.79684,10.81061,6831.0
2026-06-03 12:00:00,10.81065,10.82105,10.81065,10.8153,4988.0
2026-06-03 13:00:00,10.81535,10.81662,10.81192,10.81325,2981.0
2026-06-03 14:00:00,10.8132,10.81446,10.81024,10.81145,1697.0
2026-06-03 15:00:00,10.8115,10.81515,10.81135,10.8123,2017.0
2026-06-03 16:00:00,10.81222,10.81747,10.8103,10.81396,1586.0
2026-06-03 17:00:00,10.81476,10.81568,10.7909,10.81563,422.0
2026-06-03 18:00:00,10.81527,10.82464,10.80941,10.81969,6168.0
2026-06-03 19:00:00,10.81969,10.82185,10.81662,10.81949,23565.0
2026-06-03 20:00:00,10.81966,10.81986,10.81596,10.81739,5414.0
2026-06-03 21:00:00,10.81747,10.8192,10.81681,10.8175,2431.0
2026-06-03 22:00:00,10.81735,10.82108,10.81566,10.82084,1139.0
2026-06-03 23:00:00,10.82086,10.82294,10.81455,10.81768,1619.0
2026-06-04 00:00:00,10.81764,10.82127,10.81755,10.81985,1337.0
2026-06-04 01:00:00,10.8198,10.8254,10.81578,10.8223,2812.0
2026-06-04 02:00:00,10.8222,10.8263,10.8085,10.80901,3864.0
2026-06-04 03:00:00,10.80871,10.82172,10.79722,10.79732,9120.0
2026-06-04 04:00:00,10.79729,10.80915,10.79414,10.80872,8795.0
2026-06-04 05:00:00,10.80874,10.81552,10.80381,10.81484,8533.0
2026-06-04 06:00:00,10.81494,10.82842,10.81428,10.8275,9166.0
2026-06-04 07:00:00,10.82734,10.84966,10.8203,10.84682,8676.0
2026-06-04 08:00:00,10.84672,10.85089,10.83742,10.84952,10065.0
2026-06-04 09:00:00,10.84957,10.85385,10.84334,10.8494,12546.0
2026-06-04 10:00:00,10.84942,10.8617,10.8485,10.84894,9271.0
2026-06-04 11:00:00,10.84898,10.8547,10.8436,10.85204,5905.0
2026-06-04 12:00:00,10.85212,10.855,10.845,10.85041,3263.0
2026-06-04 13:00:00,10.85046,10.85572,10.84936,10.8538,2329.0
2026-06-04 14:00:00,10.85384,10.85588,10.85104,10.85423,1480.0
2026-06-04 15:00:00,10.85418,10.85558,10.83908,10.8393,2896.0
2026-06-04 16:00:00,10.83925,10.84885,10.83626,10.84856,2389.0
2026-06-04 17:00:00,10.8375,10.84702,10.8369,10.8418,1230.0
2026-06-04 18:00:00,10.84195,10.85098,10.83916,10.84719,2299.0
2026-06-04 19:00:00,10.84724,10.84897,10.84506,10.84644,1130.0
2026-06-04 20:00:00,10.84634,10.85698,10.84605,10.85628,3713.0
2026-06-04 21:00:00,10.85622,10.8626,10.85448,10.85528,4188.0
2026-06-04 22:00:00,10.85524,10.85685,10.84848,10.84948,2709.0
2026-06-04 23:00:00,10.84928,10.85639,10.84886,10.8553,2000.0
2026-06-05 00:00:00,10.8552,10.85654,10.85244,10.85265,1839.0
2026-06-05 01:00:00,10.8527,10.85848,10.8506,10.85185,2959.0
2026-06-05 02:00:00,10.85105,10.87244,10.84809,10.84835,3543.0
2026-06-05 03:00:00,10.84822,10.86341,10.84289,10.85442,6694.0
2026-06-05 04:00:00,10.85447,10.8647,10.84745,10.8489,6665.0
2026-06-05 05:00:00,10.8488,10.85606,10.8431,10.8514,6525.0
2026-06-05 06:00:00,10.85144,10.85281,10.83595,10.83961,5591.0
2026-06-05 07:00:00,10.83959,10.84534,10.83366,10.83785,9014.0
2026-06-05 08:00:00,10.83786,10.8556,10.83244,10.8524,12197.0
2026-06-05 09:00:00,10.85238,10.88356,10.85227,10.87702,8578.0
2026-06-05 10:00:00,10.87707,10.89768,10.87702,10.8906,8318.0
2026-06-05 11:00:00,10.8906,10.90061,10.8884,10.89618,6567.0
2026-06-05 12:00:00,10.89614,10.91775,10.89376,10.90436,8795.0
2026-06-05 13:00:00,10.90432,10.90803,10.89724,10.90626,10151.0
2026-06-05 14:00:00,10.90616,10.9092,10.90245,10.90638,10398.0
2026-06-05 15:00:00,10.90632,10.91117,10.90397,10.90626,13795.0
2026-06-05 16:00:00,10.90578,10.91479,10.90221,10.90775,3013.0
2026-06-07 17:00:00,10.90331,10.90331,10.90331,10.90331,1.0
2026-06-07 18:00:00,10.84464,10.89508,10.84464,10.8944,1418.0
2026-06-07 19:00:00,10.89439,10.90094,10.89308,10.90034,16215.0
2026-06-07 20:00:00,10.90038,10.91483,10.89013,10.8947,7888.0
2026-06-07 21:00:00,10.89466,10.90225,10.88882,10.90202,8782.0
2026-06-07 22:00:00,10.90187,10.90187,10.89034,10.89296,3535.0
2026-06-07 23:00:00,10.89287,10.8938,10.88666,10.88724,2696.0
2026-06-08 00:00:00,10.88698,10.89266,10.88124,10.8881,2911.0
2026-06-08 01:00:00,10.88806,10.89715,10.88295,10.88924,5776.0
2026-06-08 02:00:00,10.8889,10.8974,10.88042,10.88494,5207.0
2026-06-08 03:00:00,10.88486,10.88486,10.85777,10.88237,8149.0
2026-06-08 04:00:00,10.88232,10.89482,10.87548,10.89354,8533.0
2026-06-08 05:00:00,10.8937,10.89447,10.87862,10.89036,8367.0
2026-06-08 06:00:00,10.89038,10.9108,10.88209,10.91,7350.0
2026-06-08 07:00:00,10.91019,10.92554,10.90436,10.92332,13595.0
2026-06-08 08:00:00,10.92344,10.9236,10.90666,10.90776,12994.0
2026-06-08 09:00:00,10.90778,10.92032,10.90532,10.91498,11220.0
2026-06-08 10:00:00,10.91495,10.92618,10.91045,10.9175,13468.0
2026-06-08 11:00:00,10.91755,10.9211,10.91411,10.91936,6731.0
2026-06-08 12:00:00,10.9195,10.92805,10.9178,10.92325,5360.0
2026-06-08 13:00:00,10.92322,10.93114,10.9232,10.9284,5011.0
2026-06-08 14:00:00,10.9284,10.92875,10.92086,10.9226,2451.0
2026-06-08 15:00:00,10.9226,10.92724,10.9226,10.92724,2222.0
2026-06-08 16:00:00,10.92718,10.92806,10.92323,10.92752,1332.0
2026-06-08 17:00:00,10.92972,10.93319,10.91475,10.9187,1802.0
2026-06-08 18:00:00,10.91876,10.92168,10.91634,10.92105,15375.0
2026-06-08 19:00:00,10.92092,10.9231,10.92015,10.92202,3586.0
2026-06-08 20:00:00,10.92208,10.93502,10.9216,10.92937,1586.0
2026-06-08 21:00:00,10.9293,10.93152,10.92336,10.924,1918.0
2026-06-08 22:00:00,10.92389,10.92722,10.92316,10.92706,1172.0
2026-06-08 23:00:00,10.92712,10.92745,10.92105,10.92426,2373.0
2026-06-09 00:00:00,10.92422,10.92616,10.921,10.92165,1570.0
2026-06-09 01:00:00,10.9217,10.92477,10.91872,10.92445,2643.0
2026-06-09 02:00:00,10.92455,10.9276,10.91499,10.91955,3590.0
2026-06-09 03:00:00,10.91945,10.95308,10.91846,10.94952,9785.0
2026-06-09 04:00:00,10.9493,10.95302,10.94247,10.94258,9276.0
2026-06-09 05:00:00,10.94265,10.9527,10.94067,10.94592,4971.0
2026-06-09 06:00:00,10.94586,10.9494,10.9332,10.93445,6316.0
2026-06-09 07:00:00,10.9343,10.9387,10.92858,10.93196,8554.0
2026-06-09 08:00:00,10.93172,10.94158,10.9305,10.94158,8836.0
2026-06-09 09:00:00,10.94164,10.97148,10.94074,10.97148,8981.0
2026-06-09 10:00:00,10.97171,10.98412,10.96068,10.97812,11324.0
2026-06-09 11:00:00,10.97806,10.9825,10.9683,10.97864,8362.0
2026-06-09 12:00:00,10.97854,10.99441,10.97308,10.98611,14447.0
2026-06-09 13:00:00,10.9862,10.98718,10.96645,10.96972,10051.0
2026-06-09 14:00:00,10.96978,10.9714,10.966,10.969,3548.0
2026-06-09 15:00:00,10.969,10.98346,10.96651,10.98166,4719.0
2026-06-09 16:00:00,10.98157,10.99002,10.97896,10.97918,3695.0
2026-06-09 17:00:00,10.97991,10.9825,10.96152,10.9706,958.0
2026-06-09 18:00:00,10.96866,10.97786,10.96535,10.96731,3083.0
2026-06-09 19:00:00,10.96731,10.97664,10.96696,10.97438,883.0
2026-06-09 20:00:00,10.97406,10.98116,10.97078,10.9796,2809.0
2026-06-09 21:00:00,10.97955,10.9867,10.97881,10.9814,3696.0
2026-06-09 22:00:00,10.98145,10.9842,10.9797,10.9816,2221.0
2026-06-09 23:00:00,10.9817,10.98552,10.98015,10.9844,2243.0
2026-06-10 00:00:00,10.98448,10.99218,10.98174,10.98926,1506.0
2026-06-10 01:00:00,10.98926,11.00658,10.98905,10.99188,5567.0
2026-06-10 02:00:00,10.99196,10.9964,10.94308,10.95305,7257.0
2026-06-10 03:00:00,10.9532,10.97747,10.95185,10.961,10156.0
2026-06-10 04:00:00,10.9611,10.97891,10.959,10.969,9905.0
2026-06-10 05:00:00,10.96914,10.97453,10.95459,10.96794,10532.0
2026-06-10 06:00:00,10.96824,10.9797,10.96492,10.96566,7814.0
2026-06-10 07:00:00,10.96572,10.96904,10.94138,10.95495,8985.0
2026-06-10 08:00:00,10.95506,10.95606,10.93738,10.94595,9259.0
2026-06-10 09:00:00,10.94571,10.94946,10.92547,10.93568,14306.0
2026-06-10 10:00:00,10.93574,10.94678,10.92916,10.93585,15766.0
2026-06-10 11:00:00,10.9359,10.93816,10.90152,10.91201,10293.0
2026-06-10 12:00:00,10.9121,10.91665,10.90152,10.91405,8591.0
2026-06-10 13:00:00,10.9141,10.91865,10.9106,10.91554,4761.0
2026-06-10 14:00:00,10.9156,10.92094,10.91304,10.919,3831.0
2026-06-10 15:00:00,10.91905,10.93528,10.9181,10.93414,3029.0
2026-06-10 16:00:00,10.93404,10.93794,10.92525,10.92612,3205.0
2026-06-10 17:00:00,10.92805,10.93231,10.89035,10.92432,1764.0
2026-06-10 18:00:00,10.92133,10.93059,10.90572,10.91864,8950.0
2026-06-10 19:00:00,10.91884,10.92598,10.91764,10.92342,5614.0
2026-06-10 20:00:00,10.92342,10.9291,10.91854,10.92385,16788.0
2026-06-10 21:00:00,10.92367,10.92465,10.9166,10.9223,13323.0
2026-06-10 22:00:00,10.92238,10.9283,10.9219,10.9251,6737.0
2026-06-10 23:00:00,10.92505,10.9295,10.92376,10.92432,6550.0
2026-06-11 00:00:00,10.92412,10.9243,10.9146,10.91807,7121.0
2026-06-11 01:00:00,10.91812,10.93629,10.91785,10.93365,7139.0
2026-06-11 02:00:00,10.93395,10.94989,10.93232,10.94755,3942.0
2026-06-11 03:00:00,10.94756,10.96642,10.93517,10.95514,6905.0
2026-06-11 04:00:00,10.95549,10.99173,10.94763,10.9829,8505.0
2026-06-11 05:00:00,10.98292,10.98796,10.96768,10.977,5503.0
2026-06-11 06:00:00,10.97695,10.98524,10.97384,10.97626,6621.0
2026-06-11 07:00:00,10.9762,10.99272,10.97585,10.99005,9866.0
2026-06-11 08:00:00,10.99036,10.99491,10.96639,10.97882,13852.0
2026-06-11 09:00:00,10.97895,10.98056,10.96613,10.97109,14175.0
2026-06-11 10:00:00,10.97099,10.98374,10.96802,10.97503,14050.0
2026-06-11 11:00:00,10.97504,10.97957,10.95934,10.96979,6839.0
2026-06-11 12:00:00,10.96972,10.97308,10.95935,10.96476,7643.0
2026-06-11 13:00:00,10.96485,10.97775,10.9609,10.97019,14164.0
2026-06-11 14:00:00,10.97015,10.97475,10.96372,10.9701,9513.0
2026-06-11 15:00:00,10.97,10.98622,10.96172,10.98584,5880.0
2026-06-11 16:00:00,10.98582,10.9936,10.98365,10.98414,11539.0
2026-06-11 17:00:00,10.96965,10.98294,10.96965,10.97729,508.0
2026-06-11 18:00:00,10.97364,10.9839,10.97364,10.98282,5542.0
2026-06-11 19:00:00,10.98264,10.98818,10.9815,10.98741,1484.0
2026-06-11 20:00:00,10.98726,10.99116,10.9847,10.98524,7763.0
2026-06-11 21:00:00,10.98514,10.989,10.98064,10.9846,10075.0
2026-06-11 22:00:00,10.9845,10.98826,10.98145,10.98555,7183.0
2026-06-11 23:00:00,10.9856,10.99373,10.98306,10.98948,9764.0
2026-06-12 00:00:00,10.98916,10.9925,10.9862,10.98822,5260.0
2026-06-12 01:00:00,10.9881,10.99955,10.98754,10.9959,3859.0
2026-06-12 02:00:00,10.9956,11.00685,10.99209,11.0063,5494.0
2026-06-12 03:00:00,11.00625,11.02944,11.0011,11.02764,9338.0
2026-06-12 04:00:00,11.02771,11.06388,11.02554,11.05912,12568.0
2026-06-12 05:00:00,11.05892,11.06342,11.03609,11.04419,8984.0
2026-06-12 06:00:00,11.04405,11.05694,11.03002,11.03178,7627.0
2026-06-12 07:00:00,11.03191,11.04032,11.02394,11.02972,9328.0
2026-06-12 08:00:00,11.02971,11.03542,11.0183,11.0273,8765.0
2026-06-12 09:00:00,11.02729,11.02845,11.00174,11.00265,10716.0
2026-06-12 10:00:00,11.00225,11.00445,10.99554,10.99572,12122.0
2026-06-12 11:00:00,10.9957,11.00104,10.99031,10.99624,8572.0
2026-06-12 12:00:00,10.99616,11.00684,10.99434,11.00568,12021.0
2026-06-12 13:00:00,11.00562,11.007,11.00006,11.00326,6398.0
2026-06-12 14:00:00,11.00338,11.00595,10.9989,11.0012,3516.0
2026-06-12 15:00:00,11.0013,11.0053,10.99794,10.99871,4149.0
2026-06-12 16:00:00,10.99844,11.00965,10.99766,11.00626,6609.0
2026-06-14 17:00:00,11.00232,11.03442,11.00232,11.03442,2.0
2026-06-14 18:00:00,11.03301,11.03563,11.01095,11.02093,19544.0
2026-06-14 19:00:00,11.02048,11.02474,11.01899,11.02082,20041.0
2026-06-14 20:00:00,11.02072,11.02126,11.00742,11.0169,9112.0
2026-06-14 21:00:00,11.01695,11.02268,11.0147,11.01542,9524.0
2026-06-14 22:00:00,11.01546,11.0158,11.01116,11.0115,5853.0
2026-06-14 23:00:00,11.01138,11.0115,11.00552,11.00647,1708.0
2026-06-15 00:00:00,11.0065,11.02434,11.00501,11.02128,6292.0
2026-06-15 01:00:00,11.02134,11.02134,11.01074,11.01532,6661.0
2026-06-15 02:00:00,11.01542,11.03262,11.01052,11.03262,2799.0
2026-06-15 03:00:00,11.03285,11.06664,11.03213,11.04836,7462.0
2026-06-15 04:00:00,11.04842,11.04842,11.02716,11.03235,5599.0
2026-06-15 05:00:00,11.03242,11.04942,11.03204,11.04756,8180.0
2026-06-15 06:00:00,11.0476,11.054,11.03393,11.03866,5757.0
2026-06-15 07:00:00,11.03862,11.05176,11.0364,11.05104,5995.0
2026-06-15 08:00:00,11.05102,11.06362,11.05102,11.06333,5955.0
2026-06-15 09:00:00,11.06304,11.06489,11.05136,11.05774,10649.0
2026-06-15 10:00:00,11.05764,11.05914,11.04076,11.04918,8377.0
2026-06-15 11:00:00,11.04908,11.05505,11.03694,11.0471,6208.0
2026-06-15 12:00:00,11.0472,11.05892,11.04275,11.05865,6043.0
2026-06-15 13:00:00,11.0587,11.06025,11.05494,11.057,3472.0
2026-06-15 14:00:00,11.05684,11.0623,11.0499,11.0564,4246.0
2026-06-15 15:00:00,11.05639,11.06262,11.04785,11.04872,5467.0
2026-06-15 16:00:00,11.04817,11.05803,11.04618,11.05548,8380.0
2026-06-15 17:00:00,11.04875,11.05411,11.04164,11.0512,365.0
2026-06-15 18:00:00,11.05106,11.05528,11.04886,11.05142,1842.0
2026-06-15 19:00:00,11.05153,11.05317,11.04975,11.05285,1482.0
2026-06-15 20:00:00,11.05275,11.06025,11.0502,11.05715,3070.0
2026-06-15 21:00:00,11.05698,11.06775,11.05564,11.06714,2134.0
2026-06-15 22:00:00,11.06718,11.0701,11.0668,11.06926,1514.0
2026-06-15 23:00:00,11.06931,11.07302,11.06897,11.07064,1940.0
2026-06-16 00:00:00,11.07066,11.07526,11.07039,11.07476,1759.0
2026-06-16 01:00:00,11.07471,11.07874,11.07145,11.07186,1915.0
2026-06-16 02:00:00,11.07177,11.07748,11.06522,11.0704,3639.0
2026-06-16 03:00:00,11.07075,11.07908,11.05818,11.06242,7868.0
2026-06-16 04:00:00,11.06222,11.06682,11.05438,11.05832,6997.0
2026-06-16 05:00:00,11.05856,11.06848,11.05206,11.0532,6221.0
2026-06-16 06:00:00,11.05276,11.05288,11.03826,11.05101,6461.0
2026-06-16 07:00:00,11.05106,11.06288,11.04951,11.05295,8072.0
2026-06-16 08:00:00,11.053,11.0546,11.02929,11.03002,10865.0
2026-06-16 09:00:00,11.03006,11.03138,11.00964,11.01162,12232.0
2026-06-16 10:00:00,11.01146,11.01402,10.99757,11.00245,12536.0
2026-06-16 11:00:00,11.00255,11.01213,11.0015,11.01154,7509.0
2026-06-16 12:00:00,11.0115,11.0149,11.00239,11.00642,3172.0
2026-06-16 13:00:00,11.00646,11.00845,11.00271,11.006,2264.0
2026-06-16 14:00:00,11.00615,11.0069,11.00059,11.00368,1703.0
2026-06-16 15:00:00,11.00365,11.00478,10.9998,11.003,2442.0
2026-06-16 16:00:00,11.003,11.00852,11.0025,11.00756,1904.0
2026-06-16 17:00:00,11.00564,11.01258,11.00442,11.0046,1462.0
2026-06-16 18:00:00,11.00461,11.00562,10.99725,10.99877,1534.0
2026-06-16 19:00:00,10.99885,11.00022,10.99856,10.99883,979.0
2026-06-16 20:00:00,10.99898,11.00009,10.99425,10.9972,3227.0
2026-06-16 21:00:00,10.99704,11.00005,10.99484,10.99725,1830.0
2026-06-16 22:00:00,10.9972,11.00095,10.99516,10.999,1381.0
2026-06-16 23:00:00,10.99898,11.00456,10.99785,11.00175,1466.0
2026-06-17 00:00:00,11.00155,11.002,10.99765,10.998,924.0
2026-06-17 01:00:00,10.99785,10.99938,10.98926,10.9919,2653.0
2026-06-17 02:00:00,10.99192,11.01504,10.99176,11.00754,4937.0
2026-06-17 03:00:00,11.00744,11.02244,11.00348,11.00924,9097.0
2026-06-17 04:00:00,11.0092,11.01081,10.99566,10.99998,10077.0
2026-06-17 05:00:00,11.00039,11.01082,10.99846,11.00772,6000.0
2026-06-17 06:00:00,11.00766,11.01366,10.99945,11.00011,7291.0
2026-06-17 07:00:00,11.00034,11.00482,10.9946,11.00118,9426.0
2026-06-17 08:00:00,11.0009,11.01642,10.99875,11.01456,9236.0
2026-06-17 09:00:00,11.01454,11.02308,11.00954,11.02308,13377.0
2026-06-17 10:00:00,11.02303,11.0286,11.01072,11.02645,13696.0
2026-06-17 11:00:00,11.02646,11.02962,11.01841,11.01953,7391.0
2026-06-17 12:00:00,11.01945,11.02314,11.0168,11.01805,3772.0
2026-06-17 13:00:00,11.01815,11.02328,11.0162,11.0218,1995.0
2026-06-17 14:00:00,11.01967,11.0407,11.015,11.0291,23483.0
2026-06-17 15:00:00,11.02912,11.07738,11.02732,11.06981,14336.0
2026-06-17 16:00:00,11.0698,11.07164,11.05804,11.0594,5292.0
2026-06-17 17:00:00,11.06076,11.06382,11.05599,11.05956,988.0
2026-06-17 18:00:00,11.05644,11.06604,11.05553,11.06471,4531.0
2026-06-17 19:00:00,11.0649,11.06614,11.06071,11.06192,1381.0
2026-06-17 20:00:00,11.06198,11.0626,11.05535,11.0554,5617.0
2026-06-17 21:00:00,11.05543,11.06034,11.0539,11.05862,11558.0
2026-06-17 22:00:00,11.0587,11.06224,11.05556,11.0592,5647.0
2026-06-17 23:00:00,11.05936,11.06175,11.05894,11.0616,1427.0
2026-06-18 00:00:00,11.06155,11.06996,11.06015,11.06807,3326.0
2026-06-18 01:00:00,11.06802,11.075,11.06472,11.0655,4318.0
2026-06-18 02:00:00,11.06525,11.07638,11.04684,11.04684,6289.0
2026-06-18 03:00:00,11.0469,11.05372,11.03806,11.04966,5986.0
2026-06-18 04:00:00,11.04946,11.0868,11.04194,11.08535,10542.0
2026-06-18 05:00:00,11.08545,11.09578,11.08099,11.08612,7402.0
2026-06-18 06:00:00,11.08606,11.09972,11.08192,11.09644,9163.0
2026-06-18 07:00:00,11.09657,11.10774,11.09508,11.09882,10402.0
2026-06-18 08:00:00,11.09876,11.10984,11.09578,11.10847,9113.0
2026-06-18 09:00:00,11.10878,11.14878,11.1065,11.13882,10923.0
2026-06-18 10:00:00,11.13876,11.14648,11.13004,11.14058,12550.0
2026-06-18 11:00:00,11.14063,11.1654,11.1396,11.15668,7604.0
2026-06-18 12:00:00,11.15682,11.16646,11.15652,11.15825,6900.0
2026-06-18 13:00:00,11.1581,11.1671,11.1544,11.15512,5400.0
2026-06-18 14:00:00,11.155,11.15648,11.1434,11.15546,6150.0
2026-06-18 15:00:00,11.15523,11.16005,11.1476,11.15118,5388.0
2026-06-18 16:00:00,11.15122,11.1544,11.1459,11.151,3947.0
2026-06-18 17:00:00,11.16202,11.16559,11.14965,11.15477,705.0
2026-06-18 18:00:00,11.15472,11.16424,11.14967,11.16385,2624.0
2026-06-18 19:00:00,11.1638,11.16734,11.16328,11.16424,921.0
2026-06-18 20:00:00,11.16428,11.1683,11.16245,11.16325,1437.0
2026-06-18 21:00:00,11.1633,11.16466,11.15762,11.1614,5217.0
2026-06-18 22:00:00,11.16145,11.16475,11.15761,11.16165,2326.0
2026-06-18 23:00:00,11.16175,11.17286,11.15925,11.17215,4745.0
2026-06-19 00:00:00,11.17253,11.17588,11.16782,11.17,5284.0
2026-06-19 01:00:00,11.1701,11.17065,11.15264,11.15358,6495.0
2026-06-19 02:00:00,11.15294,11.16321,11.14381,11.16201,4294.0
2026-06-19 03:00:00,11.16194,11.1645,11.13544,11.13902,8542.0
2026-06-19 04:00:00,11.13912,11.14218,11.12298,11.1254,6387.0
2026-06-19 05:00:00,11.12546,11.12594,11.10794,11.10872,6225.0
2026-06-19 06:00:00,11.10893,11.11812,11.1063,11.11353,7190.0
2026-06-19 07:00:00,11.11348,11.11752,11.10384,11.1075,9481.0
2026-06-19 08:00:00,11.10771,11.11452,11.10046,11.11431,6524.0
2026-06-19 09:00:00,11.11448,11.12222,11.11119,11.11178,7037.0
2026-06-19 10:00:00,11.11173,11.12419,11.10018,11.1007,6565.0
2026-06-19 11:00:00,11.10067,11.1159,11.09952,11.11232,5623.0
2026-06-19 12:00:00,11.11258,11.12256,11.10528,11.11072,7333.0
2026-06-19 13:00:00,11.11068,11.11465,11.10883,11.11365,2063.0
2026-06-19 14:00:00,11.11402,11.1142,11.1092,11.11138,4450.0
2026-06-19 15:00:00,11.11148,11.11747,11.10845,11.11629,3227.0
2026-06-19 16:00:00,11.11609,11.12871,11.1044,11.11662,2604.0
2026-06-21 17:00:00,11.11067,11.11067,11.11067,11.11067,1.0
2026-06-21 18:00:00,11.1153,11.12964,11.11195,11.12434,8408.0
2026-06-21 19:00:00,11.12449,11.12644,11.11891,11.12304,10864.0
2026-06-21 20:00:00,11.12303,11.1255,11.10524,11.11189,14486.0
2026-06-21 21:00:00,11.11194,11.11571,11.10806,11.1132,19712.0
2026-06-21 22:00:00,11.1133,11.11968,11.1129,11.11515,4358.0
2026-06-21 23:00:00,11.11516,11.11516,11.10825,11.11095,1943.0
2026-06-22 00:00:00,11.111,11.11352,11.10996,11.11045,2236.0
2026-06-22 01:00:00,11.1104,11.11165,11.1035,11.10935,3905.0
2026-06-22 02:00:00,11.10932,11.12068,11.10202,11.1167,5881.0
2026-06-22 03:00:00,11.1168,11.11765,11.0939,11.09742,9953.0
2026-06-22 04:00:00,11.09732,11.10958,11.08756,11.10382,11122.0
2026-06-22 05:00:00,11.10376,11.10916,11.0963,11.10263,11168.0
2026-06-22 06:00:00,11.1027,11.10496,11.0852,11.0912,10405.0
2026-06-22 07:00:00,11.09115,11.09284,11.07842,11.08113,10839.0
2026-06-22 08:00:00,11.08108,11.08628,11.06882,11.08483,10484.0
2026-06-22 09:00:00,11.08509,11.08588,11.07212,11.07301,9132.0
2026-06-22 10:00:00,11.07318,11.08425,11.0634,11.06957,15260.0
2026-06-22 11:00:00,11.06952,11.08472,11.069,11.08274,8396.0
2026-06-22 12:00:00,11.08299,11.0879,11.08138,11.08174,4853.0
2026-06-22 13:00:00,11.08172,11.08506,11.07985,11.08335,4384.0
2026-06-22 14:00:00,11.0834,11.08385,11.07975,11.08075,2413.0
2026-06-22 15:00:00,11.08076,11.08212,11.0748,11.07965,3168.0
2026-06-22 16:00:00,11.0796,11.0841,11.07864,11.07892,4236.0
2026-06-22 17:00:00,11.07912,11.08389,11.06474,11.07906,1752.0
2026-06-22 18:00:00,11.0792,11.09689,11.07674,11.08098,8026.0
2026-06-22 19:00:00,11.08094,11.08277,11.07946,11.08045,528.0
2026-06-22 20:00:00,11.08039,11.08965,11.08039,11.08695,5843.0
2026-06-22 21:00:00,11.0869,11.09476,11.0865,11.09445,3910.0
2026-06-22 22:00:00,11.0945,11.0985,11.0935,11.0985,3502.0
2026-06-22 23:00:00,11.09895,11.1069,11.09708,11.10215,5264.0
2026-06-23 00:00:00,11.10203,11.1109,11.09574,11.10618,4960.0
2026-06-23 01:00:00,11.10655,11.11418,11.1048,11.11315,5505.0
2026-06-23 02:00:00,11.11302,11.14327,11.11162,11.13416,5867.0
2026-06-23 03:00:00,11.13426,11.14815,11.13268,11.1356,7202.0
2026-06-23 04:00:00,11.13506,11.13506,11.12032,11.1277,7465.0
2026-06-23 05:00:00,11.12782,11.13373,11.10406,11.10557,5309.0
2026-06-23 06:00:00,11.10552,11.12042,11.0976,11.1177,6188.0
2026-06-23 07:00:00,11.1176,11.14256,11.11547,11.14224,8755.0
2026-06-23 08:00:00,11.14218,11.15278,11.13502,11.14444,7853.0
2026-06-23 09:00:00,11.14438,11.15466,11.13606,11.13621,8803.0
2026-06-23 10:00:00,11.13606,11.14412,11.11964,11.12751,11487.0
2026-06-23 11:00:00,11.12768,11.14402,11.12344,11.1405,6242.0
2026-06-23 12:00:00,11.14038,11.14564,11.1382,11.14526,6352.0
2026-06-23 13:00:00,11.14525,11.149,11.14151,11.148,6388.0
2026-06-23 14:00:00,11.1481,11.1505,11.14586,11.14805,2715.0
2026-06-23 15:00:00,11.148,11.1493,11.14308,11.14755,3832.0
2026-06-23 16:00:00,11.1474,11.1485,11.1421,11.14398,4680.0
2026-06-23 17:00:00,11.13247,11.15005,11.13247,11.14544,267.0
2026-06-23 18:00:00,11.14646,11.15162,11.14362,11.14446,4352.0
2026-06-23 19:00:00,11.14438,11.15053,11.14126,11.1463,3331.0
2026-06-23 20:00:00,11.14632,11.15075,11.14314,11.1452,7337.0
2026-06-23 21:00:00,11.1451,11.15924,11.14368,11.15123,5632.0
2026-06-23 22:00:00,11.15136,11.16278,11.1436,11.16166,5165.0
2026-06-23 23:00:00,11.16184,11.16988,11.1553,11.15614,6134.0
2026-06-24 00:00:00,11.15618,11.16078,11.15115,11.15188,4363.0
2026-06-24 01:00:00,11.15185,11.15435,11.14727,11.15122,2931.0
2026-06-24 02:00:00,11.15116,11.16592,11.14314,11.1641,4565.0
2026-06-24 03:00:00,11.16432,11.16568,11.14964,11.1588,6342.0
2026-06-24 04:00:00,11.15872,11.1657,11.15558,11.16154,5394.0
2026-06-24 05:00:00,11.16158,11.17298,11.16034,11.16292,4347.0
2026-06-24 06:00:00,11.1628,11.16292,11.15061,11.15423,4999.0
2026-06-24 07:00:00,11.15448,11.16394,11.14766,11.16384,8384.0
2026-06-24 08:00:00,11.1639,11.16654,11.15323,11.16146,8459.0
2026-06-24 09:00:00,11.16152,11.18468,11.1595,11.18228,13667.0
2026-06-24 10:00:00,11.18231,11.19602,11.1762,11.19508,10025.0
2026-06-24 11:00:00,11.195,11.20008,11.18639,11.18645,7548.0
2026-06-24 12:00:00,11.18654,11.18896,11.18298,11.18816,5696.0
2026-06-24 13:00:00,11.18814,11.19906,11.18632,11.197,5934.0
2026-06-24 14:00:00,11.19697,11.20235,11.19376,11.20195,3348.0
2026-06-24 15:00:00,11.2023,11.2057,11.20012,11.20152,1952.0
2026-06-24 16:00:00,11.2016,11.20262,11.1872,11.18894,5182.0
2026-06-24 17:00:00,11.18175,11.18889,11.17808,11.18879,262.0
2026-06-24 18:00:00,11.1916,11.1946,11.18882,11.19086,5742.0
2026-06-24 19:00:00,11.19088,11.19108,11.18582,11.18644,3090.0
2026-06-24 20:00:00,11.18674,11.19772,11.18454,11.1888,3658.0
2026-06-24 21:00:00,11.18872,11.20525,11.18752,11.19875,7222.0
2026-06-24 22:00:00,11.1987,11.2049,11.1966,11.20252,6306.0
2026-06-24 23:00:00,11.2025,11.20563,11.20184,11.2029,2404.0
2026-06-25 00:00:00,11.20285,11.20325,11.1903,11.19085,3237.0
2026-06-25 01:00:00,11.19085,11.19765,11.1908,11.1974,3135.0
2026-06-25 02:00:00,11.19716,11.2054,11.19479,11.2054,3454.0
2026-06-25 03:00:00,11.20535,11.21024,11.18793,11.1938,6599.0
2026-06-25 04:00:00,11.1938,11.2076,11.1831,11.20636,3787.0
2026-06-25 05:00:00,11.20658,11.21458,11.20428,11.21078,3409.0
2026-06-25 06:00:00,11.2108,11.22586,11.2097,11.22304,5179.0
2026-06-25 07:00:00,11.2231,11.22414,11.20979,11.22154,6208.0
2026-06-25 08:00:00,11.2213,11.22459,11.21015,11.22362,6703.0
2026-06-25 09:00:00,11.22358,11.23828,11.2229,11.23632,7451.0
2026-06-25 10:00:00,11.23638,11.23648,11.2165,11.21656,10761.0
2026-06-25 11:00:00,11.21665,11.22016,11.19983,11.20069,8475.0
2026-06-25 12:00:00,11.20063,11.20655,11.19544,11.2028,4696.0
2026-06-25 13:00:00,11.20275,11.2119,11.2015,11.20715,4375.0
2026-06-25 14:00:00,11.20734,11.21058,11.20315,11.20992,2709.0
2026-06-25 15:00:00,11.2102,11.21321,11.20385,11.21122,3110.0
2026-06-25 16:00:00,11.21116,11.2209,11.20744,11.21424,2376.0
2026-06-25 17:00:00,11.2189,11.224,11.2099,11.2159,845.0
2026-06-25 18:00:00,11.21425,11.21488,11.20578,11.20965,4498.0
2026-06-25 19:00:00,11.20982,11.21646,11.2074,11.21625,2597.0
2026-06-25 20:00:00,11.21652,11.22146,11.21558,11.21828,7902.0
2026-06-25 21:00:00,11.21816,11.2285,11.21816,11.22625,8343.0
2026-06-25 22:00:00,11.2263,11.24768,11.22296,11.24414,8105.0
2026-06-25 23:00:00,11.24409,11.2489,11.24065,11.2408,14007.0
2026-06-26 00:00:00,11.2406,11.24935,11.23786,11.248,7982.0
2026-06-26 01:00:00,11.24814,11.25,11.236,11.2386,4390.0
2026-06-26 02:00:00,11.23838,11.2457,11.23532,11.23826,2770.0
2026-06-26 03:00:00,11.23825,11.27123,11.23373,11.27066,4811.0
2026-06-26 04:00:00,11.27096,11.2969,11.26245,11.28284,5120.0
2026-06-26 05:00:00,11.28273,11.29315,11.27897,11.2886,5790.0
2026-06-26 06:00:00,11.28842,11.29118,11.27922,11.28537,4590.0
2026-06-26 07:00:00,11.28526,11.30235,11.27932,11.30214,5697.0
2026-06-26 08:00:00,11.30224,11.31385,11.29506,11.31127,9110.0
2026-06-26 09:00:00,11.31112,11.31444,11.28723,11.30061,10870.0
2026-06-26 10:00:00,11.30046,11.31564,11.29448,11.31422,9425.0
2026-06-26 11:00:00,11.3142,11.32104,11.30376,11.31055,5669.0
2026-06-26 12:00:00,11.31058,11.31905,11.30582,11.31574,12102.0
2026-06-26 13:00:00,11.3158,11.322,11.3155,11.31942,4510.0
2026-06-26 14:00:00,11.31936,11.32381,11.31925,11.3227,3290.0
2026-06-26 15:00:00,11.32285,11.323,11.3119,11.31268,2307.0
2026-06-26 16:00:00,11.31262,11.32025,11.30649,11.30796,8513.0
2026-06-28 17:00:00,11.31971,11.32586,11.317,11.32559,25.0
2026-06-28 18:00:00,11.31641,11.32152,11.3092,11.31428,2136.0
2026-06-28 19:00:00,11.31451,11.31628,11.31082,11.31348,4596.0
2026-06-28 20:00:00,11.3134,11.33647,11.3134,11.32581,6384.0
2026-06-28 21:00:00,11.326,11.32881,11.31738,11.3219,5118.0
2026-06-28 22:00:00,11.32182,11.32298,11.3126,11.31715,3251.0
2026-06-28 23:00:00,11.31705,11.3185,11.31364,11.3159,3328.0
2026-06-29 00:00:00,11.3161,11.3226,11.3142,11.3163,4495.0
2026-06-29 01:00:00,11.3166,11.31965,11.31006,11.31148,3017.0
2026-06-29 02:00:00,11.31179,11.31432,11.29195,11.30425,3608.0
2026-06-29 03:00:00,11.30455,11.32434,11.29949,11.32365,5054.0
2026-06-29 04:00:00,11.3239,11.33209,11.3148,11.31685,5261.0
2026-06-29 05:00:00,11.31726,11.32857,11.3145,11.32176,4215.0
2026-06-29 06:00:00,11.32171,11.33681,11.3217,11.32334,6031.0
2026-06-29 07:00:00,11.32339,11.33218,11.31758,11.32784,7245.0
2026-06-29 08:00:00,11.32782,11.35934,11.32488,11.34572,7169.0
2026-06-29 09:00:00,11.346,11.34604,11.32557,11.32931,9292.0
2026-06-29 10:00:00,11.32926,11.3441,11.32745,11.3342,13088.0
2026-06-29 11:00:00,11.3341,11.34302,11.33355,11.34181,3627.0
2026-06-29 12:00:00,11.34174,11.3426,11.33043,11.33308,4309.0
2026-06-29 13:00:00,11.33302,11.3356,11.33023,11.33409,2197.0
2026-06-29 14:00:00,11.33419,11.33454,11.32934,11.33215,2185.0
2026-06-29 15:00:00,11.3321,11.3375,11.3321,11.33375,1726.0
2026-06-29 16:00:00,11.33355,11.33952,11.33255,11.33852,1661.0
2026-06-29 17:00:00,11.33192,11.3366,11.3255,11.33466,1050.0
2026-06-29 18:00:00,11.3318,11.338,11.32863,11.3377,1659.0
2026-06-29 19:00:00,11.33765,11.33811,11.33487,11.33751,1666.0
2026-06-29 20:00:00,11.338,11.35182,11.338,11.34886,3086.0
2026-06-29 21:00:00,11.34872,11.35188,11.33916,11.34595,4196.0
2026-06-29 22:00:00,11.34572,11.34648,11.341,11.34255,3054.0
2026-06-29 23:00:00,11.3426,11.34262,11.33708,11.3401,2115.0
2026-06-30 00:00:00,11.34005,11.34005,11.33171,11.33303,2203.0
2026-06-30 01:00:00,11.33282,11.33615,11.32953,11.33523,3338.0
2026-06-30 02:00:00,11.33466,11.35518,11.33106,11.3475,3346.0
2026-06-30 03:00:00,11.34735,11.35305,11.33244,11.33748,5046.0
2026-06-30 04:00:00,11.3376,11.3376,11.29893,11.3037,7143.0
2026-06-30 05:00:00,11.3034,11.30975,11.28212,11.30554,7780.0
2026-06-30 06:00:00,11.30545,11.31184,11.29144,11.30186,5917.0
2026-06-30 07:00:00,11.30178,11.3072,11.2982,11.30598,4942.0
2026-06-30 08:00:00,11.30618,11.31767,11.30408,11.30882,5158.0
2026-06-30 09:00:00,11.30886,11.31776,11.3044,11.30803,5090.0
2026-06-30 10:00:00,11.30754,11.31828,11.30413,11.31496,8291.0
2026-06-30 11:00:00,11.31514,11.31742,11.3082,11.31243,5244.0
2026-06-30 12:00:00,11.3126,11.3149,11.30819,11.31435,2657.0
2026-06-30 13:00:00,11.3144,11.31665,11.31154,11.31275,2670.0
2026-06-30 14:00:00,11.31282,11.31668,11.3043,11.30945,2501.0
2026-06-30 15:00:00,11.30965,11.31325,11.3091,11.3098,2285.0
2026-06-30 16:00:00,11.31002,11.31174,11.30512,11.31122,2152.0
2026-06-30 17:00:00,11.3119,11.3305,11.31088,11.31284,1025.0
2026-06-30 18:00:00,11.31428,11.32068,11.31258,11.3155,1997.0
2026-06-30 19:00:00,11.31573,11.31752,11.3127,11.31335,3117.0
2026-06-30 20:00:00,11.31358,11.3233,11.31132,11.31982,5465.0
2026-06-30 21:00:00,11.31984,11.32704,11.31808,11.3262,3358.0
2026-06-30 22:00:00,11.32625,11.33662,11.32625,11.3288,2692.0
2026-06-30 23:00:00,11.32885,11.33065,11.32175,11.3246,2617.0
2026-07-01 00:00:00,11.3247,11.3289,11.31955,11.3224,2572.0
2026-07-01 01:00:00,11.3222,11.33072,11.3221,11.32738,3553.0
2026-07-01 02:00:00,11.32746,11.33736,11.32429,11.32525,2516.0
2026-07-01 03:00:00,11.3253,11.34365,11.31958,11.3322,5247.0
2026-07-01 04:00:00,11.33178,11.33774,11.3264,11.3311,5109.0
2026-07-01 05:00:00,11.33107,11.33484,11.31638,11.31857,5721.0
2026-07-01 06:00:00,11.3188,11.32054,11.30517,11.30976,4895.0
2026-07-01 07:00:00,11.30978,11.3127,11.30444,11.31204,6683.0
2026-07-01 08:00:00,11.31202,11.31474,11.29513,11.30643,5805.0
2026-07-01 09:00:00,11.30634,11.32049,11.30066,11.31337,7558.0
2026-07-01 10:00:00,11.3148,11.3163,11.2933,11.29804,8842.0
2026-07-01 11:00:00,11.29804,11.30011,11.28104,11.28249,5212.0
2026-07-01 12:00:00,11.2828,11.28327,11.26628,11.27332,3947.0
2026-07-01 13:00:00,11.27336,11.28103,11.27307,11.28103,2547.0
2026-07-01 14:00:00,11.28108,11.2833,11.27665,11.2825,1754.0
2026-07-01 15:00:00,11.28255,11.28434,11.27585,11.28408,1599.0
2026-07-01 16:00:00,11.28405,11.28718,11.27766,11.27993,3780.0
2026-07-01 17:00:00,11.27925,11.28293,11.2736,11.28094,770.0
2026-07-01 18:00:00,11.28252,11.28574,11.27245,11.28416,1786.0
2026-07-01 19:00:00,11.28412,11.28646,11.27806,11.28023,830.0
2026-07-01 20:00:00,11.28001,11.29622,11.27932,11.2889,8184.0
2026-07-01 21:00:00,11.28879,11.2911,11.28241,11.28278,6553.0
2026-07-01 22:00:00,11.2828,11.2848,11.2785,11.28409,3465.0
2026-07-01 23:00:00,11.28395,11.2885,11.28186,11.284,2170.0
2026-07-02 00:00:00,11.28391,11.28655,11.282,11.282,1991.0
2026-07-02 01:00:00,11.28202,11.28526,11.27925,11.28214,2297.0
2026-07-02 02:00:00,11.28187,11.29596,11.28047,11.2835,2347.0
2026-07-02 03:00:00,11.28375,11.30452,11.27677,11.27925,4650.0
2026-07-02 04:00:00,11.2793,11.28515,11.26414,11.27018,4116.0
2026-07-02 05:00:00,11.27024,11.27943,11.26624,11.27536,4548.0
2026-07-02 06:00:00,11.27558,11.27702,11.27061,11.27256,2838.0
2026-07-02 07:00:00,11.27263,11.29154,11.27182,11.29128,5240.0
2026-07-02 08:00:00,11.29132,11.29577,11.26705,11.28454,7310.0
2026-07-02 09:00:00,11.28474,11.28526,11.25134,11.2644,6736.0
2026-07-02 10:00:00,11.26458,11.26979,11.25245,11.25302,9894.0
2026-07-02 11:00:00,11.25324,11.26346,11.24655,11.25678,8134.0
2026-07-02 12:00:00,11.25706,11.25991,11.24835,11.25814,6303.0
2026-07-02 13:00:00,11.2582,11.26183,11.2576,11.26003,4259.0
2026-07-02 14:00:00,11.25983,11.26048,11.2514,11.25614,3197.0
2026-07-02 15:00:00,11.25602,11.2581,11.25375,11.2544,1952.0
2026-07-02 16:00:00,11.25434,11.26045,11.25301,11.25946,2795.0
2026-07-02 17:00:00,11.26025,11.26365,11.25766,11.26118,503.0
2026-07-02 18:00:00,11.26046,11.26286,11.251,11.25406,2418.0
2026-07-02 19:00:00,11.25416,11.26107,11.25005,11.25949,5690.0
2026-07-02 20:00:00,11.25925,11.26534,11.25134,11.25213,14847.0
2026-07-02 21:00:00,11.25207,11.25381,11.23352,11.23418,8784.0
2026-07-02 22:00:00,11.23412,11.23931,11.23298,11.2383,2050.0
2026-07-02 23:00:00,11.23866,11.24036,11.2358,11.23924,4026.0
2026-07-03 00:00:00,11.23929,11.23929,11.23345,11.23429,8302.0
2026-07-03 01:00:00,11.23434,11.23728,11.22773,11.22797,9815.0
2026-07-03 02:00:00,11.22834,11.24304,11.22834,11.23061,1857.0
2026-07-03 03:00:00,11.23042,11.24118,11.22189,11.23198,2602.0
2026-07-03 04:00:00,11.23222,11.2543,11.23156,11.24664,2119.0
2026-07-03 05:00:00,11.24668,11.24926,11.23824,11.24204,1957.0
2026-07-03 06:00:00,11.24227,11.25622,11.24173,11.25304,1454.0
2026-07-03 07:00:00,11.25315,11.26798,11.25284,11.26774,3013.0
2026-07-03 08:00:00,11.26806,11.27768,11.26261,11.26279,3557.0
2026-07-03 09:00:00,11.26272,11.26402,11.24076,11.2411,3687.0
2026-07-03 10:00:00,11.24036,11.24926,11.23439,11.2423,2334.0
2026-07-03 11:00:00,11.24235,11.25155,11.23904,11.24103,2260.0
2026-07-03 12:00:00,11.24088,11.2437,11.2388,11.23973,2060.0
2026-07-03 13:00:00,11.23953,11.24189,11.23474,11.23965,4428.0
2026-07-03 14:00:00,11.2396,11.2429,11.23583,11.24005,4150.0
2026-07-03 15:00:00,11.2398,11.24446,11.23714,11.2443,6610.0
2026-07-03 16:00:00,11.2449,11.26551,11.24004,11.25598,6966.0
2026-07-05 17:00:00,11.26004,11.26004,11.26004,11.26004,1.0
2026-07-05 19:00:00,11.2475,11.25625,11.23666,11.24385,14857.0
2026-07-05 20:00:00,11.24397,11.25086,11.2415,11.24605,13810.0
2026-07-05 21:00:00,11.246,11.24929,11.24065,11.24455,18872.0
2026-07-05 22:00:00,11.2445,11.24795,11.2398,11.24665,12021.0
2026-07-05 23:00:00,11.2467,11.25416,11.2448,11.2462,14125.0
2026-07-06 00:00:00,11.2464,11.24688,11.24025,11.24215,9798.0
2026-07-06 01:00:00,11.2422,11.2429,11.23806,11.23815,12849.0
2026-07-06 02:00:00,11.2382,11.24136,11.2299,11.23594,2813.0
2026-07-06 03:00:00,11.236,11.24437,11.22955,11.23408,5571.0
2026-07-06 04:00:00,11.23406,11.23645,11.22464,11.23645,4696.0
2026-07-06 05:00:00,11.23632,11.25078,11.2334,11.24208,4951.0
2026-07-06 06:00:00,11.24214,11.24214,11.23365,11.23895,3180.0
2026-07-06 07:00:00,11.23904,11.24194,11.23054,11.23748,5352.0
2026-07-06 08:00:00,11.23763,11.2406,11.22923,11.2382,4045.0
2026-07-06 09:00:00,11.23822,11.24342,11.22356,11.225,7141.0
2026-07-06 10:00:00,11.22516,11.23762,11.22252,11.23226,5850.0
2026-07-06 11:00:00,11.23227,11.23506,11.21256,11.21948,5100.0
2026-07-06 12:00:00,11.2194,11.22518,11.21526,11.21735,3348.0
2026-07-06 13:00:00,11.2174,11.2175,11.20915,11.2105,4570.0
2026-07-06 14:00:00,11.21051,11.21182,11.207,11.21125,3079.0
2026-07-06 15:00:00,11.21132,11.21135,11.19278,11.1933,4643.0
2026-07-06 16:00:00,11.1932,11.19923,11.18864,11.19529,8336.0
2026-07-06 17:00:00,11.19697,11.20332,11.1927,11.19688,1710.0
2026-07-06 18:00:00,11.1963,11.20287,11.19401,11.2008,2067.0
2026-07-06 19:00:00,11.20084,11.20136,11.19351,11.19538,812.0
2026-07-06 20:00:00,11.19538,11.20145,11.19326,11.2008,3743.0
2026-07-06 21:00:00,11.2009,11.20582,11.19684,11.20518,6258.0
2026-07-06 22:00:00,11.20551,11.20674,11.2017,11.20332,7931.0
2026-07-06 23:00:00,11.20318,11.20998,11.19662,11.20796,15825.0
2026-07-07 00:00:00,11.20806,11.20923,11.20512,11.20888,4343.0
2026-07-07 01:00:00,11.2091,11.21501,11.20186,11.20583,8009.0
2026-07-07 02:00:00,11.20572,11.20797,11.18637,11.18664,3701.0
2026-07-07 03:00:00,11.18613,11.19027,11.17699,11.18754,4781.0
2026-07-07 04:00:00,11.1874,11.20131,11.17788,11.19742,3926.0
2026-07-07 05:00:00,11.1973,11.20792,11.19311,11.19476,3225.0
2026-07-07 06:00:00,11.1947,11.20706,11.19385,11.19934,4940.0
2026-07-07 07:00:00,11.19922,11.21354,11.18936,11.21294,6208.0
2026-07-07 08:00:00,11.21297,11.2195,11.20905,11.21355,4072.0
2026-07-07 09:00:00,11.2136,11.22136,11.2072,11.21353,6775.0
2026-07-07 10:00:00,11.21328,11.21874,11.19172,11.1999,5498.0
2026-07-07 11:00:00,11.19985,11.204,11.18868,11.18972,4882.0
