Timestamp,Open,High,Low,Close,Volume
2026-03-10 04:00:00,1.482,1.48264,1.48143,1.48218,1874.0
2026-03-10 05:00:00,1.48212,1.48274,1.48186,1.48236,1300.0
2026-03-10 06:00:00,1.48236,1.48258,1.47918,1.48068,4001.0
2026-03-10 07:00:00,1.48069,1.48139,1.48025,1.48038,6161.0
2026-03-10 08:00:00,1.4804,1.4808,1.47964,1.48042,3566.0
2026-03-10 09:00:00,1.48042,1.48143,1.47997,1.48024,2709.0
2026-03-10 10:00:00,1.48024,1.48056,1.47954,1.48024,2390.0
2026-03-10 11:00:00,1.48022,1.48061,1.47968,1.47999,2228.0
2026-03-10 12:00:00,1.47998,1.48062,1.4796,1.48026,1736.0
2026-03-10 13:00:00,1.48027,1.48112,1.47952,1.47976,2191.0
2026-03-10 14:00:00,1.47981,1.48002,1.47868,1.47923,5414.0
2026-03-10 15:00:00,1.47926,1.47956,1.47859,1.47888,2384.0
2026-03-10 16:00:00,1.47894,1.47912,1.47758,1.47758,630.0
2026-03-10 17:00:00,1.47766,1.47894,1.47755,1.47874,1288.0
2026-03-10 18:00:00,1.47876,1.47908,1.47804,1.47838,658.0
2026-03-10 19:00:00,1.47841,1.47884,1.47816,1.47848,438.0
2026-03-10 20:00:00,1.47854,1.47916,1.47795,1.47854,1720.0
2026-03-10 21:00:00,1.4786,1.47908,1.47806,1.47902,1123.0
2026-03-10 22:00:00,1.47906,1.47921,1.4782,1.47844,799.0
2026-03-10 23:00:00,1.47838,1.47874,1.47824,1.47845,505.0
2026-03-11 00:00:00,1.4784,1.47874,1.47822,1.47832,500.0
2026-03-11 01:00:00,1.47832,1.47872,1.47813,1.47822,459.0
2026-03-11 02:00:00,1.47822,1.47896,1.47816,1.47882,942.0
2026-03-11 03:00:00,1.47871,1.47998,1.4778,1.47808,2639.0
2026-03-11 04:00:00,1.47806,1.4786,1.47746,1.47793,2145.0
2026-03-11 05:00:00,1.47798,1.47804,1.47614,1.47653,2613.0
2026-03-11 06:00:00,1.47652,1.47736,1.47618,1.47684,1502.0
2026-03-11 07:00:00,1.4768,1.47743,1.47607,1.4762,1379.0
2026-03-11 08:00:00,1.47614,1.47716,1.4756,1.47624,2400.0
2026-03-11 09:00:00,1.47614,1.4765,1.47396,1.47486,2072.0
2026-03-11 10:00:00,1.47482,1.47628,1.47394,1.47396,3413.0
2026-03-11 11:00:00,1.47402,1.4744,1.47374,1.47394,1362.0
2026-03-11 12:00:00,1.47392,1.47478,1.47382,1.47404,1336.0
2026-03-11 13:00:00,1.47404,1.47476,1.47384,1.4745,1099.0
2026-03-11 14:00:00,1.47444,1.47456,1.47406,1.47438,1011.0
2026-03-11 15:00:00,1.47435,1.47465,1.47402,1.4744,663.0
2026-03-11 16:00:00,1.47446,1.47464,1.4735,1.47408,477.0
2026-03-11 17:00:00,1.47399,1.47475,1.47358,1.47475,3013.0
2026-03-11 18:00:00,1.47464,1.47503,1.4727,1.47284,1958.0
2026-03-11 19:00:00,1.47288,1.47324,1.47252,1.4726,721.0
2026-03-11 20:00:00,1.47259,1.4732,1.47234,1.47246,647.0
2026-03-11 21:00:00,1.47245,1.47289,1.47208,1.47261,668.0
2026-03-11 22:00:00,1.47258,1.47268,1.47196,1.4722,527.0
2026-03-11 23:00:00,1.47223,1.47259,1.47204,1.47253,417.0
2026-03-12 00:00:00,1.47257,1.47272,1.47221,1.47248,440.0
2026-03-12 01:00:00,1.47247,1.47278,1.47204,1.4727,688.0
2026-03-12 02:00:00,1.47264,1.4736,1.47262,1.47301,597.0
2026-03-12 03:00:00,1.473,1.4733,1.47241,1.47294,899.0
2026-03-12 04:00:00,1.473,1.4734,1.47244,1.47335,1302.0
2026-03-12 05:00:00,1.47336,1.47407,1.47312,1.47345,1527.0
2026-03-12 06:00:00,1.47348,1.47386,1.47296,1.47368,1037.0
2026-03-12 07:00:00,1.47368,1.4738,1.47286,1.47328,931.0
2026-03-12 08:00:00,1.47334,1.47336,1.47122,1.47206,1348.0
2026-03-12 09:00:00,1.47212,1.47272,1.47126,1.47223,2351.0
2026-03-12 10:00:00,1.47224,1.47285,1.4718,1.47229,2101.0
2026-03-12 11:00:00,1.47225,1.47295,1.47204,1.47254,2693.0
2026-03-12 12:00:00,1.47258,1.4729,1.47222,1.47266,1579.0
2026-03-12 13:00:00,1.47272,1.47333,1.47254,1.47284,1436.0
2026-03-12 14:00:00,1.47289,1.473,1.47241,1.47272,764.0
2026-03-12 15:00:00,1.4727,1.47318,1.4726,1.473,520.0
2026-03-12 16:00:00,1.47295,1.4731,1.47186,1.47214,483.0
2026-03-12 17:00:00,1.47167,1.47215,1.47129,1.4719,252.0
2026-03-12 18:00:00,1.4717,1.4738,1.47131,1.47337,861.0
2026-03-12 19:00:00,1.4734,1.47356,1.47268,1.47306,1818.0
2026-03-12 20:00:00,1.4731,1.47342,1.47285,1.47292,466.0
2026-03-12 21:00:00,1.47292,1.4732,1.47238,1.47252,510.0
2026-03-12 22:00:00,1.47256,1.47256,1.47185,1.47224,571.0
2026-03-12 23:00:00,1.4724,1.4724,1.4716,1.47186,625.0
2026-03-13 00:00:00,1.47183,1.47198,1.4716,1.47178,534.0
2026-03-13 01:00:00,1.47178,1.47194,1.47152,1.47171,628.0
2026-03-13 02:00:00,1.47174,1.47224,1.4698,1.46984,960.0
2026-03-13 03:00:00,1.46984,1.47001,1.46756,1.46806,1625.0
2026-03-13 04:00:00,1.46808,1.46818,1.46519,1.46546,2490.0
2026-03-13 05:00:00,1.46548,1.46727,1.46544,1.46713,2136.0
2026-03-13 06:00:00,1.4671,1.4682,1.46709,1.46732,1425.0
2026-03-13 07:00:00,1.46738,1.46801,1.46692,1.46745,1798.0
2026-03-13 08:00:00,1.46738,1.46929,1.46699,1.4684,2555.0
2026-03-13 09:00:00,1.46848,1.46925,1.46821,1.4683,2101.0
2026-03-13 10:00:00,1.46832,1.4689,1.46756,1.46776,2053.0
2026-03-13 11:00:00,1.46774,1.46794,1.46664,1.46778,2124.0
2026-03-13 12:00:00,1.46778,1.46808,1.46692,1.46756,1754.0
2026-03-13 13:00:00,1.46756,1.46786,1.46675,1.46784,900.0
2026-03-13 14:00:00,1.46787,1.46788,1.46701,1.46722,833.0
2026-03-13 15:00:00,1.46722,1.46728,1.46605,1.46636,510.0
2026-03-13 16:00:00,1.46636,1.46659,1.46466,1.46517,895.0
2026-03-15 17:00:00,1.46622,1.46699,1.46557,1.46625,334.0
2026-03-15 18:00:00,1.466,1.46733,1.46555,1.46638,2275.0
2026-03-15 19:00:00,1.46644,1.46672,1.46597,1.46658,2041.0
2026-03-15 20:00:00,1.46658,1.46758,1.46644,1.46747,778.0
2026-03-15 21:00:00,1.46748,1.4676,1.46658,1.46684,834.0
2026-03-15 22:00:00,1.46684,1.46713,1.46633,1.4671,563.0
2026-03-15 23:00:00,1.46705,1.4674,1.4668,1.46705,642.0
2026-03-16 00:00:00,1.46699,1.46709,1.46651,1.46651,412.0
2026-03-16 01:00:00,1.46653,1.46662,1.46528,1.46542,788.0
2026-03-16 02:00:00,1.46542,1.4655,1.46444,1.465,778.0
2026-03-16 03:00:00,1.46492,1.46509,1.46416,1.46474,792.0
2026-03-16 04:00:00,1.46478,1.46627,1.46475,1.46598,1237.0
2026-03-16 05:00:00,1.46606,1.46656,1.46557,1.46642,919.0
2026-03-16 06:00:00,1.4664,1.46852,1.46618,1.46771,1265.0
2026-03-16 07:00:00,1.46765,1.46876,1.46737,1.4682,833.0
2026-03-16 08:00:00,1.46818,1.46866,1.46745,1.46762,1379.0
2026-03-16 09:00:00,1.46768,1.46906,1.46742,1.46897,1594.0
2026-03-16 10:00:00,1.46892,1.46916,1.46806,1.46857,1937.0
2026-03-16 11:00:00,1.46858,1.46994,1.46852,1.46938,856.0
2026-03-16 12:00:00,1.46934,1.47028,1.46875,1.46994,1258.0
2026-03-16 13:00:00,1.46991,1.47045,1.46961,1.46966,1004.0
2026-03-16 14:00:00,1.46969,1.47158,1.46969,1.47116,737.0
2026-03-16 15:00:00,1.4712,1.47154,1.46988,1.47014,744.0
2026-03-16 16:00:00,1.47017,1.47052,1.46972,1.47026,396.0
2026-03-16 17:00:00,1.47168,1.47321,1.47054,1.47136,1000.0
2026-03-16 18:00:00,1.4705,1.47147,1.4695,1.46961,637.0
2026-03-16 19:00:00,1.46967,1.47005,1.46938,1.4699,336.0
2026-03-16 20:00:00,1.46981,1.46988,1.46924,1.46958,640.0
2026-03-16 21:00:00,1.46954,1.46956,1.46898,1.46945,811.0
2026-03-16 22:00:00,1.46944,1.46982,1.46896,1.46974,461.0
2026-03-16 23:00:00,1.4697,1.47052,1.46951,1.46967,618.0
2026-03-17 00:00:00,1.46976,1.47008,1.46946,1.46954,476.0
2026-03-17 01:00:00,1.46956,1.46961,1.46844,1.4687,738.0
2026-03-17 02:00:00,1.46876,1.46876,1.4675,1.46867,1040.0
2026-03-17 03:00:00,1.4687,1.47008,1.46862,1.46992,1003.0
2026-03-17 04:00:00,1.4699,1.4717,1.46926,1.47081,1445.0
2026-03-17 05:00:00,1.47082,1.472,1.47082,1.47156,1325.0
2026-03-17 06:00:00,1.47127,1.47151,1.4707,1.47077,1424.0
2026-03-17 07:00:00,1.47071,1.47144,1.4705,1.47062,1115.0
2026-03-17 08:00:00,1.47058,1.47207,1.47048,1.47188,1402.0
2026-03-17 09:00:00,1.47191,1.47316,1.47191,1.4721,2043.0
2026-03-17 10:00:00,1.47208,1.4727,1.47134,1.4724,1616.0
2026-03-17 11:00:00,1.47234,1.47262,1.47167,1.47184,1966.0
2026-03-17 12:00:00,1.47178,1.4722,1.47137,1.4718,1560.0
2026-03-17 13:00:00,1.47184,1.47265,1.47163,1.47246,1034.0
2026-03-17 14:00:00,1.47252,1.47332,1.47249,1.47272,461.0
2026-03-17 15:00:00,1.47273,1.47308,1.4724,1.4725,311.0
2026-03-17 16:00:00,1.47248,1.47332,1.4723,1.47292,768.0
2026-03-17 17:00:00,1.473,1.47312,1.47262,1.47274,1340.0
2026-03-17 18:00:00,1.47276,1.4739,1.47262,1.47306,2291.0
2026-03-17 19:00:00,1.47306,1.47318,1.47266,1.47272,1803.0
2026-03-17 20:00:00,1.47275,1.47299,1.47222,1.47222,1687.0
2026-03-17 21:00:00,1.47228,1.47262,1.47206,1.4722,798.0
2026-03-17 22:00:00,1.47228,1.47257,1.47212,1.47244,695.0
2026-03-17 23:00:00,1.47242,1.4728,1.4722,1.47274,808.0
2026-03-18 00:00:00,1.47275,1.47303,1.47258,1.47302,546.0
2026-03-18 01:00:00,1.47302,1.4734,1.47274,1.47316,688.0
2026-03-18 02:00:00,1.47312,1.47334,1.47272,1.47313,648.0
2026-03-18 03:00:00,1.47309,1.4733,1.47146,1.47164,1334.0
2026-03-18 04:00:00,1.47162,1.47279,1.47147,1.47262,1317.0
2026-03-18 05:00:00,1.47261,1.47308,1.47222,1.47287,1374.0
2026-03-18 06:00:00,1.47284,1.47371,1.47268,1.47346,1265.0
2026-03-18 07:00:00,1.4735,1.47483,1.4733,1.4745,1748.0
2026-03-18 08:00:00,1.47459,1.47476,1.47332,1.47366,3366.0
2026-03-18 09:00:00,1.47374,1.47403,1.47284,1.4737,2518.0
2026-03-18 10:00:00,1.47366,1.47458,1.4734,1.47415,2071.0
2026-03-18 11:00:00,1.47411,1.47483,1.47346,1.47356,1941.0
2026-03-18 12:00:00,1.4735,1.47415,1.47309,1.47335,1554.0
2026-03-18 13:00:00,1.47332,1.47421,1.47285,1.47404,1008.0
2026-03-18 14:00:00,1.47328,1.47448,1.47164,1.47176,3593.0
2026-03-18 15:00:00,1.47174,1.4722,1.47134,1.47164,1091.0
2026-03-18 16:00:00,1.47158,1.47163,1.47022,1.47028,792.0
2026-03-18 17:00:00,1.46978,1.47248,1.46978,1.47184,1456.0
2026-03-18 18:00:00,1.47181,1.47181,1.46958,1.47079,762.0
2026-03-18 19:00:00,1.47074,1.47157,1.47069,1.47135,746.0
2026-03-18 20:00:00,1.47126,1.47168,1.47096,1.47144,917.0
2026-03-18 21:00:00,1.47144,1.47221,1.47136,1.47146,915.0
2026-03-18 22:00:00,1.47139,1.47246,1.47138,1.47184,1052.0
2026-03-18 23:00:00,1.47186,1.47191,1.47118,1.4717,878.0
2026-03-19 00:00:00,1.47178,1.47183,1.47114,1.47127,524.0
2026-03-19 01:00:00,1.47122,1.4714,1.47083,1.4712,590.0
2026-03-19 02:00:00,1.47118,1.47206,1.47066,1.4709,1785.0
2026-03-19 03:00:00,1.47093,1.47184,1.46964,1.46988,2134.0
2026-03-19 04:00:00,1.46984,1.4703,1.46891,1.46966,2129.0
2026-03-19 05:00:00,1.46969,1.47293,1.46966,1.47195,3183.0
2026-03-19 06:00:00,1.47193,1.47224,1.47109,1.4719,1839.0
2026-03-19 07:00:00,1.4719,1.47275,1.47164,1.47262,1788.0
2026-03-19 08:00:00,1.47268,1.47418,1.47165,1.47377,3003.0
2026-03-19 09:00:00,1.47382,1.47617,1.47246,1.47541,6241.0
2026-03-19 10:00:00,1.47558,1.47604,1.47411,1.47512,4756.0
2026-03-19 11:00:00,1.47506,1.47654,1.47424,1.47492,2903.0
2026-03-19 12:00:00,1.4749,1.47672,1.47474,1.47652,3161.0
2026-03-19 13:00:00,1.47658,1.47899,1.47652,1.47847,1499.0
2026-03-19 14:00:00,1.47845,1.48041,1.47775,1.48028,1149.0
2026-03-19 15:00:00,1.48028,1.48154,1.47892,1.47976,4451.0
2026-03-19 16:00:00,1.4798,1.48045,1.47944,1.48012,604.0
2026-03-19 17:00:00,1.48058,1.48064,1.47952,1.4796,980.0
2026-03-19 18:00:00,1.47955,1.48065,1.47926,1.47952,699.0
2026-03-19 19:00:00,1.4795,1.47966,1.47919,1.4794,610.0
2026-03-19 20:00:00,1.47944,1.47948,1.4787,1.47879,944.0
2026-03-19 21:00:00,1.47885,1.47888,1.47806,1.47818,800.0
2026-03-19 22:00:00,1.4782,1.4791,1.47806,1.47898,578.0
2026-03-19 23:00:00,1.47896,1.47938,1.47868,1.47895,539.0
2026-03-20 00:00:00,1.47892,1.47952,1.47876,1.47918,328.0
2026-03-20 01:00:00,1.47916,1.47953,1.47884,1.47884,527.0
2026-03-20 02:00:00,1.47884,1.48009,1.47884,1.47963,1035.0
2026-03-20 03:00:00,1.47963,1.48046,1.47872,1.47936,1611.0
2026-03-20 04:00:00,1.4794,1.48004,1.47916,1.47934,1982.0
2026-03-20 05:00:00,1.47934,1.47981,1.47828,1.47848,1916.0
2026-03-20 06:00:00,1.47844,1.4798,1.47778,1.47958,1982.0
2026-03-20 07:00:00,1.47952,1.48038,1.47924,1.47973,2201.0
2026-03-20 08:00:00,1.47969,1.48056,1.47942,1.4796,3322.0
2026-03-20 09:00:00,1.47965,1.47974,1.47892,1.47922,2446.0
2026-03-20 10:00:00,1.47924,1.47962,1.4782,1.47912,2588.0
2026-03-20 11:00:00,1.47914,1.48062,1.47901,1.48012,2919.0
2026-03-20 12:00:00,1.48009,1.48154,1.48009,1.48109,2249.0
2026-03-20 13:00:00,1.48112,1.48187,1.4806,1.48112,1776.0
2026-03-20 14:00:00,1.48118,1.48255,1.48078,1.48145,1633.0
2026-03-20 15:00:00,1.48146,1.48217,1.4812,1.48217,1440.0
2026-03-20 16:00:00,1.48212,1.48396,1.48206,1.48384,1320.0
2026-03-22 17:00:00,1.47807,1.48087,1.47784,1.48029,1574.0
2026-03-22 18:00:00,1.48019,1.48258,1.47995,1.48234,1462.0
2026-03-22 19:00:00,1.48234,1.48261,1.48194,1.48206,870.0
2026-03-22 20:00:00,1.482,1.4821,1.48088,1.48112,1803.0
2026-03-22 21:00:00,1.4812,1.48269,1.48104,1.48189,2090.0
2026-03-22 22:00:00,1.48192,1.48202,1.48139,1.48163,1824.0
2026-03-22 23:00:00,1.48167,1.48184,1.48131,1.48156,1394.0
2026-03-23 00:00:00,1.48159,1.48183,1.48126,1.48159,1050.0
2026-03-23 01:00:00,1.48156,1.48186,1.48036,1.48053,1262.0
2026-03-23 02:00:00,1.48057,1.4806,1.4796,1.48004,1629.0
2026-03-23 03:00:00,1.47998,1.48075,1.47953,1.47986,2180.0
2026-03-23 04:00:00,1.47988,1.48096,1.4795,1.47996,2295.0
2026-03-23 05:00:00,1.48002,1.48048,1.47746,1.47758,1788.0
2026-03-23 06:00:00,1.47752,1.47821,1.47698,1.47756,1997.0
2026-03-23 07:00:00,1.47758,1.48451,1.47537,1.47824,28146.0
2026-03-23 08:00:00,1.47826,1.48032,1.47794,1.48022,18859.0
2026-03-23 09:00:00,1.48028,1.48028,1.47858,1.47903,13202.0
2026-03-23 10:00:00,1.479,1.48194,1.47844,1.4802,11357.0
2026-03-23 11:00:00,1.48018,1.48104,1.47924,1.48016,7301.0
2026-03-23 12:00:00,1.48011,1.48049,1.47936,1.47986,5184.0
2026-03-23 13:00:00,1.4799,1.48038,1.47944,1.47984,2291.0
2026-03-23 14:00:00,1.47985,1.48202,1.47926,1.48182,2283.0
2026-03-23 15:00:00,1.48181,1.48182,1.48035,1.48047,1276.0
2026-03-23 16:00:00,1.48048,1.48086,1.4799,1.48014,528.0
2026-03-23 17:00:00,1.47919,1.48026,1.47919,1.48026,907.0
2026-03-23 18:00:00,1.48034,1.48056,1.47902,1.48041,798.0
2026-03-23 19:00:00,1.48034,1.48044,1.47967,1.48038,929.0
2026-03-23 20:00:00,1.48026,1.48074,1.47967,1.48041,1561.0
2026-03-23 21:00:00,1.4804,1.48134,1.48036,1.48116,1554.0
2026-03-23 22:00:00,1.48121,1.4814,1.48081,1.48094,1038.0
2026-03-23 23:00:00,1.481,1.48178,1.4807,1.4816,1285.0
2026-03-24 00:00:00,1.48165,1.48166,1.48126,1.48136,549.0
2026-03-24 01:00:00,1.48136,1.48188,1.48108,1.48118,955.0
2026-03-24 02:00:00,1.48116,1.48191,1.48072,1.48184,1535.0
2026-03-24 03:00:00,1.48178,1.48323,1.4813,1.48312,2193.0
2026-03-24 04:00:00,1.48312,1.4834,1.48156,1.48209,2445.0
2026-03-24 05:00:00,1.48218,1.4831,1.48175,1.4828,1730.0
2026-03-24 06:00:00,1.4828,1.48296,1.48197,1.48246,1835.0
2026-03-24 07:00:00,1.4824,1.48314,1.4822,1.48278,2407.0
2026-03-24 08:00:00,1.48282,1.48368,1.48264,1.48274,1925.0
2026-03-24 09:00:00,1.48269,1.48286,1.48136,1.4818,3876.0
2026-03-24 10:00:00,1.4818,1.48364,1.4818,1.48218,4228.0
2026-03-24 11:00:00,1.48216,1.48268,1.48153,1.48177,3971.0
2026-03-24 12:00:00,1.48174,1.48291,1.4817,1.48232,1980.0
2026-03-24 13:00:00,1.48234,1.48274,1.4812,1.48216,3111.0
2026-03-24 14:00:00,1.48216,1.48285,1.48186,1.48248,1543.0
2026-03-24 15:00:00,1.48252,1.48288,1.48234,1.48274,699.0
2026-03-24 16:00:00,1.48272,1.48449,1.48254,1.4831,4396.0
2026-03-24 17:00:00,1.48324,1.48444,1.48275,1.4842,1665.0
2026-03-24 18:00:00,1.48422,1.4852,1.4832,1.48388,1569.0
2026-03-24 19:00:00,1.48391,1.48421,1.48326,1.48363,931.0
2026-03-24 20:00:00,1.48366,1.48516,1.48355,1.48428,1192.0
2026-03-24 21:00:00,1.48425,1.48454,1.48362,1.48376,980.0
2026-03-24 22:00:00,1.48378,1.48402,1.48332,1.48395,929.0
2026-03-24 23:00:00,1.48392,1.48407,1.48352,1.48384,782.0
2026-03-25 00:00:00,1.4838,1.48404,1.48334,1.48343,647.0
2026-03-25 01:00:00,1.48344,1.4837,1.48288,1.48304,691.0
2026-03-25 02:00:00,1.48312,1.48408,1.48272,1.48362,1094.0
2026-03-25 03:00:00,1.4836,1.48489,1.48339,1.4845,1868.0
2026-03-25 04:00:00,1.4845,1.48518,1.48379,1.48386,3143.0
2026-03-25 05:00:00,1.48382,1.48454,1.48369,1.48424,2244.0
2026-03-25 06:00:00,1.4843,1.4848,1.48414,1.48436,2230.0
2026-03-25 07:00:00,1.48438,1.48479,1.48316,1.48364,2077.0
2026-03-25 08:00:00,1.4837,1.48422,1.48288,1.48313,2771.0
2026-03-25 09:00:00,1.48319,1.48352,1.482,1.4822,2699.0
2026-03-25 10:00:00,1.48226,1.48256,1.48146,1.4822,3031.0
2026-03-25 11:00:00,1.48224,1.48242,1.4808,1.48126,3425.0
2026-03-25 12:00:00,1.48123,1.48143,1.48014,1.48089,2245.0
2026-03-25 13:00:00,1.48092,1.48222,1.48071,1.482,1432.0
2026-03-25 14:00:00,1.482,1.48223,1.48132,1.48164,1064.0
2026-03-25 15:00:00,1.4816,1.4818,1.48119,1.48144,620.0
2026-03-25 16:00:00,1.48148,1.48148,1.48078,1.4813,267.0
2026-03-25 17:00:00,1.4813,1.48178,1.48119,1.48128,345.0
2026-03-25 18:00:00,1.4813,1.48139,1.48062,1.48128,295.0
2026-03-25 19:00:00,1.4813,1.48156,1.481,1.48135,351.0
2026-03-25 20:00:00,1.48128,1.4816,1.48104,1.48142,731.0
2026-03-25 21:00:00,1.4814,1.48277,1.4814,1.48211,598.0
2026-03-25 22:00:00,1.48206,1.48272,1.48174,1.48262,655.0
2026-03-25 23:00:00,1.48262,1.48322,1.48244,1.48318,745.0
2026-03-26 00:00:00,1.48315,1.48362,1.48312,1.48329,505.0
2026-03-26 01:00:00,1.48334,1.48348,1.48288,1.48296,914.0
2026-03-26 02:00:00,1.48299,1.4832,1.4822,1.4831,988.0
2026-03-26 03:00:00,1.48308,1.48311,1.48224,1.48278,1375.0
2026-03-26 04:00:00,1.48281,1.48368,1.4822,1.4834,2225.0
2026-03-26 05:00:00,1.4834,1.48406,1.48305,1.48355,1659.0
2026-03-26 06:00:00,1.48354,1.48396,1.48308,1.48336,1778.0
2026-03-26 07:00:00,1.4834,1.48346,1.48075,1.48079,1378.0
2026-03-26 08:00:00,1.48084,1.48178,1.48082,1.48174,1988.0
2026-03-26 09:00:00,1.48178,1.48281,1.48155,1.4816,2622.0
2026-03-26 10:00:00,1.48166,1.48278,1.48156,1.48256,3127.0
2026-03-26 11:00:00,1.48258,1.48302,1.48184,1.48244,2905.0
2026-03-26 12:00:00,1.48242,1.48274,1.4819,1.48248,1443.0
2026-03-26 13:00:00,1.48248,1.48264,1.4819,1.48218,1141.0
2026-03-26 14:00:00,1.48217,1.48272,1.4821,1.48264,766.0
2026-03-26 15:00:00,1.48265,1.48269,1.48191,1.48213,473.0
2026-03-26 16:00:00,1.48214,1.48472,1.48168,1.48201,4888.0
2026-03-26 17:00:00,1.48216,1.48324,1.48204,1.48283,1311.0
2026-03-26 18:00:00,1.48279,1.4841,1.48265,1.48296,698.0
2026-03-26 19:00:00,1.48298,1.48342,1.48268,1.4833,660.0
2026-03-26 20:00:00,1.48329,1.48353,1.48259,1.48304,968.0
2026-03-26 21:00:00,1.48304,1.48334,1.48288,1.48313,916.0
2026-03-26 22:00:00,1.4832,1.48364,1.483,1.4833,1086.0
2026-03-26 23:00:00,1.4834,1.48346,1.48288,1.48316,824.0
2026-03-27 00:00:00,1.4832,1.48352,1.48312,1.48344,397.0
2026-03-27 01:00:00,1.48338,1.48384,1.48304,1.48366,951.0
2026-03-27 02:00:00,1.48364,1.48392,1.48293,1.48294,829.0
2026-03-27 03:00:00,1.48288,1.4831,1.48208,1.48232,1831.0
2026-03-27 04:00:00,1.48225,1.48263,1.48176,1.4824,1854.0
2026-03-27 05:00:00,1.48234,1.48276,1.48196,1.48232,1003.0
2026-03-27 06:00:00,1.48232,1.48274,1.48166,1.4817,1048.0
2026-03-27 07:00:00,1.48178,1.4819,1.48122,1.48176,1249.0
2026-03-27 08:00:00,1.48172,1.48268,1.48134,1.48245,1756.0
2026-03-27 09:00:00,1.48244,1.48418,1.48243,1.48359,2499.0
2026-03-27 10:00:00,1.48362,1.48414,1.48326,1.48376,3023.0
2026-03-27 11:00:00,1.48384,1.48502,1.48246,1.48292,2952.0
2026-03-27 12:00:00,1.48294,1.48372,1.48285,1.48328,2043.0
2026-03-27 13:00:00,1.48332,1.4838,1.48274,1.48326,1225.0
2026-03-27 14:00:00,1.48332,1.48384,1.48296,1.48346,622.0
2026-03-27 15:00:00,1.48342,1.48388,1.4833,1.48381,465.0
2026-03-27 16:00:00,1.48382,1.48488,1.483,1.48333,1571.0
2026-03-29 17:00:00,1.48191,1.48286,1.48172,1.48237,605.0
2026-03-29 18:00:00,1.48239,1.48286,1.48168,1.48177,1434.0
2026-03-29 19:00:00,1.48182,1.48238,1.48178,1.48236,571.0
2026-03-29 20:00:00,1.4824,1.48354,1.48211,1.4828,1539.0
2026-03-29 21:00:00,1.48289,1.48293,1.48228,1.48254,825.0
2026-03-29 22:00:00,1.48248,1.48335,1.48224,1.48302,1167.0
2026-03-29 23:00:00,1.48308,1.48331,1.48278,1.48284,1282.0
2026-03-30 00:00:00,1.48286,1.48345,1.48265,1.48311,636.0
2026-03-30 01:00:00,1.48312,1.48326,1.48271,1.48311,800.0
2026-03-30 02:00:00,1.48309,1.48328,1.48231,1.483,1515.0
2026-03-30 03:00:00,1.48294,1.48302,1.48178,1.4822,2167.0
2026-03-30 04:00:00,1.48218,1.48278,1.4818,1.4827,1996.0
2026-03-30 05:00:00,1.48272,1.48284,1.48148,1.48248,1663.0
2026-03-30 06:00:00,1.48251,1.48256,1.48166,1.48202,1484.0
2026-03-30 07:00:00,1.48203,1.48294,1.48135,1.48144,2280.0
2026-03-30 08:00:00,1.48143,1.48154,1.48038,1.4809,2093.0
2026-03-30 09:00:00,1.48091,1.48144,1.47998,1.48025,2087.0
2026-03-30 10:00:00,1.48026,1.48062,1.47967,1.48002,2354.0
2026-03-30 11:00:00,1.47998,1.48002,1.47838,1.47892,2495.0
2026-03-30 12:00:00,1.47886,1.47964,1.47851,1.47948,1304.0
2026-03-30 13:00:00,1.47944,1.48019,1.47932,1.4797,1730.0
2026-03-30 14:00:00,1.4797,1.48042,1.47964,1.48004,1080.0
2026-03-30 15:00:00,1.48004,1.48017,1.4797,1.48001,515.0
2026-03-30 16:00:00,1.48,1.48036,1.47962,1.47962,613.0
2026-03-30 17:00:00,1.47951,1.48072,1.47951,1.48031,1961.0
2026-03-30 18:00:00,1.4803,1.48092,1.47968,1.47971,597.0
2026-03-30 19:00:00,1.47964,1.48041,1.4793,1.48028,491.0
2026-03-30 20:00:00,1.48029,1.48202,1.48012,1.48198,1208.0
2026-03-30 21:00:00,1.48203,1.48245,1.48066,1.48067,1213.0
2026-03-30 22:00:00,1.48066,1.4814,1.48056,1.4812,693.0
2026-03-30 23:00:00,1.48114,1.4813,1.48069,1.48114,618.0
2026-03-31 00:00:00,1.4811,1.48146,1.48092,1.48119,519.0
2026-03-31 01:00:00,1.48124,1.48144,1.48038,1.48062,618.0
2026-03-31 02:00:00,1.48059,1.48059,1.47978,1.48012,1188.0
2026-03-31 03:00:00,1.48008,1.48048,1.47968,1.47988,1452.0
2026-03-31 04:00:00,1.4799,1.48042,1.47931,1.47938,1673.0
2026-03-31 05:00:00,1.47937,1.48014,1.47886,1.4801,1705.0
2026-03-31 06:00:00,1.48012,1.48042,1.47942,1.47957,1012.0
2026-03-31 07:00:00,1.47958,1.48087,1.47936,1.48082,2866.0
2026-03-31 08:00:00,1.48094,1.48258,1.48077,1.48218,2467.0
2026-03-31 09:00:00,1.48221,1.48466,1.48216,1.48441,2404.0
2026-03-31 10:00:00,1.48444,1.48664,1.48366,1.48626,3899.0
2026-03-31 11:00:00,1.48631,1.4868,1.48434,1.48504,3272.0
2026-03-31 12:00:00,1.48501,1.48742,1.48484,1.48584,4787.0
2026-03-31 13:00:00,1.4858,1.48684,1.4855,1.48555,2768.0
2026-03-31 14:00:00,1.4856,1.48601,1.48498,1.48549,1419.0
2026-03-31 15:00:00,1.48546,1.48624,1.48516,1.48622,1089.0
2026-03-31 16:00:00,1.48619,1.48772,1.48562,1.48732,730.0
2026-03-31 17:00:00,1.48716,1.48716,1.4857,1.48615,1521.0
2026-03-31 18:00:00,1.48614,1.48654,1.4856,1.48596,603.0
2026-03-31 19:00:00,1.48596,1.48658,1.48557,1.48656,497.0
2026-03-31 20:00:00,1.48658,1.48704,1.48625,1.48686,827.0
2026-03-31 21:00:00,1.48692,1.48696,1.4856,1.48646,1039.0
2026-03-31 22:00:00,1.48652,1.48682,1.48615,1.48677,622.0
2026-03-31 23:00:00,1.48676,1.48692,1.4862,1.48659,609.0
2026-04-01 00:00:00,1.48654,1.48716,1.48647,1.48704,433.0
2026-04-01 01:00:00,1.48708,1.48787,1.48696,1.48699,737.0
2026-04-01 02:00:00,1.48706,1.48786,1.4865,1.4871,1965.0
2026-04-01 03:00:00,1.48712,1.48764,1.486,1.48751,2583.0
2026-04-01 04:00:00,1.48751,1.48878,1.48702,1.48742,2377.0
2026-04-01 05:00:00,1.48742,1.48774,1.48631,1.48748,1821.0
2026-04-01 06:00:00,1.48745,1.48807,1.48738,1.48776,1316.0
2026-04-01 07:00:00,1.48778,1.48802,1.48719,1.48766,1194.0
2026-04-01 08:00:00,1.4877,1.48872,1.48708,1.48836,5070.0
2026-04-01 09:00:00,1.48837,1.4897,1.4881,1.48938,2851.0
2026-04-01 10:00:00,1.48939,1.49029,1.48868,1.48957,2578.0
2026-04-01 11:00:00,1.48964,1.48986,1.4887,1.48916,1394.0
2026-04-01 12:00:00,1.48916,1.48923,1.4885,1.48921,928.0
2026-04-01 13:00:00,1.48922,1.48939,1.4874,1.48743,834.0
2026-04-01 14:00:00,1.48736,1.4876,1.48646,1.48653,842.0
2026-04-01 15:00:00,1.48659,1.48702,1.48634,1.48668,582.0
2026-04-01 16:00:00,1.48665,1.48785,1.48665,1.48729,1081.0
2026-04-01 17:00:00,1.48775,1.4879,1.48682,1.4877,3551.0
2026-04-01 18:00:00,1.48772,1.48818,1.48696,1.48701,582.0
2026-04-01 19:00:00,1.48699,1.48721,1.48689,1.487,311.0
2026-04-01 20:00:00,1.48699,1.48738,1.48662,1.48676,637.0
2026-04-01 21:00:00,1.48676,1.48708,1.48534,1.48586,9519.0
2026-04-01 22:00:00,1.48581,1.48652,1.4854,1.48594,1131.0
2026-04-01 23:00:00,1.48589,1.48611,1.48536,1.48537,638.0
2026-04-02 00:00:00,1.48542,1.48561,1.48504,1.4853,697.0
2026-04-02 01:00:00,1.48536,1.48536,1.48424,1.48428,905.0
2026-04-02 02:00:00,1.4843,1.48445,1.48291,1.48386,2059.0
2026-04-02 03:00:00,1.48392,1.48432,1.48243,1.48359,2279.0
2026-04-02 04:00:00,1.48354,1.4843,1.48312,1.48328,1638.0
2026-04-02 05:00:00,1.4833,1.48396,1.48316,1.48331,1314.0
2026-04-02 06:00:00,1.4833,1.48338,1.48232,1.48262,1165.0
2026-04-02 07:00:00,1.48262,1.48328,1.48234,1.48287,1315.0
2026-04-02 08:00:00,1.48292,1.48364,1.48284,1.48306,1563.0
2026-04-02 09:00:00,1.48314,1.48356,1.48265,1.48322,1663.0
2026-04-02 10:00:00,1.48312,1.48542,1.48258,1.4838,5244.0
2026-04-02 11:00:00,1.48383,1.48443,1.48338,1.48352,1954.0
2026-04-02 12:00:00,1.48352,1.48369,1.48304,1.48314,987.0
2026-04-02 13:00:00,1.48311,1.4837,1.48295,1.48302,512.0
2026-04-02 14:00:00,1.483,1.48328,1.48271,1.48306,421.0
2026-04-02 15:00:00,1.4831,1.48347,1.48282,1.48324,437.0
2026-04-02 16:00:00,1.48328,1.48336,1.48262,1.48336,828.0
2026-04-02 17:00:00,1.48397,1.48397,1.48298,1.48344,1189.0
2026-04-02 18:00:00,1.48348,1.48368,1.48304,1.48322,1195.0
2026-04-02 19:00:00,1.48322,1.48359,1.48321,1.48345,624.0
2026-04-02 20:00:00,1.48332,1.48364,1.48274,1.48294,313.0
2026-04-02 21:00:00,1.48287,1.48347,1.48279,1.483,132.0
2026-04-02 22:00:00,1.48306,1.48322,1.4828,1.4831,129.0
2026-04-02 23:00:00,1.48314,1.4833,1.48294,1.48312,65.0
2026-04-03 00:00:00,1.48308,1.48318,1.48286,1.48302,93.0
2026-04-03 01:00:00,1.48297,1.48311,1.48237,1.48311,106.0
2026-04-03 02:00:00,1.4831,1.4832,1.48286,1.48306,187.0
2026-04-03 03:00:00,1.48304,1.48376,1.48304,1.48353,226.0
2026-04-03 04:00:00,1.48348,1.4839,1.48338,1.4837,229.0
2026-04-03 05:00:00,1.48374,1.48409,1.48368,1.48392,197.0
2026-04-03 06:00:00,1.48386,1.48448,1.48384,1.48413,171.0
2026-04-03 07:00:00,1.48416,1.48424,1.48364,1.48394,190.0
2026-04-03 08:00:00,1.48396,1.48425,1.4807,1.48303,2349.0
2026-04-03 09:00:00,1.48298,1.48331,1.48247,1.48316,591.0
2026-04-03 10:00:00,1.4832,1.48338,1.4824,1.48245,312.0
2026-04-03 11:00:00,1.48236,1.4831,1.48231,1.48255,865.0
2026-04-03 12:00:00,1.48251,1.48272,1.48225,1.48232,1344.0
2026-04-03 13:00:00,1.48232,1.48268,1.48227,1.48243,994.0
2026-04-03 14:00:00,1.48246,1.48265,1.48193,1.48194,478.0
2026-04-03 15:00:00,1.48198,1.4821,1.4818,1.48189,356.0
2026-04-03 16:00:00,1.48188,1.48482,1.48144,1.4826,1108.0
2026-04-05 17:00:00,1.482,1.4835,1.48177,1.48334,133.0
2026-04-05 18:00:00,1.48334,1.48334,1.48162,1.4823,2470.0
2026-04-05 19:00:00,1.48226,1.4824,1.48186,1.48208,672.0
2026-04-05 20:00:00,1.48206,1.48241,1.48171,1.48198,665.0
2026-04-05 21:00:00,1.48198,1.48198,1.48116,1.4812,477.0
2026-04-05 22:00:00,1.48126,1.48234,1.48119,1.48222,1022.0
2026-04-05 23:00:00,1.48227,1.48269,1.48212,1.4823,337.0
2026-04-06 00:00:00,1.48236,1.48264,1.48209,1.4826,220.0
2026-04-06 01:00:00,1.4826,1.48282,1.48224,1.48238,314.0
2026-04-06 02:00:00,1.48242,1.48326,1.48224,1.48288,932.0
2026-04-06 03:00:00,1.48296,1.4852,1.48248,1.48474,1288.0
2026-04-06 04:00:00,1.48469,1.48496,1.48344,1.48352,918.0
2026-04-06 05:00:00,1.48358,1.48366,1.48256,1.48291,764.0
2026-04-06 06:00:00,1.48296,1.48308,1.4822,1.48297,1070.0
2026-04-06 07:00:00,1.48303,1.48316,1.48265,1.48302,543.0
2026-04-06 08:00:00,1.48301,1.48344,1.48281,1.4831,400.0
2026-04-06 09:00:00,1.48314,1.48392,1.48303,1.48379,732.0
2026-04-06 10:00:00,1.48397,1.48468,1.48246,1.48258,1826.0
2026-04-06 11:00:00,1.48256,1.48304,1.48228,1.48296,723.0
2026-04-06 12:00:00,1.483,1.48336,1.48278,1.48318,334.0
2026-04-06 13:00:00,1.48314,1.4834,1.48256,1.48299,638.0
2026-04-06 14:00:00,1.48296,1.48356,1.48285,1.48312,562.0
2026-04-06 15:00:00,1.48316,1.48322,1.48277,1.48315,232.0
2026-04-06 16:00:00,1.48319,1.48334,1.48267,1.48307,471.0
2026-04-06 17:00:00,1.48323,1.48455,1.48264,1.48359,822.0
2026-04-06 18:00:00,1.48288,1.48382,1.48266,1.4832,746.0
2026-04-06 19:00:00,1.48318,1.48349,1.48288,1.48305,303.0
2026-04-06 20:00:00,1.48297,1.4835,1.48296,1.48334,955.0
2026-04-06 21:00:00,1.48331,1.48368,1.48326,1.48359,689.0
2026-04-06 22:00:00,1.48354,1.4837,1.48325,1.4833,686.0
2026-04-06 23:00:00,1.48329,1.4835,1.48274,1.48302,534.0
2026-04-07 00:00:00,1.48306,1.48324,1.48284,1.4832,446.0
2026-04-07 01:00:00,1.48326,1.48344,1.48262,1.48278,795.0
2026-04-07 02:00:00,1.48275,1.48364,1.48256,1.48346,1304.0
2026-04-07 03:00:00,1.4835,1.4837,1.48313,1.48333,1933.0
2026-04-07 04:00:00,1.4832,1.48486,1.4832,1.48456,3725.0
2026-04-07 05:00:00,1.48457,1.48474,1.48374,1.48387,2111.0
2026-04-07 06:00:00,1.48388,1.48422,1.48313,1.48418,3078.0
2026-04-07 07:00:00,1.4842,1.48479,1.48368,1.4846,1402.0
2026-04-07 08:00:00,1.48465,1.48561,1.48438,1.48494,2777.0
2026-04-07 09:00:00,1.48495,1.48568,1.48474,1.48568,2298.0
2026-04-07 10:00:00,1.4856,1.48666,1.4854,1.48641,2893.0
2026-04-07 11:00:00,1.48644,1.48711,1.48614,1.48622,2061.0
2026-04-07 12:00:00,1.48621,1.48671,1.48594,1.4862,2432.0
2026-04-07 13:00:00,1.48618,1.48648,1.48577,1.48638,1386.0
2026-04-07 14:00:00,1.48634,1.48668,1.48617,1.48638,835.0
2026-04-07 15:00:00,1.48636,1.48732,1.4862,1.48678,2447.0
2026-04-07 16:00:00,1.48677,1.4874,1.48648,1.48672,2084.0
2026-04-07 17:00:00,1.48733,1.48824,1.4873,1.4878,640.0
2026-04-07 18:00:00,1.48769,1.49226,1.4865,1.49206,5331.0
2026-04-07 19:00:00,1.49206,1.49232,1.48994,1.49094,5966.0
2026-04-07 20:00:00,1.491,1.49154,1.48948,1.4899,6014.0
2026-04-07 21:00:00,1.48995,1.49057,1.48882,1.48902,2144.0
2026-04-07 22:00:00,1.489,1.48948,1.48856,1.48872,1247.0
2026-04-07 23:00:00,1.48869,1.48872,1.48802,1.48836,848.0
2026-04-08 00:00:00,1.48838,1.48868,1.4879,1.48808,821.0
2026-04-08 01:00:00,1.48812,1.49062,1.48799,1.48931,1303.0
2026-04-08 02:00:00,1.4893,1.49052,1.48837,1.4896,2576.0
2026-04-08 03:00:00,1.4896,1.48974,1.48854,1.48964,2056.0
2026-04-08 04:00:00,1.48961,1.49011,1.48872,1.48909,1895.0
2026-04-08 05:00:00,1.48908,1.48977,1.48842,1.48954,1397.0
2026-04-08 06:00:00,1.48947,1.49024,1.48942,1.49009,1070.0
2026-04-08 07:00:00,1.49008,1.491,1.48982,1.49006,1125.0
2026-04-08 08:00:00,1.4901,1.49054,1.48922,1.49016,2824.0
2026-04-08 09:00:00,1.49022,1.4907,1.48851,1.48888,2113.0
2026-04-08 10:00:00,1.48893,1.48994,1.48893,1.48936,3268.0
2026-04-08 11:00:00,1.4894,1.48966,1.48821,1.48822,2241.0
2026-04-08 12:00:00,1.48817,1.48826,1.48753,1.48772,1657.0
2026-04-08 13:00:00,1.48774,1.4878,1.48644,1.48679,1650.0
2026-04-08 14:00:00,1.48677,1.48713,1.4855,1.48554,2493.0
2026-04-08 15:00:00,1.48548,1.48664,1.48501,1.4863,1258.0
2026-04-08 16:00:00,1.48628,1.48645,1.48566,1.48596,1114.0
2026-04-08 17:00:00,1.48471,1.48685,1.48471,1.48664,2518.0
2026-04-08 18:00:00,1.48678,1.48698,1.48582,1.48612,682.0
2026-04-08 19:00:00,1.48608,1.48628,1.48592,1.48612,339.0
2026-04-08 20:00:00,1.48611,1.48652,1.48597,1.48645,1021.0
2026-04-08 21:00:00,1.48646,1.48726,1.48632,1.48708,763.0
2026-04-08 22:00:00,1.48705,1.48728,1.48672,1.48682,393.0
2026-04-08 23:00:00,1.48683,1.48722,1.48657,1.48679,457.0
2026-04-09 00:00:00,1.4868,1.4872,1.48666,1.48702,434.0
2026-04-09 01:00:00,1.48702,1.48706,1.48646,1.48674,631.0
2026-04-09 02:00:00,1.48678,1.487,1.48637,1.48677,1041.0
2026-04-09 03:00:00,1.48678,1.48758,1.48668,1.48731,1663.0
2026-04-09 04:00:00,1.48728,1.48868,1.48717,1.48862,1430.0
2026-04-09 05:00:00,1.48862,1.48938,1.48836,1.48878,1424.0
2026-04-09 06:00:00,1.48877,1.4894,1.48853,1.48856,1162.0
2026-04-09 07:00:00,1.4885,1.48948,1.48844,1.48929,1045.0
2026-04-09 08:00:00,1.48928,1.48972,1.48892,1.48942,1652.0
2026-04-09 09:00:00,1.48948,1.48965,1.48868,1.48876,2085.0
2026-04-09 10:00:00,1.4887,1.48928,1.48827,1.48888,2763.0
2026-04-09 11:00:00,1.4889,1.49024,1.48862,1.48922,3118.0
2026-04-09 12:00:00,1.4892,1.48974,1.48892,1.48952,1851.0
2026-04-09 13:00:00,1.48952,1.4905,1.48949,1.48969,1972.0
2026-04-09 14:00:00,1.4897,1.48979,1.48912,1.48922,1180.0
2026-04-09 15:00:00,1.48921,1.48978,1.48899,1.48913,700.0
2026-04-09 16:00:00,1.4891,1.48954,1.48846,1.48954,828.0
2026-04-09 17:00:00,1.48949,1.48965,1.4884,1.48917,1160.0
2026-04-09 18:00:00,1.48902,1.48932,1.48842,1.48866,612.0
2026-04-09 19:00:00,1.4886,1.48882,1.48848,1.48867,222.0
2026-04-09 20:00:00,1.48864,1.4887,1.48817,1.48841,563.0
2026-04-09 21:00:00,1.48835,1.48919,1.48835,1.48884,558.0
2026-04-09 22:00:00,1.48888,1.48946,1.48878,1.48936,497.0
2026-04-09 23:00:00,1.48943,1.49032,1.48927,1.49017,337.0
2026-04-10 00:00:00,1.49022,1.49028,1.48977,1.48984,312.0
2026-04-10 01:00:00,1.48988,1.49014,1.48964,1.48978,420.0
2026-04-10 02:00:00,1.48976,1.49016,1.48956,1.48966,964.0
2026-04-10 03:00:00,1.48964,1.49017,1.48949,1.4899,1622.0
2026-04-10 04:00:00,1.48988,1.4904,1.48972,1.4901,1315.0
2026-04-10 05:00:00,1.49012,1.49242,1.48992,1.49228,2955.0
2026-04-10 06:00:00,1.49228,1.49276,1.49184,1.49239,1478.0
2026-04-10 07:00:00,1.49233,1.49288,1.4921,1.49224,1099.0
2026-04-10 08:00:00,1.49228,1.49296,1.49164,1.49266,2840.0
2026-04-10 09:00:00,1.49266,1.4936,1.49254,1.49284,2263.0
2026-04-10 10:00:00,1.49282,1.4935,1.49162,1.49261,2422.0
2026-04-10 11:00:00,1.49258,1.49366,1.49251,1.4929,2127.0
2026-04-10 12:00:00,1.49287,1.49323,1.49244,1.49282,1239.0
2026-04-10 13:00:00,1.49282,1.49321,1.49272,1.49301,823.0
2026-04-10 14:00:00,1.49298,1.49404,1.4928,1.49368,1029.0
2026-04-10 15:00:00,1.49366,1.49377,1.49316,1.49329,429.0
2026-04-10 16:00:00,1.49338,1.49417,1.49318,1.49366,933.0
2026-04-12 17:00:00,1.48934,1.49206,1.48904,1.49108,1809.0
2026-04-12 18:00:00,1.49104,1.49223,1.49073,1.49187,1887.0
2026-04-12 19:00:00,1.49186,1.49216,1.49113,1.49174,915.0
2026-04-12 20:00:00,1.49178,1.49208,1.4912,1.49199,691.0
2026-04-12 21:00:00,1.49204,1.49206,1.49146,1.49146,848.0
2026-04-12 22:00:00,1.4915,1.4918,1.49126,1.49164,587.0
2026-04-12 23:00:00,1.49168,1.4918,1.49144,1.49145,338.0
2026-04-13 00:00:00,1.49151,1.49176,1.49122,1.4913,352.0
2026-04-13 01:00:00,1.4913,1.49176,1.49112,1.49176,337.0
2026-04-13 02:00:00,1.4917,1.49218,1.49036,1.49112,1480.0
2026-04-13 03:00:00,1.49114,1.49208,1.49082,1.49187,1389.0
2026-04-13 04:00:00,1.49185,1.49185,1.49052,1.49072,1226.0
2026-04-13 05:00:00,1.49078,1.49158,1.49072,1.49084,658.0
2026-04-13 06:00:00,1.49084,1.49173,1.49051,1.49155,648.0
2026-04-13 07:00:00,1.4916,1.4921,1.49094,1.49102,1350.0
2026-04-13 08:00:00,1.49101,1.49234,1.49099,1.49226,1869.0
2026-04-13 09:00:00,1.49228,1.4932,1.49194,1.49241,2268.0
2026-04-13 10:00:00,1.49244,1.49306,1.49182,1.49248,2458.0
2026-04-13 11:00:00,1.4925,1.49306,1.4922,1.49275,1272.0
2026-04-13 12:00:00,1.49278,1.49367,1.49225,1.49314,1763.0
2026-04-13 13:00:00,1.49312,1.49424,1.49302,1.49397,1220.0
2026-04-13 14:00:00,1.49402,1.4973,1.494,1.49716,1693.0
2026-04-13 15:00:00,1.4971,1.49721,1.49613,1.49686,1059.0
2026-04-13 16:00:00,1.49691,1.49722,1.49622,1.49715,721.0
2026-04-13 17:00:00,1.49634,1.49756,1.49614,1.49655,995.0
2026-04-13 18:00:00,1.49658,1.49742,1.4965,1.49668,345.0
2026-04-13 19:00:00,1.49664,1.49686,1.49633,1.4967,347.0
2026-04-13 20:00:00,1.49668,1.49879,1.49667,1.49866,1677.0
2026-04-13 21:00:00,1.49862,1.4989,1.49804,1.49816,885.0
2026-04-13 22:00:00,1.49813,1.49826,1.49782,1.49802,604.0
2026-04-13 23:00:00,1.49804,1.49842,1.49757,1.4982,684.0
2026-04-14 00:00:00,1.49817,1.49822,1.49786,1.4979,231.0
2026-04-14 01:00:00,1.49786,1.49838,1.49782,1.49814,340.0
2026-04-14 02:00:00,1.49814,1.49897,1.49763,1.4989,750.0
2026-04-14 03:00:00,1.49893,1.5002,1.49882,1.4989,1386.0
2026-04-14 04:00:00,1.49886,1.49916,1.49858,1.49882,872.0
2026-04-14 05:00:00,1.49888,1.49948,1.49878,1.49948,623.0
2026-04-14 06:00:00,1.49942,1.50018,1.49926,1.50002,715.0
2026-04-14 07:00:00,1.49996,1.5004,1.49959,1.49984,923.0
2026-04-14 08:00:00,1.49978,1.50046,1.49925,1.50008,1532.0
2026-04-14 09:00:00,1.50004,1.50029,1.4994,1.49943,1261.0
2026-04-14 10:00:00,1.49948,1.50006,1.49877,1.50002,1444.0
2026-04-14 11:00:00,1.50003,1.50008,1.49839,1.49877,2054.0
2026-04-14 12:00:00,1.49871,1.49934,1.49854,1.49914,773.0
2026-04-14 13:00:00,1.4991,1.49946,1.49898,1.49919,417.0
2026-04-14 14:00:00,1.49922,1.49928,1.49894,1.49908,757.0
2026-04-14 15:00:00,1.49903,1.49938,1.49902,1.49926,318.0
2026-04-14 16:00:00,1.49932,1.50035,1.49922,1.50035,267.0
2026-04-14 17:00:00,1.50013,1.50013,1.49892,1.49928,492.0
2026-04-14 18:00:00,1.49922,1.49986,1.49922,1.49957,531.0
2026-04-14 19:00:00,1.49958,1.49976,1.49928,1.49947,342.0
2026-04-14 20:00:00,1.49941,1.49948,1.49891,1.49922,1059.0
2026-04-14 21:00:00,1.49919,1.49953,1.499,1.49918,833.0
2026-04-14 22:00:00,1.49916,1.49922,1.49844,1.49851,652.0
2026-04-14 23:00:00,1.49855,1.49858,1.49811,1.49841,368.0
2026-04-15 00:00:00,1.49837,1.49892,1.49831,1.49878,295.0
2026-04-15 01:00:00,1.49878,1.49958,1.49868,1.4994,579.0
2026-04-15 02:00:00,1.49932,1.49978,1.4985,1.49856,989.0
2026-04-15 03:00:00,1.49852,1.49906,1.49814,1.49878,990.0
2026-04-15 04:00:00,1.49874,1.49918,1.49844,1.49852,1274.0
2026-04-15 05:00:00,1.49852,1.49924,1.49813,1.49838,1521.0
2026-04-15 06:00:00,1.49841,1.49902,1.49823,1.49851,1037.0
2026-04-15 07:00:00,1.49848,1.49929,1.4983,1.49912,1263.0
2026-04-15 08:00:00,1.49911,1.49984,1.49876,1.49952,978.0
2026-04-15 09:00:00,1.4996,1.49986,1.49894,1.49906,1213.0
2026-04-15 10:00:00,1.49911,1.49999,1.49876,1.49973,1751.0
2026-04-15 11:00:00,1.49979,1.50042,1.49965,1.4999,1021.0
2026-04-15 12:00:00,1.4999,1.50008,1.49951,1.49991,1041.0
2026-04-15 13:00:00,1.49992,1.50004,1.49954,1.49973,441.0
2026-04-15 14:00:00,1.49976,1.50006,1.49942,1.4996,841.0
2026-04-15 15:00:00,1.4996,1.49998,1.49951,1.49956,299.0
2026-04-15 16:00:00,1.49959,1.49998,1.49936,1.49976,253.0
2026-04-15 17:00:00,1.49983,1.50072,1.4995,1.49964,3517.0
2026-04-15 18:00:00,1.49968,1.50036,1.49963,1.49987,829.0
2026-04-15 19:00:00,1.49996,1.50052,1.49984,1.50032,196.0
2026-04-15 20:00:00,1.50035,1.50035,1.49949,1.49966,746.0
2026-04-15 21:00:00,1.49961,1.49988,1.4991,1.49915,600.0
2026-04-15 22:00:00,1.49923,1.5002,1.49914,1.49994,667.0
2026-04-15 23:00:00,1.49998,1.50018,1.49945,1.49956,457.0
2026-04-16 00:00:00,1.49952,1.4997,1.49928,1.4995,401.0
2026-04-16 01:00:00,1.49946,1.49964,1.49909,1.49914,521.0
2026-04-16 02:00:00,1.49919,1.49925,1.49848,1.49898,998.0
2026-04-16 03:00:00,1.49904,1.49908,1.49821,1.49822,1095.0
2026-04-16 04:00:00,1.49828,1.49846,1.49756,1.49826,1144.0
2026-04-16 05:00:00,1.49828,1.49866,1.49791,1.49833,1430.0
2026-04-16 06:00:00,1.49832,1.49865,1.49792,1.49856,1016.0
2026-04-16 07:00:00,1.49862,1.4989,1.4982,1.49854,1154.0
2026-04-16 08:00:00,1.49858,1.49886,1.4982,1.49866,1307.0
2026-04-16 09:00:00,1.49863,1.49868,1.49761,1.49789,1810.0
2026-04-16 10:00:00,1.49794,1.4991,1.49763,1.4985,1989.0
2026-04-16 11:00:00,1.49844,1.49905,1.49842,1.49901,1807.0
2026-04-16 12:00:00,1.49898,1.49934,1.49864,1.49888,1390.0
2026-04-16 13:00:00,1.49888,1.49926,1.49872,1.49917,704.0
2026-04-16 14:00:00,1.49916,1.49966,1.49912,1.49951,814.0
2026-04-16 15:00:00,1.49956,1.49993,1.4995,1.49956,469.0
2026-04-16 16:00:00,1.49962,1.49996,1.4995,1.49972,230.0
2026-04-16 17:00:00,1.49934,1.4999,1.4986,1.49958,1009.0
2026-04-16 18:00:00,1.49972,1.49998,1.49912,1.4996,411.0
2026-04-16 19:00:00,1.49962,1.5001,1.49962,1.49995,232.0
2026-04-16 20:00:00,1.49992,1.49992,1.49937,1.49946,559.0
2026-04-16 21:00:00,1.49942,1.49963,1.49872,1.49882,583.0
2026-04-16 22:00:00,1.4988,1.499,1.49865,1.49883,233.0
2026-04-16 23:00:00,1.49889,1.49982,1.49882,1.49966,322.0
2026-04-17 00:00:00,1.49964,1.49976,1.4995,1.4996,276.0
2026-04-17 01:00:00,1.49964,1.49982,1.49944,1.49944,407.0
2026-04-17 02:00:00,1.49944,1.4996,1.49892,1.49934,936.0
2026-04-17 03:00:00,1.4993,1.49996,1.49919,1.49984,1252.0
2026-04-17 04:00:00,1.49987,1.50022,1.49925,1.50012,981.0
2026-04-17 05:00:00,1.50012,1.50062,1.49997,1.50034,955.0
2026-04-17 06:00:00,1.50036,1.50092,1.50016,1.50092,833.0
2026-04-17 07:00:00,1.50094,1.50119,1.50052,1.50065,986.0
2026-04-17 08:00:00,1.50068,1.5019,1.50058,1.5008,2730.0
2026-04-17 09:00:00,1.50085,1.50164,1.50025,1.50078,3438.0
2026-04-17 10:00:00,1.50077,1.50082,1.49754,1.49797,2228.0
2026-04-17 11:00:00,1.49794,1.49846,1.49773,1.49778,1961.0
2026-04-17 12:00:00,1.49774,1.4978,1.49698,1.49756,808.0
2026-04-17 13:00:00,1.49753,1.4976,1.49673,1.49758,1280.0
2026-04-17 14:00:00,1.49761,1.4977,1.49628,1.49664,778.0
2026-04-17 15:00:00,1.4966,1.4969,1.49565,1.4961,717.0
2026-04-17 16:00:00,1.49604,1.49634,1.49372,1.49449,1366.0
2026-04-19 17:00:00,1.49442,1.49498,1.49313,1.49339,1224.0
2026-04-19 18:00:00,1.49308,1.49516,1.49246,1.49476,1988.0
2026-04-19 19:00:00,1.49474,1.49554,1.49472,1.49502,648.0
2026-04-19 20:00:00,1.49508,1.49588,1.49502,1.49558,649.0
2026-04-19 21:00:00,1.49564,1.4961,1.49554,1.49598,487.0
2026-04-19 22:00:00,1.49602,1.49628,1.4957,1.4958,372.0
2026-04-19 23:00:00,1.49574,1.49604,1.49568,1.49574,296.0
2026-04-20 00:00:00,1.49571,1.4962,1.49571,1.4958,456.0
2026-04-20 01:00:00,1.49578,1.4961,1.4955,1.49588,579.0
2026-04-20 02:00:00,1.49582,1.49642,1.49536,1.49608,1502.0
2026-04-20 03:00:00,1.49614,1.49635,1.49522,1.49584,1263.0
2026-04-20 04:00:00,1.49583,1.49641,1.49574,1.49608,1090.0
2026-04-20 05:00:00,1.49606,1.49631,1.4953,1.49598,1667.0
2026-04-20 06:00:00,1.49594,1.49636,1.49556,1.49631,799.0
2026-04-20 07:00:00,1.49628,1.49652,1.49538,1.49557,900.0
2026-04-20 08:00:00,1.49556,1.4957,1.49481,1.49544,1306.0
2026-04-20 09:00:00,1.4955,1.49639,1.49534,1.49564,2491.0
2026-04-20 10:00:00,1.49564,1.4962,1.49542,1.49588,2790.0
2026-04-20 11:00:00,1.49588,1.49696,1.49552,1.49679,1716.0
2026-04-20 12:00:00,1.49678,1.49717,1.49664,1.49698,1367.0
2026-04-20 13:00:00,1.497,1.4971,1.49653,1.49676,1085.0
2026-04-20 14:00:00,1.49676,1.49706,1.49637,1.49656,1183.0
2026-04-20 15:00:00,1.49652,1.4971,1.49652,1.4969,260.0
2026-04-20 16:00:00,1.49688,1.49732,1.49662,1.49672,454.0
2026-04-20 17:00:00,1.49775,1.49789,1.49619,1.49691,431.0
2026-04-20 18:00:00,1.49682,1.49758,1.49654,1.49688,993.0
2026-04-20 19:00:00,1.49686,1.49708,1.49651,1.49676,334.0
2026-04-20 20:00:00,1.49676,1.497,1.49656,1.49682,629.0
2026-04-20 21:00:00,1.4968,1.49714,1.49674,1.49678,727.0
2026-04-20 22:00:00,1.49678,1.49724,1.49652,1.49707,814.0
2026-04-20 23:00:00,1.49706,1.49732,1.49674,1.49706,548.0
2026-04-21 00:00:00,1.4971,1.49724,1.49675,1.49682,277.0
2026-04-21 01:00:00,1.49678,1.4972,1.49667,1.49706,644.0
2026-04-21 02:00:00,1.49707,1.49726,1.49624,1.49671,1057.0
2026-04-21 03:00:00,1.4967,1.49712,1.49613,1.49627,1416.0
2026-04-21 04:00:00,1.4963,1.4967,1.49599,1.49662,2000.0
2026-04-21 05:00:00,1.49664,1.49668,1.49558,1.49588,862.0
2026-04-21 06:00:00,1.49587,1.49599,1.49526,1.49572,930.0
2026-04-21 07:00:00,1.49574,1.49622,1.49553,1.4961,1289.0
2026-04-21 08:00:00,1.49611,1.49628,1.49546,1.49585,1430.0
2026-04-21 09:00:00,1.49589,1.49673,1.49566,1.49584,1481.0
2026-04-21 10:00:00,1.49585,1.49684,1.4958,1.49589,2107.0
2026-04-21 11:00:00,1.49585,1.49634,1.4954,1.49619,1688.0
2026-04-21 12:00:00,1.4962,1.4966,1.49592,1.49603,972.0
2026-04-21 13:00:00,1.49607,1.4971,1.49514,1.49579,2216.0
2026-04-21 14:00:00,1.49578,1.49619,1.49529,1.49578,1559.0
2026-04-21 15:00:00,1.49581,1.49646,1.49496,1.4955,2293.0
2026-04-21 16:00:00,1.49556,1.49714,1.49532,1.49606,2645.0
2026-04-21 17:00:00,1.49598,1.49605,1.49437,1.49497,435.0
2026-04-21 18:00:00,1.49506,1.49568,1.49498,1.4953,659.0
2026-04-21 19:00:00,1.49531,1.49558,1.4952,1.49548,234.0
2026-04-21 20:00:00,1.49544,1.49566,1.49512,1.49528,862.0
2026-04-21 21:00:00,1.4953,1.49558,1.495,1.49527,603.0
2026-04-21 22:00:00,1.49533,1.49615,1.49505,1.4954,395.0
2026-04-21 23:00:00,1.49534,1.49574,1.49507,1.4951,315.0
2026-04-22 00:00:00,1.49516,1.4952,1.49478,1.49498,264.0
2026-04-22 01:00:00,1.49492,1.49604,1.49488,1.49544,903.0
2026-04-22 02:00:00,1.49545,1.4958,1.49505,1.49516,813.0
2026-04-22 03:00:00,1.49514,1.49602,1.49507,1.49577,964.0
2026-04-22 04:00:00,1.49578,1.49627,1.4955,1.49598,1369.0
2026-04-22 05:00:00,1.496,1.49643,1.49566,1.49575,1018.0
2026-04-22 06:00:00,1.49578,1.49614,1.49566,1.49607,895.0
2026-04-22 07:00:00,1.49606,1.49606,1.49464,1.49478,1166.0
2026-04-22 08:00:00,1.4948,1.49491,1.49412,1.49485,1240.0
2026-04-22 09:00:00,1.49481,1.49537,1.49432,1.49536,2062.0
2026-04-22 10:00:00,1.4954,1.4955,1.49391,1.49394,1639.0
2026-04-22 11:00:00,1.49394,1.49435,1.49355,1.49374,1002.0
2026-04-22 12:00:00,1.4938,1.49415,1.49366,1.49398,721.0
2026-04-22 13:00:00,1.49398,1.49412,1.49353,1.4936,624.0
2026-04-22 14:00:00,1.49356,1.494,1.49356,1.49374,616.0
2026-04-22 15:00:00,1.49366,1.49382,1.49343,1.49362,461.0
2026-04-22 16:00:00,1.49364,1.49386,1.49309,1.49328,461.0
2026-04-22 17:00:00,1.49326,1.49386,1.49281,1.49354,1196.0
2026-04-22 18:00:00,1.49356,1.49379,1.49329,1.49359,335.0
2026-04-22 19:00:00,1.49361,1.49383,1.49338,1.49338,143.0
2026-04-22 20:00:00,1.4934,1.4941,1.49313,1.49342,1339.0
2026-04-22 21:00:00,1.49337,1.49388,1.49328,1.49353,818.0
2026-04-22 22:00:00,1.49358,1.4943,1.49357,1.49377,800.0
2026-04-22 23:00:00,1.49373,1.49402,1.49336,1.49344,860.0
2026-04-23 00:00:00,1.49348,1.49369,1.4933,1.49352,749.0
2026-04-23 01:00:00,1.49354,1.49418,1.49348,1.49393,709.0
2026-04-23 02:00:00,1.49396,1.4942,1.49356,1.49364,952.0
2026-04-23 03:00:00,1.49364,1.49442,1.49258,1.49305,2138.0
2026-04-23 04:00:00,1.49306,1.49344,1.49278,1.49329,1332.0
2026-04-23 05:00:00,1.49325,1.49343,1.49251,1.49292,1119.0
2026-04-23 06:00:00,1.4929,1.49314,1.492,1.49213,1016.0
2026-04-23 07:00:00,1.49218,1.49234,1.49152,1.49174,1329.0
2026-04-23 08:00:00,1.49176,1.49252,1.4915,1.49217,1847.0
2026-04-23 09:00:00,1.49216,1.49286,1.4918,1.49252,1775.0
2026-04-23 10:00:00,1.49256,1.49434,1.49232,1.49388,2154.0
2026-04-23 11:00:00,1.49388,1.4941,1.49336,1.49356,1422.0
2026-04-23 12:00:00,1.49356,1.49362,1.49312,1.49347,792.0
2026-04-23 13:00:00,1.49343,1.49346,1.49253,1.49322,2632.0
2026-04-23 14:00:00,1.4933,1.49364,1.49303,1.49344,1318.0
2026-04-23 15:00:00,1.49342,1.49357,1.49298,1.49338,696.0
2026-04-23 16:00:00,1.49332,1.49361,1.49304,1.4936,699.0
2026-04-23 17:00:00,1.49364,1.494,1.49261,1.49354,3532.0
2026-04-23 18:00:00,1.49362,1.4938,1.4933,1.4934,328.0
2026-04-23 19:00:00,1.49336,1.49352,1.493,1.49308,213.0
2026-04-23 20:00:00,1.49303,1.49371,1.4929,1.4935,615.0
2026-04-23 21:00:00,1.49356,1.49383,1.49324,1.49383,716.0
2026-04-23 22:00:00,1.49388,1.49392,1.49303,1.49316,584.0
2026-04-23 23:00:00,1.49319,1.4936,1.49306,1.4936,579.0
2026-04-24 00:00:00,1.49357,1.4936,1.49322,1.49336,437.0
2026-04-24 01:00:00,1.49336,1.49351,1.49322,1.4934,403.0
2026-04-24 02:00:00,1.49339,1.49339,1.49286,1.49296,858.0
2026-04-24 03:00:00,1.4929,1.49404,1.49275,1.4938,971.0
2026-04-24 04:00:00,1.49378,1.49395,1.49334,1.49358,1408.0
2026-04-24 05:00:00,1.4936,1.49366,1.49304,1.49352,672.0
2026-04-24 06:00:00,1.4935,1.49492,1.49342,1.49492,612.0
2026-04-24 07:00:00,1.49496,1.4957,1.4947,1.4952,1931.0
2026-04-24 08:00:00,1.49524,1.49532,1.49471,1.49505,1733.0
2026-04-24 09:00:00,1.49506,1.49533,1.49472,1.49532,1823.0
2026-04-24 10:00:00,1.49526,1.49558,1.4946,1.49496,1954.0
2026-04-24 11:00:00,1.49495,1.49523,1.49432,1.49504,2165.0
2026-04-24 12:00:00,1.49509,1.49542,1.49478,1.49524,682.0
2026-04-24 13:00:00,1.49529,1.49536,1.49471,1.49496,537.0
2026-04-24 14:00:00,1.49496,1.49546,1.49482,1.49526,762.0
2026-04-24 15:00:00,1.49531,1.4955,1.49513,1.49546,304.0
2026-04-24 16:00:00,1.49542,1.4962,1.4952,1.49582,1345.0
2026-04-26 17:00:00,1.49353,1.49477,1.49353,1.49453,530.0
2026-04-26 18:00:00,1.49466,1.49546,1.4942,1.49502,851.0
2026-04-26 19:00:00,1.49501,1.49524,1.49488,1.495,220.0
2026-04-26 20:00:00,1.495,1.4954,1.49489,1.49538,457.0
2026-04-26 21:00:00,1.4954,1.49568,1.49486,1.49522,834.0
2026-04-26 22:00:00,1.49516,1.49542,1.49478,1.49533,480.0
2026-04-26 23:00:00,1.49534,1.49546,1.49488,1.49489,450.0
2026-04-27 00:00:00,1.49484,1.49506,1.49472,1.49499,272.0
2026-04-27 01:00:00,1.495,1.49532,1.49455,1.49459,416.0
2026-04-27 02:00:00,1.49458,1.49484,1.4942,1.49484,959.0
2026-04-27 03:00:00,1.49484,1.49601,1.49448,1.49578,1115.0
2026-04-27 04:00:00,1.49571,1.4959,1.49513,1.4957,1132.0
2026-04-27 05:00:00,1.49574,1.496,1.49531,1.49536,679.0
2026-04-27 06:00:00,1.49534,1.4955,1.4949,1.49522,896.0
2026-04-27 07:00:00,1.49526,1.49535,1.49474,1.49497,874.0
2026-04-27 08:00:00,1.49492,1.49584,1.49482,1.49551,1375.0
2026-04-27 09:00:00,1.49546,1.4961,1.49487,1.49519,2047.0
2026-04-27 10:00:00,1.49516,1.49546,1.49468,1.49482,1207.0
2026-04-27 11:00:00,1.49483,1.49508,1.49417,1.49424,1299.0
2026-04-27 12:00:00,1.49423,1.49447,1.4939,1.494,1361.0
2026-04-27 13:00:00,1.49406,1.49432,1.4937,1.4938,1003.0
2026-04-27 14:00:00,1.49386,1.49402,1.4936,1.49368,563.0
2026-04-27 15:00:00,1.49366,1.49417,1.49366,1.49388,617.0
2026-04-27 16:00:00,1.49394,1.49436,1.49352,1.4936,619.0
2026-04-27 17:00:00,1.49372,1.4939,1.49348,1.49365,1505.0
2026-04-27 18:00:00,1.4937,1.49404,1.49334,1.49388,895.0
2026-04-27 19:00:00,1.49383,1.4941,1.49346,1.49362,215.0
2026-04-27 20:00:00,1.49358,1.49372,1.49294,1.49323,792.0
2026-04-27 21:00:00,1.49318,1.4934,1.49299,1.49334,1074.0
2026-04-27 22:00:00,1.4933,1.49342,1.49294,1.49302,555.0
2026-04-27 23:00:00,1.49304,1.49329,1.49278,1.49294,623.0
2026-04-28 00:00:00,1.49288,1.49338,1.49286,1.49308,355.0
2026-04-28 01:00:00,1.49304,1.49348,1.49301,1.49324,755.0
2026-04-28 02:00:00,1.49322,1.49336,1.49156,1.4917,1183.0
2026-04-28 03:00:00,1.49167,1.49312,1.49142,1.49286,1336.0
2026-04-28 04:00:00,1.49284,1.49396,1.49283,1.49326,1108.0
2026-04-28 05:00:00,1.49322,1.49346,1.49241,1.49263,1008.0
2026-04-28 06:00:00,1.49264,1.49348,1.49248,1.49329,631.0
2026-04-28 07:00:00,1.49328,1.4941,1.4932,1.49336,1808.0
2026-04-28 08:00:00,1.4934,1.49418,1.49276,1.49358,2654.0
2026-04-28 09:00:00,1.49357,1.49412,1.49326,1.49355,2437.0
2026-04-28 10:00:00,1.49352,1.49444,1.49326,1.49442,2273.0
2026-04-28 11:00:00,1.4944,1.49512,1.49426,1.49484,1749.0
2026-04-28 12:00:00,1.49487,1.49515,1.49448,1.49491,1046.0
2026-04-28 13:00:00,1.49494,1.4954,1.49465,1.495,942.0
2026-04-28 14:00:00,1.49501,1.49542,1.4949,1.49522,658.0
2026-04-28 15:00:00,1.49524,1.49543,1.49485,1.49508,630.0
2026-04-28 16:00:00,1.49502,1.49612,1.49498,1.49593,910.0
2026-04-28 17:00:00,1.49632,1.49661,1.4951,1.49578,1475.0
2026-04-28 18:00:00,1.4958,1.49618,1.49526,1.49542,446.0
2026-04-28 19:00:00,1.49545,1.49554,1.49508,1.4953,520.0
2026-04-28 20:00:00,1.49532,1.49552,1.49519,1.49538,894.0
2026-04-28 21:00:00,1.49539,1.49543,1.49488,1.49516,826.0
2026-04-28 22:00:00,1.49516,1.49546,1.49484,1.49499,832.0
2026-04-28 23:00:00,1.49496,1.49512,1.49462,1.49468,613.0
2026-04-29 00:00:00,1.49467,1.49484,1.49448,1.49467,183.0
2026-04-29 01:00:00,1.49462,1.49472,1.49423,1.49454,400.0
2026-04-29 02:00:00,1.49461,1.49479,1.49408,1.49422,572.0
2026-04-29 03:00:00,1.49416,1.49532,1.49412,1.495,781.0
2026-04-29 04:00:00,1.49485,1.49525,1.49413,1.49508,1160.0
2026-04-29 05:00:00,1.49506,1.49532,1.49452,1.49466,800.0
2026-04-29 06:00:00,1.49464,1.49545,1.4945,1.49545,669.0
2026-04-29 07:00:00,1.49548,1.49554,1.49477,1.49486,964.0
2026-04-29 08:00:00,1.4949,1.49568,1.49483,1.49555,1069.0
2026-04-29 09:00:00,1.49554,1.49626,1.49497,1.49623,1493.0
2026-04-29 10:00:00,1.49617,1.49735,1.49586,1.49731,1723.0
2026-04-29 11:00:00,1.49732,1.4978,1.49664,1.4975,1888.0
2026-04-29 12:00:00,1.49748,1.49758,1.49638,1.49652,1746.0
2026-04-29 13:00:00,1.49654,1.49662,1.49593,1.49653,887.0
2026-04-29 14:00:00,1.49652,1.4966,1.49506,1.49556,4498.0
2026-04-29 15:00:00,1.49562,1.49598,1.49509,1.49576,1023.0
2026-04-29 16:00:00,1.4957,1.49609,1.49542,1.49607,804.0
2026-04-29 17:00:00,1.49654,1.49662,1.49531,1.49613,3644.0
2026-04-29 18:00:00,1.49615,1.4964,1.49485,1.49574,693.0
2026-04-29 19:00:00,1.49581,1.49634,1.49568,1.49617,295.0
2026-04-29 20:00:00,1.49614,1.4963,1.49537,1.49545,1521.0
2026-04-29 21:00:00,1.49546,1.49568,1.49472,1.49472,1039.0
2026-04-29 22:00:00,1.49478,1.49518,1.49429,1.49461,707.0
2026-04-29 23:00:00,1.4946,1.49472,1.49416,1.49444,1456.0
2026-04-30 00:00:00,1.49442,1.49462,1.49408,1.49458,714.0
2026-04-30 01:00:00,1.49462,1.49499,1.49438,1.49478,691.0
2026-04-30 02:00:00,1.49486,1.49528,1.49442,1.49476,864.0
2026-04-30 03:00:00,1.49477,1.4952,1.49431,1.49437,1052.0
2026-04-30 04:00:00,1.49438,1.49576,1.49328,1.49382,1475.0
2026-04-30 05:00:00,1.49382,1.49464,1.49313,1.49427,1375.0
2026-04-30 06:00:00,1.49431,1.49502,1.4939,1.49465,2595.0
2026-04-30 07:00:00,1.49459,1.49497,1.4932,1.49346,2784.0
2026-04-30 08:00:00,1.4934,1.49374,1.49219,1.49235,2746.0
2026-04-30 09:00:00,1.49238,1.49278,1.49104,1.49154,3232.0
2026-04-30 10:00:00,1.49153,1.4942,1.49119,1.49376,2737.0
2026-04-30 11:00:00,1.4938,1.49482,1.49366,1.49435,1829.0
2026-04-30 12:00:00,1.49434,1.49464,1.49364,1.49376,1319.0
2026-04-30 13:00:00,1.49377,1.49418,1.49354,1.49357,1554.0
2026-04-30 14:00:00,1.49357,1.4941,1.49316,1.49374,1237.0
2026-04-30 15:00:00,1.49375,1.49404,1.49342,1.4936,792.0
2026-04-30 16:00:00,1.49364,1.49402,1.49315,1.49343,1016.0
2026-04-30 17:00:00,1.49433,1.49454,1.49326,1.49364,1449.0
2026-04-30 18:00:00,1.49356,1.49434,1.49324,1.49352,546.0
2026-04-30 19:00:00,1.49356,1.49372,1.49334,1.49347,490.0
2026-04-30 20:00:00,1.49346,1.4936,1.49296,1.49308,718.0
2026-04-30 21:00:00,1.49306,1.49348,1.49306,1.49334,378.0
2026-04-30 22:00:00,1.49334,1.49367,1.49322,1.49362,435.0
2026-04-30 23:00:00,1.49363,1.4939,1.49344,1.49353,267.0
2026-05-01 00:00:00,1.49352,1.4936,1.49323,1.49346,287.0
2026-05-01 01:00:00,1.49343,1.49357,1.49324,1.49334,216.0
2026-05-01 02:00:00,1.4933,1.49388,1.49285,1.49314,1287.0
2026-05-01 03:00:00,1.49322,1.49445,1.49276,1.49394,1535.0
2026-05-01 04:00:00,1.49392,1.49489,1.49376,1.49472,813.0
2026-05-01 05:00:00,1.49468,1.4948,1.49404,1.49414,556.0
2026-05-01 06:00:00,1.49408,1.4953,1.49408,1.49526,619.0
2026-05-01 07:00:00,1.4953,1.49624,1.49518,1.49572,2044.0
2026-05-01 08:00:00,1.49578,1.49651,1.49556,1.49598,1508.0
2026-05-01 09:00:00,1.49588,1.49616,1.49499,1.49594,2030.0
2026-05-01 10:00:00,1.4959,1.49732,1.49576,1.49594,2574.0
2026-05-01 11:00:00,1.49598,1.49629,1.49502,1.49502,2664.0
2026-05-01 12:00:00,1.49499,1.49504,1.49354,1.4936,2413.0
2026-05-01 13:00:00,1.49357,1.49364,1.49292,1.49331,1673.0
2026-05-01 14:00:00,1.49337,1.49338,1.49198,1.49278,1696.0
2026-05-01 15:00:00,1.49284,1.49289,1.49199,1.49214,738.0
2026-05-01 16:00:00,1.49212,1.49278,1.49102,1.49247,1046.0
2026-05-03 17:00:00,1.49577,1.49661,1.493,1.49335,764.0
2026-05-03 18:00:00,1.49324,1.49548,1.49248,1.49327,2975.0
2026-05-03 19:00:00,1.49324,1.4935,1.49256,1.49272,475.0
2026-05-03 20:00:00,1.49267,1.49294,1.49246,1.49278,1451.0
2026-05-03 21:00:00,1.49272,1.49304,1.49252,1.4928,1250.0
2026-05-03 22:00:00,1.4928,1.49363,1.49274,1.49341,1167.0
2026-05-03 23:00:00,1.49342,1.49376,1.49302,1.49376,1461.0
2026-05-04 00:00:00,1.49377,1.49377,1.49326,1.49326,1100.0
2026-05-04 01:00:00,1.49323,1.49348,1.49301,1.49317,1175.0
2026-05-04 02:00:00,1.49318,1.4937,1.49282,1.49361,1144.0
2026-05-04 03:00:00,1.49366,1.49375,1.49319,1.49322,964.0
2026-05-04 04:00:00,1.49324,1.494,1.49304,1.4936,1377.0
2026-05-04 05:00:00,1.49366,1.49388,1.49334,1.49346,1027.0
2026-05-04 06:00:00,1.49352,1.49406,1.49244,1.49312,2589.0
2026-05-04 07:00:00,1.49318,1.49319,1.49231,1.49238,1651.0
2026-05-04 08:00:00,1.49242,1.49327,1.49214,1.49324,1712.0
2026-05-04 09:00:00,1.49323,1.49406,1.49278,1.49386,2156.0
2026-05-04 10:00:00,1.49382,1.49384,1.49292,1.4933,1481.0
2026-05-04 11:00:00,1.4933,1.4941,1.49326,1.49398,2231.0
2026-05-04 12:00:00,1.49397,1.49416,1.49264,1.4927,1261.0
2026-05-04 13:00:00,1.49274,1.49349,1.49264,1.49326,735.0
2026-05-04 14:00:00,1.4933,1.49334,1.49287,1.49299,426.0
2026-05-04 15:00:00,1.49294,1.49364,1.49294,1.49309,1044.0
2026-05-04 16:00:00,1.49308,1.49378,1.49182,1.49301,558.0
2026-05-04 17:00:00,1.49335,1.49377,1.49271,1.49326,145.0
2026-05-04 18:00:00,1.49318,1.4933,1.49256,1.49281,479.0
2026-05-04 19:00:00,1.49288,1.49306,1.49276,1.49297,434.0
2026-05-04 20:00:00,1.49297,1.49315,1.49246,1.49248,1149.0
2026-05-04 21:00:00,1.49252,1.49258,1.49182,1.4919,928.0
2026-05-04 22:00:00,1.4919,1.49238,1.49167,1.49226,571.0
2026-05-04 23:00:00,1.49227,1.49266,1.49213,1.4925,353.0
2026-05-05 00:00:00,1.49244,1.49254,1.49202,1.49216,374.0
2026-05-05 01:00:00,1.4921,1.49261,1.49207,1.49258,1179.0
2026-05-05 02:00:00,1.49258,1.49304,1.49226,1.49248,799.0
2026-05-05 03:00:00,1.49252,1.49286,1.49224,1.49245,821.0
2026-05-05 04:00:00,1.49244,1.49304,1.49214,1.49233,666.0
2026-05-05 05:00:00,1.49234,1.49286,1.49224,1.49258,783.0
2026-05-05 06:00:00,1.49254,1.49286,1.49234,1.49258,742.0
2026-05-05 07:00:00,1.49254,1.49298,1.49224,1.49258,1183.0
2026-05-05 08:00:00,1.49254,1.49308,1.49224,1.49278,1744.0
2026-05-05 09:00:00,1.49274,1.49322,1.49234,1.49258,1510.0
2026-05-05 10:00:00,1.4928,1.49298,1.49234,1.49269,2266.0
2026-05-05 11:00:00,1.49268,1.49299,1.49215,1.49236,2014.0
2026-05-05 12:00:00,1.49232,1.49252,1.49208,1.49224,1204.0
2026-05-05 13:00:00,1.49222,1.49258,1.49205,1.49211,1072.0
2026-05-05 14:00:00,1.49216,1.49248,1.49208,1.49234,625.0
2026-05-05 15:00:00,1.49234,1.49242,1.492,1.49206,508.0
2026-05-05 16:00:00,1.49206,1.49224,1.49134,1.49143,537.0
2026-05-05 17:00:00,1.49115,1.49201,1.49063,1.49125,2851.0
2026-05-05 18:00:00,1.49155,1.49268,1.49137,1.49246,1513.0
2026-05-05 19:00:00,1.49251,1.4937,1.49232,1.49264,1697.0
2026-05-05 20:00:00,1.49263,1.49266,1.49192,1.49201,1562.0
2026-05-05 21:00:00,1.49197,1.49288,1.49178,1.4927,953.0
2026-05-05 22:00:00,1.49266,1.49306,1.4923,1.49249,553.0
2026-05-05 23:00:00,1.49244,1.493,1.49241,1.49267,837.0
2026-05-06 00:00:00,1.4927,1.49307,1.49202,1.49273,1651.0
2026-05-06 01:00:00,1.49266,1.4929,1.49227,1.49252,1013.0
2026-05-06 02:00:00,1.49248,1.49294,1.49218,1.49223,1255.0
2026-05-06 03:00:00,1.49224,1.49258,1.49082,1.49112,1439.0
2026-05-06 04:00:00,1.49107,1.49262,1.49104,1.49206,2085.0
2026-05-06 05:00:00,1.4921,1.49322,1.49198,1.49253,1262.0
2026-05-06 06:00:00,1.49254,1.49337,1.49212,1.4927,1504.0
2026-05-06 07:00:00,1.49266,1.4931,1.49184,1.49192,2866.0
2026-05-06 08:00:00,1.49187,1.492,1.49088,1.49116,2111.0
2026-05-06 09:00:00,1.49114,1.49173,1.49058,1.4908,2114.0
2026-05-06 10:00:00,1.49084,1.4912,1.49036,1.49067,1941.0
2026-05-06 11:00:00,1.49061,1.49128,1.49044,1.491,1986.0
2026-05-06 12:00:00,1.49098,1.49113,1.49028,1.49032,1541.0
2026-05-06 13:00:00,1.49026,1.49095,1.49014,1.4903,1562.0
2026-05-06 14:00:00,1.49032,1.49034,1.48966,1.48992,444.0
2026-05-06 15:00:00,1.48995,1.4903,1.48972,1.48979,760.0
2026-05-06 16:00:00,1.48974,1.49032,1.48959,1.49014,1088.0
2026-05-06 17:00:00,1.48827,1.49055,1.48827,1.4898,2118.0
2026-05-06 18:00:00,1.48984,1.49054,1.48956,1.48995,1270.0
2026-05-06 19:00:00,1.4899,1.49006,1.4897,1.49006,178.0
2026-05-06 20:00:00,1.49008,1.49045,1.4898,1.4901,1346.0
2026-05-06 21:00:00,1.49013,1.49056,1.48966,1.48998,1115.0
2026-05-06 22:00:00,1.48992,1.49025,1.4897,1.48979,1239.0
2026-05-06 23:00:00,1.4898,1.48992,1.48948,1.48956,824.0
2026-05-07 00:00:00,1.48958,1.49004,1.48955,1.48968,529.0
2026-05-07 01:00:00,1.48966,1.4898,1.4895,1.48956,560.0
2026-05-07 02:00:00,1.48954,1.4898,1.48859,1.4888,1205.0
2026-05-07 03:00:00,1.48879,1.48986,1.48879,1.48943,1431.0
2026-05-07 04:00:00,1.48947,1.4904,1.48918,1.49006,949.0
2026-05-07 05:00:00,1.49006,1.4906,1.48972,1.48991,854.0
2026-05-07 06:00:00,1.4899,1.4904,1.48938,1.48953,1141.0
2026-05-07 07:00:00,1.48954,1.48976,1.48902,1.4897,1397.0
2026-05-07 08:00:00,1.48974,1.49041,1.48939,1.49024,1558.0
2026-05-07 09:00:00,1.4903,1.49097,1.48992,1.49008,2137.0
2026-05-07 10:00:00,1.49006,1.49088,1.48985,1.49028,1870.0
2026-05-07 11:00:00,1.49032,1.49076,1.49024,1.49046,1608.0
2026-05-07 12:00:00,1.49045,1.4907,1.49012,1.49064,1357.0
2026-05-07 13:00:00,1.4907,1.4907,1.48887,1.48952,1715.0
2026-05-07 14:00:00,1.48958,1.4904,1.48948,1.49008,1584.0
2026-05-07 15:00:00,1.4901,1.49034,1.48936,1.48939,1325.0
2026-05-07 16:00:00,1.48944,1.4899,1.48668,1.48766,3473.0
2026-05-07 17:00:00,1.48808,1.48871,1.48696,1.48801,26087.0
2026-05-07 18:00:00,1.4883,1.48895,1.48768,1.48833,858.0
2026-05-07 19:00:00,1.48831,1.4889,1.4883,1.48874,716.0
2026-05-07 20:00:00,1.48876,1.48914,1.4885,1.48858,1992.0
2026-05-07 21:00:00,1.48862,1.48878,1.48832,1.48852,940.0
2026-05-07 22:00:00,1.48851,1.48887,1.48825,1.48828,1065.0
2026-05-07 23:00:00,1.4883,1.48868,1.48797,1.4883,893.0
2026-05-08 00:00:00,1.48831,1.48926,1.48831,1.48926,781.0
2026-05-08 01:00:00,1.4893,1.4895,1.48894,1.48936,632.0
2026-05-08 02:00:00,1.48941,1.49026,1.48932,1.48996,1143.0
2026-05-08 03:00:00,1.48998,1.49032,1.48964,1.48986,1099.0
2026-05-08 04:00:00,1.48988,1.4912,1.48981,1.49104,1143.0
2026-05-08 05:00:00,1.49104,1.49222,1.49098,1.49196,920.0
2026-05-08 06:00:00,1.49194,1.49218,1.49141,1.49155,1474.0
2026-05-08 07:00:00,1.4915,1.492,1.49134,1.49156,1264.0
2026-05-08 08:00:00,1.49158,1.4925,1.4909,1.49234,2212.0
2026-05-08 09:00:00,1.49229,1.49305,1.4919,1.49252,2205.0
2026-05-08 10:00:00,1.49254,1.49262,1.4919,1.49227,2462.0
2026-05-08 11:00:00,1.49229,1.49252,1.49166,1.49174,1364.0
2026-05-08 12:00:00,1.49173,1.49211,1.49164,1.49179,1124.0
2026-05-08 13:00:00,1.4918,1.49204,1.49169,1.49176,853.0
2026-05-08 14:00:00,1.49173,1.49243,1.49164,1.49238,1573.0
2026-05-08 15:00:00,1.49233,1.49262,1.49213,1.49248,396.0
2026-05-08 16:00:00,1.49241,1.49368,1.49176,1.49317,1188.0
2026-05-10 17:00:00,1.48811,1.49394,1.48811,1.49281,515.0
2026-05-10 18:00:00,1.49256,1.49314,1.4908,1.49209,1543.0
2026-05-10 19:00:00,1.49212,1.49244,1.49197,1.49224,996.0
2026-05-10 20:00:00,1.49224,1.49258,1.49184,1.4921,1407.0
2026-05-10 21:00:00,1.49214,1.49288,1.49199,1.4924,1154.0
2026-05-10 22:00:00,1.49241,1.49276,1.49232,1.49264,1026.0
2026-05-10 23:00:00,1.49266,1.49268,1.49216,1.4924,714.0
2026-05-11 00:00:00,1.49242,1.49244,1.4919,1.49193,469.0
2026-05-11 01:00:00,1.4919,1.49228,1.49186,1.49216,553.0
2026-05-11 02:00:00,1.49214,1.4935,1.49212,1.49346,667.0
2026-05-11 03:00:00,1.49354,1.49442,1.4933,1.49436,808.0
2026-05-11 04:00:00,1.49434,1.49494,1.49388,1.49389,895.0
2026-05-11 05:00:00,1.49388,1.49439,1.49377,1.4942,886.0
2026-05-11 06:00:00,1.49417,1.49456,1.49388,1.49417,1037.0
2026-05-11 07:00:00,1.49422,1.49444,1.49362,1.49387,1411.0
2026-05-11 08:00:00,1.49388,1.49441,1.49371,1.49434,1579.0
2026-05-11 09:00:00,1.49441,1.49512,1.49428,1.49456,1891.0
2026-05-11 10:00:00,1.49454,1.4949,1.49383,1.49386,2723.0
2026-05-11 11:00:00,1.49383,1.49432,1.49377,1.49408,2829.0
2026-05-11 12:00:00,1.49403,1.49414,1.49355,1.4936,1275.0
2026-05-11 13:00:00,1.49363,1.4941,1.49354,1.49408,1137.0
2026-05-11 14:00:00,1.49413,1.49448,1.49402,1.49406,671.0
2026-05-11 15:00:00,1.49408,1.49459,1.49406,1.49455,798.0
2026-05-11 16:00:00,1.49459,1.49518,1.49412,1.49468,499.0
2026-05-11 17:00:00,1.49436,1.49508,1.49426,1.49502,350.0
2026-05-11 18:00:00,1.49494,1.49572,1.4946,1.49508,850.0
2026-05-11 19:00:00,1.4951,1.49537,1.49466,1.49482,414.0
2026-05-11 20:00:00,1.4948,1.49492,1.4944,1.4948,1575.0
2026-05-11 21:00:00,1.49471,1.49526,1.49438,1.49448,1130.0
2026-05-11 22:00:00,1.49454,1.49472,1.4942,1.49459,741.0
2026-05-11 23:00:00,1.4946,1.49468,1.49402,1.49426,463.0
2026-05-12 00:00:00,1.4943,1.49446,1.49404,1.49414,323.0
2026-05-12 01:00:00,1.49414,1.49542,1.49411,1.49481,988.0
2026-05-12 02:00:00,1.49481,1.49536,1.49464,1.49488,995.0
2026-05-12 03:00:00,1.49494,1.49574,1.49485,1.49513,1361.0
2026-05-12 04:00:00,1.49518,1.49549,1.49458,1.49513,1367.0
2026-05-12 05:00:00,1.49518,1.49566,1.49511,1.49539,957.0
2026-05-12 06:00:00,1.49536,1.49546,1.49448,1.49454,776.0
2026-05-12 07:00:00,1.49454,1.49486,1.4937,1.49375,2296.0
2026-05-12 08:00:00,1.49373,1.49432,1.49342,1.49414,2791.0
2026-05-12 09:00:00,1.49412,1.49434,1.49276,1.49314,2435.0
2026-05-12 10:00:00,1.4932,1.49328,1.49248,1.493,2646.0
2026-05-12 11:00:00,1.49302,1.49335,1.49238,1.4932,2627.0
2026-05-12 12:00:00,1.49321,1.49372,1.49298,1.49306,1542.0
2026-05-12 13:00:00,1.49308,1.49315,1.49274,1.49306,1017.0
2026-05-12 14:00:00,1.49302,1.49348,1.49286,1.49339,1139.0
2026-05-12 15:00:00,1.49344,1.49372,1.49308,1.49314,799.0
2026-05-12 16:00:00,1.49316,1.49414,1.49308,1.49332,1438.0
2026-05-12 17:00:00,1.49301,1.49345,1.49204,1.49291,1694.0
2026-05-12 18:00:00,1.4928,1.4932,1.49262,1.4927,344.0
2026-05-12 19:00:00,1.49274,1.49292,1.4925,1.49256,687.0
2026-05-12 20:00:00,1.4926,1.49306,1.49256,1.49298,1173.0
2026-05-12 21:00:00,1.49294,1.49316,1.49252,1.49276,1038.0
2026-05-12 22:00:00,1.49282,1.49344,1.49271,1.49338,575.0
2026-05-12 23:00:00,1.49341,1.49348,1.49252,1.49255,563.0
2026-05-13 00:00:00,1.49258,1.49298,1.49252,1.49285,377.0
2026-05-13 01:00:00,1.4928,1.4929,1.4922,1.49224,717.0
2026-05-13 02:00:00,1.49224,1.49227,1.49101,1.49118,1101.0
2026-05-13 03:00:00,1.49114,1.49134,1.48963,1.4897,861.0
2026-05-13 04:00:00,1.48969,1.48976,1.48894,1.48914,856.0
2026-05-13 05:00:00,1.48914,1.48977,1.48881,1.4896,1011.0
2026-05-13 06:00:00,1.48962,1.49058,1.48918,1.4905,841.0
2026-05-13 07:00:00,1.49052,1.49071,1.49014,1.49018,1296.0
2026-05-13 08:00:00,1.49022,1.49051,1.48898,1.48995,2375.0
2026-05-13 09:00:00,1.49,1.49056,1.48966,1.49037,2680.0
2026-05-13 10:00:00,1.49034,1.49064,1.49,1.49032,2711.0
2026-05-13 11:00:00,1.49029,1.49054,1.4901,1.49022,2243.0
2026-05-13 12:00:00,1.49021,1.49074,1.49006,1.49014,1744.0
2026-05-13 13:00:00,1.49014,1.49032,1.49,1.49009,1060.0
2026-05-13 14:00:00,1.49008,1.49039,1.48988,1.49023,1453.0
2026-05-13 15:00:00,1.49018,1.49062,1.49018,1.49028,1165.0
2026-05-13 16:00:00,1.49034,1.491,1.48981,1.49094,784.0
2026-05-13 17:00:00,1.49029,1.49144,1.48994,1.4908,1397.0
2026-05-13 18:00:00,1.49084,1.4909,1.4903,1.49054,589.0
2026-05-13 19:00:00,1.49056,1.49086,1.49055,1.49064,498.0
2026-05-13 20:00:00,1.49065,1.4908,1.49039,1.49077,1115.0
2026-05-13 21:00:00,1.49072,1.491,1.49042,1.49068,1119.0
2026-05-13 22:00:00,1.49068,1.49095,1.4904,1.49046,810.0
2026-05-13 23:00:00,1.49046,1.49122,1.4904,1.49115,945.0
2026-05-14 00:00:00,1.49112,1.49124,1.49092,1.49117,1004.0
2026-05-14 01:00:00,1.49116,1.49149,1.4911,1.49111,959.0
2026-05-14 02:00:00,1.49112,1.49165,1.49048,1.49127,893.0
2026-05-14 03:00:00,1.49128,1.4915,1.49077,1.49112,865.0
2026-05-14 04:00:00,1.49108,1.49111,1.49069,1.49088,723.0
2026-05-14 05:00:00,1.49086,1.49105,1.4905,1.49056,885.0
2026-05-14 06:00:00,1.49055,1.49097,1.49048,1.49079,1324.0
2026-05-14 07:00:00,1.49084,1.49084,1.48999,1.49011,1511.0
2026-05-14 08:00:00,1.4901,1.49054,1.48972,1.48976,1959.0
2026-05-14 09:00:00,1.48977,1.49004,1.48914,1.48948,3254.0
2026-05-14 10:00:00,1.48945,1.49015,1.48857,1.4886,3115.0
2026-05-14 11:00:00,1.4886,1.48886,1.48808,1.48844,1992.0
2026-05-14 12:00:00,1.48844,1.48896,1.48834,1.4887,1478.0
2026-05-14 13:00:00,1.4887,1.48932,1.48865,1.4892,1729.0
2026-05-14 14:00:00,1.48922,1.48932,1.48893,1.48911,1043.0
2026-05-14 15:00:00,1.48916,1.48928,1.48886,1.48904,831.0
2026-05-14 16:00:00,1.48908,1.4892,1.48865,1.48905,577.0
2026-05-14 17:00:00,1.48916,1.48935,1.48754,1.48882,901.0
2026-05-14 18:00:00,1.4888,1.48924,1.48864,1.4888,335.0
2026-05-14 19:00:00,1.48884,1.489,1.48829,1.4887,795.0
2026-05-14 20:00:00,1.48872,1.4888,1.48822,1.48855,1563.0
2026-05-14 21:00:00,1.48856,1.48878,1.48824,1.48841,1261.0
2026-05-14 22:00:00,1.48842,1.4886,1.48826,1.48838,890.0
2026-05-14 23:00:00,1.48842,1.48852,1.48807,1.48818,1106.0
2026-05-15 00:00:00,1.48816,1.48864,1.48813,1.48851,806.0
2026-05-15 01:00:00,1.4885,1.48908,1.4881,1.4881,995.0
2026-05-15 02:00:00,1.48812,1.48896,1.48796,1.48807,1280.0
2026-05-15 03:00:00,1.48803,1.4887,1.48769,1.48814,1276.0
2026-05-15 04:00:00,1.48816,1.48868,1.48815,1.48858,1480.0
2026-05-15 05:00:00,1.48855,1.48879,1.4878,1.48828,1294.0
2026-05-15 06:00:00,1.4883,1.4896,1.4882,1.48909,1741.0
2026-05-15 07:00:00,1.48903,1.48928,1.48833,1.48852,2023.0
2026-05-15 08:00:00,1.48858,1.48868,1.48776,1.4882,2732.0
2026-05-15 09:00:00,1.48824,1.48885,1.48807,1.48844,3358.0
2026-05-15 10:00:00,1.48847,1.48892,1.48807,1.48834,3568.0
2026-05-15 11:00:00,1.48833,1.48876,1.4881,1.48868,1975.0
2026-05-15 12:00:00,1.48868,1.48886,1.48835,1.48882,1695.0
2026-05-15 13:00:00,1.48886,1.48886,1.4883,1.48833,1705.0
2026-05-15 14:00:00,1.48834,1.48834,1.48769,1.4881,1251.0
2026-05-15 15:00:00,1.4881,1.48828,1.48793,1.48814,566.0
2026-05-15 16:00:00,1.4881,1.48912,1.48798,1.48872,945.0
2026-05-17 17:00:00,1.48748,1.48817,1.48731,1.48817,58.0
2026-05-17 18:00:00,1.48808,1.48854,1.48762,1.48822,1574.0
2026-05-17 19:00:00,1.48824,1.48844,1.48788,1.4881,1109.0
2026-05-17 20:00:00,1.48814,1.48849,1.48762,1.48804,1257.0
2026-05-17 21:00:00,1.48804,1.48856,1.48798,1.48838,1355.0
2026-05-17 22:00:00,1.48844,1.48888,1.48842,1.48877,1234.0
2026-05-17 23:00:00,1.48881,1.48906,1.48864,1.4889,595.0
2026-05-18 00:00:00,1.48895,1.48916,1.48854,1.48878,618.0
2026-05-18 01:00:00,1.48878,1.48912,1.48829,1.48912,549.0
2026-05-18 02:00:00,1.48906,1.48942,1.48878,1.4893,758.0
2026-05-18 03:00:00,1.48933,1.48949,1.48844,1.4888,1177.0
2026-05-18 04:00:00,1.48879,1.48902,1.48818,1.48861,1020.0
2026-05-18 05:00:00,1.48864,1.48928,1.48858,1.489,876.0
2026-05-18 06:00:00,1.48903,1.48938,1.48852,1.48858,610.0
2026-05-18 07:00:00,1.48858,1.48966,1.48844,1.48916,2192.0
2026-05-18 08:00:00,1.48916,1.48977,1.48886,1.48902,3605.0
2026-05-18 09:00:00,1.48901,1.48946,1.48878,1.48928,2657.0
2026-05-18 10:00:00,1.48927,1.48952,1.48888,1.48895,3769.0
2026-05-18 11:00:00,1.48896,1.4899,1.48855,1.4895,2964.0
2026-05-18 12:00:00,1.48946,1.49026,1.48913,1.48985,1472.0
2026-05-18 13:00:00,1.48982,1.48998,1.48944,1.48944,1995.0
2026-05-18 14:00:00,1.48948,1.48958,1.48841,1.48848,1319.0
2026-05-18 15:00:00,1.48849,1.48978,1.48849,1.48956,3014.0
2026-05-18 16:00:00,1.48956,1.49044,1.4895,1.49036,827.0
2026-05-18 17:00:00,1.49077,1.49118,1.48989,1.49054,1933.0
2026-05-18 18:00:00,1.49062,1.49105,1.49002,1.49016,527.0
2026-05-18 19:00:00,1.49016,1.49019,1.48967,1.49,645.0
2026-05-18 20:00:00,1.48997,1.49017,1.48974,1.49,1619.0
2026-05-18 21:00:00,1.49,1.49048,1.48989,1.49022,1255.0
2026-05-18 22:00:00,1.49021,1.49038,1.48984,1.49018,826.0
2026-05-18 23:00:00,1.49016,1.49047,1.48997,1.49002,764.0
2026-05-19 00:00:00,1.49008,1.49024,1.48972,1.48976,671.0
2026-05-19 01:00:00,1.48979,1.49031,1.48966,1.49012,979.0
2026-05-19 02:00:00,1.49008,1.49045,1.48977,1.48991,742.0
2026-05-19 03:00:00,1.48987,1.49002,1.48945,1.48964,1038.0
2026-05-19 04:00:00,1.48967,1.48974,1.48872,1.48886,1299.0
2026-05-19 05:00:00,1.48889,1.48898,1.4881,1.4886,914.0
2026-05-19 06:00:00,1.48858,1.48905,1.48832,1.4887,1077.0
2026-05-19 07:00:00,1.48876,1.48886,1.48842,1.4885,2522.0
2026-05-19 08:00:00,1.48848,1.48899,1.48815,1.48831,2886.0
2026-05-19 09:00:00,1.4883,1.48901,1.48817,1.4888,2339.0
2026-05-19 10:00:00,1.4888,1.48907,1.48786,1.4879,3469.0
2026-05-19 11:00:00,1.48786,1.48794,1.48724,1.48778,3099.0
2026-05-19 12:00:00,1.48779,1.48788,1.4873,1.48778,1689.0
2026-05-19 13:00:00,1.4878,1.48814,1.4877,1.48807,1396.0
2026-05-19 14:00:00,1.48806,1.48837,1.48774,1.48778,1584.0
2026-05-19 15:00:00,1.48776,1.48806,1.48763,1.48799,1325.0
2026-05-19 16:00:00,1.48798,1.48839,1.48759,1.48839,887.0
2026-05-19 17:00:00,1.48804,1.48859,1.48631,1.48782,1827.0
2026-05-19 18:00:00,1.48772,1.4884,1.48772,1.48811,701.0
2026-05-19 19:00:00,1.4881,1.4883,1.48789,1.4881,704.0
2026-05-19 20:00:00,1.48809,1.48868,1.4876,1.48765,1648.0
2026-05-19 21:00:00,1.4877,1.48782,1.48706,1.48708,1359.0
2026-05-19 22:00:00,1.4871,1.48728,1.48665,1.48702,1052.0
2026-05-19 23:00:00,1.48701,1.48722,1.48678,1.48688,654.0
2026-05-20 00:00:00,1.48684,1.48706,1.4865,1.48678,611.0
2026-05-20 01:00:00,1.4868,1.487,1.48608,1.48636,738.0
2026-05-20 02:00:00,1.48635,1.48716,1.48611,1.48628,851.0
2026-05-20 03:00:00,1.48628,1.48646,1.48502,1.48506,1145.0
2026-05-20 04:00:00,1.48508,1.48511,1.48424,1.48442,973.0
2026-05-20 05:00:00,1.48442,1.48489,1.48433,1.48453,811.0
2026-05-20 06:00:00,1.48456,1.48545,1.4844,1.48534,671.0
2026-05-20 07:00:00,1.48539,1.4855,1.48491,1.48538,1556.0
2026-05-20 08:00:00,1.4854,1.48548,1.48466,1.48488,1622.0
2026-05-20 09:00:00,1.48486,1.48512,1.48462,1.4849,2479.0
2026-05-20 10:00:00,1.48494,1.48632,1.48427,1.48508,3356.0
2026-05-20 11:00:00,1.48512,1.48674,1.48498,1.48546,4129.0
2026-05-20 12:00:00,1.48542,1.48598,1.48542,1.48558,1719.0
2026-05-20 13:00:00,1.48558,1.4858,1.48501,1.48513,1260.0
2026-05-20 14:00:00,1.48521,1.48611,1.48472,1.48577,1826.0
2026-05-20 15:00:00,1.4858,1.48612,1.48564,1.48567,651.0
2026-05-20 16:00:00,1.48563,1.4864,1.48518,1.4858,1229.0
2026-05-20 17:00:00,1.48582,1.48647,1.48553,1.48599,2284.0
2026-05-20 18:00:00,1.48585,1.4861,1.48522,1.48558,914.0
2026-05-20 19:00:00,1.48561,1.48572,1.48526,1.48568,329.0
2026-05-20 20:00:00,1.48568,1.48612,1.48557,1.48602,1237.0
2026-05-20 21:00:00,1.48606,1.4871,1.48606,1.48668,1088.0
2026-05-20 22:00:00,1.4867,1.48694,1.48654,1.48684,747.0
2026-05-20 23:00:00,1.48682,1.48702,1.48644,1.48656,769.0
2026-05-21 00:00:00,1.48651,1.48678,1.48644,1.48662,949.0
2026-05-21 01:00:00,1.48662,1.48725,1.48657,1.48702,634.0
2026-05-21 02:00:00,1.48704,1.48759,1.4867,1.4871,905.0
2026-05-21 03:00:00,1.48706,1.48711,1.48433,1.48526,3047.0
2026-05-21 04:00:00,1.48524,1.48722,1.48511,1.4865,1640.0
2026-05-21 05:00:00,1.48652,1.48684,1.48626,1.48666,915.0
2026-05-21 06:00:00,1.48664,1.48684,1.48516,1.48575,1272.0
2026-05-21 07:00:00,1.4857,1.48605,1.48462,1.48492,1571.0
2026-05-21 08:00:00,1.48486,1.48552,1.4845,1.48462,2371.0
2026-05-21 09:00:00,1.48464,1.48484,1.48314,1.48416,2959.0
2026-05-21 10:00:00,1.48421,1.48428,1.48335,1.48353,2394.0
2026-05-21 11:00:00,1.48352,1.48377,1.4829,1.48336,3586.0
2026-05-21 12:00:00,1.48332,1.48414,1.48296,1.48394,1871.0
2026-05-21 13:00:00,1.48396,1.48506,1.4835,1.48471,2289.0
2026-05-21 14:00:00,1.48466,1.48518,1.48442,1.48458,1873.0
2026-05-21 15:00:00,1.48454,1.485,1.48436,1.48493,1262.0
2026-05-21 16:00:00,1.48488,1.48499,1.48433,1.48434,771.0
2026-05-21 17:00:00,1.48536,1.48594,1.48448,1.48474,937.0
2026-05-21 18:00:00,1.48418,1.48479,1.48376,1.48448,919.0
2026-05-21 19:00:00,1.48454,1.48474,1.48426,1.48454,370.0
2026-05-21 20:00:00,1.48454,1.48493,1.48438,1.48465,897.0
2026-05-21 21:00:00,1.48466,1.48521,1.48462,1.48507,791.0
2026-05-21 22:00:00,1.48502,1.48518,1.48484,1.48513,624.0
2026-05-21 23:00:00,1.48516,1.48521,1.48482,1.48498,412.0
2026-05-22 00:00:00,1.48498,1.48542,1.48486,1.48535,265.0
2026-05-22 01:00:00,1.4853,1.48558,1.48509,1.4852,652.0
2026-05-22 02:00:00,1.4852,1.4857,1.48487,1.4852,983.0
2026-05-22 03:00:00,1.48525,1.48574,1.48492,1.48556,1098.0
2026-05-22 04:00:00,1.48562,1.48592,1.48518,1.4857,913.0
2026-05-22 05:00:00,1.48572,1.48582,1.48489,1.48514,575.0
2026-05-22 06:00:00,1.4852,1.48544,1.48448,1.48469,478.0
2026-05-22 07:00:00,1.48476,1.48516,1.48442,1.48468,1043.0
2026-05-22 08:00:00,1.48464,1.48518,1.48448,1.4848,2017.0
2026-05-22 09:00:00,1.48485,1.48542,1.48462,1.4847,2327.0
2026-05-22 10:00:00,1.48469,1.48478,1.48372,1.48426,2929.0
2026-05-22 11:00:00,1.48425,1.485,1.48411,1.48482,2026.0
2026-05-22 12:00:00,1.48486,1.48541,1.48464,1.48534,771.0
2026-05-22 13:00:00,1.48532,1.48576,1.48518,1.4855,909.0
2026-05-22 14:00:00,1.48543,1.48564,1.48521,1.48529,885.0
2026-05-22 15:00:00,1.48522,1.48554,1.48502,1.48504,758.0
2026-05-22 16:00:00,1.48506,1.48548,1.48413,1.485,2061.0
2026-05-24 17:00:00,1.48869,1.48908,1.48758,1.4886,242.0
2026-05-24 18:00:00,1.48849,1.4885,1.4871,1.4874,1346.0
2026-05-24 19:00:00,1.48741,1.48758,1.48684,1.48686,514.0
2026-05-24 20:00:00,1.48686,1.48719,1.48577,1.48596,694.0
2026-05-24 21:00:00,1.48592,1.48649,1.48576,1.48612,917.0
2026-05-24 22:00:00,1.4862,1.48644,1.48598,1.48627,556.0
2026-05-24 23:00:00,1.48624,1.48658,1.48594,1.48648,682.0
2026-05-25 00:00:00,1.48646,1.48672,1.48622,1.48638,315.0
2026-05-25 01:00:00,1.48654,1.48698,1.48647,1.4867,739.0
2026-05-25 02:00:00,1.48676,1.48736,1.48664,1.48677,513.0
2026-05-25 03:00:00,1.48682,1.48702,1.4864,1.48679,808.0
2026-05-25 04:00:00,1.48675,1.48738,1.48647,1.487,423.0
2026-05-25 05:00:00,1.48696,1.48718,1.48668,1.48698,333.0
2026-05-25 06:00:00,1.48702,1.48742,1.48699,1.48738,168.0
2026-05-25 07:00:00,1.48736,1.4878,1.48724,1.48725,729.0
2026-05-25 08:00:00,1.4873,1.4879,1.4872,1.48765,517.0
2026-05-25 09:00:00,1.48766,1.48778,1.48682,1.48684,344.0
2026-05-25 10:00:00,1.48685,1.48724,1.48661,1.48668,395.0
2026-05-25 11:00:00,1.48669,1.48722,1.48662,1.48672,536.0
2026-05-25 12:00:00,1.48668,1.48678,1.48624,1.48652,226.0
2026-05-25 13:00:00,1.48651,1.4868,1.48644,1.4867,101.0
2026-05-25 14:00:00,1.48668,1.48682,1.4866,1.48678,57.0
2026-05-25 15:00:00,1.48682,1.48682,1.48645,1.48648,59.0
2026-05-25 16:00:00,1.48642,1.48698,1.48642,1.48682,226.0
2026-05-25 17:00:00,1.4865,1.48746,1.4861,1.4868,1733.0
2026-05-25 18:00:00,1.48698,1.48722,1.48613,1.48666,855.0
2026-05-25 19:00:00,1.48665,1.48682,1.4865,1.48658,598.0
2026-05-25 20:00:00,1.48658,1.48705,1.48624,1.48624,1347.0
2026-05-25 21:00:00,1.48623,1.4864,1.48574,1.48588,821.0
2026-05-25 22:00:00,1.48586,1.48624,1.48554,1.48613,665.0
2026-05-25 23:00:00,1.48607,1.48628,1.48587,1.48608,439.0
2026-05-26 00:00:00,1.48606,1.48607,1.48574,1.4858,301.0
2026-05-26 01:00:00,1.48586,1.48612,1.48572,1.48574,1079.0
2026-05-26 02:00:00,1.48574,1.4864,1.4857,1.48628,654.0
2026-05-26 03:00:00,1.48632,1.4873,1.48588,1.48676,1283.0
2026-05-26 04:00:00,1.48681,1.4877,1.48674,1.48722,755.0
2026-05-26 05:00:00,1.48722,1.48798,1.48703,1.48768,669.0
2026-05-26 06:00:00,1.48764,1.48782,1.48682,1.48712,696.0
2026-05-26 07:00:00,1.48714,1.48733,1.48656,1.48678,1949.0
2026-05-26 08:00:00,1.48678,1.48685,1.48624,1.48634,1902.0
2026-05-26 09:00:00,1.48632,1.48654,1.48486,1.48523,2237.0
2026-05-26 10:00:00,1.48522,1.48567,1.48469,1.48537,3044.0
2026-05-26 11:00:00,1.48542,1.48554,1.48496,1.48514,3026.0
2026-05-26 12:00:00,1.48515,1.48572,1.48504,1.48532,1458.0
2026-05-26 13:00:00,1.48534,1.48553,1.48502,1.48538,968.0
2026-05-26 14:00:00,1.48542,1.48583,1.48532,1.48568,759.0
2026-05-26 15:00:00,1.48559,1.48584,1.48542,1.48577,386.0
2026-05-26 16:00:00,1.48575,1.48654,1.48562,1.48633,403.0
2026-05-26 17:00:00,1.4862,1.4868,1.48604,1.48644,3230.0
2026-05-26 18:00:00,1.48644,1.48656,1.48576,1.48591,521.0
2026-05-26 19:00:00,1.48595,1.48608,1.4856,1.48584,256.0
2026-05-26 20:00:00,1.4858,1.48641,1.48569,1.48613,1398.0
2026-05-26 21:00:00,1.48614,1.48614,1.48564,1.48612,843.0
2026-05-26 22:00:00,1.48608,1.4865,1.486,1.4864,575.0
2026-05-26 23:00:00,1.48646,1.48652,1.48616,1.48643,315.0
2026-05-27 00:00:00,1.48638,1.48648,1.48605,1.48618,340.0
2026-05-27 01:00:00,1.48618,1.4866,1.48614,1.48646,658.0
2026-05-27 02:00:00,1.48652,1.4873,1.4863,1.48726,698.0
2026-05-27 03:00:00,1.4872,1.48784,1.48698,1.48716,731.0
2026-05-27 04:00:00,1.48716,1.48773,1.48688,1.48718,651.0
2026-05-27 05:00:00,1.48722,1.48722,1.48667,1.48683,495.0
2026-05-27 06:00:00,1.48679,1.48695,1.48633,1.48688,1017.0
2026-05-27 07:00:00,1.48689,1.4872,1.4866,1.48705,1514.0
2026-05-27 08:00:00,1.48706,1.48828,1.48685,1.4871,3409.0
2026-05-27 09:00:00,1.48716,1.48733,1.48588,1.48606,2057.0
2026-05-27 10:00:00,1.48604,1.48714,1.48504,1.4852,2882.0
2026-05-27 11:00:00,1.48518,1.48585,1.4849,1.4853,2462.0
2026-05-27 12:00:00,1.48529,1.48556,1.48488,1.4855,997.0
2026-05-27 13:00:00,1.48552,1.48562,1.48486,1.48534,1525.0
2026-05-27 14:00:00,1.48532,1.4856,1.48502,1.4855,1031.0
2026-05-27 15:00:00,1.48552,1.48584,1.48521,1.48536,589.0
2026-05-27 16:00:00,1.48536,1.48544,1.4845,1.48479,533.0
2026-05-27 17:00:00,1.48511,1.48629,1.48472,1.48502,2378.0
2026-05-27 18:00:00,1.48498,1.48552,1.48474,1.48507,441.0
2026-05-27 19:00:00,1.48512,1.48529,1.48458,1.48478,847.0
2026-05-27 20:00:00,1.48474,1.48556,1.48474,1.48546,1104.0
2026-05-27 21:00:00,1.48548,1.48584,1.48518,1.48526,771.0
2026-05-27 22:00:00,1.48527,1.48567,1.48518,1.48559,671.0
2026-05-27 23:00:00,1.4856,1.48564,1.48412,1.48415,914.0
2026-05-28 00:00:00,1.48422,1.48434,1.48372,1.4838,635.0
2026-05-28 01:00:00,1.48383,1.48414,1.48337,1.48398,750.0
2026-05-28 02:00:00,1.48392,1.48504,1.48392,1.48488,856.0
2026-05-28 03:00:00,1.48492,1.48559,1.48485,1.4853,1139.0
2026-05-28 04:00:00,1.48536,1.48614,1.48514,1.486,1146.0
2026-05-28 05:00:00,1.486,1.48613,1.48548,1.48572,731.0
2026-05-28 06:00:00,1.48578,1.48589,1.48529,1.48529,744.0
2026-05-28 07:00:00,1.48534,1.487,1.48522,1.48649,2582.0
2026-05-28 08:00:00,1.48648,1.48786,1.4864,1.48766,2541.0
2026-05-28 09:00:00,1.4877,1.48812,1.4874,1.48748,2272.0
2026-05-28 10:00:00,1.48746,1.48852,1.48611,1.48716,4457.0
2026-05-28 11:00:00,1.48716,1.48752,1.48675,1.48678,2764.0
2026-05-28 12:00:00,1.48678,1.48731,1.48649,1.48691,1881.0
2026-05-28 13:00:00,1.48692,1.48698,1.48658,1.48683,1149.0
2026-05-28 14:00:00,1.48685,1.48699,1.48648,1.48657,1146.0
2026-05-28 15:00:00,1.48651,1.4868,1.4864,1.48662,1302.0
2026-05-28 16:00:00,1.48658,1.48686,1.48612,1.48686,246.0
2026-05-28 17:00:00,1.48654,1.48688,1.48636,1.4865,1531.0
2026-05-28 18:00:00,1.48642,1.48712,1.48638,1.48686,488.0
2026-05-28 19:00:00,1.48692,1.48723,1.48678,1.4871,635.0
2026-05-28 20:00:00,1.48706,1.48754,1.48691,1.487,1391.0
2026-05-28 21:00:00,1.48703,1.48767,1.48642,1.48646,1309.0
2026-05-28 22:00:00,1.48646,1.4869,1.48642,1.48676,993.0
2026-05-28 23:00:00,1.48675,1.48678,1.48631,1.48646,806.0
2026-05-29 00:00:00,1.48643,1.48661,1.48608,1.48645,565.0
2026-05-29 01:00:00,1.48646,1.4868,1.48631,1.48662,736.0
2026-05-29 02:00:00,1.48662,1.48839,1.48654,1.48825,849.0
2026-05-29 03:00:00,1.48822,1.48836,1.4873,1.48752,1178.0
2026-05-29 04:00:00,1.48751,1.48751,1.4862,1.48637,1213.0
2026-05-29 05:00:00,1.48636,1.48768,1.48628,1.48758,1109.0
2026-05-29 06:00:00,1.48752,1.48816,1.48726,1.48776,867.0
2026-05-29 07:00:00,1.48773,1.48792,1.48711,1.48732,1625.0
2026-05-29 08:00:00,1.48734,1.48754,1.48686,1.48724,2173.0
2026-05-29 09:00:00,1.48724,1.48751,1.48684,1.48716,2493.0
2026-05-29 10:00:00,1.4872,1.48876,1.48672,1.48822,3765.0
2026-05-29 11:00:00,1.48828,1.49,1.48804,1.4896,3027.0
2026-05-29 12:00:00,1.48962,1.48972,1.48872,1.48924,1652.0
2026-05-29 13:00:00,1.48926,1.48944,1.48864,1.48886,1518.0
2026-05-29 14:00:00,1.48882,1.4891,1.48864,1.4889,873.0
2026-05-29 15:00:00,1.48896,1.48916,1.48867,1.48874,991.0
2026-05-29 16:00:00,1.48874,1.48909,1.48824,1.48875,1086.0
2026-05-31 17:00:00,1.48773,1.48943,1.48761,1.48781,574.0
2026-05-31 18:00:00,1.48784,1.48846,1.48716,1.48826,1247.0
2026-05-31 19:00:00,1.48828,1.48834,1.4874,1.48749,1008.0
2026-05-31 20:00:00,1.48753,1.48802,1.48735,1.488,1829.0
2026-05-31 21:00:00,1.48798,1.48814,1.48776,1.48804,982.0
2026-05-31 22:00:00,1.48807,1.48844,1.488,1.48818,754.0
2026-05-31 23:00:00,1.4882,1.48842,1.48768,1.48784,1090.0
2026-06-01 00:00:00,1.48788,1.4882,1.48782,1.48814,462.0
2026-06-01 01:00:00,1.48814,1.48846,1.48778,1.48794,715.0
2026-06-01 02:00:00,1.48794,1.48959,1.48792,1.48958,1175.0
2026-06-01 03:00:00,1.48954,1.48954,1.48875,1.48906,978.0
2026-06-01 04:00:00,1.48909,1.48936,1.48854,1.48895,1105.0
2026-06-01 05:00:00,1.48894,1.48924,1.48821,1.4886,922.0
2026-06-01 06:00:00,1.48861,1.48862,1.48794,1.48806,731.0
2026-06-01 07:00:00,1.48802,1.48828,1.48768,1.4881,1047.0
2026-06-01 08:00:00,1.48812,1.48848,1.4879,1.48806,1811.0
2026-06-01 09:00:00,1.48806,1.48828,1.48622,1.48631,4532.0
2026-06-01 10:00:00,1.4863,1.48666,1.48588,1.48662,3484.0
2026-06-01 11:00:00,1.48668,1.48678,1.48608,1.48644,2770.0
2026-06-01 12:00:00,1.48648,1.48692,1.48623,1.48684,1622.0
2026-06-01 13:00:00,1.48686,1.48734,1.48656,1.48722,1586.0
2026-06-01 14:00:00,1.48725,1.48744,1.48714,1.48734,836.0
2026-06-01 15:00:00,1.48727,1.48753,1.48694,1.48748,795.0
2026-06-01 16:00:00,1.48746,1.48775,1.48698,1.48775,1261.0
2026-06-01 17:00:00,1.48732,1.48856,1.48712,1.48767,1439.0
2026-06-01 18:00:00,1.48776,1.48802,1.48742,1.48754,999.0
2026-06-01 19:00:00,1.48756,1.48782,1.48733,1.48748,233.0
2026-06-01 20:00:00,1.48742,1.48782,1.48738,1.48744,1235.0
2026-06-01 21:00:00,1.48745,1.48777,1.4873,1.48766,1141.0
2026-06-01 22:00:00,1.48767,1.48768,1.48721,1.48722,965.0
2026-06-01 23:00:00,1.48725,1.48749,1.48725,1.48729,881.0
2026-06-02 00:00:00,1.4873,1.4879,1.48728,1.48766,574.0
2026-06-02 01:00:00,1.48767,1.48776,1.48738,1.48776,1044.0
2026-06-02 02:00:00,1.48778,1.48868,1.48763,1.48835,1514.0
2026-06-02 03:00:00,1.48836,1.48854,1.488,1.48839,1206.0
2026-06-02 04:00:00,1.4884,1.48862,1.48812,1.48825,787.0
2026-06-02 05:00:00,1.48826,1.4886,1.48793,1.48848,936.0
2026-06-02 06:00:00,1.48852,1.48898,1.48814,1.48882,900.0
2026-06-02 07:00:00,1.48882,1.48963,1.48878,1.48932,1096.0
2026-06-02 08:00:00,1.48934,1.48998,1.48914,1.48952,1625.0
2026-06-02 09:00:00,1.48955,1.4897,1.48891,1.48914,1507.0
2026-06-02 10:00:00,1.4891,1.4894,1.48814,1.48889,1985.0
2026-06-02 11:00:00,1.48886,1.48896,1.48815,1.4886,1418.0
2026-06-02 12:00:00,1.4886,1.48861,1.48772,1.48782,854.0
2026-06-02 13:00:00,1.48782,1.48804,1.48752,1.48764,817.0
2026-06-02 14:00:00,1.48763,1.48827,1.48695,1.488,727.0
2026-06-02 15:00:00,1.48807,1.48853,1.48802,1.48851,580.0
2026-06-02 16:00:00,1.48852,1.48868,1.4882,1.48828,330.0
2026-06-02 17:00:00,1.48778,1.48838,1.48697,1.48796,1279.0
2026-06-02 18:00:00,1.48798,1.48834,1.48774,1.48822,641.0
2026-06-02 19:00:00,1.48816,1.48828,1.48779,1.48792,621.0
2026-06-02 20:00:00,1.48792,1.48816,1.48774,1.48791,925.0
2026-06-02 21:00:00,1.48794,1.48808,1.48768,1.48784,823.0
2026-06-02 22:00:00,1.48789,1.48824,1.4878,1.48818,1327.0
2026-06-02 23:00:00,1.48824,1.4884,1.48802,1.48812,699.0
2026-06-03 00:00:00,1.48812,1.48826,1.48788,1.4882,503.0
2026-06-03 01:00:00,1.48817,1.48862,1.48808,1.4883,797.0
2026-06-03 02:00:00,1.48834,1.48881,1.488,1.48856,1038.0
2026-06-03 03:00:00,1.4886,1.48936,1.48835,1.4884,1287.0
2026-06-03 04:00:00,1.48841,1.48876,1.48823,1.48859,1047.0
2026-06-03 05:00:00,1.4886,1.48908,1.48852,1.48895,680.0
2026-06-03 06:00:00,1.48888,1.48922,1.4885,1.48896,981.0
2026-06-03 07:00:00,1.48899,1.4895,1.48878,1.48918,634.0
2026-06-03 08:00:00,1.48918,1.48921,1.48784,1.48818,1235.0
2026-06-03 09:00:00,1.48822,1.48891,1.48786,1.48875,1615.0
2026-06-03 10:00:00,1.48884,1.48964,1.48812,1.48954,1890.0
2026-06-03 11:00:00,1.48955,1.48962,1.48892,1.48909,1457.0
2026-06-03 12:00:00,1.48912,1.48914,1.48844,1.48886,811.0
2026-06-03 13:00:00,1.4889,1.48916,1.48872,1.48906,347.0
2026-06-03 14:00:00,1.48912,1.48934,1.48895,1.48922,581.0
2026-06-03 15:00:00,1.48918,1.48936,1.48909,1.48916,308.0
2026-06-03 16:00:00,1.48924,1.4894,1.48837,1.48846,400.0
2026-06-03 17:00:00,1.48832,1.48848,1.48756,1.48816,318.0
2026-06-03 18:00:00,1.48856,1.48982,1.48802,1.4892,390.0
2026-06-03 19:00:00,1.48924,1.48972,1.48916,1.4895,617.0
2026-06-03 20:00:00,1.48948,1.48969,1.48906,1.48922,876.0
2026-06-03 21:00:00,1.48926,1.48966,1.48896,1.48944,577.0
2026-06-03 22:00:00,1.48946,1.48981,1.48938,1.48954,949.0
2026-06-03 23:00:00,1.48959,1.4898,1.48934,1.48968,647.0
2026-06-04 00:00:00,1.48974,1.4901,1.48949,1.48984,743.0
2026-06-04 01:00:00,1.48984,1.48998,1.48957,1.48975,674.0
2026-06-04 02:00:00,1.4897,1.4903,1.48954,1.4901,930.0
2026-06-04 03:00:00,1.49014,1.49054,1.49,1.49038,732.0
2026-06-04 04:00:00,1.49041,1.49118,1.49027,1.4911,727.0
2026-06-04 05:00:00,1.49114,1.49226,1.49108,1.49197,875.0
2026-06-04 06:00:00,1.49196,1.49324,1.49196,1.49282,792.0
2026-06-04 07:00:00,1.49282,1.49342,1.49274,1.4928,993.0
2026-06-04 08:00:00,1.49292,1.4933,1.49256,1.49283,1587.0
2026-06-04 09:00:00,1.49281,1.49302,1.49255,1.49262,1496.0
2026-06-04 10:00:00,1.49262,1.49329,1.49242,1.493,1581.0
2026-06-04 11:00:00,1.49298,1.49307,1.49214,1.49252,1270.0
2026-06-04 12:00:00,1.49252,1.49268,1.49226,1.49232,900.0
2026-06-04 13:00:00,1.49228,1.49248,1.49224,1.49241,787.0
2026-06-04 14:00:00,1.49242,1.49246,1.49167,1.49197,512.0
2026-06-04 15:00:00,1.49198,1.49206,1.49166,1.4919,342.0
2026-06-04 16:00:00,1.49193,1.49204,1.4915,1.49152,281.0
2026-06-04 17:00:00,1.49132,1.49189,1.49066,1.49138,1953.0
2026-06-04 18:00:00,1.49118,1.49188,1.49096,1.49168,382.0
2026-06-04 19:00:00,1.49174,1.49196,1.49156,1.49195,235.0
2026-06-04 20:00:00,1.49192,1.4924,1.4918,1.49235,841.0
2026-06-04 21:00:00,1.49242,1.4937,1.49242,1.49298,622.0
2026-06-04 22:00:00,1.493,1.49304,1.49251,1.4927,819.0
2026-06-04 23:00:00,1.49274,1.49304,1.4925,1.49296,667.0
2026-06-05 00:00:00,1.49298,1.49302,1.49234,1.49253,677.0
2026-06-05 01:00:00,1.49258,1.4928,1.49242,1.49278,499.0
2026-06-05 02:00:00,1.49274,1.49296,1.49234,1.4928,713.0
2026-06-05 03:00:00,1.49278,1.49388,1.49274,1.49364,776.0
2026-06-05 04:00:00,1.4936,1.49426,1.4936,1.49412,730.0
2026-06-05 05:00:00,1.49406,1.49424,1.49313,1.49343,1252.0
2026-06-05 06:00:00,1.49346,1.49376,1.49336,1.49358,583.0
2026-06-05 07:00:00,1.49362,1.49403,1.49324,1.494,552.0
2026-06-05 08:00:00,1.49404,1.4941,1.49128,1.49134,2636.0
2026-06-05 09:00:00,1.49129,1.4922,1.49082,1.491,2620.0
2026-06-05 10:00:00,1.49105,1.4913,1.48925,1.48989,1901.0
2026-06-05 11:00:00,1.48988,1.49001,1.48807,1.48826,1441.0
2026-06-05 12:00:00,1.48825,1.48832,1.48748,1.48806,1119.0
2026-06-05 13:00:00,1.48812,1.48816,1.4873,1.48759,1028.0
2026-06-05 14:00:00,1.48765,1.48815,1.48731,1.4879,831.0
2026-06-05 15:00:00,1.48784,1.48797,1.48735,1.48748,472.0
2026-06-05 16:00:00,1.48746,1.48816,1.48704,1.4874,977.0
2026-06-07 17:00:00,1.48534,1.48624,1.48343,1.48623,269.0
2026-06-07 18:00:00,1.4861,1.48727,1.48564,1.48702,1395.0
2026-06-07 19:00:00,1.48706,1.48765,1.48696,1.48765,546.0
2026-06-07 20:00:00,1.4876,1.48781,1.48725,1.48776,680.0
2026-06-07 21:00:00,1.48772,1.48794,1.48662,1.48752,1371.0
2026-06-07 22:00:00,1.48753,1.48808,1.48696,1.48798,1012.0
2026-06-07 23:00:00,1.488,1.4883,1.48776,1.4883,1106.0
2026-06-08 00:00:00,1.48827,1.48827,1.48784,1.48802,964.0
2026-06-08 01:00:00,1.48809,1.48858,1.48692,1.48703,679.0
2026-06-08 02:00:00,1.48707,1.48723,1.48554,1.48563,836.0
2026-06-08 03:00:00,1.48564,1.48666,1.48556,1.48586,1039.0
2026-06-08 04:00:00,1.48582,1.48612,1.48428,1.48428,931.0
2026-06-08 05:00:00,1.48434,1.48454,1.48353,1.48424,983.0
2026-06-08 06:00:00,1.48428,1.48553,1.48414,1.4851,1374.0
2026-06-08 07:00:00,1.48512,1.48595,1.48496,1.48542,1360.0
2026-06-08 08:00:00,1.48541,1.48592,1.48526,1.48578,1770.0
2026-06-08 09:00:00,1.4858,1.48688,1.48578,1.48634,1762.0
2026-06-08 10:00:00,1.4864,1.48654,1.48574,1.48654,1331.0
2026-06-08 11:00:00,1.48658,1.48734,1.48638,1.48704,1409.0
2026-06-08 12:00:00,1.48703,1.4871,1.48654,1.48655,861.0
2026-06-08 13:00:00,1.48656,1.4868,1.48623,1.48634,607.0
2026-06-08 14:00:00,1.48636,1.48654,1.48564,1.4857,485.0
2026-06-08 15:00:00,1.48574,1.4862,1.48574,1.48594,356.0
2026-06-08 16:00:00,1.48596,1.48624,1.48562,1.48585,403.0
2026-06-08 17:00:00,1.48669,1.4869,1.48614,1.48651,1349.0
2026-06-08 18:00:00,1.48642,1.48664,1.48558,1.48596,746.0
2026-06-08 19:00:00,1.48596,1.48601,1.48572,1.48578,484.0
2026-06-08 20:00:00,1.48572,1.48616,1.48532,1.48548,898.0
2026-06-08 21:00:00,1.4855,1.48555,1.48512,1.48529,641.0
2026-06-08 22:00:00,1.48533,1.48542,1.48492,1.48515,528.0
2026-06-08 23:00:00,1.48514,1.48542,1.48485,1.4854,856.0
2026-06-09 00:00:00,1.48539,1.4858,1.4853,1.4855,382.0
2026-06-09 01:00:00,1.48546,1.48548,1.48407,1.4841,801.0
2026-06-09 02:00:00,1.48411,1.48506,1.48374,1.4844,1147.0
2026-06-09 03:00:00,1.48436,1.48496,1.4841,1.48472,755.0
2026-06-09 04:00:00,1.48475,1.4855,1.48442,1.48536,793.0
2026-06-09 05:00:00,1.48536,1.48652,1.48526,1.4865,885.0
2026-06-09 06:00:00,1.48652,1.48723,1.48634,1.48682,742.0
2026-06-09 07:00:00,1.48686,1.48752,1.48686,1.48746,850.0
2026-06-09 08:00:00,1.4874,1.48782,1.48714,1.48762,795.0
2026-06-09 09:00:00,1.48762,1.48802,1.48666,1.48677,1437.0
2026-06-09 10:00:00,1.48676,1.48718,1.48608,1.48681,1831.0
2026-06-09 11:00:00,1.4868,1.4872,1.48616,1.48678,1358.0
2026-06-09 12:00:00,1.48677,1.48698,1.48536,1.486,1818.0
2026-06-09 13:00:00,1.48594,1.48648,1.4858,1.48615,1027.0
2026-06-09 14:00:00,1.48611,1.48642,1.48594,1.48602,724.0
2026-06-09 15:00:00,1.48606,1.48609,1.48529,1.48546,490.0
2026-06-09 16:00:00,1.48548,1.48576,1.48514,1.48554,782.0
2026-06-09 17:00:00,1.48551,1.4857,1.48412,1.48456,1034.0
2026-06-09 18:00:00,1.48429,1.48552,1.4842,1.48508,502.0
2026-06-09 19:00:00,1.4851,1.48557,1.48493,1.48499,511.0
2026-06-09 20:00:00,1.48494,1.48544,1.48479,1.48536,809.0
2026-06-09 21:00:00,1.4854,1.48578,1.4851,1.48575,962.0
2026-06-09 22:00:00,1.48574,1.48685,1.48573,1.48652,1045.0
2026-06-09 23:00:00,1.48651,1.48688,1.48618,1.48679,933.0
2026-06-10 00:00:00,1.48679,1.48686,1.48639,1.48661,1318.0
2026-06-10 01:00:00,1.48666,1.48714,1.4866,1.48712,839.0
2026-06-10 02:00:00,1.48708,1.48778,1.48696,1.48702,941.0
2026-06-10 03:00:00,1.487,1.4879,1.48686,1.48751,951.0
2026-06-10 04:00:00,1.48754,1.48783,1.48722,1.4878,1158.0
2026-06-10 05:00:00,1.48785,1.4883,1.48746,1.48787,993.0
2026-06-10 06:00:00,1.48787,1.48819,1.4873,1.48738,1013.0
2026-06-10 07:00:00,1.48744,1.4875,1.48618,1.48634,1438.0
2026-06-10 08:00:00,1.4863,1.48802,1.48622,1.4871,2398.0
2026-06-10 09:00:00,1.48711,1.4879,1.48696,1.48702,1401.0
2026-06-10 10:00:00,1.48701,1.48724,1.486,1.48624,1952.0
2026-06-10 11:00:00,1.48625,1.4864,1.4852,1.48594,1750.0
2026-06-10 12:00:00,1.48598,1.48692,1.48596,1.48674,783.0
2026-06-10 13:00:00,1.48678,1.48682,1.48614,1.48653,676.0
2026-06-10 14:00:00,1.48655,1.4869,1.48628,1.48652,713.0
2026-06-10 15:00:00,1.48652,1.48662,1.48614,1.48618,430.0
2026-06-10 16:00:00,1.48617,1.48647,1.48433,1.48498,545.0
2026-06-10 17:00:00,1.4854,1.4859,1.48518,1.48561,1434.0
2026-06-10 18:00:00,1.4856,1.48598,1.48462,1.48556,770.0
2026-06-10 19:00:00,1.48558,1.48614,1.4853,1.48596,710.0
2026-06-10 20:00:00,1.48598,1.48636,1.48584,1.48603,831.0
2026-06-10 21:00:00,1.48604,1.48743,1.48604,1.48702,764.0
2026-06-10 22:00:00,1.48706,1.48732,1.48665,1.48684,721.0
2026-06-10 23:00:00,1.48685,1.4869,1.48602,1.48614,768.0
2026-06-11 00:00:00,1.48624,1.48649,1.4859,1.48632,713.0
2026-06-11 01:00:00,1.48632,1.4866,1.48618,1.48653,668.0
2026-06-11 02:00:00,1.48652,1.4866,1.486,1.48629,701.0
2026-06-11 03:00:00,1.48633,1.48717,1.48624,1.48664,863.0
2026-06-11 04:00:00,1.4866,1.48676,1.4857,1.48579,765.0
2026-06-11 05:00:00,1.48576,1.48624,1.48552,1.48574,961.0
2026-06-11 06:00:00,1.48572,1.48577,1.48506,1.48566,949.0
2026-06-11 07:00:00,1.4857,1.48641,1.48566,1.48601,1011.0
2026-06-11 08:00:00,1.48605,1.4867,1.48436,1.4864,3429.0
2026-06-11 09:00:00,1.48642,1.48654,1.48456,1.48518,1632.0
2026-06-11 10:00:00,1.48522,1.48534,1.4843,1.48486,1347.0
2026-06-11 11:00:00,1.48492,1.48495,1.48402,1.48412,1984.0
2026-06-11 12:00:00,1.4841,1.48414,1.48344,1.4838,870.0
2026-06-11 13:00:00,1.48374,1.48692,1.48315,1.4854,4221.0
2026-06-11 14:00:00,1.4854,1.48618,1.48496,1.48569,1478.0
2026-06-11 15:00:00,1.48574,1.48721,1.48574,1.48642,1084.0
2026-06-11 16:00:00,1.48638,1.4873,1.48598,1.48683,1153.0
2026-06-11 17:00:00,1.48853,1.48927,1.48708,1.4874,266.0
2026-06-11 18:00:00,1.48727,1.48743,1.48594,1.48712,799.0
2026-06-11 19:00:00,1.48708,1.48728,1.48622,1.48648,598.0
2026-06-11 20:00:00,1.48649,1.48657,1.4859,1.48636,1197.0
2026-06-11 21:00:00,1.48632,1.48642,1.48576,1.48579,1141.0
2026-06-11 22:00:00,1.48578,1.48646,1.48578,1.48634,1228.0
2026-06-11 23:00:00,1.48633,1.48676,1.48623,1.4864,987.0
2026-06-12 00:00:00,1.48644,1.48671,1.48634,1.48654,404.0
2026-06-12 01:00:00,1.48658,1.4869,1.48582,1.48582,1082.0
2026-06-12 02:00:00,1.48586,1.48708,1.48584,1.48696,1155.0
2026-06-12 03:00:00,1.48696,1.48696,1.48574,1.48617,1448.0
2026-06-12 04:00:00,1.48622,1.48676,1.48574,1.4861,1386.0
2026-06-12 05:00:00,1.4861,1.48654,1.48563,1.48644,871.0
2026-06-12 06:00:00,1.48645,1.48657,1.4857,1.48584,1064.0
2026-06-12 07:00:00,1.48584,1.48618,1.4855,1.48556,798.0
2026-06-12 08:00:00,1.48562,1.48578,1.48492,1.48506,1551.0
2026-06-12 09:00:00,1.48505,1.48623,1.48489,1.48576,1668.0
2026-06-12 10:00:00,1.48576,1.48606,1.48498,1.48505,1708.0
2026-06-12 11:00:00,1.48502,1.48597,1.48494,1.48552,1588.0
2026-06-12 12:00:00,1.48549,1.48556,1.48497,1.48542,1566.0
2026-06-12 13:00:00,1.48544,1.48568,1.48521,1.48554,1199.0
2026-06-12 14:00:00,1.48556,1.48588,1.4854,1.48556,590.0
2026-06-12 15:00:00,1.48554,1.4858,1.48514,1.48524,271.0
2026-06-12 16:00:00,1.48524,1.48624,1.4846,1.4856,1010.0
2026-06-14 17:00:00,1.48566,1.49063,1.48527,1.4898,2624.0
2026-06-14 18:00:00,1.48912,1.49065,1.48731,1.48778,1837.0
2026-06-14 19:00:00,1.4877,1.48796,1.4865,1.48669,979.0
2026-06-14 20:00:00,1.48668,1.48691,1.48619,1.48636,1321.0
2026-06-14 21:00:00,1.48637,1.48697,1.48603,1.48668,733.0
2026-06-14 22:00:00,1.48672,1.48706,1.48627,1.48703,550.0
2026-06-14 23:00:00,1.48703,1.48752,1.48665,1.48742,555.0
2026-06-15 00:00:00,1.48744,1.48816,1.48739,1.48816,459.0
2026-06-15 01:00:00,1.48816,1.48878,1.48773,1.4881,999.0
2026-06-15 02:00:00,1.4881,1.48816,1.4874,1.48762,1166.0
2026-06-15 03:00:00,1.48767,1.4881,1.48718,1.48742,1035.0
2026-06-15 04:00:00,1.4874,1.4878,1.4867,1.48696,802.0
2026-06-15 05:00:00,1.48694,1.48811,1.48683,1.48797,698.0
2026-06-15 06:00:00,1.48798,1.48872,1.48786,1.48843,1029.0
2026-06-15 07:00:00,1.48848,1.48884,1.48816,1.48836,710.0
2026-06-15 08:00:00,1.4884,1.48895,1.48808,1.48862,1068.0
2026-06-15 09:00:00,1.48866,1.48914,1.48834,1.48877,1092.0
2026-06-15 10:00:00,1.48872,1.48892,1.48778,1.48802,1102.0
2026-06-15 11:00:00,1.48796,1.48804,1.48718,1.48734,731.0
2026-06-15 12:00:00,1.48729,1.48812,1.4872,1.48794,510.0
2026-06-15 13:00:00,1.48792,1.48804,1.48755,1.4878,692.0
2026-06-15 14:00:00,1.48778,1.48804,1.48726,1.48736,737.0
2026-06-15 15:00:00,1.4874,1.48752,1.48669,1.48674,736.0
2026-06-15 16:00:00,1.48669,1.48724,1.48643,1.48657,1100.0
2026-06-15 17:00:00,1.4871,1.48721,1.48618,1.48654,1290.0
2026-06-15 18:00:00,1.48644,1.48688,1.48618,1.48668,496.0
2026-06-15 19:00:00,1.48669,1.48712,1.48664,1.48698,264.0
2026-06-15 20:00:00,1.48695,1.4872,1.48672,1.48697,936.0
2026-06-15 21:00:00,1.48692,1.48704,1.48654,1.48662,910.0
2026-06-15 22:00:00,1.48665,1.48672,1.48633,1.48654,616.0
2026-06-15 23:00:00,1.48658,1.48672,1.48628,1.48634,752.0
2026-06-16 00:00:00,1.48636,1.48643,1.48583,1.48599,1148.0
2026-06-16 01:00:00,1.48604,1.48604,1.48564,1.48574,556.0
2026-06-16 02:00:00,1.48574,1.48656,1.48559,1.48628,1022.0
2026-06-16 03:00:00,1.48628,1.48706,1.48598,1.48668,833.0
2026-06-16 04:00:00,1.48672,1.48751,1.48666,1.48744,902.0
2026-06-16 05:00:00,1.48743,1.48794,1.48689,1.4871,1032.0
2026-06-16 06:00:00,1.48711,1.48782,1.48695,1.4877,722.0
2026-06-16 07:00:00,1.48766,1.48772,1.48686,1.48702,591.0
2026-06-16 08:00:00,1.48697,1.48712,1.48641,1.4869,1005.0
2026-06-16 09:00:00,1.48683,1.48733,1.48629,1.48652,1040.0
2026-06-16 10:00:00,1.48649,1.48792,1.48616,1.4877,1046.0
2026-06-16 11:00:00,1.48776,1.48871,1.48732,1.48844,1394.0
2026-06-16 12:00:00,1.48841,1.48895,1.48839,1.4885,1010.0
2026-06-16 13:00:00,1.48848,1.48881,1.48848,1.48862,964.0
2026-06-16 14:00:00,1.48865,1.48881,1.48825,1.48866,542.0
2026-06-16 15:00:00,1.48872,1.48892,1.48854,1.48873,447.0
2026-06-16 16:00:00,1.48874,1.48894,1.48786,1.48833,822.0
2026-06-16 17:00:00,1.48822,1.48909,1.48813,1.48823,1048.0
2026-06-16 18:00:00,1.4883,1.48926,1.48824,1.48909,1962.0
2026-06-16 19:00:00,1.48906,1.48926,1.48873,1.48876,810.0
2026-06-16 20:00:00,1.48877,1.48909,1.48864,1.48882,683.0
2026-06-16 21:00:00,1.48882,1.48886,1.48828,1.48856,618.0
2026-06-16 22:00:00,1.48851,1.4886,1.48833,1.48833,352.0
2026-06-16 23:00:00,1.48836,1.48858,1.48812,1.48816,341.0
2026-06-17 00:00:00,1.48816,1.48841,1.48806,1.48816,272.0
2026-06-17 01:00:00,1.48818,1.48856,1.48806,1.48838,543.0
2026-06-17 02:00:00,1.48848,1.48874,1.48788,1.48844,667.0
2026-06-17 03:00:00,1.48841,1.48899,1.48796,1.48814,569.0
2026-06-17 04:00:00,1.4881,1.48818,1.4876,1.488,789.0
2026-06-17 05:00:00,1.48799,1.4884,1.48784,1.48838,472.0
2026-06-17 06:00:00,1.48833,1.48868,1.48791,1.4881,500.0
2026-06-17 07:00:00,1.48804,1.48817,1.48713,1.4878,630.0
2026-06-17 08:00:00,1.48783,1.48844,1.48762,1.48838,635.0
2026-06-17 09:00:00,1.48834,1.48837,1.48746,1.4876,736.0
2026-06-17 10:00:00,1.48761,1.48774,1.48668,1.48736,1239.0
2026-06-17 11:00:00,1.48731,1.48762,1.48705,1.48724,875.0
2026-06-17 12:00:00,1.4873,1.48734,1.48692,1.48712,616.0
2026-06-17 13:00:00,1.4871,1.48879,1.48688,1.48879,926.0
2026-06-17 14:00:00,1.48815,1.48881,1.48327,1.48461,12740.0
2026-06-17 15:00:00,1.48457,1.48482,1.4807,1.48194,4986.0
2026-06-17 16:00:00,1.48194,1.48246,1.48085,1.48144,2119.0
2026-06-17 17:00:00,1.48171,1.4827,1.48132,1.48134,1256.0
2026-06-17 18:00:00,1.48143,1.48255,1.48143,1.48236,1024.0
2026-06-17 19:00:00,1.48234,1.48246,1.48204,1.48218,427.0
2026-06-17 20:00:00,1.48215,1.48319,1.48208,1.4831,1166.0
2026-06-17 21:00:00,1.48305,1.48333,1.48266,1.48272,762.0
2026-06-17 22:00:00,1.48267,1.48286,1.48218,1.48236,585.0
2026-06-17 23:00:00,1.4824,1.48282,1.48235,1.48276,483.0
2026-06-18 00:00:00,1.48282,1.48302,1.48247,1.48286,712.0
2026-06-18 01:00:00,1.48292,1.48296,1.48216,1.48228,492.0
2026-06-18 02:00:00,1.48229,1.4839,1.48228,1.48348,984.0
2026-06-18 03:00:00,1.48345,1.4837,1.48266,1.48285,1053.0
2026-06-18 04:00:00,1.48286,1.48298,1.48089,1.48094,1352.0
2026-06-18 05:00:00,1.48103,1.48122,1.48024,1.48037,1029.0
2026-06-18 06:00:00,1.4804,1.48042,1.4793,1.47942,945.0
2026-06-18 07:00:00,1.47942,1.47994,1.47886,1.47924,1094.0
2026-06-18 08:00:00,1.47919,1.48072,1.47886,1.47972,1587.0
2026-06-18 09:00:00,1.47973,1.48053,1.47919,1.47932,1332.0
2026-06-18 10:00:00,1.47935,1.48014,1.47899,1.4801,1343.0
2026-06-18 11:00:00,1.48016,1.48034,1.47974,1.48004,1108.0
2026-06-18 12:00:00,1.48008,1.48018,1.47952,1.4798,896.0
2026-06-18 13:00:00,1.4798,1.48027,1.47939,1.47943,577.0
2026-06-18 14:00:00,1.4795,1.47981,1.47934,1.47959,715.0
2026-06-18 15:00:00,1.47964,1.47967,1.47862,1.47908,849.0
2026-06-18 16:00:00,1.47912,1.47926,1.47798,1.47845,1626.0
2026-06-18 17:00:00,1.47894,1.47944,1.47759,1.47928,2414.0
2026-06-18 18:00:00,1.47934,1.47934,1.47848,1.47912,1931.0
2026-06-18 19:00:00,1.47912,1.47914,1.47856,1.47876,447.0
2026-06-18 20:00:00,1.47876,1.47914,1.47857,1.47861,667.0
2026-06-18 21:00:00,1.47862,1.47918,1.47861,1.47876,1087.0
2026-06-18 22:00:00,1.4788,1.47915,1.47874,1.47889,429.0
2026-06-18 23:00:00,1.47884,1.47918,1.47826,1.47865,535.0
2026-06-19 00:00:00,1.4787,1.47884,1.47764,1.4777,456.0
2026-06-19 01:00:00,1.4777,1.47787,1.47681,1.4775,1337.0
2026-06-19 02:00:00,1.47747,1.47834,1.4774,1.47834,830.0
2026-06-19 03:00:00,1.47831,1.4799,1.47831,1.4796,771.0
2026-06-19 04:00:00,1.4796,1.4809,1.4796,1.48052,852.0
2026-06-19 05:00:00,1.48048,1.48048,1.47953,1.47954,455.0
2026-06-19 06:00:00,1.4795,1.4801,1.47876,1.47996,467.0
2026-06-19 07:00:00,1.48,1.48056,1.47976,1.4799,648.0
2026-06-19 08:00:00,1.48,1.48104,1.47989,1.48062,729.0
2026-06-19 09:00:00,1.48064,1.48106,1.48012,1.48093,869.0
2026-06-19 10:00:00,1.48094,1.4817,1.48044,1.48164,687.0
2026-06-19 11:00:00,1.48164,1.4824,1.48096,1.48124,458.0
2026-06-19 12:00:00,1.48126,1.48178,1.481,1.48172,235.0
2026-06-19 13:00:00,1.48173,1.48241,1.48148,1.48214,1655.0
2026-06-19 14:00:00,1.4822,1.48268,1.48206,1.48241,1271.0
2026-06-19 15:00:00,1.48237,1.48254,1.48202,1.48228,495.0
2026-06-19 16:00:00,1.4823,1.48254,1.48052,1.48097,1652.0
2026-06-21 17:00:00,1.48084,1.48166,1.48011,1.48066,1017.0
2026-06-21 18:00:00,1.48048,1.48154,1.48002,1.48126,1211.0
2026-06-21 19:00:00,1.48128,1.48163,1.48124,1.48156,1072.0
2026-06-21 20:00:00,1.48153,1.48178,1.48103,1.4814,855.0
2026-06-21 21:00:00,1.4814,1.48175,1.48101,1.48118,1240.0
2026-06-21 22:00:00,1.48112,1.4816,1.48101,1.48146,735.0
2026-06-21 23:00:00,1.48148,1.48168,1.48072,1.4808,595.0
2026-06-22 00:00:00,1.48085,1.48116,1.48062,1.48098,633.0
2026-06-22 01:00:00,1.48104,1.4813,1.48086,1.4809,552.0
2026-06-22 02:00:00,1.48088,1.48169,1.48044,1.48156,878.0
2026-06-22 03:00:00,1.48153,1.48172,1.48024,1.4803,808.0
2026-06-22 04:00:00,1.48035,1.48098,1.48008,1.48068,873.0
2026-06-22 05:00:00,1.48074,1.48166,1.48062,1.48144,855.0
2026-06-22 06:00:00,1.48144,1.48179,1.48123,1.48148,610.0
2026-06-22 07:00:00,1.48142,1.48144,1.48042,1.48065,763.0
2026-06-22 08:00:00,1.48064,1.48148,1.48047,1.48116,1093.0
2026-06-22 09:00:00,1.48116,1.48118,1.47873,1.47873,1903.0
2026-06-22 10:00:00,1.47871,1.47998,1.47837,1.47971,1754.0
2026-06-22 11:00:00,1.47974,1.47997,1.47865,1.47872,1047.0
2026-06-22 12:00:00,1.47876,1.47876,1.47804,1.47842,1010.0
2026-06-22 13:00:00,1.47841,1.47862,1.4781,1.47816,732.0
2026-06-22 14:00:00,1.4782,1.47844,1.4774,1.47762,864.0
2026-06-22 15:00:00,1.47763,1.47782,1.47729,1.47776,482.0
2026-06-22 16:00:00,1.47779,1.47839,1.4777,1.47803,562.0
2026-06-22 17:00:00,1.4777,1.4781,1.4772,1.47746,1463.0
2026-06-22 18:00:00,1.47766,1.47806,1.4775,1.47796,585.0
2026-06-22 19:00:00,1.478,1.47822,1.47774,1.4782,208.0
2026-06-22 20:00:00,1.47814,1.47842,1.47796,1.47818,780.0
2026-06-22 21:00:00,1.47825,1.47826,1.47748,1.4778,656.0
2026-06-22 22:00:00,1.47778,1.47849,1.47774,1.47844,419.0
2026-06-22 23:00:00,1.47848,1.47878,1.47801,1.4785,519.0
2026-06-23 00:00:00,1.47849,1.4787,1.47781,1.47797,505.0
2026-06-23 01:00:00,1.47798,1.47848,1.47794,1.47834,652.0
2026-06-23 02:00:00,1.47834,1.47983,1.47826,1.47918,768.0
2026-06-23 03:00:00,1.47918,1.48034,1.47801,1.47832,1291.0
2026-06-23 04:00:00,1.47834,1.4784,1.47746,1.47816,871.0
2026-06-23 05:00:00,1.47811,1.47811,1.47736,1.47744,667.0
2026-06-23 06:00:00,1.47748,1.47768,1.47659,1.47706,676.0
2026-06-23 07:00:00,1.47703,1.47713,1.47563,1.47579,930.0
2026-06-23 08:00:00,1.47586,1.47644,1.47534,1.47614,1238.0
2026-06-23 09:00:00,1.47612,1.47682,1.47584,1.47628,1220.0
2026-06-23 10:00:00,1.47628,1.47662,1.4752,1.47576,1388.0
2026-06-23 11:00:00,1.47576,1.47632,1.4751,1.47632,870.0
2026-06-23 12:00:00,1.47632,1.47644,1.47584,1.47612,742.0
2026-06-23 13:00:00,1.47612,1.47639,1.47584,1.47622,805.0
2026-06-23 14:00:00,1.47624,1.47634,1.47594,1.47611,582.0
2026-06-23 15:00:00,1.47612,1.47624,1.47577,1.47582,905.0
2026-06-23 16:00:00,1.47588,1.47606,1.47556,1.47578,652.0
2026-06-23 17:00:00,1.47564,1.47632,1.47561,1.47567,540.0
2026-06-23 18:00:00,1.47573,1.47601,1.47524,1.47587,405.0
2026-06-23 19:00:00,1.4758,1.47605,1.47565,1.47566,388.0
2026-06-23 20:00:00,1.47564,1.4759,1.47519,1.47556,965.0
2026-06-23 21:00:00,1.4756,1.4756,1.47492,1.47538,680.0
2026-06-23 22:00:00,1.47532,1.47548,1.47487,1.47496,491.0
2026-06-23 23:00:00,1.47498,1.47505,1.47443,1.47472,420.0
2026-06-24 00:00:00,1.47472,1.47495,1.47418,1.47425,435.0
2026-06-24 01:00:00,1.47428,1.47459,1.47397,1.47403,494.0
2026-06-24 02:00:00,1.47402,1.4747,1.47336,1.4736,700.0
2026-06-24 03:00:00,1.47356,1.4739,1.47248,1.47272,1369.0
2026-06-24 04:00:00,1.47274,1.47342,1.47166,1.473,1009.0
2026-06-24 05:00:00,1.47306,1.47359,1.47268,1.47315,715.0
2026-06-24 06:00:00,1.47316,1.47326,1.4727,1.47292,860.0
2026-06-24 07:00:00,1.47294,1.47348,1.47221,1.47248,1088.0
2026-06-24 08:00:00,1.47247,1.473,1.47126,1.4717,1500.0
2026-06-24 09:00:00,1.47169,1.47294,1.4712,1.47266,1505.0
2026-06-24 10:00:00,1.47264,1.47333,1.4717,1.47254,1945.0
2026-06-24 11:00:00,1.47258,1.47404,1.47237,1.47288,1050.0
2026-06-24 12:00:00,1.47288,1.4744,1.47274,1.47377,1290.0
2026-06-24 13:00:00,1.47374,1.4739,1.47315,1.4734,685.0
2026-06-24 14:00:00,1.47343,1.47414,1.47342,1.47402,704.0
2026-06-24 15:00:00,1.47408,1.4743,1.47351,1.47357,500.0
2026-06-24 16:00:00,1.47353,1.47391,1.47344,1.47358,772.0
2026-06-24 17:00:00,1.474,1.47422,1.47292,1.47353,2181.0
2026-06-24 18:00:00,1.47356,1.47398,1.47338,1.47344,274.0
2026-06-24 19:00:00,1.47341,1.47347,1.47304,1.47314,484.0
2026-06-24 20:00:00,1.4732,1.47344,1.47275,1.4731,1046.0
2026-06-24 21:00:00,1.47312,1.47358,1.4728,1.47324,1025.0
2026-06-24 22:00:00,1.47318,1.47412,1.47302,1.47412,544.0
2026-06-24 23:00:00,1.47418,1.47448,1.47387,1.47428,520.0
2026-06-25 00:00:00,1.47428,1.47452,1.47383,1.47394,466.0
2026-06-25 01:00:00,1.47394,1.47402,1.47326,1.47359,536.0
2026-06-25 02:00:00,1.47356,1.47418,1.47274,1.47274,640.0
2026-06-25 03:00:00,1.47275,1.4732,1.47196,1.47268,952.0
2026-06-25 04:00:00,1.47274,1.47422,1.47269,1.47358,725.0
2026-06-25 05:00:00,1.47364,1.47435,1.47319,1.47323,889.0
2026-06-25 06:00:00,1.47324,1.47329,1.4719,1.4721,642.0
2026-06-25 07:00:00,1.47215,1.47215,1.47099,1.47152,856.0
2026-06-25 08:00:00,1.47156,1.47312,1.47138,1.47232,2123.0
2026-06-25 09:00:00,1.47228,1.47349,1.47204,1.47346,1612.0
2026-06-25 10:00:00,1.4735,1.47454,1.47324,1.47369,2013.0
2026-06-25 11:00:00,1.47372,1.47504,1.47368,1.47464,1583.0
2026-06-25 12:00:00,1.47468,1.4747,1.47398,1.47404,824.0
2026-06-25 13:00:00,1.474,1.47431,1.47384,1.47412,842.0
2026-06-25 14:00:00,1.47418,1.47482,1.47402,1.47411,646.0
2026-06-25 15:00:00,1.47414,1.47476,1.47386,1.47408,455.0
2026-06-25 16:00:00,1.47408,1.47452,1.47372,1.47377,1429.0
2026-06-25 17:00:00,1.4747,1.47492,1.47324,1.47468,313.0
2026-06-25 18:00:00,1.47462,1.47464,1.4738,1.47403,570.0
2026-06-25 19:00:00,1.47409,1.47422,1.47324,1.47346,762.0
2026-06-25 20:00:00,1.47349,1.47415,1.47341,1.47386,1485.0
2026-06-25 21:00:00,1.47384,1.4741,1.47292,1.47314,685.0
2026-06-25 22:00:00,1.47309,1.4737,1.47308,1.4735,561.0
2026-06-25 23:00:00,1.47346,1.47432,1.47342,1.47421,698.0
2026-06-26 00:00:00,1.47428,1.47452,1.47377,1.47448,525.0
2026-06-26 01:00:00,1.47444,1.47468,1.47417,1.47422,831.0
2026-06-26 02:00:00,1.47422,1.47448,1.47292,1.47382,780.0
2026-06-26 03:00:00,1.47377,1.47484,1.47356,1.47452,1043.0
2026-06-26 04:00:00,1.47448,1.47614,1.47426,1.47552,1049.0
2026-06-26 05:00:00,1.47551,1.47597,1.47499,1.47563,967.0
2026-06-26 06:00:00,1.47567,1.47584,1.47516,1.47555,765.0
2026-06-26 07:00:00,1.47554,1.47589,1.47505,1.47536,855.0
2026-06-26 08:00:00,1.47539,1.4785,1.47532,1.4779,1204.0
2026-06-26 09:00:00,1.47796,1.47808,1.47685,1.4775,1600.0
2026-06-26 10:00:00,1.47746,1.47776,1.47418,1.47424,1784.0
2026-06-26 11:00:00,1.47428,1.47526,1.47397,1.47484,1527.0
2026-06-26 12:00:00,1.47484,1.4749,1.47322,1.47406,827.0
2026-06-26 13:00:00,1.47402,1.47434,1.47363,1.47381,765.0
2026-06-26 14:00:00,1.4738,1.47424,1.47369,1.47391,523.0
2026-06-26 15:00:00,1.47389,1.4741,1.47338,1.47394,704.0
2026-06-26 16:00:00,1.47398,1.47443,1.47321,1.47346,1618.0
2026-06-28 17:00:00,1.47404,1.47428,1.47284,1.47329,54.0
2026-06-28 18:00:00,1.47321,1.4738,1.4725,1.47368,774.0
2026-06-28 19:00:00,1.47368,1.47403,1.47362,1.47396,452.0
2026-06-28 20:00:00,1.47394,1.47444,1.4738,1.47411,1432.0
2026-06-28 21:00:00,1.47414,1.47438,1.47368,1.47412,768.0
2026-06-28 22:00:00,1.47418,1.47429,1.47362,1.47374,736.0
2026-06-28 23:00:00,1.47376,1.47394,1.4734,1.47342,580.0
2026-06-29 00:00:00,1.47347,1.47353,1.47318,1.4734,618.0
2026-06-29 01:00:00,1.47343,1.47395,1.47338,1.47393,854.0
2026-06-29 02:00:00,1.4739,1.4761,1.47376,1.47584,820.0
2026-06-29 03:00:00,1.47579,1.47588,1.47438,1.47478,974.0
2026-06-29 04:00:00,1.47482,1.47534,1.47424,1.47458,746.0
2026-06-29 05:00:00,1.47464,1.47525,1.47426,1.47522,767.0
2026-06-29 06:00:00,1.47518,1.47538,1.47476,1.47509,649.0
2026-06-29 07:00:00,1.47506,1.47566,1.47454,1.47546,734.0
2026-06-29 08:00:00,1.47546,1.47559,1.47498,1.47518,766.0
2026-06-29 09:00:00,1.47518,1.47632,1.47492,1.47607,1115.0
2026-06-29 10:00:00,1.47611,1.47743,1.47574,1.47728,1586.0
2026-06-29 11:00:00,1.47732,1.47744,1.47608,1.47644,964.0
2026-06-29 12:00:00,1.47645,1.47724,1.47643,1.47687,721.0
2026-06-29 13:00:00,1.4769,1.47703,1.47646,1.47688,489.0
2026-06-29 14:00:00,1.47682,1.47696,1.47659,1.47668,440.0
2026-06-29 15:00:00,1.47664,1.47678,1.47638,1.47662,621.0
2026-06-29 16:00:00,1.47668,1.47694,1.47634,1.47682,464.0
2026-06-29 17:00:00,1.47718,1.4777,1.47706,1.47724,1046.0
2026-06-29 18:00:00,1.47726,1.47727,1.47644,1.47658,419.0
2026-06-29 19:00:00,1.47654,1.47661,1.47614,1.47614,249.0
2026-06-29 20:00:00,1.47612,1.47673,1.47594,1.47666,942.0
2026-06-29 21:00:00,1.47672,1.47675,1.47492,1.47506,947.0
2026-06-29 22:00:00,1.47504,1.47568,1.475,1.4754,625.0
2026-06-29 23:00:00,1.47544,1.47548,1.47491,1.47536,403.0
2026-06-30 00:00:00,1.47535,1.47535,1.47438,1.47445,555.0
2026-06-30 01:00:00,1.47445,1.47498,1.47394,1.47422,756.0
2026-06-30 02:00:00,1.47422,1.476,1.47407,1.47592,848.0
2026-06-30 03:00:00,1.4759,1.47639,1.47526,1.47555,888.0
2026-06-30 04:00:00,1.47549,1.47562,1.47437,1.47506,1431.0
2026-06-30 05:00:00,1.47504,1.47564,1.47475,1.47548,806.0
2026-06-30 06:00:00,1.47547,1.47598,1.4751,1.47588,731.0
2026-06-30 07:00:00,1.47587,1.47604,1.47468,1.47526,932.0
2026-06-30 08:00:00,1.47528,1.47638,1.47502,1.47579,1542.0
2026-06-30 09:00:00,1.47584,1.47652,1.4756,1.47576,1010.0
2026-06-30 10:00:00,1.47576,1.47909,1.47517,1.47896,2558.0
2026-06-30 11:00:00,1.47894,1.47916,1.47762,1.47791,1503.0
2026-06-30 12:00:00,1.47792,1.478,1.47738,1.47761,1136.0
2026-06-30 13:00:00,1.47766,1.47804,1.47764,1.47797,827.0
2026-06-30 14:00:00,1.47798,1.47848,1.47756,1.47774,656.0
2026-06-30 15:00:00,1.4777,1.47824,1.47732,1.47817,690.0
2026-06-30 16:00:00,1.47818,1.47831,1.47723,1.47777,968.0
2026-06-30 17:00:00,1.47779,1.47808,1.47726,1.47778,1631.0
2026-06-30 18:00:00,1.4778,1.47809,1.47751,1.47766,220.0
2026-06-30 19:00:00,1.47766,1.47766,1.47707,1.4771,169.0
2026-06-30 20:00:00,1.47718,1.47764,1.4771,1.47755,742.0
2026-06-30 21:00:00,1.47755,1.47758,1.47708,1.47736,907.0
2026-06-30 22:00:00,1.47742,1.47802,1.47719,1.47792,554.0
2026-06-30 23:00:00,1.47794,1.47856,1.4779,1.47842,542.0
2026-07-01 00:00:00,1.47838,1.47866,1.47828,1.47849,528.0
2026-07-01 01:00:00,1.47852,1.47877,1.47786,1.47821,751.0
2026-07-01 02:00:00,1.4782,1.47848,1.47784,1.47794,1352.0
2026-07-01 03:00:00,1.47796,1.47798,1.47713,1.4779,925.0
2026-07-01 04:00:00,1.4779,1.47816,1.47707,1.47733,792.0
2026-07-01 05:00:00,1.47726,1.4776,1.4763,1.47676,743.0
2026-07-01 06:00:00,1.4768,1.47764,1.47661,1.47738,339.0
2026-07-01 07:00:00,1.47736,1.4775,1.47628,1.47634,814.0
2026-07-01 08:00:00,1.47641,1.47676,1.47478,1.47492,1377.0
2026-07-01 09:00:00,1.47496,1.47732,1.47422,1.47618,2900.0
2026-07-01 10:00:00,1.47618,1.47676,1.47492,1.47603,2285.0
2026-07-01 11:00:00,1.4761,1.47611,1.47429,1.47478,1454.0
2026-07-01 12:00:00,1.47484,1.47554,1.47442,1.47474,1086.0
2026-07-01 13:00:00,1.4748,1.47506,1.47439,1.47468,668.0
2026-07-01 14:00:00,1.47469,1.47483,1.47436,1.47476,931.0
2026-07-01 15:00:00,1.47477,1.47486,1.47449,1.47464,602.0
2026-07-01 16:00:00,1.47466,1.47472,1.47364,1.47394,1014.0
2026-07-01 17:00:00,1.47423,1.47473,1.47366,1.47413,1389.0
2026-07-01 18:00:00,1.47393,1.47458,1.47393,1.47448,264.0
2026-07-01 19:00:00,1.47445,1.47445,1.47416,1.47416,246.0
2026-07-01 20:00:00,1.47418,1.47471,1.47416,1.47432,1310.0
2026-07-01 21:00:00,1.4743,1.47455,1.47411,1.47424,609.0
2026-07-01 22:00:00,1.47428,1.47448,1.47404,1.47428,304.0
2026-07-01 23:00:00,1.47429,1.47463,1.47387,1.47398,489.0
2026-07-02 00:00:00,1.47398,1.47472,1.47384,1.4745,742.0
2026-07-02 01:00:00,1.47448,1.47465,1.47411,1.4745,599.0
2026-07-02 02:00:00,1.47451,1.47549,1.4743,1.4748,1172.0
2026-07-02 03:00:00,1.47484,1.4762,1.47447,1.47608,1164.0
2026-07-02 04:00:00,1.47604,1.47666,1.47594,1.4763,1124.0
2026-07-02 05:00:00,1.4763,1.47659,1.4757,1.47633,908.0
2026-07-02 06:00:00,1.47626,1.47642,1.47574,1.47634,720.0
2026-07-02 07:00:00,1.47634,1.47678,1.4758,1.47619,632.0
2026-07-02 08:00:00,1.47614,1.48012,1.47552,1.47926,6158.0
2026-07-02 09:00:00,1.47925,1.47933,1.4777,1.47788,2554.0
2026-07-02 10:00:00,1.47794,1.47902,1.47718,1.47774,2348.0
2026-07-02 11:00:00,1.47777,1.47823,1.47723,1.47781,1159.0
2026-07-02 12:00:00,1.47784,1.47794,1.47716,1.4773,808.0
2026-07-02 13:00:00,1.47727,1.4773,1.4767,1.47695,794.0
2026-07-02 14:00:00,1.47698,1.47726,1.47684,1.47694,556.0
2026-07-02 15:00:00,1.4769,1.47707,1.4764,1.47674,386.0
2026-07-02 16:00:00,1.47674,1.47796,1.47627,1.47766,883.0
2026-07-02 17:00:00,1.47789,1.4791,1.47674,1.47808,1085.0
2026-07-02 18:00:00,1.4771,1.47809,1.47675,1.47704,423.0
2026-07-02 19:00:00,1.47709,1.4771,1.47642,1.47669,288.0
2026-07-02 20:00:00,1.47666,1.47712,1.47649,1.47702,1384.0
2026-07-02 21:00:00,1.47696,1.47747,1.47681,1.47686,721.0
2026-07-02 22:00:00,1.47685,1.47782,1.47676,1.47753,490.0
2026-07-02 23:00:00,1.47756,1.47789,1.47732,1.4778,540.0
2026-07-03 00:00:00,1.4778,1.47804,1.47763,1.47804,466.0
2026-07-03 01:00:00,1.47808,1.47868,1.47802,1.47828,1075.0
2026-07-03 02:00:00,1.47826,1.47831,1.47768,1.47799,907.0
2026-07-03 03:00:00,1.478,1.47813,1.47713,1.47742,1076.0
2026-07-03 04:00:00,1.4774,1.4781,1.47737,1.478,520.0
2026-07-03 05:00:00,1.478,1.47804,1.47682,1.47689,433.0
2026-07-03 06:00:00,1.47686,1.4776,1.47682,1.47731,298.0
2026-07-03 07:00:00,1.47738,1.47814,1.47729,1.47762,434.0
2026-07-03 08:00:00,1.47759,1.47777,1.47725,1.47749,461.0
2026-07-03 09:00:00,1.4775,1.47766,1.47694,1.47716,437.0
2026-07-03 10:00:00,1.4771,1.47795,1.47702,1.47761,424.0
