Timestamp,Open,High,Low,Close,Volume
2024-10-07 17:00:00,37.6542,37.67655,37.618,37.6693,1900.0
2024-10-07 21:00:00,37.6684,37.68745,37.6377,37.68325,3348.0
2024-10-08 01:00:00,37.68255,37.7304,37.66418,37.72435,27620.0
2024-10-08 05:00:00,37.72476,37.72766,37.63953,37.65546,34287.0
2024-10-08 09:00:00,37.6541,37.6831,37.55375,37.646,34678.0
2024-10-08 13:00:00,37.64587,37.66686,37.60255,37.66245,8102.0
2024-10-08 17:00:00,37.66275,37.6696,37.61566,37.65743,1681.0
2024-10-08 21:00:00,37.65703,37.6645,37.60037,37.60535,7809.0
2024-10-09 01:00:00,37.6066,37.64965,37.56546,37.58258,32637.0
2024-10-09 05:00:00,37.58266,37.61011,37.5086,37.54774,40279.0
2024-10-09 09:00:00,37.5474,37.56034,37.48178,37.4942,35535.0
2024-10-09 13:00:00,37.48888,37.49953,37.46752,37.4842,4078.0
2024-10-09 17:00:00,37.5416,37.64175,37.49445,37.63485,1186.0
2024-10-09 21:00:00,37.63275,37.6727,37.61442,37.6407,838.0
2024-10-10 01:00:00,37.6431,37.6431,37.51776,37.55479,43437.0
2024-10-10 05:00:00,37.55554,37.64208,37.45952,37.57692,48987.0
2024-10-10 09:00:00,37.57624,37.5951,37.4329,37.44235,55220.0
2024-10-10 13:00:00,37.44266,37.55362,37.42442,37.54224,7315.0
2024-10-10 17:00:00,37.4837,37.49735,37.46655,37.4943,1636.0
2024-10-10 21:00:00,37.49485,37.5056,37.4634,37.49963,7219.0
2024-10-11 01:00:00,37.49978,37.56754,37.4829,37.55104,17735.0
2024-10-11 05:00:00,37.55102,37.5568,37.4649,37.49062,25175.0
2024-10-11 09:00:00,37.49042,37.55355,37.47364,37.52848,21764.0
2024-10-11 13:00:00,37.52094,37.66326,37.4936,37.60872,6805.0
2024-10-13 17:00:00,37.51705,37.53325,37.45396,37.4853,1927.0
2024-10-13 21:00:00,37.48475,37.50612,37.45756,37.49118,3424.0
2024-10-14 01:00:00,37.49178,37.52298,37.46156,37.47245,19519.0
2024-10-14 05:00:00,37.47228,37.51744,37.4182,37.42722,48469.0
2024-10-14 09:00:00,37.42606,37.47787,37.37965,37.39622,7847.0
2024-10-14 13:00:00,37.3916,37.42754,37.34406,37.40835,7649.0
2024-10-14 17:00:00,37.4181,37.43774,37.40762,37.42918,1312.0
2024-10-14 21:00:00,37.42868,37.431,37.36118,37.36686,1821.0
2024-10-15 01:00:00,37.36694,37.44255,37.33248,37.42454,18168.0
2024-10-15 05:00:00,37.42448,37.43867,37.37153,37.41092,30347.0
2024-10-15 09:00:00,37.41185,37.42734,37.2817,37.31225,22723.0
2024-10-15 13:00:00,37.31035,37.318,37.16792,37.27045,5320.0
2024-10-15 17:00:00,37.25335,37.33675,37.25335,37.30505,661.0
2024-10-15 21:00:00,37.304,37.34893,37.29092,37.3173,901.0
2024-10-16 01:00:00,37.31845,37.32594,37.24636,37.30194,36624.0
2024-10-16 05:00:00,37.29934,37.34034,37.26542,37.29104,21699.0
2024-10-16 09:00:00,37.29117,37.30816,37.1684,37.17822,22718.0
2024-10-16 13:00:00,37.17241,37.18053,37.11436,37.1537,6549.0
2024-10-16 17:00:00,37.22664,37.26192,37.14355,37.23382,2933.0
2024-10-16 21:00:00,37.22378,37.30035,37.21656,37.2355,3487.0
2024-10-17 01:00:00,37.23355,37.24365,37.1695,37.17488,33491.0
2024-10-17 05:00:00,37.17501,37.29165,37.10162,37.13313,55504.0
2024-10-17 09:00:00,37.13376,37.14205,36.98678,37.07652,46779.0
2024-10-17 13:00:00,37.07892,37.09148,37.04522,37.0807,6399.0
2024-10-17 17:00:00,37.0819,37.15585,36.93914,37.0604,2679.0
2024-10-17 21:00:00,37.0518,37.12121,37.01656,37.1009,740.0
2024-10-18 01:00:00,37.0942,37.22803,37.0845,37.20403,48308.0
2024-10-18 05:00:00,37.20477,37.25329,37.19062,37.2291,16486.0
2024-10-18 09:00:00,37.2303,37.26304,37.19379,37.2548,25806.0
2024-10-18 13:00:00,37.25528,37.28235,37.17002,37.27595,3497.0
2024-10-20 17:00:00,37.27595,37.35529,37.16427,37.28345,5412.0
2024-10-20 21:00:00,37.29815,37.29983,37.25532,37.25685,1760.0
2024-10-21 01:00:00,37.25947,37.27455,37.16324,37.21101,10917.0
2024-10-21 05:00:00,37.21091,37.23456,37.16525,37.22862,18029.0
2024-10-21 09:00:00,37.22738,37.23158,37.05782,37.0877,9627.0
2024-10-21 13:00:00,37.08965,37.10536,37.05175,37.05926,6231.0
2024-10-21 17:00:00,37.072,37.09447,37.06826,37.07945,478.0
2024-10-21 21:00:00,37.0788,37.0995,37.0489,37.0895,954.0
2024-10-22 01:00:00,37.08925,37.16412,37.0814,37.13116,11375.0
2024-10-22 05:00:00,37.1304,37.14038,37.05206,37.0576,17034.0
2024-10-22 09:00:00,37.05718,37.09355,37.01451,37.04495,19262.0
2024-10-22 13:00:00,37.0461,37.04922,36.9974,37.04415,8403.0
2024-10-22 17:00:00,37.0302,37.08822,37.00558,37.0244,708.0
2024-10-22 21:00:00,37.0254,37.0598,37.01104,37.04105,1070.0
2024-10-23 01:00:00,37.03614,37.0569,36.95988,36.99204,15096.0
2024-10-23 05:00:00,36.99137,36.999,36.93353,36.98122,17405.0
2024-10-23 09:00:00,36.97971,37.02536,36.958,36.98232,15501.0
2024-10-23 13:00:00,36.98198,37.0321,36.96383,37.00465,6424.0
2024-10-23 17:00:00,37.0589,37.11992,37.04886,37.09968,1197.0
2024-10-23 21:00:00,37.10132,37.12105,37.05227,37.10972,4135.0
2024-10-24 01:00:00,37.1154,37.12947,37.00094,37.1113,26278.0
2024-10-24 05:00:00,37.11112,37.11112,37.04822,37.07052,29384.0
2024-10-24 09:00:00,37.07026,37.13014,37.04967,37.12915,21590.0
2024-10-24 13:00:00,37.12922,37.1967,37.1108,37.19365,4404.0
2024-10-24 17:00:00,37.1648,37.224,37.15472,37.19472,1939.0
2024-10-24 21:00:00,37.19688,37.26979,37.17262,37.18488,3605.0
2024-10-25 01:00:00,37.18482,37.22348,37.14538,37.17666,31312.0
2024-10-25 05:00:00,37.17669,37.23429,37.16864,37.22996,27035.0
2024-10-25 09:00:00,37.22845,37.30263,37.0918,37.12788,21718.0
2024-10-25 13:00:00,37.12822,37.23522,37.02318,37.23522,6051.0
2024-10-27 17:00:00,37.0203,37.06415,36.9953,37.02268,9914.0
2024-10-27 21:00:00,37.02137,37.03073,36.98037,37.00172,14559.0
2024-10-28 01:00:00,37.00192,37.10987,36.9802,37.1004,19571.0
2024-10-28 05:00:00,37.1002,37.12408,37.06536,37.09342,41310.0
2024-10-28 09:00:00,37.09359,37.12614,37.06746,37.08588,21430.0
2024-10-28 13:00:00,37.08546,37.11578,37.07004,37.07825,14184.0
2024-10-28 17:00:00,37.1031,37.144,37.09744,37.1219,1450.0
2024-10-28 21:00:00,37.12196,37.13314,37.08362,37.09781,1332.0
2024-10-29 01:00:00,37.09724,37.11732,37.08308,37.10916,22035.0
2024-10-29 05:00:00,37.10906,37.13166,36.96362,36.9936,32662.0
2024-10-29 09:00:00,36.9935,37.11442,36.96413,37.05802,25630.0
2024-10-29 13:00:00,37.06222,37.13058,37.05394,37.12185,12911.0
2024-10-29 17:00:00,37.1118,37.1569,37.09704,37.14135,1813.0
2024-10-29 21:00:00,37.12486,37.1575,37.10584,37.12652,5296.0
2024-10-30 01:00:00,37.12632,37.21529,37.10923,37.1833,13675.0
2024-10-30 05:00:00,37.18348,37.26818,37.08862,37.1137,28913.0
2024-10-30 09:00:00,37.11385,37.28505,37.00946,37.25065,29266.0
2024-10-30 13:00:00,37.24965,37.29235,37.2184,37.24045,4750.0
2024-10-30 17:00:00,37.2805,37.3501,37.273,37.3297,1558.0
2024-10-30 21:00:00,37.32098,37.3445,37.241,37.30208,5991.0
2024-10-31 01:00:00,37.30188,37.32067,37.2363,37.26475,22868.0
2024-10-31 05:00:00,37.26458,37.41395,37.25432,37.36399,56094.0
2024-10-31 09:00:00,37.36262,37.4033,37.2666,37.3049,47812.0
2024-10-31 13:00:00,37.3055,37.40752,37.2906,37.3985,8439.0
2024-10-31 17:00:00,37.36715,37.49636,37.34825,37.38922,3477.0
2024-10-31 21:00:00,37.39327,37.40365,37.33117,37.3627,5505.0
2024-11-01 01:00:00,37.3634,37.36888,37.30504,37.32612,11668.0
2024-11-01 05:00:00,37.32607,37.49434,37.29526,37.42348,18514.0
2024-11-01 09:00:00,37.4236,37.43512,37.28342,37.30555,23472.0
2024-11-01 13:00:00,37.3052,37.37134,37.22925,37.2415,9792.0
2024-11-03 17:00:00,37.40416,37.44596,37.36532,37.43215,4518.0
2024-11-03 21:00:00,37.4311,37.497,37.4199,37.47105,5603.0
2024-11-04 01:00:00,37.4711,37.48856,37.42602,37.45384,31953.0
2024-11-04 05:00:00,37.45384,37.52516,37.44752,37.49686,18802.0
2024-11-04 09:00:00,37.49686,37.51402,37.40636,37.44624,18097.0
2024-11-04 13:00:00,37.44584,37.44698,37.38669,37.3984,4019.0
2024-11-04 17:00:00,37.40303,37.42184,37.3857,37.40568,2344.0
2024-11-04 21:00:00,37.40574,37.41802,37.39216,37.41132,2048.0
2024-11-05 01:00:00,37.4118,37.47642,37.39923,37.45542,15021.0
2024-11-05 05:00:00,37.45564,37.485,37.4458,37.45324,21932.0
2024-11-05 09:00:00,37.45393,37.56046,37.43275,37.52165,30184.0
2024-11-05 13:00:00,37.5374,37.5788,37.4792,37.5364,4685.0
2024-11-05 17:00:00,37.53355,37.56365,37.14554,37.21425,4289.0
2024-11-05 21:00:00,37.2118,37.222,36.83122,36.8882,41280.0
2024-11-06 01:00:00,36.8878,36.94908,36.70512,36.88071,79099.0
2024-11-06 05:00:00,36.88034,36.89326,36.63132,36.7209,77055.0
2024-11-06 09:00:00,36.72018,36.80056,36.65105,36.733,54261.0
2024-11-06 13:00:00,36.7344,36.8423,36.72425,36.73475,17845.0
2024-11-06 17:00:00,36.7796,36.87337,36.7395,36.79657,5800.0
2024-11-06 21:00:00,36.8007,36.89995,36.78882,36.89528,7240.0
2024-11-07 01:00:00,36.88079,37.01855,36.87024,36.93694,52015.0
2024-11-07 05:00:00,36.93676,37.0909,36.93222,37.08154,48277.0
2024-11-07 09:00:00,37.0811,37.20142,37.04374,37.14528,40240.0
2024-11-07 13:00:00,37.15186,37.1541,36.9858,37.122,23863.0
2024-11-07 17:00:00,37.09698,37.11343,37.02295,37.04768,7902.0
2024-11-07 21:00:00,37.04788,37.0612,37.0018,37.04785,8574.0
2024-11-08 01:00:00,37.04915,37.08131,36.97442,37.0397,54671.0
2024-11-08 05:00:00,37.0399,37.09368,36.91824,36.95468,41111.0
2024-11-08 09:00:00,36.95477,37.0019,36.7387,36.81842,38803.0
2024-11-08 13:00:00,36.81858,36.8728,36.77716,36.8334,18982.0
2024-11-10 17:00:00,36.83946,36.90598,36.82339,36.87072,3599.0
2024-11-10 21:00:00,36.86945,36.89955,36.83168,36.8838,3639.0
2024-11-11 01:00:00,36.88898,36.89864,36.69061,36.72221,34905.0
2024-11-11 05:00:00,36.72172,36.72937,36.55523,36.60297,41798.0
2024-11-11 09:00:00,36.60334,36.64036,36.54148,36.599,16211.0
2024-11-11 13:00:00,36.59785,36.65304,36.58773,36.6211,3148.0
2024-11-11 17:00:00,36.61015,36.66472,36.5985,36.62347,4055.0
2024-11-11 21:00:00,36.62297,36.63922,36.58093,36.5952,8883.0
2024-11-12 01:00:00,36.5946,36.59748,36.53264,36.57321,30385.0
2024-11-12 05:00:00,36.57338,36.58015,36.50249,36.55992,40119.0
2024-11-12 09:00:00,36.55965,36.5651,36.4156,36.49735,40934.0
2024-11-12 13:00:00,36.49775,36.5741,36.48955,36.52146,10803.0
2024-11-12 17:00:00,36.53995,36.59027,36.51822,36.58595,3908.0
2024-11-12 21:00:00,36.58054,36.59055,36.42152,36.52427,3393.0
2024-11-13 01:00:00,36.52552,36.57506,36.46087,36.56356,32183.0
2024-11-13 05:00:00,36.56374,36.6607,36.4969,36.57958,53849.0
2024-11-13 09:00:00,36.57855,36.58303,36.2852,36.34927,60924.0
2024-11-13 13:00:00,36.35055,36.3768,36.30327,36.3238,9351.0
2024-11-13 17:00:00,36.33904,36.41525,36.3148,36.37495,2936.0
2024-11-13 21:00:00,36.3696,36.38045,36.27822,36.32725,2147.0
2024-11-14 01:00:00,36.3258,36.38495,36.24697,36.25454,33676.0
2024-11-14 05:00:00,36.25438,36.36389,36.17372,36.29965,50361.0
2024-11-14 09:00:00,36.2991,36.44564,36.29672,36.35862,42252.0
2024-11-14 13:00:00,36.3623,36.36571,36.1938,36.26495,18349.0
2024-11-14 17:00:00,36.23345,36.6252,36.20748,36.29322,8581.0
2024-11-14 21:00:00,36.29234,36.33968,36.2778,36.3196,7641.0
2024-11-15 01:00:00,36.31842,36.45486,36.29421,36.39602,28407.0
2024-11-15 05:00:00,36.39577,36.50262,36.35972,36.37676,31484.0
2024-11-15 09:00:00,36.37656,36.4079,36.26198,36.36757,34575.0
2024-11-15 13:00:00,36.3715,36.38118,36.24278,36.33839,15257.0
2024-11-17 17:00:00,36.33839,36.49855,36.2826,36.382,8139.0
2024-11-17 21:00:00,36.3813,36.41504,36.3294,36.35392,6156.0
2024-11-18 01:00:00,36.35277,36.54828,36.3478,36.53653,54206.0
2024-11-18 05:00:00,36.53568,36.54006,36.41386,36.53582,34473.0
2024-11-18 09:00:00,36.53574,36.70992,36.51515,36.69778,40449.0
2024-11-18 13:00:00,36.69733,36.77068,36.5858,36.7078,26678.0
2024-11-18 17:00:00,36.70623,36.7202,36.65142,36.6956,3027.0
2024-11-18 21:00:00,36.6976,36.72737,36.66076,36.6736,11358.0
2024-11-19 01:00:00,36.67508,36.84668,36.46834,36.55896,34743.0
2024-11-19 05:00:00,36.55896,36.67379,36.5108,36.60522,27631.0
2024-11-19 09:00:00,36.60398,36.66599,36.52675,36.547,18801.0
2024-11-19 13:00:00,36.5462,36.59604,36.5142,36.55965,5793.0
2024-11-19 17:00:00,36.60986,36.6512,36.55876,36.58017,6168.0
2024-11-19 21:00:00,36.58037,36.62707,36.5382,36.6134,6759.0
2024-11-20 01:00:00,36.613,36.6564,36.44814,36.45541,21150.0
2024-11-20 05:00:00,36.45506,36.46402,36.37501,36.41084,25333.0
2024-11-20 09:00:00,36.4108,36.41228,36.25147,36.34925,20436.0
2024-11-20 13:00:00,36.34785,36.3808,36.31272,36.3662,11800.0
2024-11-20 17:00:00,36.4526,36.50555,36.38295,36.4917,3018.0
2024-11-20 21:00:00,36.4931,36.51947,36.4854,36.49742,2252.0
2024-11-21 01:00:00,36.49842,36.525,36.40957,36.45574,53775.0
2024-11-21 05:00:00,36.45626,36.48077,36.33682,36.45622,54644.0
2024-11-21 09:00:00,36.4572,36.47164,36.18048,36.28002,36221.0
2024-11-21 13:00:00,36.27942,36.29133,36.16892,36.223,12554.0
2024-11-21 17:00:00,36.2124,36.22982,36.17578,36.18905,7169.0
2024-11-21 21:00:00,36.19103,36.2204,36.14745,36.20417,10613.0
2024-11-22 01:00:00,36.20287,36.31511,35.76774,35.99746,47298.0
2024-11-22 05:00:00,35.9975,36.11575,35.94098,36.0771,43054.0
2024-11-22 09:00:00,36.0775,36.09462,35.9282,36.02537,32219.0
2024-11-22 13:00:00,36.02442,36.0844,35.9932,36.0819,8176.0
2024-11-24 17:00:00,36.03925,36.2596,36.03925,36.20523,10718.0
2024-11-24 21:00:00,36.20083,36.28232,36.1869,36.27677,8422.0
2024-11-25 01:00:00,36.27712,36.33943,36.16819,36.30924,44665.0
2024-11-25 05:00:00,36.30874,36.45366,36.26676,36.4496,51506.0
2024-11-25 09:00:00,36.4496,36.4562,36.2452,36.30335,26390.0
2024-11-25 13:00:00,36.3051,36.397,36.2928,36.32105,6651.0
2024-11-25 17:00:00,36.37616,36.41302,36.14682,36.2694,11392.0
2024-11-25 21:00:00,36.26281,36.3961,36.2595,36.33756,3477.0
2024-11-26 01:00:00,36.33682,36.51537,36.32796,36.47327,40657.0
2024-11-26 05:00:00,36.4732,36.59996,36.44716,36.46407,49164.0
2024-11-26 09:00:00,36.46427,36.49014,36.32586,36.3508,46446.0
2024-11-26 13:00:00,36.35323,36.4188,36.3012,36.41625,19295.0
2024-11-26 17:00:00,36.33631,36.3861,36.31176,36.3424,16753.0
2024-11-26 21:00:00,36.34117,36.43496,36.30104,36.30976,12617.0
2024-11-27 01:00:00,36.30985,36.53479,36.30292,36.44467,43217.0
2024-11-27 05:00:00,36.44466,36.64492,36.41768,36.64141,43430.0
2024-11-27 09:00:00,36.64136,36.6969,36.50534,36.65867,49884.0
2024-11-27 13:00:00,36.65847,36.6631,36.57586,36.61255,17000.0
2024-11-27 17:00:00,36.6516,36.73237,36.6468,36.68538,4235.0
2024-11-27 21:00:00,36.68603,36.6967,36.6462,36.66982,2849.0
2024-11-28 01:00:00,36.66877,36.698,36.57179,36.57574,39466.0
2024-11-28 05:00:00,36.5756,36.65904,36.55178,36.56283,38997.0
2024-11-28 09:00:00,36.563,36.638,36.54394,36.61938,18249.0
2024-11-28 13:00:00,36.61948,36.65695,36.61657,36.6554,1693.0
2024-11-28 17:00:00,36.60904,36.73004,36.60904,36.65202,10413.0
2024-11-28 21:00:00,36.65182,36.72952,36.64612,36.70557,7866.0
2024-11-29 01:00:00,36.70472,36.80628,36.63892,36.65406,37479.0
2024-11-29 05:00:00,36.65424,36.70536,36.6264,36.68108,41573.0
2024-11-29 09:00:00,36.68148,36.70522,36.61085,36.70052,31044.0
2024-11-29 13:00:00,36.70592,36.75855,36.70167,36.75545,14900.0
2024-12-01 17:00:00,36.71281,36.71281,36.58193,36.5987,10189.0
2024-12-01 21:00:00,36.59794,36.60365,36.5381,36.56704,7537.0
2024-12-02 01:00:00,36.56687,36.6276,36.46132,36.52852,44814.0
2024-12-02 05:00:00,36.52788,36.62362,36.47168,36.50586,39689.0
2024-12-02 09:00:00,36.50696,36.54314,36.36542,36.44468,32017.0
2024-12-02 13:00:00,36.44488,36.54283,36.43017,36.4871,17480.0
2024-12-02 17:00:00,36.51532,36.5432,36.47266,36.48522,6236.0
2024-12-02 21:00:00,36.48573,36.50916,36.46132,36.49432,6066.0
2024-12-03 01:00:00,36.49408,36.63118,36.46799,36.59469,34770.0
2024-12-03 05:00:00,36.59486,36.62798,36.54698,36.60779,26647.0
2024-12-03 09:00:00,36.6076,36.62638,36.4941,36.6071,32828.0
2024-12-03 13:00:00,36.60728,36.6362,36.52348,36.5426,12571.0
2024-12-03 17:00:00,36.52328,36.57236,36.50844,36.54956,3366.0
2024-12-03 21:00:00,36.54976,36.60505,36.4892,36.5824,9217.0
2024-12-04 01:00:00,36.58506,36.64006,36.46588,36.53848,31235.0
2024-12-04 05:00:00,36.53866,36.57044,36.46189,36.47656,29223.0
2024-12-04 09:00:00,36.47647,36.68315,36.43496,36.64153,21262.0
2024-12-04 13:00:00,36.64155,36.64815,36.51768,36.5643,9259.0
2024-12-04 17:00:00,36.59736,36.67008,36.5527,36.65218,3912.0
2024-12-04 21:00:00,36.65158,36.71942,36.64218,36.71028,1831.0
2024-12-05 01:00:00,36.71043,36.76114,36.66652,36.68198,17957.0
2024-12-05 05:00:00,36.67954,36.79883,36.64992,36.7974,43299.0
2024-12-05 09:00:00,36.79822,36.8684,36.7186,36.78926,42487.0
2024-12-05 13:00:00,36.7876,36.8784,36.72933,36.86305,11079.0
2024-12-05 17:00:00,36.84411,36.90755,36.788,36.79758,4718.0
2024-12-05 21:00:00,36.8025,36.8403,36.79542,36.8228,8168.0
2024-12-06 01:00:00,36.8222,36.90324,36.81048,36.84046,25226.0
2024-12-06 05:00:00,36.84046,37.02626,36.82119,36.93721,42519.0
2024-12-06 09:00:00,36.93726,36.94825,36.70869,36.7345,42467.0
2024-12-06 13:00:00,36.73335,36.8242,36.68674,36.76845,6508.0
2024-12-08 17:00:00,36.79578,36.8484,36.7539,36.75524,3139.0
2024-12-08 21:00:00,36.75522,36.793,36.68668,36.71276,3709.0
2024-12-09 01:00:00,36.71336,36.85347,36.71068,36.81774,36943.0
2024-12-09 05:00:00,36.82024,36.88608,36.78764,36.861,35535.0
2024-12-09 09:00:00,36.8608,36.92624,36.8208,36.83758,26431.0
2024-12-09 13:00:00,36.83738,36.84475,36.75878,36.7938,11322.0
2024-12-09 17:00:00,36.7916,36.825,36.76586,36.79848,3561.0
2024-12-09 21:00:00,36.79828,36.844,36.77858,36.83657,7403.0
2024-12-10 01:00:00,36.83637,36.86334,36.70602,36.73472,25620.0
2024-12-10 05:00:00,36.73432,36.75838,36.68124,36.70442,28728.0
2024-12-10 09:00:00,36.70492,36.7346,36.61229,36.6651,30683.0
2024-12-10 13:00:00,36.66513,36.75265,36.65808,36.72858,9881.0
2024-12-10 17:00:00,36.7276,36.77284,36.72568,36.76712,6492.0
2024-12-10 21:00:00,36.76708,36.78521,36.71417,36.728,6146.0
2024-12-11 01:00:00,36.7274,36.75776,36.60876,36.6511,31425.0
2024-12-11 05:00:00,36.6502,36.78282,36.60398,36.73569,39372.0
2024-12-11 09:00:00,36.73483,36.7523,36.57786,36.61232,34492.0
2024-12-11 13:00:00,36.61217,36.65856,36.58196,36.64996,8962.0
2024-12-11 17:00:00,36.71664,36.76192,36.64085,36.74657,5514.0
2024-12-11 21:00:00,36.74712,36.76704,36.72088,36.75984,5395.0
2024-12-12 01:00:00,36.76044,36.8414,36.7494,36.76264,37165.0
2024-12-12 05:00:00,36.76256,36.77876,36.62098,36.67741,44791.0
2024-12-12 09:00:00,36.67766,36.80988,36.59852,36.75146,50127.0
2024-12-12 13:00:00,36.75117,36.75738,36.61184,36.62802,9844.0
2024-12-12 17:00:00,36.61819,36.67196,36.58255,36.616,7004.0
2024-12-12 21:00:00,36.61841,36.6236,36.5862,36.61351,9479.0
2024-12-13 01:00:00,36.61311,36.71692,36.56372,36.69042,27823.0
2024-12-13 05:00:00,36.69088,36.82137,36.6796,36.77192,35171.0
2024-12-13 09:00:00,36.7719,36.7723,36.5597,36.72071,19871.0
2024-12-13 13:00:00,36.72031,36.78035,36.69404,36.76906,19669.0
2024-12-15 17:00:00,36.69537,36.83744,36.6908,36.81424,5642.0
2024-12-15 21:00:00,36.81246,36.83184,36.77987,36.8188,7971.0
2024-12-16 01:00:00,36.8156,36.83948,36.75309,36.76918,28482.0
2024-12-16 05:00:00,36.76922,36.7789,36.69076,36.77692,23692.0
2024-12-16 09:00:00,36.77768,36.7966,36.65734,36.74624,15185.0
2024-12-16 13:00:00,36.74621,36.78974,36.7308,36.78581,1787.0
2024-12-16 17:00:00,36.78275,36.8729,36.76795,36.83206,1376.0
2024-12-16 21:00:00,36.83222,36.8485,36.76494,36.77038,4472.0
2024-12-17 01:00:00,36.77027,36.80756,36.70748,36.72788,28903.0
2024-12-17 05:00:00,36.72937,36.80117,36.70556,36.79382,25975.0
2024-12-17 09:00:00,36.79347,36.8375,36.758,36.7774,27972.0
2024-12-17 13:00:00,36.77638,36.79447,36.71964,36.74383,11437.0
2024-12-17 17:00:00,36.78242,36.82208,36.76235,36.80163,4513.0
2024-12-17 21:00:00,36.8026,36.8196,36.7804,36.8058,8404.0
2024-12-18 01:00:00,36.80196,36.8522,36.76506,36.7888,22289.0
2024-12-18 05:00:00,36.7888,36.82056,36.74708,36.7788,26333.0
2024-12-18 09:00:00,36.77955,36.81888,36.69088,36.71792,14413.0
2024-12-18 13:00:00,36.72164,36.77802,36.28344,36.3107,32427.0
2024-12-18 17:00:00,36.3639,36.4936,36.3577,36.487,14337.0
2024-12-18 21:00:00,36.4872,36.532,36.46296,36.4946,14745.0
2024-12-19 01:00:00,36.49569,36.67708,36.47676,36.64327,45195.0
2024-12-19 05:00:00,36.64317,36.65626,36.54522,36.60018,48885.0
2024-12-19 09:00:00,36.60001,36.7649,36.46442,36.48326,34100.0
2024-12-19 13:00:00,36.48554,36.54084,36.46318,36.51221,7714.0
2024-12-19 17:00:00,36.4518,36.63872,36.4518,36.47766,7638.0
2024-12-19 21:00:00,36.47736,36.53802,36.45016,36.48148,10278.0
2024-12-20 01:00:00,36.483,36.77052,36.40327,36.57478,24390.0
2024-12-20 05:00:00,36.57481,36.81292,36.56336,36.665,30782.0
2024-12-20 09:00:00,36.66378,36.78781,36.59363,36.74276,24879.0
2024-12-20 13:00:00,36.74114,36.86194,36.5647,36.731,13519.0
2024-12-22 17:00:00,36.80814,36.8716,36.777,36.85365,3330.0
2024-12-22 21:00:00,36.85824,36.90458,36.85285,36.88392,1695.0
2024-12-23 01:00:00,36.8822,36.90592,36.72318,36.7923,23053.0
2024-12-23 05:00:00,36.79212,36.7967,36.71121,36.75851,26287.0
2024-12-23 09:00:00,36.75848,36.8271,36.70349,36.7354,26708.0
2024-12-23 13:00:00,36.7429,36.81605,36.72308,36.7749,1617.0
2024-12-23 17:00:00,36.82298,36.89032,36.78275,36.82298,2921.0
2024-12-23 21:00:00,36.8526,36.8692,36.78125,36.81882,2320.0
2024-12-24 01:00:00,36.81807,36.86251,36.77582,36.81464,17060.0
2024-12-24 05:00:00,36.81446,36.85724,36.80435,36.85304,19330.0
2024-12-24 09:00:00,36.85422,36.8833,36.7183,36.7269,19294.0
2024-12-24 13:00:00,36.75651,36.77524,36.5858,36.72205,1957.0
2024-12-25 17:00:00,36.8225,36.8225,36.66742,36.70935,2047.0
2024-12-25 21:00:00,36.71,36.83274,36.70206,36.7854,472.0
2024-12-26 01:00:00,36.79048,36.82906,36.76582,36.79105,10661.0
2024-12-26 05:00:00,36.789,36.81494,36.69016,36.71763,11819.0
2024-12-26 09:00:00,36.7152,36.7604,36.6169,36.69878,15501.0
2024-12-26 13:00:00,36.69968,36.78884,36.69651,36.73065,7065.0
2024-12-26 17:00:00,36.68086,36.83906,36.66552,36.72772,5020.0
2024-12-26 21:00:00,36.7222,36.77144,36.70256,36.75894,5400.0
2024-12-27 01:00:00,36.75892,36.8067,36.72432,36.74428,16120.0
2024-12-27 05:00:00,36.7443,36.8274,36.69288,36.80121,59168.0
2024-12-27 09:00:00,36.80204,36.80343,36.59614,36.7286,21265.0
2024-12-27 13:00:00,36.7288,36.78342,36.5806,36.5934,7824.0
2024-12-29 17:00:00,36.5934,36.86702,36.5934,36.82265,1021.0
2024-12-29 21:00:00,36.8318,36.859,36.8188,36.84185,1956.0
2024-12-30 01:00:00,36.84215,36.88756,36.73466,36.82454,38258.0
2024-12-30 05:00:00,36.82428,36.9504,36.69752,36.70782,34265.0
2024-12-30 09:00:00,36.7075,36.79931,36.67619,36.7596,37208.0
2024-12-30 13:00:00,36.76055,36.8314,36.7362,36.7714,8443.0
2024-12-30 17:00:00,36.76225,36.8316,36.7417,36.82605,941.0
2024-12-30 21:00:00,36.8248,36.83685,36.78992,36.79448,1237.0
2024-12-31 01:00:00,36.79475,36.89227,36.77156,36.87318,19780.0
2024-12-31 05:00:00,36.87292,36.8798,36.75144,36.77506,23718.0
2024-12-31 09:00:00,36.77582,36.7817,36.61354,36.62936,24291.0
2024-12-31 13:00:00,36.62877,36.77932,36.4984,36.5112,9422.0
2025-01-01 17:00:00,36.73945,36.767,36.6722,36.75027,3925.0
2025-01-01 21:00:00,36.74957,36.81618,36.6656,36.7598,4258.0
2025-01-02 01:00:00,36.759,36.77016,36.62846,36.65316,31297.0
2025-01-02 05:00:00,36.65299,36.67295,36.51118,36.51852,40646.0
2025-01-02 09:00:00,36.51866,36.55864,36.21592,36.3736,41162.0
2025-01-02 13:00:00,36.37523,36.38325,36.30371,36.3685,5596.0
2025-01-02 17:00:00,36.29986,36.41057,36.23103,36.3784,4300.0
2025-01-02 21:00:00,36.3782,36.40364,36.3614,36.39048,5414.0
2025-01-03 01:00:00,36.39108,36.45624,36.36408,36.43119,30193.0
2025-01-03 05:00:00,36.43124,36.46861,36.38956,36.43934,25294.0
2025-01-03 09:00:00,36.44019,36.48684,36.37461,36.45732,20849.0
2025-01-03 13:00:00,36.45731,36.5024,36.41096,36.47955,14656.0
2025-01-05 17:00:00,36.42968,36.48837,36.39464,36.48435,3671.0
2025-01-05 21:00:00,36.48185,36.51276,36.44999,36.48573,2098.0
2025-01-06 01:00:00,36.48276,36.69964,36.48042,36.63478,31150.0
2025-01-06 05:00:00,36.63393,36.89836,36.53282,36.82578,32708.0
2025-01-06 09:00:00,36.82613,36.84822,36.5951,36.7198,24621.0
2025-01-06 13:00:00,36.72294,36.72854,36.67476,36.7041,10025.0
2025-01-06 17:00:00,36.70375,36.78356,36.6982,36.7176,1171.0
2025-01-06 21:00:00,36.721,36.80645,36.71416,36.77333,1914.0
2025-01-07 01:00:00,36.77293,36.90908,36.74315,36.88694,24091.0
2025-01-07 05:00:00,36.88586,36.92291,36.74818,36.77798,28572.0
2025-01-07 09:00:00,36.77776,36.78024,36.6219,36.67512,29637.0
2025-01-07 13:00:00,36.67516,36.68333,36.57002,36.57131,10997.0
2025-01-07 17:00:00,36.58361,36.62086,36.5655,36.6136,5349.0
2025-01-07 21:00:00,36.615,36.64487,36.59558,36.63592,4594.0
2025-01-08 01:00:00,36.63522,36.67275,36.53424,36.55178,32576.0
2025-01-08 05:00:00,36.55172,36.56294,36.38846,36.47868,34196.0
2025-01-08 09:00:00,36.4795,36.50194,36.42339,36.45858,17017.0
2025-01-08 13:00:00,36.45812,36.52745,36.45812,36.49094,7335.0
2025-01-08 17:00:00,36.59868,36.6102,36.52402,36.55874,2922.0
2025-01-08 21:00:00,36.55877,36.58172,36.51963,36.55018,3578.0
2025-01-09 01:00:00,36.54573,36.5824,36.46129,36.53901,29394.0
2025-01-09 05:00:00,36.53964,36.56314,36.49012,36.5157,28727.0
2025-01-09 09:00:00,36.51484,36.54255,36.45256,36.47607,17303.0
2025-01-09 13:00:00,36.46504,36.51045,36.45983,36.49145,1900.0
2025-01-09 17:00:00,36.46994,36.49067,36.44644,36.47982,2417.0
2025-01-09 21:00:00,36.47932,36.50338,36.44907,36.4666,4932.0
2025-01-10 01:00:00,36.46588,36.56821,36.44702,36.53021,29071.0
2025-01-10 05:00:00,36.53001,36.54722,36.21315,36.371,30932.0
2025-01-10 09:00:00,36.37124,36.43448,36.24932,36.33467,39941.0
2025-01-10 13:00:00,36.33447,36.34322,36.28326,36.3217,9786.0
2025-01-12 17:00:00,36.27639,36.3551,36.26754,36.32555,4300.0
2025-01-12 21:00:00,36.31954,36.3384,36.21264,36.26025,2401.0
2025-01-13 01:00:00,36.25825,36.32948,36.14863,36.21824,27069.0
2025-01-13 05:00:00,36.21838,36.31522,36.19288,36.26993,23283.0
2025-01-13 09:00:00,36.26852,36.30605,36.20213,36.29856,15953.0
2025-01-13 13:00:00,36.29778,36.3981,36.25146,36.38245,7344.0
2025-01-13 17:00:00,36.38104,36.51594,36.3667,36.4124,4657.0
2025-01-13 21:00:00,36.4129,36.42901,36.37028,36.39153,1942.0
2025-01-14 01:00:00,36.39238,36.50472,36.39079,36.44592,20512.0
2025-01-14 05:00:00,36.44522,36.50465,36.37453,36.42434,24792.0
2025-01-14 09:00:00,36.42422,36.58942,36.39159,36.53046,21965.0
2025-01-14 13:00:00,36.53088,36.6052,36.52555,36.5934,6267.0
2025-01-14 17:00:00,36.57875,36.62446,36.57835,36.6056,4653.0
2025-01-14 21:00:00,36.6054,36.62794,36.56902,36.5736,5094.0
2025-01-15 01:00:00,36.57118,36.65596,36.55373,36.61915,21458.0
2025-01-15 05:00:00,36.61923,36.77269,36.56061,36.7314,30373.0
2025-01-15 09:00:00,36.73224,36.73578,36.39986,36.50414,21325.0
2025-01-15 13:00:00,36.50596,36.55451,36.50084,36.5214,6367.0
2025-01-15 17:00:00,36.59918,36.68442,36.5861,36.64287,7067.0
2025-01-15 21:00:00,36.64207,36.66116,36.59612,36.61437,7379.0
2025-01-16 01:00:00,36.61537,36.65925,36.57949,36.59646,26986.0
2025-01-16 05:00:00,36.59681,36.63066,36.49085,36.55613,26065.0
2025-01-16 09:00:00,36.55374,36.6699,36.51108,36.5968,38228.0
2025-01-16 13:00:00,36.5962,36.64188,36.58056,36.6261,9883.0
2025-01-16 17:00:00,36.58218,36.64394,36.58032,36.62712,7329.0
2025-01-16 21:00:00,36.62804,36.64584,36.55995,36.58114,11426.0
2025-01-17 01:00:00,36.58118,36.65049,36.53898,36.62007,27956.0
2025-01-17 05:00:00,36.62112,36.6696,36.58476,36.5999,27461.0
2025-01-17 09:00:00,36.59981,36.7348,36.51285,36.56422,45750.0
2025-01-17 13:00:00,36.56074,36.60611,36.3904,36.5119,16483.0
2025-01-19 17:00:00,36.5176,36.6717,36.5176,36.65014,5591.0
2025-01-19 21:00:00,36.65015,36.72465,36.63798,36.69837,7350.0
2025-01-20 01:00:00,36.692,36.77174,36.684,36.71059,24398.0
2025-01-20 05:00:00,36.71068,37.03693,36.71059,37.01885,31283.0
2025-01-20 09:00:00,37.01951,37.12033,36.85328,36.9613,28044.0
2025-01-20 13:00:00,36.96207,37.1629,36.95626,37.0876,6000.0
2025-01-20 17:00:00,37.0901,37.16785,36.87096,36.94902,14180.0
2025-01-20 21:00:00,36.94612,37.0642,36.9444,36.9806,3159.0
2025-01-21 01:00:00,36.9788,37.0274,36.87953,36.91848,29979.0
2025-01-21 05:00:00,36.9186,37.00584,36.88098,37.00554,30801.0
2025-01-21 09:00:00,37.00656,37.19256,36.98538,37.15407,21105.0
2025-01-21 13:00:00,37.1541,37.20404,37.12656,37.16788,7589.0
2025-01-21 17:00:00,37.18123,37.2144,37.06138,37.13572,9419.0
2025-01-21 21:00:00,37.13552,37.1794,37.12048,37.16328,4921.0
2025-01-22 01:00:00,37.16258,37.27547,37.11304,37.2728,26181.0
2025-01-22 05:00:00,37.27299,37.31156,37.1875,37.22052,30890.0
2025-01-22 09:00:00,37.21976,37.22168,37.15076,37.17022,15617.0
2025-01-22 13:00:00,37.17002,37.19772,37.13728,37.1466,8589.0
2025-01-22 17:00:00,37.21748,37.23538,37.16795,37.19162,3857.0
2025-01-22 21:00:00,37.19591,37.23334,37.16335,37.20772,6107.0
2025-01-23 01:00:00,37.20752,37.23183,37.13098,37.2128,22750.0
2025-01-23 05:00:00,37.2144,37.24682,37.15033,37.19715,32559.0
2025-01-23 09:00:00,37.19725,37.31204,37.05845,37.30236,20676.0
2025-01-23 13:00:00,37.30292,37.31002,37.1996,37.22433,4584.0
2025-01-23 17:00:00,37.17709,37.24338,37.17709,37.21202,6519.0
2025-01-23 21:00:00,37.21302,37.34928,37.20676,37.34422,15190.0
2025-01-24 01:00:00,37.34578,37.56134,37.32973,37.49074,32386.0
2025-01-24 05:00:00,37.49092,37.49998,37.37968,37.39864,14279.0
2025-01-24 09:00:00,37.39955,37.57609,37.3934,37.54102,29273.0
2025-01-24 13:00:00,37.54068,37.54645,37.45424,37.4922,9646.0
2025-01-26 17:00:00,37.4161,37.42928,37.3376,37.3462,11671.0
2025-01-26 21:00:00,37.34298,37.4035,37.30692,37.38442,9184.0
2025-01-27 01:00:00,37.38582,37.52272,37.37444,37.5047,28739.0
2025-01-27 05:00:00,37.50478,37.67018,37.50478,37.62011,30196.0
2025-01-27 09:00:00,37.62003,37.64042,37.5033,37.52442,33832.0
2025-01-27 13:00:00,37.52388,37.54105,37.48197,37.53745,7231.0
2025-01-27 17:00:00,37.53345,37.5516,37.32926,37.3581,13862.0
2025-01-27 21:00:00,37.35863,37.37415,37.30808,37.35668,8250.0
2025-01-28 01:00:00,37.35708,37.38869,37.29684,37.3537,26992.0
2025-01-28 05:00:00,37.35368,37.36277,37.27728,37.31598,22683.0
2025-01-28 09:00:00,37.3157,37.37546,37.29216,37.3072,18303.0
2025-01-28 13:00:00,37.30782,37.34796,37.28462,37.30338,10790.0
2025-01-28 17:00:00,37.29438,37.3475,37.28992,37.32384,1319.0
2025-01-28 21:00:00,37.32164,37.3755,37.3173,37.37048,1586.0
2025-01-29 01:00:00,37.3723,37.39274,37.24205,37.2483,25644.0
2025-01-29 05:00:00,37.24884,37.2685,37.17166,37.1972,27401.0
2025-01-29 09:00:00,37.19811,37.35896,37.19137,37.32902,19744.0
2025-01-29 13:00:00,37.33196,37.37436,37.20572,37.32947,36716.0
2025-01-29 17:00:00,37.39786,37.44785,37.38205,37.4096,3472.0
2025-01-29 21:00:00,37.4032,37.4342,37.378,37.40712,4101.0
2025-01-30 01:00:00,37.40748,37.41344,37.30396,37.32606,23549.0
2025-01-30 05:00:00,37.32588,37.5032,37.25698,37.49188,34786.0
2025-01-30 09:00:00,37.49206,37.53524,37.32042,37.36308,35236.0
2025-01-30 13:00:00,37.35042,37.4167,37.24128,37.31605,14391.0
2025-01-30 17:00:00,37.28255,37.34064,37.2361,37.28988,9465.0
2025-01-30 21:00:00,37.29208,37.3108,37.256,37.28918,8859.0
2025-01-31 01:00:00,37.28898,37.37338,37.20264,37.26794,25197.0
2025-01-31 05:00:00,37.2676,37.3058,37.22409,37.2607,20923.0
2025-01-31 09:00:00,37.2612,37.4443,37.18242,37.39222,28771.0
2025-01-31 13:00:00,37.39202,37.40465,36.9968,37.106,25237.0
2025-02-02 17:00:00,37.106,37.106,36.69308,36.774,24051.0
2025-02-02 21:00:00,36.7736,36.82596,36.6916,36.8074,19874.0
2025-02-03 01:00:00,36.8076,36.93004,36.75988,36.8417,36274.0
2025-02-03 05:00:00,36.84047,37.21077,36.83905,36.97584,38853.0
2025-02-03 09:00:00,36.97566,37.1768,36.89612,37.00898,53643.0
2025-02-03 13:00:00,37.0089,37.23442,36.97135,37.21179,11973.0
2025-02-03 17:00:00,37.21624,37.28665,37.1372,37.20345,9427.0
2025-02-03 21:00:00,37.20316,37.21196,37.01948,37.09986,7588.0
2025-02-04 01:00:00,37.10114,37.26484,37.0945,37.20296,39510.0
2025-02-04 05:00:00,37.20215,37.2247,37.14273,37.19998,30920.0
2025-02-04 09:00:00,37.19889,37.36414,37.19352,37.3205,44775.0
2025-02-04 13:00:00,37.3199,37.36098,37.31136,37.33184,6584.0
2025-02-04 17:00:00,37.3743,37.39148,37.32272,37.3303,1534.0
2025-02-04 21:00:00,37.32745,37.38875,37.32711,37.3417,2560.0
2025-02-05 01:00:00,37.34221,37.4838,37.32768,37.4217,27504.0
2025-02-05 05:00:00,37.42216,37.51532,37.41391,37.43906,33642.0
2025-02-05 09:00:00,37.43904,37.53318,37.40945,37.44804,36929.0
2025-02-05 13:00:00,37.44784,37.45289,37.36153,37.39979,7647.0
2025-02-05 17:00:00,37.48094,37.48094,37.393,37.464,1210.0
2025-02-05 21:00:00,37.4624,37.47495,37.39404,37.41892,7366.0
2025-02-06 01:00:00,37.41127,37.44665,37.26223,37.2749,25665.0
2025-02-06 05:00:00,37.27544,37.31859,37.25954,37.29369,38216.0
2025-02-06 09:00:00,37.29371,37.347,37.2794,37.342,28055.0
2025-02-06 13:00:00,37.34252,37.4197,37.321,37.3594,5412.0
2025-02-06 17:00:00,37.3692,37.43772,37.36844,37.40972,6065.0
2025-02-06 21:00:00,37.40978,37.4196,37.37088,37.38002,8011.0
2025-02-07 01:00:00,37.37972,37.45662,37.35008,37.42331,29305.0
2025-02-07 05:00:00,37.42316,37.49906,37.2709,37.32332,31404.0
2025-02-07 09:00:00,37.3226,37.40642,37.11435,37.17228,51152.0
2025-02-07 13:00:00,37.17273,37.28146,37.0382,37.1935,9870.0
2025-02-09 17:00:00,37.1907,37.24738,37.0921,37.1382,7729.0
2025-02-09 21:00:00,37.13494,37.25028,37.1305,37.19529,3432.0
2025-02-10 01:00:00,37.19995,37.25813,37.15376,37.2199,27496.0
2025-02-10 05:00:00,37.21984,37.24264,37.14351,37.18628,31182.0
2025-02-10 09:00:00,37.18664,37.19346,37.12212,37.15558,23852.0
2025-02-10 13:00:00,37.15532,37.17665,37.12078,37.1583,5631.0
2025-02-10 17:00:00,37.16176,37.174,37.1122,37.15288,4726.0
2025-02-10 21:00:00,37.1545,37.16985,37.0914,37.15838,3804.0
2025-02-11 01:00:00,37.15196,37.23462,37.11456,37.22424,22221.0
2025-02-11 05:00:00,37.2249,37.2682,37.21515,37.24582,29426.0
2025-02-11 09:00:00,37.24517,37.3492,37.24144,37.32608,19640.0
2025-02-11 13:00:00,37.32572,37.44761,37.304,37.3796,11645.0
2025-02-11 17:00:00,37.37486,37.39555,37.32976,37.3826,2966.0
2025-02-11 21:00:00,37.3832,37.40945,37.33884,37.38332,2107.0
2025-02-12 01:00:00,37.38312,37.50518,37.3778,37.48488,21497.0
2025-02-12 05:00:00,37.48607,37.52458,37.27836,37.33738,24673.0
2025-02-12 09:00:00,37.33668,37.67685,37.30865,37.67286,33715.0
2025-02-12 13:00:00,37.67326,37.68603,37.47601,37.5029,11385.0
2025-02-12 17:00:00,37.58402,37.6932,37.57455,37.68606,1428.0
2025-02-12 21:00:00,37.68662,37.83015,37.67705,37.81938,1924.0
2025-02-13 01:00:00,37.81898,37.83172,37.72866,37.76348,26822.0
2025-02-13 05:00:00,37.76238,37.7828,37.57586,37.63652,39237.0
2025-02-13 09:00:00,37.63634,37.83152,37.60248,37.7646,38655.0
2025-02-13 13:00:00,37.75553,37.982,37.5866,37.95728,19506.0
2025-02-13 17:00:00,37.86665,37.9136,37.83195,37.86726,11465.0
2025-02-13 21:00:00,37.86706,37.87721,37.8155,37.84004,13956.0
2025-02-14 01:00:00,37.83987,37.98166,37.83632,37.96396,29819.0
2025-02-14 05:00:00,37.96442,38.02416,37.87612,37.98434,32666.0
2025-02-14 09:00:00,37.98442,38.0789,37.98183,38.06233,33105.0
2025-02-14 13:00:00,38.06218,38.0705,38.0012,38.00591,12782.0
2025-02-16 17:00:00,38.0195,38.08968,38.0108,38.0807,5294.0
2025-02-16 21:00:00,38.0812,38.0812,37.95924,38.03673,13710.0
2025-02-17 01:00:00,38.03426,38.05785,37.96091,37.98219,24597.0
2025-02-17 05:00:00,37.98218,38.038,37.96276,37.982,18866.0
2025-02-17 09:00:00,37.9821,38.03181,37.9727,38.0252,9688.0
2025-02-17 13:00:00,38.02262,38.03882,38.00205,38.01925,3077.0
2025-02-17 17:00:00,38.00782,38.04565,37.95618,37.97118,3157.0
2025-02-17 21:00:00,37.9698,37.99677,37.9263,37.93873,11205.0
2025-02-18 01:00:00,37.93922,38.01033,37.93805,37.99295,21200.0
2025-02-18 05:00:00,37.99586,38.00604,37.91276,37.92302,19368.0
2025-02-18 09:00:00,37.9228,38.00854,37.89653,37.92128,18120.0
2025-02-18 13:00:00,37.92101,37.9559,37.88746,37.93035,7765.0
2025-02-18 17:00:00,37.95772,37.9832,37.93465,37.95642,5703.0
2025-02-18 21:00:00,37.95662,37.99385,37.95163,37.99278,8211.0
2025-02-19 01:00:00,37.99258,38.01904,37.88816,37.89205,23790.0
2025-02-19 05:00:00,37.89185,37.92042,37.85709,37.9142,23273.0
2025-02-19 09:00:00,37.91447,37.93216,37.78838,37.82015,18363.0
2025-02-19 13:00:00,37.82315,37.90128,37.8132,37.87036,7335.0
2025-02-19 17:00:00,37.94656,37.98635,37.91505,37.9461,2142.0
2025-02-19 21:00:00,37.94754,38.00762,37.94315,37.97078,4650.0
2025-02-20 01:00:00,37.97118,38.02312,37.96531,38.01064,22672.0
2025-02-20 05:00:00,38.0113,38.06836,37.98702,38.0468,29642.0
2025-02-20 09:00:00,38.04725,38.18845,38.0151,38.1726,30894.0
2025-02-20 13:00:00,38.17023,38.23712,38.14742,38.21465,7178.0
2025-02-20 17:00:00,38.2105,38.2722,38.20322,38.21843,6729.0
2025-02-20 21:00:00,38.21863,38.31514,38.21678,38.23614,10911.0
2025-02-21 01:00:00,38.23638,38.27864,38.14446,38.1534,24682.0
2025-02-21 05:00:00,38.15324,38.18668,38.11878,38.17601,16615.0
2025-02-21 09:00:00,38.17587,38.24862,38.10583,38.21097,35209.0
2025-02-21 13:00:00,38.19195,38.2408,38.109,38.18395,20419.0
2025-02-23 17:00:00,38.1843,38.398,38.1843,38.37152,4878.0
2025-02-23 21:00:00,38.37121,38.41824,38.32482,38.34857,7901.0
2025-02-24 01:00:00,38.34797,38.35858,38.18167,38.20173,27981.0
2025-02-24 05:00:00,38.2011,38.23256,38.14486,38.17576,23719.0
2025-02-24 09:00:00,38.17593,38.24058,38.11999,38.1983,24692.0
2025-02-24 13:00:00,38.1961,38.2482,38.15318,38.17824,6990.0
2025-02-24 17:00:00,38.22366,38.30588,38.17702,38.19915,2981.0
2025-02-24 21:00:00,38.19895,38.24625,38.1988,38.23804,8937.0
2025-02-25 01:00:00,38.23824,38.25112,38.16424,38.22918,28348.0
2025-02-25 05:00:00,38.23062,38.36004,38.19871,38.32684,25740.0
2025-02-25 09:00:00,38.32786,38.39163,38.25374,38.31716,26576.0
2025-02-25 13:00:00,38.3172,38.37665,38.31651,38.36696,9440.0
2025-02-25 17:00:00,38.37009,38.42345,38.36125,38.38748,4635.0
2025-02-25 21:00:00,38.38742,38.393,38.2862,38.2898,7799.0
2025-02-26 01:00:00,38.29,38.3552,38.27444,38.28626,24704.0
2025-02-26 05:00:00,38.28628,38.30538,38.20562,38.24557,24236.0
2025-02-26 09:00:00,38.2452,38.42191,38.23382,38.29104,29561.0
2025-02-26 13:00:00,38.29054,38.32142,38.22752,38.25165,19250.0
2025-02-26 17:00:00,38.3298,38.36352,38.29163,38.30763,3476.0
2025-02-26 21:00:00,38.30743,38.3168,38.23798,38.25164,8109.0
2025-02-27 01:00:00,38.25468,38.29792,38.2388,38.28601,27227.0
2025-02-27 05:00:00,38.28599,38.3132,38.06186,38.07626,34419.0
2025-02-27 09:00:00,38.07613,38.14543,37.98097,38.00792,38021.0
2025-02-27 13:00:00,38.00872,38.0516,37.9502,38.0039,8328.0
2025-02-27 17:00:00,37.99845,38.054,37.95945,37.96112,4307.0
2025-02-27 21:00:00,37.9611,37.99338,37.9442,37.9868,3263.0
2025-02-28 01:00:00,37.98533,38.05686,37.96282,38.00858,23886.0
2025-02-28 05:00:00,38.0084,38.07599,37.9893,38.03298,25168.0
2025-02-28 09:00:00,38.03312,38.082,37.98466,37.9939,40353.0
2025-02-28 13:00:00,37.9928,37.99755,37.7766,37.87755,15735.0
2025-03-02 17:00:00,38.04814,38.1088,38.01496,38.08048,7644.0
2025-03-02 21:00:00,38.08021,38.09743,38.04494,38.0754,3934.0
2025-03-03 01:00:00,38.0752,38.08492,37.94074,38.06112,31813.0
2025-03-03 05:00:00,38.06094,38.22976,38.06057,38.19407,29727.0
2025-03-03 09:00:00,38.1939,38.30602,38.18466,38.2506,26570.0
2025-03-03 13:00:00,38.2503,38.31226,38.1749,38.28845,19636.0
2025-03-03 17:00:00,38.29475,38.31205,38.2373,38.2728,4527.0
2025-03-03 21:00:00,38.27225,38.2786,38.18438,38.24532,1905.0
2025-03-04 01:00:00,38.24508,38.43414,38.23609,38.36862,34772.0
2025-03-04 05:00:00,38.36844,38.52956,38.33644,38.45024,18600.0
2025-03-04 09:00:00,38.45024,38.48931,38.2971,38.45321,24357.0
2025-03-04 13:00:00,38.45346,38.78578,38.43456,38.75866,20873.0
2025-03-04 17:00:00,38.7732,38.8388,38.7143,38.73128,6337.0
2025-03-04 21:00:00,38.73284,38.80458,38.69554,38.78736,14003.0
2025-03-05 01:00:00,38.7883,39.10578,38.75643,39.06739,26689.0
2025-03-05 05:00:00,39.06715,39.11222,38.9415,39.0855,35747.0
2025-03-05 09:00:00,39.08579,39.33566,39.07915,39.32634,55699.0
2025-03-05 13:00:00,39.32674,39.3842,39.24422,39.3489,16149.0
2025-03-05 17:00:00,39.43952,39.57712,39.4103,39.55564,7180.0
2025-03-05 21:00:00,39.54666,39.5724,39.38592,39.48774,1645.0
2025-03-06 01:00:00,39.48959,39.53768,39.38886,39.46283,47215.0
2025-03-06 05:00:00,39.46271,39.59796,39.38448,39.52524,53298.0
2025-03-06 09:00:00,39.52461,39.61128,39.39144,39.41828,44233.0
2025-03-06 13:00:00,39.41705,39.46578,39.3018,39.3961,13126.0
2025-03-06 17:00:00,39.35835,39.45844,39.3577,39.40794,7684.0
2025-03-06 21:00:00,39.40915,39.50691,39.38448,39.49509,9218.0
2025-03-07 01:00:00,39.49669,39.67176,39.47259,39.62174,44078.0
2025-03-07 05:00:00,39.62145,39.72515,39.53668,39.55762,50769.0
2025-03-07 09:00:00,39.55616,39.71735,39.52198,39.56789,49579.0
2025-03-07 13:00:00,39.57392,39.65014,39.50582,39.5423,23713.0
2025-03-09 17:00:00,39.58618,39.73688,39.56402,39.7022,9304.0
2025-03-09 21:00:00,39.70575,39.72988,39.5805,39.5806,3458.0
2025-03-10 01:00:00,39.5805,39.64603,39.50822,39.54576,36465.0
2025-03-10 05:00:00,39.54584,39.77622,39.5408,39.67175,54788.0
2025-03-10 09:00:00,39.67185,39.69685,39.57169,39.618,41222.0
2025-03-10 13:00:00,39.61744,39.68588,39.57205,39.65245,12790.0
2025-03-10 17:00:00,39.6378,39.73625,39.63315,39.72875,4316.0
2025-03-10 21:00:00,39.72955,39.766,39.69644,39.73774,9968.0
2025-03-11 01:00:00,39.739,39.97247,39.6698,39.96418,37896.0
2025-03-11 05:00:00,39.96334,39.99024,39.83458,39.98109,31372.0
2025-03-11 09:00:00,39.9804,40.02782,39.89543,40.0067,38173.0
2025-03-11 13:00:00,40.0068,40.08205,39.91775,39.9808,15412.0
2025-03-11 17:00:00,39.9841,40.02939,39.94425,39.9585,2211.0
2025-03-11 21:00:00,39.9592,39.9832,39.9096,39.9223,4807.0
2025-03-12 01:00:00,39.9225,40.025,39.8925,40.02308,27312.0
2025-03-12 05:00:00,40.0232,40.06232,39.85122,39.85982,48050.0
2025-03-12 09:00:00,39.85961,40.02345,39.84172,39.93395,46186.0
2025-03-12 13:00:00,39.93335,39.96575,39.836,39.87265,9056.0
2025-03-12 17:00:00,39.9441,39.9609,39.8903,39.96045,1033.0
2025-03-12 21:00:00,39.9603,39.9812,39.9142,39.97014,4055.0
2025-03-13 01:00:00,39.9696,39.97175,39.84063,39.90184,27778.0
2025-03-13 05:00:00,39.90148,39.94438,39.72888,39.76352,44313.0
2025-03-13 09:00:00,39.7637,39.91216,39.71232,39.8966,49179.0
2025-03-13 13:00:00,39.89913,39.90284,39.7937,39.83116,15035.0
2025-03-13 17:00:00,39.81745,39.86884,39.8104,39.834,3821.0
2025-03-13 21:00:00,39.8338,39.97617,39.78086,39.80364,6219.0
2025-03-14 01:00:00,39.80324,39.85932,39.76304,39.84924,26849.0
2025-03-14 05:00:00,39.84885,40.05696,39.8076,39.99172,51012.0
2025-03-14 09:00:00,39.99118,40.00567,39.88442,39.9453,36470.0
2025-03-14 13:00:00,39.94444,40.01756,39.8627,39.8692,8903.0
2025-03-16 17:00:00,39.97454,40.00066,39.89664,39.92365,7010.0
2025-03-16 21:00:00,39.9215,39.9922,39.9062,39.94634,7455.0
2025-03-17 01:00:00,39.9467,39.9759,39.90875,39.96524,35925.0
2025-03-17 05:00:00,39.96524,40.05341,39.93498,40.00426,25359.0
2025-03-17 09:00:00,40.00424,40.07882,39.97119,40.03716,22138.0
2025-03-17 13:00:00,40.0372,40.08194,40.0014,40.06188,5413.0
2025-03-17 17:00:00,40.0472,40.0745,40.04244,40.04875,1902.0
2025-03-17 21:00:00,40.04725,40.0594,40.01084,40.02973,822.0
2025-03-18 01:00:00,40.028,40.19604,40.01995,40.18888,28844.0
2025-03-18 05:00:00,40.18943,40.19578,39.96272,40.03199,39286.0
2025-03-18 09:00:00,40.0317,40.16648,39.98314,40.15782,20851.0
2025-03-18 13:00:00,40.1566,40.21011,40.1566,40.1877,7439.0
2025-03-18 17:00:00,40.18746,40.21014,40.1586,40.168,1465.0
2025-03-18 21:00:00,40.169,40.34354,40.15589,40.21964,3778.0
2025-03-19 01:00:00,40.22356,43.32073,40.17446,43.05858,17430.0
2025-03-19 05:00:00,43.05917,43.30423,41.26278,41.52314,28608.0
2025-03-19 09:00:00,41.52623,41.64308,41.15038,41.27445,43208.0
2025-03-19 13:00:00,41.2771,41.67719,41.27445,41.48564,2631.0
2025-03-19 17:00:00,41.48328,41.85095,41.48328,41.6509,178.0
2025-03-19 21:00:00,41.67452,41.72778,41.6323,41.67453,268.0
2025-03-20 01:00:00,41.67442,41.8435,41.27277,41.4574,22032.0
2025-03-20 05:00:00,41.45702,41.47462,41.29464,41.31946,34719.0
2025-03-20 09:00:00,41.31885,41.36966,40.70516,41.28915,31451.0
2025-03-20 13:00:00,41.29145,41.35862,41.1953,41.30195,1578.0
2025-03-20 17:00:00,41.26951,41.36322,41.26951,41.31539,1314.0
2025-03-20 21:00:00,41.31526,41.31888,41.22138,41.22138,246.0
2025-03-21 01:00:00,41.21468,41.43252,41.17807,41.32059,14358.0
2025-03-21 05:00:00,41.2713,41.41496,41.22383,41.306,45310.0
2025-03-21 09:00:00,41.30657,41.57485,40.87303,40.97475,35901.0
2025-03-21 13:00:00,40.92923,41.18727,40.87135,41.11365,6897.0
2025-03-23 17:00:00,41.11365,41.37095,41.09273,41.37095,708.0
2025-03-23 21:00:00,41.37075,41.3721,41.28845,41.29953,406.0
2025-03-24 01:00:00,41.31457,41.38032,40.89734,41.25096,33808.0
2025-03-24 05:00:00,41.2507,41.33301,41.06351,41.2359,57437.0
2025-03-24 09:00:00,41.23484,41.24022,41.02147,41.02798,31020.0
2025-03-24 13:00:00,41.02805,41.176,41.02228,41.08395,2268.0
2025-03-24 17:00:00,41.10193,41.15976,41.04706,41.1244,933.0
2025-03-24 21:00:00,41.12478,41.14929,40.99204,41.00228,1184.0
2025-03-25 01:00:00,41.0023,41.1043,40.9571,41.04194,16538.0
2025-03-25 05:00:00,41.04176,41.17599,41.01366,41.13798,40453.0
2025-03-25 09:00:00,41.13842,41.16117,41.05456,41.08917,35939.0
2025-03-25 13:00:00,41.0892,41.16458,41.00928,41.04394,1831.0
2025-03-25 17:00:00,41.04752,41.12802,41.02261,41.04174,1580.0
2025-03-25 21:00:00,41.05098,41.16331,40.795,41.0135,2550.0
2025-03-26 01:00:00,41.01384,41.09184,40.99206,41.08919,14641.0
2025-03-26 05:00:00,41.08803,41.10654,41.0221,41.03282,22816.0
2025-03-26 09:00:00,41.03272,41.07606,40.96554,41.02452,30433.0
2025-03-26 13:00:00,41.02546,41.04071,40.86708,40.887,2496.0
2025-03-26 17:00:00,40.89917,41.14042,40.8167,41.1302,600.0
2025-03-26 21:00:00,41.13,41.22734,41.12903,41.2198,1513.0
2025-03-27 01:00:00,41.22097,41.29547,41.07412,41.1522,18664.0
2025-03-27 05:00:00,41.1516,41.24862,41.09595,41.20027,25120.0
2025-03-27 09:00:00,41.20056,41.27036,41.13194,41.15973,34414.0
2025-03-27 13:00:00,41.16191,41.28337,40.89257,41.13339,372.0
2025-03-27 17:00:00,41.08275,41.10277,41.00232,41.06578,4721.0
2025-03-27 21:00:00,41.06596,41.07535,40.99946,41.01546,10405.0
2025-03-28 01:00:00,41.01583,41.05848,40.95893,40.97107,20218.0
2025-03-28 05:00:00,40.97102,41.0225,40.91844,41.01136,26131.0
2025-03-28 09:00:00,41.00999,41.22675,40.79761,41.12992,28796.0
2025-03-28 13:00:00,41.13045,41.28665,41.07402,41.17707,5649.0
2025-03-30 17:00:00,41.12308,41.17002,41.041,41.1622,1987.0
2025-03-30 21:00:00,41.16285,41.19627,41.12356,41.13598,2795.0
2025-03-31 01:00:00,41.13596,41.16754,41.00555,41.08008,20543.0
2025-03-31 05:00:00,41.08002,41.09718,40.98478,40.99494,36884.0
2025-03-31 09:00:00,40.99569,41.06323,40.90985,41.04464,30128.0
2025-03-31 13:00:00,41.04529,41.0751,41.0218,41.05012,9698.0
2025-03-31 17:00:00,41.05149,41.1781,41.05149,41.10889,238.0
2025-03-31 21:00:00,41.10904,41.21382,41.07777,41.09898,751.0
2025-04-01 01:00:00,41.10148,41.1867,41.01584,41.10788,19236.0
2025-04-01 05:00:00,41.1074,41.16015,40.9115,40.95273,43439.0
2025-04-01 09:00:00,40.95357,41.07543,40.92081,41.01868,27139.0
2025-04-01 13:00:00,41.01658,41.05279,40.95226,41.02244,1206.0
2025-04-01 17:00:00,41.03048,41.08494,40.97602,41.00187,1126.0
2025-04-01 21:00:00,41.002,41.05648,41.00073,41.03991,753.0
2025-04-02 01:00:00,41.03992,41.06839,40.86745,40.98995,14723.0
2025-04-02 05:00:00,40.9892,41.0684,40.95433,41.06686,13319.0
2025-04-02 09:00:00,41.06692,41.33275,41.03886,41.20232,19621.0
2025-04-02 13:00:00,41.20452,41.51444,41.06879,41.3038,1736.0
2025-04-02 17:00:00,41.23118,41.54614,40.99738,41.42807,4790.0
2025-04-02 21:00:00,41.4278,41.57702,41.41206,41.49649,2208.0
2025-04-03 01:00:00,41.49649,41.93715,41.49536,41.8735,39673.0
2025-04-03 05:00:00,41.87192,42.40144,41.85224,42.16004,73231.0
2025-04-03 09:00:00,42.16053,42.36834,41.95984,42.0226,44293.0
2025-04-03 13:00:00,42.02037,42.12053,41.91,42.10666,4322.0
2025-04-03 17:00:00,42.04388,42.1735,41.92648,42.08664,2893.0
2025-04-03 21:00:00,42.08428,42.26974,42.01714,42.15284,3253.0
2025-04-04 01:00:00,42.1529,42.32052,41.76432,41.84282,33391.0
2025-04-04 05:00:00,41.84306,42.24577,41.7235,41.93852,84551.0
2025-04-04 09:00:00,41.93827,42.04254,41.68652,41.79766,69788.0
2025-04-04 13:00:00,41.78086,41.94648,41.5268,41.75004,8243.0
2025-04-06 17:00:00,41.45314,41.8965,41.4001,41.74235,17264.0
2025-04-06 21:00:00,41.74296,41.91506,41.40586,41.80245,26983.0
2025-04-07 01:00:00,41.8041,42.05176,41.66957,41.83122,65096.0
2025-04-07 05:00:00,41.83089,41.85014,41.61388,41.76146,82636.0
2025-04-07 09:00:00,41.76258,41.79213,41.4695,41.64163,75342.0
2025-04-07 13:00:00,41.64139,41.84473,41.31482,41.62421,7912.0
2025-04-07 17:00:00,41.62421,41.80054,41.50404,41.7514,4625.0
2025-04-07 21:00:00,41.75141,41.87874,41.55458,41.76213,7143.0
2025-04-08 01:00:00,41.76164,41.88267,41.5598,41.62016,44047.0
2025-04-08 05:00:00,41.6195,41.74166,41.5212,41.66133,47590.0
2025-04-08 09:00:00,41.6604,41.6874,41.43234,41.59155,38407.0
2025-04-08 13:00:00,41.59076,41.83066,41.33171,41.60096,39521.0
2025-04-08 17:00:00,41.68617,41.9142,41.61412,41.90645,748.0
2025-04-08 21:00:00,41.90909,42.32831,41.84214,42.09186,7806.0
2025-04-09 01:00:00,42.24744,42.24816,41.8509,41.96318,74797.0
2025-04-09 05:00:00,41.96298,42.22418,41.89504,42.14917,78976.0
2025-04-09 09:00:00,42.15084,42.17446,41.90812,41.93328,54450.0
2025-04-09 13:00:00,41.9416,42.1815,41.41116,41.57942,23141.0
2025-04-09 17:00:00,41.50964,41.85856,41.50964,41.85781,5503.0
2025-04-09 21:00:00,41.85756,41.89868,41.79601,41.87418,3918.0
2025-04-10 01:00:00,41.87412,42.05848,41.7259,42.01698,44525.0
2025-04-10 05:00:00,42.01696,42.33287,42.00222,42.2164,74658.0
2025-04-10 09:00:00,42.2168,42.69941,42.19102,42.56782,56953.0
2025-04-10 13:00:00,42.5655,42.75388,42.4149,42.5727,5957.0
2025-04-10 17:00:00,42.5549,43.3697,42.5549,43.09196,13791.0
2025-04-10 21:00:00,43.0908,43.24425,42.95634,43.11376,14476.0
2025-04-11 01:00:00,43.11361,43.72179,42.8555,43.5445,68393.0
2025-04-11 05:00:00,43.54422,43.54422,43.13528,43.41805,77794.0
2025-04-11 09:00:00,43.41744,43.4808,42.94278,43.07223,74068.0
2025-04-11 13:00:00,43.0703,43.37645,42.91574,43.35056,2283.0
2025-04-13 17:00:00,43.02092,43.32634,43.00319,43.28922,2656.0
2025-04-13 21:00:00,43.28942,43.43327,43.24201,43.25793,4580.0
2025-04-14 01:00:00,43.25806,43.4688,43.21141,43.3579,70908.0
2025-04-14 05:00:00,43.35828,43.45107,43.17809,43.19246,47951.0
2025-04-14 09:00:00,43.1927,43.3793,43.03027,43.14917,42048.0
2025-04-14 13:00:00,43.1494,43.3048,43.05212,43.18972,5176.0
2025-04-14 17:00:00,43.18735,43.26394,43.08157,43.12864,2447.0
2025-04-14 21:00:00,43.12868,43.26491,43.07794,43.23993,2959.0
2025-04-15 01:00:00,43.24158,43.37216,43.10703,43.26504,38570.0
2025-04-15 05:00:00,43.26519,43.30018,43.12704,43.14476,32904.0
2025-04-15 09:00:00,43.14214,43.20922,42.85872,43.00674,38210.0
2025-04-15 13:00:00,42.9929,43.12698,42.84887,42.99604,4494.0
2025-04-15 17:00:00,42.99656,43.39959,42.99656,43.36177,3110.0
2025-04-15 21:00:00,43.3617,43.46505,43.33519,43.45778,2955.0
2025-04-16 01:00:00,43.4576,43.64398,43.44038,43.58428,24787.0
2025-04-16 05:00:00,43.58352,43.61572,43.47974,43.52818,35818.0
2025-04-16 09:00:00,43.52972,43.66275,43.5149,43.60515,28486.0
2025-04-16 13:00:00,43.60004,43.76018,43.53572,43.73017,4911.0
2025-04-16 17:00:00,43.79074,43.82612,43.65642,43.66394,3101.0
2025-04-16 21:00:00,43.66391,43.71784,43.61673,43.64042,2555.0
2025-04-17 01:00:00,43.64022,43.77823,43.5628,43.73613,28834.0
2025-04-17 05:00:00,43.73537,43.74402,43.42301,43.5213,34999.0
2025-04-17 09:00:00,43.5213,43.6444,43.4109,43.44054,40618.0
2025-04-17 13:00:00,43.44078,43.54438,43.39924,43.4876,4421.0
2025-04-17 17:00:00,43.48746,43.48746,43.36903,43.43748,996.0
2025-04-17 21:00:00,43.42648,43.45376,43.3921,43.41127,2572.0
2025-04-18 01:00:00,43.41145,43.55926,43.41,43.53795,33139.0
2025-04-18 05:00:00,43.5352,43.61065,43.52948,43.57716,25708.0
2025-04-18 09:00:00,43.5795,43.66444,43.45117,43.5936,11267.0
2025-04-18 13:00:00,43.59347,43.60906,43.41935,43.56647,1097.0
2025-04-20 17:00:00,43.56064,43.87534,43.51909,43.79328,1924.0
2025-04-20 21:00:00,43.79352,44.16414,43.79352,44.06452,3985.0
2025-04-21 01:00:00,44.0644,44.26995,44.02162,44.23934,30847.0
2025-04-21 05:00:00,44.23819,44.29966,44.07249,44.18691,32104.0
2025-04-21 09:00:00,44.18593,44.18755,43.94261,44.0707,29558.0
2025-04-21 13:00:00,44.07633,44.13402,43.9866,44.07544,2729.0
2025-04-21 17:00:00,43.97844,44.06935,43.90745,43.93985,2121.0
2025-04-21 21:00:00,43.94101,44.14866,43.9228,44.10858,13832.0
2025-04-22 01:00:00,44.10847,44.13622,43.93616,44.00062,33996.0
2025-04-22 05:00:00,44.00082,44.03109,43.85302,43.88704,33444.0
2025-04-22 09:00:00,43.88734,43.97086,43.73828,43.7449,40009.0
2025-04-22 13:00:00,43.7458,43.82626,43.68266,43.72129,11074.0
2025-04-22 17:00:00,43.72119,43.72119,43.37636,43.6826,4068.0
2025-04-22 21:00:00,43.69405,43.86878,43.50626,43.65907,8975.0
2025-04-23 01:00:00,43.6589,43.80303,43.5809,43.72669,24536.0
2025-04-23 05:00:00,43.7263,43.83282,43.6445,43.69136,29083.0
2025-04-23 09:00:00,43.69016,43.72717,43.34083,43.3462,42425.0
2025-04-23 13:00:00,43.34738,43.55814,43.2615,43.42464,2589.0
2025-04-23 17:00:00,43.5129,43.61784,43.50033,43.5941,2808.0
2025-04-23 21:00:00,43.59396,43.63972,43.46646,43.50036,3249.0
2025-04-24 01:00:00,43.50024,43.79128,43.4814,43.74466,18122.0
2025-04-24 05:00:00,43.74426,43.79718,43.65376,43.72655,24834.0
2025-04-24 09:00:00,43.72778,43.76897,43.6121,43.7279,30777.0
2025-04-24 13:00:00,43.72945,43.8621,43.6719,43.77966,2133.0
2025-04-24 17:00:00,43.7747,43.84123,43.64594,43.64896,3786.0
2025-04-24 21:00:00,43.64645,43.74781,43.52366,43.60004,6667.0
2025-04-25 01:00:00,43.59962,43.73072,43.5477,43.66354,23200.0
2025-04-25 05:00:00,43.66334,43.72142,43.59947,43.65886,23288.0
2025-04-25 09:00:00,43.659,43.84307,43.58938,43.7284,23996.0
2025-04-25 13:00:00,43.73,43.86481,43.68466,43.72124,3377.0
2025-04-27 17:00:00,43.6218,43.79324,43.6218,43.70906,2567.0
2025-04-27 21:00:00,43.7117,43.87932,43.53812,43.77891,6854.0
2025-04-28 01:00:00,43.77742,43.90546,43.6119,43.66993,19246.0
2025-04-28 05:00:00,43.67032,43.77361,43.64998,43.68474,18285.0
2025-04-28 09:00:00,43.68661,43.94587,43.64038,43.88599,28317.0
2025-04-28 13:00:00,43.88464,44.08075,43.76848,43.9671,7480.0
2025-04-28 17:00:00,43.96141,44.10172,43.93098,43.93284,1904.0
2025-04-28 21:00:00,43.92972,44.01464,43.81906,43.86658,2815.0
2025-04-29 01:00:00,43.86656,43.95268,43.82993,43.87159,23881.0
2025-04-29 05:00:00,43.87158,43.97438,43.80366,43.95698,23615.0
2025-04-29 09:00:00,43.95732,44.03752,43.85226,43.95418,34532.0
2025-04-29 13:00:00,43.95358,44.12029,43.8355,43.94091,3698.0
2025-04-29 17:00:00,43.93497,44.17519,43.93497,43.96758,2819.0
2025-04-29 21:00:00,43.9673,43.98079,43.86186,43.92934,2411.0
2025-04-30 01:00:00,43.92938,44.0344,43.89479,43.9282,16596.0
2025-04-30 05:00:00,43.92936,43.96798,43.86484,43.91161,26676.0
2025-04-30 09:00:00,43.91118,43.94044,43.7238,43.84542,41697.0
2025-04-30 13:00:00,43.84566,43.88314,43.71183,43.78008,7800.0
2025-04-30 17:00:00,43.77748,43.80376,43.7473,43.76375,10640.0
2025-04-30 21:00:00,43.76384,43.76519,43.63893,43.64917,3645.0
2025-05-01 01:00:00,43.64688,43.73036,43.56406,43.6849,27469.0
2025-05-01 05:00:00,43.68582,43.75838,43.6259,43.65154,29861.0
2025-05-01 09:00:00,43.6476,43.69901,43.46075,43.5517,20153.0
2025-05-01 13:00:00,43.5528,43.5824,43.4921,43.56411,4218.0
2025-05-01 17:00:00,43.5961,43.64622,43.52277,43.56374,3982.0
2025-05-01 21:00:00,43.5656,43.69426,43.54487,43.63264,6164.0
2025-05-02 01:00:00,43.63267,43.7471,43.62655,43.72094,24655.0
2025-05-02 05:00:00,43.72074,43.82673,43.6527,43.70432,35616.0
2025-05-02 09:00:00,43.70464,43.9253,43.68622,43.70296,46583.0
2025-05-02 13:00:00,43.70165,43.70466,43.59654,43.63571,5021.0
2025-05-04 17:00:00,43.6977,43.78044,43.62768,43.73141,3067.0
2025-05-04 21:00:00,43.7312,43.88098,43.73018,43.79304,2593.0
2025-05-05 01:00:00,43.79353,43.9318,43.70212,43.76134,17747.0
2025-05-05 05:00:00,43.76172,43.89164,43.76172,43.87926,22439.0
2025-05-05 09:00:00,43.87948,43.89436,43.62833,43.64385,25483.0
2025-05-05 13:00:00,43.65028,43.70831,43.61872,43.68607,2730.0
2025-05-05 17:00:00,43.69982,43.7992,43.56082,43.5838,788.0
2025-05-05 21:00:00,43.5807,43.83078,43.48517,43.75228,2840.0
2025-05-06 01:00:00,43.75214,43.86406,43.64332,43.77734,23607.0
2025-05-06 05:00:00,43.77696,43.84341,43.70197,43.83125,26641.0
2025-05-06 09:00:00,43.83124,43.95104,43.76919,43.83531,27814.0
2025-05-06 13:00:00,43.83318,44.066,43.75789,43.97146,5160.0
2025-05-06 17:00:00,43.96328,44.02226,43.71334,43.86803,9283.0
2025-05-06 21:00:00,43.86676,44.01572,43.7175,43.88484,11881.0
2025-05-07 01:00:00,43.88349,44.03506,43.81314,43.94142,22235.0
2025-05-07 05:00:00,43.94002,43.99538,43.90165,43.94038,18415.0
2025-05-07 09:00:00,43.94004,43.97848,43.85187,43.90354,23784.0
2025-05-07 13:00:00,43.90305,44.06516,43.68354,43.72984,16316.0
2025-05-07 17:00:00,43.82962,43.9145,43.81527,43.86954,2596.0
2025-05-07 21:00:00,43.86474,43.9646,43.65022,43.87746,5030.0
2025-05-08 01:00:00,43.87753,43.87764,43.67614,43.7554,23513.0
2025-05-08 05:00:00,43.7555,43.87052,43.70025,43.77985,24742.0
2025-05-08 09:00:00,43.78049,43.84691,43.47544,43.49061,36574.0
2025-05-08 13:00:00,43.48536,43.539,43.24969,43.53753,4558.0
2025-05-08 17:00:00,43.45968,43.5243,43.36267,43.51846,3250.0
2025-05-08 21:00:00,43.51916,43.53453,43.38339,43.51305,3951.0
2025-05-09 01:00:00,43.50766,43.67684,43.41089,43.66744,17683.0
2025-05-09 05:00:00,43.66628,43.68364,43.60891,43.65681,18529.0
2025-05-09 09:00:00,43.65656,43.8084,43.65115,43.67072,24426.0
2025-05-09 13:00:00,43.67072,43.70264,43.47543,43.64125,2508.0
2025-05-11 17:00:00,43.33135,43.59363,43.30142,43.5925,4677.0
2025-05-11 21:00:00,43.5925,43.60791,43.53016,43.55132,4202.0
2025-05-12 01:00:00,43.55302,43.57342,42.99672,43.21174,40195.0
2025-05-12 05:00:00,43.21146,43.22982,42.97568,43.13718,34132.0
2025-05-12 09:00:00,43.13755,43.21456,43.01814,43.02106,34824.0
2025-05-12 13:00:00,43.02253,43.21282,42.93996,43.0347,6009.0
2025-05-12 17:00:00,43.05772,43.14782,43.05708,43.13382,2328.0
2025-05-12 21:00:00,43.13382,43.23371,43.11684,43.17774,3159.0
2025-05-13 01:00:00,43.17774,43.2226,43.12172,43.16634,19634.0
2025-05-13 05:00:00,43.16518,43.20934,43.0956,43.19344,22949.0
2025-05-13 09:00:00,43.19388,43.41894,43.18168,43.39308,33465.0
2025-05-13 13:00:00,43.39308,43.47428,43.36666,43.43222,3952.0
2025-05-13 17:00:00,43.4356,43.48362,43.42592,43.46165,1586.0
2025-05-13 21:00:00,43.46166,43.49836,43.42862,43.44942,2832.0
2025-05-14 01:00:00,43.44806,43.69958,43.41476,43.62038,26427.0
2025-05-14 05:00:00,43.62313,43.72272,43.48213,43.54402,28125.0
2025-05-14 09:00:00,43.5446,43.56848,43.39064,43.44568,33435.0
2025-05-14 13:00:00,43.44551,43.45582,43.24335,43.35446,1959.0
2025-05-14 17:00:00,43.36501,43.60609,43.36501,43.60013,1298.0
2025-05-14 21:00:00,43.60013,43.62209,43.57848,43.59418,1530.0
2025-05-15 01:00:00,43.59419,43.68885,43.5436,43.60458,18943.0
2025-05-15 05:00:00,43.6042,43.61014,43.45279,43.56092,25599.0
2025-05-15 09:00:00,43.56106,43.61454,43.42444,43.4593,34237.0
2025-05-15 13:00:00,43.46124,43.51438,43.41574,43.48714,2120.0
2025-05-15 17:00:00,43.35752,43.53265,43.3035,43.53265,622.0
2025-05-15 21:00:00,43.53015,43.5438,43.4856,43.5283,1865.0
2025-05-16 01:00:00,43.5268,43.5937,43.46386,43.46794,19299.0
2025-05-16 05:00:00,43.46702,43.50675,43.41067,43.48517,27598.0
2025-05-16 09:00:00,43.48473,43.50701,43.2463,43.31994,39790.0
2025-05-16 13:00:00,43.32014,43.38622,43.27138,43.38015,39057.0
2025-05-18 17:00:00,43.40347,43.56422,43.38743,43.55916,1703.0
2025-05-18 21:00:00,43.55916,43.56823,43.46643,43.50744,2949.0
2025-05-19 01:00:00,43.50945,43.75416,43.47838,43.74884,28733.0
2025-05-19 05:00:00,43.75,43.88735,43.73828,43.78859,54194.0
2025-05-19 09:00:00,43.78805,43.81139,43.67488,43.6896,28040.0
2025-05-19 13:00:00,43.69152,43.73977,43.59947,43.6749,2138.0
2025-05-19 17:00:00,43.64818,43.7222,43.4055,43.67164,524.0
2025-05-19 21:00:00,43.6768,43.74051,43.63354,43.69469,2409.0
2025-05-20 01:00:00,43.69796,43.88448,43.69796,43.8009,22578.0
2025-05-20 05:00:00,43.80109,43.83456,43.64284,43.6781,21233.0
2025-05-20 09:00:00,43.67679,43.81436,43.64416,43.76234,33839.0
2025-05-20 13:00:00,43.76234,43.92786,43.70554,43.87374,2447.0
2025-05-20 17:00:00,43.85978,43.93592,43.83553,43.90566,1518.0
2025-05-20 21:00:00,43.9011,44.08422,43.84887,44.03689,2718.0
2025-05-21 01:00:00,44.03689,44.19206,43.97328,44.02555,26731.0
2025-05-21 05:00:00,44.02494,44.16024,43.97763,44.02544,26233.0
2025-05-21 09:00:00,44.02554,44.11208,43.98613,44.07176,30715.0
2025-05-21 13:00:00,44.07011,44.24828,43.90898,44.07936,2083.0
2025-05-21 17:00:00,44.20887,44.22324,44.10448,44.15636,1881.0
2025-05-21 21:00:00,44.15636,44.23568,44.12556,44.17611,1844.0
2025-05-22 01:00:00,44.17611,44.19222,44.02995,44.08516,25943.0
2025-05-22 05:00:00,44.08477,44.18876,44.05837,44.1153,26345.0
2025-05-22 09:00:00,44.11504,44.168,43.97392,43.99702,32608.0
2025-05-22 13:00:00,43.99374,44.07755,43.94252,44.03465,3383.0
2025-05-22 17:00:00,44.01144,44.22299,44.01144,44.09905,6858.0
2025-05-22 21:00:00,44.09885,44.18405,44.08455,44.1704,18873.0
2025-05-23 01:00:00,44.1689,44.281,44.12665,44.26498,21981.0
2025-05-23 05:00:00,44.26478,44.40096,44.09418,44.23488,41755.0
2025-05-23 09:00:00,44.23488,44.34026,44.14478,44.33109,39878.0
2025-05-23 13:00:00,44.33046,44.37995,44.22669,44.32445,7321.0
2025-05-25 17:00:00,44.32555,44.50662,44.32555,44.50397,3009.0
2025-05-25 21:00:00,44.50398,44.60109,44.47088,44.558,2868.0
2025-05-26 01:00:00,44.55863,44.61309,44.42342,44.4296,22791.0
2025-05-26 05:00:00,44.42998,44.43843,44.29055,44.34223,21008.0
2025-05-26 09:00:00,44.34226,44.43126,44.32215,44.39742,8668.0
2025-05-26 13:00:00,44.4233,44.57912,44.39494,44.4705,1548.0
2025-05-26 17:00:00,44.30973,44.54027,44.30973,44.5072,1318.0
2025-05-26 21:00:00,44.5072,44.5561,44.38107,44.38548,1818.0
2025-05-27 01:00:00,44.38548,44.45888,44.19758,44.2535,30016.0
2025-05-27 05:00:00,44.25308,44.35734,44.24632,44.3495,32607.0
2025-05-27 09:00:00,44.34963,44.44166,44.20204,44.28465,33708.0
2025-05-27 13:00:00,44.28815,44.34001,44.01175,44.07466,2012.0
2025-05-27 17:00:00,44.11712,44.42478,44.11712,44.32928,1250.0
2025-05-27 21:00:00,44.32928,44.34192,44.19727,44.21461,2755.0
2025-05-28 01:00:00,44.21695,44.32366,44.17476,44.30539,23945.0
2025-05-28 05:00:00,44.30678,44.36117,44.2242,44.23672,22264.0
2025-05-28 09:00:00,44.23668,44.29666,44.13917,44.18192,32225.0
2025-05-28 13:00:00,44.18193,44.32516,44.08953,44.30772,5170.0
2025-05-28 17:00:00,44.18124,44.33565,43.97423,44.07122,4672.0
2025-05-28 21:00:00,44.07122,44.1561,44.02854,44.1208,2719.0
2025-05-29 01:00:00,44.1208,44.24242,44.04588,44.2195,18741.0
2025-05-29 05:00:00,44.21906,44.52838,44.2084,44.52577,26882.0
2025-05-29 09:00:00,44.52582,44.63695,44.47931,44.60059,32890.0
2025-05-29 13:00:00,44.60058,44.67477,44.55777,44.6659,1636.0
2025-05-29 17:00:00,44.65016,44.89519,44.64146,44.67885,2983.0
2025-05-29 21:00:00,44.67885,44.91581,44.54563,44.5533,4796.0
2025-05-30 01:00:00,44.55329,44.59482,44.48314,44.48558,18416.0
2025-05-30 05:00:00,44.48565,44.77566,44.48242,44.57861,24744.0
2025-05-30 09:00:00,44.57888,44.62493,44.41182,44.5543,30702.0
2025-05-30 13:00:00,44.55805,44.7327,44.53522,44.56998,4013.0
2025-06-01 17:00:00,44.56334,44.70798,44.48639,44.6835,2593.0
2025-06-01 21:00:00,44.6858,44.73858,44.62888,44.67366,2153.0
2025-06-02 01:00:00,44.67366,44.88851,44.53143,44.80522,30226.0
2025-06-02 05:00:00,44.80526,44.87202,44.75508,44.77357,21044.0
2025-06-02 09:00:00,44.7737,44.90403,44.72256,44.78984,32633.0
2025-06-02 13:00:00,44.78836,44.94947,44.7777,44.88558,2629.0
2025-06-02 17:00:00,44.8753,44.9299,44.84164,44.87855,1105.0
2025-06-02 21:00:00,44.87855,44.88985,44.73615,44.8196,2414.0
2025-06-03 01:00:00,44.82111,44.84464,44.61231,44.7386,20000.0
2025-06-03 05:00:00,44.73702,44.7684,44.55288,44.58574,27474.0
2025-06-03 09:00:00,44.58698,44.64036,44.42633,44.53296,39461.0
2025-06-03 13:00:00,44.53362,44.657,44.46972,44.55944,5606.0
2025-06-03 17:00:00,44.71552,44.80886,44.71552,44.78928,1154.0
2025-06-03 21:00:00,44.78928,44.82544,44.71674,44.71906,1398.0
2025-06-04 01:00:00,44.72002,44.8589,44.67511,44.83367,22762.0
2025-06-04 05:00:00,44.83364,44.84908,44.71678,44.84064,29470.0
2025-06-04 09:00:00,44.84078,45.00078,44.77344,45.00078,33164.0
2025-06-04 13:00:00,45.00185,45.00185,44.89013,44.95367,6216.0
2025-06-04 17:00:00,44.8429,44.93615,44.82418,44.93615,1782.0
2025-06-04 21:00:00,44.93835,44.9671,44.8503,44.8654,3018.0
2025-06-05 01:00:00,44.85805,44.94376,44.84338,44.90678,21800.0
2025-06-05 05:00:00,44.90636,45.02268,44.88412,44.94514,31026.0
2025-06-05 09:00:00,44.94505,45.20218,44.8917,44.9742,52304.0
2025-06-05 13:00:00,44.97427,44.98646,44.89813,44.95315,15039.0
2025-06-05 17:00:00,44.97551,45.01335,44.95205,44.9863,987.0
2025-06-05 21:00:00,44.9848,44.99355,44.91608,44.93795,1535.0
2025-06-06 01:00:00,44.93909,44.95718,44.8143,44.83018,36056.0
2025-06-06 05:00:00,44.83127,44.8502,44.66342,44.7148,55628.0
2025-06-06 09:00:00,44.71266,44.78243,44.604,44.6568,59449.0
2025-06-06 13:00:00,44.65658,44.72445,44.6097,44.71716,27862.0
2025-06-08 17:00:00,44.78628,44.81207,44.71089,44.74771,1346.0
2025-06-08 21:00:00,44.74771,44.88496,44.71653,44.87352,1279.0
2025-06-09 01:00:00,44.87179,44.91134,44.81375,44.88247,24473.0
2025-06-09 05:00:00,44.88265,44.91967,44.7337,44.75962,18006.0
2025-06-09 09:00:00,44.75872,44.86857,44.7069,44.85092,22589.0
2025-06-09 13:00:00,44.85092,44.95948,44.82672,44.8489,1654.0
2025-06-09 17:00:00,45.0378,45.1516,44.85158,44.94664,1157.0
2025-06-09 21:00:00,44.94664,44.96228,44.78892,44.82195,1526.0
2025-06-10 01:00:00,44.82608,44.94412,44.6628,44.77408,19853.0
2025-06-10 05:00:00,44.7741,44.92242,44.76518,44.87742,23599.0
2025-06-10 09:00:00,44.87734,44.94082,44.65848,44.81639,22211.0
2025-06-10 13:00:00,44.81764,44.86544,44.70866,44.7891,2638.0
2025-06-10 17:00:00,44.80525,44.8871,44.78433,44.78442,2172.0
2025-06-10 21:00:00,44.78443,44.87914,44.7265,44.77645,1258.0
2025-06-11 01:00:00,44.7733,44.85554,44.7342,44.83977,16257.0
2025-06-11 05:00:00,44.84003,45.06413,44.82827,44.95206,28639.0
2025-06-11 09:00:00,44.9528,45.04111,44.89758,44.9909,28778.0
2025-06-11 13:00:00,44.9894,45.0583,44.96525,45.0469,3223.0
2025-06-11 17:00:00,45.13039,45.28294,45.1016,45.26506,1525.0
2025-06-11 21:00:00,45.26506,45.30152,45.20664,45.26409,1684.0
2025-06-12 01:00:00,45.26072,45.52811,45.23638,45.51852,52829.0
2025-06-12 05:00:00,45.51762,45.88561,45.50368,45.80672,44606.0
2025-06-12 09:00:00,45.80654,45.83878,45.64372,45.67234,36834.0
2025-06-12 13:00:00,45.67046,45.73304,45.63195,45.72252,2601.0
2025-06-12 17:00:00,45.72006,45.8075,45.55024,45.63591,4888.0
2025-06-12 21:00:00,45.6359,45.81874,45.4429,45.48662,16914.0
2025-06-13 01:00:00,45.48792,45.6541,45.37489,45.51064,41449.0
2025-06-13 05:00:00,45.5106,45.5339,45.3544,45.46968,34604.0
2025-06-13 09:00:00,45.46892,45.66051,45.41037,45.52164,34406.0
2025-06-13 13:00:00,45.52164,45.67663,45.31396,45.57502,7671.0
2025-06-15 17:00:00,45.56172,45.6381,45.43681,45.55042,902.0
2025-06-15 21:00:00,45.55737,45.70555,45.51254,45.57098,769.0
2025-06-16 01:00:00,45.57099,45.7223,45.50585,45.68892,29813.0
2025-06-16 05:00:00,45.68964,45.70749,45.624,45.68624,23386.0
2025-06-16 09:00:00,45.68714,45.79238,45.58135,45.6375,28936.0
2025-06-16 13:00:00,45.6369,45.64224,45.41412,45.491,3469.0
2025-06-16 17:00:00,45.56795,45.66007,45.56592,45.58882,1673.0
2025-06-16 21:00:00,45.58882,45.68342,45.58846,45.63932,1518.0
2025-06-17 01:00:00,45.63932,45.65572,45.54498,45.57482,28755.0
2025-06-17 05:00:00,45.57396,45.70092,45.56828,45.58203,35985.0
2025-06-17 09:00:00,45.5827,45.65476,45.43988,45.4765,39438.0
2025-06-17 13:00:00,45.47662,45.49275,45.36489,45.43892,3559.0
2025-06-17 17:00:00,45.3576,45.44835,45.3576,45.4303,5500.0
2025-06-17 21:00:00,45.42985,45.4948,45.41945,45.48515,15476.0
2025-06-18 01:00:00,45.4851,45.56058,45.46469,45.47884,23135.0
2025-06-18 05:00:00,45.47884,45.53805,45.43845,45.49604,26342.0
2025-06-18 09:00:00,45.4933,45.58043,45.41042,45.46375,44042.0
2025-06-18 13:00:00,45.46395,45.5635,45.2997,45.38474,30946.0
2025-06-18 17:00:00,45.3793,45.54983,45.3793,45.51027,1392.0
2025-06-18 21:00:00,45.51325,45.51618,45.40269,45.47503,1569.0
2025-06-19 01:00:00,45.47504,45.5514,45.3987,45.53584,37402.0
2025-06-19 05:00:00,45.53647,45.57734,45.47899,45.5337,34759.0
2025-06-19 09:00:00,45.53288,45.56033,45.44555,45.45635,22881.0
2025-06-19 13:00:00,45.45535,45.87945,45.4529,45.58506,2406.0
2025-06-19 17:00:00,45.60735,46.01897,45.60735,45.7486,1566.0
2025-06-19 21:00:00,45.7457,45.8573,45.707,45.76356,8831.0
2025-06-20 01:00:00,45.76652,45.87331,45.65042,45.76962,20981.0
2025-06-20 05:00:00,45.7688,45.81788,45.70066,45.72878,22466.0
2025-06-20 09:00:00,45.72888,45.82465,45.65668,45.8198,30186.0
2025-06-20 13:00:00,45.8208,45.8434,45.72932,45.77797,3171.0
2025-06-22 17:00:00,45.8129,45.8129,45.59382,45.6802,8461.0
2025-06-22 21:00:00,45.68294,45.7455,45.60968,45.6929,1948.0
2025-06-23 01:00:00,45.6956,45.81733,45.65771,45.6633,26032.0
2025-06-23 05:00:00,45.66251,45.66843,45.55265,45.6071,24520.0
2025-06-23 09:00:00,45.6074,46.04528,45.59532,45.90794,38431.0
2025-06-23 13:00:00,45.9064,46.06045,45.73306,45.91411,4986.0
2025-06-23 17:00:00,45.99812,46.10135,45.94516,46.0624,622.0
2025-06-23 21:00:00,46.0643,46.10885,45.98522,46.07825,529.0
2025-06-24 01:00:00,46.07735,46.26191,45.76735,45.99694,32906.0
2025-06-24 05:00:00,45.997,46.10241,45.99372,46.0192,24760.0
2025-06-24 09:00:00,46.01906,46.1935,45.94261,46.09296,41217.0
2025-06-24 13:00:00,46.09152,46.23302,45.98932,45.9934,1601.0
2025-06-24 17:00:00,46.09411,46.14262,45.99185,46.10589,1121.0
2025-06-24 21:00:00,46.10588,46.12878,46.05016,46.05634,1147.0
2025-06-25 01:00:00,46.05628,46.16316,45.95594,46.15708,35610.0
2025-06-25 05:00:00,46.1567,46.20742,46.10638,46.12922,29026.0
2025-06-25 09:00:00,46.1292,46.29566,46.11575,46.26908,18295.0
2025-06-25 13:00:00,46.26768,46.39966,46.25343,46.39956,1767.0
2025-06-25 17:00:00,46.47972,46.61133,46.47258,46.60766,2005.0
2025-06-25 21:00:00,46.6078,46.72444,46.53866,46.57524,3184.0
2025-06-26 01:00:00,46.57182,46.85439,46.54554,46.78512,30771.0
2025-06-26 05:00:00,46.78458,46.7915,46.62886,46.70056,40430.0
2025-06-26 09:00:00,46.70284,46.82592,46.62254,46.77644,39998.0
2025-06-26 13:00:00,46.77645,46.78594,46.63779,46.72522,3723.0
2025-06-26 17:00:00,46.62748,46.72238,46.50994,46.64562,1801.0
2025-06-26 21:00:00,46.64562,46.70566,46.5011,46.59492,1675.0
2025-06-27 01:00:00,46.59492,46.82202,46.59492,46.75154,17923.0
2025-06-27 05:00:00,46.75224,46.90995,46.71702,46.89751,27553.0
2025-06-27 09:00:00,46.89876,46.92842,46.73028,46.7995,37729.0
2025-06-27 13:00:00,46.79665,46.94755,46.59802,46.86809,2716.0
2025-06-29 17:00:00,46.77328,46.88124,46.74204,46.80518,5658.0
2025-06-29 21:00:00,46.80584,46.85786,46.76738,46.84383,1688.0
2025-06-30 01:00:00,46.84534,46.9602,46.64962,46.69563,30338.0
2025-06-30 05:00:00,46.69324,46.73468,46.58644,46.60858,36994.0
2025-06-30 09:00:00,46.60857,46.90309,46.59422,46.8869,31802.0
2025-06-30 13:00:00,46.8869,46.96992,46.77168,46.9658,2037.0
2025-06-30 17:00:00,46.96102,47.02764,46.92783,47.02764,1353.0
2025-06-30 21:00:00,47.02764,47.07124,46.95494,46.99444,1160.0
2025-07-01 01:00:00,46.99444,47.14976,46.942,47.07472,28332.0
2025-07-01 05:00:00,47.07472,47.18009,47.04837,47.06235,40284.0
2025-07-01 09:00:00,47.06255,47.09307,46.8731,46.89225,36155.0
2025-07-01 13:00:00,46.8939,47.06886,46.89355,47.06886,1852.0
2025-07-01 17:00:00,47.17226,47.20945,47.1599,47.20944,1335.0
2025-07-01 21:00:00,47.20944,47.21836,47.12156,47.13072,1234.0
2025-07-02 01:00:00,47.13072,47.14303,47.01582,47.04291,33348.0
2025-07-02 05:00:00,47.04311,47.07198,46.92018,46.94624,47094.0
2025-07-02 09:00:00,46.94653,47.08594,46.91066,47.05883,46385.0
2025-07-02 13:00:00,47.05436,47.1159,47.05436,47.11314,3132.0
2025-07-02 17:00:00,47.01966,47.1126,47.01966,47.08636,4910.0
2025-07-02 21:00:00,47.08596,47.14442,47.04445,47.051,3774.0
2025-07-03 01:00:00,47.05526,47.10729,47.01322,47.07404,27776.0
2025-07-03 05:00:00,47.0748,47.07569,46.69637,46.78457,37123.0
2025-07-03 09:00:00,46.78292,46.97049,46.7309,46.78281,39014.0
2025-07-03 13:00:00,46.78201,46.83546,46.7682,46.83302,14018.0
2025-07-03 17:00:00,46.93296,46.97385,46.85493,46.969,1362.0
2025-07-03 21:00:00,46.969,46.97992,46.88323,46.9758,1027.0
2025-07-04 01:00:00,46.97773,47.11663,46.83924,46.96992,22287.0
2025-07-04 05:00:00,46.96934,46.9952,46.91007,46.93956,26583.0
2025-07-04 09:00:00,46.93972,47.02563,46.88778,46.97692,13553.0
2025-07-04 13:00:00,46.97551,47.04558,46.95933,47.03192,2706.0
2025-07-06 17:00:00,47.13035,47.15798,47.08677,47.10908,1130.0
2025-07-06 21:00:00,47.10908,47.14606,47.03846,47.04912,1632.0
2025-07-07 01:00:00,47.04926,47.11912,46.93867,46.94606,22148.0
2025-07-07 05:00:00,46.94664,46.98642,46.92248,46.93581,24871.0
2025-07-07 09:00:00,46.93599,47.03044,46.78168,46.80801,25589.0
2025-07-07 13:00:00,46.80948,46.92156,46.77868,46.87913,2805.0
2025-07-07 17:00:00,46.83848,47.04021,46.83848,47.02375,1114.0
2025-07-07 21:00:00,47.02375,47.05059,46.97738,47.0168,1310.0
2025-07-08 01:00:00,47.01433,47.1226,46.98198,47.06331,20067.0
2025-07-08 05:00:00,47.0629,47.06908,46.92755,46.95514,20233.0
2025-07-08 09:00:00,46.9556,47.0335,46.75465,46.90531,29138.0
2025-07-08 13:00:00,46.9067,47.09014,46.79067,46.99194,1817.0
2025-07-08 17:00:00,46.96455,47.04772,46.89734,47.00328,6898.0
2025-07-08 21:00:00,47.00328,47.00779,46.90424,46.94687,1443.0
2025-07-09 01:00:00,46.94687,47.01636,46.91082,46.95516,18736.0
2025-07-09 05:00:00,46.95478,46.98081,46.85848,46.96126,23807.0
2025-07-09 09:00:00,46.96144,47.00018,46.89065,46.91598,30221.0
2025-07-09 13:00:00,46.91466,47.03655,46.90265,47.0149,614.0
2025-07-09 17:00:00,47.0119,47.1925,47.0119,47.16874,6147.0
2025-07-09 21:00:00,47.16589,47.17132,47.09937,47.11836,9348.0
2025-07-10 01:00:00,47.119,47.1681,47.1055,47.11608,21115.0
2025-07-10 05:00:00,47.11626,47.14627,47.01714,47.04238,22727.0
2025-07-10 09:00:00,47.04213,47.07336,46.86064,46.94778,18972.0
2025-07-10 13:00:00,46.94783,47.12832,46.93258,47.02322,1576.0
2025-07-10 17:00:00,47.02226,47.14568,46.94008,46.97992,1511.0
2025-07-10 21:00:00,46.97976,47.1232,46.95536,46.98794,3481.0
2025-07-11 01:00:00,46.98804,47.08296,46.97222,47.02818,20260.0
2025-07-11 05:00:00,47.02779,47.10302,47.0235,47.0535,22452.0
2025-07-11 09:00:00,47.05394,47.15554,46.99268,47.06401,25378.0
2025-07-11 13:00:00,47.06406,47.07885,47.0065,47.06186,1261.0
2025-07-13 17:00:00,46.92577,47.29187,46.88919,47.02115,3046.0
2025-07-13 21:00:00,47.02315,47.06314,46.9286,46.94605,4140.0
2025-07-14 01:00:00,46.9452,47.00236,46.88038,46.98443,17487.0
2025-07-14 05:00:00,46.98462,47.03991,46.97032,46.99493,14339.0
2025-07-14 09:00:00,46.99454,47.05541,46.8441,46.91338,10111.0
2025-07-14 13:00:00,46.91336,46.94169,46.7231,46.86831,5015.0
2025-07-14 17:00:00,46.86454,47.0658,46.86454,47.01298,1146.0
2025-07-14 21:00:00,47.00955,47.02966,46.91816,47.00572,1096.0
2025-07-15 01:00:00,47.01077,47.07589,46.99297,47.0488,15653.0
2025-07-15 05:00:00,47.0487,47.07389,46.94295,47.00646,18995.0
2025-07-15 09:00:00,47.00632,47.00668,46.52807,46.64618,19196.0
2025-07-15 13:00:00,46.64698,46.72437,46.5803,46.64097,6953.0
2025-07-15 17:00:00,46.62134,46.8409,46.62134,46.77027,1767.0
2025-07-15 21:00:00,46.77034,46.86918,46.71356,46.81608,1499.0
2025-07-16 01:00:00,46.81593,46.87368,46.78331,46.84255,8654.0
2025-07-16 05:00:00,46.84258,46.8449,46.71284,46.73391,12494.0
2025-07-16 09:00:00,46.73392,47.21884,46.5866,46.88829,34242.0
2025-07-16 13:00:00,46.89402,46.9869,46.8089,46.90924,11034.0
2025-07-16 17:00:00,46.88262,47.00846,46.88262,46.91366,1862.0
2025-07-16 21:00:00,46.91358,46.95965,46.76776,46.85798,1043.0
2025-07-17 01:00:00,46.8415,47.02722,46.73896,46.86672,17786.0
2025-07-17 05:00:00,46.86808,46.88148,46.68712,46.80784,14875.0
2025-07-17 09:00:00,46.80726,46.87042,46.76699,46.80218,22561.0
2025-07-17 13:00:00,46.80218,46.88713,46.71522,46.87658,2025.0
2025-07-17 17:00:00,46.82013,47.1279,46.73059,47.00188,2285.0
2025-07-17 21:00:00,47.00186,47.02402,46.92108,46.92216,1150.0
2025-07-18 01:00:00,46.922,47.0686,46.865,47.02656,5271.0
2025-07-18 05:00:00,47.02744,47.12076,47.01257,47.11133,11316.0
2025-07-18 09:00:00,47.1114,47.1749,46.86794,46.95684,20955.0
2025-07-18 13:00:00,46.9593,47.04198,46.9297,47.02014,13728.0
2025-07-20 17:00:00,47.0188,47.08,46.75968,46.99947,2099.0
2025-07-20 21:00:00,46.99546,47.12136,46.92114,47.09641,3948.0
2025-07-21 01:00:00,47.09628,47.11378,46.82207,47.07237,21067.0
2025-07-21 05:00:00,47.07359,47.19304,46.96472,47.15728,12684.0
2025-07-21 09:00:00,47.157,47.3625,47.12568,47.31912,12044.0
2025-07-21 13:00:00,47.3193,47.32464,47.23738,47.26526,12101.0
2025-07-21 17:00:00,47.2788,47.3164,47.25558,47.2729,1553.0
2025-07-21 21:00:00,47.27326,47.30626,47.2475,47.26909,1458.0
2025-07-22 01:00:00,47.27261,47.34744,47.24543,47.32713,6988.0
2025-07-22 05:00:00,47.32802,47.3771,47.27001,47.30122,5472.0
2025-07-22 09:00:00,47.30151,47.58251,47.25326,47.57656,8435.0
2025-07-22 13:00:00,47.57715,47.57715,47.5001,47.56147,9813.0
2025-07-22 17:00:00,47.56357,47.61818,47.42756,47.55286,2313.0
2025-07-22 21:00:00,47.55378,47.57083,47.47639,47.4835,2234.0
2025-07-23 01:00:00,47.4834,47.58692,47.44668,47.50682,10153.0
2025-07-23 05:00:00,47.50468,47.53458,47.45661,47.47592,7879.0
2025-07-23 09:00:00,47.47482,47.6281,47.41898,47.5555,16834.0
2025-07-23 13:00:00,47.556,47.70454,47.53578,47.6783,14359.0
2025-07-23 17:00:00,47.72586,47.82862,47.6026,47.62802,3096.0
2025-07-23 21:00:00,47.62794,47.81433,47.62548,47.77388,5651.0
2025-07-24 01:00:00,47.76958,47.8233,47.7091,47.72388,12441.0
2025-07-24 05:00:00,47.72374,47.72915,47.60576,47.62074,17087.0
2025-07-24 09:00:00,47.62062,47.84034,47.60272,47.73452,22422.0
2025-07-24 13:00:00,47.73667,48.25798,47.6844,47.95103,1557.0
2025-07-24 17:00:00,47.94713,47.94713,47.5817,47.63867,5804.0
2025-07-24 21:00:00,47.6386,47.65734,47.59122,47.61492,1370.0
2025-07-25 01:00:00,47.61066,47.73749,47.602,47.66824,10307.0
2025-07-25 05:00:00,47.66726,47.66946,47.53836,47.56492,5617.0
2025-07-25 09:00:00,47.56597,47.64529,47.50346,47.60583,9361.0
2025-07-25 13:00:00,47.6056,47.71519,47.6056,47.66707,2003.0
2025-07-27 17:00:00,47.70536,47.8063,47.54079,47.7398,2308.0
2025-07-27 21:00:00,47.73976,47.76384,47.66722,47.67438,1720.0
2025-07-28 01:00:00,47.67614,47.67619,47.38366,47.41853,11067.0
2025-07-28 05:00:00,47.41682,47.43689,47.25562,47.31386,8335.0
2025-07-28 09:00:00,47.31447,47.3315,47.08967,47.09267,7356.0
2025-07-28 13:00:00,47.09022,47.10312,47.0119,47.04547,2522.0
2025-07-28 17:00:00,47.05222,47.10376,47.03775,47.03915,1392.0
2025-07-28 21:00:00,47.04205,47.10506,46.99665,47.05456,1741.0
2025-07-29 01:00:00,47.05452,47.06063,46.80788,46.98382,16061.0
2025-07-29 05:00:00,46.9839,47.06081,46.80378,46.80398,14872.0
2025-07-29 09:00:00,46.80676,46.91346,46.77946,46.86618,25852.0
2025-07-29 13:00:00,46.86744,46.94309,46.84533,46.88998,2765.0
2025-07-29 17:00:00,46.89311,46.98403,46.88838,46.97701,878.0
2025-07-29 21:00:00,46.97998,47.00436,46.90064,46.90456,2441.0
2025-07-30 01:00:00,46.90706,46.99154,46.8631,46.93804,8462.0
2025-07-30 05:00:00,46.93778,46.95376,46.58982,46.60592,22355.0
2025-07-30 09:00:00,46.60527,46.65524,46.54428,46.6088,29412.0
2025-07-30 13:00:00,46.6086,46.72654,46.31639,46.36392,18691.0
2025-07-30 17:00:00,46.42786,46.56164,46.41632,46.52127,2315.0
2025-07-30 21:00:00,46.52118,46.55242,46.41266,46.53616,2475.0
2025-07-31 01:00:00,46.53628,46.64388,46.51606,46.60286,17160.0
2025-07-31 05:00:00,46.60246,46.6059,46.48061,46.51048,21120.0
2025-07-31 09:00:00,46.5108,46.59639,46.42028,46.48893,19867.0
2025-07-31 13:00:00,46.48873,46.52828,46.43552,46.48348,2725.0
2025-07-31 17:00:00,46.45824,46.51844,46.41304,46.49769,2198.0
2025-07-31 21:00:00,46.49649,46.54684,46.42082,46.48365,2732.0
2025-08-01 01:00:00,46.48208,46.55639,46.42584,46.43035,14171.0
2025-08-01 05:00:00,46.43205,47.04083,46.36676,46.97944,31458.0
2025-08-01 09:00:00,46.98049,47.15878,46.9442,46.95188,29175.0
2025-08-01 13:00:00,46.94977,47.17834,46.85922,47.13129,5441.0
2025-08-03 17:00:00,47.12808,47.22831,47.04808,47.05496,2761.0
2025-08-03 21:00:00,47.05218,47.16903,47.02476,47.12054,2791.0
2025-08-04 01:00:00,47.11891,47.15445,47.01678,47.05403,11781.0
2025-08-04 05:00:00,47.05313,47.17513,47.04129,47.12174,7868.0
2025-08-04 09:00:00,47.11976,47.17604,47.03236,47.08668,8438.0
2025-08-04 13:00:00,47.08797,47.11343,47.02831,47.07695,5663.0
2025-08-04 17:00:00,47.09891,47.18341,47.08325,47.09228,1424.0
2025-08-04 21:00:00,47.09237,47.10176,47.00155,47.05362,1539.0
2025-08-05 01:00:00,47.05398,47.07957,46.81049,46.9776,8701.0
2025-08-05 05:00:00,46.97849,47.01402,46.93,46.96198,6272.0
2025-08-05 09:00:00,46.96295,47.1576,46.9354,47.1432,15576.0
2025-08-05 13:00:00,47.14318,47.1461,47.06751,47.11736,2914.0
2025-08-05 17:00:00,47.1025,47.15839,47.09318,47.11178,933.0
2025-08-05 21:00:00,47.11174,47.16138,47.07692,47.14806,1534.0
2025-08-06 01:00:00,47.14933,47.18875,47.10396,47.12392,10593.0
2025-08-06 05:00:00,47.12208,47.32338,47.12208,47.30304,8079.0
2025-08-06 09:00:00,47.30288,47.4042,47.27269,47.34763,12846.0
2025-08-06 13:00:00,47.34642,47.48234,47.3344,47.4217,3804.0
2025-08-06 17:00:00,47.51255,47.56342,47.49244,47.51675,1238.0
2025-08-06 21:00:00,47.52172,47.58982,47.50018,47.57192,1273.0
2025-08-07 01:00:00,47.57318,47.69872,47.56758,47.61856,9695.0
2025-08-07 05:00:00,47.62079,47.62712,47.4133,47.47253,14647.0
2025-08-07 09:00:00,47.47334,47.48437,47.29506,47.38175,18861.0
2025-08-07 13:00:00,47.3819,47.50647,47.29131,47.48529,2678.0
2025-08-07 17:00:00,47.42493,47.60371,47.39894,47.58156,1476.0
2025-08-07 21:00:00,47.58178,47.61412,47.39837,47.49042,1379.0
2025-08-08 01:00:00,47.4902,47.61455,47.3277,47.40144,10515.0
2025-08-08 05:00:00,47.40146,47.4594,47.35856,47.40833,6473.0
2025-08-08 09:00:00,47.41118,47.50779,47.40225,47.47194,5713.0
2025-08-08 13:00:00,47.46993,47.51523,47.36303,47.37032,2234.0
2025-08-11 01:00:00,47.5983,47.6189,47.45178,47.49318,6566.0
2025-08-11 05:00:00,47.49294,47.50621,47.31806,47.3287,4919.0
2025-08-11 09:00:00,47.33064,47.36576,47.2116,47.2313,4991.0
2025-08-12 01:00:00,47.3358,47.36574,47.29381,47.32935,11490.0
2025-08-12 05:00:00,47.3297,47.52648,47.26995,47.46596,19040.0
2025-08-12 09:00:00,47.46496,47.57193,47.37022,47.52747,11061.0
2025-08-13 01:00:00,47.60856,47.78938,47.60773,47.76436,8722.0
2025-08-13 05:00:00,47.765,47.82924,47.70024,47.70922,10390.0
2025-08-13 09:00:00,47.70915,47.82236,47.68087,47.81417,11810.0
2025-08-14 01:00:00,47.84594,47.86102,47.70652,47.71065,23247.0
2025-08-14 05:00:00,47.712,47.81538,47.62176,47.67994,29713.0
2025-08-14 09:00:00,47.67976,47.70719,47.57534,47.67237,22386.0
2025-08-15 01:00:00,47.74185,47.81774,47.71704,47.81242,9223.0
2025-08-15 05:00:00,47.81149,47.88718,47.77765,47.86311,15310.0
2025-08-15 09:00:00,47.86308,47.9512,47.81373,47.93056,13173.0
2025-08-18 01:00:00,47.9168,47.9258,47.76012,47.80322,13422.0
2025-08-18 05:00:00,47.8034,47.82626,47.7355,47.78176,7510.0
2025-08-18 09:00:00,47.78166,47.81601,47.70896,47.7196,4698.0
2025-08-19 01:00:00,47.70895,47.81883,47.69255,47.77818,17249.0
2025-08-19 05:00:00,47.77822,47.85492,47.7677,47.78186,15643.0
2025-08-19 09:00:00,47.78152,47.79274,47.72995,47.7624,11086.0
2025-08-20 01:00:00,47.66455,47.69729,47.59314,47.6637,13935.0
2025-08-20 05:00:00,47.6633,47.811,47.64997,47.8003,13127.0
2025-08-20 09:00:00,47.80019,47.80312,47.71498,47.77102,5998.0
2025-08-21 01:00:00,47.78714,47.8608,47.70072,47.83226,21668.0
2025-08-21 05:00:00,47.83268,47.86402,47.75572,47.79554,16323.0
2025-08-21 09:00:00,47.79528,47.80897,47.62692,47.66898,16893.0
2025-08-22 01:00:00,47.56516,47.61523,47.54688,47.61465,6384.0
2025-08-22 05:00:00,47.61472,47.67305,47.58834,47.65291,10166.0
2025-08-22 09:00:00,47.65285,48.10748,47.6066,48.0975,20491.0
2025-08-25 01:00:00,48.00952,48.0935,47.98726,48.02676,9204.0
2025-08-25 05:00:00,48.02528,48.02811,47.94958,48.01332,10308.0
2025-08-25 09:00:00,48.01326,48.0387,47.95583,47.96,9347.0
2025-08-26 01:00:00,47.78398,47.78588,47.63264,47.70762,7069.0
2025-08-26 05:00:00,47.7063,47.87786,47.7063,47.8179,4925.0
2025-08-26 09:00:00,47.81725,47.89603,47.779,47.86277,3851.0
2025-08-27 01:00:00,47.73092,47.74529,47.55176,47.60116,3822.0
2025-08-27 05:00:00,47.60206,47.64309,47.54216,47.5942,4005.0
2025-08-27 09:00:00,47.5932,47.66679,47.5775,47.61912,3294.0
2025-08-28 01:00:00,47.90464,47.96368,47.87556,47.93016,18652.0
2025-08-28 05:00:00,47.93037,48.10428,47.93037,48.03037,28075.0
2025-08-28 09:00:00,48.03067,48.10764,47.98465,48.03739,20546.0
2025-08-29 01:00:00,48.01935,48.10668,47.98226,48.0479,9145.0
2025-08-29 05:00:00,48.0476,48.07431,47.9432,47.97644,16561.0
2025-08-29 09:00:00,47.97684,48.16667,47.95371,48.16095,16350.0
2025-09-01 01:00:00,48.23474,48.29985,48.19229,48.29644,6892.0
2025-09-01 05:00:00,48.29682,48.30372,48.1677,48.17215,7760.0
2025-09-01 09:00:00,48.1741,48.20712,48.15713,48.18796,1984.0
2025-09-02 01:00:00,48.15521,48.20764,47.92334,47.96914,14938.0
2025-09-02 05:00:00,47.96893,48.00484,47.84438,47.86133,15511.0
2025-09-02 09:00:00,47.86104,48.13515,47.85146,48.04231,15440.0
2025-09-03 01:00:00,47.93056,48.03814,47.83525,48.03214,10447.0
2025-09-03 05:00:00,48.0322,48.06748,47.95972,47.99591,17622.0
2025-09-03 09:00:00,47.99535,48.13107,47.95687,48.06178,16835.0
2025-09-04 01:00:00,48.06786,48.13408,48.06404,48.12654,21969.0
2025-09-04 05:00:00,48.12633,48.13496,48.00594,48.07252,33881.0
2025-09-04 09:00:00,48.07242,48.10992,48.00717,48.01904,23111.0
2025-09-05 01:00:00,48.21842,48.24472,48.1655,48.23908,6189.0
2025-09-05 05:00:00,48.23918,48.5178,48.21915,48.44934,10633.0
2025-09-05 09:00:00,48.45168,48.55397,48.36404,48.45977,7834.0
2025-09-08 01:00:00,48.38456,48.50055,48.37341,48.45217,5096.0
2025-09-08 05:00:00,48.45018,48.49674,48.40564,48.47864,5474.0
2025-09-08 09:00:00,48.4798,48.5572,48.47418,48.51034,3638.0
2025-09-09 01:00:00,48.65852,48.66134,48.51825,48.58234,5475.0
2025-09-09 05:00:00,48.58322,48.63494,48.45074,48.49215,9657.0
2025-09-09 09:00:00,48.49206,48.59552,48.42888,48.46506,6898.0
2025-09-10 01:00:00,48.3745,48.4212,48.2719,48.34761,13338.0
2025-09-10 05:00:00,48.34718,48.46128,48.31192,48.34892,14005.0
2025-09-10 09:00:00,48.34836,48.47434,48.33133,48.46056,6358.0
2025-09-11 01:00:00,48.37348,48.41984,48.35714,48.40125,25089.0
2025-09-11 05:00:00,48.40104,48.52155,48.26264,48.496,43981.0
2025-09-11 09:00:00,48.49688,48.61574,48.48387,48.54464,33429.0
2025-09-12 01:00:00,48.57067,48.64574,48.51074,48.51859,4384.0
2025-09-12 05:00:00,48.51948,48.59309,48.4513,48.4974,4479.0
2025-09-12 09:00:00,48.49607,48.56338,48.4589,48.55154,3519.0
2025-09-15 01:00:00,48.56864,48.64214,48.51535,48.55466,11886.0
2025-09-15 05:00:00,48.55426,48.63786,48.55116,48.6298,16198.0
2025-09-15 09:00:00,48.62993,48.64588,48.55587,48.58083,4411.0
2025-09-16 01:00:00,48.70197,48.79586,48.69821,48.76524,15828.0
2025-09-16 05:00:00,48.768,48.86144,48.7248,48.78448,24480.0
2025-09-16 09:00:00,48.78446,48.97796,48.78066,48.96762,17765.0
2025-09-17 01:00:00,48.99786,49.01128,48.93348,48.97409,6311.0
2025-09-17 05:00:00,48.97482,48.97952,48.8979,48.9464,8448.0
2025-09-17 09:00:00,48.94736,48.9977,48.93816,48.95951,3783.0
2025-09-18 01:00:00,48.83493,49.05212,48.80004,49.00495,35452.0
2025-09-18 05:00:00,49.00474,49.07653,48.83972,48.84114,45257.0
2025-09-18 09:00:00,48.84134,48.84526,48.66545,48.7561,37567.0
2025-09-19 01:00:00,48.75817,48.80827,48.6812,48.72789,12854.0
2025-09-19 05:00:00,48.7282,48.76566,48.5964,48.6163,10583.0
2025-09-19 09:00:00,48.61732,48.73644,48.61434,48.6775,12227.0
2025-09-22 01:00:00,48.62222,48.72933,48.60616,48.70264,5318.0
2025-09-22 05:00:00,48.70372,48.82598,48.70226,48.79372,6893.0
2025-09-22 09:00:00,48.79498,48.8135,48.70354,48.73046,3911.0
2025-09-23 01:00:00,48.9331,48.9424,48.82672,48.92318,8360.0
2025-09-23 05:00:00,48.92326,48.96134,48.83188,48.88539,4231.0
2025-09-23 09:00:00,48.88611,48.91858,48.83073,48.88641,5109.0
2025-09-24 01:00:00,48.93018,48.95532,48.82911,48.8473,6375.0
2025-09-24 05:00:00,48.84848,48.86512,48.71169,48.72405,4963.0
2025-09-24 09:00:00,48.72478,48.73964,48.66448,48.72714,4379.0
2025-09-25 01:00:00,48.81253,48.84922,48.76687,48.81544,13291.0
2025-09-25 05:00:00,48.81564,48.85508,48.58656,48.62864,14808.0
2025-09-25 09:00:00,48.62972,48.67714,48.52686,48.5401,13038.0
2025-09-26 01:00:00,48.57409,48.62296,48.54174,48.59269,8058.0
2025-09-26 05:00:00,48.59191,48.61532,48.51328,48.60088,5800.0
2025-09-26 09:00:00,48.60286,48.69145,48.58139,48.63894,4843.0
2025-09-29 01:00:00,48.79461,48.81655,48.71148,48.77948,7232.0
2025-09-29 05:00:00,48.77989,48.89092,48.72,48.8855,18869.0
2025-09-29 09:00:00,48.88559,48.90462,48.7991,48.80314,14415.0
2025-09-30 01:00:00,48.82071,48.94807,48.81472,48.92308,5648.0
2025-09-30 05:00:00,48.9231,48.93422,48.82538,48.84208,9392.0
2025-09-30 09:00:00,48.84252,48.90266,48.75756,48.89038,10957.0
2025-10-01 01:00:00,48.9193,49.02878,48.87696,48.90731,14973.0
2025-10-01 05:00:00,48.90692,48.98306,48.76374,48.89978,20287.0
2025-10-01 09:00:00,48.89984,48.95814,48.81771,48.87919,12877.0
2025-10-02 01:00:00,48.91868,49.02188,48.91758,49.01022,6659.0
2025-10-02 05:00:00,49.00988,49.0346,48.93941,48.95166,11044.0
2025-10-02 09:00:00,48.95173,48.97778,48.81696,48.85132,11804.0
2025-10-03 01:00:00,48.8749,48.99772,48.87222,48.97756,7020.0
2025-10-03 05:00:00,48.97713,48.98869,48.92194,48.97307,10531.0
2025-10-03 09:00:00,48.97345,49.05681,48.94476,48.98232,15301.0
2025-10-06 01:00:00,48.89342,48.9036,48.62028,48.68646,16031.0
2025-10-06 05:00:00,48.68434,48.77572,48.62312,48.77238,14513.0
2025-10-06 09:00:00,48.77288,48.89325,48.75016,48.88802,4114.0
2025-10-07 01:00:00,48.79654,48.79692,48.68286,48.68648,10056.0
2025-10-07 05:00:00,48.68626,48.73175,48.63992,48.69406,12156.0
2025-10-07 09:00:00,48.69393,48.7081,48.64351,48.68088,7637.0
2025-10-08 01:00:00,48.4939,48.57283,48.45233,48.48922,14958.0
2025-10-08 05:00:00,48.48968,48.58664,48.45316,48.56456,16776.0
2025-10-08 09:00:00,48.56491,48.6147,48.51325,48.51684,5563.0
2025-10-09 01:00:00,48.68164,48.68183,48.54623,48.58748,32561.0
2025-10-09 05:00:00,48.5878,48.65348,48.55735,48.59911,36864.0
2025-10-09 09:00:00,48.59849,48.64237,48.43873,48.45756,33722.0
2025-10-10 01:00:00,48.3856,48.47425,48.3538,48.42898,19822.0
2025-10-10 05:00:00,48.42853,48.44761,48.34729,48.39982,13753.0
2025-10-10 09:00:00,48.39986,48.44305,48.35792,48.4211,18759.0
2025-10-13 01:00:00,48.6085,48.6717,48.45354,48.46948,8196.0
2025-10-13 05:00:00,48.46792,48.52166,48.36824,48.39676,5025.0
2025-10-13 09:00:00,48.39763,48.4358,48.35038,48.36752,3131.0
2025-10-14 01:00:00,48.4866,48.51052,48.32252,48.39057,8630.0
2025-10-14 05:00:00,48.39008,48.41694,48.34005,48.37974,7428.0
2025-10-14 09:00:00,48.37877,48.55304,48.37373,48.53864,5172.0
2025-10-15 01:00:00,48.64906,48.7718,48.64194,48.71812,9893.0
2025-10-15 05:00:00,48.71714,48.74446,48.63491,48.65148,6983.0
2025-10-15 09:00:00,48.6511,48.70892,48.62052,48.6798,3881.0
2025-10-16 01:00:00,48.90006,48.94064,48.84918,48.91932,32962.0
2025-10-16 05:00:00,48.91928,48.9406,48.86659,48.92356,35124.0
2025-10-16 09:00:00,48.92338,48.9981,48.8799,48.99464,26308.0
2025-10-17 01:00:00,49.21784,49.23398,49.09058,49.11298,15684.0
2025-10-17 05:00:00,49.11379,49.15602,48.98566,49.02623,12923.0
2025-10-17 09:00:00,49.02544,49.04484,48.94216,48.98692,6806.0
2025-10-20 01:00:00,49.00293,49.0057,48.93392,48.97846,4633.0
2025-10-20 05:00:00,48.97945,48.99646,48.89806,48.93674,17235.0
2025-10-20 09:00:00,48.93676,48.98121,48.9063,48.9367,9784.0
2025-10-21 01:00:00,48.82612,48.87054,48.77644,48.8136,13512.0
2025-10-21 05:00:00,48.81372,48.83906,48.73338,48.77206,20885.0
2025-10-21 09:00:00,48.77189,48.80126,48.71416,48.74202,9542.0
2025-10-22 01:00:00,48.79202,48.79582,48.6903,48.72522,12136.0
2025-10-22 05:00:00,48.72494,48.74411,48.6367,48.66323,17456.0
2025-10-22 09:00:00,48.66336,48.78354,48.65906,48.78248,8572.0
2025-10-23 01:00:00,48.70561,48.8485,48.69687,48.8087,25942.0
2025-10-23 05:00:00,48.80904,48.84989,48.76256,48.82614,29158.0
2025-10-23 09:00:00,48.82631,48.90612,48.81658,48.87866,22924.0
2025-10-24 01:00:00,48.8515,48.94666,48.76346,48.77468,16424.0
2025-10-24 05:00:00,48.77334,48.93898,48.75642,48.85792,22898.0
2025-10-24 09:00:00,48.85912,48.88825,48.77658,48.80199,9774.0
2025-10-27 01:00:00,48.89581,48.92308,48.80751,48.86213,13520.0
2025-10-27 05:00:00,48.86102,48.91694,48.85723,48.88162,19701.0
2025-10-27 09:00:00,48.88184,48.8881,48.28467,48.87352,8992.0
2025-10-28 01:00:00,48.93761,48.9464,48.86308,48.89746,9221.0
2025-10-28 05:00:00,48.89756,48.95533,48.824,48.84575,17954.0
2025-10-28 09:00:00,48.84515,48.93482,48.7846,48.91478,12244.0
2025-10-29 01:00:00,48.84259,48.86827,48.78928,48.78928,7875.0
2025-10-29 05:00:00,48.7891,48.91832,48.77458,48.84983,15257.0
2025-10-29 09:00:00,48.84992,48.9138,48.83414,48.90972,11771.0
2025-10-30 01:00:00,48.87129,48.909,48.81576,48.89556,21023.0
2025-10-30 05:00:00,48.8954,48.94048,48.62088,48.62878,21042.0
2025-10-30 09:00:00,48.62743,48.7599,48.59762,48.69118,19957.0
2025-10-31 01:00:00,48.63698,48.70885,48.63642,48.68952,8182.0
2025-10-31 05:00:00,48.68974,48.72055,48.61866,48.62975,11403.0
2025-10-31 09:00:00,48.62958,48.63104,48.48994,48.53948,6313.0
2025-11-03 01:00:00,48.55522,48.60456,48.4485,48.46872,13618.0
2025-11-03 05:00:00,48.46913,48.49512,48.41487,48.43832,16941.0
2025-11-03 09:00:00,48.43814,48.49474,48.41162,48.49463,11729.0
2025-11-04 01:00:00,48.52175,48.57943,48.43828,48.4436,14366.0
2025-11-04 05:00:00,48.4434,48.48164,48.3417,48.4063,17293.0
2025-11-04 09:00:00,48.40566,48.41946,48.3238,48.40426,12374.0
2025-11-05 01:00:00,48.4163,48.44796,48.38997,48.40327,10077.0
2025-11-05 05:00:00,48.40324,48.42549,48.33642,48.33875,14400.0
2025-11-05 09:00:00,48.33808,48.41952,48.31772,48.36054,11768.0
2025-11-06 01:00:00,48.58028,48.64818,48.57076,48.60566,8969.0
2025-11-06 05:00:00,48.60566,48.7317,48.59314,48.69255,9196.0
2025-11-06 09:00:00,48.69256,48.7265,48.62722,48.71413,14189.0
2025-11-07 01:00:00,48.73275,48.79094,48.72992,48.77168,7405.0
2025-11-07 05:00:00,48.77168,48.91126,48.76782,48.9018,10911.0
2025-11-07 09:00:00,48.90174,49.0019,48.89311,48.91857,12087.0
2025-11-10 01:00:00,48.7869,48.91628,48.7869,48.85306,11303.0
2025-11-10 05:00:00,48.85285,48.89432,48.79182,48.85239,13207.0
2025-11-10 09:00:00,48.85146,48.85448,48.75884,48.75951,7955.0
2025-11-11 01:00:00,48.8217,48.89432,48.81172,48.8795,11052.0
2025-11-11 05:00:00,48.8794,49.0533,48.86952,49.0324,12663.0
2025-11-11 09:00:00,49.03308,49.05026,48.98946,49.00254,10813.0
2025-11-12 01:00:00,48.96375,48.99106,48.90462,48.9126,10277.0
2025-11-12 05:00:00,48.91271,48.95662,48.89186,48.92074,12735.0
2025-11-12 09:00:00,48.92077,49.02147,48.88236,49.01789,11320.0
2025-11-13 01:00:00,49.0611,49.27438,49.05165,49.19702,15886.0
2025-11-13 05:00:00,49.19724,49.23196,49.14684,49.21392,16521.0
2025-11-13 09:00:00,49.21392,49.31,49.19888,49.29492,13654.0
2025-11-14 01:00:00,49.29725,49.3375,49.227,49.23388,16946.0
2025-11-14 05:00:00,49.23361,49.36939,49.17906,49.30076,21777.0
2025-11-14 09:00:00,49.3011,49.30448,49.1666,49.19538,19183.0
2025-11-17 01:00:00,49.18402,49.21244,49.13451,49.1525,10379.0
2025-11-17 05:00:00,49.1525,49.17824,49.08309,49.09464,14090.0
2025-11-17 09:00:00,49.09422,49.11624,49.0524,49.1134,6792.0
2025-11-18 01:00:00,49.1345,49.1855,49.10338,49.11246,12342.0
2025-11-18 05:00:00,49.11226,49.16664,49.07084,49.14128,15948.0
2025-11-18 09:00:00,49.14106,49.18836,49.0764,49.07801,11920.0
2025-11-19 01:00:00,49.1181,49.16034,49.02667,49.05916,13567.0
2025-11-19 05:00:00,49.0591,49.13585,49.0344,49.0619,16522.0
2025-11-19 09:00:00,49.0616,49.06593,48.92306,48.95016,13656.0
2025-11-20 01:00:00,48.9138,48.95822,48.88956,48.95745,12721.0
2025-11-20 05:00:00,48.95766,49.00421,48.84618,48.95874,21167.0
2025-11-20 09:00:00,48.9583,49.0516,48.92412,48.95194,7694.0
2025-11-21 01:00:00,49.03152,49.07458,48.95759,48.95856,16343.0
2025-11-21 05:00:00,48.95918,48.96674,48.83736,48.94118,25628.0
2025-11-21 09:00:00,48.94104,48.95153,48.84676,48.86324,16516.0
2025-11-24 01:00:00,48.9436,49.00263,48.89852,48.9804,11639.0
2025-11-24 05:00:00,48.98016,49.0588,48.98006,49.00139,15813.0
2025-11-24 09:00:00,49.00134,49.0123,48.90406,48.94814,9241.0
2025-11-25 01:00:00,48.97455,49.04702,48.97185,49.03555,7459.0
2025-11-25 05:00:00,49.0357,49.13588,48.9878,49.1183,19722.0
2025-11-25 09:00:00,49.1177,49.2279,49.09134,49.13302,16184.0
2025-11-26 01:00:00,49.20582,49.23096,49.10484,49.11996,12275.0
2025-11-26 05:00:00,49.1208,49.17622,49.02124,49.0387,24452.0
2025-11-26 09:00:00,49.03876,49.21897,49.01674,49.19459,16156.0
2025-11-27 01:00:00,49.31903,49.33818,49.24296,49.24974,11452.0
2025-11-27 05:00:00,49.25056,49.32412,49.24715,49.32022,12605.0
2025-11-27 09:00:00,49.3202,49.328,49.28554,49.29822,5562.0
2025-11-28 01:00:00,49.28762,49.31268,49.20324,49.2169,45351.0
2025-11-28 05:00:00,49.2167,49.23235,49.15978,49.2154,55791.0
2025-11-28 09:00:00,49.21562,49.35422,49.20206,49.35108,11845.0
2025-12-01 01:00:00,49.35191,49.42161,49.31932,49.41024,10816.0
2025-12-01 05:00:00,49.40703,49.51126,49.39374,49.46552,12535.0
2025-12-01 09:00:00,49.46474,49.46685,49.35652,49.38431,10659.0
2025-12-02 01:00:00,49.3339,49.34756,49.26132,49.28956,10005.0
2025-12-02 05:00:00,49.29098,49.32904,49.24334,49.32904,13417.0
2025-12-02 09:00:00,49.3288,49.3504,49.25258,49.31105,14881.0
2025-12-03 01:00:00,49.4707,49.52214,49.42887,49.46956,10108.0
2025-12-03 05:00:00,49.47046,49.59222,49.46635,49.55804,12880.0
2025-12-03 09:00:00,49.55784,49.56968,49.50449,49.53919,11596.0
2025-12-04 01:00:00,49.61257,49.71046,49.61236,49.69236,10454.0
2025-12-04 05:00:00,49.69258,49.7003,49.57511,49.62853,17360.0
2025-12-04 09:00:00,49.62894,49.67888,49.59542,49.66794,13228.0
2025-12-05 01:00:00,49.63104,49.67059,49.5753,49.6008,7192.0
2025-12-05 05:00:00,49.6014,49.60842,49.52424,49.57552,8106.0
2025-12-05 09:00:00,49.57667,49.6142,49.5345,49.54548,5289.0
2025-12-08 01:00:00,49.6645,49.68805,49.59909,49.60264,8890.0
2025-12-08 05:00:00,49.60018,49.66324,49.59783,49.61727,7669.0
2025-12-08 09:00:00,49.61798,49.644,49.4834,49.5132,11862.0
2025-12-09 01:00:00,49.60362,49.6788,49.57674,49.65928,7074.0
2025-12-09 05:00:00,49.65956,49.66726,49.56606,49.59215,7476.0
2025-12-09 09:00:00,49.59258,49.61196,49.51568,49.57036,10395.0
2025-12-10 01:00:00,49.60746,49.70026,49.60108,49.60819,9277.0
2025-12-10 05:00:00,49.60798,49.63863,49.57514,49.63145,7663.0
2025-12-10 09:00:00,49.6316,49.67896,49.6041,49.64276,5656.0
2025-12-11 01:00:00,49.92764,50.00219,49.92023,49.98344,11798.0
2025-12-11 05:00:00,49.98391,50.13237,49.97082,50.10898,14587.0
2025-12-11 09:00:00,50.1089,50.2114,50.10542,50.20764,12102.0
2025-12-12 01:00:00,50.14712,50.17804,50.10572,50.13212,7774.0
2025-12-12 05:00:00,50.13224,50.1436,50.07592,50.10953,10599.0
2025-12-12 09:00:00,50.10896,50.18523,50.09216,50.15624,8584.0
2025-12-15 01:00:00,50.15767,50.18344,50.11288,50.18198,10020.0
2025-12-15 05:00:00,50.18186,50.24976,50.16474,50.19744,11677.0
2025-12-15 09:00:00,50.19745,50.28797,50.18288,50.26374,12766.0
2025-12-16 01:00:00,50.23072,50.28764,50.19774,50.25249,9953.0
2025-12-16 05:00:00,50.25304,50.41846,50.23341,50.33913,16633.0
2025-12-16 09:00:00,50.33924,50.45768,50.29917,50.31047,11170.0
2025-12-17 01:00:00,50.07008,50.11436,50.03952,50.09231,12417.0
2025-12-17 05:00:00,50.09174,50.16844,50.05642,50.16217,15365.0
2025-12-17 09:00:00,50.16206,50.27188,50.14729,50.25022,11928.0
2025-12-18 01:00:00,50.30392,50.32822,50.17728,50.19995,11054.0
2025-12-18 05:00:00,50.19917,50.3791,50.16074,50.30986,21462.0
2025-12-18 09:00:00,50.30964,50.34698,50.17414,50.2216,17734.0
2025-12-19 01:00:00,50.21246,50.2126,50.1421,50.18042,6959.0
2025-12-19 05:00:00,50.17945,50.2086,50.13697,50.20768,11405.0
2025-12-19 09:00:00,50.20754,50.28812,50.16566,50.16737,9391.0
2025-12-22 01:00:00,50.20384,50.28871,50.19662,50.25571,7263.0
2025-12-22 05:00:00,50.2556,50.36366,50.2516,50.34798,13502.0
2025-12-22 09:00:00,50.34838,50.43506,50.32552,50.41394,6339.0
2025-12-23 01:00:00,50.55687,50.70031,50.55483,50.66607,21128.0
2025-12-23 05:00:00,50.66682,50.73864,50.59005,50.59253,25792.0
2025-12-23 09:00:00,50.59241,50.65405,50.54769,50.59352,19674.0
2025-12-24 01:00:00,50.69211,50.72395,50.62129,50.70145,17282.0
2025-12-24 05:00:00,50.70134,50.72432,50.63466,50.64352,23155.0
2025-12-24 09:00:00,50.64176,50.6755,50.59693,50.60767,14745.0
2025-12-25 01:00:00,50.61571,50.6179,50.61571,50.61773,4.0
2025-12-26 01:00:00,50.59585,50.59872,50.55116,50.566,7801.0
2025-12-26 05:00:00,50.56343,50.67854,50.56106,50.6552,10628.0
2025-12-26 09:00:00,50.6551,50.66876,50.50883,50.5939,5783.0
2025-12-29 01:00:00,50.57092,50.65781,50.55476,50.60378,10743.0
2025-12-29 05:00:00,50.60363,50.61972,50.51324,50.57555,14710.0
2025-12-29 09:00:00,50.57524,50.65584,50.55886,50.55929,11870.0
2025-12-30 01:00:00,50.61345,50.62202,50.54792,50.57886,7959.0
2025-12-30 05:00:00,50.57811,50.61365,50.52296,50.56136,10515.0
2025-12-30 09:00:00,50.56178,50.5739,50.48662,50.54699,8722.0
2026-01-01 01:00:00,50.54699,50.54699,50.54699,50.54699,1.0
2026-01-02 01:00:00,50.5641,50.57486,50.46955,50.47336,12155.0
2026-01-02 05:00:00,50.476,50.50956,50.43926,50.48722,11025.0
2026-01-02 09:00:00,50.48778,50.61371,50.46244,50.60792,5747.0
2026-01-05 01:00:00,50.3602,50.38162,50.28972,50.32518,11101.0
2026-01-05 05:00:00,50.3251,50.36239,50.2246,50.28732,15493.0
2026-01-05 09:00:00,50.2876,50.39963,50.2762,50.39776,10669.0
2026-01-06 01:00:00,50.5593,50.58785,50.43419,50.45714,8505.0
2026-01-06 05:00:00,50.45628,50.47454,50.38474,50.44555,10356.0
2026-01-06 09:00:00,50.44533,50.47134,50.32808,50.36967,8603.0
2026-01-07 01:00:00,50.40355,50.40652,50.29732,50.3413,9345.0
2026-01-07 05:00:00,50.34108,50.37598,50.32165,50.361,13893.0
2026-01-07 09:00:00,50.36038,50.38752,50.30774,50.34998,11975.0
2026-01-08 01:00:00,50.40786,50.41424,50.35214,50.38667,9808.0
2026-01-08 05:00:00,50.38668,50.41135,50.30145,50.32262,13587.0
2026-01-08 09:00:00,50.32263,50.3683,50.29862,50.32946,11471.0
2026-01-09 01:00:00,50.29082,50.31524,50.25914,50.26866,4929.0
2026-01-09 05:00:00,50.26818,50.34889,50.19341,50.28008,9001.0
2026-01-09 09:00:00,50.27906,50.30978,50.16336,50.25692,7208.0
2026-01-12 01:00:00,50.38455,50.49143,50.34443,50.43164,7961.0
2026-01-12 05:00:00,50.43292,50.4969,50.40278,50.47168,9802.0
2026-01-12 09:00:00,50.4706,50.47174,50.37566,50.41158,4986.0
2026-01-13 01:00:00,50.34275,50.42278,50.32711,50.4219,7943.0
2026-01-13 05:00:00,50.42103,50.43818,50.3162,50.39732,12081.0
2026-01-13 09:00:00,50.39707,50.41879,50.29428,50.31768,9302.0
2026-01-14 01:00:00,50.3274,50.34509,50.2967,50.33662,5721.0
2026-01-14 05:00:00,50.3358,50.38719,50.30872,50.34762,6682.0
2026-01-14 09:00:00,50.34576,50.3939,50.34232,50.3939,5453.0
2026-01-15 01:00:00,50.36376,50.40697,50.34542,50.38807,16795.0
2026-01-15 05:00:00,50.38796,50.41101,50.22297,50.23406,24422.0
2026-01-15 09:00:00,50.23395,50.27456,50.19947,50.24109,19741.0
2026-01-16 01:00:00,50.24465,50.2686,50.237,50.23932,7155.0
2026-01-16 05:00:00,50.23916,50.30598,50.2375,50.2855,14164.0
2026-01-16 09:00:00,50.28658,50.32335,50.13718,50.17624,15010.0
2026-01-19 01:00:00,50.3584,50.4157,50.27951,50.33668,4793.0
2026-01-19 05:00:00,50.3366,50.38498,50.32168,50.36947,4483.0
2026-01-19 09:00:00,50.36787,50.4161,50.36338,50.39432,2268.0
2026-01-20 01:00:00,50.5384,50.82543,50.52436,50.79638,14192.0
2026-01-20 05:00:00,50.79644,50.9834,50.74751,50.82839,28114.0
2026-01-20 09:00:00,50.8282,50.84412,50.74942,50.8012,17128.0
2026-01-21 01:00:00,50.7942,50.80355,50.69682,50.70648,12418.0
2026-01-21 05:00:00,50.70604,50.88156,50.6993,50.86662,17615.0
2026-01-21 09:00:00,50.86666,50.87243,50.69215,50.69913,21287.0
2026-01-22 01:00:00,50.7258,50.75398,50.69957,50.73152,9772.0
2026-01-22 05:00:00,50.73194,50.82848,50.71146,50.81026,17046.0
2026-01-22 09:00:00,50.81032,50.87567,50.7956,50.87212,12166.0
2026-01-23 01:00:00,50.94905,50.97676,50.89792,50.92548,10266.0
2026-01-23 05:00:00,50.92622,50.96747,50.89244,50.9109,3797.0
2026-01-23 09:00:00,50.91194,51.05097,50.90174,51.03612,3280.0
2026-01-26 01:00:00,51.45263,51.51154,51.37419,51.49538,9166.0
2026-01-26 05:00:00,51.49725,51.50266,51.37507,51.468,6753.0
2026-01-26 09:00:00,51.46888,51.62972,51.4547,51.62625,4489.0
2026-01-27 01:00:00,51.55432,51.64114,51.45918,51.63793,8062.0
2026-01-27 05:00:00,51.63787,51.85654,51.57223,51.78916,13682.0
2026-01-27 09:00:00,51.78914,52.00254,51.76938,51.90455,10067.0
2026-01-28 01:00:00,52.10975,52.24522,52.00524,52.0759,12164.0
2026-01-28 05:00:00,52.07292,52.11086,51.92538,51.94989,9537.0
2026-01-28 09:00:00,51.95098,52.03564,51.79858,51.88394,20143.0
2026-01-29 01:00:00,52.15238,52.20195,52.0101,52.02884,12413.0
2026-01-29 05:00:00,52.02906,52.09446,51.95224,52.02899,17160.0
2026-01-29 09:00:00,52.0302,52.10127,51.81316,51.92308,27977.0
2026-01-30 01:00:00,51.8854,51.99672,51.7994,51.84522,12665.0
2026-01-30 05:00:00,51.84319,52.04788,51.81764,51.86342,20035.0
2026-01-30 09:00:00,51.86304,51.9006,51.73016,51.77988,27107.0
2026-02-02 01:00:00,51.61295,51.65448,51.52042,51.62538,15176.0
2026-02-02 05:00:00,51.62429,51.66576,51.43332,51.44684,9954.0
2026-02-02 09:00:00,51.44622,51.48486,51.299,51.30421,8911.0
2026-02-03 01:00:00,51.4276,51.465,51.32667,51.32667,14556.0
2026-02-03 05:00:00,51.32882,51.38754,51.2902,51.3387,11577.0
2026-02-03 09:00:00,51.33993,51.40685,51.26848,51.40631,4983.0
2026-02-04 01:00:00,51.50725,51.54891,51.42272,51.4343,7749.0
2026-02-04 05:00:00,51.43351,51.49688,51.39214,51.47771,6248.0
2026-02-04 09:00:00,51.47366,51.4931,51.35311,51.3648,6839.0
2026-02-05 01:00:00,51.43755,51.51828,51.39663,51.39796,11602.0
2026-02-05 05:00:00,51.39836,51.54896,51.39673,51.53312,27018.0
2026-02-05 09:00:00,51.5314,51.57643,51.40047,51.4444,23114.0
2026-02-06 01:00:00,51.4895,51.49705,51.44256,51.47047,6512.0
2026-02-06 05:00:00,51.47072,51.55112,51.44201,51.54725,6282.0
2026-02-06 09:00:00,51.547,51.61714,51.52474,51.58604,3893.0
2026-02-09 01:00:00,51.70732,51.78744,51.68994,51.74702,6156.0
2026-02-09 05:00:00,51.74602,51.94262,51.72122,51.93269,6844.0
2026-02-09 09:00:00,51.93258,52.03209,51.92884,51.96682,6265.0
2026-02-10 01:00:00,51.94875,52.03894,51.93886,52.01778,5417.0
2026-02-10 05:00:00,52.01794,52.03188,51.90931,51.9822,6880.0
2026-02-10 09:00:00,51.98336,52.08416,51.94254,52.01567,6516.0
2026-02-11 01:00:00,52.03846,52.05594,52.01492,52.05018,5455.0
2026-02-11 05:00:00,52.04914,52.0881,51.67503,51.80259,12865.0
2026-02-11 09:00:00,51.80165,51.89276,51.74956,51.76843,9612.0
2026-02-12 01:00:00,51.87325,52.01453,51.87282,52.01346,23217.0
2026-02-12 05:00:00,52.0134,52.01508,51.92476,52.00277,28285.0
2026-02-12 09:00:00,52.00266,52.01438,51.95684,51.9986,20384.0
2026-02-13 01:00:00,51.85728,51.9047,51.8196,51.87836,18328.0
2026-02-13 05:00:00,51.87824,51.98582,51.8448,51.9385,22683.0
2026-02-13 09:00:00,51.93796,51.9406,51.82113,51.82452,12630.0
2026-02-16 01:00:00,51.9178,51.93268,51.87122,51.90147,4541.0
2026-02-16 05:00:00,51.90128,51.91113,51.82912,51.85113,3176.0
2026-02-16 09:00:00,51.8515,51.89133,51.8329,51.8508,1838.0
2026-02-17 01:00:00,51.82605,51.85888,51.7688,51.84557,5302.0
2026-02-17 05:00:00,51.84512,51.84796,51.70262,51.7311,5583.0
2026-02-17 09:00:00,51.7325,51.76358,51.65864,51.68896,4068.0
2026-02-18 01:00:00,51.8583,51.87462,51.79232,51.82548,3811.0
2026-02-18 05:00:00,51.82612,51.88364,51.77776,51.7783,4258.0
2026-02-18 09:00:00,51.77916,51.79557,51.7278,51.7721,3773.0
2026-02-19 01:00:00,51.75351,51.79352,51.72768,51.76434,7186.0
2026-02-19 05:00:00,51.76426,51.77852,51.55359,51.61591,27746.0
2026-02-19 09:00:00,51.61557,51.65314,51.51156,51.59173,26989.0
2026-02-20 01:00:00,51.58556,51.63692,51.52815,51.6313,8716.0
2026-02-20 05:00:00,51.6314,51.70102,51.58885,51.64246,13659.0
2026-02-20 09:00:00,51.64214,51.8082,51.5806,51.71885,21462.0
2026-02-23 01:00:00,51.86975,51.88054,51.76069,51.76502,3605.0
2026-02-23 05:00:00,51.76542,51.76692,51.66128,51.75408,4331.0
2026-02-23 09:00:00,51.75538,51.81668,51.72812,51.74885,3799.0
2026-02-24 01:00:00,51.70075,51.76035,51.6616,51.73672,6008.0
2026-02-24 05:00:00,51.73674,51.74863,51.64787,51.66848,4195.0
2026-02-24 09:00:00,51.66848,51.7084,51.64248,51.671,3534.0
2026-02-25 01:00:00,51.82295,51.83622,51.74214,51.75249,5844.0
2026-02-25 05:00:00,51.75252,51.75972,51.6748,51.68992,5258.0
2026-02-25 09:00:00,51.68926,51.81374,51.68822,51.79706,6318.0
2026-02-26 01:00:00,51.9786,51.9786,51.8823,51.88498,4111.0
2026-02-26 05:00:00,51.88492,51.96967,51.86643,51.92604,4982.0
2026-02-26 09:00:00,51.92702,51.96522,51.8142,51.89207,7113.0
2026-02-27 01:00:00,51.9345,52.00784,51.88158,51.89258,3997.0
2026-02-27 05:00:00,51.89317,51.95042,51.87153,51.88083,11055.0
2026-02-27 09:00:00,51.88156,51.9866,51.87363,51.9356,10570.0
2026-03-02 01:00:00,51.62965,51.6672,51.4826,51.62716,11679.0
2026-03-02 05:00:00,51.62698,51.68718,51.4591,51.47546,7954.0
2026-03-02 09:00:00,51.47461,51.58087,51.36372,51.36662,7309.0
2026-03-03 01:00:00,51.35405,51.3548,51.05254,51.0848,14241.0
2026-03-03 05:00:00,51.0848,51.13277,50.98343,51.02446,23881.0
2026-03-03 09:00:00,51.0241,51.06399,50.7602,50.9529,23709.0
2026-03-04 01:00:00,51.1281,51.20204,51.03774,51.09165,12265.0
2026-03-04 05:00:00,51.0923,51.28872,51.0923,51.19287,19571.0
2026-03-04 09:00:00,51.19243,51.241,51.12918,51.22962,11958.0
2026-03-05 01:00:00,51.17718,51.35281,51.07634,51.25808,42081.0
2026-03-05 05:00:00,51.25798,51.29798,51.11176,51.15346,40318.0
2026-03-05 09:00:00,51.15314,51.20758,51.03019,51.09576,25399.0
2026-03-06 01:00:00,51.2252,51.25395,51.05242,51.06304,9716.0
2026-03-06 05:00:00,51.06308,51.16727,50.96896,50.99352,35729.0
2026-03-06 09:00:00,50.99349,51.16765,50.95578,51.09669,36484.0
2026-03-09 01:00:00,51.0595,51.06375,50.82795,50.91481,15469.0
2026-03-09 05:00:00,50.91538,51.0833,50.89903,50.99158,45587.0
2026-03-09 09:00:00,50.99183,51.14126,50.96606,51.08406,37707.0
2026-03-10 01:00:00,51.28845,51.43654,51.28648,51.34994,7366.0
2026-03-10 05:00:00,51.35003,51.40792,51.23908,51.29686,13707.0
2026-03-10 09:00:00,51.29594,51.36049,51.2657,51.35558,6497.0
2026-03-11 01:00:00,51.3157,51.38065,51.19844,51.23885,10994.0
2026-03-11 05:00:00,51.2393,51.24505,51.0965,51.12151,16524.0
2026-03-11 09:00:00,51.1212,51.25004,51.09844,51.1035,9268.0
2026-03-12 01:00:00,51.0482,51.11828,51.0425,51.08073,6638.0
2026-03-12 05:00:00,51.08117,51.15666,51.01032,51.03892,16359.0
2026-03-12 09:00:00,51.03898,51.08817,50.94104,50.96758,24246.0
2026-03-13 01:00:00,50.87385,50.8847,50.57895,50.63698,6274.0
2026-03-13 05:00:00,50.63736,50.82526,50.63736,50.77774,15307.0
2026-03-13 09:00:00,50.77701,50.83234,50.68448,50.69385,5708.0
2026-03-16 01:00:00,50.58515,50.628,50.48905,50.628,7060.0
2026-03-16 05:00:00,50.62898,50.8105,50.61193,50.74788,12430.0
2026-03-16 09:00:00,50.74886,50.87148,50.74886,50.81082,4886.0
2026-03-17 01:00:00,50.76975,50.9543,50.7191,50.92588,5109.0
2026-03-17 05:00:00,50.92675,50.98893,50.89584,50.98637,5934.0
2026-03-17 09:00:00,50.98854,51.07308,50.96897,51.03067,4737.0
2026-03-18 01:00:00,51.24142,51.25768,51.09184,51.16036,7075.0
2026-03-18 05:00:00,51.15992,51.26904,51.06354,51.07208,23205.0
2026-03-18 09:00:00,51.07164,51.17074,51.00912,51.12856,21290.0
2026-03-19 01:00:00,50.8153,50.86285,50.71614,50.75211,16417.0
2026-03-19 05:00:00,50.7534,50.92474,50.7534,50.91154,27354.0
2026-03-19 09:00:00,50.91097,51.09357,50.83394,51.04083,27904.0
2026-03-20 01:00:00,51.2428,51.34918,51.24076,51.28623,9665.0
2026-03-20 05:00:00,51.28645,51.34601,51.14465,51.29257,22815.0
2026-03-20 09:00:00,51.29154,51.30011,51.12014,51.17588,18280.0
2026-03-23 01:00:00,51.1898,51.25014,51.1277,51.1773,11325.0
2026-03-23 05:00:00,51.1812,51.5623,50.97626,51.51667,44031.0
2026-03-23 09:00:00,51.51697,51.63484,51.384,51.52564,38365.0
2026-03-24 01:00:00,51.4194,51.57225,51.399,51.43864,13036.0
2026-03-24 05:00:00,51.44452,51.49561,51.39762,51.42595,18642.0
2026-03-24 09:00:00,51.42565,51.52782,51.35057,51.4343,10515.0
2026-03-25 01:00:00,51.45825,51.57405,51.4455,51.5139,9160.0
2026-03-25 05:00:00,51.5139,51.56536,51.44466,51.46644,16032.0
2026-03-25 09:00:00,51.46674,51.49944,51.35638,51.43872,15304.0
2026-03-26 01:00:00,51.4464,51.484,51.3861,51.44325,5640.0
2026-03-26 05:00:00,51.4426,51.46725,51.27478,51.33071,16932.0
2026-03-26 09:00:00,51.33071,51.4114,51.32905,51.37698,18280.0
2026-03-27 01:00:00,51.35635,51.3736,51.25121,51.276,7280.0
2026-03-27 05:00:00,51.27556,51.29924,51.19696,51.25614,13227.0
2026-03-27 09:00:00,51.2567,51.3489,51.25314,51.31944,14088.0
2026-03-30 01:00:00,51.26965,51.2848,51.15145,51.17439,12019.0
2026-03-30 05:00:00,51.17417,51.19512,51.07284,51.11494,22601.0
2026-03-30 09:00:00,51.11494,51.1386,50.99162,51.03866,19502.0
2026-03-31 01:00:00,51.0392,51.09495,51.02505,51.05699,10543.0
2026-03-31 05:00:00,51.05652,51.24593,51.01501,51.21605,8856.0
2026-03-31 09:00:00,51.21725,51.38493,51.20686,51.29346,17094.0
2026-04-01 01:00:00,51.72308,51.90048,51.70264,51.83974,15474.0
2026-04-01 05:00:00,51.83874,51.9674,51.76621,51.88932,6130.0
2026-04-01 09:00:00,51.89002,51.99329,51.86294,51.97756,4166.0
2026-04-02 01:00:00,51.5591,51.61327,51.51422,51.56005,3402.0
2026-04-02 05:00:00,51.56135,51.5856,51.47987,51.54212,4744.0
2026-04-02 09:00:00,51.5446,51.7125,51.51268,51.65625,5637.0
2026-04-03 01:00:00,51.56545,51.59275,51.52661,51.57352,2146.0
2026-04-03 05:00:00,51.57374,51.60005,51.46046,51.51856,6024.0
2026-04-03 09:00:00,51.51824,51.55353,51.47356,51.47356,3114.0
2026-04-06 01:00:00,51.454,51.63026,51.4257,51.57511,5034.0
2026-04-06 05:00:00,51.57674,51.59598,51.4962,51.55774,13222.0
2026-04-06 09:00:00,51.55776,51.6422,51.5124,51.51366,10717.0
2026-04-07 01:00:00,51.50525,51.68023,51.4953,51.67174,13435.0
2026-04-07 05:00:00,51.67305,51.67904,51.55051,51.6187,10919.0
2026-04-07 09:00:00,51.61984,51.7218,51.59872,51.66646,6406.0
2026-04-08 01:00:00,52.1342,52.18327,52.00984,52.06444,10680.0
2026-04-08 05:00:00,52.06526,52.19533,52.03666,52.18512,12048.0
2026-04-08 09:00:00,52.1858,52.21576,52.05494,52.07604,8079.0
2026-04-09 01:00:00,52.06665,52.15175,52.0286,52.14409,5841.0
2026-04-09 05:00:00,52.14365,52.2196,52.12785,52.19865,12015.0
2026-04-09 09:00:00,52.1997,52.24133,52.1313,52.18115,8326.0
2026-04-10 01:00:00,52.25155,52.28079,52.21636,52.25518,4463.0
2026-04-10 05:00:00,52.25646,52.41909,52.24888,52.41322,9634.0
2026-04-10 09:00:00,52.41297,52.47467,52.39811,52.43342,6624.0
2026-04-13 01:00:00,52.28865,52.3638,52.26427,52.30366,7364.0
2026-04-13 05:00:00,52.30442,52.36163,52.27738,52.34634,9555.0
2026-04-13 09:00:00,52.34654,52.45048,52.33536,52.40484,6350.0
2026-04-14 01:00:00,52.64615,52.7991,52.6155,52.7461,8460.0
2026-04-14 05:00:00,52.74589,52.85026,52.74122,52.83405,13155.0
2026-04-14 09:00:00,52.83402,52.85472,52.78006,52.84342,6912.0
2026-04-15 01:00:00,52.79685,52.8371,52.76366,52.79344,6327.0
2026-04-15 05:00:00,52.79339,52.80624,52.71766,52.78682,20282.0
2026-04-15 09:00:00,52.78679,52.84182,52.7664,52.82469,7728.0
2026-04-16 01:00:00,52.9466,52.9565,52.818,52.86377,13015.0
2026-04-16 05:00:00,52.86346,52.87422,52.8027,52.84234,15593.0
2026-04-16 09:00:00,52.84248,52.85922,52.78338,52.80905,11920.0
2026-04-17 01:00:00,52.8889,52.9836,52.85466,52.95582,11404.0
2026-04-17 05:00:00,52.9565,53.14035,52.94214,53.13013,21843.0
2026-04-17 09:00:00,53.13038,53.1843,53.0218,53.02245,17950.0
2026-04-20 01:00:00,52.7823,52.86925,52.76045,52.82457,18216.0
2026-04-20 05:00:00,52.82428,52.88925,52.79786,52.84333,21916.0
2026-04-20 09:00:00,52.84356,52.91657,52.82545,52.8659,16169.0
2026-04-21 01:00:00,52.961,52.9705,52.86101,52.89865,11888.0
2026-04-21 05:00:00,52.8991,52.91518,52.84915,52.8714,21932.0
2026-04-21 09:00:00,52.87125,52.94175,52.8348,52.8377,8572.0
2026-04-22 01:00:00,52.78793,52.82794,52.76164,52.80362,14975.0
2026-04-22 05:00:00,52.80368,52.82034,52.67358,52.68646,18711.0
2026-04-22 09:00:00,52.68664,52.75613,52.64508,52.64574,12666.0
2026-04-23 01:00:00,52.7117,52.73265,52.63807,52.68417,14142.0
2026-04-23 05:00:00,52.68237,52.6874,52.58247,52.64056,27070.0
2026-04-23 09:00:00,52.64074,52.74865,52.60165,52.72291,14050.0
2026-04-24 01:00:00,52.6415,52.70165,52.61203,52.6748,12434.0
2026-04-24 05:00:00,52.67576,52.8024,52.64902,52.75676,27373.0
2026-04-24 09:00:00,52.75724,52.8005,52.7111,52.74829,17477.0
2026-04-27 01:00:00,52.8415,52.95874,52.8067,52.94838,12041.0
2026-04-27 05:00:00,52.94881,52.96796,52.8723,52.92301,11036.0
2026-04-27 09:00:00,52.9232,52.96688,52.87086,52.88367,4006.0
2026-04-28 01:00:00,52.77475,52.78852,52.68944,52.76692,14356.0
2026-04-28 05:00:00,52.76648,52.76693,52.6552,52.74271,15783.0
2026-04-28 09:00:00,52.74249,52.77364,52.70453,52.758,5960.0
2026-04-29 01:00:00,52.90675,52.93945,52.87197,52.90792,11105.0
2026-04-29 05:00:00,52.90724,52.94945,52.87539,52.9016,10340.0
2026-04-29 09:00:00,52.90136,52.91917,52.82527,52.90422,3873.0
2026-04-30 01:00:00,52.7287,52.90176,52.71982,52.8228,9410.0
2026-04-30 05:00:00,52.82093,53.00019,52.79308,52.87726,19886.0
2026-04-30 09:00:00,52.87735,53.06066,52.82821,53.04364,9658.0
2026-05-01 01:00:00,52.99992,53.119,52.99103,53.09886,16056.0
2026-05-01 05:00:00,53.09932,53.20598,53.04334,53.16287,18677.0
2026-05-01 09:00:00,53.16242,53.27434,53.09763,53.2053,11912.0
2026-05-04 01:00:00,53.0494,53.0929,52.9761,53.01228,13560.0
2026-05-04 05:00:00,53.01334,53.03287,52.87757,52.96678,32951.0
2026-05-04 09:00:00,52.9671,53.00746,52.93559,52.9643,16987.0
2026-05-05 01:00:00,52.8732,52.9369,52.85588,52.90174,8955.0
2026-05-05 05:00:00,52.90173,52.94184,52.86614,52.91664,7847.0
2026-05-05 09:00:00,52.916,52.97742,52.91248,52.9764,4377.0
2026-05-06 01:00:00,53.1179,53.28018,53.07122,53.24232,10371.0
2026-05-06 05:00:00,53.24204,53.39344,53.17826,53.19518,13807.0
2026-05-06 09:00:00,53.19462,53.23015,53.1465,53.19916,5249.0
2026-05-07 01:00:00,53.2944,53.39605,53.25917,53.38697,17309.0
2026-05-07 05:00:00,53.3873,53.41556,53.34705,53.39028,16559.0
2026-05-07 09:00:00,53.39013,53.41642,53.3558,53.41122,5913.0
2026-05-08 01:00:00,53.28235,53.41999,53.28195,53.41114,12027.0
2026-05-08 05:00:00,53.41092,53.4784,53.38282,53.45692,12172.0
2026-05-08 09:00:00,53.45596,53.5168,53.4213,53.45991,4683.0
2026-05-11 01:00:00,53.36745,53.51474,53.36745,53.466,11386.0
2026-05-11 05:00:00,53.46509,53.47921,53.42428,53.47652,14472.0
2026-05-11 09:00:00,53.47768,53.53321,53.47663,53.49706,2801.0
2026-05-12 01:00:00,53.4422,53.45885,53.34154,53.366,9101.0
2026-05-12 05:00:00,53.3659,53.39734,53.32097,53.3784,9263.0
2026-05-12 09:00:00,53.37934,53.38892,53.2852,53.3238,4724.0
2026-05-13 01:00:00,53.3362,53.33695,53.18476,53.19692,8566.0
2026-05-13 05:00:00,53.1975,53.26135,53.16114,53.19109,16631.0
2026-05-13 09:00:00,53.19168,53.2397,53.18826,53.21712,3188.0
2026-05-14 01:00:00,53.34195,53.39017,53.31828,53.34588,17591.0
2026-05-14 05:00:00,53.34593,53.35591,53.27875,53.2827,26614.0
2026-05-14 09:00:00,53.2831,53.29674,53.19702,53.19768,18370.0
2026-05-15 01:00:00,53.0775,53.14929,53.06543,53.07704,24567.0
2026-05-15 05:00:00,53.07745,53.17992,53.00568,53.04718,41957.0
2026-05-15 09:00:00,53.04792,53.0996,53.01318,53.06186,23674.0
2026-05-18 01:00:00,52.9782,53.0786,52.9721,53.0624,27504.0
2026-05-18 05:00:00,53.06186,53.13412,52.9935,53.1067,41593.0
2026-05-18 09:00:00,53.10575,53.128,53.06134,53.06675,28921.0
2026-05-19 01:00:00,53.106,53.12278,53.01418,53.01922,19630.0
2026-05-19 05:00:00,53.01927,53.03442,52.96094,52.98026,34253.0
2026-05-19 09:00:00,52.97939,52.98882,52.88568,52.89034,25372.0
2026-05-20 01:00:00,52.9158,52.96398,52.8616,52.89462,12102.0
2026-05-20 05:00:00,52.89393,52.9635,52.87994,52.9163,8952.0
2026-05-20 09:00:00,52.9158,53.04695,52.85942,53.02274,8251.0
2026-05-21 01:00:00,53.1879,53.2491,53.05913,53.19877,42147.0
2026-05-21 05:00:00,53.19868,53.24666,53.06043,53.07826,41261.0
2026-05-21 09:00:00,53.07761,53.11791,52.98328,53.08145,28942.0
2026-05-22 01:00:00,53.10738,53.13365,53.0687,53.09692,12625.0
2026-05-22 05:00:00,53.0964,53.09742,53.03113,53.0798,21014.0
2026-05-22 09:00:00,53.07978,53.13758,53.00492,53.0451,16438.0
2026-05-25 01:00:00,53.4939,53.50475,53.16505,53.47282,14748.0
2026-05-25 05:00:00,53.47292,53.52274,53.45815,53.50694,9355.0
2026-05-25 09:00:00,53.50658,53.51106,53.43755,53.4587,9381.0
2026-05-26 01:00:00,53.38705,53.4539,53.37062,53.42754,12374.0
2026-05-26 05:00:00,53.42865,53.4685,53.40432,53.40808,21167.0
2026-05-26 09:00:00,53.40794,53.4131,53.33238,53.37594,12225.0
2026-05-27 01:00:00,53.4307,53.47965,53.41487,53.46294,16820.0
2026-05-27 05:00:00,53.46275,53.53662,53.40875,53.4527,35948.0
2026-05-27 09:00:00,53.4517,53.4918,53.3677,53.3709,16409.0
2026-05-28 01:00:00,53.24515,53.32746,53.24242,53.31735,18849.0
2026-05-28 05:00:00,53.31675,53.42065,53.25605,53.41304,28907.0
2026-05-28 09:00:00,53.41302,53.50655,53.36684,53.4585,21647.0
2026-05-29 01:00:00,53.4789,53.52825,53.38448,53.39783,5523.0
2026-05-29 05:00:00,53.39832,53.50008,53.39232,53.49825,9052.0
2026-05-29 09:00:00,53.4987,53.60674,53.45964,53.58922,10156.0
2026-06-01 01:00:00,53.54095,53.60402,53.54026,53.57028,18275.0
2026-06-01 05:00:00,53.57036,53.58208,53.48762,53.49919,25700.0
2026-06-01 09:00:00,53.49918,53.5005,53.31254,53.37145,18346.0
2026-06-02 01:00:00,53.4982,53.56505,53.49575,53.5233,15621.0
2026-06-02 05:00:00,53.5231,53.57569,53.50282,53.55344,16629.0
2026-06-02 09:00:00,53.55342,53.562,53.48873,53.51468,8974.0
2026-06-03 01:00:00,53.4373,53.4676,53.37964,53.39369,14017.0
2026-06-03 05:00:00,53.39389,53.46082,53.3397,53.3578,20745.0
2026-06-03 09:00:00,53.3592,53.41215,53.33186,53.4113,13099.0
2026-06-04 01:00:00,53.50825,53.53775,53.4615,53.53085,9047.0
2026-06-04 05:00:00,53.53035,53.67872,53.52995,53.63745,20840.0
2026-06-04 09:00:00,53.6371,53.6502,53.59415,53.60015,6090.0
2026-06-05 01:00:00,53.5785,53.6905,53.56392,53.67501,16040.0
2026-06-05 05:00:00,53.67474,53.71036,53.44145,53.4427,27219.0
2026-06-05 09:00:00,53.44325,53.5021,53.27306,53.3131,39525.0
2026-06-08 01:00:00,53.15064,53.18774,53.09948,53.10147,24977.0
2026-06-08 05:00:00,53.1014,53.26258,53.06158,53.25522,27835.0
2026-06-08 09:00:00,53.25658,53.30841,53.2074,53.25612,5637.0
2026-06-09 01:00:00,53.2906,53.3263,53.25026,53.31566,18306.0
2026-06-09 05:00:00,53.3164,53.4249,53.31371,53.4184,19774.0
2026-06-09 09:00:00,53.41825,53.43904,53.34851,53.36614,15580.0
2026-06-10 01:00:00,53.34925,53.37265,53.3177,53.3492,19581.0
2026-06-10 05:00:00,53.3489,53.40022,53.26551,53.32478,34991.0
2026-06-10 09:00:00,53.32458,53.43855,53.32002,53.3417,23825.0
2026-06-11 01:00:00,53.42907,53.46522,53.35147,53.35812,10584.0
2026-06-11 05:00:00,53.35814,53.4137,53.28744,53.39761,23685.0
2026-06-11 09:00:00,53.39692,53.40101,53.28194,53.30007,9977.0
2026-06-12 01:00:00,53.5093,53.64011,53.50922,53.59802,14974.0
2026-06-12 05:00:00,53.59836,53.6549,53.52625,53.54134,34044.0
2026-06-12 09:00:00,53.5414,53.61418,53.53368,53.58681,28296.0
2026-06-15 01:00:00,53.78634,53.7926,53.71098,53.73268,21396.0
2026-06-15 05:00:00,53.73284,53.81891,53.72871,53.79942,22122.0
2026-06-15 09:00:00,53.79888,53.82224,53.75416,53.77019,5194.0
2026-06-16 01:00:00,53.63705,53.78094,53.63326,53.77632,16696.0
2026-06-16 05:00:00,53.77702,53.80882,53.71008,53.748,21807.0
2026-06-16 09:00:00,53.7463,53.78788,53.69308,53.78054,5575.0
2026-06-17 01:00:00,53.95475,53.96395,53.88326,53.90262,14725.0
2026-06-17 05:00:00,53.90216,53.9227,53.82436,53.9004,19532.0
2026-06-17 09:00:00,53.89956,53.90326,53.80075,53.8403,18345.0
2026-06-18 01:00:00,53.46097,53.544,53.32946,53.33204,25788.0
2026-06-18 05:00:00,53.33279,53.3467,53.1957,53.27046,41028.0
2026-06-18 09:00:00,53.27042,53.35278,53.24071,53.34519,7772.0
2026-06-19 01:00:00,53.13332,53.2935,53.12182,53.28557,19159.0
2026-06-19 05:00:00,53.28435,53.33614,53.23112,53.31712,23955.0
2026-06-19 09:00:00,53.3171,53.32442,53.2513,53.30026,14107.0
2026-06-22 01:00:00,53.25475,53.30107,53.19951,53.24246,23197.0
2026-06-22 05:00:00,53.2434,53.30164,53.22621,53.26048,26776.0
2026-06-22 09:00:00,53.26066,53.26175,53.12525,53.2131,18773.0
2026-06-23 01:00:00,53.1294,53.20583,53.04548,53.0615,12596.0
2026-06-23 05:00:00,53.06074,53.08232,52.94186,52.97264,10288.0
2026-06-23 09:00:00,52.97243,53.02356,52.91006,52.93727,6696.0
2026-06-24 01:00:00,52.89555,52.9281,52.75634,52.824,16186.0
2026-06-24 05:00:00,52.82352,52.82897,52.69747,52.71602,17517.0
2026-06-24 09:00:00,52.71595,52.82256,52.6957,52.7722,25153.0
2026-06-25 01:00:00,52.96018,53.01948,52.88924,52.9973,18384.0
2026-06-25 05:00:00,52.99738,53.02876,52.84088,52.93518,29831.0
2026-06-25 09:00:00,52.93518,53.0747,52.91519,53.03584,34466.0
2026-06-26 01:00:00,53.09365,53.22866,53.0592,53.19886,25699.0
2026-06-26 05:00:00,53.19924,53.35203,53.1641,53.3205,34999.0
2026-06-26 09:00:00,53.32078,53.3322,53.16286,53.16401,30028.0
2026-06-29 01:00:00,53.18869,53.28279,53.17593,53.19122,22939.0
2026-06-29 05:00:00,53.1916,53.2609,53.18446,53.21528,32502.0
2026-06-29 09:00:00,53.21629,53.3055,53.20402,53.29992,13140.0
2026-06-30 01:00:00,53.1521,53.27352,53.1449,53.20123,22028.0
2026-06-30 05:00:00,53.20115,53.24468,53.16767,53.21337,24192.0
2026-06-30 09:00:00,53.21344,53.39016,53.18778,53.38186,8707.0
2026-07-01 01:00:00,53.27925,53.2929,53.21754,53.2243,15089.0
2026-07-01 05:00:00,53.22168,53.24686,53.10085,53.10938,8228.0
2026-07-01 09:00:00,53.11014,53.29456,53.06523,53.21154,12236.0
2026-07-02 01:00:00,53.28016,53.4515,53.27966,53.44795,27936.0
2026-07-02 05:00:00,53.448,53.6934,53.33214,53.59206,44383.0
2026-07-02 09:00:00,53.59246,53.62449,53.50935,53.55533,37531.0
2026-07-03 01:00:00,53.6252,53.68876,53.61803,53.64209,21704.0
2026-07-03 05:00:00,53.6421,53.66241,53.5841,53.61387,20179.0
