Timestamp,Open,High,Low,Close,Volume
2026-07-02 20:11:00,1.14214,1.1422,1.1421,1.14218,61.0
2026-07-02 20:12:00,1.14217,1.14226,1.14217,1.14222,52.0
2026-07-02 20:13:00,1.14222,1.14231,1.1422,1.1423,81.0
2026-07-02 20:14:00,1.14229,1.14232,1.14214,1.14221,103.0
2026-07-02 20:15:00,1.1422,1.14224,1.1422,1.1422,67.0
2026-07-02 20:16:00,1.14221,1.14222,1.14208,1.14212,78.0
2026-07-02 20:17:00,1.14213,1.14214,1.14207,1.14208,53.0
2026-07-02 20:18:00,1.14207,1.14221,1.14207,1.14219,45.0
2026-07-02 20:19:00,1.14218,1.14227,1.14217,1.14227,56.0
2026-07-02 20:20:00,1.14228,1.14232,1.14224,1.14228,81.0
2026-07-02 20:21:00,1.14228,1.1423,1.1422,1.14224,60.0
2026-07-02 20:22:00,1.14223,1.14224,1.14215,1.14218,51.0
2026-07-02 20:23:00,1.14219,1.14228,1.14218,1.14228,51.0
2026-07-02 20:24:00,1.14228,1.14228,1.14228,1.14228,16.0
2026-07-02 20:25:00,1.14228,1.14231,1.14226,1.14231,58.0
2026-07-02 20:26:00,1.1423,1.14236,1.14226,1.14226,63.0
2026-07-02 20:27:00,1.14226,1.14228,1.1422,1.1422,47.0
2026-07-02 20:28:00,1.1422,1.14223,1.14218,1.1422,55.0
2026-07-02 20:29:00,1.1422,1.14228,1.14218,1.1422,50.0
2026-07-02 20:30:00,1.1422,1.14223,1.14208,1.14209,85.0
2026-07-02 20:31:00,1.1421,1.1422,1.1421,1.14216,92.0
2026-07-02 20:32:00,1.14216,1.14219,1.14213,1.14214,51.0
2026-07-02 20:33:00,1.14216,1.14217,1.14208,1.14216,92.0
2026-07-02 20:34:00,1.14216,1.14216,1.1421,1.1421,29.0
2026-07-02 20:35:00,1.14211,1.14222,1.1421,1.14222,101.0
2026-07-02 20:36:00,1.14221,1.14222,1.14215,1.1422,83.0
2026-07-02 20:37:00,1.1422,1.14221,1.14214,1.14216,76.0
2026-07-02 20:38:00,1.14218,1.14222,1.14217,1.14222,70.0
2026-07-02 20:39:00,1.14221,1.14221,1.14216,1.14216,94.0
2026-07-02 20:40:00,1.14216,1.14219,1.14214,1.14216,41.0
2026-07-02 20:41:00,1.14216,1.14219,1.14214,1.14216,30.0
2026-07-02 20:42:00,1.14214,1.14217,1.14213,1.14216,67.0
2026-07-02 20:43:00,1.14217,1.14217,1.1421,1.14214,66.0
2026-07-02 20:44:00,1.14214,1.14222,1.14214,1.14222,50.0
2026-07-02 20:45:00,1.14224,1.14228,1.1422,1.14222,68.0
2026-07-02 20:46:00,1.14224,1.14238,1.14222,1.14236,55.0
2026-07-02 20:47:00,1.14237,1.14239,1.14236,1.14237,46.0
2026-07-02 20:48:00,1.14236,1.14239,1.14236,1.14238,37.0
2026-07-02 20:49:00,1.14238,1.14246,1.14237,1.1424,66.0
2026-07-02 20:50:00,1.14238,1.14244,1.14235,1.14242,35.0
2026-07-02 20:51:00,1.14241,1.14248,1.1424,1.14248,60.0
2026-07-02 20:52:00,1.14249,1.14252,1.14242,1.14246,54.0
2026-07-02 20:53:00,1.14246,1.14258,1.14245,1.14254,73.0
2026-07-02 20:54:00,1.14254,1.1428,1.14254,1.1428,126.0
2026-07-02 20:55:00,1.14278,1.14278,1.1426,1.1426,93.0
2026-07-02 20:56:00,1.14262,1.14272,1.14262,1.14272,87.0
2026-07-02 20:57:00,1.14272,1.1429,1.14266,1.1429,120.0
2026-07-02 20:58:00,1.14289,1.14302,1.14288,1.14302,70.0
2026-07-02 20:59:00,1.14302,1.14309,1.14302,1.14307,76.0
2026-07-02 21:00:00,1.14308,1.14318,1.14302,1.14309,161.0
2026-07-02 21:01:00,1.1431,1.14315,1.14302,1.14314,121.0
2026-07-02 21:02:00,1.14314,1.14322,1.1431,1.14316,106.0
2026-07-02 21:03:00,1.14317,1.14336,1.14316,1.14336,112.0
2026-07-02 21:04:00,1.14336,1.1434,1.14331,1.14335,91.0
2026-07-02 21:05:00,1.14334,1.14336,1.14321,1.14326,139.0
2026-07-02 21:06:00,1.14325,1.14326,1.14314,1.14322,106.0
2026-07-02 21:07:00,1.14322,1.14322,1.14304,1.14315,125.0
2026-07-02 21:08:00,1.14314,1.14336,1.14314,1.14336,138.0
2026-07-02 21:09:00,1.14335,1.1434,1.1433,1.1433,112.0
2026-07-02 21:10:00,1.14331,1.14336,1.14328,1.14336,69.0
2026-07-02 21:11:00,1.14336,1.14361,1.14336,1.1435,160.0
2026-07-02 21:12:00,1.1435,1.14358,1.14344,1.14358,98.0
2026-07-02 21:13:00,1.14357,1.14372,1.14356,1.14364,168.0
2026-07-02 21:14:00,1.14363,1.14374,1.14355,1.14374,192.0
2026-07-02 21:15:00,1.14374,1.14394,1.1437,1.1439,171.0
2026-07-02 21:16:00,1.1439,1.1439,1.14375,1.14378,113.0
2026-07-02 21:17:00,1.1438,1.14392,1.14377,1.14389,77.0
2026-07-02 21:18:00,1.1439,1.14408,1.1439,1.14406,110.0
2026-07-02 21:19:00,1.14404,1.14422,1.144,1.1442,166.0
2026-07-02 21:20:00,1.14421,1.14435,1.14416,1.14426,207.0
2026-07-02 21:21:00,1.14425,1.14432,1.14416,1.14426,124.0
2026-07-02 21:22:00,1.14426,1.14435,1.14426,1.14434,67.0
2026-07-02 21:23:00,1.14432,1.14432,1.14424,1.1443,140.0
2026-07-02 21:24:00,1.1443,1.14448,1.14428,1.14441,114.0
2026-07-02 21:25:00,1.1444,1.14442,1.1442,1.1442,136.0
2026-07-02 21:26:00,1.14419,1.14422,1.14402,1.14406,157.0
2026-07-02 21:27:00,1.14408,1.1441,1.14398,1.144,120.0
2026-07-02 21:28:00,1.144,1.14409,1.14399,1.14406,104.0
2026-07-02 21:29:00,1.14405,1.14406,1.14394,1.14396,142.0
2026-07-02 21:30:00,1.14395,1.144,1.14385,1.14389,53.0
2026-07-02 21:31:00,1.14391,1.14397,1.1438,1.14389,94.0
2026-07-02 21:32:00,1.14391,1.14401,1.1439,1.144,76.0
2026-07-02 21:33:00,1.14398,1.1441,1.14394,1.14406,99.0
2026-07-02 21:34:00,1.14406,1.1442,1.14404,1.1442,73.0
2026-07-02 21:35:00,1.14422,1.1443,1.14413,1.14414,95.0
2026-07-02 21:36:00,1.14415,1.14415,1.14394,1.14394,106.0
2026-07-02 21:37:00,1.14395,1.14396,1.14383,1.14387,88.0
2026-07-02 21:38:00,1.14386,1.14396,1.14384,1.1439,78.0
2026-07-02 21:39:00,1.1439,1.14398,1.14389,1.1439,67.0
2026-07-02 21:40:00,1.14391,1.14397,1.14389,1.14394,64.0
2026-07-02 21:41:00,1.14394,1.14404,1.14393,1.14396,99.0
2026-07-02 21:42:00,1.14396,1.14399,1.14393,1.14398,70.0
2026-07-02 21:43:00,1.14397,1.14404,1.14394,1.14404,55.0
2026-07-02 21:44:00,1.14404,1.14414,1.14404,1.1441,70.0
2026-07-02 21:45:00,1.1441,1.1441,1.14391,1.14396,70.0
2026-07-02 21:46:00,1.14395,1.14396,1.14389,1.14394,39.0
2026-07-02 21:47:00,1.14394,1.14394,1.14385,1.14385,47.0
2026-07-02 21:48:00,1.14384,1.14384,1.14374,1.14382,84.0
2026-07-02 21:49:00,1.14383,1.14386,1.14378,1.14382,108.0
2026-07-02 21:50:00,1.14382,1.14384,1.14374,1.1438,86.0
2026-07-02 21:51:00,1.1438,1.1438,1.14369,1.14369,58.0
2026-07-02 21:52:00,1.14368,1.14375,1.14364,1.14372,73.0
2026-07-02 21:53:00,1.14373,1.14375,1.1437,1.1437,61.0
2026-07-02 21:54:00,1.1437,1.1438,1.14368,1.1438,86.0
2026-07-02 21:55:00,1.14378,1.14386,1.14376,1.1438,82.0
2026-07-02 21:56:00,1.1438,1.14384,1.14374,1.14375,91.0
2026-07-02 21:57:00,1.14374,1.14376,1.14368,1.14368,58.0
2026-07-02 21:58:00,1.14368,1.14373,1.14364,1.1437,68.0
2026-07-02 21:59:00,1.14368,1.14374,1.14367,1.1437,43.0
2026-07-02 22:00:00,1.1437,1.14376,1.14368,1.14374,92.0
2026-07-02 22:01:00,1.14374,1.14375,1.14364,1.1437,105.0
2026-07-02 22:02:00,1.14369,1.1437,1.1436,1.1436,51.0
2026-07-02 22:03:00,1.1436,1.14375,1.1436,1.14374,70.0
2026-07-02 22:04:00,1.14375,1.14375,1.14364,1.14365,64.0
2026-07-02 22:05:00,1.14365,1.1438,1.14365,1.14365,57.0
2026-07-02 22:06:00,1.14366,1.14384,1.14364,1.14384,60.0
2026-07-02 22:07:00,1.14386,1.1441,1.14386,1.1441,76.0
2026-07-02 22:08:00,1.1441,1.14414,1.14404,1.14405,62.0
2026-07-02 22:09:00,1.14404,1.14416,1.14404,1.14414,43.0
2026-07-02 22:10:00,1.14416,1.14424,1.1441,1.1441,87.0
2026-07-02 22:11:00,1.1441,1.1442,1.14409,1.14419,75.0
2026-07-02 22:12:00,1.14417,1.1442,1.14416,1.14416,44.0
2026-07-02 22:13:00,1.14416,1.14416,1.14402,1.14408,54.0
2026-07-02 22:14:00,1.14406,1.14408,1.14404,1.14406,63.0
2026-07-02 22:15:00,1.14406,1.14413,1.14406,1.14413,31.0
2026-07-02 22:16:00,1.14414,1.14414,1.1441,1.14412,22.0
2026-07-02 22:17:00,1.14413,1.14418,1.14413,1.14418,17.0
2026-07-02 22:18:00,1.14417,1.14432,1.14417,1.1443,59.0
2026-07-02 22:19:00,1.14431,1.14433,1.14419,1.14419,63.0
2026-07-02 22:20:00,1.1442,1.14422,1.14415,1.14417,47.0
2026-07-02 22:21:00,1.14418,1.14421,1.14412,1.1442,78.0
2026-07-02 22:22:00,1.14422,1.14426,1.14419,1.14426,52.0
2026-07-02 22:23:00,1.14426,1.14434,1.14426,1.14434,47.0
2026-07-02 22:24:00,1.14434,1.14434,1.14428,1.14431,43.0
2026-07-02 22:25:00,1.1443,1.1443,1.14421,1.14421,53.0
2026-07-02 22:26:00,1.1442,1.14422,1.14418,1.14419,60.0
2026-07-02 22:27:00,1.1442,1.14427,1.14419,1.14425,37.0
2026-07-02 22:28:00,1.14424,1.14446,1.14424,1.14442,65.0
2026-07-02 22:29:00,1.1444,1.14442,1.14434,1.14442,59.0
2026-07-02 22:30:00,1.14442,1.14448,1.14436,1.14442,74.0
2026-07-02 22:31:00,1.14444,1.14446,1.14444,1.14444,26.0
2026-07-02 22:32:00,1.14444,1.14444,1.14429,1.1443,77.0
2026-07-02 22:33:00,1.14427,1.14427,1.14421,1.14424,38.0
2026-07-02 22:34:00,1.14423,1.14424,1.14416,1.14417,52.0
2026-07-02 22:35:00,1.14416,1.14421,1.14414,1.14416,50.0
2026-07-02 22:36:00,1.14416,1.14421,1.14414,1.1442,44.0
2026-07-02 22:37:00,1.1442,1.14425,1.14418,1.14424,46.0
2026-07-02 22:38:00,1.14424,1.14428,1.14422,1.14428,53.0
2026-07-02 22:39:00,1.14428,1.14437,1.14428,1.14434,47.0
2026-07-02 22:40:00,1.14434,1.14434,1.14428,1.1443,42.0
2026-07-02 22:41:00,1.1443,1.14441,1.1443,1.14441,56.0
2026-07-02 22:42:00,1.14442,1.14442,1.14428,1.14428,54.0
2026-07-02 22:43:00,1.14428,1.1443,1.14419,1.14422,52.0
2026-07-02 22:44:00,1.14421,1.14438,1.14421,1.14434,62.0
2026-07-02 22:45:00,1.14436,1.14438,1.14432,1.14432,50.0
2026-07-02 22:46:00,1.1443,1.14431,1.14419,1.1442,62.0
2026-07-02 22:47:00,1.1442,1.14428,1.14418,1.14426,46.0
2026-07-02 22:48:00,1.14426,1.14428,1.14419,1.1442,48.0
2026-07-02 22:49:00,1.1442,1.14421,1.14416,1.14418,50.0
2026-07-02 22:50:00,1.14418,1.1443,1.14418,1.1443,27.0
2026-07-02 22:51:00,1.1443,1.14434,1.14424,1.1443,32.0
2026-07-02 22:52:00,1.14428,1.14434,1.14428,1.14433,11.0
2026-07-02 22:53:00,1.14434,1.14435,1.1443,1.1443,35.0
2026-07-02 22:54:00,1.14431,1.14432,1.14423,1.14426,34.0
2026-07-02 22:55:00,1.14425,1.14431,1.14413,1.14414,60.0
2026-07-02 22:56:00,1.14412,1.14412,1.14404,1.14405,58.0
2026-07-02 22:57:00,1.14404,1.14405,1.14401,1.14402,44.0
2026-07-02 22:58:00,1.14402,1.14403,1.14393,1.14394,51.0
2026-07-02 22:59:00,1.14395,1.14399,1.14389,1.14399,44.0
2026-07-02 23:00:00,1.14398,1.14402,1.14394,1.14394,68.0
2026-07-02 23:01:00,1.14392,1.14399,1.14389,1.14399,39.0
2026-07-02 23:02:00,1.14398,1.14402,1.14395,1.144,22.0
2026-07-02 23:03:00,1.14402,1.14405,1.14388,1.14389,28.0
2026-07-02 23:04:00,1.14391,1.14392,1.1439,1.1439,24.0
2026-07-02 23:05:00,1.1439,1.1439,1.14383,1.14388,46.0
2026-07-02 23:06:00,1.1439,1.14392,1.14388,1.14388,14.0
2026-07-02 23:07:00,1.14386,1.14387,1.14379,1.14383,61.0
2026-07-02 23:08:00,1.14384,1.14384,1.1438,1.14382,44.0
2026-07-02 23:09:00,1.14382,1.14384,1.1438,1.1438,40.0
2026-07-02 23:10:00,1.1438,1.14382,1.14378,1.1438,46.0
2026-07-02 23:11:00,1.1438,1.14382,1.1438,1.1438,16.0
2026-07-02 23:12:00,1.1438,1.14382,1.14379,1.14382,17.0
2026-07-02 23:13:00,1.14382,1.14386,1.14382,1.14386,24.0
2026-07-02 23:14:00,1.14386,1.144,1.14384,1.144,64.0
2026-07-02 23:15:00,1.144,1.14402,1.14392,1.14392,46.0
2026-07-02 23:16:00,1.14392,1.14394,1.14388,1.14389,54.0
2026-07-02 23:17:00,1.1439,1.1439,1.14387,1.1439,33.0
2026-07-02 23:18:00,1.1439,1.14391,1.14388,1.1439,42.0
2026-07-02 23:19:00,1.1439,1.14392,1.14388,1.14389,34.0
2026-07-02 23:20:00,1.1439,1.1439,1.14385,1.14386,29.0
2026-07-02 23:21:00,1.14387,1.14395,1.14385,1.14386,50.0
2026-07-02 23:22:00,1.14384,1.14387,1.1438,1.1438,39.0
2026-07-02 23:23:00,1.1438,1.1438,1.14379,1.1438,14.0
2026-07-02 23:24:00,1.14379,1.14382,1.14379,1.1438,12.0
2026-07-02 23:25:00,1.14381,1.14384,1.14375,1.14378,56.0
2026-07-02 23:26:00,1.14379,1.1438,1.14369,1.14373,35.0
2026-07-02 23:27:00,1.14374,1.14388,1.14374,1.14386,77.0
2026-07-02 23:28:00,1.14386,1.14387,1.14385,1.14385,25.0
2026-07-02 23:29:00,1.14386,1.1439,1.14385,1.1439,19.0
2026-07-02 23:30:00,1.1439,1.1439,1.14383,1.14384,43.0
2026-07-02 23:31:00,1.14384,1.14384,1.14376,1.14382,48.0
2026-07-02 23:32:00,1.14382,1.14382,1.14374,1.14376,44.0
2026-07-02 23:33:00,1.14376,1.14392,1.14376,1.1439,54.0
2026-07-02 23:34:00,1.1439,1.14393,1.14388,1.14388,37.0
2026-07-02 23:35:00,1.14388,1.14402,1.14388,1.14401,45.0
2026-07-02 23:36:00,1.14401,1.14407,1.144,1.14401,60.0
2026-07-02 23:37:00,1.14402,1.14405,1.14398,1.14404,65.0
2026-07-02 23:38:00,1.14404,1.14404,1.14398,1.14398,18.0
2026-07-02 23:39:00,1.14396,1.144,1.14394,1.14396,40.0
2026-07-02 23:40:00,1.14396,1.1441,1.14394,1.1441,49.0
2026-07-02 23:41:00,1.14408,1.14408,1.14402,1.14403,36.0
2026-07-02 23:42:00,1.14404,1.14405,1.14402,1.14405,24.0
2026-07-02 23:43:00,1.14406,1.14406,1.14399,1.14399,32.0
2026-07-02 23:44:00,1.14398,1.14399,1.14397,1.14397,7.0
2026-07-02 23:45:00,1.14398,1.14398,1.14391,1.14398,28.0
2026-07-02 23:46:00,1.14398,1.14403,1.14397,1.14397,43.0
2026-07-02 23:47:00,1.14398,1.14398,1.14398,1.14398,21.0
2026-07-02 23:48:00,1.14398,1.14404,1.14395,1.14398,46.0
2026-07-02 23:49:00,1.14398,1.14402,1.14393,1.144,35.0
2026-07-02 23:50:00,1.14401,1.14402,1.14394,1.14398,37.0
2026-07-02 23:51:00,1.14398,1.1441,1.14398,1.14408,65.0
2026-07-02 23:52:00,1.14408,1.1441,1.14408,1.14409,40.0
2026-07-02 23:53:00,1.1441,1.1441,1.14404,1.14404,48.0
2026-07-02 23:54:00,1.14406,1.14407,1.14401,1.14401,37.0
2026-07-02 23:55:00,1.14402,1.14414,1.14401,1.14414,35.0
2026-07-02 23:56:00,1.14416,1.14416,1.14403,1.14406,58.0
2026-07-02 23:57:00,1.14407,1.1441,1.14406,1.1441,17.0
2026-07-02 23:58:00,1.14408,1.14412,1.14406,1.14409,40.0
2026-07-02 23:59:00,1.1441,1.14412,1.14409,1.1441,26.0
2026-07-03 00:00:00,1.14412,1.14412,1.14404,1.14408,60.0
2026-07-03 00:01:00,1.14408,1.1441,1.14406,1.14406,46.0
2026-07-03 00:02:00,1.14402,1.14402,1.14392,1.14396,41.0
2026-07-03 00:03:00,1.14396,1.14396,1.14396,1.14396,18.0
2026-07-03 00:04:00,1.14397,1.144,1.14396,1.14397,40.0
2026-07-03 00:05:00,1.14396,1.14403,1.14394,1.14402,38.0
2026-07-03 00:06:00,1.14403,1.14408,1.14402,1.14408,22.0
2026-07-03 00:07:00,1.1441,1.14411,1.14406,1.14406,19.0
2026-07-03 00:08:00,1.14406,1.14406,1.14406,1.14406,5.0
2026-07-03 00:09:00,1.14406,1.14407,1.144,1.14407,32.0
2026-07-03 00:10:00,1.14406,1.14406,1.14402,1.14405,13.0
2026-07-03 00:11:00,1.14405,1.14407,1.14403,1.14406,22.0
2026-07-03 00:12:00,1.14407,1.14407,1.14406,1.14407,7.0
2026-07-03 00:13:00,1.14408,1.14408,1.14408,1.14408,6.0
2026-07-03 00:14:00,1.14408,1.14426,1.14408,1.14424,41.0
2026-07-03 00:15:00,1.14424,1.14432,1.14423,1.14428,64.0
2026-07-03 00:16:00,1.14428,1.14429,1.14423,1.14424,21.0
2026-07-03 00:17:00,1.14423,1.14431,1.14422,1.14428,27.0
2026-07-03 00:18:00,1.14428,1.14428,1.14426,1.14428,19.0
2026-07-03 00:19:00,1.14428,1.1443,1.14428,1.14429,10.0
2026-07-03 00:20:00,1.14428,1.1443,1.14426,1.14429,35.0
2026-07-03 00:21:00,1.14428,1.1443,1.14424,1.14425,25.0
2026-07-03 00:22:00,1.14424,1.14426,1.14422,1.14424,20.0
2026-07-03 00:23:00,1.14426,1.14427,1.14422,1.14424,26.0
2026-07-03 00:24:00,1.14424,1.14424,1.14418,1.14418,19.0
2026-07-03 00:25:00,1.14418,1.14424,1.14418,1.14423,27.0
2026-07-03 00:26:00,1.14424,1.14427,1.14424,1.14427,7.0
2026-07-03 00:27:00,1.14428,1.14428,1.14426,1.14428,21.0
2026-07-03 00:28:00,1.14428,1.14429,1.14424,1.14424,31.0
2026-07-03 00:29:00,1.14424,1.14424,1.14422,1.14422,6.0
2026-07-03 00:30:00,1.14422,1.14424,1.14422,1.14424,18.0
2026-07-03 00:31:00,1.14423,1.14423,1.14422,1.14422,13.0
2026-07-03 00:32:00,1.14422,1.14424,1.14417,1.1442,36.0
2026-07-03 00:33:00,1.14421,1.14422,1.14418,1.14422,24.0
2026-07-03 00:34:00,1.14422,1.14426,1.14422,1.14423,29.0
2026-07-03 00:35:00,1.14424,1.1443,1.14423,1.1443,20.0
2026-07-03 00:36:00,1.1443,1.14438,1.1443,1.14438,40.0
2026-07-03 00:37:00,1.14437,1.14438,1.14432,1.14438,32.0
2026-07-03 00:38:00,1.14438,1.14438,1.14437,1.14438,27.0
2026-07-03 00:39:00,1.14437,1.14438,1.14437,1.14438,23.0
2026-07-03 00:40:00,1.1444,1.14446,1.1444,1.1444,29.0
2026-07-03 00:41:00,1.1444,1.14445,1.1444,1.14444,41.0
2026-07-03 00:42:00,1.14443,1.14453,1.14443,1.14453,34.0
2026-07-03 00:43:00,1.14452,1.14455,1.14449,1.1445,57.0
2026-07-03 00:44:00,1.1445,1.14454,1.14448,1.14449,45.0
2026-07-03 00:45:00,1.1445,1.14454,1.14448,1.14454,58.0
2026-07-03 00:46:00,1.14454,1.14455,1.1445,1.14454,67.0
2026-07-03 00:47:00,1.14455,1.14455,1.14452,1.14454,24.0
2026-07-03 00:48:00,1.14454,1.14454,1.14444,1.14445,26.0
2026-07-03 00:49:00,1.14445,1.1445,1.14445,1.14446,21.0
2026-07-03 00:50:00,1.14444,1.14452,1.14444,1.14451,49.0
2026-07-03 00:51:00,1.1445,1.1445,1.14446,1.14447,25.0
2026-07-03 00:52:00,1.14449,1.14452,1.14449,1.14452,13.0
2026-07-03 00:53:00,1.14454,1.14454,1.14453,1.14454,28.0
2026-07-03 00:54:00,1.14454,1.14455,1.14446,1.14446,41.0
2026-07-03 00:55:00,1.14444,1.14446,1.1444,1.14446,16.0
2026-07-03 00:56:00,1.14446,1.14446,1.14446,1.14446,3.0
2026-07-03 00:57:00,1.14446,1.14447,1.14446,1.14447,2.0
2026-07-03 00:58:00,1.14448,1.14454,1.14448,1.14454,35.0
2026-07-03 00:59:00,1.14454,1.14462,1.14454,1.14462,37.0
2026-07-03 01:00:00,1.14462,1.14474,1.14457,1.1447,86.0
2026-07-03 01:01:00,1.14469,1.14474,1.14469,1.14472,30.0
2026-07-03 01:02:00,1.14472,1.14476,1.14472,1.14474,42.0
2026-07-03 01:03:00,1.14473,1.14493,1.14473,1.14492,86.0
2026-07-03 01:04:00,1.14492,1.14501,1.14489,1.14492,74.0
2026-07-03 01:05:00,1.14492,1.14495,1.1449,1.14494,30.0
2026-07-03 01:06:00,1.14494,1.14515,1.14494,1.14514,67.0
2026-07-03 01:07:00,1.14514,1.14526,1.14514,1.14524,73.0
2026-07-03 01:08:00,1.14528,1.14529,1.14514,1.14524,96.0
2026-07-03 01:09:00,1.14524,1.14536,1.14512,1.14515,105.0
2026-07-03 01:10:00,1.14514,1.14515,1.14495,1.14507,130.0
2026-07-03 01:11:00,1.14505,1.14506,1.14496,1.14505,67.0
2026-07-03 01:12:00,1.14506,1.14515,1.14504,1.14514,44.0
2026-07-03 01:13:00,1.14514,1.14521,1.14511,1.14521,67.0
2026-07-03 01:14:00,1.1452,1.14526,1.1452,1.14525,71.0
2026-07-03 01:15:00,1.14524,1.14541,1.14524,1.1454,60.0
2026-07-03 01:16:00,1.14539,1.1455,1.14535,1.14538,58.0
2026-07-03 01:17:00,1.14538,1.14539,1.14528,1.1453,48.0
2026-07-03 01:18:00,1.1453,1.14535,1.14529,1.14529,87.0
2026-07-03 01:19:00,1.1453,1.14534,1.14529,1.14532,44.0
2026-07-03 01:20:00,1.14533,1.14533,1.14514,1.14519,56.0
2026-07-03 01:21:00,1.14518,1.14525,1.14513,1.14513,55.0
2026-07-03 01:22:00,1.14514,1.14514,1.14507,1.14508,74.0
2026-07-03 01:23:00,1.1451,1.14514,1.14507,1.14508,64.0
2026-07-03 01:24:00,1.14508,1.14519,1.14505,1.14516,51.0
2026-07-03 01:25:00,1.14516,1.14519,1.14515,1.14518,32.0
2026-07-03 01:26:00,1.14518,1.1452,1.14514,1.1452,28.0
2026-07-03 01:27:00,1.14521,1.14522,1.14514,1.14514,63.0
2026-07-03 01:28:00,1.14514,1.14522,1.14514,1.14521,26.0
2026-07-03 01:29:00,1.14522,1.14522,1.14518,1.1452,45.0
2026-07-03 01:30:00,1.1452,1.1453,1.14519,1.14526,69.0
2026-07-03 01:31:00,1.14528,1.1453,1.14525,1.14529,33.0
2026-07-03 01:32:00,1.14527,1.14532,1.14525,1.14532,48.0
2026-07-03 01:33:00,1.14532,1.14532,1.14529,1.1453,30.0
2026-07-03 01:34:00,1.1453,1.1453,1.14524,1.14529,34.0
2026-07-03 01:35:00,1.1453,1.14534,1.14528,1.14528,35.0
2026-07-03 01:36:00,1.1453,1.1453,1.14524,1.14525,49.0
2026-07-03 01:37:00,1.14524,1.14538,1.14524,1.14535,37.0
2026-07-03 01:38:00,1.14534,1.14534,1.14516,1.14517,43.0
2026-07-03 01:39:00,1.14516,1.1452,1.1451,1.1451,51.0
2026-07-03 01:40:00,1.1451,1.14512,1.1451,1.1451,25.0
2026-07-03 01:41:00,1.1451,1.1451,1.14504,1.14506,75.0
2026-07-03 01:42:00,1.14505,1.14522,1.14501,1.1452,91.0
2026-07-03 01:43:00,1.14521,1.14524,1.14514,1.14518,71.0
2026-07-03 01:44:00,1.14518,1.14526,1.14517,1.14526,66.0
2026-07-03 01:45:00,1.14526,1.14528,1.1452,1.14524,69.0
2026-07-03 01:46:00,1.14522,1.14524,1.14519,1.14522,32.0
2026-07-03 01:47:00,1.14521,1.14526,1.14521,1.14524,20.0
2026-07-03 01:48:00,1.14522,1.14522,1.14518,1.1452,52.0
2026-07-03 01:49:00,1.14519,1.14524,1.14519,1.14524,22.0
2026-07-03 01:50:00,1.14524,1.1453,1.14524,1.14524,50.0
2026-07-03 01:51:00,1.14523,1.14524,1.14514,1.14524,37.0
2026-07-03 01:52:00,1.14524,1.14535,1.14524,1.14535,39.0
2026-07-03 01:53:00,1.14534,1.1454,1.1453,1.14539,46.0
2026-07-03 01:54:00,1.1454,1.1454,1.1453,1.14537,35.0
2026-07-03 01:55:00,1.14536,1.14536,1.14504,1.14504,108.0
2026-07-03 01:56:00,1.14505,1.14506,1.14496,1.14499,73.0
2026-07-03 01:57:00,1.14499,1.14499,1.14484,1.14493,72.0
2026-07-03 01:58:00,1.14492,1.14492,1.14467,1.14481,166.0
2026-07-03 01:59:00,1.1448,1.14491,1.14475,1.14488,83.0
2026-07-03 02:00:00,1.14488,1.14497,1.14483,1.14496,114.0
2026-07-03 02:01:00,1.14496,1.14496,1.14487,1.1449,57.0
2026-07-03 02:02:00,1.14488,1.14496,1.14484,1.14488,74.0
2026-07-03 02:03:00,1.14488,1.1451,1.14484,1.14504,134.0
2026-07-03 02:04:00,1.14506,1.14506,1.14496,1.14498,101.0
2026-07-03 02:05:00,1.14497,1.14516,1.14497,1.14508,136.0
2026-07-03 02:06:00,1.14509,1.1453,1.14508,1.14512,149.0
2026-07-03 02:07:00,1.14514,1.14524,1.14511,1.14514,93.0
2026-07-03 02:08:00,1.14514,1.1452,1.1451,1.14518,84.0
2026-07-03 02:09:00,1.14518,1.1453,1.14518,1.14526,108.0
2026-07-03 02:10:00,1.14526,1.14526,1.14514,1.14514,71.0
2026-07-03 02:11:00,1.14514,1.14514,1.14505,1.14514,60.0
2026-07-03 02:12:00,1.14514,1.14514,1.14508,1.14511,36.0
2026-07-03 02:13:00,1.14512,1.14526,1.14508,1.14524,80.0
2026-07-03 02:14:00,1.14524,1.14542,1.14524,1.14542,103.0
2026-07-03 02:15:00,1.14542,1.14562,1.1454,1.1456,114.0
2026-07-03 02:16:00,1.1456,1.14572,1.1456,1.14572,135.0
2026-07-03 02:17:00,1.14571,1.1458,1.1457,1.14574,76.0
2026-07-03 02:18:00,1.14575,1.14581,1.14572,1.14574,57.0
2026-07-03 02:19:00,1.14575,1.14583,1.14575,1.1458,50.0
2026-07-03 02:20:00,1.14581,1.14582,1.14565,1.14566,84.0
2026-07-03 02:21:00,1.14564,1.14564,1.1455,1.1455,59.0
2026-07-03 02:22:00,1.1455,1.1455,1.14539,1.14548,150.0
2026-07-03 02:23:00,1.14548,1.14548,1.14516,1.1452,131.0
2026-07-03 02:24:00,1.1452,1.14526,1.14514,1.14514,66.0
2026-07-03 02:25:00,1.14514,1.14525,1.14514,1.14517,62.0
2026-07-03 02:26:00,1.14518,1.14532,1.14516,1.14529,97.0
2026-07-03 02:27:00,1.1453,1.14546,1.1453,1.14542,72.0
2026-07-03 02:28:00,1.14544,1.14552,1.1454,1.1454,76.0
2026-07-03 02:29:00,1.14541,1.14543,1.14517,1.14529,105.0
2026-07-03 02:30:00,1.14528,1.14548,1.14526,1.14548,82.0
2026-07-03 02:31:00,1.14548,1.14558,1.14542,1.14554,100.0
2026-07-03 02:32:00,1.14552,1.14556,1.1454,1.14544,133.0
2026-07-03 02:33:00,1.14544,1.1457,1.14544,1.1457,183.0
2026-07-03 02:34:00,1.1457,1.14618,1.14569,1.14604,544.0
2026-07-03 02:35:00,1.14604,1.14604,1.14592,1.14594,222.0
2026-07-03 02:36:00,1.14596,1.14603,1.1459,1.14594,166.0
2026-07-03 02:37:00,1.14594,1.146,1.14588,1.14599,156.0
2026-07-03 02:38:00,1.14598,1.14622,1.14596,1.14622,165.0
2026-07-03 02:39:00,1.14622,1.14622,1.14596,1.1461,171.0
2026-07-03 02:40:00,1.14607,1.14612,1.14592,1.14594,172.0
2026-07-03 02:41:00,1.14594,1.14604,1.14583,1.14601,142.0
2026-07-03 02:42:00,1.14602,1.14602,1.1458,1.14596,122.0
2026-07-03 02:43:00,1.14596,1.14596,1.14588,1.1459,96.0
2026-07-03 02:44:00,1.1459,1.14598,1.14585,1.14596,127.0
2026-07-03 02:45:00,1.14596,1.14598,1.1459,1.14598,84.0
2026-07-03 02:46:00,1.14598,1.14607,1.14594,1.14606,148.0
2026-07-03 02:47:00,1.14606,1.14608,1.14592,1.14596,126.0
2026-07-03 02:48:00,1.14596,1.14604,1.1459,1.14603,102.0
2026-07-03 02:49:00,1.14604,1.14604,1.14592,1.14592,73.0
2026-07-03 02:50:00,1.14593,1.14594,1.14578,1.14579,131.0
2026-07-03 02:51:00,1.14578,1.1458,1.14572,1.14578,74.0
2026-07-03 02:52:00,1.14577,1.14581,1.14566,1.14577,76.0
2026-07-03 02:53:00,1.14576,1.14578,1.14565,1.14566,71.0
2026-07-03 02:54:00,1.14565,1.14566,1.14558,1.14562,66.0
2026-07-03 02:55:00,1.14562,1.14562,1.14552,1.14552,54.0
2026-07-03 02:56:00,1.14552,1.14554,1.14535,1.14535,104.0
2026-07-03 02:57:00,1.14533,1.14534,1.14518,1.14526,106.0
2026-07-03 02:58:00,1.14526,1.14546,1.14525,1.14546,126.0
2026-07-03 02:59:00,1.14546,1.14546,1.14531,1.14542,75.0
2026-07-03 03:00:00,1.14542,1.14548,1.14524,1.14524,171.0
2026-07-03 03:01:00,1.14524,1.14542,1.14524,1.14536,147.0
2026-07-03 03:02:00,1.14536,1.1454,1.14524,1.14526,114.0
2026-07-03 03:03:00,1.14528,1.14537,1.14524,1.14534,119.0
2026-07-03 03:04:00,1.14536,1.14538,1.14526,1.14533,68.0
2026-07-03 03:05:00,1.14531,1.14537,1.14527,1.14536,84.0
2026-07-03 03:06:00,1.14536,1.14536,1.14526,1.1453,91.0
2026-07-03 03:07:00,1.1453,1.14534,1.14527,1.14528,52.0
2026-07-03 03:08:00,1.14527,1.14528,1.14523,1.14524,51.0
2026-07-03 03:09:00,1.14524,1.14538,1.14524,1.14537,138.0
2026-07-03 03:10:00,1.14538,1.14548,1.14532,1.14532,140.0
2026-07-03 03:11:00,1.14533,1.1454,1.14529,1.14537,117.0
2026-07-03 03:12:00,1.1454,1.14546,1.14535,1.14538,117.0
2026-07-03 03:13:00,1.14539,1.14542,1.1453,1.14542,47.0
2026-07-03 03:14:00,1.14542,1.14544,1.14538,1.1454,78.0
2026-07-03 03:15:00,1.14539,1.14539,1.14526,1.14528,52.0
2026-07-03 03:16:00,1.14526,1.1453,1.14522,1.14526,67.0
2026-07-03 03:17:00,1.14527,1.14532,1.14522,1.14526,62.0
2026-07-03 03:18:00,1.14526,1.14532,1.14524,1.14524,54.0
2026-07-03 03:19:00,1.14524,1.1453,1.14522,1.14522,64.0
2026-07-03 03:20:00,1.14522,1.14526,1.14521,1.14522,46.0
2026-07-03 03:21:00,1.14522,1.14528,1.14521,1.14523,37.0
2026-07-03 03:22:00,1.14522,1.14523,1.14513,1.14513,24.0
2026-07-03 03:23:00,1.14512,1.14526,1.1451,1.14526,66.0
2026-07-03 03:24:00,1.14527,1.14544,1.14524,1.14544,112.0
2026-07-03 03:25:00,1.14543,1.14553,1.14537,1.14544,87.0
2026-07-03 03:26:00,1.14542,1.1455,1.14536,1.14548,103.0
2026-07-03 03:27:00,1.14548,1.14568,1.14548,1.14562,128.0
2026-07-03 03:28:00,1.14562,1.14569,1.14555,1.14564,111.0
2026-07-03 03:29:00,1.14564,1.14565,1.14548,1.14556,111.0
2026-07-03 03:30:00,1.14556,1.14567,1.14552,1.14552,129.0
2026-07-03 03:31:00,1.14552,1.14552,1.14518,1.14525,139.0
2026-07-03 03:32:00,1.14526,1.14526,1.14512,1.14517,77.0
2026-07-03 03:33:00,1.14516,1.14517,1.14512,1.14516,40.0
2026-07-03 03:34:00,1.14516,1.14516,1.14495,1.14496,61.0
2026-07-03 03:35:00,1.14494,1.14516,1.1449,1.1451,71.0
2026-07-03 03:36:00,1.1451,1.14512,1.14501,1.14505,56.0
2026-07-03 03:37:00,1.14506,1.14506,1.14496,1.14498,61.0
2026-07-03 03:38:00,1.14498,1.14498,1.14484,1.14484,52.0
2026-07-03 03:39:00,1.14486,1.14502,1.14484,1.145,68.0
2026-07-03 03:40:00,1.145,1.14502,1.14476,1.14481,85.0
2026-07-03 03:41:00,1.14482,1.14492,1.1448,1.14492,75.0
2026-07-03 03:42:00,1.14488,1.14501,1.14484,1.14501,75.0
2026-07-03 03:43:00,1.14503,1.14516,1.14502,1.14512,111.0
2026-07-03 03:44:00,1.14512,1.1452,1.14506,1.14514,105.0
2026-07-03 03:45:00,1.14515,1.1452,1.14506,1.14516,65.0
2026-07-03 03:46:00,1.14518,1.1452,1.14516,1.1452,37.0
2026-07-03 03:47:00,1.1452,1.14532,1.14512,1.14531,103.0
2026-07-03 03:48:00,1.14532,1.14536,1.14529,1.14532,80.0
2026-07-03 03:49:00,1.14532,1.14536,1.14528,1.14536,87.0
2026-07-03 03:50:00,1.14538,1.14547,1.14532,1.14547,114.0
2026-07-03 03:51:00,1.14546,1.14548,1.14538,1.14538,69.0
2026-07-03 03:52:00,1.14538,1.14546,1.14532,1.14535,122.0
2026-07-03 03:53:00,1.14534,1.1454,1.14524,1.14538,98.0
2026-07-03 03:54:00,1.14538,1.14554,1.14536,1.14546,121.0
2026-07-03 03:55:00,1.14546,1.1457,1.14544,1.14562,82.0
2026-07-03 03:56:00,1.14562,1.14581,1.14559,1.14572,87.0
2026-07-03 03:57:00,1.1457,1.14574,1.14556,1.14562,83.0
2026-07-03 03:58:00,1.1456,1.14562,1.14544,1.14544,82.0
2026-07-03 03:59:00,1.14544,1.1455,1.14539,1.14546,83.0
2026-07-03 04:00:00,1.14548,1.14561,1.1453,1.1453,146.0
2026-07-03 04:01:00,1.14529,1.14536,1.1452,1.14527,115.0
2026-07-03 04:02:00,1.14526,1.14533,1.14516,1.14532,100.0
2026-07-03 04:03:00,1.14532,1.14532,1.14515,1.14516,117.0
2026-07-03 04:04:00,1.14519,1.1452,1.14504,1.14518,84.0
2026-07-03 04:05:00,1.14518,1.1453,1.14518,1.14528,83.0
2026-07-03 04:06:00,1.14529,1.14532,1.14528,1.14532,52.0
2026-07-03 04:07:00,1.14532,1.14553,1.1453,1.14543,143.0
2026-07-03 04:08:00,1.14542,1.14542,1.14526,1.14532,96.0
2026-07-03 04:09:00,1.14532,1.14543,1.14532,1.14542,54.0
2026-07-03 04:10:00,1.14542,1.14542,1.1453,1.14531,62.0
2026-07-03 04:11:00,1.1453,1.14548,1.14514,1.14548,127.0
2026-07-03 04:12:00,1.14547,1.14549,1.1454,1.14546,73.0
2026-07-03 04:13:00,1.14545,1.14548,1.14532,1.14543,97.0
2026-07-03 04:14:00,1.14544,1.14546,1.14534,1.14538,71.0
2026-07-03 04:15:00,1.14536,1.14544,1.14536,1.14538,71.0
2026-07-03 04:16:00,1.14537,1.14538,1.14528,1.14531,52.0
2026-07-03 04:17:00,1.14532,1.14538,1.14526,1.14538,57.0
2026-07-03 04:18:00,1.1454,1.14542,1.14534,1.14538,67.0
2026-07-03 04:19:00,1.14538,1.14539,1.1453,1.14531,55.0
2026-07-03 04:20:00,1.14532,1.14534,1.14522,1.14527,84.0
2026-07-03 04:21:00,1.14528,1.14532,1.14526,1.14532,59.0
2026-07-03 04:22:00,1.14532,1.14538,1.14523,1.14524,71.0
2026-07-03 04:23:00,1.14525,1.14527,1.14512,1.14512,56.0
2026-07-03 04:24:00,1.14512,1.14518,1.14511,1.14512,65.0
2026-07-03 04:25:00,1.14513,1.1452,1.14512,1.14519,64.0
2026-07-03 04:26:00,1.1452,1.14526,1.14517,1.14526,71.0
2026-07-03 04:27:00,1.14528,1.14538,1.14526,1.14533,58.0
2026-07-03 04:28:00,1.14535,1.14548,1.14534,1.14534,78.0
2026-07-03 04:29:00,1.14534,1.14539,1.14534,1.14538,56.0
2026-07-03 04:30:00,1.14536,1.14538,1.1452,1.14521,127.0
2026-07-03 04:31:00,1.14522,1.14528,1.14518,1.14522,79.0
2026-07-03 04:32:00,1.14523,1.14546,1.14523,1.14545,80.0
2026-07-03 04:33:00,1.14546,1.14558,1.1454,1.14558,94.0
2026-07-03 04:34:00,1.14559,1.14563,1.14552,1.14557,51.0
2026-07-03 04:35:00,1.14556,1.14562,1.14555,1.14562,75.0
2026-07-03 04:36:00,1.14564,1.14576,1.14563,1.14568,72.0
2026-07-03 04:37:00,1.14568,1.14572,1.14567,1.14568,14.0
2026-07-03 04:38:00,1.14569,1.14569,1.14548,1.1455,84.0
2026-07-03 04:39:00,1.1455,1.1455,1.14536,1.14538,63.0
2026-07-03 04:40:00,1.14538,1.14547,1.14538,1.14547,55.0
2026-07-03 04:41:00,1.14548,1.14548,1.14536,1.14542,39.0
2026-07-03 04:42:00,1.14543,1.14549,1.14542,1.14547,57.0
2026-07-03 04:43:00,1.14548,1.14549,1.14541,1.14544,46.0
2026-07-03 04:44:00,1.14543,1.14546,1.14536,1.14546,93.0
2026-07-03 04:45:00,1.14548,1.1455,1.14543,1.14546,48.0
2026-07-03 04:46:00,1.14546,1.14546,1.14538,1.14538,66.0
2026-07-03 04:47:00,1.14542,1.1455,1.14539,1.14547,77.0
2026-07-03 04:48:00,1.14546,1.14546,1.14538,1.14542,47.0
2026-07-03 04:49:00,1.14542,1.14543,1.14534,1.14535,37.0
2026-07-03 04:50:00,1.14536,1.14538,1.1452,1.14523,63.0
2026-07-03 04:51:00,1.1452,1.14523,1.14513,1.14514,73.0
2026-07-03 04:52:00,1.14512,1.14524,1.1451,1.1452,51.0
2026-07-03 04:53:00,1.1452,1.14528,1.14518,1.14522,55.0
2026-07-03 04:54:00,1.14522,1.14526,1.14521,1.14522,44.0
2026-07-03 04:55:00,1.14522,1.14544,1.14522,1.14542,55.0
2026-07-03 04:56:00,1.14542,1.14544,1.14536,1.14542,90.0
2026-07-03 04:57:00,1.14542,1.14542,1.14527,1.14532,69.0
2026-07-03 04:58:00,1.14533,1.14534,1.14531,1.14532,77.0
2026-07-03 04:59:00,1.14532,1.14532,1.14525,1.14528,37.0
2026-07-03 05:00:00,1.14527,1.14528,1.14518,1.14524,77.0
2026-07-03 05:01:00,1.14522,1.14524,1.14518,1.14519,43.0
2026-07-03 05:02:00,1.14518,1.14524,1.14518,1.14523,25.0
2026-07-03 05:03:00,1.14524,1.14524,1.14518,1.14519,38.0
2026-07-03 05:04:00,1.14518,1.14524,1.1451,1.1451,33.0
2026-07-03 05:05:00,1.14511,1.14518,1.1451,1.14516,74.0
2026-07-03 05:06:00,1.14516,1.14522,1.14511,1.14514,45.0
2026-07-03 05:07:00,1.14512,1.14512,1.14495,1.14496,116.0
2026-07-03 05:08:00,1.14496,1.14508,1.14495,1.14496,69.0
2026-07-03 05:09:00,1.14496,1.14498,1.14487,1.14487,37.0
2026-07-03 05:10:00,1.14488,1.14488,1.14481,1.14484,74.0
2026-07-03 05:11:00,1.14486,1.14496,1.14486,1.1449,57.0
2026-07-03 05:12:00,1.14489,1.14492,1.14486,1.14486,45.0
2026-07-03 05:13:00,1.14486,1.14494,1.14485,1.14493,72.0
2026-07-03 05:14:00,1.14494,1.14502,1.1449,1.14502,39.0
2026-07-03 05:15:00,1.145,1.14508,1.14494,1.14506,47.0
2026-07-03 05:16:00,1.14505,1.14506,1.14492,1.14492,56.0
2026-07-03 05:17:00,1.14492,1.14502,1.1449,1.14502,47.0
2026-07-03 05:18:00,1.14501,1.14502,1.14495,1.14496,57.0
2026-07-03 05:19:00,1.14496,1.14506,1.14492,1.14498,95.0
2026-07-03 05:20:00,1.14498,1.14518,1.14498,1.1451,106.0
2026-07-03 05:21:00,1.1451,1.14512,1.14505,1.14507,51.0
2026-07-03 05:22:00,1.14506,1.14506,1.14494,1.14496,50.0
2026-07-03 05:23:00,1.14498,1.14501,1.14496,1.14496,38.0
2026-07-03 05:24:00,1.14497,1.14504,1.14496,1.14497,32.0
2026-07-03 05:25:00,1.14496,1.14498,1.14488,1.1449,59.0
2026-07-03 05:26:00,1.1449,1.14496,1.14475,1.14475,70.0
2026-07-03 05:27:00,1.14476,1.14482,1.14474,1.14478,79.0
2026-07-03 05:28:00,1.14478,1.14483,1.14477,1.14478,34.0
2026-07-03 05:29:00,1.14476,1.14479,1.14474,1.14476,30.0
2026-07-03 05:30:00,1.14478,1.14482,1.14474,1.14481,89.0
2026-07-03 05:31:00,1.14482,1.14484,1.1448,1.14482,43.0
2026-07-03 05:32:00,1.14482,1.14487,1.14477,1.14486,48.0
2026-07-03 05:33:00,1.14485,1.14492,1.14479,1.14482,65.0
2026-07-03 05:34:00,1.14482,1.14484,1.14476,1.14483,54.0
2026-07-03 05:35:00,1.14482,1.1449,1.14478,1.14478,56.0
2026-07-03 05:36:00,1.14478,1.14482,1.14478,1.14482,36.0
2026-07-03 05:37:00,1.14482,1.14486,1.14476,1.14482,54.0
2026-07-03 05:38:00,1.14482,1.14485,1.14474,1.14485,43.0
2026-07-03 05:39:00,1.14486,1.14487,1.14478,1.14487,79.0
2026-07-03 05:40:00,1.14486,1.14494,1.14486,1.1449,42.0
2026-07-03 05:41:00,1.14488,1.14488,1.14479,1.14482,63.0
2026-07-03 05:42:00,1.14482,1.14484,1.14473,1.14474,85.0
2026-07-03 05:43:00,1.14476,1.14476,1.14472,1.14476,57.0
2026-07-03 05:44:00,1.14474,1.14474,1.14468,1.14471,41.0
2026-07-03 05:45:00,1.14469,1.14469,1.14458,1.14461,82.0
2026-07-03 05:46:00,1.1446,1.14463,1.14458,1.14463,45.0
2026-07-03 05:47:00,1.14462,1.14462,1.1445,1.14454,54.0
2026-07-03 05:48:00,1.14455,1.14462,1.14455,1.14458,61.0
2026-07-03 05:49:00,1.14457,1.1446,1.1445,1.14458,82.0
2026-07-03 05:50:00,1.14456,1.14459,1.1445,1.14452,42.0
2026-07-03 05:51:00,1.14452,1.14453,1.14446,1.14452,58.0
2026-07-03 05:52:00,1.14452,1.14452,1.14442,1.14442,35.0
2026-07-03 05:53:00,1.14444,1.14444,1.14437,1.1444,58.0
2026-07-03 05:54:00,1.14442,1.14442,1.14436,1.1444,51.0
2026-07-03 05:55:00,1.14441,1.14441,1.14427,1.14428,82.0
2026-07-03 05:56:00,1.14427,1.1443,1.14412,1.14412,70.0
2026-07-03 05:57:00,1.14412,1.14423,1.14408,1.14417,68.0
2026-07-03 05:58:00,1.14415,1.1442,1.14414,1.14415,55.0
2026-07-03 05:59:00,1.14414,1.14414,1.14404,1.14409,52.0
2026-07-03 06:00:00,1.14408,1.14419,1.14406,1.14417,109.0
2026-07-03 06:01:00,1.14418,1.14422,1.14418,1.14422,80.0
2026-07-03 06:02:00,1.14423,1.14426,1.1442,1.14423,78.0
2026-07-03 06:03:00,1.14422,1.14428,1.14422,1.14424,77.0
2026-07-03 06:04:00,1.14424,1.14424,1.14414,1.14422,67.0
2026-07-03 06:05:00,1.14422,1.14423,1.1442,1.14423,37.0
2026-07-03 06:06:00,1.14424,1.14429,1.14423,1.14428,62.0
2026-07-03 06:07:00,1.14428,1.14442,1.14427,1.14442,48.0
2026-07-03 06:08:00,1.14443,1.14454,1.14443,1.14454,54.0
2026-07-03 06:09:00,1.14453,1.14466,1.14453,1.14459,93.0
2026-07-03 06:10:00,1.14458,1.14468,1.14458,1.14468,51.0
2026-07-03 06:11:00,1.1447,1.14473,1.14468,1.14472,43.0
2026-07-03 06:12:00,1.14473,1.14473,1.14462,1.14466,46.0
2026-07-03 06:13:00,1.14464,1.14474,1.14462,1.14462,62.0
2026-07-03 06:14:00,1.14462,1.14468,1.14462,1.14464,82.0
2026-07-03 06:15:00,1.14464,1.14467,1.14448,1.14456,80.0
2026-07-03 06:16:00,1.14456,1.14464,1.1445,1.14452,116.0
2026-07-03 06:17:00,1.14453,1.14454,1.14448,1.14454,31.0
2026-07-03 06:18:00,1.1445,1.14454,1.14446,1.14453,46.0
2026-07-03 06:19:00,1.14452,1.14458,1.14451,1.14453,70.0
2026-07-03 06:20:00,1.14454,1.14464,1.14452,1.14462,38.0
2026-07-03 06:21:00,1.14462,1.14475,1.14457,1.14468,67.0
2026-07-03 06:22:00,1.14467,1.14473,1.14467,1.1447,22.0
2026-07-03 06:23:00,1.1447,1.1447,1.1446,1.1446,52.0
2026-07-03 06:24:00,1.1446,1.14461,1.14452,1.14453,71.0
2026-07-03 06:25:00,1.14452,1.14452,1.14446,1.14448,36.0
2026-07-03 06:26:00,1.14448,1.14448,1.14442,1.14442,18.0
2026-07-03 06:27:00,1.14442,1.14453,1.14442,1.14452,50.0
2026-07-03 06:28:00,1.14453,1.14453,1.14444,1.14447,34.0
2026-07-03 06:29:00,1.14448,1.14448,1.14446,1.14447,62.0
2026-07-03 06:30:00,1.14446,1.14448,1.14441,1.14444,71.0
2026-07-03 06:31:00,1.14444,1.14454,1.14444,1.14454,67.0
2026-07-03 06:32:00,1.14453,1.14453,1.1445,1.14452,18.0
2026-07-03 06:33:00,1.14452,1.14459,1.14448,1.14458,44.0
2026-07-03 06:34:00,1.14458,1.14464,1.14457,1.14463,43.0
2026-07-03 06:35:00,1.14462,1.14468,1.14461,1.14468,39.0
2026-07-03 06:36:00,1.14468,1.14468,1.14462,1.14464,35.0
2026-07-03 06:37:00,1.14464,1.14468,1.14458,1.14466,70.0
2026-07-03 06:38:00,1.14465,1.14468,1.14464,1.14468,10.0
2026-07-03 06:39:00,1.14468,1.1447,1.14463,1.14468,52.0
2026-07-03 06:40:00,1.14468,1.14468,1.14464,1.14468,48.0
2026-07-03 06:41:00,1.14468,1.14468,1.14456,1.14457,49.0
2026-07-03 06:42:00,1.14458,1.14468,1.14456,1.14468,36.0
2026-07-03 06:43:00,1.14467,1.14486,1.14467,1.14482,60.0
2026-07-03 06:44:00,1.14482,1.14485,1.14474,1.14474,41.0
2026-07-03 06:45:00,1.14474,1.14474,1.1447,1.14473,18.0
2026-07-03 06:46:00,1.14474,1.14476,1.14472,1.14476,27.0
2026-07-03 06:47:00,1.14476,1.14477,1.14472,1.14476,21.0
2026-07-03 06:48:00,1.14477,1.14478,1.14474,1.14478,18.0
2026-07-03 06:49:00,1.14478,1.14478,1.14474,1.14478,22.0
2026-07-03 06:50:00,1.14478,1.14478,1.14478,1.14478,3.0
2026-07-03 06:51:00,1.1448,1.14488,1.1448,1.14488,48.0
2026-07-03 06:52:00,1.1449,1.14494,1.14486,1.14486,31.0
2026-07-03 06:53:00,1.14486,1.1449,1.14484,1.14489,19.0
2026-07-03 06:54:00,1.1449,1.14498,1.1449,1.14497,67.0
2026-07-03 06:55:00,1.14496,1.14502,1.14494,1.14501,47.0
2026-07-03 06:56:00,1.145,1.14501,1.14489,1.14494,46.0
2026-07-03 06:57:00,1.14494,1.14494,1.14471,1.14475,57.0
2026-07-03 06:58:00,1.14474,1.14482,1.14474,1.14476,33.0
2026-07-03 06:59:00,1.14476,1.14478,1.14466,1.14468,53.0
2026-07-03 07:00:00,1.14468,1.14475,1.14462,1.14474,96.0
2026-07-03 07:01:00,1.14474,1.14477,1.1447,1.14472,34.0
2026-07-03 07:02:00,1.14472,1.14484,1.1447,1.14482,34.0
2026-07-03 07:03:00,1.14482,1.14484,1.1447,1.1447,65.0
2026-07-03 07:04:00,1.14473,1.1448,1.14472,1.14477,53.0
2026-07-03 07:05:00,1.14476,1.14484,1.14476,1.14478,34.0
2026-07-03 07:06:00,1.14478,1.14492,1.14477,1.14484,67.0
2026-07-03 07:07:00,1.14484,1.14492,1.14476,1.14492,61.0
2026-07-03 07:08:00,1.14492,1.14497,1.1449,1.14497,58.0
2026-07-03 07:09:00,1.14498,1.1451,1.14494,1.1451,45.0
2026-07-03 07:10:00,1.1451,1.14519,1.1451,1.14518,61.0
2026-07-03 07:11:00,1.14518,1.14519,1.14515,1.14518,29.0
2026-07-03 07:12:00,1.14517,1.14531,1.14517,1.1453,89.0
2026-07-03 07:13:00,1.14532,1.14536,1.1453,1.14534,70.0
2026-07-03 07:14:00,1.14535,1.1455,1.14532,1.14546,118.0
2026-07-03 07:15:00,1.14545,1.14559,1.14544,1.14558,121.0
2026-07-03 07:16:00,1.14556,1.14558,1.14546,1.14552,83.0
2026-07-03 07:17:00,1.14554,1.14564,1.14554,1.14558,75.0
2026-07-03 07:18:00,1.14557,1.14557,1.14545,1.14549,67.0
2026-07-03 07:19:00,1.14548,1.14549,1.1454,1.14544,60.0
2026-07-03 07:20:00,1.14544,1.14556,1.14544,1.1455,49.0
2026-07-03 07:21:00,1.1455,1.14553,1.14542,1.14544,56.0
2026-07-03 07:22:00,1.14543,1.1455,1.14538,1.14549,52.0
2026-07-03 07:23:00,1.1455,1.14566,1.1455,1.14559,83.0
2026-07-03 07:24:00,1.14558,1.14572,1.14558,1.1457,64.0
2026-07-03 07:25:00,1.1457,1.1457,1.14553,1.14556,98.0
2026-07-03 07:26:00,1.14557,1.14557,1.14549,1.1455,51.0
2026-07-03 07:27:00,1.1455,1.14554,1.14532,1.14541,80.0
2026-07-03 07:28:00,1.14542,1.14555,1.1454,1.1455,88.0
2026-07-03 07:29:00,1.14551,1.14554,1.14546,1.14549,76.0
2026-07-03 07:30:00,1.14548,1.14554,1.14542,1.14543,47.0
2026-07-03 07:31:00,1.14542,1.14548,1.14539,1.14544,47.0
2026-07-03 07:32:00,1.14542,1.14543,1.14527,1.1453,63.0
2026-07-03 07:33:00,1.14529,1.14539,1.14529,1.14533,64.0
2026-07-03 07:34:00,1.14532,1.14532,1.14526,1.14532,55.0
2026-07-03 07:35:00,1.14532,1.14532,1.14526,1.1453,55.0
2026-07-03 07:36:00,1.14529,1.1453,1.14518,1.1452,66.0
2026-07-03 07:37:00,1.14517,1.14517,1.14507,1.14507,35.0
2026-07-03 07:38:00,1.14508,1.14508,1.14498,1.14498,25.0
2026-07-03 07:39:00,1.14498,1.14512,1.14498,1.14508,85.0
2026-07-03 07:40:00,1.14508,1.1452,1.14502,1.14507,62.0
2026-07-03 07:41:00,1.14506,1.1451,1.14502,1.14504,79.0
2026-07-03 07:42:00,1.14504,1.14507,1.14494,1.14495,52.0
2026-07-03 07:43:00,1.14497,1.14505,1.14497,1.145,36.0
2026-07-03 07:44:00,1.145,1.14502,1.14498,1.14499,46.0
2026-07-03 07:45:00,1.14498,1.14508,1.14497,1.14498,76.0
2026-07-03 07:46:00,1.14497,1.14505,1.14496,1.14498,37.0
2026-07-03 07:47:00,1.14498,1.14502,1.14488,1.14488,58.0
2026-07-03 07:48:00,1.14488,1.14488,1.14484,1.14486,21.0
2026-07-03 07:49:00,1.14486,1.14488,1.1448,1.1448,41.0
2026-07-03 07:50:00,1.14478,1.14496,1.14478,1.14493,76.0
2026-07-03 07:51:00,1.14492,1.14494,1.14485,1.14486,55.0
2026-07-03 07:52:00,1.14484,1.14488,1.14478,1.14482,79.0
2026-07-03 07:53:00,1.14483,1.14494,1.14478,1.14488,66.0
2026-07-03 07:54:00,1.1449,1.14498,1.1449,1.14492,81.0
2026-07-03 07:55:00,1.14491,1.14492,1.14476,1.14482,159.0
2026-07-03 07:56:00,1.14482,1.14485,1.14475,1.14477,97.0
2026-07-03 07:57:00,1.14476,1.1448,1.14469,1.14475,94.0
2026-07-03 07:58:00,1.14476,1.14494,1.1447,1.14491,106.0
2026-07-03 07:59:00,1.1449,1.14504,1.14482,1.14504,82.0
2026-07-03 08:00:00,1.14506,1.14508,1.145,1.14501,100.0
2026-07-03 08:01:00,1.14498,1.14502,1.14494,1.14502,32.0
2026-07-03 08:02:00,1.14503,1.14516,1.14503,1.14508,129.0
2026-07-03 08:03:00,1.14507,1.14508,1.14488,1.14488,56.0
2026-07-03 08:04:00,1.1449,1.14498,1.1449,1.14496,62.0
2026-07-03 08:05:00,1.14498,1.14502,1.14492,1.14492,28.0
2026-07-03 08:06:00,1.14494,1.14508,1.14494,1.14504,49.0
2026-07-03 08:07:00,1.14502,1.14527,1.14502,1.14524,75.0
2026-07-03 08:08:00,1.14524,1.14528,1.14507,1.14507,72.0
2026-07-03 08:09:00,1.14507,1.14507,1.14477,1.14477,102.0
2026-07-03 08:10:00,1.14476,1.14496,1.14467,1.14496,118.0
2026-07-03 08:11:00,1.14496,1.14499,1.14491,1.14491,57.0
2026-07-03 08:12:00,1.14491,1.14499,1.14491,1.14498,76.0
2026-07-03 08:13:00,1.14498,1.14514,1.14496,1.14512,98.0
2026-07-03 08:14:00,1.14511,1.14512,1.14504,1.14506,61.0
2026-07-03 08:15:00,1.14506,1.14508,1.14493,1.14498,64.0
2026-07-03 08:16:00,1.14498,1.145,1.14497,1.14498,45.0
2026-07-03 08:17:00,1.14498,1.14499,1.14492,1.14493,73.0
2026-07-03 08:18:00,1.14492,1.14492,1.14482,1.14486,82.0
2026-07-03 08:19:00,1.14486,1.14488,1.14476,1.14478,77.0
2026-07-03 08:20:00,1.1448,1.14482,1.1447,1.14476,116.0
2026-07-03 08:21:00,1.14477,1.14478,1.14464,1.14465,95.0
2026-07-03 08:22:00,1.14466,1.14478,1.14465,1.14476,72.0
2026-07-03 08:23:00,1.14476,1.1449,1.14475,1.14483,85.0
2026-07-03 08:24:00,1.14482,1.14484,1.14476,1.14477,58.0
2026-07-03 08:25:00,1.14476,1.1448,1.1447,1.1448,76.0
2026-07-03 08:26:00,1.1448,1.14485,1.14476,1.1448,51.0
2026-07-03 08:27:00,1.14479,1.14479,1.14472,1.14474,18.0
2026-07-03 08:28:00,1.14472,1.14477,1.14469,1.14472,78.0
2026-07-03 08:29:00,1.14472,1.14478,1.14472,1.14477,54.0
2026-07-03 08:30:00,1.14478,1.14482,1.14474,1.14477,64.0
2026-07-03 08:31:00,1.14478,1.14479,1.14472,1.14472,19.0
2026-07-03 08:32:00,1.14471,1.14474,1.14467,1.14467,47.0
2026-07-03 08:33:00,1.14468,1.14468,1.14466,1.14466,33.0
2026-07-03 08:34:00,1.14465,1.1448,1.14465,1.14479,39.0
2026-07-03 08:35:00,1.14478,1.14486,1.14474,1.14484,44.0
2026-07-03 08:36:00,1.14484,1.14486,1.14482,1.14482,26.0
2026-07-03 08:37:00,1.14482,1.14485,1.1448,1.14485,49.0
2026-07-03 08:38:00,1.14488,1.14494,1.14488,1.14492,58.0
2026-07-03 08:39:00,1.14492,1.14506,1.1449,1.14505,51.0
2026-07-03 08:40:00,1.14504,1.1451,1.14502,1.14503,90.0
2026-07-03 08:41:00,1.14504,1.14504,1.14494,1.14499,97.0
2026-07-03 08:42:00,1.14501,1.14502,1.14487,1.14487,67.0
2026-07-03 08:43:00,1.14485,1.14485,1.14476,1.14479,38.0
2026-07-03 08:44:00,1.1448,1.1448,1.14476,1.14477,81.0
2026-07-03 08:45:00,1.14476,1.14483,1.14471,1.14482,81.0
2026-07-03 08:46:00,1.14482,1.1449,1.14476,1.14489,57.0
2026-07-03 08:47:00,1.14489,1.14489,1.14474,1.14474,97.0
2026-07-03 08:48:00,1.14474,1.14479,1.14473,1.14478,34.0
2026-07-03 08:49:00,1.14479,1.14487,1.14473,1.1448,63.0
2026-07-03 08:50:00,1.14481,1.14484,1.14478,1.14484,54.0
2026-07-03 08:51:00,1.14483,1.14492,1.14481,1.1449,60.0
2026-07-03 08:52:00,1.14492,1.14494,1.1449,1.14491,54.0
2026-07-03 08:53:00,1.14491,1.14493,1.1448,1.14483,53.0
2026-07-03 08:54:00,1.14482,1.14494,1.14474,1.1449,70.0
2026-07-03 08:55:00,1.1449,1.14493,1.14482,1.14488,95.0
2026-07-03 08:56:00,1.14488,1.14489,1.14478,1.14487,87.0
2026-07-03 08:57:00,1.14488,1.1449,1.14484,1.14485,52.0
2026-07-03 08:58:00,1.14486,1.14486,1.14466,1.14467,73.0
2026-07-03 08:59:00,1.14468,1.14478,1.14468,1.1447,86.0
2026-07-03 09:00:00,1.1447,1.14474,1.14456,1.14466,119.0
2026-07-03 09:01:00,1.14468,1.14468,1.14458,1.14466,67.0
2026-07-03 09:02:00,1.14466,1.1448,1.14466,1.14472,91.0
2026-07-03 09:03:00,1.14471,1.14474,1.1447,1.1447,38.0
2026-07-03 09:04:00,1.1447,1.14474,1.14467,1.14468,72.0
2026-07-03 09:05:00,1.14468,1.14468,1.14464,1.14468,45.0
2026-07-03 09:06:00,1.14468,1.14468,1.1444,1.14445,96.0
2026-07-03 09:07:00,1.14446,1.14446,1.14438,1.14444,62.0
2026-07-03 09:08:00,1.14448,1.14453,1.14438,1.14438,66.0
2026-07-03 09:09:00,1.14438,1.14442,1.14429,1.14439,96.0
2026-07-03 09:10:00,1.14438,1.14438,1.14426,1.1443,67.0
2026-07-03 09:11:00,1.1443,1.14431,1.14419,1.14424,115.0
2026-07-03 09:12:00,1.14423,1.1444,1.14418,1.14436,119.0
2026-07-03 09:13:00,1.14434,1.14442,1.14428,1.1444,98.0
2026-07-03 09:14:00,1.1444,1.14449,1.1444,1.14444,86.0
2026-07-03 09:15:00,1.14444,1.14444,1.14426,1.1443,107.0
2026-07-03 09:16:00,1.1443,1.14434,1.14428,1.14428,54.0
2026-07-03 09:17:00,1.1443,1.14434,1.14421,1.14422,31.0
2026-07-03 09:18:00,1.14422,1.14423,1.14416,1.14418,90.0
2026-07-03 09:19:00,1.14418,1.14424,1.14414,1.14422,70.0
2026-07-03 09:20:00,1.14422,1.14432,1.14422,1.14432,46.0
2026-07-03 09:21:00,1.14431,1.14434,1.14427,1.14433,36.0
2026-07-03 09:22:00,1.14434,1.14446,1.14432,1.14432,65.0
2026-07-03 09:23:00,1.14432,1.14439,1.1443,1.14432,76.0
2026-07-03 09:24:00,1.14431,1.14434,1.14428,1.14434,90.0
2026-07-03 09:25:00,1.14434,1.14442,1.14432,1.1444,79.0
2026-07-03 09:26:00,1.1444,1.14443,1.14432,1.14432,73.0
2026-07-03 09:27:00,1.14433,1.1444,1.14428,1.1444,72.0
2026-07-03 09:28:00,1.1444,1.14445,1.14435,1.14435,53.0
2026-07-03 09:29:00,1.14434,1.14438,1.14432,1.14438,44.0
2026-07-03 09:30:00,1.14438,1.14439,1.14428,1.14429,82.0
2026-07-03 09:31:00,1.1443,1.14436,1.14429,1.1443,83.0
2026-07-03 09:32:00,1.14429,1.14429,1.14416,1.1442,51.0
2026-07-03 09:33:00,1.14419,1.1442,1.14412,1.14418,51.0
2026-07-03 09:34:00,1.14417,1.14424,1.14416,1.14423,43.0
2026-07-03 09:35:00,1.14424,1.14428,1.14422,1.14427,80.0
2026-07-03 09:36:00,1.14426,1.14428,1.14416,1.14417,64.0
2026-07-03 09:37:00,1.14418,1.14421,1.14414,1.14415,31.0
2026-07-03 09:38:00,1.14414,1.14417,1.14406,1.14406,86.0
2026-07-03 09:39:00,1.14406,1.1441,1.14403,1.14407,110.0
2026-07-03 09:40:00,1.14406,1.14412,1.14404,1.14409,69.0
2026-07-03 09:41:00,1.1441,1.14412,1.14408,1.1441,75.0
2026-07-03 09:42:00,1.1441,1.14418,1.14408,1.14417,90.0
2026-07-03 09:43:00,1.14416,1.1442,1.14414,1.14418,39.0
2026-07-03 09:44:00,1.14418,1.1442,1.14416,1.14417,29.0
2026-07-03 09:45:00,1.14416,1.14422,1.14412,1.14412,60.0
2026-07-03 09:46:00,1.14413,1.14416,1.14409,1.14412,87.0
2026-07-03 09:47:00,1.14412,1.14422,1.1441,1.14421,67.0
2026-07-03 09:48:00,1.1442,1.14427,1.14418,1.14418,66.0
2026-07-03 09:49:00,1.14416,1.14417,1.14412,1.14414,37.0
2026-07-03 09:50:00,1.14414,1.14414,1.14412,1.14413,24.0
2026-07-03 09:51:00,1.14414,1.1442,1.14412,1.14414,49.0
2026-07-03 09:52:00,1.14413,1.14413,1.14398,1.14403,54.0
2026-07-03 09:53:00,1.14404,1.14404,1.14398,1.14398,48.0
2026-07-03 09:54:00,1.14397,1.14398,1.1438,1.14382,48.0
2026-07-03 09:55:00,1.14382,1.14414,1.14382,1.14408,70.0
2026-07-03 09:56:00,1.14406,1.14412,1.14406,1.14412,78.0
2026-07-03 09:57:00,1.14413,1.14413,1.14399,1.14399,89.0
2026-07-03 09:58:00,1.14399,1.14399,1.14386,1.14386,69.0
2026-07-03 09:59:00,1.14387,1.14406,1.14382,1.14404,98.0
2026-07-03 10:00:00,1.14404,1.14407,1.144,1.14404,84.0
2026-07-03 10:01:00,1.14405,1.14406,1.14388,1.1439,98.0
2026-07-03 10:02:00,1.14391,1.14394,1.14388,1.14391,69.0
2026-07-03 10:03:00,1.1439,1.14408,1.14389,1.14408,94.0
2026-07-03 10:04:00,1.14409,1.14414,1.14404,1.14407,66.0
2026-07-03 10:05:00,1.14408,1.14418,1.14408,1.14414,65.0
2026-07-03 10:06:00,1.14412,1.14412,1.14398,1.14402,54.0
2026-07-03 10:07:00,1.14402,1.1441,1.14402,1.14405,54.0
2026-07-03 10:08:00,1.14406,1.14414,1.14405,1.14408,62.0
2026-07-03 10:09:00,1.14408,1.14422,1.14404,1.14422,65.0
2026-07-03 10:10:00,1.14422,1.14427,1.14414,1.14414,81.0
2026-07-03 10:11:00,1.14414,1.14422,1.14414,1.14422,47.0
2026-07-03 10:12:00,1.1442,1.14424,1.14417,1.14423,50.0
2026-07-03 10:13:00,1.14424,1.14426,1.14416,1.14418,51.0
2026-07-03 10:14:00,1.14417,1.14417,1.1441,1.14414,34.0
2026-07-03 10:15:00,1.14412,1.1443,1.14412,1.1443,61.0
2026-07-03 10:16:00,1.14428,1.1444,1.14428,1.14436,97.0
2026-07-03 10:17:00,1.14434,1.14438,1.1443,1.14438,96.0
2026-07-03 10:18:00,1.14439,1.1444,1.14432,1.14433,56.0
2026-07-03 10:19:00,1.14434,1.14435,1.1443,1.14434,41.0
2026-07-03 10:20:00,1.14434,1.14439,1.1443,1.14438,62.0
2026-07-03 10:21:00,1.14439,1.14449,1.14439,1.14449,63.0
2026-07-03 10:22:00,1.14447,1.14448,1.14428,1.14428,58.0
2026-07-03 10:23:00,1.14428,1.14431,1.14422,1.1443,82.0
2026-07-03 10:24:00,1.14428,1.14432,1.14425,1.14432,42.0
2026-07-03 10:25:00,1.14434,1.1445,1.14432,1.14448,60.0
2026-07-03 10:26:00,1.14448,1.14456,1.14448,1.14456,37.0
2026-07-03 10:27:00,1.14457,1.14478,1.14456,1.14476,143.0
2026-07-03 10:28:00,1.14477,1.14478,1.14462,1.14464,71.0
2026-07-03 10:29:00,1.14464,1.14471,1.14464,1.1447,66.0
2026-07-03 10:30:00,1.1447,1.1448,1.14468,1.14468,61.0
2026-07-03 10:31:00,1.14466,1.14466,1.14454,1.14454,48.0
2026-07-03 10:32:00,1.14454,1.14459,1.14453,1.14454,62.0
2026-07-03 10:33:00,1.14454,1.14464,1.14452,1.14463,87.0
2026-07-03 10:34:00,1.14462,1.14472,1.14458,1.1447,80.0
2026-07-03 10:35:00,1.1447,1.1447,1.14462,1.14464,71.0
2026-07-03 10:36:00,1.14463,1.14464,1.14452,1.14454,33.0
2026-07-03 10:37:00,1.1445,1.14454,1.14444,1.14446,46.0
2026-07-03 10:38:00,1.14447,1.14448,1.14438,1.14438,44.0
2026-07-03 10:39:00,1.14438,1.14444,1.14437,1.14442,28.0
2026-07-03 10:40:00,1.1444,1.14448,1.14433,1.14448,56.0
2026-07-03 10:41:00,1.14446,1.14454,1.14444,1.14454,53.0
2026-07-03 10:42:00,1.14453,1.14456,1.14442,1.14444,54.0
2026-07-03 10:43:00,1.14443,1.14451,1.14442,1.14448,96.0
2026-07-03 10:44:00,1.14448,1.14448,1.1444,1.1444,54.0
2026-07-03 10:45:00,1.14438,1.14448,1.14438,1.14448,39.0
2026-07-03 10:46:00,1.14448,1.14448,1.1444,1.1444,37.0
2026-07-03 10:47:00,1.1444,1.1445,1.1444,1.14448,41.0
2026-07-03 10:48:00,1.14448,1.14448,1.14446,1.14448,17.0
2026-07-03 10:49:00,1.14448,1.14448,1.14439,1.14439,45.0
2026-07-03 10:50:00,1.1444,1.14448,1.14436,1.14438,81.0
2026-07-03 10:51:00,1.14439,1.14444,1.1443,1.14432,91.0
2026-07-03 10:52:00,1.14434,1.14442,1.14432,1.14432,57.0
2026-07-03 10:53:00,1.14431,1.14438,1.14426,1.14428,104.0
2026-07-03 10:54:00,1.14427,1.14434,1.14425,1.14434,112.0
2026-07-03 10:55:00,1.14434,1.1444,1.14428,1.14434,90.0
2026-07-03 10:56:00,1.14433,1.14433,1.1442,1.14424,61.0
2026-07-03 10:57:00,1.14424,1.14424,1.14411,1.14424,113.0
2026-07-03 10:58:00,1.14424,1.14434,1.14423,1.1443,54.0
2026-07-03 10:59:00,1.1443,1.1443,1.14416,1.14416,48.0
2026-07-03 11:00:00,1.14416,1.14436,1.14416,1.14434,87.0
2026-07-03 11:01:00,1.14434,1.14434,1.14424,1.14434,87.0
2026-07-03 11:02:00,1.14434,1.14438,1.1443,1.14432,106.0
2026-07-03 11:03:00,1.14432,1.14434,1.14419,1.14424,105.0
2026-07-03 11:04:00,1.14424,1.14424,1.14416,1.14417,66.0
2026-07-03 11:05:00,1.14417,1.14418,1.1441,1.1441,71.0
2026-07-03 11:06:00,1.1441,1.14419,1.14409,1.14418,81.0
2026-07-03 11:07:00,1.14418,1.14431,1.14416,1.1443,72.0
2026-07-03 11:08:00,1.14429,1.14434,1.14428,1.1443,44.0
2026-07-03 11:09:00,1.1443,1.14438,1.14426,1.14434,61.0
2026-07-03 11:10:00,1.14428,1.14442,1.14424,1.14442,78.0
2026-07-03 11:11:00,1.14441,1.14444,1.1444,1.14444,34.0
2026-07-03 11:12:00,1.14444,1.14444,1.14416,1.1442,77.0
2026-07-03 11:13:00,1.1442,1.1442,1.14416,1.1442,48.0
2026-07-03 11:14:00,1.1442,1.14422,1.14414,1.14418,66.0
2026-07-03 11:15:00,1.14418,1.14424,1.14408,1.14423,65.0
2026-07-03 11:16:00,1.14424,1.14426,1.1442,1.14424,32.0
2026-07-03 11:17:00,1.14424,1.14438,1.14424,1.14434,98.0
2026-07-03 11:18:00,1.14433,1.14434,1.14428,1.14428,33.0
2026-07-03 11:19:00,1.14428,1.14428,1.14423,1.14428,44.0
2026-07-03 11:20:00,1.14428,1.14428,1.14402,1.14402,56.0
2026-07-03 11:21:00,1.14403,1.14404,1.14402,1.14402,16.0
2026-07-03 11:22:00,1.14403,1.1441,1.14395,1.14395,41.0
2026-07-03 11:23:00,1.14395,1.14398,1.14394,1.14398,23.0
2026-07-03 11:24:00,1.14397,1.14397,1.14393,1.14394,26.0
2026-07-03 11:25:00,1.14394,1.14394,1.14388,1.14388,62.0
2026-07-03 11:26:00,1.1439,1.14393,1.14389,1.14393,30.0
2026-07-03 11:27:00,1.14394,1.14404,1.14392,1.14394,46.0
2026-07-03 11:28:00,1.14395,1.14402,1.14394,1.144,28.0
2026-07-03 11:29:00,1.144,1.1441,1.144,1.14402,51.0
2026-07-03 11:30:00,1.14404,1.14408,1.14402,1.14406,54.0
2026-07-03 11:31:00,1.14408,1.14408,1.14399,1.14405,42.0
2026-07-03 11:32:00,1.14406,1.14418,1.14398,1.1441,51.0
2026-07-03 11:33:00,1.1441,1.14413,1.1441,1.14411,35.0
2026-07-03 11:34:00,1.14412,1.14416,1.14408,1.14408,33.0
2026-07-03 11:35:00,1.14408,1.14411,1.14403,1.14411,28.0
2026-07-03 11:36:00,1.14412,1.14416,1.14411,1.14414,42.0
2026-07-03 11:37:00,1.14413,1.14416,1.1441,1.14412,38.0
2026-07-03 11:38:00,1.14413,1.14414,1.14406,1.14406,31.0
2026-07-03 11:39:00,1.14405,1.14407,1.14402,1.14402,20.0
2026-07-03 11:40:00,1.14402,1.14406,1.14402,1.14404,16.0
2026-07-03 11:41:00,1.14405,1.14406,1.14401,1.14402,31.0
2026-07-03 11:42:00,1.14403,1.14404,1.14398,1.14403,41.0
2026-07-03 11:43:00,1.144,1.144,1.14396,1.14396,15.0
2026-07-03 11:44:00,1.14394,1.14396,1.14386,1.14386,32.0
2026-07-03 11:45:00,1.14386,1.14393,1.14386,1.14393,12.0
2026-07-03 11:46:00,1.14395,1.14396,1.1439,1.14392,14.0
2026-07-03 11:47:00,1.14393,1.14393,1.14386,1.14387,19.0
2026-07-03 11:48:00,1.14386,1.14388,1.14382,1.14388,22.0
2026-07-03 11:49:00,1.1439,1.14396,1.1439,1.14394,30.0
2026-07-03 11:50:00,1.14395,1.14396,1.14392,1.14392,19.0
2026-07-03 11:51:00,1.14392,1.14397,1.14386,1.14386,49.0
2026-07-03 11:52:00,1.14386,1.14386,1.1438,1.14382,22.0
2026-07-03 11:53:00,1.14382,1.14384,1.14378,1.14378,33.0
2026-07-03 11:54:00,1.14378,1.14383,1.14376,1.14382,48.0
2026-07-03 11:55:00,1.14381,1.14382,1.14354,1.14359,89.0
2026-07-03 11:56:00,1.14358,1.14362,1.14349,1.14361,59.0
2026-07-03 11:57:00,1.1436,1.14372,1.1436,1.1437,104.0
2026-07-03 11:58:00,1.1437,1.1437,1.14366,1.14367,111.0
2026-07-03 11:59:00,1.14368,1.14377,1.1436,1.14371,129.0
2026-07-03 12:00:00,1.14369,1.14372,1.14365,1.14368,81.0
2026-07-03 12:01:00,1.14368,1.14381,1.14366,1.14377,73.0
2026-07-03 12:02:00,1.14376,1.14377,1.1437,1.1437,32.0
2026-07-03 12:03:00,1.14371,1.14377,1.14364,1.14364,43.0
2026-07-03 12:04:00,1.14364,1.14376,1.14364,1.14376,25.0
2026-07-03 12:05:00,1.14375,1.14376,1.14366,1.1437,44.0
2026-07-03 12:06:00,1.14369,1.1437,1.14366,1.14368,17.0
2026-07-03 12:07:00,1.14369,1.14374,1.14369,1.14374,17.0
2026-07-03 12:08:00,1.14376,1.14383,1.14376,1.14383,29.0
2026-07-03 12:09:00,1.14382,1.14388,1.14382,1.14386,31.0
2026-07-03 12:10:00,1.14386,1.14394,1.14386,1.14394,30.0
2026-07-03 12:11:00,1.14396,1.14396,1.14384,1.14386,27.0
2026-07-03 12:12:00,1.14386,1.1439,1.14386,1.14388,33.0
2026-07-03 12:13:00,1.14388,1.14388,1.14386,1.14386,4.0
2026-07-03 12:14:00,1.14386,1.14386,1.14382,1.14386,23.0
2026-07-03 12:15:00,1.14386,1.14386,1.14384,1.14385,27.0
2026-07-03 12:16:00,1.14386,1.14386,1.14382,1.14386,26.0
2026-07-03 12:17:00,1.14386,1.14388,1.14386,1.14388,7.0
2026-07-03 12:18:00,1.14388,1.14388,1.14378,1.14385,31.0
2026-07-03 12:19:00,1.14384,1.14387,1.14384,1.14386,17.0
2026-07-03 12:20:00,1.14386,1.14392,1.14386,1.14392,30.0
2026-07-03 12:21:00,1.1439,1.1439,1.14383,1.14384,41.0
2026-07-03 12:22:00,1.14385,1.14386,1.14382,1.14382,7.0
2026-07-03 12:23:00,1.14384,1.1439,1.14384,1.1439,25.0
2026-07-03 12:24:00,1.1439,1.1439,1.14378,1.14378,32.0
2026-07-03 12:25:00,1.14379,1.14384,1.14378,1.14384,9.0
2026-07-03 12:26:00,1.14382,1.14382,1.14377,1.14377,13.0
2026-07-03 12:27:00,1.14378,1.14382,1.14372,1.14372,35.0
2026-07-03 12:28:00,1.14373,1.14377,1.14373,1.14374,32.0
2026-07-03 12:29:00,1.14372,1.14374,1.14368,1.14372,28.0
2026-07-03 12:30:00,1.14373,1.14374,1.14368,1.14369,77.0
2026-07-03 12:31:00,1.14368,1.14378,1.14368,1.14376,22.0
2026-07-03 12:32:00,1.14376,1.14378,1.14372,1.14373,12.0
2026-07-03 12:33:00,1.14372,1.14374,1.14372,1.14374,7.0
2026-07-03 12:34:00,1.14374,1.14374,1.1437,1.1437,5.0
2026-07-03 12:35:00,1.14372,1.14373,1.14372,1.14372,16.0
2026-07-03 12:36:00,1.14372,1.14372,1.14362,1.14362,22.0
2026-07-03 12:37:00,1.14364,1.14366,1.14364,1.14365,9.0
2026-07-03 12:38:00,1.14364,1.14364,1.1436,1.1436,16.0
2026-07-03 12:39:00,1.1436,1.14362,1.1436,1.14362,10.0
2026-07-03 12:40:00,1.14362,1.14364,1.1436,1.1436,13.0
2026-07-03 12:41:00,1.14361,1.14364,1.1436,1.1436,16.0
2026-07-03 12:42:00,1.1436,1.14361,1.14359,1.14359,11.0
2026-07-03 12:43:00,1.14358,1.14358,1.14354,1.14354,26.0
2026-07-03 12:44:00,1.14354,1.14357,1.14354,1.14356,19.0
2026-07-03 12:45:00,1.14356,1.14356,1.14354,1.14354,16.0
2026-07-03 12:46:00,1.14354,1.14357,1.14354,1.14356,18.0
2026-07-03 12:47:00,1.14355,1.14356,1.14355,1.14355,15.0
2026-07-03 12:48:00,1.14356,1.14356,1.14355,1.14356,7.0
2026-07-03 12:49:00,1.14357,1.14361,1.14356,1.1436,14.0
2026-07-03 12:50:00,1.14361,1.1437,1.14361,1.14364,30.0
2026-07-03 12:51:00,1.14364,1.14364,1.14362,1.14362,4.0
2026-07-03 12:52:00,1.14362,1.14364,1.1436,1.14364,17.0
2026-07-03 12:53:00,1.14364,1.14366,1.14362,1.14365,24.0
2026-07-03 12:54:00,1.14364,1.14366,1.14363,1.14366,12.0
2026-07-03 12:55:00,1.14365,1.14366,1.14362,1.14365,8.0
2026-07-03 12:56:00,1.14364,1.14365,1.14361,1.14363,14.0
2026-07-03 12:57:00,1.14363,1.14369,1.14362,1.14368,34.0
2026-07-03 12:58:00,1.14369,1.14372,1.14368,1.14371,14.0
2026-07-03 12:59:00,1.1437,1.14378,1.1437,1.14376,55.0
2026-07-03 13:00:00,1.14378,1.14384,1.14378,1.14384,64.0
2026-07-03 13:01:00,1.14383,1.14384,1.14376,1.14378,83.0
2026-07-03 13:02:00,1.14378,1.14385,1.14376,1.14384,95.0
2026-07-03 13:03:00,1.14384,1.14389,1.14382,1.14387,94.0
2026-07-03 13:04:00,1.14386,1.14388,1.14382,1.14388,56.0
2026-07-03 13:05:00,1.1439,1.14396,1.1439,1.14392,70.0
2026-07-03 13:06:00,1.14392,1.14406,1.14392,1.14404,92.0
2026-07-03 13:07:00,1.14404,1.14418,1.14403,1.14418,60.0
2026-07-03 13:08:00,1.14416,1.14422,1.14406,1.14406,124.0
2026-07-03 13:09:00,1.14407,1.1441,1.14406,1.1441,121.0
2026-07-03 13:10:00,1.14409,1.1441,1.14397,1.14398,259.0
2026-07-03 13:11:00,1.144,1.14404,1.14397,1.144,72.0
2026-07-03 13:12:00,1.144,1.14402,1.144,1.144,92.0
2026-07-03 13:13:00,1.144,1.14404,1.144,1.14402,60.0
2026-07-03 13:14:00,1.14403,1.14403,1.144,1.14402,66.0
2026-07-03 13:15:00,1.14402,1.14404,1.144,1.14402,83.0
2026-07-03 13:16:00,1.14403,1.14405,1.14402,1.14405,68.0
2026-07-03 13:17:00,1.14404,1.14406,1.14404,1.14404,40.0
2026-07-03 13:18:00,1.14405,1.14406,1.14404,1.14406,19.0
2026-07-03 13:19:00,1.14406,1.14406,1.14404,1.14404,17.0
2026-07-03 13:20:00,1.14404,1.14406,1.14404,1.14406,15.0
2026-07-03 13:21:00,1.14406,1.14414,1.14404,1.14414,42.0
2026-07-03 13:22:00,1.14413,1.14414,1.14412,1.14412,48.0
2026-07-03 13:23:00,1.14412,1.14412,1.14406,1.14407,18.0
2026-07-03 13:24:00,1.14406,1.14408,1.14402,1.14402,45.0
2026-07-03 13:25:00,1.14402,1.14404,1.144,1.14402,27.0
2026-07-03 13:26:00,1.14402,1.14405,1.14402,1.14405,17.0
2026-07-03 13:27:00,1.14406,1.14406,1.14404,1.14404,23.0
2026-07-03 13:28:00,1.14404,1.14406,1.14403,1.14404,48.0
2026-07-03 13:29:00,1.14404,1.14406,1.14399,1.144,98.0
2026-07-03 13:30:00,1.14401,1.14403,1.14395,1.14397,121.0
2026-07-03 13:31:00,1.14397,1.14401,1.14396,1.14396,21.0
2026-07-03 13:32:00,1.14398,1.144,1.14395,1.144,39.0
2026-07-03 13:33:00,1.144,1.14402,1.14398,1.14402,31.0
2026-07-03 13:34:00,1.14406,1.14406,1.144,1.14402,28.0
2026-07-03 13:35:00,1.144,1.14402,1.14395,1.14396,47.0
2026-07-03 13:36:00,1.14396,1.14401,1.14395,1.14401,162.0
2026-07-03 13:37:00,1.144,1.14403,1.14399,1.14402,67.0
2026-07-03 13:38:00,1.14402,1.14403,1.14402,1.14403,77.0
2026-07-03 13:39:00,1.14402,1.14403,1.144,1.14402,44.0
2026-07-03 13:40:00,1.14401,1.14416,1.14401,1.14414,142.0
2026-07-03 13:41:00,1.14415,1.14418,1.14411,1.14413,170.0
2026-07-03 13:42:00,1.14412,1.14412,1.14409,1.14412,84.0
2026-07-03 13:43:00,1.14412,1.14414,1.14409,1.1441,125.0
2026-07-03 13:44:00,1.14411,1.14413,1.14404,1.14404,157.0
2026-07-03 13:45:00,1.14406,1.14411,1.14402,1.14406,216.0
2026-07-03 13:46:00,1.14407,1.1441,1.14402,1.14404,187.0
2026-07-03 13:47:00,1.14407,1.14407,1.14402,1.14405,139.0
2026-07-03 13:48:00,1.14403,1.14405,1.14402,1.14404,91.0
2026-07-03 13:49:00,1.14404,1.14406,1.14403,1.14404,93.0
2026-07-03 13:50:00,1.14404,1.14408,1.14402,1.14406,143.0
2026-07-03 13:51:00,1.14406,1.14408,1.14398,1.14398,191.0
2026-07-03 13:52:00,1.14398,1.14401,1.14396,1.144,158.0
2026-07-03 13:53:00,1.14399,1.1441,1.14394,1.14402,204.0
2026-07-03 13:54:00,1.14401,1.14403,1.14399,1.14402,123.0
2026-07-03 13:55:00,1.14403,1.1441,1.14402,1.14408,134.0
2026-07-03 13:56:00,1.14408,1.1441,1.14406,1.14408,170.0
2026-07-03 13:57:00,1.14406,1.1441,1.14404,1.14406,178.0
2026-07-03 13:58:00,1.14406,1.14406,1.14404,1.14406,118.0
2026-07-03 13:59:00,1.14406,1.14408,1.144,1.14404,120.0
2026-07-03 14:00:00,1.14404,1.14413,1.14403,1.1441,151.0
2026-07-03 14:01:00,1.14412,1.14414,1.1441,1.14412,73.0
2026-07-03 14:02:00,1.14412,1.14414,1.14409,1.14414,71.0
2026-07-03 14:03:00,1.14413,1.14413,1.1441,1.14411,97.0
2026-07-03 14:04:00,1.14412,1.14412,1.14406,1.14406,40.0
2026-07-03 14:05:00,1.14406,1.14406,1.14402,1.14402,20.0
2026-07-03 14:06:00,1.14402,1.14402,1.14402,1.14402,10.0
2026-07-03 14:07:00,1.14402,1.14406,1.144,1.14406,17.0
2026-07-03 14:08:00,1.14408,1.14411,1.14405,1.1441,125.0
2026-07-03 14:09:00,1.1441,1.14411,1.14397,1.14398,98.0
2026-07-03 14:10:00,1.14398,1.14402,1.14394,1.14396,100.0
2026-07-03 14:11:00,1.14397,1.14402,1.14392,1.14392,47.0
2026-07-03 14:12:00,1.14392,1.14394,1.14384,1.14389,69.0
2026-07-03 14:13:00,1.14388,1.14394,1.1438,1.14394,133.0
2026-07-03 14:14:00,1.14393,1.14394,1.14388,1.1439,83.0
2026-07-03 14:15:00,1.14392,1.14404,1.1439,1.14398,110.0
2026-07-03 14:16:00,1.14398,1.144,1.14397,1.144,13.0
2026-07-03 14:17:00,1.144,1.14404,1.144,1.14401,47.0
2026-07-03 14:18:00,1.14402,1.14402,1.14396,1.14397,99.0
2026-07-03 14:19:00,1.14396,1.14398,1.14394,1.14398,105.0
2026-07-03 14:20:00,1.14398,1.144,1.14396,1.14398,23.0
2026-07-03 14:21:00,1.14398,1.14398,1.14392,1.14392,31.0
2026-07-03 14:22:00,1.14392,1.14396,1.14392,1.14394,26.0
2026-07-03 14:23:00,1.14393,1.14394,1.14392,1.14393,19.0
2026-07-03 14:24:00,1.14392,1.14402,1.14392,1.14402,23.0
2026-07-03 14:25:00,1.14402,1.14402,1.14399,1.14399,64.0
2026-07-03 14:26:00,1.14398,1.14398,1.14394,1.14395,19.0
2026-07-03 14:27:00,1.14396,1.144,1.14395,1.144,53.0
2026-07-03 14:28:00,1.144,1.144,1.14394,1.14394,13.0
2026-07-03 14:29:00,1.14394,1.14394,1.14394,1.14394,8.0
2026-07-03 14:30:00,1.14394,1.14396,1.14393,1.14394,25.0
2026-07-03 14:31:00,1.14394,1.14397,1.14394,1.14396,34.0
2026-07-03 14:32:00,1.14397,1.14399,1.14394,1.14395,88.0
2026-07-03 14:33:00,1.14394,1.14396,1.14394,1.14396,51.0
2026-07-03 14:34:00,1.14396,1.14396,1.14394,1.14395,41.0
2026-07-03 14:35:00,1.14396,1.14402,1.14395,1.144,89.0
2026-07-03 14:36:00,1.144,1.14402,1.144,1.14401,73.0
2026-07-03 14:37:00,1.14401,1.14401,1.144,1.144,54.0
2026-07-03 14:38:00,1.144,1.14402,1.144,1.144,22.0
2026-07-03 14:39:00,1.14402,1.14402,1.14399,1.144,98.0
2026-07-03 14:40:00,1.14401,1.14401,1.14399,1.144,86.0
2026-07-03 14:41:00,1.14399,1.144,1.14398,1.14399,94.0
2026-07-03 14:42:00,1.144,1.14401,1.14398,1.144,129.0
2026-07-03 14:43:00,1.144,1.144,1.14398,1.14399,114.0
2026-07-03 14:44:00,1.144,1.144,1.14396,1.14398,126.0
2026-07-03 14:45:00,1.144,1.14402,1.14398,1.144,109.0
2026-07-03 14:46:00,1.144,1.14408,1.144,1.14406,43.0
2026-07-03 14:47:00,1.14405,1.14405,1.14399,1.144,27.0
2026-07-03 14:48:00,1.14398,1.14401,1.14397,1.14399,41.0
2026-07-03 14:50:00,1.14401,1.14401,1.14391,1.14394,70.0
2026-07-03 14:51:00,1.14394,1.14395,1.14384,1.1439,40.0
2026-07-03 14:52:00,1.14389,1.1439,1.14389,1.14389,8.0
2026-07-03 14:53:00,1.14389,1.14394,1.14389,1.14394,24.0
2026-07-03 14:54:00,1.14396,1.14396,1.14387,1.14388,48.0
2026-07-03 14:55:00,1.14387,1.14388,1.14385,1.14386,16.0
2026-07-03 14:56:00,1.14386,1.14386,1.14384,1.14386,22.0
2026-07-03 14:57:00,1.14385,1.14408,1.14384,1.14406,73.0
2026-07-03 14:58:00,1.14406,1.14408,1.14394,1.14396,53.0
2026-07-03 14:59:00,1.14394,1.144,1.14389,1.14389,76.0
2026-07-03 15:00:00,1.1439,1.14394,1.14384,1.14387,138.0
2026-07-03 15:01:00,1.14388,1.14402,1.1438,1.14402,145.0
2026-07-03 15:02:00,1.14401,1.14406,1.14401,1.14404,53.0
2026-07-03 15:03:00,1.14404,1.14404,1.14404,1.14404,9.0
2026-07-03 15:04:00,1.14404,1.14404,1.14399,1.144,19.0
2026-07-03 15:05:00,1.144,1.14404,1.14399,1.14402,23.0
2026-07-03 15:06:00,1.144,1.14402,1.14394,1.14402,25.0
2026-07-03 15:07:00,1.144,1.14403,1.144,1.14401,16.0
2026-07-03 15:08:00,1.14401,1.14404,1.14399,1.14399,36.0
2026-07-03 15:09:00,1.144,1.144,1.14393,1.14394,93.0
2026-07-03 15:10:00,1.14394,1.14395,1.14389,1.14391,95.0
2026-07-03 15:11:00,1.1439,1.14392,1.1439,1.14391,54.0
2026-07-03 15:12:00,1.1439,1.14396,1.1439,1.14392,72.0
2026-07-03 15:13:00,1.14393,1.14394,1.14392,1.14393,80.0
2026-07-03 15:14:00,1.1439,1.14394,1.1439,1.14392,74.0
2026-07-03 15:15:00,1.14392,1.14394,1.14384,1.14384,51.0
2026-07-03 15:16:00,1.14384,1.14386,1.14382,1.14383,116.0
2026-07-03 15:17:00,1.14385,1.14386,1.14383,1.14383,115.0
2026-07-03 15:18:00,1.14384,1.14392,1.14383,1.14386,186.0
2026-07-03 15:19:00,1.14389,1.1439,1.14384,1.14384,200.0
2026-07-03 15:20:00,1.14386,1.14392,1.14384,1.1439,177.0
2026-07-03 15:21:00,1.14391,1.14391,1.14386,1.14388,160.0
2026-07-03 15:22:00,1.14387,1.1439,1.14386,1.14388,107.0
2026-07-03 15:23:00,1.14387,1.1439,1.14386,1.14388,24.0
2026-07-03 15:24:00,1.14386,1.14387,1.14384,1.14384,7.0
2026-07-03 15:25:00,1.14386,1.14386,1.14385,1.14386,27.0
2026-07-03 15:26:00,1.14385,1.14386,1.14385,1.14385,7.0
2026-07-03 15:27:00,1.14386,1.14387,1.14384,1.14387,75.0
2026-07-03 15:28:00,1.14386,1.14387,1.14385,1.14386,158.0
2026-07-03 15:29:00,1.14386,1.14386,1.14384,1.14386,12.0
2026-07-03 15:30:00,1.14385,1.14385,1.14378,1.1438,35.0
2026-07-03 15:31:00,1.1438,1.14381,1.1438,1.1438,20.0
2026-07-03 15:32:00,1.1438,1.14386,1.1438,1.14382,83.0
2026-07-03 15:33:00,1.14382,1.14386,1.1438,1.14382,170.0
2026-07-03 15:34:00,1.14384,1.14384,1.14382,1.14383,125.0
2026-07-03 15:35:00,1.14384,1.14386,1.14382,1.14384,90.0
2026-07-03 15:36:00,1.14384,1.14385,1.14382,1.14384,112.0
2026-07-03 15:37:00,1.14383,1.14384,1.14374,1.14377,157.0
2026-07-03 15:38:00,1.14378,1.14378,1.14373,1.14375,115.0
2026-07-03 15:39:00,1.14376,1.1438,1.14375,1.14377,140.0
2026-07-03 15:40:00,1.14376,1.14378,1.14376,1.14378,175.0
2026-07-03 15:41:00,1.14377,1.1438,1.14377,1.14378,96.0
2026-07-03 15:42:00,1.14379,1.1438,1.14377,1.14378,132.0
2026-07-03 15:43:00,1.1438,1.1438,1.14376,1.14378,129.0
2026-07-03 15:44:00,1.14379,1.14382,1.14378,1.1438,95.0
2026-07-03 15:45:00,1.1438,1.14382,1.14371,1.14378,82.0
2026-07-03 15:46:00,1.14377,1.14379,1.14374,1.14378,54.0
2026-07-03 15:47:00,1.14378,1.14382,1.14377,1.1438,16.0
2026-07-03 15:48:00,1.14378,1.1438,1.14378,1.1438,7.0
2026-07-03 15:49:00,1.14379,1.1438,1.14378,1.1438,4.0
2026-07-03 15:51:00,1.14378,1.14379,1.14376,1.14376,13.0
2026-07-03 15:52:00,1.14374,1.14376,1.1437,1.14372,16.0
2026-07-03 15:53:00,1.14372,1.14372,1.14371,1.14372,25.0
2026-07-03 15:54:00,1.14372,1.14372,1.1437,1.1437,2.0
2026-07-03 15:55:00,1.14372,1.14384,1.14372,1.14382,47.0
2026-07-03 15:56:00,1.14382,1.14384,1.14382,1.14382,29.0
2026-07-03 15:57:00,1.14382,1.14382,1.14356,1.14358,92.0
2026-07-03 15:58:00,1.14359,1.14378,1.14359,1.14367,79.0
2026-07-03 15:59:00,1.14368,1.1437,1.14364,1.14365,23.0
2026-07-03 16:00:00,1.14364,1.14365,1.1435,1.14358,88.0
2026-07-03 16:01:00,1.14357,1.14358,1.14353,1.14354,20.0
2026-07-03 16:02:00,1.14353,1.1436,1.1435,1.14358,63.0
2026-07-03 16:03:00,1.14357,1.14359,1.14355,1.14356,44.0
2026-07-03 16:04:00,1.14356,1.14361,1.14356,1.1436,108.0
2026-07-03 16:05:00,1.1436,1.1436,1.14359,1.14359,4.0
2026-07-03 16:06:00,1.1436,1.1437,1.14358,1.1437,45.0
2026-07-03 16:07:00,1.1437,1.14373,1.14364,1.14366,82.0
2026-07-03 16:08:00,1.14366,1.14368,1.14366,1.14368,3.0
2026-07-03 16:09:00,1.14369,1.14369,1.14364,1.14368,4.0
2026-07-03 16:10:00,1.14367,1.14368,1.14364,1.14364,14.0
2026-07-03 16:11:00,1.14362,1.14374,1.14361,1.14363,51.0
2026-07-03 16:12:00,1.14364,1.14364,1.1436,1.14361,20.0
2026-07-03 16:13:00,1.1436,1.14361,1.14358,1.14358,18.0
2026-07-03 16:14:00,1.14359,1.1436,1.14358,1.14358,29.0
2026-07-03 16:15:00,1.14358,1.1436,1.14358,1.1436,3.0
2026-07-03 16:16:00,1.14358,1.1436,1.14356,1.14356,9.0
2026-07-03 16:17:00,1.14356,1.14356,1.14352,1.14354,24.0
2026-07-03 16:18:00,1.14355,1.14361,1.14355,1.14357,38.0
2026-07-03 16:19:00,1.14356,1.1436,1.14356,1.14356,73.0
2026-07-03 16:20:00,1.14356,1.14366,1.1435,1.14359,98.0
2026-07-03 16:21:00,1.1436,1.1436,1.14357,1.14357,13.0
2026-07-03 16:22:00,1.14356,1.14362,1.14352,1.1436,41.0
2026-07-03 16:23:00,1.14359,1.14364,1.14359,1.14362,38.0
2026-07-03 16:24:00,1.14362,1.14363,1.14355,1.14363,74.0
2026-07-03 16:25:00,1.1436,1.14366,1.14354,1.14364,63.0
2026-07-03 16:26:00,1.14363,1.14364,1.1435,1.14353,88.0
2026-07-03 16:27:00,1.14356,1.14362,1.14351,1.14362,70.0
2026-07-03 16:28:00,1.14362,1.14362,1.14361,1.14361,25.0
2026-07-03 16:29:00,1.14363,1.14363,1.14361,1.14361,15.0
2026-07-03 16:30:00,1.14362,1.14364,1.14361,1.14361,8.0
2026-07-03 16:31:00,1.1436,1.1436,1.1436,1.1436,1.0
2026-07-03 16:32:00,1.1436,1.14362,1.14352,1.1436,27.0
2026-07-03 16:33:00,1.1436,1.14361,1.14356,1.14358,15.0
2026-07-03 16:34:00,1.14358,1.14362,1.14358,1.14358,20.0
2026-07-03 16:35:00,1.14358,1.14364,1.14358,1.14359,55.0
2026-07-03 16:36:00,1.14362,1.14362,1.14358,1.14359,8.0
2026-07-03 16:37:00,1.14358,1.1436,1.14357,1.1436,22.0
2026-07-03 16:38:00,1.1436,1.1436,1.1436,1.1436,4.0
2026-07-03 16:39:00,1.1436,1.1436,1.14356,1.14356,13.0
2026-07-03 16:40:00,1.1436,1.14365,1.14358,1.14365,35.0
2026-07-03 16:41:00,1.14366,1.14366,1.14362,1.14364,19.0
2026-07-03 16:42:00,1.14362,1.14364,1.14362,1.14363,12.0
2026-07-03 16:43:00,1.14364,1.14366,1.14362,1.14364,31.0
2026-07-03 16:44:00,1.14363,1.14365,1.1436,1.14362,25.0
2026-07-03 16:45:00,1.14361,1.14364,1.14356,1.14362,18.0
2026-07-03 16:46:00,1.14363,1.14364,1.14333,1.14358,90.0
2026-07-03 16:47:00,1.14362,1.14365,1.1434,1.14345,72.0
2026-07-03 16:48:00,1.14344,1.1437,1.14342,1.14364,116.0
2026-07-03 16:49:00,1.14368,1.14368,1.14352,1.14368,54.0
2026-07-03 16:50:00,1.14368,1.1437,1.14366,1.14369,6.0
2026-07-03 16:51:00,1.14366,1.1437,1.14356,1.1437,41.0
2026-07-03 16:52:00,1.1437,1.1437,1.14353,1.14364,35.0
2026-07-03 16:53:00,1.14363,1.14373,1.14362,1.14371,8.0
2026-07-03 16:54:00,1.14356,1.14372,1.14342,1.14369,69.0
2026-07-03 16:55:00,1.1437,1.14375,1.14368,1.14372,16.0
2026-07-03 16:56:00,1.14376,1.14378,1.14372,1.14378,12.0
2026-07-03 16:57:00,1.14376,1.14378,1.14372,1.14376,16.0
2026-07-03 16:58:00,1.14373,1.14373,1.14373,1.14373,1.0
2026-07-03 16:59:00,1.14372,1.14376,1.14372,1.14376,4.0
2026-07-05 17:04:00,1.14385,1.14385,1.14385,1.14385,1.0
2026-07-05 17:05:00,1.14377,1.14377,1.1437,1.14374,3.0
2026-07-05 17:09:00,1.14374,1.14374,1.14362,1.14371,8.0
2026-07-05 17:10:00,1.14379,1.14379,1.14378,1.14378,4.0
2026-07-05 17:11:00,1.14376,1.1438,1.14376,1.1438,2.0
2026-07-05 17:12:00,1.1438,1.14381,1.1438,1.1438,6.0
2026-07-05 17:14:00,1.14376,1.14376,1.14367,1.14367,2.0
2026-07-05 17:15:00,1.14368,1.1437,1.14365,1.14369,25.0
2026-07-05 17:16:00,1.14369,1.14369,1.1436,1.1436,13.0
2026-07-05 17:17:00,1.14361,1.14364,1.14359,1.14362,6.0
2026-07-05 17:18:00,1.14361,1.14361,1.14358,1.14358,4.0
2026-07-05 17:19:00,1.1436,1.14361,1.14359,1.1436,8.0
2026-07-05 17:20:00,1.1436,1.14378,1.1436,1.14378,7.0
2026-07-05 17:21:00,1.14379,1.14379,1.14378,1.14378,5.0
2026-07-05 17:22:00,1.1438,1.1438,1.14377,1.14377,7.0
2026-07-05 17:23:00,1.14378,1.14378,1.14376,1.14376,3.0
2026-07-05 17:24:00,1.14378,1.14379,1.14376,1.14379,5.0
2026-07-05 17:25:00,1.14378,1.14378,1.14376,1.14376,2.0
2026-07-05 17:26:00,1.14375,1.14377,1.14375,1.14376,5.0
2026-07-05 17:27:00,1.14376,1.14376,1.14375,1.14375,4.0
2026-07-05 17:29:00,1.14376,1.14376,1.14376,1.14376,1.0
2026-07-05 17:30:00,1.14374,1.14376,1.14374,1.14376,5.0
2026-07-05 17:31:00,1.14377,1.14377,1.14377,1.14377,1.0
2026-07-05 17:32:00,1.14376,1.14376,1.14376,1.14376,2.0
2026-07-05 17:33:00,1.14375,1.14376,1.14374,1.14376,3.0
2026-07-05 17:34:00,1.14376,1.14376,1.14376,1.14376,1.0
2026-07-05 17:36:00,1.14375,1.14376,1.14372,1.14372,13.0
2026-07-05 17:37:00,1.14372,1.14384,1.14372,1.14384,21.0
2026-07-05 17:38:00,1.14384,1.14385,1.14378,1.14378,9.0
2026-07-05 17:40:00,1.14377,1.1438,1.14376,1.14376,6.0
2026-07-05 17:41:00,1.14376,1.14376,1.14371,1.14371,8.0
2026-07-05 17:42:00,1.14374,1.14374,1.1437,1.1437,6.0
2026-07-05 17:43:00,1.14366,1.1437,1.14362,1.14366,14.0
2026-07-05 17:44:00,1.1437,1.1437,1.14368,1.1437,10.0
2026-07-05 17:45:00,1.1437,1.14374,1.14366,1.1437,16.0
2026-07-05 17:46:00,1.14372,1.14372,1.14369,1.1437,11.0
2026-07-05 17:47:00,1.1437,1.1437,1.14368,1.14369,8.0
2026-07-05 17:48:00,1.14368,1.14372,1.14368,1.14372,11.0
2026-07-05 17:49:00,1.14374,1.14374,1.14373,1.14374,3.0
2026-07-05 17:50:00,1.14376,1.14376,1.14374,1.14374,5.0
2026-07-05 17:51:00,1.14376,1.14376,1.14374,1.14374,2.0
2026-07-05 17:52:00,1.14376,1.14377,1.14376,1.14376,5.0
2026-07-05 17:53:00,1.14377,1.14378,1.14376,1.14378,5.0
2026-07-05 17:55:00,1.14379,1.1438,1.14379,1.1438,2.0
2026-07-05 17:56:00,1.14376,1.14382,1.14376,1.14379,7.0
2026-07-05 17:57:00,1.14378,1.14382,1.14376,1.14378,5.0
2026-07-05 17:58:00,1.14378,1.14383,1.14378,1.14382,10.0
2026-07-05 17:59:00,1.14382,1.14383,1.14382,1.14382,25.0
2026-07-05 18:00:00,1.14383,1.14387,1.14358,1.14372,79.0
2026-07-05 18:01:00,1.14374,1.14379,1.14368,1.14379,40.0
2026-07-05 18:02:00,1.14377,1.14377,1.1436,1.1436,30.0
2026-07-05 18:03:00,1.1436,1.14367,1.14356,1.14367,38.0
2026-07-05 18:04:00,1.14366,1.14368,1.14364,1.14366,19.0
2026-07-05 18:05:00,1.14364,1.14364,1.14353,1.14353,52.0
2026-07-05 18:06:00,1.14354,1.14355,1.1435,1.14352,31.0
2026-07-05 18:07:00,1.14352,1.14352,1.14349,1.14352,17.0
2026-07-05 18:08:00,1.14354,1.14366,1.14354,1.14362,38.0
2026-07-05 18:09:00,1.1436,1.1436,1.14355,1.14358,13.0
2026-07-05 18:10:00,1.14357,1.14366,1.14356,1.14366,44.0
2026-07-05 18:11:00,1.14366,1.14367,1.14365,1.14366,165.0
2026-07-05 18:12:00,1.14365,1.14366,1.1436,1.1436,115.0
2026-07-05 18:13:00,1.1436,1.14362,1.1436,1.14362,2.0
2026-07-05 18:14:00,1.14361,1.14362,1.14361,1.14362,6.0
2026-07-05 18:15:00,1.14361,1.14361,1.14357,1.14357,9.0
2026-07-05 18:16:00,1.14358,1.14358,1.14356,1.14356,19.0
2026-07-05 18:17:00,1.14356,1.14358,1.14355,1.14356,18.0
2026-07-05 18:18:00,1.14358,1.14358,1.14355,1.14356,12.0
2026-07-05 18:19:00,1.14356,1.14358,1.14356,1.14358,26.0
2026-07-05 18:20:00,1.14358,1.14359,1.14354,1.14358,13.0
2026-07-05 18:21:00,1.14358,1.1436,1.14357,1.14359,11.0
2026-07-05 18:22:00,1.1436,1.14364,1.1436,1.14362,6.0
2026-07-05 18:23:00,1.14363,1.14368,1.14362,1.14367,22.0
2026-07-05 18:24:00,1.14368,1.1437,1.14368,1.14368,6.0
2026-07-05 18:25:00,1.14367,1.1437,1.14366,1.14366,28.0
2026-07-05 18:26:00,1.14366,1.14366,1.14364,1.14366,3.0
2026-07-05 18:27:00,1.14368,1.14369,1.14367,1.14367,4.0
2026-07-05 18:28:00,1.14368,1.14368,1.14367,1.14367,12.0
2026-07-05 18:29:00,1.14364,1.14365,1.14364,1.14364,22.0
2026-07-05 18:30:00,1.14364,1.14365,1.14362,1.14363,32.0
2026-07-05 18:31:00,1.14364,1.14366,1.1436,1.14366,20.0
2026-07-05 18:32:00,1.14366,1.14368,1.14366,1.14368,8.0
2026-07-05 18:33:00,1.14368,1.1437,1.14368,1.14368,21.0
2026-07-05 18:34:00,1.14368,1.14368,1.14368,1.14368,22.0
2026-07-05 18:35:00,1.14368,1.1437,1.14368,1.14368,13.0
2026-07-05 18:36:00,1.14368,1.14368,1.14368,1.14368,2.0
2026-07-05 18:37:00,1.14368,1.14368,1.14368,1.14368,5.0
2026-07-05 18:38:00,1.14368,1.1437,1.14368,1.1437,5.0
2026-07-05 18:39:00,1.14371,1.14378,1.14371,1.14372,17.0
2026-07-05 18:40:00,1.14372,1.14374,1.1437,1.14374,26.0
2026-07-05 18:41:00,1.14374,1.14374,1.14374,1.14374,8.0
2026-07-05 18:43:00,1.14374,1.14374,1.14374,1.14374,3.0
2026-07-05 18:44:00,1.14374,1.14379,1.14374,1.14378,14.0
2026-07-05 18:45:00,1.14378,1.14378,1.14378,1.14378,4.0
2026-07-05 18:46:00,1.14376,1.14376,1.14376,1.14376,2.0
2026-07-05 18:47:00,1.14377,1.14377,1.14376,1.14376,14.0
2026-07-05 18:48:00,1.14377,1.14379,1.14377,1.14378,10.0
2026-07-05 18:49:00,1.14376,1.14377,1.14375,1.14376,12.0
2026-07-05 18:50:00,1.14375,1.14375,1.14372,1.14374,12.0
2026-07-05 18:51:00,1.14373,1.14379,1.14373,1.14379,11.0
2026-07-05 18:52:00,1.14378,1.14378,1.14373,1.14374,26.0
2026-07-05 18:53:00,1.14373,1.14374,1.14373,1.14374,8.0
2026-07-05 18:54:00,1.14373,1.14373,1.14368,1.14368,8.0
2026-07-05 18:55:00,1.14367,1.14368,1.14359,1.14363,18.0
2026-07-05 18:56:00,1.14362,1.14363,1.14362,1.14363,12.0
2026-07-05 18:57:00,1.14364,1.14368,1.14364,1.14368,9.0
2026-07-05 18:58:00,1.14367,1.14368,1.14367,1.14368,2.0
2026-07-05 18:59:00,1.14368,1.14368,1.14366,1.14366,6.0
2026-07-05 19:00:00,1.14367,1.14372,1.14367,1.14372,21.0
2026-07-05 19:01:00,1.14372,1.14373,1.1437,1.14372,9.0
2026-07-05 19:02:00,1.14372,1.14372,1.14362,1.14362,11.0
2026-07-05 19:03:00,1.1436,1.1436,1.14353,1.14356,25.0
2026-07-05 19:04:00,1.14356,1.14356,1.14346,1.14346,20.0
2026-07-05 19:05:00,1.14346,1.14346,1.14344,1.14346,15.0
2026-07-05 19:06:00,1.14346,1.14346,1.14342,1.14342,10.0
2026-07-05 19:07:00,1.14344,1.14344,1.1434,1.14342,24.0
2026-07-05 19:08:00,1.14343,1.14347,1.14342,1.14344,25.0
2026-07-05 19:09:00,1.14345,1.14346,1.14336,1.14336,36.0
2026-07-05 19:10:00,1.14336,1.14342,1.14336,1.14342,18.0
2026-07-05 19:11:00,1.1434,1.14344,1.1434,1.14342,24.0
2026-07-05 19:12:00,1.14342,1.14346,1.14342,1.14346,26.0
2026-07-05 19:13:00,1.14346,1.14346,1.14336,1.14338,30.0
2026-07-05 19:14:00,1.14338,1.14343,1.14336,1.14343,22.0
2026-07-05 19:15:00,1.14342,1.14344,1.1434,1.1434,26.0
2026-07-05 19:16:00,1.14341,1.14341,1.14332,1.14332,15.0
2026-07-05 19:17:00,1.14332,1.14339,1.14332,1.14337,28.0
2026-07-05 19:18:00,1.14336,1.14336,1.14336,1.14336,1.0
2026-07-05 19:19:00,1.14334,1.14338,1.14332,1.14336,16.0
2026-07-05 19:20:00,1.14336,1.14346,1.14336,1.14346,16.0
2026-07-05 19:21:00,1.14347,1.14348,1.14346,1.14346,16.0
2026-07-05 19:22:00,1.14346,1.14346,1.14346,1.14346,7.0
2026-07-05 19:23:00,1.14346,1.1435,1.14346,1.14349,9.0
2026-07-05 19:24:00,1.1435,1.1435,1.14344,1.14344,22.0
2026-07-05 19:25:00,1.14345,1.14347,1.14342,1.14344,27.0
2026-07-05 19:26:00,1.14347,1.1435,1.14346,1.1435,25.0
2026-07-05 19:27:00,1.14349,1.14358,1.14349,1.14358,24.0
2026-07-05 19:28:00,1.14358,1.14369,1.14358,1.14366,56.0
2026-07-05 19:29:00,1.14367,1.14368,1.14362,1.14362,32.0
2026-07-05 19:30:00,1.14362,1.14364,1.14358,1.14362,38.0
2026-07-05 19:31:00,1.14362,1.14368,1.14358,1.14366,48.0
2026-07-05 19:32:00,1.14367,1.14373,1.14366,1.14368,29.0
2026-07-05 19:33:00,1.14367,1.14367,1.14364,1.14366,11.0
2026-07-05 19:34:00,1.14365,1.14366,1.14364,1.14366,16.0
2026-07-05 19:35:00,1.14367,1.1437,1.14366,1.14366,21.0
2026-07-05 19:36:00,1.14367,1.14368,1.14364,1.14364,23.0
2026-07-05 19:37:00,1.14364,1.1437,1.14364,1.14368,12.0
2026-07-05 19:38:00,1.14367,1.14371,1.14366,1.14369,19.0
2026-07-05 19:39:00,1.14368,1.14374,1.14368,1.14374,12.0
2026-07-05 19:40:00,1.14373,1.14377,1.14372,1.14377,15.0
2026-07-05 19:41:00,1.14376,1.14377,1.14375,1.14375,10.0
2026-07-05 19:42:00,1.14374,1.14378,1.14373,1.14374,16.0
2026-07-05 19:43:00,1.14374,1.14376,1.14374,1.14374,7.0
2026-07-05 19:44:00,1.14374,1.14378,1.14372,1.14374,23.0
2026-07-05 19:45:00,1.14373,1.14374,1.14362,1.14368,47.0
2026-07-05 19:46:00,1.1437,1.14382,1.1437,1.14376,99.0
2026-07-05 19:47:00,1.14377,1.14379,1.14362,1.14363,61.0
2026-07-05 19:48:00,1.14364,1.14368,1.14362,1.14366,51.0
2026-07-05 19:49:00,1.14367,1.14372,1.14366,1.14367,26.0
2026-07-05 19:50:00,1.14366,1.14366,1.14356,1.14362,51.0
2026-07-05 19:51:00,1.1436,1.14362,1.14356,1.1436,38.0
2026-07-05 19:52:00,1.1436,1.1436,1.14356,1.14357,46.0
2026-07-05 19:53:00,1.14356,1.14357,1.14352,1.14355,49.0
2026-07-05 19:54:00,1.14356,1.1436,1.14355,1.14359,40.0
2026-07-05 19:55:00,1.14358,1.14362,1.14358,1.14362,27.0
2026-07-05 19:56:00,1.1436,1.14374,1.14357,1.1437,51.0
2026-07-05 19:57:00,1.14371,1.14376,1.14368,1.14372,52.0
2026-07-05 19:58:00,1.1437,1.14378,1.1437,1.14375,65.0
2026-07-05 19:59:00,1.14376,1.14377,1.14368,1.14368,65.0
2026-07-05 20:00:00,1.14366,1.14373,1.14354,1.14356,145.0
2026-07-05 20:01:00,1.14356,1.14376,1.14356,1.14366,154.0
2026-07-05 20:02:00,1.14366,1.14376,1.14364,1.14368,165.0
2026-07-05 20:03:00,1.14368,1.14372,1.14356,1.14366,105.0
2026-07-05 20:04:00,1.14367,1.14368,1.14353,1.14354,99.0
2026-07-05 20:05:00,1.14354,1.14362,1.14354,1.14356,64.0
2026-07-05 20:06:00,1.14356,1.14356,1.14348,1.14348,53.0
2026-07-05 20:07:00,1.14349,1.14352,1.14346,1.14346,74.0
2026-07-05 20:08:00,1.14346,1.1435,1.14346,1.14348,57.0
2026-07-05 20:09:00,1.14348,1.1435,1.14328,1.14332,85.0
2026-07-05 20:10:00,1.14332,1.14344,1.1433,1.14343,69.0
2026-07-05 20:11:00,1.14344,1.14348,1.14342,1.14346,55.0
2026-07-05 20:12:00,1.14346,1.14354,1.14341,1.14352,56.0
2026-07-05 20:13:00,1.14353,1.14367,1.14353,1.14366,66.0
2026-07-05 20:14:00,1.14364,1.14364,1.14358,1.14364,31.0
2026-07-05 20:15:00,1.14363,1.1438,1.14362,1.14378,72.0
2026-07-05 20:16:00,1.14376,1.14404,1.14374,1.14402,110.0
2026-07-05 20:17:00,1.14404,1.14412,1.14396,1.14398,139.0
2026-07-05 20:18:00,1.14398,1.14398,1.14382,1.14384,76.0
2026-07-05 20:19:00,1.14382,1.14389,1.14382,1.14388,61.0
2026-07-05 20:20:00,1.14388,1.14392,1.14384,1.14392,54.0
2026-07-05 20:21:00,1.14391,1.14392,1.14382,1.14392,53.0
2026-07-05 20:22:00,1.1439,1.14391,1.14386,1.1439,35.0
2026-07-05 20:23:00,1.1439,1.1439,1.14382,1.14384,59.0
2026-07-05 20:24:00,1.14383,1.14386,1.14377,1.14384,62.0
2026-07-05 20:25:00,1.14384,1.14384,1.14376,1.14376,69.0
2026-07-05 20:26:00,1.14377,1.14378,1.14366,1.14366,120.0
2026-07-05 20:27:00,1.14366,1.1438,1.14366,1.14376,112.0
2026-07-05 20:28:00,1.14378,1.14382,1.14376,1.1438,27.0
2026-07-05 20:29:00,1.14382,1.14387,1.14376,1.14386,81.0
2026-07-05 20:30:00,1.14386,1.14406,1.14385,1.14398,185.0
2026-07-05 20:31:00,1.144,1.144,1.14384,1.1439,123.0
2026-07-05 20:32:00,1.1439,1.14398,1.1439,1.14396,65.0
2026-07-05 20:33:00,1.14396,1.14404,1.1439,1.1439,116.0
2026-07-05 20:34:00,1.1439,1.1439,1.14382,1.14386,72.0
2026-07-05 20:35:00,1.14386,1.14386,1.14376,1.14384,83.0
2026-07-05 20:36:00,1.14383,1.1439,1.14376,1.1439,77.0
2026-07-05 20:37:00,1.1439,1.14402,1.14389,1.144,85.0
2026-07-05 20:38:00,1.144,1.14404,1.14386,1.14386,73.0
2026-07-05 20:39:00,1.14386,1.14397,1.14386,1.14395,47.0
2026-07-05 20:40:00,1.14396,1.14404,1.14394,1.14404,42.0
2026-07-05 20:41:00,1.14406,1.14408,1.14402,1.14406,49.0
2026-07-05 20:42:00,1.14406,1.14408,1.14398,1.14405,50.0
2026-07-05 20:43:00,1.14404,1.14404,1.14396,1.14396,79.0
2026-07-05 20:44:00,1.14397,1.144,1.14396,1.14396,106.0
2026-07-05 20:45:00,1.14396,1.14401,1.14394,1.14394,52.0
2026-07-05 20:46:00,1.14396,1.14402,1.14396,1.144,25.0
2026-07-05 20:47:00,1.14402,1.14402,1.14396,1.14396,37.0
2026-07-05 20:48:00,1.14396,1.144,1.14389,1.14389,61.0
2026-07-05 20:49:00,1.14388,1.14388,1.14376,1.14382,118.0
2026-07-05 20:50:00,1.14382,1.14385,1.14373,1.14378,117.0
2026-07-05 20:51:00,1.14377,1.14384,1.14376,1.14378,37.0
2026-07-05 20:52:00,1.14379,1.14388,1.14372,1.14386,87.0
2026-07-05 20:53:00,1.14386,1.14389,1.14382,1.14389,66.0
2026-07-05 20:54:00,1.14388,1.14391,1.14373,1.14384,124.0
2026-07-05 20:55:00,1.14386,1.14398,1.14382,1.14396,140.0
2026-07-05 20:56:00,1.14396,1.14402,1.14382,1.14384,68.0
2026-07-05 20:57:00,1.14383,1.14395,1.14383,1.14392,80.0
2026-07-05 20:58:00,1.14393,1.14394,1.14382,1.14384,96.0
2026-07-05 20:59:00,1.14386,1.1439,1.14378,1.14384,91.0
2026-07-05 21:00:00,1.14384,1.14384,1.14369,1.14373,120.0
2026-07-05 21:01:00,1.14374,1.14378,1.14373,1.14374,81.0
2026-07-05 21:02:00,1.14374,1.14378,1.1437,1.14375,80.0
2026-07-05 21:03:00,1.14374,1.14374,1.14369,1.14372,65.0
2026-07-05 21:04:00,1.1437,1.14376,1.14366,1.14367,59.0
2026-07-05 21:05:00,1.14366,1.14371,1.14362,1.14362,69.0
2026-07-05 21:06:00,1.14362,1.1437,1.14359,1.1436,59.0
2026-07-05 21:07:00,1.1436,1.14364,1.14355,1.14356,66.0
2026-07-05 21:08:00,1.14356,1.1437,1.14352,1.14363,108.0
2026-07-05 21:09:00,1.14362,1.14366,1.14361,1.14365,53.0
2026-07-05 21:10:00,1.14367,1.14388,1.14367,1.14382,107.0
2026-07-05 21:11:00,1.14382,1.14384,1.1437,1.1437,56.0
2026-07-05 21:12:00,1.14369,1.14373,1.14356,1.14362,87.0
2026-07-05 21:13:00,1.14361,1.14368,1.14358,1.14366,83.0
2026-07-05 21:14:00,1.14367,1.14371,1.14366,1.14368,62.0
2026-07-05 21:15:00,1.14367,1.14367,1.14358,1.14361,105.0
2026-07-05 21:16:00,1.14362,1.14368,1.14352,1.14352,67.0
2026-07-05 21:17:00,1.14352,1.14352,1.14342,1.14343,31.0
2026-07-05 21:18:00,1.14345,1.14354,1.14345,1.14354,64.0
2026-07-05 21:19:00,1.14355,1.14359,1.14346,1.14348,62.0
2026-07-05 21:20:00,1.14348,1.1435,1.14332,1.14338,101.0
2026-07-05 21:21:00,1.14336,1.14338,1.14321,1.14322,168.0
2026-07-05 21:22:00,1.14322,1.14327,1.14318,1.14322,102.0
2026-07-05 21:23:00,1.14321,1.14323,1.14318,1.14319,59.0
2026-07-05 21:24:00,1.14318,1.14328,1.14318,1.14328,51.0
2026-07-05 21:25:00,1.14327,1.14332,1.14322,1.14322,39.0
2026-07-05 21:26:00,1.14321,1.14322,1.14306,1.14312,72.0
2026-07-05 21:27:00,1.14312,1.14312,1.1431,1.1431,65.0
2026-07-05 21:28:00,1.1431,1.14318,1.1431,1.14316,82.0
2026-07-05 21:29:00,1.14316,1.14318,1.14312,1.14316,48.0
2026-07-05 21:30:00,1.14318,1.14322,1.14306,1.14312,90.0
2026-07-05 21:31:00,1.14312,1.14326,1.14311,1.14326,103.0
2026-07-05 21:32:00,1.14328,1.14333,1.14322,1.14326,89.0
2026-07-05 21:33:00,1.14326,1.14326,1.14321,1.14326,60.0
2026-07-05 21:34:00,1.14326,1.14326,1.14316,1.1432,73.0
2026-07-05 21:35:00,1.1432,1.14326,1.14318,1.1432,74.0
2026-07-05 21:36:00,1.14318,1.14326,1.14318,1.14324,82.0
2026-07-05 21:37:00,1.14328,1.14343,1.14328,1.14342,88.0
2026-07-05 21:38:00,1.14342,1.14347,1.1434,1.14344,68.0
2026-07-05 21:39:00,1.14344,1.14348,1.14341,1.14348,37.0
2026-07-05 21:40:00,1.14348,1.14349,1.14342,1.14344,46.0
2026-07-05 21:41:00,1.14342,1.14348,1.1434,1.14342,77.0
2026-07-05 21:42:00,1.14342,1.14342,1.14338,1.14341,58.0
2026-07-05 21:43:00,1.14342,1.14342,1.14333,1.14338,39.0
2026-07-05 21:44:00,1.14338,1.14344,1.14338,1.14342,52.0
2026-07-05 21:45:00,1.14341,1.14342,1.1433,1.1433,54.0
2026-07-05 21:46:00,1.1433,1.1433,1.14324,1.14327,33.0
2026-07-05 21:47:00,1.14327,1.14336,1.14326,1.14336,40.0
2026-07-05 21:48:00,1.14336,1.14337,1.14327,1.1433,110.0
2026-07-05 21:49:00,1.1433,1.14332,1.14317,1.14318,79.0
2026-07-05 21:50:00,1.14319,1.14319,1.14311,1.14311,53.0
2026-07-05 21:51:00,1.14312,1.14312,1.14304,1.14312,81.0
2026-07-05 21:52:00,1.14312,1.14312,1.14306,1.14306,62.0
2026-07-05 21:53:00,1.14308,1.14316,1.14306,1.14306,73.0
2026-07-05 21:54:00,1.14307,1.1431,1.14306,1.14308,59.0
2026-07-05 21:55:00,1.14308,1.14313,1.14302,1.14302,74.0
2026-07-05 21:56:00,1.14304,1.14306,1.14301,1.14304,69.0
2026-07-05 21:57:00,1.14302,1.14302,1.14293,1.14296,45.0
2026-07-05 21:58:00,1.14296,1.14296,1.14284,1.14286,75.0
2026-07-05 21:59:00,1.14288,1.14288,1.14285,1.14286,61.0
2026-07-05 22:00:00,1.14286,1.14296,1.14284,1.14296,68.0
2026-07-05 22:01:00,1.14296,1.14296,1.14291,1.14296,55.0
2026-07-05 22:02:00,1.14294,1.14301,1.14291,1.14299,60.0
2026-07-05 22:03:00,1.14298,1.143,1.14295,1.14299,69.0
2026-07-05 22:04:00,1.14301,1.14301,1.14296,1.14297,44.0
2026-07-05 22:05:00,1.14296,1.14296,1.14286,1.14289,65.0
2026-07-05 22:06:00,1.14288,1.14289,1.14284,1.14284,54.0
2026-07-05 22:07:00,1.14284,1.14284,1.14276,1.1428,100.0
2026-07-05 22:08:00,1.1428,1.14287,1.1428,1.14286,32.0
2026-07-05 22:09:00,1.14288,1.14292,1.14282,1.14292,41.0
2026-07-05 22:10:00,1.14291,1.14294,1.14286,1.14292,66.0
2026-07-05 22:11:00,1.14294,1.14302,1.1429,1.14298,91.0
2026-07-05 22:12:00,1.14298,1.14299,1.14291,1.14292,79.0
2026-07-05 22:13:00,1.14292,1.14296,1.1429,1.14296,79.0
2026-07-05 22:14:00,1.14295,1.143,1.14294,1.14298,18.0
2026-07-05 22:15:00,1.14297,1.14298,1.14291,1.14296,26.0
2026-07-05 22:16:00,1.14294,1.14294,1.14286,1.14291,42.0
2026-07-05 22:17:00,1.14292,1.14298,1.14289,1.14298,35.0
2026-07-05 22:18:00,1.14297,1.14301,1.14292,1.143,52.0
2026-07-05 22:19:00,1.14301,1.14302,1.14298,1.143,52.0
2026-07-05 22:20:00,1.143,1.14308,1.143,1.14308,32.0
2026-07-05 22:21:00,1.14308,1.14308,1.14301,1.14302,95.0
2026-07-05 22:22:00,1.14302,1.14306,1.14302,1.14302,28.0
2026-07-05 22:23:00,1.14302,1.14305,1.14296,1.14296,25.0
2026-07-05 22:24:00,1.14297,1.14298,1.14292,1.14292,84.0
2026-07-05 22:25:00,1.14292,1.143,1.14292,1.14298,59.0
2026-07-05 22:26:00,1.14298,1.143,1.14297,1.14297,22.0
2026-07-05 22:27:00,1.14298,1.14298,1.14294,1.14294,64.0
2026-07-05 22:28:00,1.14296,1.14301,1.14295,1.14295,41.0
2026-07-05 22:29:00,1.14294,1.14296,1.14292,1.14293,30.0
2026-07-05 22:30:00,1.14295,1.14299,1.14292,1.14298,48.0
2026-07-05 22:31:00,1.14297,1.14297,1.14292,1.14294,30.0
2026-07-05 22:32:00,1.14294,1.143,1.14294,1.143,60.0
2026-07-05 22:33:00,1.14299,1.14302,1.14299,1.143,28.0
2026-07-05 22:34:00,1.143,1.14302,1.14297,1.14299,34.0
2026-07-05 22:35:00,1.14299,1.14307,1.14298,1.14298,51.0
2026-07-05 22:36:00,1.14297,1.14298,1.14292,1.14298,67.0
2026-07-05 22:37:00,1.14298,1.14299,1.14294,1.14296,28.0
2026-07-05 22:38:00,1.14298,1.14298,1.14296,1.14298,10.0
2026-07-05 22:39:00,1.14298,1.14302,1.14297,1.14298,52.0
2026-07-05 22:40:00,1.14297,1.14298,1.14288,1.1429,52.0
2026-07-05 22:41:00,1.14289,1.143,1.14289,1.143,60.0
2026-07-05 22:42:00,1.14302,1.14302,1.14298,1.14299,74.0
2026-07-05 22:43:00,1.14298,1.14303,1.14298,1.143,47.0
2026-07-05 22:44:00,1.14299,1.14302,1.14294,1.14297,67.0
2026-07-05 22:45:00,1.14298,1.14308,1.14298,1.14308,41.0
2026-07-05 22:46:00,1.14308,1.1431,1.14308,1.1431,33.0
2026-07-05 22:47:00,1.1431,1.14315,1.14308,1.1431,44.0
2026-07-05 22:48:00,1.14309,1.14314,1.14308,1.1431,96.0
2026-07-05 22:49:00,1.14311,1.14312,1.14309,1.14311,73.0
2026-07-05 22:50:00,1.14312,1.14312,1.14308,1.14308,48.0
2026-07-05 22:51:00,1.14309,1.14323,1.14309,1.14323,67.0
2026-07-05 22:52:00,1.14322,1.14334,1.14322,1.14332,58.0
2026-07-05 22:53:00,1.14332,1.14336,1.1433,1.14332,54.0
2026-07-05 22:54:00,1.14333,1.14334,1.14331,1.14333,53.0
2026-07-05 22:55:00,1.14332,1.14336,1.14332,1.14334,39.0
2026-07-05 22:56:00,1.14334,1.14334,1.14328,1.14332,44.0
2026-07-05 22:57:00,1.14334,1.14349,1.14334,1.14346,44.0
2026-07-05 22:58:00,1.14348,1.1435,1.14345,1.1435,22.0
2026-07-05 22:59:00,1.1435,1.14352,1.1434,1.1434,46.0
2026-07-05 23:00:00,1.14338,1.14348,1.14338,1.14346,47.0
2026-07-05 23:01:00,1.14347,1.14359,1.14345,1.14355,87.0
2026-07-05 23:02:00,1.14354,1.14354,1.1435,1.14352,69.0
2026-07-05 23:03:00,1.14352,1.14352,1.14348,1.14348,56.0
2026-07-05 23:04:00,1.14348,1.14352,1.14346,1.1435,61.0
2026-07-05 23:05:00,1.14347,1.14348,1.14344,1.14346,55.0
2026-07-05 23:06:00,1.14346,1.14346,1.14341,1.14345,34.0
2026-07-05 23:07:00,1.14344,1.14346,1.14342,1.14344,35.0
2026-07-05 23:08:00,1.14344,1.14344,1.1434,1.14341,32.0
2026-07-05 23:09:00,1.14342,1.14344,1.14341,1.14341,16.0
2026-07-05 23:10:00,1.1434,1.14343,1.14339,1.14339,26.0
2026-07-05 23:11:00,1.14342,1.14344,1.14341,1.14341,53.0
2026-07-05 23:12:00,1.1434,1.14342,1.14338,1.14338,29.0
2026-07-05 23:13:00,1.14338,1.14338,1.14332,1.14334,30.0
2026-07-05 23:14:00,1.14336,1.14336,1.1433,1.1433,28.0
2026-07-05 23:15:00,1.1433,1.1433,1.14319,1.14321,38.0
2026-07-05 23:16:00,1.14322,1.14332,1.14321,1.14328,34.0
2026-07-05 23:17:00,1.1433,1.14334,1.1433,1.14333,52.0
2026-07-05 23:18:00,1.14332,1.14332,1.1433,1.1433,18.0
2026-07-05 23:19:00,1.1433,1.1433,1.14326,1.14328,37.0
2026-07-05 23:20:00,1.14326,1.14329,1.14324,1.14326,21.0
2026-07-05 23:21:00,1.14328,1.14328,1.14321,1.14322,46.0
2026-07-05 23:22:00,1.14322,1.14323,1.14308,1.14315,58.0
2026-07-05 23:23:00,1.14314,1.14318,1.14308,1.14308,43.0
2026-07-05 23:24:00,1.14308,1.14308,1.14302,1.14302,42.0
2026-07-05 23:25:00,1.14303,1.1431,1.14298,1.14306,84.0
2026-07-05 23:26:00,1.14307,1.14307,1.14297,1.14299,40.0
2026-07-05 23:27:00,1.14298,1.14306,1.14298,1.14306,42.0
2026-07-05 23:28:00,1.14306,1.14306,1.14298,1.14298,26.0
2026-07-05 23:29:00,1.14299,1.143,1.14291,1.14291,38.0
2026-07-05 23:30:00,1.14292,1.14292,1.14287,1.14288,72.0
2026-07-05 23:31:00,1.14288,1.14288,1.14282,1.14285,56.0
2026-07-05 23:32:00,1.14286,1.14288,1.14281,1.14287,53.0
2026-07-05 23:33:00,1.14286,1.14288,1.14286,1.14288,30.0
2026-07-05 23:34:00,1.14287,1.14289,1.14286,1.14287,42.0
2026-07-05 23:35:00,1.14288,1.14299,1.14286,1.14297,47.0
2026-07-05 23:36:00,1.14297,1.143,1.14296,1.14299,62.0
2026-07-05 23:37:00,1.14298,1.14299,1.14292,1.14292,43.0
2026-07-05 23:38:00,1.14293,1.14296,1.14289,1.14294,29.0
2026-07-05 23:39:00,1.14295,1.143,1.14294,1.143,34.0
2026-07-05 23:40:00,1.14298,1.143,1.14296,1.14299,42.0
2026-07-05 23:41:00,1.143,1.14302,1.14296,1.14302,71.0
2026-07-05 23:42:00,1.14302,1.14308,1.14301,1.14304,73.0
2026-07-05 23:43:00,1.14302,1.14305,1.14301,1.14302,38.0
2026-07-05 23:44:00,1.14302,1.14312,1.14302,1.14312,35.0
2026-07-05 23:45:00,1.14312,1.14319,1.14312,1.14318,33.0
2026-07-05 23:46:00,1.14318,1.14322,1.14316,1.14318,44.0
2026-07-05 23:47:00,1.14318,1.1432,1.14316,1.14318,36.0
2026-07-05 23:48:00,1.14318,1.14318,1.14312,1.14312,14.0
2026-07-05 23:49:00,1.14312,1.14312,1.14306,1.14307,37.0
2026-07-05 23:50:00,1.14308,1.14312,1.14307,1.14307,35.0
2026-07-05 23:51:00,1.14308,1.14308,1.14306,1.14306,24.0
2026-07-05 23:52:00,1.14305,1.14305,1.14297,1.14299,41.0
2026-07-05 23:53:00,1.14299,1.14302,1.14299,1.14302,44.0
2026-07-05 23:54:00,1.14301,1.14302,1.143,1.14302,53.0
2026-07-05 23:55:00,1.14301,1.1431,1.14301,1.14308,35.0
2026-07-05 23:56:00,1.14308,1.14315,1.14306,1.14314,22.0
2026-07-05 23:57:00,1.14315,1.14316,1.14312,1.14315,38.0
2026-07-05 23:58:00,1.14316,1.14322,1.1431,1.14311,62.0
2026-07-05 23:59:00,1.1431,1.14321,1.1431,1.14318,60.0
2026-07-06 00:00:00,1.14318,1.1432,1.14316,1.14318,30.0
2026-07-06 00:01:00,1.1432,1.14322,1.1432,1.14321,63.0
2026-07-06 00:02:00,1.1432,1.1432,1.14316,1.14317,26.0
2026-07-06 00:03:00,1.14318,1.14322,1.14316,1.14322,32.0
2026-07-06 00:04:00,1.14322,1.14326,1.14322,1.14322,32.0
2026-07-06 00:05:00,1.14324,1.14327,1.14322,1.14322,33.0
2026-07-06 00:06:00,1.14323,1.14323,1.14318,1.1432,24.0
2026-07-06 00:07:00,1.14318,1.14325,1.14318,1.14325,21.0
2026-07-06 00:08:00,1.14324,1.14326,1.14322,1.14326,34.0
2026-07-06 00:09:00,1.14326,1.14326,1.14322,1.14322,24.0
2026-07-06 00:10:00,1.14322,1.14333,1.14322,1.14333,45.0
2026-07-06 00:11:00,1.14332,1.14334,1.14332,1.14332,13.0
2026-07-06 00:12:00,1.14332,1.1434,1.14332,1.1434,54.0
2026-07-06 00:13:00,1.14339,1.1434,1.14334,1.14338,30.0
2026-07-06 00:14:00,1.14339,1.14342,1.14332,1.14334,31.0
2026-07-06 00:15:00,1.14333,1.14334,1.1433,1.14334,22.0
2026-07-06 00:16:00,1.14334,1.14342,1.14333,1.14337,54.0
2026-07-06 00:17:00,1.14338,1.14338,1.14328,1.14328,32.0
2026-07-06 00:18:00,1.14328,1.1433,1.14326,1.1433,20.0
2026-07-06 00:19:00,1.1433,1.1433,1.14328,1.14328,3.0
2026-07-06 00:20:00,1.14328,1.14328,1.14327,1.14328,9.0
2026-07-06 00:21:00,1.14328,1.14328,1.14327,1.14327,3.0
2026-07-06 00:22:00,1.14326,1.14326,1.14322,1.14322,9.0
2026-07-06 00:23:00,1.14322,1.14326,1.14322,1.14324,50.0
2026-07-06 00:24:00,1.14322,1.1433,1.14322,1.14328,51.0
2026-07-06 00:25:00,1.14326,1.14329,1.14325,1.14326,40.0
2026-07-06 00:26:00,1.14326,1.14328,1.14322,1.14327,49.0
2026-07-06 00:27:00,1.14326,1.14327,1.14324,1.14324,18.0
2026-07-06 00:28:00,1.14322,1.14324,1.14322,1.14322,37.0
2026-07-06 00:29:00,1.14322,1.14322,1.1432,1.14322,18.0
2026-07-06 00:30:00,1.14322,1.14326,1.14322,1.14324,23.0
2026-07-06 00:31:00,1.14324,1.1433,1.14324,1.14328,32.0
2026-07-06 00:32:00,1.14329,1.14333,1.14328,1.14332,44.0
2026-07-06 00:33:00,1.14332,1.14333,1.14331,1.14332,61.0
2026-07-06 00:34:00,1.14332,1.14332,1.14326,1.14327,25.0
2026-07-06 00:35:00,1.14326,1.14326,1.14322,1.14324,35.0
2026-07-06 00:36:00,1.14324,1.14324,1.14322,1.14322,13.0
2026-07-06 00:37:00,1.14323,1.14326,1.14322,1.14324,21.0
2026-07-06 00:38:00,1.14325,1.14325,1.14322,1.14322,22.0
2026-07-06 00:39:00,1.14322,1.14324,1.14318,1.14324,31.0
2026-07-06 00:40:00,1.14322,1.14328,1.14322,1.14327,23.0
2026-07-06 00:41:00,1.14326,1.14326,1.14322,1.14322,28.0
2026-07-06 00:42:00,1.14322,1.14332,1.14322,1.14328,50.0
2026-07-06 00:43:00,1.14326,1.14328,1.14324,1.14326,43.0
2026-07-06 00:44:00,1.14327,1.14336,1.14325,1.14336,29.0
2026-07-06 00:45:00,1.14334,1.14334,1.14328,1.14332,16.0
2026-07-06 00:46:00,1.14331,1.14332,1.14322,1.14323,68.0
2026-07-06 00:47:00,1.14322,1.14326,1.14322,1.14323,39.0
2026-07-06 00:48:00,1.14324,1.14332,1.14324,1.14332,54.0
2026-07-06 00:49:00,1.14334,1.14336,1.14332,1.14332,42.0
2026-07-06 00:50:00,1.14331,1.14334,1.14328,1.14328,48.0
2026-07-06 00:51:00,1.14329,1.14329,1.1432,1.14321,34.0
2026-07-06 00:52:00,1.1432,1.14325,1.1432,1.14322,34.0
2026-07-06 00:53:00,1.14322,1.14326,1.14322,1.14324,46.0
2026-07-06 00:54:00,1.14325,1.1433,1.14324,1.1433,34.0
2026-07-06 00:55:00,1.14331,1.14333,1.14326,1.14328,39.0
2026-07-06 00:56:00,1.14327,1.14336,1.14325,1.14334,51.0
2026-07-06 00:57:00,1.14332,1.14332,1.14328,1.14329,14.0
2026-07-06 00:58:00,1.14332,1.14332,1.14328,1.1433,43.0
2026-07-06 00:59:00,1.14328,1.14329,1.14326,1.14328,30.0
2026-07-06 01:00:00,1.14329,1.14333,1.14317,1.14318,59.0
2026-07-06 01:01:00,1.14319,1.14319,1.1431,1.1431,46.0
2026-07-06 01:02:00,1.14312,1.14316,1.1431,1.14312,53.0
2026-07-06 01:03:00,1.14311,1.14312,1.143,1.143,83.0
2026-07-06 01:04:00,1.143,1.14302,1.14299,1.143,51.0
2026-07-06 01:05:00,1.143,1.14302,1.14298,1.14301,34.0
2026-07-06 01:06:00,1.143,1.14301,1.14296,1.14301,59.0
2026-07-06 01:07:00,1.143,1.14301,1.14296,1.14296,43.0
2026-07-06 01:08:00,1.14295,1.14296,1.14289,1.1429,50.0
2026-07-06 01:09:00,1.1429,1.14291,1.14287,1.14288,64.0
2026-07-06 01:10:00,1.14288,1.14291,1.14288,1.1429,16.0
2026-07-06 01:11:00,1.1429,1.14298,1.14288,1.14298,42.0
2026-07-06 01:12:00,1.14296,1.14311,1.14296,1.14303,62.0
2026-07-06 01:13:00,1.14304,1.14306,1.14296,1.14301,76.0
2026-07-06 01:14:00,1.14302,1.14302,1.14297,1.14299,49.0
2026-07-06 01:15:00,1.14298,1.14299,1.14294,1.14298,73.0
2026-07-06 01:16:00,1.14298,1.143,1.14296,1.14296,85.0
2026-07-06 01:17:00,1.14295,1.14296,1.14292,1.14292,23.0
2026-07-06 01:18:00,1.14292,1.14294,1.14286,1.14286,57.0
2026-07-06 01:19:00,1.14288,1.14292,1.14286,1.14286,33.0
2026-07-06 01:20:00,1.14287,1.14292,1.14286,1.14292,27.0
2026-07-06 01:21:00,1.14291,1.14292,1.14281,1.14284,46.0
2026-07-06 01:22:00,1.14282,1.1429,1.14281,1.14289,37.0
2026-07-06 01:23:00,1.14288,1.14291,1.14284,1.14286,23.0
2026-07-06 01:24:00,1.14284,1.14286,1.1428,1.14281,33.0
2026-07-06 01:25:00,1.1428,1.14286,1.1428,1.14286,21.0
2026-07-06 01:26:00,1.14284,1.14284,1.14276,1.14279,43.0
2026-07-06 01:27:00,1.14278,1.14281,1.14276,1.14281,34.0
2026-07-06 01:28:00,1.14282,1.1429,1.14282,1.1429,40.0
2026-07-06 01:29:00,1.14291,1.14292,1.14288,1.14288,28.0
2026-07-06 01:30:00,1.14288,1.143,1.14282,1.14296,82.0
2026-07-06 01:31:00,1.14297,1.14302,1.14294,1.14302,57.0
2026-07-06 01:32:00,1.14304,1.14309,1.143,1.14308,48.0
2026-07-06 01:33:00,1.14308,1.14324,1.14308,1.14322,57.0
2026-07-06 01:34:00,1.14322,1.14324,1.14317,1.14317,61.0
2026-07-06 01:35:00,1.14318,1.14318,1.14311,1.14317,49.0
2026-07-06 01:36:00,1.14316,1.14318,1.14316,1.14316,35.0
2026-07-06 01:37:00,1.14317,1.1432,1.14316,1.1432,17.0
2026-07-06 01:38:00,1.1432,1.14322,1.14316,1.1432,40.0
2026-07-06 01:39:00,1.14318,1.14324,1.1431,1.14311,62.0
2026-07-06 01:40:00,1.14312,1.14316,1.1431,1.14314,42.0
2026-07-06 01:41:00,1.14314,1.14314,1.14302,1.14306,72.0
2026-07-06 01:42:00,1.14305,1.14306,1.14299,1.14302,47.0
2026-07-06 01:43:00,1.14302,1.14302,1.14296,1.14299,42.0
2026-07-06 01:44:00,1.14298,1.14298,1.14295,1.14296,27.0
2026-07-06 01:45:00,1.14296,1.14304,1.14291,1.14304,24.0
2026-07-06 01:46:00,1.14306,1.14312,1.14306,1.14312,32.0
2026-07-06 01:47:00,1.14312,1.14314,1.14311,1.14312,15.0
2026-07-06 01:48:00,1.14311,1.14316,1.1431,1.14311,42.0
2026-07-06 01:49:00,1.14312,1.14313,1.14302,1.14304,55.0
2026-07-06 01:50:00,1.14302,1.14306,1.143,1.143,32.0
2026-07-06 01:51:00,1.143,1.143,1.14294,1.14296,59.0
2026-07-06 01:52:00,1.14296,1.143,1.14296,1.14298,48.0
2026-07-06 01:53:00,1.14298,1.143,1.14292,1.14296,50.0
2026-07-06 01:54:00,1.14296,1.14302,1.14296,1.143,34.0
2026-07-06 01:55:00,1.14302,1.14304,1.14282,1.14283,70.0
2026-07-06 01:56:00,1.14282,1.1429,1.1428,1.14283,66.0
2026-07-06 01:57:00,1.14282,1.14282,1.14272,1.14272,62.0
2026-07-06 01:58:00,1.1427,1.1427,1.1423,1.14234,201.0
2026-07-06 01:59:00,1.14234,1.14245,1.14232,1.14236,123.0
2026-07-06 02:00:00,1.14236,1.14288,1.14236,1.14271,142.0
2026-07-06 02:01:00,1.1427,1.14282,1.14262,1.14268,100.0
2026-07-06 02:02:00,1.1427,1.1428,1.1427,1.1428,84.0
2026-07-06 02:03:00,1.1428,1.1428,1.14263,1.14272,85.0
2026-07-06 02:04:00,1.14271,1.14278,1.14267,1.14278,60.0
2026-07-06 02:05:00,1.14278,1.14282,1.14266,1.14267,142.0
2026-07-06 02:06:00,1.14266,1.1427,1.14244,1.14258,130.0
2026-07-06 02:07:00,1.1426,1.14272,1.14259,1.14271,79.0
2026-07-06 02:08:00,1.14272,1.14285,1.1427,1.14282,134.0
2026-07-06 02:09:00,1.14282,1.1429,1.1428,1.14282,85.0
2026-07-06 02:10:00,1.14284,1.14284,1.1427,1.14272,86.0
2026-07-06 02:11:00,1.1427,1.14276,1.14264,1.14276,74.0
2026-07-06 02:12:00,1.14276,1.14276,1.14254,1.14257,86.0
2026-07-06 02:13:00,1.14256,1.14261,1.14255,1.14255,36.0
2026-07-06 02:14:00,1.14253,1.14256,1.14249,1.14252,49.0
2026-07-06 02:15:00,1.14254,1.14254,1.14235,1.14236,86.0
2026-07-06 02:16:00,1.14235,1.1424,1.14232,1.14233,99.0
2026-07-06 02:17:00,1.14234,1.14252,1.14234,1.14245,108.0
2026-07-06 02:18:00,1.14246,1.14248,1.14233,1.14234,69.0
2026-07-06 02:19:00,1.14234,1.14235,1.14216,1.14226,150.0
2026-07-06 02:20:00,1.14224,1.14236,1.14218,1.14236,112.0
2026-07-06 02:21:00,1.14236,1.14251,1.14232,1.1425,139.0
2026-07-06 02:22:00,1.1425,1.14257,1.1425,1.1425,82.0
2026-07-06 02:23:00,1.1425,1.1425,1.14244,1.14244,60.0
2026-07-06 02:24:00,1.14244,1.14248,1.14242,1.14248,47.0
2026-07-06 02:25:00,1.14248,1.1425,1.14237,1.14242,85.0
2026-07-06 02:26:00,1.14241,1.14241,1.1423,1.1423,51.0
2026-07-06 02:27:00,1.14229,1.14234,1.14228,1.1423,55.0
2026-07-06 02:28:00,1.1423,1.1423,1.14216,1.14226,87.0
2026-07-06 02:29:00,1.14226,1.14241,1.14226,1.14241,29.0
2026-07-06 02:30:00,1.1424,1.1424,1.14231,1.14236,95.0
2026-07-06 02:31:00,1.14237,1.14244,1.14216,1.1422,121.0
2026-07-06 02:32:00,1.1422,1.14231,1.1422,1.14228,139.0
2026-07-06 02:33:00,1.1423,1.14245,1.14229,1.14245,61.0
2026-07-06 02:34:00,1.14244,1.14253,1.14237,1.14238,133.0
2026-07-06 02:35:00,1.14239,1.14243,1.14236,1.14236,47.0
2026-07-06 02:36:00,1.14236,1.14237,1.14198,1.14201,123.0
2026-07-06 02:37:00,1.142,1.14232,1.142,1.14232,119.0
2026-07-06 02:38:00,1.14232,1.1424,1.14232,1.14238,99.0
2026-07-06 02:39:00,1.14239,1.14244,1.14236,1.14237,73.0
2026-07-06 02:40:00,1.14234,1.14244,1.14233,1.14238,90.0
2026-07-06 02:41:00,1.14238,1.14248,1.14236,1.14238,153.0
2026-07-06 02:42:00,1.14236,1.14244,1.14233,1.14236,109.0
2026-07-06 02:43:00,1.14238,1.1424,1.14231,1.14231,65.0
2026-07-06 02:44:00,1.14231,1.14236,1.1423,1.14236,46.0
2026-07-06 02:45:00,1.14236,1.14253,1.14232,1.14251,95.0
2026-07-06 02:46:00,1.14252,1.14253,1.14241,1.14241,95.0
2026-07-06 02:47:00,1.14241,1.14243,1.14238,1.1424,83.0
2026-07-06 02:48:00,1.14238,1.1424,1.14232,1.14235,103.0
2026-07-06 02:49:00,1.14234,1.14242,1.1423,1.14232,72.0
2026-07-06 02:50:00,1.14231,1.14232,1.14227,1.14231,22.0
2026-07-06 02:51:00,1.14232,1.14232,1.14229,1.14232,42.0
2026-07-06 02:52:00,1.14232,1.14238,1.1423,1.1423,54.0
2026-07-06 02:53:00,1.1423,1.14232,1.14217,1.14217,71.0
2026-07-06 02:54:00,1.14216,1.14226,1.14216,1.14222,103.0
2026-07-06 02:55:00,1.14222,1.14227,1.14216,1.14216,79.0
2026-07-06 02:56:00,1.14216,1.14218,1.14211,1.14212,69.0
2026-07-06 02:57:00,1.14211,1.14211,1.14201,1.14204,100.0
2026-07-06 02:58:00,1.14204,1.14216,1.14204,1.1421,58.0
2026-07-06 02:59:00,1.14211,1.14238,1.1421,1.14231,135.0
2026-07-06 03:00:00,1.1423,1.14232,1.14178,1.14181,199.0
2026-07-06 03:01:00,1.1418,1.14187,1.14166,1.14186,181.0
2026-07-06 03:02:00,1.14186,1.14198,1.14182,1.14192,137.0
2026-07-06 03:03:00,1.14191,1.14197,1.14184,1.1419,142.0
2026-07-06 03:04:00,1.14192,1.1421,1.14192,1.14201,136.0
2026-07-06 03:05:00,1.14202,1.14202,1.1419,1.14196,103.0
2026-07-06 03:06:00,1.14197,1.14206,1.1419,1.142,113.0
2026-07-06 03:07:00,1.142,1.14201,1.14186,1.14193,119.0
2026-07-06 03:08:00,1.14192,1.14192,1.14185,1.14185,71.0
2026-07-06 03:09:00,1.14186,1.14191,1.14181,1.14186,114.0
2026-07-06 03:10:00,1.14185,1.14188,1.14176,1.14176,63.0
2026-07-06 03:11:00,1.14177,1.14202,1.14176,1.142,104.0
2026-07-06 03:12:00,1.142,1.14207,1.14198,1.14204,79.0
2026-07-06 03:13:00,1.14204,1.14223,1.14203,1.14221,124.0
2026-07-06 03:14:00,1.1422,1.14254,1.14218,1.14254,149.0
2026-07-06 03:15:00,1.14255,1.14267,1.14251,1.14262,153.0
2026-07-06 03:16:00,1.14262,1.14277,1.1426,1.14272,122.0
2026-07-06 03:17:00,1.1427,1.14276,1.14264,1.14266,104.0
2026-07-06 03:18:00,1.14266,1.14282,1.14266,1.14271,139.0
2026-07-06 03:19:00,1.14271,1.14278,1.14252,1.1426,210.0
2026-07-06 03:20:00,1.14261,1.14265,1.14246,1.14248,191.0
2026-07-06 03:21:00,1.14248,1.14252,1.14248,1.1425,108.0
2026-07-06 03:22:00,1.14251,1.14252,1.14234,1.14246,143.0
2026-07-06 03:23:00,1.14245,1.14256,1.14238,1.14248,127.0
2026-07-06 03:24:00,1.14248,1.14249,1.14234,1.14242,123.0
2026-07-06 03:25:00,1.14243,1.14244,1.14226,1.14226,163.0
2026-07-06 03:26:00,1.14226,1.1423,1.14206,1.1422,122.0
2026-07-06 03:27:00,1.1422,1.14238,1.14214,1.1423,168.0
2026-07-06 03:28:00,1.1423,1.14236,1.14222,1.14224,79.0
2026-07-06 03:29:00,1.14224,1.1423,1.14221,1.14226,73.0
2026-07-06 03:30:00,1.14226,1.14239,1.14221,1.14224,131.0
2026-07-06 03:31:00,1.14224,1.14238,1.14224,1.14238,99.0
2026-07-06 03:32:00,1.14237,1.14256,1.14236,1.14251,134.0
2026-07-06 03:33:00,1.14249,1.14249,1.14238,1.14239,93.0
2026-07-06 03:34:00,1.1424,1.14242,1.14226,1.14226,96.0
2026-07-06 03:35:00,1.14226,1.14236,1.14218,1.14222,109.0
2026-07-06 03:36:00,1.14221,1.14229,1.1422,1.14226,77.0
2026-07-06 03:37:00,1.14226,1.14244,1.14226,1.14244,97.0
2026-07-06 03:38:00,1.14244,1.14248,1.14228,1.14231,117.0
2026-07-06 03:39:00,1.14232,1.14252,1.14232,1.14251,67.0
2026-07-06 03:40:00,1.1425,1.14256,1.1425,1.14254,59.0
2026-07-06 03:41:00,1.14253,1.14258,1.14247,1.14254,162.0
2026-07-06 03:42:00,1.14254,1.14258,1.14246,1.1425,130.0
2026-07-06 03:43:00,1.1425,1.14258,1.14249,1.14256,182.0
2026-07-06 03:44:00,1.14257,1.14272,1.1425,1.14252,98.0
2026-07-06 03:45:00,1.14251,1.14262,1.1425,1.14262,56.0
2026-07-06 03:46:00,1.14262,1.14262,1.14252,1.14256,73.0
2026-07-06 03:47:00,1.14256,1.14263,1.1425,1.14251,88.0
2026-07-06 03:48:00,1.14252,1.14266,1.1425,1.14256,106.0
2026-07-06 03:49:00,1.14257,1.14266,1.14252,1.14255,128.0
2026-07-06 03:50:00,1.14254,1.1426,1.14232,1.14238,132.0
2026-07-06 03:51:00,1.14238,1.14242,1.14223,1.14236,88.0
2026-07-06 03:52:00,1.14237,1.14246,1.14237,1.14245,52.0
2026-07-06 03:53:00,1.14244,1.14251,1.1424,1.14241,59.0
2026-07-06 03:54:00,1.1424,1.14244,1.1424,1.14241,54.0
2026-07-06 03:55:00,1.14242,1.14257,1.14242,1.1425,102.0
2026-07-06 03:56:00,1.1425,1.14264,1.1425,1.14263,114.0
2026-07-06 03:57:00,1.14262,1.14276,1.14256,1.14263,148.0
2026-07-06 03:58:00,1.14262,1.14266,1.1426,1.14266,85.0
2026-07-06 03:59:00,1.14266,1.14268,1.1426,1.14266,117.0
2026-07-06 04:00:00,1.14266,1.14272,1.14254,1.1426,145.0
2026-07-06 04:01:00,1.1426,1.14262,1.14246,1.14246,101.0
2026-07-06 04:02:00,1.14246,1.14247,1.1423,1.14232,105.0
2026-07-06 04:03:00,1.14232,1.14235,1.14214,1.14234,129.0
2026-07-06 04:04:00,1.14236,1.1424,1.14232,1.14237,81.0
2026-07-06 04:05:00,1.14236,1.14243,1.14226,1.14238,114.0
2026-07-06 04:06:00,1.14238,1.1424,1.14228,1.14229,90.0
2026-07-06 04:07:00,1.14228,1.14238,1.14226,1.14229,91.0
2026-07-06 04:08:00,1.1423,1.14235,1.14226,1.1423,62.0
2026-07-06 04:09:00,1.14228,1.14228,1.14212,1.14212,98.0
2026-07-06 04:10:00,1.1421,1.14216,1.14186,1.14188,97.0
2026-07-06 04:11:00,1.14189,1.14192,1.14158,1.14166,189.0
2026-07-06 04:12:00,1.14166,1.14194,1.14166,1.14194,101.0
2026-07-06 04:13:00,1.14196,1.14204,1.14192,1.14197,135.0
2026-07-06 04:14:00,1.14196,1.14199,1.14191,1.14193,109.0
2026-07-06 04:15:00,1.14194,1.14205,1.14193,1.14202,96.0
2026-07-06 04:16:00,1.14205,1.14212,1.142,1.14202,87.0
2026-07-06 04:17:00,1.14202,1.14206,1.14188,1.14189,94.0
2026-07-06 04:18:00,1.1419,1.14194,1.1418,1.14182,98.0
2026-07-06 04:19:00,1.14182,1.14184,1.1417,1.14176,90.0
2026-07-06 04:20:00,1.14176,1.14188,1.14176,1.1418,69.0
2026-07-06 04:21:00,1.14182,1.14184,1.14172,1.1418,100.0
2026-07-06 04:22:00,1.1418,1.14197,1.14178,1.14192,132.0
2026-07-06 04:23:00,1.14192,1.14193,1.14186,1.14186,38.0
2026-07-06 04:24:00,1.14186,1.1419,1.14176,1.14176,99.0
2026-07-06 04:25:00,1.14175,1.14183,1.14174,1.1418,50.0
2026-07-06 04:26:00,1.14178,1.14188,1.14174,1.14185,97.0
2026-07-06 04:27:00,1.14186,1.14188,1.14173,1.14173,82.0
2026-07-06 04:28:00,1.14172,1.14176,1.14168,1.14175,46.0
2026-07-06 04:29:00,1.14176,1.14192,1.14176,1.1419,63.0
2026-07-06 04:30:00,1.14192,1.14208,1.14192,1.14208,68.0
2026-07-06 04:31:00,1.14207,1.14207,1.1419,1.14192,61.0
2026-07-06 04:32:00,1.14192,1.14204,1.14185,1.14186,118.0
2026-07-06 04:33:00,1.14186,1.14197,1.14186,1.14192,74.0
2026-07-06 04:34:00,1.14192,1.14192,1.14174,1.14182,64.0
2026-07-06 04:35:00,1.14183,1.14188,1.14182,1.14188,48.0
2026-07-06 04:36:00,1.14188,1.14194,1.14188,1.14192,33.0
2026-07-06 04:37:00,1.14193,1.14197,1.14187,1.14188,47.0
2026-07-06 04:38:00,1.14187,1.14189,1.1418,1.14182,36.0
2026-07-06 04:39:00,1.14184,1.14186,1.1418,1.14186,53.0
2026-07-06 04:40:00,1.14186,1.14197,1.14186,1.14192,77.0
2026-07-06 04:41:00,1.14192,1.14197,1.14192,1.14192,44.0
2026-07-06 04:42:00,1.1419,1.1419,1.1418,1.14185,58.0
2026-07-06 04:43:00,1.14186,1.14186,1.14162,1.14167,63.0
2026-07-06 04:44:00,1.14168,1.14172,1.14164,1.14166,62.0
2026-07-06 04:45:00,1.14166,1.14174,1.1416,1.1416,68.0
2026-07-06 04:46:00,1.1416,1.14167,1.14156,1.14167,57.0
2026-07-06 04:47:00,1.14168,1.14172,1.14158,1.14162,84.0
2026-07-06 04:48:00,1.14162,1.14168,1.14162,1.14165,54.0
2026-07-06 04:49:00,1.14166,1.14166,1.14154,1.14157,67.0
2026-07-06 04:50:00,1.14156,1.14158,1.14154,1.14158,64.0
2026-07-06 04:51:00,1.1416,1.14184,1.1416,1.14179,88.0
2026-07-06 04:52:00,1.14178,1.14194,1.14168,1.14188,75.0
2026-07-06 04:53:00,1.14188,1.14194,1.1417,1.14186,108.0
2026-07-06 04:54:00,1.14185,1.14186,1.14176,1.1418,54.0
2026-07-06 04:55:00,1.14179,1.14188,1.14176,1.14183,77.0
2026-07-06 04:56:00,1.14184,1.14188,1.14177,1.14182,81.0
2026-07-06 04:57:00,1.14184,1.14194,1.14184,1.14188,53.0
2026-07-06 04:58:00,1.14188,1.14202,1.14188,1.14201,39.0
2026-07-06 04:59:00,1.142,1.14208,1.14194,1.14206,53.0
2026-07-06 05:00:00,1.14206,1.14206,1.14188,1.14191,104.0
2026-07-06 05:01:00,1.14192,1.14198,1.14182,1.14189,101.0
2026-07-06 05:02:00,1.1419,1.14194,1.14184,1.14194,93.0
2026-07-06 05:03:00,1.14194,1.14212,1.14194,1.14211,131.0
2026-07-06 05:04:00,1.14212,1.14212,1.142,1.142,101.0
2026-07-06 05:05:00,1.142,1.1421,1.14198,1.14206,62.0
2026-07-06 05:06:00,1.14206,1.14206,1.14198,1.142,66.0
2026-07-06 05:07:00,1.142,1.14208,1.14199,1.14208,62.0
2026-07-06 05:08:00,1.14208,1.14214,1.14208,1.14208,51.0
2026-07-06 05:09:00,1.14208,1.14212,1.142,1.14204,48.0
2026-07-06 05:10:00,1.14203,1.14203,1.14185,1.14185,65.0
2026-07-06 05:11:00,1.14186,1.14193,1.14186,1.14186,71.0
2026-07-06 05:12:00,1.14185,1.14186,1.14177,1.14178,58.0
2026-07-06 05:13:00,1.14177,1.14198,1.14176,1.14193,126.0
2026-07-06 05:14:00,1.14194,1.14194,1.14187,1.14188,53.0
2026-07-06 05:15:00,1.14187,1.14189,1.14182,1.14182,72.0
2026-07-06 05:16:00,1.14183,1.14196,1.14178,1.14192,79.0
2026-07-06 05:17:00,1.14193,1.14193,1.14182,1.14182,50.0
2026-07-06 05:18:00,1.14183,1.1419,1.14183,1.14186,38.0
2026-07-06 05:19:00,1.14185,1.14185,1.14178,1.14178,54.0
2026-07-06 05:20:00,1.14178,1.14188,1.1417,1.14182,81.0
2026-07-06 05:21:00,1.14183,1.14192,1.14182,1.14189,47.0
2026-07-06 05:22:00,1.14188,1.14198,1.14188,1.14198,89.0
2026-07-06 05:23:00,1.14196,1.14198,1.14187,1.14197,55.0
2026-07-06 05:24:00,1.14196,1.14199,1.14194,1.14198,36.0
2026-07-06 05:25:00,1.14198,1.14198,1.14191,1.14192,62.0
2026-07-06 05:26:00,1.14192,1.14198,1.14185,1.14185,72.0
2026-07-06 05:27:00,1.14186,1.14186,1.14176,1.14176,74.0
2026-07-06 05:28:00,1.14176,1.14183,1.14173,1.14182,77.0
2026-07-06 05:29:00,1.14182,1.1419,1.14178,1.14182,98.0
2026-07-06 05:30:00,1.1418,1.14189,1.14179,1.14189,95.0
2026-07-06 05:31:00,1.14188,1.14194,1.14188,1.14192,80.0
2026-07-06 05:32:00,1.14192,1.14194,1.14186,1.14193,68.0
2026-07-06 05:33:00,1.14194,1.14194,1.14183,1.14191,60.0
2026-07-06 05:34:00,1.14192,1.14197,1.1419,1.14194,56.0
2026-07-06 05:35:00,1.14193,1.14198,1.14186,1.14198,56.0
2026-07-06 05:36:00,1.14201,1.14202,1.14192,1.14193,49.0
2026-07-06 05:37:00,1.14192,1.14194,1.14192,1.14192,34.0
2026-07-06 05:38:00,1.1419,1.14192,1.14182,1.14182,56.0
2026-07-06 05:39:00,1.14182,1.14188,1.14182,1.14185,51.0
2026-07-06 05:40:00,1.14186,1.14194,1.14185,1.14193,59.0
2026-07-06 05:41:00,1.14192,1.14193,1.14184,1.14184,23.0
2026-07-06 05:42:00,1.14184,1.14184,1.14177,1.14182,72.0
2026-07-06 05:43:00,1.14182,1.14184,1.14176,1.14184,29.0
2026-07-06 05:44:00,1.14183,1.14184,1.14174,1.14178,49.0
