Timestamp,Open,High,Low,Close,Volume
2026-05-10 23:00:00,1.17592,1.17593,1.17568,1.17574,1155.0
2026-05-10 23:30:00,1.17571,1.17592,1.17562,1.17567,1015.0
2026-05-11 00:00:00,1.17566,1.17574,1.17542,1.17542,851.0
2026-05-11 00:30:00,1.17543,1.17548,1.17502,1.17506,822.0
2026-05-11 01:00:00,1.17504,1.17548,1.17504,1.17524,977.0
2026-05-11 01:30:00,1.17524,1.17534,1.17488,1.175,1357.0
2026-05-11 02:00:00,1.175,1.17594,1.175,1.17592,2309.0
2026-05-11 02:30:00,1.17591,1.17682,1.1759,1.17676,2407.0
2026-05-11 03:00:00,1.17676,1.17748,1.17647,1.17713,3053.0
2026-05-11 03:30:00,1.17712,1.17722,1.17672,1.1772,2390.0
2026-05-11 04:00:00,1.17722,1.17823,1.17715,1.178,2876.0
2026-05-11 04:30:00,1.178,1.17813,1.17714,1.17714,2479.0
2026-05-11 05:00:00,1.17714,1.17746,1.17708,1.17712,1640.0
2026-05-11 05:30:00,1.17711,1.17731,1.17674,1.17675,1871.0
2026-05-11 06:00:00,1.17674,1.17687,1.17648,1.1768,1433.0
2026-05-11 06:30:00,1.1768,1.17742,1.17666,1.17691,2770.0
2026-05-11 07:00:00,1.17692,1.17747,1.17688,1.1774,2342.0
2026-05-11 07:30:00,1.17742,1.17746,1.17635,1.17684,2546.0
2026-05-11 08:00:00,1.17685,1.17747,1.17644,1.17718,3072.0
2026-05-11 08:30:00,1.17718,1.17746,1.17679,1.17745,3496.0
2026-05-11 09:00:00,1.17747,1.17854,1.17744,1.17834,4066.0
2026-05-11 09:30:00,1.17835,1.17878,1.17791,1.17852,3846.0
2026-05-11 10:00:00,1.17852,1.17876,1.17797,1.17856,3522.0
2026-05-11 10:30:00,1.17857,1.17878,1.1779,1.17794,5225.0
2026-05-11 11:00:00,1.17793,1.17854,1.17788,1.17814,4082.0
2026-05-11 11:30:00,1.17814,1.1783,1.17768,1.178,3011.0
2026-05-11 12:00:00,1.17801,1.17806,1.17758,1.17758,1743.0
2026-05-11 12:30:00,1.17759,1.1779,1.17724,1.17733,2604.0
2026-05-11 13:00:00,1.17734,1.17775,1.1771,1.1776,2488.0
2026-05-11 13:30:00,1.1776,1.17786,1.17758,1.1778,1144.0
2026-05-11 14:00:00,1.17781,1.17805,1.17777,1.17792,1541.0
2026-05-11 14:30:00,1.17793,1.178,1.17745,1.1775,1394.0
2026-05-11 15:00:00,1.1775,1.17772,1.17745,1.17758,1360.0
2026-05-11 15:30:00,1.17758,1.1778,1.17747,1.17774,1405.0
2026-05-11 16:00:00,1.17775,1.17812,1.1774,1.17806,1405.0
2026-05-11 16:30:00,1.17805,1.1783,1.17805,1.17824,672.0
2026-05-11 17:00:00,1.17814,1.17848,1.17804,1.17834,469.0
2026-05-11 17:30:00,1.17835,1.17848,1.17824,1.17846,538.0
2026-05-11 18:00:00,1.17848,1.17878,1.17843,1.17871,440.0
2026-05-11 18:30:00,1.1787,1.17875,1.1785,1.17853,457.0
2026-05-11 19:00:00,1.17854,1.17855,1.17806,1.17808,466.0
2026-05-11 19:30:00,1.17809,1.17817,1.17773,1.17785,728.0
2026-05-11 20:00:00,1.17784,1.17784,1.17732,1.1775,2011.0
2026-05-11 20:30:00,1.1775,1.17752,1.17663,1.17672,1901.0
2026-05-11 21:00:00,1.17672,1.17691,1.17616,1.17622,2582.0
2026-05-11 21:30:00,1.17621,1.17664,1.17577,1.17616,3461.0
2026-05-11 22:00:00,1.17616,1.17634,1.176,1.17611,1710.0
2026-05-11 22:30:00,1.1761,1.17647,1.17595,1.17626,1362.0
2026-05-11 23:00:00,1.17624,1.1763,1.17565,1.17568,1292.0
2026-05-11 23:30:00,1.17569,1.17583,1.17547,1.17564,999.0
2026-05-12 00:00:00,1.17564,1.1758,1.17556,1.1756,1072.0
2026-05-12 00:30:00,1.1756,1.17598,1.1756,1.17571,1458.0
2026-05-12 01:00:00,1.17572,1.17585,1.17523,1.17551,1588.0
2026-05-12 01:30:00,1.17552,1.17682,1.17536,1.17624,2857.0
2026-05-12 02:00:00,1.17626,1.17663,1.1752,1.1755,4010.0
2026-05-12 02:30:00,1.1755,1.17589,1.17497,1.17504,2984.0
2026-05-12 03:00:00,1.17504,1.17534,1.17442,1.17496,4257.0
2026-05-12 03:30:00,1.17495,1.17504,1.17434,1.17478,3280.0
2026-05-12 04:00:00,1.17479,1.17505,1.17425,1.17471,3550.0
2026-05-12 04:30:00,1.17471,1.17481,1.17394,1.17446,3931.0
2026-05-12 05:00:00,1.17445,1.1748,1.17438,1.17458,2518.0
2026-05-12 05:30:00,1.1746,1.17516,1.17443,1.17476,3572.0
2026-05-12 06:00:00,1.17474,1.1749,1.17453,1.17482,2127.0
2026-05-12 06:30:00,1.17482,1.17492,1.17405,1.17407,2075.0
2026-05-12 07:00:00,1.17406,1.17449,1.17349,1.17416,3609.0
2026-05-12 07:30:00,1.17416,1.17484,1.17416,1.17438,2716.0
2026-05-12 08:00:00,1.1744,1.17446,1.17378,1.17404,3564.0
2026-05-12 08:30:00,1.17404,1.17499,1.1736,1.17478,5559.0
2026-05-12 09:00:00,1.17476,1.175,1.17337,1.17398,4631.0
2026-05-12 09:30:00,1.17394,1.17426,1.17271,1.173,5934.0
2026-05-12 10:00:00,1.17301,1.1736,1.1728,1.17332,5313.0
2026-05-12 10:30:00,1.17334,1.17361,1.1728,1.1736,5229.0
2026-05-12 11:00:00,1.1736,1.17366,1.17218,1.17241,5315.0
2026-05-12 11:30:00,1.17243,1.17338,1.1724,1.17327,4047.0
2026-05-12 12:00:00,1.17328,1.17386,1.17317,1.17362,2987.0
2026-05-12 12:30:00,1.17361,1.17361,1.17278,1.17283,2536.0
2026-05-12 13:00:00,1.17284,1.17332,1.17274,1.17306,2796.0
2026-05-12 13:30:00,1.17306,1.17338,1.173,1.17334,2010.0
2026-05-12 14:00:00,1.17334,1.1737,1.17289,1.1736,2679.0
2026-05-12 14:30:00,1.17362,1.1741,1.1736,1.17406,2072.0
2026-05-12 15:00:00,1.17406,1.17448,1.174,1.17424,1719.0
2026-05-12 15:30:00,1.17426,1.17468,1.17399,1.17403,2056.0
2026-05-12 16:00:00,1.17404,1.17409,1.17386,1.17389,743.0
2026-05-12 16:30:00,1.17387,1.1741,1.17378,1.17403,697.0
2026-05-12 17:00:00,1.17366,1.17406,1.17358,1.17367,297.0
2026-05-12 17:30:00,1.17369,1.17408,1.17364,1.17382,882.0
2026-05-12 18:00:00,1.17388,1.17402,1.17376,1.17391,433.0
2026-05-12 18:30:00,1.17391,1.17402,1.17386,1.17397,406.0
2026-05-12 19:00:00,1.17398,1.17414,1.17372,1.17386,406.0
2026-05-12 19:30:00,1.17386,1.17392,1.17347,1.17352,549.0
2026-05-12 20:00:00,1.17351,1.17382,1.1733,1.17355,2042.0
2026-05-12 20:30:00,1.17354,1.17387,1.1733,1.17382,1758.0
2026-05-12 21:00:00,1.17382,1.1739,1.1732,1.17374,2120.0
2026-05-12 21:30:00,1.17373,1.17418,1.17366,1.17388,1589.0
2026-05-12 22:00:00,1.17388,1.17417,1.17371,1.1738,1315.0
2026-05-12 22:30:00,1.17382,1.17388,1.17363,1.17372,958.0
2026-05-12 23:00:00,1.17372,1.17376,1.17326,1.17356,1536.0
2026-05-12 23:30:00,1.17356,1.17378,1.17344,1.17346,1008.0
2026-05-13 00:00:00,1.17346,1.17353,1.17336,1.17338,836.0
2026-05-13 00:30:00,1.17338,1.17348,1.17322,1.17346,844.0
2026-05-13 01:00:00,1.17346,1.1737,1.17342,1.17364,1172.0
2026-05-13 01:30:00,1.17365,1.17369,1.17324,1.17341,1135.0
2026-05-13 02:00:00,1.1734,1.17344,1.17248,1.17266,2103.0
2026-05-13 02:30:00,1.17266,1.17266,1.17181,1.172,2392.0
2026-05-13 03:00:00,1.172,1.17234,1.1717,1.17172,2625.0
2026-05-13 03:30:00,1.17172,1.17176,1.1707,1.17072,2697.0
2026-05-13 04:00:00,1.1707,1.17117,1.17052,1.17108,2549.0
2026-05-13 04:30:00,1.17107,1.17116,1.17004,1.17032,2643.0
2026-05-13 05:00:00,1.17032,1.17044,1.16958,1.1696,2734.0
2026-05-13 05:30:00,1.16958,1.17068,1.16954,1.17062,2642.0
2026-05-13 06:00:00,1.17062,1.17072,1.1702,1.17052,3318.0
2026-05-13 06:30:00,1.17053,1.17146,1.17048,1.17126,2398.0
2026-05-13 07:00:00,1.17128,1.17152,1.17112,1.17135,2046.0
2026-05-13 07:30:00,1.17136,1.17172,1.17116,1.17121,2077.0
2026-05-13 08:00:00,1.17121,1.17161,1.17034,1.17037,2890.0
2026-05-13 08:30:00,1.17038,1.17108,1.16973,1.17018,5887.0
2026-05-13 09:00:00,1.17019,1.17056,1.17011,1.17036,3077.0
2026-05-13 09:30:00,1.17035,1.17124,1.17031,1.17102,5262.0
2026-05-13 10:00:00,1.17102,1.17126,1.17056,1.17104,4180.0
2026-05-13 10:30:00,1.17103,1.17116,1.1703,1.17078,3812.0
2026-05-13 11:00:00,1.17077,1.17134,1.17074,1.17111,3257.0
2026-05-13 11:30:00,1.17112,1.17164,1.17091,1.1711,3007.0
2026-05-13 12:00:00,1.1711,1.17176,1.17096,1.17168,3085.0
2026-05-13 12:30:00,1.17167,1.1718,1.1708,1.17088,2491.0
2026-05-13 13:00:00,1.17086,1.17109,1.17082,1.171,1519.0
2026-05-13 13:30:00,1.171,1.17102,1.17042,1.17042,1527.0
2026-05-13 14:00:00,1.17044,1.17078,1.17042,1.17068,1931.0
2026-05-13 14:30:00,1.17068,1.17106,1.17043,1.17078,2275.0
2026-05-13 15:00:00,1.17078,1.17112,1.17076,1.17112,1810.0
2026-05-13 15:30:00,1.17112,1.17132,1.17088,1.17097,1869.0
2026-05-13 16:00:00,1.17097,1.17134,1.1709,1.17122,1110.0
2026-05-13 16:30:00,1.17124,1.1714,1.1711,1.17136,605.0
2026-05-13 17:00:00,1.17102,1.17165,1.17102,1.17152,214.0
2026-05-13 17:30:00,1.17152,1.17172,1.17146,1.17155,373.0
2026-05-13 18:00:00,1.17158,1.17184,1.1715,1.17178,515.0
2026-05-13 18:30:00,1.17179,1.17186,1.17168,1.17177,479.0
2026-05-13 19:00:00,1.17177,1.17184,1.17168,1.1717,539.0
2026-05-13 19:30:00,1.17169,1.1717,1.17154,1.17159,553.0
2026-05-13 20:00:00,1.17159,1.17186,1.17142,1.17166,1959.0
2026-05-13 20:30:00,1.17166,1.17179,1.17154,1.17172,1398.0
2026-05-13 21:00:00,1.1717,1.17174,1.17144,1.17161,2038.0
2026-05-13 21:30:00,1.1716,1.17178,1.17126,1.17138,1619.0
2026-05-13 22:00:00,1.17138,1.17154,1.17116,1.1714,1430.0
2026-05-13 22:30:00,1.17138,1.17144,1.17122,1.17124,1407.0
2026-05-13 23:00:00,1.17124,1.17146,1.17097,1.17144,1411.0
2026-05-13 23:30:00,1.17144,1.17152,1.17122,1.17124,1368.0
2026-05-14 00:00:00,1.17124,1.17167,1.17116,1.17152,1843.0
2026-05-14 00:30:00,1.17153,1.17174,1.17142,1.17144,893.0
2026-05-14 01:00:00,1.17146,1.17154,1.17122,1.17134,1693.0
2026-05-14 01:30:00,1.17134,1.17162,1.17102,1.17102,1972.0
2026-05-14 02:00:00,1.17102,1.1715,1.1707,1.17134,2417.0
2026-05-14 02:30:00,1.17134,1.17216,1.17118,1.17184,2766.0
2026-05-14 03:00:00,1.17181,1.17185,1.17092,1.17114,3115.0
2026-05-14 03:30:00,1.17113,1.17163,1.1706,1.17076,2679.0
2026-05-14 04:00:00,1.17076,1.1713,1.1705,1.17122,2955.0
2026-05-14 04:30:00,1.17122,1.1714,1.17088,1.17111,2389.0
2026-05-14 05:00:00,1.17112,1.17134,1.17092,1.171,2325.0
2026-05-14 05:30:00,1.17102,1.17117,1.17058,1.17074,2382.0
2026-05-14 06:00:00,1.17074,1.17129,1.17066,1.17099,2963.0
2026-05-14 06:30:00,1.17098,1.1711,1.17048,1.17087,2187.0
2026-05-14 07:00:00,1.17088,1.17089,1.17043,1.17046,2530.0
2026-05-14 07:30:00,1.17047,1.17056,1.16996,1.16997,2085.0
2026-05-14 08:00:00,1.16996,1.17056,1.16994,1.17046,3577.0
2026-05-14 08:30:00,1.17042,1.17053,1.16964,1.16971,2910.0
2026-05-14 09:00:00,1.16972,1.16988,1.16922,1.16949,3128.0
2026-05-14 09:30:00,1.1695,1.16998,1.16856,1.16898,7432.0
2026-05-14 10:00:00,1.16896,1.17002,1.16864,1.16963,4308.0
2026-05-14 10:30:00,1.16964,1.16968,1.16787,1.16788,5915.0
2026-05-14 11:00:00,1.16787,1.1681,1.16715,1.16754,5181.0
2026-05-14 11:30:00,1.16753,1.16787,1.16745,1.16775,2815.0
2026-05-14 12:00:00,1.16774,1.16816,1.16724,1.16744,3553.0
2026-05-14 12:30:00,1.16743,1.16766,1.16708,1.16764,3082.0
2026-05-14 13:00:00,1.16764,1.16802,1.16759,1.1678,2959.0
2026-05-14 13:30:00,1.1678,1.16808,1.1677,1.1678,1917.0
2026-05-14 14:00:00,1.1678,1.16785,1.1675,1.16768,2501.0
2026-05-14 14:30:00,1.16768,1.16776,1.16739,1.16775,1486.0
2026-05-14 15:00:00,1.16776,1.1679,1.16738,1.16738,1534.0
2026-05-14 15:30:00,1.16738,1.16749,1.16686,1.16709,2197.0
2026-05-14 16:00:00,1.16712,1.16721,1.16657,1.16668,1139.0
2026-05-14 16:30:00,1.16668,1.16698,1.16662,1.16698,875.0
2026-05-14 17:00:00,1.16702,1.16736,1.1668,1.16736,497.0
2026-05-14 17:30:00,1.16736,1.1674,1.16695,1.16699,533.0
2026-05-14 18:00:00,1.16703,1.16712,1.1669,1.16702,532.0
2026-05-14 18:30:00,1.16701,1.16712,1.16694,1.16697,863.0
2026-05-14 19:00:00,1.16697,1.16698,1.16622,1.16642,1049.0
2026-05-14 19:30:00,1.16641,1.16651,1.16614,1.1662,894.0
2026-05-14 20:00:00,1.16621,1.16636,1.16571,1.1659,2444.0
2026-05-14 20:30:00,1.1659,1.16594,1.16523,1.16554,2166.0
2026-05-14 21:00:00,1.16553,1.16566,1.16491,1.16493,2629.0
2026-05-14 21:30:00,1.16493,1.16522,1.1646,1.1647,3161.0
2026-05-14 22:00:00,1.16469,1.16536,1.16458,1.16512,1819.0
2026-05-14 22:30:00,1.16511,1.16576,1.16504,1.16536,1934.0
2026-05-14 23:00:00,1.16536,1.16551,1.16507,1.16526,1692.0
2026-05-14 23:30:00,1.16526,1.16536,1.165,1.16522,1438.0
2026-05-15 00:00:00,1.16521,1.16528,1.16506,1.16516,975.0
2026-05-15 00:30:00,1.16516,1.1652,1.16465,1.16474,1427.0
2026-05-15 01:00:00,1.16475,1.1648,1.16429,1.16476,2664.0
2026-05-15 01:30:00,1.16474,1.16476,1.16326,1.16328,3503.0
2026-05-15 02:00:00,1.16326,1.16436,1.16325,1.16382,4805.0
2026-05-15 02:30:00,1.16382,1.16433,1.1633,1.1635,3718.0
2026-05-15 03:00:00,1.16348,1.1649,1.16319,1.16427,4597.0
2026-05-15 03:30:00,1.16427,1.16431,1.16359,1.16365,3055.0
2026-05-15 04:00:00,1.16366,1.16383,1.16312,1.16328,3834.0
2026-05-15 04:30:00,1.16328,1.16366,1.16306,1.1633,3380.0
2026-05-15 05:00:00,1.1633,1.16336,1.16172,1.16251,5217.0
2026-05-15 05:30:00,1.1625,1.16288,1.1622,1.1628,3984.0
2026-05-15 06:00:00,1.16281,1.16406,1.16274,1.16375,3424.0
2026-05-15 06:30:00,1.16374,1.16555,1.16364,1.16494,6365.0
2026-05-15 07:00:00,1.16492,1.16501,1.16396,1.164,3959.0
2026-05-15 07:30:00,1.16401,1.16404,1.16294,1.16318,3459.0
2026-05-15 08:00:00,1.16316,1.16322,1.16262,1.16296,3829.0
2026-05-15 08:30:00,1.16296,1.16296,1.1619,1.16264,3866.0
2026-05-15 09:00:00,1.16264,1.16324,1.16232,1.16292,4576.0
2026-05-15 09:30:00,1.16292,1.16302,1.1619,1.16236,7092.0
2026-05-15 10:00:00,1.16234,1.16379,1.16216,1.16324,6234.0
2026-05-15 10:30:00,1.16324,1.16339,1.16236,1.16294,5374.0
2026-05-15 11:00:00,1.16296,1.16311,1.16206,1.16233,4960.0
2026-05-15 11:30:00,1.16232,1.16265,1.1621,1.16265,3591.0
2026-05-15 12:00:00,1.16266,1.16278,1.16232,1.16277,3209.0
2026-05-15 12:30:00,1.16278,1.16314,1.1627,1.16299,2352.0
2026-05-15 13:00:00,1.163,1.16356,1.1629,1.16325,2521.0
2026-05-15 13:30:00,1.16323,1.16334,1.16267,1.16268,2106.0
2026-05-15 14:00:00,1.16269,1.16273,1.16211,1.16218,2383.0
2026-05-15 14:30:00,1.16218,1.16239,1.1617,1.1622,2311.0
2026-05-15 15:00:00,1.16219,1.16226,1.16196,1.16216,1345.0
2026-05-15 15:30:00,1.16214,1.16232,1.16192,1.16214,2061.0
2026-05-15 16:00:00,1.16214,1.16226,1.16194,1.1621,1161.0
2026-05-15 16:30:00,1.1621,1.16257,1.1621,1.16252,1131.0
2026-05-17 17:00:00,1.16196,1.16222,1.16196,1.16207,153.0
2026-05-17 17:30:00,1.16206,1.1625,1.16188,1.16248,599.0
2026-05-17 18:00:00,1.16248,1.16248,1.16208,1.1621,1389.0
2026-05-17 18:30:00,1.16211,1.16241,1.16205,1.1623,742.0
2026-05-17 19:00:00,1.1623,1.16236,1.16192,1.16197,1032.0
2026-05-17 19:30:00,1.16196,1.16196,1.1612,1.16138,2247.0
2026-05-17 20:00:00,1.1614,1.16212,1.16134,1.1615,4181.0
2026-05-17 20:30:00,1.16151,1.1616,1.16082,1.16116,3272.0
2026-05-17 21:00:00,1.16116,1.1614,1.16085,1.1613,4005.0
2026-05-17 21:30:00,1.1613,1.16188,1.16124,1.16174,3052.0
2026-05-17 22:00:00,1.16175,1.16185,1.16132,1.16179,2064.0
2026-05-17 22:30:00,1.16178,1.16197,1.1614,1.16156,1752.0
2026-05-17 23:00:00,1.16156,1.16207,1.16154,1.16202,1693.0
2026-05-17 23:30:00,1.16201,1.16226,1.16182,1.16218,1672.0
2026-05-18 00:00:00,1.16218,1.16262,1.16209,1.16216,1807.0
2026-05-18 00:30:00,1.16215,1.16234,1.16192,1.16208,1737.0
2026-05-18 01:00:00,1.16208,1.16221,1.16169,1.16201,2047.0
2026-05-18 01:30:00,1.16202,1.16234,1.16188,1.16232,2262.0
2026-05-18 02:00:00,1.16231,1.16337,1.1622,1.16307,3025.0
2026-05-18 02:30:00,1.16308,1.16366,1.163,1.16358,3110.0
2026-05-18 03:00:00,1.16359,1.16396,1.16316,1.1637,3288.0
2026-05-18 03:30:00,1.1637,1.16403,1.16315,1.1632,3509.0
2026-05-18 04:00:00,1.1632,1.16381,1.16291,1.16381,3050.0
2026-05-18 04:30:00,1.1638,1.16453,1.16371,1.16416,3345.0
2026-05-18 05:00:00,1.16415,1.16428,1.16375,1.16396,2394.0
2026-05-18 05:30:00,1.16396,1.16413,1.16351,1.16351,2041.0
2026-05-18 06:00:00,1.1635,1.16368,1.16322,1.16362,2210.0
2026-05-18 06:30:00,1.16362,1.16366,1.16265,1.1627,1938.0
2026-05-18 07:00:00,1.1627,1.16336,1.16266,1.16306,2722.0
2026-05-18 07:30:00,1.16306,1.16498,1.16304,1.16418,7375.0
2026-05-18 08:00:00,1.16419,1.16493,1.1641,1.16465,4341.0
2026-05-18 08:30:00,1.16464,1.16574,1.16457,1.16514,6917.0
2026-05-18 09:00:00,1.16513,1.1654,1.16453,1.16498,5258.0
2026-05-18 09:30:00,1.165,1.16562,1.1644,1.16512,6477.0
2026-05-18 10:00:00,1.16512,1.16534,1.16419,1.16456,6673.0
2026-05-18 10:30:00,1.16456,1.16475,1.16414,1.1642,5011.0
2026-05-18 11:00:00,1.1642,1.16428,1.16334,1.16406,5950.0
2026-05-18 11:30:00,1.16404,1.16531,1.1639,1.16484,4109.0
2026-05-18 12:00:00,1.16485,1.16563,1.1644,1.16498,4853.0
2026-05-18 12:30:00,1.16497,1.16545,1.16482,1.16516,3211.0
2026-05-18 13:00:00,1.16514,1.16535,1.16495,1.16515,2374.0
2026-05-18 13:30:00,1.16514,1.16533,1.16482,1.16482,1801.0
2026-05-18 14:00:00,1.16482,1.16488,1.16368,1.16388,2932.0
2026-05-18 14:30:00,1.1639,1.164,1.16288,1.16292,2871.0
2026-05-18 15:00:00,1.16294,1.16564,1.16292,1.16476,9497.0
2026-05-18 15:30:00,1.16478,1.16557,1.16474,1.1651,3657.0
2026-05-18 16:00:00,1.16511,1.16611,1.16511,1.16592,1391.0
2026-05-18 16:30:00,1.16593,1.16594,1.16546,1.16563,1212.0
2026-05-18 17:00:00,1.16558,1.16558,1.16528,1.16542,186.0
2026-05-18 17:30:00,1.1654,1.16608,1.16532,1.16597,895.0
2026-05-18 18:00:00,1.16594,1.16618,1.16588,1.1659,642.0
2026-05-18 18:30:00,1.16592,1.16605,1.16578,1.16578,576.0
2026-05-18 19:00:00,1.16578,1.16586,1.16562,1.1658,621.0
2026-05-18 19:30:00,1.1658,1.16584,1.16548,1.16548,920.0
2026-05-18 20:00:00,1.16548,1.1656,1.16491,1.16508,3342.0
2026-05-18 20:30:00,1.16508,1.16509,1.16438,1.16444,2122.0
2026-05-18 21:00:00,1.16446,1.16472,1.16432,1.16462,2596.0
2026-05-18 21:30:00,1.16463,1.16528,1.16444,1.16464,2573.0
2026-05-18 22:00:00,1.16463,1.16471,1.16409,1.16451,2437.0
2026-05-18 22:30:00,1.1645,1.16468,1.16416,1.16433,1892.0
2026-05-18 23:00:00,1.16432,1.16458,1.16406,1.16448,1689.0
2026-05-18 23:30:00,1.16448,1.16452,1.1641,1.16412,1344.0
2026-05-19 00:00:00,1.16414,1.16432,1.16404,1.1641,1309.0
2026-05-19 00:30:00,1.16411,1.16424,1.16354,1.16366,1535.0
2026-05-19 01:00:00,1.16368,1.16396,1.16336,1.16356,1842.0
2026-05-19 01:30:00,1.16353,1.16432,1.16345,1.1642,2143.0
2026-05-19 02:00:00,1.16421,1.16458,1.1638,1.1643,2744.0
2026-05-19 02:30:00,1.16428,1.16431,1.1636,1.16366,2580.0
2026-05-19 03:00:00,1.16366,1.16366,1.16301,1.16316,3609.0
2026-05-19 03:30:00,1.16317,1.16376,1.16306,1.16349,3187.0
2026-05-19 04:00:00,1.1635,1.1636,1.16262,1.16303,3856.0
2026-05-19 04:30:00,1.16304,1.16339,1.16223,1.16234,2647.0
2026-05-19 05:00:00,1.16232,1.16232,1.1615,1.16179,3080.0
2026-05-19 05:30:00,1.16178,1.16206,1.1615,1.16194,3147.0
2026-05-19 06:00:00,1.16194,1.16266,1.16185,1.16248,2314.0
2026-05-19 06:30:00,1.16249,1.16254,1.1611,1.16222,4596.0
2026-05-19 07:00:00,1.16222,1.16224,1.1617,1.16188,2893.0
2026-05-19 07:30:00,1.1619,1.16226,1.16164,1.16166,2696.0
2026-05-19 08:00:00,1.16166,1.1624,1.16152,1.16222,3546.0
2026-05-19 08:30:00,1.16222,1.16237,1.1616,1.16165,4869.0
2026-05-19 09:00:00,1.16165,1.1618,1.16043,1.16057,5734.0
2026-05-19 09:30:00,1.16059,1.16157,1.16016,1.16137,7754.0
2026-05-19 10:00:00,1.16137,1.16169,1.1595,1.16007,7971.0
2026-05-19 10:30:00,1.16006,1.16014,1.15951,1.15956,7189.0
2026-05-19 11:00:00,1.15956,1.15982,1.15922,1.15959,4668.0
2026-05-19 11:30:00,1.15958,1.1603,1.15947,1.1602,3220.0
2026-05-19 12:00:00,1.1602,1.1606,1.15958,1.16052,3768.0
2026-05-19 12:30:00,1.1605,1.16096,1.1604,1.16072,3058.0
2026-05-19 13:00:00,1.1607,1.16122,1.16066,1.16096,1888.0
2026-05-19 13:30:00,1.16096,1.16116,1.16074,1.16106,2061.0
2026-05-19 14:00:00,1.16107,1.16149,1.16083,1.16084,1899.0
2026-05-19 14:30:00,1.16085,1.16098,1.16027,1.16033,3048.0
2026-05-19 15:00:00,1.16031,1.16066,1.16026,1.16048,2164.0
2026-05-19 15:30:00,1.16047,1.16081,1.16039,1.16064,2097.0
2026-05-19 16:00:00,1.16065,1.16066,1.16035,1.16049,809.0
2026-05-19 16:30:00,1.16052,1.16069,1.16043,1.16066,838.0
2026-05-19 17:00:00,1.16055,1.1608,1.16032,1.16079,279.0
2026-05-19 17:30:00,1.16079,1.16091,1.16064,1.16083,624.0
2026-05-19 18:00:00,1.16082,1.16084,1.16062,1.16082,426.0
2026-05-19 18:30:00,1.16082,1.16088,1.16066,1.16088,456.0
2026-05-19 19:00:00,1.16087,1.16106,1.16076,1.16104,383.0
2026-05-19 19:30:00,1.16103,1.1613,1.16062,1.16067,985.0
2026-05-19 20:00:00,1.16068,1.16104,1.16032,1.16084,3417.0
2026-05-19 20:30:00,1.16086,1.16106,1.16009,1.16014,2660.0
2026-05-19 21:00:00,1.16013,1.16024,1.15952,1.15958,3139.0
2026-05-19 21:30:00,1.1596,1.1603,1.15936,1.15972,3790.0
2026-05-19 22:00:00,1.15973,1.1603,1.15969,1.15992,2331.0
2026-05-19 22:30:00,1.15991,1.15996,1.15944,1.15978,2804.0
2026-05-19 23:00:00,1.15979,1.16029,1.15954,1.16024,1988.0
2026-05-19 23:30:00,1.16024,1.16054,1.16013,1.16023,1745.0
2026-05-20 00:00:00,1.16022,1.16068,1.16022,1.16032,1734.0
2026-05-20 00:30:00,1.16031,1.16032,1.1597,1.15973,1867.0
2026-05-20 01:00:00,1.15972,1.16016,1.15949,1.1595,1987.0
2026-05-20 01:30:00,1.15952,1.15994,1.15918,1.15954,2089.0
2026-05-20 02:00:00,1.15954,1.1606,1.15934,1.16049,3452.0
2026-05-20 02:30:00,1.1605,1.16051,1.15932,1.15966,2567.0
2026-05-20 03:00:00,1.15966,1.16016,1.1595,1.15974,2988.0
2026-05-20 03:30:00,1.1597,1.1598,1.1592,1.15932,2590.0
2026-05-20 04:00:00,1.15932,1.15952,1.15834,1.1589,3459.0
2026-05-20 04:30:00,1.15892,1.15944,1.15878,1.15904,2977.0
2026-05-20 05:00:00,1.15904,1.15946,1.15898,1.15914,2184.0
2026-05-20 05:30:00,1.15913,1.1593,1.15881,1.15882,1639.0
2026-05-20 06:00:00,1.1588,1.15967,1.15874,1.1595,1906.0
2026-05-20 06:30:00,1.15951,1.16029,1.15944,1.16011,2302.0
2026-05-20 07:00:00,1.1601,1.16024,1.15964,1.16022,2154.0
2026-05-20 07:30:00,1.16023,1.16056,1.1598,1.16009,2888.0
2026-05-20 08:00:00,1.1601,1.16044,1.15958,1.15988,3162.0
2026-05-20 08:30:00,1.1599,1.16018,1.15938,1.15954,2883.0
2026-05-20 09:00:00,1.15953,1.15955,1.15904,1.15909,2711.0
2026-05-20 09:30:00,1.15908,1.15971,1.15892,1.1591,5105.0
2026-05-20 10:00:00,1.15912,1.16204,1.15828,1.1613,11985.0
2026-05-20 10:30:00,1.16132,1.16242,1.16116,1.16181,10066.0
2026-05-20 11:00:00,1.16182,1.16452,1.1613,1.16252,12692.0
2026-05-20 11:30:00,1.16254,1.16346,1.16172,1.16192,6674.0
2026-05-20 12:00:00,1.16191,1.16308,1.16188,1.1624,4760.0
2026-05-20 12:30:00,1.16241,1.16304,1.16198,1.16256,5195.0
2026-05-20 13:00:00,1.16256,1.16264,1.16186,1.16246,4497.0
2026-05-20 13:30:00,1.16246,1.1627,1.16184,1.16192,3241.0
2026-05-20 14:00:00,1.16186,1.1628,1.1616,1.16279,3810.0
2026-05-20 14:30:00,1.16281,1.16358,1.16266,1.16309,2750.0
2026-05-20 15:00:00,1.16309,1.16342,1.16298,1.16326,1873.0
2026-05-20 15:30:00,1.16327,1.16352,1.16276,1.16279,2669.0
2026-05-20 16:00:00,1.16278,1.16285,1.16262,1.1627,1586.0
2026-05-20 16:30:00,1.16272,1.16274,1.16233,1.16255,1186.0
2026-05-20 17:00:00,1.16242,1.16265,1.16234,1.16262,879.0
2026-05-20 17:30:00,1.16262,1.16276,1.16247,1.16259,845.0
2026-05-20 18:00:00,1.1626,1.16282,1.16244,1.16264,651.0
2026-05-20 18:30:00,1.16264,1.16272,1.16256,1.16264,462.0
2026-05-20 19:00:00,1.16264,1.16276,1.1624,1.16247,464.0
2026-05-20 19:30:00,1.16246,1.16272,1.16231,1.16248,680.0
2026-05-20 20:00:00,1.16249,1.16274,1.1622,1.16266,2705.0
2026-05-20 20:30:00,1.16265,1.1629,1.16246,1.16286,1764.0
2026-05-20 21:00:00,1.16287,1.16353,1.16287,1.1633,1735.0
2026-05-20 21:30:00,1.16327,1.16346,1.16228,1.1626,3409.0
2026-05-20 22:00:00,1.16261,1.16286,1.16208,1.16212,1988.0
2026-05-20 22:30:00,1.16213,1.16224,1.16156,1.16176,1993.0
2026-05-20 23:00:00,1.16178,1.16227,1.16176,1.16204,1297.0
2026-05-20 23:30:00,1.16204,1.16216,1.16183,1.16192,1125.0
2026-05-21 00:00:00,1.1619,1.16218,1.16184,1.16212,933.0
2026-05-21 00:30:00,1.1621,1.16236,1.16202,1.16222,872.0
2026-05-21 01:00:00,1.16222,1.16236,1.16184,1.1619,1247.0
2026-05-21 01:30:00,1.16192,1.16224,1.1618,1.16218,1971.0
2026-05-21 02:00:00,1.16218,1.16268,1.162,1.16251,2751.0
2026-05-21 02:30:00,1.1625,1.16258,1.16158,1.16204,2627.0
2026-05-21 03:00:00,1.16204,1.1621,1.15942,1.15973,7772.0
2026-05-21 03:30:00,1.15979,1.1609,1.15971,1.16076,6658.0
2026-05-21 04:00:00,1.16074,1.16357,1.16062,1.16336,6483.0
2026-05-21 04:30:00,1.16335,1.16335,1.16214,1.16237,4778.0
2026-05-21 05:00:00,1.16238,1.16321,1.16208,1.16318,3642.0
2026-05-21 05:30:00,1.16318,1.16334,1.1626,1.16274,2689.0
2026-05-21 06:00:00,1.16274,1.16302,1.16088,1.16132,4773.0
2026-05-21 06:30:00,1.16134,1.16136,1.16001,1.16074,6686.0
2026-05-21 07:00:00,1.16074,1.16161,1.16062,1.16131,3836.0
2026-05-21 07:30:00,1.1613,1.16146,1.1596,1.1599,2939.0
2026-05-21 08:00:00,1.1599,1.16034,1.15934,1.1595,4033.0
2026-05-21 08:30:00,1.1595,1.16092,1.15947,1.15972,5957.0
2026-05-21 09:00:00,1.15972,1.16,1.15875,1.15898,4775.0
2026-05-21 09:30:00,1.15899,1.16012,1.15763,1.15947,9834.0
2026-05-21 10:00:00,1.15948,1.15958,1.15842,1.15887,7186.0
2026-05-21 10:30:00,1.15888,1.15966,1.1586,1.15929,6081.0
2026-05-21 11:00:00,1.1593,1.1594,1.15822,1.15856,7121.0
2026-05-21 11:30:00,1.15855,1.15891,1.1583,1.15884,3509.0
2026-05-21 12:00:00,1.15885,1.15937,1.15847,1.15935,3780.0
2026-05-21 12:30:00,1.15934,1.15964,1.15924,1.15954,2865.0
2026-05-21 13:00:00,1.15956,1.16204,1.15928,1.16182,10067.0
2026-05-21 13:30:00,1.16182,1.16302,1.16145,1.16249,6499.0
2026-05-21 14:00:00,1.16248,1.16301,1.16188,1.16262,5818.0
2026-05-21 14:30:00,1.16262,1.16272,1.16071,1.16114,6388.0
2026-05-21 15:00:00,1.16112,1.16209,1.16096,1.162,3690.0
2026-05-21 15:30:00,1.162,1.16244,1.16141,1.16213,3623.0
2026-05-21 16:00:00,1.16214,1.16228,1.1616,1.16184,1408.0
2026-05-21 16:30:00,1.16186,1.1619,1.16162,1.16175,981.0
2026-05-21 17:00:00,1.16194,1.16232,1.16176,1.16218,349.0
2026-05-21 17:30:00,1.16218,1.1623,1.16174,1.16188,948.0
2026-05-21 18:00:00,1.16188,1.16197,1.16152,1.16168,412.0
2026-05-21 18:30:00,1.1617,1.16192,1.16168,1.16176,569.0
2026-05-21 19:00:00,1.16176,1.16187,1.16162,1.16173,373.0
2026-05-21 19:30:00,1.16172,1.1619,1.16168,1.1618,565.0
2026-05-21 20:00:00,1.16179,1.1618,1.16131,1.16141,1825.0
2026-05-21 20:30:00,1.16142,1.16161,1.16124,1.16144,1275.0
2026-05-21 21:00:00,1.16142,1.16158,1.16122,1.1614,1617.0
2026-05-21 21:30:00,1.1614,1.16156,1.16099,1.16099,1443.0
2026-05-21 22:00:00,1.16098,1.16121,1.16096,1.16115,1074.0
2026-05-21 22:30:00,1.16114,1.16144,1.161,1.16118,1109.0
2026-05-21 23:00:00,1.16117,1.1613,1.16087,1.16104,1020.0
2026-05-21 23:30:00,1.16104,1.16122,1.16103,1.1612,687.0
2026-05-22 00:00:00,1.1612,1.1615,1.16114,1.16135,731.0
2026-05-22 00:30:00,1.16136,1.16156,1.1613,1.16152,592.0
2026-05-22 01:00:00,1.16151,1.1617,1.16145,1.16146,897.0
2026-05-22 01:30:00,1.16146,1.1617,1.16072,1.16094,1745.0
2026-05-22 02:00:00,1.16093,1.16146,1.16074,1.16124,2860.0
2026-05-22 02:30:00,1.16124,1.16126,1.16054,1.16099,2428.0
2026-05-22 03:00:00,1.16098,1.16098,1.16013,1.16086,2198.0
2026-05-22 03:30:00,1.16085,1.16094,1.16046,1.16084,2527.0
2026-05-22 04:00:00,1.16084,1.16158,1.1606,1.16114,3172.0
2026-05-22 04:30:00,1.16114,1.16124,1.16034,1.16078,3261.0
2026-05-22 05:00:00,1.16078,1.16081,1.15962,1.15994,2598.0
2026-05-22 05:30:00,1.15994,1.16058,1.15982,1.16043,2157.0
2026-05-22 06:00:00,1.16044,1.16078,1.16002,1.16003,2009.0
2026-05-22 06:30:00,1.16002,1.16015,1.15952,1.15974,2010.0
2026-05-22 07:00:00,1.15974,1.15977,1.15934,1.15942,1813.0
2026-05-22 07:30:00,1.15941,1.16022,1.15935,1.15966,2655.0
2026-05-22 08:00:00,1.15966,1.16072,1.15945,1.15986,5604.0
2026-05-22 08:30:00,1.15986,1.16048,1.15978,1.16044,2610.0
2026-05-22 09:00:00,1.16044,1.16185,1.1604,1.16112,5502.0
2026-05-22 09:30:00,1.1611,1.16117,1.15995,1.16038,5233.0
2026-05-22 10:00:00,1.16036,1.16039,1.15883,1.15966,5993.0
2026-05-22 10:30:00,1.15967,1.16024,1.15948,1.15976,4576.0
2026-05-22 11:00:00,1.15978,1.16055,1.15958,1.16027,4090.0
2026-05-22 11:30:00,1.16028,1.16044,1.15983,1.16029,3373.0
2026-05-22 12:00:00,1.1603,1.16094,1.15996,1.16092,3032.0
2026-05-22 12:30:00,1.16092,1.16112,1.16055,1.16112,2047.0
2026-05-22 13:00:00,1.16114,1.16176,1.16086,1.16165,4411.0
2026-05-22 13:30:00,1.16163,1.16192,1.16107,1.16134,4035.0
2026-05-22 14:00:00,1.16132,1.1615,1.16097,1.16106,2492.0
2026-05-22 14:30:00,1.16104,1.16156,1.16094,1.16119,1765.0
2026-05-22 15:00:00,1.16118,1.1614,1.1608,1.16084,1926.0
2026-05-22 15:30:00,1.16084,1.16088,1.16053,1.16059,1400.0
2026-05-22 16:00:00,1.1606,1.16067,1.16035,1.1604,822.0
2026-05-22 16:30:00,1.1604,1.1604,1.15982,1.16023,1471.0
2026-05-24 17:00:00,1.16394,1.16426,1.1636,1.16396,523.0
2026-05-24 17:30:00,1.16397,1.16397,1.16306,1.16334,785.0
2026-05-24 18:00:00,1.16331,1.16419,1.1632,1.1641,1830.0
2026-05-24 18:30:00,1.1641,1.16448,1.16405,1.1643,1118.0
2026-05-24 19:00:00,1.16431,1.16463,1.1643,1.16453,796.0
2026-05-24 19:30:00,1.16452,1.16456,1.16414,1.1642,1106.0
2026-05-24 20:00:00,1.16418,1.16424,1.1638,1.16419,1989.0
2026-05-24 20:30:00,1.1642,1.1649,1.16354,1.16366,2470.0
2026-05-24 21:00:00,1.16367,1.16471,1.16356,1.16462,2827.0
2026-05-24 21:30:00,1.16461,1.16461,1.16383,1.1639,1852.0
2026-05-24 22:00:00,1.16392,1.16426,1.1639,1.16417,1338.0
2026-05-24 22:30:00,1.16416,1.16419,1.16368,1.16377,1056.0
2026-05-24 23:00:00,1.16379,1.16397,1.1636,1.16372,1496.0
2026-05-24 23:30:00,1.16373,1.16398,1.16361,1.16374,1312.0
2026-05-25 00:00:00,1.16374,1.16376,1.16357,1.16372,985.0
2026-05-25 00:30:00,1.16371,1.16438,1.16371,1.1642,1191.0
2026-05-25 01:00:00,1.16421,1.16452,1.16411,1.16433,1256.0
2026-05-25 01:30:00,1.16434,1.16449,1.16381,1.16392,1167.0
2026-05-25 02:00:00,1.16392,1.16414,1.16376,1.16388,1883.0
2026-05-25 02:30:00,1.16386,1.16447,1.16374,1.16409,1890.0
2026-05-25 03:00:00,1.1641,1.1642,1.16296,1.16338,3211.0
2026-05-25 03:30:00,1.16338,1.16382,1.16335,1.16374,2663.0
2026-05-25 04:00:00,1.16375,1.16409,1.1633,1.16404,1883.0
2026-05-25 04:30:00,1.16406,1.16444,1.16402,1.16437,1866.0
2026-05-25 05:00:00,1.16436,1.16454,1.16404,1.16423,1203.0
2026-05-25 05:30:00,1.16424,1.16448,1.16406,1.16416,1083.0
2026-05-25 06:00:00,1.16416,1.16444,1.16414,1.1642,1016.0
2026-05-25 06:30:00,1.1642,1.1644,1.16414,1.16429,943.0
2026-05-25 07:00:00,1.1643,1.16448,1.16404,1.16444,996.0
2026-05-25 07:30:00,1.16445,1.16508,1.16436,1.1644,2151.0
2026-05-25 08:00:00,1.1644,1.16472,1.16427,1.16441,2101.0
2026-05-25 08:30:00,1.16442,1.16528,1.16442,1.16482,2207.0
2026-05-25 09:00:00,1.16482,1.16498,1.1644,1.16442,1880.0
2026-05-25 09:30:00,1.16441,1.16444,1.16388,1.16388,1898.0
2026-05-25 10:00:00,1.1639,1.1643,1.16384,1.16413,1420.0
2026-05-25 10:30:00,1.16414,1.16464,1.16403,1.1642,1754.0
2026-05-25 11:00:00,1.1642,1.16488,1.16396,1.16458,3050.0
2026-05-25 11:30:00,1.16456,1.16462,1.16422,1.16422,1156.0
2026-05-25 12:00:00,1.16422,1.16427,1.16379,1.16384,972.0
2026-05-25 12:30:00,1.16384,1.16416,1.16368,1.16412,1295.0
2026-05-25 13:00:00,1.16412,1.16441,1.16404,1.16439,609.0
2026-05-25 13:30:00,1.16438,1.1644,1.16418,1.16434,649.0
2026-05-25 14:00:00,1.16434,1.16438,1.16421,1.16426,723.0
2026-05-25 14:30:00,1.16426,1.1644,1.16416,1.16436,391.0
2026-05-25 15:00:00,1.16434,1.16436,1.16421,1.1643,375.0
2026-05-25 15:30:00,1.16431,1.16437,1.16418,1.16422,379.0
2026-05-25 16:00:00,1.16422,1.16435,1.1642,1.16433,356.0
2026-05-25 16:30:00,1.16434,1.16437,1.16416,1.16433,546.0
2026-05-25 17:00:00,1.16404,1.16426,1.16396,1.16412,393.0
2026-05-25 17:30:00,1.16412,1.16443,1.16366,1.16396,1018.0
2026-05-25 18:00:00,1.16398,1.16426,1.1639,1.164,967.0
2026-05-25 18:30:00,1.16402,1.16418,1.16393,1.1641,573.0
2026-05-25 19:00:00,1.16409,1.16434,1.16408,1.16412,555.0
2026-05-25 19:30:00,1.16411,1.16411,1.16358,1.16359,815.0
2026-05-25 20:00:00,1.1636,1.16399,1.1634,1.16358,2634.0
2026-05-25 20:30:00,1.16358,1.16396,1.1635,1.16387,1569.0
2026-05-25 21:00:00,1.16388,1.16398,1.16351,1.16368,2110.0
2026-05-25 21:30:00,1.16368,1.1637,1.16304,1.16339,2023.0
2026-05-25 22:00:00,1.16338,1.16352,1.16322,1.16332,1188.0
2026-05-25 22:30:00,1.16332,1.16346,1.16312,1.1634,1058.0
2026-05-25 23:00:00,1.1634,1.16374,1.16338,1.16348,868.0
2026-05-25 23:30:00,1.16348,1.16363,1.16342,1.1636,788.0
2026-05-26 00:00:00,1.16358,1.1636,1.16332,1.16332,523.0
2026-05-26 00:30:00,1.16332,1.16344,1.16294,1.16298,857.0
2026-05-26 01:00:00,1.16297,1.16303,1.1628,1.16298,1193.0
2026-05-26 01:30:00,1.16296,1.16308,1.16274,1.1628,1343.0
2026-05-26 02:00:00,1.16281,1.16356,1.16273,1.16329,2117.0
2026-05-26 02:30:00,1.16328,1.16376,1.16326,1.16352,2257.0
2026-05-26 03:00:00,1.16354,1.16365,1.1624,1.16339,2769.0
2026-05-26 03:30:00,1.1634,1.16404,1.16326,1.16371,3036.0
2026-05-26 04:00:00,1.16372,1.16422,1.16351,1.16394,2404.0
2026-05-26 04:30:00,1.16394,1.16412,1.16344,1.16365,2036.0
2026-05-26 05:00:00,1.16366,1.16424,1.16325,1.1642,2366.0
2026-05-26 05:30:00,1.16419,1.16441,1.164,1.16428,1659.0
2026-05-26 06:00:00,1.16428,1.16438,1.16398,1.1643,1724.0
2026-05-26 06:30:00,1.16429,1.16452,1.16377,1.16415,2607.0
2026-05-26 07:00:00,1.16416,1.16449,1.16398,1.164,1751.0
2026-05-26 07:30:00,1.16401,1.16421,1.16333,1.16348,2707.0
2026-05-26 08:00:00,1.16346,1.1636,1.16312,1.16352,2416.0
2026-05-26 08:30:00,1.16352,1.16366,1.16317,1.1632,2394.0
2026-05-26 09:00:00,1.16318,1.16331,1.16266,1.16268,2641.0
2026-05-26 09:30:00,1.16268,1.16312,1.16172,1.16258,5281.0
2026-05-26 10:00:00,1.16258,1.16299,1.16214,1.16246,3830.0
2026-05-26 10:30:00,1.16244,1.16291,1.16228,1.16251,4060.0
2026-05-26 11:00:00,1.1625,1.16258,1.16175,1.16208,3589.0
2026-05-26 11:30:00,1.16208,1.16224,1.16164,1.16194,3172.0
2026-05-26 12:00:00,1.16196,1.1629,1.16196,1.16272,2103.0
2026-05-26 12:30:00,1.16272,1.16296,1.16226,1.1624,1929.0
2026-05-26 13:00:00,1.1624,1.16278,1.16228,1.16242,1738.0
2026-05-26 13:30:00,1.16241,1.16261,1.16214,1.1624,1514.0
2026-05-26 14:00:00,1.1624,1.16275,1.16234,1.16271,1261.0
2026-05-26 14:30:00,1.1627,1.1631,1.16264,1.16296,1484.0
2026-05-26 15:00:00,1.16292,1.16306,1.16274,1.16296,1095.0
2026-05-26 15:30:00,1.16296,1.16326,1.16295,1.1632,1165.0
2026-05-26 16:00:00,1.1632,1.1633,1.16304,1.16304,615.0
2026-05-26 16:30:00,1.16304,1.16322,1.16304,1.16317,573.0
2026-05-26 17:00:00,1.16286,1.16322,1.16276,1.16318,579.0
2026-05-26 17:30:00,1.16317,1.16324,1.16299,1.16308,3120.0
2026-05-26 18:00:00,1.1631,1.16338,1.1631,1.16326,814.0
2026-05-26 18:30:00,1.16325,1.16336,1.16321,1.16335,306.0
2026-05-26 19:00:00,1.16334,1.1637,1.16334,1.16367,252.0
2026-05-26 19:30:00,1.16365,1.16399,1.1636,1.16366,517.0
2026-05-26 20:00:00,1.16365,1.16405,1.1636,1.16394,1775.0
2026-05-26 20:30:00,1.16394,1.16406,1.16376,1.16381,1453.0
2026-05-26 21:00:00,1.1638,1.16394,1.16368,1.1637,1511.0
2026-05-26 21:30:00,1.16372,1.16372,1.16327,1.1634,1919.0
2026-05-26 22:00:00,1.1634,1.16384,1.1634,1.16349,1840.0
2026-05-26 22:30:00,1.1635,1.16386,1.16341,1.16384,1117.0
2026-05-26 23:00:00,1.16385,1.16426,1.16378,1.16392,1167.0
2026-05-26 23:30:00,1.16392,1.16398,1.16369,1.16388,816.0
2026-05-27 00:00:00,1.16388,1.1641,1.16384,1.16396,758.0
2026-05-27 00:30:00,1.16396,1.16424,1.16395,1.16413,830.0
2026-05-27 01:00:00,1.16412,1.16446,1.16408,1.1644,1043.0
2026-05-27 01:30:00,1.1644,1.16444,1.16388,1.16395,1620.0
2026-05-27 02:00:00,1.16396,1.16414,1.16374,1.16401,2329.0
2026-05-27 02:30:00,1.16402,1.16494,1.16388,1.16456,2520.0
2026-05-27 03:00:00,1.16458,1.1649,1.16422,1.16454,2617.0
2026-05-27 03:30:00,1.16454,1.16478,1.16402,1.16405,2234.0
2026-05-27 04:00:00,1.16406,1.16472,1.16384,1.16472,2567.0
2026-05-27 04:30:00,1.16472,1.16472,1.1643,1.1645,1805.0
2026-05-27 05:00:00,1.16448,1.1647,1.16426,1.16454,2113.0
2026-05-27 05:30:00,1.16454,1.16486,1.16435,1.16446,1542.0
2026-05-27 06:00:00,1.16446,1.16448,1.16366,1.16376,1896.0
2026-05-27 06:30:00,1.16375,1.16406,1.16361,1.16392,2328.0
2026-05-27 07:00:00,1.16394,1.16419,1.16363,1.1638,2425.0
2026-05-27 07:30:00,1.16379,1.16398,1.1633,1.16376,3119.0
2026-05-27 08:00:00,1.16377,1.16601,1.16346,1.16562,8981.0
2026-05-27 08:30:00,1.16561,1.16615,1.16418,1.1644,7497.0
2026-05-27 09:00:00,1.16439,1.16482,1.16398,1.16412,5342.0
2026-05-27 09:30:00,1.1641,1.16463,1.16377,1.16414,6687.0
2026-05-27 10:00:00,1.16414,1.16523,1.16366,1.16489,5966.0
2026-05-27 10:30:00,1.16487,1.16519,1.16249,1.16256,8350.0
2026-05-27 11:00:00,1.16255,1.16346,1.16225,1.16339,5448.0
2026-05-27 11:30:00,1.1634,1.16364,1.16265,1.16302,3969.0
2026-05-27 12:00:00,1.16305,1.16322,1.16242,1.16287,3040.0
2026-05-27 12:30:00,1.16286,1.16328,1.16277,1.16324,1838.0
2026-05-27 13:00:00,1.16324,1.1633,1.16222,1.16236,2916.0
2026-05-27 13:30:00,1.16236,1.16286,1.16224,1.16272,1631.0
2026-05-27 14:00:00,1.16272,1.16274,1.16226,1.16246,1619.0
2026-05-27 14:30:00,1.16246,1.16304,1.16239,1.16294,1341.0
2026-05-27 15:00:00,1.16294,1.1632,1.16284,1.1631,1207.0
2026-05-27 15:30:00,1.1631,1.16318,1.16268,1.16288,1168.0
2026-05-27 16:00:00,1.16286,1.16305,1.16279,1.1628,689.0
2026-05-27 16:30:00,1.16281,1.16291,1.16256,1.16258,681.0
2026-05-27 17:00:00,1.1628,1.16312,1.16279,1.16306,238.0
2026-05-27 17:30:00,1.16306,1.1631,1.16266,1.16291,1503.0
2026-05-27 18:00:00,1.16286,1.16305,1.16271,1.16282,600.0
2026-05-27 18:30:00,1.16282,1.16296,1.1626,1.16262,517.0
2026-05-27 19:00:00,1.1626,1.16288,1.16217,1.16218,922.0
2026-05-27 19:30:00,1.16217,1.16228,1.16162,1.16176,1135.0
2026-05-27 20:00:00,1.16176,1.16234,1.16166,1.16233,2124.0
2026-05-27 20:30:00,1.16233,1.16235,1.1617,1.16206,2080.0
2026-05-27 21:00:00,1.16206,1.16212,1.16178,1.16186,1646.0
2026-05-27 21:30:00,1.16187,1.16196,1.16094,1.161,1973.0
2026-05-27 22:00:00,1.161,1.16143,1.16096,1.16138,1439.0
2026-05-27 22:30:00,1.16138,1.16152,1.16105,1.16126,1330.0
2026-05-27 23:00:00,1.16126,1.16138,1.16008,1.16012,2192.0
2026-05-27 23:30:00,1.16012,1.16012,1.15872,1.15872,3494.0
2026-05-28 00:00:00,1.15872,1.15918,1.15864,1.15882,2647.0
2026-05-28 00:30:00,1.15882,1.15928,1.1588,1.15918,1503.0
2026-05-28 01:00:00,1.15918,1.15952,1.15891,1.15944,1940.0
2026-05-28 01:30:00,1.15944,1.16021,1.15943,1.15994,2154.0
2026-05-28 02:00:00,1.15993,1.16094,1.15987,1.1607,2557.0
2026-05-28 02:30:00,1.1607,1.16122,1.16056,1.16102,2082.0
2026-05-28 03:00:00,1.16104,1.16178,1.16103,1.16126,3281.0
2026-05-28 03:30:00,1.16126,1.16139,1.161,1.16118,2396.0
2026-05-28 04:00:00,1.16118,1.1616,1.16066,1.16096,2621.0
2026-05-28 04:30:00,1.16095,1.16169,1.1609,1.16156,2093.0
2026-05-28 05:00:00,1.16157,1.16192,1.16145,1.16179,2235.0
2026-05-28 05:30:00,1.1618,1.16185,1.1613,1.16132,1917.0
2026-05-28 06:00:00,1.1613,1.16156,1.1609,1.16147,2238.0
2026-05-28 06:30:00,1.16144,1.16148,1.16037,1.16037,2670.0
2026-05-28 07:00:00,1.16036,1.16112,1.16034,1.16109,2225.0
2026-05-28 07:30:00,1.16108,1.16228,1.1608,1.1617,2770.0
2026-05-28 08:00:00,1.16168,1.16256,1.16157,1.16242,2780.0
2026-05-28 08:30:00,1.16241,1.16384,1.16238,1.16366,5628.0
2026-05-28 09:00:00,1.16367,1.16432,1.16326,1.1633,3800.0
2026-05-28 09:30:00,1.1633,1.16386,1.16291,1.16306,4458.0
2026-05-28 10:00:00,1.16304,1.1658,1.1627,1.16542,11335.0
2026-05-28 10:30:00,1.16544,1.1657,1.1643,1.16478,8441.0
2026-05-28 11:00:00,1.16478,1.16553,1.16477,1.16531,4681.0
2026-05-28 11:30:00,1.16532,1.1657,1.16477,1.16481,3353.0
2026-05-28 12:00:00,1.1648,1.16614,1.16454,1.16572,4096.0
2026-05-28 12:30:00,1.16572,1.16597,1.16536,1.16569,3220.0
2026-05-28 13:00:00,1.1657,1.16574,1.16508,1.1651,2184.0
2026-05-28 13:30:00,1.16511,1.16544,1.1651,1.16534,1591.0
2026-05-28 14:00:00,1.16532,1.16554,1.16485,1.16491,3113.0
2026-05-28 14:30:00,1.1649,1.16502,1.16466,1.1648,2125.0
2026-05-28 15:00:00,1.16477,1.16492,1.16464,1.16489,1486.0
2026-05-28 15:30:00,1.16488,1.16516,1.16469,1.16477,2087.0
2026-05-28 16:00:00,1.16476,1.16482,1.1645,1.16466,922.0
2026-05-28 16:30:00,1.16467,1.16498,1.16466,1.16497,458.0
2026-05-28 17:00:00,1.16522,1.16536,1.16512,1.16522,438.0
2026-05-28 17:30:00,1.16522,1.16523,1.16515,1.1652,874.0
2026-05-28 18:00:00,1.16519,1.16522,1.16506,1.16516,356.0
2026-05-28 18:30:00,1.16515,1.16517,1.165,1.16504,335.0
2026-05-28 19:00:00,1.16504,1.16532,1.16504,1.16516,467.0
2026-05-28 19:30:00,1.16516,1.16532,1.16506,1.16526,542.0
2026-05-28 20:00:00,1.16525,1.16556,1.16521,1.16538,2083.0
2026-05-28 20:30:00,1.1654,1.1654,1.16475,1.16488,1554.0
2026-05-28 21:00:00,1.16489,1.16566,1.16479,1.16538,2515.0
2026-05-28 21:30:00,1.1654,1.1654,1.16434,1.16446,1835.0
2026-05-28 22:00:00,1.16446,1.16478,1.16436,1.16464,1524.0
2026-05-28 22:30:00,1.16464,1.16492,1.16448,1.1645,1081.0
2026-05-28 23:00:00,1.1645,1.1645,1.16398,1.16411,1216.0
2026-05-28 23:30:00,1.16412,1.16414,1.1636,1.16373,1369.0
2026-05-29 00:00:00,1.16372,1.16393,1.16355,1.16358,1231.0
2026-05-29 00:30:00,1.16358,1.16394,1.16343,1.16391,946.0
2026-05-29 01:00:00,1.16392,1.16436,1.16382,1.16416,1182.0
2026-05-29 01:30:00,1.16416,1.16428,1.16397,1.16421,945.0
2026-05-29 02:00:00,1.16422,1.16479,1.16422,1.16456,2016.0
2026-05-29 02:30:00,1.16456,1.16544,1.16452,1.16535,2444.0
2026-05-29 03:00:00,1.16534,1.16534,1.16415,1.16436,3050.0
2026-05-29 03:30:00,1.16436,1.16447,1.16378,1.16422,2634.0
2026-05-29 04:00:00,1.16418,1.16418,1.16338,1.1639,3176.0
2026-05-29 04:30:00,1.16388,1.16398,1.1625,1.16283,2744.0
2026-05-29 05:00:00,1.16282,1.16386,1.16266,1.16366,3156.0
2026-05-29 05:30:00,1.16366,1.16428,1.16332,1.16415,2393.0
2026-05-29 06:00:00,1.16416,1.16452,1.1638,1.16427,2126.0
2026-05-29 06:30:00,1.16426,1.16444,1.16408,1.16431,1829.0
2026-05-29 07:00:00,1.1643,1.1645,1.16399,1.16434,2132.0
2026-05-29 07:30:00,1.16433,1.16483,1.16406,1.16478,2661.0
2026-05-29 08:00:00,1.16477,1.16488,1.16429,1.16464,2635.0
2026-05-29 08:30:00,1.16464,1.16491,1.16416,1.1649,2969.0
2026-05-29 09:00:00,1.16492,1.16532,1.16464,1.165,3202.0
2026-05-29 09:30:00,1.165,1.16522,1.1645,1.16474,3797.0
2026-05-29 10:00:00,1.16473,1.1651,1.16418,1.16462,4559.0
2026-05-29 10:30:00,1.16461,1.16746,1.16406,1.16687,9405.0
2026-05-29 11:00:00,1.16686,1.1682,1.16673,1.16752,6438.0
2026-05-29 11:30:00,1.16754,1.16859,1.16743,1.16781,5971.0
2026-05-29 12:00:00,1.1678,1.16792,1.16678,1.16699,3072.0
2026-05-29 12:30:00,1.16698,1.16747,1.16666,1.16723,3637.0
2026-05-29 13:00:00,1.16722,1.16734,1.16659,1.16678,2570.0
2026-05-29 13:30:00,1.16679,1.16682,1.16622,1.16624,2145.0
2026-05-29 14:00:00,1.16624,1.1666,1.16616,1.16646,2357.0
2026-05-29 14:30:00,1.16646,1.16686,1.16605,1.16642,2802.0
2026-05-29 15:00:00,1.16641,1.16695,1.16641,1.16678,1953.0
2026-05-29 15:30:00,1.1668,1.16688,1.16638,1.16646,2452.0
2026-05-29 16:00:00,1.16648,1.1665,1.16609,1.16615,1154.0
2026-05-29 16:30:00,1.16616,1.16627,1.16587,1.16621,1619.0
2026-05-31 17:00:00,1.16543,1.16582,1.16543,1.1657,76.0
2026-05-31 17:30:00,1.16569,1.16618,1.1656,1.166,566.0
2026-05-31 18:00:00,1.16602,1.16611,1.16517,1.16534,1220.0
2026-05-31 18:30:00,1.16536,1.16552,1.16522,1.16544,3045.0
2026-05-31 19:00:00,1.16544,1.16558,1.16534,1.16554,3124.0
2026-05-31 19:30:00,1.16555,1.16558,1.16484,1.16486,2641.0
2026-05-31 20:00:00,1.16486,1.16538,1.16456,1.16478,3937.0
2026-05-31 20:30:00,1.16478,1.16486,1.1645,1.16477,2421.0
2026-05-31 21:00:00,1.16478,1.16482,1.16438,1.1644,1774.0
2026-05-31 21:30:00,1.16441,1.16454,1.1642,1.16449,1586.0
2026-05-31 22:00:00,1.16448,1.16454,1.16438,1.16447,902.0
2026-05-31 22:30:00,1.16446,1.16472,1.16437,1.16466,1049.0
2026-05-31 23:00:00,1.16468,1.16491,1.16434,1.16476,1402.0
2026-05-31 23:30:00,1.16476,1.16486,1.16416,1.16439,927.0
2026-06-01 00:00:00,1.16438,1.16474,1.16435,1.16473,714.0
2026-06-01 00:30:00,1.16474,1.16486,1.16462,1.16482,730.0
2026-06-01 01:00:00,1.16482,1.16524,1.16479,1.16514,1251.0
2026-06-01 01:30:00,1.16514,1.16534,1.16505,1.16514,1127.0
2026-06-01 02:00:00,1.16514,1.16561,1.16502,1.16518,2428.0
2026-06-01 02:30:00,1.16518,1.16648,1.16509,1.16647,3380.0
2026-06-01 03:00:00,1.16644,1.16648,1.16558,1.16584,3101.0
2026-06-01 03:30:00,1.16585,1.16591,1.16518,1.16566,2019.0
2026-06-01 04:00:00,1.16568,1.16602,1.1655,1.16588,2089.0
2026-06-01 04:30:00,1.16589,1.16602,1.16535,1.16578,1900.0
2026-06-01 05:00:00,1.16577,1.16606,1.16483,1.165,2337.0
2026-06-01 05:30:00,1.16498,1.16514,1.16486,1.16508,2397.0
2026-06-01 06:00:00,1.1651,1.16511,1.16472,1.16486,1924.0
2026-06-01 06:30:00,1.16486,1.16502,1.1646,1.16476,1774.0
2026-06-01 07:00:00,1.16474,1.16481,1.16416,1.16464,1907.0
2026-06-01 07:30:00,1.16464,1.16482,1.1643,1.16463,1905.0
2026-06-01 08:00:00,1.16464,1.16502,1.16456,1.165,2421.0
2026-06-01 08:30:00,1.165,1.16506,1.16452,1.16474,3396.0
2026-06-01 09:00:00,1.16474,1.16482,1.16256,1.16272,9635.0
2026-06-01 09:30:00,1.16273,1.16296,1.16101,1.16101,8249.0
2026-06-01 10:00:00,1.16096,1.16184,1.16068,1.16143,7388.0
2026-06-01 10:30:00,1.16144,1.16184,1.1611,1.16175,5359.0
2026-06-01 11:00:00,1.16178,1.16228,1.16153,1.16217,4910.0
2026-06-01 11:30:00,1.16216,1.16288,1.16216,1.1623,4877.0
2026-06-01 12:00:00,1.16232,1.16262,1.16164,1.16214,3156.0
2026-06-01 12:30:00,1.16213,1.16306,1.16208,1.16298,3826.0
2026-06-01 13:00:00,1.163,1.16321,1.16252,1.16321,3252.0
2026-06-01 13:30:00,1.16322,1.1638,1.16298,1.16348,4240.0
2026-06-01 14:00:00,1.16347,1.16353,1.1633,1.16332,1336.0
2026-06-01 14:30:00,1.16334,1.16348,1.16308,1.16308,1111.0
2026-06-01 15:00:00,1.16308,1.16338,1.16296,1.16321,1109.0
2026-06-01 15:30:00,1.16322,1.16335,1.16267,1.16318,2237.0
2026-06-01 16:00:00,1.16318,1.16339,1.16306,1.16317,713.0
2026-06-01 16:30:00,1.16315,1.16334,1.1631,1.16321,804.0
2026-06-01 17:00:00,1.163,1.16353,1.16299,1.1635,302.0
2026-06-01 17:30:00,1.16348,1.1637,1.1634,1.16341,987.0
2026-06-01 18:00:00,1.16342,1.16352,1.16326,1.16332,461.0
2026-06-01 18:30:00,1.16332,1.16342,1.16332,1.16339,371.0
2026-06-01 19:00:00,1.16342,1.16358,1.1634,1.16349,354.0
2026-06-01 19:30:00,1.1635,1.16361,1.16328,1.16354,733.0
2026-06-01 20:00:00,1.16354,1.16355,1.163,1.16332,1772.0
2026-06-01 20:30:00,1.16332,1.16348,1.16294,1.16315,1367.0
2026-06-01 21:00:00,1.16316,1.1637,1.16314,1.16336,1957.0
2026-06-01 21:30:00,1.16338,1.16353,1.16284,1.16307,1757.0
2026-06-01 22:00:00,1.16308,1.16342,1.16304,1.16338,1332.0
2026-06-01 22:30:00,1.16339,1.16346,1.16302,1.16308,871.0
2026-06-01 23:00:00,1.16309,1.16338,1.16309,1.16332,1169.0
2026-06-01 23:30:00,1.16332,1.16352,1.16327,1.16342,889.0
2026-06-02 00:00:00,1.16342,1.16365,1.16342,1.16358,858.0
2026-06-02 00:30:00,1.16359,1.16388,1.16359,1.16379,689.0
2026-06-02 01:00:00,1.1638,1.16398,1.16368,1.16376,910.0
2026-06-02 01:30:00,1.16377,1.16387,1.16362,1.16371,779.0
2026-06-02 02:00:00,1.16372,1.16502,1.16372,1.1649,2674.0
2026-06-02 02:30:00,1.16491,1.16522,1.1648,1.16506,3040.0
2026-06-02 03:00:00,1.16504,1.16508,1.1645,1.16468,2536.0
2026-06-02 03:30:00,1.16467,1.16495,1.16458,1.16486,2030.0
2026-06-02 04:00:00,1.16486,1.16526,1.1645,1.16464,2361.0
2026-06-02 04:30:00,1.16464,1.16478,1.16422,1.16436,1669.0
2026-06-02 05:00:00,1.16437,1.16439,1.16402,1.16434,2190.0
2026-06-02 05:30:00,1.16434,1.1645,1.1641,1.16433,1873.0
2026-06-02 06:00:00,1.16434,1.16454,1.16384,1.16426,1786.0
2026-06-02 06:30:00,1.16427,1.16461,1.16416,1.16437,1561.0
2026-06-02 07:00:00,1.16438,1.16468,1.16437,1.16468,1845.0
2026-06-02 07:30:00,1.16466,1.16528,1.16464,1.16496,1788.0
2026-06-02 08:00:00,1.16497,1.1654,1.16474,1.16524,2256.0
2026-06-02 08:30:00,1.16522,1.16558,1.16493,1.16505,3215.0
2026-06-02 09:00:00,1.16505,1.16524,1.16456,1.16457,3868.0
2026-06-02 09:30:00,1.16456,1.16481,1.16396,1.16434,3556.0
2026-06-02 10:00:00,1.16434,1.16437,1.16361,1.16397,4496.0
2026-06-02 10:30:00,1.16398,1.165,1.16394,1.16436,3648.0
2026-06-02 11:00:00,1.16436,1.16452,1.16356,1.16369,3830.0
2026-06-02 11:30:00,1.1637,1.16417,1.16364,1.16406,2545.0
2026-06-02 12:00:00,1.16407,1.16412,1.16304,1.16307,2222.0
2026-06-02 12:30:00,1.16308,1.16316,1.16268,1.16284,1401.0
2026-06-02 13:00:00,1.16283,1.16298,1.16232,1.16244,1689.0
2026-06-02 13:30:00,1.16244,1.16252,1.16202,1.16216,1166.0
2026-06-02 14:00:00,1.16216,1.16226,1.16135,1.16206,1899.0
2026-06-02 14:30:00,1.16206,1.163,1.16206,1.16285,1644.0
2026-06-02 15:00:00,1.16286,1.16332,1.16286,1.16318,975.0
2026-06-02 15:30:00,1.16319,1.16326,1.16307,1.16323,1185.0
2026-06-02 16:00:00,1.16324,1.16349,1.16316,1.16319,594.0
2026-06-02 16:30:00,1.1632,1.16324,1.163,1.1631,904.0
2026-06-02 17:00:00,1.16299,1.1633,1.16292,1.16316,446.0
2026-06-02 17:30:00,1.16318,1.16332,1.16296,1.163,443.0
2026-06-02 18:00:00,1.16299,1.16302,1.1627,1.16286,569.0
2026-06-02 18:30:00,1.16286,1.16292,1.16264,1.16267,596.0
2026-06-02 19:00:00,1.16268,1.16275,1.16223,1.1623,1099.0
2026-06-02 19:30:00,1.16232,1.16236,1.16198,1.16213,1262.0
2026-06-02 20:00:00,1.16212,1.16274,1.16204,1.16272,1864.0
2026-06-02 20:30:00,1.16272,1.16308,1.1627,1.16289,1370.0
2026-06-02 21:00:00,1.1629,1.1631,1.16264,1.16306,1754.0
2026-06-02 21:30:00,1.16307,1.16336,1.16276,1.16296,1814.0
2026-06-02 22:00:00,1.16296,1.1632,1.16284,1.16286,913.0
2026-06-02 22:30:00,1.16288,1.16297,1.1625,1.1628,1173.0
2026-06-02 23:00:00,1.16281,1.16295,1.1627,1.16271,1067.0
2026-06-02 23:30:00,1.16273,1.16295,1.16264,1.16277,908.0
2026-06-03 00:00:00,1.16276,1.16282,1.16248,1.16249,699.0
2026-06-03 00:30:00,1.16248,1.1626,1.16244,1.16256,718.0
2026-06-03 01:00:00,1.16256,1.16271,1.16218,1.16223,1115.0
2026-06-03 01:30:00,1.16223,1.16242,1.16187,1.16188,1451.0
2026-06-03 02:00:00,1.16188,1.16224,1.16124,1.16161,2886.0
2026-06-03 02:30:00,1.1616,1.16187,1.16133,1.16164,2897.0
2026-06-03 03:00:00,1.16164,1.16208,1.16132,1.1614,2691.0
2026-06-03 03:30:00,1.16139,1.16244,1.16129,1.16162,3895.0
2026-06-03 04:00:00,1.16162,1.16168,1.16098,1.1612,2875.0
2026-06-03 04:30:00,1.1612,1.16155,1.16051,1.16082,3132.0
2026-06-03 05:00:00,1.16082,1.1616,1.1608,1.16124,2321.0
2026-06-03 05:30:00,1.16124,1.16157,1.16096,1.16136,2355.0
2026-06-03 06:00:00,1.16136,1.1623,1.16128,1.16154,4511.0
2026-06-03 06:30:00,1.16154,1.16178,1.16146,1.16161,2133.0
2026-06-03 07:00:00,1.16162,1.16204,1.16154,1.16201,1804.0
2026-06-03 07:30:00,1.16202,1.16226,1.16165,1.16179,2171.0
2026-06-03 08:00:00,1.1618,1.16187,1.1607,1.1607,3015.0
2026-06-03 08:30:00,1.1607,1.1607,1.15968,1.16005,3618.0
2026-06-03 09:00:00,1.16006,1.16048,1.15974,1.16042,3304.0
2026-06-03 09:30:00,1.16043,1.16064,1.15988,1.1603,5083.0
2026-06-03 10:00:00,1.1603,1.16086,1.15996,1.16038,6492.0
2026-06-03 10:30:00,1.16038,1.16124,1.15949,1.16124,6188.0
2026-06-03 11:00:00,1.16124,1.1613,1.16026,1.16074,5495.0
2026-06-03 11:30:00,1.16074,1.16104,1.16042,1.16048,3623.0
2026-06-03 12:00:00,1.1605,1.1605,1.15958,1.15994,3363.0
2026-06-03 12:30:00,1.15994,1.16019,1.15952,1.16002,2725.0
2026-06-03 13:00:00,1.16004,1.16036,1.15972,1.15974,1778.0
2026-06-03 13:30:00,1.15973,1.15996,1.15969,1.15984,1251.0
2026-06-03 14:00:00,1.15985,1.15994,1.15954,1.15978,1292.0
2026-06-03 14:30:00,1.15978,1.16,1.15955,1.15984,1552.0
2026-06-03 15:00:00,1.15982,1.16011,1.15972,1.15974,1313.0
2026-06-03 15:30:00,1.15974,1.15992,1.15973,1.15981,1095.0
2026-06-03 16:00:00,1.15982,1.16006,1.1597,1.15994,864.0
2026-06-03 16:30:00,1.15993,1.16002,1.15976,1.15986,816.0
2026-06-03 17:00:00,1.15998,1.16013,1.15984,1.15996,293.0
2026-06-03 17:30:00,1.15995,1.16001,1.15976,1.15989,748.0
2026-06-03 18:00:00,1.15993,1.15996,1.15946,1.1597,658.0
2026-06-03 18:30:00,1.1597,1.16124,1.15968,1.1606,1286.0
2026-06-03 19:00:00,1.16061,1.16085,1.16016,1.16054,1196.0
2026-06-03 19:30:00,1.16054,1.16108,1.16049,1.1609,855.0
2026-06-03 20:00:00,1.1609,1.16126,1.16055,1.16095,2321.0
2026-06-03 20:30:00,1.16096,1.1612,1.1606,1.16068,1693.0
2026-06-03 21:00:00,1.16068,1.16086,1.16039,1.16078,1967.0
2026-06-03 21:30:00,1.1608,1.16102,1.16073,1.16096,1642.0
2026-06-03 22:00:00,1.16098,1.16104,1.16064,1.16078,1410.0
2026-06-03 22:30:00,1.16078,1.16113,1.16078,1.16101,778.0
2026-06-03 23:00:00,1.161,1.16101,1.16026,1.16034,871.0
2026-06-03 23:30:00,1.16036,1.16062,1.16028,1.1606,868.0
2026-06-04 00:00:00,1.16061,1.16062,1.1604,1.1606,646.0
2026-06-04 00:30:00,1.1606,1.16132,1.1606,1.16098,1635.0
2026-06-04 01:00:00,1.16098,1.16106,1.16056,1.16058,1202.0
2026-06-04 01:30:00,1.16059,1.16105,1.16052,1.16098,1409.0
2026-06-04 02:00:00,1.16098,1.16128,1.16072,1.16106,1972.0
2026-06-04 02:30:00,1.16105,1.1615,1.1608,1.16108,2390.0
2026-06-04 03:00:00,1.16106,1.16128,1.16039,1.16064,2288.0
2026-06-04 03:30:00,1.16064,1.16072,1.15986,1.1604,2855.0
2026-06-04 04:00:00,1.1604,1.16111,1.16037,1.16105,2884.0
2026-06-04 04:30:00,1.16106,1.16142,1.16069,1.16133,2748.0
2026-06-04 05:00:00,1.16132,1.16226,1.16132,1.16207,3013.0
2026-06-04 05:30:00,1.16206,1.16284,1.16193,1.16258,2815.0
2026-06-04 06:00:00,1.16258,1.16308,1.16253,1.16288,2230.0
2026-06-04 06:30:00,1.16289,1.16342,1.16278,1.16305,2447.0
2026-06-04 07:00:00,1.16306,1.16434,1.16304,1.16407,3590.0
2026-06-04 07:30:00,1.16409,1.16455,1.1637,1.16418,3491.0
2026-06-04 08:00:00,1.16418,1.16452,1.16345,1.16385,4030.0
2026-06-04 08:30:00,1.16388,1.16434,1.1637,1.1637,3348.0
2026-06-04 09:00:00,1.1637,1.164,1.1634,1.16366,2827.0
2026-06-04 09:30:00,1.16367,1.16397,1.16348,1.16361,4298.0
2026-06-04 10:00:00,1.1636,1.164,1.16314,1.16316,2826.0
2026-06-04 10:30:00,1.16316,1.16332,1.16292,1.16306,2576.0
2026-06-04 11:00:00,1.16305,1.16316,1.16224,1.16236,3115.0
2026-06-04 11:30:00,1.16236,1.16298,1.16225,1.16284,2534.0
2026-06-04 12:00:00,1.16283,1.16298,1.16264,1.16282,1691.0
2026-06-04 12:30:00,1.16284,1.1629,1.16232,1.16234,1420.0
2026-06-04 13:00:00,1.16233,1.1624,1.162,1.16203,1154.0
2026-06-04 13:30:00,1.16202,1.1622,1.16195,1.16208,853.0
2026-06-04 14:00:00,1.16208,1.16226,1.16167,1.16167,918.0
2026-06-04 14:30:00,1.16166,1.1618,1.16134,1.1615,1165.0
2026-06-04 15:00:00,1.1615,1.16162,1.16114,1.16124,1095.0
2026-06-04 15:30:00,1.16124,1.16132,1.16106,1.16124,996.0
2026-06-04 16:00:00,1.16125,1.16137,1.16086,1.16094,674.0
2026-06-04 16:30:00,1.16092,1.16122,1.16082,1.1611,470.0
2026-06-04 17:00:00,1.16154,1.16162,1.16131,1.16145,393.0
2026-06-04 17:30:00,1.16144,1.16158,1.16116,1.1614,859.0
2026-06-04 18:00:00,1.16144,1.16145,1.16122,1.1613,457.0
2026-06-04 18:30:00,1.16129,1.16132,1.1611,1.16122,337.0
2026-06-04 19:00:00,1.16122,1.16138,1.16121,1.1613,333.0
2026-06-04 19:30:00,1.16131,1.16136,1.1612,1.16124,480.0
2026-06-04 20:00:00,1.16124,1.16142,1.1611,1.1613,1689.0
2026-06-04 20:30:00,1.16129,1.16136,1.1611,1.16128,1253.0
2026-06-04 21:00:00,1.16128,1.16142,1.161,1.16118,2382.0
2026-06-04 21:30:00,1.16118,1.1615,1.16112,1.16137,2099.0
2026-06-04 22:00:00,1.1614,1.16166,1.16125,1.16162,1241.0
2026-06-04 22:30:00,1.16161,1.16161,1.16136,1.1614,1184.0
2026-06-04 23:00:00,1.16141,1.16156,1.16136,1.16146,1190.0
2026-06-04 23:30:00,1.16146,1.16152,1.16136,1.16148,778.0
2026-06-05 00:00:00,1.1615,1.16166,1.16138,1.16138,944.0
2026-06-05 00:30:00,1.16138,1.1617,1.16138,1.16162,872.0
2026-06-05 01:00:00,1.16162,1.16165,1.1615,1.1616,884.0
2026-06-05 01:30:00,1.1616,1.16194,1.16154,1.16156,1124.0
2026-06-05 02:00:00,1.16155,1.16182,1.1613,1.16179,1825.0
2026-06-05 02:30:00,1.16178,1.16229,1.16175,1.16224,1992.0
2026-06-05 03:00:00,1.16222,1.16302,1.16216,1.16302,2128.0
2026-06-05 03:30:00,1.16302,1.16372,1.16296,1.1632,2403.0
2026-06-05 04:00:00,1.1632,1.164,1.1632,1.16378,2671.0
2026-06-05 04:30:00,1.16378,1.16398,1.16365,1.16368,1977.0
2026-06-05 05:00:00,1.16366,1.16445,1.16346,1.16395,3271.0
2026-06-05 05:30:00,1.16396,1.16405,1.16374,1.16387,1607.0
2026-06-05 06:00:00,1.16386,1.16425,1.16385,1.16422,1440.0
2026-06-05 06:30:00,1.16422,1.16443,1.16388,1.16404,1637.0
2026-06-05 07:00:00,1.16403,1.16406,1.16354,1.1639,1659.0
2026-06-05 07:30:00,1.1639,1.1642,1.16345,1.16416,2171.0
2026-06-05 08:00:00,1.16416,1.16428,1.16347,1.16352,2778.0
2026-06-05 08:30:00,1.16352,1.16362,1.15863,1.15866,12107.0
2026-06-05 09:00:00,1.15868,1.15998,1.15839,1.15847,10279.0
2026-06-05 09:30:00,1.15848,1.15868,1.15718,1.1572,8195.0
2026-06-05 10:00:00,1.1572,1.15806,1.15541,1.1556,8181.0
2026-06-05 10:30:00,1.15559,1.15619,1.15496,1.1559,6260.0
2026-06-05 11:00:00,1.1559,1.15601,1.15438,1.15467,5956.0
2026-06-05 11:30:00,1.15466,1.15482,1.15316,1.15325,4230.0
2026-06-05 12:00:00,1.15326,1.15326,1.15232,1.15268,4791.0
2026-06-05 12:30:00,1.15267,1.15331,1.15226,1.15322,3604.0
2026-06-05 13:00:00,1.15324,1.15332,1.1526,1.15272,3433.0
2026-06-05 13:30:00,1.15272,1.15276,1.15192,1.15243,3026.0
2026-06-05 14:00:00,1.15244,1.15261,1.15195,1.15226,3570.0
2026-06-05 14:30:00,1.15224,1.15291,1.15212,1.1523,3314.0
2026-06-05 15:00:00,1.1523,1.15236,1.15184,1.15218,2458.0
2026-06-05 15:30:00,1.15218,1.15274,1.15205,1.15253,2564.0
2026-06-05 16:00:00,1.15254,1.15255,1.1518,1.15236,1354.0
2026-06-05 16:30:00,1.15237,1.15263,1.15188,1.15226,2020.0
2026-06-07 17:00:00,1.15115,1.15153,1.15115,1.1515,189.0
2026-06-07 17:30:00,1.15149,1.15157,1.15096,1.15115,392.0
2026-06-07 18:00:00,1.15104,1.15188,1.15088,1.15137,2200.0
2026-06-07 18:30:00,1.15137,1.15166,1.15106,1.15134,1715.0
2026-06-07 19:00:00,1.15132,1.15204,1.15132,1.15184,1430.0
2026-06-07 19:30:00,1.15182,1.15228,1.15179,1.1522,1238.0
2026-06-07 20:00:00,1.15219,1.15248,1.1521,1.15226,1652.0
2026-06-07 20:30:00,1.15225,1.15337,1.15225,1.15335,2290.0
2026-06-07 21:00:00,1.15336,1.15348,1.15178,1.15195,4972.0
2026-06-07 21:30:00,1.15196,1.15271,1.15118,1.15265,5944.0
2026-06-07 22:00:00,1.15266,1.15302,1.15206,1.15292,2862.0
2026-06-07 22:30:00,1.15292,1.15316,1.1526,1.15286,2467.0
2026-06-07 23:00:00,1.15286,1.15292,1.15261,1.15276,1697.0
2026-06-07 23:30:00,1.15276,1.15325,1.15273,1.15324,1250.0
2026-06-08 00:00:00,1.15324,1.15336,1.15301,1.15334,1156.0
2026-06-08 00:30:00,1.15335,1.1534,1.15301,1.15314,1525.0
2026-06-08 01:00:00,1.15316,1.15398,1.15314,1.15347,1849.0
2026-06-08 01:30:00,1.15346,1.1535,1.15178,1.15192,3456.0
2026-06-08 02:00:00,1.15192,1.15249,1.1516,1.15237,4066.0
2026-06-08 02:30:00,1.15236,1.15236,1.15135,1.15153,3327.0
2026-06-08 03:00:00,1.15152,1.15269,1.15144,1.15234,4658.0
2026-06-08 03:30:00,1.15234,1.15266,1.15165,1.15166,3289.0
2026-06-08 04:00:00,1.15165,1.15235,1.15143,1.15198,3893.0
2026-06-08 04:30:00,1.15198,1.1521,1.15079,1.15084,4269.0
2026-06-08 05:00:00,1.15084,1.15113,1.15018,1.1502,3211.0
2026-06-08 05:30:00,1.15018,1.15146,1.14997,1.15126,4806.0
2026-06-08 06:00:00,1.15126,1.15202,1.151,1.15176,3551.0
2026-06-08 06:30:00,1.15176,1.15325,1.15158,1.15245,4761.0
2026-06-08 07:00:00,1.15246,1.15424,1.15234,1.15407,6335.0
2026-06-08 07:30:00,1.15406,1.15438,1.15335,1.15366,3706.0
2026-06-08 08:00:00,1.15364,1.15435,1.15364,1.15392,4767.0
2026-06-08 08:30:00,1.15392,1.15437,1.15351,1.15422,3272.0
2026-06-08 09:00:00,1.15424,1.15548,1.15414,1.15496,5165.0
2026-06-08 09:30:00,1.15494,1.15526,1.15416,1.15416,5972.0
2026-06-08 10:00:00,1.15414,1.15444,1.15318,1.15366,5041.0
2026-06-08 10:30:00,1.15364,1.15428,1.15328,1.15428,5098.0
2026-06-08 11:00:00,1.1543,1.15478,1.15396,1.15397,4373.0
2026-06-08 11:30:00,1.15398,1.1547,1.15365,1.15442,3342.0
2026-06-08 12:00:00,1.15442,1.15462,1.15411,1.15412,2413.0
2026-06-08 12:30:00,1.15413,1.15437,1.15389,1.15389,2230.0
2026-06-08 13:00:00,1.1539,1.15415,1.15382,1.15396,2627.0
2026-06-08 13:30:00,1.15397,1.15408,1.15356,1.1538,2254.0
2026-06-08 14:00:00,1.15381,1.15421,1.15381,1.15408,2155.0
2026-06-08 14:30:00,1.15408,1.15418,1.15278,1.15284,2164.0
2026-06-08 15:00:00,1.15284,1.15337,1.1528,1.15322,1973.0
2026-06-08 15:30:00,1.15321,1.15344,1.15294,1.15309,2451.0
2026-06-08 16:00:00,1.15308,1.15338,1.15304,1.15327,973.0
2026-06-08 16:30:00,1.15328,1.15328,1.1531,1.15324,569.0
2026-06-08 17:00:00,1.1537,1.1539,1.15342,1.15344,272.0
2026-06-08 17:30:00,1.15344,1.15383,1.15344,1.15372,616.0
2026-06-08 18:00:00,1.15375,1.15375,1.15329,1.15332,659.0
2026-06-08 18:30:00,1.15332,1.1534,1.15326,1.15338,351.0
2026-06-08 19:00:00,1.15338,1.15342,1.15309,1.1531,413.0
2026-06-08 19:30:00,1.15308,1.15312,1.1528,1.15282,742.0
2026-06-08 20:00:00,1.15281,1.15302,1.1527,1.1529,2790.0
2026-06-08 20:30:00,1.1529,1.15317,1.15277,1.15314,1749.0
2026-06-08 21:00:00,1.15315,1.15367,1.15305,1.15356,2424.0
2026-06-08 21:30:00,1.15356,1.15398,1.15351,1.15397,1983.0
2026-06-08 22:00:00,1.15398,1.15405,1.15368,1.15391,1386.0
2026-06-08 22:30:00,1.15392,1.15396,1.15374,1.15376,1232.0
2026-06-08 23:00:00,1.15376,1.154,1.15348,1.15368,1304.0
2026-06-08 23:30:00,1.15368,1.15383,1.1535,1.1538,1266.0
2026-06-09 00:00:00,1.1538,1.15418,1.1537,1.15418,978.0
2026-06-09 00:30:00,1.15418,1.15484,1.15406,1.15456,1297.0
2026-06-09 01:00:00,1.15456,1.15461,1.15396,1.1542,1896.0
2026-06-09 01:30:00,1.15419,1.15476,1.15416,1.15448,2499.0
2026-06-09 02:00:00,1.1545,1.15536,1.15434,1.15498,2742.0
2026-06-09 02:30:00,1.15498,1.15498,1.15439,1.1544,2801.0
2026-06-09 03:00:00,1.15441,1.1547,1.15374,1.154,3121.0
2026-06-09 03:30:00,1.154,1.1544,1.15385,1.15394,2594.0
2026-06-09 04:00:00,1.15393,1.15456,1.15365,1.15446,3503.0
2026-06-09 04:30:00,1.15446,1.15526,1.15442,1.15508,2252.0
2026-06-09 05:00:00,1.15509,1.15596,1.15504,1.1556,2132.0
2026-06-09 05:30:00,1.1556,1.15638,1.15554,1.15615,1933.0
2026-06-09 06:00:00,1.15614,1.15662,1.15602,1.15652,2335.0
2026-06-09 06:30:00,1.15654,1.15696,1.15648,1.15655,1531.0
2026-06-09 07:00:00,1.15654,1.15728,1.15654,1.15724,1455.0
2026-06-09 07:30:00,1.15725,1.15742,1.1567,1.15726,1791.0
2026-06-09 08:00:00,1.15728,1.15749,1.15693,1.15693,2554.0
2026-06-09 08:30:00,1.15694,1.15749,1.15692,1.15736,1959.0
2026-06-09 09:00:00,1.15738,1.15781,1.15712,1.15722,3016.0
2026-06-09 09:30:00,1.15724,1.15766,1.15636,1.15664,5054.0
2026-06-09 10:00:00,1.15664,1.15734,1.15582,1.15631,6040.0
2026-06-09 10:30:00,1.1563,1.15692,1.15606,1.15624,6066.0
2026-06-09 11:00:00,1.15624,1.15674,1.15576,1.15585,5128.0
2026-06-09 11:30:00,1.15584,1.156,1.15458,1.15552,5667.0
2026-06-09 12:00:00,1.15552,1.15576,1.15409,1.1546,5739.0
2026-06-09 12:30:00,1.1546,1.15474,1.15286,1.1541,9602.0
2026-06-09 13:00:00,1.15408,1.15532,1.154,1.15508,5837.0
2026-06-09 13:30:00,1.15508,1.15527,1.15463,1.15482,4237.0
2026-06-09 14:00:00,1.15482,1.15532,1.15464,1.15515,3698.0
2026-06-09 14:30:00,1.15516,1.15531,1.15482,1.15498,3003.0
2026-06-09 15:00:00,1.15498,1.15502,1.15421,1.1543,2261.0
2026-06-09 15:30:00,1.1543,1.1544,1.15396,1.15416,2687.0
2026-06-09 16:00:00,1.15415,1.15457,1.15407,1.15434,915.0
2026-06-09 16:30:00,1.15434,1.15446,1.15428,1.1544,628.0
2026-06-09 17:00:00,1.15454,1.15456,1.15405,1.15406,300.0
2026-06-09 17:30:00,1.15404,1.15411,1.1536,1.15394,505.0
2026-06-09 18:00:00,1.15387,1.15404,1.15363,1.15404,853.0
2026-06-09 18:30:00,1.15404,1.15405,1.15362,1.15366,744.0
2026-06-09 19:00:00,1.15366,1.15392,1.15348,1.1535,700.0
2026-06-09 19:30:00,1.15349,1.1537,1.15332,1.15351,1136.0
2026-06-09 20:00:00,1.15353,1.15421,1.15338,1.15415,2810.0
2026-06-09 20:30:00,1.15416,1.15436,1.15334,1.15424,3195.0
2026-06-09 21:00:00,1.15426,1.1543,1.15382,1.15396,3171.0
2026-06-09 21:30:00,1.15395,1.15404,1.15354,1.15378,2963.0
2026-06-09 22:00:00,1.1538,1.1543,1.15369,1.1543,2399.0
2026-06-09 22:30:00,1.15431,1.1545,1.15418,1.15426,1799.0
2026-06-09 23:00:00,1.15426,1.155,1.15424,1.15467,1729.0
2026-06-09 23:30:00,1.15468,1.15522,1.15451,1.15504,1613.0
2026-06-10 00:00:00,1.15504,1.15507,1.15469,1.15487,1816.0
2026-06-10 00:30:00,1.15488,1.15488,1.15445,1.15464,1548.0
2026-06-10 01:00:00,1.15464,1.15498,1.15454,1.15496,1929.0
2026-06-10 01:30:00,1.15497,1.15556,1.15494,1.15544,2026.0
2026-06-10 02:00:00,1.15546,1.15582,1.15528,1.15558,2587.0
2026-06-10 02:30:00,1.15556,1.15566,1.15484,1.15488,2481.0
2026-06-10 03:00:00,1.15488,1.15588,1.15467,1.15536,3172.0
2026-06-10 03:30:00,1.15535,1.15553,1.15518,1.15538,2511.0
2026-06-10 04:00:00,1.1554,1.15542,1.15481,1.15532,3552.0
2026-06-10 04:30:00,1.15532,1.15536,1.15484,1.15536,2904.0
2026-06-10 05:00:00,1.15538,1.15568,1.15507,1.15528,2742.0
2026-06-10 05:30:00,1.15527,1.15597,1.15527,1.15579,2865.0
2026-06-10 06:00:00,1.1558,1.15594,1.15547,1.1556,2192.0
2026-06-10 06:30:00,1.1556,1.15572,1.15504,1.1552,2522.0
2026-06-10 07:00:00,1.15524,1.15526,1.15361,1.15432,7523.0
2026-06-10 07:30:00,1.15432,1.15448,1.15357,1.15366,3777.0
2026-06-10 08:00:00,1.15368,1.15468,1.1536,1.15465,3731.0
2026-06-10 08:30:00,1.15467,1.15649,1.15426,1.15486,9117.0
2026-06-10 09:00:00,1.15485,1.15598,1.15475,1.15572,4324.0
2026-06-10 09:30:00,1.15574,1.15731,1.15565,1.15626,6686.0
2026-06-10 10:00:00,1.15626,1.15672,1.15554,1.15571,6783.0
2026-06-10 10:30:00,1.1557,1.15596,1.15501,1.15522,5698.0
2026-06-10 11:00:00,1.15524,1.15567,1.15471,1.15546,5925.0
2026-06-10 11:30:00,1.15549,1.15569,1.15344,1.15494,8924.0
2026-06-10 12:00:00,1.15494,1.15592,1.15486,1.15572,4604.0
2026-06-10 12:30:00,1.15572,1.15595,1.15522,1.15539,3180.0
2026-06-10 13:00:00,1.1554,1.15567,1.15486,1.15496,3492.0
2026-06-10 13:30:00,1.15496,1.15533,1.15447,1.15525,3827.0
2026-06-10 14:00:00,1.15526,1.15577,1.15503,1.15508,3355.0
2026-06-10 14:30:00,1.1551,1.15521,1.15482,1.15483,2821.0
2026-06-10 15:00:00,1.15484,1.15488,1.15429,1.15438,2416.0
2026-06-10 15:30:00,1.15438,1.15472,1.15412,1.15414,2833.0
2026-06-10 16:00:00,1.15414,1.15415,1.1537,1.15392,1057.0
2026-06-10 16:30:00,1.15392,1.154,1.1535,1.15357,1195.0
2026-06-10 17:00:00,1.15366,1.15407,1.1536,1.15367,194.0
2026-06-10 17:30:00,1.15363,1.15382,1.15354,1.15358,250.0
2026-06-10 18:00:00,1.15358,1.15361,1.15284,1.15308,1334.0
2026-06-10 18:30:00,1.15308,1.15368,1.15296,1.15298,1751.0
2026-06-10 19:00:00,1.15298,1.15366,1.15257,1.15358,3376.0
2026-06-10 19:30:00,1.15357,1.15378,1.15322,1.15354,1879.0
2026-06-10 20:00:00,1.15355,1.15428,1.15355,1.15414,4463.0
2026-06-10 20:30:00,1.15414,1.1543,1.1539,1.15425,3237.0
2026-06-10 21:00:00,1.15426,1.15558,1.15416,1.15548,3923.0
2026-06-10 21:30:00,1.15549,1.15561,1.15526,1.15541,2192.0
2026-06-10 22:00:00,1.15541,1.15543,1.15472,1.1548,2315.0
2026-06-10 22:30:00,1.15479,1.15488,1.15462,1.1548,2199.0
2026-06-10 23:00:00,1.1548,1.15492,1.15444,1.15473,2184.0
2026-06-10 23:30:00,1.15472,1.15478,1.1545,1.15453,2027.0
2026-06-11 00:00:00,1.15454,1.15473,1.15426,1.15468,1791.0
2026-06-11 00:30:00,1.15468,1.15504,1.15461,1.15484,1748.0
2026-06-11 01:00:00,1.15484,1.15514,1.15467,1.15502,1978.0
2026-06-11 01:30:00,1.15502,1.15513,1.15455,1.15474,2286.0
2026-06-11 02:00:00,1.15474,1.15474,1.15424,1.15434,2506.0
2026-06-11 02:30:00,1.15434,1.1547,1.15404,1.15418,2217.0
2026-06-11 03:00:00,1.15418,1.15556,1.15413,1.15532,3301.0
2026-06-11 03:30:00,1.15532,1.15542,1.15442,1.1545,2885.0
2026-06-11 04:00:00,1.15448,1.15455,1.15386,1.15388,2949.0
2026-06-11 04:30:00,1.15387,1.15403,1.15307,1.15323,2670.0
2026-06-11 05:00:00,1.15322,1.1537,1.153,1.15324,2476.0
2026-06-11 05:30:00,1.15324,1.15373,1.15306,1.1534,2191.0
2026-06-11 06:00:00,1.15339,1.15345,1.15232,1.15252,2457.0
2026-06-11 06:30:00,1.15254,1.1532,1.15248,1.15312,1815.0
2026-06-11 07:00:00,1.15314,1.15394,1.15314,1.15377,2151.0
2026-06-11 07:30:00,1.15376,1.15418,1.15355,1.15382,2945.0
2026-06-11 08:00:00,1.15384,1.15404,1.15164,1.15279,6423.0
2026-06-11 08:30:00,1.15278,1.15435,1.15196,1.15398,9445.0
2026-06-11 09:00:00,1.15399,1.15406,1.15176,1.15302,5755.0
2026-06-11 09:30:00,1.15301,1.15398,1.15266,1.15296,6683.0
2026-06-11 10:00:00,1.15296,1.15306,1.15206,1.15217,5356.0
2026-06-11 10:30:00,1.15218,1.15222,1.15148,1.15194,4453.0
2026-06-11 11:00:00,1.15194,1.15244,1.15141,1.15222,5262.0
2026-06-11 11:30:00,1.15222,1.15232,1.1514,1.15145,4380.0
2026-06-11 12:00:00,1.15146,1.1516,1.15074,1.15093,3470.0
2026-06-11 12:30:00,1.15091,1.15124,1.15078,1.1509,2965.0
2026-06-11 13:00:00,1.15088,1.1524,1.1503,1.15228,4695.0
2026-06-11 13:30:00,1.15229,1.15664,1.15229,1.15511,18829.0
2026-06-11 14:00:00,1.15512,1.15604,1.15413,1.15557,11952.0
2026-06-11 14:30:00,1.15558,1.15666,1.1548,1.1558,5879.0
2026-06-11 15:00:00,1.1558,1.15815,1.1558,1.15809,6421.0
2026-06-11 15:30:00,1.1581,1.15899,1.15772,1.15789,7317.0
2026-06-11 16:00:00,1.1579,1.15836,1.15778,1.15806,2033.0
2026-06-11 16:30:00,1.15806,1.15818,1.15763,1.15792,1743.0
2026-06-11 17:00:00,1.15786,1.15806,1.15781,1.15783,151.0
2026-06-11 17:30:00,1.15782,1.15796,1.15765,1.15774,296.0
2026-06-11 18:00:00,1.15772,1.15818,1.15732,1.15752,1054.0
2026-06-11 18:30:00,1.15753,1.15851,1.15734,1.1585,1393.0
2026-06-11 19:00:00,1.1585,1.15866,1.1577,1.15778,1408.0
2026-06-11 19:30:00,1.15778,1.1578,1.15744,1.15756,1329.0
2026-06-11 20:00:00,1.15755,1.15766,1.1569,1.15704,3479.0
2026-06-11 20:30:00,1.15704,1.1572,1.15662,1.15696,2518.0
2026-06-11 21:00:00,1.15697,1.15701,1.15616,1.15621,2726.0
2026-06-11 21:30:00,1.15622,1.15666,1.1562,1.15634,2639.0
2026-06-11 22:00:00,1.15633,1.15705,1.15628,1.15648,2281.0
2026-06-11 22:30:00,1.15648,1.15674,1.15638,1.15668,1823.0
2026-06-11 23:00:00,1.15668,1.15712,1.15651,1.15705,2005.0
2026-06-11 23:30:00,1.15704,1.15753,1.157,1.15722,2244.0
2026-06-12 00:00:00,1.15722,1.15727,1.15687,1.15718,1612.0
2026-06-12 00:30:00,1.15718,1.15752,1.15705,1.15716,1595.0
2026-06-12 01:00:00,1.15716,1.15739,1.15643,1.15652,2398.0
2026-06-12 01:30:00,1.15652,1.15666,1.15574,1.15576,2678.0
2026-06-12 02:00:00,1.15576,1.15682,1.15576,1.15675,3189.0
2026-06-12 02:30:00,1.15676,1.15743,1.15652,1.15731,3578.0
2026-06-12 03:00:00,1.15732,1.15737,1.15605,1.15605,3805.0
2026-06-12 03:30:00,1.15604,1.15674,1.15572,1.15666,4899.0
2026-06-12 04:00:00,1.15666,1.15858,1.15654,1.1576,6695.0
2026-06-12 04:30:00,1.15762,1.15834,1.15752,1.15768,4064.0
2026-06-12 05:00:00,1.15769,1.15897,1.15735,1.1588,4643.0
2026-06-12 05:30:00,1.15881,1.1589,1.15804,1.15841,2871.0
2026-06-12 06:00:00,1.1584,1.15856,1.1569,1.15744,4320.0
2026-06-12 06:30:00,1.15744,1.15796,1.1572,1.15739,3108.0
2026-06-12 07:00:00,1.1574,1.15778,1.15717,1.15747,2980.0
2026-06-12 07:30:00,1.15748,1.15794,1.15707,1.15714,2874.0
2026-06-12 08:00:00,1.15715,1.15724,1.15614,1.15616,3517.0
2026-06-12 08:30:00,1.15616,1.15654,1.15601,1.15635,3127.0
2026-06-12 09:00:00,1.15636,1.15764,1.15618,1.1576,4011.0
2026-06-12 09:30:00,1.15762,1.1579,1.15637,1.15696,7852.0
2026-06-12 10:00:00,1.15696,1.15776,1.15662,1.15692,5594.0
2026-06-12 10:30:00,1.15692,1.15791,1.15682,1.15734,8382.0
2026-06-12 11:00:00,1.15734,1.15835,1.15715,1.15824,5524.0
2026-06-12 11:30:00,1.15822,1.15834,1.1573,1.1573,4970.0
2026-06-12 12:00:00,1.15728,1.15778,1.15696,1.15725,5335.0
2026-06-12 12:30:00,1.15726,1.15754,1.15718,1.15746,2855.0
2026-06-12 13:00:00,1.15747,1.15776,1.15718,1.15756,2544.0
2026-06-12 13:30:00,1.15757,1.15764,1.15736,1.15746,2032.0
2026-06-12 14:00:00,1.15746,1.15762,1.15724,1.15754,2206.0
2026-06-12 14:30:00,1.15755,1.15786,1.15743,1.15748,1389.0
2026-06-12 15:00:00,1.15746,1.15778,1.15733,1.15749,1682.0
2026-06-12 15:30:00,1.15748,1.15751,1.15686,1.15714,2225.0
2026-06-12 16:00:00,1.15714,1.15718,1.15682,1.15684,1186.0
2026-06-12 16:30:00,1.15682,1.15694,1.15658,1.15669,1686.0
2026-06-14 17:00:00,1.15752,1.15947,1.15726,1.15947,535.0
2026-06-14 17:30:00,1.15946,1.16068,1.15945,1.1606,981.0
2026-06-14 18:00:00,1.16062,1.16176,1.16019,1.16087,3809.0
2026-06-14 18:30:00,1.16088,1.16117,1.16038,1.16087,2587.0
2026-06-14 19:00:00,1.16088,1.16094,1.16036,1.16042,1860.0
2026-06-14 19:30:00,1.16043,1.16092,1.16022,1.1603,1712.0
2026-06-14 20:00:00,1.16029,1.16118,1.16028,1.16076,3160.0
2026-06-14 20:30:00,1.16075,1.16076,1.1598,1.15988,2109.0
2026-06-14 21:00:00,1.15988,1.15994,1.15942,1.15982,2207.0
2026-06-14 21:30:00,1.15982,1.16017,1.15958,1.15982,1816.0
2026-06-14 22:00:00,1.15982,1.15994,1.15944,1.1598,1385.0
2026-06-14 22:30:00,1.15981,1.16014,1.15977,1.15996,1002.0
2026-06-14 23:00:00,1.15995,1.1602,1.15984,1.16018,961.0
2026-06-14 23:30:00,1.16017,1.16052,1.16014,1.16043,1110.0
2026-06-15 00:00:00,1.16042,1.1609,1.16033,1.1609,976.0
2026-06-15 00:30:00,1.16091,1.16134,1.16088,1.16127,936.0
2026-06-15 01:00:00,1.16128,1.16221,1.16127,1.16184,1551.0
2026-06-15 01:30:00,1.16186,1.16196,1.16137,1.16169,1563.0
2026-06-15 02:00:00,1.16168,1.1618,1.16066,1.16079,2709.0
2026-06-15 02:30:00,1.16078,1.16086,1.16008,1.16064,3272.0
2026-06-15 03:00:00,1.16066,1.16106,1.16015,1.16086,3794.0
2026-06-15 03:30:00,1.16088,1.16094,1.16039,1.16062,2924.0
2026-06-15 04:00:00,1.16061,1.16102,1.16042,1.16075,2679.0
2026-06-15 04:30:00,1.16076,1.16103,1.15972,1.16016,2551.0
2026-06-15 05:00:00,1.16016,1.16108,1.16007,1.16054,2632.0
2026-06-15 05:30:00,1.16054,1.16104,1.1605,1.1607,1924.0
2026-06-15 06:00:00,1.16071,1.16115,1.16034,1.16104,1968.0
2026-06-15 06:30:00,1.16104,1.16144,1.16101,1.16106,1661.0
2026-06-15 07:00:00,1.16105,1.16142,1.16068,1.1607,1985.0
2026-06-15 07:30:00,1.1607,1.1614,1.16056,1.1609,2674.0
2026-06-15 08:00:00,1.1609,1.16122,1.16044,1.16096,2735.0
2026-06-15 08:30:00,1.16096,1.16197,1.16084,1.16156,2913.0
2026-06-15 09:00:00,1.16154,1.16179,1.16122,1.16166,2417.0
2026-06-15 09:30:00,1.16165,1.16205,1.16132,1.1617,4224.0
2026-06-15 10:00:00,1.16169,1.16186,1.16088,1.16124,3740.0
2026-06-15 10:30:00,1.16124,1.16134,1.16056,1.16078,4386.0
2026-06-15 11:00:00,1.16076,1.16076,1.16014,1.16032,2966.0
2026-06-15 11:30:00,1.16034,1.16036,1.15967,1.15986,2362.0
2026-06-15 12:00:00,1.15985,1.16048,1.15975,1.16048,2112.0
2026-06-15 12:30:00,1.1605,1.16052,1.15981,1.16036,2198.0
2026-06-15 13:00:00,1.16035,1.16041,1.15988,1.16006,1871.0
2026-06-15 13:30:00,1.16007,1.16009,1.1598,1.15994,1441.0
2026-06-15 14:00:00,1.15994,1.16031,1.15978,1.15978,1761.0
2026-06-15 14:30:00,1.15976,1.15987,1.1594,1.15948,1952.0
2026-06-15 15:00:00,1.15948,1.15962,1.15902,1.15918,1893.0
2026-06-15 15:30:00,1.15918,1.15942,1.15845,1.15852,2045.0
2026-06-15 16:00:00,1.15852,1.15892,1.15836,1.15891,976.0
2026-06-15 16:30:00,1.15892,1.15902,1.15872,1.15894,783.0
2026-06-15 17:00:00,1.15939,1.15954,1.15884,1.15884,431.0
2026-06-15 17:30:00,1.15884,1.15958,1.15882,1.15904,1082.0
2026-06-15 18:00:00,1.15902,1.15911,1.15856,1.15868,710.0
2026-06-15 18:30:00,1.15868,1.15896,1.15864,1.15886,527.0
2026-06-15 19:00:00,1.15886,1.1592,1.15885,1.15914,522.0
2026-06-15 19:30:00,1.15914,1.15937,1.15908,1.15913,532.0
2026-06-15 20:00:00,1.15912,1.15922,1.1588,1.15888,1409.0
2026-06-15 20:30:00,1.15887,1.15936,1.15886,1.15931,1408.0
2026-06-15 21:00:00,1.1593,1.15952,1.15894,1.15912,2148.0
2026-06-15 21:30:00,1.1591,1.15924,1.1587,1.15878,1359.0
2026-06-15 22:00:00,1.15878,1.1588,1.15828,1.15863,1363.0
2026-06-15 22:30:00,1.15862,1.15894,1.15861,1.15878,1165.0
2026-06-15 23:00:00,1.15878,1.15884,1.15842,1.15856,1525.0
2026-06-15 23:30:00,1.15856,1.15886,1.15856,1.15864,1020.0
2026-06-16 00:00:00,1.15864,1.1587,1.15758,1.15783,1596.0
2026-06-16 00:30:00,1.15784,1.15806,1.15764,1.1579,1445.0
2026-06-16 01:00:00,1.1579,1.15809,1.15771,1.15795,1062.0
2026-06-16 01:30:00,1.15794,1.15806,1.15753,1.15753,1597.0
2026-06-16 02:00:00,1.15752,1.15789,1.15748,1.15786,1804.0
2026-06-16 02:30:00,1.15786,1.15876,1.15778,1.15874,3071.0
2026-06-16 03:00:00,1.15874,1.15916,1.15852,1.15912,2759.0
2026-06-16 03:30:00,1.15913,1.15956,1.15894,1.15956,2154.0
2026-06-16 04:00:00,1.15958,1.1602,1.15933,1.16016,2493.0
2026-06-16 04:30:00,1.16015,1.16065,1.1599,1.16058,1921.0
2026-06-16 05:00:00,1.16058,1.16093,1.16006,1.16016,2583.0
2026-06-16 05:30:00,1.16017,1.16034,1.15999,1.1601,1968.0
2026-06-16 06:00:00,1.1601,1.16131,1.16005,1.16092,2205.0
2026-06-16 06:30:00,1.16092,1.16126,1.16077,1.16119,1837.0
2026-06-16 07:00:00,1.16118,1.16118,1.16034,1.16042,1974.0
2026-06-16 07:30:00,1.1604,1.16067,1.15972,1.1599,2130.0
2026-06-16 08:00:00,1.1599,1.15994,1.15914,1.1595,2478.0
2026-06-16 08:30:00,1.1595,1.16019,1.15946,1.15996,2897.0
2026-06-16 09:00:00,1.15995,1.16026,1.15952,1.15978,2668.0
2026-06-16 09:30:00,1.15978,1.16036,1.15912,1.15927,4081.0
2026-06-16 10:00:00,1.15928,1.15973,1.1588,1.15906,3790.0
2026-06-16 10:30:00,1.15906,1.16084,1.1588,1.16069,4103.0
2026-06-16 11:00:00,1.16071,1.16082,1.15998,1.16022,3319.0
2026-06-16 11:30:00,1.16022,1.16188,1.16014,1.16141,3930.0
2026-06-16 12:00:00,1.16142,1.16198,1.16126,1.16169,3290.0
2026-06-16 12:30:00,1.16168,1.16176,1.16116,1.16133,2137.0
2026-06-16 13:00:00,1.16132,1.16138,1.16108,1.1612,1661.0
2026-06-16 13:30:00,1.1612,1.1613,1.16108,1.16114,1663.0
2026-06-16 14:00:00,1.16114,1.16142,1.16096,1.16102,1764.0
2026-06-16 14:30:00,1.16103,1.16113,1.16065,1.16106,1516.0
2026-06-16 15:00:00,1.16106,1.16138,1.16104,1.16114,1785.0
2026-06-16 15:30:00,1.16116,1.16116,1.16058,1.16082,2166.0
2026-06-16 16:00:00,1.16081,1.16098,1.16068,1.16094,722.0
2026-06-16 16:30:00,1.16094,1.16096,1.16066,1.16085,913.0
2026-06-16 17:00:00,1.16098,1.16134,1.16092,1.16124,3498.0
2026-06-16 17:30:00,1.16124,1.16132,1.16085,1.16091,587.0
2026-06-16 18:00:00,1.1609,1.16114,1.1609,1.16109,739.0
2026-06-16 18:30:00,1.16112,1.16133,1.1611,1.16125,504.0
2026-06-16 19:00:00,1.16124,1.16148,1.16118,1.16144,752.0
2026-06-16 19:30:00,1.16145,1.16151,1.16091,1.16098,1622.0
2026-06-16 20:00:00,1.16098,1.16168,1.16088,1.16154,1799.0
2026-06-16 20:30:00,1.16154,1.16159,1.16124,1.16148,1282.0
2026-06-16 21:00:00,1.16146,1.16161,1.1612,1.16122,1459.0
2026-06-16 21:30:00,1.16122,1.1614,1.16103,1.16124,933.0
2026-06-16 22:00:00,1.16123,1.1615,1.16118,1.16137,778.0
2026-06-16 22:30:00,1.16138,1.1614,1.16093,1.16093,439.0
2026-06-16 23:00:00,1.16094,1.16112,1.16084,1.16106,850.0
2026-06-16 23:30:00,1.16107,1.16122,1.16102,1.16104,580.0
2026-06-17 00:00:00,1.16105,1.16136,1.161,1.16116,708.0
2026-06-17 00:30:00,1.16116,1.1613,1.16106,1.16124,561.0
2026-06-17 01:00:00,1.16124,1.16144,1.16114,1.16123,753.0
2026-06-17 01:30:00,1.16124,1.16149,1.16106,1.16122,1025.0
2026-06-17 02:00:00,1.16123,1.16146,1.16058,1.16061,2022.0
2026-06-17 02:30:00,1.1606,1.16087,1.16038,1.1608,1935.0
2026-06-17 03:00:00,1.16079,1.16148,1.16068,1.1607,2149.0
2026-06-17 03:30:00,1.16069,1.1609,1.16044,1.16084,1946.0
2026-06-17 04:00:00,1.16084,1.16084,1.15982,1.16023,2087.0
2026-06-17 04:30:00,1.16024,1.16033,1.16002,1.1602,1858.0
2026-06-17 05:00:00,1.1602,1.1606,1.16008,1.16047,1616.0
2026-06-17 05:30:00,1.16048,1.16058,1.16016,1.1604,1423.0
2026-06-17 06:00:00,1.1604,1.16046,1.15958,1.15962,1814.0
2026-06-17 06:30:00,1.15962,1.16007,1.15955,1.15972,1597.0
2026-06-17 07:00:00,1.1597,1.15972,1.15895,1.159,1748.0
2026-06-17 07:30:00,1.15899,1.15916,1.15854,1.15916,2302.0
2026-06-17 08:00:00,1.15917,1.15982,1.15907,1.1596,2342.0
2026-06-17 08:30:00,1.1596,1.16028,1.1593,1.16022,2215.0
2026-06-17 09:00:00,1.16022,1.16028,1.15979,1.15982,2341.0
2026-06-17 09:30:00,1.15984,1.16016,1.15956,1.1597,3568.0
2026-06-17 10:00:00,1.1597,1.15984,1.15904,1.15928,3238.0
2026-06-17 10:30:00,1.1593,1.15956,1.1581,1.15894,5319.0
2026-06-17 11:00:00,1.15892,1.1594,1.15872,1.15926,3461.0
2026-06-17 11:30:00,1.15926,1.1594,1.15893,1.15926,2076.0
2026-06-17 12:00:00,1.15928,1.15934,1.15892,1.15918,1999.0
2026-06-17 12:30:00,1.15918,1.15929,1.15888,1.15917,1561.0
2026-06-17 13:00:00,1.15917,1.1592,1.1588,1.15908,1970.0
2026-06-17 13:30:00,1.15908,1.15963,1.15905,1.15961,2046.0
2026-06-17 14:00:00,1.15959,1.15963,1.15418,1.15489,18044.0
2026-06-17 14:30:00,1.15488,1.15664,1.15356,1.15389,25671.0
2026-06-17 15:00:00,1.15388,1.1542,1.14956,1.14958,20590.0
2026-06-17 15:30:00,1.14958,1.14976,1.14779,1.14943,15194.0
2026-06-17 16:00:00,1.14941,1.14999,1.1487,1.14998,3361.0
2026-06-17 16:30:00,1.14998,1.15056,1.14988,1.1502,2309.0
2026-06-17 17:00:00,1.15013,1.15037,1.15006,1.15036,331.0
2026-06-17 17:30:00,1.15036,1.15042,1.15016,1.15038,459.0
2026-06-17 18:00:00,1.15039,1.15052,1.15003,1.15023,1349.0
2026-06-17 18:30:00,1.15022,1.15058,1.15018,1.15046,893.0
2026-06-17 19:00:00,1.15046,1.15085,1.15046,1.15064,725.0
2026-06-17 19:30:00,1.15066,1.15078,1.15038,1.1507,1211.0
2026-06-17 20:00:00,1.15069,1.15208,1.15068,1.15105,3921.0
2026-06-17 20:30:00,1.15104,1.15168,1.15092,1.15155,2844.0
2026-06-17 21:00:00,1.15154,1.1522,1.15154,1.15213,2283.0
2026-06-17 21:30:00,1.15214,1.15224,1.1516,1.15166,1837.0
2026-06-17 22:00:00,1.15166,1.15184,1.15131,1.15164,1538.0
2026-06-17 22:30:00,1.15164,1.15209,1.15154,1.15179,1107.0
2026-06-17 23:00:00,1.15179,1.15234,1.15178,1.15228,1220.0
2026-06-17 23:30:00,1.15227,1.15244,1.1521,1.15235,1004.0
2026-06-18 00:00:00,1.15234,1.15264,1.15206,1.15228,1599.0
2026-06-18 00:30:00,1.15227,1.15252,1.15216,1.15232,1558.0
2026-06-18 01:00:00,1.15232,1.15248,1.15177,1.1518,1444.0
2026-06-18 01:30:00,1.15178,1.15186,1.15103,1.15106,1553.0
2026-06-18 02:00:00,1.15106,1.15272,1.15104,1.15271,3652.0
2026-06-18 02:30:00,1.1527,1.15283,1.15189,1.15195,3511.0
2026-06-18 03:00:00,1.15194,1.1523,1.1508,1.15104,3824.0
2026-06-18 03:30:00,1.15104,1.15208,1.15066,1.15129,3550.0
2026-06-18 04:00:00,1.15132,1.1514,1.1501,1.15024,4093.0
2026-06-18 04:30:00,1.15024,1.15034,1.14821,1.14826,4358.0
2026-06-18 05:00:00,1.14826,1.1486,1.14748,1.14762,5840.0
2026-06-18 05:30:00,1.14762,1.14836,1.14747,1.14768,3387.0
2026-06-18 06:00:00,1.14768,1.14773,1.1462,1.14715,4675.0
2026-06-18 06:30:00,1.14716,1.14726,1.14596,1.14607,3819.0
2026-06-18 07:00:00,1.14608,1.1467,1.14544,1.14624,4783.0
2026-06-18 07:30:00,1.14624,1.14655,1.14556,1.14575,3967.0
2026-06-18 08:00:00,1.14573,1.14818,1.14532,1.14713,5955.0
2026-06-18 08:30:00,1.14714,1.14733,1.14639,1.14694,5579.0
2026-06-18 09:00:00,1.14694,1.14721,1.14631,1.14714,6588.0
2026-06-18 09:30:00,1.14714,1.14842,1.14708,1.14722,6608.0
2026-06-18 10:00:00,1.14722,1.14775,1.14678,1.14746,5894.0
2026-06-18 10:30:00,1.14746,1.14875,1.14696,1.14863,5248.0
2026-06-18 11:00:00,1.14864,1.14876,1.14758,1.14778,4444.0
2026-06-18 11:30:00,1.14778,1.14784,1.14691,1.14694,4725.0
2026-06-18 12:00:00,1.14693,1.14722,1.14633,1.14702,4416.0
2026-06-18 12:30:00,1.14702,1.14706,1.14614,1.14653,3166.0
2026-06-18 13:00:00,1.14654,1.14736,1.14632,1.14715,2719.0
2026-06-18 13:30:00,1.14716,1.14716,1.14624,1.14626,2236.0
2026-06-18 14:00:00,1.14628,1.14658,1.14606,1.14631,2377.0
2026-06-18 14:30:00,1.1463,1.14653,1.1459,1.14596,2596.0
2026-06-18 15:00:00,1.14596,1.14601,1.14513,1.14523,3374.0
2026-06-18 15:30:00,1.14522,1.1463,1.14521,1.14578,4442.0
2026-06-18 16:00:00,1.14579,1.14632,1.14558,1.14622,1395.0
2026-06-18 16:30:00,1.14621,1.14626,1.14568,1.14579,1007.0
2026-06-18 17:00:00,1.1463,1.1463,1.14592,1.14607,183.0
2026-06-18 17:30:00,1.14608,1.1464,1.14604,1.14623,808.0
2026-06-18 18:00:00,1.14628,1.14632,1.1459,1.14602,1218.0
2026-06-18 18:30:00,1.14602,1.14636,1.146,1.14634,647.0
2026-06-18 19:00:00,1.14635,1.14636,1.14601,1.14606,743.0
2026-06-18 19:30:00,1.14606,1.14612,1.14572,1.14583,650.0
2026-06-18 20:00:00,1.14586,1.14647,1.14584,1.14608,1820.0
2026-06-18 20:30:00,1.14608,1.14658,1.14607,1.1462,2020.0
2026-06-18 21:00:00,1.1462,1.14634,1.14594,1.14613,1731.0
2026-06-18 21:30:00,1.14614,1.14614,1.14528,1.14533,1513.0
2026-06-18 22:00:00,1.14532,1.14576,1.14517,1.1457,1260.0
2026-06-18 22:30:00,1.14572,1.1458,1.14541,1.14546,846.0
2026-06-18 23:00:00,1.14546,1.14548,1.14436,1.1444,2064.0
2026-06-18 23:30:00,1.14442,1.14466,1.14418,1.14424,1461.0
2026-06-19 00:00:00,1.14426,1.14429,1.1438,1.14396,1546.0
2026-06-19 00:30:00,1.14397,1.14436,1.14274,1.14288,2043.0
2026-06-19 01:00:00,1.14288,1.1429,1.1418,1.14226,3547.0
2026-06-19 01:30:00,1.14226,1.14338,1.14188,1.14308,3346.0
2026-06-19 02:00:00,1.14309,1.1439,1.14302,1.14371,3953.0
2026-06-19 02:30:00,1.1437,1.14424,1.1429,1.14422,2825.0
2026-06-19 03:00:00,1.1442,1.14492,1.14419,1.14461,3750.0
2026-06-19 03:30:00,1.1446,1.1449,1.14439,1.14464,2893.0
2026-06-19 04:00:00,1.14466,1.14604,1.14464,1.1458,3437.0
2026-06-19 04:30:00,1.14581,1.14659,1.14574,1.14644,2435.0
2026-06-19 05:00:00,1.14644,1.14644,1.14585,1.14606,2660.0
2026-06-19 05:30:00,1.14606,1.14648,1.14591,1.14596,1997.0
2026-06-19 06:00:00,1.14593,1.14622,1.14526,1.14565,2122.0
2026-06-19 06:30:00,1.14564,1.14634,1.1455,1.14624,2613.0
2026-06-19 07:00:00,1.14625,1.1468,1.14614,1.14631,2058.0
2026-06-19 07:30:00,1.1463,1.14658,1.14592,1.14612,1697.0
2026-06-19 08:00:00,1.14614,1.14682,1.14614,1.14642,2410.0
2026-06-19 08:30:00,1.14641,1.1475,1.14622,1.14711,4130.0
2026-06-19 09:00:00,1.14712,1.14726,1.14602,1.14643,3213.0
2026-06-19 09:30:00,1.14644,1.14662,1.14568,1.1463,2959.0
2026-06-19 10:00:00,1.1463,1.1465,1.1458,1.14616,2755.0
2026-06-19 10:30:00,1.14617,1.14702,1.14616,1.14685,3743.0
2026-06-19 11:00:00,1.14684,1.14762,1.14684,1.14692,2779.0
2026-06-19 11:30:00,1.14692,1.14692,1.14626,1.14648,1356.0
2026-06-19 12:00:00,1.14648,1.14691,1.14619,1.14686,1145.0
2026-06-19 12:30:00,1.14686,1.14694,1.14641,1.1469,950.0
2026-06-19 13:00:00,1.1469,1.14721,1.14678,1.14703,1783.0
2026-06-19 13:30:00,1.14704,1.14772,1.14695,1.1475,1662.0
2026-06-19 14:00:00,1.1475,1.1478,1.1474,1.14775,719.0
2026-06-19 14:30:00,1.14774,1.14807,1.14752,1.14768,1537.0
2026-06-19 15:00:00,1.14768,1.14788,1.14766,1.14778,968.0
2026-06-19 15:30:00,1.1478,1.14782,1.14752,1.14758,720.0
2026-06-19 16:00:00,1.14758,1.14772,1.14709,1.14727,2913.0
2026-06-19 16:30:00,1.14727,1.14755,1.14658,1.14712,1384.0
2026-06-21 17:00:00,1.14638,1.14641,1.14581,1.14608,368.0
2026-06-21 17:30:00,1.14608,1.14697,1.14603,1.14622,712.0
2026-06-21 18:00:00,1.1462,1.14678,1.14574,1.14638,1206.0
2026-06-21 18:30:00,1.14639,1.14644,1.14614,1.14624,986.0
2026-06-21 19:00:00,1.14623,1.14666,1.1462,1.14633,1527.0
2026-06-21 19:30:00,1.14634,1.14638,1.1458,1.14626,1247.0
2026-06-21 20:00:00,1.14627,1.14654,1.14613,1.14628,2387.0
2026-06-21 20:30:00,1.14629,1.14667,1.14578,1.14666,2216.0
2026-06-21 21:00:00,1.14665,1.14737,1.14664,1.14684,3931.0
2026-06-21 21:30:00,1.14683,1.14688,1.14636,1.14636,2124.0
2026-06-21 22:00:00,1.14637,1.1465,1.14602,1.1463,1755.0
2026-06-21 22:30:00,1.1463,1.14678,1.1463,1.14656,1103.0
2026-06-21 23:00:00,1.14656,1.1467,1.14622,1.1463,1359.0
2026-06-21 23:30:00,1.1463,1.14638,1.14543,1.14564,1496.0
2026-06-22 00:00:00,1.14564,1.14568,1.1453,1.14554,1756.0
2026-06-22 00:30:00,1.14554,1.1457,1.14532,1.1456,1419.0
2026-06-22 01:00:00,1.14561,1.14594,1.14548,1.14594,1504.0
2026-06-22 01:30:00,1.14594,1.14629,1.14542,1.14543,2055.0
2026-06-22 02:00:00,1.14542,1.146,1.14526,1.14582,3383.0
2026-06-22 02:30:00,1.14582,1.14634,1.14524,1.14601,2859.0
2026-06-22 03:00:00,1.14602,1.14626,1.14521,1.14521,3469.0
2026-06-22 03:30:00,1.1452,1.1452,1.14442,1.14459,3090.0
2026-06-22 04:00:00,1.1446,1.14532,1.14416,1.14482,3454.0
2026-06-22 04:30:00,1.14481,1.1453,1.14442,1.1451,3390.0
2026-06-22 05:00:00,1.1451,1.14632,1.14504,1.14577,3174.0
2026-06-22 05:30:00,1.14579,1.14624,1.14554,1.14581,2700.0
2026-06-22 06:00:00,1.1458,1.14636,1.14566,1.14602,2610.0
2026-06-22 06:30:00,1.14603,1.14606,1.14546,1.14564,1953.0
2026-06-22 07:00:00,1.14564,1.14603,1.14494,1.14522,3184.0
2026-06-22 07:30:00,1.14522,1.14548,1.14475,1.14486,1933.0
2026-06-22 08:00:00,1.14486,1.14619,1.14478,1.14598,3079.0
2026-06-22 08:30:00,1.14597,1.1462,1.14549,1.1455,3116.0
2026-06-22 09:00:00,1.14549,1.14552,1.1435,1.14361,7340.0
2026-06-22 09:30:00,1.14362,1.14428,1.14284,1.14286,5169.0
2026-06-22 10:00:00,1.14286,1.14394,1.14258,1.1437,6829.0
2026-06-22 10:30:00,1.14372,1.14506,1.1431,1.14448,7817.0
2026-06-22 11:00:00,1.14449,1.14502,1.14406,1.14414,4777.0
2026-06-22 11:30:00,1.14413,1.14418,1.14304,1.14318,3352.0
2026-06-22 12:00:00,1.14321,1.14323,1.14264,1.14268,2697.0
2026-06-22 12:30:00,1.14268,1.1432,1.14254,1.1431,2121.0
2026-06-22 13:00:00,1.1431,1.14335,1.14296,1.14297,1553.0
2026-06-22 13:30:00,1.14296,1.14306,1.14272,1.14291,1388.0
2026-06-22 14:00:00,1.1429,1.14316,1.14272,1.14277,1257.0
2026-06-22 14:30:00,1.14276,1.1428,1.14224,1.14244,1730.0
2026-06-22 15:00:00,1.14247,1.14254,1.14211,1.14211,1588.0
2026-06-22 15:30:00,1.1421,1.14256,1.1419,1.1425,1743.0
2026-06-22 16:00:00,1.1425,1.14294,1.14246,1.14276,877.0
2026-06-22 16:30:00,1.14275,1.14288,1.14258,1.14284,932.0
2026-06-22 17:00:00,1.14272,1.14302,1.14252,1.1429,400.0
2026-06-22 17:30:00,1.14284,1.14302,1.14272,1.14284,760.0
2026-06-22 18:00:00,1.14285,1.14289,1.14265,1.14268,716.0
2026-06-22 18:30:00,1.14268,1.14277,1.14254,1.14274,477.0
2026-06-22 19:00:00,1.14274,1.14292,1.1426,1.14264,449.0
2026-06-22 19:30:00,1.14264,1.14272,1.14256,1.14268,628.0
2026-06-22 20:00:00,1.14266,1.14266,1.14225,1.14254,1809.0
2026-06-22 20:30:00,1.14254,1.14278,1.14244,1.1427,1762.0
2026-06-22 21:00:00,1.14271,1.1428,1.14226,1.14238,1682.0
2026-06-22 21:30:00,1.14238,1.14284,1.14225,1.14268,1969.0
2026-06-22 22:00:00,1.14269,1.1432,1.14264,1.143,1687.0
2026-06-22 22:30:00,1.14302,1.14306,1.14256,1.14259,1237.0
2026-06-22 23:00:00,1.14258,1.14272,1.14186,1.14256,2019.0
2026-06-22 23:30:00,1.14255,1.143,1.1424,1.14297,1263.0
2026-06-23 00:00:00,1.14298,1.14302,1.14246,1.14256,1126.0
2026-06-23 00:30:00,1.14255,1.14261,1.14196,1.14211,1093.0
2026-06-23 01:00:00,1.1421,1.14251,1.1419,1.14245,1804.0
2026-06-23 01:30:00,1.14244,1.14258,1.14193,1.1423,2039.0
2026-06-23 02:00:00,1.1423,1.14302,1.14219,1.14268,2971.0
2026-06-23 02:30:00,1.14267,1.14289,1.14194,1.1423,3096.0
2026-06-23 03:00:00,1.14231,1.14391,1.14226,1.14375,5131.0
2026-06-23 03:30:00,1.14376,1.14376,1.14098,1.14118,4851.0
2026-06-23 04:00:00,1.1412,1.14175,1.14048,1.14076,4043.0
2026-06-23 04:30:00,1.14076,1.14094,1.14046,1.14082,3058.0
2026-06-23 05:00:00,1.14083,1.14112,1.1406,1.14096,2474.0
2026-06-23 05:30:00,1.14096,1.14114,1.14067,1.14111,2081.0
2026-06-23 06:00:00,1.1411,1.14128,1.14048,1.14052,2064.0
2026-06-23 06:30:00,1.14051,1.14072,1.13956,1.14006,2723.0
2026-06-23 07:00:00,1.14007,1.14028,1.1395,1.13955,2626.0
2026-06-23 07:30:00,1.13954,1.13961,1.13844,1.13856,2570.0
2026-06-23 08:00:00,1.13856,1.13946,1.13826,1.13842,3767.0
2026-06-23 08:30:00,1.13843,1.13918,1.1384,1.13888,3620.0
2026-06-23 09:00:00,1.13891,1.13948,1.13851,1.1391,4144.0
2026-06-23 09:30:00,1.13911,1.14002,1.13888,1.13897,5751.0
2026-06-23 10:00:00,1.13898,1.13913,1.13759,1.13797,5656.0
2026-06-23 10:30:00,1.13798,1.13849,1.1376,1.13821,4906.0
2026-06-23 11:00:00,1.1382,1.13856,1.13757,1.1381,3825.0
2026-06-23 11:30:00,1.1381,1.1385,1.13778,1.1383,2893.0
2026-06-23 12:00:00,1.13832,1.13838,1.13789,1.138,2652.0
2026-06-23 12:30:00,1.13798,1.13838,1.13785,1.13796,1879.0
2026-06-23 13:00:00,1.13795,1.13809,1.13766,1.13786,1828.0
2026-06-23 13:30:00,1.13786,1.13818,1.13786,1.13796,1465.0
2026-06-23 14:00:00,1.13797,1.13807,1.13788,1.1379,1109.0
2026-06-23 14:30:00,1.13788,1.13799,1.13762,1.13787,1525.0
2026-06-23 15:00:00,1.13788,1.1383,1.13786,1.13814,2017.0
2026-06-23 15:30:00,1.13814,1.13822,1.1379,1.1379,1759.0
2026-06-23 16:00:00,1.1379,1.13806,1.1378,1.13799,981.0
2026-06-23 16:30:00,1.13798,1.13818,1.1379,1.13818,542.0
2026-06-23 17:00:00,1.13837,1.13845,1.13833,1.13841,198.0
2026-06-23 17:30:00,1.13842,1.13844,1.13834,1.13837,406.0
2026-06-23 18:00:00,1.13838,1.13839,1.13788,1.13796,472.0
2026-06-23 18:30:00,1.13797,1.13824,1.13796,1.13815,574.0
2026-06-23 19:00:00,1.13816,1.13826,1.13802,1.13803,467.0
2026-06-23 19:30:00,1.13802,1.13836,1.13789,1.1379,1002.0
2026-06-23 20:00:00,1.1379,1.13824,1.13733,1.13746,3414.0
2026-06-23 20:30:00,1.13746,1.13784,1.13734,1.13763,1986.0
2026-06-23 21:00:00,1.13764,1.13766,1.1371,1.13718,2572.0
2026-06-23 21:30:00,1.13716,1.1377,1.1371,1.13766,2308.0
2026-06-23 22:00:00,1.13764,1.13768,1.13744,1.1375,1523.0
2026-06-23 22:30:00,1.13751,1.13766,1.13668,1.13675,1675.0
2026-06-23 23:00:00,1.13676,1.13686,1.13614,1.13648,2432.0
2026-06-23 23:30:00,1.1365,1.13688,1.13638,1.13674,1440.0
2026-06-24 00:00:00,1.13673,1.13676,1.13613,1.13643,1374.0
2026-06-24 00:30:00,1.13643,1.13654,1.1362,1.1363,1047.0
2026-06-24 01:00:00,1.1363,1.13679,1.13628,1.13664,1568.0
2026-06-24 01:30:00,1.13664,1.13684,1.13649,1.13682,1452.0
2026-06-24 02:00:00,1.13681,1.13753,1.13646,1.13654,2672.0
2026-06-24 02:30:00,1.13654,1.13681,1.13576,1.13594,2799.0
2026-06-24 03:00:00,1.13592,1.1361,1.13516,1.13552,3965.0
2026-06-24 03:30:00,1.13553,1.13609,1.13514,1.13516,3324.0
2026-06-24 04:00:00,1.13514,1.13559,1.13378,1.13531,4247.0
2026-06-24 04:30:00,1.13528,1.13556,1.13438,1.13528,3163.0
2026-06-24 05:00:00,1.13526,1.13537,1.13446,1.13476,3505.0
2026-06-24 05:30:00,1.13476,1.135,1.13446,1.1346,2557.0
2026-06-24 06:00:00,1.1346,1.13465,1.13392,1.13407,2395.0
2026-06-24 06:30:00,1.13408,1.13454,1.13384,1.13398,2540.0
2026-06-24 07:00:00,1.134,1.13448,1.1337,1.13438,2271.0
2026-06-24 07:30:00,1.13438,1.1349,1.1338,1.13404,3861.0
2026-06-24 08:00:00,1.13403,1.1346,1.13373,1.13384,3769.0
2026-06-24 08:30:00,1.13383,1.1339,1.13252,1.1329,4753.0
2026-06-24 09:00:00,1.13291,1.13388,1.13246,1.13378,4802.0
2026-06-24 09:30:00,1.13378,1.1348,1.13338,1.13442,7291.0
2026-06-24 10:00:00,1.13441,1.13524,1.1339,1.13447,6765.0
2026-06-24 10:30:00,1.13446,1.13466,1.1336,1.13418,5142.0
2026-06-24 11:00:00,1.13418,1.13618,1.134,1.13556,5190.0
2026-06-24 11:30:00,1.13554,1.13555,1.13466,1.13481,3757.0
2026-06-24 12:00:00,1.13484,1.13618,1.13468,1.13616,3070.0
2026-06-24 12:30:00,1.13615,1.1368,1.13578,1.13596,2985.0
2026-06-24 13:00:00,1.13597,1.13612,1.13508,1.1352,2606.0
2026-06-24 13:30:00,1.1352,1.13596,1.1349,1.13496,3062.0
2026-06-24 14:00:00,1.135,1.13583,1.13498,1.13578,3160.0
2026-06-24 14:30:00,1.13579,1.13609,1.13534,1.13551,1830.0
2026-06-24 15:00:00,1.13552,1.13586,1.1351,1.13548,2308.0
2026-06-24 15:30:00,1.13548,1.13578,1.13531,1.13533,2076.0
2026-06-24 16:00:00,1.13534,1.1358,1.13523,1.13576,1605.0
2026-06-24 16:30:00,1.13577,1.13604,1.13566,1.13586,1557.0
2026-06-24 17:00:00,1.13618,1.13637,1.13554,1.13566,385.0
2026-06-24 17:30:00,1.13562,1.13596,1.13551,1.13586,1767.0
2026-06-24 18:00:00,1.13583,1.13595,1.13554,1.1356,585.0
2026-06-24 18:30:00,1.13559,1.13574,1.13548,1.1355,358.0
2026-06-24 19:00:00,1.1355,1.13564,1.13538,1.1355,482.0
2026-06-24 19:30:00,1.1355,1.13564,1.13529,1.1354,683.0
2026-06-24 20:00:00,1.1354,1.13552,1.13491,1.135,1993.0
2026-06-24 20:30:00,1.135,1.13542,1.13477,1.13534,1457.0
2026-06-24 21:00:00,1.13536,1.13675,1.13532,1.1362,2410.0
2026-06-24 21:30:00,1.1362,1.13642,1.13571,1.1358,2193.0
2026-06-24 22:00:00,1.13582,1.1365,1.13566,1.13645,1843.0
2026-06-24 22:30:00,1.13644,1.13656,1.13616,1.13636,1567.0
2026-06-24 23:00:00,1.13635,1.13676,1.13629,1.13655,1760.0
2026-06-24 23:30:00,1.13656,1.13712,1.13654,1.13701,1362.0
2026-06-25 00:00:00,1.13702,1.1371,1.1368,1.13698,1299.0
2026-06-25 00:30:00,1.13698,1.13703,1.13662,1.13672,887.0
2026-06-25 01:00:00,1.1367,1.13682,1.13638,1.13643,1269.0
2026-06-25 01:30:00,1.13644,1.13657,1.13599,1.13613,1488.0
2026-06-25 02:00:00,1.13611,1.13651,1.13592,1.13627,2037.0
2026-06-25 02:30:00,1.13626,1.13627,1.13524,1.13529,2883.0
2026-06-25 03:00:00,1.13528,1.13605,1.13448,1.13518,3909.0
2026-06-25 03:30:00,1.13519,1.13596,1.13519,1.13594,2523.0
2026-06-25 04:00:00,1.13596,1.1368,1.1359,1.13678,3029.0
2026-06-25 04:30:00,1.13678,1.13726,1.13664,1.13676,2775.0
2026-06-25 05:00:00,1.13676,1.13706,1.13632,1.13698,2292.0
2026-06-25 05:30:00,1.13697,1.13741,1.13617,1.13618,2201.0
2026-06-25 06:00:00,1.13618,1.1362,1.13532,1.13548,2101.0
2026-06-25 06:30:00,1.13545,1.13556,1.1343,1.13458,2179.0
2026-06-25 07:00:00,1.13459,1.1346,1.13373,1.13374,1952.0
2026-06-25 07:30:00,1.13373,1.13391,1.13335,1.13377,2681.0
2026-06-25 08:00:00,1.13378,1.13428,1.13364,1.13409,2533.0
2026-06-25 08:30:00,1.13408,1.13648,1.13408,1.13536,8820.0
2026-06-25 09:00:00,1.13536,1.13656,1.13492,1.13654,5120.0
2026-06-25 09:30:00,1.13652,1.137,1.1359,1.13638,7348.0
2026-06-25 10:00:00,1.13637,1.13837,1.1363,1.13716,8448.0
2026-06-25 10:30:00,1.13716,1.13816,1.13702,1.1375,6471.0
2026-06-25 11:00:00,1.13749,1.1388,1.13736,1.13872,6168.0
2026-06-25 11:30:00,1.13872,1.13882,1.13782,1.13844,4068.0
2026-06-25 12:00:00,1.13843,1.13866,1.13798,1.13854,3238.0
2026-06-25 12:30:00,1.13854,1.13854,1.13733,1.13741,2575.0
2026-06-25 13:00:00,1.1374,1.13771,1.1372,1.13738,2058.0
2026-06-25 13:30:00,1.1374,1.13778,1.13715,1.13742,1604.0
2026-06-25 14:00:00,1.13744,1.13806,1.13699,1.13792,2462.0
2026-06-25 14:30:00,1.13792,1.13792,1.13726,1.1373,2141.0
2026-06-25 15:00:00,1.1373,1.13776,1.1371,1.13776,1891.0
2026-06-25 15:30:00,1.13775,1.13797,1.13686,1.13727,2351.0
2026-06-25 16:00:00,1.13726,1.13746,1.13716,1.13729,968.0
2026-06-25 16:30:00,1.1373,1.13734,1.137,1.13702,665.0
2026-06-25 17:00:00,1.13719,1.13742,1.13676,1.13703,482.0
2026-06-25 17:30:00,1.13702,1.13742,1.13694,1.13732,696.0
2026-06-25 18:00:00,1.1373,1.13736,1.1369,1.13692,844.0
2026-06-25 18:30:00,1.13692,1.1371,1.13673,1.13698,1292.0
2026-06-25 19:00:00,1.13699,1.13708,1.13636,1.13648,1690.0
2026-06-25 19:30:00,1.13648,1.13652,1.13604,1.13616,1107.0
2026-06-25 20:00:00,1.13616,1.1365,1.1361,1.13648,2638.0
2026-06-25 20:30:00,1.13649,1.1367,1.1363,1.13648,2111.0
2026-06-25 21:00:00,1.13648,1.1369,1.13644,1.13657,1895.0
2026-06-25 21:30:00,1.13658,1.13664,1.13566,1.13598,2548.0
2026-06-25 22:00:00,1.13597,1.13628,1.13542,1.13555,2069.0
2026-06-25 22:30:00,1.13556,1.13603,1.13552,1.13592,1689.0
2026-06-25 23:00:00,1.13592,1.13648,1.13585,1.13641,1507.0
2026-06-25 23:30:00,1.13642,1.13718,1.13621,1.13717,2049.0
2026-06-26 00:00:00,1.13718,1.13748,1.13696,1.13739,1757.0
2026-06-26 00:30:00,1.13738,1.13772,1.13686,1.13771,1581.0
2026-06-26 01:00:00,1.1377,1.13786,1.13752,1.13778,1455.0
2026-06-26 01:30:00,1.13778,1.13824,1.13768,1.13782,2042.0
2026-06-26 02:00:00,1.13782,1.13797,1.13729,1.13789,2214.0
2026-06-26 02:30:00,1.13788,1.13825,1.13716,1.13752,3244.0
2026-06-26 03:00:00,1.1375,1.13786,1.13732,1.13752,3086.0
2026-06-26 03:30:00,1.13751,1.13887,1.13748,1.13867,2823.0
2026-06-26 04:00:00,1.13866,1.14026,1.13831,1.14023,5089.0
2026-06-26 04:30:00,1.14022,1.14076,1.13955,1.14014,3466.0
2026-06-26 05:00:00,1.14014,1.14038,1.13954,1.14034,3246.0
2026-06-26 05:30:00,1.14033,1.14122,1.14004,1.14069,2673.0
2026-06-26 06:00:00,1.1407,1.14083,1.14002,1.14033,2807.0
2026-06-26 06:30:00,1.14034,1.14068,1.14018,1.14048,2443.0
2026-06-26 07:00:00,1.14049,1.14064,1.14002,1.1406,2604.0
2026-06-26 07:30:00,1.14058,1.14062,1.13938,1.13983,3185.0
2026-06-26 08:00:00,1.13984,1.14065,1.13976,1.14046,2736.0
2026-06-26 08:30:00,1.14043,1.1434,1.14016,1.14272,5078.0
2026-06-26 09:00:00,1.14272,1.14298,1.14118,1.14218,7027.0
2026-06-26 09:30:00,1.14218,1.14252,1.14168,1.14252,5261.0
2026-06-26 10:00:00,1.14253,1.14285,1.14172,1.14178,4594.0
2026-06-26 10:30:00,1.14178,1.14204,1.13936,1.13942,6307.0
2026-06-26 11:00:00,1.13944,1.14062,1.13922,1.14046,4453.0
2026-06-26 11:30:00,1.14048,1.1408,1.13949,1.14029,4391.0
2026-06-26 12:00:00,1.14032,1.14034,1.13902,1.13912,2834.0
2026-06-26 12:30:00,1.13915,1.13946,1.1383,1.13898,2607.0
2026-06-26 13:00:00,1.13899,1.13932,1.13888,1.13888,1744.0
2026-06-26 13:30:00,1.13889,1.13899,1.13848,1.13864,1843.0
2026-06-26 14:00:00,1.13866,1.13912,1.13853,1.13896,1496.0
2026-06-26 14:30:00,1.13896,1.13912,1.13856,1.13858,1328.0
2026-06-26 15:00:00,1.13856,1.13872,1.13812,1.13819,1328.0
2026-06-26 15:30:00,1.1382,1.13894,1.1381,1.1387,2062.0
2026-06-26 16:00:00,1.13871,1.13917,1.13853,1.139,1250.0
2026-06-26 16:30:00,1.13899,1.1392,1.13814,1.1385,2468.0
2026-06-28 17:00:00,1.13897,1.1391,1.1384,1.13871,131.0
2026-06-28 17:30:00,1.13872,1.13918,1.13818,1.13838,468.0
2026-06-28 18:00:00,1.13842,1.13869,1.13812,1.13834,872.0
2026-06-28 18:30:00,1.13836,1.13862,1.13836,1.13854,483.0
2026-06-28 19:00:00,1.13854,1.1387,1.13848,1.13852,572.0
2026-06-28 19:30:00,1.13851,1.13865,1.13823,1.13854,837.0
2026-06-28 20:00:00,1.13852,1.13886,1.13833,1.13848,2935.0
2026-06-28 20:30:00,1.13849,1.13894,1.13838,1.13876,2130.0
2026-06-28 21:00:00,1.13877,1.13899,1.13846,1.13888,2429.0
2026-06-28 21:30:00,1.13889,1.1391,1.13846,1.13852,2176.0
2026-06-28 22:00:00,1.13852,1.13936,1.13848,1.1393,2082.0
2026-06-28 22:30:00,1.1393,1.1393,1.13876,1.13878,1502.0
2026-06-28 23:00:00,1.13878,1.13902,1.13867,1.13882,1283.0
2026-06-28 23:30:00,1.13883,1.13902,1.13832,1.13832,1361.0
2026-06-29 00:00:00,1.13831,1.13848,1.13812,1.13836,1056.0
2026-06-29 00:30:00,1.13837,1.13853,1.13809,1.13827,1453.0
2026-06-29 01:00:00,1.13826,1.13873,1.13826,1.13868,1605.0
2026-06-29 01:30:00,1.13869,1.13952,1.13868,1.13946,1892.0
2026-06-29 02:00:00,1.13945,1.1398,1.13928,1.13976,2187.0
2026-06-29 02:30:00,1.13977,1.1415,1.13968,1.14124,3507.0
2026-06-29 03:00:00,1.14122,1.14132,1.1405,1.14082,3466.0
2026-06-29 03:30:00,1.14083,1.1411,1.14002,1.14026,2654.0
2026-06-29 04:00:00,1.14028,1.14074,1.13976,1.14017,2904.0
2026-06-29 04:30:00,1.14018,1.14054,1.13926,1.1396,2756.0
2026-06-29 05:00:00,1.13962,1.14025,1.13945,1.14001,2524.0
2026-06-29 05:30:00,1.14002,1.1404,1.13968,1.14034,2504.0
2026-06-29 06:00:00,1.14032,1.14054,1.13996,1.14017,1651.0
2026-06-29 06:30:00,1.14016,1.14056,1.13998,1.14047,2012.0
2026-06-29 07:00:00,1.14046,1.14078,1.14022,1.1403,2180.0
2026-06-29 07:30:00,1.14028,1.14117,1.1399,1.1409,2899.0
2026-06-29 08:00:00,1.1409,1.1409,1.14006,1.14032,2858.0
2026-06-29 08:30:00,1.14032,1.14066,1.14006,1.14027,2724.0
2026-06-29 09:00:00,1.14026,1.14055,1.14007,1.1405,2641.0
2026-06-29 09:30:00,1.1405,1.14123,1.14014,1.141,4470.0
2026-06-29 10:00:00,1.14101,1.14206,1.14046,1.14152,7316.0
2026-06-29 10:30:00,1.14152,1.14232,1.14116,1.14219,5244.0
2026-06-29 11:00:00,1.1422,1.1424,1.14164,1.14224,3739.0
2026-06-29 11:30:00,1.14226,1.14252,1.1419,1.14238,3158.0
2026-06-29 12:00:00,1.14239,1.14278,1.14233,1.14236,1981.0
2026-06-29 12:30:00,1.14238,1.14306,1.14238,1.14258,1986.0
2026-06-29 13:00:00,1.1426,1.14274,1.14214,1.14226,1789.0
2026-06-29 13:30:00,1.14224,1.14282,1.14216,1.14268,1556.0
2026-06-29 14:00:00,1.14268,1.14292,1.14256,1.14278,1482.0
2026-06-29 14:30:00,1.14277,1.14287,1.1425,1.14256,1358.0
2026-06-29 15:00:00,1.14253,1.14268,1.14221,1.14255,1298.0
2026-06-29 15:30:00,1.14256,1.1427,1.14243,1.14258,1325.0
2026-06-29 16:00:00,1.14258,1.14275,1.14246,1.14264,523.0
2026-06-29 16:30:00,1.14264,1.14264,1.1422,1.14242,561.0
2026-06-29 17:00:00,1.14244,1.14268,1.14234,1.14265,395.0
2026-06-29 17:30:00,1.14266,1.14271,1.14258,1.1426,457.0
2026-06-29 18:00:00,1.14261,1.14264,1.14238,1.14244,601.0
2026-06-29 18:30:00,1.14242,1.14254,1.14226,1.14251,338.0
2026-06-29 19:00:00,1.14252,1.14254,1.14232,1.14232,276.0
2026-06-29 19:30:00,1.14233,1.14238,1.14192,1.14192,448.0
2026-06-29 20:00:00,1.14192,1.14206,1.14136,1.14146,1922.0
2026-06-29 20:30:00,1.14146,1.1417,1.14124,1.14164,2393.0
2026-06-29 21:00:00,1.14165,1.14173,1.14061,1.14148,2888.0
2026-06-29 21:30:00,1.14148,1.1416,1.1402,1.14043,2546.0
2026-06-29 22:00:00,1.14042,1.1406,1.14026,1.14036,1515.0
2026-06-29 22:30:00,1.14035,1.14064,1.14018,1.14036,1244.0
2026-06-29 23:00:00,1.14036,1.14053,1.13986,1.13992,1635.0
2026-06-29 23:30:00,1.13993,1.14,1.1397,1.13986,1024.0
2026-06-30 00:00:00,1.13984,1.1399,1.13954,1.13964,638.0
2026-06-30 00:30:00,1.13963,1.13992,1.1389,1.13891,1577.0
2026-06-30 01:00:00,1.1389,1.13928,1.13865,1.13912,2320.0
2026-06-30 01:30:00,1.13912,1.13928,1.13827,1.1385,1734.0
2026-06-30 02:00:00,1.13849,1.13984,1.13836,1.13974,3202.0
2026-06-30 02:30:00,1.13972,1.14038,1.13952,1.14031,3196.0
2026-06-30 03:00:00,1.1403,1.14095,1.14014,1.14064,2808.0
2026-06-30 03:30:00,1.14066,1.14078,1.13972,1.13987,2535.0
2026-06-30 04:00:00,1.13984,1.13996,1.13881,1.13926,4512.0
2026-06-30 04:30:00,1.13927,1.13937,1.13836,1.13936,3307.0
2026-06-30 05:00:00,1.13936,1.13968,1.139,1.13923,2847.0
2026-06-30 05:30:00,1.13925,1.13986,1.13892,1.13972,2578.0
2026-06-30 06:00:00,1.13973,1.13983,1.13927,1.13954,2287.0
2026-06-30 06:30:00,1.13953,1.14024,1.13927,1.1402,2135.0
2026-06-30 07:00:00,1.1402,1.14028,1.1395,1.13967,2798.0
2026-06-30 07:30:00,1.13968,1.13984,1.13864,1.13932,3103.0
2026-06-30 08:00:00,1.13932,1.13966,1.13886,1.13912,3139.0
2026-06-30 08:30:00,1.13912,1.1403,1.13894,1.13963,4127.0
2026-06-30 09:00:00,1.13962,1.14071,1.13944,1.14017,3101.0
2026-06-30 09:30:00,1.14019,1.14037,1.13957,1.13972,3962.0
2026-06-30 10:00:00,1.13972,1.1416,1.13912,1.1413,6197.0
2026-06-30 10:30:00,1.14131,1.14349,1.14088,1.1433,10301.0
2026-06-30 11:00:00,1.1433,1.14367,1.14216,1.14216,6230.0
2026-06-30 11:30:00,1.14217,1.1426,1.1415,1.14171,3094.0
2026-06-30 12:00:00,1.1417,1.1418,1.14122,1.1415,2183.0
2026-06-30 12:30:00,1.1415,1.14182,1.14124,1.14142,1962.0
2026-06-30 13:00:00,1.14142,1.14193,1.14142,1.14186,1555.0
2026-06-30 13:30:00,1.14186,1.14223,1.14168,1.14215,1278.0
2026-06-30 14:00:00,1.14214,1.14271,1.14214,1.1426,1474.0
2026-06-30 14:30:00,1.1426,1.14268,1.14192,1.14205,1749.0
2026-06-30 15:00:00,1.14206,1.14224,1.14158,1.1416,1639.0
2026-06-30 15:30:00,1.1416,1.14266,1.14154,1.14266,1952.0
2026-06-30 16:00:00,1.14264,1.14274,1.1424,1.14248,1057.0
2026-06-30 16:30:00,1.1425,1.1425,1.14204,1.14218,600.0
2026-06-30 17:00:00,1.14219,1.14233,1.14188,1.14218,320.0
2026-06-30 17:30:00,1.1422,1.14231,1.14203,1.14224,611.0
2026-06-30 18:00:00,1.14224,1.14228,1.14206,1.14211,376.0
2026-06-30 18:30:00,1.1421,1.14214,1.14186,1.142,242.0
2026-06-30 19:00:00,1.14202,1.14204,1.14166,1.14169,441.0
2026-06-30 19:30:00,1.1417,1.14183,1.14124,1.1413,596.0
2026-06-30 20:00:00,1.1413,1.14142,1.141,1.14128,1798.0
2026-06-30 20:30:00,1.14128,1.14132,1.14086,1.14096,1920.0
2026-06-30 21:00:00,1.14096,1.14096,1.14046,1.14066,2378.0
2026-06-30 21:30:00,1.14067,1.14072,1.14027,1.14044,1774.0
2026-06-30 22:00:00,1.14044,1.14081,1.14035,1.14043,1832.0
2026-06-30 22:30:00,1.14042,1.14072,1.14028,1.14056,1583.0
2026-06-30 23:00:00,1.14054,1.14082,1.14047,1.14053,1297.0
2026-06-30 23:30:00,1.14054,1.1406,1.14018,1.14042,991.0
2026-07-01 00:00:00,1.14042,1.14048,1.14026,1.14047,1049.0
2026-07-01 00:30:00,1.14048,1.14108,1.14046,1.14086,1526.0
2026-07-01 01:00:00,1.14087,1.14104,1.14074,1.141,1267.0
2026-07-01 01:30:00,1.14099,1.14106,1.1403,1.14059,1886.0
2026-07-01 02:00:00,1.14058,1.14095,1.14018,1.14023,2666.0
2026-07-01 02:30:00,1.14024,1.14049,1.14003,1.14031,2166.0
2026-07-01 03:00:00,1.1403,1.14042,1.13932,1.13932,3122.0
2026-07-01 03:30:00,1.13932,1.14038,1.13931,1.14022,2627.0
2026-07-01 04:00:00,1.1402,1.14039,1.13955,1.13962,2449.0
2026-07-01 04:30:00,1.13962,1.14018,1.13941,1.13965,2608.0
2026-07-01 05:00:00,1.13966,1.13997,1.13921,1.13924,2748.0
2026-07-01 05:30:00,1.13922,1.13922,1.13852,1.13879,2163.0
2026-07-01 06:00:00,1.1388,1.13946,1.13862,1.13946,1684.0
2026-07-01 06:30:00,1.13946,1.14004,1.13941,1.13982,1691.0
2026-07-01 07:00:00,1.1398,1.1399,1.1392,1.13952,2333.0
2026-07-01 07:30:00,1.13952,1.13962,1.1385,1.13855,2804.0
2026-07-01 08:00:00,1.13856,1.13879,1.13806,1.13812,3438.0
2026-07-01 08:30:00,1.13812,1.13838,1.1369,1.13712,4527.0
2026-07-01 09:00:00,1.13712,1.13878,1.13618,1.13855,9316.0
2026-07-01 09:30:00,1.13857,1.14119,1.13836,1.13956,12026.0
2026-07-01 10:00:00,1.13958,1.14055,1.13902,1.13918,7825.0
2026-07-01 10:30:00,1.13917,1.14016,1.13848,1.13954,6909.0
2026-07-01 11:00:00,1.13956,1.13962,1.13842,1.13924,5724.0
2026-07-01 11:30:00,1.13924,1.13943,1.13789,1.13838,4827.0
2026-07-01 12:00:00,1.1384,1.1394,1.13833,1.13858,4244.0
2026-07-01 12:30:00,1.13858,1.13858,1.13799,1.13824,2922.0
2026-07-01 13:00:00,1.13824,1.1386,1.1379,1.13848,2910.0
2026-07-01 13:30:00,1.1385,1.1386,1.13798,1.13812,2121.0
2026-07-01 14:00:00,1.13812,1.13829,1.13754,1.13772,1891.0
2026-07-01 14:30:00,1.13772,1.13804,1.13762,1.13799,1917.0
2026-07-01 15:00:00,1.13798,1.13817,1.13776,1.13796,1484.0
2026-07-01 15:30:00,1.13797,1.1381,1.13778,1.13788,1795.0
2026-07-01 16:00:00,1.13788,1.13794,1.13762,1.13766,1018.0
2026-07-01 16:30:00,1.13766,1.13785,1.1374,1.13782,785.0
2026-07-01 17:00:00,1.1378,1.13794,1.13774,1.13794,222.0
2026-07-01 17:30:00,1.13794,1.13796,1.13788,1.13788,197.0
2026-07-01 18:00:00,1.1379,1.13796,1.13774,1.13792,280.0
2026-07-01 18:30:00,1.13791,1.13796,1.13785,1.13788,284.0
2026-07-01 19:00:00,1.13788,1.13788,1.13775,1.13782,184.0
2026-07-01 19:30:00,1.13782,1.13786,1.13772,1.13776,468.0
2026-07-01 20:00:00,1.13774,1.13833,1.13762,1.13768,1755.0
2026-07-01 20:30:00,1.1377,1.13796,1.1375,1.13767,1563.0
2026-07-01 21:00:00,1.13766,1.13804,1.13764,1.13794,1844.0
2026-07-01 21:30:00,1.13793,1.13859,1.13776,1.13817,1573.0
2026-07-01 22:00:00,1.13818,1.13885,1.13817,1.13852,1412.0
2026-07-01 22:30:00,1.13852,1.13865,1.13811,1.13822,1104.0
2026-07-01 23:00:00,1.13822,1.13834,1.13782,1.13801,1251.0
2026-07-01 23:30:00,1.13802,1.13826,1.13792,1.13824,1214.0
2026-07-02 00:00:00,1.13823,1.13874,1.13823,1.13846,1675.0
2026-07-02 00:30:00,1.13846,1.13884,1.13845,1.13869,1242.0
2026-07-02 01:00:00,1.13872,1.13886,1.13841,1.13846,1570.0
2026-07-02 01:30:00,1.13846,1.13864,1.13816,1.13858,1513.0
2026-07-02 02:00:00,1.13858,1.13916,1.13856,1.13876,3069.0
2026-07-02 02:30:00,1.13877,1.14045,1.1387,1.13947,5091.0
2026-07-02 03:00:00,1.13948,1.14016,1.13906,1.14008,4322.0
2026-07-02 03:30:00,1.14009,1.14094,1.13962,1.14078,3729.0
2026-07-02 04:00:00,1.14079,1.14188,1.1407,1.14167,5169.0
2026-07-02 04:30:00,1.14166,1.1421,1.14128,1.14202,4426.0
2026-07-02 05:00:00,1.14202,1.14212,1.14094,1.14096,3454.0
2026-07-02 05:30:00,1.14097,1.1415,1.1409,1.14098,2896.0
2026-07-02 06:00:00,1.14098,1.1411,1.14052,1.14071,2620.0
2026-07-02 06:30:00,1.14072,1.14114,1.14032,1.14105,2048.0
2026-07-02 07:00:00,1.14107,1.14147,1.14072,1.14132,2402.0
2026-07-02 07:30:00,1.14132,1.14146,1.14006,1.14038,2316.0
2026-07-02 08:00:00,1.14037,1.14048,1.13954,1.13996,3917.0
2026-07-02 08:30:00,1.13996,1.1473,1.13986,1.14514,24709.0
2026-07-02 09:00:00,1.14513,1.14554,1.14386,1.14411,10340.0
2026-07-02 09:30:00,1.1441,1.14538,1.14396,1.14508,9496.0
2026-07-02 10:00:00,1.1451,1.14584,1.1442,1.14426,8534.0
2026-07-02 10:30:00,1.14426,1.14455,1.14337,1.1444,7078.0
2026-07-02 11:00:00,1.1444,1.1448,1.14398,1.14407,5931.0
2026-07-02 11:30:00,1.1441,1.14498,1.1441,1.14475,4392.0
2026-07-02 12:00:00,1.14474,1.14482,1.1436,1.14366,3829.0
2026-07-02 12:30:00,1.14364,1.1441,1.14354,1.14378,3429.0
2026-07-02 13:00:00,1.14376,1.14376,1.14298,1.14316,2839.0
2026-07-02 13:30:00,1.14315,1.14335,1.14289,1.14307,2296.0
2026-07-02 14:00:00,1.14308,1.14364,1.14295,1.14332,2152.0
2026-07-02 14:30:00,1.14331,1.1437,1.14324,1.14331,1681.0
2026-07-02 15:00:00,1.1433,1.1434,1.1429,1.14294,1717.0
2026-07-02 15:30:00,1.14294,1.14319,1.14262,1.14308,1673.0
2026-07-02 16:00:00,1.14306,1.14356,1.14295,1.1435,769.0
2026-07-02 16:30:00,1.14348,1.14356,1.14326,1.14337,694.0
2026-07-02 17:00:00,1.1433,1.14357,1.14314,1.14349,530.0
2026-07-02 17:30:00,1.14348,1.14348,1.14314,1.1434,437.0
2026-07-02 18:00:00,1.14338,1.14356,1.14312,1.14315,561.0
2026-07-02 18:30:00,1.14314,1.14315,1.14279,1.1429,669.0
2026-07-02 19:00:00,1.14292,1.14306,1.1428,1.143,637.0
2026-07-02 19:30:00,1.14298,1.14298,1.14218,1.14226,920.0
2026-07-02 20:00:00,1.14226,1.14246,1.14207,1.1422,2163.0
2026-07-02 20:30:00,1.1422,1.14309,1.14208,1.14307,2093.0
2026-07-02 21:00:00,1.14308,1.14448,1.14302,1.14396,3846.0
2026-07-02 21:30:00,1.14395,1.1443,1.14364,1.1437,2241.0
2026-07-02 22:00:00,1.1437,1.14446,1.1436,1.14442,1736.0
2026-07-02 22:30:00,1.14442,1.14448,1.14389,1.14399,1425.0
2026-07-02 23:00:00,1.14398,1.14405,1.14369,1.1439,1118.0
2026-07-02 23:30:00,1.1439,1.14416,1.14374,1.1441,1178.0
2026-07-03 00:00:00,1.14412,1.14432,1.14392,1.14422,768.0
2026-07-03 00:30:00,1.14422,1.14462,1.14417,1.14462,913.0
2026-07-03 01:00:00,1.14462,1.1455,1.14457,1.1452,1859.0
2026-07-03 01:30:00,1.1452,1.1454,1.14467,1.14488,1661.0
2026-07-03 02:00:00,1.14488,1.14583,1.14483,1.14529,2734.0
2026-07-03 02:30:00,1.14528,1.14622,1.14518,1.14542,3997.0
2026-07-03 03:00:00,1.14542,1.14569,1.1451,1.14556,2658.0
2026-07-03 03:30:00,1.14556,1.14581,1.14476,1.14546,2518.0
2026-07-03 04:00:00,1.14548,1.14561,1.14504,1.14538,2384.0
2026-07-03 04:30:00,1.14536,1.14576,1.1451,1.14528,1918.0
2026-07-03 05:00:00,1.14527,1.14528,1.14474,1.14476,1695.0
2026-07-03 05:30:00,1.14478,1.14494,1.14404,1.14409,1750.0
2026-07-03 06:00:00,1.14408,1.14475,1.14406,1.14447,1782.0
2026-07-03 06:30:00,1.14446,1.14502,1.14441,1.14468,1193.0
2026-07-03 07:00:00,1.14468,1.14572,1.14462,1.14549,2017.0
2026-07-03 07:30:00,1.14548,1.14554,1.14469,1.14504,1945.0
2026-07-03 08:00:00,1.14506,1.14528,1.14464,1.14477,2159.0
2026-07-03 08:30:00,1.14478,1.1451,1.14465,1.1447,1819.0
2026-07-03 09:00:00,1.1447,1.1448,1.14414,1.14438,2223.0
2026-07-03 09:30:00,1.14438,1.14439,1.1438,1.14404,1927.0
2026-07-03 10:00:00,1.14404,1.14478,1.14388,1.1447,2009.0
2026-07-03 10:30:00,1.1447,1.1448,1.14411,1.14416,1863.0
2026-07-03 11:00:00,1.14416,1.14444,1.14388,1.14402,1734.0
2026-07-03 11:30:00,1.14404,1.14418,1.14349,1.14371,1269.0
2026-07-03 12:00:00,1.14369,1.14396,1.14364,1.14372,869.0
2026-07-03 12:30:00,1.14373,1.14378,1.14354,1.14376,563.0
2026-07-03 13:00:00,1.14378,1.14422,1.14376,1.144,2016.0
2026-07-03 13:30:00,1.14401,1.14418,1.14394,1.14404,3580.0
2026-07-03 14:00:00,1.14404,1.14414,1.1438,1.14394,1787.0
2026-07-03 14:30:00,1.14394,1.14408,1.14384,1.14389,1774.0
2026-07-03 15:00:00,1.1439,1.14406,1.1438,1.14386,2354.0
2026-07-03 15:30:00,1.14385,1.14386,1.14356,1.14365,2163.0
2026-07-03 16:00:00,1.14364,1.14374,1.1435,1.14361,1265.0
2026-07-03 16:30:00,1.14362,1.14378,1.14333,1.14376,853.0
2026-07-05 17:00:00,1.14385,1.14385,1.14358,1.14376,121.0
2026-07-05 17:30:00,1.14374,1.14385,1.14362,1.14382,214.0
2026-07-05 18:00:00,1.14383,1.14387,1.14349,1.14364,900.0
2026-07-05 18:30:00,1.14364,1.14379,1.14359,1.14366,350.0
2026-07-05 19:00:00,1.14367,1.14373,1.14332,1.14362,636.0
2026-07-05 19:30:00,1.14362,1.14382,1.14352,1.14368,1068.0
2026-07-05 20:00:00,1.14366,1.14412,1.14328,1.14386,2408.0
2026-07-05 20:30:00,1.14386,1.14408,1.14372,1.14384,2451.0
2026-07-05 21:00:00,1.14384,1.14388,1.14306,1.14316,2271.0
2026-07-05 21:30:00,1.14318,1.14349,1.14284,1.14286,2004.0
2026-07-05 22:00:00,1.14286,1.14308,1.14276,1.14293,1608.0
2026-07-05 22:30:00,1.14295,1.14352,1.14288,1.1434,1470.0
2026-07-05 23:00:00,1.14338,1.14359,1.14291,1.14291,1277.0
2026-07-05 23:30:00,1.14292,1.14322,1.14281,1.14318,1305.0
2026-07-06 00:00:00,1.14318,1.14342,1.14316,1.14322,907.0
2026-07-06 00:30:00,1.14322,1.14336,1.14318,1.14328,1072.0
2026-07-06 01:00:00,1.14329,1.14333,1.14276,1.14288,1390.0
2026-07-06 01:30:00,1.14288,1.14324,1.1423,1.14236,1651.0
2026-07-06 02:00:00,1.14236,1.1429,1.14216,1.14241,2631.0
2026-07-06 02:30:00,1.1424,1.14253,1.14198,1.14231,2654.0
2026-07-06 03:00:00,1.1423,1.14282,1.14166,1.14226,3859.0
2026-07-06 03:30:00,1.14226,1.14276,1.14218,1.14266,3053.0
2026-07-06 04:00:00,1.14266,1.14272,1.14158,1.1419,2888.0
2026-07-06 04:30:00,1.14192,1.14208,1.14154,1.14206,1928.0
2026-07-06 05:00:00,1.14206,1.14214,1.1417,1.14182,2176.0
2026-07-06 05:30:00,1.1418,1.14202,1.14111,1.14132,1839.0
2026-07-06 06:00:00,1.14132,1.14198,1.14098,1.14158,2108.0
2026-07-06 06:30:00,1.14158,1.14213,1.14155,1.14196,1887.0
2026-07-06 07:00:00,1.14196,1.14204,1.14158,1.14182,1982.0
2026-07-06 07:30:00,1.14182,1.14192,1.1412,1.14152,2100.0
2026-07-06 08:00:00,1.14154,1.142,1.14143,1.14176,2491.0
2026-07-06 08:30:00,1.14176,1.14182,1.14108,1.14132,2587.0
2026-07-06 09:00:00,1.14133,1.14227,1.14112,1.14204,2972.0
2026-07-06 09:30:00,1.14204,1.14214,1.14085,1.14128,3573.0
2026-07-06 10:00:00,1.14128,1.14202,1.14108,1.14151,3589.0
2026-07-06 10:30:00,1.14152,1.14186,1.14112,1.14171,3176.0
2026-07-06 11:00:00,1.14172,1.14196,1.14155,1.1418,2266.0
2026-07-06 11:30:00,1.14178,1.14262,1.14166,1.14253,2377.0
2026-07-06 12:00:00,1.14254,1.1431,1.1425,1.14302,1714.0
2026-07-06 12:30:00,1.14302,1.1432,1.1426,1.14306,1640.0
2026-07-06 13:00:00,1.14306,1.1437,1.14301,1.14362,1454.0
2026-07-06 13:30:00,1.1436,1.14394,1.14356,1.14362,1341.0
2026-07-06 14:00:00,1.14364,1.1439,1.14351,1.1439,1105.0
2026-07-06 14:30:00,1.14392,1.1445,1.14378,1.1443,1071.0
2026-07-06 15:00:00,1.14428,1.1443,1.14379,1.14388,1351.0
2026-07-06 15:30:00,1.1439,1.14419,1.14389,1.14411,1415.0
2026-07-06 16:00:00,1.1441,1.1442,1.14396,1.14416,812.0
2026-07-06 16:30:00,1.14416,1.14417,1.14398,1.14408,457.0
2026-07-06 17:00:00,1.1442,1.14428,1.14417,1.14423,682.0
2026-07-06 17:30:00,1.14422,1.1446,1.14418,1.14454,775.0
2026-07-06 18:00:00,1.14454,1.1446,1.14425,1.14432,576.0
2026-07-06 18:30:00,1.1443,1.14452,1.1443,1.14452,317.0
2026-07-06 19:00:00,1.14452,1.14481,1.14441,1.14442,516.0
2026-07-06 19:30:00,1.14442,1.14452,1.14412,1.14415,751.0
2026-07-06 20:00:00,1.14414,1.14424,1.14382,1.14388,1794.0
2026-07-06 20:30:00,1.14387,1.14422,1.14381,1.14386,1839.0
2026-07-06 21:00:00,1.14386,1.14404,1.14372,1.14395,1683.0
2026-07-06 21:30:00,1.14397,1.14474,1.14396,1.1444,3111.0
2026-07-06 22:00:00,1.14441,1.14462,1.14416,1.14416,1655.0
2026-07-06 22:30:00,1.14416,1.14437,1.14396,1.14396,1203.0
2026-07-06 23:00:00,1.14396,1.1443,1.14392,1.14396,1295.0
2026-07-06 23:30:00,1.14395,1.14402,1.14362,1.14368,1266.0
2026-07-07 00:00:00,1.1437,1.14386,1.14365,1.1437,872.0
2026-07-07 00:30:00,1.14371,1.14392,1.14354,1.14356,1004.0
2026-07-07 01:00:00,1.14354,1.14374,1.14301,1.14308,2119.0
2026-07-07 01:30:00,1.14308,1.14334,1.14282,1.14318,1928.0
2026-07-07 02:00:00,1.14318,1.14323,1.14254,1.14277,2646.0
2026-07-07 02:30:00,1.14278,1.14314,1.14276,1.143,1591.0
2026-07-07 03:00:00,1.14299,1.14322,1.1426,1.14266,2671.0
2026-07-07 03:30:00,1.14264,1.14303,1.14248,1.14252,2294.0
2026-07-07 04:00:00,1.14251,1.1434,1.1425,1.14326,2523.0
2026-07-07 04:30:00,1.14326,1.14359,1.14271,1.14279,2720.0
2026-07-07 05:00:00,1.14278,1.14293,1.14256,1.14276,1971.0
2026-07-07 05:30:00,1.14276,1.14302,1.14248,1.14252,1894.0
2026-07-07 06:00:00,1.1425,1.14306,1.14236,1.143,1885.0
2026-07-07 06:30:00,1.143,1.14342,1.14291,1.14338,1361.0
2026-07-07 07:00:00,1.14339,1.14392,1.14316,1.14372,2196.0
2026-07-07 07:30:00,1.1437,1.14371,1.14254,1.14324,2688.0
2026-07-07 08:00:00,1.14326,1.14419,1.14309,1.14406,3155.0
2026-07-07 08:30:00,1.14406,1.14422,1.14344,1.14366,2433.0
2026-07-07 09:00:00,1.14366,1.14377,1.14305,1.14352,2990.0
2026-07-07 09:30:00,1.1435,1.14419,1.14344,1.14364,4339.0
2026-07-07 10:00:00,1.14365,1.1438,1.14236,1.143,5672.0
2026-07-07 10:30:00,1.14302,1.14372,1.1428,1.1433,4154.0
2026-07-07 11:00:00,1.1433,1.1435,1.14254,1.14286,3430.0
2026-07-07 11:30:00,1.14286,1.1429,1.14222,1.14229,2616.0
2026-07-07 12:00:00,1.1423,1.14258,1.1418,1.14186,2084.0
2026-07-07 12:30:00,1.14186,1.14238,1.14184,1.14236,2081.0
2026-07-07 13:00:00,1.14236,1.14264,1.14222,1.1424,1684.0
2026-07-07 13:30:00,1.1424,1.14294,1.14232,1.14283,1266.0
2026-07-07 14:00:00,1.14282,1.14298,1.14256,1.14278,1316.0
