Timestamp,Open,High,Low,Close,Volume
2026-03-12 05:00:00,19.12434,19.15639,19.083,19.09444,4346.0
2026-03-12 06:00:00,19.09546,19.13256,19.08678,19.11399,5103.0
2026-03-12 07:00:00,19.1138,19.13498,19.05684,19.09711,6902.0
2026-03-12 08:00:00,19.09828,19.14271,19.09104,19.10094,5841.0
2026-03-12 09:00:00,19.10006,19.25722,19.08114,19.25442,6503.0
2026-03-12 10:00:00,19.25306,19.33956,19.21268,19.27382,4710.0
2026-03-12 11:00:00,19.27354,19.34192,19.2531,19.30402,6653.0
2026-03-12 12:00:00,19.30386,19.33613,19.26005,19.29704,9174.0
2026-03-12 13:00:00,19.29714,19.34142,19.2771,19.33106,6554.0
2026-03-12 14:00:00,19.32973,19.3456,19.31816,19.34012,4185.0
2026-03-12 15:00:00,19.3403,19.34598,19.32736,19.34424,2834.0
2026-03-12 16:00:00,19.34429,19.34629,19.32413,19.33596,1697.0
2026-03-12 17:00:00,19.34163,19.34163,19.28712,19.29349,824.0
2026-03-12 18:00:00,19.29416,19.32514,19.28245,19.29276,3535.0
2026-03-12 19:00:00,19.293,19.31696,19.29257,19.31651,2581.0
2026-03-12 20:00:00,19.3153,19.32518,19.27654,19.30852,11305.0
2026-03-12 21:00:00,19.30848,19.30998,19.2777,19.2994,6664.0
2026-03-12 22:00:00,19.29926,19.30198,19.27304,19.30132,9993.0
2026-03-12 23:00:00,19.30116,19.31612,19.28625,19.29168,3263.0
2026-03-13 00:00:00,19.29318,19.31934,19.29062,19.31728,3987.0
2026-03-13 01:00:00,19.3162,19.32403,19.30644,19.31257,1564.0
2026-03-13 02:00:00,19.31264,19.35862,19.30722,19.35128,1011.0
2026-03-13 03:00:00,19.35084,19.40627,19.35084,19.37654,3428.0
2026-03-13 04:00:00,19.3762,19.396,19.27949,19.28053,4034.0
2026-03-13 05:00:00,19.2812,19.31585,19.25367,19.27744,6327.0
2026-03-13 06:00:00,19.27798,19.30668,19.23671,19.247,6987.0
2026-03-13 07:00:00,19.2477,19.28825,19.20876,19.25478,8609.0
2026-03-13 08:00:00,19.25423,19.29248,19.2369,19.2379,9248.0
2026-03-13 09:00:00,19.23852,19.289,19.21448,19.2453,5497.0
2026-03-13 10:00:00,19.2456,19.33612,19.23636,19.32204,6991.0
2026-03-13 11:00:00,19.32195,19.39978,19.28417,19.3996,5210.0
2026-03-13 12:00:00,19.39916,19.40015,19.32748,19.34756,7238.0
2026-03-13 13:00:00,19.3476,19.35658,19.31912,19.34284,5505.0
2026-03-13 14:00:00,19.34243,19.34308,19.30713,19.32402,6527.0
2026-03-13 15:00:00,19.32328,19.37492,19.3219,19.3534,3644.0
2026-03-13 16:00:00,19.35318,19.3549,19.3169,19.33896,2662.0
2026-03-15 17:00:00,19.33197,19.34385,19.32861,19.34156,55.0
2026-03-15 18:00:00,19.3385,19.35021,19.31023,19.33024,2035.0
2026-03-15 19:00:00,19.32671,19.33235,19.26899,19.31995,6650.0
2026-03-15 20:00:00,19.31941,19.3273,19.25046,19.28864,5228.0
2026-03-15 21:00:00,19.28744,19.31723,19.27713,19.27896,7654.0
2026-03-15 22:00:00,19.27904,19.29557,19.27408,19.29231,5425.0
2026-03-15 23:00:00,19.29232,19.30055,19.26577,19.28078,3735.0
2026-03-16 00:00:00,19.28078,19.29902,19.27852,19.29874,2924.0
2026-03-16 01:00:00,19.29986,19.29986,19.25654,19.25654,1877.0
2026-03-16 02:00:00,19.25656,19.27132,19.238,19.2575,3405.0
2026-03-16 03:00:00,19.25726,19.29775,19.2195,19.27358,4117.0
2026-03-16 04:00:00,19.27346,19.3175,19.26034,19.29612,4983.0
2026-03-16 05:00:00,19.29552,19.34049,19.28697,19.32656,4870.0
2026-03-16 06:00:00,19.32714,19.34118,19.25366,19.2568,5466.0
2026-03-16 07:00:00,19.25612,19.30858,19.24818,19.29788,3573.0
2026-03-16 08:00:00,19.29772,19.3036,19.21389,19.2444,4237.0
2026-03-16 09:00:00,19.24565,19.25529,19.20625,19.21246,4977.0
2026-03-16 10:00:00,19.21063,19.26306,19.20547,19.22922,4221.0
2026-03-16 11:00:00,19.2286,19.28458,19.22754,19.27,2975.0
2026-03-16 12:00:00,19.26976,19.30116,19.25654,19.28766,9956.0
2026-03-16 13:00:00,19.28793,19.28793,19.23416,19.24058,8010.0
2026-03-16 14:00:00,19.23958,19.2495,19.17882,19.179,5118.0
2026-03-16 15:00:00,19.17904,19.19918,19.15947,19.18218,5028.0
2026-03-16 16:00:00,19.1819,19.19622,19.1675,19.19015,2284.0
2026-03-16 17:00:00,19.17939,19.19502,19.17482,19.18294,373.0
2026-03-16 18:00:00,19.17605,19.18858,19.16754,19.17138,2948.0
2026-03-16 19:00:00,19.17016,19.20344,19.16194,19.185,1313.0
2026-03-16 20:00:00,19.18598,19.19694,19.18236,19.19092,2958.0
2026-03-16 21:00:00,19.18932,19.196,19.17112,19.17262,5691.0
2026-03-16 22:00:00,19.17264,19.19403,19.16333,19.19403,3700.0
2026-03-16 23:00:00,19.19548,19.2083,19.17692,19.19681,3482.0
2026-03-17 00:00:00,19.19556,19.19842,19.16764,19.16885,2712.0
2026-03-17 01:00:00,19.16994,19.22425,19.15514,19.20836,3863.0
2026-03-17 02:00:00,19.20796,19.24516,19.2043,19.23082,4562.0
2026-03-17 03:00:00,19.23138,19.26374,19.20821,19.22152,3424.0
2026-03-17 04:00:00,19.21966,19.26672,19.2096,19.25525,4365.0
2026-03-17 05:00:00,19.25524,19.2645,19.20836,19.21694,5573.0
2026-03-17 06:00:00,19.21401,19.30018,19.21059,19.2857,6068.0
2026-03-17 07:00:00,19.28642,19.28761,19.24261,19.25654,2749.0
2026-03-17 08:00:00,19.25681,19.27246,19.1998,19.22818,4598.0
2026-03-17 09:00:00,19.22908,19.23168,19.16129,19.1846,4136.0
2026-03-17 10:00:00,19.1829,19.21158,19.17467,19.19526,2952.0
2026-03-17 11:00:00,19.19465,19.26549,19.18142,19.2322,4977.0
2026-03-17 12:00:00,19.23063,19.24924,19.22196,19.2269,8733.0
2026-03-17 13:00:00,19.22676,19.23929,19.20401,19.20626,7747.0
2026-03-17 14:00:00,19.20608,19.23892,19.20384,19.2291,5813.0
2026-03-17 15:00:00,19.2293,19.25192,19.22652,19.23606,3631.0
2026-03-17 16:00:00,19.23586,19.24056,19.22168,19.23382,1207.0
2026-03-17 17:00:00,19.22266,19.2848,19.2189,19.24934,258.0
2026-03-17 18:00:00,19.22165,19.2718,19.22165,19.24934,3292.0
2026-03-17 19:00:00,19.25136,19.27069,19.23586,19.25873,3131.0
2026-03-17 20:00:00,19.26369,19.26646,19.23582,19.23736,3298.0
2026-03-17 21:00:00,19.23217,19.24876,19.2212,19.24009,2088.0
2026-03-17 22:00:00,19.24,19.25066,19.23435,19.24293,2687.0
2026-03-17 23:00:00,19.24292,19.24716,19.22422,19.2285,1309.0
2026-03-18 00:00:00,19.22632,19.2359,19.20848,19.21246,1924.0
2026-03-18 01:00:00,19.21108,19.21452,19.19694,19.2067,972.0
2026-03-18 02:00:00,19.20596,19.21334,19.17346,19.17745,1423.0
2026-03-18 03:00:00,19.17714,19.19756,19.15908,19.16145,1617.0
2026-03-18 04:00:00,19.16116,19.21226,19.1535,19.18172,2757.0
2026-03-18 05:00:00,19.18104,19.19518,19.13344,19.18701,2239.0
2026-03-18 06:00:00,19.18796,19.23402,19.1826,19.22894,2218.0
2026-03-18 07:00:00,19.22899,19.29013,19.21737,19.27744,3828.0
2026-03-18 08:00:00,19.27717,19.41698,19.27717,19.4075,7497.0
2026-03-18 09:00:00,19.4085,19.43918,19.37218,19.39152,8793.0
2026-03-18 10:00:00,19.39152,19.40918,19.36248,19.37114,8910.0
2026-03-18 11:00:00,19.3705,19.37568,19.3378,19.36858,5015.0
2026-03-18 12:00:00,19.36906,19.38182,19.33804,19.36682,8015.0
2026-03-18 13:00:00,19.36712,19.3943,19.35876,19.36055,6833.0
2026-03-18 14:00:00,19.36055,19.4331,19.34034,19.418,8023.0
2026-03-18 15:00:00,19.41942,19.45752,19.39926,19.45408,5092.0
2026-03-18 16:00:00,19.45384,19.47158,19.44238,19.45972,1877.0
2026-03-18 17:00:00,19.44744,19.47169,19.43023,19.43664,1792.0
2026-03-18 18:00:00,19.43147,19.45822,19.41258,19.4307,5471.0
2026-03-18 19:00:00,19.43012,19.4867,19.4296,19.46682,2082.0
2026-03-18 20:00:00,19.46592,19.48426,19.45057,19.46854,3855.0
2026-03-18 21:00:00,19.46824,19.48143,19.44064,19.45326,2787.0
2026-03-18 22:00:00,19.45305,19.46658,19.44234,19.44626,6406.0
2026-03-18 23:00:00,19.44646,19.44873,19.43702,19.44342,2874.0
2026-03-19 00:00:00,19.4434,19.4643,19.4434,19.45536,2474.0
2026-03-19 01:00:00,19.45598,19.50378,19.45096,19.48582,2806.0
2026-03-19 02:00:00,19.4866,19.51259,19.46362,19.48044,1877.0
2026-03-19 03:00:00,19.48046,19.49409,19.44326,19.46158,3711.0
2026-03-19 04:00:00,19.45946,19.47038,19.39961,19.43671,4716.0
2026-03-19 05:00:00,19.43724,19.44738,19.35392,19.37794,6156.0
2026-03-19 06:00:00,19.37735,19.42044,19.36714,19.41247,4409.0
2026-03-19 07:00:00,19.41083,19.43326,19.33089,19.34582,4308.0
2026-03-19 08:00:00,19.3465,19.5407,19.34574,19.51924,7749.0
2026-03-19 09:00:00,19.52116,19.64048,19.50998,19.53086,11104.0
2026-03-19 10:00:00,19.53095,19.53724,19.44305,19.46705,9071.0
2026-03-19 11:00:00,19.46616,19.48266,19.41822,19.44856,6658.0
2026-03-19 12:00:00,19.44775,19.4599,19.39173,19.43854,10902.0
2026-03-19 13:00:00,19.4366,19.49574,19.42776,19.45344,8366.0
2026-03-19 14:00:00,19.4538,19.51659,19.45253,19.47205,7123.0
2026-03-19 15:00:00,19.46817,19.47383,19.38038,19.41516,12578.0
2026-03-19 16:00:00,19.41499,19.44456,19.3832,19.40488,2982.0
2026-03-19 17:00:00,19.3984,19.41335,19.37668,19.40661,1064.0
2026-03-19 18:00:00,19.40516,19.46203,19.37892,19.38609,6809.0
2026-03-19 19:00:00,19.386,19.40706,19.36134,19.37496,4150.0
2026-03-19 20:00:00,19.37586,19.39173,19.36384,19.37978,4517.0
2026-03-19 21:00:00,19.37856,19.38206,19.35403,19.37536,2796.0
2026-03-19 22:00:00,19.37414,19.39272,19.367,19.37339,2723.0
2026-03-19 23:00:00,19.37322,19.40167,19.36131,19.39794,2083.0
2026-03-20 00:00:00,19.39799,19.40234,19.37331,19.37652,2387.0
2026-03-20 01:00:00,19.37642,19.39838,19.37638,19.39838,1116.0
2026-03-20 02:00:00,19.39691,19.47216,19.3826,19.45684,787.0
2026-03-20 03:00:00,19.45624,19.48294,19.35224,19.38116,2435.0
2026-03-20 04:00:00,19.3815,19.44988,19.37748,19.44829,3797.0
2026-03-20 05:00:00,19.44722,19.58195,19.44287,19.57292,4447.0
2026-03-20 06:00:00,19.57292,19.608,19.55397,19.56732,5567.0
2026-03-20 07:00:00,19.56716,19.57816,19.49989,19.5252,3055.0
2026-03-20 08:00:00,19.52528,19.54942,19.49094,19.49405,4954.0
2026-03-20 09:00:00,19.49466,19.62,19.4855,19.61623,6892.0
2026-03-20 10:00:00,19.61628,19.68277,19.5744,19.63818,6443.0
2026-03-20 11:00:00,19.63703,19.67479,19.59446,19.6691,7132.0
2026-03-20 12:00:00,19.66708,19.68986,19.6174,19.66229,10106.0
2026-03-20 13:00:00,19.66272,19.73034,19.64924,19.71179,7913.0
2026-03-20 14:00:00,19.71068,19.78358,19.70564,19.76404,7267.0
2026-03-20 15:00:00,19.76398,19.78678,19.74598,19.7618,4008.0
2026-03-20 16:00:00,19.7611,19.76521,19.66112,19.681,11123.0
2026-03-22 17:00:00,19.72396,19.74617,19.71462,19.73504,608.0
2026-03-22 18:00:00,19.74237,19.77061,19.72345,19.76072,1291.0
2026-03-22 19:00:00,19.76349,19.7808,19.72565,19.7543,6265.0
2026-03-22 20:00:00,19.75496,19.79719,19.72128,19.78919,7149.0
2026-03-22 21:00:00,19.78923,19.79174,19.73526,19.74885,12930.0
2026-03-22 22:00:00,19.7485,19.79296,19.72724,19.7764,5438.0
2026-03-22 23:00:00,19.7761,19.79692,19.76461,19.78163,6909.0
2026-03-23 00:00:00,19.78147,19.78548,19.76298,19.77311,7603.0
2026-03-23 01:00:00,19.77413,19.82594,19.76915,19.81822,4350.0
2026-03-23 02:00:00,19.8185,19.88236,19.81046,19.8796,2165.0
2026-03-23 03:00:00,19.87964,19.8931,19.8398,19.86508,3895.0
2026-03-23 04:00:00,19.86495,19.86806,19.78212,19.78722,6829.0
2026-03-23 05:00:00,19.7891,19.81228,19.7491,19.76604,5894.0
2026-03-23 06:00:00,19.7672,19.79701,19.73402,19.74148,6451.0
2026-03-23 07:00:00,19.74068,19.74772,19.34958,19.58812,24138.0
2026-03-23 08:00:00,19.58892,19.62823,19.46344,19.4879,24093.0
2026-03-23 09:00:00,19.48787,19.56452,19.47028,19.49382,16366.0
2026-03-23 10:00:00,19.49474,19.53142,19.40478,19.4449,12107.0
2026-03-23 11:00:00,19.44439,19.55316,19.39012,19.51612,9988.0
2026-03-23 12:00:00,19.51578,19.58148,19.4624,19.48872,10819.0
2026-03-23 13:00:00,19.48872,19.51935,19.46224,19.47034,10478.0
2026-03-23 14:00:00,19.47129,19.51105,19.44868,19.49473,12173.0
2026-03-23 15:00:00,19.49502,19.54538,19.49295,19.5426,7442.0
2026-03-23 16:00:00,19.54203,19.5502,19.51476,19.54576,2668.0
2026-03-23 17:00:00,19.58509,19.59916,19.54295,19.54454,554.0
2026-03-23 18:00:00,19.57023,19.57906,19.50847,19.55078,8659.0
2026-03-23 19:00:00,19.55078,19.57595,19.53896,19.54072,1176.0
2026-03-23 20:00:00,19.53928,19.64867,19.5361,19.62984,8895.0
2026-03-23 21:00:00,19.62979,19.67076,19.62012,19.66216,11231.0
2026-03-23 22:00:00,19.66208,19.66514,19.62252,19.6412,11229.0
2026-03-23 23:00:00,19.64123,19.64775,19.62034,19.62242,7647.0
2026-03-24 00:00:00,19.62207,19.65144,19.61978,19.63236,6275.0
2026-03-24 01:00:00,19.63274,19.66786,19.61174,19.61652,8100.0
2026-03-24 02:00:00,19.61652,19.61736,19.56336,19.56452,4185.0
2026-03-24 03:00:00,19.56431,19.6079,19.5019,19.55212,6553.0
2026-03-24 04:00:00,19.55425,19.6982,19.54738,19.68504,6047.0
2026-03-24 05:00:00,19.68529,19.72156,19.66304,19.68373,4338.0
2026-03-24 06:00:00,19.68419,19.72312,19.65366,19.69175,6328.0
2026-03-24 07:00:00,19.6923,19.81392,19.66502,19.75346,6914.0
2026-03-24 08:00:00,19.75398,19.8159,19.73956,19.77372,5505.0
2026-03-24 09:00:00,19.7731,19.80894,19.7339,19.7389,8452.0
2026-03-24 10:00:00,19.7401,19.75226,19.66846,19.70127,10139.0
2026-03-24 11:00:00,19.70188,19.77722,19.66831,19.77448,10749.0
2026-03-24 12:00:00,19.77447,19.7867,19.72132,19.76751,10480.0
2026-03-24 13:00:00,19.76682,19.8226,19.74502,19.75608,12275.0
2026-03-24 14:00:00,19.75633,19.78017,19.71466,19.76688,12798.0
2026-03-24 15:00:00,19.76738,19.76762,19.73084,19.75099,8412.0
2026-03-24 16:00:00,19.7506,19.75086,19.59302,19.62783,10768.0
2026-03-24 17:00:00,19.70436,19.71049,19.65213,19.67083,190.0
2026-03-24 18:00:00,19.63622,19.69281,19.63622,19.66498,1887.0
2026-03-24 19:00:00,19.66776,19.67084,19.64352,19.64554,1831.0
2026-03-24 20:00:00,19.64534,19.65464,19.60493,19.64496,8681.0
2026-03-24 21:00:00,19.64484,19.64994,19.60814,19.636,6950.0
2026-03-24 22:00:00,19.63608,19.67386,19.63408,19.67216,7415.0
2026-03-24 23:00:00,19.67211,19.67834,19.65543,19.66332,6560.0
2026-03-25 00:00:00,19.66315,19.67137,19.6526,19.66132,3671.0
2026-03-25 01:00:00,19.66223,19.67674,19.64466,19.65859,2803.0
2026-03-25 02:00:00,19.65856,19.67833,19.61528,19.63808,2945.0
2026-03-25 03:00:00,19.63766,19.655,19.60718,19.64186,4312.0
2026-03-25 04:00:00,19.64148,19.64918,19.55402,19.589,8837.0
2026-03-25 05:00:00,19.58892,19.6158,19.54962,19.57882,6989.0
2026-03-25 06:00:00,19.57732,19.60778,19.5665,19.58702,6227.0
2026-03-25 07:00:00,19.58658,19.62592,19.53746,19.55587,6123.0
2026-03-25 08:00:00,19.5563,19.6548,19.54712,19.6287,8454.0
2026-03-25 09:00:00,19.62904,19.6667,19.57616,19.65025,9396.0
2026-03-25 10:00:00,19.65086,19.67314,19.54696,19.56914,9143.0
2026-03-25 11:00:00,19.56838,19.63959,19.56293,19.59554,8761.0
2026-03-25 12:00:00,19.59625,19.60078,19.53566,19.57607,11208.0
2026-03-25 13:00:00,19.57656,19.6035,19.55621,19.59151,11412.0
2026-03-25 14:00:00,19.59068,19.6134,19.56927,19.5959,9297.0
2026-03-25 15:00:00,19.59702,19.62004,19.58564,19.59384,7796.0
2026-03-25 16:00:00,19.59464,19.6438,19.5901,19.62452,1892.0
2026-03-25 17:00:00,19.58936,19.63346,19.57993,19.62099,166.0
2026-03-25 18:00:00,19.63546,19.63546,19.57055,19.60381,5070.0
2026-03-25 19:00:00,19.59994,19.64554,19.59751,19.64449,1726.0
2026-03-25 20:00:00,19.64352,19.652,19.62684,19.6378,4536.0
2026-03-25 21:00:00,19.63738,19.6513,19.62356,19.63506,6785.0
2026-03-25 22:00:00,19.63496,19.6766,19.63281,19.66622,4979.0
2026-03-25 23:00:00,19.66626,19.66848,19.63955,19.64318,4955.0
2026-03-26 00:00:00,19.64192,19.65222,19.64156,19.64702,3113.0
2026-03-26 01:00:00,19.64704,19.68643,19.64466,19.67892,3330.0
2026-03-26 02:00:00,19.6786,19.69492,19.65844,19.66182,5258.0
2026-03-26 03:00:00,19.66182,19.69632,19.65936,19.67936,5697.0
2026-03-26 04:00:00,19.6796,19.71533,19.65044,19.6517,5480.0
2026-03-26 05:00:00,19.65123,19.69456,19.6491,19.67056,5205.0
2026-03-26 06:00:00,19.6705,19.70082,19.6571,19.66317,3886.0
2026-03-26 07:00:00,19.66122,19.71484,19.65706,19.71104,3920.0
2026-03-26 08:00:00,19.7103,19.72388,19.67258,19.68058,4860.0
2026-03-26 09:00:00,19.68021,19.69964,19.60595,19.61506,6940.0
2026-03-26 10:00:00,19.61566,19.68822,19.60818,19.6691,8819.0
2026-03-26 11:00:00,19.67015,19.69106,19.64118,19.68664,5968.0
2026-03-26 12:00:00,19.68665,19.7357,19.67044,19.73262,9724.0
2026-03-26 13:00:00,19.73202,19.76818,19.70979,19.76618,7936.0
2026-03-26 14:00:00,19.76432,19.768,19.73758,19.7475,6300.0
2026-03-26 15:00:00,19.74664,19.7779,19.73242,19.7675,4667.0
2026-03-26 16:00:00,19.76633,19.78172,19.69624,19.73068,8890.0
2026-03-26 17:00:00,19.75417,19.77858,19.72843,19.75248,99.0
2026-03-26 18:00:00,19.74079,19.76561,19.73215,19.74639,98.0
2026-03-26 19:00:00,19.74793,19.74909,19.69358,19.7136,1312.0
2026-03-26 20:00:00,19.71274,19.76086,19.69677,19.74118,5165.0
2026-03-26 21:00:00,19.73952,19.75155,19.70352,19.70388,5588.0
2026-03-26 22:00:00,19.70265,19.71562,19.69263,19.71154,4756.0
2026-03-26 23:00:00,19.7116,19.71838,19.66806,19.67128,4032.0
2026-03-27 00:00:00,19.67042,19.68344,19.6702,19.6763,4881.0
2026-03-27 01:00:00,19.677,19.71018,19.66824,19.70902,2101.0
2026-03-27 02:00:00,19.70866,19.72976,19.69477,19.71716,2678.0
2026-03-27 03:00:00,19.71714,19.73714,19.69208,19.70984,1553.0
2026-03-27 04:00:00,19.70841,19.77808,19.70018,19.76436,3241.0
2026-03-27 05:00:00,19.76288,19.78106,19.73126,19.74294,3325.0
2026-03-27 06:00:00,19.74215,19.80049,19.72812,19.79958,2956.0
2026-03-27 07:00:00,19.79962,19.80438,19.73961,19.76896,3048.0
2026-03-27 08:00:00,19.7679,19.80936,19.7556,19.7737,4058.0
2026-03-27 09:00:00,19.77436,19.80837,19.74448,19.77155,5239.0
2026-03-27 10:00:00,19.77023,19.77916,19.69155,19.69795,4283.0
2026-03-27 11:00:00,19.69768,19.7013,19.6442,19.68649,4633.0
2026-03-27 12:00:00,19.68597,19.73177,19.67494,19.69901,4940.0
2026-03-27 13:00:00,19.69995,19.7855,19.67974,19.7646,6295.0
2026-03-27 14:00:00,19.76396,19.7648,19.71996,19.73471,5862.0
2026-03-27 15:00:00,19.73406,19.75332,19.7241,19.73052,3913.0
2026-03-27 16:00:00,19.73116,19.7425,19.70126,19.71723,3515.0
2026-03-29 17:00:00,19.71723,19.72841,19.6704,19.6704,35.0
2026-03-29 18:00:00,19.70972,19.73178,19.7054,19.70651,3911.0
2026-03-29 19:00:00,19.70654,19.7535,19.68956,19.7458,6314.0
2026-03-29 20:00:00,19.74584,19.77437,19.70731,19.75764,11522.0
2026-03-29 21:00:00,19.75758,19.76377,19.71034,19.74798,6730.0
2026-03-29 22:00:00,19.74877,19.76198,19.73514,19.744,5621.0
2026-03-29 23:00:00,19.74524,19.74632,19.72067,19.72186,3191.0
2026-03-30 00:00:00,19.72191,19.72451,19.69216,19.7134,2725.0
2026-03-30 01:00:00,19.71324,19.71918,19.67548,19.69193,2379.0
2026-03-30 02:00:00,19.69135,19.69394,19.61464,19.66608,4433.0
2026-03-30 03:00:00,19.66834,19.7301,19.66796,19.70576,2989.0
2026-03-30 04:00:00,19.7039,19.75246,19.70142,19.74152,3610.0
2026-03-30 05:00:00,19.74198,19.75745,19.72095,19.74002,2519.0
2026-03-30 06:00:00,19.73968,19.74858,19.71482,19.71622,2630.0
2026-03-30 07:00:00,19.71566,19.73538,19.6881,19.72016,3408.0
2026-03-30 08:00:00,19.72012,19.74293,19.67816,19.6897,3697.0
2026-03-30 09:00:00,19.69118,19.73645,19.68644,19.72836,4593.0
2026-03-30 10:00:00,19.72783,19.72783,19.68528,19.68585,6122.0
2026-03-30 11:00:00,19.68449,19.70924,19.6316,19.64136,7517.0
2026-03-30 12:00:00,19.6409,19.66233,19.63204,19.65116,7199.0
2026-03-30 13:00:00,19.65084,19.7038,19.64573,19.68807,6274.0
2026-03-30 14:00:00,19.68824,19.69783,19.67416,19.68268,4322.0
2026-03-30 15:00:00,19.68352,19.70106,19.67158,19.6838,2962.0
2026-03-30 16:00:00,19.68384,19.70734,19.67296,19.69153,3630.0
2026-03-30 17:00:00,19.70663,19.72072,19.68777,19.71267,116.0
2026-03-30 18:00:00,19.7108,19.71318,19.68312,19.68988,3507.0
2026-03-30 19:00:00,19.68928,19.71416,19.68762,19.70872,1639.0
2026-03-30 20:00:00,19.70801,19.73063,19.65292,19.67372,4528.0
2026-03-30 21:00:00,19.6725,19.68757,19.6303,19.6447,4657.0
2026-03-30 22:00:00,19.64452,19.66848,19.64134,19.65864,4711.0
2026-03-30 23:00:00,19.65954,19.69013,19.64574,19.69013,3650.0
2026-03-31 00:00:00,19.69006,19.71345,19.68576,19.70264,3106.0
2026-03-31 01:00:00,19.70457,19.70457,19.62662,19.64142,4769.0
2026-03-31 02:00:00,19.64355,19.67474,19.6172,19.6291,4512.0
2026-03-31 03:00:00,19.62946,19.65454,19.55121,19.56485,5115.0
2026-03-31 04:00:00,19.56465,19.63134,19.55644,19.6313,4876.0
2026-03-31 05:00:00,19.63208,19.66524,19.60258,19.65468,4465.0
2026-03-31 06:00:00,19.65484,19.67762,19.6139,19.65292,4797.0
2026-03-31 07:00:00,19.65215,19.66894,19.60832,19.63819,7261.0
2026-03-31 08:00:00,19.63804,19.66789,19.5702,19.57557,6073.0
2026-03-31 09:00:00,19.57497,19.62046,19.56677,19.59914,7249.0
2026-03-31 10:00:00,19.5987,19.73009,19.59106,19.72072,10681.0
2026-03-31 11:00:00,19.72146,19.73448,19.64278,19.67676,11763.0
2026-03-31 12:00:00,19.67749,19.68575,19.59535,19.62456,12084.0
2026-03-31 13:00:00,19.6238,19.64442,19.56372,19.60054,11823.0
2026-03-31 14:00:00,19.6015,19.60335,19.56208,19.57924,8143.0
2026-03-31 15:00:00,19.58112,19.58998,19.5432,19.5561,5651.0
2026-03-31 16:00:00,19.55656,19.58286,19.55236,19.57385,3921.0
2026-03-31 17:00:00,19.5967,19.5998,19.5457,19.56455,1534.0
2026-03-31 18:00:00,19.56416,19.5764,19.53502,19.55054,2927.0
2026-03-31 19:00:00,19.55024,19.5508,19.5178,19.52759,1252.0
2026-03-31 20:00:00,19.52899,19.54364,19.51555,19.52756,7524.0
2026-03-31 21:00:00,19.52869,19.54412,19.51856,19.54282,10943.0
2026-03-31 22:00:00,19.5448,19.55655,19.51658,19.52246,6035.0
2026-03-31 23:00:00,19.52244,19.53312,19.51381,19.52888,5726.0
2026-04-01 00:00:00,19.52888,19.54108,19.5278,19.53814,5152.0
2026-04-01 01:00:00,19.53793,19.56318,19.53234,19.5585,3123.0
2026-04-01 02:00:00,19.5588,19.56582,19.45691,19.46098,7282.0
2026-04-01 03:00:00,19.46098,19.56957,19.45702,19.5462,9031.0
2026-04-01 04:00:00,19.54502,19.56704,19.51322,19.53048,7207.0
2026-04-01 05:00:00,19.5297,19.53964,19.47576,19.49604,7146.0
2026-04-01 06:00:00,19.49626,19.5164,19.4428,19.47529,5486.0
2026-04-01 07:00:00,19.47504,19.4972,19.46354,19.4909,6498.0
2026-04-01 08:00:00,19.4915,19.53478,19.36148,19.51814,9179.0
2026-04-01 09:00:00,19.51704,19.54247,19.48166,19.5124,10666.0
2026-04-01 10:00:00,19.51351,19.52818,19.47392,19.49854,10114.0
2026-04-01 11:00:00,19.49798,19.52432,19.47912,19.4938,6383.0
2026-04-01 12:00:00,19.4937,19.52868,19.48234,19.50924,9261.0
2026-04-01 13:00:00,19.50862,19.5311,19.49059,19.51872,8362.0
2026-04-01 14:00:00,19.51832,19.55544,19.51572,19.53309,7432.0
2026-04-01 15:00:00,19.53377,19.53968,19.50753,19.5143,7188.0
2026-04-01 16:00:00,19.51414,19.51526,19.48447,19.48819,1167.0
2026-04-01 17:00:00,19.48312,19.53314,19.48312,19.52283,310.0
2026-04-01 18:00:00,19.53,19.53553,19.49752,19.51192,12079.0
2026-04-01 19:00:00,19.51703,19.51744,19.49802,19.50715,1320.0
2026-04-01 20:00:00,19.50802,19.51529,19.4713,19.47338,7721.0
2026-04-01 21:00:00,19.47594,19.64175,19.46304,19.59414,22357.0
2026-04-01 22:00:00,19.59422,19.61201,19.57196,19.59212,11172.0
2026-04-01 23:00:00,19.59347,19.61026,19.57617,19.59425,8272.0
2026-04-02 00:00:00,19.59506,19.60732,19.57078,19.6033,6583.0
2026-04-02 01:00:00,19.6022,19.66688,19.58605,19.61712,3041.0
2026-04-02 02:00:00,19.61712,19.62112,19.58182,19.58918,5311.0
2026-04-02 03:00:00,19.58953,19.60183,19.54056,19.54517,6254.0
2026-04-02 04:00:00,19.54418,19.56931,19.52223,19.55819,5345.0
2026-04-02 05:00:00,19.55816,19.58661,19.54898,19.5577,3766.0
2026-04-02 06:00:00,19.55767,19.58202,19.54862,19.55609,4097.0
2026-04-02 07:00:00,19.55686,19.61504,19.54676,19.5942,3940.0
2026-04-02 08:00:00,19.59366,19.61482,19.56113,19.57359,4567.0
2026-04-02 09:00:00,19.57264,19.60522,19.53422,19.5404,6432.0
2026-04-02 10:00:00,19.5397,19.54527,19.45684,19.50384,11754.0
2026-04-02 11:00:00,19.5042,19.54611,19.49142,19.51864,8374.0
2026-04-02 12:00:00,19.51862,19.54985,19.50162,19.52546,5133.0
2026-04-02 13:00:00,19.5269,19.5541,19.52119,19.5409,1181.0
2026-04-02 14:00:00,19.54162,19.55274,19.52284,19.53892,960.0
2026-04-02 15:00:00,19.5398,19.54628,19.51072,19.53237,1919.0
2026-04-02 16:00:00,19.5325,19.56234,19.5325,19.55988,2569.0
2026-04-02 17:00:00,19.53319,19.5384,19.51204,19.51409,566.0
2026-04-02 18:00:00,19.51222,19.57312,19.51044,19.54986,1568.0
2026-04-02 19:00:00,19.54693,19.56887,19.53507,19.5648,8247.0
2026-04-02 20:00:00,19.56512,19.56832,19.52595,19.53588,2857.0
2026-04-02 21:00:00,19.53558,19.5449,19.53038,19.53494,2073.0
2026-04-02 22:00:00,19.53554,19.54047,19.53024,19.53808,2985.0
2026-04-02 23:00:00,19.53734,19.54954,19.53733,19.54898,794.0
2026-04-03 00:00:00,19.54905,19.55107,19.54616,19.54934,1162.0
2026-04-03 01:00:00,19.54804,19.55524,19.5391,19.5526,454.0
2026-04-03 02:00:00,19.553,19.56308,19.54382,19.55186,413.0
2026-04-03 03:00:00,19.55108,19.55803,19.53901,19.55418,417.0
2026-04-03 04:00:00,19.55594,19.58206,19.55594,19.57816,1736.0
2026-04-03 05:00:00,19.57776,19.5872,19.57304,19.57934,620.0
2026-04-03 06:00:00,19.58057,19.59886,19.5799,19.59024,644.0
2026-04-03 07:00:00,19.59058,19.59317,19.58182,19.58773,722.0
2026-04-03 08:00:00,19.58804,19.60901,19.54557,19.6034,2803.0
2026-04-03 09:00:00,19.60338,19.6034,19.58352,19.58449,1154.0
2026-04-03 10:00:00,19.58454,19.60669,19.58308,19.59064,2633.0
2026-04-03 11:00:00,19.59162,19.60796,19.59022,19.59578,282.0
2026-04-03 12:00:00,19.5949,19.59703,19.58054,19.59104,704.0
2026-04-03 13:00:00,19.59154,19.59394,19.58804,19.59134,620.0
2026-04-03 14:00:00,19.59197,19.59417,19.57454,19.57722,537.0
2026-04-03 15:00:00,19.57772,19.57836,19.56126,19.56782,264.0
2026-04-03 16:00:00,19.56531,19.60474,19.541,19.55904,1421.0
2026-04-05 17:00:00,19.54647,19.54661,19.50126,19.53402,70.0
2026-04-05 18:00:00,19.51461,19.60973,19.48395,19.55315,11308.0
2026-04-05 19:00:00,19.5358,19.5557,19.5358,19.54908,3254.0
2026-04-05 20:00:00,19.54904,19.56313,19.52752,19.54082,2475.0
2026-04-05 21:00:00,19.54083,19.54625,19.53452,19.54274,1293.0
2026-04-05 22:00:00,19.54061,19.54484,19.51758,19.5375,4487.0
2026-04-05 23:00:00,19.53968,19.5539,19.53342,19.53675,2997.0
2026-04-06 00:00:00,19.53672,19.53688,19.5117,19.5117,2057.0
2026-04-06 01:00:00,19.51342,19.51691,19.504,19.51148,543.0
2026-04-06 02:00:00,19.512,19.53066,19.49261,19.50344,1812.0
2026-04-06 03:00:00,19.50237,19.54546,19.49774,19.51561,1630.0
2026-04-06 04:00:00,19.51583,19.51583,19.44568,19.45424,2034.0
2026-04-06 05:00:00,19.45304,19.46351,19.42438,19.44884,1216.0
2026-04-06 06:00:00,19.44856,19.48459,19.44234,19.45686,1078.0
2026-04-06 07:00:00,19.45811,19.4754,19.44942,19.46234,683.0
2026-04-06 08:00:00,19.4616,19.46902,19.44308,19.44606,705.0
2026-04-06 09:00:00,19.4451,19.45301,19.40865,19.41917,2042.0
2026-04-06 10:00:00,19.42078,19.44436,19.40406,19.42025,3128.0
2026-04-06 11:00:00,19.41958,19.4762,19.41812,19.46314,2355.0
2026-04-06 12:00:00,19.46272,19.47438,19.44629,19.47298,881.0
2026-04-06 13:00:00,19.47202,19.49209,19.46238,19.48414,2206.0
2026-04-06 14:00:00,19.4844,19.48496,19.4441,19.45427,1952.0
2026-04-06 15:00:00,19.4535,19.46208,19.45162,19.45924,358.0
2026-04-06 16:00:00,19.45928,19.46522,19.45878,19.4652,1360.0
2026-04-06 17:00:00,19.44455,19.46578,19.42854,19.44225,9447.0
2026-04-06 18:00:00,19.44284,19.4753,19.42637,19.46308,9915.0
2026-04-06 19:00:00,19.46309,19.47704,19.46168,19.47317,1298.0
2026-04-06 20:00:00,19.47312,19.48436,19.44746,19.48117,2460.0
2026-04-06 21:00:00,19.4809,19.52262,19.46873,19.51623,6898.0
2026-04-06 22:00:00,19.5183,19.52034,19.49698,19.50496,4297.0
2026-04-06 23:00:00,19.50491,19.51224,19.49653,19.50896,2150.0
2026-04-07 00:00:00,19.51011,19.51011,19.48014,19.48255,3075.0
2026-04-07 01:00:00,19.48306,19.49794,19.47312,19.48614,1492.0
2026-04-07 02:00:00,19.48627,19.51686,19.47338,19.49839,3016.0
2026-04-07 03:00:00,19.49789,19.55105,19.4893,19.51713,4517.0
2026-04-07 04:00:00,19.51686,19.53008,19.41804,19.43051,7586.0
2026-04-07 05:00:00,19.43124,19.47216,19.42756,19.45746,3890.0
2026-04-07 06:00:00,19.45638,19.53469,19.44617,19.51766,7778.0
2026-04-07 07:00:00,19.51823,19.5277,19.48546,19.51637,4547.0
2026-04-07 08:00:00,19.51695,19.55138,19.49484,19.53384,7089.0
2026-04-07 09:00:00,19.53408,19.57498,19.49903,19.56699,8392.0
2026-04-07 10:00:00,19.56806,19.59724,19.5327,19.59657,8191.0
2026-04-07 11:00:00,19.59642,19.61917,19.55446,19.56271,6394.0
2026-04-07 12:00:00,19.56232,19.57834,19.52888,19.5527,11236.0
2026-04-07 13:00:00,19.55295,19.55928,19.52052,19.53926,9046.0
2026-04-07 14:00:00,19.53829,19.57069,19.53132,19.55838,9047.0
2026-04-07 15:00:00,19.55902,19.57542,19.48864,19.4888,13242.0
2026-04-07 16:00:00,19.489,19.51284,19.46268,19.49199,4163.0
2026-04-07 17:00:00,19.5029,19.53086,19.48446,19.49903,148.0
2026-04-07 18:00:00,19.49117,19.51175,19.38606,19.4205,17635.0
2026-04-07 19:00:00,19.4205,19.43032,19.22632,19.23106,12951.0
2026-04-07 20:00:00,19.23078,19.27617,19.17507,19.26296,13256.0
2026-04-07 21:00:00,19.26294,19.2877,19.24743,19.24853,8468.0
2026-04-07 22:00:00,19.24872,19.26996,19.24111,19.26459,7688.0
2026-04-07 23:00:00,19.26371,19.26598,19.24886,19.25018,4769.0
2026-04-08 00:00:00,19.25012,19.25278,19.1839,19.18822,5055.0
2026-04-08 01:00:00,19.18804,19.2091,19.14342,19.1959,5525.0
2026-04-08 02:00:00,19.19585,19.24882,19.14292,19.15108,8533.0
2026-04-08 03:00:00,19.14986,19.2261,19.14878,19.20636,6241.0
2026-04-08 04:00:00,19.20884,19.24382,19.17546,19.1942,6318.0
2026-04-08 05:00:00,19.19474,19.25508,19.1789,19.215,5824.0
2026-04-08 06:00:00,19.21506,19.23054,19.16354,19.18572,6448.0
2026-04-08 07:00:00,19.18576,19.19888,19.1082,19.11368,6331.0
2026-04-08 08:00:00,19.11396,19.15136,19.0788,19.10405,8243.0
2026-04-08 09:00:00,19.10533,19.12512,19.05614,19.11155,6182.0
2026-04-08 10:00:00,19.11306,19.20058,19.09402,19.17336,7231.0
2026-04-08 11:00:00,19.1741,19.1806,19.09316,19.10114,7362.0
2026-04-08 12:00:00,19.10117,19.13769,19.09102,19.11853,6256.0
2026-04-08 13:00:00,19.1186,19.12642,19.08736,19.10491,8123.0
2026-04-08 14:00:00,19.10448,19.16134,19.09936,19.16053,8281.0
2026-04-08 15:00:00,19.15982,19.16612,19.12188,19.12308,4142.0
2026-04-08 16:00:00,19.12372,19.13241,19.11392,19.11714,1511.0
2026-04-08 17:00:00,19.13204,19.16908,19.12084,19.13956,983.0
2026-04-08 18:00:00,19.14022,19.15805,19.12527,19.13508,5431.0
2026-04-08 19:00:00,19.12942,19.15108,19.12916,19.15094,1285.0
2026-04-08 20:00:00,19.15098,19.16984,19.15,19.15812,3503.0
2026-04-08 21:00:00,19.15656,19.19364,19.14952,19.17418,2375.0
2026-04-08 22:00:00,19.17165,19.18362,19.16662,19.18231,2729.0
2026-04-08 23:00:00,19.18346,19.18592,19.17096,19.17783,3570.0
2026-04-09 00:00:00,19.17738,19.17964,19.14976,19.16808,3411.0
2026-04-09 01:00:00,19.16822,19.17084,19.12778,19.1589,2227.0
2026-04-09 02:00:00,19.15948,19.18291,19.14266,19.15656,3435.0
2026-04-09 03:00:00,19.15376,19.24741,19.15106,19.19792,4960.0
2026-04-09 04:00:00,19.19814,19.24378,19.18578,19.21982,4725.0
2026-04-09 05:00:00,19.22047,19.23657,19.2003,19.218,3076.0
2026-04-09 06:00:00,19.21795,19.24078,19.19854,19.23934,2626.0
2026-04-09 07:00:00,19.23911,19.24252,19.19186,19.19256,2580.0
2026-04-09 08:00:00,19.19102,19.22986,19.1901,19.22712,3660.0
2026-04-09 09:00:00,19.22742,19.23632,19.17114,19.2022,6957.0
2026-04-09 10:00:00,19.20159,19.23604,19.18906,19.23298,8148.0
2026-04-09 11:00:00,19.23278,19.25158,19.10536,19.12921,7992.0
2026-04-09 12:00:00,19.12832,19.1354,19.08674,19.13334,3379.0
2026-04-09 13:00:00,19.13264,19.14308,19.11424,19.13722,2021.0
2026-04-09 14:00:00,19.1364,19.17625,19.13322,19.17245,2097.0
2026-04-09 15:00:00,19.1722,19.17352,19.14774,19.15122,2054.0
2026-04-09 16:00:00,19.15186,19.17331,19.1472,19.16769,842.0
2026-04-09 17:00:00,19.11392,19.15852,19.11185,19.15633,2943.0
2026-04-09 18:00:00,19.15618,19.16707,19.13849,19.14764,3471.0
2026-04-09 19:00:00,19.14932,19.1678,19.14514,19.16328,1336.0
2026-04-09 20:00:00,19.16224,19.20175,19.16162,19.17871,1817.0
2026-04-09 21:00:00,19.17882,19.18304,19.16694,19.1782,3764.0
2026-04-09 22:00:00,19.17718,19.20988,19.17568,19.18844,1814.0
2026-04-09 23:00:00,19.18838,19.19457,19.18214,19.18969,3287.0
2026-04-10 00:00:00,19.18806,19.2002,19.18397,19.19991,1043.0
2026-04-10 01:00:00,19.20059,19.20731,19.18746,19.18777,1110.0
2026-04-10 02:00:00,19.18952,19.21694,19.18424,19.20174,2624.0
2026-04-10 03:00:00,19.20162,19.24348,19.18592,19.23934,4198.0
2026-04-10 04:00:00,19.23904,19.25101,19.21714,19.2483,3132.0
2026-04-10 05:00:00,19.24818,19.24937,19.20818,19.24152,3584.0
2026-04-10 06:00:00,19.24066,19.24226,19.21108,19.22215,1954.0
2026-04-10 07:00:00,19.22268,19.24808,19.21844,19.24237,1782.0
2026-04-10 08:00:00,19.24282,19.24554,19.19342,19.22298,3227.0
2026-04-10 09:00:00,19.22331,19.23134,19.18724,19.19393,3275.0
2026-04-10 10:00:00,19.19201,19.22336,19.16478,19.21569,5116.0
2026-04-10 11:00:00,19.21584,19.25932,19.20632,19.25864,4830.0
2026-04-10 12:00:00,19.25852,19.29518,19.2458,19.2856,7761.0
2026-04-10 13:00:00,19.28407,19.29492,19.27424,19.2766,4243.0
2026-04-10 14:00:00,19.27632,19.28776,19.24714,19.2505,4070.0
2026-04-10 15:00:00,19.25086,19.27662,19.24478,19.27471,2307.0
2026-04-10 16:00:00,19.27436,19.27972,19.20107,19.26929,3035.0
2026-04-12 17:00:00,19.33177,19.35734,19.32413,19.34282,1673.0
2026-04-12 18:00:00,19.34166,19.38388,19.33945,19.37682,1886.0
2026-04-12 19:00:00,19.3753,19.40875,19.36348,19.38646,3873.0
2026-04-12 20:00:00,19.38522,19.39286,19.34504,19.35244,8677.0
2026-04-12 21:00:00,19.34932,19.35828,19.33388,19.34896,7554.0
2026-04-12 22:00:00,19.3491,19.35694,19.34086,19.34726,2474.0
2026-04-12 23:00:00,19.34604,19.34756,19.3336,19.34068,1292.0
2026-04-13 00:00:00,19.34053,19.34516,19.32326,19.33778,3023.0
2026-04-13 01:00:00,19.33857,19.35235,19.33614,19.3479,1831.0
2026-04-13 02:00:00,19.34789,19.38687,19.31993,19.36479,3084.0
2026-04-13 03:00:00,19.36452,19.36887,19.31403,19.31564,4947.0
2026-04-13 04:00:00,19.31558,19.3432,19.30965,19.31977,5954.0
2026-04-13 05:00:00,19.31982,19.34146,19.30928,19.32063,4505.0
2026-04-13 06:00:00,19.32068,19.32908,19.30684,19.32142,3358.0
2026-04-13 07:00:00,19.3209,19.38772,19.3113,19.38666,4894.0
2026-04-13 08:00:00,19.38556,19.4109,19.35282,19.37469,4431.0
2026-04-13 09:00:00,19.37523,19.37578,19.27359,19.2871,6348.0
2026-04-13 10:00:00,19.28835,19.34588,19.28107,19.33264,6667.0
2026-04-13 11:00:00,19.33274,19.35472,19.32297,19.33794,3480.0
2026-04-13 12:00:00,19.33873,19.35775,19.2488,19.26992,8217.0
2026-04-13 13:00:00,19.26991,19.27831,19.24137,19.27212,3622.0
2026-04-13 14:00:00,19.27056,19.28752,19.25285,19.27996,2596.0
2026-04-13 15:00:00,19.2814,19.2958,19.26872,19.29412,1794.0
2026-04-13 16:00:00,19.2953,19.33115,19.29332,19.30847,806.0
2026-04-13 17:00:00,19.30576,19.32993,19.26236,19.28472,1414.0
2026-04-13 18:00:00,19.27601,19.34146,19.27258,19.29195,6236.0
2026-04-13 19:00:00,19.2948,19.30012,19.26993,19.29084,2299.0
2026-04-13 20:00:00,19.29195,19.30295,19.28404,19.29612,3989.0
2026-04-13 21:00:00,19.29673,19.3102,19.2919,19.3097,3401.0
2026-04-13 22:00:00,19.30974,19.31309,19.29328,19.30644,2062.0
2026-04-13 23:00:00,19.307,19.31044,19.29878,19.30741,1211.0
2026-04-14 00:00:00,19.30676,19.31738,19.30064,19.3142,1136.0
2026-04-14 01:00:00,19.31434,19.31733,19.29869,19.3141,1226.0
2026-04-14 02:00:00,19.31403,19.31882,19.26198,19.2754,3398.0
2026-04-14 03:00:00,19.27446,19.27944,19.24472,19.27167,3973.0
2026-04-14 04:00:00,19.27221,19.29297,19.25841,19.28648,2366.0
2026-04-14 05:00:00,19.28602,19.30564,19.27411,19.28814,1830.0
2026-04-14 06:00:00,19.28774,19.33333,19.28742,19.31224,2403.0
2026-04-14 07:00:00,19.31272,19.31838,19.26038,19.2831,2546.0
2026-04-14 08:00:00,19.2842,19.31245,19.27227,19.2952,2783.0
2026-04-14 09:00:00,19.29568,19.31351,19.27421,19.28613,3573.0
2026-04-14 10:00:00,19.2863,19.29388,19.2549,19.27788,3642.0
2026-04-14 11:00:00,19.27824,19.29713,19.26696,19.28884,3512.0
2026-04-14 12:00:00,19.28918,19.30241,19.2737,19.28622,3174.0
2026-04-14 13:00:00,19.28534,19.28866,19.26806,19.27659,1196.0
2026-04-14 14:00:00,19.27556,19.2839,19.25934,19.28333,1343.0
2026-04-14 15:00:00,19.28256,19.29036,19.27741,19.28202,644.0
2026-04-14 16:00:00,19.28126,19.28775,19.2693,19.28397,764.0
2026-04-14 17:00:00,19.27975,19.29106,19.26696,19.28347,1814.0
2026-04-14 18:00:00,19.2833,19.29506,19.26708,19.2788,5506.0
2026-04-14 19:00:00,19.27872,19.28502,19.26772,19.27038,1389.0
2026-04-14 20:00:00,19.27045,19.2813,19.2667,19.27042,3867.0
2026-04-14 21:00:00,19.27023,19.27232,19.25172,19.25983,1300.0
2026-04-14 22:00:00,19.261,19.27929,19.25632,19.27155,1168.0
2026-04-14 23:00:00,19.27152,19.27907,19.26626,19.26912,626.0
2026-04-15 00:00:00,19.26938,19.29668,19.26614,19.29114,1098.0
2026-04-15 01:00:00,19.29164,19.2942,19.27906,19.28262,1685.0
2026-04-15 02:00:00,19.28188,19.2829,19.25714,19.26604,1329.0
2026-04-15 03:00:00,19.26675,19.28124,19.2558,19.26168,2079.0
2026-04-15 04:00:00,19.26084,19.2638,19.2428,19.24307,2500.0
2026-04-15 05:00:00,19.24421,19.2898,19.23632,19.27762,4880.0
2026-04-15 06:00:00,19.27778,19.33691,19.2723,19.31362,4259.0
2026-04-15 07:00:00,19.31424,19.32258,19.29152,19.31348,3170.0
2026-04-15 08:00:00,19.31444,19.3707,19.31323,19.32667,3928.0
2026-04-15 09:00:00,19.32661,19.3372,19.29866,19.31088,4611.0
2026-04-15 10:00:00,19.31017,19.33501,19.29825,19.33412,4009.0
2026-04-15 11:00:00,19.3345,19.34182,19.30958,19.3337,3181.0
2026-04-15 12:00:00,19.3341,19.33708,19.28962,19.31666,5017.0
2026-04-15 13:00:00,19.31786,19.33398,19.30556,19.31543,1478.0
2026-04-15 14:00:00,19.31646,19.31826,19.28957,19.29174,2050.0
2026-04-15 15:00:00,19.29202,19.30795,19.29002,19.30737,943.0
2026-04-15 16:00:00,19.3079,19.32998,19.30288,19.32398,2931.0
2026-04-15 17:00:00,19.32308,19.33781,19.30996,19.3255,2323.0
2026-04-15 18:00:00,19.32526,19.33476,19.30507,19.32684,2794.0
2026-04-15 19:00:00,19.32964,19.33078,19.31688,19.31754,838.0
2026-04-15 20:00:00,19.31758,19.32522,19.30356,19.30466,3054.0
2026-04-15 21:00:00,19.30464,19.31677,19.29656,19.30022,3489.0
2026-04-15 22:00:00,19.30022,19.30438,19.28776,19.30437,1130.0
2026-04-15 23:00:00,19.3037,19.30552,19.28258,19.28628,2080.0
2026-04-16 00:00:00,19.28633,19.29174,19.28244,19.28622,1975.0
2026-04-16 01:00:00,19.28677,19.28964,19.26797,19.27493,728.0
2026-04-16 02:00:00,19.27492,19.2987,19.26728,19.27142,1218.0
2026-04-16 03:00:00,19.27066,19.28946,19.26532,19.27872,1325.0
2026-04-16 04:00:00,19.27795,19.31996,19.27557,19.31356,2496.0
2026-04-16 05:00:00,19.314,19.32964,19.30497,19.31996,1298.0
2026-04-16 06:00:00,19.32032,19.32945,19.30338,19.31542,2244.0
2026-04-16 07:00:00,19.31478,19.31858,19.29245,19.30396,2534.0
2026-04-16 08:00:00,19.30466,19.33191,19.29798,19.3259,2746.0
2026-04-16 09:00:00,19.3253,19.34721,19.30414,19.33012,4190.0
2026-04-16 10:00:00,19.33074,19.36054,19.3112,19.35356,5650.0
2026-04-16 11:00:00,19.35344,19.3562,19.31268,19.3347,3405.0
2026-04-16 12:00:00,19.33476,19.34568,19.31034,19.33862,4748.0
2026-04-16 13:00:00,19.33756,19.35644,19.33601,19.34826,3548.0
2026-04-16 14:00:00,19.34792,19.349,19.32904,19.33641,3489.0
2026-04-16 15:00:00,19.33577,19.33577,19.3241,19.32559,751.0
2026-04-16 16:00:00,19.32604,19.33515,19.32604,19.33366,404.0
2026-04-16 17:00:00,19.37195,19.38477,19.3323,19.3545,230.0
2026-04-16 18:00:00,19.342,19.37782,19.3332,19.33398,1880.0
2026-04-16 19:00:00,19.33434,19.33812,19.32123,19.33528,1132.0
2026-04-16 20:00:00,19.33518,19.3507,19.32438,19.33416,3660.0
2026-04-16 21:00:00,19.33299,19.34806,19.33204,19.3359,1558.0
2026-04-16 22:00:00,19.33594,19.34855,19.32748,19.33949,895.0
2026-04-16 23:00:00,19.33928,19.3494,19.3357,19.3484,754.0
2026-04-17 00:00:00,19.34734,19.34749,19.32844,19.33066,583.0
2026-04-17 01:00:00,19.33101,19.35418,19.33101,19.34214,462.0
2026-04-17 02:00:00,19.34096,19.36156,19.32618,19.34975,1813.0
2026-04-17 03:00:00,19.34863,19.35246,19.29648,19.3073,2069.0
2026-04-17 04:00:00,19.30603,19.31995,19.28871,19.30678,2429.0
2026-04-17 05:00:00,19.30748,19.32692,19.3023,19.30774,2446.0
2026-04-17 06:00:00,19.30766,19.32666,19.30016,19.32666,1225.0
2026-04-17 07:00:00,19.32733,19.33956,19.31474,19.32991,1155.0
2026-04-17 08:00:00,19.32926,19.33282,19.2161,19.23324,5059.0
2026-04-17 09:00:00,19.233,19.24248,19.1747,19.18395,6834.0
2026-04-17 10:00:00,19.18334,19.19057,19.08988,19.09279,3905.0
2026-04-17 11:00:00,19.09175,19.16365,19.09175,19.15096,4756.0
2026-04-17 12:00:00,19.15074,19.16352,19.09819,19.13104,3278.0
2026-04-17 13:00:00,19.13183,19.1719,19.12145,19.16062,2833.0
2026-04-17 14:00:00,19.16062,19.19204,19.15064,19.17596,2755.0
2026-04-17 15:00:00,19.17596,19.17666,19.15941,19.17212,1511.0
2026-04-17 16:00:00,19.1725,19.19742,19.165,19.19154,4155.0
2026-04-19 17:00:00,19.26174,19.32454,19.25043,19.29591,2100.0
2026-04-19 18:00:00,19.30128,19.30366,19.24246,19.26416,8200.0
2026-04-19 19:00:00,19.26424,19.30953,19.26412,19.28764,4204.0
2026-04-19 20:00:00,19.28772,19.29816,19.27056,19.27236,5094.0
2026-04-19 21:00:00,19.27226,19.2756,19.24029,19.25444,3598.0
2026-04-19 22:00:00,19.25448,19.26458,19.25398,19.25614,4319.0
2026-04-19 23:00:00,19.25628,19.26814,19.25456,19.25943,2086.0
2026-04-20 00:00:00,19.2607,19.26372,19.25204,19.25508,1614.0
2026-04-20 01:00:00,19.25575,19.29518,19.25342,19.27481,1650.0
2026-04-20 02:00:00,19.27417,19.30224,19.22801,19.23276,5064.0
2026-04-20 03:00:00,19.23259,19.31054,19.21934,19.29664,4513.0
2026-04-20 04:00:00,19.2963,19.30384,19.26713,19.28932,1620.0
2026-04-20 05:00:00,19.28862,19.29646,19.26394,19.26721,5379.0
2026-04-20 06:00:00,19.26775,19.27986,19.25668,19.26949,5385.0
2026-04-20 07:00:00,19.26858,19.28126,19.22001,19.22533,3648.0
2026-04-20 08:00:00,19.22601,19.24579,19.21128,19.23198,7267.0
2026-04-20 09:00:00,19.23194,19.24635,19.19718,19.21166,8123.0
2026-04-20 10:00:00,19.21167,19.29552,19.20967,19.28615,8728.0
2026-04-20 11:00:00,19.28608,19.30386,19.26518,19.29503,6786.0
2026-04-20 12:00:00,19.2949,19.30088,19.27569,19.29942,5792.0
2026-04-20 13:00:00,19.29926,19.30396,19.28516,19.29474,4183.0
2026-04-20 14:00:00,19.2949,19.30294,19.28085,19.28584,3622.0
2026-04-20 15:00:00,19.28448,19.29996,19.27973,19.28538,2654.0
2026-04-20 16:00:00,19.2856,19.30114,19.27846,19.28502,1531.0
2026-04-20 17:00:00,19.27728,19.29606,19.27331,19.27487,2118.0
2026-04-20 18:00:00,19.27519,19.28832,19.25902,19.27494,3615.0
2026-04-20 19:00:00,19.27495,19.28346,19.26788,19.27978,826.0
2026-04-20 20:00:00,19.28085,19.28808,19.26776,19.27094,1210.0
2026-04-20 21:00:00,19.27108,19.29384,19.27042,19.28971,1307.0
2026-04-20 22:00:00,19.28801,19.29576,19.28437,19.28998,647.0
2026-04-20 23:00:00,19.28976,19.30298,19.28484,19.29394,1012.0
2026-04-21 00:00:00,19.29216,19.29478,19.27486,19.28057,783.0
2026-04-21 01:00:00,19.28031,19.28398,19.26247,19.28078,716.0
2026-04-21 02:00:00,19.28122,19.28926,19.26647,19.28246,2420.0
2026-04-21 03:00:00,19.28197,19.29426,19.25778,19.26921,3195.0
2026-04-21 04:00:00,19.2698,19.27994,19.24434,19.24852,4377.0
2026-04-21 05:00:00,19.24788,19.26247,19.23212,19.24542,3914.0
2026-04-21 06:00:00,19.24518,19.25212,19.24118,19.24964,3654.0
2026-04-21 07:00:00,19.25036,19.26846,19.24442,19.25955,3062.0
2026-04-21 08:00:00,19.25962,19.27818,19.25568,19.2638,3817.0
2026-04-21 09:00:00,19.26307,19.28248,19.25754,19.27092,5860.0
2026-04-21 10:00:00,19.27072,19.32942,19.26755,19.31384,5239.0
2026-04-21 11:00:00,19.31406,19.34569,19.29806,19.33438,5128.0
2026-04-21 12:00:00,19.33434,19.36755,19.31693,19.36072,5044.0
2026-04-21 13:00:00,19.36067,19.42449,19.34358,19.36064,5923.0
2026-04-21 14:00:00,19.36095,19.40729,19.3546,19.36258,5428.0
2026-04-21 15:00:00,19.36248,19.4543,19.3234,19.44704,6947.0
2026-04-21 16:00:00,19.44664,19.44766,19.33402,19.38556,6617.0
2026-04-21 17:00:00,19.3741,19.40722,19.33637,19.34346,314.0
2026-04-21 18:00:00,19.41343,19.41343,19.29676,19.37606,5271.0
2026-04-21 19:00:00,19.38162,19.3873,19.33628,19.35254,7011.0
2026-04-21 20:00:00,19.35334,19.35358,19.32296,19.34002,2940.0
2026-04-21 21:00:00,19.33952,19.37944,19.33155,19.3735,3866.0
2026-04-21 22:00:00,19.3748,19.37812,19.35644,19.36662,2398.0
2026-04-21 23:00:00,19.36647,19.37032,19.35642,19.36459,3259.0
2026-04-22 00:00:00,19.36465,19.36627,19.35411,19.3623,1984.0
2026-04-22 01:00:00,19.36134,19.36421,19.30226,19.30584,2943.0
2026-04-22 02:00:00,19.30564,19.33217,19.30061,19.32894,3123.0
2026-04-22 03:00:00,19.32974,19.34088,19.30752,19.31242,3944.0
2026-04-22 04:00:00,19.31234,19.37387,19.29529,19.35753,5440.0
2026-04-22 05:00:00,19.35754,19.3641,19.31265,19.35298,3597.0
2026-04-22 06:00:00,19.35296,19.38104,19.30962,19.3107,4501.0
2026-04-22 07:00:00,19.31069,19.3354,19.30442,19.33346,3480.0
2026-04-22 08:00:00,19.33274,19.36888,19.31286,19.36784,4373.0
2026-04-22 09:00:00,19.3676,19.37399,19.29062,19.30728,5480.0
2026-04-22 10:00:00,19.30702,19.30878,19.27334,19.27872,3957.0
2026-04-22 11:00:00,19.27856,19.31065,19.27356,19.30146,3982.0
2026-04-22 12:00:00,19.30106,19.32233,19.29074,19.31576,5727.0
2026-04-22 13:00:00,19.31586,19.31706,19.2772,19.2789,6144.0
2026-04-22 14:00:00,19.27852,19.30238,19.27788,19.29682,5155.0
2026-04-22 15:00:00,19.29661,19.30392,19.28532,19.29569,4098.0
2026-04-22 16:00:00,19.2964,19.29723,19.26567,19.27644,1212.0
2026-04-22 17:00:00,19.27472,19.28376,19.27166,19.28048,958.0
2026-04-22 18:00:00,19.27982,19.30862,19.27502,19.29813,4066.0
2026-04-22 19:00:00,19.29838,19.30863,19.28418,19.28418,522.0
2026-04-22 20:00:00,19.2855,19.36232,19.25688,19.27419,8322.0
2026-04-22 21:00:00,19.27272,19.30514,19.26672,19.30034,4176.0
2026-04-22 22:00:00,19.29958,19.34232,19.29808,19.34142,3228.0
2026-04-22 23:00:00,19.34138,19.35396,19.33094,19.3373,7334.0
2026-04-23 00:00:00,19.33725,19.35046,19.32858,19.33473,5823.0
2026-04-23 01:00:00,19.33354,19.3576,19.32633,19.32716,1388.0
2026-04-23 02:00:00,19.327,19.35911,19.3164,19.3543,1633.0
2026-04-23 03:00:00,19.35398,19.39785,19.34892,19.35286,4001.0
2026-04-23 04:00:00,19.3519,19.37686,19.34433,19.3677,3948.0
2026-04-23 05:00:00,19.36862,19.3862,19.35196,19.3688,3177.0
2026-04-23 06:00:00,19.36918,19.37932,19.33928,19.35131,3913.0
2026-04-23 07:00:00,19.3506,19.36134,19.28491,19.29735,4362.0
2026-04-23 08:00:00,19.29852,19.33156,19.2537,19.30655,5551.0
2026-04-23 09:00:00,19.3056,19.32194,19.27859,19.29635,5289.0
2026-04-23 10:00:00,19.2955,19.30298,19.26576,19.29615,5725.0
2026-04-23 11:00:00,19.29495,19.34793,19.29152,19.32075,3000.0
2026-04-23 12:00:00,19.32106,19.32593,19.3105,19.31216,4279.0
2026-04-23 13:00:00,19.31264,19.46511,19.30767,19.38296,6636.0
2026-04-23 14:00:00,19.38235,19.40254,19.35535,19.39866,6363.0
2026-04-23 15:00:00,19.40025,19.42938,19.392,19.4054,2786.0
2026-04-23 16:00:00,19.40516,19.44778,19.40516,19.43271,2618.0
2026-04-23 17:00:00,19.43906,19.4467,19.35135,19.39696,1032.0
2026-04-23 18:00:00,19.39812,19.43772,19.36776,19.42045,5882.0
2026-04-23 19:00:00,19.41728,19.45305,19.4102,19.43819,2115.0
2026-04-23 20:00:00,19.43823,19.44246,19.41582,19.43264,6116.0
2026-04-23 21:00:00,19.43347,19.44517,19.4039,19.43116,3278.0
2026-04-23 22:00:00,19.4312,19.47322,19.42962,19.4657,5222.0
2026-04-23 23:00:00,19.46596,19.48248,19.45622,19.46527,2380.0
2026-04-24 00:00:00,19.46537,19.46587,19.42442,19.4333,3316.0
2026-04-24 01:00:00,19.43361,19.44414,19.4277,19.4397,1990.0
2026-04-24 02:00:00,19.4391,19.47125,19.4299,19.46428,3518.0
2026-04-24 03:00:00,19.46592,19.46921,19.40362,19.41131,2343.0
2026-04-24 04:00:00,19.41133,19.4722,19.39892,19.46575,4826.0
2026-04-24 05:00:00,19.46551,19.46604,19.43428,19.4606,5344.0
2026-04-24 06:00:00,19.46062,19.46672,19.44851,19.4556,3145.0
2026-04-24 07:00:00,19.45476,19.45517,19.34822,19.40536,6259.0
2026-04-24 08:00:00,19.40621,19.44988,19.36842,19.42022,5334.0
2026-04-24 09:00:00,19.41942,19.43717,19.38952,19.40111,4058.0
2026-04-24 10:00:00,19.40178,19.41501,19.36946,19.39097,5799.0
2026-04-24 11:00:00,19.39122,19.4065,19.33978,19.34494,4225.0
2026-04-24 12:00:00,19.34524,19.37494,19.34175,19.36773,4384.0
2026-04-24 13:00:00,19.36808,19.37263,19.33311,19.34176,4103.0
2026-04-24 14:00:00,19.34061,19.36511,19.33883,19.35106,4855.0
2026-04-24 15:00:00,19.34992,19.35962,19.33886,19.34442,2092.0
2026-04-24 16:00:00,19.34506,19.38512,19.34064,19.37075,5768.0
2026-04-26 17:00:00,19.45835,19.47501,19.40094,19.41586,323.0
2026-04-26 18:00:00,19.41552,19.42396,19.41094,19.41736,2167.0
2026-04-26 19:00:00,19.41744,19.43294,19.39912,19.42956,2031.0
2026-04-26 20:00:00,19.4296,19.43101,19.37052,19.37426,2667.0
2026-04-26 21:00:00,19.37412,19.37646,19.35318,19.36753,3339.0
2026-04-26 22:00:00,19.36757,19.3728,19.34454,19.35475,1508.0
2026-04-26 23:00:00,19.35371,19.35946,19.34588,19.3473,599.0
2026-04-27 00:00:00,19.3475,19.36185,19.34551,19.35364,691.0
2026-04-27 01:00:00,19.35326,19.38337,19.35246,19.37832,1207.0
2026-04-27 02:00:00,19.37862,19.40516,19.3699,19.38664,1871.0
2026-04-27 03:00:00,19.38552,19.38764,19.35206,19.37142,2322.0
2026-04-27 04:00:00,19.37244,19.3847,19.34378,19.35148,2414.0
2026-04-27 05:00:00,19.35232,19.38199,19.3462,19.36706,4842.0
2026-04-27 06:00:00,19.36696,19.37213,19.34252,19.35202,5025.0
2026-04-27 07:00:00,19.35086,19.37042,19.34696,19.36787,6793.0
2026-04-27 08:00:00,19.3666,19.38046,19.34808,19.37834,7381.0
2026-04-27 09:00:00,19.3786,19.39086,19.35935,19.3707,8532.0
2026-04-27 10:00:00,19.37076,19.3858,19.36548,19.3708,8802.0
2026-04-27 11:00:00,19.3706,19.41537,19.36813,19.40491,6663.0
2026-04-27 12:00:00,19.40512,19.4095,19.38396,19.39686,5983.0
2026-04-27 13:00:00,19.39706,19.40882,19.39186,19.4023,4783.0
2026-04-27 14:00:00,19.40224,19.40868,19.39196,19.39754,3126.0
2026-04-27 15:00:00,19.39914,19.40521,19.39281,19.39689,3015.0
2026-04-27 16:00:00,19.39718,19.40732,19.37125,19.37464,1654.0
2026-04-27 17:00:00,19.37315,19.38267,19.34515,19.37107,430.0
2026-04-27 18:00:00,19.37584,19.3978,19.3681,19.39067,2793.0
2026-04-27 19:00:00,19.39076,19.39442,19.38309,19.38461,1164.0
2026-04-27 20:00:00,19.38561,19.38561,19.35684,19.36308,4826.0
2026-04-27 21:00:00,19.3614,19.38784,19.3614,19.38732,5898.0
2026-04-27 22:00:00,19.38712,19.40324,19.3828,19.39317,3292.0
2026-04-27 23:00:00,19.39302,19.39865,19.37358,19.37714,3181.0
2026-04-28 00:00:00,19.37676,19.38837,19.37672,19.38718,2356.0
2026-04-28 01:00:00,19.38654,19.41826,19.38553,19.40476,1469.0
2026-04-28 02:00:00,19.4043,19.44704,19.40384,19.42841,4104.0
2026-04-28 03:00:00,19.42674,19.43256,19.39547,19.39848,4946.0
2026-04-28 04:00:00,19.4006,19.43392,19.38911,19.39718,4543.0
2026-04-28 05:00:00,19.39694,19.41684,19.38914,19.40462,4950.0
2026-04-28 06:00:00,19.40452,19.41723,19.38946,19.39326,5202.0
2026-04-28 07:00:00,19.3934,19.45028,19.38233,19.43815,5268.0
2026-04-28 08:00:00,19.4383,19.44399,19.3983,19.4002,6745.0
2026-04-28 09:00:00,19.39935,19.42168,19.38314,19.39894,5937.0
2026-04-28 10:00:00,19.39886,19.41815,19.37034,19.38458,7535.0
2026-04-28 11:00:00,19.3851,19.3916,19.34331,19.34822,4116.0
2026-04-28 12:00:00,19.34842,19.37768,19.34568,19.3657,6031.0
2026-04-28 13:00:00,19.3666,19.38185,19.36354,19.37416,4268.0
2026-04-28 14:00:00,19.37419,19.38036,19.36669,19.37538,3324.0
2026-04-28 15:00:00,19.37534,19.38456,19.36572,19.37876,3996.0
2026-04-28 16:00:00,19.37826,19.38865,19.36344,19.3755,1487.0
2026-04-28 17:00:00,19.38958,19.39055,19.35761,19.36954,1298.0
2026-04-28 18:00:00,19.37446,19.39032,19.37046,19.38164,4065.0
2026-04-28 19:00:00,19.38172,19.38651,19.37258,19.3832,2932.0
2026-04-28 20:00:00,19.38086,19.38483,19.3654,19.38145,2689.0
2026-04-28 21:00:00,19.38358,19.40804,19.37574,19.38689,2741.0
2026-04-28 22:00:00,19.38526,19.39468,19.37698,19.3912,2935.0
2026-04-28 23:00:00,19.39216,19.3932,19.37384,19.37539,1979.0
2026-04-29 00:00:00,19.3759,19.39588,19.37395,19.37926,2036.0
2026-04-29 01:00:00,19.37876,19.38572,19.3588,19.3692,1408.0
2026-04-29 02:00:00,19.36952,19.3841,19.35643,19.35679,2941.0
2026-04-29 03:00:00,19.35616,19.39762,19.34364,19.39214,4151.0
2026-04-29 04:00:00,19.3929,19.42222,19.38161,19.4159,4699.0
2026-04-29 05:00:00,19.41558,19.4382,19.40744,19.42928,3225.0
2026-04-29 06:00:00,19.42933,19.43166,19.40475,19.41108,2560.0
2026-04-29 07:00:00,19.41185,19.4364,19.40318,19.4219,3286.0
2026-04-29 08:00:00,19.42233,19.47292,19.41749,19.47266,4057.0
2026-04-29 09:00:00,19.472,19.52328,19.46135,19.52328,3765.0
2026-04-29 10:00:00,19.52278,19.57324,19.52132,19.56264,2491.0
2026-04-29 11:00:00,19.5625,19.6396,19.55655,19.61541,3580.0
2026-04-29 12:00:00,19.61465,19.62734,19.58378,19.62452,5157.0
2026-04-29 13:00:00,19.62442,19.64006,19.59883,19.59944,4525.0
2026-04-29 14:00:00,19.59944,19.72338,19.59906,19.65766,7889.0
2026-04-29 15:00:00,19.65768,19.68406,19.64159,19.65313,5499.0
2026-04-29 16:00:00,19.65302,19.66675,19.62931,19.65412,1962.0
2026-04-29 17:00:00,19.64843,19.65741,19.62497,19.63569,1827.0
2026-04-29 18:00:00,19.63957,19.6761,19.63056,19.64816,13099.0
2026-04-29 19:00:00,19.64832,19.66154,19.64088,19.64235,2106.0
2026-04-29 20:00:00,19.64317,19.65183,19.62148,19.62647,5157.0
2026-04-29 21:00:00,19.62591,19.65226,19.62298,19.62802,3920.0
2026-04-29 22:00:00,19.62857,19.66438,19.6188,19.64628,4099.0
2026-04-29 23:00:00,19.64716,19.67984,19.64012,19.67844,3804.0
2026-04-30 00:00:00,19.67841,19.72288,19.67841,19.72208,3166.0
2026-04-30 01:00:00,19.72248,19.72982,19.68459,19.70145,2197.0
2026-04-30 02:00:00,19.70055,19.71032,19.65912,19.66794,5919.0
2026-04-30 03:00:00,19.66714,19.67426,19.61734,19.63362,5748.0
2026-04-30 04:00:00,19.63335,19.65594,19.607,19.6529,6571.0
2026-04-30 05:00:00,19.65272,19.67668,19.60571,19.61951,5437.0
2026-04-30 06:00:00,19.62061,19.6463,19.59472,19.64522,6006.0
2026-04-30 07:00:00,19.64596,19.65525,19.59442,19.62889,5412.0
2026-04-30 08:00:00,19.62846,19.65768,19.61462,19.63256,5310.0
2026-04-30 09:00:00,19.63402,19.66,19.59717,19.6452,7671.0
2026-04-30 10:00:00,19.64578,19.64638,19.57703,19.58758,7287.0
2026-04-30 11:00:00,19.58734,19.6148,19.58042,19.59827,5441.0
2026-04-30 12:00:00,19.5984,19.61524,19.59104,19.59994,8482.0
2026-04-30 13:00:00,19.6,19.6029,19.57856,19.58016,7860.0
2026-04-30 14:00:00,19.58092,19.58266,19.54949,19.55459,6055.0
2026-04-30 15:00:00,19.55442,19.55724,19.53298,19.5555,4754.0
2026-04-30 16:00:00,19.55616,19.56377,19.54424,19.55451,1692.0
2026-04-30 17:00:00,19.56137,19.58516,19.53941,19.56927,229.0
2026-04-30 18:00:00,19.56662,19.58892,19.53939,19.55693,3453.0
2026-04-30 19:00:00,19.55728,19.55856,19.54747,19.55552,1692.0
2026-04-30 20:00:00,19.55658,19.57034,19.55354,19.56338,4357.0
2026-04-30 21:00:00,19.56343,19.5703,19.55304,19.55531,2328.0
2026-04-30 22:00:00,19.55536,19.56862,19.55006,19.5628,2058.0
2026-04-30 23:00:00,19.56401,19.56962,19.55484,19.56438,1367.0
2026-05-01 00:00:00,19.56448,19.57914,19.56244,19.57046,1809.0
2026-05-01 01:00:00,19.57097,19.58658,19.5597,19.5861,800.0
2026-05-01 02:00:00,19.58599,19.59101,19.55762,19.56815,1731.0
2026-05-01 03:00:00,19.56921,19.62182,19.56686,19.61932,2471.0
2026-05-01 04:00:00,19.61882,19.6289,19.61246,19.62044,1574.0
2026-05-01 05:00:00,19.62085,19.66078,19.61781,19.65686,513.0
2026-05-01 06:00:00,19.65798,19.67328,19.65313,19.66323,1075.0
2026-05-01 07:00:00,19.6633,19.67776,19.64234,19.64294,949.0
2026-05-01 08:00:00,19.64208,19.66467,19.60992,19.62354,2862.0
2026-05-01 09:00:00,19.62425,19.62608,19.55083,19.55658,5577.0
2026-05-01 10:00:00,19.5528,19.57486,19.49275,19.49968,4809.0
2026-05-01 11:00:00,19.49964,19.51722,19.47373,19.49604,4477.0
2026-05-01 12:00:00,19.49552,19.51404,19.47938,19.51222,5833.0
2026-05-01 13:00:00,19.51248,19.52859,19.50066,19.52557,5609.0
2026-05-01 14:00:00,19.52577,19.53892,19.50958,19.5298,4764.0
2026-05-01 15:00:00,19.53062,19.53412,19.51128,19.52438,4989.0
2026-05-01 16:00:00,19.52422,19.53238,19.47382,19.50134,11277.0
2026-05-03 17:00:00,19.42583,19.46448,19.39308,19.40987,125.0
2026-05-03 18:00:00,19.44543,19.44799,19.38353,19.44074,7590.0
2026-05-03 19:00:00,19.44126,19.45608,19.42792,19.4539,2360.0
2026-05-03 20:00:00,19.4539,19.49248,19.45284,19.46083,5839.0
2026-05-03 21:00:00,19.46208,19.49102,19.45758,19.4595,8554.0
2026-05-03 22:00:00,19.4594,19.48617,19.456,19.47058,10155.0
2026-05-03 23:00:00,19.47102,19.48034,19.45082,19.4643,7881.0
2026-05-04 00:00:00,19.46499,19.49366,19.46398,19.48782,5850.0
2026-05-04 01:00:00,19.48798,19.49854,19.45916,19.46228,4601.0
2026-05-04 02:00:00,19.46224,19.51014,19.44762,19.48875,2868.0
2026-05-04 03:00:00,19.49048,19.50798,19.4692,19.4842,2270.0
2026-05-04 04:00:00,19.48378,19.49216,19.45906,19.4875,3856.0
2026-05-04 05:00:00,19.48696,19.49476,19.47824,19.4933,1949.0
2026-05-04 06:00:00,19.49306,19.59608,19.49215,19.57258,6627.0
2026-05-04 07:00:00,19.57262,19.58896,19.55467,19.57437,6007.0
2026-05-04 08:00:00,19.57409,19.57424,19.51489,19.53128,3349.0
2026-05-04 09:00:00,19.53211,19.57711,19.5148,19.57175,4727.0
2026-05-04 10:00:00,19.57266,19.59044,19.52837,19.57761,3357.0
2026-05-04 11:00:00,19.57794,19.69669,19.5593,19.68658,6513.0
2026-05-04 12:00:00,19.68532,19.73554,19.66054,19.6812,4827.0
2026-05-04 13:00:00,19.68115,19.68358,19.6402,19.67906,4234.0
2026-05-04 14:00:00,19.67915,19.68264,19.64401,19.64468,4986.0
2026-05-04 15:00:00,19.64486,19.65818,19.63144,19.64592,5516.0
2026-05-04 16:00:00,19.64616,19.65372,19.63018,19.63292,2429.0
2026-05-04 17:00:00,19.64486,19.67279,19.62367,19.64094,67.0
2026-05-04 18:00:00,19.64693,19.66152,19.62012,19.64368,11004.0
2026-05-04 19:00:00,19.6429,19.6429,19.6276,19.64005,1042.0
2026-05-04 20:00:00,19.63805,19.66342,19.62933,19.64524,3571.0
2026-05-04 21:00:00,19.64534,19.65157,19.63068,19.64165,3688.0
2026-05-04 22:00:00,19.6417,19.64222,19.62088,19.63624,2623.0
2026-05-04 23:00:00,19.63679,19.64643,19.63156,19.64354,1549.0
2026-05-05 00:00:00,19.64426,19.64762,19.62729,19.64672,2544.0
2026-05-05 01:00:00,19.64738,19.66814,19.63755,19.64532,1228.0
2026-05-05 02:00:00,19.64532,19.65995,19.6088,19.61408,2775.0
2026-05-05 03:00:00,19.61104,19.62225,19.57404,19.60876,3105.0
2026-05-05 04:00:00,19.60954,19.61335,19.57898,19.60898,2645.0
2026-05-05 05:00:00,19.61053,19.6317,19.58408,19.58708,3160.0
2026-05-05 06:00:00,19.5873,19.59172,19.54247,19.55915,2263.0
2026-05-05 07:00:00,19.5587,19.56846,19.5023,19.50252,2108.0
2026-05-05 08:00:00,19.50252,19.51962,19.47221,19.49354,4870.0
2026-05-05 09:00:00,19.49393,19.49404,19.46439,19.4805,4152.0
2026-05-05 10:00:00,19.48332,19.51024,19.44491,19.50861,5920.0
2026-05-05 11:00:00,19.5093,19.51278,19.4775,19.47973,4223.0
2026-05-05 12:00:00,19.48016,19.50844,19.47736,19.49452,6552.0
2026-05-05 13:00:00,19.49422,19.51034,19.48784,19.49677,4935.0
2026-05-05 14:00:00,19.49722,19.50474,19.48863,19.50168,4649.0
2026-05-05 15:00:00,19.50163,19.50991,19.49708,19.50341,3682.0
2026-05-05 16:00:00,19.50332,19.50567,19.49047,19.49366,763.0
2026-05-05 17:00:00,19.48318,19.50232,19.46484,19.47064,3875.0
2026-05-05 18:00:00,19.4691,19.50202,19.4586,19.47099,5039.0
2026-05-05 19:00:00,19.47108,19.4806,19.42765,19.42934,4822.0
2026-05-05 20:00:00,19.4299,19.43718,19.3909,19.39651,3482.0
2026-05-05 21:00:00,19.39783,19.40748,19.38378,19.38578,2992.0
2026-05-05 22:00:00,19.38498,19.40814,19.3817,19.3976,3891.0
2026-05-05 23:00:00,19.39753,19.40255,19.38084,19.3918,3809.0
2026-05-06 00:00:00,19.39202,19.40306,19.37882,19.39271,5577.0
2026-05-06 01:00:00,19.39377,19.39887,19.36176,19.36187,1744.0
2026-05-06 02:00:00,19.36175,19.38189,19.32851,19.32886,3814.0
2026-05-06 03:00:00,19.32866,19.36296,19.26775,19.27039,4602.0
2026-05-06 04:00:00,19.27085,19.33068,19.22592,19.2555,4681.0
2026-05-06 05:00:00,19.25612,19.29303,19.24464,19.26425,3580.0
2026-05-06 06:00:00,19.26366,19.29044,19.20137,19.21042,3152.0
2026-05-06 07:00:00,19.21113,19.29872,19.20804,19.26593,3455.0
2026-05-06 08:00:00,19.2658,19.32134,19.26518,19.30008,5362.0
2026-05-06 09:00:00,19.3014,19.33652,19.27848,19.29535,6006.0
2026-05-06 10:00:00,19.29618,19.30164,19.2491,19.25532,6746.0
2026-05-06 11:00:00,19.25553,19.31168,19.24952,19.30572,5318.0
2026-05-06 12:00:00,19.30577,19.3164,19.27478,19.27942,7949.0
2026-05-06 13:00:00,19.27948,19.28753,19.2657,19.27122,6450.0
2026-05-06 14:00:00,19.27016,19.27326,19.25006,19.26062,5880.0
2026-05-06 15:00:00,19.26156,19.26708,19.24582,19.2645,5269.0
2026-05-06 16:00:00,19.26523,19.27126,19.25106,19.25582,1425.0
2026-05-06 17:00:00,19.25916,19.27284,19.24674,19.26854,1007.0
2026-05-06 18:00:00,19.26878,19.29748,19.25166,19.25623,18205.0
2026-05-06 19:00:00,19.25574,19.2839,19.25464,19.26506,1456.0
2026-05-06 20:00:00,19.26486,19.28844,19.25478,19.27878,3940.0
2026-05-06 21:00:00,19.27814,19.29473,19.23446,19.25002,5399.0
2026-05-06 22:00:00,19.25128,19.26034,19.24116,19.24944,3811.0
2026-05-06 23:00:00,19.2498,19.26132,19.24218,19.26116,3822.0
2026-05-07 00:00:00,19.26122,19.26436,19.24695,19.25505,3351.0
2026-05-07 01:00:00,19.25494,19.26864,19.25062,19.26647,1475.0
2026-05-07 02:00:00,19.2659,19.27212,19.1996,19.2113,2773.0
2026-05-07 03:00:00,19.21254,19.2299,19.17856,19.21895,5269.0
2026-05-07 04:00:00,19.21904,19.21904,19.1383,19.15848,4449.0
2026-05-07 05:00:00,19.15774,19.20809,19.15774,19.20246,4796.0
2026-05-07 06:00:00,19.20254,19.208,19.1809,19.19556,5618.0
2026-05-07 07:00:00,19.19629,19.1975,19.1547,19.16381,3424.0
2026-05-07 08:00:00,19.16443,19.16554,19.1069,19.13666,4259.0
2026-05-07 09:00:00,19.13538,19.197,19.13538,19.19,5767.0
2026-05-07 10:00:00,19.19106,19.21342,19.18258,19.20291,5408.0
2026-05-07 11:00:00,19.20266,19.26732,19.20252,19.25262,4958.0
2026-05-07 12:00:00,19.25128,19.27252,19.2344,19.25642,6171.0
2026-05-07 13:00:00,19.25657,19.30913,19.22997,19.27698,7031.0
2026-05-07 14:00:00,19.27748,19.30901,19.2634,19.2752,5058.0
2026-05-07 15:00:00,19.27522,19.31514,19.2616,19.29636,6400.0
2026-05-07 16:00:00,19.2973,19.3606,19.26778,19.36029,2279.0
2026-05-07 17:00:00,19.38443,19.38443,19.30733,19.31361,1932.0
2026-05-07 18:00:00,19.31478,19.33044,19.26375,19.32505,8715.0
2026-05-07 19:00:00,19.32462,19.33968,19.29152,19.29858,1833.0
2026-05-07 20:00:00,19.29908,19.32114,19.29036,19.29682,7896.0
2026-05-07 21:00:00,19.2973,19.30228,19.27603,19.29398,7185.0
2026-05-07 22:00:00,19.29306,19.32014,19.28756,19.29894,7204.0
2026-05-07 23:00:00,19.29772,19.30229,19.28458,19.29429,5569.0
2026-05-08 00:00:00,19.29486,19.30855,19.28027,19.28856,5362.0
2026-05-08 01:00:00,19.28958,19.29462,19.25612,19.27935,1945.0
2026-05-08 02:00:00,19.27936,19.30228,19.25962,19.2871,4604.0
2026-05-08 03:00:00,19.2872,19.32802,19.28662,19.32539,4830.0
2026-05-08 04:00:00,19.3251,19.3455,19.28832,19.31977,6255.0
2026-05-08 05:00:00,19.32005,19.33805,19.28167,19.33152,4164.0
2026-05-08 06:00:00,19.33218,19.33386,19.28021,19.29534,3446.0
2026-05-08 07:00:00,19.29514,19.32404,19.27826,19.31182,2714.0
2026-05-08 08:00:00,19.31245,19.32206,19.26637,19.28194,6933.0
2026-05-08 09:00:00,19.28268,19.30483,19.25641,19.26528,8479.0
2026-05-08 10:00:00,19.26468,19.33248,19.26206,19.32438,9557.0
2026-05-08 11:00:00,19.32452,19.33588,19.30588,19.31851,5690.0
2026-05-08 12:00:00,19.31752,19.32728,19.30672,19.32418,6154.0
2026-05-08 13:00:00,19.32448,19.32742,19.30166,19.3051,6058.0
2026-05-08 14:00:00,19.30506,19.31672,19.2901,19.30384,4901.0
2026-05-08 15:00:00,19.30314,19.30674,19.27248,19.2885,2106.0
2026-05-08 16:00:00,19.28816,19.32782,19.28113,19.30424,5713.0
2026-05-10 17:00:00,19.34062,19.37904,19.32984,19.363,2250.0
2026-05-10 18:00:00,19.36024,19.37294,19.34714,19.36692,3470.0
2026-05-10 19:00:00,19.36683,19.3699,19.33384,19.33976,1697.0
2026-05-10 20:00:00,19.33982,19.3641,19.32382,19.33264,5400.0
2026-05-10 21:00:00,19.33321,19.36222,19.32802,19.34192,5840.0
2026-05-10 22:00:00,19.34075,19.35265,19.33278,19.33829,3352.0
2026-05-10 23:00:00,19.33889,19.34664,19.32611,19.34316,2817.0
2026-05-11 00:00:00,19.34326,19.34418,19.33058,19.33204,2282.0
2026-05-11 01:00:00,19.33178,19.3656,19.32408,19.36291,1257.0
2026-05-11 02:00:00,19.36248,19.3935,19.34333,19.3436,2647.0
2026-05-11 03:00:00,19.34396,19.38482,19.33022,19.35232,3511.0
2026-05-11 04:00:00,19.35156,19.3534,19.31855,19.34654,3605.0
2026-05-11 05:00:00,19.34722,19.35616,19.32538,19.3508,2916.0
2026-05-11 06:00:00,19.35194,19.35255,19.32025,19.33631,1522.0
2026-05-11 07:00:00,19.33675,19.34145,19.31968,19.33218,3043.0
2026-05-11 08:00:00,19.33114,19.36199,19.3115,19.32964,6079.0
2026-05-11 09:00:00,19.32859,19.33086,19.25604,19.27976,6355.0
2026-05-11 10:00:00,19.27969,19.30583,19.27201,19.28738,5071.0
2026-05-11 11:00:00,19.28708,19.33928,19.2745,19.338,5493.0
2026-05-11 12:00:00,19.33794,19.37416,19.32481,19.37002,5878.0
2026-05-11 13:00:00,19.37026,19.3928,19.34836,19.35853,4907.0
2026-05-11 14:00:00,19.35926,19.35965,19.33312,19.35088,3100.0
2026-05-11 15:00:00,19.3514,19.36931,19.35016,19.35801,2264.0
2026-05-11 16:00:00,19.35834,19.37443,19.35202,19.3643,855.0
2026-05-11 17:00:00,19.3637,19.38149,19.35007,19.36867,695.0
2026-05-11 18:00:00,19.36205,19.3845,19.3546,19.36222,2760.0
2026-05-11 19:00:00,19.36126,19.37211,19.34962,19.36223,1234.0
2026-05-11 20:00:00,19.36218,19.38929,19.36014,19.38174,3834.0
2026-05-11 21:00:00,19.38236,19.41112,19.37554,19.38141,4559.0
2026-05-11 22:00:00,19.381,19.38266,19.35604,19.35828,4238.0
2026-05-11 23:00:00,19.35838,19.37264,19.35403,19.37011,2835.0
2026-05-12 00:00:00,19.37006,19.37212,19.35806,19.3718,2527.0
2026-05-12 01:00:00,19.37262,19.39069,19.36151,19.3849,1185.0
2026-05-12 02:00:00,19.38596,19.46234,19.38086,19.44652,2636.0
2026-05-12 03:00:00,19.44703,19.47166,19.42594,19.45061,3137.0
2026-05-12 04:00:00,19.45061,19.45136,19.4131,19.42624,3060.0
2026-05-12 05:00:00,19.42666,19.43886,19.38976,19.40036,2659.0
2026-05-12 06:00:00,19.40034,19.42884,19.39408,19.41103,2159.0
2026-05-12 07:00:00,19.40972,19.41732,19.37792,19.38506,4772.0
2026-05-12 08:00:00,19.38538,19.41196,19.36118,19.37633,4930.0
2026-05-12 09:00:00,19.37625,19.40438,19.35974,19.39813,5207.0
2026-05-12 10:00:00,19.39698,19.4135,19.35645,19.40868,4759.0
2026-05-12 11:00:00,19.41044,19.43365,19.3911,19.41496,5283.0
2026-05-12 12:00:00,19.41514,19.44044,19.41007,19.42915,5414.0
2026-05-12 13:00:00,19.4282,19.4282,19.39468,19.40468,5016.0
2026-05-12 14:00:00,19.40545,19.41547,19.38494,19.39576,5265.0
2026-05-12 15:00:00,19.3959,19.39695,19.36684,19.37886,7046.0
2026-05-12 16:00:00,19.37902,19.39158,19.3754,19.38956,1154.0
2026-05-12 17:00:00,19.3743,19.40022,19.36981,19.38406,1692.0
2026-05-12 18:00:00,19.37722,19.40198,19.37294,19.39002,2658.0
2026-05-12 19:00:00,19.3901,19.39035,19.38174,19.3842,874.0
2026-05-12 20:00:00,19.38487,19.39517,19.36882,19.37536,3981.0
2026-05-12 21:00:00,19.37741,19.38443,19.35254,19.35656,6024.0
2026-05-12 22:00:00,19.3565,19.37644,19.35538,19.37561,4390.0
2026-05-12 23:00:00,19.3759,19.38231,19.3498,19.3607,4206.0
2026-05-13 00:00:00,19.36102,19.36432,19.35252,19.35608,2045.0
2026-05-13 01:00:00,19.3546,19.35645,19.32088,19.32116,913.0
2026-05-13 02:00:00,19.32206,19.32535,19.27804,19.30058,2945.0
2026-05-13 03:00:00,19.30078,19.30602,19.25804,19.2764,2872.0
2026-05-13 04:00:00,19.27646,19.28103,19.25894,19.27188,2422.0
2026-05-13 05:00:00,19.27197,19.28258,19.25386,19.25655,3975.0
2026-05-13 06:00:00,19.25557,19.28057,19.2425,19.28057,3110.0
2026-05-13 07:00:00,19.28128,19.28576,19.26847,19.2759,2680.0
2026-05-13 08:00:00,19.27664,19.31094,19.27121,19.28519,4107.0
2026-05-13 09:00:00,19.28549,19.29401,19.2665,19.26976,5010.0
2026-05-13 10:00:00,19.26946,19.27412,19.2331,19.23936,4850.0
2026-05-13 11:00:00,19.2399,19.23998,19.19824,19.216,3395.0
2026-05-13 12:00:00,19.21632,19.22436,19.19487,19.21326,7002.0
2026-05-13 13:00:00,19.21332,19.23388,19.20607,19.23106,6559.0
2026-05-13 14:00:00,19.231,19.2365,19.21288,19.2169,6410.0
2026-05-13 15:00:00,19.21664,19.22702,19.21256,19.22076,4935.0
2026-05-13 16:00:00,19.21992,19.23016,19.21032,19.21556,900.0
2026-05-13 17:00:00,19.24593,19.26605,19.23439,19.24322,1429.0
2026-05-13 18:00:00,19.24379,19.24379,19.21356,19.21879,2791.0
2026-05-13 19:00:00,19.21887,19.21887,19.2133,19.21602,1638.0
2026-05-13 20:00:00,19.21588,19.2336,19.20617,19.208,4835.0
2026-05-13 21:00:00,19.20826,19.24306,19.20566,19.23724,7190.0
2026-05-13 22:00:00,19.23718,19.24373,19.22452,19.23344,4845.0
2026-05-13 23:00:00,19.23364,19.24364,19.22596,19.23639,4702.0
2026-05-14 00:00:00,19.23616,19.24246,19.22208,19.23513,4602.0
2026-05-14 01:00:00,19.23484,19.2483,19.22156,19.24762,1429.0
2026-05-14 02:00:00,19.2472,19.2555,19.20484,19.20731,2391.0
2026-05-14 03:00:00,19.20892,19.23192,19.18152,19.22885,2368.0
2026-05-14 04:00:00,19.2288,19.23093,19.20616,19.22058,2651.0
2026-05-14 05:00:00,19.22033,19.24433,19.20896,19.218,2879.0
2026-05-14 06:00:00,19.21865,19.22618,19.18506,19.2142,3353.0
2026-05-14 07:00:00,19.21417,19.22212,19.19321,19.20134,2640.0
2026-05-14 08:00:00,19.20226,19.22044,19.17704,19.19862,4012.0
2026-05-14 09:00:00,19.1989,19.25388,19.19487,19.2512,4305.0
2026-05-14 10:00:00,19.2512,19.25503,19.22132,19.22818,4031.0
2026-05-14 11:00:00,19.22824,19.23764,19.2129,19.22882,4203.0
2026-05-14 12:00:00,19.22872,19.25412,19.22541,19.24512,6525.0
2026-05-14 13:00:00,19.24447,19.25083,19.23492,19.24228,3920.0
2026-05-14 14:00:00,19.24312,19.25591,19.23226,19.24128,5314.0
2026-05-14 15:00:00,19.24086,19.251,19.23159,19.24657,4617.0
2026-05-14 16:00:00,19.24602,19.24775,19.22902,19.23638,1806.0
2026-05-14 17:00:00,19.20348,19.24218,19.19686,19.24046,1323.0
2026-05-14 18:00:00,19.23832,19.24876,19.23095,19.23162,3113.0
2026-05-14 19:00:00,19.2317,19.23716,19.22865,19.23292,503.0
2026-05-14 20:00:00,19.2329,19.2619,19.21814,19.2514,4654.0
2026-05-14 21:00:00,19.25144,19.28604,19.24912,19.28128,3762.0
2026-05-14 22:00:00,19.28126,19.29112,19.25214,19.2627,6763.0
2026-05-14 23:00:00,19.26278,19.28259,19.2582,19.27678,5944.0
2026-05-15 00:00:00,19.27656,19.32145,19.27604,19.3195,5707.0
2026-05-15 01:00:00,19.31981,19.39222,19.31945,19.3641,2035.0
2026-05-15 02:00:00,19.36431,19.38718,19.33692,19.36065,2781.0
2026-05-15 03:00:00,19.36025,19.37106,19.32768,19.3522,3021.0
2026-05-15 04:00:00,19.3518,19.3873,19.3413,19.37293,3156.0
2026-05-15 05:00:00,19.37162,19.39546,19.3709,19.37671,2351.0
2026-05-15 06:00:00,19.37636,19.37708,19.28278,19.30339,4229.0
2026-05-15 07:00:00,19.30362,19.36768,19.29143,19.36488,3526.0
2026-05-15 08:00:00,19.36478,19.40543,19.36448,19.38484,2923.0
2026-05-15 09:00:00,19.38424,19.42853,19.36377,19.4069,4424.0
2026-05-15 10:00:00,19.40716,19.41272,19.33742,19.38271,6097.0
2026-05-15 11:00:00,19.38262,19.41794,19.37586,19.40599,4201.0
2026-05-15 12:00:00,19.40604,19.41116,19.39014,19.39598,5538.0
2026-05-15 13:00:00,19.39525,19.4011,19.378,19.38904,5068.0
2026-05-15 14:00:00,19.3886,19.39928,19.38056,19.38162,5762.0
2026-05-15 15:00:00,19.38163,19.40064,19.37964,19.39506,4068.0
2026-05-15 16:00:00,19.39538,19.41494,19.39147,19.41099,1475.0
2026-05-17 17:00:00,19.37045,19.37754,19.36469,19.37754,51.0
2026-05-17 18:00:00,19.37599,19.4131,19.3747,19.41008,2949.0
2026-05-17 19:00:00,19.41002,19.42939,19.40012,19.42936,2617.0
2026-05-17 20:00:00,19.42924,19.48779,19.42384,19.45186,5950.0
2026-05-17 21:00:00,19.4519,19.47935,19.44396,19.45659,4248.0
2026-05-17 22:00:00,19.45663,19.46812,19.44043,19.45776,4390.0
2026-05-17 23:00:00,19.4578,19.47146,19.44754,19.45608,3542.0
2026-05-18 00:00:00,19.45602,19.46677,19.44596,19.4591,3320.0
2026-05-18 01:00:00,19.45912,19.47618,19.43582,19.47618,1808.0
2026-05-18 02:00:00,19.4771,19.48163,19.4214,19.4217,3368.0
2026-05-18 03:00:00,19.42114,19.44784,19.38249,19.38938,4391.0
2026-05-18 04:00:00,19.39023,19.39864,19.34665,19.35826,4437.0
2026-05-18 05:00:00,19.35858,19.38681,19.3521,19.38596,5828.0
2026-05-18 06:00:00,19.38611,19.41092,19.38087,19.40644,5046.0
2026-05-18 07:00:00,19.40636,19.43034,19.3459,19.3703,6535.0
2026-05-18 08:00:00,19.3706,19.38434,19.30407,19.30586,8068.0
2026-05-18 09:00:00,19.3061,19.35528,19.29417,19.32234,7556.0
2026-05-18 10:00:00,19.32363,19.36946,19.31857,19.35112,7716.0
2026-05-18 11:00:00,19.351,19.39108,19.34295,19.36036,6603.0
2026-05-18 12:00:00,19.36041,19.39665,19.34782,19.35908,6623.0
2026-05-18 13:00:00,19.35938,19.36537,19.34212,19.35639,6726.0
2026-05-18 14:00:00,19.35544,19.39073,19.3553,19.37716,6999.0
2026-05-18 15:00:00,19.37624,19.37778,19.3059,19.32958,7713.0
2026-05-18 16:00:00,19.32754,19.33156,19.30542,19.31822,1865.0
2026-05-18 17:00:00,19.35813,19.37412,19.32998,19.35112,2012.0
2026-05-18 18:00:00,19.34334,19.34608,19.32209,19.32386,2547.0
2026-05-18 19:00:00,19.3258,19.32808,19.31675,19.32412,2062.0
2026-05-18 20:00:00,19.32408,19.36095,19.322,19.35991,11701.0
2026-05-18 21:00:00,19.36008,19.37528,19.35491,19.36716,10151.0
2026-05-18 22:00:00,19.36916,19.39198,19.36916,19.3812,10478.0
2026-05-18 23:00:00,19.3811,19.39144,19.37403,19.3823,4652.0
2026-05-19 00:00:00,19.38266,19.39115,19.37385,19.37754,4368.0
2026-05-19 01:00:00,19.37818,19.38827,19.36886,19.37211,2954.0
2026-05-19 02:00:00,19.37192,19.37664,19.34142,19.35196,3802.0
2026-05-19 03:00:00,19.35272,19.37032,19.31704,19.31746,4593.0
2026-05-19 04:00:00,19.31766,19.34955,19.30142,19.31962,6208.0
2026-05-19 05:00:00,19.3198,19.35434,19.31898,19.34006,4740.0
2026-05-19 06:00:00,19.34059,19.35375,19.31887,19.33752,4480.0
2026-05-19 07:00:00,19.33796,19.35895,19.33358,19.3528,6109.0
2026-05-19 08:00:00,19.3531,19.35786,19.32114,19.33272,7632.0
2026-05-19 09:00:00,19.33412,19.40212,19.3308,19.36776,8478.0
2026-05-19 10:00:00,19.36759,19.45653,19.36759,19.44722,8608.0
2026-05-19 11:00:00,19.44752,19.44876,19.38612,19.38796,7391.0
2026-05-19 12:00:00,19.3878,19.40141,19.35302,19.37316,8404.0
2026-05-19 13:00:00,19.37261,19.37928,19.3597,19.36994,5462.0
2026-05-19 14:00:00,19.36971,19.39411,19.36611,19.38353,6245.0
2026-05-19 15:00:00,19.38418,19.39421,19.37414,19.38856,5489.0
2026-05-19 16:00:00,19.38912,19.39386,19.37526,19.3863,1248.0
2026-05-19 17:00:00,19.40624,19.4119,19.38986,19.40796,2103.0
2026-05-19 18:00:00,19.41072,19.41072,19.38397,19.39704,2988.0
2026-05-19 19:00:00,19.39713,19.39713,19.38227,19.39118,1548.0
2026-05-19 20:00:00,19.39122,19.41854,19.38108,19.39352,8086.0
2026-05-19 21:00:00,19.39271,19.41506,19.37257,19.37991,9802.0
2026-05-19 22:00:00,19.37928,19.40112,19.36118,19.39892,7159.0
2026-05-19 23:00:00,19.39692,19.4093,19.37859,19.3856,5800.0
2026-05-20 00:00:00,19.38566,19.39539,19.36305,19.39374,4971.0
2026-05-20 01:00:00,19.39272,19.39306,19.36448,19.37936,4450.0
2026-05-20 02:00:00,19.37905,19.3835,19.35592,19.3632,5031.0
2026-05-20 03:00:00,19.36404,19.36828,19.30287,19.31751,4997.0
2026-05-20 04:00:00,19.31748,19.34546,19.28537,19.3012,6690.0
2026-05-20 05:00:00,19.30074,19.32322,19.27934,19.28142,5180.0
2026-05-20 06:00:00,19.28122,19.2833,19.23914,19.25488,5526.0
2026-05-20 07:00:00,19.25618,19.26698,19.24472,19.26242,5693.0
2026-05-20 08:00:00,19.26332,19.26528,19.236,19.24904,7141.0
2026-05-20 09:00:00,19.24889,19.27306,19.2392,19.26962,7302.0
2026-05-20 10:00:00,19.26872,19.26927,19.11732,19.13628,7141.0
2026-05-20 11:00:00,19.13582,19.15204,19.088,19.15108,9553.0
2026-05-20 12:00:00,19.15122,19.1651,19.12417,19.1289,7183.0
2026-05-20 13:00:00,19.12782,19.15742,19.11406,19.14552,5723.0
2026-05-20 14:00:00,19.144,19.15191,19.12698,19.13554,5594.0
2026-05-20 15:00:00,19.13481,19.14476,19.12754,19.14296,4652.0
2026-05-20 16:00:00,19.14305,19.15473,19.12798,19.15248,2316.0
2026-05-20 17:00:00,19.13726,19.14794,19.1137,19.1472,3861.0
2026-05-20 18:00:00,19.14579,19.15886,19.13849,19.15338,5489.0
2026-05-20 19:00:00,19.1533,19.15338,19.13888,19.13895,932.0
2026-05-20 20:00:00,19.14052,19.17092,19.14052,19.16236,7619.0
2026-05-20 21:00:00,19.16239,19.1897,19.14501,19.18076,7440.0
2026-05-20 22:00:00,19.181,19.19816,19.17442,19.18592,6091.0
2026-05-20 23:00:00,19.18598,19.19808,19.17658,19.18326,5362.0
2026-05-21 00:00:00,19.18316,19.1862,19.15412,19.15618,4278.0
2026-05-21 01:00:00,19.1567,19.1915,19.14966,19.16868,2777.0
2026-05-21 02:00:00,19.16888,19.21472,19.14942,19.19831,2976.0
2026-05-21 03:00:00,19.19724,19.219,19.17042,19.1786,5240.0
2026-05-21 04:00:00,19.17891,19.18531,19.14715,19.17254,3021.0
2026-05-21 05:00:00,19.17381,19.18925,19.155,19.17159,1988.0
2026-05-21 06:00:00,19.17062,19.2428,19.1647,19.22886,2589.0
2026-05-21 07:00:00,19.22886,19.23021,19.1879,19.19754,3587.0
2026-05-21 08:00:00,19.19744,19.20938,19.17596,19.18462,5411.0
2026-05-21 09:00:00,19.18585,19.19395,19.12972,19.1588,6887.0
2026-05-21 10:00:00,19.1589,19.18334,19.15262,19.16915,6400.0
2026-05-21 11:00:00,19.1702,19.18863,19.15688,19.16134,5862.0
2026-05-21 12:00:00,19.16162,19.16592,19.12466,19.15722,6266.0
2026-05-21 13:00:00,19.15792,19.16523,19.05242,19.06603,6307.0
2026-05-21 14:00:00,19.06533,19.13626,19.06262,19.11581,3233.0
2026-05-21 15:00:00,19.11571,19.12297,19.08162,19.09662,2939.0
2026-05-21 16:00:00,19.09638,19.1258,19.09276,19.11698,1584.0
2026-05-21 17:00:00,19.12729,19.15618,19.10846,19.1195,1550.0
2026-05-21 18:00:00,19.11598,19.1265,19.10225,19.11434,7904.0
2026-05-21 19:00:00,19.11472,19.1258,19.10751,19.11262,885.0
2026-05-21 20:00:00,19.11374,19.13134,19.10965,19.12876,2495.0
2026-05-21 21:00:00,19.12874,19.1408,19.11946,19.13078,4144.0
2026-05-21 22:00:00,19.13088,19.1399,19.12753,19.13172,3146.0
2026-05-21 23:00:00,19.13168,19.13586,19.12732,19.12808,3090.0
2026-05-22 00:00:00,19.12809,19.12813,19.1053,19.10576,2734.0
2026-05-22 01:00:00,19.1056,19.12543,19.10028,19.12263,2047.0
2026-05-22 02:00:00,19.12196,19.12948,19.11054,19.11908,2644.0
2026-05-22 03:00:00,19.12018,19.15186,19.11224,19.14875,2601.0
2026-05-22 04:00:00,19.14875,19.15133,19.11656,19.13733,3243.0
2026-05-22 05:00:00,19.13793,19.14628,19.1191,19.12298,2472.0
2026-05-22 06:00:00,19.1224,19.12566,19.10828,19.12516,2642.0
2026-05-22 07:00:00,19.12423,19.14174,19.11238,19.11278,3419.0
2026-05-22 08:00:00,19.11324,19.11368,19.04176,19.0436,4814.0
2026-05-22 09:00:00,19.04226,19.09206,19.03908,19.05855,4372.0
2026-05-22 10:00:00,19.0578,19.09638,19.05579,19.0648,4712.0
2026-05-22 11:00:00,19.06555,19.08952,19.06263,19.08554,3038.0
2026-05-22 12:00:00,19.08532,19.10133,19.08179,19.09075,4791.0
2026-05-22 13:00:00,19.08935,19.09215,19.05343,19.08295,3150.0
2026-05-22 14:00:00,19.0837,19.09252,19.06536,19.0771,3065.0
2026-05-22 15:00:00,19.076,19.11124,19.07489,19.0898,1993.0
2026-05-22 16:00:00,19.09004,19.13788,19.07892,19.12342,5934.0
2026-05-24 17:00:00,19.06786,19.08536,19.03916,19.04866,1460.0
2026-05-24 18:00:00,19.04824,19.1249,19.02258,19.04143,5888.0
2026-05-24 19:00:00,19.04167,19.04506,19.03034,19.0384,2512.0
2026-05-24 20:00:00,19.04066,19.04343,19.01711,19.02457,6310.0
2026-05-24 21:00:00,19.02447,19.0254,18.99088,19.01371,3609.0
2026-05-24 22:00:00,19.01366,19.02716,19.01052,19.02101,3153.0
2026-05-24 23:00:00,19.02111,19.02882,19.00488,19.00892,3788.0
2026-05-25 00:00:00,19.00862,19.02004,19.00524,19.01127,3347.0
2026-05-25 01:00:00,19.01316,19.03006,19.01209,19.02642,878.0
2026-05-25 02:00:00,19.02704,19.04296,19.01407,19.01668,1499.0
2026-05-25 03:00:00,19.01658,19.04272,19.00088,19.02524,2278.0
2026-05-25 04:00:00,19.02396,19.03609,19.00466,19.00964,1413.0
2026-05-25 05:00:00,19.00958,19.01726,19.00044,19.01234,755.0
2026-05-25 06:00:00,19.01286,19.01528,18.99746,19.015,539.0
2026-05-25 07:00:00,19.01464,19.01919,18.99734,19.01145,510.0
2026-05-25 08:00:00,19.01144,19.0163,18.98318,19.00244,917.0
2026-05-25 09:00:00,19.00368,19.00703,18.97384,18.987,1006.0
2026-05-25 10:00:00,18.98657,18.98746,18.96874,18.97058,818.0
2026-05-25 11:00:00,18.97061,18.98436,18.96537,18.9788,1023.0
2026-05-25 12:00:00,18.97799,18.98242,18.96982,18.97328,572.0
2026-05-25 13:00:00,18.97362,18.97997,18.9528,18.97676,313.0
2026-05-25 14:00:00,18.97737,18.98003,18.95476,18.9591,373.0
2026-05-25 15:00:00,18.96213,18.97056,18.95864,18.96362,502.0
2026-05-25 16:00:00,18.96316,18.9757,18.95805,18.96669,362.0
2026-05-25 17:00:00,18.98623,19.00672,18.97033,18.98864,107.0
2026-05-25 18:00:00,18.98994,18.99167,18.96248,18.96685,3886.0
2026-05-25 19:00:00,18.96817,18.99604,18.96686,18.98312,1740.0
2026-05-25 20:00:00,18.98318,19.01188,18.9822,18.99507,4312.0
2026-05-25 21:00:00,18.99607,19.02686,18.99377,19.00773,5765.0
2026-05-25 22:00:00,19.00763,19.01686,19.00024,19.0105,4287.0
2026-05-25 23:00:00,19.0104,19.0104,18.99182,19.00032,3351.0
2026-05-26 00:00:00,19.00022,19.00471,18.98851,19.00436,2599.0
2026-05-26 01:00:00,19.00544,19.01876,18.99866,19.01297,1684.0
2026-05-26 02:00:00,19.0126,19.02634,18.984,18.99432,3546.0
2026-05-26 03:00:00,18.99366,19.03982,18.98824,19.03314,7281.0
2026-05-26 04:00:00,19.03284,19.05106,19.01775,19.04565,5057.0
2026-05-26 05:00:00,19.04462,19.05489,19.03512,19.04496,5362.0
2026-05-26 06:00:00,19.04608,19.05072,18.98507,19.01292,4680.0
2026-05-26 07:00:00,19.01282,19.0449,19.01277,19.03769,6160.0
2026-05-26 08:00:00,19.0381,19.04182,19.01628,19.0208,7119.0
2026-05-26 09:00:00,19.02055,19.045,19.0095,19.03262,6915.0
2026-05-26 10:00:00,19.0317,19.03996,19.01488,19.03516,10325.0
2026-05-26 11:00:00,19.03424,19.07225,19.02846,19.05234,7146.0
2026-05-26 12:00:00,19.05188,19.05549,19.03634,19.03774,4642.0
2026-05-26 13:00:00,19.03776,19.05445,19.03221,19.05203,3329.0
2026-05-26 14:00:00,19.05145,19.05386,19.03654,19.0368,3587.0
2026-05-26 15:00:00,19.03714,19.04856,19.02762,19.0316,2245.0
2026-05-26 16:00:00,19.03064,19.05265,19.02986,19.04836,777.0
2026-05-26 17:00:00,19.03957,19.04153,19.01532,19.02584,1696.0
2026-05-26 18:00:00,19.02754,19.05345,19.0262,19.04845,6692.0
2026-05-26 19:00:00,19.04824,19.05298,19.03798,19.04183,1910.0
2026-05-26 20:00:00,19.04191,19.053,19.03122,19.03689,3706.0
2026-05-26 21:00:00,19.0359,19.04609,19.01496,19.04285,6006.0
2026-05-26 22:00:00,19.04098,19.04465,19.02232,19.03044,5864.0
2026-05-26 23:00:00,19.03039,19.03335,19.01164,19.03335,3143.0
2026-05-27 00:00:00,19.03264,19.04954,19.02851,19.03211,4124.0
2026-05-27 01:00:00,19.03156,19.04493,19.03038,19.04436,2100.0
2026-05-27 02:00:00,19.04442,19.06651,19.04435,19.06248,4157.0
2026-05-27 03:00:00,19.063,19.06326,19.0453,19.05093,6506.0
2026-05-27 04:00:00,19.05062,19.05529,19.0277,19.03299,6985.0
2026-05-27 05:00:00,19.03384,19.03632,19.0056,19.0136,4582.0
2026-05-27 06:00:00,19.01314,19.03399,19.00934,19.03084,5018.0
2026-05-27 07:00:00,19.03202,19.04474,19.0226,19.03654,6725.0
2026-05-27 08:00:00,19.03644,19.05242,18.99723,19.02357,8322.0
2026-05-27 09:00:00,19.02431,19.05359,19.0173,19.02296,6049.0
2026-05-27 10:00:00,19.02211,19.06782,19.01542,19.0338,6221.0
2026-05-27 11:00:00,19.03395,19.05488,19.01758,19.0435,5956.0
2026-05-27 12:00:00,19.04377,19.05206,19.03358,19.04247,4752.0
2026-05-27 13:00:00,19.04242,19.0658,19.0423,19.05356,4512.0
2026-05-27 14:00:00,19.0549,19.05583,19.03978,19.04254,4958.0
2026-05-27 15:00:00,19.04232,19.04991,19.03812,19.0402,4233.0
2026-05-27 16:00:00,19.04012,19.04078,19.01888,19.0284,1146.0
2026-05-27 17:00:00,19.05002,19.06176,19.04519,19.048,2308.0
2026-05-27 18:00:00,19.04846,19.06094,19.03261,19.03483,4847.0
2026-05-27 19:00:00,19.0345,19.03465,19.02069,19.03139,4419.0
2026-05-27 20:00:00,19.03046,19.06286,19.02471,19.04034,5246.0
2026-05-27 21:00:00,19.03836,19.0829,19.03597,19.07706,5749.0
2026-05-27 22:00:00,19.07476,19.09622,19.07122,19.09031,3398.0
2026-05-27 23:00:00,19.09038,19.117,19.08832,19.09548,3472.0
2026-05-28 00:00:00,19.09553,19.10701,19.08447,19.09458,4905.0
2026-05-28 01:00:00,19.09411,19.10256,19.07606,19.08089,3521.0
2026-05-28 02:00:00,19.08036,19.11092,19.07392,19.10656,2731.0
2026-05-28 03:00:00,19.10716,19.10756,19.07458,19.07835,7028.0
2026-05-28 04:00:00,19.0777,19.08064,19.05,19.0658,5466.0
2026-05-28 05:00:00,19.0659,19.06712,19.0332,19.0339,5120.0
2026-05-28 06:00:00,19.03366,19.04122,19.00988,19.02054,5612.0
2026-05-28 07:00:00,19.0213,19.0213,18.98634,18.99781,5206.0
2026-05-28 08:00:00,18.99752,19.019,18.96564,18.97461,5568.0
2026-05-28 09:00:00,18.97554,19.0215,18.97218,18.97917,8922.0
2026-05-28 10:00:00,18.97872,18.99234,18.88506,18.95165,9295.0
2026-05-28 11:00:00,18.95176,18.95434,18.91918,18.9493,8748.0
2026-05-28 12:00:00,18.9491,18.95332,18.9094,18.92123,8043.0
2026-05-28 13:00:00,18.92158,18.92732,18.90336,18.90594,6187.0
2026-05-28 14:00:00,18.90454,18.91378,18.90118,18.90645,5760.0
2026-05-28 15:00:00,18.90685,18.90952,18.89338,18.89547,5891.0
2026-05-28 16:00:00,18.89508,18.91616,18.89385,18.91022,858.0
2026-05-28 17:00:00,18.96926,18.97796,18.917,18.94211,1633.0
2026-05-28 18:00:00,18.92054,18.93258,18.90788,18.9143,4906.0
2026-05-28 19:00:00,18.91376,18.91791,18.90619,18.91005,606.0
2026-05-28 20:00:00,18.91104,18.93294,18.90588,18.92138,5868.0
2026-05-28 21:00:00,18.92136,18.9282,18.90658,18.91316,6686.0
2026-05-28 22:00:00,18.91373,18.92352,18.90544,18.91625,4657.0
2026-05-28 23:00:00,18.9159,18.91922,18.89498,18.89598,5898.0
2026-05-29 00:00:00,18.89594,18.90382,18.88278,18.88679,3619.0
2026-05-29 01:00:00,18.88543,18.89324,18.88312,18.8879,1578.0
2026-05-29 02:00:00,18.8894,18.91218,18.88547,18.89091,2399.0
2026-05-29 03:00:00,18.891,18.94174,18.88758,18.92179,5052.0
2026-05-29 04:00:00,18.92092,18.935,18.89604,18.90232,5445.0
2026-05-29 05:00:00,18.90268,18.91427,18.8732,18.88283,4469.0
2026-05-29 06:00:00,18.88254,18.91096,18.88254,18.90628,5078.0
2026-05-29 07:00:00,18.9058,18.90938,18.87382,18.8861,4454.0
2026-05-29 08:00:00,18.88297,18.90774,18.8829,18.89914,8516.0
2026-05-29 09:00:00,18.89896,18.93194,18.89084,18.91757,6532.0
2026-05-29 10:00:00,18.91716,18.92599,18.88698,18.89984,7232.0
2026-05-29 11:00:00,18.89994,18.9379,18.87812,18.9345,6486.0
2026-05-29 12:00:00,18.93412,18.94064,18.9112,18.92014,6518.0
2026-05-29 13:00:00,18.91994,18.94828,18.9185,18.94818,4630.0
2026-05-29 14:00:00,18.94812,18.95038,18.93202,18.94762,4992.0
2026-05-29 15:00:00,18.94916,18.95384,18.90873,18.9143,3964.0
2026-05-29 16:00:00,18.91425,18.95622,18.90625,18.91394,8743.0
2026-05-31 17:00:00,18.92114,18.99134,18.9119,18.94938,992.0
2026-05-31 18:00:00,18.95066,19.00285,18.93481,18.94162,8383.0
2026-05-31 19:00:00,18.94184,18.94398,18.91842,18.92383,8375.0
2026-05-31 20:00:00,18.92438,18.93044,18.88463,18.89174,7216.0
2026-05-31 21:00:00,18.8905,18.90427,18.86969,18.89712,5965.0
2026-05-31 22:00:00,18.8975,18.89919,18.86544,18.88235,4181.0
2026-05-31 23:00:00,18.87984,18.90094,18.86383,18.89366,3925.0
2026-06-01 00:00:00,18.89367,18.90622,18.8864,18.89916,3302.0
2026-06-01 01:00:00,18.90153,18.9127,18.89067,18.90184,1139.0
2026-06-01 02:00:00,18.90234,18.94585,18.89544,18.94508,2897.0
2026-06-01 03:00:00,18.9448,18.95573,18.92462,18.92978,4480.0
2026-06-01 04:00:00,18.92964,18.94558,18.9272,18.92932,3804.0
2026-06-01 05:00:00,18.92935,18.93422,18.90698,18.92533,4655.0
2026-06-01 06:00:00,18.92488,18.93032,18.91561,18.92272,4915.0
2026-06-01 07:00:00,18.92229,18.94658,18.92118,18.93848,4213.0
2026-06-01 08:00:00,18.93937,18.94207,18.90688,18.92052,4929.0
2026-06-01 09:00:00,18.91978,19.01406,18.91116,19.01218,9525.0
2026-06-01 10:00:00,19.01071,19.02514,18.97196,19.01136,7072.0
2026-06-01 11:00:00,19.01194,19.01194,18.95736,18.98986,6390.0
2026-06-01 12:00:00,18.98972,19.00822,18.96586,18.97041,7605.0
2026-06-01 13:00:00,18.97085,18.98715,18.9281,18.93768,8124.0
2026-06-01 14:00:00,18.93804,18.95696,18.93467,18.94834,3899.0
2026-06-01 15:00:00,18.94864,18.96411,18.94256,18.95744,4202.0
2026-06-01 16:00:00,18.95844,18.98202,18.94868,18.97085,2865.0
2026-06-01 17:00:00,19.0007,19.0007,18.94263,18.95125,364.0
2026-06-01 18:00:00,18.94339,18.98038,18.92835,18.97512,3523.0
2026-06-01 19:00:00,18.97545,18.98207,18.96478,18.96538,1502.0
2026-06-01 20:00:00,18.96428,18.99163,18.96176,18.98586,4506.0
2026-06-01 21:00:00,18.98621,18.99224,18.95447,18.98468,4910.0
2026-06-01 22:00:00,18.9857,18.9869,18.96163,18.96404,4367.0
2026-06-01 23:00:00,18.96469,18.98174,18.96056,18.9611,4966.0
2026-06-02 00:00:00,18.9613,18.96566,18.9393,18.94088,3895.0
2026-06-02 01:00:00,18.93948,18.9414,18.91486,18.9358,2485.0
2026-06-02 02:00:00,18.93603,18.93784,18.88258,18.88941,3469.0
2026-06-02 03:00:00,18.88913,18.90088,18.86894,18.8699,3816.0
2026-06-02 04:00:00,18.8702,18.87792,18.8614,18.8649,4257.0
2026-06-02 05:00:00,18.86512,18.88378,18.85646,18.8707,5875.0
2026-06-02 06:00:00,18.87077,18.87646,18.85314,18.85693,7428.0
2026-06-02 07:00:00,18.85663,18.89016,18.85468,18.8823,7687.0
2026-06-02 08:00:00,18.88256,18.89525,18.87255,18.88945,6236.0
2026-06-02 09:00:00,18.88902,18.90777,18.87826,18.89817,7718.0
2026-06-02 10:00:00,18.8984,18.91564,18.88115,18.89428,6128.0
2026-06-02 11:00:00,18.89488,18.9053,18.8793,18.89958,3725.0
2026-06-02 12:00:00,18.89928,18.91648,18.89226,18.89864,2914.0
2026-06-02 13:00:00,18.8979,18.91121,18.88994,18.90659,3436.0
2026-06-02 14:00:00,18.90594,18.90719,18.88414,18.8911,4366.0
2026-06-02 15:00:00,18.8915,18.89444,18.88449,18.88826,3642.0
2026-06-02 16:00:00,18.88832,18.8926,18.87447,18.88527,1304.0
2026-06-02 17:00:00,18.89029,18.90784,18.88549,18.90036,5539.0
2026-06-02 18:00:00,18.90044,18.90538,18.88322,18.89011,7833.0
2026-06-02 19:00:00,18.89034,18.91274,18.8864,18.88972,661.0
2026-06-02 20:00:00,18.88752,18.89386,18.87483,18.8871,3427.0
2026-06-02 21:00:00,18.8868,18.90587,18.88443,18.88576,3846.0
2026-06-02 22:00:00,18.88548,18.89693,18.88165,18.89604,2286.0
2026-06-02 23:00:00,18.89472,18.90555,18.88925,18.89745,3016.0
2026-06-03 00:00:00,18.89604,18.91953,18.89282,18.91777,2206.0
2026-06-03 01:00:00,18.91696,18.9411,18.89893,18.93758,2069.0
2026-06-03 02:00:00,18.937,18.96882,18.92528,18.94817,2317.0
2026-06-03 03:00:00,18.94707,18.95275,18.91174,18.91533,4563.0
2026-06-03 04:00:00,18.9143,18.94122,18.90766,18.92458,3124.0
2026-06-03 05:00:00,18.92455,18.93596,18.91255,18.91994,2975.0
2026-06-03 06:00:00,18.91996,18.9228,18.87912,18.91468,4107.0
2026-06-03 07:00:00,18.91396,18.91829,18.8957,18.89897,9088.0
2026-06-03 08:00:00,18.89923,18.92399,18.88634,18.91806,7095.0
2026-06-03 09:00:00,18.91724,18.94196,18.89908,18.9359,9413.0
2026-06-03 10:00:00,18.93618,18.93688,18.89597,18.90477,9256.0
2026-06-03 11:00:00,18.90501,18.93224,18.89616,18.92232,6757.0
2026-06-03 12:00:00,18.92248,18.96354,18.91452,18.95306,5061.0
2026-06-03 13:00:00,18.9531,18.98313,18.94493,18.97522,3789.0
2026-06-03 14:00:00,18.97488,18.99414,18.96934,18.98387,3259.0
2026-06-03 15:00:00,18.98368,18.99258,18.9696,18.97492,3700.0
2026-06-03 16:00:00,18.97506,18.97822,18.96134,18.97201,908.0
2026-06-03 17:00:00,18.99158,18.99313,18.94484,18.97836,998.0
2026-06-03 18:00:00,18.97814,18.98642,18.96974,18.97363,3143.0
2026-06-03 19:00:00,18.97524,18.98224,18.96995,18.97726,1496.0
2026-06-03 20:00:00,18.97698,18.98708,18.96363,18.9748,4288.0
2026-06-03 21:00:00,18.97684,18.98917,18.96638,18.98177,5401.0
2026-06-03 22:00:00,18.979,19.00088,18.979,18.9863,2866.0
2026-06-03 23:00:00,18.98624,18.98946,18.97144,18.97519,3516.0
2026-06-04 00:00:00,18.97469,18.99191,18.95986,18.96387,3700.0
2026-06-04 01:00:00,18.96471,18.98198,18.96296,18.96361,1125.0
2026-06-04 02:00:00,18.96359,18.96714,18.92695,18.94474,3171.0
2026-06-04 03:00:00,18.94393,18.96548,18.92942,18.93066,3299.0
2026-06-04 04:00:00,18.93012,18.93616,18.88158,18.8828,4825.0
2026-06-04 05:00:00,18.88253,18.9077,18.87748,18.89118,3224.0
2026-06-04 06:00:00,18.8923,18.92164,18.89132,18.9173,2362.0
2026-06-04 07:00:00,18.91698,18.91735,18.88248,18.88518,3461.0
2026-06-04 08:00:00,18.88637,18.92986,18.88249,18.90584,4219.0
2026-06-04 09:00:00,18.90546,18.9114,18.89382,18.90465,3885.0
2026-06-04 10:00:00,18.905,18.93492,18.90165,18.93016,3788.0
2026-06-04 11:00:00,18.93002,18.94758,18.91728,18.94246,3419.0
2026-06-04 12:00:00,18.9431,18.95395,18.93872,18.95032,2460.0
2026-06-04 13:00:00,18.95024,18.95904,18.94214,18.94529,3575.0
2026-06-04 14:00:00,18.94608,18.94882,18.9366,18.94284,3090.0
2026-06-04 15:00:00,18.94276,18.94644,18.93564,18.939,3776.0
2026-06-04 16:00:00,18.93934,18.94432,18.92836,18.93942,794.0
2026-06-04 17:00:00,18.93236,18.94669,18.91847,18.92608,1667.0
2026-06-04 18:00:00,18.934,18.94904,18.91458,18.94097,2999.0
2026-06-04 19:00:00,18.94234,18.95661,18.9371,18.95387,781.0
2026-06-04 20:00:00,18.95382,18.98234,18.94224,18.96834,4939.0
2026-06-04 21:00:00,18.966,18.98912,18.9576,18.96158,3360.0
2026-06-04 22:00:00,18.96094,18.96936,18.95066,18.96777,2446.0
2026-06-04 23:00:00,18.96653,18.97872,18.96203,18.97574,2331.0
2026-06-05 00:00:00,18.97481,18.97777,18.9527,18.95872,1682.0
2026-06-05 01:00:00,18.95837,18.97034,18.95554,18.96814,939.0
2026-06-05 02:00:00,18.96815,18.97619,18.94194,18.94496,2005.0
2026-06-05 03:00:00,18.94591,18.95183,18.92908,18.94774,3970.0
2026-06-05 04:00:00,18.94783,18.97097,18.94556,18.9625,3049.0
2026-06-05 05:00:00,18.96302,18.97424,18.93622,18.9551,3530.0
2026-06-05 06:00:00,18.95459,18.95608,18.91906,18.92917,3775.0
2026-06-05 07:00:00,18.93027,18.95221,18.92605,18.9426,2865.0
2026-06-05 08:00:00,18.94248,18.99767,18.90767,18.98558,5451.0
2026-06-05 09:00:00,18.98605,19.01898,18.96931,19.0128,7398.0
2026-06-05 10:00:00,19.0139,19.04082,18.9979,19.01916,6526.0
2026-06-05 11:00:00,19.01852,19.10524,19.01046,19.10512,4230.0
2026-06-05 12:00:00,19.1047,19.14462,19.0727,19.07334,4469.0
2026-06-05 13:00:00,19.07328,19.09783,19.06762,19.07858,6306.0
2026-06-05 14:00:00,19.07812,19.09466,19.06907,19.08908,3682.0
2026-06-05 15:00:00,19.08894,19.0999,19.06746,19.08148,2794.0
2026-06-05 16:00:00,19.08215,19.11718,19.06184,19.10815,6380.0
2026-06-07 17:00:00,19.10318,19.11328,19.08433,19.08976,222.0
2026-06-07 18:00:00,19.08756,19.10972,19.08395,19.10102,7613.0
2026-06-07 19:00:00,19.10078,19.10186,19.07836,19.08328,912.0
2026-06-07 20:00:00,19.08603,19.08753,19.03152,19.0422,2533.0
2026-06-07 21:00:00,19.04336,19.1082,19.03603,19.07554,2711.0
2026-06-07 22:00:00,19.0743,19.08495,19.0574,19.07154,4073.0
2026-06-07 23:00:00,19.07145,19.08628,19.06332,19.07732,4224.0
2026-06-08 00:00:00,19.07622,19.11303,19.07018,19.11138,3963.0
2026-06-08 01:00:00,19.11058,19.14618,19.10014,19.14116,3261.0
2026-06-08 02:00:00,19.14113,19.1757,19.11244,19.17083,3623.0
2026-06-08 03:00:00,19.17196,19.19163,19.09064,19.10436,4362.0
2026-06-08 04:00:00,19.1055,19.11374,19.0631,19.06628,4756.0
2026-06-08 05:00:00,19.06584,19.0943,19.03502,19.03546,4595.0
2026-06-08 06:00:00,19.0354,19.05876,19.01702,19.03624,4684.0
2026-06-08 07:00:00,19.03686,19.04672,18.9659,18.99512,6635.0
2026-06-08 08:00:00,18.995,19.02954,18.98561,19.00741,7314.0
2026-06-08 09:00:00,19.00732,19.05423,19.00294,19.0278,7969.0
2026-06-08 10:00:00,19.02773,19.06464,19.012,19.03264,6770.0
2026-06-08 11:00:00,19.03107,19.05694,19.02638,19.05428,4659.0
2026-06-08 12:00:00,19.05379,19.06184,19.04178,19.06026,4506.0
2026-06-08 13:00:00,19.06096,19.08056,19.06002,19.06928,6708.0
2026-06-08 14:00:00,19.06903,19.07007,19.0444,19.05328,6104.0
2026-06-08 15:00:00,19.05288,19.06578,19.04888,19.06288,5945.0
2026-06-08 16:00:00,19.06312,19.06642,19.04922,19.05267,1260.0
2026-06-08 17:00:00,19.02343,19.05662,19.022,19.03761,345.0
2026-06-08 18:00:00,19.03896,19.06125,19.02066,19.05027,3293.0
2026-06-08 19:00:00,19.05028,19.06194,19.0413,19.0577,1266.0
2026-06-08 20:00:00,19.0576,19.0698,19.05155,19.05534,5229.0
2026-06-08 21:00:00,19.05486,19.05757,19.01138,19.01624,5868.0
2026-06-08 22:00:00,19.01676,19.03137,19.0143,19.023,4447.0
2026-06-08 23:00:00,19.0232,19.03302,19.01434,19.02138,4015.0
2026-06-09 00:00:00,19.02172,19.03391,19.01068,19.01312,3838.0
2026-06-09 01:00:00,19.0127,19.01936,18.98988,18.99757,2427.0
2026-06-09 02:00:00,18.99758,19.01178,18.97893,18.9853,2829.0
2026-06-09 03:00:00,18.9839,19.01508,18.97554,18.98646,2801.0
2026-06-09 04:00:00,18.98682,19.0179,18.98074,19.01301,3458.0
2026-06-09 05:00:00,19.01432,19.03694,19.00254,19.03371,5211.0
2026-06-09 06:00:00,19.03372,19.04277,19.01928,19.0212,5565.0
2026-06-09 07:00:00,19.0214,19.03834,19.0213,19.03554,5971.0
2026-06-09 08:00:00,19.03604,19.05699,19.02926,19.03739,4608.0
2026-06-09 09:00:00,19.0374,19.04566,18.98025,19.00505,6146.0
2026-06-09 10:00:00,19.0055,19.0374,18.98176,19.01461,9044.0
2026-06-09 11:00:00,19.01442,19.06,19.0103,19.05275,6937.0
2026-06-09 12:00:00,19.053,19.13724,19.03514,19.0881,10669.0
2026-06-09 13:00:00,19.08814,19.09275,19.05692,19.08025,9442.0
2026-06-09 14:00:00,19.07989,19.08448,19.06022,19.06285,6576.0
2026-06-09 15:00:00,19.06314,19.08888,19.06078,19.06788,6597.0
2026-06-09 16:00:00,19.06658,19.07484,19.05728,19.06603,1448.0
2026-06-09 17:00:00,19.07824,19.10632,19.04342,19.07472,3149.0
2026-06-09 18:00:00,19.07601,19.09278,19.04492,19.07909,7147.0
2026-06-09 19:00:00,19.0784,19.08868,19.07614,19.0796,2255.0
2026-06-09 20:00:00,19.07976,19.09429,19.06506,19.07774,6439.0
2026-06-09 21:00:00,19.07622,19.09882,19.06872,19.0973,5159.0
2026-06-09 22:00:00,19.0971,19.11547,19.09046,19.11162,4416.0
2026-06-09 23:00:00,19.11287,19.11376,19.09008,19.09722,4084.0
2026-06-10 00:00:00,19.09728,19.13075,19.09462,19.12155,5523.0
2026-06-10 01:00:00,19.1223,19.14687,19.10866,19.1095,3112.0
2026-06-10 02:00:00,19.10918,19.11288,19.0567,19.08681,2480.0
2026-06-10 03:00:00,19.08738,19.09416,19.07292,19.08072,2759.0
2026-06-10 04:00:00,19.07902,19.1279,19.07902,19.11925,3553.0
2026-06-10 05:00:00,19.12064,19.13852,19.1067,19.12794,3988.0
2026-06-10 06:00:00,19.12802,19.15342,19.12494,19.13608,3843.0
2026-06-10 07:00:00,19.13569,19.17878,19.13097,19.15922,3611.0
2026-06-10 08:00:00,19.15905,19.16538,19.10212,19.12748,8526.0
2026-06-10 09:00:00,19.12753,19.14052,19.08009,19.09427,8355.0
2026-06-10 10:00:00,19.09262,19.10703,19.07253,19.08904,6598.0
2026-06-10 11:00:00,19.0891,19.12838,19.05924,19.08774,6485.0
2026-06-10 12:00:00,19.08721,19.12134,19.08124,19.11886,4349.0
2026-06-10 13:00:00,19.11864,19.12535,19.0994,19.10536,6736.0
2026-06-10 14:00:00,19.10477,19.12666,19.09575,19.11356,7405.0
2026-06-10 15:00:00,19.11306,19.12799,19.10846,19.12038,6765.0
2026-06-10 16:00:00,19.12006,19.13072,19.11082,19.1288,1554.0
2026-06-10 17:00:00,19.11189,19.13253,19.08207,19.109,2280.0
2026-06-10 18:00:00,19.12273,19.13162,19.10848,19.12711,6528.0
2026-06-10 19:00:00,19.12748,19.15352,19.1144,19.1363,1371.0
2026-06-10 20:00:00,19.13382,19.14392,19.10698,19.118,2079.0
2026-06-10 21:00:00,19.11716,19.11739,19.07852,19.10997,4602.0
2026-06-10 22:00:00,19.10834,19.13674,19.09866,19.12534,4789.0
2026-06-10 23:00:00,19.12469,19.12906,19.09902,19.1,4230.0
2026-06-11 00:00:00,19.0994,19.11038,19.08154,19.0889,4861.0
2026-06-11 01:00:00,19.08924,19.10124,19.08442,19.08802,2262.0
2026-06-11 02:00:00,19.08772,19.11279,19.08594,19.10962,3321.0
2026-06-11 03:00:00,19.10977,19.11967,19.08058,19.09905,3837.0
2026-06-11 04:00:00,19.0992,19.10417,19.06366,19.06557,2765.0
2026-06-11 05:00:00,19.06666,19.0735,19.02304,19.04062,3806.0
2026-06-11 06:00:00,19.04034,19.05629,19.02842,19.04178,4776.0
2026-06-11 07:00:00,19.04173,19.06032,19.03263,19.0456,5036.0
2026-06-11 08:00:00,19.04693,19.10096,19.03666,19.06098,7936.0
2026-06-11 09:00:00,19.06038,19.06773,18.98837,19.00038,6685.0
2026-06-11 10:00:00,19.00032,19.02414,18.98485,19.01947,9178.0
2026-06-11 11:00:00,19.01887,19.03159,18.98541,18.99844,7465.0
2026-06-11 12:00:00,18.99889,19.02824,18.98782,19.02138,2717.0
2026-06-11 13:00:00,19.02212,19.02666,18.8749,18.89503,8665.0
2026-06-11 14:00:00,18.89518,18.93506,18.87228,18.90014,4721.0
2026-06-11 15:00:00,18.90076,18.91135,18.82026,18.82424,4747.0
2026-06-11 16:00:00,18.82399,18.8486,18.78893,18.82959,2337.0
2026-06-11 17:00:00,18.82236,18.83224,18.80966,18.82196,1894.0
2026-06-11 18:00:00,18.82216,18.83997,18.80616,18.83974,3953.0
2026-06-11 19:00:00,18.8398,18.85756,18.82868,18.85239,2312.0
2026-06-11 20:00:00,18.85296,18.86746,18.84492,18.85549,3677.0
2026-06-11 21:00:00,18.85565,18.87707,18.85184,18.85287,3358.0
2026-06-11 22:00:00,18.85267,18.86093,18.84335,18.85383,3888.0
2026-06-11 23:00:00,18.8539,18.86833,18.84704,18.8493,5052.0
2026-06-12 00:00:00,18.85111,18.86378,18.83318,18.84499,2976.0
2026-06-12 01:00:00,18.84488,18.87778,18.835,18.86888,4013.0
2026-06-12 02:00:00,18.86886,18.88287,18.82842,18.85432,2303.0
2026-06-12 03:00:00,18.85456,18.89712,18.8425,18.85582,3024.0
2026-06-12 04:00:00,18.8546,18.85966,18.81008,18.82703,3711.0
2026-06-12 05:00:00,18.82685,18.84744,18.79174,18.8452,3204.0
2026-06-12 06:00:00,18.84576,18.8771,18.8298,18.84718,3126.0
2026-06-12 07:00:00,18.84616,18.85962,18.83364,18.84678,1616.0
2026-06-12 08:00:00,18.84736,18.88464,18.84574,18.87672,4184.0
2026-06-12 09:00:00,18.87516,18.90236,18.85044,18.87776,5118.0
2026-06-12 10:00:00,18.87782,18.91386,18.85267,18.85483,7501.0
2026-06-12 11:00:00,18.85391,18.8819,18.84254,18.87342,6068.0
2026-06-12 12:00:00,18.87422,18.8853,18.83288,18.8434,5849.0
2026-06-12 13:00:00,18.84346,18.85844,18.8316,18.85494,4588.0
2026-06-12 14:00:00,18.85514,18.86172,18.83878,18.85888,4625.0
2026-06-12 15:00:00,18.85877,18.86125,18.84088,18.84427,3743.0
2026-06-12 16:00:00,18.84576,18.86172,18.82811,18.84688,2088.0
2026-06-14 17:00:00,18.85488,18.89028,18.78678,18.79286,1101.0
2026-06-14 18:00:00,18.796,18.81716,18.78257,18.80258,6594.0
2026-06-14 19:00:00,18.80374,18.80571,18.76536,18.76566,2755.0
2026-06-14 20:00:00,18.76516,18.78643,18.75394,18.7834,2782.0
2026-06-14 21:00:00,18.78129,18.79568,18.76792,18.77962,4719.0
2026-06-14 22:00:00,18.77968,18.78284,18.71931,18.72252,3850.0
2026-06-14 23:00:00,18.72366,18.74399,18.7203,18.73958,4801.0
2026-06-15 00:00:00,18.7397,18.76992,18.7361,18.7585,4687.0
2026-06-15 01:00:00,18.75906,18.76906,18.75041,18.76302,2063.0
2026-06-15 02:00:00,18.76294,18.77984,18.75643,18.7667,1937.0
2026-06-15 03:00:00,18.76626,18.78388,18.7424,18.76718,2589.0
2026-06-15 04:00:00,18.76694,18.77981,18.75223,18.77544,1870.0
2026-06-15 05:00:00,18.77496,18.7868,18.76706,18.78535,2823.0
2026-06-15 06:00:00,18.78548,18.80305,18.78082,18.78547,2302.0
2026-06-15 07:00:00,18.78617,18.8174,18.77686,18.8089,2833.0
2026-06-15 08:00:00,18.80894,18.82504,18.78536,18.79312,3934.0
2026-06-15 09:00:00,18.7936,18.80594,18.76074,18.79518,4481.0
2026-06-15 10:00:00,18.79494,18.80956,18.7723,18.784,4594.0
2026-06-15 11:00:00,18.78456,18.80151,18.77798,18.7797,2566.0
2026-06-15 12:00:00,18.77904,18.79165,18.76694,18.78802,2641.0
2026-06-15 13:00:00,18.78766,18.80004,18.786,18.78735,3334.0
2026-06-15 14:00:00,18.78792,18.79668,18.78168,18.78457,3462.0
2026-06-15 15:00:00,18.78451,18.79944,18.78246,18.78324,2963.0
2026-06-15 16:00:00,18.78384,18.79322,18.78146,18.78729,679.0
2026-06-15 17:00:00,18.78128,18.7974,18.75466,18.7606,353.0
2026-06-15 18:00:00,18.76027,18.78345,18.75845,18.77076,3817.0
2026-06-15 19:00:00,18.7708,18.77767,18.75918,18.77767,1688.0
2026-06-15 20:00:00,18.7797,18.79621,18.7795,18.78085,804.0
2026-06-15 21:00:00,18.78278,18.79928,18.77593,18.79553,1199.0
2026-06-15 22:00:00,18.79658,18.8011,18.78602,18.79139,887.0
2026-06-15 23:00:00,18.78846,18.79918,18.77962,18.78272,832.0
2026-06-16 00:00:00,18.78278,18.79495,18.77824,18.78234,965.0
2026-06-16 01:00:00,18.78153,18.78383,18.77186,18.78072,982.0
2026-06-16 02:00:00,18.78063,18.78871,18.75492,18.76908,911.0
2026-06-16 03:00:00,18.76796,18.78356,18.7635,18.77634,1073.0
2026-06-16 04:00:00,18.77684,18.77684,18.74566,18.75876,1307.0
2026-06-16 05:00:00,18.75876,18.77081,18.7508,18.75704,1233.0
2026-06-16 06:00:00,18.75704,18.76622,18.73224,18.73803,1090.0
2026-06-16 07:00:00,18.73744,18.78368,18.73541,18.77892,1940.0
2026-06-16 08:00:00,18.77849,18.78548,18.75921,18.76021,2195.0
2026-06-16 09:00:00,18.76136,18.80124,18.76078,18.79988,2346.0
2026-06-16 10:00:00,18.79909,18.82191,18.78133,18.81606,4542.0
2026-06-16 11:00:00,18.8162,18.8185,18.78798,18.79555,3223.0
2026-06-16 12:00:00,18.79575,18.80646,18.7866,18.80305,2617.0
2026-06-16 13:00:00,18.80306,18.8111,18.79435,18.7966,4606.0
2026-06-16 14:00:00,18.7972,18.80804,18.79,18.80738,3654.0
2026-06-16 15:00:00,18.80762,18.80902,18.79682,18.80308,4151.0
2026-06-16 16:00:00,18.80204,18.80735,18.79527,18.79712,1385.0
2026-06-16 17:00:00,18.78671,18.79932,18.78052,18.78791,3298.0
2026-06-16 18:00:00,18.79287,18.79959,18.78698,18.7973,3321.0
2026-06-16 19:00:00,18.79714,18.80727,18.79524,18.79835,1712.0
2026-06-16 20:00:00,18.79658,18.80998,18.78582,18.78972,2300.0
2026-06-16 21:00:00,18.79168,18.79713,18.77648,18.78702,1132.0
2026-06-16 22:00:00,18.78656,18.80532,18.78528,18.80263,1067.0
2026-06-16 23:00:00,18.80266,18.81382,18.79747,18.8007,1037.0
2026-06-17 00:00:00,18.80068,18.80196,18.79087,18.79286,1700.0
2026-06-17 01:00:00,18.79302,18.80908,18.79083,18.80182,1556.0
2026-06-17 02:00:00,18.80214,18.81552,18.79339,18.81189,1349.0
2026-06-17 03:00:00,18.81088,18.83216,18.80129,18.83161,2459.0
2026-06-17 04:00:00,18.83194,18.85032,18.82055,18.82403,2060.0
2026-06-17 05:00:00,18.82361,18.83192,18.80485,18.81361,1668.0
2026-06-17 06:00:00,18.81359,18.8264,18.80468,18.81268,1729.0
2026-06-17 07:00:00,18.81286,18.81904,18.79862,18.81331,1203.0
2026-06-17 08:00:00,18.8106,18.81786,18.764,18.76934,2023.0
2026-06-17 09:00:00,18.76868,18.77705,18.74068,18.756,2432.0
2026-06-17 10:00:00,18.75605,18.78102,18.74245,18.75463,4178.0
2026-06-17 11:00:00,18.75535,18.76544,18.7351,18.74488,2831.0
2026-06-17 12:00:00,18.74508,18.75314,18.73422,18.73652,2261.0
2026-06-17 13:00:00,18.73601,18.75225,18.72836,18.74827,3004.0
2026-06-17 14:00:00,18.75345,18.8517,18.69684,18.83486,23053.0
2026-06-17 15:00:00,18.83587,18.91526,18.80936,18.88534,11787.0
2026-06-17 16:00:00,18.88578,18.88672,18.83716,18.85862,3122.0
2026-06-17 17:00:00,18.88498,18.89549,18.85658,18.88293,1061.0
2026-06-17 18:00:00,18.8957,18.8957,18.84274,18.85276,3898.0
2026-06-17 19:00:00,18.85095,18.85227,18.83318,18.83668,1277.0
2026-06-17 20:00:00,18.83629,18.83629,18.81242,18.83463,4596.0
2026-06-17 21:00:00,18.83408,18.83571,18.80366,18.81194,5580.0
2026-06-17 22:00:00,18.8105,18.81735,18.80079,18.8087,4729.0
2026-06-17 23:00:00,18.80936,18.81499,18.80448,18.80658,4563.0
2026-06-18 00:00:00,18.80688,18.8102,18.791,18.80223,5244.0
2026-06-18 01:00:00,18.80315,18.81396,18.78333,18.79839,2694.0
2026-06-18 02:00:00,18.79836,18.84656,18.78906,18.84514,3957.0
2026-06-18 03:00:00,18.8447,18.87466,18.82627,18.83798,6145.0
2026-06-18 04:00:00,18.83832,18.87456,18.81947,18.87298,4205.0
2026-06-18 05:00:00,18.87436,18.87714,18.83002,18.83856,3900.0
2026-06-18 06:00:00,18.83896,18.86612,18.83196,18.8609,3050.0
2026-06-18 07:00:00,18.86086,18.86203,18.8317,18.84615,3955.0
2026-06-18 08:00:00,18.84514,18.85067,18.8024,18.82289,5022.0
2026-06-18 09:00:00,18.82354,18.83374,18.78479,18.80785,5531.0
2026-06-18 10:00:00,18.80838,18.838,18.79764,18.83748,4018.0
2026-06-18 11:00:00,18.83815,18.88192,18.83734,18.86439,4440.0
2026-06-18 12:00:00,18.86531,18.87459,18.85022,18.85448,3299.0
2026-06-18 13:00:00,18.85404,18.85864,18.83519,18.84724,3604.0
2026-06-18 14:00:00,18.8465,18.86415,18.84514,18.86011,2452.0
2026-06-18 15:00:00,18.85936,18.86673,18.8406,18.84724,2628.0
2026-06-18 16:00:00,18.84782,18.85191,18.83284,18.84039,1098.0
2026-06-18 17:00:00,18.82924,18.83408,18.80932,18.82853,282.0
2026-06-18 18:00:00,18.83306,18.8474,18.81356,18.8374,4379.0
2026-06-18 19:00:00,18.83749,18.84401,18.83328,18.843,1047.0
2026-06-18 20:00:00,18.84324,18.85158,18.8307,18.83275,1553.0
2026-06-18 21:00:00,18.83239,18.85166,18.83023,18.84894,2685.0
2026-06-18 22:00:00,18.84924,18.85972,18.84456,18.85182,3699.0
2026-06-18 23:00:00,18.85204,18.88364,18.85039,18.87521,3521.0
2026-06-19 00:00:00,18.87382,18.89812,18.8717,18.88918,3278.0
2026-06-19 01:00:00,18.88886,18.8893,18.8495,18.85732,2440.0
2026-06-19 02:00:00,18.85668,18.9008,18.85432,18.87944,2557.0
2026-06-19 03:00:00,18.87862,18.89994,18.8698,18.87623,2672.0
2026-06-19 04:00:00,18.87418,18.89198,18.86119,18.87493,1905.0
2026-06-19 05:00:00,18.87446,18.90541,18.87087,18.87642,1725.0
2026-06-19 06:00:00,18.87688,18.90561,18.87202,18.89826,1400.0
2026-06-19 07:00:00,18.89875,18.9069,18.88692,18.88846,1974.0
2026-06-19 08:00:00,18.8881,18.90683,18.84556,18.85557,2403.0
2026-06-19 09:00:00,18.85674,18.89484,18.85248,18.89181,2631.0
2026-06-19 10:00:00,18.89162,18.89597,18.86166,18.86714,3721.0
2026-06-19 11:00:00,18.86659,18.88781,18.86659,18.87468,986.0
2026-06-19 12:00:00,18.87486,18.88534,18.87124,18.87969,568.0
2026-06-19 13:00:00,18.87996,18.88533,18.86889,18.86889,1741.0
2026-06-19 14:00:00,18.86998,18.87816,18.86544,18.87211,1704.0
2026-06-19 15:00:00,18.87224,18.895,18.85908,18.87036,1519.0
2026-06-19 16:00:00,18.87011,18.93837,18.84422,18.90273,11572.0
2026-06-21 17:00:00,18.9041,18.91233,18.87552,18.87774,1748.0
2026-06-21 18:00:00,18.87775,18.88785,18.84242,18.85667,2661.0
2026-06-21 19:00:00,18.85824,18.87829,18.85824,18.86814,3294.0
2026-06-21 20:00:00,18.86812,18.86812,18.81194,18.81739,2629.0
2026-06-21 21:00:00,18.81954,18.83034,18.80864,18.82499,2176.0
2026-06-21 22:00:00,18.82489,18.83746,18.81932,18.82986,3940.0
2026-06-21 23:00:00,18.82982,18.83949,18.82451,18.83488,2796.0
2026-06-22 00:00:00,18.83488,18.84013,18.82914,18.83345,3959.0
2026-06-22 01:00:00,18.83324,18.83418,18.8147,18.82734,1473.0
2026-06-22 02:00:00,18.827,18.84318,18.80756,18.81076,1752.0
2026-06-22 03:00:00,18.81018,18.85469,18.80296,18.8433,3274.0
2026-06-22 04:00:00,18.84384,18.86584,18.83892,18.85846,2192.0
2026-06-22 05:00:00,18.85958,18.86247,18.83168,18.84439,3064.0
2026-06-22 06:00:00,18.84449,18.84449,18.8099,18.81803,1900.0
2026-06-22 07:00:00,18.81871,18.81904,18.78552,18.79896,1608.0
2026-06-22 08:00:00,18.79814,18.80868,18.79461,18.80266,2876.0
2026-06-22 09:00:00,18.80342,18.80372,18.7616,18.77049,4982.0
2026-06-22 10:00:00,18.76977,18.77984,18.74784,18.75313,4635.0
2026-06-22 11:00:00,18.75243,18.76266,18.73498,18.7377,4331.0
2026-06-22 12:00:00,18.7379,18.75101,18.73605,18.74622,2783.0
2026-06-22 13:00:00,18.74608,18.74896,18.73209,18.73718,3430.0
2026-06-22 14:00:00,18.7374,18.7448,18.73396,18.73647,4109.0
2026-06-22 15:00:00,18.73613,18.74844,18.7338,18.74106,3483.0
2026-06-22 16:00:00,18.74066,18.75076,18.73528,18.74258,1478.0
2026-06-22 17:00:00,18.73931,18.7587,18.71653,18.74068,2400.0
2026-06-22 18:00:00,18.74241,18.75692,18.73514,18.74789,6075.0
2026-06-22 19:00:00,18.74927,18.75018,18.73402,18.74774,2619.0
2026-06-22 20:00:00,18.74867,18.76373,18.73658,18.74369,3544.0
2026-06-22 21:00:00,18.74358,18.76856,18.73754,18.75565,2354.0
2026-06-22 22:00:00,18.75486,18.76729,18.74703,18.76722,3130.0
2026-06-22 23:00:00,18.76623,18.77867,18.76002,18.7624,2862.0
2026-06-23 00:00:00,18.76062,18.79456,18.75854,18.79046,3382.0
2026-06-23 01:00:00,18.7907,18.80062,18.78454,18.79697,1027.0
2026-06-23 02:00:00,18.79692,18.84868,18.78379,18.83676,2393.0
2026-06-23 03:00:00,18.8365,18.8541,18.81974,18.83213,5019.0
2026-06-23 04:00:00,18.83242,18.84473,18.81365,18.81421,5488.0
2026-06-23 05:00:00,18.8143,18.8164,18.78471,18.7858,6921.0
2026-06-23 06:00:00,18.78594,18.80266,18.77448,18.7947,6315.0
2026-06-23 07:00:00,18.79414,18.79889,18.7737,18.78339,2759.0
2026-06-23 08:00:00,18.78444,18.7965,18.7719,18.78275,3866.0
2026-06-23 09:00:00,18.7834,18.82486,18.78134,18.79866,3423.0
2026-06-23 10:00:00,18.7977,18.8079,18.76688,18.79465,6177.0
2026-06-23 11:00:00,18.7952,18.80623,18.77745,18.80316,4544.0
2026-06-23 12:00:00,18.80219,18.83123,18.79236,18.82577,2197.0
2026-06-23 13:00:00,18.82574,18.83752,18.81828,18.83682,3237.0
2026-06-23 14:00:00,18.83769,18.85576,18.83232,18.85129,1673.0
2026-06-23 15:00:00,18.85124,18.85178,18.83152,18.8406,4477.0
2026-06-23 16:00:00,18.84144,18.84389,18.82824,18.83045,1150.0
2026-06-23 17:00:00,18.82673,18.83541,18.78845,18.81653,4141.0
2026-06-23 18:00:00,18.81738,18.83734,18.80569,18.83335,2761.0
2026-06-23 19:00:00,18.8318,18.83655,18.82423,18.82538,986.0
2026-06-23 20:00:00,18.8245,18.83575,18.81158,18.81907,3475.0
2026-06-23 21:00:00,18.81923,18.84004,18.81504,18.82189,5705.0
2026-06-23 22:00:00,18.82134,18.8565,18.81821,18.85368,3496.0
2026-06-23 23:00:00,18.85224,18.86102,18.82832,18.83634,4343.0
2026-06-24 00:00:00,18.83533,18.8502,18.83176,18.834,4572.0
2026-06-24 01:00:00,18.83367,18.83682,18.81609,18.8236,1559.0
2026-06-24 02:00:00,18.82418,18.83526,18.80468,18.83272,2463.0
2026-06-24 03:00:00,18.83314,18.87906,18.83177,18.87797,4333.0
2026-06-24 04:00:00,18.8786,18.88774,18.84469,18.85507,4204.0
2026-06-24 05:00:00,18.85452,18.87468,18.85144,18.859,4142.0
2026-06-24 06:00:00,18.85914,18.87619,18.84276,18.85021,3454.0
2026-06-24 07:00:00,18.85063,18.87802,18.8243,18.82846,4395.0
2026-06-24 08:00:00,18.82783,18.89036,18.82642,18.87622,5218.0
2026-06-24 09:00:00,18.87604,18.87622,18.81619,18.81938,5520.0
2026-06-24 10:00:00,18.81882,18.8527,18.80954,18.84729,4944.0
2026-06-24 11:00:00,18.84731,18.85407,18.81268,18.81294,3338.0
2026-06-24 12:00:00,18.81354,18.82516,18.79186,18.79704,2583.0
2026-06-24 13:00:00,18.79686,18.8483,18.79356,18.84814,5344.0
2026-06-24 14:00:00,18.84794,18.86383,18.83042,18.84786,4894.0
2026-06-24 15:00:00,18.84856,18.85996,18.83956,18.83974,4217.0
2026-06-24 16:00:00,18.83962,18.8426,18.80212,18.8141,1966.0
2026-06-24 17:00:00,18.79694,18.84481,18.79519,18.80556,2769.0
2026-06-24 18:00:00,18.80551,18.81881,18.80551,18.81371,2307.0
2026-06-24 19:00:00,18.81376,18.8161,18.80696,18.81176,1590.0
2026-06-24 20:00:00,18.81148,18.82757,18.80742,18.82374,5212.0
2026-06-24 21:00:00,18.8245,18.84079,18.80555,18.83728,5395.0
2026-06-24 22:00:00,18.8397,18.84572,18.82424,18.82598,5158.0
2026-06-24 23:00:00,18.82659,18.83332,18.81494,18.81836,4573.0
2026-06-25 00:00:00,18.81866,18.82453,18.79826,18.80326,3815.0
2026-06-25 01:00:00,18.8043,18.81424,18.79348,18.8092,2063.0
2026-06-25 02:00:00,18.80929,18.84671,18.80514,18.81844,2892.0
2026-06-25 03:00:00,18.8173,18.8307,18.80834,18.81174,6473.0
2026-06-25 04:00:00,18.81178,18.81388,18.7865,18.79742,4016.0
2026-06-25 05:00:00,18.79732,18.81444,18.78306,18.8024,5000.0
2026-06-25 06:00:00,18.8025,18.80335,18.78118,18.78716,4523.0
2026-06-25 07:00:00,18.7871,18.79967,18.77978,18.79967,3719.0
2026-06-25 08:00:00,18.79862,18.80154,18.7089,18.71333,6629.0
2026-06-25 09:00:00,18.71283,18.77524,18.70321,18.76695,6361.0
2026-06-25 10:00:00,18.76676,18.76744,18.71474,18.7467,6503.0
2026-06-25 11:00:00,18.74735,18.77506,18.7281,18.73044,4102.0
2026-06-25 12:00:00,18.73207,18.75274,18.7202,18.74748,3004.0
2026-06-25 13:00:00,18.7481,18.74882,18.71732,18.73021,5479.0
2026-06-25 14:00:00,18.73023,18.7477,18.72884,18.73854,4426.0
2026-06-25 15:00:00,18.73828,18.75682,18.73595,18.74582,4160.0
2026-06-25 16:00:00,18.74546,18.75756,18.73746,18.74997,1075.0
2026-06-25 17:00:00,18.69507,18.74998,18.68347,18.73993,1851.0
2026-06-25 18:00:00,18.73984,18.75274,18.72328,18.74864,5000.0
2026-06-25 19:00:00,18.74928,18.76128,18.74368,18.752,1709.0
2026-06-25 20:00:00,18.75097,18.76214,18.74744,18.75827,3629.0
2026-06-25 21:00:00,18.75847,18.77622,18.74782,18.77239,4718.0
2026-06-25 22:00:00,18.77038,18.81336,18.76942,18.80647,5314.0
2026-06-25 23:00:00,18.80602,18.81102,18.78993,18.79125,5911.0
2026-06-26 00:00:00,18.79218,18.80498,18.7829,18.80271,6399.0
2026-06-26 01:00:00,18.8028,18.80484,18.77882,18.7872,2242.0
2026-06-26 02:00:00,18.78669,18.79878,18.7522,18.76256,3163.0
2026-06-26 03:00:00,18.76316,18.79701,18.76192,18.79191,3884.0
2026-06-26 04:00:00,18.79164,18.79248,18.74955,18.76784,5041.0
2026-06-26 05:00:00,18.76736,18.77595,18.72872,18.74964,4347.0
2026-06-26 06:00:00,18.74988,18.76006,18.73782,18.74285,3605.0
2026-06-26 07:00:00,18.7428,18.77112,18.74108,18.7683,3888.0
2026-06-26 08:00:00,18.76882,18.80292,18.75158,18.79968,2678.0
2026-06-26 09:00:00,18.79957,18.82408,18.78642,18.80092,6945.0
2026-06-26 10:00:00,18.80245,18.80306,18.75419,18.75646,8570.0
2026-06-26 11:00:00,18.75694,18.77466,18.75022,18.76445,3936.0
2026-06-26 12:00:00,18.76474,18.76474,18.73714,18.74677,3160.0
2026-06-26 13:00:00,18.74678,18.75434,18.73994,18.75137,3896.0
2026-06-26 14:00:00,18.75216,18.76369,18.7494,18.76136,3822.0
2026-06-26 15:00:00,18.76078,18.76228,18.74614,18.75434,2544.0
2026-06-26 16:00:00,18.75516,18.76238,18.71592,18.73113,3912.0
2026-06-28 17:00:00,18.74193,18.74686,18.72477,18.72991,400.0
2026-06-28 18:00:00,18.73542,18.75483,18.7234,18.74558,3558.0
2026-06-28 19:00:00,18.74542,18.76121,18.7322,18.76121,883.0
2026-06-28 20:00:00,18.76248,18.78265,18.75349,18.77134,3629.0
2026-06-28 21:00:00,18.7711,18.78597,18.76483,18.7727,5007.0
2026-06-28 22:00:00,18.77307,18.7875,18.75068,18.75995,6065.0
2026-06-28 23:00:00,18.76015,18.7631,18.74204,18.75,6682.0
2026-06-29 00:00:00,18.7499,18.76048,18.74376,18.7571,5377.0
2026-06-29 01:00:00,18.7558,18.7588,18.72768,18.73573,3251.0
2026-06-29 02:00:00,18.73564,18.74406,18.72252,18.73638,2301.0
2026-06-29 03:00:00,18.73634,18.73854,18.70454,18.73314,3075.0
2026-06-29 04:00:00,18.7333,18.74788,18.72965,18.74632,2894.0
2026-06-29 05:00:00,18.74732,18.75392,18.72957,18.75189,3895.0
2026-06-29 06:00:00,18.75154,18.75491,18.73224,18.73361,2135.0
2026-06-29 07:00:00,18.73324,18.73864,18.71099,18.72896,3283.0
2026-06-29 08:00:00,18.7295,18.74375,18.7188,18.72943,3545.0
2026-06-29 09:00:00,18.72922,18.77604,18.72518,18.76722,3959.0
2026-06-29 10:00:00,18.76712,18.78336,18.75928,18.77623,6161.0
2026-06-29 11:00:00,18.77548,18.78064,18.7616,18.77112,4281.0
2026-06-29 12:00:00,18.7721,18.77894,18.76,18.77078,4367.0
2026-06-29 13:00:00,18.77064,18.77081,18.7435,18.75324,5981.0
2026-06-29 14:00:00,18.75354,18.7542,18.73948,18.74173,4121.0
2026-06-29 15:00:00,18.74193,18.75574,18.74193,18.7519,5382.0
2026-06-29 16:00:00,18.75212,18.75852,18.74704,18.75586,1295.0
2026-06-29 17:00:00,18.79303,18.79733,18.77036,18.79355,288.0
2026-06-29 18:00:00,18.75904,18.77146,18.75072,18.76301,1616.0
2026-06-29 19:00:00,18.76273,18.76297,18.74668,18.75301,550.0
2026-06-29 20:00:00,18.75438,18.78647,18.75438,18.77809,5279.0
2026-06-29 21:00:00,18.77814,18.79578,18.75765,18.77039,7934.0
2026-06-29 22:00:00,18.77069,18.7892,18.76701,18.77486,7138.0
2026-06-29 23:00:00,18.77455,18.77555,18.75243,18.76748,5842.0
2026-06-30 00:00:00,18.76723,18.7684,18.73835,18.7472,5363.0
2026-06-30 01:00:00,18.74688,18.75828,18.73283,18.73985,4611.0
2026-06-30 02:00:00,18.7368,18.74935,18.71846,18.72638,4377.0
2026-06-30 03:00:00,18.72677,18.73798,18.70658,18.71161,2716.0
2026-06-30 04:00:00,18.71144,18.71766,18.68404,18.69346,3866.0
2026-06-30 05:00:00,18.69244,18.6938,18.63732,18.6575,2754.0
2026-06-30 06:00:00,18.6573,18.67675,18.65248,18.6562,2674.0
2026-06-30 07:00:00,18.65622,18.66468,18.64682,18.64774,3205.0
2026-06-30 08:00:00,18.64767,18.69338,18.64434,18.68365,3067.0
2026-06-30 09:00:00,18.68285,18.68905,18.67342,18.68036,3150.0
2026-06-30 10:00:00,18.6801,18.74804,18.67222,18.7379,5415.0
2026-06-30 11:00:00,18.73726,18.74231,18.71569,18.71766,4044.0
2026-06-30 12:00:00,18.71866,18.72479,18.70762,18.71574,3433.0
2026-06-30 13:00:00,18.71556,18.71912,18.70798,18.71394,4900.0
2026-06-30 14:00:00,18.71396,18.72148,18.7058,18.71172,5450.0
2026-06-30 15:00:00,18.71166,18.7182,18.70648,18.71734,4700.0
2026-06-30 16:00:00,18.71764,18.72415,18.71234,18.7239,1115.0
2026-06-30 17:00:00,18.72472,18.72834,18.71922,18.72537,1715.0
2026-06-30 18:00:00,18.72729,18.73418,18.70222,18.70658,4375.0
2026-06-30 19:00:00,18.70669,18.71347,18.69888,18.70154,2296.0
2026-06-30 20:00:00,18.70185,18.73278,18.70008,18.72317,5834.0
2026-06-30 21:00:00,18.72204,18.74016,18.71896,18.73338,5114.0
2026-06-30 22:00:00,18.73318,18.74258,18.722,18.73068,4554.0
2026-06-30 23:00:00,18.73066,18.73218,18.72286,18.72594,3573.0
2026-07-01 00:00:00,18.72564,18.73609,18.72564,18.7338,3623.0
2026-07-01 01:00:00,18.73395,18.73632,18.72334,18.72778,1867.0
2026-07-01 02:00:00,18.72864,18.75456,18.72693,18.74948,1921.0
2026-07-01 03:00:00,18.74953,18.76166,18.72562,18.72702,2252.0
2026-07-01 04:00:00,18.7274,18.72982,18.69728,18.70909,2487.0
2026-07-01 05:00:00,18.70862,18.71706,18.69594,18.70939,2442.0
2026-07-01 06:00:00,18.7095,18.71634,18.69286,18.69999,1904.0
2026-07-01 07:00:00,18.6994,18.71196,18.69558,18.69703,1599.0
2026-07-01 08:00:00,18.69818,18.7108,18.68422,18.69158,2971.0
2026-07-01 09:00:00,18.69091,18.70954,18.65123,18.66331,7280.0
2026-07-01 10:00:00,18.66508,18.67134,18.63049,18.66832,4483.0
2026-07-01 11:00:00,18.66854,18.67616,18.65856,18.66881,3911.0
2026-07-01 12:00:00,18.66942,18.67344,18.65876,18.66878,3097.0
2026-07-01 13:00:00,18.66844,18.68194,18.66214,18.6779,4508.0
2026-07-01 14:00:00,18.6772,18.68377,18.67181,18.67817,4104.0
2026-07-01 15:00:00,18.67852,18.67852,18.66732,18.67317,4981.0
2026-07-01 16:00:00,18.67338,18.67945,18.66712,18.6718,1095.0
2026-07-01 17:00:00,18.64588,18.6675,18.64096,18.66545,1150.0
2026-07-01 18:00:00,18.66758,18.68007,18.66299,18.66598,1744.0
2026-07-01 19:00:00,18.66621,18.67935,18.66329,18.6742,1118.0
2026-07-01 20:00:00,18.67308,18.68578,18.66612,18.67011,3967.0
2026-07-01 21:00:00,18.67094,18.67335,18.63928,18.64437,4327.0
2026-07-01 22:00:00,18.64487,18.6498,18.63861,18.64665,3461.0
2026-07-01 23:00:00,18.64777,18.65452,18.64168,18.64305,2994.0
2026-07-02 00:00:00,18.64285,18.6667,18.64167,18.66018,3982.0
2026-07-02 01:00:00,18.66016,18.6664,18.65374,18.66248,1972.0
2026-07-02 02:00:00,18.66294,18.67566,18.65468,18.66493,2561.0
2026-07-02 03:00:00,18.66498,18.69962,18.66498,18.69572,3074.0
2026-07-02 04:00:00,18.69639,18.70306,18.67384,18.67799,3961.0
2026-07-02 05:00:00,18.67848,18.70298,18.6774,18.6942,3866.0
2026-07-02 06:00:00,18.6936,18.69951,18.66813,18.67756,4525.0
2026-07-02 07:00:00,18.677,18.68647,18.67142,18.68428,4277.0
2026-07-02 08:00:00,18.68618,18.69082,18.61144,18.6272,9286.0
2026-07-02 09:00:00,18.62716,18.62752,18.5704,18.5776,7626.0
2026-07-02 10:00:00,18.57845,18.60677,18.57433,18.5862,6847.0
2026-07-02 11:00:00,18.58578,18.60969,18.56854,18.58364,6167.0
2026-07-02 12:00:00,18.5835,18.62012,18.58282,18.60451,4697.0
2026-07-02 13:00:00,18.60484,18.61835,18.60108,18.6151,6934.0
2026-07-02 14:00:00,18.61632,18.61666,18.58948,18.59086,7527.0
2026-07-02 15:00:00,18.59102,18.60685,18.58284,18.58604,7369.0
2026-07-02 16:00:00,18.58614,18.59596,18.58402,18.58513,1030.0
2026-07-02 17:00:00,18.59201,18.61124,18.58982,18.59476,2490.0
2026-07-02 18:00:00,18.59641,18.60799,18.58004,18.58316,2482.0
2026-07-02 19:00:00,18.58382,18.58713,18.57606,18.58114,1794.0
2026-07-02 20:00:00,18.58198,18.5915,18.57708,18.58177,5786.0
2026-07-02 21:00:00,18.58072,18.58386,18.54961,18.55398,5651.0
2026-07-02 22:00:00,18.55428,18.56594,18.54532,18.55002,6015.0
2026-07-02 23:00:00,18.55038,18.56544,18.54836,18.55882,4262.0
2026-07-03 00:00:00,18.55906,18.5626,18.54399,18.54828,4101.0
2026-07-03 01:00:00,18.54882,18.56184,18.54882,18.56094,1897.0
2026-07-03 02:00:00,18.56087,18.56297,18.5462,18.55002,1985.0
2026-07-03 03:00:00,18.54944,18.57798,18.53678,18.56025,3086.0
2026-07-03 04:00:00,18.5607,18.58454,18.55749,18.58056,1138.0
2026-07-03 05:00:00,18.58122,18.5844,18.55978,18.56198,2328.0
2026-07-03 06:00:00,18.56264,18.56742,18.55348,18.56414,654.0
2026-07-03 07:00:00,18.56459,18.5782,18.55888,18.56232,845.0
2026-07-03 08:00:00,18.56342,18.57182,18.55594,18.56576,1016.0
2026-07-03 09:00:00,18.56579,18.57642,18.56228,18.56771,1119.0
2026-07-03 10:00:00,18.56837,18.57904,18.5537,18.55847,842.0
2026-07-03 11:00:00,18.55899,18.57088,18.5577,18.56098,666.0
2026-07-03 12:00:00,18.5605,18.56406,18.55239,18.55405,459.0
2026-07-03 13:00:00,18.55469,18.55987,18.55211,18.55376,561.0
2026-07-03 14:00:00,18.55406,18.56532,18.55278,18.55778,1085.0
2026-07-03 15:00:00,18.5579,18.56495,18.54584,18.55688,1226.0
2026-07-03 16:00:00,18.5568,18.57896,18.55306,18.57896,1409.0
2026-07-05 17:00:00,18.57426,18.575,18.55521,18.56134,2436.0
2026-07-05 18:00:00,18.56165,18.56236,18.55114,18.55962,2728.0
2026-07-05 19:00:00,18.55986,18.57024,18.55151,18.57024,2379.0
2026-07-05 20:00:00,18.56913,18.58397,18.55355,18.56484,5103.0
2026-07-05 21:00:00,18.56592,18.57396,18.55362,18.57114,5150.0
2026-07-05 22:00:00,18.57028,18.58308,18.5642,18.57684,5706.0
2026-07-05 23:00:00,18.57704,18.58956,18.5741,18.5789,5082.0
2026-07-06 00:00:00,18.5792,18.5841,18.57052,18.57211,4095.0
2026-07-06 01:00:00,18.57236,18.57744,18.56562,18.56921,1361.0
2026-07-06 02:00:00,18.56881,18.57614,18.54764,18.57025,2044.0
2026-07-06 03:00:00,18.57082,18.57387,18.51491,18.5206,2581.0
2026-07-06 04:00:00,18.52074,18.52756,18.5057,18.51534,2294.0
2026-07-06 05:00:00,18.51586,18.53724,18.51194,18.51764,2694.0
2026-07-06 06:00:00,18.51774,18.52941,18.50952,18.52428,2812.0
2026-07-06 07:00:00,18.52471,18.54136,18.5124,18.54037,1507.0
2026-07-06 08:00:00,18.54025,18.54623,18.52902,18.53616,1941.0
2026-07-06 09:00:00,18.53567,18.54884,18.52486,18.5488,3364.0
2026-07-06 10:00:00,18.54837,18.5642,18.54168,18.55324,4339.0
2026-07-06 11:00:00,18.5537,18.55372,18.53001,18.53506,3403.0
2026-07-06 12:00:00,18.5364,18.54542,18.5298,18.53978,3869.0
2026-07-06 13:00:00,18.53956,18.54408,18.53194,18.53561,5196.0
2026-07-06 14:00:00,18.53601,18.54089,18.53058,18.53362,4271.0
2026-07-06 15:00:00,18.53312,18.53548,18.52408,18.52615,3909.0
2026-07-06 16:00:00,18.52626,18.53432,18.526,18.5319,1127.0
2026-07-06 17:00:00,18.55771,18.55771,18.53368,18.54278,1901.0
2026-07-06 18:00:00,18.54331,18.54849,18.536,18.54266,1695.0
2026-07-06 19:00:00,18.54274,18.54518,18.53484,18.53596,1235.0
2026-07-06 20:00:00,18.53657,18.54837,18.5336,18.54792,6086.0
2026-07-06 21:00:00,18.54778,18.56123,18.5382,18.542,4386.0
2026-07-06 22:00:00,18.5427,18.55576,18.5385,18.55246,3635.0
2026-07-06 23:00:00,18.55314,18.56989,18.5464,18.56344,4488.0
2026-07-07 00:00:00,18.5625,18.56902,18.56008,18.5668,4813.0
2026-07-07 01:00:00,18.56615,18.58672,18.56602,18.57306,1914.0
2026-07-07 02:00:00,18.57307,18.58099,18.55738,18.55848,1291.0
2026-07-07 03:00:00,18.55926,18.57577,18.55129,18.56814,2717.0
2026-07-07 04:00:00,18.56838,18.57693,18.55419,18.5692,2279.0
2026-07-07 05:00:00,18.56914,18.57486,18.54758,18.55845,1782.0
2026-07-07 06:00:00,18.5585,18.5746,18.5447,18.56969,1800.0
2026-07-07 07:00:00,18.56888,18.57744,18.55591,18.56234,1817.0
2026-07-07 08:00:00,18.56285,18.58214,18.5565,18.56991,2644.0
2026-07-07 09:00:00,18.57002,18.59283,18.56658,18.59083,4195.0
2026-07-07 10:00:00,18.59188,18.59757,18.57479,18.58532,4141.0
2026-07-07 11:00:00,18.58597,18.59002,18.55859,18.56426,5056.0
