Timestamp,Open,High,Low,Close,Volume
2026-03-12 05:00:00,1.81763,1.81972,1.81694,1.81944,5621.0
2026-03-12 06:00:00,1.81942,1.82018,1.81866,1.82008,4251.0
2026-03-12 07:00:00,1.82006,1.82217,1.8196,1.8208,2680.0
2026-03-12 08:00:00,1.8209,1.82098,1.81801,1.81932,2041.0
2026-03-12 09:00:00,1.81926,1.82111,1.81818,1.81901,4821.0
2026-03-12 10:00:00,1.81902,1.81956,1.81648,1.81799,6106.0
2026-03-12 11:00:00,1.81796,1.81912,1.81722,1.81772,5842.0
2026-03-12 12:00:00,1.81774,1.81904,1.81752,1.8189,4840.0
2026-03-12 13:00:00,1.81892,1.8205,1.8187,1.81968,3568.0
2026-03-12 14:00:00,1.81967,1.82006,1.81726,1.81739,2200.0
2026-03-12 15:00:00,1.81732,1.81908,1.81709,1.81901,2150.0
2026-03-12 16:00:00,1.81902,1.82016,1.8184,1.81951,3272.0
2026-03-12 17:00:00,1.81947,1.8208,1.81946,1.8201,4584.0
2026-03-12 18:00:00,1.8204,1.82108,1.81978,1.8203,1352.0
2026-03-12 19:00:00,1.82026,1.82051,1.81978,1.82012,1256.0
2026-03-12 20:00:00,1.82014,1.82094,1.81973,1.82083,1871.0
2026-03-12 21:00:00,1.82085,1.82127,1.82057,1.82062,1316.0
2026-03-12 22:00:00,1.82058,1.82078,1.82029,1.82078,1465.0
2026-03-12 23:00:00,1.82078,1.82085,1.81958,1.82016,2037.0
2026-03-13 00:00:00,1.82016,1.82033,1.81886,1.81901,1462.0
2026-03-13 01:00:00,1.81901,1.81972,1.81868,1.8193,1997.0
2026-03-13 02:00:00,1.81933,1.81945,1.81785,1.81793,2060.0
2026-03-13 03:00:00,1.81792,1.81793,1.81389,1.81402,2663.0
2026-03-13 04:00:00,1.81409,1.81421,1.81144,1.8118,3371.0
2026-03-13 05:00:00,1.8118,1.81441,1.8118,1.81291,2700.0
2026-03-13 06:00:00,1.81286,1.81497,1.81262,1.81365,2179.0
2026-03-13 07:00:00,1.81364,1.8141,1.81142,1.81142,2852.0
2026-03-13 08:00:00,1.81135,1.81925,1.81042,1.8184,4900.0
2026-03-13 09:00:00,1.81844,1.8209,1.81726,1.8175,3534.0
2026-03-13 10:00:00,1.8175,1.81858,1.8158,1.81766,2719.0
2026-03-13 11:00:00,1.81766,1.81928,1.81704,1.81846,2575.0
2026-03-13 12:00:00,1.81846,1.8193,1.81776,1.8188,3360.0
2026-03-13 13:00:00,1.81879,1.8198,1.81831,1.81897,2333.0
2026-03-13 14:00:00,1.81898,1.81918,1.8168,1.81726,2111.0
2026-03-13 15:00:00,1.81734,1.81762,1.81578,1.81587,2265.0
2026-03-13 16:00:00,1.81588,1.8161,1.81426,1.81429,3259.0
2026-03-15 17:00:00,1.81763,1.81809,1.81529,1.81751,2096.0
2026-03-15 18:00:00,1.8175,1.81752,1.81424,1.8155,3485.0
2026-03-15 19:00:00,1.81542,1.81658,1.81499,1.81642,1438.0
2026-03-15 20:00:00,1.81642,1.81814,1.81632,1.81798,1234.0
2026-03-15 21:00:00,1.818,1.81828,1.81663,1.81718,1602.0
2026-03-15 22:00:00,1.81725,1.81755,1.81646,1.81732,986.0
2026-03-15 23:00:00,1.81736,1.81852,1.81725,1.81837,839.0
2026-03-16 00:00:00,1.81838,1.81839,1.81712,1.81758,718.0
2026-03-16 01:00:00,1.81758,1.81792,1.81736,1.81752,1492.0
2026-03-16 02:00:00,1.81754,1.81776,1.81662,1.81774,2013.0
2026-03-16 03:00:00,1.81777,1.81788,1.81433,1.81526,1938.0
2026-03-16 04:00:00,1.81528,1.81592,1.8142,1.81524,2371.0
2026-03-16 05:00:00,1.81529,1.8161,1.81457,1.81476,1046.0
2026-03-16 06:00:00,1.81482,1.81754,1.81478,1.81732,1684.0
2026-03-16 07:00:00,1.81732,1.81734,1.81544,1.81698,1382.0
2026-03-16 08:00:00,1.81698,1.81951,1.8161,1.81796,1973.0
2026-03-16 09:00:00,1.81798,1.81816,1.81578,1.818,2686.0
2026-03-16 10:00:00,1.81795,1.81865,1.81664,1.8173,2596.0
2026-03-16 11:00:00,1.81736,1.82088,1.81716,1.8202,1451.0
2026-03-16 12:00:00,1.82024,1.82096,1.81856,1.81972,2040.0
2026-03-16 13:00:00,1.81973,1.82092,1.81958,1.81968,2195.0
2026-03-16 14:00:00,1.81978,1.8232,1.8197,1.82311,2120.0
2026-03-16 15:00:00,1.82318,1.82438,1.82236,1.823,1833.0
2026-03-16 16:00:00,1.82302,1.82376,1.82203,1.8227,1822.0
2026-03-16 17:00:00,1.82288,1.82312,1.8223,1.82293,1020.0
2026-03-16 18:00:00,1.82287,1.82287,1.82202,1.82218,881.0
2026-03-16 19:00:00,1.82228,1.82233,1.82155,1.82206,1111.0
2026-03-16 20:00:00,1.82213,1.82218,1.82054,1.82061,2133.0
2026-03-16 21:00:00,1.82054,1.8209,1.81967,1.82068,1784.0
2026-03-16 22:00:00,1.82068,1.82136,1.82062,1.8211,768.0
2026-03-16 23:00:00,1.82106,1.82154,1.82057,1.82062,1198.0
2026-03-17 00:00:00,1.8206,1.82186,1.82055,1.8216,1076.0
2026-03-17 01:00:00,1.82158,1.82188,1.81994,1.82001,1475.0
2026-03-17 02:00:00,1.82008,1.8201,1.81799,1.82003,1817.0
2026-03-17 03:00:00,1.82006,1.82209,1.81956,1.82136,1973.0
2026-03-17 04:00:00,1.82141,1.82476,1.82101,1.82456,3344.0
2026-03-17 05:00:00,1.82451,1.8264,1.82446,1.82634,2566.0
2026-03-17 06:00:00,1.82619,1.82654,1.82462,1.82556,1941.0
2026-03-17 07:00:00,1.82562,1.82722,1.82478,1.82528,1728.0
2026-03-17 08:00:00,1.8252,1.82762,1.8245,1.82679,1480.0
2026-03-17 09:00:00,1.82691,1.82902,1.82691,1.82706,3048.0
2026-03-17 10:00:00,1.82707,1.829,1.82602,1.8288,1790.0
2026-03-17 11:00:00,1.82881,1.83101,1.8287,1.8289,2560.0
2026-03-17 12:00:00,1.82892,1.82942,1.82812,1.8286,3166.0
2026-03-17 13:00:00,1.82868,1.82914,1.82788,1.829,2199.0
2026-03-17 14:00:00,1.829,1.83036,1.829,1.82926,2645.0
2026-03-17 15:00:00,1.82926,1.83016,1.82876,1.82908,989.0
2026-03-17 16:00:00,1.82915,1.82915,1.82816,1.82844,1394.0
2026-03-17 17:00:00,1.82866,1.82936,1.82829,1.82908,1609.0
2026-03-17 18:00:00,1.8291,1.82955,1.82889,1.82928,3162.0
2026-03-17 19:00:00,1.82927,1.82936,1.82858,1.82866,2242.0
2026-03-17 20:00:00,1.82866,1.82946,1.82793,1.82815,5981.0
2026-03-17 21:00:00,1.82816,1.82884,1.82806,1.82845,2195.0
2026-03-17 22:00:00,1.82842,1.82902,1.82824,1.82896,3158.0
2026-03-17 23:00:00,1.82897,1.83008,1.82868,1.82998,2574.0
2026-03-18 00:00:00,1.83,1.83092,1.82997,1.83078,2016.0
2026-03-18 01:00:00,1.83076,1.83178,1.83073,1.83177,2495.0
2026-03-18 02:00:00,1.83178,1.83284,1.83138,1.83174,1945.0
2026-03-18 03:00:00,1.83172,1.83241,1.83026,1.83092,2696.0
2026-03-18 04:00:00,1.8309,1.83153,1.82786,1.82852,3481.0
2026-03-18 05:00:00,1.82847,1.82923,1.82787,1.82921,1458.0
2026-03-18 06:00:00,1.8292,1.82958,1.82818,1.8294,1169.0
2026-03-18 07:00:00,1.82933,1.8305,1.82812,1.82874,2082.0
2026-03-18 08:00:00,1.82871,1.8292,1.82458,1.82516,2924.0
2026-03-18 09:00:00,1.82524,1.82811,1.82495,1.82707,2990.0
2026-03-18 10:00:00,1.8271,1.82773,1.82391,1.82526,3649.0
2026-03-18 11:00:00,1.8252,1.82679,1.82412,1.82472,2443.0
2026-03-18 12:00:00,1.82478,1.82664,1.82472,1.82662,1786.0
2026-03-18 13:00:00,1.82655,1.8281,1.82575,1.82733,2347.0
2026-03-18 14:00:00,1.8271,1.82851,1.82282,1.82288,6259.0
2026-03-18 15:00:00,1.82294,1.8236,1.82144,1.8223,2636.0
2026-03-18 16:00:00,1.82228,1.82278,1.82002,1.82046,3140.0
2026-03-18 17:00:00,1.82092,1.82198,1.82019,1.82094,1426.0
2026-03-18 18:00:00,1.82108,1.82172,1.82008,1.82091,1342.0
2026-03-18 19:00:00,1.8209,1.82134,1.82074,1.82104,1118.0
2026-03-18 20:00:00,1.82114,1.82254,1.82058,1.82254,2255.0
2026-03-18 21:00:00,1.82256,1.82294,1.82208,1.82247,2796.0
2026-03-18 22:00:00,1.82248,1.82394,1.82218,1.82325,3672.0
2026-03-18 23:00:00,1.82324,1.82346,1.82283,1.82294,2573.0
2026-03-19 00:00:00,1.82294,1.82294,1.82136,1.82178,2936.0
2026-03-19 01:00:00,1.82178,1.82186,1.82079,1.82086,2881.0
2026-03-19 02:00:00,1.82102,1.82183,1.82006,1.82041,4541.0
2026-03-19 03:00:00,1.82037,1.82292,1.8187,1.8217,6638.0
2026-03-19 04:00:00,1.82172,1.82247,1.82012,1.8214,7341.0
2026-03-19 05:00:00,1.82139,1.82528,1.82136,1.82436,4757.0
2026-03-19 06:00:00,1.82432,1.82509,1.82328,1.82367,2898.0
2026-03-19 07:00:00,1.82366,1.82578,1.82306,1.82563,1828.0
2026-03-19 08:00:00,1.82558,1.82807,1.82491,1.82525,5529.0
2026-03-19 09:00:00,1.82516,1.83212,1.82404,1.83134,9901.0
2026-03-19 10:00:00,1.83135,1.83514,1.8303,1.83458,8849.0
2026-03-19 11:00:00,1.83454,1.83742,1.83173,1.83302,5873.0
2026-03-19 12:00:00,1.83301,1.83528,1.83266,1.83518,5824.0
2026-03-19 13:00:00,1.83516,1.84032,1.83508,1.8397,3373.0
2026-03-19 14:00:00,1.83962,1.84212,1.83921,1.84158,3656.0
2026-03-19 15:00:00,1.84162,1.84676,1.84156,1.84491,9867.0
2026-03-19 16:00:00,1.84492,1.84634,1.84458,1.84515,3435.0
2026-03-19 17:00:00,1.84504,1.8462,1.8439,1.84446,2316.0
2026-03-19 18:00:00,1.84444,1.84699,1.84424,1.8443,1419.0
2026-03-19 19:00:00,1.84435,1.8447,1.84335,1.84413,863.0
2026-03-19 20:00:00,1.84416,1.84454,1.84396,1.8441,1508.0
2026-03-19 21:00:00,1.84404,1.84443,1.8421,1.84234,1635.0
2026-03-19 22:00:00,1.8424,1.8424,1.84076,1.84077,1835.0
2026-03-19 23:00:00,1.8408,1.84094,1.84042,1.84042,1244.0
2026-03-20 00:00:00,1.84045,1.84088,1.8403,1.84048,1307.0
2026-03-20 01:00:00,1.84046,1.84117,1.84042,1.84106,1398.0
2026-03-20 02:00:00,1.84106,1.84203,1.84095,1.8412,1415.0
2026-03-20 03:00:00,1.84122,1.84315,1.84092,1.84225,4330.0
2026-03-20 04:00:00,1.84229,1.84344,1.84029,1.8403,3587.0
2026-03-20 05:00:00,1.8403,1.84032,1.8358,1.83592,3015.0
2026-03-20 06:00:00,1.83598,1.8369,1.83411,1.83626,3691.0
2026-03-20 07:00:00,1.83626,1.83778,1.83556,1.83628,3418.0
2026-03-20 08:00:00,1.83636,1.83755,1.83444,1.83508,4427.0
2026-03-20 09:00:00,1.83509,1.83566,1.83114,1.83234,3825.0
2026-03-20 10:00:00,1.83232,1.8324,1.82631,1.82718,4788.0
2026-03-20 11:00:00,1.82718,1.83186,1.82654,1.82658,4774.0
2026-03-20 12:00:00,1.82659,1.82923,1.82659,1.82714,3742.0
2026-03-20 13:00:00,1.82718,1.82972,1.82646,1.82814,5362.0
2026-03-20 14:00:00,1.82818,1.8307,1.82807,1.82911,3153.0
2026-03-20 15:00:00,1.82908,1.82948,1.82698,1.8292,3527.0
2026-03-20 16:00:00,1.8292,1.83172,1.82904,1.8309,6597.0
2026-03-22 17:00:00,1.8264,1.82778,1.8246,1.8246,1849.0
2026-03-22 18:00:00,1.82463,1.82912,1.82463,1.82875,1429.0
2026-03-22 19:00:00,1.82878,1.82952,1.82737,1.82803,1391.0
2026-03-22 20:00:00,1.82808,1.82904,1.82654,1.82744,2974.0
2026-03-22 21:00:00,1.82743,1.82872,1.82706,1.82778,2943.0
2026-03-22 22:00:00,1.82772,1.82796,1.82574,1.82672,1634.0
2026-03-22 23:00:00,1.8267,1.82712,1.82607,1.82626,2812.0
2026-03-23 00:00:00,1.82632,1.82753,1.82632,1.82746,1328.0
2026-03-23 01:00:00,1.82749,1.82786,1.82633,1.82644,1626.0
2026-03-23 02:00:00,1.82644,1.8265,1.8243,1.82491,2397.0
2026-03-23 03:00:00,1.8249,1.82717,1.82401,1.8246,3949.0
2026-03-23 04:00:00,1.82463,1.83,1.82463,1.82779,5617.0
2026-03-23 05:00:00,1.82787,1.82853,1.82368,1.82444,3069.0
2026-03-23 06:00:00,1.82446,1.82588,1.82324,1.82392,4239.0
2026-03-23 07:00:00,1.82392,1.83979,1.8235,1.83412,33182.0
2026-03-23 08:00:00,1.8341,1.84066,1.83328,1.83938,23008.0
2026-03-23 09:00:00,1.83939,1.84056,1.83666,1.83904,21357.0
2026-03-23 10:00:00,1.83917,1.8432,1.83695,1.84151,16226.0
2026-03-23 11:00:00,1.84146,1.84367,1.83579,1.83616,13822.0
2026-03-23 12:00:00,1.83611,1.84075,1.835,1.83915,9536.0
2026-03-23 13:00:00,1.83909,1.84316,1.83878,1.8428,6773.0
2026-03-23 14:00:00,1.84284,1.84619,1.8418,1.84548,5320.0
2026-03-23 15:00:00,1.84542,1.84552,1.84299,1.84301,2931.0
2026-03-23 16:00:00,1.84302,1.84387,1.84234,1.84296,2175.0
2026-03-23 17:00:00,1.84369,1.84433,1.84211,1.84346,1760.0
2026-03-23 18:00:00,1.84301,1.84394,1.84288,1.84342,1424.0
2026-03-23 19:00:00,1.84346,1.84372,1.84298,1.84338,1803.0
2026-03-23 20:00:00,1.8434,1.84342,1.84037,1.84155,4093.0
2026-03-23 21:00:00,1.84156,1.84171,1.84037,1.84162,3119.0
2026-03-23 22:00:00,1.84163,1.84355,1.84124,1.84286,3497.0
2026-03-23 23:00:00,1.84286,1.84352,1.84256,1.84282,2161.0
2026-03-24 00:00:00,1.84286,1.84289,1.84178,1.84259,2547.0
2026-03-24 01:00:00,1.84258,1.84328,1.84184,1.8431,4224.0
2026-03-24 02:00:00,1.84314,1.8447,1.8428,1.84425,3076.0
2026-03-24 03:00:00,1.84421,1.84568,1.84382,1.84542,6499.0
2026-03-24 04:00:00,1.8454,1.84542,1.84058,1.84074,7336.0
2026-03-24 05:00:00,1.84076,1.84182,1.83941,1.8416,3649.0
2026-03-24 06:00:00,1.8416,1.84186,1.83942,1.84097,3246.0
2026-03-24 07:00:00,1.84092,1.84338,1.8399,1.84158,2871.0
2026-03-24 08:00:00,1.84166,1.84354,1.84011,1.84064,3359.0
2026-03-24 09:00:00,1.84055,1.84083,1.83744,1.83838,3681.0
2026-03-24 10:00:00,1.83838,1.84397,1.83807,1.84226,4879.0
2026-03-24 11:00:00,1.84223,1.84354,1.84061,1.84182,3901.0
2026-03-24 12:00:00,1.84192,1.84398,1.84114,1.84312,2746.0
2026-03-24 13:00:00,1.84316,1.84358,1.84049,1.84328,4779.0
2026-03-24 14:00:00,1.84322,1.8436,1.84136,1.84288,3140.0
2026-03-24 15:00:00,1.84288,1.8433,1.84145,1.84198,1854.0
2026-03-24 16:00:00,1.84196,1.84646,1.84122,1.84607,6929.0
2026-03-24 17:00:00,1.84526,1.84644,1.84459,1.84598,5223.0
2026-03-24 18:00:00,1.84604,1.84674,1.8452,1.84657,1779.0
2026-03-24 19:00:00,1.84659,1.84674,1.8454,1.84562,976.0
2026-03-24 20:00:00,1.84565,1.84757,1.8454,1.84722,2389.0
2026-03-24 21:00:00,1.8472,1.84787,1.84658,1.84672,1932.0
2026-03-24 22:00:00,1.84679,1.847,1.84536,1.84588,1338.0
2026-03-24 23:00:00,1.84582,1.84621,1.84475,1.8449,1256.0
2026-03-25 00:00:00,1.84491,1.84515,1.84432,1.8444,1273.0
2026-03-25 01:00:00,1.84442,1.84459,1.84238,1.84278,2183.0
2026-03-25 02:00:00,1.84277,1.84446,1.84268,1.84374,3473.0
2026-03-25 03:00:00,1.84374,1.84633,1.84288,1.8456,4498.0
2026-03-25 04:00:00,1.84566,1.84989,1.84543,1.84841,10984.0
2026-03-25 05:00:00,1.84846,1.84892,1.8467,1.84782,4886.0
2026-03-25 06:00:00,1.84782,1.85,1.84768,1.84969,4437.0
2026-03-25 07:00:00,1.84968,1.85137,1.8494,1.85066,2623.0
2026-03-25 08:00:00,1.85067,1.85152,1.84624,1.84642,4012.0
2026-03-25 09:00:00,1.84634,1.8468,1.84346,1.84389,3132.0
2026-03-25 10:00:00,1.84396,1.84702,1.8416,1.8463,4535.0
2026-03-25 11:00:00,1.84624,1.84734,1.84438,1.845,3655.0
2026-03-25 12:00:00,1.84505,1.84774,1.84442,1.84738,2550.0
2026-03-25 13:00:00,1.84747,1.8487,1.84647,1.8483,2731.0
2026-03-25 14:00:00,1.8483,1.84833,1.84559,1.846,2952.0
2026-03-25 15:00:00,1.84598,1.84681,1.8455,1.8467,1904.0
2026-03-25 16:00:00,1.84671,1.84675,1.84455,1.84586,1649.0
2026-03-25 17:00:00,1.84548,1.8464,1.84527,1.84576,3531.0
2026-03-25 18:00:00,1.84564,1.84584,1.84522,1.84542,1076.0
2026-03-25 19:00:00,1.84542,1.84592,1.84542,1.84592,685.0
2026-03-25 20:00:00,1.84586,1.84656,1.84562,1.84638,2320.0
2026-03-25 21:00:00,1.84638,1.84728,1.84565,1.84689,4052.0
2026-03-25 22:00:00,1.84687,1.84716,1.84596,1.84602,3735.0
2026-03-25 23:00:00,1.84602,1.84698,1.84564,1.84684,4535.0
2026-03-26 00:00:00,1.84686,1.84716,1.84671,1.84694,4221.0
2026-03-26 01:00:00,1.84696,1.8471,1.846,1.84618,4592.0
2026-03-26 02:00:00,1.84622,1.84684,1.84565,1.84654,5189.0
2026-03-26 03:00:00,1.84656,1.84691,1.8456,1.84611,6563.0
2026-03-26 04:00:00,1.84614,1.84695,1.84458,1.84674,7602.0
2026-03-26 05:00:00,1.84674,1.8475,1.8453,1.8465,5367.0
2026-03-26 06:00:00,1.84652,1.84742,1.84562,1.84678,4527.0
2026-03-26 07:00:00,1.84681,1.8478,1.84502,1.84502,3270.0
2026-03-26 08:00:00,1.84509,1.84603,1.84298,1.84412,4970.0
2026-03-26 09:00:00,1.84416,1.84717,1.84402,1.84659,6457.0
2026-03-26 10:00:00,1.84657,1.85023,1.84553,1.8485,8133.0
2026-03-26 11:00:00,1.84852,1.84958,1.84783,1.849,4847.0
2026-03-26 12:00:00,1.849,1.84942,1.84602,1.8461,3566.0
2026-03-26 13:00:00,1.84604,1.84798,1.84507,1.84508,4174.0
2026-03-26 14:00:00,1.84502,1.84588,1.84468,1.84536,3712.0
2026-03-26 15:00:00,1.84528,1.84568,1.84426,1.84465,5754.0
2026-03-26 16:00:00,1.84465,1.84972,1.8442,1.8475,8531.0
2026-03-26 17:00:00,1.8478,1.84882,1.84744,1.84788,4238.0
2026-03-26 18:00:00,1.84789,1.84798,1.84698,1.84748,746.0
2026-03-26 19:00:00,1.84748,1.84748,1.84674,1.8473,509.0
2026-03-26 20:00:00,1.84718,1.84782,1.84656,1.8478,1406.0
2026-03-26 21:00:00,1.84788,1.84822,1.84726,1.8476,2280.0
2026-03-26 22:00:00,1.84764,1.84827,1.84729,1.84821,2273.0
2026-03-26 23:00:00,1.84818,1.84844,1.84744,1.84833,3392.0
2026-03-27 00:00:00,1.84832,1.8486,1.84792,1.84818,2243.0
2026-03-27 01:00:00,1.8482,1.84892,1.84756,1.84818,3780.0
2026-03-27 02:00:00,1.84824,1.84846,1.84704,1.84726,2788.0
2026-03-27 03:00:00,1.84723,1.84726,1.84388,1.844,3495.0
2026-03-27 04:00:00,1.84396,1.84476,1.84297,1.84412,5980.0
2026-03-27 05:00:00,1.84406,1.8444,1.8424,1.84331,3501.0
2026-03-27 06:00:00,1.84333,1.84423,1.84222,1.84236,2301.0
2026-03-27 07:00:00,1.84234,1.84286,1.84145,1.84161,3335.0
2026-03-27 08:00:00,1.8416,1.84234,1.84015,1.84194,2740.0
2026-03-27 09:00:00,1.84192,1.84418,1.8408,1.84336,3453.0
2026-03-27 10:00:00,1.84338,1.84624,1.84307,1.84557,4780.0
2026-03-27 11:00:00,1.84558,1.84888,1.84402,1.84483,3935.0
2026-03-27 12:00:00,1.84487,1.84559,1.84172,1.84278,2756.0
2026-03-27 13:00:00,1.84278,1.84389,1.84142,1.8423,2573.0
2026-03-27 14:00:00,1.84237,1.84294,1.84207,1.84265,2235.0
2026-03-27 15:00:00,1.84262,1.84288,1.84194,1.84234,2591.0
2026-03-27 16:00:00,1.8423,1.84398,1.84224,1.84245,3510.0
2026-03-29 17:00:00,1.8411,1.84317,1.84102,1.84223,1786.0
2026-03-29 18:00:00,1.8418,1.84344,1.83968,1.84007,3118.0
2026-03-29 19:00:00,1.84009,1.84085,1.83964,1.84,1629.0
2026-03-29 20:00:00,1.84,1.8416,1.8395,1.84027,3038.0
2026-03-29 21:00:00,1.84028,1.84118,1.84,1.84035,1499.0
2026-03-29 22:00:00,1.8403,1.84232,1.83992,1.84186,3405.0
2026-03-29 23:00:00,1.84186,1.84369,1.84184,1.84362,2405.0
2026-03-30 00:00:00,1.84364,1.84405,1.8433,1.8433,2068.0
2026-03-30 01:00:00,1.84332,1.8441,1.8433,1.84337,3172.0
2026-03-30 02:00:00,1.84336,1.84554,1.84276,1.8429,2689.0
2026-03-30 03:00:00,1.8429,1.84309,1.84096,1.84234,3070.0
2026-03-30 04:00:00,1.84232,1.84265,1.8412,1.84199,2723.0
2026-03-30 05:00:00,1.84202,1.84262,1.84038,1.8416,2426.0
2026-03-30 06:00:00,1.8416,1.84244,1.84005,1.84026,2494.0
2026-03-30 07:00:00,1.84032,1.84426,1.84026,1.84196,4021.0
2026-03-30 08:00:00,1.84197,1.8428,1.84082,1.842,2309.0
2026-03-30 09:00:00,1.84204,1.84304,1.8355,1.83658,6591.0
2026-03-30 10:00:00,1.83658,1.83852,1.83614,1.83716,9447.0
2026-03-30 11:00:00,1.8372,1.83776,1.83461,1.83631,5256.0
2026-03-30 12:00:00,1.83626,1.83672,1.83542,1.83657,4817.0
2026-03-30 13:00:00,1.83658,1.83718,1.83528,1.83566,5586.0
2026-03-30 14:00:00,1.83572,1.83698,1.8356,1.83616,5186.0
2026-03-30 15:00:00,1.8362,1.83668,1.83506,1.83665,3961.0
2026-03-30 16:00:00,1.83664,1.83672,1.83514,1.83572,4012.0
2026-03-30 17:00:00,1.83576,1.83632,1.83478,1.83592,4185.0
2026-03-30 18:00:00,1.83591,1.83626,1.83552,1.83559,546.0
2026-03-30 19:00:00,1.83558,1.83559,1.83417,1.83465,1062.0
2026-03-30 20:00:00,1.83464,1.83806,1.8338,1.83771,2580.0
2026-03-30 21:00:00,1.83778,1.84048,1.83762,1.83898,3589.0
2026-03-30 22:00:00,1.83899,1.83971,1.83861,1.83936,3225.0
2026-03-30 23:00:00,1.83936,1.83999,1.83868,1.83887,2579.0
2026-03-31 00:00:00,1.83886,1.83904,1.83844,1.83844,2973.0
2026-03-31 01:00:00,1.83844,1.83984,1.83799,1.8388,2535.0
2026-03-31 02:00:00,1.83876,1.84044,1.83837,1.83999,2204.0
2026-03-31 03:00:00,1.84004,1.84066,1.83833,1.83985,3582.0
2026-03-31 04:00:00,1.83988,1.8422,1.83932,1.8417,2565.0
2026-03-31 05:00:00,1.84171,1.84293,1.84092,1.84234,1760.0
2026-03-31 06:00:00,1.84232,1.84278,1.84014,1.8404,807.0
2026-03-31 07:00:00,1.84048,1.84429,1.8395,1.84428,3063.0
2026-03-31 08:00:00,1.84427,1.84646,1.84333,1.84514,4458.0
2026-03-31 09:00:00,1.84514,1.84748,1.84431,1.84716,4204.0
2026-03-31 10:00:00,1.84714,1.8487,1.83845,1.84033,5118.0
2026-03-31 11:00:00,1.84032,1.8449,1.83932,1.8397,9725.0
2026-03-31 12:00:00,1.8397,1.84358,1.83858,1.84151,15607.0
2026-03-31 13:00:00,1.84148,1.84527,1.84145,1.84385,7591.0
2026-03-31 14:00:00,1.84386,1.84556,1.84309,1.84324,2265.0
2026-03-31 15:00:00,1.84326,1.84384,1.84106,1.84152,7026.0
2026-03-31 16:00:00,1.84148,1.84198,1.83968,1.84064,5441.0
2026-03-31 17:00:00,1.84032,1.84104,1.83922,1.8397,1427.0
2026-03-31 18:00:00,1.83963,1.841,1.83928,1.8404,2870.0
2026-03-31 19:00:00,1.84038,1.84119,1.84006,1.84096,3922.0
2026-03-31 20:00:00,1.84096,1.8417,1.8404,1.8407,8035.0
2026-03-31 21:00:00,1.84072,1.84082,1.83847,1.83982,11236.0
2026-03-31 22:00:00,1.83986,1.84062,1.83968,1.84032,7796.0
2026-03-31 23:00:00,1.84032,1.84078,1.83978,1.84052,7003.0
2026-04-01 00:00:00,1.84052,1.84166,1.84036,1.84165,6022.0
2026-04-01 01:00:00,1.84164,1.8437,1.8416,1.84303,8544.0
2026-04-01 02:00:00,1.84309,1.8467,1.84308,1.84584,14203.0
2026-04-01 03:00:00,1.84584,1.847,1.8443,1.84465,14675.0
2026-04-01 04:00:00,1.84466,1.84693,1.84418,1.84546,13294.0
2026-04-01 05:00:00,1.84546,1.84634,1.84432,1.84589,10839.0
2026-04-01 06:00:00,1.8459,1.84946,1.84586,1.84775,10673.0
2026-04-01 07:00:00,1.84778,1.85091,1.84758,1.85016,6328.0
2026-04-01 08:00:00,1.85016,1.85098,1.84707,1.84847,11121.0
2026-04-01 09:00:00,1.8485,1.8502,1.84637,1.84996,15569.0
2026-04-01 10:00:00,1.84992,1.85204,1.84798,1.85132,14893.0
2026-04-01 11:00:00,1.85132,1.85144,1.8492,1.84928,9589.0
2026-04-01 12:00:00,1.84928,1.8504,1.84846,1.85036,7042.0
2026-04-01 13:00:00,1.8503,1.8512,1.84868,1.84901,5832.0
2026-04-01 14:00:00,1.849,1.84918,1.84692,1.84768,8468.0
2026-04-01 15:00:00,1.84767,1.84767,1.84519,1.84628,5076.0
2026-04-01 16:00:00,1.84629,1.84646,1.84532,1.846,4942.0
2026-04-01 17:00:00,1.84587,1.84698,1.84518,1.8464,10017.0
2026-04-01 18:00:00,1.84628,1.8466,1.84576,1.84604,1638.0
2026-04-01 19:00:00,1.84606,1.84662,1.84568,1.84591,1521.0
2026-04-01 20:00:00,1.8459,1.847,1.84544,1.8466,3686.0
2026-04-01 21:00:00,1.84655,1.8473,1.84128,1.84172,14230.0
2026-04-01 22:00:00,1.84171,1.84238,1.84064,1.84118,7891.0
2026-04-01 23:00:00,1.84114,1.84152,1.84032,1.84088,3921.0
2026-04-02 00:00:00,1.84088,1.8417,1.84069,1.84118,3589.0
2026-04-02 01:00:00,1.84116,1.84134,1.83899,1.83909,4178.0
2026-04-02 02:00:00,1.83908,1.8398,1.83702,1.83976,5634.0
2026-04-02 03:00:00,1.83975,1.84012,1.83674,1.83839,5744.0
2026-04-02 04:00:00,1.8384,1.83928,1.8368,1.83757,4403.0
2026-04-02 05:00:00,1.8376,1.83794,1.83632,1.83726,3494.0
2026-04-02 06:00:00,1.83722,1.83738,1.83628,1.83656,4037.0
2026-04-02 07:00:00,1.83656,1.8377,1.8361,1.83729,4483.0
2026-04-02 08:00:00,1.83739,1.8398,1.83668,1.8391,3563.0
2026-04-02 09:00:00,1.83918,1.83999,1.83765,1.83992,4319.0
2026-04-02 10:00:00,1.83992,1.84416,1.83856,1.84388,9012.0
2026-04-02 11:00:00,1.84381,1.84472,1.84112,1.8423,3480.0
2026-04-02 12:00:00,1.84228,1.84294,1.84083,1.84088,2655.0
2026-04-02 13:00:00,1.84086,1.84194,1.83972,1.84008,2570.0
2026-04-02 14:00:00,1.84008,1.84099,1.84008,1.84026,3586.0
2026-04-02 15:00:00,1.84027,1.84114,1.84006,1.8403,4733.0
2026-04-02 16:00:00,1.84032,1.84126,1.83998,1.8412,2966.0
2026-04-02 17:00:00,1.84045,1.8413,1.83998,1.84066,2723.0
2026-04-02 18:00:00,1.84073,1.84116,1.84052,1.84086,615.0
2026-04-02 19:00:00,1.84088,1.84146,1.84069,1.8412,577.0
2026-04-02 20:00:00,1.84121,1.84252,1.8412,1.84227,1516.0
2026-04-02 21:00:00,1.84216,1.84245,1.84138,1.8416,987.0
2026-04-02 22:00:00,1.84162,1.84205,1.84104,1.84168,797.0
2026-04-02 23:00:00,1.84168,1.84212,1.84156,1.84206,537.0
2026-04-03 00:00:00,1.84206,1.84207,1.84156,1.84172,922.0
2026-04-03 01:00:00,1.84172,1.84234,1.84129,1.84226,513.0
2026-04-03 02:00:00,1.84225,1.84264,1.842,1.84218,1033.0
2026-04-03 03:00:00,1.84217,1.84311,1.84217,1.8428,1110.0
2026-04-03 04:00:00,1.84278,1.84308,1.84238,1.84265,814.0
2026-04-03 05:00:00,1.84264,1.84267,1.84206,1.8423,793.0
2026-04-03 06:00:00,1.84222,1.8426,1.84188,1.84248,575.0
2026-04-03 07:00:00,1.84245,1.84339,1.8424,1.8431,542.0
2026-04-03 08:00:00,1.84315,1.84387,1.83973,1.84169,2623.0
2026-04-03 09:00:00,1.84174,1.84237,1.8413,1.84202,1154.0
2026-04-03 10:00:00,1.84203,1.84221,1.84104,1.84104,1765.0
2026-04-03 11:00:00,1.84104,1.84282,1.83988,1.84048,4606.0
2026-04-03 12:00:00,1.84049,1.84082,1.83965,1.83995,4561.0
2026-04-03 13:00:00,1.83993,1.84056,1.83986,1.84034,6725.0
2026-04-03 14:00:00,1.84034,1.8404,1.83906,1.83942,2687.0
2026-04-03 15:00:00,1.83938,1.84036,1.83932,1.84014,1592.0
2026-04-03 16:00:00,1.84014,1.84184,1.83875,1.84154,6990.0
2026-04-05 17:00:00,1.8386,1.83914,1.83846,1.83897,856.0
2026-04-05 18:00:00,1.839,1.83978,1.83792,1.83944,2724.0
2026-04-05 19:00:00,1.83948,1.83989,1.83884,1.83887,2353.0
2026-04-05 20:00:00,1.8389,1.84034,1.83878,1.84022,3035.0
2026-04-05 21:00:00,1.8402,1.84055,1.83968,1.83999,1496.0
2026-04-05 22:00:00,1.84005,1.84204,1.84005,1.84153,2202.0
2026-04-05 23:00:00,1.84152,1.8418,1.84082,1.84083,1620.0
2026-04-06 00:00:00,1.84084,1.84163,1.84072,1.84153,879.0
2026-04-06 01:00:00,1.8415,1.84251,1.84144,1.8422,1587.0
2026-04-06 02:00:00,1.8422,1.84318,1.84163,1.84209,2890.0
2026-04-06 03:00:00,1.84212,1.84551,1.84104,1.84472,1431.0
2026-04-06 04:00:00,1.84474,1.84534,1.8439,1.84452,864.0
2026-04-06 05:00:00,1.8446,1.84508,1.84349,1.84386,692.0
2026-04-06 06:00:00,1.84392,1.84518,1.84344,1.84416,797.0
2026-04-06 07:00:00,1.8441,1.8443,1.84205,1.8424,482.0
2026-04-06 08:00:00,1.8424,1.84336,1.84222,1.84258,980.0
2026-04-06 09:00:00,1.8427,1.84395,1.8421,1.84352,1795.0
2026-04-06 10:00:00,1.84356,1.84542,1.84165,1.84204,6305.0
2026-04-06 11:00:00,1.84206,1.84233,1.84095,1.84147,2607.0
2026-04-06 12:00:00,1.8415,1.84215,1.84102,1.84184,1556.0
2026-04-06 13:00:00,1.84177,1.84182,1.8402,1.84082,1089.0
2026-04-06 14:00:00,1.84088,1.84268,1.8406,1.84236,1225.0
2026-04-06 15:00:00,1.8424,1.84251,1.84164,1.8418,667.0
2026-04-06 16:00:00,1.84177,1.84199,1.84086,1.84124,926.0
2026-04-06 17:00:00,1.84141,1.84196,1.84066,1.84121,2682.0
2026-04-06 18:00:00,1.84128,1.84176,1.84054,1.84098,825.0
2026-04-06 19:00:00,1.84098,1.8412,1.84064,1.84108,1100.0
2026-04-06 20:00:00,1.84106,1.84204,1.84092,1.84159,4970.0
2026-04-06 21:00:00,1.84152,1.84196,1.84074,1.84098,2901.0
2026-04-06 22:00:00,1.84104,1.84106,1.8402,1.84052,2255.0
2026-04-06 23:00:00,1.8405,1.841,1.84034,1.84095,1820.0
2026-04-07 00:00:00,1.84096,1.8417,1.84075,1.84165,1777.0
2026-04-07 01:00:00,1.84166,1.84199,1.84042,1.8416,3571.0
2026-04-07 02:00:00,1.84164,1.84428,1.84102,1.84394,3378.0
2026-04-07 03:00:00,1.84402,1.84415,1.84107,1.8424,2071.0
2026-04-07 04:00:00,1.84238,1.8482,1.84232,1.84768,5537.0
2026-04-07 05:00:00,1.84768,1.84848,1.8463,1.84633,1278.0
2026-04-07 06:00:00,1.84636,1.84685,1.84318,1.84354,3308.0
2026-04-07 07:00:00,1.84354,1.84401,1.8425,1.84267,2788.0
2026-04-07 08:00:00,1.84274,1.84504,1.8419,1.84372,5545.0
2026-04-07 09:00:00,1.84379,1.84504,1.84243,1.84269,5448.0
2026-04-07 10:00:00,1.8426,1.84382,1.84168,1.8425,4308.0
2026-04-07 11:00:00,1.8425,1.84396,1.84103,1.84105,5099.0
2026-04-07 12:00:00,1.84111,1.84318,1.84096,1.84196,3708.0
2026-04-07 13:00:00,1.84192,1.84368,1.84128,1.84364,3865.0
2026-04-07 14:00:00,1.84364,1.8444,1.84296,1.84325,2353.0
2026-04-07 15:00:00,1.84328,1.84654,1.84309,1.84626,4682.0
2026-04-07 16:00:00,1.84626,1.84738,1.84582,1.84588,3468.0
2026-04-07 17:00:00,1.84564,1.84752,1.84556,1.84722,2597.0
2026-04-07 18:00:00,1.84724,1.85367,1.84693,1.85359,9579.0
2026-04-07 19:00:00,1.85356,1.85708,1.85256,1.85506,10054.0
2026-04-07 20:00:00,1.85504,1.8555,1.85258,1.85412,8063.0
2026-04-07 21:00:00,1.85406,1.85603,1.8534,1.85536,3586.0
2026-04-07 22:00:00,1.85534,1.85608,1.85393,1.85451,2602.0
2026-04-07 23:00:00,1.85448,1.8548,1.85372,1.85427,1956.0
2026-04-08 00:00:00,1.8543,1.85627,1.8543,1.85596,1795.0
2026-04-08 01:00:00,1.85599,1.85882,1.85526,1.85816,3520.0
2026-04-08 02:00:00,1.85816,1.86094,1.85804,1.85914,7394.0
2026-04-08 03:00:00,1.85922,1.86066,1.85799,1.85869,5709.0
2026-04-08 04:00:00,1.8587,1.8619,1.85819,1.8619,3404.0
2026-04-08 05:00:00,1.86196,1.86342,1.86125,1.86222,2632.0
2026-04-08 06:00:00,1.8622,1.86476,1.86213,1.86402,4190.0
2026-04-08 07:00:00,1.86402,1.8669,1.86382,1.86676,4635.0
2026-04-08 08:00:00,1.86684,1.86812,1.86476,1.86482,4977.0
2026-04-08 09:00:00,1.86474,1.86628,1.863,1.86348,9806.0
2026-04-08 10:00:00,1.86341,1.86514,1.86004,1.8612,9084.0
2026-04-08 11:00:00,1.86122,1.86218,1.85968,1.86178,4922.0
2026-04-08 12:00:00,1.86174,1.86174,1.85783,1.8582,3360.0
2026-04-08 13:00:00,1.85814,1.85866,1.8567,1.85756,4021.0
2026-04-08 14:00:00,1.85757,1.8584,1.85462,1.85474,3507.0
2026-04-08 15:00:00,1.85466,1.85658,1.8545,1.85533,2526.0
2026-04-08 16:00:00,1.85536,1.85559,1.85428,1.85456,2833.0
2026-04-08 17:00:00,1.8544,1.8559,1.85428,1.8557,2426.0
2026-04-08 18:00:00,1.85552,1.85558,1.8547,1.85502,1340.0
2026-04-08 19:00:00,1.855,1.85524,1.85462,1.85482,1958.0
2026-04-08 20:00:00,1.85484,1.85539,1.85436,1.85487,4749.0
2026-04-08 21:00:00,1.85488,1.85518,1.85411,1.85484,4657.0
2026-04-08 22:00:00,1.85484,1.85604,1.85462,1.85502,3324.0
2026-04-08 23:00:00,1.85502,1.85552,1.85456,1.85492,3126.0
2026-04-09 00:00:00,1.85496,1.85612,1.85483,1.85548,3005.0
2026-04-09 01:00:00,1.8555,1.85562,1.85453,1.85465,3977.0
2026-04-09 02:00:00,1.85468,1.85589,1.85402,1.85546,6061.0
2026-04-09 03:00:00,1.85545,1.85654,1.85391,1.85556,6923.0
2026-04-09 04:00:00,1.85555,1.85684,1.85435,1.85612,6139.0
2026-04-09 05:00:00,1.85612,1.85806,1.85595,1.85698,5601.0
2026-04-09 06:00:00,1.857,1.85774,1.85586,1.85586,3853.0
2026-04-09 07:00:00,1.85584,1.85802,1.85546,1.85776,3438.0
2026-04-09 08:00:00,1.85782,1.8583,1.85466,1.85587,3042.0
2026-04-09 09:00:00,1.85586,1.85638,1.85429,1.85582,8717.0
2026-04-09 10:00:00,1.85581,1.856,1.85324,1.85423,12131.0
2026-04-09 11:00:00,1.85422,1.85725,1.85375,1.8559,10763.0
2026-04-09 12:00:00,1.8559,1.85836,1.8554,1.85748,6230.0
2026-04-09 13:00:00,1.8575,1.85914,1.85748,1.8579,6190.0
2026-04-09 14:00:00,1.85792,1.858,1.85593,1.85612,7067.0
2026-04-09 15:00:00,1.85613,1.85662,1.85538,1.85566,4697.0
2026-04-09 16:00:00,1.85566,1.85668,1.85546,1.8565,1775.0
2026-04-09 17:00:00,1.85593,1.85657,1.85566,1.85584,4418.0
2026-04-09 18:00:00,1.85572,1.85642,1.85498,1.85518,1109.0
2026-04-09 19:00:00,1.85518,1.85666,1.85512,1.8563,1833.0
2026-04-09 20:00:00,1.85624,1.85624,1.85548,1.85592,2656.0
2026-04-09 21:00:00,1.85592,1.85614,1.8553,1.85588,1864.0
2026-04-09 22:00:00,1.85588,1.85604,1.85548,1.85574,2683.0
2026-04-09 23:00:00,1.85574,1.8559,1.8555,1.8557,1894.0
2026-04-10 00:00:00,1.85572,1.85581,1.85538,1.85551,1685.0
2026-04-10 01:00:00,1.85548,1.85568,1.85488,1.85532,1868.0
2026-04-10 02:00:00,1.85536,1.85617,1.85497,1.8557,4281.0
2026-04-10 03:00:00,1.85578,1.85757,1.85572,1.85656,2811.0
2026-04-10 04:00:00,1.85662,1.85785,1.85636,1.85694,1651.0
2026-04-10 05:00:00,1.85704,1.85942,1.85684,1.85911,1927.0
2026-04-10 06:00:00,1.8591,1.86032,1.85902,1.85937,1568.0
2026-04-10 07:00:00,1.85934,1.86,1.8584,1.85843,1487.0
2026-04-10 08:00:00,1.8585,1.86108,1.85795,1.85992,3237.0
2026-04-10 09:00:00,1.85986,1.86116,1.85898,1.86006,5909.0
2026-04-10 10:00:00,1.85996,1.862,1.85858,1.86171,6451.0
2026-04-10 11:00:00,1.86172,1.86344,1.86092,1.86098,3573.0
2026-04-10 12:00:00,1.86104,1.86208,1.8606,1.86144,3960.0
2026-04-10 13:00:00,1.8615,1.86206,1.861,1.86122,2462.0
2026-04-10 14:00:00,1.8612,1.86265,1.8608,1.86246,2691.0
2026-04-10 15:00:00,1.86246,1.86355,1.86236,1.86346,983.0
2026-04-10 16:00:00,1.86339,1.86436,1.86188,1.86338,3738.0
2026-04-12 17:00:00,1.85675,1.85891,1.85642,1.85888,1874.0
2026-04-12 18:00:00,1.8589,1.85948,1.8567,1.85768,3367.0
2026-04-12 19:00:00,1.8577,1.8583,1.85689,1.85816,3629.0
2026-04-12 20:00:00,1.85817,1.8583,1.8573,1.8579,3641.0
2026-04-12 21:00:00,1.85784,1.85833,1.85746,1.85805,3779.0
2026-04-12 22:00:00,1.85804,1.85818,1.85744,1.858,4673.0
2026-04-12 23:00:00,1.85798,1.85828,1.85724,1.85791,3532.0
2026-04-13 00:00:00,1.85792,1.85816,1.85768,1.85782,3039.0
2026-04-13 01:00:00,1.85784,1.85844,1.85768,1.85822,3424.0
2026-04-13 02:00:00,1.85822,1.85867,1.85717,1.8581,3137.0
2026-04-13 03:00:00,1.85813,1.85994,1.85802,1.85959,2296.0
2026-04-13 04:00:00,1.85957,1.85962,1.85822,1.8587,920.0
2026-04-13 05:00:00,1.85868,1.85967,1.85862,1.85909,1118.0
2026-04-13 06:00:00,1.85915,1.8595,1.85826,1.8595,1515.0
2026-04-13 07:00:00,1.85956,1.85992,1.85778,1.85806,1129.0
2026-04-13 08:00:00,1.85806,1.86044,1.85784,1.85981,1686.0
2026-04-13 09:00:00,1.85982,1.86189,1.85907,1.8608,3135.0
2026-04-13 10:00:00,1.86084,1.86099,1.85824,1.85903,3235.0
2026-04-13 11:00:00,1.85902,1.85916,1.85756,1.85873,3404.0
2026-04-13 12:00:00,1.85875,1.86072,1.85837,1.859,2902.0
2026-04-13 13:00:00,1.85901,1.86122,1.85884,1.86098,5475.0
2026-04-13 14:00:00,1.861,1.8628,1.86069,1.86276,1870.0
2026-04-13 15:00:00,1.86266,1.86276,1.86188,1.86194,2072.0
2026-04-13 16:00:00,1.86199,1.86309,1.8617,1.86281,1828.0
2026-04-13 17:00:00,1.8626,1.86271,1.86191,1.86235,1673.0
2026-04-13 18:00:00,1.86208,1.86294,1.86208,1.86284,808.0
2026-04-13 19:00:00,1.86284,1.86342,1.86276,1.86327,1884.0
2026-04-13 20:00:00,1.86328,1.8634,1.86264,1.8631,3444.0
2026-04-13 21:00:00,1.86308,1.86313,1.86203,1.86228,2477.0
2026-04-13 22:00:00,1.86229,1.8625,1.8619,1.86233,1554.0
2026-04-13 23:00:00,1.86235,1.86299,1.862,1.86294,1502.0
2026-04-14 00:00:00,1.86291,1.86356,1.86268,1.86332,877.0
2026-04-14 01:00:00,1.86328,1.86374,1.86261,1.86336,1856.0
2026-04-14 02:00:00,1.86338,1.86421,1.8622,1.86261,2620.0
2026-04-14 03:00:00,1.86248,1.86406,1.86232,1.86327,2163.0
2026-04-14 04:00:00,1.86321,1.86362,1.8624,1.86316,2637.0
2026-04-14 05:00:00,1.86319,1.86442,1.86288,1.86368,2763.0
2026-04-14 06:00:00,1.86364,1.86541,1.86324,1.86513,2071.0
2026-04-14 07:00:00,1.86505,1.8668,1.865,1.86627,1723.0
2026-04-14 08:00:00,1.86633,1.8681,1.86606,1.86644,2848.0
2026-04-14 09:00:00,1.86648,1.86727,1.86497,1.8668,3364.0
2026-04-14 10:00:00,1.86686,1.86792,1.86568,1.86791,2427.0
2026-04-14 11:00:00,1.86792,1.86827,1.86578,1.86579,6099.0
2026-04-14 12:00:00,1.8658,1.86718,1.8655,1.86704,4349.0
2026-04-14 13:00:00,1.86705,1.86796,1.86676,1.86779,2553.0
2026-04-14 14:00:00,1.86784,1.86862,1.86762,1.86855,1797.0
2026-04-14 15:00:00,1.86852,1.86874,1.86738,1.86765,2086.0
2026-04-14 16:00:00,1.86764,1.86803,1.86726,1.86762,1413.0
2026-04-14 17:00:00,1.86801,1.86824,1.86704,1.86776,2544.0
2026-04-14 18:00:00,1.86744,1.86803,1.86658,1.86781,1766.0
2026-04-14 19:00:00,1.8678,1.86942,1.86766,1.86872,2190.0
2026-04-14 20:00:00,1.86873,1.86882,1.86792,1.86863,2619.0
2026-04-14 21:00:00,1.86864,1.86893,1.86813,1.86862,3280.0
2026-04-14 22:00:00,1.86863,1.86893,1.8681,1.86832,2561.0
2026-04-14 23:00:00,1.86829,1.86896,1.86818,1.86866,1517.0
2026-04-15 00:00:00,1.86868,1.86902,1.86857,1.86888,807.0
2026-04-15 01:00:00,1.86888,1.86962,1.86774,1.86812,1633.0
2026-04-15 02:00:00,1.86812,1.86902,1.86716,1.8679,1179.0
2026-04-15 03:00:00,1.8679,1.86821,1.86628,1.86688,1745.0
2026-04-15 04:00:00,1.8669,1.8676,1.86642,1.86718,1180.0
2026-04-15 05:00:00,1.86722,1.86785,1.86639,1.86715,1626.0
2026-04-15 06:00:00,1.86712,1.8675,1.86576,1.86686,2280.0
2026-04-15 07:00:00,1.86682,1.8686,1.86658,1.86846,1599.0
2026-04-15 08:00:00,1.86844,1.8685,1.86578,1.86716,1172.0
2026-04-15 09:00:00,1.86709,1.8681,1.8656,1.86571,3917.0
2026-04-15 10:00:00,1.86578,1.86634,1.86499,1.86535,3414.0
2026-04-15 11:00:00,1.86533,1.86573,1.86392,1.86422,4268.0
2026-04-15 12:00:00,1.86424,1.86529,1.86376,1.86415,4283.0
2026-04-15 13:00:00,1.86412,1.86462,1.86292,1.86349,4449.0
2026-04-15 14:00:00,1.86347,1.86387,1.86296,1.86372,4140.0
2026-04-15 15:00:00,1.86372,1.86393,1.86298,1.8633,1782.0
2026-04-15 16:00:00,1.86336,1.8639,1.86239,1.86343,1756.0
2026-04-15 17:00:00,1.86335,1.86368,1.86281,1.86308,2766.0
2026-04-15 18:00:00,1.86309,1.86364,1.86282,1.86316,810.0
2026-04-15 19:00:00,1.86316,1.86376,1.8631,1.86358,1067.0
2026-04-15 20:00:00,1.86356,1.86378,1.863,1.86326,2704.0
2026-04-15 21:00:00,1.86325,1.86336,1.86229,1.86261,3720.0
2026-04-15 22:00:00,1.86261,1.86384,1.86242,1.86384,3686.0
2026-04-15 23:00:00,1.86384,1.86416,1.86252,1.86262,2290.0
2026-04-16 00:00:00,1.86256,1.86274,1.8622,1.86228,2019.0
2026-04-16 01:00:00,1.86227,1.8624,1.86156,1.86224,3394.0
2026-04-16 02:00:00,1.86228,1.86378,1.86161,1.86203,3933.0
2026-04-16 03:00:00,1.86206,1.86244,1.86067,1.8608,2885.0
2026-04-16 04:00:00,1.8608,1.86149,1.8595,1.86003,2231.0
2026-04-16 05:00:00,1.86004,1.86045,1.85832,1.85858,3805.0
2026-04-16 06:00:00,1.85858,1.86,1.85819,1.85987,3708.0
2026-04-16 07:00:00,1.85986,1.86098,1.85882,1.8589,3611.0
2026-04-16 08:00:00,1.85898,1.85974,1.85833,1.85883,2463.0
2026-04-16 09:00:00,1.85884,1.85938,1.85626,1.85731,5196.0
2026-04-16 10:00:00,1.85733,1.85754,1.85302,1.85427,2894.0
2026-04-16 11:00:00,1.85421,1.85586,1.85391,1.8553,2719.0
2026-04-16 12:00:00,1.85528,1.85567,1.85332,1.85364,3931.0
2026-04-16 13:00:00,1.8537,1.85398,1.85309,1.85349,4799.0
2026-04-16 14:00:00,1.85348,1.85423,1.85322,1.85384,5998.0
2026-04-16 15:00:00,1.85383,1.85423,1.85276,1.854,2304.0
2026-04-16 16:00:00,1.85401,1.85432,1.8526,1.85345,2069.0
2026-04-16 17:00:00,1.85386,1.85434,1.85332,1.8537,3112.0
2026-04-16 18:00:00,1.85376,1.8544,1.85334,1.8536,854.0
2026-04-16 19:00:00,1.8536,1.85378,1.85289,1.8531,1113.0
2026-04-16 20:00:00,1.85308,1.85312,1.8523,1.85242,1710.0
2026-04-16 21:00:00,1.8524,1.8526,1.85183,1.85192,1931.0
2026-04-16 22:00:00,1.85192,1.85215,1.8516,1.85182,1279.0
2026-04-16 23:00:00,1.85188,1.85229,1.85139,1.85219,1397.0
2026-04-17 00:00:00,1.85218,1.85222,1.85087,1.85087,1346.0
2026-04-17 01:00:00,1.85087,1.85094,1.84954,1.84972,1784.0
2026-04-17 02:00:00,1.84972,1.84972,1.84796,1.84838,2991.0
2026-04-17 03:00:00,1.84844,1.85065,1.84844,1.85048,2748.0
2026-04-17 04:00:00,1.85048,1.85049,1.8486,1.84998,900.0
2026-04-17 05:00:00,1.84996,1.85159,1.84978,1.85074,2036.0
2026-04-17 06:00:00,1.8507,1.85164,1.84976,1.85034,1764.0
2026-04-17 07:00:00,1.85035,1.8508,1.84925,1.84972,1583.0
2026-04-17 08:00:00,1.84971,1.85682,1.84962,1.85554,4100.0
2026-04-17 09:00:00,1.85558,1.85709,1.85348,1.85529,8291.0
2026-04-17 10:00:00,1.85536,1.85646,1.85407,1.85442,5966.0
2026-04-17 11:00:00,1.85436,1.85456,1.85196,1.8526,4590.0
2026-04-17 12:00:00,1.85258,1.85332,1.85206,1.85246,4034.0
2026-04-17 13:00:00,1.85246,1.853,1.85186,1.85262,5697.0
2026-04-17 14:00:00,1.85264,1.85363,1.85144,1.85146,5610.0
2026-04-17 15:00:00,1.85139,1.85162,1.85008,1.85108,2089.0
2026-04-17 16:00:00,1.8511,1.85158,1.84936,1.85112,4385.0
2026-04-19 17:00:00,1.84616,1.84728,1.84608,1.84695,1035.0
2026-04-19 18:00:00,1.84687,1.84881,1.84621,1.8482,3229.0
2026-04-19 19:00:00,1.84819,1.84888,1.84774,1.84782,1733.0
2026-04-19 20:00:00,1.84782,1.84856,1.8474,1.8481,3099.0
2026-04-19 21:00:00,1.84816,1.84932,1.84806,1.8493,3100.0
2026-04-19 22:00:00,1.84923,1.84962,1.84902,1.84938,1807.0
2026-04-19 23:00:00,1.84937,1.84965,1.8492,1.84954,2255.0
2026-04-20 00:00:00,1.84948,1.84958,1.8487,1.84944,2328.0
2026-04-20 01:00:00,1.84942,1.84948,1.84772,1.84839,3439.0
2026-04-20 02:00:00,1.84836,1.84986,1.847,1.84978,3080.0
2026-04-20 03:00:00,1.84979,1.8506,1.8483,1.84896,3026.0
2026-04-20 04:00:00,1.84898,1.84932,1.8476,1.84823,1706.0
2026-04-20 05:00:00,1.84816,1.85068,1.84801,1.8506,1623.0
2026-04-20 06:00:00,1.85057,1.85093,1.84962,1.8508,855.0
2026-04-20 07:00:00,1.85085,1.85108,1.84997,1.85074,1913.0
2026-04-20 08:00:00,1.85078,1.85099,1.84971,1.85057,2329.0
2026-04-20 09:00:00,1.85058,1.85197,1.85037,1.85104,2655.0
2026-04-20 10:00:00,1.851,1.85106,1.847,1.84748,2967.0
2026-04-20 11:00:00,1.84748,1.84865,1.8466,1.8482,4292.0
2026-04-20 12:00:00,1.84819,1.84855,1.84687,1.84726,3940.0
2026-04-20 13:00:00,1.84728,1.84771,1.84616,1.84636,1336.0
2026-04-20 14:00:00,1.84636,1.84681,1.84579,1.84624,2447.0
2026-04-20 15:00:00,1.84626,1.84722,1.84626,1.84672,1930.0
2026-04-20 16:00:00,1.8467,1.84756,1.84616,1.8465,2513.0
2026-04-20 17:00:00,1.8467,1.84802,1.84631,1.84702,3544.0
2026-04-20 18:00:00,1.84682,1.84712,1.84632,1.84645,860.0
2026-04-20 19:00:00,1.8465,1.84672,1.84613,1.84617,1094.0
2026-04-20 20:00:00,1.84618,1.84622,1.84499,1.84512,4922.0
2026-04-20 21:00:00,1.84511,1.84584,1.84505,1.84514,4004.0
2026-04-20 22:00:00,1.84514,1.84548,1.84504,1.84514,2373.0
2026-04-20 23:00:00,1.84516,1.84518,1.84459,1.84488,3146.0
2026-04-21 00:00:00,1.84489,1.84506,1.8444,1.84446,1733.0
2026-04-21 01:00:00,1.8445,1.84552,1.84436,1.8451,3196.0
2026-04-21 02:00:00,1.84508,1.84663,1.84458,1.84509,2736.0
2026-04-21 03:00:00,1.8451,1.84572,1.84414,1.84443,2523.0
2026-04-21 04:00:00,1.84444,1.8449,1.84218,1.84422,2480.0
2026-04-21 05:00:00,1.84416,1.84496,1.84344,1.84451,1379.0
2026-04-21 06:00:00,1.84446,1.84562,1.84404,1.84548,3267.0
2026-04-21 07:00:00,1.8455,1.8465,1.84478,1.84597,2904.0
2026-04-21 08:00:00,1.84598,1.84664,1.84482,1.8449,1509.0
2026-04-21 09:00:00,1.84498,1.84565,1.84432,1.84468,2629.0
2026-04-21 10:00:00,1.84468,1.84607,1.8436,1.84392,3307.0
2026-04-21 11:00:00,1.84392,1.8444,1.84294,1.84326,3429.0
2026-04-21 12:00:00,1.84328,1.84405,1.84317,1.8436,4258.0
2026-04-21 13:00:00,1.84362,1.84627,1.84264,1.8448,5211.0
2026-04-21 14:00:00,1.84482,1.84494,1.84295,1.84441,4999.0
2026-04-21 15:00:00,1.84441,1.8454,1.84256,1.84321,3145.0
2026-04-21 16:00:00,1.84328,1.84551,1.84229,1.84549,4323.0
2026-04-21 17:00:00,1.84546,1.84616,1.84422,1.84478,4112.0
2026-04-21 18:00:00,1.84495,1.84511,1.8446,1.84479,1304.0
2026-04-21 19:00:00,1.84481,1.84514,1.84464,1.84506,1567.0
2026-04-21 20:00:00,1.84506,1.8463,1.84477,1.84486,5012.0
2026-04-21 21:00:00,1.84488,1.846,1.84468,1.84552,4052.0
2026-04-21 22:00:00,1.84552,1.84572,1.84478,1.84484,2104.0
2026-04-21 23:00:00,1.84484,1.84552,1.84464,1.84504,1977.0
2026-04-22 00:00:00,1.84504,1.84533,1.8445,1.8446,1731.0
2026-04-22 01:00:00,1.8446,1.84688,1.84452,1.84608,2125.0
2026-04-22 02:00:00,1.84614,1.84704,1.8455,1.8458,1644.0
2026-04-22 03:00:00,1.84576,1.84678,1.845,1.84664,1949.0
2026-04-22 04:00:00,1.84663,1.84678,1.84541,1.84621,1244.0
2026-04-22 05:00:00,1.84616,1.84736,1.84586,1.84592,2139.0
2026-04-22 06:00:00,1.84596,1.84644,1.84536,1.84616,2649.0
2026-04-22 07:00:00,1.8461,1.8461,1.84442,1.84494,2662.0
2026-04-22 08:00:00,1.84494,1.84548,1.84368,1.84431,2572.0
2026-04-22 09:00:00,1.84432,1.84683,1.84394,1.84528,2641.0
2026-04-22 10:00:00,1.84528,1.8459,1.84474,1.84476,2624.0
2026-04-22 11:00:00,1.84476,1.84548,1.84418,1.84468,2691.0
2026-04-22 12:00:00,1.84474,1.84486,1.84384,1.84434,2663.0
2026-04-22 13:00:00,1.84432,1.84599,1.84426,1.84594,1115.0
2026-04-22 14:00:00,1.8459,1.84646,1.84551,1.84554,2651.0
2026-04-22 15:00:00,1.84556,1.84635,1.8452,1.84621,4193.0
2026-04-22 16:00:00,1.84621,1.84644,1.84556,1.84608,2529.0
2026-04-22 17:00:00,1.8458,1.84708,1.84574,1.84637,2067.0
2026-04-22 18:00:00,1.8463,1.8463,1.84538,1.84544,527.0
2026-04-22 19:00:00,1.84546,1.8456,1.84522,1.84524,830.0
2026-04-22 20:00:00,1.84524,1.84594,1.84335,1.84584,8362.0
2026-04-22 21:00:00,1.84586,1.84608,1.84474,1.8448,6286.0
2026-04-22 22:00:00,1.84481,1.84494,1.84374,1.84385,5981.0
2026-04-22 23:00:00,1.84384,1.84416,1.84346,1.84408,6555.0
2026-04-23 00:00:00,1.84406,1.84424,1.84366,1.84411,4530.0
2026-04-23 01:00:00,1.8441,1.84457,1.84376,1.84428,5363.0
2026-04-23 02:00:00,1.84419,1.84478,1.84346,1.84415,3867.0
2026-04-23 03:00:00,1.84418,1.84473,1.84297,1.84341,6597.0
2026-04-23 04:00:00,1.8434,1.8452,1.84239,1.84504,5600.0
2026-04-23 05:00:00,1.84504,1.84623,1.84396,1.84498,4958.0
2026-04-23 06:00:00,1.84496,1.84579,1.84414,1.84428,2513.0
2026-04-23 07:00:00,1.84436,1.8463,1.8438,1.84574,4624.0
2026-04-23 08:00:00,1.84569,1.84717,1.8445,1.84492,8512.0
2026-04-23 09:00:00,1.8449,1.84721,1.84452,1.84673,6697.0
2026-04-23 10:00:00,1.84674,1.8486,1.84591,1.8476,3602.0
2026-04-23 11:00:00,1.8476,1.84802,1.84596,1.84608,2090.0
2026-04-23 12:00:00,1.84612,1.84735,1.84576,1.84735,3843.0
2026-04-23 13:00:00,1.84736,1.84752,1.8439,1.84563,7068.0
2026-04-23 14:00:00,1.84564,1.84615,1.84466,1.845,6122.0
2026-04-23 15:00:00,1.845,1.84508,1.84384,1.84416,4968.0
2026-04-23 16:00:00,1.84424,1.84476,1.84383,1.84466,3589.0
2026-04-23 17:00:00,1.84568,1.84632,1.84393,1.84454,2160.0
2026-04-23 18:00:00,1.84462,1.84489,1.84417,1.84467,926.0
2026-04-23 19:00:00,1.84466,1.84484,1.8444,1.84464,892.0
2026-04-23 20:00:00,1.84468,1.84508,1.8445,1.84484,4389.0
2026-04-23 21:00:00,1.84482,1.84548,1.84448,1.84546,4210.0
2026-04-23 22:00:00,1.84546,1.84548,1.84452,1.84509,2316.0
2026-04-23 23:00:00,1.84508,1.84549,1.84483,1.84536,2650.0
2026-04-24 00:00:00,1.84536,1.84579,1.84498,1.84568,2684.0
2026-04-24 01:00:00,1.84571,1.84584,1.84531,1.84546,3020.0
2026-04-24 02:00:00,1.84552,1.8465,1.84536,1.8459,2607.0
2026-04-24 03:00:00,1.8459,1.84636,1.8455,1.84595,1563.0
2026-04-24 04:00:00,1.84588,1.84612,1.84436,1.8448,1689.0
2026-04-24 05:00:00,1.84485,1.84596,1.84427,1.84554,1333.0
2026-04-24 06:00:00,1.84555,1.8463,1.8451,1.84592,712.0
2026-04-24 07:00:00,1.84595,1.84838,1.8455,1.84606,2523.0
2026-04-24 08:00:00,1.84616,1.84742,1.84534,1.84712,2777.0
2026-04-24 09:00:00,1.84719,1.84853,1.8465,1.84802,3364.0
2026-04-24 10:00:00,1.84803,1.84988,1.84671,1.8476,2985.0
2026-04-24 11:00:00,1.84756,1.84886,1.84619,1.84826,4031.0
2026-04-24 12:00:00,1.84829,1.84906,1.84785,1.8488,3205.0
2026-04-24 13:00:00,1.84881,1.84887,1.84782,1.84796,3310.0
2026-04-24 14:00:00,1.84808,1.84882,1.848,1.84878,1863.0
2026-04-24 15:00:00,1.84882,1.84934,1.84851,1.84929,3348.0
2026-04-24 16:00:00,1.84927,1.85042,1.84906,1.84956,3750.0
2026-04-26 17:00:00,1.84708,1.8485,1.84707,1.84793,3352.0
2026-04-26 18:00:00,1.84786,1.84942,1.84756,1.84839,1179.0
2026-04-26 19:00:00,1.8484,1.8488,1.8483,1.84835,2010.0
2026-04-26 20:00:00,1.84838,1.84856,1.84793,1.84836,2263.0
2026-04-26 21:00:00,1.84843,1.8494,1.84833,1.84908,2889.0
2026-04-26 22:00:00,1.84907,1.85002,1.84862,1.84982,2189.0
2026-04-26 23:00:00,1.8498,1.8508,1.84979,1.85054,1920.0
2026-04-27 00:00:00,1.85046,1.85084,1.85007,1.85022,1398.0
2026-04-27 01:00:00,1.85022,1.85022,1.84914,1.84916,2768.0
2026-04-27 02:00:00,1.84916,1.84928,1.84778,1.84846,2281.0
2026-04-27 03:00:00,1.84845,1.84903,1.84684,1.84693,2276.0
2026-04-27 04:00:00,1.84696,1.84708,1.84474,1.84554,1553.0
2026-04-27 05:00:00,1.84558,1.84576,1.84402,1.84404,1966.0
2026-04-27 06:00:00,1.84404,1.84572,1.84385,1.8453,2689.0
2026-04-27 07:00:00,1.8453,1.84596,1.84451,1.84521,2444.0
2026-04-27 08:00:00,1.84532,1.84616,1.84284,1.84293,3130.0
2026-04-27 09:00:00,1.84299,1.84435,1.84156,1.84329,3539.0
2026-04-27 10:00:00,1.84328,1.84583,1.84304,1.84544,3328.0
2026-04-27 11:00:00,1.84544,1.84579,1.84454,1.84512,2680.0
2026-04-27 12:00:00,1.84514,1.84568,1.84412,1.84418,1789.0
2026-04-27 13:00:00,1.84426,1.84456,1.84318,1.84401,2545.0
2026-04-27 14:00:00,1.84404,1.84416,1.8429,1.84406,1747.0
2026-04-27 15:00:00,1.84406,1.84526,1.84382,1.84489,1431.0
2026-04-27 16:00:00,1.84488,1.84532,1.8438,1.8441,1392.0
2026-04-27 17:00:00,1.84502,1.84516,1.8441,1.84466,1920.0
2026-04-27 18:00:00,1.84474,1.84474,1.84394,1.84406,856.0
2026-04-27 19:00:00,1.84408,1.8442,1.84384,1.84403,1588.0
2026-04-27 20:00:00,1.84406,1.84421,1.84312,1.84374,2788.0
2026-04-27 21:00:00,1.84371,1.84429,1.84328,1.84396,2863.0
2026-04-27 22:00:00,1.84398,1.84447,1.84382,1.84419,2919.0
2026-04-27 23:00:00,1.84418,1.8454,1.84402,1.8446,2587.0
2026-04-28 00:00:00,1.84462,1.84504,1.84444,1.84458,1375.0
2026-04-28 01:00:00,1.84457,1.84468,1.8434,1.84346,2970.0
2026-04-28 02:00:00,1.84341,1.84358,1.84219,1.84294,3395.0
2026-04-28 03:00:00,1.84288,1.84308,1.84164,1.8424,1858.0
2026-04-28 04:00:00,1.84244,1.84348,1.84202,1.84306,1799.0
2026-04-28 05:00:00,1.84306,1.84306,1.84162,1.84207,2321.0
2026-04-28 06:00:00,1.84204,1.8434,1.84151,1.8426,1664.0
2026-04-28 07:00:00,1.84266,1.84332,1.84077,1.84146,1559.0
2026-04-28 08:00:00,1.84153,1.8453,1.8412,1.84502,3173.0
2026-04-28 09:00:00,1.84499,1.84551,1.8435,1.84422,3551.0
2026-04-28 10:00:00,1.84422,1.84776,1.84353,1.84772,3858.0
2026-04-28 11:00:00,1.84775,1.84821,1.84683,1.84721,6167.0
2026-04-28 12:00:00,1.84722,1.84936,1.84682,1.84892,5762.0
2026-04-28 13:00:00,1.84892,1.8492,1.84816,1.84878,2625.0
2026-04-28 14:00:00,1.84877,1.85012,1.84842,1.8497,2632.0
2026-04-28 15:00:00,1.8497,1.84989,1.84894,1.8497,2740.0
2026-04-28 16:00:00,1.84969,1.85051,1.84958,1.84972,1982.0
2026-04-28 17:00:00,1.84911,1.84958,1.84842,1.84923,1610.0
2026-04-28 18:00:00,1.84908,1.85019,1.84897,1.84984,726.0
2026-04-28 19:00:00,1.84991,1.85018,1.84982,1.85008,1603.0
2026-04-28 20:00:00,1.85008,1.8504,1.84979,1.85022,2666.0
2026-04-28 21:00:00,1.85022,1.85029,1.84948,1.84952,3771.0
2026-04-28 22:00:00,1.8496,1.84988,1.84878,1.84902,1954.0
2026-04-28 23:00:00,1.84899,1.8496,1.84888,1.8492,1787.0
2026-04-29 00:00:00,1.84924,1.84964,1.84914,1.84932,1132.0
2026-04-29 01:00:00,1.8493,1.84952,1.84851,1.84862,2045.0
2026-04-29 02:00:00,1.84864,1.84891,1.84756,1.84805,1500.0
2026-04-29 03:00:00,1.84804,1.84836,1.8469,1.84741,1347.0
2026-04-29 04:00:00,1.84738,1.84767,1.84576,1.84726,3246.0
2026-04-29 05:00:00,1.84728,1.84902,1.84702,1.84884,2650.0
2026-04-29 06:00:00,1.84885,1.84948,1.84846,1.84892,2734.0
2026-04-29 07:00:00,1.84884,1.84886,1.84708,1.84738,1778.0
2026-04-29 08:00:00,1.84736,1.84806,1.846,1.8464,1691.0
2026-04-29 09:00:00,1.8464,1.84846,1.84604,1.84622,5308.0
2026-04-29 10:00:00,1.84624,1.84787,1.84516,1.84664,7727.0
2026-04-29 11:00:00,1.8467,1.8467,1.84426,1.8443,5718.0
2026-04-29 12:00:00,1.84432,1.84501,1.84334,1.8436,8075.0
2026-04-29 13:00:00,1.8436,1.84505,1.84304,1.84446,7535.0
2026-04-29 14:00:00,1.8444,1.84523,1.84251,1.8438,9328.0
2026-04-29 15:00:00,1.8438,1.84464,1.84318,1.84389,6224.0
2026-04-29 16:00:00,1.84388,1.84426,1.84302,1.84396,4156.0
2026-04-29 17:00:00,1.84468,1.845,1.84386,1.84406,4784.0
2026-04-29 18:00:00,1.84412,1.84412,1.84308,1.84402,2042.0
2026-04-29 19:00:00,1.844,1.84434,1.84363,1.84383,1751.0
2026-04-29 20:00:00,1.84384,1.84444,1.84354,1.84388,7910.0
2026-04-29 21:00:00,1.84388,1.84402,1.84328,1.84356,7464.0
2026-04-29 22:00:00,1.84355,1.8439,1.8426,1.84318,7442.0
2026-04-29 23:00:00,1.84319,1.84329,1.8427,1.84302,6845.0
2026-04-30 00:00:00,1.84303,1.8431,1.84156,1.84198,7337.0
2026-04-30 01:00:00,1.84198,1.84245,1.84147,1.84189,7117.0
2026-04-30 02:00:00,1.84187,1.84369,1.84116,1.84288,7604.0
2026-04-30 03:00:00,1.8429,1.84386,1.84258,1.84319,8347.0
2026-04-30 04:00:00,1.8432,1.8447,1.84302,1.84324,5493.0
2026-04-30 05:00:00,1.84322,1.84502,1.84259,1.84467,2028.0
2026-04-30 06:00:00,1.84468,1.84688,1.84387,1.84685,12080.0
2026-04-30 07:00:00,1.84686,1.84846,1.84496,1.84649,12238.0
2026-04-30 08:00:00,1.8465,1.84809,1.84522,1.84706,11639.0
2026-04-30 09:00:00,1.847,1.84714,1.84585,1.84624,11140.0
2026-04-30 10:00:00,1.84622,1.84994,1.8451,1.84862,16958.0
2026-04-30 11:00:00,1.84858,1.84982,1.84661,1.84793,13330.0
2026-04-30 12:00:00,1.84794,1.84866,1.84696,1.84799,8696.0
2026-04-30 13:00:00,1.84798,1.84907,1.84768,1.84833,8605.0
2026-04-30 14:00:00,1.84833,1.84896,1.84748,1.84764,6860.0
2026-04-30 15:00:00,1.84758,1.84912,1.84755,1.84766,7484.0
2026-04-30 16:00:00,1.84768,1.8483,1.84681,1.84734,4380.0
2026-04-30 17:00:00,1.84794,1.84858,1.84786,1.84836,2209.0
2026-04-30 18:00:00,1.84836,1.84852,1.84726,1.8474,915.0
2026-04-30 19:00:00,1.8474,1.84778,1.84694,1.84704,1812.0
2026-04-30 20:00:00,1.84708,1.84738,1.84612,1.8472,4712.0
2026-04-30 21:00:00,1.84723,1.8474,1.84651,1.84714,3846.0
2026-04-30 22:00:00,1.84714,1.84724,1.84654,1.84704,2750.0
2026-04-30 23:00:00,1.84704,1.84754,1.84678,1.84714,2898.0
2026-05-01 00:00:00,1.84711,1.84744,1.84682,1.84725,2754.0
2026-05-01 01:00:00,1.84724,1.84728,1.84608,1.84613,3042.0
2026-05-01 02:00:00,1.84614,1.84864,1.84586,1.84799,6480.0
2026-05-01 03:00:00,1.84798,1.84864,1.84686,1.84716,8480.0
2026-05-01 04:00:00,1.8472,1.84772,1.8467,1.84688,4194.0
2026-05-01 05:00:00,1.84688,1.8469,1.84558,1.8457,4160.0
2026-05-01 06:00:00,1.8457,1.84705,1.84562,1.84635,4267.0
2026-05-01 07:00:00,1.84638,1.84784,1.84602,1.84784,5285.0
2026-05-01 08:00:00,1.84782,1.84918,1.84742,1.8486,7452.0
2026-05-01 09:00:00,1.84862,1.84973,1.84664,1.84959,7008.0
2026-05-01 10:00:00,1.84966,1.85296,1.84846,1.84902,10433.0
2026-05-01 11:00:00,1.84904,1.84956,1.84825,1.84862,9801.0
2026-05-01 12:00:00,1.84862,1.84952,1.84768,1.84768,8397.0
2026-05-01 13:00:00,1.84766,1.84791,1.84617,1.84682,6327.0
2026-05-01 14:00:00,1.84686,1.84694,1.84488,1.84507,6716.0
2026-05-01 15:00:00,1.84506,1.8455,1.84443,1.84471,3846.0
2026-05-01 16:00:00,1.8447,1.84548,1.84409,1.84513,4542.0
2026-05-03 17:00:00,1.84802,1.84878,1.84748,1.84865,570.0
2026-05-03 18:00:00,1.84848,1.84848,1.84568,1.84612,1232.0
2026-05-03 19:00:00,1.8461,1.84618,1.84527,1.8454,1587.0
2026-05-03 20:00:00,1.8454,1.84617,1.84458,1.84612,3995.0
2026-05-03 21:00:00,1.8461,1.84651,1.84563,1.84606,4818.0
2026-05-03 22:00:00,1.84605,1.84696,1.84584,1.8463,4181.0
2026-05-03 23:00:00,1.84632,1.84764,1.84622,1.84724,5865.0
2026-05-04 00:00:00,1.84722,1.84735,1.84622,1.84655,3632.0
2026-05-04 01:00:00,1.84656,1.84722,1.84632,1.8471,4650.0
2026-05-04 02:00:00,1.84708,1.84824,1.84604,1.84638,4549.0
2026-05-04 03:00:00,1.84643,1.84658,1.84528,1.84572,3375.0
2026-05-04 04:00:00,1.8457,1.84576,1.84428,1.84445,2920.0
2026-05-04 05:00:00,1.84444,1.845,1.8439,1.84457,2995.0
2026-05-04 06:00:00,1.8445,1.84466,1.84158,1.84266,4301.0
2026-05-04 07:00:00,1.84266,1.844,1.84213,1.84382,4091.0
2026-05-04 08:00:00,1.84382,1.84657,1.84346,1.84602,5959.0
2026-05-04 09:00:00,1.84598,1.8467,1.84476,1.84531,3707.0
2026-05-04 10:00:00,1.84534,1.84617,1.84414,1.84427,2956.0
2026-05-04 11:00:00,1.84432,1.84506,1.84124,1.84176,6485.0
2026-05-04 12:00:00,1.84173,1.84233,1.8399,1.84064,6788.0
2026-05-04 13:00:00,1.84064,1.84316,1.8406,1.84196,3516.0
2026-05-04 14:00:00,1.84194,1.84196,1.84041,1.84154,1889.0
2026-05-04 15:00:00,1.84151,1.84284,1.84148,1.84278,2945.0
2026-05-04 16:00:00,1.84278,1.8437,1.84258,1.84364,1956.0
2026-05-04 17:00:00,1.84385,1.84386,1.84246,1.84318,3012.0
2026-05-04 18:00:00,1.84329,1.84336,1.84282,1.84312,1015.0
2026-05-04 19:00:00,1.84311,1.84331,1.84292,1.843,1279.0
2026-05-04 20:00:00,1.843,1.84324,1.84253,1.84286,2658.0
2026-05-04 21:00:00,1.84287,1.84291,1.84205,1.84238,3313.0
2026-05-04 22:00:00,1.8424,1.84296,1.84227,1.84248,2887.0
2026-05-04 23:00:00,1.84246,1.84265,1.8421,1.84216,2303.0
2026-05-05 00:00:00,1.84218,1.84276,1.8417,1.8419,2823.0
2026-05-05 01:00:00,1.84186,1.84278,1.84176,1.84194,3696.0
2026-05-05 02:00:00,1.84188,1.84325,1.84119,1.84276,4431.0
2026-05-05 03:00:00,1.84283,1.84436,1.84275,1.84377,4125.0
2026-05-05 04:00:00,1.84379,1.8446,1.84322,1.84399,2584.0
2026-05-05 05:00:00,1.84402,1.84437,1.84303,1.84324,2562.0
2026-05-05 06:00:00,1.84323,1.84389,1.8428,1.84386,4498.0
2026-05-05 07:00:00,1.84386,1.84407,1.84236,1.84328,4349.0
2026-05-05 08:00:00,1.84328,1.84532,1.8424,1.84495,2850.0
2026-05-05 09:00:00,1.84498,1.84566,1.84417,1.84476,2443.0
2026-05-05 10:00:00,1.84544,1.84715,1.84467,1.8471,4496.0
2026-05-05 11:00:00,1.84709,1.84769,1.84656,1.8473,3619.0
2026-05-05 12:00:00,1.8473,1.84768,1.84616,1.84626,2716.0
2026-05-05 13:00:00,1.84631,1.84678,1.84518,1.84546,2142.0
2026-05-05 14:00:00,1.84536,1.84573,1.8448,1.84492,1252.0
2026-05-05 15:00:00,1.845,1.8452,1.84454,1.84498,620.0
2026-05-05 16:00:00,1.84499,1.84518,1.84366,1.84384,921.0
2026-05-05 17:00:00,1.8441,1.84534,1.84371,1.8442,3869.0
2026-05-05 18:00:00,1.84415,1.84561,1.84376,1.84506,1563.0
2026-05-05 19:00:00,1.84506,1.84673,1.84498,1.84582,2903.0
2026-05-05 20:00:00,1.84584,1.84644,1.84565,1.84574,1790.0
2026-05-05 21:00:00,1.8458,1.84643,1.84565,1.8457,2649.0
2026-05-05 22:00:00,1.84569,1.84628,1.84531,1.84546,1785.0
2026-05-05 23:00:00,1.84549,1.84556,1.84468,1.84484,2683.0
2026-05-06 00:00:00,1.84486,1.84754,1.84464,1.8464,7123.0
2026-05-06 01:00:00,1.84632,1.84682,1.846,1.84622,4048.0
2026-05-06 02:00:00,1.84626,1.84745,1.8459,1.84622,4913.0
2026-05-06 03:00:00,1.84624,1.84842,1.84578,1.84828,5580.0
2026-05-06 04:00:00,1.84829,1.85146,1.84752,1.85105,4503.0
2026-05-06 05:00:00,1.85104,1.85253,1.85012,1.8518,3829.0
2026-05-06 06:00:00,1.85188,1.85334,1.85108,1.85312,3408.0
2026-05-06 07:00:00,1.8531,1.85502,1.85178,1.85216,8688.0
2026-05-06 08:00:00,1.85218,1.85334,1.85142,1.8526,8029.0
2026-05-06 09:00:00,1.85258,1.85322,1.85136,1.85311,4880.0
2026-05-06 10:00:00,1.8531,1.85444,1.85213,1.85226,4199.0
2026-05-06 11:00:00,1.85226,1.85309,1.85189,1.85204,3458.0
2026-05-06 12:00:00,1.85196,1.85276,1.85145,1.85204,3103.0
2026-05-06 13:00:00,1.85203,1.85431,1.8519,1.8537,2982.0
2026-05-06 14:00:00,1.85368,1.854,1.85324,1.8537,2844.0
2026-05-06 15:00:00,1.85371,1.85384,1.85294,1.8535,1998.0
2026-05-06 16:00:00,1.85352,1.85382,1.85229,1.85316,1273.0
2026-05-06 17:00:00,1.85272,1.85413,1.85265,1.85313,3185.0
2026-05-06 18:00:00,1.85294,1.8532,1.85274,1.85312,1480.0
2026-05-06 19:00:00,1.85311,1.85346,1.85306,1.85324,1381.0
2026-05-06 20:00:00,1.85324,1.85414,1.85314,1.85355,3533.0
2026-05-06 21:00:00,1.85352,1.85464,1.85332,1.8544,4048.0
2026-05-06 22:00:00,1.8544,1.85548,1.8544,1.85487,3652.0
2026-05-06 23:00:00,1.85487,1.85487,1.85382,1.85384,3284.0
2026-05-07 00:00:00,1.85381,1.85399,1.85356,1.85386,3100.0
2026-05-07 01:00:00,1.85388,1.85416,1.85362,1.85378,3134.0
2026-05-07 02:00:00,1.8538,1.85506,1.85367,1.85447,5881.0
2026-05-07 03:00:00,1.85446,1.85747,1.85438,1.85578,7562.0
2026-05-07 04:00:00,1.85578,1.85626,1.85518,1.85593,5793.0
2026-05-07 05:00:00,1.85594,1.85627,1.85484,1.85534,6179.0
2026-05-07 06:00:00,1.8553,1.8568,1.85516,1.85571,5075.0
2026-05-07 07:00:00,1.8558,1.85592,1.85436,1.85584,6639.0
2026-05-07 08:00:00,1.85585,1.85808,1.85562,1.85724,6717.0
2026-05-07 09:00:00,1.85724,1.85812,1.85647,1.85734,6544.0
2026-05-07 10:00:00,1.85735,1.85832,1.8559,1.85822,4326.0
2026-05-07 11:00:00,1.85822,1.85856,1.85542,1.85552,4406.0
2026-05-07 12:00:00,1.85558,1.85567,1.85272,1.85292,4895.0
2026-05-07 13:00:00,1.85294,1.85294,1.85036,1.85194,4622.0
2026-05-07 14:00:00,1.85197,1.85248,1.851,1.85173,4066.0
2026-05-07 15:00:00,1.85178,1.85186,1.85035,1.8516,1899.0
2026-05-07 16:00:00,1.85162,1.85265,1.85038,1.85143,3840.0
2026-05-07 17:00:00,1.85164,1.85228,1.8511,1.85151,2946.0
2026-05-07 18:00:00,1.85156,1.85164,1.85084,1.85091,2252.0
2026-05-07 19:00:00,1.85094,1.85189,1.85091,1.85174,1569.0
2026-05-07 20:00:00,1.85176,1.85203,1.8508,1.85097,3103.0
2026-05-07 21:00:00,1.85104,1.85182,1.85084,1.85173,2783.0
2026-05-07 22:00:00,1.85172,1.8522,1.85128,1.85166,2242.0
2026-05-07 23:00:00,1.85166,1.8518,1.85122,1.85132,2144.0
2026-05-08 00:00:00,1.85131,1.8528,1.85078,1.8524,3274.0
2026-05-08 01:00:00,1.8524,1.8536,1.85238,1.8535,3187.0
2026-05-08 02:00:00,1.8535,1.85524,1.85336,1.85494,4015.0
2026-05-08 03:00:00,1.8549,1.85524,1.85386,1.85474,2564.0
2026-05-08 04:00:00,1.8547,1.85854,1.85444,1.85836,2386.0
2026-05-08 05:00:00,1.85839,1.85907,1.85762,1.85778,1602.0
2026-05-08 06:00:00,1.85783,1.85822,1.85678,1.85688,1549.0
2026-05-08 07:00:00,1.85692,1.85749,1.85648,1.85726,3729.0
2026-05-08 08:00:00,1.85726,1.8645,1.85711,1.86374,7695.0
2026-05-08 09:00:00,1.86378,1.86782,1.86338,1.86757,6818.0
2026-05-08 10:00:00,1.8676,1.86768,1.86438,1.86539,4151.0
2026-05-08 11:00:00,1.86532,1.86571,1.86342,1.86372,4471.0
2026-05-08 12:00:00,1.86365,1.86494,1.86356,1.86408,3523.0
2026-05-08 13:00:00,1.86408,1.86428,1.8635,1.8638,2331.0
2026-05-08 14:00:00,1.86378,1.86497,1.86338,1.86352,2549.0
2026-05-08 15:00:00,1.86358,1.86459,1.86324,1.86454,1392.0
2026-05-08 16:00:00,1.86452,1.86508,1.86344,1.8644,2886.0
2026-05-10 17:00:00,1.85564,1.86042,1.85535,1.85735,3255.0
2026-05-10 18:00:00,1.85724,1.86026,1.85712,1.86022,2054.0
2026-05-10 19:00:00,1.86022,1.8605,1.85983,1.86012,1451.0
2026-05-10 20:00:00,1.8602,1.86083,1.85982,1.86077,2744.0
2026-05-10 21:00:00,1.8608,1.86104,1.86018,1.86032,3230.0
2026-05-10 22:00:00,1.86032,1.86074,1.86008,1.8601,2740.0
2026-05-10 23:00:00,1.8601,1.86042,1.85986,1.86018,2189.0
2026-05-11 00:00:00,1.86026,1.8607,1.85961,1.85976,2455.0
2026-05-11 01:00:00,1.85976,1.8603,1.85948,1.85994,2996.0
2026-05-11 02:00:00,1.8599,1.86022,1.85764,1.86022,4493.0
2026-05-11 03:00:00,1.86024,1.86062,1.85878,1.85929,3092.0
2026-05-11 04:00:00,1.85927,1.86104,1.85894,1.86005,2761.0
2026-05-11 05:00:00,1.86004,1.86075,1.85886,1.85887,1413.0
2026-05-11 06:00:00,1.85888,1.85898,1.85604,1.8563,1904.0
2026-05-11 07:00:00,1.85638,1.86048,1.85638,1.85961,3326.0
2026-05-11 08:00:00,1.85968,1.86226,1.85864,1.8602,3884.0
2026-05-11 09:00:00,1.86027,1.86214,1.86024,1.86084,4140.0
2026-05-11 10:00:00,1.86086,1.86378,1.85938,1.86372,7734.0
2026-05-11 11:00:00,1.86372,1.86591,1.86342,1.86524,3894.0
2026-05-11 12:00:00,1.86526,1.86529,1.86338,1.8639,3411.0
2026-05-11 13:00:00,1.86392,1.86447,1.86362,1.8643,2414.0
2026-05-11 14:00:00,1.86428,1.86467,1.86324,1.8634,2366.0
2026-05-11 15:00:00,1.86332,1.86348,1.86242,1.86254,2628.0
2026-05-11 16:00:00,1.86257,1.86293,1.86142,1.8616,1427.0
2026-05-11 17:00:00,1.86162,1.86209,1.86082,1.86104,1866.0
2026-05-11 18:00:00,1.86106,1.86118,1.86054,1.861,723.0
2026-05-11 19:00:00,1.86106,1.86137,1.86071,1.8609,1060.0
2026-05-11 20:00:00,1.86092,1.8613,1.86056,1.8607,3025.0
2026-05-11 21:00:00,1.8607,1.86084,1.85955,1.85991,3205.0
2026-05-11 22:00:00,1.85994,1.86056,1.85989,1.86044,2189.0
2026-05-11 23:00:00,1.86043,1.86053,1.85985,1.85999,1708.0
2026-05-12 00:00:00,1.86002,1.86028,1.85951,1.86004,1840.0
2026-05-12 01:00:00,1.86004,1.86006,1.85785,1.85788,3773.0
2026-05-12 02:00:00,1.85788,1.85849,1.85464,1.85472,5923.0
2026-05-12 03:00:00,1.85473,1.8554,1.85202,1.85245,5008.0
2026-05-12 04:00:00,1.85244,1.85482,1.85079,1.85418,4109.0
2026-05-12 05:00:00,1.85416,1.857,1.85346,1.85612,2344.0
2026-05-12 06:00:00,1.85618,1.85776,1.85522,1.85526,2813.0
2026-05-12 07:00:00,1.85525,1.85657,1.8536,1.85436,2627.0
2026-05-12 08:00:00,1.8544,1.85577,1.85252,1.85474,5875.0
2026-05-12 09:00:00,1.85474,1.85553,1.85244,1.85308,6003.0
2026-05-12 10:00:00,1.85308,1.85594,1.85265,1.85396,4267.0
2026-05-12 11:00:00,1.85396,1.85528,1.85252,1.8549,5250.0
2026-05-12 12:00:00,1.85492,1.85529,1.85372,1.85373,3990.0
2026-05-12 13:00:00,1.85374,1.85472,1.85366,1.85422,4126.0
2026-05-12 14:00:00,1.85422,1.85464,1.85346,1.85387,4102.0
2026-05-12 15:00:00,1.85388,1.85512,1.85387,1.85481,3227.0
2026-05-12 16:00:00,1.8548,1.85522,1.8537,1.85458,1654.0
2026-05-12 17:00:00,1.85392,1.85464,1.85388,1.85432,1593.0
2026-05-12 18:00:00,1.85418,1.85459,1.85402,1.85428,689.0
2026-05-12 19:00:00,1.8543,1.85443,1.85395,1.85398,1340.0
2026-05-12 20:00:00,1.85398,1.85425,1.85348,1.85376,5186.0
2026-05-12 21:00:00,1.85377,1.85397,1.85298,1.8535,4271.0
2026-05-12 22:00:00,1.85348,1.85366,1.8527,1.853,3627.0
2026-05-12 23:00:00,1.85302,1.85346,1.85269,1.85325,2633.0
2026-05-13 00:00:00,1.85332,1.85354,1.85311,1.85341,2003.0
2026-05-13 01:00:00,1.85343,1.85581,1.85338,1.85558,4025.0
2026-05-13 02:00:00,1.85562,1.85579,1.8532,1.85367,5790.0
2026-05-13 03:00:00,1.85368,1.85505,1.85288,1.85294,5857.0
2026-05-13 04:00:00,1.85299,1.8544,1.85254,1.85274,2069.0
2026-05-13 05:00:00,1.85273,1.85302,1.8509,1.85178,2541.0
2026-05-13 06:00:00,1.8518,1.85185,1.8485,1.84922,3143.0
2026-05-13 07:00:00,1.84922,1.84992,1.84865,1.84919,2338.0
2026-05-13 08:00:00,1.8492,1.84967,1.84707,1.84759,4311.0
2026-05-13 09:00:00,1.84761,1.853,1.84761,1.85246,8601.0
2026-05-13 10:00:00,1.8524,1.85307,1.84992,1.85192,7722.0
2026-05-13 11:00:00,1.85191,1.85298,1.85138,1.85242,4631.0
2026-05-13 12:00:00,1.85244,1.85301,1.85167,1.85226,4104.0
2026-05-13 13:00:00,1.85226,1.85271,1.85182,1.8523,3308.0
2026-05-13 14:00:00,1.85226,1.85402,1.85226,1.85383,3914.0
2026-05-13 15:00:00,1.85382,1.85393,1.85288,1.85321,2995.0
2026-05-13 16:00:00,1.85326,1.85385,1.85311,1.85352,2277.0
2026-05-13 17:00:00,1.85398,1.85407,1.85307,1.85346,2495.0
2026-05-13 18:00:00,1.85334,1.85404,1.85328,1.85356,1443.0
2026-05-13 19:00:00,1.85359,1.85376,1.85325,1.85358,1459.0
2026-05-13 20:00:00,1.85354,1.85433,1.85345,1.85403,4319.0
2026-05-13 21:00:00,1.854,1.85412,1.85325,1.85333,6031.0
2026-05-13 22:00:00,1.85334,1.85382,1.85328,1.85332,3851.0
2026-05-13 23:00:00,1.85332,1.85429,1.85329,1.85399,3912.0
2026-05-14 00:00:00,1.85398,1.85432,1.85364,1.8537,4251.0
2026-05-14 01:00:00,1.8537,1.85388,1.85202,1.8522,4846.0
2026-05-14 02:00:00,1.85227,1.85399,1.85219,1.85335,5829.0
2026-05-14 03:00:00,1.85334,1.85338,1.85196,1.85206,6297.0
2026-05-14 04:00:00,1.852,1.85288,1.85146,1.85264,4898.0
2026-05-14 05:00:00,1.85263,1.85286,1.85176,1.8519,5590.0
2026-05-14 06:00:00,1.8519,1.85374,1.85158,1.85314,5896.0
2026-05-14 07:00:00,1.85313,1.85432,1.85146,1.85211,5660.0
2026-05-14 08:00:00,1.85213,1.855,1.85166,1.8536,4245.0
2026-05-14 09:00:00,1.85358,1.854,1.85135,1.8529,9557.0
2026-05-14 10:00:00,1.85288,1.85374,1.85085,1.85112,9239.0
2026-05-14 11:00:00,1.85104,1.85205,1.84894,1.84956,7082.0
2026-05-14 12:00:00,1.84956,1.84976,1.84347,1.84439,9613.0
2026-05-14 13:00:00,1.8444,1.84466,1.84008,1.84025,7374.0
2026-05-14 14:00:00,1.84024,1.84044,1.83802,1.83953,7318.0
2026-05-14 15:00:00,1.83953,1.8401,1.83843,1.83876,6727.0
2026-05-14 16:00:00,1.83879,1.83908,1.83778,1.83834,3197.0
2026-05-14 17:00:00,1.83901,1.8396,1.83816,1.83916,1936.0
2026-05-14 18:00:00,1.83928,1.83928,1.8377,1.83794,924.0
2026-05-14 19:00:00,1.83796,1.83864,1.83672,1.83782,1657.0
2026-05-14 20:00:00,1.83786,1.83824,1.83688,1.83792,3473.0
2026-05-14 21:00:00,1.83783,1.83811,1.83661,1.8368,3026.0
2026-05-14 22:00:00,1.83684,1.83814,1.83638,1.83756,2596.0
2026-05-14 23:00:00,1.83756,1.83801,1.83746,1.83792,1084.0
2026-05-15 00:00:00,1.83792,1.83792,1.83695,1.83697,1642.0
2026-05-15 01:00:00,1.837,1.83751,1.83501,1.83506,3319.0
2026-05-15 02:00:00,1.83504,1.83629,1.83296,1.83603,5958.0
2026-05-15 03:00:00,1.83602,1.83812,1.83566,1.83723,5052.0
2026-05-15 04:00:00,1.83724,1.83746,1.83428,1.83482,2499.0
2026-05-15 05:00:00,1.83477,1.83646,1.83334,1.83584,3790.0
2026-05-15 06:00:00,1.83584,1.83974,1.83584,1.83913,3913.0
2026-05-15 07:00:00,1.83914,1.83925,1.83716,1.83728,4299.0
2026-05-15 08:00:00,1.83726,1.83798,1.83532,1.83664,5925.0
2026-05-15 09:00:00,1.8367,1.83826,1.83531,1.83554,9106.0
2026-05-15 10:00:00,1.83544,1.83807,1.83522,1.83616,9563.0
2026-05-15 11:00:00,1.83616,1.8363,1.83194,1.83312,7619.0
2026-05-15 12:00:00,1.83319,1.83328,1.83073,1.83097,6586.0
2026-05-15 13:00:00,1.83098,1.83228,1.83032,1.83152,4118.0
2026-05-15 14:00:00,1.83158,1.8327,1.83148,1.83217,2131.0
2026-05-15 15:00:00,1.83224,1.83265,1.83154,1.83186,1429.0
2026-05-15 16:00:00,1.83172,1.83232,1.83129,1.83192,2281.0
2026-05-17 17:00:00,1.83222,1.83294,1.83209,1.83272,1131.0
2026-05-17 18:00:00,1.83243,1.83258,1.8306,1.83133,2376.0
2026-05-17 19:00:00,1.83132,1.8318,1.83124,1.83168,2114.0
2026-05-17 20:00:00,1.83168,1.8323,1.83098,1.83132,2519.0
2026-05-17 21:00:00,1.83134,1.83145,1.83027,1.83096,2835.0
2026-05-17 22:00:00,1.83094,1.83146,1.83075,1.83094,2836.0
2026-05-17 23:00:00,1.83094,1.83108,1.8306,1.83082,4588.0
2026-05-18 00:00:00,1.83082,1.83143,1.83077,1.83133,4756.0
2026-05-18 01:00:00,1.83132,1.83254,1.83107,1.83223,4061.0
2026-05-18 02:00:00,1.83218,1.83562,1.83214,1.83552,3433.0
2026-05-18 03:00:00,1.83554,1.83584,1.83439,1.83534,3458.0
2026-05-18 04:00:00,1.83538,1.83868,1.83498,1.83758,2095.0
2026-05-18 05:00:00,1.83756,1.8377,1.83588,1.83644,2859.0
2026-05-18 06:00:00,1.83644,1.83697,1.83444,1.83456,4507.0
2026-05-18 07:00:00,1.83456,1.8389,1.83454,1.83876,5070.0
2026-05-18 08:00:00,1.83875,1.84065,1.83858,1.84034,4106.0
2026-05-18 09:00:00,1.84045,1.84154,1.83876,1.84052,4274.0
2026-05-18 10:00:00,1.84051,1.84164,1.83963,1.8405,5377.0
2026-05-18 11:00:00,1.8405,1.84514,1.83966,1.84404,10922.0
2026-05-18 12:00:00,1.84399,1.8478,1.84375,1.84533,6480.0
2026-05-18 13:00:00,1.8453,1.84596,1.8441,1.84412,6507.0
2026-05-18 14:00:00,1.84413,1.84414,1.8427,1.8428,5221.0
2026-05-18 15:00:00,1.84279,1.84558,1.84256,1.84509,4463.0
2026-05-18 16:00:00,1.84512,1.84608,1.8451,1.84564,2468.0
2026-05-18 17:00:00,1.84554,1.84632,1.8445,1.84561,1829.0
2026-05-18 18:00:00,1.84576,1.84613,1.84529,1.84552,1121.0
2026-05-18 19:00:00,1.8455,1.84574,1.84524,1.8453,1560.0
2026-05-18 20:00:00,1.84528,1.84551,1.84476,1.84485,6212.0
2026-05-18 21:00:00,1.84483,1.84512,1.84426,1.84462,5755.0
2026-05-18 22:00:00,1.84463,1.84467,1.84376,1.84422,4213.0
2026-05-18 23:00:00,1.84421,1.84434,1.84366,1.84382,3527.0
2026-05-19 00:00:00,1.84382,1.84438,1.84359,1.84361,2896.0
2026-05-19 01:00:00,1.84362,1.84451,1.84294,1.84436,4235.0
2026-05-19 02:00:00,1.84435,1.84435,1.84173,1.84194,3661.0
2026-05-19 03:00:00,1.84194,1.8428,1.84087,1.84264,3758.0
2026-05-19 04:00:00,1.8427,1.84322,1.84148,1.8428,3437.0
2026-05-19 05:00:00,1.8428,1.84538,1.84254,1.84531,5650.0
2026-05-19 06:00:00,1.84529,1.84649,1.84441,1.84504,3378.0
2026-05-19 07:00:00,1.84506,1.8451,1.84254,1.84323,4492.0
2026-05-19 08:00:00,1.84322,1.84777,1.84298,1.84551,3746.0
2026-05-19 09:00:00,1.84544,1.84581,1.8426,1.84472,3497.0
2026-05-19 10:00:00,1.84474,1.84491,1.84208,1.84413,4629.0
2026-05-19 11:00:00,1.8442,1.84456,1.8429,1.84308,7217.0
2026-05-19 12:00:00,1.84306,1.8431,1.8419,1.84222,7111.0
2026-05-19 13:00:00,1.84221,1.84426,1.84221,1.84386,2717.0
2026-05-19 14:00:00,1.84384,1.84396,1.84196,1.84198,2116.0
2026-05-19 15:00:00,1.842,1.84294,1.84192,1.84246,2073.0
2026-05-19 16:00:00,1.84246,1.84292,1.84092,1.84098,2270.0
2026-05-19 17:00:00,1.84198,1.84225,1.84102,1.84202,4171.0
2026-05-19 18:00:00,1.8421,1.8421,1.84116,1.84131,974.0
2026-05-19 19:00:00,1.84132,1.84206,1.84128,1.84172,1790.0
2026-05-19 20:00:00,1.84168,1.843,1.8416,1.842,8203.0
2026-05-19 21:00:00,1.84203,1.84226,1.84057,1.84138,5458.0
2026-05-19 22:00:00,1.84146,1.84234,1.84115,1.84192,4914.0
2026-05-19 23:00:00,1.8419,1.84332,1.84169,1.84306,5083.0
2026-05-20 00:00:00,1.84309,1.84374,1.84225,1.8424,3585.0
2026-05-20 01:00:00,1.8424,1.84304,1.84213,1.8424,3171.0
2026-05-20 02:00:00,1.84241,1.84433,1.84028,1.84262,4095.0
2026-05-20 03:00:00,1.8426,1.8443,1.84189,1.84349,4776.0
2026-05-20 04:00:00,1.8435,1.84371,1.84165,1.84302,3402.0
2026-05-20 05:00:00,1.843,1.84431,1.843,1.84373,3800.0
2026-05-20 06:00:00,1.84376,1.84492,1.84346,1.8445,3535.0
2026-05-20 07:00:00,1.8445,1.84484,1.84274,1.84292,2793.0
2026-05-20 08:00:00,1.84298,1.84494,1.84286,1.8437,3615.0
2026-05-20 09:00:00,1.84366,1.84514,1.84276,1.84446,3630.0
2026-05-20 10:00:00,1.84455,1.84817,1.84312,1.8457,5285.0
2026-05-20 11:00:00,1.8457,1.84898,1.84538,1.84777,9538.0
2026-05-20 12:00:00,1.84776,1.8488,1.84637,1.84791,6534.0
2026-05-20 13:00:00,1.84792,1.84905,1.84756,1.84789,6089.0
2026-05-20 14:00:00,1.84789,1.8484,1.84721,1.84806,3591.0
2026-05-20 15:00:00,1.84809,1.8485,1.84664,1.8467,2485.0
2026-05-20 16:00:00,1.8467,1.8474,1.84631,1.84652,3429.0
2026-05-20 17:00:00,1.84679,1.84758,1.84622,1.84702,1340.0
2026-05-20 18:00:00,1.84706,1.84716,1.84636,1.8467,1420.0
2026-05-20 19:00:00,1.84673,1.8469,1.8465,1.8467,1476.0
2026-05-20 20:00:00,1.8467,1.84747,1.84617,1.84729,6241.0
2026-05-20 21:00:00,1.8473,1.84836,1.84729,1.84796,7363.0
2026-05-20 22:00:00,1.84794,1.84824,1.84682,1.84771,6012.0
2026-05-20 23:00:00,1.84772,1.84814,1.84768,1.84778,3790.0
2026-05-21 00:00:00,1.84778,1.84842,1.84744,1.84832,4063.0
2026-05-21 01:00:00,1.8483,1.84866,1.84804,1.84857,6240.0
2026-05-21 02:00:00,1.84853,1.84932,1.84804,1.84888,7458.0
2026-05-21 03:00:00,1.84888,1.84984,1.84718,1.8495,13031.0
2026-05-21 04:00:00,1.84955,1.85166,1.84871,1.84951,8862.0
2026-05-21 05:00:00,1.84944,1.85084,1.84934,1.8503,5875.0
2026-05-21 06:00:00,1.8503,1.85071,1.84698,1.8477,9402.0
2026-05-21 07:00:00,1.84765,1.84937,1.84728,1.84778,8395.0
2026-05-21 08:00:00,1.84782,1.8487,1.84662,1.84743,9962.0
2026-05-21 09:00:00,1.84745,1.84894,1.84626,1.84773,5550.0
2026-05-21 10:00:00,1.84776,1.84979,1.84762,1.84906,6390.0
2026-05-21 11:00:00,1.84905,1.84917,1.84696,1.84818,7220.0
2026-05-21 12:00:00,1.84822,1.84886,1.8477,1.84816,4782.0
2026-05-21 13:00:00,1.84816,1.85254,1.84802,1.85187,10527.0
2026-05-21 14:00:00,1.8518,1.85202,1.84955,1.8502,10936.0
2026-05-21 15:00:00,1.8501,1.8517,1.85002,1.85107,7624.0
2026-05-21 16:00:00,1.85108,1.85158,1.84993,1.85014,3306.0
2026-05-21 17:00:00,1.85021,1.85128,1.84958,1.85066,5174.0
2026-05-21 18:00:00,1.85051,1.85067,1.85011,1.85038,380.0
2026-05-21 19:00:00,1.85039,1.85066,1.85028,1.85044,2017.0
2026-05-21 20:00:00,1.85042,1.85146,1.8504,1.85046,2598.0
2026-05-21 21:00:00,1.85048,1.85134,1.85042,1.85118,4149.0
2026-05-21 22:00:00,1.8512,1.85164,1.85111,1.85134,3788.0
2026-05-21 23:00:00,1.85135,1.85168,1.8511,1.85166,3471.0
2026-05-22 00:00:00,1.85164,1.85208,1.8515,1.8519,2755.0
2026-05-22 01:00:00,1.8519,1.85215,1.85094,1.85134,3275.0
2026-05-22 02:00:00,1.85138,1.85198,1.8506,1.8512,3196.0
2026-05-22 03:00:00,1.8512,1.8518,1.85032,1.85136,3450.0
2026-05-22 04:00:00,1.85135,1.85244,1.85052,1.85074,896.0
2026-05-22 05:00:00,1.85067,1.85196,1.85053,1.85179,2600.0
2026-05-22 06:00:00,1.85178,1.85262,1.85175,1.85204,3577.0
2026-05-22 07:00:00,1.85204,1.8524,1.8514,1.85212,3309.0
2026-05-22 08:00:00,1.85214,1.85472,1.85169,1.85472,2729.0
2026-05-22 09:00:00,1.85478,1.85675,1.85384,1.85404,2802.0
2026-05-22 10:00:00,1.85408,1.85676,1.85286,1.85645,5760.0
2026-05-22 11:00:00,1.85646,1.8577,1.85584,1.85674,4733.0
2026-05-22 12:00:00,1.85671,1.8574,1.85616,1.85636,1833.0
2026-05-22 13:00:00,1.85632,1.85792,1.85627,1.85738,5596.0
2026-05-22 14:00:00,1.85739,1.85754,1.85615,1.857,2909.0
2026-05-22 15:00:00,1.857,1.857,1.85558,1.85665,916.0
2026-05-22 16:00:00,1.85664,1.85712,1.85586,1.85628,1530.0
2026-05-24 17:00:00,1.85809,1.85904,1.85718,1.85893,1415.0
2026-05-24 18:00:00,1.85893,1.86107,1.85834,1.861,2089.0
2026-05-24 19:00:00,1.86101,1.86128,1.86061,1.8607,1864.0
2026-05-24 20:00:00,1.86067,1.8617,1.86044,1.86053,2158.0
2026-05-24 21:00:00,1.86054,1.86108,1.85996,1.8601,1197.0
2026-05-24 22:00:00,1.86009,1.8602,1.85966,1.85983,755.0
2026-05-24 23:00:00,1.85985,1.86092,1.85954,1.8607,2032.0
2026-05-25 00:00:00,1.86068,1.86172,1.86057,1.86146,2887.0
2026-05-25 01:00:00,1.86144,1.86235,1.86142,1.86185,2581.0
2026-05-25 02:00:00,1.86182,1.86246,1.86162,1.86233,2033.0
2026-05-25 03:00:00,1.86236,1.86298,1.86144,1.86292,1430.0
2026-05-25 04:00:00,1.86296,1.86376,1.86256,1.86376,631.0
2026-05-25 05:00:00,1.8637,1.86422,1.86364,1.86388,1100.0
2026-05-25 06:00:00,1.86388,1.86409,1.86344,1.86371,930.0
2026-05-25 07:00:00,1.86368,1.86494,1.86351,1.86426,350.0
2026-05-25 08:00:00,1.86424,1.86493,1.8638,1.864,866.0
2026-05-25 09:00:00,1.86392,1.86426,1.86334,1.86334,1787.0
2026-05-25 10:00:00,1.86332,1.86354,1.86266,1.86319,1172.0
2026-05-25 11:00:00,1.86318,1.86358,1.86234,1.86281,1361.0
2026-05-25 12:00:00,1.8628,1.864,1.86255,1.86392,552.0
2026-05-25 13:00:00,1.86386,1.86438,1.8638,1.86416,415.0
2026-05-25 14:00:00,1.86417,1.86452,1.86388,1.86452,217.0
2026-05-25 15:00:00,1.8645,1.8645,1.86402,1.86402,308.0
2026-05-25 16:00:00,1.86409,1.8644,1.86396,1.86431,439.0
2026-05-25 17:00:00,1.86387,1.86446,1.86339,1.86426,2753.0
2026-05-25 18:00:00,1.86422,1.86448,1.86354,1.86386,581.0
2026-05-25 19:00:00,1.86386,1.86404,1.86314,1.8632,1235.0
2026-05-25 20:00:00,1.86321,1.86333,1.86246,1.86265,2728.0
2026-05-25 21:00:00,1.86264,1.86271,1.86178,1.86225,4900.0
2026-05-25 22:00:00,1.86222,1.86258,1.86198,1.86243,2851.0
2026-05-25 23:00:00,1.86244,1.86282,1.8622,1.86227,2927.0
2026-05-26 00:00:00,1.86228,1.86232,1.86176,1.8618,2317.0
2026-05-26 01:00:00,1.8618,1.86197,1.86131,1.86142,3702.0
2026-05-26 02:00:00,1.86142,1.86218,1.86084,1.86143,3281.0
2026-05-26 03:00:00,1.86142,1.86167,1.85937,1.8601,1873.0
2026-05-26 04:00:00,1.8601,1.86065,1.85946,1.8599,1888.0
2026-05-26 05:00:00,1.8599,1.8612,1.85958,1.86064,1847.0
2026-05-26 06:00:00,1.86063,1.86151,1.86032,1.86088,1756.0
2026-05-26 07:00:00,1.86088,1.86175,1.85992,1.86032,1672.0
2026-05-26 08:00:00,1.8603,1.86176,1.8601,1.86081,2965.0
2026-05-26 09:00:00,1.8608,1.86121,1.8584,1.85886,5934.0
2026-05-26 10:00:00,1.85886,1.85894,1.85688,1.85688,5032.0
2026-05-26 11:00:00,1.8569,1.85739,1.85464,1.85464,6793.0
2026-05-26 12:00:00,1.85468,1.85687,1.8546,1.85646,6707.0
2026-05-26 13:00:00,1.85646,1.85744,1.85638,1.85724,4615.0
2026-05-26 14:00:00,1.85725,1.85742,1.85672,1.85711,3144.0
2026-05-26 15:00:00,1.8571,1.85814,1.85694,1.85725,1790.0
2026-05-26 16:00:00,1.85724,1.858,1.85704,1.85724,2251.0
2026-05-26 17:00:00,1.85706,1.85834,1.85695,1.85718,2213.0
2026-05-26 18:00:00,1.85728,1.85766,1.8572,1.8574,955.0
2026-05-26 19:00:00,1.85742,1.85805,1.85736,1.8578,1068.0
2026-05-26 20:00:00,1.85782,1.85822,1.85735,1.85779,4063.0
2026-05-26 21:00:00,1.85778,1.8581,1.8574,1.85748,3160.0
2026-05-26 22:00:00,1.85748,1.85792,1.85726,1.85791,1804.0
2026-05-26 23:00:00,1.85792,1.85835,1.85775,1.85832,2439.0
2026-05-27 00:00:00,1.8583,1.85838,1.8578,1.85784,2788.0
2026-05-27 01:00:00,1.85785,1.85835,1.85776,1.85788,3692.0
2026-05-27 02:00:00,1.85786,1.85899,1.8573,1.85896,4655.0
2026-05-27 03:00:00,1.85898,1.85928,1.85802,1.8588,2673.0
2026-05-27 04:00:00,1.85876,1.8597,1.85827,1.85932,1398.0
2026-05-27 05:00:00,1.85936,1.85986,1.85827,1.85862,2851.0
2026-05-27 06:00:00,1.85862,1.85966,1.85807,1.85956,4198.0
2026-05-27 07:00:00,1.85955,1.85967,1.85814,1.8584,2134.0
2026-05-27 08:00:00,1.8584,1.86078,1.85814,1.85846,3368.0
2026-05-27 09:00:00,1.85843,1.8602,1.8584,1.85922,4739.0
2026-05-27 10:00:00,1.85922,1.8603,1.8581,1.85838,7334.0
2026-05-27 11:00:00,1.85826,1.85872,1.85676,1.85722,5886.0
2026-05-27 12:00:00,1.85727,1.85728,1.85646,1.85694,3886.0
2026-05-27 13:00:00,1.85696,1.85716,1.8554,1.85693,6533.0
2026-05-27 14:00:00,1.85692,1.85802,1.85676,1.85794,4327.0
2026-05-27 15:00:00,1.85794,1.85803,1.85714,1.85764,2493.0
2026-05-27 16:00:00,1.85763,1.85878,1.85746,1.85846,1214.0
2026-05-27 17:00:00,1.8575,1.85878,1.8575,1.85846,1200.0
2026-05-27 18:00:00,1.85836,1.85868,1.85775,1.8581,1086.0
2026-05-27 19:00:00,1.85807,1.85814,1.85697,1.85719,2823.0
2026-05-27 20:00:00,1.85718,1.85785,1.85688,1.85726,6121.0
2026-05-27 21:00:00,1.85724,1.85728,1.85577,1.85602,4737.0
2026-05-27 22:00:00,1.85606,1.85694,1.85598,1.85624,3592.0
2026-05-27 23:00:00,1.85624,1.85634,1.85382,1.85386,5081.0
2026-05-28 00:00:00,1.85384,1.85437,1.85371,1.85412,5785.0
2026-05-28 01:00:00,1.85411,1.85596,1.8541,1.85572,5118.0
2026-05-28 02:00:00,1.85572,1.8572,1.85542,1.85646,6249.0
2026-05-28 03:00:00,1.85654,1.85706,1.85566,1.85669,8395.0
2026-05-28 04:00:00,1.85676,1.8574,1.85614,1.85724,2773.0
2026-05-28 05:00:00,1.85727,1.85788,1.8568,1.85722,3521.0
2026-05-28 06:00:00,1.85723,1.85768,1.85586,1.85602,6595.0
2026-05-28 07:00:00,1.85601,1.857,1.85581,1.85656,5560.0
2026-05-28 08:00:00,1.85656,1.8582,1.85606,1.85774,5727.0
2026-05-28 09:00:00,1.85773,1.8584,1.85697,1.85713,7957.0
2026-05-28 10:00:00,1.8571,1.85991,1.85526,1.85598,11497.0
2026-05-28 11:00:00,1.85597,1.85624,1.85382,1.85386,9021.0
2026-05-28 12:00:00,1.85386,1.85486,1.8536,1.85426,7185.0
2026-05-28 13:00:00,1.85428,1.8543,1.85294,1.85336,6408.0
2026-05-28 14:00:00,1.85338,1.85338,1.85191,1.85237,6791.0
2026-05-28 15:00:00,1.85235,1.85242,1.85152,1.85212,5328.0
2026-05-28 16:00:00,1.85213,1.85298,1.85205,1.85284,2761.0
2026-05-28 17:00:00,1.85315,1.85352,1.85209,1.85336,2454.0
2026-05-28 18:00:00,1.85344,1.85344,1.85263,1.85274,664.0
2026-05-28 19:00:00,1.85274,1.85311,1.85272,1.85298,1511.0
2026-05-28 20:00:00,1.85294,1.85328,1.85242,1.85268,4176.0
2026-05-28 21:00:00,1.85268,1.85324,1.85237,1.85265,5581.0
2026-05-28 22:00:00,1.85264,1.85296,1.85238,1.85251,3860.0
2026-05-28 23:00:00,1.85256,1.85268,1.85213,1.85222,3051.0
2026-05-29 00:00:00,1.85221,1.85309,1.85218,1.85304,3230.0
2026-05-29 01:00:00,1.85308,1.85314,1.85234,1.85278,2770.0
2026-05-29 02:00:00,1.85276,1.85435,1.8526,1.8541,3329.0
2026-05-29 03:00:00,1.85405,1.85414,1.85172,1.85284,4383.0
2026-05-29 04:00:00,1.85281,1.85336,1.85118,1.85152,2516.0
2026-05-29 05:00:00,1.85152,1.85281,1.85118,1.85263,3238.0
2026-05-29 06:00:00,1.85263,1.85275,1.85176,1.8527,4413.0
2026-05-29 07:00:00,1.85272,1.85368,1.85232,1.85322,3435.0
2026-05-29 08:00:00,1.85316,1.857,1.85307,1.85632,2645.0
2026-05-29 09:00:00,1.85628,1.85712,1.8555,1.85624,4564.0
2026-05-29 10:00:00,1.85627,1.85721,1.85356,1.85661,7550.0
2026-05-29 11:00:00,1.85662,1.85875,1.85624,1.85736,7219.0
2026-05-29 12:00:00,1.85741,1.85856,1.857,1.85832,6613.0
2026-05-29 13:00:00,1.8583,1.8586,1.8559,1.8559,6205.0
2026-05-29 14:00:00,1.85592,1.85739,1.85575,1.85707,3586.0
2026-05-29 15:00:00,1.85712,1.85764,1.8562,1.85719,1907.0
2026-05-29 16:00:00,1.85714,1.85714,1.85587,1.85644,5031.0
2026-05-31 17:00:00,1.85734,1.85796,1.85615,1.85658,2103.0
2026-05-31 18:00:00,1.85648,1.85702,1.85532,1.85536,2231.0
2026-05-31 19:00:00,1.85528,1.8563,1.85528,1.85584,2281.0
2026-05-31 20:00:00,1.8558,1.85688,1.85552,1.85688,4655.0
2026-05-31 21:00:00,1.85689,1.85774,1.85658,1.85772,5262.0
2026-05-31 22:00:00,1.85771,1.85812,1.85756,1.85804,4325.0
2026-05-31 23:00:00,1.85806,1.85834,1.85758,1.85782,3648.0
2026-06-01 00:00:00,1.85779,1.8583,1.85776,1.85818,2312.0
2026-06-01 01:00:00,1.85816,1.85933,1.85813,1.85908,3862.0
2026-06-01 02:00:00,1.85913,1.86028,1.85782,1.85978,3368.0
2026-06-01 03:00:00,1.85978,1.85992,1.85866,1.8594,2728.0
2026-06-01 04:00:00,1.85952,1.86154,1.85934,1.86094,1499.0
2026-06-01 05:00:00,1.86095,1.86142,1.85989,1.8599,2791.0
2026-06-01 06:00:00,1.8599,1.86128,1.85943,1.8611,2900.0
2026-06-01 07:00:00,1.86108,1.86256,1.86108,1.86232,2173.0
2026-06-01 08:00:00,1.86229,1.86358,1.8612,1.86147,2929.0
2026-06-01 09:00:00,1.8615,1.86196,1.85675,1.85702,6037.0
2026-06-01 10:00:00,1.85702,1.85988,1.85634,1.85982,4358.0
2026-06-01 11:00:00,1.85982,1.86118,1.85874,1.86106,7554.0
2026-06-01 12:00:00,1.86106,1.8617,1.86004,1.86133,5371.0
2026-06-01 13:00:00,1.86132,1.8627,1.86072,1.8624,2927.0
2026-06-01 14:00:00,1.86234,1.86295,1.86218,1.86268,2721.0
2026-06-01 15:00:00,1.86267,1.86303,1.86172,1.86242,2564.0
2026-06-01 16:00:00,1.86247,1.86268,1.86218,1.86226,2339.0
2026-06-01 17:00:00,1.86342,1.86388,1.86169,1.8623,7120.0
2026-06-01 18:00:00,1.86238,1.86285,1.86214,1.86259,1008.0
2026-06-01 19:00:00,1.8626,1.86314,1.86254,1.86302,1694.0
2026-06-01 20:00:00,1.863,1.8632,1.8625,1.86261,4153.0
2026-06-01 21:00:00,1.8626,1.86358,1.8626,1.86261,6534.0
2026-06-01 22:00:00,1.8626,1.86314,1.86258,1.86294,4721.0
2026-06-01 23:00:00,1.86292,1.86336,1.86282,1.86322,4516.0
2026-06-02 00:00:00,1.86321,1.8641,1.86314,1.864,2954.0
2026-06-02 01:00:00,1.86396,1.86431,1.86368,1.86374,4170.0
2026-06-02 02:00:00,1.8638,1.86562,1.8638,1.86494,5251.0
2026-06-02 03:00:00,1.86492,1.8651,1.86386,1.86446,6669.0
2026-06-02 04:00:00,1.86446,1.86476,1.86396,1.8643,5151.0
2026-06-02 05:00:00,1.8643,1.8658,1.86402,1.86565,4456.0
2026-06-02 06:00:00,1.86568,1.8661,1.86508,1.86562,4544.0
2026-06-02 07:00:00,1.86563,1.86596,1.86486,1.86486,3990.0
2026-06-02 08:00:00,1.86487,1.86559,1.86398,1.86405,2388.0
2026-06-02 09:00:00,1.86404,1.86451,1.86183,1.86304,5493.0
2026-06-02 10:00:00,1.86307,1.8643,1.86238,1.8634,6137.0
2026-06-02 11:00:00,1.86338,1.86432,1.8627,1.86328,3695.0
2026-06-02 12:00:00,1.86329,1.86348,1.86252,1.86272,2490.0
2026-06-02 13:00:00,1.86278,1.86328,1.8623,1.8625,2870.0
2026-06-02 14:00:00,1.86254,1.86317,1.86186,1.86296,2567.0
2026-06-02 15:00:00,1.86294,1.86366,1.8629,1.86344,1898.0
2026-06-02 16:00:00,1.86346,1.86384,1.86306,1.86324,1591.0
2026-06-02 17:00:00,1.86336,1.86408,1.863,1.86386,4209.0
2026-06-02 18:00:00,1.86382,1.86394,1.86305,1.86316,791.0
2026-06-02 19:00:00,1.86318,1.86325,1.86212,1.86258,2201.0
2026-06-02 20:00:00,1.86259,1.8638,1.86253,1.86373,3465.0
2026-06-02 21:00:00,1.86374,1.86408,1.86322,1.86382,3822.0
2026-06-02 22:00:00,1.86386,1.86423,1.86382,1.8639,3984.0
2026-06-02 23:00:00,1.8639,1.86436,1.86372,1.86428,3393.0
2026-06-03 00:00:00,1.86428,1.86434,1.86382,1.86401,2659.0
2026-06-03 01:00:00,1.864,1.86458,1.86287,1.8629,3774.0
2026-06-03 02:00:00,1.8629,1.86324,1.86199,1.8631,4451.0
2026-06-03 03:00:00,1.8631,1.86414,1.86248,1.8638,5381.0
2026-06-03 04:00:00,1.86382,1.86401,1.86269,1.86276,3071.0
2026-06-03 05:00:00,1.86274,1.86361,1.86256,1.86342,1228.0
2026-06-03 06:00:00,1.86343,1.86398,1.8622,1.86306,1085.0
2026-06-03 07:00:00,1.86305,1.86404,1.86286,1.8634,964.0
2026-06-03 08:00:00,1.86333,1.8635,1.86169,1.86264,1673.0
2026-06-03 09:00:00,1.86266,1.86321,1.86191,1.86272,3156.0
2026-06-03 10:00:00,1.86258,1.86496,1.86202,1.86482,4496.0
2026-06-03 11:00:00,1.86482,1.86642,1.86431,1.86625,7728.0
2026-06-03 12:00:00,1.86626,1.86634,1.86428,1.86492,3574.0
2026-06-03 13:00:00,1.86493,1.86514,1.86394,1.86427,2238.0
2026-06-03 14:00:00,1.86428,1.86474,1.86394,1.86424,2869.0
2026-06-03 15:00:00,1.8642,1.86488,1.86405,1.86486,1721.0
2026-06-03 16:00:00,1.86487,1.86491,1.8641,1.86458,1198.0
2026-06-03 17:00:00,1.8646,1.86506,1.8638,1.86398,3889.0
2026-06-03 18:00:00,1.86396,1.86504,1.8638,1.86442,1286.0
2026-06-03 19:00:00,1.86446,1.86546,1.86414,1.86528,1261.0
2026-06-03 20:00:00,1.86526,1.86569,1.8647,1.86516,4072.0
2026-06-03 21:00:00,1.86519,1.86585,1.86493,1.86574,5212.0
2026-06-03 22:00:00,1.86578,1.8661,1.86538,1.8658,4106.0
2026-06-03 23:00:00,1.8658,1.86584,1.86528,1.86564,2899.0
2026-06-04 00:00:00,1.86564,1.86722,1.86562,1.86718,3303.0
2026-06-04 01:00:00,1.8672,1.86736,1.86638,1.86684,3255.0
2026-06-04 02:00:00,1.86682,1.86789,1.86662,1.86758,7016.0
2026-06-04 03:00:00,1.8676,1.86866,1.8672,1.86846,7292.0
2026-06-04 04:00:00,1.86846,1.86929,1.86836,1.86881,7362.0
2026-06-04 05:00:00,1.8688,1.86942,1.86752,1.86758,6499.0
2026-06-04 06:00:00,1.86752,1.86862,1.86732,1.86844,5870.0
2026-06-04 07:00:00,1.86844,1.87004,1.86838,1.86985,3223.0
2026-06-04 08:00:00,1.86984,1.87036,1.8689,1.86894,3084.0
2026-06-04 09:00:00,1.86894,1.8692,1.86718,1.8678,4189.0
2026-06-04 10:00:00,1.86781,1.86808,1.86639,1.86768,3936.0
2026-06-04 11:00:00,1.86768,1.86819,1.8663,1.86662,5151.0
2026-06-04 12:00:00,1.8666,1.86748,1.86605,1.86682,4815.0
2026-06-04 13:00:00,1.86682,1.86702,1.86626,1.86629,4059.0
2026-06-04 14:00:00,1.86628,1.86648,1.86537,1.8657,2349.0
2026-06-04 15:00:00,1.86573,1.86636,1.86566,1.86624,2917.0
2026-06-04 16:00:00,1.86622,1.86718,1.86622,1.8671,1163.0
2026-06-04 17:00:00,1.86693,1.86842,1.86624,1.8667,8327.0
2026-06-04 18:00:00,1.86677,1.86698,1.86646,1.86694,583.0
2026-06-04 19:00:00,1.86694,1.86698,1.8666,1.8667,1163.0
2026-06-04 20:00:00,1.86669,1.8668,1.86606,1.8667,2904.0
2026-06-04 21:00:00,1.8667,1.86696,1.8663,1.8664,2136.0
2026-06-04 22:00:00,1.86638,1.86666,1.86608,1.86608,3033.0
2026-06-04 23:00:00,1.86606,1.867,1.86602,1.86698,2776.0
2026-06-05 00:00:00,1.86699,1.86733,1.86678,1.86712,2875.0
2026-06-05 01:00:00,1.86712,1.86736,1.86682,1.86689,2963.0
2026-06-05 02:00:00,1.86688,1.86744,1.86668,1.86742,3731.0
2026-06-05 03:00:00,1.8674,1.86756,1.8666,1.86722,3847.0
2026-06-05 04:00:00,1.86719,1.869,1.86671,1.86873,5788.0
2026-06-05 05:00:00,1.86872,1.86986,1.86766,1.86822,3856.0
2026-06-05 06:00:00,1.86816,1.87043,1.86806,1.86968,4057.0
2026-06-05 07:00:00,1.86969,1.87002,1.86886,1.86935,2200.0
2026-06-05 08:00:00,1.86928,1.87034,1.8624,1.86241,4945.0
2026-06-05 09:00:00,1.86246,1.86444,1.86193,1.86288,5473.0
2026-06-05 10:00:00,1.86281,1.86399,1.86188,1.86294,3551.0
2026-06-05 11:00:00,1.86294,1.86312,1.86081,1.86116,9290.0
2026-06-05 12:00:00,1.86112,1.86132,1.8597,1.86124,8041.0
2026-06-05 13:00:00,1.86132,1.86158,1.8596,1.8601,5291.0
2026-06-05 14:00:00,1.86012,1.86084,1.85928,1.86036,6771.0
2026-06-05 15:00:00,1.86036,1.86038,1.85938,1.85962,6168.0
2026-06-05 16:00:00,1.85954,1.86008,1.85896,1.85955,4822.0
2026-06-07 17:00:00,1.85806,1.8583,1.85706,1.85771,2556.0
2026-06-07 18:00:00,1.85772,1.85899,1.85718,1.85887,2233.0
2026-06-07 19:00:00,1.85888,1.85962,1.85882,1.85958,1493.0
2026-06-07 20:00:00,1.85948,1.86062,1.85948,1.86062,2815.0
2026-06-07 21:00:00,1.86061,1.86092,1.85818,1.85994,2438.0
2026-06-07 22:00:00,1.85995,1.8607,1.8592,1.86032,1547.0
2026-06-07 23:00:00,1.86034,1.86073,1.86,1.86046,2396.0
2026-06-08 00:00:00,1.86048,1.86085,1.85982,1.85997,2407.0
2026-06-08 01:00:00,1.85994,1.86035,1.85855,1.85884,3137.0
2026-06-08 02:00:00,1.85883,1.85916,1.85742,1.85787,8466.0
2026-06-08 03:00:00,1.85788,1.86041,1.85768,1.85932,7716.0
2026-06-08 04:00:00,1.85935,1.85996,1.8584,1.85842,2951.0
2026-06-08 05:00:00,1.85842,1.85896,1.85656,1.8586,3515.0
2026-06-08 06:00:00,1.8586,1.8609,1.85826,1.86004,3106.0
2026-06-08 07:00:00,1.86,1.8624,1.85993,1.86208,5431.0
2026-06-08 08:00:00,1.86208,1.8626,1.85924,1.85987,5395.0
2026-06-08 09:00:00,1.85994,1.86211,1.85962,1.86118,8917.0
2026-06-08 10:00:00,1.86118,1.86177,1.85993,1.86026,12727.0
2026-06-08 11:00:00,1.86027,1.86224,1.86017,1.86192,5098.0
2026-06-08 12:00:00,1.86194,1.86222,1.86147,1.86184,4965.0
2026-06-08 13:00:00,1.86184,1.86263,1.86169,1.86192,3545.0
2026-06-08 14:00:00,1.86192,1.8625,1.86143,1.86147,4162.0
2026-06-08 15:00:00,1.86152,1.86185,1.861,1.86127,4006.0
2026-06-08 16:00:00,1.86124,1.86166,1.86103,1.86119,2348.0
2026-06-08 17:00:00,1.86132,1.86184,1.86018,1.86084,9053.0
2026-06-08 18:00:00,1.86068,1.86148,1.86061,1.86126,828.0
2026-06-08 19:00:00,1.86126,1.8615,1.86097,1.86105,909.0
2026-06-08 20:00:00,1.86096,1.86124,1.86028,1.8607,2522.0
2026-06-08 21:00:00,1.8607,1.86192,1.86061,1.86192,2516.0
2026-06-08 22:00:00,1.86191,1.8622,1.86168,1.86172,1923.0
2026-06-08 23:00:00,1.86171,1.86229,1.86162,1.8619,3182.0
2026-06-09 00:00:00,1.86192,1.86311,1.86184,1.86294,2460.0
2026-06-09 01:00:00,1.86294,1.86308,1.86196,1.86216,3819.0
2026-06-09 02:00:00,1.86216,1.8633,1.86172,1.86236,6293.0
2026-06-09 03:00:00,1.86233,1.86404,1.86213,1.86322,4345.0
2026-06-09 04:00:00,1.86324,1.86528,1.86303,1.86484,1547.0
2026-06-09 05:00:00,1.86483,1.86617,1.86446,1.86571,2203.0
2026-06-09 06:00:00,1.86572,1.86662,1.86546,1.86636,1626.0
2026-06-09 07:00:00,1.86636,1.86688,1.86551,1.86581,2200.0
2026-06-09 08:00:00,1.86578,1.8663,1.86532,1.86596,3773.0
2026-06-09 09:00:00,1.86596,1.86809,1.86594,1.86744,4941.0
2026-06-09 10:00:00,1.86744,1.8704,1.86706,1.86846,9815.0
2026-06-09 11:00:00,1.86842,1.86916,1.86696,1.86851,6007.0
2026-06-09 12:00:00,1.86855,1.86906,1.8654,1.86674,9958.0
2026-06-09 13:00:00,1.86678,1.86837,1.8666,1.86718,8540.0
2026-06-09 14:00:00,1.86721,1.8684,1.86676,1.8679,5228.0
2026-06-09 15:00:00,1.8679,1.86802,1.86598,1.86598,3367.0
2026-06-09 16:00:00,1.86599,1.86698,1.86574,1.8662,3011.0
2026-06-09 17:00:00,1.86557,1.8667,1.8648,1.86492,4595.0
2026-06-09 18:00:00,1.86489,1.86594,1.86487,1.86584,893.0
2026-06-09 19:00:00,1.86584,1.86604,1.8657,1.86578,2171.0
2026-06-09 20:00:00,1.86575,1.86646,1.86554,1.86608,4245.0
2026-06-09 21:00:00,1.86613,1.86648,1.86572,1.86586,2569.0
2026-06-09 22:00:00,1.86586,1.86664,1.86562,1.86646,2810.0
2026-06-09 23:00:00,1.86646,1.86734,1.86644,1.86712,1816.0
2026-06-10 00:00:00,1.86714,1.86719,1.86633,1.86644,2609.0
2026-06-10 01:00:00,1.86644,1.86736,1.86629,1.86702,3259.0
2026-06-10 02:00:00,1.86708,1.86773,1.86588,1.8659,5589.0
2026-06-10 03:00:00,1.8659,1.86674,1.86536,1.86626,4802.0
2026-06-10 04:00:00,1.86626,1.86632,1.86468,1.86492,2028.0
2026-06-10 05:00:00,1.86493,1.86592,1.8644,1.86576,3892.0
2026-06-10 06:00:00,1.86576,1.86618,1.86507,1.86534,3087.0
2026-06-10 07:00:00,1.86539,1.86594,1.86339,1.86406,5258.0
2026-06-10 08:00:00,1.86407,1.86712,1.86368,1.86592,7297.0
2026-06-10 09:00:00,1.86588,1.86685,1.86506,1.86601,12193.0
2026-06-10 10:00:00,1.86602,1.86713,1.86538,1.86654,13949.0
2026-06-10 11:00:00,1.86654,1.86658,1.86363,1.86505,10227.0
2026-06-10 12:00:00,1.86508,1.86564,1.86481,1.86525,7599.0
2026-06-10 13:00:00,1.86528,1.86584,1.8644,1.8654,6051.0
2026-06-10 14:00:00,1.86542,1.86592,1.86444,1.86458,6093.0
2026-06-10 15:00:00,1.86458,1.86516,1.86391,1.86476,6173.0
2026-06-10 16:00:00,1.8647,1.865,1.86385,1.8639,2378.0
2026-06-10 17:00:00,1.8645,1.86528,1.86396,1.86415,11515.0
2026-06-10 18:00:00,1.86436,1.86444,1.86236,1.86236,1704.0
2026-06-10 19:00:00,1.86234,1.86361,1.8621,1.86338,3030.0
2026-06-10 20:00:00,1.86338,1.86396,1.86328,1.86372,5656.0
2026-06-10 21:00:00,1.86372,1.86568,1.86359,1.86482,4004.0
2026-06-10 22:00:00,1.86479,1.86498,1.86424,1.8646,6135.0
2026-06-10 23:00:00,1.86461,1.86478,1.86419,1.86454,4943.0
2026-06-11 00:00:00,1.86454,1.86547,1.86438,1.86522,4114.0
2026-06-11 01:00:00,1.8652,1.86566,1.86506,1.86542,4654.0
2026-06-11 02:00:00,1.86542,1.86686,1.86528,1.86664,7069.0
2026-06-11 03:00:00,1.86664,1.869,1.86664,1.86826,8042.0
2026-06-11 04:00:00,1.86827,1.86858,1.86712,1.8675,4320.0
2026-06-11 05:00:00,1.86752,1.86828,1.867,1.86796,4369.0
2026-06-11 06:00:00,1.86796,1.86802,1.86682,1.8673,4740.0
2026-06-11 07:00:00,1.8673,1.86812,1.86695,1.86788,5093.0
2026-06-11 08:00:00,1.86787,1.86874,1.866,1.8684,8057.0
2026-06-11 09:00:00,1.86846,1.87,1.86658,1.86931,12159.0
2026-06-11 10:00:00,1.86932,1.8699,1.86693,1.86787,13947.0
2026-06-11 11:00:00,1.86787,1.8683,1.86666,1.86736,13205.0
2026-06-11 12:00:00,1.86737,1.8678,1.86676,1.86724,7912.0
2026-06-11 13:00:00,1.8673,1.87337,1.86701,1.87192,11015.0
2026-06-11 14:00:00,1.87192,1.87342,1.87104,1.87284,9529.0
2026-06-11 15:00:00,1.87278,1.8742,1.87243,1.87258,5387.0
2026-06-11 16:00:00,1.8726,1.87379,1.87252,1.87345,4361.0
2026-06-11 17:00:00,1.87401,1.87446,1.87276,1.87363,3754.0
2026-06-11 18:00:00,1.87394,1.87483,1.8736,1.87434,1431.0
2026-06-11 19:00:00,1.87436,1.87461,1.87398,1.87428,2276.0
2026-06-11 20:00:00,1.87428,1.87462,1.87352,1.87404,4918.0
2026-06-11 21:00:00,1.87404,1.8742,1.87322,1.87362,4177.0
2026-06-11 22:00:00,1.8736,1.87436,1.87343,1.8739,4380.0
2026-06-11 23:00:00,1.87394,1.8746,1.87364,1.8743,4370.0
2026-06-12 00:00:00,1.87431,1.87463,1.87385,1.87398,4055.0
2026-06-12 01:00:00,1.87404,1.8742,1.87317,1.87348,4533.0
2026-06-12 02:00:00,1.87348,1.87403,1.87286,1.87359,7269.0
2026-06-12 03:00:00,1.87363,1.87404,1.87284,1.874,6822.0
2026-06-12 04:00:00,1.87406,1.87598,1.87348,1.87562,2142.0
2026-06-12 05:00:00,1.8757,1.87664,1.87529,1.87634,1520.0
2026-06-12 06:00:00,1.8764,1.8766,1.87521,1.87555,1861.0
2026-06-12 07:00:00,1.87554,1.87691,1.87549,1.87572,2815.0
2026-06-12 08:00:00,1.87571,1.87576,1.87254,1.87274,3840.0
2026-06-12 09:00:00,1.87276,1.8746,1.87226,1.87335,8880.0
2026-06-12 10:00:00,1.87342,1.87405,1.87221,1.87357,8289.0
2026-06-12 11:00:00,1.8736,1.87424,1.87296,1.8739,6872.0
2026-06-12 12:00:00,1.87386,1.87483,1.87308,1.8744,5878.0
2026-06-12 13:00:00,1.87442,1.87548,1.8744,1.8753,3203.0
2026-06-12 14:00:00,1.8753,1.87584,1.87504,1.87532,3621.0
2026-06-12 15:00:00,1.87531,1.87554,1.87456,1.87496,2117.0
2026-06-12 16:00:00,1.87495,1.87578,1.87426,1.87542,2464.0
2026-06-14 17:00:00,1.87594,1.87804,1.87502,1.87605,3064.0
2026-06-14 18:00:00,1.87624,1.87866,1.87591,1.87796,2677.0
2026-06-14 19:00:00,1.87788,1.87814,1.8775,1.87806,1097.0
2026-06-14 20:00:00,1.87806,1.87916,1.87794,1.87812,2682.0
2026-06-14 21:00:00,1.87811,1.87846,1.8775,1.87756,2512.0
2026-06-14 22:00:00,1.87758,1.87786,1.8772,1.87728,3307.0
2026-06-14 23:00:00,1.87726,1.87775,1.87718,1.87745,3511.0
2026-06-15 00:00:00,1.87745,1.87816,1.87719,1.87772,3510.0
2026-06-15 01:00:00,1.87771,1.87813,1.87736,1.87802,2703.0
2026-06-15 02:00:00,1.87801,1.87866,1.8778,1.87808,1786.0
2026-06-15 03:00:00,1.87807,1.87851,1.87704,1.87746,5092.0
2026-06-15 04:00:00,1.87746,1.87747,1.87528,1.8757,4731.0
2026-06-15 05:00:00,1.8757,1.8766,1.87549,1.87598,3094.0
2026-06-15 06:00:00,1.87606,1.87647,1.87518,1.87542,2616.0
2026-06-15 07:00:00,1.87542,1.8769,1.87542,1.8769,3029.0
2026-06-15 08:00:00,1.8769,1.87718,1.87548,1.8765,2443.0
2026-06-15 09:00:00,1.87647,1.87858,1.87636,1.87777,2111.0
2026-06-15 10:00:00,1.87775,1.87965,1.87766,1.87808,4920.0
2026-06-15 11:00:00,1.87808,1.87852,1.8771,1.8773,4336.0
2026-06-15 12:00:00,1.87734,1.87863,1.87734,1.87757,2430.0
2026-06-15 13:00:00,1.87756,1.87794,1.87719,1.87748,728.0
2026-06-15 14:00:00,1.8775,1.87792,1.87662,1.87688,1405.0
2026-06-15 15:00:00,1.8768,1.87686,1.8759,1.8762,2305.0
2026-06-15 16:00:00,1.87626,1.87658,1.87552,1.87639,2343.0
2026-06-15 17:00:00,1.87697,1.87758,1.87564,1.87569,7274.0
2026-06-15 18:00:00,1.87568,1.87686,1.87568,1.87668,715.0
2026-06-15 19:00:00,1.87666,1.87726,1.87662,1.87714,889.0
2026-06-15 20:00:00,1.87713,1.87713,1.87648,1.87672,2947.0
2026-06-15 21:00:00,1.87673,1.87723,1.87601,1.87623,1975.0
2026-06-15 22:00:00,1.87624,1.87628,1.87554,1.87589,1474.0
2026-06-15 23:00:00,1.8759,1.87649,1.87589,1.87622,2965.0
2026-06-16 00:00:00,1.87624,1.87732,1.87596,1.8771,1702.0
2026-06-16 01:00:00,1.8771,1.87766,1.87676,1.8769,1647.0
2026-06-16 02:00:00,1.87685,1.87798,1.87684,1.87798,2906.0
2026-06-16 03:00:00,1.87802,1.87882,1.87782,1.8788,7032.0
2026-06-16 04:00:00,1.87879,1.88,1.8785,1.8797,4527.0
2026-06-16 05:00:00,1.87978,1.88004,1.87855,1.87863,2435.0
2026-06-16 06:00:00,1.87862,1.87958,1.87787,1.87954,2869.0
2026-06-16 07:00:00,1.87956,1.87956,1.87826,1.879,2724.0
2026-06-16 08:00:00,1.87904,1.88002,1.87869,1.87986,2609.0
2026-06-16 09:00:00,1.87987,1.88018,1.87736,1.87784,3506.0
2026-06-16 10:00:00,1.87784,1.87848,1.87665,1.87786,3949.0
2026-06-16 11:00:00,1.87788,1.87935,1.87725,1.8789,3291.0
2026-06-16 12:00:00,1.87896,1.87936,1.87795,1.87809,1689.0
2026-06-16 13:00:00,1.87812,1.8793,1.8777,1.8793,2525.0
2026-06-16 14:00:00,1.87926,1.87956,1.87836,1.87893,2259.0
2026-06-16 15:00:00,1.87894,1.87925,1.87854,1.87912,2613.0
2026-06-16 16:00:00,1.87918,1.87967,1.87842,1.87897,1149.0
2026-06-16 17:00:00,1.87958,1.87966,1.87828,1.87924,3414.0
2026-06-16 18:00:00,1.87908,1.87919,1.8785,1.87873,3287.0
2026-06-16 19:00:00,1.87872,1.87914,1.8787,1.8788,2469.0
2026-06-16 20:00:00,1.87881,1.87948,1.87866,1.87902,7055.0
2026-06-16 21:00:00,1.87902,1.87962,1.87893,1.87906,2845.0
2026-06-16 22:00:00,1.87906,1.87964,1.8788,1.87925,2406.0
2026-06-16 23:00:00,1.87928,1.87976,1.8792,1.87972,2078.0
2026-06-17 00:00:00,1.87972,1.87998,1.87962,1.87968,1978.0
2026-06-17 01:00:00,1.87968,1.87999,1.87938,1.87974,3033.0
2026-06-17 02:00:00,1.87978,1.8814,1.87764,1.8786,6115.0
2026-06-17 03:00:00,1.87862,1.8791,1.87776,1.87829,4573.0
2026-06-17 04:00:00,1.87827,1.8783,1.87718,1.878,3174.0
2026-06-17 05:00:00,1.87799,1.87839,1.8774,1.87839,2065.0
2026-06-17 06:00:00,1.8784,1.87941,1.8781,1.87874,2145.0
2026-06-17 07:00:00,1.87878,1.87914,1.87768,1.87779,1932.0
2026-06-17 08:00:00,1.8778,1.8797,1.87767,1.87945,1861.0
2026-06-17 09:00:00,1.87936,1.8796,1.87843,1.87885,2611.0
2026-06-17 10:00:00,1.87886,1.87902,1.87599,1.87759,4502.0
2026-06-17 11:00:00,1.8776,1.87959,1.87682,1.87924,3401.0
2026-06-17 12:00:00,1.87923,1.87959,1.87882,1.87934,946.0
2026-06-17 13:00:00,1.87938,1.88056,1.87884,1.88056,1203.0
2026-06-17 14:00:00,1.88008,1.8803,1.87584,1.87636,19124.0
2026-06-17 15:00:00,1.87632,1.87642,1.8715,1.87527,18240.0
2026-06-17 16:00:00,1.87526,1.87534,1.87338,1.87438,5311.0
2026-06-17 17:00:00,1.87364,1.87536,1.87306,1.87414,3460.0
2026-06-17 18:00:00,1.87414,1.8747,1.87338,1.8745,1194.0
2026-06-17 19:00:00,1.87456,1.87574,1.87454,1.87566,1116.0
2026-06-17 20:00:00,1.87568,1.87716,1.8756,1.87585,2428.0
2026-06-17 21:00:00,1.8759,1.87782,1.87589,1.87723,1467.0
2026-06-17 22:00:00,1.87729,1.8776,1.87697,1.87726,1005.0
2026-06-17 23:00:00,1.87724,1.87786,1.87704,1.87774,1969.0
2026-06-18 00:00:00,1.87774,1.87788,1.87734,1.87756,1734.0
2026-06-18 01:00:00,1.87758,1.87778,1.87672,1.87674,1405.0
2026-06-18 02:00:00,1.87668,1.87945,1.87667,1.87762,2974.0
2026-06-18 03:00:00,1.87758,1.87802,1.8751,1.8753,3488.0
2026-06-18 04:00:00,1.87534,1.87538,1.86998,1.87042,3433.0
2026-06-18 05:00:00,1.87048,1.87106,1.86894,1.87002,3980.0
2026-06-18 06:00:00,1.87002,1.87034,1.86818,1.86843,2691.0
2026-06-18 07:00:00,1.86839,1.86925,1.8659,1.86697,2212.0
2026-06-18 08:00:00,1.86694,1.86984,1.86686,1.86825,2563.0
2026-06-18 09:00:00,1.86824,1.8699,1.86749,1.86888,3438.0
2026-06-18 10:00:00,1.86888,1.87126,1.86866,1.87116,4001.0
2026-06-18 11:00:00,1.87124,1.8719,1.87043,1.8706,5952.0
2026-06-18 12:00:00,1.87062,1.8708,1.86814,1.86915,3396.0
2026-06-18 13:00:00,1.86918,1.86971,1.86792,1.86796,1918.0
2026-06-18 14:00:00,1.86802,1.86818,1.86679,1.86688,862.0
2026-06-18 15:00:00,1.86681,1.86697,1.86574,1.86594,3997.0
2026-06-18 16:00:00,1.86606,1.8671,1.86564,1.86674,3195.0
2026-06-18 17:00:00,1.86679,1.86784,1.86588,1.86708,3289.0
2026-06-18 18:00:00,1.86678,1.86718,1.86615,1.86636,1343.0
2026-06-18 19:00:00,1.86635,1.86705,1.86607,1.86679,781.0
2026-06-18 20:00:00,1.86682,1.86768,1.86682,1.86755,2801.0
2026-06-18 21:00:00,1.86754,1.86787,1.86671,1.86676,2885.0
2026-06-18 22:00:00,1.86683,1.86741,1.8664,1.86694,1479.0
2026-06-18 23:00:00,1.86694,1.86699,1.86556,1.86612,1940.0
2026-06-19 00:00:00,1.86614,1.86626,1.86418,1.86448,2796.0
2026-06-19 01:00:00,1.86448,1.86737,1.86348,1.86648,1642.0
2026-06-19 02:00:00,1.86644,1.86721,1.86488,1.86641,2495.0
2026-06-19 03:00:00,1.8664,1.86758,1.8657,1.86662,1913.0
2026-06-19 04:00:00,1.86663,1.8711,1.86646,1.87033,2857.0
2026-06-19 05:00:00,1.87036,1.8721,1.87008,1.87152,1306.0
2026-06-19 06:00:00,1.87145,1.87206,1.87037,1.872,896.0
2026-06-19 07:00:00,1.87206,1.87268,1.87146,1.87174,677.0
2026-06-19 08:00:00,1.87182,1.87326,1.87164,1.87312,1080.0
2026-06-19 09:00:00,1.87314,1.87441,1.87206,1.87309,1494.0
2026-06-19 10:00:00,1.87308,1.8764,1.87244,1.8756,2101.0
2026-06-19 11:00:00,1.87566,1.87623,1.87405,1.87423,1700.0
2026-06-19 12:00:00,1.87422,1.87541,1.87393,1.87532,763.0
2026-06-19 13:00:00,1.87534,1.87605,1.87516,1.87528,3929.0
2026-06-19 14:00:00,1.87528,1.876,1.87509,1.87566,3987.0
2026-06-19 15:00:00,1.8757,1.87612,1.87501,1.87582,6976.0
2026-06-19 16:00:00,1.87578,1.87604,1.87263,1.87316,7890.0
2026-06-21 17:00:00,1.86951,1.87088,1.869,1.86965,1188.0
2026-06-21 18:00:00,1.86946,1.87269,1.86946,1.87262,2690.0
2026-06-21 19:00:00,1.87263,1.87266,1.8716,1.87206,1083.0
2026-06-21 20:00:00,1.87209,1.8738,1.87204,1.87378,1905.0
2026-06-21 21:00:00,1.87378,1.87502,1.87378,1.87446,2439.0
2026-06-21 22:00:00,1.87448,1.87534,1.87433,1.8749,3243.0
2026-06-21 23:00:00,1.8749,1.87524,1.874,1.87423,3034.0
2026-06-22 00:00:00,1.87429,1.8746,1.87336,1.87386,2170.0
2026-06-22 01:00:00,1.87382,1.87482,1.8738,1.87405,2936.0
2026-06-22 02:00:00,1.87404,1.8746,1.87298,1.87346,2690.0
2026-06-22 03:00:00,1.87353,1.87375,1.87002,1.87064,4681.0
2026-06-22 04:00:00,1.87064,1.87284,1.86914,1.87242,3847.0
2026-06-22 05:00:00,1.87246,1.87504,1.87236,1.87459,2732.0
2026-06-22 06:00:00,1.87462,1.87671,1.87452,1.87594,1628.0
2026-06-22 07:00:00,1.87595,1.87728,1.87556,1.87568,1466.0
2026-06-22 08:00:00,1.8757,1.87878,1.87546,1.87722,3158.0
2026-06-22 09:00:00,1.87718,1.87894,1.87524,1.8758,2923.0
2026-06-22 10:00:00,1.8758,1.87781,1.87434,1.87671,3605.0
2026-06-22 11:00:00,1.8767,1.87818,1.8764,1.87688,3287.0
2026-06-22 12:00:00,1.8769,1.877,1.87516,1.8759,2682.0
2026-06-22 13:00:00,1.87594,1.87638,1.87511,1.87546,1570.0
2026-06-22 14:00:00,1.87548,1.87584,1.87437,1.8748,2270.0
2026-06-22 15:00:00,1.87482,1.87631,1.87479,1.87582,4581.0
2026-06-22 16:00:00,1.87576,1.87672,1.87574,1.87605,1156.0
2026-06-22 17:00:00,1.87604,1.87718,1.87602,1.87642,2954.0
2026-06-22 18:00:00,1.87641,1.8767,1.87496,1.8751,1093.0
2026-06-22 19:00:00,1.87519,1.87566,1.87484,1.87555,366.0
2026-06-22 20:00:00,1.87556,1.87588,1.87484,1.87536,3492.0
2026-06-22 21:00:00,1.8753,1.87593,1.875,1.87565,1388.0
2026-06-22 22:00:00,1.87566,1.87608,1.87526,1.87595,1474.0
2026-06-22 23:00:00,1.87595,1.87682,1.8755,1.87674,2224.0
2026-06-23 00:00:00,1.87672,1.8768,1.87588,1.87616,3128.0
2026-06-23 01:00:00,1.87616,1.87708,1.87576,1.87701,4020.0
2026-06-23 02:00:00,1.87698,1.87803,1.87626,1.8765,4036.0
2026-06-23 03:00:00,1.87648,1.87798,1.87438,1.87483,9026.0
2026-06-23 04:00:00,1.87486,1.87592,1.87342,1.87476,5526.0
2026-06-23 05:00:00,1.87483,1.87626,1.874,1.87607,4170.0
2026-06-23 06:00:00,1.87606,1.87618,1.87398,1.87548,4394.0
2026-06-23 07:00:00,1.87556,1.87633,1.87404,1.8742,4093.0
2026-06-23 08:00:00,1.8742,1.87558,1.8738,1.87432,5384.0
2026-06-23 09:00:00,1.87432,1.87504,1.87279,1.87361,5047.0
2026-06-23 10:00:00,1.87362,1.87496,1.87297,1.87399,6182.0
2026-06-23 11:00:00,1.874,1.87428,1.87238,1.87273,3074.0
2026-06-23 12:00:00,1.87278,1.87384,1.87262,1.87352,1648.0
2026-06-23 13:00:00,1.87349,1.87428,1.87312,1.87372,3421.0
2026-06-23 14:00:00,1.87372,1.87458,1.87334,1.87458,1945.0
2026-06-23 15:00:00,1.87455,1.87572,1.87449,1.87484,2186.0
2026-06-23 16:00:00,1.87483,1.87614,1.87479,1.8761,1118.0
2026-06-23 17:00:00,1.87536,1.87645,1.87536,1.87594,1541.0
2026-06-23 18:00:00,1.87582,1.87631,1.87555,1.8759,364.0
2026-06-23 19:00:00,1.87596,1.87612,1.87554,1.87562,811.0
2026-06-23 20:00:00,1.87554,1.87616,1.87514,1.87562,2870.0
2026-06-23 21:00:00,1.87562,1.87565,1.87458,1.87544,2320.0
2026-06-23 22:00:00,1.87541,1.87602,1.87514,1.87528,2577.0
2026-06-23 23:00:00,1.87524,1.87644,1.8751,1.8761,2067.0
2026-06-24 00:00:00,1.87611,1.87614,1.87508,1.87532,2324.0
2026-06-24 01:00:00,1.87534,1.87606,1.87518,1.87586,2556.0
2026-06-24 02:00:00,1.87586,1.87767,1.87534,1.87556,3127.0
2026-06-24 03:00:00,1.87555,1.87741,1.8745,1.87614,7642.0
2026-06-24 04:00:00,1.87613,1.87771,1.87535,1.87707,7307.0
2026-06-24 05:00:00,1.87706,1.87744,1.8751,1.87522,3350.0
2026-06-24 06:00:00,1.87519,1.8752,1.87143,1.87145,2025.0
2026-06-24 07:00:00,1.87146,1.87344,1.87072,1.87276,3124.0
2026-06-24 08:00:00,1.8728,1.874,1.8714,1.87254,3836.0
2026-06-24 09:00:00,1.87255,1.87406,1.87171,1.87291,6098.0
2026-06-24 10:00:00,1.87286,1.87361,1.87075,1.87224,5353.0
2026-06-24 11:00:00,1.87231,1.8743,1.87216,1.87344,4560.0
2026-06-24 12:00:00,1.87342,1.87384,1.87214,1.87268,1801.0
2026-06-24 13:00:00,1.87268,1.87328,1.87225,1.8727,2114.0
2026-06-24 14:00:00,1.87272,1.87435,1.87265,1.87376,2946.0
2026-06-24 15:00:00,1.87376,1.87394,1.87297,1.87306,5629.0
2026-06-24 16:00:00,1.87304,1.87448,1.87296,1.87415,2492.0
2026-06-24 17:00:00,1.8739,1.87453,1.8731,1.87391,4692.0
2026-06-24 18:00:00,1.87384,1.87408,1.87348,1.87385,898.0
2026-06-24 19:00:00,1.87386,1.874,1.87348,1.87378,1536.0
2026-06-24 20:00:00,1.87384,1.87442,1.87358,1.87378,5160.0
2026-06-24 21:00:00,1.87377,1.87561,1.87372,1.87467,7433.0
2026-06-24 22:00:00,1.87467,1.87545,1.8746,1.87534,4562.0
2026-06-24 23:00:00,1.87534,1.87582,1.87512,1.87544,5018.0
2026-06-25 00:00:00,1.87546,1.87592,1.87534,1.87564,3109.0
2026-06-25 01:00:00,1.87562,1.8762,1.87534,1.87598,4674.0
2026-06-25 02:00:00,1.87592,1.87635,1.87496,1.87554,5287.0
2026-06-25 03:00:00,1.87556,1.87668,1.87544,1.87616,3803.0
2026-06-25 04:00:00,1.87609,1.87705,1.87542,1.87654,2550.0
2026-06-25 05:00:00,1.87658,1.87774,1.8761,1.87655,3515.0
2026-06-25 06:00:00,1.87651,1.87651,1.87475,1.87538,2663.0
2026-06-25 07:00:00,1.87536,1.87539,1.873,1.87328,2494.0
2026-06-25 08:00:00,1.8733,1.87606,1.8732,1.87562,3623.0
2026-06-25 09:00:00,1.87566,1.87644,1.87416,1.87456,3487.0
2026-06-25 10:00:00,1.87456,1.87636,1.87408,1.87488,5401.0
2026-06-25 11:00:00,1.87486,1.87604,1.87421,1.87513,6999.0
2026-06-25 12:00:00,1.87516,1.87524,1.87347,1.87368,4244.0
2026-06-25 13:00:00,1.87371,1.87405,1.8732,1.87388,1470.0
2026-06-25 14:00:00,1.87392,1.87436,1.87333,1.87346,989.0
2026-06-25 15:00:00,1.87352,1.87414,1.8733,1.87354,4628.0
2026-06-25 16:00:00,1.87355,1.8738,1.87286,1.873,3170.0
2026-06-25 17:00:00,1.87475,1.87498,1.8727,1.87324,7297.0
2026-06-25 18:00:00,1.87328,1.87353,1.87192,1.87212,1089.0
2026-06-25 19:00:00,1.87212,1.87302,1.87198,1.8727,1477.0
2026-06-25 20:00:00,1.87276,1.87332,1.87262,1.87305,3888.0
2026-06-25 21:00:00,1.87302,1.87344,1.87246,1.87289,3958.0
2026-06-25 22:00:00,1.87286,1.8732,1.87228,1.87262,1607.0
2026-06-25 23:00:00,1.87259,1.87334,1.87254,1.8733,1609.0
2026-06-26 00:00:00,1.8733,1.87349,1.87304,1.87338,2219.0
2026-06-26 01:00:00,1.87338,1.8739,1.87313,1.87342,3512.0
2026-06-26 02:00:00,1.87344,1.87414,1.87277,1.87278,2700.0
2026-06-26 03:00:00,1.87278,1.8749,1.87237,1.87474,5203.0
2026-06-26 04:00:00,1.87477,1.87524,1.87285,1.87486,5663.0
2026-06-26 05:00:00,1.87486,1.87593,1.87382,1.8751,3942.0
2026-06-26 06:00:00,1.8751,1.87525,1.87426,1.87491,1620.0
2026-06-26 07:00:00,1.8749,1.8755,1.87441,1.87497,3180.0
2026-06-26 08:00:00,1.87496,1.87513,1.87213,1.8729,4662.0
2026-06-26 09:00:00,1.87297,1.87464,1.8717,1.87464,7947.0
2026-06-26 10:00:00,1.87456,1.87552,1.87364,1.874,6442.0
2026-06-26 11:00:00,1.87401,1.87549,1.87371,1.87522,5357.0
2026-06-26 12:00:00,1.87519,1.87528,1.874,1.87418,2548.0
2026-06-26 13:00:00,1.87416,1.87426,1.87312,1.87329,1251.0
2026-06-26 14:00:00,1.8733,1.87364,1.87288,1.8733,1448.0
2026-06-26 15:00:00,1.8733,1.87338,1.87146,1.87163,3353.0
2026-06-26 16:00:00,1.87169,1.87358,1.87142,1.87344,4122.0
2026-06-28 17:00:00,1.87457,1.87457,1.87205,1.87372,1729.0
2026-06-28 18:00:00,1.87374,1.87392,1.87197,1.87231,1067.0
2026-06-28 19:00:00,1.8723,1.87264,1.87201,1.87247,1567.0
2026-06-28 20:00:00,1.87247,1.87371,1.87232,1.87304,3251.0
2026-06-28 21:00:00,1.87306,1.87347,1.87262,1.8728,3355.0
2026-06-28 22:00:00,1.87283,1.87332,1.87278,1.87323,4244.0
2026-06-28 23:00:00,1.87324,1.87348,1.87284,1.87284,3262.0
2026-06-29 00:00:00,1.87284,1.87321,1.87268,1.87312,3763.0
2026-06-29 01:00:00,1.87311,1.87409,1.87304,1.87368,4145.0
2026-06-29 02:00:00,1.87368,1.87502,1.87367,1.8748,3465.0
2026-06-29 03:00:00,1.8748,1.87584,1.87402,1.87473,4355.0
2026-06-29 04:00:00,1.87469,1.87518,1.87428,1.87488,1466.0
2026-06-29 05:00:00,1.87488,1.87568,1.8747,1.87538,3462.0
2026-06-29 06:00:00,1.87539,1.87696,1.87461,1.87677,4612.0
2026-06-29 07:00:00,1.87676,1.87964,1.87668,1.87933,3709.0
2026-06-29 08:00:00,1.87932,1.88024,1.87884,1.87958,4616.0
2026-06-29 09:00:00,1.87966,1.88162,1.87966,1.88073,6907.0
2026-06-29 10:00:00,1.88074,1.88242,1.88052,1.88191,11012.0
2026-06-29 11:00:00,1.88192,1.88344,1.88148,1.88341,9555.0
2026-06-29 12:00:00,1.88344,1.88356,1.88173,1.88225,6025.0
2026-06-29 13:00:00,1.88226,1.88298,1.88182,1.8822,5190.0
2026-06-29 14:00:00,1.8822,1.88302,1.88216,1.88284,4214.0
2026-06-29 15:00:00,1.88282,1.88348,1.88266,1.8833,3608.0
2026-06-29 16:00:00,1.8833,1.88451,1.8832,1.8842,1641.0
2026-06-29 17:00:00,1.88282,1.88425,1.88278,1.88372,2675.0
2026-06-29 18:00:00,1.88362,1.88436,1.88315,1.88325,744.0
2026-06-29 19:00:00,1.88326,1.88398,1.88304,1.88345,905.0
2026-06-29 20:00:00,1.88344,1.8842,1.88272,1.88304,2084.0
2026-06-29 21:00:00,1.88308,1.88325,1.88249,1.88314,1496.0
2026-06-29 22:00:00,1.88318,1.88387,1.88317,1.88347,1144.0
2026-06-29 23:00:00,1.88344,1.88378,1.88312,1.88339,621.0
2026-06-30 00:00:00,1.88332,1.88382,1.88322,1.88336,636.0
2026-06-30 01:00:00,1.88342,1.88354,1.88274,1.88284,1527.0
2026-06-30 02:00:00,1.8828,1.88487,1.88248,1.884,1442.0
2026-06-30 03:00:00,1.88406,1.88455,1.88306,1.88316,1140.0
2026-06-30 04:00:00,1.88318,1.88345,1.88197,1.88312,2779.0
2026-06-30 05:00:00,1.88312,1.88484,1.88293,1.88421,4253.0
2026-06-30 06:00:00,1.88424,1.8847,1.88357,1.8836,939.0
2026-06-30 07:00:00,1.88365,1.88374,1.8824,1.883,1977.0
2026-06-30 08:00:00,1.88304,1.88312,1.88026,1.8803,2677.0
2026-06-30 09:00:00,1.8803,1.8816,1.87988,1.8807,3227.0
2026-06-30 10:00:00,1.88079,1.88336,1.87973,1.8831,3393.0
2026-06-30 11:00:00,1.88319,1.8845,1.88262,1.8833,5470.0
2026-06-30 12:00:00,1.8833,1.88342,1.88227,1.88272,3905.0
2026-06-30 13:00:00,1.88271,1.88372,1.88254,1.88278,2943.0
2026-06-30 14:00:00,1.88278,1.8838,1.88254,1.88267,3151.0
2026-06-30 15:00:00,1.8827,1.88307,1.88082,1.8813,3007.0
2026-06-30 16:00:00,1.88124,1.88284,1.88064,1.88262,1984.0
2026-06-30 17:00:00,1.88222,1.88298,1.88156,1.88236,3046.0
2026-06-30 18:00:00,1.88232,1.88258,1.88186,1.88198,430.0
2026-06-30 19:00:00,1.88204,1.88251,1.88163,1.88251,1083.0
2026-06-30 20:00:00,1.88257,1.88328,1.88222,1.8825,2298.0
2026-06-30 21:00:00,1.88258,1.883,1.88206,1.88224,2316.0
2026-06-30 22:00:00,1.88225,1.88252,1.8818,1.88202,2505.0
2026-06-30 23:00:00,1.882,1.8822,1.88149,1.88168,3703.0
2026-07-01 00:00:00,1.88169,1.88224,1.88142,1.88214,3730.0
2026-07-01 01:00:00,1.8821,1.88236,1.88158,1.88171,2443.0
2026-07-01 02:00:00,1.88174,1.88313,1.8816,1.88258,3599.0
2026-07-01 03:00:00,1.88258,1.88311,1.88076,1.88288,2361.0
2026-07-01 04:00:00,1.88289,1.88481,1.88262,1.88384,885.0
2026-07-01 05:00:00,1.88392,1.88529,1.88369,1.88417,1497.0
2026-07-01 06:00:00,1.88422,1.88446,1.88372,1.88376,2981.0
2026-07-01 07:00:00,1.88376,1.88385,1.88236,1.88321,1848.0
2026-07-01 08:00:00,1.88326,1.88455,1.88293,1.88384,1736.0
2026-07-01 09:00:00,1.88381,1.8852,1.88159,1.88472,5147.0
2026-07-01 10:00:00,1.88458,1.88771,1.88416,1.88583,5428.0
2026-07-01 11:00:00,1.88586,1.88639,1.88472,1.88618,5592.0
2026-07-01 12:00:00,1.88622,1.88794,1.88617,1.88708,4563.0
2026-07-01 13:00:00,1.88708,1.8877,1.88692,1.88714,4710.0
2026-07-01 14:00:00,1.88714,1.88765,1.88667,1.88747,2936.0
2026-07-01 15:00:00,1.88748,1.88811,1.88728,1.88738,2551.0
2026-07-01 16:00:00,1.88736,1.88796,1.88644,1.8872,2008.0
2026-07-01 17:00:00,1.88673,1.88806,1.8857,1.88674,2734.0
2026-07-01 18:00:00,1.88678,1.88796,1.88678,1.8879,402.0
2026-07-01 19:00:00,1.88788,1.88834,1.88772,1.88785,1105.0
2026-07-01 20:00:00,1.88788,1.88872,1.88758,1.88773,3687.0
2026-07-01 21:00:00,1.88774,1.88864,1.88746,1.8882,3280.0
2026-07-01 22:00:00,1.8882,1.8888,1.8881,1.88844,3085.0
2026-07-01 23:00:00,1.88846,1.8889,1.88815,1.88884,3126.0
2026-07-02 00:00:00,1.88883,1.88914,1.88848,1.88876,3733.0
2026-07-02 01:00:00,1.88876,1.88938,1.88871,1.88917,4557.0
2026-07-02 02:00:00,1.88908,1.89132,1.8886,1.88937,6652.0
2026-07-02 03:00:00,1.88933,1.89375,1.88898,1.8936,7633.0
2026-07-02 04:00:00,1.89358,1.89562,1.89307,1.89518,4617.0
2026-07-02 05:00:00,1.89514,1.89552,1.89348,1.89362,2828.0
2026-07-02 06:00:00,1.89364,1.89418,1.8923,1.89388,2218.0
2026-07-02 07:00:00,1.89392,1.89406,1.89134,1.89172,1976.0
2026-07-02 08:00:00,1.8917,1.89444,1.89028,1.89424,10280.0
2026-07-02 09:00:00,1.89434,1.89572,1.89304,1.89531,7459.0
2026-07-02 10:00:00,1.89534,1.89677,1.89428,1.8964,6070.0
2026-07-02 11:00:00,1.89641,1.89654,1.89462,1.89491,5724.0
2026-07-02 12:00:00,1.89494,1.89517,1.8931,1.8932,5373.0
2026-07-02 13:00:00,1.89318,1.89358,1.89152,1.89176,4008.0
2026-07-02 14:00:00,1.89175,1.89281,1.89164,1.89272,5683.0
2026-07-02 15:00:00,1.89276,1.89316,1.89224,1.89248,3815.0
2026-07-02 16:00:00,1.89248,1.89343,1.89226,1.8926,1621.0
2026-07-02 17:00:00,1.89288,1.89358,1.89221,1.89284,2672.0
2026-07-02 18:00:00,1.89278,1.89322,1.89254,1.89284,548.0
2026-07-02 19:00:00,1.89286,1.89341,1.89268,1.89274,1556.0
2026-07-02 20:00:00,1.89272,1.89342,1.89268,1.8934,2911.0
2026-07-02 21:00:00,1.8934,1.89432,1.89324,1.89365,2800.0
2026-07-02 22:00:00,1.89366,1.89412,1.89316,1.89339,2636.0
2026-07-02 23:00:00,1.89338,1.8936,1.89301,1.89337,1738.0
2026-07-03 00:00:00,1.89338,1.89343,1.8929,1.89314,2689.0
2026-07-03 01:00:00,1.89316,1.89426,1.89282,1.89296,3972.0
2026-07-03 02:00:00,1.89294,1.89508,1.89284,1.89432,2081.0
2026-07-03 03:00:00,1.89429,1.89599,1.89372,1.89556,2334.0
2026-07-03 04:00:00,1.89558,1.89578,1.89408,1.89445,1062.0
2026-07-03 05:00:00,1.89448,1.89478,1.89361,1.8938,1610.0
2026-07-03 06:00:00,1.89382,1.89531,1.89344,1.89461,1737.0
2026-07-03 07:00:00,1.89464,1.89617,1.8945,1.89604,1274.0
2026-07-03 08:00:00,1.89606,1.89744,1.896,1.89679,1533.0
2026-07-03 09:00:00,1.89678,1.89679,1.89518,1.89547,2586.0
2026-07-03 10:00:00,1.89548,1.89652,1.89516,1.89634,3002.0
2026-07-03 11:00:00,1.89632,1.89699,1.89618,1.89652,2318.0
2026-07-03 12:00:00,1.8965,1.89733,1.8964,1.89662,841.0
2026-07-03 13:00:00,1.89662,1.8971,1.89652,1.89672,4007.0
2026-07-03 14:00:00,1.89672,1.8969,1.896,1.89622,2619.0
2026-07-03 15:00:00,1.89628,1.89684,1.896,1.8963,1589.0
2026-07-03 16:00:00,1.89628,1.89747,1.89556,1.89611,7504.0
2026-07-05 17:00:00,1.8952,1.89658,1.89481,1.89574,3373.0
2026-07-05 18:00:00,1.89584,1.89694,1.8956,1.89602,509.0
2026-07-05 19:00:00,1.89602,1.89672,1.89592,1.89663,2515.0
2026-07-05 20:00:00,1.89662,1.89744,1.89641,1.89682,3122.0
2026-07-05 21:00:00,1.89682,1.89682,1.89564,1.89566,1894.0
2026-07-05 22:00:00,1.89572,1.89635,1.89532,1.89618,2038.0
2026-07-05 23:00:00,1.89618,1.8963,1.89573,1.89588,2380.0
2026-07-06 00:00:00,1.89586,1.89594,1.8955,1.89565,2906.0
2026-07-06 01:00:00,1.89566,1.89572,1.89492,1.89512,3112.0
2026-07-06 02:00:00,1.89511,1.8958,1.8945,1.89557,2240.0
2026-07-06 03:00:00,1.89561,1.8981,1.89522,1.89796,3237.0
2026-07-06 04:00:00,1.89796,1.89813,1.8965,1.89762,999.0
2026-07-06 05:00:00,1.89764,1.898,1.89697,1.89738,3965.0
2026-07-06 06:00:00,1.89737,1.8975,1.89594,1.89672,4657.0
2026-07-06 07:00:00,1.89672,1.89831,1.89632,1.89774,2489.0
2026-07-06 08:00:00,1.89775,1.89968,1.89766,1.89922,2233.0
2026-07-06 09:00:00,1.89916,1.89988,1.89767,1.8986,2290.0
2026-07-06 10:00:00,1.89858,1.90088,1.8982,1.89979,5003.0
2026-07-06 11:00:00,1.89978,1.90035,1.89853,1.90024,4110.0
2026-07-06 12:00:00,1.90026,1.90154,1.89975,1.90148,3386.0
2026-07-06 13:00:00,1.90148,1.90219,1.90114,1.90217,2766.0
2026-07-06 14:00:00,1.90215,1.90336,1.90182,1.90313,1567.0
2026-07-06 15:00:00,1.9031,1.9037,1.90204,1.90242,699.0
2026-07-06 16:00:00,1.90242,1.90278,1.90192,1.90192,630.0
2026-07-06 17:00:00,1.90164,1.90329,1.90155,1.90224,4576.0
2026-07-06 18:00:00,1.90226,1.90318,1.9018,1.90303,456.0
2026-07-06 19:00:00,1.90304,1.90364,1.9029,1.90303,1497.0
2026-07-06 20:00:00,1.90302,1.90335,1.90253,1.90285,3531.0
2026-07-06 21:00:00,1.90286,1.90441,1.90286,1.9038,2295.0
2026-07-06 22:00:00,1.90381,1.904,1.90335,1.90354,1986.0
2026-07-06 23:00:00,1.9036,1.90398,1.90358,1.90362,2602.0
2026-07-07 00:00:00,1.90364,1.90386,1.90338,1.9036,2460.0
2026-07-07 01:00:00,1.9036,1.9036,1.90266,1.90296,1804.0
2026-07-07 02:00:00,1.903,1.90316,1.90159,1.90174,2860.0
2026-07-07 03:00:00,1.90182,1.90293,1.90104,1.90238,1195.0
2026-07-07 04:00:00,1.90236,1.90374,1.902,1.90332,2338.0
2026-07-07 05:00:00,1.90331,1.90335,1.90187,1.90189,3513.0
2026-07-07 06:00:00,1.90188,1.90241,1.90074,1.90203,2467.0
2026-07-07 07:00:00,1.90206,1.90326,1.9014,1.90306,2266.0
2026-07-07 08:00:00,1.90306,1.90356,1.90254,1.90324,4210.0
2026-07-07 09:00:00,1.90326,1.90366,1.89896,1.89917,4108.0
2026-07-07 10:00:00,1.89922,1.89967,1.8978,1.8991,4996.0
2026-07-07 11:00:00,1.89911,1.89928,1.89749,1.89791,3217.0
