Timestamp,Open,High,Low,Close,Volume
2026-05-08 01:30:00,1.0585,1.05865,1.05837,1.05852,1394.0
2026-05-08 02:00:00,1.05855,1.05866,1.05796,1.0582,2099.0
2026-05-08 02:30:00,1.0582,1.05886,1.05814,1.05862,1650.0
2026-05-08 03:00:00,1.05864,1.05879,1.0582,1.05849,2053.0
2026-05-08 03:30:00,1.05852,1.05882,1.05825,1.05832,1598.0
2026-05-08 04:00:00,1.05826,1.05876,1.05814,1.05872,1753.0
2026-05-08 04:30:00,1.05876,1.05949,1.05864,1.0594,1646.0
2026-05-08 05:00:00,1.05943,1.05946,1.05904,1.0593,1619.0
2026-05-08 05:30:00,1.0593,1.05943,1.05894,1.05906,1133.0
2026-05-08 06:00:00,1.05908,1.05942,1.05903,1.0592,1102.0
2026-05-08 06:30:00,1.05916,1.05943,1.05885,1.05888,1794.0
2026-05-08 07:00:00,1.05888,1.05936,1.05882,1.05926,1664.0
2026-05-08 07:30:00,1.05926,1.05946,1.05899,1.05918,2147.0
2026-05-08 08:00:00,1.0592,1.05971,1.05906,1.05971,1969.0
2026-05-08 08:30:00,1.05972,1.06011,1.05833,1.05864,3062.0
2026-05-08 09:00:00,1.05867,1.05896,1.05825,1.05876,4001.0
2026-05-08 09:30:00,1.05875,1.05916,1.05828,1.05916,4154.0
2026-05-08 10:00:00,1.05917,1.0595,1.0588,1.0591,3495.0
2026-05-08 10:30:00,1.05913,1.05971,1.05854,1.05916,4191.0
2026-05-08 11:00:00,1.05918,1.05954,1.05878,1.05946,3084.0
2026-05-08 11:30:00,1.05944,1.05962,1.05876,1.05904,2895.0
2026-05-08 12:00:00,1.05902,1.0591,1.05878,1.05884,2203.0
2026-05-08 12:30:00,1.05886,1.0589,1.05824,1.05834,1510.0
2026-05-08 13:00:00,1.05834,1.05852,1.05806,1.05828,1289.0
2026-05-08 13:30:00,1.05828,1.0585,1.05814,1.05846,1180.0
2026-05-08 14:00:00,1.05846,1.05848,1.05817,1.05824,1092.0
2026-05-08 14:30:00,1.05825,1.05829,1.05761,1.05782,1726.0
2026-05-08 15:00:00,1.05782,1.05798,1.05769,1.05776,1600.0
2026-05-08 15:30:00,1.05776,1.05884,1.0577,1.05882,2183.0
2026-05-08 16:00:00,1.05883,1.05904,1.05838,1.05858,1162.0
2026-05-08 16:30:00,1.05858,1.05878,1.05816,1.05849,1626.0
2026-05-10 17:00:00,1.05516,1.0565,1.0547,1.05642,709.0
2026-05-10 17:30:00,1.0564,1.05702,1.05491,1.05526,4406.0
2026-05-10 18:00:00,1.05522,1.0568,1.05445,1.05668,1346.0
2026-05-10 18:30:00,1.05668,1.05716,1.05668,1.05716,457.0
2026-05-10 19:00:00,1.05712,1.05746,1.05702,1.05738,465.0
2026-05-10 19:30:00,1.05737,1.05745,1.05712,1.0574,904.0
2026-05-10 20:00:00,1.05738,1.05764,1.05731,1.05763,2870.0
2026-05-10 20:30:00,1.05764,1.05793,1.0576,1.05784,2001.0
2026-05-10 21:00:00,1.05786,1.05818,1.05786,1.05804,2467.0
2026-05-10 21:30:00,1.05804,1.05828,1.05798,1.05818,1697.0
2026-05-10 22:00:00,1.05816,1.05843,1.05816,1.05836,1199.0
2026-05-10 22:30:00,1.05836,1.05857,1.05831,1.05842,1481.0
2026-05-10 23:00:00,1.05841,1.05863,1.05838,1.05858,1535.0
2026-05-10 23:30:00,1.05858,1.05888,1.05852,1.05869,1028.0
2026-05-11 00:00:00,1.0587,1.05886,1.05867,1.05884,1350.0
2026-05-11 00:30:00,1.05886,1.05898,1.05844,1.05854,861.0
2026-05-11 01:00:00,1.05854,1.05886,1.05838,1.05886,1015.0
2026-05-11 01:30:00,1.05885,1.0589,1.05853,1.05874,1603.0
2026-05-11 02:00:00,1.05866,1.05886,1.05752,1.05776,2531.0
2026-05-11 02:30:00,1.0578,1.05808,1.05737,1.05766,1927.0
2026-05-11 03:00:00,1.05768,1.05835,1.05762,1.05798,2252.0
2026-05-11 03:30:00,1.05798,1.0586,1.05794,1.05834,1472.0
2026-05-11 04:00:00,1.05835,1.0589,1.05823,1.05874,1435.0
2026-05-11 04:30:00,1.05868,1.05933,1.05848,1.0593,1298.0
2026-05-11 05:00:00,1.05932,1.05964,1.05922,1.0594,1217.0
2026-05-11 05:30:00,1.05939,1.0595,1.05898,1.05918,1376.0
2026-05-11 06:00:00,1.05919,1.05926,1.05868,1.05882,1341.0
2026-05-11 06:30:00,1.05878,1.059,1.0576,1.05794,1954.0
2026-05-11 07:00:00,1.05797,1.05956,1.05794,1.05913,2254.0
2026-05-11 07:30:00,1.05912,1.05967,1.05906,1.05948,2280.0
2026-05-11 08:00:00,1.05952,1.05983,1.0592,1.05956,3009.0
2026-05-11 08:30:00,1.0596,1.05967,1.0592,1.05922,3302.0
2026-05-11 09:00:00,1.05926,1.05965,1.05918,1.05922,2931.0
2026-05-11 09:30:00,1.05922,1.05998,1.05916,1.05918,3128.0
2026-05-11 10:00:00,1.05918,1.05924,1.05866,1.0587,2840.0
2026-05-11 10:30:00,1.05868,1.06,1.05863,1.06,3706.0
2026-05-11 11:00:00,1.06002,1.06086,1.0599,1.06058,3114.0
2026-05-11 11:30:00,1.06058,1.061,1.06048,1.06098,3109.0
2026-05-11 12:00:00,1.06099,1.06108,1.06046,1.06081,1962.0
2026-05-11 12:30:00,1.06082,1.06123,1.0608,1.06106,2769.0
2026-05-11 13:00:00,1.06106,1.06131,1.06086,1.0612,2185.0
2026-05-11 13:30:00,1.06118,1.06122,1.06086,1.061,1057.0
2026-05-11 14:00:00,1.06106,1.06107,1.06066,1.06066,1311.0
2026-05-11 14:30:00,1.06065,1.06076,1.06048,1.06065,1087.0
2026-05-11 15:00:00,1.06066,1.06074,1.05999,1.0601,1567.0
2026-05-11 15:30:00,1.0601,1.06029,1.05976,1.05978,1085.0
2026-05-11 16:00:00,1.0598,1.0599,1.05914,1.05926,1125.0
2026-05-11 16:30:00,1.05926,1.05926,1.05876,1.05906,1083.0
2026-05-11 17:00:00,1.05891,1.05984,1.05857,1.05877,992.0
2026-05-11 17:30:00,1.05877,1.05902,1.0583,1.05838,687.0
2026-05-11 18:00:00,1.0583,1.05855,1.05808,1.0584,541.0
2026-05-11 18:30:00,1.0584,1.0586,1.05837,1.05852,523.0
2026-05-11 19:00:00,1.05853,1.0588,1.05852,1.0588,517.0
2026-05-11 19:30:00,1.0588,1.05894,1.05865,1.05873,777.0
2026-05-11 20:00:00,1.05872,1.059,1.05862,1.05888,1620.0
2026-05-11 20:30:00,1.05889,1.05914,1.05882,1.05896,1427.0
2026-05-11 21:00:00,1.05899,1.05906,1.05883,1.05892,1944.0
2026-05-11 21:30:00,1.05892,1.05922,1.05878,1.05919,2285.0
2026-05-11 22:00:00,1.05918,1.05938,1.05918,1.05932,1310.0
2026-05-11 22:30:00,1.05928,1.05948,1.05925,1.05947,1519.0
2026-05-11 23:00:00,1.05949,1.05956,1.05932,1.05934,1088.0
2026-05-11 23:30:00,1.05935,1.0594,1.05918,1.0593,810.0
2026-05-12 00:00:00,1.05933,1.0594,1.05916,1.05922,1291.0
2026-05-12 00:30:00,1.05924,1.0594,1.0592,1.05928,1265.0
2026-05-12 01:00:00,1.05929,1.05934,1.0586,1.05864,1704.0
2026-05-12 01:30:00,1.05865,1.05869,1.05736,1.05767,2434.0
2026-05-12 02:00:00,1.05766,1.05799,1.0574,1.0575,3081.0
2026-05-12 02:30:00,1.05748,1.05753,1.05662,1.05666,2561.0
2026-05-12 03:00:00,1.05673,1.05702,1.05584,1.05611,2710.0
2026-05-12 03:30:00,1.05614,1.05614,1.05506,1.05548,2841.0
2026-05-12 04:00:00,1.05544,1.05608,1.0542,1.05483,2725.0
2026-05-12 04:30:00,1.05484,1.05627,1.05468,1.05623,2719.0
2026-05-12 05:00:00,1.05626,1.05692,1.05592,1.0569,2282.0
2026-05-12 05:30:00,1.0569,1.05765,1.05672,1.05706,2187.0
2026-05-12 06:00:00,1.05706,1.05774,1.05705,1.05764,1421.0
2026-05-12 06:30:00,1.05765,1.05811,1.05701,1.05708,1930.0
2026-05-12 07:00:00,1.05706,1.05764,1.05666,1.0572,2424.0
2026-05-12 07:30:00,1.05724,1.0575,1.05648,1.05696,1610.0
2026-05-12 08:00:00,1.05692,1.05705,1.056,1.0564,2673.0
2026-05-12 08:30:00,1.05637,1.05692,1.05594,1.05644,2834.0
2026-05-12 09:00:00,1.05644,1.05685,1.0563,1.05672,2987.0
2026-05-12 09:30:00,1.05674,1.05712,1.05638,1.05648,4753.0
2026-05-12 10:00:00,1.05649,1.05806,1.05644,1.05748,5215.0
2026-05-12 10:30:00,1.05747,1.05749,1.05604,1.05655,3972.0
2026-05-12 11:00:00,1.05656,1.05686,1.0558,1.05644,4804.0
2026-05-12 11:30:00,1.05648,1.05758,1.05638,1.0574,3867.0
2026-05-12 12:00:00,1.0574,1.05778,1.05697,1.05705,3084.0
2026-05-12 12:30:00,1.05704,1.0575,1.0569,1.0571,3547.0
2026-05-12 13:00:00,1.0571,1.05746,1.05698,1.057,3123.0
2026-05-12 13:30:00,1.05699,1.05706,1.05674,1.0568,2006.0
2026-05-12 14:00:00,1.0568,1.05696,1.05631,1.0565,2457.0
2026-05-12 14:30:00,1.05652,1.05684,1.05644,1.05652,1783.0
2026-05-12 15:00:00,1.05654,1.05686,1.05654,1.05678,2248.0
2026-05-12 15:30:00,1.05678,1.05716,1.05672,1.05705,2169.0
2026-05-12 16:00:00,1.05706,1.0571,1.05692,1.05694,1017.0
2026-05-12 16:30:00,1.05696,1.05704,1.05662,1.05696,964.0
2026-05-12 17:00:00,1.05703,1.0577,1.05668,1.0568,547.0
2026-05-12 17:30:00,1.05678,1.05739,1.0566,1.05686,3049.0
2026-05-12 18:00:00,1.05679,1.05692,1.05652,1.05662,444.0
2026-05-12 18:30:00,1.05662,1.05684,1.05658,1.05668,355.0
2026-05-12 19:00:00,1.05669,1.05681,1.05662,1.0567,437.0
2026-05-12 19:30:00,1.05669,1.05674,1.05643,1.05652,1114.0
2026-05-12 20:00:00,1.05652,1.0566,1.05632,1.05645,2780.0
2026-05-12 20:30:00,1.05646,1.05659,1.05603,1.05608,2937.0
2026-05-12 21:00:00,1.05608,1.05642,1.05597,1.05636,2976.0
2026-05-12 21:30:00,1.05638,1.05662,1.0563,1.0565,2323.0
2026-05-12 22:00:00,1.0565,1.05668,1.0564,1.05647,1828.0
2026-05-12 22:30:00,1.05648,1.05666,1.05632,1.0565,1471.0
2026-05-12 23:00:00,1.05649,1.05653,1.05633,1.05642,2023.0
2026-05-12 23:30:00,1.05644,1.05668,1.05644,1.05661,1761.0
2026-05-13 00:00:00,1.0566,1.05662,1.05635,1.05649,1276.0
2026-05-13 00:30:00,1.0565,1.05654,1.0563,1.05638,1161.0
2026-05-13 01:00:00,1.05638,1.05686,1.05637,1.0568,1823.0
2026-05-13 01:30:00,1.05679,1.05746,1.05677,1.0573,1775.0
2026-05-13 02:00:00,1.0573,1.05751,1.0568,1.05706,2382.0
2026-05-13 02:30:00,1.05706,1.0574,1.05661,1.05684,2388.0
2026-05-13 03:00:00,1.05685,1.05733,1.05652,1.05712,2574.0
2026-05-13 03:30:00,1.05713,1.05737,1.05668,1.05672,2215.0
2026-05-13 04:00:00,1.05674,1.05764,1.0567,1.05764,1531.0
2026-05-13 04:30:00,1.05764,1.05848,1.05764,1.05787,1305.0
2026-05-13 05:00:00,1.05786,1.05794,1.05726,1.05778,1593.0
2026-05-13 05:30:00,1.05778,1.0579,1.0567,1.0571,1908.0
2026-05-13 06:00:00,1.05712,1.05724,1.0554,1.05657,2043.0
2026-05-13 06:30:00,1.05655,1.05666,1.05554,1.0556,1888.0
2026-05-13 07:00:00,1.05562,1.056,1.05513,1.0555,1837.0
2026-05-13 07:30:00,1.05551,1.05551,1.05492,1.05533,1578.0
2026-05-13 08:00:00,1.05532,1.05566,1.05522,1.0553,2660.0
2026-05-13 08:30:00,1.05531,1.05601,1.05511,1.05584,3153.0
2026-05-13 09:00:00,1.05584,1.05662,1.05584,1.05604,2375.0
2026-05-13 09:30:00,1.05604,1.05692,1.056,1.05676,3737.0
2026-05-13 10:00:00,1.05675,1.05767,1.05674,1.05734,2781.0
2026-05-13 10:30:00,1.05734,1.05781,1.05724,1.05756,3262.0
2026-05-13 11:00:00,1.05756,1.05784,1.05739,1.05774,2973.0
2026-05-13 11:30:00,1.05774,1.05812,1.05768,1.05784,3376.0
2026-05-13 12:00:00,1.05786,1.05797,1.0574,1.05743,3287.0
2026-05-13 12:30:00,1.05744,1.05764,1.05722,1.05746,2867.0
2026-05-13 13:00:00,1.0575,1.05751,1.05712,1.0572,1964.0
2026-05-13 13:30:00,1.05718,1.05735,1.05714,1.05726,1636.0
2026-05-13 14:00:00,1.05726,1.05736,1.05716,1.05727,2125.0
2026-05-13 14:30:00,1.05727,1.05748,1.05718,1.05744,1941.0
2026-05-13 15:00:00,1.05744,1.05749,1.0572,1.0572,1878.0
2026-05-13 15:30:00,1.05721,1.05732,1.05706,1.0572,1734.0
2026-05-13 16:00:00,1.0572,1.05733,1.05708,1.05729,972.0
2026-05-13 16:30:00,1.0573,1.05738,1.05708,1.05736,787.0
2026-05-13 17:00:00,1.05766,1.05773,1.05686,1.05749,382.0
2026-05-13 17:30:00,1.0574,1.05747,1.05688,1.05699,877.0
2026-05-13 18:00:00,1.05708,1.05742,1.05698,1.05733,582.0
2026-05-13 18:30:00,1.05732,1.05753,1.05724,1.05726,294.0
2026-05-13 19:00:00,1.05727,1.05744,1.05714,1.0574,515.0
2026-05-13 19:30:00,1.05742,1.0575,1.05731,1.05736,582.0
2026-05-13 20:00:00,1.05735,1.05757,1.05724,1.0575,1139.0
2026-05-13 20:30:00,1.05748,1.05756,1.05722,1.05736,678.0
2026-05-13 21:00:00,1.05736,1.05742,1.05698,1.05716,1202.0
2026-05-13 21:30:00,1.05715,1.05728,1.05683,1.05688,662.0
2026-05-13 22:00:00,1.05688,1.05735,1.05686,1.05735,1030.0
2026-05-13 22:30:00,1.05731,1.05733,1.05711,1.05724,720.0
2026-05-13 23:00:00,1.0572,1.05754,1.05718,1.05747,813.0
2026-05-13 23:30:00,1.05746,1.05766,1.05746,1.05762,989.0
2026-05-14 00:00:00,1.0576,1.0577,1.05746,1.05756,825.0
2026-05-14 00:30:00,1.05756,1.0577,1.05752,1.05763,530.0
2026-05-14 01:00:00,1.05758,1.05764,1.05697,1.05702,808.0
2026-05-14 01:30:00,1.05701,1.05708,1.05683,1.057,1138.0
2026-05-14 02:00:00,1.05702,1.05754,1.05686,1.0571,1990.0
2026-05-14 02:30:00,1.0571,1.05712,1.05646,1.05646,1883.0
2026-05-14 03:00:00,1.0565,1.05667,1.05628,1.05662,1910.0
2026-05-14 03:30:00,1.05664,1.0568,1.05645,1.05655,1295.0
2026-05-14 04:00:00,1.05656,1.05715,1.05652,1.05696,1127.0
2026-05-14 04:30:00,1.05694,1.05724,1.05686,1.0572,1153.0
2026-05-14 05:00:00,1.05719,1.05724,1.05688,1.05692,1424.0
2026-05-14 05:30:00,1.05693,1.05715,1.05632,1.05638,1312.0
2026-05-14 06:00:00,1.05639,1.05668,1.0563,1.05662,1868.0
2026-05-14 06:30:00,1.05662,1.05682,1.05639,1.05642,1202.0
2026-05-14 07:00:00,1.05638,1.05681,1.0562,1.05626,1946.0
2026-05-14 07:30:00,1.05625,1.05694,1.05547,1.05587,1558.0
2026-05-14 08:00:00,1.0559,1.0567,1.05564,1.05638,2450.0
2026-05-14 08:30:00,1.05644,1.05664,1.05623,1.05638,1287.0
2026-05-14 09:00:00,1.05638,1.0567,1.05594,1.05607,2009.0
2026-05-14 09:30:00,1.05608,1.05627,1.05574,1.05612,2896.0
2026-05-14 10:00:00,1.05616,1.05682,1.05604,1.05676,1586.0
2026-05-14 10:30:00,1.05674,1.05684,1.05564,1.05582,2245.0
2026-05-14 11:00:00,1.05579,1.05626,1.05569,1.05594,2703.0
2026-05-14 11:30:00,1.05594,1.05598,1.05532,1.05532,2284.0
2026-05-14 12:00:00,1.05536,1.05537,1.05278,1.05324,3618.0
2026-05-14 12:30:00,1.05324,1.05326,1.05236,1.0529,2855.0
2026-05-14 13:00:00,1.05287,1.05295,1.05149,1.05158,2274.0
2026-05-14 13:30:00,1.05154,1.05164,1.05035,1.05038,1786.0
2026-05-14 14:00:00,1.05035,1.05039,1.04934,1.05014,1673.0
2026-05-14 14:30:00,1.05015,1.05035,1.04992,1.05016,1771.0
2026-05-14 15:00:00,1.05017,1.05056,1.05014,1.0504,1666.0
2026-05-14 15:30:00,1.05042,1.05046,1.05004,1.05014,1440.0
2026-05-14 16:00:00,1.05016,1.0505,1.05006,1.05037,1009.0
2026-05-14 16:30:00,1.05034,1.05047,1.05015,1.05028,784.0
2026-05-14 17:00:00,1.04984,1.05046,1.04962,1.05032,324.0
2026-05-14 17:30:00,1.05046,1.05048,1.04986,1.0502,1086.0
2026-05-14 18:00:00,1.05032,1.05044,1.05014,1.05018,393.0
2026-05-14 18:30:00,1.05017,1.05038,1.0501,1.05038,251.0
2026-05-14 19:00:00,1.05037,1.05037,1.0496,1.04998,612.0
2026-05-14 19:30:00,1.04997,1.05059,1.04997,1.0502,1161.0
2026-05-14 20:00:00,1.05018,1.0504,1.05003,1.05034,1535.0
2026-05-14 20:30:00,1.05035,1.05044,1.04972,1.05005,1406.0
2026-05-14 21:00:00,1.05004,1.05026,1.04976,1.0498,1211.0
2026-05-14 21:30:00,1.04978,1.05022,1.04962,1.05003,2218.0
2026-05-14 22:00:00,1.05002,1.05006,1.04948,1.04962,2528.0
2026-05-14 22:30:00,1.04961,1.05006,1.04954,1.04996,1703.0
2026-05-14 23:00:00,1.04998,1.05024,1.04992,1.05006,1836.0
2026-05-14 23:30:00,1.05006,1.0503,1.04996,1.05026,1616.0
2026-05-15 00:00:00,1.05023,1.05023,1.0498,1.0498,1308.0
2026-05-15 00:30:00,1.04982,1.05025,1.0498,1.04994,1486.0
2026-05-15 01:00:00,1.04994,1.04997,1.0492,1.04938,1513.0
2026-05-15 01:30:00,1.0494,1.04947,1.04898,1.04906,2778.0
2026-05-15 02:00:00,1.04904,1.04934,1.0477,1.04782,3777.0
2026-05-15 02:30:00,1.04777,1.04938,1.04774,1.0492,3500.0
2026-05-15 03:00:00,1.0492,1.0497,1.04863,1.04949,3310.0
2026-05-15 03:30:00,1.04949,1.04965,1.04902,1.0494,1837.0
2026-05-15 04:00:00,1.0494,1.04948,1.04872,1.04896,2908.0
2026-05-15 04:30:00,1.04895,1.04898,1.04842,1.04861,2275.0
2026-05-15 05:00:00,1.0486,1.04887,1.04821,1.04873,2156.0
2026-05-15 05:30:00,1.04871,1.04957,1.04871,1.0493,2686.0
2026-05-15 06:00:00,1.04932,1.0497,1.04889,1.04914,1982.0
2026-05-15 06:30:00,1.0491,1.04989,1.04908,1.04974,3032.0
2026-05-15 07:00:00,1.04974,1.05046,1.04966,1.05025,2775.0
2026-05-15 07:30:00,1.05028,1.05062,1.04994,1.0502,2924.0
2026-05-15 08:00:00,1.05018,1.05072,1.05009,1.05022,3179.0
2026-05-15 08:30:00,1.05026,1.05066,1.04952,1.0505,3369.0
2026-05-15 09:00:00,1.05048,1.05076,1.05024,1.05052,3184.0
2026-05-15 09:30:00,1.05052,1.05056,1.04941,1.04944,4691.0
2026-05-15 10:00:00,1.04947,1.04986,1.04906,1.0491,3894.0
2026-05-15 10:30:00,1.04909,1.05004,1.04908,1.04943,4468.0
2026-05-15 11:00:00,1.04944,1.04957,1.0479,1.04816,4382.0
2026-05-15 11:30:00,1.04817,1.04896,1.04801,1.04893,3746.0
2026-05-15 12:00:00,1.04896,1.04902,1.04818,1.0482,3402.0
2026-05-15 12:30:00,1.0482,1.04886,1.04804,1.04857,2600.0
2026-05-15 13:00:00,1.04854,1.0487,1.04829,1.04843,1631.0
2026-05-15 13:30:00,1.04838,1.0487,1.0483,1.04843,1124.0
2026-05-15 14:00:00,1.04844,1.04864,1.04834,1.04852,2374.0
2026-05-15 14:30:00,1.04852,1.04868,1.04828,1.0483,2022.0
2026-05-15 15:00:00,1.0483,1.0486,1.04818,1.04845,1171.0
2026-05-15 15:30:00,1.0485,1.0485,1.0477,1.0477,910.0
2026-05-15 16:00:00,1.04771,1.04801,1.04757,1.04784,1030.0
2026-05-15 16:30:00,1.04786,1.0487,1.04754,1.04854,1208.0
2026-05-17 17:00:00,1.04781,1.04866,1.04778,1.0484,89.0
2026-05-17 17:30:00,1.04841,1.04865,1.04801,1.04824,262.0
2026-05-17 18:00:00,1.04833,1.04848,1.0475,1.04776,1083.0
2026-05-17 18:30:00,1.04774,1.04786,1.04756,1.0478,862.0
2026-05-17 19:00:00,1.0478,1.04818,1.0478,1.04798,963.0
2026-05-17 19:30:00,1.04798,1.04817,1.04785,1.04796,1682.0
2026-05-17 20:00:00,1.04794,1.04816,1.0475,1.04763,2591.0
2026-05-17 20:30:00,1.04762,1.04798,1.04762,1.04793,1876.0
2026-05-17 21:00:00,1.0479,1.04813,1.04769,1.0477,2896.0
2026-05-17 21:30:00,1.04772,1.04786,1.04751,1.04778,2505.0
2026-05-17 22:00:00,1.04776,1.04791,1.04762,1.04772,1527.0
2026-05-17 22:30:00,1.04775,1.04788,1.04736,1.04751,1795.0
2026-05-17 23:00:00,1.0475,1.04779,1.04742,1.04762,1213.0
2026-05-17 23:30:00,1.04761,1.04761,1.0474,1.0475,1082.0
2026-05-18 00:00:00,1.04749,1.04762,1.04744,1.04755,1529.0
2026-05-18 00:30:00,1.04753,1.04784,1.04748,1.04782,1710.0
2026-05-18 01:00:00,1.04782,1.04814,1.04766,1.04806,1234.0
2026-05-18 01:30:00,1.04806,1.04842,1.048,1.04818,2045.0
2026-05-18 02:00:00,1.04817,1.04926,1.04812,1.04916,2347.0
2026-05-18 02:30:00,1.04918,1.04925,1.04871,1.04909,2256.0
2026-05-18 03:00:00,1.0491,1.04928,1.04812,1.04812,2177.0
2026-05-18 03:30:00,1.04811,1.04872,1.0481,1.04858,1277.0
2026-05-18 04:00:00,1.04854,1.04922,1.04838,1.04922,1006.0
2026-05-18 04:30:00,1.04924,1.05028,1.04918,1.04995,1240.0
2026-05-18 05:00:00,1.04991,1.05014,1.04966,1.04978,855.0
2026-05-18 05:30:00,1.04977,1.05,1.0493,1.0497,1531.0
2026-05-18 06:00:00,1.04972,1.05008,1.04926,1.04952,1447.0
2026-05-18 06:30:00,1.04954,1.04969,1.04916,1.0495,1677.0
2026-05-18 07:00:00,1.04951,1.05032,1.0494,1.0503,2475.0
2026-05-18 07:30:00,1.05032,1.05064,1.04968,1.05063,3516.0
2026-05-18 08:00:00,1.05062,1.05137,1.05044,1.05113,2607.0
2026-05-18 08:30:00,1.05112,1.05168,1.05096,1.05153,3685.0
2026-05-18 09:00:00,1.05154,1.05182,1.05102,1.05103,3175.0
2026-05-18 09:30:00,1.05102,1.0515,1.05056,1.05116,3453.0
2026-05-18 10:00:00,1.0512,1.05205,1.05096,1.05184,4156.0
2026-05-18 10:30:00,1.05184,1.05266,1.05158,1.05258,3912.0
2026-05-18 11:00:00,1.05259,1.05304,1.05222,1.05295,5045.0
2026-05-18 11:30:00,1.05296,1.05453,1.0529,1.05415,2862.0
2026-05-18 12:00:00,1.0541,1.0557,1.05404,1.05426,2865.0
2026-05-18 12:30:00,1.05424,1.05446,1.05392,1.05394,2840.0
2026-05-18 13:00:00,1.05396,1.05444,1.05389,1.05412,2490.0
2026-05-18 13:30:00,1.05411,1.05416,1.0533,1.05333,1538.0
2026-05-18 14:00:00,1.05332,1.05358,1.05315,1.05358,1746.0
2026-05-18 14:30:00,1.0536,1.05364,1.05328,1.0535,1441.0
2026-05-18 15:00:00,1.0535,1.05368,1.05321,1.05332,2516.0
2026-05-18 15:30:00,1.05332,1.05365,1.0531,1.05363,1426.0
2026-05-18 16:00:00,1.0536,1.05379,1.05347,1.05356,1263.0
2026-05-18 16:30:00,1.05354,1.05402,1.05352,1.05376,1084.0
2026-05-18 17:00:00,1.05394,1.05402,1.05302,1.05338,436.0
2026-05-18 17:30:00,1.05336,1.05376,1.05303,1.05332,1191.0
2026-05-18 18:00:00,1.05322,1.05362,1.05322,1.05352,598.0
2026-05-18 18:30:00,1.05354,1.0536,1.05347,1.05358,545.0
2026-05-18 19:00:00,1.05358,1.05366,1.05352,1.0536,527.0
2026-05-18 19:30:00,1.05362,1.05378,1.05356,1.05371,776.0
2026-05-18 20:00:00,1.05374,1.05396,1.05374,1.05381,3216.0
2026-05-18 20:30:00,1.05382,1.05396,1.0537,1.05375,1774.0
2026-05-18 21:00:00,1.05374,1.05385,1.05366,1.05382,1703.0
2026-05-18 21:30:00,1.0538,1.0538,1.05348,1.05352,2830.0
2026-05-18 22:00:00,1.05355,1.0538,1.0534,1.05369,1220.0
2026-05-18 22:30:00,1.05368,1.05404,1.05366,1.05404,1964.0
2026-05-18 23:00:00,1.05404,1.05404,1.05378,1.05394,1524.0
2026-05-18 23:30:00,1.05392,1.05408,1.0539,1.05398,969.0
2026-05-19 00:00:00,1.05396,1.05405,1.05363,1.05374,1575.0
2026-05-19 00:30:00,1.05372,1.0539,1.0535,1.05355,1745.0
2026-05-19 01:00:00,1.05356,1.05365,1.05334,1.05356,1707.0
2026-05-19 01:30:00,1.05356,1.05396,1.05334,1.05386,2150.0
2026-05-19 02:00:00,1.05387,1.0539,1.0533,1.05346,1436.0
2026-05-19 02:30:00,1.05347,1.05355,1.05292,1.05307,1718.0
2026-05-19 03:00:00,1.05304,1.05309,1.05252,1.05281,1488.0
2026-05-19 03:30:00,1.05277,1.053,1.05236,1.05243,1193.0
2026-05-19 04:00:00,1.0524,1.0528,1.05214,1.05266,1654.0
2026-05-19 04:30:00,1.05264,1.0541,1.05264,1.05384,1435.0
2026-05-19 05:00:00,1.05384,1.05472,1.05376,1.05465,1979.0
2026-05-19 05:30:00,1.05466,1.05541,1.05446,1.05536,1908.0
2026-05-19 06:00:00,1.0553,1.05552,1.05465,1.05526,1464.0
2026-05-19 06:30:00,1.05524,1.05556,1.0548,1.05516,1504.0
2026-05-19 07:00:00,1.05516,1.05558,1.05496,1.0553,2749.0
2026-05-19 07:30:00,1.05531,1.05578,1.05522,1.05571,2205.0
2026-05-19 08:00:00,1.05574,1.05634,1.05559,1.0563,2222.0
2026-05-19 08:30:00,1.05634,1.05676,1.05584,1.05632,2731.0
2026-05-19 09:00:00,1.05631,1.0569,1.05588,1.05688,3322.0
2026-05-19 09:30:00,1.05689,1.05774,1.05684,1.05732,3792.0
2026-05-19 10:00:00,1.05734,1.05785,1.05715,1.0577,4971.0
2026-05-19 10:30:00,1.05767,1.05876,1.05735,1.05868,3775.0
2026-05-19 11:00:00,1.05868,1.05872,1.05788,1.05828,3703.0
2026-05-19 11:30:00,1.05826,1.05842,1.05766,1.05812,2605.0
2026-05-19 12:00:00,1.05812,1.05826,1.05702,1.05711,2262.0
2026-05-19 12:30:00,1.05709,1.05726,1.05684,1.05717,2839.0
2026-05-19 13:00:00,1.05712,1.05777,1.05712,1.05762,1908.0
2026-05-19 13:30:00,1.0576,1.05765,1.05738,1.05748,1726.0
2026-05-19 14:00:00,1.05746,1.05754,1.0573,1.05744,1890.0
2026-05-19 14:30:00,1.0574,1.05755,1.05726,1.05732,1832.0
2026-05-19 15:00:00,1.05734,1.05754,1.05726,1.05737,1599.0
2026-05-19 15:30:00,1.05736,1.05741,1.05715,1.05716,1652.0
2026-05-19 16:00:00,1.05716,1.05718,1.05698,1.0571,679.0
2026-05-19 16:30:00,1.0571,1.05739,1.05668,1.05674,946.0
2026-05-19 17:00:00,1.05737,1.05754,1.05648,1.05728,1265.0
2026-05-19 17:30:00,1.05726,1.05755,1.05691,1.05708,3630.0
2026-05-19 18:00:00,1.05701,1.05712,1.0567,1.05682,684.0
2026-05-19 18:30:00,1.05686,1.05699,1.05685,1.05694,507.0
2026-05-19 19:00:00,1.05693,1.05704,1.05682,1.05682,568.0
2026-05-19 19:30:00,1.05684,1.05692,1.05674,1.05674,1176.0
2026-05-19 20:00:00,1.05673,1.05692,1.05668,1.05686,3975.0
2026-05-19 20:30:00,1.05688,1.05706,1.05678,1.0569,1876.0
2026-05-19 21:00:00,1.0569,1.05707,1.05676,1.05679,2705.0
2026-05-19 21:30:00,1.05678,1.05748,1.05676,1.05741,2101.0
2026-05-19 22:00:00,1.05742,1.05762,1.05732,1.05759,1719.0
2026-05-19 22:30:00,1.05756,1.05778,1.0574,1.05772,2040.0
2026-05-19 23:00:00,1.05772,1.05792,1.05763,1.05788,1448.0
2026-05-19 23:30:00,1.05788,1.05809,1.05778,1.05796,2215.0
2026-05-20 00:00:00,1.05796,1.05814,1.05786,1.05788,2124.0
2026-05-20 00:30:00,1.05789,1.05795,1.0577,1.05778,1117.0
2026-05-20 01:00:00,1.05778,1.05792,1.05772,1.05786,1397.0
2026-05-20 01:30:00,1.05786,1.05843,1.05777,1.05808,2020.0
2026-05-20 02:00:00,1.05812,1.05829,1.05696,1.05795,2781.0
2026-05-20 02:30:00,1.05794,1.05818,1.0574,1.05804,1633.0
2026-05-20 03:00:00,1.05804,1.05897,1.05775,1.0588,2217.0
2026-05-20 03:30:00,1.05882,1.05889,1.05794,1.05804,1770.0
2026-05-20 04:00:00,1.05803,1.05847,1.0573,1.05774,2358.0
2026-05-20 04:30:00,1.05776,1.05827,1.05744,1.05753,1873.0
2026-05-20 05:00:00,1.05754,1.05845,1.05754,1.05798,1532.0
2026-05-20 05:30:00,1.05798,1.05834,1.05782,1.05794,1983.0
2026-05-20 06:00:00,1.05795,1.05808,1.05769,1.05784,1546.0
2026-05-20 06:30:00,1.05784,1.058,1.0577,1.05794,1689.0
2026-05-20 07:00:00,1.05798,1.05902,1.05792,1.05892,1615.0
2026-05-20 07:30:00,1.05892,1.05904,1.05848,1.05876,2279.0
2026-05-20 08:00:00,1.05876,1.05929,1.05873,1.05926,2340.0
2026-05-20 08:30:00,1.05927,1.05964,1.05898,1.05903,2489.0
2026-05-20 09:00:00,1.05902,1.05918,1.05857,1.05869,2810.0
2026-05-20 09:30:00,1.05868,1.05955,1.05855,1.05876,4392.0
2026-05-20 10:00:00,1.05876,1.05915,1.05808,1.0585,5912.0
2026-05-20 10:30:00,1.05851,1.05877,1.05743,1.05768,5818.0
2026-05-20 11:00:00,1.0577,1.05857,1.05752,1.05847,7012.0
2026-05-20 11:30:00,1.05845,1.05886,1.05812,1.0587,5422.0
2026-05-20 12:00:00,1.0587,1.059,1.05807,1.05828,4358.0
2026-05-20 12:30:00,1.05829,1.05836,1.05796,1.0582,2721.0
2026-05-20 13:00:00,1.05818,1.05857,1.05812,1.05823,1687.0
2026-05-20 13:30:00,1.05826,1.05854,1.05816,1.05838,1363.0
2026-05-20 14:00:00,1.05832,1.05841,1.05798,1.05798,2360.0
2026-05-20 14:30:00,1.05798,1.0581,1.0576,1.05774,1232.0
2026-05-20 15:00:00,1.05773,1.05786,1.0576,1.05776,1969.0
2026-05-20 15:30:00,1.05775,1.05792,1.05744,1.05752,1762.0
2026-05-20 16:00:00,1.0575,1.05773,1.05744,1.05758,1313.0
2026-05-20 16:30:00,1.05759,1.05794,1.05752,1.05762,1131.0
2026-05-20 17:00:00,1.05734,1.05762,1.05718,1.05752,272.0
2026-05-20 17:30:00,1.05751,1.05792,1.05742,1.05786,1340.0
2026-05-20 18:00:00,1.05778,1.05778,1.0572,1.05744,562.0
2026-05-20 18:30:00,1.05744,1.05748,1.0573,1.0574,495.0
2026-05-20 19:00:00,1.0574,1.0575,1.05732,1.05746,519.0
2026-05-20 19:30:00,1.05745,1.0576,1.05736,1.05748,793.0
2026-05-20 20:00:00,1.05746,1.05762,1.05737,1.05754,2339.0
2026-05-20 20:30:00,1.05756,1.0578,1.05746,1.0576,1518.0
2026-05-20 21:00:00,1.05758,1.05762,1.0572,1.05725,1969.0
2026-05-20 21:30:00,1.05724,1.05728,1.05668,1.05678,1786.0
2026-05-20 22:00:00,1.05679,1.05682,1.0565,1.05655,1847.0
2026-05-20 22:30:00,1.05658,1.05723,1.05658,1.05714,1827.0
2026-05-20 23:00:00,1.05713,1.0572,1.05689,1.05694,1039.0
2026-05-20 23:30:00,1.05694,1.0571,1.05692,1.05705,1398.0
2026-05-21 00:00:00,1.05706,1.05706,1.05658,1.05675,1320.0
2026-05-21 00:30:00,1.05675,1.05704,1.05671,1.05696,1120.0
2026-05-21 01:00:00,1.05695,1.05712,1.05681,1.05706,1369.0
2026-05-21 01:30:00,1.05706,1.05725,1.05696,1.05698,1995.0
2026-05-21 02:00:00,1.05698,1.05744,1.05698,1.05738,1607.0
2026-05-21 02:30:00,1.05736,1.05776,1.05732,1.05767,1575.0
2026-05-21 03:00:00,1.05771,1.05815,1.0575,1.05764,3719.0
2026-05-21 03:30:00,1.05764,1.0578,1.05726,1.0576,2743.0
2026-05-21 04:00:00,1.05761,1.0579,1.05692,1.05708,1660.0
2026-05-21 04:30:00,1.05703,1.05753,1.05638,1.05743,1024.0
2026-05-21 05:00:00,1.05742,1.0575,1.0567,1.05678,776.0
2026-05-21 05:30:00,1.05681,1.05716,1.05664,1.05686,1667.0
2026-05-21 06:00:00,1.05687,1.05728,1.05661,1.057,1422.0
2026-05-21 06:30:00,1.05695,1.05792,1.05694,1.05787,1938.0
2026-05-21 07:00:00,1.05788,1.05823,1.05754,1.05821,2094.0
2026-05-21 07:30:00,1.05821,1.05832,1.05762,1.05795,1615.0
2026-05-21 08:00:00,1.05794,1.05837,1.0576,1.05824,2742.0
2026-05-21 08:30:00,1.05821,1.05842,1.05782,1.05806,3340.0
2026-05-21 09:00:00,1.05808,1.05888,1.05767,1.05854,3248.0
2026-05-21 09:30:00,1.05855,1.05882,1.05785,1.05788,4838.0
2026-05-21 10:00:00,1.05788,1.05841,1.0576,1.05806,3056.0
2026-05-21 10:30:00,1.05808,1.05815,1.0574,1.05794,3913.0
2026-05-21 11:00:00,1.05792,1.05804,1.05756,1.05787,5203.0
2026-05-21 11:30:00,1.05788,1.0582,1.05754,1.05814,3292.0
2026-05-21 12:00:00,1.05815,1.0582,1.05774,1.05778,3287.0
2026-05-21 12:30:00,1.05777,1.05791,1.0576,1.05774,2338.0
2026-05-21 13:00:00,1.05775,1.05792,1.05718,1.05732,2485.0
2026-05-21 13:30:00,1.05726,1.05736,1.05676,1.05692,2140.0
2026-05-21 14:00:00,1.05695,1.05734,1.05674,1.0572,1089.0
2026-05-21 14:30:00,1.0572,1.05736,1.057,1.05712,1538.0
2026-05-21 15:00:00,1.05712,1.05719,1.05678,1.05692,1447.0
2026-05-21 15:30:00,1.05698,1.05698,1.05618,1.05632,1742.0
2026-05-21 16:00:00,1.05632,1.05684,1.05628,1.05674,1047.0
2026-05-21 16:30:00,1.05676,1.05684,1.05641,1.05649,1250.0
2026-05-21 17:00:00,1.05644,1.05757,1.05644,1.05692,671.0
2026-05-21 17:30:00,1.05718,1.05757,1.05634,1.0568,3475.0
2026-05-21 18:00:00,1.0565,1.05672,1.05637,1.05658,584.0
2026-05-21 18:30:00,1.05658,1.05666,1.05651,1.05657,482.0
2026-05-21 19:00:00,1.05655,1.05666,1.05653,1.05661,471.0
2026-05-21 19:30:00,1.05659,1.05672,1.0565,1.05654,1186.0
2026-05-21 20:00:00,1.05651,1.05661,1.05643,1.05647,2139.0
2026-05-21 20:30:00,1.05648,1.05658,1.05634,1.05644,1533.0
2026-05-21 21:00:00,1.05647,1.05667,1.05633,1.05665,2336.0
2026-05-21 21:30:00,1.05666,1.05672,1.05654,1.05668,1474.0
2026-05-21 22:00:00,1.05668,1.05676,1.05656,1.05661,1873.0
2026-05-21 22:30:00,1.05662,1.05662,1.05623,1.0563,1567.0
2026-05-21 23:00:00,1.05628,1.05634,1.05618,1.0563,1385.0
2026-05-21 23:30:00,1.0563,1.05642,1.05624,1.05628,1211.0
2026-05-22 00:00:00,1.05626,1.05636,1.05604,1.0561,1287.0
2026-05-22 00:30:00,1.05609,1.05626,1.05602,1.05606,1199.0
2026-05-22 01:00:00,1.05607,1.05632,1.05604,1.0563,1500.0
2026-05-22 01:30:00,1.05628,1.05641,1.05616,1.0564,1552.0
2026-05-22 02:00:00,1.05638,1.0565,1.05592,1.05628,1479.0
2026-05-22 02:30:00,1.05628,1.05638,1.05606,1.05612,1995.0
2026-05-22 03:00:00,1.05608,1.0567,1.056,1.0561,1518.0
2026-05-22 03:30:00,1.05611,1.05622,1.0553,1.05546,1125.0
2026-05-22 04:00:00,1.05548,1.05588,1.05544,1.05554,665.0
2026-05-22 04:30:00,1.05553,1.05563,1.05526,1.05556,592.0
2026-05-22 05:00:00,1.05556,1.0556,1.05512,1.0556,1069.0
2026-05-22 05:30:00,1.0556,1.0557,1.05513,1.0556,1529.0
2026-05-22 06:00:00,1.05559,1.05569,1.05526,1.05551,1235.0
2026-05-22 06:30:00,1.0555,1.05615,1.0555,1.05611,1258.0
2026-05-22 07:00:00,1.05612,1.05621,1.05586,1.05594,1665.0
2026-05-22 07:30:00,1.05594,1.05608,1.05526,1.05532,2118.0
2026-05-22 08:00:00,1.05532,1.05539,1.05462,1.05518,3040.0
2026-05-22 08:30:00,1.05519,1.05592,1.05512,1.05582,1239.0
2026-05-22 09:00:00,1.05578,1.05654,1.05552,1.05581,2073.0
2026-05-22 09:30:00,1.05582,1.05612,1.0554,1.05596,2649.0
2026-05-22 10:00:00,1.05594,1.05635,1.05582,1.05598,2903.0
2026-05-22 10:30:00,1.05596,1.05666,1.05559,1.05578,4032.0
2026-05-22 11:00:00,1.05578,1.05616,1.0556,1.05596,3159.0
2026-05-22 11:30:00,1.05601,1.0563,1.05572,1.05578,2479.0
2026-05-22 12:00:00,1.05576,1.05588,1.05454,1.05496,1790.0
2026-05-22 12:30:00,1.05496,1.05498,1.05436,1.05442,1915.0
2026-05-22 13:00:00,1.05442,1.05488,1.05412,1.05457,1165.0
2026-05-22 13:30:00,1.0546,1.0551,1.05442,1.05496,951.0
2026-05-22 14:00:00,1.05496,1.05503,1.05468,1.05491,549.0
2026-05-22 14:30:00,1.05492,1.05498,1.05463,1.05488,594.0
2026-05-22 15:00:00,1.05489,1.05496,1.05466,1.0548,853.0
2026-05-22 15:30:00,1.05481,1.05495,1.05472,1.05486,841.0
2026-05-22 16:00:00,1.05484,1.05503,1.05479,1.055,528.0
2026-05-22 16:30:00,1.055,1.05507,1.05436,1.05447,1668.0
2026-05-24 17:00:00,1.05545,1.05549,1.05466,1.05536,279.0
2026-05-24 17:30:00,1.05532,1.0558,1.0547,1.05579,614.0
2026-05-24 18:00:00,1.05586,1.05588,1.05432,1.05486,1197.0
2026-05-24 18:30:00,1.05484,1.0549,1.05428,1.05448,736.0
2026-05-24 19:00:00,1.05446,1.05468,1.05434,1.05438,610.0
2026-05-24 19:30:00,1.05438,1.0547,1.05433,1.05468,1141.0
2026-05-24 20:00:00,1.05468,1.0548,1.05444,1.05452,1137.0
2026-05-24 20:30:00,1.05448,1.05468,1.0542,1.05462,1298.0
2026-05-24 21:00:00,1.05466,1.05474,1.05438,1.05446,1111.0
2026-05-24 21:30:00,1.05446,1.05458,1.05427,1.05432,999.0
2026-05-24 22:00:00,1.05434,1.05438,1.05397,1.05408,412.0
2026-05-24 22:30:00,1.05406,1.05414,1.054,1.05404,277.0
2026-05-24 23:00:00,1.05406,1.05415,1.05389,1.05411,711.0
2026-05-24 23:30:00,1.05412,1.05415,1.05392,1.05404,743.0
2026-05-25 00:00:00,1.05408,1.05424,1.05405,1.05417,443.0
2026-05-25 00:30:00,1.05417,1.05442,1.05414,1.05424,682.0
2026-05-25 01:00:00,1.05424,1.05445,1.05422,1.05445,696.0
2026-05-25 01:30:00,1.05446,1.05467,1.05438,1.05452,668.0
2026-05-25 02:00:00,1.05452,1.0546,1.05404,1.05415,1190.0
2026-05-25 02:30:00,1.05413,1.05422,1.05388,1.05414,804.0
2026-05-25 03:00:00,1.05414,1.05415,1.0538,1.05388,1191.0
2026-05-25 03:30:00,1.05387,1.05452,1.0538,1.05452,378.0
2026-05-25 04:00:00,1.05452,1.0548,1.05424,1.0548,281.0
2026-05-25 04:30:00,1.05478,1.05482,1.05447,1.0548,310.0
2026-05-25 05:00:00,1.05481,1.05494,1.05448,1.05462,330.0
2026-05-25 05:30:00,1.05463,1.05474,1.05438,1.05456,548.0
2026-05-25 06:00:00,1.05456,1.05462,1.0542,1.05436,472.0
2026-05-25 06:30:00,1.05437,1.05438,1.05404,1.05425,507.0
2026-05-25 07:00:00,1.05422,1.0545,1.0541,1.05444,259.0
2026-05-25 07:30:00,1.05447,1.05488,1.05434,1.05473,791.0
2026-05-25 08:00:00,1.05472,1.05509,1.05458,1.05476,746.0
2026-05-25 08:30:00,1.05476,1.0548,1.05444,1.05453,1232.0
2026-05-25 09:00:00,1.0545,1.05621,1.05444,1.05618,1413.0
2026-05-25 09:30:00,1.05621,1.05754,1.05618,1.05682,1270.0
2026-05-25 10:00:00,1.05682,1.05709,1.05681,1.05701,1073.0
2026-05-25 10:30:00,1.05702,1.0573,1.05678,1.05712,681.0
2026-05-25 11:00:00,1.05713,1.05746,1.05678,1.05696,1539.0
2026-05-25 11:30:00,1.05692,1.05723,1.05689,1.05706,351.0
2026-05-25 12:00:00,1.05705,1.05749,1.05702,1.05745,530.0
2026-05-25 12:30:00,1.05743,1.05767,1.0574,1.05742,823.0
2026-05-25 13:00:00,1.05742,1.05752,1.05725,1.05728,153.0
2026-05-25 13:30:00,1.05731,1.05731,1.05702,1.05704,98.0
2026-05-25 14:00:00,1.05703,1.05716,1.05696,1.05701,108.0
2026-05-25 14:30:00,1.05704,1.05713,1.05698,1.057,150.0
2026-05-25 15:00:00,1.05699,1.05712,1.05698,1.05708,146.0
2026-05-25 15:30:00,1.05706,1.05724,1.05702,1.05715,275.0
2026-05-25 16:00:00,1.05716,1.05725,1.05708,1.05718,128.0
2026-05-25 16:30:00,1.05718,1.05734,1.05713,1.05714,252.0
2026-05-25 17:00:00,1.05691,1.05765,1.05676,1.0571,709.0
2026-05-25 17:30:00,1.05712,1.05769,1.0569,1.05751,1931.0
2026-05-25 18:00:00,1.05752,1.05769,1.057,1.05714,322.0
2026-05-25 18:30:00,1.05716,1.05722,1.05704,1.05708,252.0
2026-05-25 19:00:00,1.0571,1.05714,1.05694,1.05696,520.0
2026-05-25 19:30:00,1.05696,1.05722,1.0569,1.0571,928.0
2026-05-25 20:00:00,1.0571,1.05724,1.0569,1.05722,2443.0
2026-05-25 20:30:00,1.05723,1.05723,1.05692,1.05701,1364.0
2026-05-25 21:00:00,1.05704,1.0571,1.0567,1.05678,1598.0
2026-05-25 21:30:00,1.05679,1.0569,1.05667,1.05668,1772.0
2026-05-25 22:00:00,1.05667,1.05695,1.05666,1.05681,1184.0
2026-05-25 22:30:00,1.05681,1.05686,1.05656,1.0567,1020.0
2026-05-25 23:00:00,1.05672,1.05672,1.05647,1.05654,1339.0
2026-05-25 23:30:00,1.05648,1.05654,1.05609,1.05613,566.0
2026-05-26 00:00:00,1.05614,1.05621,1.05596,1.05612,654.0
2026-05-26 00:30:00,1.05613,1.05626,1.05609,1.05624,658.0
2026-05-26 01:00:00,1.05625,1.05631,1.05598,1.05602,761.0
2026-05-26 01:30:00,1.05602,1.05634,1.056,1.05627,1212.0
2026-05-26 02:00:00,1.05628,1.05674,1.0562,1.05658,1536.0
2026-05-26 02:30:00,1.05658,1.05813,1.05648,1.0578,1531.0
2026-05-26 03:00:00,1.05778,1.0578,1.05696,1.05731,1302.0
2026-05-26 03:30:00,1.05732,1.05749,1.05674,1.057,836.0
2026-05-26 04:00:00,1.05696,1.05738,1.05676,1.05696,506.0
2026-05-26 04:30:00,1.05704,1.05739,1.057,1.0573,1300.0
2026-05-26 05:00:00,1.05728,1.05758,1.05695,1.05729,1130.0
2026-05-26 05:30:00,1.05726,1.05749,1.05706,1.05747,919.0
2026-05-26 06:00:00,1.05742,1.05751,1.05723,1.05728,1252.0
2026-05-26 06:30:00,1.0573,1.05815,1.0572,1.05795,1517.0
2026-05-26 07:00:00,1.05796,1.05825,1.05774,1.05784,1562.0
2026-05-26 07:30:00,1.05784,1.05815,1.05758,1.0578,1728.0
2026-05-26 08:00:00,1.05779,1.05796,1.05754,1.05784,948.0
2026-05-26 08:30:00,1.05786,1.05798,1.05726,1.0573,1549.0
2026-05-26 09:00:00,1.0573,1.05764,1.05713,1.05742,2745.0
2026-05-26 09:30:00,1.05739,1.05755,1.05678,1.0573,3575.0
2026-05-26 10:00:00,1.05732,1.05739,1.05661,1.05677,3053.0
2026-05-26 10:30:00,1.05674,1.05692,1.05638,1.05638,3896.0
2026-05-26 11:00:00,1.05642,1.05666,1.05594,1.0564,1791.0
2026-05-26 11:30:00,1.05636,1.05683,1.05605,1.0561,2080.0
2026-05-26 12:00:00,1.05604,1.05659,1.05595,1.05624,1377.0
2026-05-26 12:30:00,1.05621,1.0563,1.05602,1.05621,1642.0
2026-05-26 13:00:00,1.05622,1.05662,1.05618,1.05632,2155.0
2026-05-26 13:30:00,1.05632,1.05653,1.05616,1.05638,1545.0
2026-05-26 14:00:00,1.05638,1.05643,1.05621,1.05625,1445.0
2026-05-26 14:30:00,1.05624,1.05645,1.05616,1.05638,1588.0
2026-05-26 15:00:00,1.05638,1.05656,1.05632,1.05645,764.0
2026-05-26 15:30:00,1.05648,1.05683,1.05644,1.05682,843.0
2026-05-26 16:00:00,1.05682,1.05699,1.0567,1.05674,475.0
2026-05-26 16:30:00,1.05673,1.05682,1.05644,1.05654,556.0
2026-05-26 17:00:00,1.05716,1.05716,1.05662,1.05662,56.0
2026-05-26 17:30:00,1.05672,1.05707,1.05658,1.05668,1379.0
2026-05-26 18:00:00,1.05678,1.05692,1.05637,1.05644,853.0
2026-05-26 18:30:00,1.05645,1.05654,1.05642,1.05647,237.0
2026-05-26 19:00:00,1.05645,1.05654,1.05641,1.05649,495.0
2026-05-26 19:30:00,1.0565,1.05666,1.05639,1.05646,819.0
2026-05-26 20:00:00,1.0565,1.05656,1.05631,1.05641,2059.0
2026-05-26 20:30:00,1.0564,1.05668,1.05624,1.05656,1155.0
2026-05-26 21:00:00,1.05653,1.05662,1.05629,1.05662,1243.0
2026-05-26 21:30:00,1.05661,1.05665,1.05631,1.05634,1385.0
2026-05-26 22:00:00,1.05634,1.05644,1.0562,1.05636,937.0
2026-05-26 22:30:00,1.05638,1.05678,1.05635,1.05658,1110.0
2026-05-26 23:00:00,1.05656,1.05668,1.05638,1.05661,963.0
2026-05-26 23:30:00,1.05662,1.05674,1.05655,1.05672,774.0
2026-05-27 00:00:00,1.0567,1.05671,1.05641,1.05642,744.0
2026-05-27 00:30:00,1.0564,1.05646,1.0563,1.05636,855.0
2026-05-27 01:00:00,1.05636,1.05642,1.05623,1.05635,846.0
2026-05-27 01:30:00,1.05634,1.05649,1.05622,1.05625,1532.0
2026-05-27 02:00:00,1.05624,1.05636,1.05605,1.05628,1377.0
2026-05-27 02:30:00,1.05626,1.05652,1.05578,1.05578,1305.0
2026-05-27 03:00:00,1.05582,1.05602,1.05521,1.0553,1515.0
2026-05-27 03:30:00,1.05529,1.0563,1.0552,1.05616,760.0
2026-05-27 04:00:00,1.05615,1.0567,1.05594,1.05612,1161.0
2026-05-27 04:30:00,1.05613,1.05723,1.05602,1.05709,1193.0
2026-05-27 05:00:00,1.0571,1.05732,1.05654,1.05662,1380.0
2026-05-27 05:30:00,1.05662,1.05686,1.05636,1.05646,972.0
2026-05-27 06:00:00,1.05644,1.0567,1.05616,1.05638,1814.0
2026-05-27 06:30:00,1.05636,1.05663,1.05626,1.05655,1913.0
2026-05-27 07:00:00,1.05652,1.05683,1.05638,1.05659,1965.0
2026-05-27 07:30:00,1.05658,1.05696,1.05648,1.05664,1952.0
2026-05-27 08:00:00,1.05664,1.0568,1.05536,1.05578,3971.0
2026-05-27 08:30:00,1.05578,1.05578,1.055,1.05542,3301.0
2026-05-27 09:00:00,1.05542,1.05616,1.05533,1.05608,4354.0
2026-05-27 09:30:00,1.05604,1.05624,1.05556,1.0561,4589.0
2026-05-27 10:00:00,1.05612,1.0564,1.05563,1.05573,3812.0
2026-05-27 10:30:00,1.0557,1.05637,1.05558,1.0557,3882.0
2026-05-27 11:00:00,1.05571,1.05622,1.05553,1.05592,4042.0
2026-05-27 11:30:00,1.05587,1.057,1.05584,1.057,2397.0
2026-05-27 12:00:00,1.057,1.05712,1.05654,1.05686,2166.0
2026-05-27 12:30:00,1.05685,1.0569,1.05635,1.05642,1733.0
2026-05-27 13:00:00,1.05643,1.05678,1.05624,1.05636,1861.0
2026-05-27 13:30:00,1.05635,1.05672,1.05616,1.05665,1100.0
2026-05-27 14:00:00,1.05666,1.05705,1.05662,1.05696,1688.0
2026-05-27 14:30:00,1.05696,1.05696,1.05638,1.05672,1771.0
2026-05-27 15:00:00,1.05672,1.05672,1.05652,1.05658,1135.0
2026-05-27 15:30:00,1.05658,1.05706,1.05658,1.05695,1476.0
2026-05-27 16:00:00,1.05696,1.05705,1.05688,1.05698,665.0
2026-05-27 16:30:00,1.05702,1.05712,1.05678,1.05696,563.0
2026-05-27 17:00:00,1.05622,1.05652,1.05602,1.05628,285.0
2026-05-27 17:30:00,1.0562,1.0567,1.05594,1.0563,870.0
2026-05-27 18:00:00,1.0564,1.05682,1.05636,1.05668,489.0
2026-05-27 18:30:00,1.0567,1.05688,1.05664,1.05686,557.0
2026-05-27 19:00:00,1.05686,1.05712,1.05676,1.05709,782.0
2026-05-27 19:30:00,1.0571,1.05714,1.05693,1.05704,908.0
2026-05-27 20:00:00,1.05702,1.05716,1.05698,1.05711,2122.0
2026-05-27 20:30:00,1.0571,1.05716,1.05669,1.05679,1525.0
2026-05-27 21:00:00,1.05675,1.05694,1.0567,1.05687,1265.0
2026-05-27 21:30:00,1.05688,1.05694,1.05661,1.05666,942.0
2026-05-27 22:00:00,1.05662,1.05685,1.05656,1.05663,977.0
2026-05-27 22:30:00,1.05664,1.05684,1.05658,1.05677,1276.0
2026-05-27 23:00:00,1.05676,1.0569,1.05653,1.05678,1244.0
2026-05-27 23:30:00,1.0568,1.0571,1.05594,1.05594,2086.0
2026-05-28 00:00:00,1.05596,1.05638,1.05589,1.05617,1708.0
2026-05-28 00:30:00,1.05616,1.05631,1.05601,1.05625,985.0
2026-05-28 01:00:00,1.05628,1.05637,1.05606,1.05636,916.0
2026-05-28 01:30:00,1.05634,1.05659,1.05618,1.05624,1523.0
2026-05-28 02:00:00,1.05624,1.05642,1.05611,1.05612,1755.0
2026-05-28 02:30:00,1.05612,1.0564,1.0557,1.05594,1406.0
2026-05-28 03:00:00,1.05591,1.05622,1.05576,1.05598,2896.0
2026-05-28 03:30:00,1.056,1.05654,1.05594,1.05646,1393.0
2026-05-28 04:00:00,1.05648,1.05724,1.05642,1.05716,1294.0
2026-05-28 04:30:00,1.05716,1.05754,1.05694,1.05723,1135.0
2026-05-28 05:00:00,1.05724,1.05749,1.05682,1.05722,1178.0
2026-05-28 05:30:00,1.05726,1.05748,1.05706,1.0572,1576.0
2026-05-28 06:00:00,1.0572,1.05772,1.05714,1.05747,2116.0
2026-05-28 06:30:00,1.05748,1.05776,1.05726,1.0575,1769.0
2026-05-28 07:00:00,1.0575,1.0578,1.05741,1.05749,2306.0
2026-05-28 07:30:00,1.05748,1.05795,1.05742,1.05766,1819.0
2026-05-28 08:00:00,1.05767,1.05792,1.05676,1.05684,2323.0
2026-05-28 08:30:00,1.05682,1.05708,1.05587,1.05598,3137.0
2026-05-28 09:00:00,1.05596,1.05619,1.0557,1.05577,3164.0
2026-05-28 09:30:00,1.05578,1.05622,1.05552,1.05577,3343.0
2026-05-28 10:00:00,1.05583,1.05619,1.05508,1.05538,5130.0
2026-05-28 10:30:00,1.0554,1.05555,1.05388,1.05422,2998.0
2026-05-28 11:00:00,1.05421,1.05457,1.05369,1.05374,3784.0
2026-05-28 11:30:00,1.05375,1.05418,1.05363,1.05411,2318.0
2026-05-28 12:00:00,1.05412,1.05428,1.05356,1.05377,2784.0
2026-05-28 12:30:00,1.05378,1.05391,1.05336,1.05368,2948.0
2026-05-28 13:00:00,1.05366,1.05404,1.0536,1.05385,2168.0
2026-05-28 13:30:00,1.05384,1.05398,1.05358,1.0537,1206.0
2026-05-28 14:00:00,1.0537,1.05372,1.05332,1.0535,1558.0
2026-05-28 14:30:00,1.0535,1.05392,1.05348,1.05388,1247.0
2026-05-28 15:00:00,1.0539,1.05391,1.05349,1.05359,1205.0
2026-05-28 15:30:00,1.05362,1.05368,1.05331,1.05352,1810.0
2026-05-28 16:00:00,1.05352,1.05371,1.05346,1.05355,1129.0
2026-05-28 16:30:00,1.05358,1.05413,1.05354,1.05398,844.0
2026-05-28 17:00:00,1.05418,1.05432,1.05348,1.05406,117.0
2026-05-28 17:30:00,1.05408,1.05438,1.05377,1.05414,323.0
2026-05-28 18:00:00,1.05424,1.05424,1.0536,1.0537,528.0
2026-05-28 18:30:00,1.0537,1.05384,1.05367,1.05374,130.0
2026-05-28 19:00:00,1.05378,1.05384,1.05373,1.05374,427.0
2026-05-28 19:30:00,1.05377,1.0539,1.05374,1.0538,679.0
2026-05-28 20:00:00,1.0538,1.05393,1.05363,1.05374,1940.0
2026-05-28 20:30:00,1.05374,1.05379,1.05355,1.05357,1687.0
2026-05-28 21:00:00,1.05358,1.0536,1.05312,1.0533,1772.0
2026-05-28 21:30:00,1.0533,1.05376,1.05329,1.0537,1817.0
2026-05-28 22:00:00,1.0537,1.05375,1.0536,1.05366,1418.0
2026-05-28 22:30:00,1.05366,1.05373,1.0536,1.05368,1350.0
2026-05-28 23:00:00,1.05366,1.0539,1.05364,1.05376,1348.0
2026-05-28 23:30:00,1.05375,1.05389,1.05364,1.05378,891.0
2026-05-29 00:00:00,1.05378,1.05388,1.0536,1.05368,1295.0
2026-05-29 00:30:00,1.05367,1.05382,1.05362,1.05376,565.0
2026-05-29 01:00:00,1.05378,1.05378,1.05358,1.05366,962.0
2026-05-29 01:30:00,1.05366,1.05366,1.05342,1.05344,961.0
2026-05-29 02:00:00,1.0534,1.0535,1.05315,1.05344,1060.0
2026-05-29 02:30:00,1.05344,1.0537,1.05293,1.05295,2008.0
2026-05-29 03:00:00,1.05298,1.0531,1.05208,1.05234,2240.0
2026-05-29 03:30:00,1.05234,1.05256,1.05201,1.05228,1391.0
2026-05-29 04:00:00,1.05224,1.05279,1.05212,1.0522,1729.0
2026-05-29 04:30:00,1.05214,1.05248,1.05187,1.05194,1291.0
2026-05-29 05:00:00,1.05192,1.05195,1.05128,1.0513,1253.0
2026-05-29 05:30:00,1.05132,1.05183,1.05117,1.0512,2677.0
2026-05-29 06:00:00,1.0512,1.05143,1.0506,1.05061,2058.0
2026-05-29 06:30:00,1.05062,1.05066,1.05011,1.05024,1534.0
2026-05-29 07:00:00,1.05026,1.05052,1.04998,1.05035,1749.0
2026-05-29 07:30:00,1.05037,1.05069,1.04982,1.05038,2125.0
2026-05-29 08:00:00,1.05037,1.05066,1.04983,1.04983,2292.0
2026-05-29 08:30:00,1.04984,1.05032,1.04938,1.04974,2328.0
2026-05-29 09:00:00,1.04974,1.05072,1.0495,1.05028,2808.0
2026-05-29 09:30:00,1.05032,1.05046,1.0498,1.05006,2468.0
2026-05-29 10:00:00,1.05007,1.05113,1.05002,1.05094,3942.0
2026-05-29 10:30:00,1.05095,1.05378,1.05022,1.05376,6405.0
2026-05-29 11:00:00,1.05376,1.05412,1.05289,1.05322,6255.0
2026-05-29 11:30:00,1.05322,1.05327,1.05248,1.05256,4955.0
2026-05-29 12:00:00,1.05256,1.05308,1.05218,1.0527,2601.0
2026-05-29 12:30:00,1.05269,1.05284,1.05226,1.05228,2857.0
2026-05-29 13:00:00,1.0523,1.0526,1.05224,1.05252,1522.0
2026-05-29 13:30:00,1.05252,1.05297,1.05244,1.05291,1975.0
2026-05-29 14:00:00,1.05294,1.05305,1.05177,1.05186,1928.0
2026-05-29 14:30:00,1.05185,1.05186,1.051,1.05148,1237.0
2026-05-29 15:00:00,1.05148,1.05148,1.05038,1.05066,1674.0
2026-05-29 15:30:00,1.05066,1.05127,1.05047,1.05111,2034.0
2026-05-29 16:00:00,1.05108,1.05158,1.05098,1.0515,1523.0
2026-05-29 16:30:00,1.0515,1.05155,1.0508,1.05092,2403.0
2026-05-31 17:00:00,1.05158,1.05179,1.05076,1.05166,1835.0
2026-05-31 17:30:00,1.05163,1.05233,1.05145,1.05171,2070.0
2026-05-31 18:00:00,1.05174,1.05202,1.05105,1.05122,1128.0
2026-05-31 18:30:00,1.05119,1.05122,1.05108,1.05116,1121.0
2026-05-31 19:00:00,1.05113,1.0513,1.0511,1.05116,1045.0
2026-05-31 19:30:00,1.05116,1.05203,1.0511,1.05174,2041.0
2026-05-31 20:00:00,1.05174,1.0527,1.05164,1.05258,2520.0
2026-05-31 20:30:00,1.05257,1.05294,1.05242,1.05288,2130.0
2026-05-31 21:00:00,1.05292,1.05322,1.05278,1.05292,2245.0
2026-05-31 21:30:00,1.05296,1.05344,1.05287,1.05343,1549.0
2026-05-31 22:00:00,1.05344,1.05388,1.0534,1.05378,1541.0
2026-05-31 22:30:00,1.0538,1.05392,1.05369,1.05374,1168.0
2026-05-31 23:00:00,1.05376,1.0538,1.05354,1.05364,1866.0
2026-05-31 23:30:00,1.05362,1.05379,1.05333,1.05336,1309.0
2026-06-01 00:00:00,1.05338,1.0537,1.05336,1.05367,667.0
2026-06-01 00:30:00,1.05366,1.05384,1.05363,1.05372,661.0
2026-06-01 01:00:00,1.0537,1.054,1.05358,1.0539,1398.0
2026-06-01 01:30:00,1.0539,1.05394,1.05356,1.05362,1451.0
2026-06-01 02:00:00,1.05362,1.05408,1.05348,1.05404,1974.0
2026-06-01 02:30:00,1.05403,1.05459,1.05356,1.05364,1643.0
2026-06-01 03:00:00,1.05364,1.05426,1.0534,1.05398,1050.0
2026-06-01 03:30:00,1.05401,1.05454,1.05392,1.05416,1610.0
2026-06-01 04:00:00,1.05412,1.05517,1.05396,1.0547,1009.0
2026-06-01 04:30:00,1.05472,1.05518,1.05464,1.0549,1066.0
2026-06-01 05:00:00,1.05494,1.05563,1.0548,1.0554,1515.0
2026-06-01 05:30:00,1.05542,1.05564,1.05522,1.05526,1052.0
2026-06-01 06:00:00,1.05526,1.05576,1.05524,1.05572,1357.0
2026-06-01 06:30:00,1.0557,1.05571,1.05522,1.0554,1171.0
2026-06-01 07:00:00,1.0554,1.05566,1.05516,1.0554,1397.0
2026-06-01 07:30:00,1.0554,1.0558,1.05536,1.05574,1718.0
2026-06-01 08:00:00,1.05573,1.05582,1.05516,1.05528,2232.0
2026-06-01 08:30:00,1.05526,1.05716,1.05526,1.05706,2671.0
2026-06-01 09:00:00,1.05708,1.05746,1.05668,1.05714,3441.0
2026-06-01 09:30:00,1.0571,1.0575,1.0566,1.05716,2447.0
2026-06-01 10:00:00,1.05718,1.0577,1.05642,1.05726,3822.0
2026-06-01 10:30:00,1.05725,1.05833,1.05721,1.05792,3604.0
2026-06-01 11:00:00,1.05793,1.05813,1.05739,1.05794,4268.0
2026-06-01 11:30:00,1.05794,1.0583,1.05748,1.05822,3717.0
2026-06-01 12:00:00,1.05821,1.05868,1.05793,1.0586,1668.0
2026-06-01 12:30:00,1.05858,1.05914,1.0584,1.05855,1241.0
2026-06-01 13:00:00,1.05854,1.05889,1.05842,1.05868,1325.0
2026-06-01 13:30:00,1.05868,1.05877,1.05826,1.05857,2252.0
2026-06-01 14:00:00,1.05856,1.05868,1.05838,1.05862,1511.0
2026-06-01 14:30:00,1.05862,1.05866,1.05828,1.05828,1664.0
2026-06-01 15:00:00,1.05828,1.05862,1.05822,1.05852,1574.0
2026-06-01 15:30:00,1.05851,1.05877,1.05834,1.05868,1554.0
2026-06-01 16:00:00,1.05868,1.05878,1.05842,1.05871,925.0
2026-06-01 16:30:00,1.0587,1.05872,1.05838,1.05849,789.0
2026-06-01 17:00:00,1.05867,1.05916,1.05829,1.05885,3839.0
2026-06-01 17:30:00,1.05885,1.0591,1.05814,1.05857,5211.0
2026-06-01 18:00:00,1.05832,1.05882,1.05832,1.05862,476.0
2026-06-01 18:30:00,1.0586,1.05882,1.0586,1.05877,518.0
2026-06-01 19:00:00,1.05876,1.05881,1.0584,1.05844,453.0
2026-06-01 19:30:00,1.05843,1.05849,1.05832,1.05842,658.0
2026-06-01 20:00:00,1.05842,1.0589,1.05835,1.0588,1265.0
2026-06-01 20:30:00,1.0588,1.05898,1.05854,1.05874,1045.0
2026-06-01 21:00:00,1.05868,1.05894,1.0586,1.0587,1525.0
2026-06-01 21:30:00,1.05871,1.0589,1.05851,1.05853,1638.0
2026-06-01 22:00:00,1.05854,1.05855,1.0583,1.0584,1278.0
2026-06-01 22:30:00,1.0584,1.0585,1.05836,1.05844,890.0
2026-06-01 23:00:00,1.05844,1.05847,1.05829,1.05836,1578.0
2026-06-01 23:30:00,1.05837,1.05852,1.05824,1.0585,1144.0
2026-06-02 00:00:00,1.05852,1.05868,1.05826,1.0586,1118.0
2026-06-02 00:30:00,1.05859,1.05877,1.05852,1.05855,946.0
2026-06-02 01:00:00,1.05854,1.0587,1.05844,1.0587,1156.0
2026-06-02 01:30:00,1.05869,1.05892,1.05848,1.05849,1540.0
2026-06-02 02:00:00,1.05849,1.05881,1.05818,1.05844,1670.0
2026-06-02 02:30:00,1.05842,1.05842,1.05738,1.05759,2145.0
2026-06-02 03:00:00,1.05758,1.05809,1.05734,1.05794,1763.0
2026-06-02 03:30:00,1.05794,1.05829,1.05748,1.05754,1595.0
2026-06-02 04:00:00,1.05751,1.05788,1.05708,1.05787,815.0
2026-06-02 04:30:00,1.05788,1.05834,1.05774,1.05822,927.0
2026-06-02 05:00:00,1.05824,1.05864,1.05808,1.05832,1048.0
2026-06-02 05:30:00,1.05831,1.05869,1.05828,1.05864,716.0
2026-06-02 06:00:00,1.05858,1.05872,1.05816,1.05848,991.0
2026-06-02 06:30:00,1.0585,1.05851,1.05784,1.05784,785.0
2026-06-02 07:00:00,1.05786,1.05804,1.05738,1.05786,1799.0
2026-06-02 07:30:00,1.05788,1.05796,1.05752,1.05783,1562.0
2026-06-02 08:00:00,1.05782,1.05828,1.0578,1.05823,1020.0
2026-06-02 08:30:00,1.05821,1.05884,1.0582,1.05852,1189.0
2026-06-02 09:00:00,1.05853,1.05907,1.05806,1.05896,1965.0
2026-06-02 09:30:00,1.05895,1.0598,1.05894,1.05948,2506.0
2026-06-02 10:00:00,1.05947,1.05999,1.05937,1.05964,3007.0
2026-06-02 10:30:00,1.05962,1.05991,1.05888,1.05892,3399.0
2026-06-02 11:00:00,1.05894,1.05956,1.05892,1.05947,2980.0
2026-06-02 11:30:00,1.05947,1.05962,1.05905,1.05934,2441.0
2026-06-02 12:00:00,1.05934,1.06016,1.05925,1.06014,1344.0
2026-06-02 12:30:00,1.06014,1.06042,1.06,1.06001,945.0
2026-06-02 13:00:00,1.06002,1.06032,1.0599,1.06026,1109.0
2026-06-02 13:30:00,1.06027,1.06054,1.06014,1.06031,1006.0
2026-06-02 14:00:00,1.06028,1.06076,1.06028,1.06056,1740.0
2026-06-02 14:30:00,1.06054,1.06068,1.06035,1.06052,1377.0
2026-06-02 15:00:00,1.06054,1.06056,1.06032,1.06049,1149.0
2026-06-02 15:30:00,1.06048,1.06049,1.05991,1.05998,1146.0
2026-06-02 16:00:00,1.05998,1.06012,1.05987,1.06001,531.0
2026-06-02 16:30:00,1.06,1.06035,1.0599,1.05998,738.0
2026-06-02 17:00:00,1.06044,1.06076,1.05974,1.05994,1416.0
2026-06-02 17:30:00,1.05993,1.06038,1.05924,1.06018,3795.0
2026-06-02 18:00:00,1.06012,1.06016,1.05969,1.06007,308.0
2026-06-02 18:30:00,1.06004,1.06014,1.06001,1.06004,372.0
2026-06-02 19:00:00,1.06004,1.06044,1.06,1.06034,738.0
2026-06-02 19:30:00,1.06034,1.06063,1.06029,1.06062,1214.0
2026-06-02 20:00:00,1.06062,1.06088,1.06054,1.06058,1464.0
2026-06-02 20:30:00,1.06058,1.06085,1.0605,1.06078,879.0
2026-06-02 21:00:00,1.06078,1.0609,1.06072,1.06072,1121.0
2026-06-02 21:30:00,1.06075,1.06098,1.06064,1.06088,851.0
2026-06-02 22:00:00,1.06088,1.06105,1.06076,1.06102,641.0
2026-06-02 22:30:00,1.06098,1.06108,1.06062,1.06062,735.0
2026-06-02 23:00:00,1.06062,1.06096,1.06061,1.06086,950.0
2026-06-02 23:30:00,1.06086,1.06124,1.06086,1.06116,691.0
2026-06-03 00:00:00,1.06114,1.06138,1.06094,1.06133,381.0
2026-06-03 00:30:00,1.06134,1.06136,1.0611,1.06114,488.0
2026-06-03 01:00:00,1.06116,1.06133,1.06106,1.06108,636.0
2026-06-03 01:30:00,1.06106,1.0611,1.06066,1.06078,906.0
2026-06-03 02:00:00,1.06079,1.06109,1.0606,1.06074,1168.0
2026-06-03 02:30:00,1.06076,1.06129,1.06051,1.06118,1439.0
2026-06-03 03:00:00,1.06116,1.06143,1.06059,1.0611,2118.0
2026-06-03 03:30:00,1.06116,1.06222,1.06096,1.06214,1358.0
2026-06-03 04:00:00,1.06213,1.06218,1.06148,1.06183,772.0
2026-06-03 04:30:00,1.06184,1.06193,1.0611,1.06131,754.0
2026-06-03 05:00:00,1.0613,1.06152,1.06096,1.06146,565.0
2026-06-03 05:30:00,1.06146,1.06172,1.06122,1.06152,594.0
2026-06-03 06:00:00,1.06156,1.06206,1.06142,1.06148,773.0
2026-06-03 06:30:00,1.06148,1.06151,1.06104,1.06128,1060.0
2026-06-03 07:00:00,1.06128,1.06154,1.06093,1.06096,1308.0
2026-06-03 07:30:00,1.06096,1.06111,1.06076,1.06081,1623.0
2026-06-03 08:00:00,1.06082,1.06167,1.0608,1.06166,2204.0
2026-06-03 08:30:00,1.06167,1.06174,1.06108,1.06161,2956.0
2026-06-03 09:00:00,1.06161,1.06184,1.06109,1.06114,1906.0
2026-06-03 09:30:00,1.0611,1.06122,1.0607,1.061,2753.0
2026-06-03 10:00:00,1.06096,1.06139,1.0607,1.0612,1810.0
2026-06-03 10:30:00,1.06125,1.06218,1.06107,1.0616,3393.0
2026-06-03 11:00:00,1.0616,1.06216,1.06147,1.06198,3679.0
2026-06-03 11:30:00,1.06199,1.0626,1.06186,1.06242,2778.0
2026-06-03 12:00:00,1.06244,1.06278,1.06236,1.0626,3107.0
2026-06-03 12:30:00,1.06261,1.06333,1.06254,1.06299,2251.0
2026-06-03 13:00:00,1.06296,1.06334,1.06296,1.0632,1709.0
2026-06-03 13:30:00,1.06322,1.06337,1.06306,1.0631,1287.0
2026-06-03 14:00:00,1.0631,1.06338,1.06302,1.06305,1320.0
2026-06-03 14:30:00,1.06305,1.06328,1.06298,1.0631,1243.0
2026-06-03 15:00:00,1.06309,1.06318,1.06292,1.0631,1085.0
2026-06-03 15:30:00,1.06306,1.06318,1.06293,1.06302,1237.0
2026-06-03 16:00:00,1.06302,1.0632,1.06278,1.06283,968.0
2026-06-03 16:30:00,1.06282,1.06301,1.06272,1.0628,625.0
2026-06-03 17:00:00,1.06239,1.06288,1.06208,1.06249,3582.0
2026-06-03 17:30:00,1.06262,1.06321,1.06222,1.06283,4313.0
2026-06-03 18:00:00,1.06275,1.0629,1.06234,1.06252,519.0
2026-06-03 18:30:00,1.06255,1.06262,1.06222,1.06226,764.0
2026-06-03 19:00:00,1.06223,1.06238,1.06211,1.06224,660.0
2026-06-03 19:30:00,1.06224,1.06226,1.0621,1.06218,736.0
2026-06-03 20:00:00,1.06218,1.0623,1.06201,1.06214,1005.0
2026-06-03 20:30:00,1.06212,1.06236,1.0619,1.0623,1165.0
2026-06-03 21:00:00,1.06224,1.06243,1.06172,1.06172,1114.0
2026-06-03 21:30:00,1.06175,1.06188,1.06167,1.06169,576.0
2026-06-03 22:00:00,1.06166,1.06176,1.0615,1.06162,781.0
2026-06-03 22:30:00,1.0616,1.06162,1.06126,1.06132,1136.0
2026-06-03 23:00:00,1.06132,1.06148,1.06129,1.06142,1229.0
2026-06-03 23:30:00,1.0614,1.06188,1.06136,1.06178,1188.0
2026-06-04 00:00:00,1.06178,1.06198,1.06174,1.06186,678.0
2026-06-04 00:30:00,1.06188,1.06206,1.06162,1.06192,987.0
2026-06-04 01:00:00,1.06192,1.0621,1.06176,1.0618,893.0
2026-06-04 01:30:00,1.06176,1.06189,1.06159,1.0616,1005.0
2026-06-04 02:00:00,1.06156,1.06192,1.06142,1.06154,1702.0
2026-06-04 02:30:00,1.0615,1.06268,1.0615,1.06258,2256.0
2026-06-04 03:00:00,1.0626,1.0627,1.06208,1.0624,2642.0
2026-06-04 03:30:00,1.0624,1.06294,1.06224,1.06281,1237.0
2026-06-04 04:00:00,1.0628,1.06322,1.06245,1.06258,698.0
2026-06-04 04:30:00,1.06255,1.06255,1.06198,1.06223,557.0
2026-06-04 05:00:00,1.06214,1.06229,1.06155,1.06198,894.0
2026-06-04 05:30:00,1.06198,1.06202,1.06112,1.06132,1051.0
2026-06-04 06:00:00,1.06132,1.06134,1.06082,1.06114,653.0
2026-06-04 06:30:00,1.06115,1.06135,1.06052,1.06128,1169.0
2026-06-04 07:00:00,1.06126,1.06142,1.05934,1.0597,1612.0
2026-06-04 07:30:00,1.05969,1.05998,1.05914,1.05937,2466.0
2026-06-04 08:00:00,1.05936,1.06014,1.05922,1.0599,2911.0
2026-06-04 08:30:00,1.05994,1.05998,1.05958,1.05994,2308.0
2026-06-04 09:00:00,1.05993,1.06032,1.0596,1.06011,3093.0
2026-06-04 09:30:00,1.06008,1.06011,1.05926,1.05994,3015.0
2026-06-04 10:00:00,1.05994,1.06013,1.05961,1.06003,2035.0
2026-06-04 10:30:00,1.06006,1.06044,1.05946,1.05974,2696.0
2026-06-04 11:00:00,1.05974,1.06006,1.05946,1.05946,2812.0
2026-06-04 11:30:00,1.05946,1.05977,1.0591,1.05973,2355.0
2026-06-04 12:00:00,1.05977,1.05991,1.05946,1.05982,675.0
2026-06-04 12:30:00,1.05985,1.05999,1.05949,1.05986,816.0
2026-06-04 13:00:00,1.0599,1.06,1.05964,1.05974,1598.0
2026-06-04 13:30:00,1.0597,1.05976,1.05926,1.05932,990.0
2026-06-04 14:00:00,1.05929,1.05958,1.05922,1.05956,982.0
2026-06-04 14:30:00,1.05958,1.05979,1.05943,1.05954,810.0
2026-06-04 15:00:00,1.05952,1.05976,1.05946,1.0597,453.0
2026-06-04 15:30:00,1.05969,1.05984,1.05954,1.05955,809.0
2026-06-04 16:00:00,1.05956,1.05988,1.0595,1.05984,434.0
2026-06-04 16:30:00,1.05986,1.06,1.05982,1.05988,451.0
2026-06-04 17:00:00,1.0601,1.06054,1.05918,1.05986,7068.0
2026-06-04 17:30:00,1.05987,1.06048,1.05946,1.0598,6543.0
2026-06-04 18:00:00,1.05967,1.05992,1.05956,1.05974,391.0
2026-06-04 18:30:00,1.05973,1.05979,1.05967,1.05976,97.0
2026-06-04 19:00:00,1.05977,1.05977,1.05956,1.0596,188.0
2026-06-04 19:30:00,1.0596,1.05964,1.05927,1.05932,450.0
2026-06-04 20:00:00,1.05937,1.05947,1.05892,1.05914,1126.0
2026-06-04 20:30:00,1.05914,1.05932,1.0591,1.0593,943.0
2026-06-04 21:00:00,1.0593,1.05941,1.05903,1.05932,1139.0
2026-06-04 21:30:00,1.05936,1.0597,1.0593,1.05968,805.0
2026-06-04 22:00:00,1.05965,1.05974,1.0595,1.05961,818.0
2026-06-04 22:30:00,1.0596,1.05972,1.05948,1.0596,682.0
2026-06-04 23:00:00,1.05961,1.05989,1.05958,1.05974,894.0
2026-06-04 23:30:00,1.05975,1.05986,1.05968,1.05979,818.0
2026-06-05 00:00:00,1.0598,1.0598,1.05961,1.05973,433.0
2026-06-05 00:30:00,1.05972,1.05986,1.05968,1.0597,633.0
2026-06-05 01:00:00,1.05971,1.05979,1.05955,1.05964,783.0
2026-06-05 01:30:00,1.0596,1.05976,1.05947,1.05953,1075.0
2026-06-05 02:00:00,1.05949,1.05964,1.05892,1.05896,2004.0
2026-06-05 02:30:00,1.05899,1.05919,1.05878,1.05907,1584.0
2026-06-05 03:00:00,1.05906,1.05934,1.05846,1.05862,1632.0
2026-06-05 03:30:00,1.05866,1.05947,1.0586,1.05932,882.0
2026-06-05 04:00:00,1.05931,1.05986,1.05896,1.05942,586.0
2026-06-05 04:30:00,1.05948,1.06056,1.05946,1.06048,586.0
2026-06-05 05:00:00,1.0605,1.06107,1.06032,1.06074,1019.0
2026-06-05 05:30:00,1.06076,1.06086,1.06036,1.06064,572.0
2026-06-05 06:00:00,1.06066,1.06138,1.06061,1.06137,592.0
2026-06-05 06:30:00,1.06138,1.06161,1.06097,1.0613,762.0
2026-06-05 07:00:00,1.0613,1.06146,1.06082,1.06098,1552.0
2026-06-05 07:30:00,1.06102,1.06168,1.06102,1.06138,1697.0
2026-06-05 08:00:00,1.06138,1.06192,1.06112,1.06182,2176.0
2026-06-05 08:30:00,1.0618,1.06338,1.0614,1.06318,4721.0
2026-06-05 09:00:00,1.06316,1.06334,1.06192,1.06325,5436.0
2026-06-05 09:30:00,1.06326,1.0637,1.06204,1.06317,4785.0
2026-06-05 10:00:00,1.06316,1.06382,1.06299,1.06344,4411.0
2026-06-05 10:30:00,1.0634,1.06374,1.06272,1.06303,3572.0
2026-06-05 11:00:00,1.06304,1.0632,1.06231,1.06282,4577.0
2026-06-05 11:30:00,1.06283,1.06295,1.06257,1.06276,3493.0
2026-06-05 12:00:00,1.06274,1.06286,1.06194,1.06224,4021.0
2026-06-05 12:30:00,1.06228,1.06252,1.06192,1.06224,3406.0
2026-06-05 13:00:00,1.06224,1.06292,1.06221,1.06271,2486.0
2026-06-05 13:30:00,1.0627,1.06289,1.06244,1.06254,2772.0
2026-06-05 14:00:00,1.06256,1.06261,1.06228,1.06241,2839.0
2026-06-05 14:30:00,1.06242,1.0625,1.06186,1.0619,2849.0
2026-06-05 15:00:00,1.06192,1.0622,1.06166,1.06184,1958.0
2026-06-05 15:30:00,1.06184,1.06192,1.06163,1.06178,2252.0
2026-06-05 16:00:00,1.06177,1.06198,1.06169,1.0619,1500.0
2026-06-05 16:30:00,1.0619,1.0624,1.06162,1.06222,2985.0
2026-06-07 17:00:00,1.06097,1.06148,1.05873,1.06088,365.0
2026-06-07 17:30:00,1.06087,1.06155,1.06084,1.06102,962.0
2026-06-07 18:00:00,1.0611,1.06228,1.06106,1.06204,1311.0
2026-06-07 18:30:00,1.06206,1.06221,1.06176,1.06212,263.0
2026-06-07 19:00:00,1.06209,1.0623,1.06192,1.06208,495.0
2026-06-07 19:30:00,1.06204,1.06229,1.062,1.06217,490.0
2026-06-07 20:00:00,1.06217,1.06232,1.06204,1.06225,798.0
2026-06-07 20:30:00,1.06226,1.06258,1.06217,1.06234,823.0
2026-06-07 21:00:00,1.06238,1.06266,1.06196,1.06244,1655.0
2026-06-07 21:30:00,1.06245,1.06346,1.06206,1.0634,3254.0
2026-06-07 22:00:00,1.0634,1.06391,1.06322,1.06382,1676.0
2026-06-07 22:30:00,1.06379,1.06414,1.06366,1.06385,1122.0
2026-06-07 23:00:00,1.06386,1.06387,1.06334,1.06338,1130.0
2026-06-07 23:30:00,1.06338,1.06338,1.06306,1.06308,829.0
2026-06-08 00:00:00,1.06308,1.0632,1.06292,1.06294,766.0
2026-06-08 00:30:00,1.06298,1.06305,1.06278,1.06292,714.0
2026-06-08 01:00:00,1.06288,1.06306,1.06263,1.06279,848.0
2026-06-08 01:30:00,1.0628,1.06358,1.06274,1.06317,1936.0
2026-06-08 02:00:00,1.06309,1.06311,1.06238,1.06262,2969.0
2026-06-08 02:30:00,1.06262,1.06288,1.06218,1.06242,2793.0
2026-06-08 03:00:00,1.06239,1.06359,1.06227,1.0633,3139.0
2026-06-08 03:30:00,1.06331,1.06376,1.06312,1.06348,1875.0
2026-06-08 04:00:00,1.06343,1.06387,1.06318,1.06386,1848.0
2026-06-08 04:30:00,1.06384,1.06398,1.06292,1.0632,2568.0
2026-06-08 05:00:00,1.06322,1.06342,1.0628,1.06286,2349.0
2026-06-08 05:30:00,1.06285,1.06353,1.06255,1.06348,2538.0
2026-06-08 06:00:00,1.0635,1.06365,1.063,1.06336,2080.0
2026-06-08 06:30:00,1.06334,1.06395,1.06322,1.06369,2095.0
2026-06-08 07:00:00,1.0637,1.06461,1.0636,1.06384,3716.0
2026-06-08 07:30:00,1.06384,1.06439,1.0638,1.06418,2805.0
2026-06-08 08:00:00,1.06418,1.06425,1.0634,1.0634,3450.0
2026-06-08 08:30:00,1.0634,1.0635,1.06238,1.06251,2657.0
2026-06-08 09:00:00,1.06246,1.06279,1.0619,1.06217,3062.0
2026-06-08 09:30:00,1.06214,1.06331,1.06202,1.06326,3108.0
2026-06-08 10:00:00,1.06323,1.06421,1.06322,1.06386,4500.0
2026-06-08 10:30:00,1.06386,1.06428,1.06322,1.06338,4197.0
2026-06-08 11:00:00,1.06341,1.06378,1.06319,1.06342,3939.0
2026-06-08 11:30:00,1.06344,1.06423,1.06332,1.06404,2746.0
2026-06-08 12:00:00,1.06406,1.06412,1.06376,1.06399,2454.0
2026-06-08 12:30:00,1.064,1.06418,1.06372,1.06404,2272.0
2026-06-08 13:00:00,1.06406,1.06436,1.06392,1.0643,1337.0
2026-06-08 13:30:00,1.06428,1.06459,1.06406,1.06419,1283.0
2026-06-08 14:00:00,1.06422,1.0644,1.06418,1.0642,806.0
2026-06-08 14:30:00,1.0642,1.06448,1.06414,1.06432,1153.0
2026-06-08 15:00:00,1.06438,1.06444,1.06416,1.06427,879.0
2026-06-08 15:30:00,1.06424,1.0649,1.06413,1.0649,957.0
2026-06-08 16:00:00,1.06488,1.06495,1.06449,1.06452,880.0
2026-06-08 16:30:00,1.06452,1.06463,1.06411,1.06411,942.0
2026-06-08 17:00:00,1.06412,1.06476,1.064,1.06437,861.0
2026-06-08 17:30:00,1.06436,1.06486,1.06388,1.06427,2826.0
2026-06-08 18:00:00,1.06424,1.0646,1.06404,1.06418,489.0
2026-06-08 18:30:00,1.06418,1.06436,1.06418,1.06432,478.0
2026-06-08 19:00:00,1.0643,1.06446,1.06426,1.06435,436.0
2026-06-08 19:30:00,1.06434,1.06442,1.0642,1.06432,815.0
2026-06-08 20:00:00,1.06431,1.06445,1.06422,1.06424,1823.0
2026-06-08 20:30:00,1.06422,1.06448,1.06414,1.06436,1348.0
2026-06-08 21:00:00,1.06437,1.06462,1.0643,1.06442,1296.0
2026-06-08 21:30:00,1.06442,1.0647,1.06438,1.06455,1635.0
2026-06-08 22:00:00,1.06457,1.06476,1.06445,1.06462,1161.0
2026-06-08 22:30:00,1.06464,1.06472,1.06449,1.06468,956.0
2026-06-08 23:00:00,1.0647,1.06478,1.06459,1.06466,1075.0
2026-06-08 23:30:00,1.06466,1.06482,1.06458,1.06463,1117.0
2026-06-09 00:00:00,1.06466,1.0648,1.06452,1.06478,882.0
2026-06-09 00:30:00,1.06477,1.06482,1.06458,1.06476,951.0
2026-06-09 01:00:00,1.06477,1.06497,1.06438,1.0644,1183.0
2026-06-09 01:30:00,1.06439,1.06462,1.0641,1.06414,1696.0
2026-06-09 02:00:00,1.06416,1.0647,1.06416,1.06458,2093.0
2026-06-09 02:30:00,1.06458,1.06499,1.06408,1.06422,2003.0
2026-06-09 03:00:00,1.0642,1.06514,1.06394,1.06509,2579.0
2026-06-09 03:30:00,1.06508,1.0656,1.0649,1.06546,1775.0
2026-06-09 04:00:00,1.06544,1.0662,1.06544,1.06574,1703.0
2026-06-09 04:30:00,1.0657,1.06614,1.06552,1.06565,663.0
2026-06-09 05:00:00,1.06566,1.06632,1.06546,1.06616,1574.0
2026-06-09 05:30:00,1.06618,1.06628,1.0658,1.06618,881.0
2026-06-09 06:00:00,1.06618,1.06658,1.06604,1.06648,1207.0
2026-06-09 06:30:00,1.06649,1.06688,1.06631,1.06662,662.0
2026-06-09 07:00:00,1.0666,1.06664,1.06613,1.06616,1241.0
2026-06-09 07:30:00,1.06617,1.06658,1.06605,1.06632,1207.0
2026-06-09 08:00:00,1.06632,1.06648,1.06589,1.066,1596.0
2026-06-09 08:30:00,1.066,1.06666,1.06597,1.06656,1918.0
2026-06-09 09:00:00,1.06654,1.06667,1.06608,1.06665,2357.0
2026-06-09 09:30:00,1.06661,1.06671,1.06588,1.06642,4707.0
2026-06-09 10:00:00,1.06642,1.0674,1.06631,1.06737,4920.0
2026-06-09 10:30:00,1.06737,1.06824,1.0672,1.06746,5780.0
2026-06-09 11:00:00,1.06748,1.06788,1.0669,1.06697,4088.0
2026-06-09 11:30:00,1.06697,1.06752,1.06692,1.0672,3377.0
2026-06-09 12:00:00,1.06717,1.06763,1.06692,1.06752,2371.0
2026-06-09 12:30:00,1.06752,1.06778,1.06728,1.06744,2087.0
2026-06-09 13:00:00,1.06749,1.06808,1.06744,1.06759,1782.0
2026-06-09 13:30:00,1.06764,1.06768,1.06734,1.06741,1065.0
2026-06-09 14:00:00,1.0674,1.06776,1.0674,1.06767,2083.0
2026-06-09 14:30:00,1.06766,1.0684,1.0676,1.06818,1152.0
2026-06-09 15:00:00,1.0682,1.0687,1.06817,1.06861,2594.0
2026-06-09 15:30:00,1.06862,1.06863,1.06841,1.06848,3156.0
2026-06-09 16:00:00,1.06848,1.06854,1.06814,1.06838,1174.0
2026-06-09 16:30:00,1.06841,1.06842,1.0677,1.0678,922.0
2026-06-09 17:00:00,1.0674,1.0687,1.06719,1.06789,1080.0
2026-06-09 17:30:00,1.0679,1.06827,1.06685,1.06708,4035.0
2026-06-09 18:00:00,1.06756,1.06834,1.0675,1.06822,465.0
2026-06-09 18:30:00,1.06821,1.06856,1.0681,1.06838,677.0
2026-06-09 19:00:00,1.0684,1.06853,1.06836,1.06842,661.0
2026-06-09 19:30:00,1.06842,1.06884,1.06841,1.06878,928.0
2026-06-09 20:00:00,1.06881,1.06881,1.06848,1.06856,1585.0
2026-06-09 20:30:00,1.06857,1.06884,1.06854,1.06878,1339.0
2026-06-09 21:00:00,1.06876,1.06898,1.06863,1.06892,838.0
2026-06-09 21:30:00,1.06894,1.06924,1.06884,1.06911,1402.0
2026-06-09 22:00:00,1.06912,1.06912,1.06884,1.06905,1425.0
2026-06-09 22:30:00,1.06904,1.06944,1.069,1.06938,1616.0
2026-06-09 23:00:00,1.06938,1.06966,1.06926,1.0696,1129.0
2026-06-09 23:30:00,1.06961,1.06962,1.0694,1.0695,872.0
2026-06-10 00:00:00,1.0695,1.0696,1.06926,1.0695,1137.0
2026-06-10 00:30:00,1.0695,1.06958,1.06928,1.06942,1304.0
2026-06-10 01:00:00,1.0694,1.06952,1.06912,1.06912,1264.0
2026-06-10 01:30:00,1.06912,1.06916,1.06864,1.0687,1694.0
2026-06-10 02:00:00,1.06872,1.06913,1.06862,1.06895,2549.0
2026-06-10 02:30:00,1.06896,1.06897,1.06818,1.06851,1935.0
2026-06-10 03:00:00,1.0685,1.06874,1.0683,1.06872,1996.0
2026-06-10 03:30:00,1.06872,1.06939,1.06872,1.06921,1863.0
2026-06-10 04:00:00,1.06913,1.06944,1.06892,1.06936,1566.0
2026-06-10 04:30:00,1.0694,1.06992,1.06935,1.06936,1241.0
2026-06-10 05:00:00,1.06936,1.06954,1.06886,1.06952,1472.0
2026-06-10 05:30:00,1.06954,1.06996,1.06916,1.06978,1364.0
2026-06-10 06:00:00,1.0698,1.07006,1.06932,1.06952,1599.0
2026-06-10 06:30:00,1.06953,1.06976,1.0693,1.0695,1726.0
2026-06-10 07:00:00,1.06951,1.0699,1.06904,1.06921,4038.0
2026-06-10 07:30:00,1.06918,1.06962,1.06896,1.06936,2878.0
2026-06-10 08:00:00,1.06936,1.0696,1.06895,1.06948,2713.0
2026-06-10 08:30:00,1.06946,1.06976,1.06834,1.06879,5808.0
2026-06-10 09:00:00,1.06875,1.06917,1.06854,1.06888,2599.0
2026-06-10 09:30:00,1.0689,1.06948,1.06878,1.06922,3742.0
2026-06-10 10:00:00,1.06922,1.06949,1.06884,1.06913,4141.0
2026-06-10 10:30:00,1.06913,1.06966,1.06904,1.06933,4953.0
2026-06-10 11:00:00,1.06934,1.06964,1.06878,1.06898,4753.0
2026-06-10 11:30:00,1.06896,1.06934,1.06878,1.06908,4578.0
2026-06-10 12:00:00,1.06912,1.06912,1.0685,1.06893,2767.0
2026-06-10 12:30:00,1.06892,1.06934,1.06888,1.06918,1558.0
2026-06-10 13:00:00,1.06916,1.06958,1.06916,1.06955,1569.0
2026-06-10 13:30:00,1.06954,1.06978,1.06936,1.06975,1253.0
2026-06-10 14:00:00,1.06976,1.06978,1.06926,1.06947,840.0
2026-06-10 14:30:00,1.06944,1.0696,1.06936,1.06952,1208.0
2026-06-10 15:00:00,1.0695,1.06964,1.0693,1.06939,1310.0
2026-06-10 15:30:00,1.0694,1.07,1.06938,1.0697,1731.0
2026-06-10 16:00:00,1.06971,1.06978,1.06954,1.06956,1296.0
2026-06-10 16:30:00,1.06956,1.06974,1.06936,1.06948,1024.0
2026-06-10 17:00:00,1.06839,1.06974,1.06822,1.06916,6854.0
2026-06-10 17:30:00,1.06915,1.06939,1.06868,1.06904,6139.0
2026-06-10 18:00:00,1.06908,1.06938,1.06864,1.06878,1307.0
2026-06-10 18:30:00,1.06876,1.06906,1.0687,1.06886,805.0
2026-06-10 19:00:00,1.06886,1.06907,1.06868,1.06898,1221.0
2026-06-10 19:30:00,1.06902,1.06913,1.06882,1.06894,1497.0
2026-06-10 20:00:00,1.0689,1.06901,1.06864,1.06868,1473.0
2026-06-10 20:30:00,1.06868,1.06874,1.06844,1.06866,1187.0
2026-06-10 21:00:00,1.06863,1.0689,1.06834,1.0686,951.0
2026-06-10 21:30:00,1.06862,1.06886,1.06854,1.06861,1738.0
2026-06-10 22:00:00,1.06857,1.06862,1.06826,1.06828,2002.0
2026-06-10 22:30:00,1.06828,1.06865,1.06822,1.06846,2152.0
2026-06-10 23:00:00,1.06846,1.06854,1.06836,1.06844,1475.0
2026-06-10 23:30:00,1.06844,1.06864,1.06844,1.0685,1707.0
2026-06-11 00:00:00,1.06851,1.06872,1.06848,1.06858,1129.0
2026-06-11 00:30:00,1.06857,1.06876,1.0685,1.06852,1105.0
2026-06-11 01:00:00,1.06852,1.06868,1.0685,1.0686,1394.0
2026-06-11 01:30:00,1.06856,1.0687,1.06833,1.06833,1559.0
2026-06-11 02:00:00,1.06834,1.06868,1.06833,1.06865,1534.0
2026-06-11 02:30:00,1.06861,1.06882,1.06842,1.06876,1812.0
2026-06-11 03:00:00,1.06876,1.06922,1.06874,1.069,3030.0
2026-06-11 03:30:00,1.06898,1.06963,1.06894,1.06956,1526.0
2026-06-11 04:00:00,1.06956,1.06984,1.06901,1.06908,1961.0
2026-06-11 04:30:00,1.06908,1.06936,1.06886,1.0692,1459.0
2026-06-11 05:00:00,1.0692,1.0694,1.06886,1.06928,1581.0
2026-06-11 05:30:00,1.06924,1.06927,1.06857,1.06867,1214.0
2026-06-11 06:00:00,1.06864,1.06876,1.0683,1.06858,1213.0
2026-06-11 06:30:00,1.06855,1.06859,1.06812,1.06828,1100.0
2026-06-11 07:00:00,1.06828,1.06842,1.068,1.06815,1768.0
2026-06-11 07:30:00,1.06814,1.06815,1.06756,1.06779,2245.0
2026-06-11 08:00:00,1.06776,1.06862,1.06767,1.06802,3467.0
2026-06-11 08:30:00,1.06804,1.06861,1.06748,1.06764,5678.0
2026-06-11 09:00:00,1.06764,1.06771,1.06725,1.06746,3953.0
2026-06-11 09:30:00,1.06746,1.06774,1.06704,1.06766,5543.0
2026-06-11 10:00:00,1.06766,1.06796,1.06712,1.06722,4610.0
2026-06-11 10:30:00,1.06723,1.06758,1.06658,1.06662,4417.0
2026-06-11 11:00:00,1.06661,1.06738,1.06638,1.0672,4699.0
2026-06-11 11:30:00,1.06718,1.068,1.06712,1.06777,3763.0
2026-06-11 12:00:00,1.06776,1.06804,1.06749,1.0675,2985.0
2026-06-11 12:30:00,1.0675,1.06798,1.06742,1.06794,2656.0
2026-06-11 13:00:00,1.06794,1.06808,1.06734,1.06764,3269.0
2026-06-11 13:30:00,1.06768,1.06864,1.06748,1.06802,3507.0
2026-06-11 14:00:00,1.06805,1.0685,1.06757,1.06769,1336.0
2026-06-11 14:30:00,1.06766,1.06788,1.0675,1.06776,838.0
2026-06-11 15:00:00,1.06774,1.06776,1.06712,1.06722,1127.0
2026-06-11 15:30:00,1.0672,1.06723,1.06652,1.06667,1402.0
2026-06-11 16:00:00,1.06665,1.06666,1.06588,1.06588,1152.0
2026-06-11 16:30:00,1.06587,1.06658,1.06581,1.06638,1450.0
2026-06-11 17:00:00,1.06742,1.06793,1.06602,1.06614,661.0
2026-06-11 17:30:00,1.06622,1.06717,1.06566,1.06588,2013.0
2026-06-11 18:00:00,1.0661,1.06669,1.0661,1.06651,551.0
2026-06-11 18:30:00,1.06651,1.06664,1.06637,1.06642,481.0
2026-06-11 19:00:00,1.06638,1.06654,1.06616,1.06644,466.0
2026-06-11 19:30:00,1.06644,1.06677,1.06644,1.06656,1106.0
2026-06-11 20:00:00,1.06657,1.06696,1.06657,1.06689,1439.0
2026-06-11 20:30:00,1.06689,1.06722,1.06686,1.06715,1906.0
2026-06-11 21:00:00,1.06711,1.06718,1.06679,1.06699,2230.0
2026-06-11 21:30:00,1.06696,1.06718,1.06693,1.0671,1777.0
2026-06-11 22:00:00,1.06711,1.06737,1.06701,1.06706,2341.0
2026-06-11 22:30:00,1.06706,1.06742,1.06702,1.06742,1930.0
2026-06-11 23:00:00,1.06742,1.06752,1.06733,1.06742,2224.0
2026-06-11 23:30:00,1.06742,1.06754,1.0672,1.06742,2190.0
2026-06-12 00:00:00,1.0674,1.06757,1.06736,1.06756,1208.0
2026-06-12 00:30:00,1.06756,1.06766,1.0673,1.06736,1169.0
2026-06-12 01:00:00,1.0674,1.0675,1.06714,1.06746,1236.0
2026-06-12 01:30:00,1.06744,1.0675,1.06712,1.06726,2357.0
2026-06-12 02:00:00,1.06726,1.06753,1.06708,1.06746,2484.0
2026-06-12 02:30:00,1.06748,1.06786,1.06718,1.06748,2620.0
2026-06-12 03:00:00,1.06739,1.0678,1.06702,1.06727,2927.0
2026-06-12 03:30:00,1.06727,1.06756,1.06696,1.06709,2671.0
2026-06-12 04:00:00,1.06706,1.06711,1.06636,1.06682,2075.0
2026-06-12 04:30:00,1.06678,1.06774,1.06678,1.06726,1901.0
2026-06-12 05:00:00,1.0673,1.06758,1.06686,1.06734,2347.0
2026-06-12 05:30:00,1.06736,1.06762,1.06697,1.0675,1614.0
2026-06-12 06:00:00,1.06756,1.06776,1.06722,1.06744,946.0
2026-06-12 06:30:00,1.06743,1.06783,1.06728,1.0676,1119.0
2026-06-12 07:00:00,1.0676,1.06824,1.0676,1.06788,2346.0
2026-06-12 07:30:00,1.06787,1.06806,1.06755,1.0677,2052.0
2026-06-12 08:00:00,1.0677,1.06803,1.06759,1.0676,3084.0
2026-06-12 08:30:00,1.0676,1.06804,1.06752,1.06766,2927.0
2026-06-12 09:00:00,1.06766,1.06788,1.06733,1.06764,2508.0
2026-06-12 09:30:00,1.0676,1.06849,1.06754,1.0684,3359.0
2026-06-12 10:00:00,1.06838,1.06876,1.06813,1.0682,2361.0
2026-06-12 10:30:00,1.06821,1.06851,1.06788,1.06846,2674.0
2026-06-12 11:00:00,1.06844,1.06857,1.06808,1.06832,4110.0
2026-06-12 11:30:00,1.06832,1.06842,1.0678,1.06828,4774.0
2026-06-12 12:00:00,1.06826,1.06844,1.06794,1.06828,4148.0
2026-06-12 12:30:00,1.06828,1.06883,1.06814,1.06862,2608.0
2026-06-12 13:00:00,1.06862,1.06878,1.06837,1.06846,1705.0
2026-06-12 13:30:00,1.06847,1.06898,1.06841,1.06892,1083.0
2026-06-12 14:00:00,1.06889,1.06893,1.0686,1.06876,1141.0
2026-06-12 14:30:00,1.06876,1.06888,1.06858,1.06883,1186.0
2026-06-12 15:00:00,1.06882,1.06894,1.0686,1.0687,634.0
2026-06-12 15:30:00,1.06872,1.06893,1.06848,1.06852,1296.0
2026-06-12 16:00:00,1.0685,1.06855,1.06802,1.06808,677.0
2026-06-12 16:30:00,1.0681,1.06878,1.06804,1.06864,1344.0
2026-06-14 17:00:00,1.0681,1.06896,1.0674,1.06784,495.0
2026-06-14 17:30:00,1.06797,1.0684,1.0663,1.06711,1553.0
2026-06-14 18:00:00,1.06712,1.06814,1.06692,1.06739,3035.0
2026-06-14 18:30:00,1.06738,1.06781,1.06719,1.06776,2019.0
2026-06-14 19:00:00,1.06774,1.0679,1.06759,1.06771,1358.0
2026-06-14 19:30:00,1.06768,1.06794,1.06754,1.06784,1508.0
2026-06-14 20:00:00,1.06784,1.0681,1.06756,1.06809,2274.0
2026-06-14 20:30:00,1.06808,1.06832,1.06802,1.06823,1744.0
2026-06-14 21:00:00,1.06822,1.06833,1.06784,1.06798,1491.0
2026-06-14 21:30:00,1.06798,1.06809,1.06778,1.06782,1448.0
2026-06-14 22:00:00,1.06782,1.06784,1.06742,1.06749,1667.0
2026-06-14 22:30:00,1.06748,1.06756,1.06716,1.06734,1172.0
2026-06-14 23:00:00,1.06734,1.0674,1.06722,1.06734,1191.0
2026-06-14 23:30:00,1.06737,1.06742,1.0671,1.06714,1070.0
2026-06-15 00:00:00,1.06716,1.06722,1.06706,1.06718,932.0
2026-06-15 00:30:00,1.06719,1.06724,1.06703,1.06714,1160.0
2026-06-15 01:00:00,1.06715,1.0673,1.06702,1.06704,1278.0
2026-06-15 01:30:00,1.06703,1.06726,1.0668,1.06694,1077.0
2026-06-15 02:00:00,1.06698,1.06763,1.06696,1.0676,2227.0
2026-06-15 02:30:00,1.06764,1.06776,1.06688,1.067,1986.0
2026-06-15 03:00:00,1.067,1.06722,1.0656,1.0656,2764.0
2026-06-15 03:30:00,1.0656,1.06584,1.06506,1.06568,1373.0
2026-06-15 04:00:00,1.06572,1.06578,1.06501,1.0655,928.0
2026-06-15 04:30:00,1.06552,1.0656,1.06464,1.06492,724.0
2026-06-15 05:00:00,1.06491,1.06541,1.0646,1.06506,1230.0
2026-06-15 05:30:00,1.06508,1.06536,1.06472,1.06495,1332.0
2026-06-15 06:00:00,1.06494,1.06524,1.06452,1.06466,1137.0
2026-06-15 06:30:00,1.06466,1.06476,1.0641,1.06428,1317.0
2026-06-15 07:00:00,1.06428,1.0649,1.0642,1.06476,1528.0
2026-06-15 07:30:00,1.06472,1.06506,1.06444,1.06504,1433.0
2026-06-15 08:00:00,1.06505,1.0652,1.06472,1.06476,1843.0
2026-06-15 08:30:00,1.06476,1.06492,1.06428,1.06464,1206.0
2026-06-15 09:00:00,1.06469,1.06519,1.06455,1.06482,1384.0
2026-06-15 09:30:00,1.06482,1.06495,1.0643,1.0645,1804.0
2026-06-15 10:00:00,1.06451,1.0653,1.06448,1.06477,1661.0
2026-06-15 10:30:00,1.06472,1.06581,1.06452,1.06538,1774.0
2026-06-15 11:00:00,1.0654,1.0661,1.0653,1.066,2376.0
2026-06-15 11:30:00,1.06598,1.06604,1.0654,1.06558,1892.0
2026-06-15 12:00:00,1.06559,1.06612,1.06558,1.06599,1295.0
2026-06-15 12:30:00,1.066,1.06605,1.06556,1.0658,1513.0
2026-06-15 13:00:00,1.06574,1.0659,1.06569,1.06575,811.0
2026-06-15 13:30:00,1.06576,1.06602,1.06576,1.06594,778.0
2026-06-15 14:00:00,1.06596,1.06607,1.06556,1.06572,791.0
2026-06-15 14:30:00,1.06571,1.06573,1.06536,1.06552,1517.0
2026-06-15 15:00:00,1.0655,1.06573,1.06549,1.06564,1579.0
2026-06-15 15:30:00,1.06563,1.0659,1.06558,1.06584,1696.0
2026-06-15 16:00:00,1.06584,1.06586,1.06538,1.06546,1099.0
2026-06-15 16:30:00,1.06548,1.06608,1.06546,1.06596,1284.0
2026-06-15 17:00:00,1.06555,1.06659,1.06503,1.06586,2871.0
2026-06-15 17:30:00,1.06583,1.06682,1.06462,1.06541,2755.0
2026-06-15 18:00:00,1.06544,1.06598,1.06544,1.06577,392.0
2026-06-15 18:30:00,1.06578,1.06588,1.06566,1.06584,241.0
2026-06-15 19:00:00,1.06582,1.06597,1.06571,1.06575,452.0
2026-06-15 19:30:00,1.06571,1.06595,1.06568,1.06592,690.0
2026-06-15 20:00:00,1.0659,1.06594,1.06554,1.0658,1315.0
2026-06-15 20:30:00,1.06578,1.0659,1.06562,1.06562,1363.0
2026-06-15 21:00:00,1.06566,1.06582,1.06554,1.06572,1350.0
2026-06-15 21:30:00,1.06573,1.06582,1.06552,1.06568,916.0
2026-06-15 22:00:00,1.06569,1.0657,1.06528,1.0655,784.0
2026-06-15 22:30:00,1.0655,1.06565,1.06544,1.06562,1023.0
2026-06-15 23:00:00,1.06562,1.06573,1.06554,1.06566,1334.0
2026-06-15 23:30:00,1.06564,1.06571,1.06553,1.06566,738.0
2026-06-16 00:00:00,1.06569,1.06592,1.06562,1.06585,1390.0
2026-06-16 00:30:00,1.06584,1.06612,1.06578,1.066,1494.0
2026-06-16 01:00:00,1.066,1.06604,1.0658,1.06586,914.0
2026-06-16 01:30:00,1.06589,1.06595,1.0656,1.0657,1170.0
2026-06-16 02:00:00,1.06572,1.06614,1.06562,1.06566,1800.0
2026-06-16 02:30:00,1.06564,1.06601,1.06561,1.06566,1883.0
2026-06-16 03:00:00,1.06566,1.06638,1.06563,1.0662,1512.0
2026-06-16 03:30:00,1.06624,1.06646,1.06598,1.06642,1056.0
2026-06-16 04:00:00,1.06642,1.06676,1.06611,1.06672,1729.0
2026-06-16 04:30:00,1.06673,1.06686,1.06639,1.06666,1056.0
2026-06-16 05:00:00,1.06666,1.067,1.0664,1.06696,1462.0
2026-06-16 05:30:00,1.06696,1.06702,1.06634,1.06636,1176.0
2026-06-16 06:00:00,1.06634,1.0664,1.06594,1.06616,915.0
2026-06-16 06:30:00,1.06613,1.06656,1.06586,1.06652,1206.0
2026-06-16 07:00:00,1.06648,1.06672,1.06604,1.06669,1196.0
2026-06-16 07:30:00,1.0667,1.0668,1.0664,1.06679,1401.0
2026-06-16 08:00:00,1.0668,1.06698,1.06648,1.06684,1850.0
2026-06-16 08:30:00,1.06684,1.06696,1.0664,1.06658,1361.0
2026-06-16 09:00:00,1.06662,1.06695,1.06608,1.06676,1802.0
2026-06-16 09:30:00,1.06676,1.06685,1.06522,1.06578,3463.0
2026-06-16 10:00:00,1.06578,1.06594,1.06421,1.06446,3652.0
2026-06-16 10:30:00,1.06447,1.06518,1.06438,1.06506,3887.0
2026-06-16 11:00:00,1.06506,1.06547,1.06492,1.06506,2321.0
2026-06-16 11:30:00,1.0651,1.06536,1.0648,1.06536,2824.0
2026-06-16 12:00:00,1.06534,1.06541,1.06452,1.06458,2186.0
2026-06-16 12:30:00,1.06458,1.06468,1.06445,1.06452,1636.0
2026-06-16 13:00:00,1.06454,1.06456,1.06432,1.06445,1519.0
2026-06-16 13:30:00,1.06446,1.06486,1.06442,1.06484,1727.0
2026-06-16 14:00:00,1.06484,1.06502,1.06476,1.06486,1493.0
2026-06-16 14:30:00,1.06486,1.0651,1.06482,1.06508,1241.0
2026-06-16 15:00:00,1.06508,1.0652,1.06502,1.06508,1507.0
2026-06-16 15:30:00,1.06509,1.06534,1.06479,1.06488,1897.0
2026-06-16 16:00:00,1.06488,1.06508,1.0647,1.06501,828.0
2026-06-16 16:30:00,1.065,1.06512,1.06482,1.06491,845.0
2026-06-16 17:00:00,1.06512,1.06518,1.06467,1.06517,598.0
2026-06-16 17:30:00,1.06519,1.06538,1.06472,1.06524,2358.0
2026-06-16 18:00:00,1.0652,1.0652,1.0647,1.0647,435.0
2026-06-16 18:30:00,1.06472,1.06485,1.06468,1.0648,273.0
2026-06-16 19:00:00,1.06482,1.06504,1.06478,1.0648,485.0
2026-06-16 19:30:00,1.06478,1.06498,1.06474,1.06494,1036.0
2026-06-16 20:00:00,1.06494,1.06498,1.06444,1.06445,3029.0
2026-06-16 20:30:00,1.06448,1.06459,1.06434,1.0644,1552.0
2026-06-16 21:00:00,1.0644,1.06466,1.0642,1.06466,1210.0
2026-06-16 21:30:00,1.06464,1.06468,1.06422,1.06424,986.0
2026-06-16 22:00:00,1.06422,1.06427,1.06393,1.06405,715.0
2026-06-16 22:30:00,1.06406,1.0642,1.06402,1.06414,704.0
2026-06-16 23:00:00,1.06413,1.06416,1.06393,1.06396,797.0
2026-06-16 23:30:00,1.06396,1.06417,1.06382,1.06411,493.0
2026-06-17 00:00:00,1.0641,1.06414,1.06386,1.06404,680.0
2026-06-17 00:30:00,1.06402,1.06408,1.06382,1.06389,463.0
2026-06-17 01:00:00,1.06385,1.0639,1.06346,1.06362,521.0
2026-06-17 01:30:00,1.06366,1.06369,1.06335,1.06365,1011.0
2026-06-17 02:00:00,1.06365,1.06446,1.06233,1.06291,879.0
2026-06-17 02:30:00,1.0629,1.06292,1.06199,1.0621,1534.0
2026-06-17 03:00:00,1.06215,1.06238,1.06136,1.06154,2104.0
2026-06-17 03:30:00,1.06156,1.06204,1.06122,1.0618,1415.0
2026-06-17 04:00:00,1.06178,1.0624,1.06144,1.06216,1732.0
2026-06-17 04:30:00,1.06218,1.06256,1.06201,1.06248,1320.0
2026-06-17 05:00:00,1.06248,1.06251,1.06164,1.0619,815.0
2026-06-17 05:30:00,1.06193,1.06207,1.06168,1.06199,1052.0
2026-06-17 06:00:00,1.06203,1.06248,1.06188,1.06234,1259.0
2026-06-17 06:30:00,1.06236,1.06286,1.06226,1.06262,1425.0
2026-06-17 07:00:00,1.06262,1.06307,1.0625,1.06298,885.0
2026-06-17 07:30:00,1.063,1.06321,1.06271,1.06288,1348.0
2026-06-17 08:00:00,1.06292,1.06327,1.06266,1.06296,1134.0
2026-06-17 08:30:00,1.06304,1.0632,1.06268,1.06299,1677.0
2026-06-17 09:00:00,1.063,1.06362,1.0629,1.06362,1473.0
2026-06-17 09:30:00,1.0636,1.06365,1.06248,1.06248,2267.0
2026-06-17 10:00:00,1.06252,1.0632,1.06234,1.06286,2067.0
2026-06-17 10:30:00,1.06286,1.06304,1.06214,1.06224,2996.0
2026-06-17 11:00:00,1.06224,1.06258,1.06207,1.06244,3305.0
2026-06-17 11:30:00,1.06245,1.06272,1.06215,1.06231,2227.0
2026-06-17 12:00:00,1.06232,1.06261,1.06218,1.06242,1868.0
2026-06-17 12:30:00,1.06244,1.06276,1.06229,1.06269,1067.0
2026-06-17 13:00:00,1.0627,1.06305,1.06254,1.06262,1463.0
2026-06-17 13:30:00,1.06262,1.06267,1.06225,1.06244,1426.0
2026-06-17 14:00:00,1.06218,1.06414,1.06156,1.06348,6430.0
2026-06-17 14:30:00,1.06346,1.06386,1.06261,1.06322,10248.0
2026-06-17 15:00:00,1.06325,1.0637,1.06224,1.06318,10107.0
2026-06-17 15:30:00,1.06318,1.06361,1.06256,1.06354,7666.0
2026-06-17 16:00:00,1.06356,1.06368,1.06315,1.0634,2940.0
2026-06-17 16:30:00,1.06342,1.06345,1.06306,1.06322,1854.0
2026-06-17 17:00:00,1.06262,1.06366,1.06216,1.06332,4150.0
2026-06-17 17:30:00,1.06309,1.06345,1.06217,1.06252,2658.0
2026-06-17 18:00:00,1.06254,1.0633,1.06246,1.06321,831.0
2026-06-17 18:30:00,1.06322,1.06344,1.06312,1.06332,544.0
2026-06-17 19:00:00,1.06333,1.06339,1.06318,1.06327,879.0
2026-06-17 19:30:00,1.06328,1.06346,1.06316,1.0633,842.0
2026-06-17 20:00:00,1.06332,1.06367,1.06288,1.06365,2825.0
2026-06-17 20:30:00,1.06362,1.06366,1.06279,1.06299,2257.0
2026-06-17 21:00:00,1.063,1.06327,1.06286,1.06315,2019.0
2026-06-17 21:30:00,1.06312,1.06332,1.0631,1.06323,1736.0
2026-06-17 22:00:00,1.06325,1.06346,1.06316,1.0634,1526.0
2026-06-17 22:30:00,1.06339,1.06351,1.06332,1.06339,1885.0
2026-06-17 23:00:00,1.0634,1.06359,1.0634,1.06342,1259.0
2026-06-17 23:30:00,1.06344,1.06362,1.06342,1.06356,1009.0
2026-06-18 00:00:00,1.06356,1.06361,1.06344,1.06348,1230.0
2026-06-18 00:30:00,1.06348,1.06354,1.06292,1.06315,1375.0
2026-06-18 01:00:00,1.0631,1.06344,1.063,1.06339,1262.0
2026-06-18 01:30:00,1.06338,1.06362,1.0632,1.06337,1603.0
2026-06-18 02:00:00,1.06332,1.06398,1.06328,1.06395,2685.0
2026-06-18 02:30:00,1.06396,1.06425,1.06344,1.06356,2776.0
2026-06-18 03:00:00,1.06358,1.06371,1.0625,1.06251,2851.0
2026-06-18 03:30:00,1.06248,1.06422,1.0622,1.06372,2399.0
2026-06-18 04:00:00,1.06376,1.0644,1.06311,1.0641,2119.0
2026-06-18 04:30:00,1.06413,1.06442,1.06268,1.06292,1335.0
2026-06-18 05:00:00,1.06284,1.06336,1.06226,1.06239,2545.0
2026-06-18 05:30:00,1.06238,1.06332,1.06192,1.06266,2363.0
2026-06-18 06:00:00,1.06266,1.06353,1.06242,1.06286,2787.0
2026-06-18 06:30:00,1.06286,1.06352,1.06262,1.06331,2523.0
2026-06-18 07:00:00,1.06332,1.06382,1.06208,1.06306,3385.0
2026-06-18 07:30:00,1.06306,1.06313,1.0625,1.0631,1445.0
2026-06-18 08:00:00,1.0631,1.0645,1.06302,1.06423,1844.0
2026-06-18 08:30:00,1.06422,1.0644,1.0634,1.0635,2315.0
2026-06-18 09:00:00,1.06348,1.0642,1.06318,1.06388,2654.0
2026-06-18 09:30:00,1.0639,1.06402,1.06317,1.0635,2453.0
2026-06-18 10:00:00,1.06346,1.0638,1.06298,1.06344,2238.0
2026-06-18 10:30:00,1.06342,1.06372,1.06286,1.06316,2539.0
2026-06-18 11:00:00,1.06316,1.06326,1.06268,1.06312,3609.0
2026-06-18 11:30:00,1.06314,1.0635,1.063,1.06342,4015.0
2026-06-18 12:00:00,1.06342,1.06344,1.06295,1.06318,3716.0
2026-06-18 12:30:00,1.0632,1.06388,1.06315,1.06372,3165.0
2026-06-18 13:00:00,1.06372,1.06398,1.06353,1.06388,2723.0
2026-06-18 13:30:00,1.0639,1.0639,1.06314,1.06316,1528.0
2026-06-18 14:00:00,1.06316,1.06342,1.06302,1.06316,1934.0
2026-06-18 14:30:00,1.06314,1.0633,1.06296,1.063,1808.0
2026-06-18 15:00:00,1.06299,1.0638,1.06262,1.06344,2476.0
2026-06-18 15:30:00,1.06346,1.06365,1.0623,1.06236,2663.0
2026-06-18 16:00:00,1.06236,1.06255,1.06177,1.06184,1311.0
2026-06-18 16:30:00,1.06184,1.0628,1.06158,1.06249,1411.0
2026-06-18 17:00:00,1.06229,1.06323,1.06208,1.06229,184.0
2026-06-18 17:30:00,1.06237,1.06352,1.06237,1.06302,2901.0
2026-06-18 18:00:00,1.06264,1.06282,1.06216,1.06237,1012.0
2026-06-18 18:30:00,1.0624,1.06242,1.0621,1.06214,552.0
2026-06-18 19:00:00,1.06214,1.06234,1.06206,1.06231,710.0
2026-06-18 19:30:00,1.06232,1.06269,1.0623,1.06268,678.0
2026-06-18 20:00:00,1.06267,1.06292,1.06254,1.0628,2018.0
2026-06-18 20:30:00,1.0628,1.06297,1.0626,1.06296,1767.0
2026-06-18 21:00:00,1.06295,1.06296,1.06258,1.06284,1883.0
2026-06-18 21:30:00,1.06285,1.0633,1.06282,1.06313,1457.0
2026-06-18 22:00:00,1.06315,1.06338,1.0631,1.06335,1406.0
2026-06-18 22:30:00,1.06336,1.06391,1.06335,1.06376,1118.0
2026-06-18 23:00:00,1.06378,1.06404,1.06342,1.06382,1581.0
2026-06-18 23:30:00,1.06383,1.0643,1.06376,1.0641,1598.0
2026-06-19 00:00:00,1.0641,1.06505,1.0641,1.06496,1213.0
2026-06-19 00:30:00,1.06495,1.06497,1.0641,1.06462,1034.0
2026-06-19 01:00:00,1.06462,1.06535,1.06452,1.06494,939.0
2026-06-19 01:30:00,1.06496,1.06598,1.06482,1.06558,1940.0
2026-06-19 02:00:00,1.0656,1.06608,1.06483,1.06484,3137.0
2026-06-19 02:30:00,1.06483,1.0651,1.06444,1.0646,2367.0
2026-06-19 03:00:00,1.06464,1.0652,1.06444,1.0648,2416.0
2026-06-19 03:30:00,1.06478,1.06577,1.06478,1.0656,1113.0
2026-06-19 04:00:00,1.06559,1.0661,1.06523,1.06606,1085.0
2026-06-19 04:30:00,1.06607,1.06655,1.06602,1.06628,1130.0
2026-06-19 05:00:00,1.06624,1.0664,1.06578,1.06632,1260.0
2026-06-19 05:30:00,1.06632,1.06664,1.066,1.0664,1319.0
2026-06-19 06:00:00,1.06636,1.06666,1.06612,1.06656,1162.0
2026-06-19 06:30:00,1.06656,1.06727,1.06646,1.06726,1850.0
2026-06-19 07:00:00,1.06727,1.06768,1.06698,1.0673,2049.0
2026-06-19 07:30:00,1.06732,1.06744,1.06693,1.06737,918.0
2026-06-19 08:00:00,1.06737,1.06752,1.06716,1.06719,1004.0
2026-06-19 08:30:00,1.0672,1.06792,1.06704,1.06735,1195.0
2026-06-19 09:00:00,1.06736,1.06842,1.0673,1.06774,1100.0
2026-06-19 09:30:00,1.0677,1.06786,1.0669,1.0674,1029.0
2026-06-19 10:00:00,1.06741,1.06798,1.0671,1.06776,965.0
2026-06-19 10:30:00,1.06779,1.06893,1.06747,1.06862,1590.0
2026-06-19 11:00:00,1.06864,1.06878,1.06766,1.06823,2412.0
2026-06-19 11:30:00,1.06825,1.06838,1.0679,1.06796,1373.0
2026-06-19 12:00:00,1.0679,1.06809,1.06773,1.06784,1017.0
2026-06-19 12:30:00,1.06785,1.06831,1.06784,1.06828,277.0
2026-06-19 13:00:00,1.06828,1.06862,1.06797,1.06843,2479.0
2026-06-19 13:30:00,1.06845,1.06854,1.06779,1.06788,1916.0
2026-06-19 14:00:00,1.06782,1.06809,1.06766,1.06776,1345.0
2026-06-19 14:30:00,1.06778,1.06782,1.0674,1.06744,2785.0
2026-06-19 15:00:00,1.0674,1.06764,1.06712,1.06744,5675.0
2026-06-19 15:30:00,1.06739,1.0677,1.06706,1.06764,4434.0
2026-06-19 16:00:00,1.06765,1.06816,1.06738,1.0678,8126.0
2026-06-19 16:30:00,1.06777,1.06855,1.06682,1.06804,5214.0
2026-06-21 17:00:00,1.06526,1.06638,1.06522,1.06598,163.0
2026-06-21 17:30:00,1.06595,1.0666,1.06574,1.06574,606.0
2026-06-21 18:00:00,1.06574,1.06703,1.06554,1.06662,1710.0
2026-06-21 18:30:00,1.06662,1.06702,1.06652,1.06698,1256.0
2026-06-21 19:00:00,1.06699,1.06722,1.06672,1.06716,1128.0
2026-06-21 19:30:00,1.06718,1.06729,1.06703,1.06728,944.0
2026-06-21 20:00:00,1.06726,1.06788,1.06716,1.06774,1206.0
2026-06-21 20:30:00,1.0677,1.06852,1.06759,1.06824,1228.0
2026-06-21 21:00:00,1.0682,1.06842,1.06774,1.06786,2468.0
2026-06-21 21:30:00,1.06786,1.06863,1.06784,1.06816,1847.0
2026-06-21 22:00:00,1.06814,1.06829,1.0679,1.06802,1585.0
2026-06-21 22:30:00,1.068,1.06812,1.06784,1.06798,1753.0
2026-06-21 23:00:00,1.06798,1.06818,1.06774,1.06818,1750.0
2026-06-21 23:30:00,1.0682,1.06836,1.06786,1.06806,1291.0
2026-06-22 00:00:00,1.0681,1.06826,1.0677,1.0679,979.0
2026-06-22 00:30:00,1.0679,1.06808,1.06774,1.0678,1017.0
2026-06-22 01:00:00,1.06782,1.06818,1.06782,1.06794,1008.0
2026-06-22 01:30:00,1.06793,1.06814,1.06776,1.06787,1625.0
2026-06-22 02:00:00,1.06782,1.06787,1.06715,1.06719,1840.0
2026-06-22 02:30:00,1.06718,1.06748,1.06692,1.06734,2081.0
2026-06-22 03:00:00,1.06737,1.0677,1.067,1.06714,3055.0
2026-06-22 03:30:00,1.06713,1.06745,1.06663,1.06703,1383.0
2026-06-22 04:00:00,1.06703,1.06752,1.06632,1.06644,1291.0
2026-06-22 04:30:00,1.06644,1.06731,1.06624,1.06694,1563.0
2026-06-22 05:00:00,1.06692,1.06774,1.06691,1.06769,1742.0
2026-06-22 05:30:00,1.06768,1.06842,1.06756,1.0683,2063.0
2026-06-22 06:00:00,1.06835,1.06964,1.06828,1.06944,2286.0
2026-06-22 06:30:00,1.06946,1.06988,1.06916,1.0695,1630.0
2026-06-22 07:00:00,1.0695,1.07024,1.06932,1.07004,2917.0
2026-06-22 07:30:00,1.07004,1.07056,1.06996,1.07038,1578.0
2026-06-22 08:00:00,1.07038,1.07084,1.07014,1.07065,1774.0
2026-06-22 08:30:00,1.07069,1.07241,1.07062,1.0721,1604.0
2026-06-22 09:00:00,1.07213,1.07342,1.07198,1.07238,2045.0
2026-06-22 09:30:00,1.0724,1.07241,1.0713,1.07188,1396.0
2026-06-22 10:00:00,1.0719,1.07275,1.07168,1.07197,3091.0
2026-06-22 10:30:00,1.07196,1.07205,1.07063,1.07133,2876.0
2026-06-22 11:00:00,1.07134,1.07156,1.0709,1.0714,3773.0
2026-06-22 11:30:00,1.0714,1.07194,1.07138,1.07186,3324.0
2026-06-22 12:00:00,1.07187,1.07205,1.0714,1.0716,2463.0
2026-06-22 12:30:00,1.0716,1.07175,1.07125,1.07149,2388.0
2026-06-22 13:00:00,1.0715,1.07164,1.07134,1.07143,1213.0
2026-06-22 13:30:00,1.07142,1.07176,1.07138,1.0716,805.0
2026-06-22 14:00:00,1.0716,1.07172,1.07126,1.07167,1415.0
2026-06-22 14:30:00,1.07168,1.07168,1.07133,1.07154,1632.0
2026-06-22 15:00:00,1.0715,1.07192,1.07146,1.0718,1922.0
2026-06-22 15:30:00,1.0718,1.07184,1.07123,1.0713,1772.0
2026-06-22 16:00:00,1.0713,1.07144,1.07111,1.07115,842.0
2026-06-22 16:30:00,1.07116,1.07173,1.07116,1.0714,1052.0
2026-06-22 17:00:00,1.07184,1.07213,1.07118,1.07162,719.0
2026-06-22 17:30:00,1.07166,1.07214,1.07138,1.0714,1203.0
2026-06-22 18:00:00,1.07139,1.07174,1.07134,1.07151,834.0
2026-06-22 18:30:00,1.0715,1.0716,1.07139,1.07146,554.0
2026-06-22 19:00:00,1.07146,1.0716,1.07142,1.07155,400.0
2026-06-22 19:30:00,1.07156,1.07164,1.07142,1.07146,306.0
2026-06-22 20:00:00,1.07149,1.07161,1.07111,1.07114,1824.0
2026-06-22 20:30:00,1.07115,1.07116,1.07084,1.07094,1775.0
2026-06-22 21:00:00,1.07094,1.07105,1.07082,1.07098,1851.0
2026-06-22 21:30:00,1.07098,1.07109,1.07062,1.0708,2451.0
2026-06-22 22:00:00,1.07083,1.07111,1.07062,1.07108,1807.0
2026-06-22 22:30:00,1.07108,1.07122,1.07096,1.07098,1331.0
2026-06-22 23:00:00,1.07098,1.07122,1.07079,1.07112,1621.0
2026-06-22 23:30:00,1.07113,1.07129,1.07092,1.07122,1169.0
2026-06-23 00:00:00,1.07125,1.07128,1.0711,1.07114,868.0
2026-06-23 00:30:00,1.07116,1.07117,1.07098,1.07112,1090.0
2026-06-23 01:00:00,1.07112,1.07118,1.07082,1.07088,1304.0
2026-06-23 01:30:00,1.0709,1.07122,1.07062,1.0712,1272.0
2026-06-23 02:00:00,1.07125,1.07126,1.07062,1.07079,2879.0
2026-06-23 02:30:00,1.0708,1.07081,1.07008,1.07068,1908.0
2026-06-23 03:00:00,1.07066,1.07072,1.07007,1.0703,2123.0
2026-06-23 03:30:00,1.07046,1.07046,1.0696,1.07027,2029.0
2026-06-23 04:00:00,1.07026,1.07092,1.07022,1.07038,1736.0
2026-06-23 04:30:00,1.07035,1.07083,1.06997,1.07058,1811.0
2026-06-23 05:00:00,1.07058,1.07114,1.07044,1.07112,1972.0
2026-06-23 05:30:00,1.0711,1.07154,1.07072,1.07136,2107.0
2026-06-23 06:00:00,1.07137,1.07148,1.07062,1.07062,1186.0
2026-06-23 06:30:00,1.07063,1.07104,1.07032,1.07086,916.0
2026-06-23 07:00:00,1.0709,1.07126,1.07004,1.07006,1564.0
2026-06-23 07:30:00,1.07004,1.07016,1.06984,1.07007,1122.0
2026-06-23 08:00:00,1.07008,1.07042,1.06991,1.07012,1762.0
2026-06-23 08:30:00,1.07012,1.07013,1.06895,1.06917,1497.0
2026-06-23 09:00:00,1.06918,1.06931,1.06858,1.06874,1643.0
2026-06-23 09:30:00,1.0687,1.06876,1.06739,1.06854,4275.0
2026-06-23 10:00:00,1.06853,1.06988,1.06848,1.0693,4301.0
2026-06-23 10:30:00,1.0693,1.06964,1.06834,1.06878,4778.0
2026-06-23 11:00:00,1.06879,1.06879,1.06784,1.06821,3167.0
2026-06-23 11:30:00,1.06824,1.06836,1.06776,1.06802,1855.0
2026-06-23 12:00:00,1.06804,1.06864,1.06804,1.0683,1556.0
2026-06-23 12:30:00,1.06832,1.06852,1.0682,1.06847,1492.0
2026-06-23 13:00:00,1.06851,1.0687,1.06839,1.06856,1503.0
2026-06-23 13:30:00,1.06856,1.06875,1.06844,1.06848,1121.0
2026-06-23 14:00:00,1.06851,1.06862,1.0684,1.06856,951.0
2026-06-23 14:30:00,1.06856,1.06888,1.0682,1.06824,1517.0
2026-06-23 15:00:00,1.06824,1.06872,1.06816,1.06872,1907.0
2026-06-23 15:30:00,1.06872,1.06886,1.06852,1.06874,1935.0
2026-06-23 16:00:00,1.06874,1.06922,1.06873,1.06917,770.0
2026-06-23 16:30:00,1.06916,1.06923,1.06869,1.06894,497.0
2026-06-23 17:00:00,1.06916,1.0695,1.06904,1.06915,201.0
2026-06-23 17:30:00,1.06916,1.06948,1.06878,1.06879,484.0
2026-06-23 18:00:00,1.06882,1.06904,1.06858,1.06864,362.0
2026-06-23 18:30:00,1.06864,1.06868,1.06836,1.06843,288.0
2026-06-23 19:00:00,1.06844,1.0687,1.06842,1.0687,365.0
2026-06-23 19:30:00,1.06868,1.06892,1.06858,1.06885,695.0
2026-06-23 20:00:00,1.06887,1.06932,1.06881,1.0693,2134.0
2026-06-23 20:30:00,1.0693,1.06938,1.06888,1.06918,2014.0
2026-06-23 21:00:00,1.06918,1.06922,1.06879,1.06892,2234.0
2026-06-23 21:30:00,1.06891,1.06908,1.06874,1.06898,2341.0
2026-06-23 22:00:00,1.06898,1.06934,1.06892,1.0693,1419.0
2026-06-23 22:30:00,1.06929,1.0693,1.06894,1.06907,1658.0
2026-06-23 23:00:00,1.06906,1.07023,1.06896,1.06993,1191.0
2026-06-23 23:30:00,1.06994,1.06998,1.06932,1.0695,1638.0
2026-06-24 00:00:00,1.06949,1.06952,1.06906,1.06926,1902.0
2026-06-24 00:30:00,1.06925,1.06972,1.0691,1.06968,1131.0
2026-06-24 01:00:00,1.06968,1.0699,1.06966,1.06976,1590.0
2026-06-24 01:30:00,1.06978,1.07014,1.06964,1.07002,1310.0
2026-06-24 02:00:00,1.07,1.07088,1.06988,1.07054,2777.0
2026-06-24 02:30:00,1.07055,1.07072,1.06998,1.07022,2490.0
2026-06-24 03:00:00,1.0702,1.07037,1.06964,1.07014,2684.0
2026-06-24 03:30:00,1.07015,1.07096,1.07015,1.07038,1671.0
2026-06-24 04:00:00,1.07037,1.07075,1.06969,1.07021,2723.0
2026-06-24 04:30:00,1.0702,1.0711,1.0702,1.07066,2105.0
2026-06-24 05:00:00,1.0707,1.071,1.07047,1.07066,1785.0
2026-06-24 05:30:00,1.07064,1.07071,1.06983,1.07001,2447.0
2026-06-24 06:00:00,1.07,1.07,1.06895,1.06915,2251.0
2026-06-24 06:30:00,1.06912,1.06958,1.06892,1.06906,1867.0
2026-06-24 07:00:00,1.06907,1.06961,1.06884,1.06956,1644.0
2026-06-24 07:30:00,1.06956,1.06986,1.06886,1.06954,1903.0
2026-06-24 08:00:00,1.06954,1.06967,1.06889,1.06952,1851.0
2026-06-24 08:30:00,1.06952,1.07,1.06936,1.06992,1922.0
2026-06-24 09:00:00,1.06989,1.07048,1.0694,1.06969,1985.0
2026-06-24 09:30:00,1.06966,1.06971,1.06885,1.06956,3431.0
2026-06-24 10:00:00,1.06956,1.06971,1.06862,1.0693,2375.0
2026-06-24 10:30:00,1.06929,1.06952,1.06861,1.06922,3158.0
2026-06-24 11:00:00,1.06922,1.06942,1.06852,1.06918,3502.0
2026-06-24 11:30:00,1.06916,1.06974,1.06912,1.06932,3177.0
2026-06-24 12:00:00,1.06932,1.06978,1.0691,1.0696,2359.0
2026-06-24 12:30:00,1.0696,1.06962,1.06906,1.06928,2275.0
2026-06-24 13:00:00,1.06928,1.06958,1.0692,1.0693,1494.0
2026-06-24 13:30:00,1.06932,1.06956,1.06906,1.06942,1525.0
2026-06-24 14:00:00,1.06944,1.06981,1.06923,1.06951,1270.0
2026-06-24 14:30:00,1.0695,1.06964,1.0693,1.06932,2274.0
2026-06-24 15:00:00,1.0693,1.06956,1.06918,1.06942,2422.0
2026-06-24 15:30:00,1.06942,1.06974,1.0694,1.0697,2137.0
2026-06-24 16:00:00,1.0697,1.0701,1.06962,1.06994,1433.0
2026-06-24 16:30:00,1.06993,1.06994,1.06953,1.06968,1460.0
2026-06-24 17:00:00,1.06947,1.07014,1.06895,1.06976,223.0
2026-06-24 17:30:00,1.06969,1.07004,1.069,1.06936,2517.0
2026-06-24 18:00:00,1.06936,1.06952,1.06929,1.06947,637.0
2026-06-24 18:30:00,1.06949,1.06961,1.06946,1.06958,99.0
2026-06-24 19:00:00,1.06959,1.06962,1.06946,1.0695,292.0
2026-06-24 19:30:00,1.0695,1.06984,1.06946,1.06976,959.0
2026-06-24 20:00:00,1.06977,1.06986,1.06962,1.06979,1596.0
2026-06-24 20:30:00,1.0698,1.06994,1.0694,1.0694,1488.0
2026-06-24 21:00:00,1.06942,1.06956,1.06928,1.0695,2341.0
2026-06-24 21:30:00,1.06947,1.06963,1.06925,1.0693,1742.0
2026-06-24 22:00:00,1.06932,1.06942,1.06884,1.06897,1234.0
2026-06-24 22:30:00,1.06898,1.0693,1.06881,1.06928,987.0
2026-06-24 23:00:00,1.0693,1.06932,1.06886,1.06904,1349.0
2026-06-24 23:30:00,1.06905,1.06908,1.06862,1.06878,1220.0
2026-06-25 00:00:00,1.0688,1.06896,1.06861,1.06892,885.0
2026-06-25 00:30:00,1.0689,1.06914,1.06877,1.06912,616.0
2026-06-25 01:00:00,1.06916,1.06948,1.06915,1.06941,676.0
2026-06-25 01:30:00,1.06942,1.0697,1.06906,1.06959,1371.0
2026-06-25 02:00:00,1.06955,1.06984,1.06933,1.06937,2097.0
2026-06-25 02:30:00,1.06941,1.06985,1.06899,1.06968,2210.0
2026-06-25 03:00:00,1.0697,1.07042,1.06952,1.06977,2757.0
2026-06-25 03:30:00,1.06976,1.07,1.0694,1.06972,1194.0
2026-06-25 04:00:00,1.06974,1.06992,1.06861,1.06944,1266.0
2026-06-25 04:30:00,1.06943,1.06978,1.06915,1.06956,866.0
2026-06-25 05:00:00,1.06958,1.0703,1.0692,1.07016,1161.0
2026-06-25 05:30:00,1.07017,1.07024,1.0696,1.07,600.0
2026-06-25 06:00:00,1.06998,1.07,1.0695,1.0697,1136.0
2026-06-25 06:30:00,1.0697,1.07004,1.0695,1.07,1255.0
2026-06-25 07:00:00,1.07,1.07012,1.06962,1.06964,1354.0
2026-06-25 07:30:00,1.06964,1.06993,1.06944,1.06978,1745.0
2026-06-25 08:00:00,1.06977,1.07028,1.06974,1.07028,1797.0
2026-06-25 08:30:00,1.07034,1.07038,1.0693,1.07014,3339.0
2026-06-25 09:00:00,1.07014,1.07048,1.06973,1.0704,3206.0
2026-06-25 09:30:00,1.07041,1.07044,1.06918,1.06952,2460.0
2026-06-25 10:00:00,1.06948,1.06999,1.06942,1.06975,1989.0
2026-06-25 10:30:00,1.06974,1.0699,1.06913,1.06935,2940.0
2026-06-25 11:00:00,1.06935,1.06982,1.0692,1.06948,3268.0
2026-06-25 11:30:00,1.06948,1.06974,1.06926,1.06955,2956.0
2026-06-25 12:00:00,1.06956,1.06984,1.06923,1.06936,2283.0
2026-06-25 12:30:00,1.06937,1.06982,1.06935,1.06962,996.0
2026-06-25 13:00:00,1.06964,1.0697,1.06923,1.06944,846.0
2026-06-25 13:30:00,1.06943,1.06945,1.06914,1.0693,757.0
2026-06-25 14:00:00,1.06926,1.06942,1.06886,1.06894,964.0
2026-06-25 14:30:00,1.06898,1.06905,1.0687,1.06876,745.0
2026-06-25 15:00:00,1.06875,1.0691,1.06871,1.06884,1739.0
2026-06-25 15:30:00,1.06885,1.06906,1.06872,1.06886,2367.0
2026-06-25 16:00:00,1.06887,1.0689,1.06855,1.06883,1209.0
2026-06-25 16:30:00,1.06886,1.0689,1.06855,1.0686,1064.0
2026-06-25 17:00:00,1.06925,1.06967,1.06837,1.06864,4795.0
2026-06-25 17:30:00,1.06868,1.06926,1.06851,1.06866,2282.0
2026-06-25 18:00:00,1.06874,1.06886,1.06858,1.0688,653.0
2026-06-25 18:30:00,1.06882,1.06886,1.06862,1.06864,454.0
2026-06-25 19:00:00,1.06865,1.0691,1.06864,1.06905,1009.0
2026-06-25 19:30:00,1.06906,1.06918,1.06896,1.06909,646.0
2026-06-25 20:00:00,1.06912,1.06944,1.06906,1.06926,2078.0
2026-06-25 20:30:00,1.06926,1.06928,1.06881,1.06912,2053.0
2026-06-25 21:00:00,1.06912,1.06951,1.06904,1.06935,2037.0
2026-06-25 21:30:00,1.06935,1.06948,1.06918,1.06942,2557.0
2026-06-25 22:00:00,1.0694,1.06944,1.06913,1.06928,1756.0
2026-06-25 22:30:00,1.0693,1.0693,1.0686,1.06866,1707.0
2026-06-25 23:00:00,1.06865,1.06875,1.06847,1.0685,961.0
2026-06-25 23:30:00,1.06851,1.06854,1.06804,1.06834,1879.0
2026-06-26 00:00:00,1.06834,1.06856,1.0679,1.06794,1326.0
2026-06-26 00:30:00,1.06795,1.06798,1.06733,1.06752,1453.0
2026-06-26 01:00:00,1.06752,1.06803,1.06742,1.0679,1560.0
2026-06-26 01:30:00,1.0679,1.06826,1.06786,1.06803,1808.0
2026-06-26 02:00:00,1.06802,1.06828,1.06774,1.06791,2244.0
2026-06-26 02:30:00,1.06792,1.06795,1.06725,1.06776,1893.0
2026-06-26 03:00:00,1.06779,1.06792,1.06702,1.06722,2159.0
2026-06-26 03:30:00,1.0672,1.06782,1.06712,1.0678,1389.0
2026-06-26 04:00:00,1.06782,1.06784,1.06726,1.06745,977.0
2026-06-26 04:30:00,1.06742,1.06874,1.06713,1.06844,1500.0
2026-06-26 05:00:00,1.0684,1.06874,1.06818,1.0687,2345.0
2026-06-26 05:30:00,1.06869,1.0693,1.06824,1.0683,2082.0
2026-06-26 06:00:00,1.0683,1.06882,1.06828,1.06852,1221.0
2026-06-26 06:30:00,1.06849,1.06902,1.06818,1.06885,1905.0
2026-06-26 07:00:00,1.06885,1.06906,1.06846,1.06852,2170.0
2026-06-26 07:30:00,1.06853,1.06913,1.0685,1.0689,2163.0
2026-06-26 08:00:00,1.06886,1.06893,1.06812,1.06824,1450.0
2026-06-26 08:30:00,1.06825,1.06845,1.06636,1.06642,2885.0
2026-06-26 09:00:00,1.06642,1.06707,1.06623,1.0669,3917.0
2026-06-26 09:30:00,1.06691,1.06737,1.06651,1.06714,3980.0
2026-06-26 10:00:00,1.0671,1.06828,1.06701,1.06802,3854.0
2026-06-26 10:30:00,1.06802,1.06858,1.06774,1.06788,4104.0
2026-06-26 11:00:00,1.06787,1.06825,1.06762,1.06814,3896.0
2026-06-26 11:30:00,1.06814,1.06874,1.06806,1.06852,2620.0
2026-06-26 12:00:00,1.06848,1.06926,1.06838,1.06924,932.0
2026-06-26 12:30:00,1.06921,1.06941,1.06865,1.06892,1184.0
2026-06-26 13:00:00,1.06892,1.06906,1.06862,1.06886,1140.0
2026-06-26 13:30:00,1.06882,1.06893,1.06868,1.06892,1360.0
2026-06-26 14:00:00,1.0689,1.06936,1.06878,1.06879,1585.0
2026-06-26 14:30:00,1.06876,1.06886,1.06861,1.06882,1443.0
2026-06-26 15:00:00,1.06881,1.06886,1.06854,1.06868,2187.0
2026-06-26 15:30:00,1.06872,1.06875,1.06838,1.06843,1769.0
2026-06-26 16:00:00,1.06845,1.06868,1.06827,1.06844,1282.0
2026-06-26 16:30:00,1.06844,1.06902,1.06834,1.06878,1888.0
2026-06-28 17:00:00,1.06988,1.06998,1.0691,1.06916,183.0
2026-06-28 17:30:00,1.06913,1.0698,1.06888,1.06976,797.0
2026-06-28 18:00:00,1.06968,1.06975,1.06884,1.06895,673.0
2026-06-28 18:30:00,1.06892,1.06917,1.06881,1.06896,172.0
2026-06-28 19:00:00,1.06895,1.06904,1.06888,1.06902,431.0
2026-06-28 19:30:00,1.069,1.06911,1.06887,1.06902,1028.0
2026-06-28 20:00:00,1.06904,1.0691,1.06874,1.06904,2100.0
2026-06-28 20:30:00,1.06904,1.0691,1.06871,1.06891,1898.0
2026-06-28 21:00:00,1.0689,1.06928,1.06878,1.06912,2055.0
2026-06-28 21:30:00,1.06913,1.06922,1.06897,1.06916,2115.0
2026-06-28 22:00:00,1.06916,1.0693,1.06904,1.06926,1765.0
2026-06-28 22:30:00,1.06926,1.06928,1.06899,1.0691,874.0
2026-06-28 23:00:00,1.06913,1.06918,1.06896,1.06909,996.0
2026-06-28 23:30:00,1.06908,1.0692,1.06904,1.06908,1054.0
2026-06-29 00:00:00,1.06908,1.06912,1.06888,1.06904,1061.0
2026-06-29 00:30:00,1.06905,1.06924,1.06899,1.06912,856.0
2026-06-29 01:00:00,1.06913,1.06939,1.06909,1.06916,1062.0
2026-06-29 01:30:00,1.06918,1.06952,1.06902,1.06906,1392.0
2026-06-29 02:00:00,1.06908,1.06978,1.06908,1.06957,1674.0
2026-06-29 02:30:00,1.06958,1.06976,1.06934,1.06936,2236.0
2026-06-29 03:00:00,1.0694,1.06966,1.06908,1.06956,2684.0
2026-06-29 03:30:00,1.06956,1.06961,1.06876,1.06876,1544.0
2026-06-29 04:00:00,1.06872,1.06897,1.06838,1.06862,1431.0
2026-06-29 04:30:00,1.06864,1.06886,1.06837,1.06856,1164.0
2026-06-29 05:00:00,1.06856,1.06883,1.0683,1.06856,1062.0
2026-06-29 05:30:00,1.06862,1.06906,1.06857,1.0689,1625.0
2026-06-29 06:00:00,1.06889,1.06898,1.06822,1.06858,1334.0
2026-06-29 06:30:00,1.06858,1.06912,1.0683,1.06892,1826.0
2026-06-29 07:00:00,1.06892,1.06989,1.0689,1.06986,1909.0
2026-06-29 07:30:00,1.06986,1.06987,1.06923,1.06936,1990.0
2026-06-29 08:00:00,1.06936,1.07046,1.06929,1.07045,2390.0
2026-06-29 08:30:00,1.07043,1.07064,1.06994,1.07031,2413.0
2026-06-29 09:00:00,1.0703,1.07076,1.0703,1.07042,2477.0
2026-06-29 09:30:00,1.07042,1.07066,1.06979,1.06982,3976.0
2026-06-29 10:00:00,1.0698,1.0704,1.0695,1.07032,4878.0
2026-06-29 10:30:00,1.07034,1.07106,1.06978,1.07088,4420.0
2026-06-29 11:00:00,1.07088,1.07136,1.07065,1.0709,3194.0
2026-06-29 11:30:00,1.0709,1.07116,1.07056,1.07108,2811.0
2026-06-29 12:00:00,1.07108,1.07114,1.07076,1.07088,1987.0
2026-06-29 12:30:00,1.07088,1.0709,1.07054,1.07063,1726.0
2026-06-29 13:00:00,1.07062,1.07076,1.07052,1.07074,1190.0
2026-06-29 13:30:00,1.07074,1.0708,1.07028,1.07049,1419.0
2026-06-29 14:00:00,1.0705,1.07064,1.07032,1.07059,938.0
2026-06-29 14:30:00,1.07059,1.07065,1.07031,1.07053,736.0
2026-06-29 15:00:00,1.07054,1.07064,1.0704,1.07042,1343.0
2026-06-29 15:30:00,1.07042,1.07072,1.07034,1.07058,1003.0
2026-06-29 16:00:00,1.07058,1.07068,1.07045,1.07064,437.0
2026-06-29 16:30:00,1.07069,1.0709,1.07065,1.07081,336.0
2026-06-29 17:00:00,1.07083,1.07094,1.07037,1.07056,617.0
2026-06-29 17:30:00,1.07056,1.07092,1.07048,1.07052,956.0
2026-06-29 18:00:00,1.07054,1.07088,1.07044,1.07072,287.0
2026-06-29 18:30:00,1.07071,1.07089,1.07062,1.07069,279.0
2026-06-29 19:00:00,1.0707,1.07074,1.07058,1.07074,271.0
2026-06-29 19:30:00,1.0707,1.0707,1.07054,1.07062,687.0
2026-06-29 20:00:00,1.07064,1.07074,1.07034,1.07038,2328.0
2026-06-29 20:30:00,1.07039,1.07039,1.06987,1.07006,1979.0
2026-06-29 21:00:00,1.0701,1.07041,1.06997,1.07024,1773.0
2026-06-29 21:30:00,1.07025,1.07064,1.0702,1.07054,2067.0
2026-06-29 22:00:00,1.07057,1.07069,1.07039,1.07065,1115.0
2026-06-29 22:30:00,1.07066,1.07074,1.07044,1.0706,1120.0
2026-06-29 23:00:00,1.07059,1.07072,1.07042,1.07069,884.0
2026-06-29 23:30:00,1.07072,1.07085,1.07058,1.07076,696.0
2026-06-30 00:00:00,1.07078,1.07104,1.07074,1.07104,804.0
2026-06-30 00:30:00,1.07104,1.07122,1.07096,1.07114,876.0
2026-06-30 01:00:00,1.07114,1.07138,1.071,1.07106,1143.0
2026-06-30 01:30:00,1.07105,1.0715,1.071,1.07136,1490.0
2026-06-30 02:00:00,1.07136,1.07146,1.07103,1.07124,2331.0
2026-06-30 02:30:00,1.07124,1.07182,1.07068,1.0708,2279.0
2026-06-30 03:00:00,1.07077,1.071,1.07053,1.07086,1641.0
2026-06-30 03:30:00,1.07085,1.07127,1.07058,1.07116,1559.0
2026-06-30 04:00:00,1.0712,1.0714,1.07068,1.0708,1793.0
2026-06-30 04:30:00,1.07076,1.0712,1.07064,1.07092,2045.0
2026-06-30 05:00:00,1.07092,1.07209,1.0709,1.0719,2393.0
2026-06-30 05:30:00,1.07188,1.07202,1.07142,1.07154,1630.0
2026-06-30 06:00:00,1.07154,1.07166,1.071,1.07122,1353.0
2026-06-30 06:30:00,1.0712,1.07126,1.0705,1.07052,1583.0
2026-06-30 07:00:00,1.07049,1.07055,1.06951,1.07024,2328.0
2026-06-30 07:30:00,1.07024,1.07073,1.06994,1.07072,2288.0
2026-06-30 08:00:00,1.07072,1.07072,1.06967,1.06978,2001.0
2026-06-30 08:30:00,1.06977,1.06983,1.06912,1.06943,3148.0
2026-06-30 09:00:00,1.06944,1.07024,1.06928,1.07006,2833.0
2026-06-30 09:30:00,1.07007,1.07012,1.0692,1.06968,3171.0
2026-06-30 10:00:00,1.06966,1.07092,1.0696,1.07074,3922.0
2026-06-30 10:30:00,1.07078,1.07113,1.06922,1.07068,5479.0
2026-06-30 11:00:00,1.07074,1.07218,1.07056,1.07204,3395.0
2026-06-30 11:30:00,1.07205,1.07218,1.07134,1.07151,2767.0
2026-06-30 12:00:00,1.07153,1.07188,1.07134,1.07146,2128.0
2026-06-30 12:30:00,1.07146,1.07176,1.0712,1.07159,1814.0
2026-06-30 13:00:00,1.07158,1.07164,1.07129,1.07136,1495.0
2026-06-30 13:30:00,1.07136,1.07143,1.0711,1.07122,1349.0
2026-06-30 14:00:00,1.0712,1.07136,1.07108,1.0713,1604.0
2026-06-30 14:30:00,1.0713,1.07141,1.07114,1.0713,1877.0
2026-06-30 15:00:00,1.07131,1.07166,1.07119,1.07166,1302.0
2026-06-30 15:30:00,1.07168,1.07186,1.07152,1.07168,1646.0
2026-06-30 16:00:00,1.07168,1.07198,1.07162,1.07176,818.0
2026-06-30 16:30:00,1.07173,1.07204,1.07152,1.07202,786.0
2026-06-30 17:00:00,1.07139,1.0719,1.07112,1.07157,1004.0
2026-06-30 17:30:00,1.07156,1.0722,1.07098,1.07129,3569.0
2026-06-30 18:00:00,1.07118,1.07184,1.07118,1.07172,259.0
2026-06-30 18:30:00,1.07176,1.07183,1.07168,1.07174,178.0
2026-06-30 19:00:00,1.07171,1.07179,1.07148,1.0716,310.0
2026-06-30 19:30:00,1.07158,1.07166,1.07146,1.07162,343.0
2026-06-30 20:00:00,1.07162,1.07178,1.07148,1.07161,1131.0
2026-06-30 20:30:00,1.07162,1.07168,1.07138,1.07148,1654.0
2026-06-30 21:00:00,1.07152,1.0716,1.07138,1.07156,1705.0
2026-06-30 21:30:00,1.07156,1.07159,1.07117,1.07123,1659.0
2026-06-30 22:00:00,1.07122,1.0713,1.07098,1.07125,1232.0
2026-06-30 22:30:00,1.07127,1.07137,1.07112,1.07118,968.0
2026-06-30 23:00:00,1.07118,1.07136,1.07105,1.07132,853.0
2026-06-30 23:30:00,1.0713,1.07142,1.07122,1.0713,1057.0
2026-07-01 00:00:00,1.07132,1.07138,1.07114,1.07123,1397.0
2026-07-01 00:30:00,1.07124,1.07145,1.0711,1.07141,1125.0
2026-07-01 01:00:00,1.07137,1.07149,1.07124,1.07138,742.0
2026-07-01 01:30:00,1.07138,1.07166,1.07134,1.07153,1367.0
2026-07-01 02:00:00,1.07156,1.07183,1.07136,1.07144,2244.0
2026-07-01 02:30:00,1.07146,1.07212,1.07136,1.07202,2003.0
2026-07-01 03:00:00,1.072,1.07226,1.07136,1.07192,2275.0
2026-07-01 03:30:00,1.07193,1.07248,1.07138,1.07226,1836.0
2026-07-01 04:00:00,1.07227,1.07336,1.07224,1.07336,891.0
2026-07-01 04:30:00,1.07334,1.07336,1.07255,1.07271,891.0
2026-07-01 05:00:00,1.0727,1.07367,1.07242,1.07366,1027.0
2026-07-01 05:30:00,1.07367,1.07388,1.07344,1.0736,738.0
2026-07-01 06:00:00,1.0736,1.0737,1.07328,1.0733,389.0
2026-07-01 06:30:00,1.07328,1.07342,1.07304,1.07304,478.0
2026-07-01 07:00:00,1.07307,1.07308,1.07255,1.0729,2072.0
2026-07-01 07:30:00,1.07288,1.07397,1.07286,1.0738,1695.0
2026-07-01 08:00:00,1.07381,1.07425,1.07362,1.07376,2587.0
2026-07-01 08:30:00,1.07374,1.0746,1.0737,1.07424,3821.0
2026-07-01 09:00:00,1.07424,1.07441,1.07326,1.07372,5362.0
2026-07-01 09:30:00,1.07372,1.07417,1.07326,1.0735,5414.0
2026-07-01 10:00:00,1.07332,1.07381,1.07284,1.07364,5757.0
2026-07-01 10:30:00,1.07363,1.07434,1.07298,1.07326,5411.0
2026-07-01 11:00:00,1.07324,1.07344,1.07304,1.07314,4507.0
2026-07-01 11:30:00,1.07316,1.07374,1.07306,1.0736,3759.0
2026-07-01 12:00:00,1.0736,1.07407,1.07335,1.07406,2739.0
2026-07-01 12:30:00,1.07405,1.0745,1.07397,1.07414,1830.0
2026-07-01 13:00:00,1.07416,1.07433,1.07397,1.07404,2046.0
2026-07-01 13:30:00,1.07404,1.07434,1.0739,1.0739,1678.0
2026-07-01 14:00:00,1.0739,1.07438,1.07386,1.07424,1556.0
2026-07-01 14:30:00,1.07426,1.07455,1.0742,1.07444,1749.0
2026-07-01 15:00:00,1.07444,1.07494,1.07435,1.07481,1801.0
2026-07-01 15:30:00,1.07482,1.07483,1.07458,1.07468,1725.0
2026-07-01 16:00:00,1.07468,1.075,1.07454,1.07494,874.0
2026-07-01 16:30:00,1.07494,1.075,1.07442,1.07454,782.0
2026-07-01 17:00:00,1.07481,1.07539,1.0742,1.07454,1945.0
2026-07-01 17:30:00,1.07448,1.07506,1.07417,1.07431,1913.0
2026-07-01 18:00:00,1.07438,1.07488,1.07438,1.07478,188.0
2026-07-01 18:30:00,1.07478,1.07482,1.07468,1.07474,111.0
2026-07-01 19:00:00,1.07473,1.07496,1.07462,1.07472,405.0
2026-07-01 19:30:00,1.07474,1.07477,1.07448,1.07454,650.0
2026-07-01 20:00:00,1.07456,1.07478,1.07434,1.07475,2249.0
2026-07-01 20:30:00,1.07472,1.07491,1.07452,1.07472,1591.0
2026-07-01 21:00:00,1.07472,1.07483,1.07451,1.0747,1504.0
2026-07-01 21:30:00,1.0747,1.07489,1.07458,1.07482,1141.0
2026-07-01 22:00:00,1.0748,1.07494,1.0746,1.07482,1126.0
2026-07-01 22:30:00,1.07481,1.07486,1.07462,1.07472,1078.0
2026-07-01 23:00:00,1.07472,1.07483,1.07462,1.0747,1263.0
2026-07-01 23:30:00,1.0747,1.07474,1.07456,1.07471,1138.0
2026-07-02 00:00:00,1.07469,1.07484,1.07455,1.07469,1208.0
2026-07-02 00:30:00,1.07468,1.07474,1.07448,1.07469,944.0
2026-07-02 01:00:00,1.0747,1.07487,1.07458,1.07472,957.0
2026-07-02 01:30:00,1.07472,1.07514,1.07468,1.07488,1103.0
2026-07-02 02:00:00,1.07489,1.07503,1.07461,1.07496,2517.0
2026-07-02 02:30:00,1.07499,1.07624,1.07496,1.07512,3710.0
2026-07-02 03:00:00,1.07514,1.07596,1.0748,1.07584,4004.0
2026-07-02 03:30:00,1.07585,1.07659,1.07561,1.07588,3987.0
2026-07-02 04:00:00,1.07586,1.07593,1.07397,1.07474,1839.0
2026-07-02 04:30:00,1.0747,1.07541,1.07408,1.07422,1356.0
2026-07-02 05:00:00,1.07418,1.07458,1.07389,1.07439,1154.0
2026-07-02 05:30:00,1.07438,1.07454,1.07382,1.07424,1758.0
2026-07-02 06:00:00,1.07424,1.07458,1.07405,1.07411,1158.0
2026-07-02 06:30:00,1.0741,1.07442,1.074,1.07418,869.0
2026-07-02 07:00:00,1.07418,1.0745,1.0739,1.07411,1729.0
2026-07-02 07:30:00,1.07412,1.0744,1.07346,1.0735,2621.0
2026-07-02 08:00:00,1.07348,1.07418,1.07338,1.0741,3887.0
2026-07-02 08:30:00,1.07396,1.07462,1.07177,1.07336,11212.0
2026-07-02 09:00:00,1.0734,1.07378,1.07276,1.07374,6684.0
2026-07-02 09:30:00,1.07375,1.07436,1.07336,1.07342,5898.0
2026-07-02 10:00:00,1.07343,1.07376,1.07294,1.07332,5066.0
2026-07-02 10:30:00,1.07331,1.07336,1.07268,1.0732,6002.0
2026-07-02 11:00:00,1.07316,1.0733,1.07219,1.07238,4843.0
2026-07-02 11:30:00,1.07237,1.0724,1.0717,1.07188,4713.0
2026-07-02 12:00:00,1.07188,1.07208,1.07144,1.07189,4528.0
2026-07-02 12:30:00,1.0719,1.07222,1.07171,1.07216,3425.0
2026-07-02 13:00:00,1.07218,1.07271,1.07216,1.07252,2551.0
2026-07-02 13:30:00,1.07251,1.07276,1.07221,1.07232,2439.0
2026-07-02 14:00:00,1.07232,1.07266,1.07232,1.07248,2033.0
2026-07-02 14:30:00,1.07248,1.07274,1.0724,1.07258,1647.0
2026-07-02 15:00:00,1.07256,1.07264,1.07238,1.07248,2238.0
2026-07-02 15:30:00,1.07249,1.07253,1.07236,1.07238,2005.0
2026-07-02 16:00:00,1.07237,1.07242,1.0722,1.07233,993.0
2026-07-02 16:30:00,1.07231,1.07252,1.07225,1.07238,735.0
2026-07-02 17:00:00,1.07237,1.07275,1.07152,1.07196,1477.0
2026-07-02 17:30:00,1.0718,1.07255,1.07177,1.07242,2228.0
2026-07-02 18:00:00,1.07238,1.07288,1.07205,1.07286,459.0
2026-07-02 18:30:00,1.07286,1.07302,1.07266,1.0728,636.0
2026-07-02 19:00:00,1.07281,1.07292,1.07272,1.0729,703.0
2026-07-02 19:30:00,1.07288,1.07309,1.07288,1.07299,1136.0
2026-07-02 20:00:00,1.07299,1.07317,1.07286,1.07306,2588.0
2026-07-02 20:30:00,1.07306,1.07321,1.07278,1.07294,2226.0
2026-07-02 21:00:00,1.07294,1.07296,1.07252,1.07274,3307.0
2026-07-02 21:30:00,1.07273,1.07288,1.0726,1.07281,2498.0
2026-07-02 22:00:00,1.07282,1.07284,1.07254,1.0727,1418.0
2026-07-02 22:30:00,1.07271,1.0729,1.07252,1.07278,1494.0
2026-07-02 23:00:00,1.07281,1.07286,1.07259,1.07267,1701.0
2026-07-02 23:30:00,1.07268,1.07284,1.07248,1.07272,1277.0
2026-07-03 00:00:00,1.07272,1.07277,1.07254,1.07264,1123.0
2026-07-03 00:30:00,1.07264,1.07269,1.07246,1.07247,1290.0
2026-07-03 01:00:00,1.07247,1.07279,1.07245,1.07246,1817.0
2026-07-03 01:30:00,1.07247,1.07252,1.0721,1.07222,2176.0
2026-07-03 02:00:00,1.07224,1.07228,1.07176,1.07204,2329.0
2026-07-03 02:30:00,1.07204,1.07215,1.07145,1.07163,1859.0
2026-07-03 03:00:00,1.07166,1.07189,1.07119,1.07175,1775.0
2026-07-03 03:30:00,1.07174,1.07237,1.07167,1.0723,899.0
2026-07-03 04:00:00,1.07233,1.07246,1.0718,1.07212,436.0
2026-07-03 04:30:00,1.07212,1.07226,1.07177,1.07222,472.0
2026-07-03 05:00:00,1.07223,1.07242,1.07191,1.07236,555.0
2026-07-03 05:30:00,1.07233,1.07271,1.07222,1.07248,1114.0
2026-07-03 06:00:00,1.07249,1.07252,1.0721,1.07224,1141.0
2026-07-03 06:30:00,1.07226,1.07272,1.07214,1.07268,892.0
2026-07-03 07:00:00,1.07268,1.073,1.07234,1.07255,1892.0
2026-07-03 07:30:00,1.07256,1.07262,1.07218,1.0722,1871.0
2026-07-03 08:00:00,1.0722,1.07278,1.07188,1.07274,1906.0
2026-07-03 08:30:00,1.07272,1.07303,1.07254,1.07272,1665.0
2026-07-03 09:00:00,1.07275,1.0731,1.07228,1.07299,1892.0
2026-07-03 09:30:00,1.073,1.07309,1.07248,1.07272,1863.0
2026-07-03 10:00:00,1.07272,1.07282,1.07224,1.07233,1839.0
2026-07-03 10:30:00,1.0723,1.07312,1.07214,1.07302,1958.0
2026-07-03 11:00:00,1.07303,1.07304,1.07265,1.07282,1430.0
2026-07-03 11:30:00,1.07283,1.07316,1.07276,1.07302,932.0
2026-07-03 12:00:00,1.07305,1.07314,1.07272,1.07306,917.0
2026-07-03 12:30:00,1.07304,1.07319,1.07296,1.07318,393.0
2026-07-03 13:00:00,1.07317,1.0733,1.07288,1.0729,764.0
2026-07-03 13:30:00,1.07292,1.07312,1.07276,1.07305,1072.0
2026-07-03 14:00:00,1.07306,1.07315,1.07292,1.07308,864.0
2026-07-03 14:30:00,1.0731,1.07332,1.07256,1.07321,2123.0
2026-07-03 15:00:00,1.07324,1.07334,1.07288,1.07323,1692.0
2026-07-03 15:30:00,1.07324,1.07355,1.07314,1.07338,1522.0
2026-07-03 16:00:00,1.07335,1.07358,1.07288,1.07318,2152.0
2026-07-03 16:30:00,1.07321,1.0734,1.07257,1.07265,4050.0
2026-07-05 17:00:00,1.07259,1.07287,1.07224,1.07268,265.0
2026-07-05 17:30:00,1.07268,1.07306,1.07252,1.07294,2609.0
2026-07-05 18:00:00,1.07292,1.07319,1.07278,1.07317,469.0
2026-07-05 18:30:00,1.07313,1.07313,1.07284,1.07302,86.0
2026-07-05 19:00:00,1.07302,1.07318,1.07296,1.07312,370.0
2026-07-05 19:30:00,1.07311,1.07336,1.07304,1.0733,1416.0
2026-07-05 20:00:00,1.07331,1.07333,1.07295,1.07308,2130.0
2026-07-05 20:30:00,1.07308,1.07314,1.07281,1.07304,1847.0
2026-07-05 21:00:00,1.07304,1.07331,1.07294,1.07326,1620.0
2026-07-05 21:30:00,1.07328,1.07342,1.07312,1.07342,2075.0
2026-07-05 22:00:00,1.07342,1.07356,1.07324,1.07337,1247.0
2026-07-05 22:30:00,1.07336,1.07353,1.07326,1.07336,1105.0
2026-07-05 23:00:00,1.07337,1.07345,1.07328,1.07335,826.0
2026-07-05 23:30:00,1.07339,1.07354,1.07326,1.07333,842.0
2026-07-06 00:00:00,1.07332,1.07342,1.07324,1.07339,655.0
2026-07-06 00:30:00,1.0734,1.0735,1.07326,1.07334,1163.0
2026-07-06 01:00:00,1.07333,1.07339,1.07322,1.07332,1062.0
2026-07-06 01:30:00,1.07332,1.07371,1.0733,1.0737,1360.0
2026-07-06 02:00:00,1.0737,1.07396,1.07352,1.07396,2466.0
2026-07-06 02:30:00,1.07394,1.07446,1.07379,1.07433,2441.0
2026-07-06 03:00:00,1.07432,1.07466,1.07402,1.07462,3463.0
2026-07-06 03:30:00,1.07461,1.07474,1.07408,1.07412,1491.0
2026-07-06 04:00:00,1.07415,1.07439,1.07392,1.07418,617.0
2026-07-06 04:30:00,1.07419,1.07446,1.07378,1.07422,809.0
2026-07-06 05:00:00,1.07422,1.07446,1.07398,1.07434,956.0
2026-07-06 05:30:00,1.07432,1.07478,1.07423,1.07474,1566.0
2026-07-06 06:00:00,1.07472,1.07491,1.07464,1.07475,1474.0
2026-07-06 06:30:00,1.07474,1.07498,1.07461,1.07483,465.0
2026-07-06 07:00:00,1.07481,1.07552,1.07466,1.0755,1272.0
2026-07-06 07:30:00,1.0755,1.07584,1.07538,1.07554,1474.0
2026-07-06 08:00:00,1.07554,1.07584,1.07546,1.07562,2529.0
2026-07-06 08:30:00,1.07566,1.07606,1.0753,1.0759,2332.0
2026-07-06 09:00:00,1.07591,1.0762,1.07564,1.07618,2479.0
2026-07-06 09:30:00,1.07621,1.07692,1.07604,1.0767,3060.0
2026-07-06 10:00:00,1.0767,1.07821,1.07666,1.078,2797.0
2026-07-06 10:30:00,1.07798,1.078,1.07715,1.07723,3077.0
2026-07-06 11:00:00,1.07724,1.07763,1.07712,1.0773,2738.0
2026-07-06 11:30:00,1.07732,1.07785,1.07728,1.07783,2110.0
2026-07-06 12:00:00,1.07785,1.07813,1.0775,1.07804,1779.0
2026-07-06 12:30:00,1.07798,1.07815,1.07781,1.07814,1615.0
2026-07-06 13:00:00,1.07814,1.0782,1.07772,1.07776,1255.0
2026-07-06 13:30:00,1.07776,1.07795,1.0777,1.07782,1069.0
2026-07-06 14:00:00,1.07782,1.0781,1.07777,1.07798,1025.0
2026-07-06 14:30:00,1.07802,1.0782,1.07794,1.07812,1012.0
2026-07-06 15:00:00,1.07816,1.0784,1.07801,1.07804,1376.0
2026-07-06 15:30:00,1.07803,1.07845,1.07786,1.07845,789.0
2026-07-06 16:00:00,1.0784,1.07855,1.07827,1.0784,388.0
2026-07-06 16:30:00,1.07838,1.07842,1.07808,1.07813,470.0
