Timestamp,Open,High,Low,Close,Volume
2026-03-10 08:00:00,212.151,212.278,212.072,212.128,17750.0
2026-03-10 09:00:00,212.125,212.404,212.068,212.267,20101.0
2026-03-10 10:00:00,212.268,212.39,212.176,212.368,19866.0
2026-03-10 11:00:00,212.366,212.418,212.098,212.1,16318.0
2026-03-10 12:00:00,212.1,212.214,212.017,212.14,13965.0
2026-03-10 13:00:00,212.14,212.232,212.087,212.172,16055.0
2026-03-10 14:00:00,212.171,212.234,211.988,211.998,25716.0
2026-03-10 15:00:00,212.0,212.185,211.981,212.062,18321.0
2026-03-10 16:00:00,212.064,212.106,211.997,212.078,5757.0
2026-03-10 17:00:00,212.086,212.183,212.05,212.126,6080.0
2026-03-10 18:00:00,212.108,212.168,212.041,212.156,3505.0
2026-03-10 19:00:00,212.156,212.217,212.102,212.176,5110.0
2026-03-10 20:00:00,212.176,212.529,212.134,212.47,13068.0
2026-03-10 21:00:00,212.472,212.857,212.469,212.818,11011.0
2026-03-10 22:00:00,212.818,212.892,212.764,212.851,6673.0
2026-03-10 23:00:00,212.852,212.87,212.744,212.81,5531.0
2026-03-11 00:00:00,212.81,212.895,212.714,212.724,6559.0
2026-03-11 01:00:00,212.724,212.794,212.642,212.718,9032.0
2026-03-11 02:00:00,212.72,212.72,212.369,212.492,9543.0
2026-03-11 03:00:00,212.487,212.656,212.399,212.58,15993.0
2026-03-11 04:00:00,212.581,212.694,212.437,212.686,13014.0
2026-03-11 05:00:00,212.682,212.718,212.398,212.61,11552.0
2026-03-11 06:00:00,212.61,212.886,212.565,212.834,8187.0
2026-03-11 07:00:00,212.83,212.979,212.728,212.836,11572.0
2026-03-11 08:00:00,212.835,212.918,212.456,212.526,16670.0
2026-03-11 09:00:00,212.528,212.762,212.48,212.661,20548.0
2026-03-11 10:00:00,212.658,213.077,212.634,213.016,18635.0
2026-03-11 11:00:00,213.017,213.058,212.752,212.8,13399.0
2026-03-11 12:00:00,212.801,213.043,212.764,213.001,13455.0
2026-03-11 13:00:00,213.0,213.198,212.974,213.02,11219.0
2026-03-11 14:00:00,213.02,213.224,213.0,213.209,10015.0
2026-03-11 15:00:00,213.207,213.308,213.166,213.282,7081.0
2026-03-11 16:00:00,213.282,213.286,213.168,213.209,3592.0
2026-03-11 17:00:00,213.137,213.178,213.028,213.09,1441.0
2026-03-11 18:00:00,213.126,213.162,212.87,212.882,5607.0
2026-03-11 19:00:00,212.883,213.015,212.818,212.899,8825.0
2026-03-11 20:00:00,212.897,213.034,212.746,212.758,10391.0
2026-03-11 21:00:00,212.758,212.812,212.652,212.686,8599.0
2026-03-11 22:00:00,212.688,212.782,212.618,212.673,7999.0
2026-03-11 23:00:00,212.674,212.684,212.57,212.649,5365.0
2026-03-12 00:00:00,212.641,212.706,212.622,212.636,3239.0
2026-03-12 01:00:00,212.636,212.718,212.566,212.713,6095.0
2026-03-12 02:00:00,212.714,212.752,212.58,212.632,6999.0
2026-03-12 03:00:00,212.632,212.775,212.557,212.671,10073.0
2026-03-12 04:00:00,212.678,212.686,212.494,212.572,12917.0
2026-03-12 05:00:00,212.574,212.688,212.524,212.63,8269.0
2026-03-12 06:00:00,212.629,212.638,212.468,212.566,9046.0
2026-03-12 07:00:00,212.566,212.689,212.538,212.612,11031.0
2026-03-12 08:00:00,212.614,212.658,212.442,212.573,9939.0
2026-03-12 09:00:00,212.574,212.75,212.53,212.562,17657.0
2026-03-12 10:00:00,212.562,212.706,212.514,212.622,17400.0
2026-03-12 11:00:00,212.618,212.652,212.414,212.52,19209.0
2026-03-12 12:00:00,212.52,212.702,212.447,212.515,17840.0
2026-03-12 13:00:00,212.516,212.788,212.514,212.784,14464.0
2026-03-12 14:00:00,212.784,212.874,212.67,212.687,10948.0
2026-03-12 15:00:00,212.686,212.77,212.642,212.728,10283.0
2026-03-12 16:00:00,212.73,212.762,212.624,212.639,6368.0
2026-03-12 17:00:00,212.544,212.792,212.49,212.68,5064.0
2026-03-12 18:00:00,212.718,212.78,212.555,212.63,7425.0
2026-03-12 19:00:00,212.629,212.717,212.562,212.618,4668.0
2026-03-12 20:00:00,212.62,212.702,212.434,212.601,8310.0
2026-03-12 21:00:00,212.602,212.728,212.594,212.725,7796.0
2026-03-12 22:00:00,212.726,212.822,212.634,212.679,6563.0
2026-03-12 23:00:00,212.678,212.718,212.601,212.685,4721.0
2026-03-13 00:00:00,212.688,212.882,212.576,212.648,5271.0
2026-03-13 01:00:00,212.647,212.65,212.414,212.558,4924.0
2026-03-13 02:00:00,212.563,212.568,212.227,212.296,10758.0
2026-03-13 03:00:00,212.296,212.302,211.654,211.735,14563.0
2026-03-13 04:00:00,211.732,211.732,211.288,211.29,16762.0
2026-03-13 05:00:00,211.292,211.62,211.262,211.51,10517.0
2026-03-13 06:00:00,211.51,211.624,211.316,211.374,8158.0
2026-03-13 07:00:00,211.372,211.468,211.138,211.138,11971.0
2026-03-13 08:00:00,211.136,211.528,211.1,211.46,14637.0
2026-03-13 09:00:00,211.462,211.538,211.254,211.298,15378.0
2026-03-13 10:00:00,211.294,211.444,211.137,211.254,17578.0
2026-03-13 11:00:00,211.252,211.367,211.15,211.213,17617.0
2026-03-13 12:00:00,211.211,211.394,211.188,211.394,15736.0
2026-03-13 13:00:00,211.394,211.517,211.346,211.375,11059.0
2026-03-13 14:00:00,211.376,211.482,211.32,211.413,8091.0
2026-03-13 15:00:00,211.414,211.414,211.186,211.21,9338.0
2026-03-13 16:00:00,211.21,211.254,211.077,211.226,5933.0
2026-03-15 17:00:00,211.317,211.384,210.994,211.287,2039.0
2026-03-15 18:00:00,211.294,211.379,211.151,211.202,6358.0
2026-03-15 19:00:00,211.204,211.401,211.128,211.37,5104.0
2026-03-15 20:00:00,211.362,211.426,211.18,211.288,6627.0
2026-03-15 21:00:00,211.288,211.404,211.24,211.379,7740.0
2026-03-15 22:00:00,211.382,211.568,211.361,211.518,6436.0
2026-03-15 23:00:00,211.52,211.581,211.48,211.523,4134.0
2026-03-16 00:00:00,211.52,211.594,211.434,211.44,2963.0
2026-03-16 01:00:00,211.442,211.488,211.138,211.138,5076.0
2026-03-16 02:00:00,211.14,211.211,210.95,211.07,6363.0
2026-03-16 03:00:00,211.072,211.082,210.812,210.959,12540.0
2026-03-16 04:00:00,210.958,211.182,210.91,211.175,14668.0
2026-03-16 05:00:00,211.174,211.222,211.024,211.062,12574.0
2026-03-16 06:00:00,211.058,211.355,211.046,211.33,12420.0
2026-03-16 07:00:00,211.331,211.37,211.238,211.32,10917.0
2026-03-16 08:00:00,211.319,211.373,211.211,211.296,11424.0
2026-03-16 09:00:00,211.294,211.58,211.28,211.514,13360.0
2026-03-16 10:00:00,211.512,211.674,211.392,211.622,15174.0
2026-03-16 11:00:00,211.622,211.938,211.622,211.896,11889.0
2026-03-16 12:00:00,211.898,211.95,211.724,211.878,12501.0
2026-03-16 13:00:00,211.878,212.007,211.856,211.866,9861.0
2026-03-16 14:00:00,211.867,211.994,211.859,211.936,9353.0
2026-03-16 15:00:00,211.934,212.12,211.933,212.093,10363.0
2026-03-16 16:00:00,212.096,212.108,211.834,211.838,3882.0
2026-03-16 17:00:00,211.85,211.93,211.779,211.888,2759.0
2026-03-16 18:00:00,211.884,211.902,211.784,211.84,3205.0
2026-03-16 19:00:00,211.838,211.934,211.812,211.852,3780.0
2026-03-16 20:00:00,211.852,211.952,211.808,211.934,7995.0
2026-03-16 21:00:00,211.938,212.128,211.893,212.08,8423.0
2026-03-16 22:00:00,212.074,212.146,212.04,212.052,4998.0
2026-03-16 23:00:00,212.053,212.12,211.95,211.976,5555.0
2026-03-17 00:00:00,211.972,212.03,211.91,211.966,5035.0
2026-03-17 01:00:00,211.967,212.042,211.834,211.852,6668.0
2026-03-17 02:00:00,211.856,211.885,211.638,211.788,8325.0
2026-03-17 03:00:00,211.791,212.008,211.74,211.868,8884.0
2026-03-17 04:00:00,211.868,212.087,211.658,212.076,14398.0
2026-03-17 05:00:00,212.072,212.238,212.053,212.21,10217.0
2026-03-17 06:00:00,212.206,212.276,211.986,212.019,8020.0
2026-03-17 07:00:00,212.02,212.119,211.827,211.882,10532.0
2026-03-17 08:00:00,211.884,212.087,211.845,212.034,10154.0
2026-03-17 09:00:00,212.034,212.178,211.974,212.048,16772.0
2026-03-17 10:00:00,212.048,212.256,212.025,212.154,14318.0
2026-03-17 11:00:00,212.153,212.274,212.094,212.196,15983.0
2026-03-17 12:00:00,212.194,212.224,212.025,212.151,12812.0
2026-03-17 13:00:00,212.15,212.38,212.15,212.366,6678.0
2026-03-17 14:00:00,212.367,212.44,212.334,212.424,5458.0
2026-03-17 15:00:00,212.428,212.492,212.365,212.387,5637.0
2026-03-17 16:00:00,212.385,212.425,212.348,212.36,3030.0
2026-03-17 17:00:00,212.418,212.478,212.25,212.43,2755.0
2026-03-17 18:00:00,212.404,212.42,212.304,212.38,3220.0
2026-03-17 19:00:00,212.378,212.397,212.23,212.269,4727.0
2026-03-17 20:00:00,212.27,212.498,212.14,212.386,16718.0
2026-03-17 21:00:00,212.388,212.45,212.296,212.339,7241.0
2026-03-17 22:00:00,212.336,212.35,212.152,212.198,6132.0
2026-03-17 23:00:00,212.198,212.33,212.186,212.316,4771.0
2026-03-18 00:00:00,212.314,212.339,212.175,212.234,5398.0
2026-03-18 01:00:00,212.233,212.272,212.108,212.216,6309.0
2026-03-18 02:00:00,212.216,212.228,212.044,212.158,7657.0
2026-03-18 03:00:00,212.164,212.287,211.957,212.027,9992.0
2026-03-18 04:00:00,212.03,212.253,212.005,212.208,8744.0
2026-03-18 05:00:00,212.205,212.352,212.194,212.312,5781.0
2026-03-18 06:00:00,212.312,212.432,212.258,212.372,4396.0
2026-03-18 07:00:00,212.371,212.496,212.318,212.39,9068.0
2026-03-18 08:00:00,212.392,212.452,212.221,212.298,17539.0
2026-03-18 09:00:00,212.302,212.54,212.282,212.54,19503.0
2026-03-18 10:00:00,212.542,212.64,212.197,212.448,15619.0
2026-03-18 11:00:00,212.45,212.574,212.338,212.472,13241.0
2026-03-18 12:00:00,212.469,212.664,212.444,212.659,12128.0
2026-03-18 13:00:00,212.661,212.732,212.55,212.684,11020.0
2026-03-18 14:00:00,212.682,212.688,212.269,212.274,22480.0
2026-03-18 15:00:00,212.274,212.332,212.128,212.206,14937.0
2026-03-18 16:00:00,212.206,212.239,211.904,211.949,7057.0
2026-03-18 17:00:00,211.97,212.091,211.865,211.954,2292.0
2026-03-18 18:00:00,211.948,212.0,211.808,211.858,3460.0
2026-03-18 19:00:00,211.86,211.997,211.844,211.986,5720.0
2026-03-18 20:00:00,211.992,212.276,211.972,212.274,10368.0
2026-03-18 21:00:00,212.274,212.354,212.077,212.09,8446.0
2026-03-18 22:00:00,212.09,212.252,211.998,212.152,9672.0
2026-03-18 23:00:00,212.153,212.222,212.012,212.024,4476.0
2026-03-19 00:00:00,212.022,212.022,211.836,211.905,5301.0
2026-03-19 01:00:00,211.902,211.983,211.82,211.844,4960.0
2026-03-19 02:00:00,211.852,212.006,211.771,211.852,9569.0
2026-03-19 03:00:00,211.846,211.882,211.162,211.205,19169.0
2026-03-19 04:00:00,211.203,211.309,210.852,210.974,14744.0
2026-03-19 05:00:00,210.976,211.53,210.974,211.436,20011.0
2026-03-19 06:00:00,211.436,211.466,211.25,211.305,14564.0
2026-03-19 07:00:00,211.306,211.454,211.156,211.446,10666.0
2026-03-19 08:00:00,211.428,211.708,211.279,211.337,18870.0
2026-03-19 09:00:00,211.328,211.432,210.803,211.238,25007.0
2026-03-19 10:00:00,211.241,211.654,211.104,211.654,25267.0
2026-03-19 11:00:00,211.654,211.91,211.24,211.328,22824.0
2026-03-19 12:00:00,211.329,211.472,211.176,211.298,19673.0
2026-03-19 13:00:00,211.3,211.618,211.291,211.528,12339.0
2026-03-19 14:00:00,211.528,211.654,211.48,211.614,11265.0
2026-03-19 15:00:00,211.614,212.16,211.614,211.732,26144.0
2026-03-19 16:00:00,211.733,211.89,211.678,211.817,5152.0
2026-03-19 17:00:00,211.825,212.01,211.71,211.896,2656.0
2026-03-19 18:00:00,211.896,212.008,211.864,211.969,3471.0
2026-03-19 19:00:00,211.968,212.078,211.946,212.016,3610.0
2026-03-19 20:00:00,212.024,212.078,211.811,211.916,6400.0
2026-03-19 21:00:00,211.916,212.15,211.822,212.118,8672.0
2026-03-19 22:00:00,212.12,212.366,212.12,212.318,5562.0
2026-03-19 23:00:00,212.319,212.342,212.223,212.307,5524.0
2026-03-20 00:00:00,212.306,212.346,212.272,212.275,3563.0
2026-03-20 01:00:00,212.277,212.355,212.262,212.3,4510.0
2026-03-20 02:00:00,212.301,212.397,212.282,212.326,5979.0
2026-03-20 03:00:00,212.33,212.695,212.284,212.544,11951.0
2026-03-20 04:00:00,212.546,212.778,212.54,212.655,10510.0
2026-03-20 05:00:00,212.654,212.7,212.51,212.554,13109.0
2026-03-20 06:00:00,212.554,212.58,212.275,212.353,13305.0
2026-03-20 07:00:00,212.349,212.486,212.238,212.409,10776.0
2026-03-20 08:00:00,212.41,212.626,212.296,212.36,15173.0
2026-03-20 09:00:00,212.36,212.44,212.19,212.314,17422.0
2026-03-20 10:00:00,212.315,212.347,211.764,211.772,21071.0
2026-03-20 11:00:00,211.774,212.238,211.758,211.84,16296.0
2026-03-20 12:00:00,211.838,212.244,211.83,212.198,11874.0
2026-03-20 13:00:00,212.2,212.423,212.189,212.356,12101.0
2026-03-20 14:00:00,212.359,212.608,212.347,212.358,13426.0
2026-03-20 15:00:00,212.36,212.52,212.228,212.413,13282.0
2026-03-20 16:00:00,212.412,212.536,212.391,212.434,9498.0
2026-03-22 17:00:00,212.152,212.236,211.851,211.993,2541.0
2026-03-22 18:00:00,212.019,212.308,211.985,212.246,5813.0
2026-03-22 19:00:00,212.244,212.296,212.11,212.218,6986.0
2026-03-22 20:00:00,212.22,212.455,212.025,212.455,12402.0
2026-03-22 21:00:00,212.456,212.75,212.418,212.635,14386.0
2026-03-22 22:00:00,212.64,212.704,212.426,212.486,9690.0
2026-03-22 23:00:00,212.486,212.586,212.264,212.316,8681.0
2026-03-23 00:00:00,212.317,212.421,212.257,212.382,6042.0
2026-03-23 01:00:00,212.384,212.43,212.227,212.254,7413.0
2026-03-23 02:00:00,212.256,212.278,211.926,211.94,13326.0
2026-03-23 03:00:00,211.94,212.234,211.861,212.09,17781.0
2026-03-23 04:00:00,212.089,212.608,212.077,212.194,19114.0
2026-03-23 05:00:00,212.201,212.274,211.668,211.706,12038.0
2026-03-23 06:00:00,211.706,211.829,211.586,211.706,13631.0
2026-03-23 07:00:00,211.707,213.034,211.632,212.285,48674.0
2026-03-23 08:00:00,212.286,212.884,212.188,212.871,41079.0
2026-03-23 09:00:00,212.874,212.91,212.438,212.578,37683.0
2026-03-23 10:00:00,212.577,213.31,212.436,212.986,35814.0
2026-03-23 11:00:00,212.985,213.102,212.414,212.42,32697.0
2026-03-23 12:00:00,212.418,212.792,212.382,212.654,26708.0
2026-03-23 13:00:00,212.658,212.787,212.558,212.699,19708.0
2026-03-23 14:00:00,212.699,212.748,212.504,212.679,17681.0
2026-03-23 15:00:00,212.678,212.808,212.632,212.78,11299.0
2026-03-23 16:00:00,212.776,212.838,212.666,212.716,4957.0
2026-03-23 17:00:00,212.853,212.878,212.637,212.756,2883.0
2026-03-23 18:00:00,212.73,212.75,212.63,212.688,4193.0
2026-03-23 19:00:00,212.687,212.792,212.614,212.776,8725.0
2026-03-23 20:00:00,212.774,212.816,212.362,212.508,18385.0
2026-03-23 21:00:00,212.508,212.533,212.289,212.42,17348.0
2026-03-23 22:00:00,212.42,212.66,212.392,212.63,13365.0
2026-03-23 23:00:00,212.632,212.718,212.536,212.679,9428.0
2026-03-24 00:00:00,212.68,212.7,212.527,212.642,7427.0
2026-03-24 01:00:00,212.64,212.656,212.472,212.544,11489.0
2026-03-24 02:00:00,212.545,212.774,212.537,212.72,11585.0
2026-03-24 03:00:00,212.718,212.989,212.718,212.87,19369.0
2026-03-24 04:00:00,212.874,212.874,212.259,212.448,17888.0
2026-03-24 05:00:00,212.444,212.632,212.382,212.61,15001.0
2026-03-24 06:00:00,212.613,212.76,212.588,212.74,13580.0
2026-03-24 07:00:00,212.744,212.848,212.562,212.704,15253.0
2026-03-24 08:00:00,212.714,212.812,212.57,212.696,17315.0
2026-03-24 09:00:00,212.695,212.702,212.41,212.441,22176.0
2026-03-24 10:00:00,212.447,212.884,212.414,212.686,24211.0
2026-03-24 11:00:00,212.682,212.73,212.492,212.63,22400.0
2026-03-24 12:00:00,212.63,212.736,212.566,212.688,13060.0
2026-03-24 13:00:00,212.687,212.81,212.492,212.808,18018.0
2026-03-24 14:00:00,212.808,212.839,212.646,212.763,12472.0
2026-03-24 15:00:00,212.762,212.82,212.694,212.768,11604.0
2026-03-24 16:00:00,212.774,212.936,212.656,212.848,15485.0
2026-03-24 17:00:00,212.786,212.892,212.582,212.864,5444.0
2026-03-24 18:00:00,212.855,212.944,212.78,212.932,7798.0
2026-03-24 19:00:00,212.928,212.993,212.887,212.912,7415.0
2026-03-24 20:00:00,212.912,213.202,212.874,213.045,13830.0
2026-03-24 21:00:00,213.048,213.122,212.908,212.918,11520.0
2026-03-24 22:00:00,212.918,212.959,212.808,212.844,6776.0
2026-03-24 23:00:00,212.844,212.88,212.76,212.779,3951.0
2026-03-25 00:00:00,212.779,212.939,212.744,212.772,3499.0
2026-03-25 01:00:00,212.772,212.83,212.643,212.661,5264.0
2026-03-25 02:00:00,212.664,212.892,212.644,212.788,8514.0
2026-03-25 03:00:00,212.787,213.132,212.757,213.1,9974.0
2026-03-25 04:00:00,213.098,213.214,212.853,212.884,16316.0
2026-03-25 05:00:00,212.883,212.976,212.776,212.858,10804.0
2026-03-25 06:00:00,212.858,213.122,212.858,213.078,8346.0
2026-03-25 07:00:00,213.077,213.176,213.058,213.102,10235.0
2026-03-25 08:00:00,213.103,213.216,212.918,212.998,17574.0
2026-03-25 09:00:00,212.996,213.052,212.766,212.811,17196.0
2026-03-25 10:00:00,212.814,212.958,212.654,212.89,20503.0
2026-03-25 11:00:00,212.89,213.006,212.674,212.88,18222.0
2026-03-25 12:00:00,212.88,213.084,212.76,213.058,14306.0
2026-03-25 13:00:00,213.058,213.202,213.017,213.158,10557.0
2026-03-25 14:00:00,213.156,213.182,213.01,213.084,8924.0
2026-03-25 15:00:00,213.085,213.165,213.06,213.144,8013.0
2026-03-25 16:00:00,213.142,213.162,213.046,213.138,3463.0
2026-03-25 17:00:00,213.162,213.186,213.006,213.054,3811.0
2026-03-25 18:00:00,213.048,213.089,212.998,212.999,5528.0
2026-03-25 19:00:00,213.0,213.05,212.95,213.0,3905.0
2026-03-25 20:00:00,213.001,213.086,212.915,213.039,5296.0
2026-03-25 21:00:00,213.038,213.119,212.998,213.102,7128.0
2026-03-25 22:00:00,213.103,213.117,212.932,212.988,3966.0
2026-03-25 23:00:00,212.988,213.127,212.934,213.109,5030.0
2026-03-26 00:00:00,213.108,213.12,213.03,213.094,3100.0
2026-03-26 01:00:00,213.094,213.106,212.96,213.0,4533.0
2026-03-26 02:00:00,213.0,213.103,212.9,212.921,7551.0
2026-03-26 03:00:00,212.922,213.009,212.74,212.93,11639.0
2026-03-26 04:00:00,212.93,212.942,212.704,212.938,12272.0
2026-03-26 05:00:00,212.937,213.019,212.818,212.988,8122.0
2026-03-26 06:00:00,212.986,213.091,212.931,212.983,8544.0
2026-03-26 07:00:00,212.982,213.03,212.762,212.766,8884.0
2026-03-26 08:00:00,212.769,212.865,212.717,212.804,12329.0
2026-03-26 09:00:00,212.807,213.164,212.803,213.056,17646.0
2026-03-26 10:00:00,213.054,213.314,213.02,213.186,18965.0
2026-03-26 11:00:00,213.185,213.272,212.98,213.152,13585.0
2026-03-26 12:00:00,213.153,213.188,212.932,212.948,10945.0
2026-03-26 13:00:00,212.946,213.098,212.784,212.784,10744.0
2026-03-26 14:00:00,212.784,212.928,212.765,212.914,7287.0
2026-03-26 15:00:00,212.916,212.943,212.776,212.784,8094.0
2026-03-26 16:00:00,212.786,213.092,212.736,212.99,15773.0
2026-03-26 17:00:00,212.93,213.115,212.855,212.945,3797.0
2026-03-26 18:00:00,212.948,213.007,212.916,212.952,5101.0
2026-03-26 19:00:00,212.948,213.0,212.902,212.994,4141.0
2026-03-26 20:00:00,212.992,213.0,212.598,212.754,10753.0
2026-03-26 21:00:00,212.754,212.903,212.692,212.795,8534.0
2026-03-26 22:00:00,212.802,212.91,212.796,212.844,5580.0
2026-03-26 23:00:00,212.844,212.95,212.768,212.94,4236.0
2026-03-27 00:00:00,212.94,212.995,212.852,212.984,4562.0
2026-03-27 01:00:00,212.986,213.027,212.906,212.94,6806.0
2026-03-27 02:00:00,212.943,213.054,212.909,213.033,6412.0
2026-03-27 03:00:00,213.03,213.101,212.94,212.942,8433.0
2026-03-27 04:00:00,212.946,212.982,212.725,212.81,9752.0
2026-03-27 05:00:00,212.796,212.878,212.628,212.735,9211.0
2026-03-27 06:00:00,212.733,212.814,212.68,212.724,8702.0
2026-03-27 07:00:00,212.724,212.732,212.336,212.342,7083.0
2026-03-27 08:00:00,212.341,212.373,212.232,212.346,12050.0
2026-03-27 09:00:00,212.346,212.698,212.303,212.624,16341.0
2026-03-27 10:00:00,212.623,212.936,212.61,212.85,15697.0
2026-03-27 11:00:00,212.848,212.978,212.572,212.878,18368.0
2026-03-27 12:00:00,212.88,213.008,212.576,212.626,12111.0
2026-03-27 13:00:00,212.625,212.8,212.596,212.73,10181.0
2026-03-27 14:00:00,212.731,212.802,212.651,212.66,7690.0
2026-03-27 15:00:00,212.658,212.666,212.537,212.55,7783.0
2026-03-27 16:00:00,212.549,212.718,212.524,212.606,5860.0
2026-03-29 17:00:00,212.44,212.709,212.411,212.649,1705.0
2026-03-29 18:00:00,212.574,212.709,212.307,212.353,6770.0
2026-03-29 19:00:00,212.35,212.424,212.096,212.121,6720.0
2026-03-29 20:00:00,212.122,212.144,211.878,211.88,15363.0
2026-03-29 21:00:00,211.88,211.998,211.844,211.908,10935.0
2026-03-29 22:00:00,211.911,211.952,211.762,211.926,9794.0
2026-03-29 23:00:00,211.926,212.078,211.874,212.069,7974.0
2026-03-30 00:00:00,212.068,212.068,211.914,212.02,6215.0
2026-03-30 01:00:00,212.02,212.085,211.961,212.012,8829.0
2026-03-30 02:00:00,212.008,212.116,211.929,212.006,11235.0
2026-03-30 03:00:00,212.004,212.004,211.456,211.64,11275.0
2026-03-30 04:00:00,211.635,211.658,211.284,211.346,12587.0
2026-03-30 05:00:00,211.348,211.388,211.176,211.242,13058.0
2026-03-30 06:00:00,211.241,211.332,211.088,211.146,9556.0
2026-03-30 07:00:00,211.142,211.301,211.057,211.068,14344.0
2026-03-30 08:00:00,211.065,211.079,210.798,210.82,13634.0
2026-03-30 09:00:00,210.818,210.89,210.264,210.322,17493.0
2026-03-30 10:00:00,210.321,210.645,210.248,210.553,18528.0
2026-03-30 11:00:00,210.558,210.584,210.288,210.358,14583.0
2026-03-30 12:00:00,210.358,210.382,210.207,210.314,9572.0
2026-03-30 13:00:00,210.314,210.468,210.294,210.406,9713.0
2026-03-30 14:00:00,210.404,210.54,210.336,210.47,7602.0
2026-03-30 15:00:00,210.469,210.571,210.376,210.56,8065.0
2026-03-30 16:00:00,210.56,210.624,210.464,210.606,6017.0
2026-03-30 17:00:00,210.568,210.668,210.44,210.633,4947.0
2026-03-30 18:00:00,210.642,210.65,210.566,210.614,4404.0
2026-03-30 19:00:00,210.611,210.626,210.47,210.552,4298.0
2026-03-30 20:00:00,210.548,211.064,210.428,211.053,14398.0
2026-03-30 21:00:00,211.056,211.224,210.957,211.032,15006.0
2026-03-30 22:00:00,211.036,211.044,210.796,210.826,8878.0
2026-03-30 23:00:00,210.824,210.9,210.777,210.837,6795.0
2026-03-31 00:00:00,210.836,210.862,210.654,210.656,5213.0
2026-03-31 01:00:00,210.652,210.838,210.414,210.73,8339.0
2026-03-31 02:00:00,210.724,210.938,210.633,210.93,12528.0
2026-03-31 03:00:00,210.929,210.962,210.712,210.814,11441.0
2026-03-31 04:00:00,210.812,210.966,210.726,210.834,11059.0
2026-03-31 05:00:00,210.83,211.03,210.724,210.966,11091.0
2026-03-31 06:00:00,210.966,211.01,210.834,210.844,10506.0
2026-03-31 07:00:00,210.841,211.012,210.728,210.99,17259.0
2026-03-31 08:00:00,210.989,211.208,210.949,210.956,16312.0
2026-03-31 09:00:00,210.956,211.043,210.791,210.974,15314.0
2026-03-31 10:00:00,210.979,211.057,209.632,209.822,22334.0
2026-03-31 11:00:00,209.823,210.1,209.688,209.74,20173.0
2026-03-31 12:00:00,209.738,210.212,209.71,210.072,23521.0
2026-03-31 13:00:00,210.072,210.426,210.055,210.301,20123.0
2026-03-31 14:00:00,210.302,210.418,210.137,210.166,11479.0
2026-03-31 15:00:00,210.176,210.276,210.018,210.063,10889.0
2026-03-31 16:00:00,210.064,210.101,209.913,209.97,5968.0
2026-03-31 17:00:00,209.998,210.106,209.848,209.929,3545.0
2026-03-31 18:00:00,209.924,210.02,209.882,209.958,5815.0
2026-03-31 19:00:00,209.958,210.0,209.828,209.957,9011.0
2026-03-31 20:00:00,209.957,210.346,209.897,210.272,13419.0
2026-03-31 21:00:00,210.272,210.338,209.968,209.993,15735.0
2026-03-31 22:00:00,209.992,210.118,209.982,210.085,10629.0
2026-03-31 23:00:00,210.084,210.176,209.878,210.164,8819.0
2026-04-01 00:00:00,210.167,210.324,210.152,210.207,8558.0
2026-04-01 01:00:00,210.209,210.488,210.2,210.284,12381.0
2026-04-01 02:00:00,210.284,210.525,210.216,210.311,20117.0
2026-04-01 03:00:00,210.308,210.573,210.17,210.562,19789.0
2026-04-01 04:00:00,210.568,210.778,210.503,210.669,21638.0
2026-04-01 05:00:00,210.668,210.942,210.584,210.909,16232.0
2026-04-01 06:00:00,210.906,211.16,210.776,210.792,14158.0
2026-04-01 07:00:00,210.793,211.01,210.75,210.878,12790.0
2026-04-01 08:00:00,210.878,210.96,210.699,210.87,20987.0
2026-04-01 09:00:00,210.872,211.207,210.774,211.197,27349.0
2026-04-01 10:00:00,211.2,211.306,210.91,211.255,29111.0
2026-04-01 11:00:00,211.255,211.408,211.11,211.378,18164.0
2026-04-01 12:00:00,211.376,211.433,211.232,211.426,13756.0
2026-04-01 13:00:00,211.423,211.444,211.208,211.292,12538.0
2026-04-01 14:00:00,211.29,211.307,211.05,211.209,16227.0
2026-04-01 15:00:00,211.21,211.35,211.156,211.262,12939.0
2026-04-01 16:00:00,211.262,211.311,211.159,211.243,9617.0
2026-04-01 17:00:00,211.274,211.327,211.048,211.156,5169.0
2026-04-01 18:00:00,211.148,211.224,210.99,211.01,4764.0
2026-04-01 19:00:00,211.012,211.104,210.986,211.096,5500.0
2026-04-01 20:00:00,211.097,211.268,210.989,211.188,11238.0
2026-04-01 21:00:00,211.188,211.286,210.881,211.104,31498.0
2026-04-01 22:00:00,211.104,211.178,210.962,211.138,13972.0
2026-04-01 23:00:00,211.137,211.16,210.851,210.896,9022.0
2026-04-02 00:00:00,210.897,210.938,210.85,210.874,8231.0
2026-04-02 01:00:00,210.875,210.91,210.636,210.678,8958.0
2026-04-02 02:00:00,210.67,210.75,210.348,210.736,15417.0
2026-04-02 03:00:00,210.742,211.074,210.692,210.878,14740.0
2026-04-02 04:00:00,210.878,210.95,210.674,210.768,11051.0
2026-04-02 05:00:00,210.768,210.8,210.615,210.629,9912.0
2026-04-02 06:00:00,210.626,210.632,210.476,210.534,10338.0
2026-04-02 07:00:00,210.534,210.815,210.527,210.796,10832.0
2026-04-02 08:00:00,210.798,210.966,210.767,210.91,12637.0
2026-04-02 09:00:00,210.909,210.923,210.695,210.784,18877.0
2026-04-02 10:00:00,210.787,211.026,210.588,211.017,28952.0
2026-04-02 11:00:00,211.018,211.048,210.762,210.914,18569.0
2026-04-02 12:00:00,210.915,211.049,210.778,211.02,12780.0
2026-04-02 13:00:00,211.02,211.214,210.986,211.026,8808.0
2026-04-02 14:00:00,211.028,211.159,211.026,211.058,7215.0
2026-04-02 15:00:00,211.052,211.126,210.99,211.09,7910.0
2026-04-02 16:00:00,211.094,211.096,210.993,211.094,3887.0
2026-04-02 17:00:00,211.038,211.073,210.944,211.001,2578.0
2026-04-02 18:00:00,211.012,211.046,210.958,210.988,4473.0
2026-04-02 19:00:00,210.988,211.027,210.966,210.99,3124.0
2026-04-02 20:00:00,210.99,211.207,210.93,211.205,4874.0
2026-04-02 21:00:00,211.204,211.216,211.091,211.146,2586.0
2026-04-02 22:00:00,211.146,211.198,211.108,211.188,2655.0
2026-04-02 23:00:00,211.187,211.226,211.09,211.1,1430.0
2026-04-03 00:00:00,211.104,211.14,211.012,211.114,2024.0
2026-04-03 01:00:00,211.114,211.265,211.05,211.258,3480.0
2026-04-03 02:00:00,211.258,211.282,211.182,211.246,2538.0
2026-04-03 03:00:00,211.246,211.309,211.21,211.255,3150.0
2026-04-03 04:00:00,211.256,211.306,211.18,211.272,5795.0
2026-04-03 05:00:00,211.27,211.286,211.186,211.207,3500.0
2026-04-03 06:00:00,211.208,211.226,211.137,211.186,3919.0
2026-04-03 07:00:00,211.18,211.23,211.138,211.172,9396.0
2026-04-03 08:00:00,211.175,211.188,210.681,210.888,8585.0
2026-04-03 09:00:00,210.887,210.973,210.71,210.822,6821.0
2026-04-03 10:00:00,210.824,210.831,210.692,210.706,4514.0
2026-04-03 11:00:00,210.7,210.9,210.626,210.735,8183.0
2026-04-03 12:00:00,210.733,210.741,210.635,210.661,4341.0
2026-04-03 13:00:00,210.664,210.712,210.649,210.662,3762.0
2026-04-03 14:00:00,210.662,210.686,210.546,210.596,2558.0
2026-04-03 15:00:00,210.594,210.649,210.577,210.631,2595.0
2026-04-03 16:00:00,210.636,210.853,210.437,210.797,7989.0
2026-04-05 17:00:00,210.603,210.792,210.406,210.593,621.0
2026-04-05 18:00:00,210.616,210.728,210.415,210.636,10815.0
2026-04-05 19:00:00,210.636,210.76,210.557,210.684,7824.0
2026-04-05 20:00:00,210.686,210.844,210.678,210.824,7830.0
2026-04-05 21:00:00,210.814,210.815,210.608,210.684,5505.0
2026-04-05 22:00:00,210.685,210.895,210.656,210.796,6461.0
2026-04-05 23:00:00,210.798,210.85,210.707,210.817,4565.0
2026-04-06 00:00:00,210.818,210.845,210.762,210.838,3203.0
2026-04-06 01:00:00,210.838,210.952,210.828,210.894,3470.0
2026-04-06 02:00:00,210.892,211.072,210.828,210.992,7395.0
2026-04-06 03:00:00,210.99,211.4,210.91,211.236,10668.0
2026-04-06 04:00:00,211.236,211.322,211.156,211.176,9330.0
2026-04-06 05:00:00,211.181,211.292,211.158,211.178,6223.0
2026-04-06 06:00:00,211.182,211.298,211.171,211.2,6157.0
2026-04-06 07:00:00,211.198,211.296,211.137,211.21,5814.0
2026-04-06 08:00:00,211.214,211.253,211.11,211.145,6416.0
2026-04-06 09:00:00,211.144,211.466,211.13,211.438,8280.0
2026-04-06 10:00:00,211.442,211.548,211.296,211.429,17658.0
2026-04-06 11:00:00,211.431,211.452,211.247,211.356,9294.0
2026-04-06 12:00:00,211.358,211.411,211.298,211.331,4466.0
2026-04-06 13:00:00,211.332,211.404,211.211,211.326,5304.0
2026-04-06 14:00:00,211.328,211.412,211.274,211.386,5841.0
2026-04-06 15:00:00,211.387,211.418,211.316,211.348,3257.0
2026-04-06 16:00:00,211.35,211.4,211.332,211.38,2909.0
2026-04-06 17:00:00,211.4,211.455,211.293,211.384,2678.0
2026-04-06 18:00:00,211.396,211.396,211.268,211.308,6221.0
2026-04-06 19:00:00,211.308,211.35,211.278,211.338,3892.0
2026-04-06 20:00:00,211.34,211.504,211.32,211.476,9959.0
2026-04-06 21:00:00,211.476,211.523,211.336,211.362,10533.0
2026-04-06 22:00:00,211.362,211.384,211.238,211.314,4468.0
2026-04-06 23:00:00,211.314,211.406,211.303,211.384,3246.0
2026-04-07 00:00:00,211.383,211.422,211.324,211.38,4460.0
2026-04-07 01:00:00,211.38,211.438,211.252,211.392,7161.0
2026-04-07 02:00:00,211.394,211.692,211.336,211.66,11426.0
2026-04-07 03:00:00,211.658,211.682,211.418,211.562,10538.0
2026-04-07 04:00:00,211.563,211.884,211.526,211.856,18762.0
2026-04-07 05:00:00,211.856,211.862,211.739,211.77,12114.0
2026-04-07 06:00:00,211.768,211.796,211.474,211.606,14861.0
2026-04-07 07:00:00,211.606,211.72,211.568,211.714,7535.0
2026-04-07 08:00:00,211.718,211.87,211.658,211.722,10667.0
2026-04-07 09:00:00,211.721,211.848,211.573,211.724,13496.0
2026-04-07 10:00:00,211.724,211.996,211.68,211.894,17688.0
2026-04-07 11:00:00,211.892,211.954,211.7,211.7,14389.0
2026-04-07 12:00:00,211.7,211.887,211.684,211.884,10198.0
2026-04-07 13:00:00,211.886,211.954,211.86,211.919,9678.0
2026-04-07 14:00:00,211.918,211.942,211.87,211.932,8481.0
2026-04-07 15:00:00,211.933,212.13,211.906,212.048,14819.0
2026-04-07 16:00:00,212.048,212.31,212.028,212.186,8828.0
2026-04-07 17:00:00,212.142,212.308,212.092,212.258,2169.0
2026-04-07 18:00:00,212.241,212.589,212.172,212.526,17224.0
2026-04-07 19:00:00,212.53,212.8,212.396,212.704,25387.0
2026-04-07 20:00:00,212.702,212.714,212.242,212.46,25572.0
2026-04-07 21:00:00,212.462,212.66,212.325,212.342,15822.0
2026-04-07 22:00:00,212.339,212.46,212.204,212.318,11639.0
2026-04-07 23:00:00,212.315,212.34,212.146,212.298,8812.0
2026-04-08 00:00:00,212.295,212.542,212.274,212.448,9190.0
2026-04-08 01:00:00,212.454,212.768,212.421,212.626,13228.0
2026-04-08 02:00:00,212.632,212.666,212.312,212.469,18002.0
2026-04-08 03:00:00,212.468,212.538,212.322,212.396,15159.0
2026-04-08 04:00:00,212.394,212.678,212.278,212.664,13241.0
2026-04-08 05:00:00,212.664,212.806,212.548,212.772,12715.0
2026-04-08 06:00:00,212.774,212.986,212.762,212.956,9407.0
2026-04-08 07:00:00,212.952,213.158,212.94,213.108,11045.0
2026-04-08 08:00:00,213.106,213.14,212.89,212.902,16783.0
2026-04-08 09:00:00,212.9,213.002,212.726,212.848,20558.0
2026-04-08 10:00:00,212.847,212.996,212.676,212.866,20311.0
2026-04-08 11:00:00,212.866,212.934,212.702,212.854,16253.0
2026-04-08 12:00:00,212.853,212.864,212.637,212.676,10699.0
2026-04-08 13:00:00,212.672,212.705,212.557,212.65,10428.0
2026-04-08 14:00:00,212.652,212.682,212.454,212.492,12749.0
2026-04-08 15:00:00,212.494,212.61,212.435,212.551,10280.0
2026-04-08 16:00:00,212.55,212.584,212.382,212.408,6163.0
2026-04-08 17:00:00,212.398,212.614,212.398,212.509,3215.0
2026-04-08 18:00:00,212.466,212.488,212.386,212.459,5749.0
2026-04-08 19:00:00,212.458,212.558,212.442,212.481,3833.0
2026-04-08 20:00:00,212.482,212.745,212.43,212.732,8876.0
2026-04-08 21:00:00,212.732,212.743,212.619,212.695,7697.0
2026-04-08 22:00:00,212.696,212.774,212.616,212.616,4661.0
2026-04-08 23:00:00,212.616,212.686,212.568,212.654,4971.0
2026-04-09 00:00:00,212.656,212.764,212.608,212.695,4821.0
2026-04-09 01:00:00,212.697,212.756,212.668,212.711,6445.0
2026-04-09 02:00:00,212.715,212.761,212.642,212.694,9275.0
2026-04-09 03:00:00,212.696,212.918,212.67,212.914,9393.0
2026-04-09 04:00:00,212.914,213.161,212.818,213.122,8107.0
2026-04-09 05:00:00,213.123,213.231,213.077,213.099,8824.0
2026-04-09 06:00:00,213.098,213.233,213.082,213.132,7611.0
2026-04-09 07:00:00,213.128,213.398,213.102,213.382,10240.0
2026-04-09 08:00:00,213.38,213.406,213.288,213.32,11643.0
2026-04-09 09:00:00,213.318,213.52,213.248,213.508,14478.0
2026-04-09 10:00:00,213.508,213.621,213.435,213.548,16444.0
2026-04-09 11:00:00,213.548,213.792,213.49,213.557,15270.0
2026-04-09 12:00:00,213.551,213.558,213.386,213.454,10811.0
2026-04-09 13:00:00,213.453,213.61,213.451,213.562,8277.0
2026-04-09 14:00:00,213.564,213.616,213.47,213.599,10086.0
2026-04-09 15:00:00,213.601,213.852,213.585,213.758,7026.0
2026-04-09 16:00:00,213.759,213.79,213.575,213.636,5641.0
2026-04-09 17:00:00,213.534,213.648,213.534,213.558,4338.0
2026-04-09 18:00:00,213.558,213.649,213.558,213.617,4214.0
2026-04-09 19:00:00,213.614,213.712,213.588,213.654,4847.0
2026-04-09 20:00:00,213.654,213.758,213.635,213.706,9040.0
2026-04-09 21:00:00,213.706,213.746,213.563,213.563,10640.0
2026-04-09 22:00:00,213.564,213.686,213.552,213.664,9473.0
2026-04-09 23:00:00,213.666,213.692,213.628,213.644,7835.0
2026-04-10 00:00:00,213.646,213.714,213.638,213.656,7396.0
2026-04-10 01:00:00,213.654,213.714,213.622,213.712,8427.0
2026-04-10 02:00:00,213.718,213.784,213.673,213.711,9341.0
2026-04-10 03:00:00,213.71,213.852,213.692,213.712,8354.0
2026-04-10 04:00:00,213.716,213.83,213.695,213.818,5643.0
2026-04-10 05:00:00,213.824,214.078,213.744,213.998,11519.0
2026-04-10 06:00:00,213.998,214.084,213.91,213.92,6381.0
2026-04-10 07:00:00,213.918,214.031,213.902,214.008,6420.0
2026-04-10 08:00:00,214.008,214.214,213.992,214.198,10601.0
2026-04-10 09:00:00,214.199,214.418,214.176,214.284,13403.0
2026-04-10 10:00:00,214.286,214.466,214.144,214.206,15683.0
2026-04-10 11:00:00,214.206,214.397,214.108,214.294,13508.0
2026-04-10 12:00:00,214.294,214.404,214.254,214.318,9713.0
2026-04-10 13:00:00,214.319,214.436,214.308,214.38,11072.0
2026-04-10 14:00:00,214.381,214.554,214.351,214.546,11603.0
2026-04-10 15:00:00,214.542,214.582,214.509,214.558,7728.0
2026-04-10 16:00:00,214.554,214.586,214.344,214.386,5661.0
2026-04-12 17:00:00,213.744,214.039,213.67,213.997,2135.0
2026-04-12 18:00:00,213.984,214.123,213.901,214.061,8823.0
2026-04-12 19:00:00,214.058,214.086,213.77,213.878,4927.0
2026-04-12 20:00:00,213.881,214.176,213.818,214.046,8565.0
2026-04-12 21:00:00,214.045,214.141,214.004,214.032,8948.0
2026-04-12 22:00:00,214.034,214.124,213.982,214.084,4680.0
2026-04-12 23:00:00,214.084,214.114,214.034,214.046,4135.0
2026-04-13 00:00:00,214.046,214.168,214.024,214.114,4103.0
2026-04-13 01:00:00,214.114,214.14,214.027,214.07,5303.0
2026-04-13 02:00:00,214.07,214.192,214.009,214.157,10172.0
2026-04-13 03:00:00,214.158,214.434,214.14,214.382,11356.0
2026-04-13 04:00:00,214.383,214.47,214.316,214.461,10172.0
2026-04-13 05:00:00,214.462,214.544,214.426,214.512,7058.0
2026-04-13 06:00:00,214.514,214.556,214.394,214.544,6115.0
2026-04-13 07:00:00,214.544,214.7,214.44,214.494,9251.0
2026-04-13 08:00:00,214.496,214.663,214.448,214.636,10834.0
2026-04-13 09:00:00,214.635,214.887,214.618,214.64,15026.0
2026-04-13 10:00:00,214.64,214.873,214.568,214.794,17587.0
2026-04-13 11:00:00,214.796,214.99,214.742,214.984,12689.0
2026-04-13 12:00:00,214.981,215.04,214.91,214.946,12563.0
2026-04-13 13:00:00,214.946,215.054,214.885,215.026,9085.0
2026-04-13 14:00:00,215.026,215.238,214.932,215.218,8799.0
2026-04-13 15:00:00,215.212,215.267,215.11,215.251,6347.0
2026-04-13 16:00:00,215.25,215.379,215.25,215.34,3471.0
2026-04-13 17:00:00,215.313,215.318,215.146,215.19,2009.0
2026-04-13 18:00:00,215.19,215.37,215.188,215.325,2053.0
2026-04-13 19:00:00,215.326,215.334,215.159,215.204,4277.0
2026-04-13 20:00:00,215.205,215.264,215.06,215.114,8134.0
2026-04-13 21:00:00,215.113,215.164,214.913,215.029,8105.0
2026-04-13 22:00:00,215.03,215.082,214.939,214.985,4138.0
2026-04-13 23:00:00,214.983,215.045,214.923,215.045,4010.0
2026-04-14 00:00:00,215.048,215.081,214.954,214.998,3714.0
2026-04-14 01:00:00,215.0,215.127,214.926,215.102,4848.0
2026-04-14 02:00:00,215.102,215.328,215.099,215.229,11033.0
2026-04-14 03:00:00,215.228,215.292,215.162,215.253,14467.0
2026-04-14 04:00:00,215.25,215.381,215.205,215.344,11739.0
2026-04-14 05:00:00,215.346,215.484,215.102,215.296,8439.0
2026-04-14 06:00:00,215.295,215.412,215.188,215.362,9509.0
2026-04-14 07:00:00,215.362,215.546,215.354,215.492,12466.0
2026-04-14 08:00:00,215.496,215.7,215.46,215.647,12406.0
2026-04-14 09:00:00,215.645,215.788,215.534,215.776,13893.0
2026-04-14 10:00:00,215.776,215.786,215.469,215.692,14892.0
2026-04-14 11:00:00,215.694,215.718,215.444,215.514,13779.0
2026-04-14 12:00:00,215.512,215.528,215.442,215.502,6539.0
2026-04-14 13:00:00,215.502,215.546,215.388,215.413,5648.0
2026-04-14 14:00:00,215.414,215.448,215.342,215.407,6645.0
2026-04-14 15:00:00,215.408,215.536,215.396,215.471,5087.0
2026-04-14 16:00:00,215.472,215.532,215.418,215.44,2648.0
2026-04-14 17:00:00,215.464,215.494,215.368,215.477,10528.0
2026-04-14 18:00:00,215.464,215.518,215.39,215.517,2172.0
2026-04-14 19:00:00,215.518,215.647,215.516,215.574,5454.0
2026-04-14 20:00:00,215.575,215.602,215.476,215.562,8462.0
2026-04-14 21:00:00,215.565,215.741,215.565,215.634,10171.0
2026-04-14 22:00:00,215.635,215.724,215.572,215.656,8192.0
2026-04-14 23:00:00,215.656,215.72,215.61,215.675,6229.0
2026-04-15 00:00:00,215.674,215.723,215.646,215.704,4912.0
2026-04-15 01:00:00,215.706,215.791,215.592,215.64,6837.0
2026-04-15 02:00:00,215.642,215.69,215.522,215.634,7638.0
2026-04-15 03:00:00,215.633,215.703,215.476,215.51,10876.0
2026-04-15 04:00:00,215.512,215.514,215.192,215.374,11004.0
2026-04-15 05:00:00,215.375,215.43,215.252,215.419,11185.0
2026-04-15 06:00:00,215.418,215.493,215.302,215.376,11643.0
2026-04-15 07:00:00,215.378,215.574,215.32,215.556,9825.0
2026-04-15 08:00:00,215.555,215.686,215.538,215.672,11072.0
2026-04-15 09:00:00,215.67,215.756,215.578,215.601,13656.0
2026-04-15 10:00:00,215.602,215.832,215.569,215.726,15899.0
2026-04-15 11:00:00,215.726,215.805,215.668,215.75,12664.0
2026-04-15 12:00:00,215.748,215.835,215.483,215.662,9793.0
2026-04-15 13:00:00,215.657,215.909,215.647,215.902,5981.0
2026-04-15 14:00:00,215.904,215.911,215.808,215.862,7740.0
2026-04-15 15:00:00,215.858,215.878,215.726,215.74,5023.0
2026-04-15 16:00:00,215.74,215.745,215.553,215.592,3364.0
2026-04-15 17:00:00,215.675,215.692,215.48,215.599,6342.0
2026-04-15 18:00:00,215.565,215.574,215.496,215.556,2296.0
2026-04-15 19:00:00,215.556,215.593,215.484,215.566,2882.0
2026-04-15 20:00:00,215.565,215.58,215.417,215.462,6607.0
2026-04-15 21:00:00,215.46,215.471,215.372,215.416,7954.0
2026-04-15 22:00:00,215.416,215.577,215.355,215.364,6466.0
2026-04-15 23:00:00,215.363,215.507,215.122,215.502,8401.0
2026-04-16 00:00:00,215.502,215.563,215.458,215.481,3811.0
2026-04-16 01:00:00,215.481,215.577,215.368,215.576,5009.0
2026-04-16 02:00:00,215.582,215.738,215.503,215.58,8398.0
2026-04-16 03:00:00,215.586,215.64,215.385,215.406,12897.0
2026-04-16 04:00:00,215.406,215.568,215.394,215.433,10383.0
2026-04-16 05:00:00,215.434,215.472,215.258,215.323,8173.0
2026-04-16 06:00:00,215.322,215.4,215.25,215.381,10478.0
2026-04-16 07:00:00,215.378,215.424,215.298,215.341,11146.0
2026-04-16 08:00:00,215.34,215.564,215.262,215.55,9991.0
2026-04-16 09:00:00,215.55,215.649,215.408,215.61,13753.0
2026-04-16 10:00:00,215.61,215.628,215.166,215.354,15859.0
2026-04-16 11:00:00,215.356,215.457,215.292,215.36,13645.0
2026-04-16 12:00:00,215.362,215.418,215.311,215.354,10429.0
2026-04-16 13:00:00,215.354,215.466,215.342,215.397,8474.0
2026-04-16 14:00:00,215.398,215.467,215.349,215.444,8701.0
2026-04-16 15:00:00,215.444,215.465,215.282,215.358,5113.0
2026-04-16 16:00:00,215.356,215.367,215.264,215.276,2656.0
2026-04-16 17:00:00,215.33,215.384,215.209,215.288,3210.0
2026-04-16 18:00:00,215.29,215.358,215.198,215.316,1831.0
2026-04-16 19:00:00,215.314,215.368,215.291,215.337,2726.0
2026-04-16 20:00:00,215.34,215.484,215.261,215.43,7546.0
2026-04-16 21:00:00,215.436,215.502,215.336,215.4,6880.0
2026-04-16 22:00:00,215.4,215.508,215.4,215.466,3707.0
2026-04-16 23:00:00,215.466,215.598,215.438,215.584,3643.0
2026-04-17 00:00:00,215.585,215.664,215.54,215.644,3412.0
2026-04-17 01:00:00,215.645,215.696,215.573,215.609,4834.0
2026-04-17 02:00:00,215.608,215.608,215.254,215.284,10092.0
2026-04-17 03:00:00,215.283,215.506,215.246,215.43,11550.0
2026-04-17 04:00:00,215.432,215.443,215.253,215.335,9368.0
2026-04-17 05:00:00,215.336,215.46,215.15,215.21,10475.0
2026-04-17 06:00:00,215.207,215.318,215.192,215.247,8006.0
2026-04-17 07:00:00,215.248,215.456,215.202,215.358,8373.0
2026-04-17 08:00:00,215.36,215.39,215.149,215.182,21410.0
2026-04-17 09:00:00,215.17,215.206,214.644,214.724,27299.0
2026-04-17 10:00:00,214.724,214.746,214.006,214.199,22308.0
2026-04-17 11:00:00,214.203,214.44,214.108,214.303,17679.0
2026-04-17 12:00:00,214.298,214.36,214.105,214.211,10445.0
2026-04-17 13:00:00,214.21,214.386,214.204,214.344,11230.0
2026-04-17 14:00:00,214.344,214.478,214.32,214.452,8439.0
2026-04-17 15:00:00,214.451,214.496,214.339,214.368,9369.0
2026-04-17 16:00:00,214.368,214.482,214.346,214.424,6783.0
2026-04-19 17:00:00,214.226,214.302,214.178,214.262,703.0
2026-04-19 18:00:00,214.262,214.484,214.197,214.468,6666.0
2026-04-19 19:00:00,214.468,214.624,214.422,214.586,6480.0
2026-04-19 20:00:00,214.586,214.728,214.426,214.584,11049.0
2026-04-19 21:00:00,214.584,214.604,214.42,214.431,8707.0
2026-04-19 22:00:00,214.43,214.548,214.429,214.522,5688.0
2026-04-19 23:00:00,214.522,214.602,214.474,214.591,5041.0
2026-04-20 00:00:00,214.592,214.659,214.54,214.598,4316.0
2026-04-20 01:00:00,214.592,214.624,214.431,214.452,7896.0
2026-04-20 02:00:00,214.446,214.62,214.326,214.576,14351.0
2026-04-20 03:00:00,214.572,214.762,214.502,214.65,16766.0
2026-04-20 04:00:00,214.654,214.698,214.544,214.592,9708.0
2026-04-20 05:00:00,214.592,214.87,214.515,214.837,11507.0
2026-04-20 06:00:00,214.836,214.861,214.708,214.808,9852.0
2026-04-20 07:00:00,214.809,214.878,214.729,214.742,12119.0
2026-04-20 08:00:00,214.742,214.772,214.652,214.747,12683.0
2026-04-20 09:00:00,214.75,214.814,214.544,214.683,17931.0
2026-04-20 10:00:00,214.684,214.762,214.586,214.644,17169.0
2026-04-20 11:00:00,214.644,214.862,214.601,214.845,16034.0
2026-04-20 12:00:00,214.842,214.922,214.752,214.792,9128.0
2026-04-20 13:00:00,214.792,214.882,214.784,214.881,7083.0
2026-04-20 14:00:00,214.881,215.062,214.836,215.038,8170.0
2026-04-20 15:00:00,215.036,215.074,214.94,214.954,5350.0
2026-04-20 16:00:00,214.954,215.104,214.916,214.947,4271.0
2026-04-20 17:00:00,214.929,214.966,214.843,214.844,3349.0
2026-04-20 18:00:00,214.822,214.972,214.806,214.962,6803.0
2026-04-20 19:00:00,214.961,214.986,214.921,214.943,2600.0
2026-04-20 20:00:00,214.944,215.039,214.918,214.974,7634.0
2026-04-20 21:00:00,214.976,215.036,214.95,214.978,5360.0
2026-04-20 22:00:00,214.977,215.029,214.892,214.93,4465.0
2026-04-20 23:00:00,214.93,214.936,214.866,214.916,4103.0
2026-04-21 00:00:00,214.918,214.928,214.822,214.836,2820.0
2026-04-21 01:00:00,214.838,214.918,214.784,214.802,5509.0
2026-04-21 02:00:00,214.803,215.0,214.714,214.72,10705.0
2026-04-21 03:00:00,214.718,214.906,214.712,214.798,15346.0
2026-04-21 04:00:00,214.799,215.007,214.606,214.944,13717.0
2026-04-21 05:00:00,214.948,215.014,214.877,214.967,6987.0
2026-04-21 06:00:00,214.968,215.099,214.954,215.086,5752.0
2026-04-21 07:00:00,215.084,215.234,215.002,215.012,8544.0
2026-04-21 08:00:00,215.01,215.219,214.992,215.134,11094.0
2026-04-21 09:00:00,215.135,215.186,215.062,215.178,13262.0
2026-04-21 10:00:00,215.18,215.413,215.13,215.308,16722.0
2026-04-21 11:00:00,215.31,215.422,215.212,215.356,15367.0
2026-04-21 12:00:00,215.356,215.406,215.23,215.248,9654.0
2026-04-21 13:00:00,215.248,215.319,215.078,215.176,13337.0
2026-04-21 14:00:00,215.175,215.227,215.034,215.21,11021.0
2026-04-21 15:00:00,215.21,215.248,215.072,215.186,15133.0
2026-04-21 16:00:00,215.188,215.348,215.138,215.348,8879.0
2026-04-21 17:00:00,215.258,215.332,215.146,215.224,4035.0
2026-04-21 18:00:00,215.256,215.278,215.195,215.252,5121.0
2026-04-21 19:00:00,215.255,215.368,215.24,215.31,3939.0
2026-04-21 20:00:00,215.313,215.368,215.168,215.202,9924.0
2026-04-21 21:00:00,215.201,215.23,215.12,215.174,7218.0
2026-04-21 22:00:00,215.173,215.253,215.166,215.229,4448.0
2026-04-21 23:00:00,215.228,215.363,215.212,215.296,4144.0
2026-04-22 00:00:00,215.296,215.319,215.206,215.23,3612.0
2026-04-22 01:00:00,215.23,215.364,215.217,215.354,9225.0
2026-04-22 02:00:00,215.358,215.36,215.099,215.104,9189.0
2026-04-22 03:00:00,215.108,215.415,215.093,215.379,10037.0
2026-04-22 04:00:00,215.379,215.607,215.358,215.592,9677.0
2026-04-22 05:00:00,215.592,215.662,215.421,215.439,9719.0
2026-04-22 06:00:00,215.44,215.442,215.276,215.303,8254.0
2026-04-22 07:00:00,215.301,215.305,214.99,215.034,12300.0
2026-04-22 08:00:00,215.034,215.076,214.926,215.048,12611.0
2026-04-22 09:00:00,215.048,215.264,215.007,215.182,16849.0
2026-04-22 10:00:00,215.184,215.262,215.13,215.172,16525.0
2026-04-22 11:00:00,215.172,215.396,215.11,215.38,11829.0
2026-04-22 12:00:00,215.38,215.428,215.266,215.409,8404.0
2026-04-22 13:00:00,215.409,215.541,215.404,215.431,7184.0
2026-04-22 14:00:00,215.434,215.46,215.374,215.39,5212.0
2026-04-22 15:00:00,215.392,215.462,215.354,215.447,5564.0
2026-04-22 16:00:00,215.448,215.471,215.313,215.346,4277.0
2026-04-22 17:00:00,215.382,215.416,215.262,215.361,2033.0
2026-04-22 18:00:00,215.322,215.349,215.272,215.324,1397.0
2026-04-22 19:00:00,215.327,215.342,215.272,215.31,2536.0
2026-04-22 20:00:00,215.316,215.365,215.157,215.236,16702.0
2026-04-22 21:00:00,215.238,215.28,215.151,215.162,9353.0
2026-04-22 22:00:00,215.164,215.294,215.144,215.17,8019.0
2026-04-22 23:00:00,215.17,215.182,215.072,215.159,6202.0
2026-04-23 00:00:00,215.159,215.272,215.126,215.238,4036.0
2026-04-23 01:00:00,215.239,215.29,215.224,215.27,4993.0
2026-04-23 02:00:00,215.271,215.472,215.188,215.406,5920.0
2026-04-23 03:00:00,215.414,215.513,215.236,215.29,9092.0
2026-04-23 04:00:00,215.29,215.692,215.264,215.663,12221.0
2026-04-23 05:00:00,215.66,215.736,215.49,215.647,12667.0
2026-04-23 06:00:00,215.649,215.7,215.361,215.372,11656.0
2026-04-23 07:00:00,215.372,215.582,215.356,215.494,13387.0
2026-04-23 08:00:00,215.49,215.494,215.134,215.135,16013.0
2026-04-23 09:00:00,215.134,215.466,215.092,215.395,14118.0
2026-04-23 10:00:00,215.394,215.545,215.312,215.354,15161.0
2026-04-23 11:00:00,215.354,215.356,215.12,215.146,11322.0
2026-04-23 12:00:00,215.144,215.16,215.046,215.138,8343.0
2026-04-23 13:00:00,215.14,215.163,214.953,215.054,22133.0
2026-04-23 14:00:00,215.053,215.092,215.026,215.08,13111.0
2026-04-23 15:00:00,215.082,215.106,215.044,215.077,8741.0
2026-04-23 16:00:00,215.078,215.14,215.032,215.132,5116.0
2026-04-23 17:00:00,215.054,215.15,214.964,215.055,2459.0
2026-04-23 18:00:00,215.055,215.108,215.014,215.09,1654.0
2026-04-23 19:00:00,215.09,215.178,215.057,215.129,2776.0
2026-04-23 20:00:00,215.132,215.214,215.09,215.206,8194.0
2026-04-23 21:00:00,215.208,215.24,215.159,215.234,6547.0
2026-04-23 22:00:00,215.236,215.26,215.042,215.063,5423.0
2026-04-23 23:00:00,215.06,215.112,215.038,215.084,5093.0
2026-04-24 00:00:00,215.082,215.112,215.012,215.106,4473.0
2026-04-24 01:00:00,215.107,215.164,215.078,215.15,5648.0
2026-04-24 02:00:00,215.152,215.195,214.957,215.008,10176.0
2026-04-24 03:00:00,215.007,215.224,214.949,215.188,8546.0
2026-04-24 04:00:00,215.188,215.336,215.12,215.248,12767.0
2026-04-24 05:00:00,215.249,215.409,215.224,215.382,10404.0
2026-04-24 06:00:00,215.383,215.49,215.324,215.409,9627.0
2026-04-24 07:00:00,215.408,215.435,215.102,215.15,17404.0
2026-04-24 08:00:00,215.152,215.428,215.09,215.418,14428.0
2026-04-24 09:00:00,215.416,215.428,215.248,215.412,14527.0
2026-04-24 10:00:00,215.41,215.455,215.25,215.346,17522.0
2026-04-24 11:00:00,215.346,215.464,215.268,215.376,14462.0
2026-04-24 12:00:00,215.376,215.5,215.324,215.464,8900.0
2026-04-24 13:00:00,215.464,215.554,215.424,215.522,7003.0
2026-04-24 14:00:00,215.524,215.687,215.515,215.679,5364.0
2026-04-24 15:00:00,215.678,215.746,215.654,215.736,5037.0
2026-04-24 16:00:00,215.736,215.777,215.596,215.596,4859.0
2026-04-26 17:00:00,215.534,215.622,215.457,215.592,1044.0
2026-04-26 18:00:00,215.562,215.732,215.535,215.628,2414.0
2026-04-26 19:00:00,215.628,215.701,215.598,215.652,4374.0
2026-04-26 20:00:00,215.654,215.668,215.541,215.646,6188.0
2026-04-26 21:00:00,215.646,215.708,215.574,215.638,11957.0
2026-04-26 22:00:00,215.64,215.692,215.601,215.672,5663.0
2026-04-26 23:00:00,215.67,215.75,215.652,215.67,5831.0
2026-04-27 00:00:00,215.668,215.668,215.574,215.624,4422.0
2026-04-27 01:00:00,215.624,215.762,215.586,215.74,5881.0
2026-04-27 02:00:00,215.742,215.758,215.564,215.578,8622.0
2026-04-27 03:00:00,215.576,215.71,215.523,215.674,11236.0
2026-04-27 04:00:00,215.676,215.75,215.596,215.712,11678.0
2026-04-27 05:00:00,215.714,215.8,215.646,215.76,8156.0
2026-04-27 06:00:00,215.761,215.86,215.736,215.813,8639.0
2026-04-27 07:00:00,215.816,215.847,215.716,215.84,8894.0
2026-04-27 08:00:00,215.839,216.058,215.73,215.73,11561.0
2026-04-27 09:00:00,215.74,215.812,215.542,215.715,13186.0
2026-04-27 10:00:00,215.717,215.896,215.688,215.822,12859.0
2026-04-27 11:00:00,215.822,215.878,215.758,215.871,10992.0
2026-04-27 12:00:00,215.87,215.974,215.832,215.86,7728.0
2026-04-27 13:00:00,215.86,215.872,215.754,215.792,6688.0
2026-04-27 14:00:00,215.791,215.824,215.712,215.772,5940.0
2026-04-27 15:00:00,215.772,215.788,215.718,215.728,4648.0
2026-04-27 16:00:00,215.73,215.766,215.71,215.754,2553.0
2026-04-27 17:00:00,215.888,215.91,215.738,215.816,2184.0
2026-04-27 18:00:00,215.82,215.82,215.733,215.784,3043.0
2026-04-27 19:00:00,215.785,215.84,215.715,215.746,3189.0
2026-04-27 20:00:00,215.748,215.83,215.682,215.802,7469.0
2026-04-27 21:00:00,215.798,215.821,215.702,215.77,7304.0
2026-04-27 22:00:00,215.784,215.789,215.666,215.702,4364.0
2026-04-27 23:00:00,215.704,215.758,215.175,215.266,9050.0
2026-04-28 00:00:00,215.266,215.268,215.14,215.248,4957.0
2026-04-28 01:00:00,215.248,215.286,215.138,215.204,6378.0
2026-04-28 02:00:00,215.202,215.248,214.952,215.202,11502.0
2026-04-28 03:00:00,215.2,215.582,215.114,215.524,9573.0
2026-04-28 04:00:00,215.525,215.684,215.373,215.38,9317.0
2026-04-28 05:00:00,215.38,215.42,215.194,215.276,10492.0
2026-04-28 06:00:00,215.279,215.372,215.224,215.258,9672.0
2026-04-28 07:00:00,215.258,215.38,215.108,215.171,13713.0
2026-04-28 08:00:00,215.167,215.301,215.05,215.159,14799.0
2026-04-28 09:00:00,215.16,215.371,215.118,215.274,16563.0
2026-04-28 10:00:00,215.274,215.589,215.216,215.586,17515.0
2026-04-28 11:00:00,215.592,215.634,215.524,215.566,13144.0
2026-04-28 12:00:00,215.564,215.652,215.492,215.64,9048.0
2026-04-28 13:00:00,215.638,215.696,215.595,215.666,6427.0
2026-04-28 14:00:00,215.667,215.771,215.655,215.765,5991.0
2026-04-28 15:00:00,215.764,215.813,215.714,215.805,4945.0
2026-04-28 16:00:00,215.805,215.836,215.76,215.774,3269.0
2026-04-28 17:00:00,215.674,215.838,215.607,215.697,1971.0
2026-04-28 18:00:00,215.7,215.81,215.688,215.768,1298.0
2026-04-28 19:00:00,215.769,215.815,215.746,215.788,2251.0
2026-04-28 20:00:00,215.783,215.843,215.74,215.786,5780.0
2026-04-28 21:00:00,215.784,215.842,215.723,215.754,8449.0
2026-04-28 22:00:00,215.764,215.816,215.662,215.687,5319.0
2026-04-28 23:00:00,215.686,215.742,215.668,215.676,3012.0
2026-04-29 00:00:00,215.674,215.756,215.668,215.721,2636.0
2026-04-29 01:00:00,215.72,215.755,215.623,215.684,4834.0
2026-04-29 02:00:00,215.685,215.712,215.49,215.548,7597.0
2026-04-29 03:00:00,215.543,215.657,215.512,215.642,10071.0
2026-04-29 04:00:00,215.619,215.735,215.539,215.7,9861.0
2026-04-29 05:00:00,215.698,215.858,215.649,215.836,9277.0
2026-04-29 06:00:00,215.838,215.909,215.784,215.86,7368.0
2026-04-29 07:00:00,215.86,215.97,215.796,215.876,8992.0
2026-04-29 08:00:00,215.879,216.012,215.855,215.978,9691.0
2026-04-29 09:00:00,215.974,216.086,215.802,215.9,11986.0
2026-04-29 10:00:00,215.904,216.193,215.802,216.166,12704.0
2026-04-29 11:00:00,216.167,216.284,216.068,216.148,13289.0
2026-04-29 12:00:00,216.146,216.266,216.098,216.117,10894.0
2026-04-29 13:00:00,216.118,216.235,216.062,216.093,10186.0
2026-04-29 14:00:00,216.102,216.183,215.897,216.033,16037.0
2026-04-29 15:00:00,216.032,216.19,215.993,216.14,10258.0
2026-04-29 16:00:00,216.14,216.26,216.084,216.218,5703.0
2026-04-29 17:00:00,216.188,216.242,216.028,216.178,5469.0
2026-04-29 18:00:00,216.157,216.194,216.088,216.128,3356.0
2026-04-29 19:00:00,216.124,216.141,216.02,216.087,4009.0
2026-04-29 20:00:00,216.092,216.204,215.985,216.146,12089.0
2026-04-29 21:00:00,216.143,216.152,216.002,216.016,10553.0
2026-04-29 22:00:00,216.02,216.11,215.996,216.06,9445.0
2026-04-29 23:00:00,216.06,216.19,216.058,216.182,7132.0
2026-04-30 00:00:00,216.182,216.194,216.012,216.099,9375.0
2026-04-30 01:00:00,216.1,216.237,216.091,216.237,8833.0
2026-04-30 02:00:00,216.236,216.472,216.159,216.401,12173.0
2026-04-30 03:00:00,216.402,216.602,215.596,215.969,13185.0
2026-04-30 04:00:00,215.969,216.084,215.029,215.206,21740.0
2026-04-30 05:00:00,215.19,215.283,214.89,215.158,18530.0
2026-04-30 06:00:00,215.158,215.164,212.32,212.645,32570.0
2026-04-30 07:00:00,212.644,212.846,210.46,211.38,38187.0
2026-04-30 08:00:00,211.381,212.162,211.221,211.916,26581.0
2026-04-30 09:00:00,211.912,212.164,211.13,212.098,26330.0
2026-04-30 10:00:00,212.098,212.98,211.937,212.813,28840.0
2026-04-30 11:00:00,212.812,213.074,212.68,212.726,18706.0
2026-04-30 12:00:00,212.726,212.813,212.538,212.6,10481.0
2026-04-30 13:00:00,212.601,212.758,212.497,212.53,11798.0
2026-04-30 14:00:00,212.531,212.803,212.498,212.75,10657.0
2026-04-30 15:00:00,212.75,213.033,212.745,212.996,11308.0
2026-04-30 16:00:00,212.993,213.102,212.962,213.054,6522.0
2026-04-30 17:00:00,212.976,213.104,212.974,213.036,1674.0
2026-04-30 18:00:00,213.04,213.22,213.04,213.121,2378.0
2026-04-30 19:00:00,213.122,213.616,213.109,213.544,6673.0
2026-04-30 20:00:00,213.542,213.963,213.522,213.692,15151.0
2026-04-30 21:00:00,213.694,213.939,213.608,213.894,11893.0
2026-04-30 22:00:00,213.887,214.006,213.808,213.938,8496.0
2026-04-30 23:00:00,213.939,214.047,213.655,213.814,7559.0
2026-05-01 00:00:00,213.815,213.864,213.691,213.813,5972.0
2026-05-01 01:00:00,213.813,213.852,213.688,213.732,6195.0
2026-05-01 02:00:00,213.734,213.778,211.81,212.283,18786.0
2026-05-01 03:00:00,212.282,213.176,212.17,213.087,22552.0
2026-05-01 04:00:00,213.087,213.155,212.695,212.935,13941.0
2026-05-01 05:00:00,212.936,213.128,212.812,212.842,10356.0
2026-05-01 06:00:00,212.839,213.08,212.834,213.066,8086.0
2026-05-01 07:00:00,213.068,213.27,213.066,213.262,9314.0
2026-05-01 08:00:00,213.269,213.486,213.2,213.437,14576.0
2026-05-01 09:00:00,213.436,213.536,213.022,213.423,14646.0
2026-05-01 10:00:00,213.427,213.661,213.34,213.394,20085.0
2026-05-01 11:00:00,213.398,213.634,213.398,213.498,16325.0
2026-05-01 12:00:00,213.5,213.546,213.372,213.427,12831.0
2026-05-01 13:00:00,213.428,213.435,213.285,213.332,9300.0
2026-05-01 14:00:00,213.332,213.393,213.124,213.266,10272.0
2026-05-01 15:00:00,213.265,213.31,213.187,213.188,6239.0
2026-05-01 16:00:00,213.186,213.266,213.052,213.248,7956.0
2026-05-03 17:00:00,213.194,213.268,213.126,213.242,761.0
2026-05-03 18:00:00,213.202,213.208,213.034,213.132,3217.0
2026-05-03 19:00:00,213.132,213.15,213.014,213.093,4642.0
2026-05-03 20:00:00,213.094,213.214,213.081,213.19,9676.0
2026-05-03 21:00:00,213.19,213.366,212.78,213.33,11429.0
2026-05-03 22:00:00,213.332,213.571,213.32,213.461,7559.0
2026-05-03 23:00:00,213.462,213.623,211.788,212.403,13434.0
2026-05-04 00:00:00,212.406,213.038,212.326,212.968,10240.0
2026-05-04 01:00:00,212.97,213.123,212.744,213.107,8595.0
2026-05-04 02:00:00,213.102,213.248,213.022,213.12,10442.0
2026-05-04 03:00:00,213.118,213.14,212.746,212.856,11819.0
2026-05-04 04:00:00,212.855,212.898,212.78,212.84,10305.0
2026-05-04 05:00:00,212.842,212.938,212.794,212.83,10010.0
2026-05-04 06:00:00,212.831,212.914,212.559,212.821,19155.0
2026-05-04 07:00:00,212.823,212.849,212.714,212.836,12578.0
2026-05-04 08:00:00,212.836,213.072,212.798,213.041,13594.0
2026-05-04 09:00:00,213.04,213.046,212.853,212.926,16521.0
2026-05-04 10:00:00,212.924,213.116,212.868,212.916,14441.0
2026-05-04 11:00:00,212.916,212.938,212.656,212.738,16828.0
2026-05-04 12:00:00,212.739,212.798,212.538,212.615,15880.0
2026-05-04 13:00:00,212.614,212.844,212.613,212.782,10262.0
2026-05-04 14:00:00,212.779,212.818,211.92,212.18,9375.0
2026-05-04 15:00:00,212.192,212.708,212.192,212.666,10990.0
2026-05-04 16:00:00,212.665,212.794,212.648,212.79,6776.0
2026-05-04 17:00:00,212.786,212.8,212.604,212.668,3433.0
2026-05-04 18:00:00,212.686,212.778,212.65,212.707,1791.0
2026-05-04 19:00:00,212.705,212.738,212.669,212.731,3205.0
2026-05-04 20:00:00,212.732,212.78,212.618,212.629,7295.0
2026-05-04 21:00:00,212.628,212.7,212.588,212.644,6834.0
2026-05-04 22:00:00,212.645,212.729,212.622,212.658,4526.0
2026-05-04 23:00:00,212.655,212.696,212.63,212.647,2709.0
2026-05-05 00:00:00,212.648,212.749,212.584,212.588,3612.0
2026-05-05 01:00:00,212.582,212.664,212.56,212.63,7010.0
2026-05-05 02:00:00,212.626,212.83,212.56,212.748,10473.0
2026-05-05 03:00:00,212.756,212.894,212.738,212.87,11382.0
2026-05-05 04:00:00,212.87,213.095,212.86,212.992,9328.0
2026-05-05 05:00:00,212.991,213.726,212.828,213.308,15060.0
2026-05-05 06:00:00,213.305,213.534,213.276,213.506,8120.0
2026-05-05 07:00:00,213.508,213.635,213.438,213.604,8413.0
2026-05-05 08:00:00,213.606,213.72,213.454,213.686,12695.0
2026-05-05 09:00:00,213.685,213.892,213.666,213.836,11349.0
2026-05-05 10:00:00,213.822,213.993,213.784,213.884,15987.0
2026-05-05 11:00:00,213.886,214.076,213.824,214.036,11932.0
2026-05-05 12:00:00,214.038,214.06,213.892,213.901,7135.0
2026-05-05 13:00:00,213.902,213.962,213.852,213.902,7444.0
2026-05-05 14:00:00,213.901,213.984,213.878,213.905,5292.0
2026-05-05 15:00:00,213.908,213.927,213.786,213.82,4712.0
2026-05-05 16:00:00,213.82,213.834,213.752,213.762,3416.0
2026-05-05 17:00:00,213.83,213.918,213.751,213.83,2680.0
2026-05-05 18:00:00,213.822,213.892,213.7,213.834,3934.0
2026-05-05 19:00:00,213.836,214.027,213.78,213.944,9161.0
2026-05-05 20:00:00,213.948,213.974,213.872,213.935,12877.0
2026-05-05 21:00:00,213.936,214.073,213.924,214.06,10006.0
2026-05-05 22:00:00,214.06,214.153,214.035,214.131,6544.0
2026-05-05 23:00:00,214.136,214.234,214.0,214.023,5428.0
2026-05-06 00:00:00,214.022,214.075,210.765,211.904,27836.0
2026-05-06 01:00:00,211.902,212.478,211.676,212.383,16315.0
2026-05-06 02:00:00,212.382,212.536,212.35,212.52,12669.0
2026-05-06 03:00:00,212.513,212.728,211.738,211.904,16009.0
2026-05-06 04:00:00,211.898,212.63,211.855,212.542,21673.0
2026-05-06 05:00:00,212.541,212.66,212.436,212.47,17961.0
2026-05-06 06:00:00,212.47,212.58,212.26,212.41,19633.0
2026-05-06 07:00:00,212.407,212.78,212.334,212.645,20932.0
2026-05-06 08:00:00,212.648,212.778,212.57,212.722,19022.0
2026-05-06 09:00:00,212.727,212.75,212.366,212.444,18370.0
2026-05-06 10:00:00,212.446,212.649,212.392,212.61,17943.0
2026-05-06 11:00:00,212.608,212.768,212.549,212.688,14759.0
2026-05-06 12:00:00,212.686,212.732,212.43,212.488,10408.0
2026-05-06 13:00:00,212.492,212.722,212.474,212.704,8570.0
2026-05-06 14:00:00,212.704,212.714,212.571,212.621,7216.0
2026-05-06 15:00:00,212.621,212.663,212.568,212.628,7764.0
2026-05-06 16:00:00,212.628,212.658,212.49,212.558,6864.0
2026-05-06 17:00:00,212.558,212.572,212.362,212.388,2860.0
2026-05-06 18:00:00,212.362,212.568,212.362,212.544,3868.0
2026-05-06 19:00:00,212.544,212.743,212.476,212.738,4234.0
2026-05-06 20:00:00,212.739,212.748,212.434,212.482,13855.0
2026-05-06 21:00:00,212.482,212.547,212.296,212.533,12575.0
2026-05-06 22:00:00,212.532,212.694,212.483,212.683,8618.0
2026-05-06 23:00:00,212.68,212.68,212.562,212.621,5659.0
2026-05-07 00:00:00,212.616,212.656,212.553,212.616,4862.0
2026-05-07 01:00:00,212.614,212.66,212.56,212.595,4852.0
2026-05-07 02:00:00,212.588,212.628,212.434,212.558,10317.0
2026-05-07 03:00:00,212.556,212.85,212.404,212.848,13579.0
2026-05-07 04:00:00,212.849,212.963,212.712,212.954,8802.0
2026-05-07 05:00:00,212.954,213.057,212.934,212.969,6595.0
2026-05-07 06:00:00,212.966,213.124,212.944,213.017,7294.0
2026-05-07 07:00:00,213.017,213.065,212.83,212.992,7532.0
2026-05-07 08:00:00,212.99,213.056,212.888,212.916,10623.0
2026-05-07 09:00:00,212.918,213.094,212.89,212.924,13666.0
2026-05-07 10:00:00,212.924,213.041,212.864,212.977,12694.0
2026-05-07 11:00:00,212.978,213.092,212.932,212.947,12617.0
2026-05-07 12:00:00,212.946,213.03,212.866,212.936,12403.0
2026-05-07 13:00:00,212.94,212.974,212.739,212.81,12951.0
2026-05-07 14:00:00,212.808,212.95,212.721,212.866,11049.0
2026-05-07 15:00:00,212.869,212.894,212.754,212.764,11155.0
2026-05-07 16:00:00,212.764,212.84,212.626,212.648,9100.0
2026-05-07 17:00:00,212.667,212.754,212.442,212.592,3430.0
2026-05-07 18:00:00,212.599,212.682,212.52,212.55,3665.0
2026-05-07 19:00:00,212.55,212.638,212.541,212.62,2657.0
2026-05-07 20:00:00,212.623,212.75,212.572,212.71,10522.0
2026-05-07 21:00:00,212.711,212.76,212.662,212.74,7891.0
2026-05-07 22:00:00,212.739,212.823,212.676,212.686,7036.0
2026-05-07 23:00:00,212.685,212.702,212.564,212.591,5555.0
2026-05-08 00:00:00,212.59,212.861,212.545,212.77,6240.0
2026-05-08 01:00:00,212.772,212.922,212.762,212.896,6278.0
2026-05-08 02:00:00,212.897,213.074,212.858,213.073,9898.0
2026-05-08 03:00:00,213.072,213.08,212.954,213.009,9225.0
2026-05-08 04:00:00,213.004,213.335,212.984,213.33,10740.0
2026-05-08 05:00:00,213.33,213.395,213.291,213.32,6269.0
2026-05-08 06:00:00,213.324,213.402,213.23,213.258,7063.0
2026-05-08 07:00:00,213.264,213.388,213.226,213.386,7860.0
2026-05-08 08:00:00,213.386,213.398,213.192,213.252,12479.0
2026-05-08 09:00:00,213.258,213.294,213.116,213.272,13843.0
2026-05-08 10:00:00,213.268,213.443,213.193,213.412,13485.0
2026-05-08 11:00:00,213.414,213.472,213.3,213.414,12280.0
2026-05-08 12:00:00,213.412,213.488,213.345,213.382,5940.0
2026-05-08 13:00:00,213.378,213.438,213.328,213.411,4891.0
2026-05-08 14:00:00,213.408,213.498,213.392,213.452,5789.0
2026-05-08 15:00:00,213.452,213.607,213.451,213.595,6122.0
2026-05-08 16:00:00,213.596,213.709,213.548,213.608,5205.0
2026-05-10 17:00:00,212.299,212.804,212.299,212.686,2096.0
2026-05-10 18:00:00,212.68,213.232,212.674,213.222,5085.0
2026-05-10 19:00:00,213.221,213.299,213.184,213.251,3207.0
2026-05-10 20:00:00,213.252,213.495,213.236,213.423,8125.0
2026-05-10 21:00:00,213.424,213.544,213.388,213.543,8891.0
2026-05-10 22:00:00,213.542,213.656,213.51,213.571,5329.0
2026-05-10 23:00:00,213.568,213.612,213.54,213.572,4945.0
2026-05-11 00:00:00,213.574,213.581,213.364,213.398,3799.0
2026-05-11 01:00:00,213.402,213.468,213.39,213.456,4660.0
2026-05-11 02:00:00,213.456,213.562,213.331,213.502,8658.0
2026-05-11 03:00:00,213.506,213.708,213.506,213.686,7417.0
2026-05-11 04:00:00,213.684,213.808,213.618,213.764,7497.0
2026-05-11 05:00:00,213.767,213.837,213.678,213.705,4988.0
2026-05-11 06:00:00,213.703,213.717,213.478,213.538,9080.0
2026-05-11 07:00:00,213.54,213.868,213.526,213.794,8166.0
2026-05-11 08:00:00,213.796,213.87,213.696,213.856,9926.0
2026-05-11 09:00:00,213.858,214.036,213.851,213.942,11681.0
2026-05-11 10:00:00,213.943,214.138,213.876,214.136,12581.0
2026-05-11 11:00:00,214.14,214.382,214.123,214.367,10333.0
2026-05-11 12:00:00,214.366,214.425,214.298,214.384,6163.0
2026-05-11 13:00:00,214.385,214.424,214.323,214.346,6503.0
2026-05-11 14:00:00,214.345,214.36,214.228,214.254,5286.0
2026-05-11 15:00:00,214.262,214.294,214.126,214.136,5515.0
2026-05-11 16:00:00,214.137,214.152,213.95,213.992,4039.0
2026-05-11 17:00:00,213.942,214.028,213.828,213.836,2140.0
2026-05-11 18:00:00,213.846,213.937,213.826,213.908,2078.0
2026-05-11 19:00:00,213.908,213.965,213.88,213.918,2971.0
2026-05-11 20:00:00,213.918,214.022,213.88,213.999,8297.0
2026-05-11 21:00:00,214.0,214.103,213.96,214.052,9572.0
2026-05-11 22:00:00,214.054,214.204,214.044,214.182,4559.0
2026-05-11 23:00:00,214.182,214.189,214.06,214.089,3385.0
2026-05-12 00:00:00,214.09,214.156,214.046,214.077,3769.0
2026-05-12 01:00:00,214.078,214.144,212.82,213.534,7942.0
2026-05-12 02:00:00,213.538,213.639,213.264,213.36,14009.0
2026-05-12 03:00:00,213.363,213.423,212.856,212.92,10774.0
2026-05-12 04:00:00,212.923,213.313,212.748,213.26,11761.0
2026-05-12 05:00:00,213.26,213.484,213.186,213.33,9148.0
2026-05-12 06:00:00,213.328,213.493,213.216,213.232,6111.0
2026-05-12 07:00:00,213.232,213.358,213.108,213.242,9107.0
2026-05-12 08:00:00,213.244,213.365,213.01,213.286,11180.0
2026-05-12 09:00:00,213.286,213.333,212.964,212.998,16243.0
2026-05-12 10:00:00,212.994,213.349,212.989,213.176,16308.0
2026-05-12 11:00:00,213.176,213.362,212.947,213.334,14482.0
2026-05-12 12:00:00,213.331,213.404,213.195,213.252,9558.0
2026-05-12 13:00:00,213.252,213.34,213.174,213.256,7084.0
2026-05-12 14:00:00,213.256,213.303,213.14,213.258,7843.0
2026-05-12 15:00:00,213.26,213.442,213.25,213.438,7503.0
2026-05-12 16:00:00,213.421,213.442,213.372,213.426,3555.0
2026-05-12 17:00:00,213.35,213.446,213.322,213.36,1630.0
2026-05-12 18:00:00,213.358,213.422,213.341,213.393,1546.0
2026-05-12 19:00:00,213.394,213.44,213.351,213.416,2554.0
2026-05-12 20:00:00,213.418,213.526,213.358,213.487,8600.0
2026-05-12 21:00:00,213.488,213.522,213.321,213.478,8764.0
2026-05-12 22:00:00,213.478,213.526,213.418,213.444,5686.0
2026-05-12 23:00:00,213.444,213.471,213.345,213.468,4879.0
2026-05-13 00:00:00,213.468,213.492,213.416,213.462,2980.0
2026-05-13 01:00:00,213.462,213.692,213.454,213.643,4844.0
2026-05-13 02:00:00,213.65,213.702,213.356,213.44,6791.0
2026-05-13 03:00:00,213.44,213.514,213.31,213.404,9191.0
2026-05-13 04:00:00,213.404,213.55,213.337,213.428,7809.0
2026-05-13 05:00:00,213.428,213.454,213.247,213.37,7746.0
2026-05-13 06:00:00,213.37,213.391,212.973,213.166,9498.0
2026-05-13 07:00:00,213.167,213.228,213.012,213.047,7009.0
2026-05-13 08:00:00,213.044,213.164,212.886,212.938,9361.0
2026-05-13 09:00:00,212.942,213.27,212.94,213.22,12169.0
2026-05-13 10:00:00,213.219,213.378,213.183,213.33,12729.0
2026-05-13 11:00:00,213.327,213.477,213.298,213.382,9481.0
2026-05-13 12:00:00,213.382,213.452,213.298,213.348,8646.0
2026-05-13 13:00:00,213.343,213.4,213.315,213.392,5319.0
2026-05-13 14:00:00,213.392,213.453,213.361,213.448,6361.0
2026-05-13 15:00:00,213.448,213.512,213.433,213.488,5763.0
2026-05-13 16:00:00,213.486,213.568,213.454,213.524,4416.0
2026-05-13 17:00:00,213.495,213.512,213.265,213.476,2326.0
2026-05-13 18:00:00,213.432,213.54,213.426,213.48,1841.0
2026-05-13 19:00:00,213.479,213.535,213.421,213.534,3262.0
2026-05-13 20:00:00,213.53,213.584,213.494,213.574,6326.0
2026-05-13 21:00:00,213.572,213.632,213.522,213.539,7423.0
2026-05-13 22:00:00,213.538,213.622,213.532,213.568,4903.0
2026-05-13 23:00:00,213.568,213.71,213.564,213.686,4892.0
2026-05-14 00:00:00,213.688,213.688,213.14,213.569,6431.0
2026-05-14 01:00:00,213.572,213.598,213.406,213.433,6611.0
2026-05-14 02:00:00,213.429,213.599,213.415,213.524,6433.0
2026-05-14 03:00:00,213.524,213.537,213.27,213.277,7099.0
2026-05-14 04:00:00,213.278,213.48,213.264,213.48,6696.0
2026-05-14 05:00:00,213.476,213.503,213.339,213.365,7609.0
2026-05-14 06:00:00,213.366,213.474,213.342,213.402,8567.0
2026-05-14 07:00:00,213.404,213.482,213.188,213.269,7867.0
2026-05-14 08:00:00,213.268,213.49,213.216,213.385,8628.0
2026-05-14 09:00:00,213.384,213.423,212.486,213.18,18112.0
2026-05-14 10:00:00,213.184,213.363,213.098,213.26,13066.0
2026-05-14 11:00:00,213.257,213.301,213.051,213.072,8652.0
2026-05-14 12:00:00,213.067,213.084,212.493,212.628,11205.0
2026-05-14 13:00:00,212.63,212.664,212.14,212.148,8186.0
2026-05-14 14:00:00,212.147,212.149,211.884,212.058,7409.0
2026-05-14 15:00:00,212.059,212.228,212.054,212.198,7152.0
2026-05-14 16:00:00,212.198,212.285,212.156,212.253,4318.0
2026-05-14 17:00:00,212.202,212.284,212.148,212.244,2181.0
2026-05-14 18:00:00,212.246,212.274,212.186,212.214,1516.0
2026-05-14 19:00:00,212.215,212.232,212.058,212.092,5557.0
2026-05-14 20:00:00,212.094,212.105,211.908,212.039,11896.0
2026-05-14 21:00:00,212.04,212.05,211.779,211.909,11179.0
2026-05-14 22:00:00,211.908,212.05,211.865,212.032,7872.0
2026-05-14 23:00:00,212.033,212.05,211.96,211.998,6071.0
2026-05-15 00:00:00,211.994,211.998,211.812,211.837,5059.0
2026-05-15 01:00:00,211.836,211.841,211.599,211.629,9478.0
2026-05-15 02:00:00,211.629,211.904,211.484,211.524,15040.0
2026-05-15 03:00:00,211.526,211.813,211.508,211.756,14361.0
2026-05-15 04:00:00,211.764,211.778,211.436,211.614,13544.0
2026-05-15 05:00:00,211.616,211.632,211.296,211.586,14102.0
2026-05-15 06:00:00,211.59,212.067,211.59,211.938,13094.0
2026-05-15 07:00:00,211.938,212.061,211.834,211.851,11094.0
2026-05-15 08:00:00,211.853,211.853,211.532,211.751,10602.0
2026-05-15 09:00:00,211.752,211.894,211.667,211.706,16199.0
2026-05-15 10:00:00,211.708,211.954,211.632,211.632,15694.0
2026-05-15 11:00:00,211.63,211.71,211.334,211.556,14375.0
2026-05-15 12:00:00,211.562,211.626,211.378,211.568,8714.0
2026-05-15 13:00:00,211.564,211.626,211.469,211.558,6434.0
2026-05-15 14:00:00,211.558,211.59,211.404,211.424,9267.0
2026-05-15 15:00:00,211.424,211.498,211.402,211.466,6420.0
2026-05-15 16:00:00,211.467,211.589,211.402,211.553,4918.0
2026-05-17 17:00:00,211.442,211.576,211.344,211.451,1630.0
2026-05-17 18:00:00,211.413,211.628,211.358,211.46,4591.0
2026-05-17 19:00:00,211.461,211.558,211.42,211.432,6174.0
2026-05-17 20:00:00,211.43,211.563,211.384,211.524,13101.0
2026-05-17 21:00:00,211.526,211.581,211.395,211.569,11834.0
2026-05-17 22:00:00,211.568,211.59,211.462,211.493,8362.0
2026-05-17 23:00:00,211.492,211.746,211.486,211.731,6517.0
2026-05-18 00:00:00,211.731,211.818,211.504,211.699,6748.0
2026-05-18 01:00:00,211.7,211.794,211.672,211.77,7451.0
2026-05-18 02:00:00,211.767,212.24,211.74,212.216,11509.0
2026-05-18 03:00:00,212.214,212.25,212.056,212.205,12764.0
2026-05-18 04:00:00,212.204,212.562,212.156,212.469,10362.0
2026-05-18 05:00:00,212.466,212.493,212.302,212.373,8530.0
2026-05-18 06:00:00,212.374,212.454,212.119,212.13,8387.0
2026-05-18 07:00:00,212.128,212.468,212.125,212.468,15217.0
2026-05-18 08:00:00,212.469,212.72,212.454,212.572,15618.0
2026-05-18 09:00:00,212.572,212.644,212.424,212.584,15772.0
2026-05-18 10:00:00,212.582,212.866,212.57,212.752,14447.0
2026-05-18 11:00:00,212.752,213.236,212.668,213.126,15062.0
2026-05-18 12:00:00,213.124,213.553,213.094,213.44,12401.0
2026-05-18 13:00:00,213.438,213.5,213.304,213.306,7680.0
2026-05-18 14:00:00,213.308,213.327,213.176,213.199,8507.0
2026-05-18 15:00:00,213.2,213.418,213.174,213.386,13868.0
2026-05-18 16:00:00,213.385,213.453,213.31,213.404,6109.0
2026-05-18 17:00:00,213.354,213.37,213.186,213.243,2114.0
2026-05-18 18:00:00,213.228,213.392,213.214,213.382,1732.0
2026-05-18 19:00:00,213.382,213.412,213.342,213.39,3135.0
2026-05-18 20:00:00,213.39,213.482,213.342,213.386,10586.0
2026-05-18 21:00:00,213.385,213.398,213.228,213.31,9433.0
2026-05-18 22:00:00,213.306,213.311,213.198,213.272,7344.0
2026-05-18 23:00:00,213.272,213.289,213.214,213.218,5706.0
2026-05-19 00:00:00,213.218,213.24,213.134,213.156,5636.0
2026-05-19 01:00:00,213.158,213.367,213.047,213.346,8190.0
2026-05-19 02:00:00,213.344,213.35,213.091,213.154,8574.0
2026-05-19 03:00:00,213.158,213.232,213.036,213.153,11348.0
2026-05-19 04:00:00,213.152,213.178,213.001,213.135,11594.0
2026-05-19 05:00:00,213.133,213.322,213.073,213.31,10403.0
2026-05-19 06:00:00,213.313,213.419,213.192,213.301,11485.0
2026-05-19 07:00:00,213.302,213.363,213.25,213.294,10014.0
2026-05-19 08:00:00,213.294,213.514,212.856,213.27,13730.0
2026-05-19 09:00:00,213.262,213.304,212.966,213.166,17731.0
2026-05-19 10:00:00,213.166,213.199,212.91,213.037,16275.0
2026-05-19 11:00:00,213.038,213.252,212.958,213.198,13517.0
2026-05-19 12:00:00,213.2,213.209,212.653,212.813,11738.0
2026-05-19 13:00:00,212.812,213.03,212.812,213.016,8149.0
2026-05-19 14:00:00,213.014,213.182,213.014,213.081,8570.0
2026-05-19 15:00:00,213.089,213.182,213.082,213.144,7699.0
2026-05-19 16:00:00,213.145,213.217,213.077,213.088,4105.0
2026-05-19 17:00:00,213.183,213.218,213.032,213.19,4118.0
2026-05-19 18:00:00,213.176,213.176,213.098,213.119,2324.0
2026-05-19 19:00:00,213.118,213.135,213.056,213.056,3306.0
2026-05-19 20:00:00,213.052,213.144,212.872,212.888,14170.0
2026-05-19 21:00:00,212.888,212.95,212.788,212.904,12118.0
2026-05-19 22:00:00,212.904,212.941,212.76,212.813,9704.0
2026-05-19 23:00:00,212.813,212.946,212.769,212.888,8087.0
2026-05-20 00:00:00,212.89,212.962,212.839,212.886,7606.0
2026-05-20 01:00:00,212.888,212.964,212.832,212.888,7933.0
2026-05-20 02:00:00,212.898,213.01,212.637,212.82,13537.0
2026-05-20 03:00:00,212.82,212.99,212.758,212.922,11951.0
2026-05-20 04:00:00,212.926,213.008,212.786,212.834,11544.0
2026-05-20 05:00:00,212.834,212.96,212.829,212.876,8585.0
2026-05-20 06:00:00,212.876,213.031,212.84,213.008,9808.0
2026-05-20 07:00:00,213.01,213.175,212.998,213.106,8244.0
2026-05-20 08:00:00,213.108,213.176,213.027,213.046,8918.0
2026-05-20 09:00:00,213.045,213.22,213.008,213.091,12142.0
2026-05-20 10:00:00,213.09,213.461,213.008,213.408,22054.0
2026-05-20 11:00:00,213.412,213.588,213.28,213.51,22421.0
2026-05-20 12:00:00,213.508,213.601,213.468,213.506,14223.0
2026-05-20 13:00:00,213.505,213.622,213.494,213.512,10097.0
2026-05-20 14:00:00,213.512,213.584,213.488,213.527,8663.0
2026-05-20 15:00:00,213.52,213.592,213.463,213.469,7846.0
2026-05-20 16:00:00,213.47,213.561,213.454,213.523,5836.0
2026-05-20 17:00:00,213.556,213.572,213.428,213.512,1214.0
2026-05-20 18:00:00,213.497,213.512,213.412,213.445,1976.0
2026-05-20 19:00:00,213.446,213.49,213.43,213.46,3149.0
2026-05-20 20:00:00,213.46,213.522,213.391,213.474,8902.0
2026-05-20 21:00:00,213.473,213.572,213.42,213.456,9170.0
2026-05-20 22:00:00,213.458,213.486,213.293,213.433,6324.0
2026-05-20 23:00:00,213.434,213.491,213.41,213.447,3379.0
2026-05-21 00:00:00,213.445,213.573,213.435,213.562,3209.0
2026-05-21 01:00:00,213.562,213.614,213.516,213.598,4961.0
2026-05-21 02:00:00,213.592,213.704,213.59,213.694,5979.0
2026-05-21 03:00:00,213.698,213.772,213.376,213.568,12994.0
2026-05-21 04:00:00,213.574,213.829,213.508,213.598,13446.0
2026-05-21 05:00:00,213.601,213.728,213.568,213.698,10646.0
2026-05-21 06:00:00,213.696,213.784,213.46,213.621,12432.0
2026-05-21 07:00:00,213.62,213.77,213.566,213.616,8248.0
2026-05-21 08:00:00,213.614,213.666,213.469,213.496,10742.0
2026-05-21 09:00:00,213.493,213.593,213.324,213.429,14272.0
2026-05-21 10:00:00,213.428,213.5,213.32,213.462,17154.0
2026-05-21 11:00:00,213.462,213.503,213.289,213.373,14782.0
2026-05-21 12:00:00,213.37,213.402,213.312,213.384,8269.0
2026-05-21 13:00:00,213.384,213.649,213.368,213.596,16880.0
2026-05-21 14:00:00,213.596,213.712,213.498,213.581,13407.0
2026-05-21 15:00:00,213.582,213.639,213.498,213.53,9938.0
2026-05-21 16:00:00,213.531,213.614,213.494,213.512,3682.0
2026-05-21 17:00:00,213.406,213.618,213.366,213.512,5543.0
2026-05-21 18:00:00,213.509,213.576,213.499,213.57,1440.0
2026-05-21 19:00:00,213.57,213.612,213.536,213.597,3263.0
2026-05-21 20:00:00,213.596,213.636,213.509,213.575,8583.0
2026-05-21 21:00:00,213.575,213.628,213.546,213.584,7405.0
2026-05-21 22:00:00,213.582,213.599,213.489,213.522,5265.0
2026-05-21 23:00:00,213.522,213.532,213.47,213.514,4140.0
2026-05-22 00:00:00,213.514,213.634,213.496,213.623,4056.0
2026-05-22 01:00:00,213.623,213.666,213.53,213.586,4828.0
2026-05-22 02:00:00,213.586,213.597,213.472,213.578,6633.0
2026-05-22 03:00:00,213.575,213.632,213.444,213.62,5182.0
2026-05-22 04:00:00,213.623,213.739,213.548,213.583,7034.0
2026-05-22 05:00:00,213.58,213.649,213.502,213.614,6541.0
2026-05-22 06:00:00,213.617,213.683,213.544,213.58,7619.0
2026-05-22 07:00:00,213.58,213.621,213.527,213.568,8145.0
2026-05-22 08:00:00,213.565,213.74,213.496,213.73,11478.0
2026-05-22 09:00:00,213.731,214.049,213.714,213.772,14400.0
2026-05-22 10:00:00,213.767,213.797,213.556,213.725,15279.0
2026-05-22 11:00:00,213.724,213.993,213.666,213.9,9811.0
2026-05-22 12:00:00,213.899,214.012,213.878,213.984,6838.0
2026-05-22 13:00:00,213.984,214.014,213.932,214.0,8411.0
2026-05-22 14:00:00,214.003,214.013,213.954,213.988,5858.0
2026-05-22 15:00:00,213.984,213.984,213.855,213.909,5784.0
2026-05-22 16:00:00,213.909,213.937,213.786,213.825,5824.0
2026-05-24 17:00:00,213.753,213.848,213.635,213.808,1582.0
2026-05-24 18:00:00,213.81,214.242,213.81,214.241,4055.0
2026-05-24 19:00:00,214.24,214.31,214.223,214.297,3190.0
2026-05-24 20:00:00,214.296,214.303,214.161,214.182,6954.0
2026-05-24 21:00:00,214.179,214.224,214.107,214.168,7293.0
2026-05-24 22:00:00,214.168,214.188,214.07,214.084,3482.0
2026-05-24 23:00:00,214.086,214.134,214.052,214.1,3928.0
2026-05-25 00:00:00,214.101,214.23,214.09,214.197,2905.0
2026-05-25 01:00:00,214.195,214.294,214.194,214.272,3900.0
2026-05-25 02:00:00,214.272,214.33,214.192,214.301,6630.0
2026-05-25 03:00:00,214.3,214.38,214.226,214.37,8021.0
2026-05-25 04:00:00,214.371,214.444,214.291,214.436,6247.0
2026-05-25 05:00:00,214.436,214.486,214.414,214.438,4525.0
2026-05-25 06:00:00,214.44,214.47,214.394,214.438,3758.0
2026-05-25 07:00:00,214.44,214.61,214.387,214.541,4527.0
2026-05-25 08:00:00,214.54,214.614,214.52,214.532,5826.0
2026-05-25 09:00:00,214.53,214.59,214.444,214.444,6565.0
2026-05-25 10:00:00,214.444,214.572,214.422,214.554,5847.0
2026-05-25 11:00:00,214.556,214.602,214.51,214.545,5414.0
2026-05-25 12:00:00,214.548,214.597,214.514,214.575,2844.0
2026-05-25 13:00:00,214.574,214.623,214.567,214.604,1870.0
2026-05-25 14:00:00,214.604,214.635,214.591,214.634,1496.0
2026-05-25 15:00:00,214.632,214.684,214.61,214.662,1485.0
2026-05-25 16:00:00,214.664,214.684,214.647,214.674,1435.0
2026-05-25 17:00:00,214.56,214.624,214.481,214.566,2871.0
2026-05-25 18:00:00,214.588,214.652,214.575,214.603,1498.0
2026-05-25 19:00:00,214.602,214.638,214.508,214.53,3191.0
2026-05-25 20:00:00,214.531,214.546,214.426,214.52,8935.0
2026-05-25 21:00:00,214.518,214.551,214.344,214.398,7818.0
2026-05-25 22:00:00,214.398,214.428,214.35,214.376,4842.0
2026-05-25 23:00:00,214.376,214.413,214.346,214.392,3327.0
2026-05-26 00:00:00,214.39,214.396,214.322,214.355,3004.0
2026-05-26 01:00:00,214.356,214.366,214.272,214.29,4095.0
2026-05-26 02:00:00,214.294,214.48,214.268,214.426,7819.0
2026-05-26 03:00:00,214.426,214.527,214.325,214.518,9185.0
2026-05-26 04:00:00,214.517,214.646,214.492,214.538,6667.0
2026-05-26 05:00:00,214.538,214.641,214.481,214.611,7157.0
2026-05-26 06:00:00,214.612,214.666,214.528,214.613,8719.0
2026-05-26 07:00:00,214.612,214.684,214.412,214.423,9043.0
2026-05-26 08:00:00,214.422,214.548,214.39,214.432,9078.0
2026-05-26 09:00:00,214.433,214.498,214.368,214.449,10930.0
2026-05-26 10:00:00,214.45,214.512,214.274,214.286,11967.0
2026-05-26 11:00:00,214.286,214.318,214.079,214.118,10050.0
2026-05-26 12:00:00,214.122,214.231,214.087,214.132,5769.0
2026-05-26 13:00:00,214.135,214.228,214.11,214.208,5182.0
2026-05-26 14:00:00,214.208,214.226,214.158,214.221,5372.0
2026-05-26 15:00:00,214.222,214.274,214.185,214.263,4077.0
2026-05-26 16:00:00,214.261,214.326,214.192,214.226,3269.0
2026-05-26 17:00:00,214.208,214.332,214.202,214.219,2960.0
2026-05-26 18:00:00,214.214,214.262,214.204,214.217,1703.0
2026-05-26 19:00:00,214.215,214.299,214.208,214.274,2862.0
2026-05-26 20:00:00,214.274,214.356,214.198,214.318,7215.0
2026-05-26 21:00:00,214.318,214.324,214.164,214.216,7192.0
2026-05-26 22:00:00,214.215,214.268,214.192,214.202,6722.0
2026-05-26 23:00:00,214.2,214.256,214.18,214.21,4052.0
2026-05-27 00:00:00,214.208,214.268,214.2,214.252,3810.0
2026-05-27 01:00:00,214.252,214.362,214.24,214.32,5158.0
2026-05-27 02:00:00,214.318,214.377,214.255,214.37,6048.0
2026-05-27 03:00:00,214.371,214.421,214.192,214.224,5964.0
2026-05-27 04:00:00,214.228,214.408,214.198,214.329,8125.0
2026-05-27 05:00:00,214.33,214.368,214.236,214.262,7902.0
2026-05-27 06:00:00,214.257,214.274,214.147,214.227,8191.0
2026-05-27 07:00:00,214.231,214.256,214.137,214.194,7882.0
2026-05-27 08:00:00,214.198,214.378,214.134,214.262,16431.0
2026-05-27 09:00:00,214.26,214.39,214.246,214.321,14468.0
2026-05-27 10:00:00,214.32,214.484,214.01,214.046,18050.0
2026-05-27 11:00:00,214.048,214.164,214.024,214.162,10631.0
2026-05-27 12:00:00,214.158,214.232,214.084,214.222,6173.0
2026-05-27 13:00:00,214.223,214.248,214.077,214.188,5726.0
2026-05-27 14:00:00,214.188,214.24,214.14,214.216,6032.0
2026-05-27 15:00:00,214.215,214.286,214.204,214.272,4366.0
2026-05-27 16:00:00,214.272,214.286,214.182,214.202,2814.0
2026-05-27 17:00:00,214.084,214.16,214.082,214.154,1371.0
2026-05-27 18:00:00,214.142,214.216,214.138,214.18,1895.0
2026-05-27 19:00:00,214.18,214.206,214.062,214.082,3750.0
2026-05-27 20:00:00,214.082,214.124,213.984,214.022,7602.0
2026-05-27 21:00:00,214.026,214.032,213.814,213.827,6399.0
2026-05-27 22:00:00,213.83,213.884,213.816,213.836,5263.0
2026-05-27 23:00:00,213.837,213.849,213.39,213.39,9729.0
2026-05-28 00:00:00,213.39,213.505,213.332,213.478,7772.0
2026-05-28 01:00:00,213.478,213.724,213.424,213.69,6782.0
2026-05-28 02:00:00,213.688,213.829,213.664,213.784,9875.0
2026-05-28 03:00:00,213.782,213.89,213.729,213.744,9840.0
2026-05-28 04:00:00,213.746,213.781,213.624,213.702,9657.0
2026-05-28 05:00:00,213.702,213.749,213.534,213.556,8763.0
2026-05-28 06:00:00,213.556,213.56,213.426,213.512,11024.0
2026-05-28 07:00:00,213.514,213.834,213.507,213.786,8666.0
2026-05-28 08:00:00,213.785,213.894,213.712,213.89,10706.0
2026-05-28 09:00:00,213.892,214.02,213.809,213.871,13377.0
2026-05-28 10:00:00,213.878,214.136,213.824,213.888,20721.0
2026-05-28 11:00:00,213.89,214.05,213.88,214.024,11407.0
2026-05-28 12:00:00,214.024,214.131,213.96,214.02,10433.0
2026-05-28 13:00:00,214.021,214.073,213.983,214.058,6774.0
2026-05-28 14:00:00,214.057,214.074,214.007,214.056,7335.0
2026-05-28 15:00:00,214.051,214.072,213.99,214.02,6480.0
2026-05-28 16:00:00,214.021,214.103,214.012,214.086,3337.0
2026-05-28 17:00:00,214.072,214.122,213.994,214.086,1465.0
2026-05-28 18:00:00,214.076,214.129,214.053,214.08,1781.0
2026-05-28 19:00:00,214.08,214.134,214.06,214.129,3392.0
2026-05-28 20:00:00,214.13,214.186,214.096,214.102,8688.0
2026-05-28 21:00:00,214.1,214.222,214.084,214.124,7684.0
2026-05-28 22:00:00,214.128,214.152,214.074,214.091,5420.0
2026-05-28 23:00:00,214.092,214.102,214.024,214.061,5242.0
2026-05-29 00:00:00,214.063,214.116,214.046,214.077,4836.0
2026-05-29 01:00:00,214.08,214.134,214.041,214.098,4370.0
2026-05-29 02:00:00,214.092,214.168,213.984,214.014,7618.0
2026-05-29 03:00:00,214.01,214.034,213.76,213.828,10441.0
2026-05-29 04:00:00,213.828,213.83,213.596,213.642,9351.0
2026-05-29 05:00:00,213.644,213.746,213.598,213.742,9239.0
2026-05-29 06:00:00,213.74,213.74,213.594,213.733,9209.0
2026-05-29 07:00:00,213.73,213.872,213.678,213.864,9192.0
2026-05-29 08:00:00,213.866,213.963,213.789,213.956,10403.0
2026-05-29 09:00:00,213.956,214.174,213.908,214.084,10327.0
2026-05-29 10:00:00,214.085,214.594,214.002,214.547,15733.0
2026-05-29 11:00:00,214.546,214.637,214.45,214.563,17523.0
2026-05-29 12:00:00,214.564,214.57,214.36,214.397,9720.0
2026-05-29 13:00:00,214.4,214.444,214.3,214.332,8388.0
2026-05-29 14:00:00,214.331,214.419,214.324,214.383,8159.0
2026-05-29 15:00:00,214.384,214.542,214.364,214.488,8604.0
2026-05-29 16:00:00,214.49,214.498,214.25,214.321,10410.0
2026-05-31 17:00:00,214.467,214.587,214.4,214.43,3752.0
2026-05-31 18:00:00,214.43,214.455,214.318,214.37,6755.0
2026-05-31 19:00:00,214.37,214.434,214.348,214.362,7101.0
2026-05-31 20:00:00,214.364,214.506,214.338,214.495,10577.0
2026-05-31 21:00:00,214.496,214.579,214.478,214.568,7820.0
2026-05-31 22:00:00,214.574,214.61,214.536,214.576,3317.0
2026-05-31 23:00:00,214.576,214.616,214.488,214.498,5139.0
2026-06-01 00:00:00,214.498,214.606,214.492,214.59,2891.0
2026-06-01 01:00:00,214.59,214.748,214.584,214.686,5444.0
2026-06-01 02:00:00,214.685,214.884,214.644,214.794,9804.0
2026-06-01 03:00:00,214.79,214.794,214.588,214.656,10245.0
2026-06-01 04:00:00,214.654,214.832,214.646,214.796,9114.0
2026-06-01 05:00:00,214.796,214.864,214.61,214.627,8489.0
2026-06-01 06:00:00,214.626,214.706,214.579,214.676,7838.0
2026-06-01 07:00:00,214.675,214.765,214.64,214.762,8108.0
2026-06-01 08:00:00,214.764,214.803,214.696,214.732,11692.0
2026-06-01 09:00:00,214.733,214.744,214.219,214.274,19246.0
2026-06-01 10:00:00,214.279,214.642,214.17,214.62,15993.0
2026-06-01 11:00:00,214.619,214.746,214.487,214.732,13685.0
2026-06-01 12:00:00,214.734,214.848,214.64,214.838,11842.0
2026-06-01 13:00:00,214.84,214.985,214.767,214.947,10136.0
2026-06-01 14:00:00,214.945,215.014,214.908,214.992,5825.0
2026-06-01 15:00:00,214.982,214.982,214.867,214.936,6237.0
2026-06-01 16:00:00,214.933,214.954,214.834,214.836,4756.0
2026-06-01 17:00:00,214.9,214.942,214.755,214.856,7474.0
2026-06-01 18:00:00,214.854,214.902,214.808,214.868,2406.0
2026-06-01 19:00:00,214.869,214.894,214.822,214.886,3283.0
2026-06-01 20:00:00,214.885,214.967,214.796,214.812,8138.0
2026-06-01 21:00:00,214.81,214.92,214.8,214.841,9311.0
2026-06-01 22:00:00,214.84,214.89,214.822,214.878,5479.0
2026-06-01 23:00:00,214.876,214.966,214.872,214.958,4051.0
2026-06-02 00:00:00,214.957,215.067,214.942,215.06,4311.0
2026-06-02 01:00:00,215.062,215.104,215.026,215.026,4706.0
2026-06-02 02:00:00,215.036,215.322,215.036,215.257,10412.0
2026-06-02 03:00:00,215.256,215.278,215.107,215.14,10940.0
2026-06-02 04:00:00,215.14,215.162,215.017,215.072,9440.0
2026-06-02 05:00:00,215.072,215.184,215.029,215.178,7799.0
2026-06-02 06:00:00,215.178,215.226,215.115,215.122,7078.0
2026-06-02 07:00:00,215.124,215.282,215.078,215.238,8623.0
2026-06-02 08:00:00,215.239,215.317,215.192,215.262,8936.0
2026-06-02 09:00:00,215.262,215.364,215.236,215.277,13560.0
2026-06-02 10:00:00,215.277,215.445,215.218,215.374,9979.0
2026-06-02 11:00:00,215.374,215.529,215.374,215.506,7894.0
2026-06-02 12:00:00,215.502,215.526,215.324,215.334,5578.0
2026-06-02 13:00:00,215.336,215.362,215.276,215.299,6809.0
2026-06-02 14:00:00,215.296,215.402,215.226,215.377,6394.0
2026-06-02 15:00:00,215.378,215.444,215.37,215.404,3745.0
2026-06-02 16:00:00,215.404,215.45,215.332,215.341,3138.0
2026-06-02 17:00:00,215.325,215.412,215.276,215.363,3008.0
2026-06-02 18:00:00,215.368,215.386,215.308,215.334,1803.0
2026-06-02 19:00:00,215.334,215.364,215.196,215.224,5360.0
2026-06-02 20:00:00,215.224,215.386,215.21,215.372,7143.0
2026-06-02 21:00:00,215.374,215.382,215.276,215.288,6593.0
2026-06-02 22:00:00,215.291,215.324,215.208,215.245,5016.0
2026-06-02 23:00:00,215.246,215.296,215.224,215.26,4440.0
2026-06-03 00:00:00,215.262,215.264,215.188,215.214,3607.0
2026-06-03 01:00:00,215.215,215.256,215.098,215.098,5699.0
2026-06-03 02:00:00,215.101,215.188,214.923,215.176,10369.0
2026-06-03 03:00:00,215.174,215.194,214.718,214.9,13642.0
2026-06-03 04:00:00,214.898,214.952,214.43,214.76,12166.0
2026-06-03 05:00:00,214.76,214.996,214.76,214.886,8504.0
2026-06-03 06:00:00,214.886,214.992,214.86,214.922,9146.0
2026-06-03 07:00:00,214.92,215.034,214.918,214.986,7122.0
2026-06-03 08:00:00,214.986,215.003,214.724,214.806,12414.0
2026-06-03 09:00:00,214.801,214.864,214.704,214.786,14245.0
2026-06-03 10:00:00,214.754,214.936,214.73,214.921,15108.0
2026-06-03 11:00:00,214.921,215.015,214.8,214.914,14664.0
2026-06-03 12:00:00,214.917,214.928,214.675,214.746,10446.0
2026-06-03 13:00:00,214.746,214.798,214.692,214.722,7245.0
2026-06-03 14:00:00,214.722,214.74,214.666,214.713,6033.0
2026-06-03 15:00:00,214.712,214.824,214.699,214.818,5230.0
2026-06-03 16:00:00,214.818,214.842,214.758,214.804,3156.0
2026-06-03 17:00:00,214.789,214.828,214.683,214.76,3775.0
2026-06-03 18:00:00,214.734,214.762,214.622,214.658,3173.0
2026-06-03 19:00:00,214.659,214.76,214.628,214.754,5270.0
2026-06-03 20:00:00,214.754,214.802,214.658,214.69,9480.0
2026-06-03 21:00:00,214.687,214.708,214.638,214.682,9152.0
2026-06-03 22:00:00,214.684,214.702,214.616,214.684,6044.0
2026-06-03 23:00:00,214.686,214.75,214.625,214.736,4994.0
2026-06-04 00:00:00,214.736,214.772,214.365,214.724,6337.0
2026-06-04 01:00:00,214.724,214.746,214.623,214.699,6257.0
2026-06-04 02:00:00,214.697,214.774,214.655,214.717,9905.0
2026-06-04 03:00:00,214.718,214.733,214.466,214.626,8284.0
2026-06-04 04:00:00,214.624,214.77,214.621,214.717,9145.0
2026-06-04 05:00:00,214.716,214.885,214.712,214.8,11011.0
2026-06-04 06:00:00,214.801,214.94,214.782,214.924,9563.0
2026-06-04 07:00:00,214.926,215.146,214.912,215.029,12853.0
2026-06-04 08:00:00,215.028,215.162,215.028,215.116,12417.0
2026-06-04 09:00:00,215.116,215.14,214.978,215.108,13490.0
2026-06-04 10:00:00,215.108,215.125,214.926,215.082,13493.0
2026-06-04 11:00:00,215.082,215.109,214.876,214.99,10856.0
2026-06-04 12:00:00,214.994,215.03,214.908,214.926,7108.0
2026-06-04 13:00:00,214.924,214.96,214.812,214.828,6319.0
2026-06-04 14:00:00,214.826,214.864,214.796,214.835,5514.0
2026-06-04 15:00:00,214.836,214.846,214.776,214.804,4349.0
2026-06-04 16:00:00,214.805,214.844,214.782,214.816,2669.0
2026-06-04 17:00:00,214.906,214.948,214.725,214.767,8002.0
2026-06-04 18:00:00,214.743,214.823,214.733,214.784,1333.0
2026-06-04 19:00:00,214.788,214.803,214.744,214.76,2343.0
2026-06-04 20:00:00,214.76,214.76,214.668,214.72,9122.0
2026-06-04 21:00:00,214.721,214.746,214.592,214.732,9007.0
2026-06-04 22:00:00,214.732,214.806,214.724,214.752,5391.0
2026-06-04 23:00:00,214.754,214.819,214.736,214.775,5121.0
2026-06-05 00:00:00,214.772,214.852,214.762,214.818,4138.0
2026-06-05 01:00:00,214.817,214.828,214.75,214.762,5299.0
2026-06-05 02:00:00,214.759,214.912,214.736,214.885,8892.0
2026-06-05 03:00:00,214.884,215.094,214.864,215.064,10120.0
2026-06-05 04:00:00,215.06,215.236,215.04,215.218,8194.0
2026-06-05 05:00:00,215.216,215.403,215.178,215.358,8841.0
2026-06-05 06:00:00,215.358,215.614,215.344,215.47,8158.0
2026-06-05 07:00:00,215.466,215.482,215.268,215.287,9385.0
2026-06-05 08:00:00,215.286,215.322,214.756,214.762,16811.0
2026-06-05 09:00:00,214.766,214.844,214.274,214.578,23099.0
2026-06-05 10:00:00,214.578,214.666,214.372,214.544,18039.0
2026-06-05 11:00:00,214.545,214.549,214.024,214.09,15685.0
2026-06-05 12:00:00,214.09,214.092,213.868,214.066,13835.0
2026-06-05 13:00:00,214.064,214.093,213.838,213.894,10394.0
2026-06-05 14:00:00,213.894,213.907,213.529,213.608,11857.0
2026-06-05 15:00:00,213.61,213.727,213.532,213.653,10742.0
2026-06-05 16:00:00,213.654,213.9,213.591,213.866,9098.0
2026-06-07 17:00:00,213.631,213.703,213.462,213.525,1919.0
2026-06-07 18:00:00,213.558,213.731,213.503,213.632,5473.0
2026-06-07 19:00:00,213.634,213.822,213.602,213.81,5200.0
2026-06-07 20:00:00,213.812,214.024,213.744,214.019,10445.0
2026-06-07 21:00:00,214.018,214.05,213.562,213.838,15246.0
2026-06-07 22:00:00,213.837,213.98,213.719,213.938,9529.0
2026-06-07 23:00:00,213.94,213.959,213.866,213.913,5844.0
2026-06-08 00:00:00,213.912,213.956,213.856,213.898,5725.0
2026-06-08 01:00:00,213.9,213.989,213.568,213.606,11258.0
2026-06-08 02:00:00,213.604,213.73,213.491,213.516,13839.0
2026-06-08 03:00:00,213.514,213.854,213.488,213.552,14518.0
2026-06-08 04:00:00,213.546,213.621,212.956,213.18,15159.0
2026-06-08 05:00:00,213.177,213.291,212.933,213.243,14703.0
2026-06-08 06:00:00,213.242,213.498,213.186,213.469,12209.0
2026-06-08 07:00:00,213.47,213.83,213.442,213.72,15503.0
2026-06-08 08:00:00,213.716,213.814,213.476,213.554,13644.0
2026-06-08 09:00:00,213.555,213.782,213.51,213.672,17159.0
2026-06-08 10:00:00,213.67,213.791,213.566,213.594,17567.0
2026-06-08 11:00:00,213.596,213.734,213.548,213.706,13191.0
2026-06-08 12:00:00,213.708,213.75,213.628,213.711,9841.0
2026-06-08 13:00:00,213.71,213.774,213.673,213.746,9710.0
2026-06-08 14:00:00,213.745,213.85,213.745,213.77,7461.0
2026-06-08 15:00:00,213.768,213.812,213.711,213.745,9151.0
2026-06-08 16:00:00,213.744,213.768,213.64,213.656,4140.0
2026-06-08 17:00:00,213.664,213.776,213.606,213.666,3886.0
2026-06-08 18:00:00,213.661,213.689,213.598,213.687,2597.0
2026-06-08 19:00:00,213.686,213.71,213.576,213.584,3691.0
2026-06-08 20:00:00,213.584,213.715,213.501,213.697,11464.0
2026-06-08 21:00:00,213.696,213.882,213.676,213.878,10074.0
2026-06-08 22:00:00,213.878,213.902,213.839,213.882,5927.0
2026-06-08 23:00:00,213.881,213.934,213.836,213.93,5871.0
2026-06-09 00:00:00,213.931,214.06,213.896,214.026,4823.0
2026-06-09 01:00:00,214.026,214.045,213.93,213.992,7529.0
2026-06-09 02:00:00,213.995,214.126,213.924,214.036,11715.0
2026-06-09 03:00:00,214.04,214.209,213.985,214.145,11818.0
2026-06-09 04:00:00,214.144,214.37,214.122,214.318,9962.0
2026-06-09 05:00:00,214.318,214.474,214.306,214.458,7876.0
2026-06-09 06:00:00,214.458,214.582,214.42,214.554,7670.0
2026-06-09 07:00:00,214.555,214.71,214.546,214.658,6778.0
2026-06-09 08:00:00,214.662,214.736,214.626,214.716,9127.0
2026-06-09 09:00:00,214.718,214.79,214.601,214.637,13104.0
2026-06-09 10:00:00,214.636,214.76,214.501,214.692,19173.0
2026-06-09 11:00:00,214.692,214.796,214.366,214.496,18132.0
2026-06-09 12:00:00,214.498,214.58,214.33,214.484,21057.0
2026-06-09 13:00:00,214.484,214.628,214.472,214.608,14559.0
2026-06-09 14:00:00,214.606,214.748,214.586,214.689,9889.0
2026-06-09 15:00:00,214.69,214.702,214.588,214.626,10126.0
2026-06-09 16:00:00,214.626,214.668,214.531,214.548,4291.0
2026-06-09 17:00:00,214.432,214.588,214.374,214.39,4601.0
2026-06-09 18:00:00,214.397,214.535,214.388,214.49,2454.0
2026-06-09 19:00:00,214.49,214.545,214.421,214.47,4305.0
2026-06-09 20:00:00,214.472,214.588,214.424,214.574,11546.0
2026-06-09 21:00:00,214.572,214.585,214.381,214.508,11352.0
2026-06-09 22:00:00,214.508,214.6,214.457,214.562,6772.0
2026-06-09 23:00:00,214.563,214.729,214.558,214.704,5616.0
2026-06-10 00:00:00,214.706,214.709,214.556,214.616,6140.0
2026-06-10 01:00:00,214.616,214.774,214.568,214.726,8148.0
2026-06-10 02:00:00,214.734,214.84,214.642,214.648,10390.0
2026-06-10 03:00:00,214.646,214.786,214.598,214.778,10417.0
2026-06-10 04:00:00,214.775,214.816,214.664,214.75,10931.0
2026-06-10 05:00:00,214.749,214.99,214.652,214.954,10657.0
2026-06-10 06:00:00,214.955,215.018,214.87,214.875,8525.0
2026-06-10 07:00:00,214.878,214.925,214.698,214.724,15455.0
2026-06-10 08:00:00,214.728,215.04,214.702,214.816,15968.0
2026-06-10 09:00:00,214.81,215.24,214.802,215.074,18938.0
2026-06-10 10:00:00,215.07,215.177,214.944,215.072,21096.0
2026-06-10 11:00:00,215.072,215.128,214.652,214.874,18701.0
2026-06-10 12:00:00,214.874,214.999,214.814,214.882,13489.0
2026-06-10 13:00:00,214.886,214.95,214.778,214.94,11880.0
2026-06-10 14:00:00,214.942,214.993,214.695,214.736,11075.0
2026-06-10 15:00:00,214.738,214.75,214.64,214.68,9638.0
2026-06-10 16:00:00,214.68,214.685,214.623,214.628,4252.0
2026-06-10 17:00:00,214.616,214.71,214.571,214.62,11133.0
2026-06-10 18:00:00,214.622,214.622,214.402,214.428,3780.0
2026-06-10 19:00:00,214.426,214.55,214.332,214.5,7110.0
2026-06-10 20:00:00,214.501,214.637,214.483,214.623,10386.0
2026-06-10 21:00:00,214.624,214.872,214.624,214.829,7991.0
2026-06-10 22:00:00,214.83,214.849,214.706,214.758,6455.0
2026-06-10 23:00:00,214.758,214.786,214.715,214.743,5674.0
2026-06-11 00:00:00,214.744,214.864,214.73,214.815,4891.0
2026-06-11 01:00:00,214.816,214.866,214.796,214.827,5853.0
2026-06-11 02:00:00,214.832,214.869,214.744,214.786,8452.0
2026-06-11 03:00:00,214.785,214.948,214.762,214.796,9900.0
2026-06-11 04:00:00,214.794,214.813,214.493,214.534,8573.0
2026-06-11 05:00:00,214.534,214.614,214.46,214.558,6961.0
2026-06-11 06:00:00,214.556,214.565,214.372,214.458,7268.0
2026-06-11 07:00:00,214.456,214.581,214.456,214.558,8897.0
2026-06-11 08:00:00,214.56,214.594,214.231,214.493,15298.0
2026-06-11 09:00:00,214.498,214.502,214.164,214.302,18059.0
2026-06-11 10:00:00,214.302,214.328,213.886,213.918,16660.0
2026-06-11 11:00:00,213.921,214.178,213.874,214.049,14500.0
2026-06-11 12:00:00,214.049,214.082,213.973,214.038,9236.0
2026-06-11 13:00:00,214.038,214.628,213.926,214.387,19970.0
2026-06-11 14:00:00,214.389,214.488,214.368,214.466,15876.0
2026-06-11 15:00:00,214.468,214.554,214.322,214.386,14299.0
2026-06-11 16:00:00,214.386,214.626,214.38,214.611,7592.0
2026-06-11 17:00:00,214.606,214.76,214.514,214.57,3683.0
2026-06-11 18:00:00,214.57,214.818,214.564,214.8,3845.0
2026-06-11 19:00:00,214.798,214.842,214.704,214.816,5545.0
2026-06-11 20:00:00,214.814,214.865,214.724,214.765,11180.0
2026-06-11 21:00:00,214.764,214.813,214.622,214.803,11293.0
2026-06-11 22:00:00,214.804,214.934,214.792,214.896,8217.0
2026-06-11 23:00:00,214.897,214.983,214.869,214.945,7663.0
2026-06-12 00:00:00,214.946,215.006,214.908,214.926,6475.0
2026-06-12 01:00:00,214.928,214.954,214.782,214.808,9562.0
2026-06-12 02:00:00,214.811,214.973,214.788,214.93,13141.0
2026-06-12 03:00:00,214.931,214.95,214.635,214.744,12983.0
2026-06-12 04:00:00,214.746,214.848,214.632,214.742,19263.0
2026-06-12 05:00:00,214.74,214.836,214.652,214.812,13120.0
2026-06-12 06:00:00,214.816,214.846,214.692,214.701,11165.0
2026-06-12 07:00:00,214.702,214.858,214.7,214.778,9951.0
2026-06-12 08:00:00,214.777,214.794,214.568,214.64,13131.0
2026-06-12 09:00:00,214.642,214.897,214.606,214.777,16513.0
2026-06-12 10:00:00,214.775,214.985,214.694,214.942,19278.0
2026-06-12 11:00:00,214.941,215.027,214.828,214.941,17889.0
2026-06-12 12:00:00,214.938,215.005,214.83,214.96,13535.0
2026-06-12 13:00:00,214.96,215.019,214.909,214.936,8095.0
2026-06-12 14:00:00,214.936,215.01,214.894,214.972,7899.0
2026-06-12 15:00:00,214.972,214.995,214.835,214.854,6807.0
2026-06-12 16:00:00,214.854,214.87,214.726,214.812,5051.0
2026-06-14 17:00:00,214.747,214.78,214.424,214.647,2212.0
2026-06-14 18:00:00,214.622,215.162,214.568,215.158,6164.0
2026-06-14 19:00:00,215.156,215.172,215.046,215.144,5518.0
2026-06-14 20:00:00,215.142,215.328,215.128,215.252,10345.0
2026-06-14 21:00:00,215.252,215.366,215.206,215.286,8398.0
2026-06-14 22:00:00,215.286,215.317,215.176,215.22,4342.0
2026-06-14 23:00:00,215.221,215.234,215.158,215.166,4750.0
2026-06-15 00:00:00,215.166,215.285,215.161,215.275,4319.0
2026-06-15 01:00:00,215.278,215.377,215.266,215.354,5881.0
2026-06-15 02:00:00,215.352,215.368,215.173,215.252,8399.0
2026-06-15 03:00:00,215.251,215.286,214.99,215.074,10090.0
2026-06-15 04:00:00,215.074,215.115,214.893,214.954,7945.0
2026-06-15 05:00:00,214.955,215.09,214.95,214.998,8363.0
2026-06-15 06:00:00,215.0,215.086,214.95,214.974,6615.0
2026-06-15 07:00:00,214.97,215.068,214.968,215.02,8385.0
2026-06-15 08:00:00,215.019,215.07,214.914,215.064,10088.0
2026-06-15 09:00:00,215.066,215.183,215.017,215.045,10363.0
2026-06-15 10:00:00,215.043,215.25,214.968,215.227,12981.0
2026-06-15 11:00:00,215.226,215.234,215.032,215.072,10817.0
2026-06-15 12:00:00,215.074,215.198,215.06,215.162,6992.0
2026-06-15 13:00:00,215.162,215.23,215.142,215.22,5167.0
2026-06-15 14:00:00,215.218,215.25,215.083,215.124,6460.0
2026-06-15 15:00:00,215.123,215.137,215.034,215.06,6916.0
2026-06-15 16:00:00,215.06,215.1,214.965,215.074,5474.0
2026-06-15 17:00:00,215.156,215.218,214.985,215.014,6067.0
2026-06-15 18:00:00,215.026,215.09,214.966,215.028,1520.0
2026-06-15 19:00:00,215.032,215.052,214.964,214.979,2528.0
2026-06-15 20:00:00,214.974,214.978,214.818,214.889,6893.0
2026-06-15 21:00:00,214.888,214.942,214.7,214.726,8257.0
2026-06-15 22:00:00,214.726,214.729,214.606,214.661,4614.0
2026-06-15 23:00:00,214.662,214.803,214.531,214.732,6948.0
2026-06-16 00:00:00,214.732,214.783,214.654,214.7,7438.0
2026-06-16 01:00:00,214.703,214.79,214.674,214.676,6055.0
2026-06-16 02:00:00,214.676,214.78,214.592,214.776,11855.0
2026-06-16 03:00:00,214.777,215.051,214.735,214.982,11450.0
2026-06-16 04:00:00,214.979,215.222,214.946,215.216,9268.0
2026-06-16 05:00:00,215.216,215.264,215.066,215.106,9566.0
2026-06-16 06:00:00,215.106,215.294,215.086,215.286,8387.0
2026-06-16 07:00:00,215.286,215.288,215.048,215.125,9542.0
2026-06-16 08:00:00,215.128,215.128,214.985,215.088,11123.0
2026-06-16 09:00:00,215.09,215.168,215.03,215.103,13124.0
2026-06-16 10:00:00,215.101,215.39,215.054,215.378,15439.0
2026-06-16 11:00:00,215.379,215.566,215.31,215.526,12577.0
2026-06-16 12:00:00,215.527,215.544,215.399,215.402,9368.0
2026-06-16 13:00:00,215.402,215.454,215.378,215.453,6956.0
2026-06-16 14:00:00,215.454,215.494,215.396,215.444,5731.0
2026-06-16 15:00:00,215.444,215.474,215.394,215.412,6567.0
2026-06-16 16:00:00,215.411,215.474,215.38,215.459,3827.0
2026-06-16 17:00:00,215.445,215.455,215.334,215.441,3195.0
2026-06-16 18:00:00,215.441,215.458,215.387,215.39,3887.0
2026-06-16 19:00:00,215.39,215.438,215.375,215.378,2949.0
2026-06-16 20:00:00,215.379,215.442,215.332,215.365,12498.0
2026-06-16 21:00:00,215.363,215.399,215.29,215.3,5703.0
2026-06-16 22:00:00,215.3,215.343,215.258,215.26,3731.0
2026-06-16 23:00:00,215.256,215.32,215.241,215.265,3151.0
2026-06-17 00:00:00,215.264,215.296,215.238,215.256,3334.0
2026-06-17 01:00:00,215.254,215.321,215.224,215.304,3833.0
2026-06-17 02:00:00,215.303,215.459,214.918,214.974,7913.0
2026-06-17 03:00:00,214.974,215.07,214.936,214.99,8665.0
2026-06-17 04:00:00,214.99,214.992,214.776,214.955,10159.0
2026-06-17 05:00:00,214.954,214.974,214.86,214.93,6411.0
2026-06-17 06:00:00,214.93,214.961,214.838,214.914,6477.0
2026-06-17 07:00:00,214.914,214.95,214.79,214.895,7371.0
2026-06-17 08:00:00,214.896,214.996,214.881,214.976,6651.0
2026-06-17 09:00:00,214.976,215.042,214.766,214.766,11386.0
2026-06-17 10:00:00,214.767,214.834,214.609,214.731,12737.0
2026-06-17 11:00:00,214.729,214.74,214.598,214.637,11044.0
2026-06-17 12:00:00,214.638,214.644,214.518,214.614,6689.0
2026-06-17 13:00:00,214.614,214.748,214.586,214.716,7218.0
2026-06-17 14:00:00,214.672,214.694,214.012,214.056,30698.0
2026-06-17 15:00:00,214.054,214.069,213.222,213.536,30085.0
2026-06-17 16:00:00,213.536,213.69,213.436,213.608,10726.0
2026-06-17 17:00:00,213.488,213.688,213.32,213.442,3637.0
2026-06-17 18:00:00,213.406,213.574,213.394,213.546,3288.0
2026-06-17 19:00:00,213.546,213.624,213.522,213.62,4184.0
2026-06-17 20:00:00,213.618,213.9,213.602,213.834,11274.0
2026-06-17 21:00:00,213.834,213.988,213.808,213.813,9027.0
2026-06-17 22:00:00,213.818,213.86,213.756,213.77,6160.0
2026-06-17 23:00:00,213.771,213.866,213.768,213.852,4747.0
2026-06-18 00:00:00,213.852,213.89,213.8,213.825,5818.0
2026-06-18 01:00:00,213.826,213.844,213.652,213.658,6194.0
2026-06-18 02:00:00,213.654,214.063,213.65,213.846,11451.0
2026-06-18 03:00:00,213.844,213.895,213.484,213.545,12098.0
2026-06-18 04:00:00,213.546,213.553,212.839,212.954,12336.0
2026-06-18 05:00:00,212.956,212.978,212.583,212.89,11481.0
2026-06-18 06:00:00,212.89,212.973,212.757,212.881,9225.0
2026-06-18 07:00:00,212.882,212.974,212.503,212.606,12386.0
2026-06-18 08:00:00,212.602,213.114,212.594,212.891,14952.0
2026-06-18 09:00:00,212.892,213.084,212.8,212.988,18001.0
2026-06-18 10:00:00,212.988,213.181,212.885,213.166,15604.0
2026-06-18 11:00:00,213.168,213.445,212.984,213.42,15371.0
2026-06-18 12:00:00,213.426,213.436,213.16,213.432,13768.0
2026-06-18 13:00:00,213.433,213.516,213.246,213.251,10138.0
2026-06-18 14:00:00,213.25,213.49,213.202,213.462,8989.0
2026-06-18 15:00:00,213.46,213.575,212.4,213.082,17764.0
2026-06-18 16:00:00,213.092,213.168,213.058,213.139,5331.0
2026-06-18 17:00:00,213.096,213.222,213.034,213.176,2475.0
2026-06-18 18:00:00,213.142,213.18,212.849,212.972,3589.0
2026-06-18 19:00:00,212.974,213.048,212.922,212.933,4183.0
2026-06-18 20:00:00,212.936,213.014,212.694,212.806,11938.0
2026-06-18 21:00:00,212.808,212.828,212.665,212.709,9917.0
2026-06-18 22:00:00,212.709,212.872,212.664,212.847,6850.0
2026-06-18 23:00:00,212.852,212.87,212.662,212.774,7479.0
2026-06-19 00:00:00,212.776,212.821,212.497,212.534,8218.0
2026-06-19 01:00:00,212.534,212.976,212.466,212.852,9717.0
2026-06-19 02:00:00,212.85,212.993,212.718,212.86,9620.0
2026-06-19 03:00:00,212.864,213.006,212.808,212.872,9644.0
2026-06-19 04:00:00,212.873,213.438,212.854,213.424,9001.0
2026-06-19 05:00:00,213.426,213.514,213.372,213.426,8085.0
2026-06-19 06:00:00,213.426,213.456,213.296,213.452,8613.0
2026-06-19 07:00:00,213.453,213.531,213.282,213.334,7376.0
2026-06-19 08:00:00,213.336,213.421,213.282,213.311,9771.0
2026-06-19 09:00:00,213.31,213.332,213.152,213.241,9935.0
2026-06-19 10:00:00,213.24,213.448,213.126,213.226,11198.0
2026-06-19 11:00:00,213.227,213.342,213.154,213.248,8581.0
2026-06-19 12:00:00,213.246,213.432,213.222,213.418,4589.0
2026-06-19 13:00:00,213.428,213.553,213.36,213.392,7102.0
2026-06-19 14:00:00,213.392,213.475,213.353,213.414,4664.0
2026-06-19 15:00:00,213.412,213.478,213.361,213.452,9581.0
2026-06-19 16:00:00,213.45,213.599,213.322,213.488,17635.0
2026-06-21 17:00:00,212.749,213.037,212.742,212.91,1002.0
2026-06-21 18:00:00,212.91,213.265,212.91,213.25,4684.0
2026-06-21 19:00:00,213.25,213.292,213.166,213.224,5023.0
2026-06-21 20:00:00,213.223,213.546,213.212,213.53,10426.0
2026-06-21 21:00:00,213.532,213.702,213.488,213.548,10635.0
2026-06-21 22:00:00,213.552,213.674,213.508,213.632,6433.0
2026-06-21 23:00:00,213.628,213.702,213.452,213.499,5921.0
2026-06-22 00:00:00,213.498,213.555,213.433,213.522,6108.0
2026-06-22 01:00:00,213.522,213.716,213.522,213.593,6156.0
2026-06-22 02:00:00,213.584,213.635,213.432,213.586,10364.0
2026-06-22 03:00:00,213.586,213.732,213.358,213.407,9813.0
2026-06-22 04:00:00,213.408,213.696,213.256,213.632,11434.0
2026-06-22 05:00:00,213.632,214.045,213.628,213.964,10513.0
2026-06-22 06:00:00,213.964,214.23,213.954,214.081,9415.0
2026-06-22 07:00:00,214.082,214.197,214.01,214.108,10166.0
2026-06-22 08:00:00,214.107,214.681,214.107,214.534,11850.0
2026-06-22 09:00:00,214.536,214.647,214.318,214.338,13460.0
2026-06-22 10:00:00,214.339,214.529,213.584,213.962,23604.0
2026-06-22 11:00:00,213.964,214.018,213.704,213.956,15931.0
2026-06-22 12:00:00,213.954,214.098,213.9,213.974,11216.0
2026-06-22 13:00:00,213.975,214.002,213.885,213.896,7095.0
2026-06-22 14:00:00,213.894,213.933,213.755,213.779,7516.0
2026-06-22 15:00:00,213.778,214.165,213.778,214.087,9116.0
2026-06-22 16:00:00,214.088,214.158,214.062,214.123,4730.0
2026-06-22 17:00:00,214.054,214.168,214.042,214.08,2580.0
2026-06-22 18:00:00,214.098,214.169,214.002,214.072,2456.0
2026-06-22 19:00:00,214.07,214.086,214.008,214.039,2935.0
2026-06-22 20:00:00,214.04,214.102,213.908,214.018,10676.0
2026-06-22 21:00:00,214.016,214.038,213.896,213.998,9148.0
2026-06-22 22:00:00,213.996,214.046,213.962,213.966,6953.0
2026-06-22 23:00:00,213.966,214.056,213.856,214.04,6555.0
2026-06-23 00:00:00,214.038,214.064,213.899,213.924,5972.0
2026-06-23 01:00:00,213.925,214.101,213.891,214.07,8091.0
2026-06-23 02:00:00,214.066,214.216,213.878,213.926,12365.0
2026-06-23 03:00:00,213.928,214.036,213.492,213.561,16419.0
2026-06-23 04:00:00,213.564,213.604,213.286,213.423,13413.0
2026-06-23 05:00:00,213.424,213.56,213.248,213.518,10573.0
2026-06-23 06:00:00,213.514,213.553,213.268,213.438,10785.0
2026-06-23 07:00:00,213.438,213.575,213.416,213.43,11034.0
2026-06-23 08:00:00,213.429,213.572,213.364,213.445,13128.0
2026-06-23 09:00:00,213.45,213.54,213.272,213.432,14587.0
2026-06-23 10:00:00,213.431,213.449,213.173,213.251,16223.0
2026-06-23 11:00:00,213.252,213.288,212.985,213.08,13619.0
2026-06-23 12:00:00,213.081,213.212,213.056,213.098,8444.0
2026-06-23 13:00:00,213.096,213.144,213.034,213.056,6479.0
2026-06-23 14:00:00,213.057,213.093,212.99,213.086,5897.0
2026-06-23 15:00:00,213.088,213.24,213.076,213.206,7324.0
2026-06-23 16:00:00,213.206,213.343,213.206,213.336,2920.0
2026-06-23 17:00:00,213.201,213.324,213.201,213.258,1168.0
2026-06-23 18:00:00,213.262,213.322,213.236,213.267,2394.0
2026-06-23 19:00:00,213.268,213.344,213.212,213.307,4446.0
2026-06-23 20:00:00,213.306,213.362,213.186,213.331,12519.0
2026-06-23 21:00:00,213.332,213.333,213.139,213.288,10754.0
2026-06-23 22:00:00,213.287,213.319,213.091,213.092,8453.0
2026-06-23 23:00:00,213.09,213.283,213.058,213.232,8472.0
2026-06-24 00:00:00,213.234,213.237,213.092,213.147,7492.0
2026-06-24 01:00:00,213.146,213.27,213.138,213.247,7855.0
2026-06-24 02:00:00,213.245,213.506,213.16,213.244,10076.0
2026-06-24 03:00:00,213.242,213.406,213.12,213.256,12974.0
2026-06-24 04:00:00,213.25,213.45,213.052,213.402,12303.0
2026-06-24 05:00:00,213.4,213.444,213.102,213.109,10976.0
2026-06-24 06:00:00,213.107,213.109,212.712,212.72,9555.0
2026-06-24 07:00:00,212.72,212.919,212.622,212.783,11679.0
2026-06-24 08:00:00,212.784,212.864,212.559,212.716,13506.0
2026-06-24 09:00:00,212.716,212.944,212.582,212.902,16986.0
2026-06-24 10:00:00,212.903,212.936,212.543,212.71,15044.0
2026-06-24 11:00:00,212.711,213.044,212.702,212.847,13723.0
2026-06-24 12:00:00,212.852,213.104,212.812,213.05,8851.0
2026-06-24 13:00:00,213.052,213.064,212.83,212.89,8848.0
2026-06-24 14:00:00,212.888,213.066,212.88,212.908,8900.0
2026-06-24 15:00:00,212.909,213.006,212.888,212.974,8504.0
2026-06-24 16:00:00,212.974,213.108,212.956,213.072,7668.0
2026-06-24 17:00:00,213.019,213.09,212.888,212.993,4805.0
2026-06-24 18:00:00,213.006,213.012,212.938,212.982,2251.0
2026-06-24 19:00:00,212.984,213.002,212.954,212.962,3128.0
2026-06-24 20:00:00,212.966,212.968,212.81,212.863,9731.0
2026-06-24 21:00:00,212.862,213.149,212.86,213.0,10347.0
2026-06-24 22:00:00,213.002,213.108,212.974,213.108,6677.0
2026-06-24 23:00:00,213.108,213.228,213.102,213.19,5048.0
2026-06-25 00:00:00,213.194,213.252,213.144,213.244,4021.0
2026-06-25 01:00:00,213.242,213.282,213.135,213.218,6213.0
2026-06-25 02:00:00,213.216,213.284,213.104,213.257,8218.0
2026-06-25 03:00:00,213.258,213.371,213.207,213.348,8995.0
2026-06-25 04:00:00,213.345,213.52,213.291,213.425,8748.0
2026-06-25 05:00:00,213.424,213.546,213.33,213.36,7789.0
2026-06-25 06:00:00,213.361,213.361,213.091,213.175,7126.0
2026-06-25 07:00:00,213.176,213.188,212.837,212.94,8107.0
2026-06-25 08:00:00,212.943,213.349,212.935,213.246,13724.0
2026-06-25 09:00:00,213.245,213.528,213.202,213.327,17575.0
2026-06-25 10:00:00,213.33,213.64,213.327,213.436,18045.0
2026-06-25 11:00:00,213.436,213.656,213.426,213.652,17840.0
2026-06-25 12:00:00,213.652,213.732,213.554,213.627,11286.0
2026-06-25 13:00:00,213.626,213.632,213.548,213.584,8250.0
2026-06-25 14:00:00,213.583,213.633,213.52,213.536,9558.0
2026-06-25 15:00:00,213.534,213.633,213.492,213.563,8179.0
2026-06-25 16:00:00,213.562,213.586,213.421,213.432,5702.0
2026-06-25 17:00:00,213.553,213.64,213.394,213.5,7825.0
2026-06-25 18:00:00,213.499,213.502,213.396,213.443,2959.0
2026-06-25 19:00:00,213.442,213.446,213.338,213.378,4271.0
2026-06-25 20:00:00,213.378,213.53,213.368,213.508,8464.0
2026-06-25 21:00:00,213.508,213.61,213.386,213.436,8415.0
2026-06-25 22:00:00,213.438,213.462,213.233,213.277,6525.0
2026-06-25 23:00:00,213.275,213.361,213.22,213.347,6703.0
2026-06-26 00:00:00,213.352,213.402,213.236,213.37,7329.0
2026-06-26 01:00:00,213.371,213.427,213.308,213.322,6795.0
2026-06-26 02:00:00,213.322,213.508,213.284,213.42,10460.0
2026-06-26 03:00:00,213.418,213.538,213.288,213.426,10476.0
2026-06-26 04:00:00,213.426,213.654,213.334,213.564,11556.0
2026-06-26 05:00:00,213.565,213.714,213.421,213.634,10441.0
2026-06-26 06:00:00,213.633,213.721,213.56,213.695,8448.0
2026-06-26 07:00:00,213.696,213.758,213.589,213.668,10439.0
2026-06-26 08:00:00,213.666,213.724,213.442,213.564,12881.0
2026-06-26 09:00:00,213.561,213.776,213.488,213.775,16804.0
2026-06-26 10:00:00,213.764,213.821,213.433,213.441,12900.0
2026-06-26 11:00:00,213.441,213.777,213.438,213.749,12421.0
2026-06-26 12:00:00,213.75,213.753,213.572,213.617,8136.0
2026-06-26 13:00:00,213.614,213.662,213.498,213.545,5920.0
2026-06-26 14:00:00,213.547,213.614,213.478,213.491,5647.0
2026-06-26 15:00:00,213.49,213.539,213.42,213.502,5898.0
2026-06-26 16:00:00,213.504,213.584,213.4,213.478,7646.0
2026-06-28 17:00:00,213.598,213.648,213.404,213.646,1177.0
2026-06-28 18:00:00,213.637,213.742,213.412,213.488,1695.0
2026-06-28 19:00:00,213.487,213.556,213.446,213.512,3121.0
2026-06-28 20:00:00,213.512,213.534,213.406,213.51,9790.0
2026-06-28 21:00:00,213.509,213.612,213.47,213.539,7909.0
2026-06-28 22:00:00,213.539,213.683,213.518,213.605,6122.0
2026-06-28 23:00:00,213.609,213.659,213.544,213.545,4432.0
2026-06-29 00:00:00,213.543,213.599,213.516,213.581,4322.0
2026-06-29 01:00:00,213.58,213.758,213.572,213.748,5179.0
2026-06-29 02:00:00,213.748,214.013,213.718,213.978,9508.0
2026-06-29 03:00:00,213.98,214.022,213.794,213.822,9711.0
2026-06-29 04:00:00,213.824,213.875,213.686,213.76,8068.0
2026-06-29 05:00:00,213.761,213.991,213.746,213.982,7926.0
2026-06-29 06:00:00,213.985,214.072,213.836,214.021,8061.0
2026-06-29 07:00:00,214.018,214.172,214.018,214.138,8855.0
2026-06-29 08:00:00,214.138,214.334,214.118,214.245,10538.0
2026-06-29 09:00:00,214.25,214.5,214.241,214.379,12507.0
2026-06-29 10:00:00,214.376,214.509,214.188,214.472,17329.0
2026-06-29 11:00:00,214.473,214.622,214.438,214.618,10885.0
2026-06-29 12:00:00,214.618,214.695,214.591,214.646,7943.0
2026-06-29 13:00:00,214.644,214.691,214.592,214.686,5736.0
2026-06-29 14:00:00,214.685,214.768,214.676,214.738,5466.0
2026-06-29 15:00:00,214.736,214.758,214.688,214.748,4283.0
2026-06-29 16:00:00,214.75,214.776,214.711,214.734,3163.0
2026-06-29 17:00:00,214.544,214.683,214.53,214.662,2126.0
2026-06-29 18:00:00,214.652,214.78,214.646,214.716,1390.0
2026-06-29 19:00:00,214.715,214.725,214.599,214.608,2405.0
2026-06-29 20:00:00,214.606,215.048,214.514,214.754,10854.0
2026-06-29 21:00:00,214.753,214.83,214.626,214.67,12766.0
2026-06-29 22:00:00,214.673,214.699,214.574,214.63,6461.0
2026-06-29 23:00:00,214.632,214.707,214.456,214.616,6100.0
2026-06-30 00:00:00,214.615,214.678,214.568,214.578,5150.0
2026-06-30 01:00:00,214.575,214.702,214.53,214.662,6057.0
2026-06-30 02:00:00,214.662,214.916,214.633,214.788,10780.0
2026-06-30 03:00:00,214.792,214.87,214.692,214.741,9452.0
2026-06-30 04:00:00,214.736,214.852,214.649,214.754,10719.0
2026-06-30 05:00:00,214.755,214.875,214.745,214.815,7825.0
2026-06-30 06:00:00,214.816,214.918,214.77,214.842,7338.0
2026-06-30 07:00:00,214.842,214.864,214.622,214.822,8353.0
2026-06-30 08:00:00,214.821,214.823,214.18,214.628,10145.0
2026-06-30 09:00:00,214.63,214.83,214.598,214.821,9152.0
2026-06-30 10:00:00,214.832,215.762,214.692,215.7,17115.0
2026-06-30 11:00:00,215.702,215.779,215.543,215.582,11291.0
2026-06-30 12:00:00,215.584,215.62,215.453,215.526,7109.0
2026-06-30 13:00:00,215.524,215.575,215.474,215.521,5206.0
2026-06-30 14:00:00,215.52,215.666,215.504,215.546,6102.0
2026-06-30 15:00:00,215.544,215.684,215.483,215.65,6588.0
2026-06-30 16:00:00,215.65,215.676,215.565,215.614,5001.0
2026-06-30 17:00:00,215.51,215.667,215.504,215.578,3446.0
2026-06-30 18:00:00,215.584,215.64,215.572,215.579,1374.0
2026-06-30 19:00:00,215.577,215.586,215.46,215.492,1968.0
2026-06-30 20:00:00,215.494,215.592,215.45,215.488,6930.0
2026-06-30 21:00:00,215.49,215.506,215.27,215.36,8899.0
2026-06-30 22:00:00,215.358,215.498,215.313,215.424,6015.0
2026-06-30 23:00:00,215.422,215.519,215.408,215.474,5566.0
2026-07-01 00:00:00,215.474,215.488,215.21,215.48,6417.0
2026-07-01 01:00:00,215.476,215.55,215.409,215.457,6729.0
2026-07-01 02:00:00,215.462,215.53,215.33,215.438,10102.0
2026-07-01 03:00:00,215.436,215.476,215.203,215.45,10421.0
2026-07-01 04:00:00,215.449,215.554,215.388,215.482,8289.0
2026-07-01 05:00:00,215.48,215.656,215.434,215.57,8693.0
2026-07-01 06:00:00,215.568,215.664,215.51,215.605,7612.0
2026-07-01 07:00:00,215.606,215.619,215.438,215.45,8060.0
2026-07-01 08:00:00,215.449,215.544,215.364,215.364,11861.0
2026-07-01 09:00:00,215.366,215.579,215.116,215.418,19968.0
2026-07-01 10:00:00,215.426,215.784,215.392,215.626,18025.0
2026-07-01 11:00:00,215.626,215.692,215.502,215.65,14129.0
2026-07-01 12:00:00,215.65,215.859,215.647,215.768,10243.0
2026-07-01 13:00:00,215.768,215.872,215.736,215.807,7179.0
2026-07-01 14:00:00,215.806,215.842,215.744,215.801,5828.0
2026-07-01 15:00:00,215.8,215.88,215.791,215.868,6350.0
2026-07-01 16:00:00,215.867,215.94,215.764,215.87,4728.0
2026-07-01 17:00:00,215.856,215.937,215.722,215.774,2619.0
2026-07-01 18:00:00,215.795,215.868,215.795,215.858,1174.0
2026-07-01 19:00:00,215.858,215.913,215.814,215.843,2471.0
2026-07-01 20:00:00,215.84,215.901,215.778,215.852,10521.0
2026-07-01 21:00:00,215.846,215.99,215.808,215.92,8073.0
2026-07-01 22:00:00,215.92,216.076,215.906,215.924,6588.0
2026-07-01 23:00:00,215.924,215.958,215.812,215.861,4985.0
2026-07-02 00:00:00,215.86,215.884,215.781,215.868,6804.0
2026-07-02 01:00:00,215.866,215.867,215.742,215.766,7654.0
2026-07-02 02:00:00,215.765,215.794,214.646,215.316,18520.0
2026-07-02 03:00:00,215.314,215.469,215.008,215.3,21326.0
2026-07-02 04:00:00,215.3,215.392,214.956,215.09,22640.0
2026-07-02 05:00:00,215.081,215.325,214.954,215.054,15763.0
2026-07-02 06:00:00,215.053,215.289,215.051,215.14,7346.0
2026-07-02 07:00:00,215.143,215.183,214.912,214.935,9987.0
2026-07-02 08:00:00,214.932,215.224,214.63,215.208,27865.0
2026-07-02 09:00:00,215.21,215.368,215.082,215.163,22768.0
2026-07-02 10:00:00,215.161,215.413,215.124,215.404,20138.0
2026-07-02 11:00:00,215.404,215.417,214.968,215.01,18235.0
2026-07-02 12:00:00,215.008,215.088,214.957,214.966,14838.0
2026-07-02 13:00:00,214.967,215.008,214.872,214.884,10290.0
2026-07-02 14:00:00,214.885,215.018,214.87,214.968,8054.0
2026-07-02 15:00:00,214.968,215.084,214.953,215.034,8171.0
2026-07-02 16:00:00,215.033,215.092,215.014,215.05,7785.0
2026-07-02 17:00:00,215.001,215.102,214.878,215.06,3064.0
2026-07-02 18:00:00,215.057,215.22,214.998,215.2,2403.0
2026-07-02 19:00:00,215.2,215.371,215.168,215.357,4292.0
2026-07-02 20:00:00,215.356,215.406,215.132,215.154,10558.0
2026-07-02 21:00:00,215.151,215.379,215.034,215.346,12434.0
2026-07-02 22:00:00,215.348,215.456,215.279,215.35,6625.0
2026-07-02 23:00:00,215.349,215.364,215.308,215.349,4549.0
2026-07-03 00:00:00,215.351,215.435,215.306,215.348,5087.0
2026-07-03 01:00:00,215.349,215.458,215.312,215.406,8058.0
2026-07-03 02:00:00,215.404,215.406,214.704,215.054,14465.0
2026-07-03 03:00:00,215.052,215.182,214.846,215.027,12138.0
2026-07-03 04:00:00,215.03,215.153,214.964,215.146,7502.0
2026-07-03 05:00:00,215.143,215.202,215.014,215.119,7640.0
2026-07-03 06:00:00,215.117,215.24,215.115,215.156,5795.0
2026-07-03 07:00:00,215.155,215.273,215.146,215.222,7434.0
2026-07-03 08:00:00,215.223,215.278,215.194,215.262,8248.0
2026-07-03 09:00:00,215.262,215.34,215.218,215.269,7906.0
2026-07-03 10:00:00,215.268,215.436,215.23,215.433,8331.0
2026-07-03 11:00:00,215.432,215.47,215.342,215.453,6446.0
2026-07-03 12:00:00,215.45,215.506,215.402,215.482,3943.0
2026-07-03 13:00:00,215.482,215.527,215.394,215.452,8846.0
2026-07-03 14:00:00,215.446,215.525,215.44,215.509,6259.0
