Timestamp,Open,High,Low,Close,Volume
2026-06-25 14:25:00,2.33612,2.33618,2.33578,2.33589,201.0
2026-06-25 14:30:00,2.33592,2.33637,2.33592,2.33618,216.0
2026-06-25 14:35:00,2.33628,2.33654,2.33604,2.33625,137.0
2026-06-25 14:40:00,2.33635,2.33662,2.33607,2.33629,211.0
2026-06-25 14:45:00,2.33628,2.33655,2.33607,2.3364,128.0
2026-06-25 14:50:00,2.3364,2.33644,2.3362,2.33627,92.0
2026-06-25 14:55:00,2.33618,2.33661,2.33618,2.3365,47.0
2026-06-25 15:00:00,2.3365,2.3366,2.3365,2.3366,2.0
2026-06-25 15:05:00,2.3367,2.33674,2.33646,2.33663,52.0
2026-06-25 15:10:00,2.33656,2.33683,2.33656,2.33664,42.0
2026-06-25 15:15:00,2.33671,2.33687,2.33654,2.33681,70.0
2026-06-25 15:20:00,2.33668,2.33692,2.33668,2.33669,55.0
2026-06-25 15:25:00,2.33661,2.33672,2.33638,2.33652,69.0
2026-06-25 15:30:00,2.33648,2.33658,2.33632,2.33652,56.0
2026-06-25 15:35:00,2.33651,2.33656,2.33637,2.33642,56.0
2026-06-25 15:40:00,2.33658,2.33688,2.33628,2.33668,119.0
2026-06-25 15:45:00,2.33662,2.33689,2.3366,2.33678,117.0
2026-06-25 15:50:00,2.33681,2.33705,2.33667,2.33698,130.0
2026-06-25 15:55:00,2.33708,2.33708,2.33654,2.33676,92.0
2026-06-25 16:00:00,2.3367,2.3368,2.33612,2.33644,166.0
2026-06-25 16:05:00,2.33639,2.33666,2.33629,2.33648,132.0
2026-06-25 16:10:00,2.33653,2.33659,2.33637,2.33637,41.0
2026-06-25 16:15:00,2.33636,2.33655,2.33628,2.33646,56.0
2026-06-25 16:20:00,2.33643,2.33646,2.33584,2.33631,81.0
2026-06-25 16:25:00,2.33635,2.33669,2.33634,2.33669,25.0
2026-06-25 16:30:00,2.33672,2.33676,2.33656,2.3366,75.0
2026-06-25 16:35:00,2.33656,2.33666,2.33644,2.33654,90.0
2026-06-25 16:40:00,2.33656,2.33666,2.33628,2.33629,128.0
2026-06-25 16:45:00,2.33638,2.33651,2.33632,2.33646,24.0
2026-06-25 16:50:00,2.33652,2.33652,2.33592,2.33594,55.0
2026-06-25 16:55:00,2.3361,2.3361,2.3356,2.33565,209.0
2026-06-25 17:00:00,2.33725,2.33725,2.33725,2.33725,1.0
2026-06-25 17:05:00,2.33626,2.33931,2.3345,2.33478,1331.0
2026-06-25 17:10:00,2.33498,2.33611,2.33235,2.33401,447.0
2026-06-25 17:15:00,2.33418,2.33497,2.33376,2.33429,174.0
2026-06-25 17:20:00,2.33407,2.33471,2.33332,2.33471,177.0
2026-06-25 17:25:00,2.33433,2.33744,2.33433,2.33744,454.0
2026-06-25 17:30:00,2.33761,2.33779,2.33695,2.33726,155.0
2026-06-25 17:35:00,2.33728,2.33746,2.33716,2.33728,222.0
2026-06-25 17:40:00,2.33747,2.33771,2.33364,2.33634,358.0
2026-06-25 17:45:00,2.336,2.337,2.33582,2.33686,861.0
2026-06-25 17:50:00,2.33688,2.3378,2.33622,2.33623,501.0
2026-06-25 17:55:00,2.33622,2.33786,2.3358,2.3358,449.0
2026-06-25 18:00:00,2.33585,2.33675,2.33584,2.33654,411.0
2026-06-25 18:05:00,2.33667,2.33676,2.3365,2.33667,19.0
2026-06-25 18:10:00,2.33677,2.3368,2.33644,2.33654,248.0
2026-06-25 18:15:00,2.33657,2.33662,2.33606,2.33613,397.0
2026-06-25 18:20:00,2.33612,2.3362,2.33582,2.33585,382.0
2026-06-25 18:25:00,2.33582,2.336,2.33572,2.33585,242.0
2026-06-25 18:30:00,2.33586,2.33597,2.33582,2.33594,217.0
2026-06-25 18:35:00,2.33592,2.33606,2.33578,2.3358,131.0
2026-06-25 18:40:00,2.33579,2.33638,2.33576,2.33632,180.0
2026-06-25 18:45:00,2.33628,2.33636,2.33616,2.3362,133.0
2026-06-25 18:50:00,2.3362,2.3362,2.3358,2.3358,112.0
2026-06-25 18:55:00,2.3358,2.33602,2.33546,2.33602,99.0
2026-06-25 19:00:00,2.33601,2.3364,2.33601,2.33639,174.0
2026-06-25 19:05:00,2.3364,2.3364,2.33606,2.3362,80.0
2026-06-25 19:10:00,2.3362,2.33636,2.33602,2.33602,113.0
2026-06-25 19:15:00,2.33607,2.33639,2.33596,2.33629,278.0
2026-06-25 19:20:00,2.33628,2.33644,2.3361,2.3364,315.0
2026-06-25 19:25:00,2.33638,2.33666,2.33632,2.33662,238.0
2026-06-25 19:30:00,2.33668,2.33712,2.33658,2.337,204.0
2026-06-25 19:35:00,2.33698,2.33721,2.33681,2.33714,255.0
2026-06-25 19:40:00,2.33711,2.33714,2.33683,2.33706,208.0
2026-06-25 19:45:00,2.33706,2.33726,2.33664,2.33666,362.0
2026-06-25 19:50:00,2.33666,2.33683,2.33647,2.33682,213.0
2026-06-25 19:55:00,2.33666,2.33726,2.33666,2.33718,122.0
2026-06-25 20:00:00,2.33714,2.33732,2.33672,2.33724,473.0
2026-06-25 20:05:00,2.33727,2.33758,2.33711,2.33719,487.0
2026-06-25 20:10:00,2.3372,2.33738,2.33686,2.33729,466.0
2026-06-25 20:15:00,2.33728,2.33752,2.3369,2.33742,378.0
2026-06-25 20:20:00,2.33747,2.3375,2.33704,2.3374,376.0
2026-06-25 20:25:00,2.3374,2.33792,2.33738,2.33746,426.0
2026-06-25 20:30:00,2.3375,2.33761,2.33698,2.33712,393.0
2026-06-25 20:35:00,2.33712,2.33753,2.33692,2.3371,346.0
2026-06-25 20:40:00,2.3371,2.3374,2.33678,2.3374,409.0
2026-06-25 20:45:00,2.3373,2.33774,2.33708,2.3377,442.0
2026-06-25 20:50:00,2.3377,2.33805,2.33708,2.3377,408.0
2026-06-25 20:55:00,2.33764,2.3385,2.33764,2.33844,371.0
2026-06-25 21:00:00,2.33838,2.33868,2.33752,2.33868,414.0
2026-06-25 21:05:00,2.33859,2.33892,2.33826,2.33835,296.0
2026-06-25 21:10:00,2.33836,2.33859,2.33822,2.33839,457.0
2026-06-25 21:15:00,2.3384,2.33872,2.33808,2.33814,345.0
2026-06-25 21:20:00,2.33814,2.33824,2.3377,2.33786,400.0
2026-06-25 21:25:00,2.33786,2.33832,2.33779,2.33792,335.0
2026-06-25 21:30:00,2.33794,2.33874,2.33762,2.33848,492.0
2026-06-25 21:35:00,2.33851,2.33916,2.33843,2.33866,415.0
2026-06-25 21:40:00,2.3387,2.33934,2.33867,2.33912,338.0
2026-06-25 21:45:00,2.33915,2.33956,2.339,2.33904,365.0
2026-06-25 21:50:00,2.3391,2.3393,2.33868,2.33912,370.0
2026-06-25 21:55:00,2.33912,2.33952,2.3388,2.33884,462.0
2026-06-25 22:00:00,2.33886,2.33931,2.3388,2.3393,473.0
2026-06-25 22:05:00,2.3393,2.3399,2.339,2.33984,438.0
2026-06-25 22:10:00,2.33984,2.3406,2.3398,2.3405,363.0
2026-06-25 22:15:00,2.34046,2.3416,2.34046,2.34134,170.0
2026-06-25 22:20:00,2.34141,2.34274,2.34106,2.34258,188.0
2026-06-25 22:25:00,2.34266,2.34284,2.34243,2.3426,259.0
2026-06-25 22:30:00,2.3426,2.34272,2.34196,2.34218,444.0
2026-06-25 22:35:00,2.34219,2.34221,2.34117,2.34124,381.0
2026-06-25 22:40:00,2.34124,2.34154,2.34069,2.34096,370.0
2026-06-25 22:45:00,2.34098,2.34123,2.3405,2.34081,348.0
2026-06-25 22:50:00,2.34071,2.34114,2.34027,2.34094,438.0
2026-06-25 22:55:00,2.34094,2.34126,2.34042,2.3405,441.0
2026-06-25 23:00:00,2.34049,2.3411,2.34038,2.34076,429.0
2026-06-25 23:05:00,2.34076,2.34126,2.34038,2.34084,426.0
2026-06-25 23:10:00,2.34074,2.34086,2.34014,2.34038,365.0
2026-06-25 23:15:00,2.34038,2.34079,2.34006,2.34044,422.0
2026-06-25 23:20:00,2.34039,2.34086,2.34036,2.34077,365.0
2026-06-25 23:25:00,2.34078,2.34082,2.34046,2.34051,317.0
2026-06-25 23:30:00,2.3405,2.34093,2.34043,2.34063,424.0
2026-06-25 23:35:00,2.34062,2.34066,2.34023,2.34041,286.0
2026-06-25 23:40:00,2.34042,2.34058,2.34008,2.34017,288.0
2026-06-25 23:45:00,2.34028,2.34068,2.33998,2.34056,365.0
2026-06-25 23:50:00,2.34058,2.3406,2.33977,2.33988,477.0
2026-06-25 23:55:00,2.3399,2.34054,2.33982,2.33996,393.0
2026-06-26 00:00:00,2.33988,2.34012,2.33952,2.33986,400.0
2026-06-26 00:05:00,2.33984,2.33994,2.33958,2.33966,331.0
2026-06-26 00:10:00,2.33966,2.33985,2.33918,2.33972,349.0
2026-06-26 00:15:00,2.3398,2.34,2.33895,2.33908,245.0
2026-06-26 00:20:00,2.33906,2.33938,2.33888,2.33928,309.0
2026-06-26 00:25:00,2.33928,2.33996,2.33924,2.33976,486.0
2026-06-26 00:30:00,2.33976,2.34026,2.33968,2.34016,473.0
2026-06-26 00:35:00,2.34022,2.34032,2.33988,2.34024,471.0
2026-06-26 00:40:00,2.34024,2.34052,2.34003,2.34005,386.0
2026-06-26 00:45:00,2.34004,2.34014,2.33973,2.3398,352.0
2026-06-26 00:50:00,2.33978,2.34006,2.33972,2.33976,337.0
2026-06-26 00:55:00,2.33977,2.3405,2.33968,2.3403,311.0
2026-06-26 01:00:00,2.34025,2.34042,2.3397,2.33993,410.0
2026-06-26 01:05:00,2.33992,2.3401,2.33962,2.33991,305.0
2026-06-26 01:10:00,2.33988,2.33992,2.33914,2.33918,308.0
2026-06-26 01:15:00,2.33916,2.33927,2.3387,2.33902,307.0
2026-06-26 01:20:00,2.339,2.33931,2.33896,2.33918,384.0
2026-06-26 01:25:00,2.33916,2.33918,2.3383,2.33842,400.0
2026-06-26 01:30:00,2.33841,2.33858,2.33825,2.33844,345.0
2026-06-26 01:35:00,2.33844,2.33928,2.3384,2.33918,384.0
2026-06-26 01:40:00,2.33918,2.33956,2.33906,2.33925,336.0
2026-06-26 01:45:00,2.33928,2.33968,2.33878,2.33883,320.0
2026-06-26 01:50:00,2.33879,2.33918,2.33852,2.33862,488.0
2026-06-26 01:55:00,2.33862,2.33872,2.33828,2.33846,438.0
2026-06-26 02:00:00,2.33848,2.33901,2.33816,2.33848,294.0
2026-06-26 02:05:00,2.33851,2.33912,2.33811,2.3391,255.0
2026-06-26 02:10:00,2.33902,2.3393,2.33845,2.33852,289.0
2026-06-26 02:15:00,2.33852,2.33879,2.33828,2.33846,124.0
2026-06-26 02:20:00,2.33836,2.33878,2.33828,2.33867,85.0
2026-06-26 02:25:00,2.33858,2.33882,2.3385,2.33868,77.0
2026-06-26 02:30:00,2.33856,2.33868,2.33779,2.33782,150.0
2026-06-26 02:35:00,2.33782,2.33786,2.3373,2.33748,168.0
2026-06-26 02:40:00,2.33753,2.33753,2.33681,2.33682,224.0
2026-06-26 02:45:00,2.33688,2.33712,2.33638,2.33638,245.0
2026-06-26 02:50:00,2.33636,2.33645,2.33604,2.33627,193.0
2026-06-26 02:55:00,2.33626,2.33689,2.33626,2.33678,169.0
2026-06-26 03:00:00,2.33678,2.33721,2.3367,2.33696,181.0
2026-06-26 03:05:00,2.33694,2.33702,2.3365,2.33676,88.0
2026-06-26 03:10:00,2.33668,2.33675,2.33637,2.33658,77.0
2026-06-26 03:15:00,2.33666,2.33723,2.33666,2.33696,221.0
2026-06-26 03:20:00,2.33685,2.33778,2.33685,2.33738,240.0
2026-06-26 03:25:00,2.33738,2.33756,2.33648,2.33674,264.0
2026-06-26 03:30:00,2.33675,2.33739,2.33662,2.33721,191.0
2026-06-26 03:35:00,2.33718,2.33824,2.33716,2.33797,249.0
2026-06-26 03:40:00,2.3379,2.33852,2.3379,2.33818,245.0
2026-06-26 03:45:00,2.33822,2.33885,2.33819,2.3386,114.0
2026-06-26 03:50:00,2.33865,2.33866,2.33816,2.33857,164.0
2026-06-26 03:55:00,2.33856,2.33904,2.33846,2.33884,182.0
2026-06-26 04:00:00,2.33888,2.3395,2.33856,2.33901,224.0
2026-06-26 04:05:00,2.33896,2.33914,2.3381,2.33838,108.0
2026-06-26 04:10:00,2.33848,2.33853,2.33771,2.33784,169.0
2026-06-26 04:15:00,2.33774,2.33818,2.33728,2.33736,139.0
2026-06-26 04:20:00,2.3374,2.33776,2.33662,2.33752,149.0
2026-06-26 04:25:00,2.33752,2.33775,2.33712,2.33728,228.0
2026-06-26 04:30:00,2.33729,2.3382,2.33712,2.33812,156.0
2026-06-26 04:35:00,2.33804,2.33869,2.33802,2.33864,147.0
2026-06-26 04:40:00,2.3387,2.33922,2.33855,2.3391,151.0
2026-06-26 04:45:00,2.33916,2.33928,2.33871,2.33884,193.0
2026-06-26 04:50:00,2.33883,2.33922,2.33844,2.33876,238.0
2026-06-26 04:55:00,2.3388,2.33949,2.3388,2.33918,226.0
2026-06-26 05:00:00,2.33918,2.33954,2.33891,2.33908,273.0
2026-06-26 05:05:00,2.33908,2.33916,2.3385,2.33868,181.0
2026-06-26 05:10:00,2.33873,2.33885,2.33821,2.33842,152.0
2026-06-26 05:15:00,2.33849,2.3387,2.33737,2.33786,306.0
2026-06-26 05:20:00,2.33788,2.33809,2.33776,2.3379,134.0
2026-06-26 05:25:00,2.33795,2.3385,2.33764,2.3384,184.0
2026-06-26 05:30:00,2.33842,2.33888,2.33837,2.33884,121.0
2026-06-26 05:35:00,2.33884,2.33884,2.33818,2.33846,90.0
2026-06-26 05:40:00,2.33835,2.33863,2.3382,2.33848,83.0
2026-06-26 05:45:00,2.33852,2.3387,2.33822,2.3385,64.0
2026-06-26 05:50:00,2.33847,2.33875,2.33803,2.33824,88.0
2026-06-26 05:55:00,2.33834,2.33854,2.33826,2.33834,160.0
2026-06-26 06:00:00,2.33824,2.33883,2.3381,2.33863,139.0
2026-06-26 06:05:00,2.33856,2.33866,2.33778,2.33786,102.0
2026-06-26 06:10:00,2.33776,2.33826,2.33762,2.33822,126.0
2026-06-26 06:15:00,2.33833,2.33876,2.33823,2.33867,143.0
2026-06-26 06:20:00,2.33872,2.33892,2.33857,2.33884,132.0
2026-06-26 06:25:00,2.33885,2.33887,2.3384,2.33854,125.0
2026-06-26 06:30:00,2.33854,2.33861,2.33793,2.33812,187.0
2026-06-26 06:35:00,2.33807,2.33838,2.33793,2.33832,170.0
2026-06-26 06:40:00,2.33828,2.3385,2.33806,2.33816,87.0
2026-06-26 06:45:00,2.33822,2.33846,2.33794,2.33832,103.0
2026-06-26 06:50:00,2.33831,2.3384,2.33782,2.33836,129.0
2026-06-26 06:55:00,2.33837,2.3386,2.3381,2.33824,305.0
2026-06-26 07:00:00,2.33822,2.33848,2.33793,2.33842,238.0
2026-06-26 07:05:00,2.33832,2.33865,2.33814,2.33838,219.0
2026-06-26 07:10:00,2.33844,2.33912,2.3384,2.3388,228.0
2026-06-26 07:15:00,2.33881,2.33895,2.33837,2.33876,181.0
2026-06-26 07:20:00,2.3389,2.33891,2.33846,2.33886,195.0
2026-06-26 07:25:00,2.33874,2.3391,2.33859,2.33883,238.0
2026-06-26 07:30:00,2.33882,2.33909,2.33847,2.33882,238.0
2026-06-26 07:35:00,2.33882,2.33891,2.33862,2.33879,166.0
2026-06-26 07:40:00,2.3388,2.33914,2.33851,2.33914,218.0
2026-06-26 07:45:00,2.33912,2.33944,2.33897,2.33904,225.0
2026-06-26 07:50:00,2.33896,2.3401,2.33888,2.33987,301.0
2026-06-26 07:55:00,2.33978,2.34017,2.33959,2.34016,299.0
2026-06-26 08:00:00,2.34018,2.34038,2.3399,2.34002,318.0
2026-06-26 08:05:00,2.34011,2.34012,2.33963,2.33968,119.0
2026-06-26 08:10:00,2.33978,2.34002,2.33948,2.33978,65.0
2026-06-26 08:15:00,2.33984,2.33993,2.33946,2.33981,76.0
2026-06-26 08:20:00,2.33978,2.33997,2.33916,2.33917,188.0
2026-06-26 08:25:00,2.33915,2.3394,2.33892,2.33936,149.0
2026-06-26 08:30:00,2.33944,2.33963,2.33862,2.33882,282.0
2026-06-26 08:35:00,2.33871,2.33892,2.33808,2.3388,393.0
2026-06-26 08:40:00,2.33874,2.33928,2.33862,2.33893,514.0
2026-06-26 08:45:00,2.3389,2.33896,2.3379,2.33794,483.0
2026-06-26 08:50:00,2.33798,2.33882,2.33783,2.33876,433.0
2026-06-26 08:55:00,2.3388,2.3388,2.33762,2.33766,468.0
2026-06-26 09:00:00,2.33754,2.3381,2.33704,2.33776,212.0
2026-06-26 09:05:00,2.33767,2.3386,2.33767,2.33814,372.0
2026-06-26 09:10:00,2.33816,2.33825,2.33745,2.33754,415.0
2026-06-26 09:15:00,2.33742,2.33812,2.33734,2.33748,309.0
2026-06-26 09:20:00,2.33752,2.33796,2.33667,2.33795,403.0
2026-06-26 09:25:00,2.33798,2.33908,2.33795,2.33891,672.0
2026-06-26 09:30:00,2.3389,2.33958,2.33882,2.3392,717.0
2026-06-26 09:35:00,2.33916,2.33922,2.33852,2.33876,476.0
2026-06-26 09:40:00,2.3388,2.33884,2.33763,2.33769,356.0
2026-06-26 09:45:00,2.33776,2.33898,2.3377,2.33889,333.0
2026-06-26 09:50:00,2.3388,2.3392,2.33844,2.33899,161.0
2026-06-26 09:55:00,2.33892,2.3395,2.3382,2.33884,197.0
2026-06-26 10:00:00,2.33862,2.33906,2.33818,2.3385,636.0
2026-06-26 10:05:00,2.33848,2.33876,2.33818,2.33824,539.0
2026-06-26 10:10:00,2.33816,2.33893,2.33814,2.33868,588.0
2026-06-26 10:15:00,2.33864,2.33933,2.3386,2.33926,648.0
2026-06-26 10:20:00,2.33926,2.3393,2.3384,2.33848,466.0
2026-06-26 10:25:00,2.33848,2.33853,2.3381,2.33811,382.0
2026-06-26 10:30:00,2.33816,2.33906,2.33808,2.33898,307.0
2026-06-26 10:35:00,2.33896,2.3397,2.33896,2.33934,442.0
2026-06-26 10:40:00,2.3392,2.33962,2.33852,2.33904,264.0
2026-06-26 10:45:00,2.33898,2.33898,2.33788,2.33818,294.0
2026-06-26 10:50:00,2.33806,2.33868,2.33786,2.33829,209.0
2026-06-26 10:55:00,2.33814,2.33895,2.33729,2.3373,440.0
2026-06-26 11:00:00,2.33731,2.33804,2.33712,2.33772,466.0
2026-06-26 11:05:00,2.33782,2.33852,2.33775,2.33782,342.0
2026-06-26 11:10:00,2.33792,2.33911,2.33782,2.33902,220.0
2026-06-26 11:15:00,2.33897,2.33932,2.33847,2.33886,156.0
2026-06-26 11:20:00,2.33883,2.3393,2.33868,2.3393,222.0
2026-06-26 11:25:00,2.33924,2.33951,2.33906,2.33925,225.0
2026-06-26 11:30:00,2.33938,2.33949,2.33861,2.33932,402.0
2026-06-26 11:35:00,2.3393,2.3393,2.3388,2.33912,297.0
2026-06-26 11:40:00,2.33922,2.33947,2.33849,2.33866,451.0
2026-06-26 11:45:00,2.33867,2.33932,2.33862,2.33932,386.0
2026-06-26 11:50:00,2.33931,2.34078,2.339,2.34059,751.0
2026-06-26 11:55:00,2.34066,2.34066,2.33965,2.34024,395.0
2026-06-26 12:00:00,2.34027,2.34028,2.33958,2.3399,209.0
2026-06-26 12:05:00,2.33985,2.34046,2.33978,2.34026,238.0
2026-06-26 12:10:00,2.34024,2.34072,2.34019,2.34042,375.0
2026-06-26 12:15:00,2.3404,2.34054,2.34014,2.3403,307.0
2026-06-26 12:20:00,2.34024,2.34116,2.3402,2.34093,266.0
2026-06-26 12:25:00,2.34092,2.34107,2.34064,2.34085,164.0
2026-06-26 12:30:00,2.34084,2.34088,2.34044,2.3406,224.0
2026-06-26 12:35:00,2.3405,2.34161,2.3405,2.34104,144.0
2026-06-26 12:40:00,2.34105,2.3411,2.34024,2.34054,147.0
2026-06-26 12:45:00,2.34052,2.34075,2.34045,2.34064,149.0
2026-06-26 12:50:00,2.3407,2.34108,2.34052,2.34082,176.0
2026-06-26 12:55:00,2.34079,2.34098,2.34045,2.34088,231.0
2026-06-26 13:00:00,2.34094,2.34098,2.34038,2.3406,160.0
2026-06-26 13:05:00,2.34056,2.34066,2.34035,2.34056,118.0
2026-06-26 13:10:00,2.34055,2.341,2.34051,2.3408,155.0
2026-06-26 13:15:00,2.34085,2.34092,2.34054,2.3407,149.0
2026-06-26 13:20:00,2.34068,2.34082,2.34046,2.34057,107.0
2026-06-26 13:25:00,2.34055,2.34074,2.34034,2.34054,188.0
2026-06-26 13:30:00,2.34053,2.34079,2.34033,2.34064,174.0
2026-06-26 13:35:00,2.34066,2.34074,2.34039,2.34066,226.0
2026-06-26 13:40:00,2.34066,2.341,2.34061,2.34068,350.0
2026-06-26 13:45:00,2.3407,2.34082,2.34052,2.34066,312.0
2026-06-26 13:50:00,2.34068,2.3407,2.34038,2.34054,207.0
2026-06-26 13:55:00,2.34062,2.3408,2.34054,2.34066,246.0
2026-06-26 14:00:00,2.34066,2.34082,2.34056,2.34067,217.0
2026-06-26 14:05:00,2.34066,2.34103,2.34064,2.34085,229.0
2026-06-26 14:10:00,2.34084,2.34116,2.34081,2.34106,209.0
2026-06-26 14:15:00,2.3411,2.3411,2.34076,2.341,238.0
2026-06-26 14:20:00,2.34101,2.34122,2.34094,2.34104,116.0
2026-06-26 14:25:00,2.34099,2.34132,2.34098,2.34115,196.0
2026-06-26 14:30:00,2.3411,2.34118,2.34094,2.34103,94.0
2026-06-26 14:35:00,2.34106,2.34119,2.34092,2.34092,108.0
2026-06-26 14:40:00,2.3411,2.3411,2.34073,2.34106,29.0
2026-06-26 14:45:00,2.34107,2.34166,2.34102,2.34152,97.0
2026-06-26 14:50:00,2.34146,2.34163,2.34138,2.34148,130.0
2026-06-26 14:55:00,2.34152,2.34169,2.34133,2.34156,53.0
2026-06-26 15:00:00,2.34147,2.34158,2.34138,2.34148,31.0
2026-06-26 15:05:00,2.34139,2.3415,2.3412,2.34126,37.0
2026-06-26 15:10:00,2.34136,2.34148,2.34117,2.34117,18.0
2026-06-26 15:15:00,2.34112,2.34131,2.34087,2.34088,23.0
2026-06-26 15:20:00,2.34098,2.34129,2.34084,2.3411,29.0
2026-06-26 15:25:00,2.34107,2.34114,2.34096,2.34107,84.0
2026-06-26 15:30:00,2.34099,2.34108,2.34076,2.3408,91.0
2026-06-26 15:35:00,2.34088,2.34096,2.34071,2.34088,46.0
2026-06-26 15:40:00,2.34078,2.34082,2.34052,2.34062,46.0
2026-06-26 15:45:00,2.34062,2.34064,2.34042,2.34063,31.0
2026-06-26 15:50:00,2.34058,2.3409,2.34034,2.34038,55.0
2026-06-26 15:55:00,2.34036,2.34048,2.33984,2.3402,61.0
2026-06-26 16:00:00,2.34025,2.34053,2.33985,2.34043,185.0
2026-06-26 16:05:00,2.34045,2.34058,2.3403,2.34036,154.0
2026-06-26 16:10:00,2.3403,2.34042,2.34008,2.34017,84.0
2026-06-26 16:15:00,2.34014,2.34045,2.34012,2.34022,96.0
2026-06-26 16:20:00,2.34023,2.34044,2.34014,2.3402,82.0
2026-06-26 16:25:00,2.34016,2.34055,2.34014,2.34045,100.0
2026-06-26 16:30:00,2.34045,2.34125,2.3404,2.34088,535.0
2026-06-26 16:35:00,2.34086,2.34144,2.34075,2.34081,957.0
2026-06-26 16:40:00,2.34083,2.34135,2.34067,2.3413,576.0
2026-06-26 16:45:00,2.34128,2.34138,2.34068,2.3409,90.0
2026-06-26 16:50:00,2.34099,2.34099,2.34049,2.34078,39.0
2026-06-26 16:55:00,2.34091,2.34125,2.34034,2.34082,258.0
2026-06-28 17:00:00,2.3395,2.3395,2.3395,2.3395,1.0
2026-06-28 17:05:00,2.34035,2.34135,2.34035,2.34135,11.0
2026-06-28 17:10:00,2.34121,2.34121,2.34089,2.34089,6.0
2026-06-28 17:15:00,2.34124,2.34154,2.34073,2.34082,15.0
2026-06-28 17:20:00,2.34058,2.34076,2.33958,2.33958,26.0
2026-06-28 17:25:00,2.33986,2.34018,2.33986,2.34018,5.0
2026-06-28 17:30:00,2.34032,2.34129,2.33978,2.34092,15.0
2026-06-28 17:35:00,2.34112,2.34143,2.33997,2.34013,50.0
2026-06-28 17:40:00,2.34042,2.34042,2.33992,2.34,10.0
2026-06-28 17:45:00,2.34023,2.34023,2.33966,2.33988,14.0
2026-06-28 17:50:00,2.33972,2.34046,2.33916,2.34024,70.0
2026-06-28 17:55:00,2.34024,2.34103,2.34005,2.34049,245.0
2026-06-28 18:00:00,2.34068,2.34129,2.33946,2.33983,295.0
2026-06-28 18:05:00,2.33984,2.33996,2.33916,2.33932,185.0
2026-06-28 18:10:00,2.33943,2.33956,2.33918,2.33928,28.0
2026-06-28 18:15:00,2.33922,2.3394,2.3391,2.33936,25.0
2026-06-28 18:20:00,2.33946,2.33946,2.33913,2.33926,25.0
2026-06-28 18:25:00,2.33936,2.33945,2.3391,2.33928,19.0
2026-06-28 18:30:00,2.33932,2.33964,2.33932,2.33964,22.0
2026-06-28 18:35:00,2.33972,2.33978,2.33928,2.33928,21.0
2026-06-28 18:40:00,2.3393,2.33938,2.33911,2.33924,18.0
2026-06-28 18:45:00,2.33934,2.33941,2.33927,2.33928,14.0
2026-06-28 18:50:00,2.33936,2.33947,2.33906,2.33944,12.0
2026-06-28 18:55:00,2.33952,2.33996,2.33952,2.33996,10.0
2026-06-28 19:00:00,2.33992,2.34016,2.33981,2.33994,41.0
2026-06-28 19:05:00,2.33992,2.33994,2.3395,2.3395,40.0
2026-06-28 19:10:00,2.33948,2.33958,2.33908,2.33952,26.0
2026-06-28 19:15:00,2.33948,2.33966,2.33942,2.3395,124.0
2026-06-28 19:20:00,2.3395,2.33967,2.33946,2.33966,117.0
2026-06-28 19:25:00,2.33966,2.33974,2.33929,2.33938,105.0
2026-06-28 19:30:00,2.33937,2.33961,2.33918,2.33918,140.0
2026-06-28 19:35:00,2.33918,2.33924,2.33897,2.33902,115.0
2026-06-28 19:40:00,2.33904,2.33924,2.33898,2.33917,169.0
2026-06-28 19:45:00,2.33918,2.33946,2.33916,2.33934,227.0
2026-06-28 19:50:00,2.33936,2.33958,2.3393,2.33944,229.0
2026-06-28 19:55:00,2.33944,2.33994,2.33932,2.33989,263.0
2026-06-28 20:00:00,2.3399,2.34096,2.33983,2.34024,506.0
2026-06-28 20:05:00,2.3403,2.34056,2.33994,2.34052,363.0
2026-06-28 20:10:00,2.3405,2.34157,2.34042,2.34134,505.0
2026-06-28 20:15:00,2.34129,2.34178,2.34102,2.34164,284.0
2026-06-28 20:20:00,2.34166,2.34212,2.34147,2.3419,471.0
2026-06-28 20:25:00,2.34188,2.34308,2.34184,2.34308,285.0
2026-06-28 20:30:00,2.34308,2.34311,2.3423,2.34238,299.0
2026-06-28 20:35:00,2.34238,2.34248,2.34163,2.34216,357.0
2026-06-28 20:40:00,2.34215,2.34229,2.34187,2.34204,409.0
2026-06-28 20:45:00,2.34208,2.3428,2.34202,2.34232,392.0
2026-06-28 20:50:00,2.34234,2.34236,2.34183,2.34209,326.0
2026-06-28 20:55:00,2.34204,2.34238,2.34174,2.34214,265.0
2026-06-28 21:00:00,2.34212,2.34284,2.34153,2.34212,304.0
2026-06-28 21:05:00,2.34212,2.34224,2.34126,2.34178,181.0
2026-06-28 21:10:00,2.34179,2.34192,2.34163,2.34188,301.0
2026-06-28 21:15:00,2.3419,2.34194,2.3413,2.34142,267.0
2026-06-28 21:20:00,2.34133,2.34139,2.34058,2.34096,200.0
2026-06-28 21:25:00,2.34096,2.34116,2.34062,2.3411,299.0
2026-06-28 21:30:00,2.3411,2.34159,2.34097,2.3412,313.0
2026-06-28 21:35:00,2.34118,2.34134,2.34034,2.34044,412.0
2026-06-28 21:40:00,2.34042,2.34048,2.3398,2.34019,204.0
2026-06-28 21:45:00,2.34018,2.34064,2.33992,2.34005,259.0
2026-06-28 21:50:00,2.34017,2.3403,2.33996,2.34006,165.0
2026-06-28 21:55:00,2.34006,2.34034,2.33978,2.34026,240.0
2026-06-28 22:00:00,2.34023,2.34055,2.33999,2.34035,229.0
2026-06-28 22:05:00,2.34032,2.3405,2.34013,2.34032,198.0
2026-06-28 22:10:00,2.34038,2.34054,2.34,2.34038,306.0
2026-06-28 22:15:00,2.34038,2.34054,2.33982,2.33989,284.0
2026-06-28 22:20:00,2.33988,2.34004,2.33948,2.33956,284.0
2026-06-28 22:25:00,2.3396,2.33996,2.33932,2.33942,329.0
2026-06-28 22:30:00,2.33942,2.33954,2.33898,2.33946,254.0
2026-06-28 22:35:00,2.33945,2.33969,2.33913,2.33936,358.0
2026-06-28 22:40:00,2.33944,2.33944,2.33881,2.33905,342.0
2026-06-28 22:45:00,2.33903,2.33962,2.33893,2.33957,341.0
2026-06-28 22:50:00,2.33954,2.34004,2.33954,2.33984,400.0
2026-06-28 22:55:00,2.33975,2.33999,2.33971,2.33994,169.0
2026-06-28 23:00:00,2.33994,2.33994,2.33936,2.3396,197.0
2026-06-28 23:05:00,2.33961,2.33978,2.33932,2.3394,208.0
2026-06-28 23:10:00,2.33942,2.33954,2.339,2.33912,188.0
2026-06-28 23:15:00,2.33908,2.33957,2.33906,2.33919,195.0
2026-06-28 23:20:00,2.33922,2.33926,2.33899,2.33901,322.0
2026-06-28 23:25:00,2.33902,2.33907,2.3387,2.33877,238.0
2026-06-28 23:30:00,2.33874,2.33883,2.33852,2.33874,316.0
2026-06-28 23:35:00,2.33888,2.33924,2.33888,2.33902,210.0
2026-06-28 23:40:00,2.33899,2.33904,2.3387,2.33872,298.0
2026-06-28 23:45:00,2.33874,2.33912,2.33854,2.33857,277.0
2026-06-28 23:50:00,2.33858,2.33879,2.33843,2.33861,321.0
2026-06-28 23:55:00,2.33862,2.33884,2.33846,2.33878,273.0
2026-06-29 00:00:00,2.3388,2.33884,2.33844,2.3386,290.0
2026-06-29 00:05:00,2.3386,2.3389,2.33814,2.33818,262.0
2026-06-29 00:10:00,2.33822,2.3384,2.33818,2.33823,241.0
2026-06-29 00:15:00,2.3383,2.33849,2.33826,2.33835,255.0
2026-06-29 00:20:00,2.33836,2.33868,2.3382,2.33833,209.0
2026-06-29 00:25:00,2.33837,2.33838,2.33808,2.33808,302.0
2026-06-29 00:30:00,2.33814,2.33826,2.338,2.33807,322.0
2026-06-29 00:35:00,2.33808,2.3382,2.33783,2.3381,272.0
2026-06-29 00:40:00,2.33828,2.33846,2.33818,2.3382,245.0
2026-06-29 00:45:00,2.33822,2.33832,2.33797,2.33803,233.0
2026-06-29 00:50:00,2.33801,2.33878,2.33801,2.33866,261.0
2026-06-29 00:55:00,2.33869,2.33894,2.33869,2.33884,168.0
2026-06-29 01:00:00,2.33887,2.339,2.33868,2.33872,224.0
2026-06-29 01:05:00,2.33874,2.33895,2.33862,2.33872,260.0
2026-06-29 01:10:00,2.33874,2.3389,2.33844,2.33858,316.0
2026-06-29 01:15:00,2.33858,2.33868,2.33818,2.33837,254.0
2026-06-29 01:20:00,2.33834,2.33858,2.33823,2.33846,211.0
2026-06-29 01:25:00,2.3384,2.33886,2.33832,2.33868,167.0
2026-06-29 01:30:00,2.33868,2.33908,2.33854,2.33892,355.0
2026-06-29 01:35:00,2.33892,2.33894,2.33859,2.33892,367.0
2026-06-29 01:40:00,2.33895,2.33902,2.33836,2.33844,277.0
2026-06-29 01:45:00,2.3384,2.3386,2.33832,2.33848,172.0
2026-06-29 01:50:00,2.33848,2.33874,2.33797,2.33802,362.0
2026-06-29 01:55:00,2.33809,2.33818,2.33708,2.33724,263.0
2026-06-29 02:00:00,2.33723,2.33784,2.3372,2.3377,199.0
2026-06-29 02:05:00,2.33759,2.33784,2.33734,2.3376,134.0
2026-06-29 02:10:00,2.33752,2.33773,2.33736,2.33736,306.0
2026-06-29 02:15:00,2.33743,2.33794,2.33712,2.3372,83.0
2026-06-29 02:20:00,2.33709,2.33717,2.3369,2.33696,116.0
2026-06-29 02:25:00,2.33696,2.33704,2.33672,2.33679,84.0
2026-06-29 02:30:00,2.33681,2.33709,2.33656,2.3369,97.0
2026-06-29 02:35:00,2.33691,2.3378,2.33688,2.33738,141.0
2026-06-29 02:40:00,2.33744,2.33766,2.3373,2.33758,79.0
2026-06-29 02:45:00,2.33768,2.33793,2.33753,2.33778,95.0
2026-06-29 02:50:00,2.33773,2.33806,2.3377,2.33803,117.0
2026-06-29 02:55:00,2.33804,2.33815,2.33742,2.3376,230.0
2026-06-29 03:00:00,2.33766,2.3382,2.33752,2.33806,296.0
2026-06-29 03:05:00,2.33816,2.33818,2.33766,2.33804,167.0
2026-06-29 03:10:00,2.33804,2.33814,2.33782,2.33798,198.0
2026-06-29 03:15:00,2.33793,2.33808,2.3375,2.33757,194.0
2026-06-29 03:20:00,2.3376,2.3376,2.33706,2.33708,144.0
2026-06-29 03:25:00,2.33712,2.3379,2.33708,2.33778,89.0
2026-06-29 03:30:00,2.33782,2.33796,2.33752,2.33786,162.0
2026-06-29 03:35:00,2.33786,2.33815,2.33762,2.33782,103.0
2026-06-29 03:40:00,2.33796,2.33796,2.33744,2.33771,98.0
2026-06-29 03:45:00,2.33772,2.33806,2.3376,2.33792,123.0
2026-06-29 03:50:00,2.33796,2.33801,2.33758,2.33768,109.0
2026-06-29 03:55:00,2.3376,2.33762,2.33708,2.33726,143.0
2026-06-29 04:00:00,2.33726,2.33751,2.33703,2.33725,115.0
2026-06-29 04:05:00,2.33736,2.3377,2.33702,2.33712,401.0
2026-06-29 04:10:00,2.33704,2.33774,2.33696,2.3376,160.0
2026-06-29 04:15:00,2.33749,2.33794,2.33749,2.33782,179.0
2026-06-29 04:20:00,2.3378,2.33789,2.3376,2.33776,287.0
2026-06-29 04:25:00,2.3377,2.3381,2.33761,2.33796,131.0
2026-06-29 04:30:00,2.33802,2.3381,2.33746,2.33774,144.0
2026-06-29 04:35:00,2.33773,2.3379,2.33744,2.33784,139.0
2026-06-29 04:40:00,2.3378,2.33796,2.33742,2.33769,89.0
2026-06-29 04:45:00,2.33762,2.33768,2.33739,2.33754,59.0
2026-06-29 04:50:00,2.33768,2.33796,2.33728,2.33795,207.0
2026-06-29 04:55:00,2.33796,2.33828,2.33792,2.338,218.0
2026-06-29 05:00:00,2.33809,2.3384,2.33792,2.33816,111.0
2026-06-29 05:05:00,2.33822,2.33831,2.33795,2.33827,135.0
2026-06-29 05:10:00,2.33832,2.33882,2.33831,2.33877,66.0
2026-06-29 05:15:00,2.33884,2.33884,2.33834,2.33848,54.0
2026-06-29 05:20:00,2.33856,2.33912,2.33844,2.33904,131.0
2026-06-29 05:25:00,2.33914,2.33916,2.33876,2.33882,180.0
2026-06-29 05:30:00,2.33877,2.33896,2.33867,2.33881,146.0
2026-06-29 05:35:00,2.33884,2.33913,2.3388,2.33896,62.0
2026-06-29 05:40:00,2.339,2.3392,2.33882,2.33894,61.0
2026-06-29 05:45:00,2.33894,2.3392,2.33893,2.33906,35.0
2026-06-29 05:50:00,2.33899,2.33925,2.33884,2.3392,118.0
2026-06-29 05:55:00,2.33921,2.33946,2.33884,2.33905,132.0
2026-06-29 06:00:00,2.3391,2.3391,2.33869,2.33894,117.0
2026-06-29 06:05:00,2.33892,2.33923,2.33805,2.33816,95.0
2026-06-29 06:10:00,2.33806,2.33874,2.33787,2.33866,120.0
2026-06-29 06:15:00,2.3387,2.3387,2.33774,2.33806,210.0
2026-06-29 06:20:00,2.33804,2.33838,2.33802,2.33813,51.0
2026-06-29 06:25:00,2.33813,2.33836,2.33808,2.33821,81.0
2026-06-29 06:30:00,2.33826,2.33829,2.33802,2.33808,62.0
2026-06-29 06:35:00,2.3381,2.3383,2.33786,2.33786,114.0
2026-06-29 06:40:00,2.33797,2.33814,2.33753,2.33774,126.0
2026-06-29 06:45:00,2.33778,2.33895,2.33778,2.3388,157.0
2026-06-29 06:50:00,2.33874,2.33919,2.33812,2.33892,122.0
2026-06-29 06:55:00,2.33892,2.33904,2.33852,2.33878,79.0
2026-06-29 07:00:00,2.33874,2.33938,2.33873,2.33928,124.0
2026-06-29 07:05:00,2.33918,2.33972,2.33898,2.33948,101.0
2026-06-29 07:10:00,2.33951,2.34027,2.33941,2.34016,240.0
2026-06-29 07:15:00,2.34018,2.34058,2.34008,2.34052,222.0
2026-06-29 07:20:00,2.34062,2.34072,2.34028,2.34037,289.0
2026-06-29 07:25:00,2.34036,2.34099,2.34021,2.34092,214.0
2026-06-29 07:30:00,2.3409,2.34098,2.34026,2.34049,299.0
2026-06-29 07:35:00,2.34056,2.3409,2.34032,2.34064,160.0
2026-06-29 07:40:00,2.34068,2.34069,2.33998,2.34014,263.0
2026-06-29 07:45:00,2.34013,2.34013,2.33952,2.33957,244.0
2026-06-29 07:50:00,2.33962,2.34034,2.33946,2.34026,74.0
2026-06-29 07:55:00,2.34025,2.34026,2.33966,2.33968,419.0
2026-06-29 08:00:00,2.33977,2.34042,2.33974,2.34042,301.0
2026-06-29 08:05:00,2.34046,2.34046,2.33999,2.3401,315.0
2026-06-29 08:10:00,2.34008,2.34038,2.33985,2.34016,179.0
2026-06-29 08:15:00,2.3401,2.3406,2.3401,2.34028,112.0
2026-06-29 08:20:00,2.34037,2.34158,2.3402,2.34152,239.0
2026-06-29 08:25:00,2.34151,2.34242,2.34128,2.34242,324.0
2026-06-29 08:30:00,2.34237,2.34254,2.3418,2.34244,172.0
2026-06-29 08:35:00,2.34243,2.34262,2.34186,2.34192,160.0
2026-06-29 08:40:00,2.34191,2.34269,2.34178,2.34266,181.0
2026-06-29 08:45:00,2.34258,2.34258,2.34186,2.34219,147.0
2026-06-29 08:50:00,2.34212,2.34222,2.34168,2.34181,175.0
2026-06-29 08:55:00,2.34182,2.34208,2.34148,2.34208,244.0
2026-06-29 09:00:00,2.34202,2.34264,2.34202,2.34242,234.0
2026-06-29 09:05:00,2.34241,2.34292,2.3424,2.34286,248.0
2026-06-29 09:10:00,2.34288,2.34312,2.3427,2.34298,169.0
2026-06-29 09:15:00,2.34309,2.34346,2.34276,2.3428,268.0
2026-06-29 09:20:00,2.3428,2.34341,2.34265,2.3432,343.0
2026-06-29 09:25:00,2.34322,2.34348,2.34298,2.3433,279.0
2026-06-29 09:30:00,2.34332,2.34382,2.34311,2.34373,178.0
2026-06-29 09:35:00,2.34366,2.34371,2.34317,2.34346,167.0
2026-06-29 09:40:00,2.34356,2.34397,2.34286,2.34286,170.0
2026-06-29 09:45:00,2.34292,2.34373,2.34292,2.34371,231.0
2026-06-29 09:50:00,2.34374,2.34414,2.3435,2.34394,207.0
2026-06-29 09:55:00,2.34389,2.34454,2.34337,2.34341,330.0
2026-06-29 10:00:00,2.34337,2.34474,2.3433,2.34452,416.0
2026-06-29 10:05:00,2.34456,2.34529,2.34428,2.34492,255.0
2026-06-29 10:10:00,2.34485,2.34543,2.34474,2.34542,303.0
2026-06-29 10:15:00,2.34547,2.34628,2.34518,2.346,516.0
2026-06-29 10:20:00,2.34596,2.346,2.34516,2.34557,390.0
2026-06-29 10:25:00,2.34558,2.34621,2.34502,2.34621,393.0
2026-06-29 10:30:00,2.3462,2.34646,2.34574,2.34646,279.0
2026-06-29 10:35:00,2.34638,2.34665,2.3461,2.34662,368.0
2026-06-29 10:40:00,2.34658,2.34664,2.34586,2.34594,349.0
2026-06-29 10:45:00,2.34596,2.34626,2.34556,2.34608,278.0
2026-06-29 10:50:00,2.34594,2.34672,2.34594,2.34665,237.0
2026-06-29 10:55:00,2.34662,2.34708,2.34624,2.34652,343.0
2026-06-29 11:00:00,2.34648,2.34719,2.34642,2.34706,332.0
2026-06-29 11:05:00,2.34709,2.34718,2.34674,2.34674,178.0
2026-06-29 11:10:00,2.34669,2.3469,2.34604,2.34606,262.0
2026-06-29 11:15:00,2.34602,2.34602,2.34528,2.34548,347.0
2026-06-29 11:20:00,2.34556,2.346,2.34544,2.3458,160.0
2026-06-29 11:25:00,2.34581,2.34616,2.34574,2.34616,212.0
2026-06-29 11:30:00,2.34621,2.34707,2.34594,2.34707,295.0
2026-06-29 11:35:00,2.34718,2.34726,2.34677,2.34693,232.0
2026-06-29 11:40:00,2.34692,2.3471,2.34648,2.34658,223.0
2026-06-29 11:45:00,2.34661,2.34682,2.34585,2.34588,298.0
2026-06-29 11:50:00,2.34582,2.34622,2.34582,2.34612,240.0
2026-06-29 11:55:00,2.3461,2.34655,2.3461,2.3465,214.0
2026-06-29 12:00:00,2.3464,2.34644,2.34579,2.34581,374.0
2026-06-29 12:05:00,2.34577,2.34618,2.34566,2.34582,308.0
2026-06-29 12:10:00,2.34586,2.34587,2.34552,2.34574,203.0
2026-06-29 12:15:00,2.34566,2.34598,2.3455,2.34586,174.0
2026-06-29 12:20:00,2.34586,2.34594,2.34569,2.34582,221.0
2026-06-29 12:25:00,2.34584,2.34586,2.34561,2.34566,250.0
2026-06-29 12:30:00,2.34563,2.34584,2.34552,2.34576,189.0
2026-06-29 12:35:00,2.34575,2.34576,2.34456,2.34478,147.0
2026-06-29 12:40:00,2.34482,2.34506,2.34474,2.34488,183.0
2026-06-29 12:45:00,2.34482,2.34502,2.34474,2.34494,118.0
2026-06-29 12:50:00,2.34498,2.3454,2.34491,2.34524,220.0
2026-06-29 12:55:00,2.34522,2.34573,2.34518,2.34552,216.0
2026-06-29 13:00:00,2.34556,2.3456,2.3453,2.34557,138.0
2026-06-29 13:05:00,2.34558,2.34572,2.34556,2.34556,111.0
2026-06-29 13:10:00,2.3456,2.34561,2.34528,2.34534,133.0
2026-06-29 13:15:00,2.34528,2.3456,2.34516,2.34546,141.0
2026-06-29 13:20:00,2.34546,2.34578,2.34545,2.34552,100.0
2026-06-29 13:25:00,2.34552,2.34576,2.34538,2.34546,99.0
2026-06-29 13:30:00,2.3455,2.34566,2.34543,2.34562,60.0
2026-06-29 13:35:00,2.34558,2.34575,2.34539,2.34544,156.0
2026-06-29 13:40:00,2.34538,2.3456,2.34538,2.3456,123.0
2026-06-29 13:45:00,2.34561,2.3458,2.3456,2.34565,96.0
2026-06-29 13:50:00,2.34564,2.34582,2.34548,2.34558,79.0
2026-06-29 13:55:00,2.34566,2.3458,2.34551,2.34567,61.0
2026-06-29 14:00:00,2.34575,2.34576,2.3454,2.34544,107.0
2026-06-29 14:05:00,2.34544,2.34548,2.34522,2.34535,65.0
2026-06-29 14:10:00,2.34528,2.34538,2.34518,2.34536,133.0
2026-06-29 14:15:00,2.34544,2.34552,2.34528,2.34532,170.0
2026-06-29 14:20:00,2.34536,2.34562,2.34532,2.34562,83.0
2026-06-29 14:25:00,2.34572,2.34598,2.34567,2.34586,129.0
2026-06-29 14:30:00,2.34584,2.34594,2.34554,2.34562,131.0
2026-06-29 14:35:00,2.3456,2.34575,2.34547,2.34564,80.0
2026-06-29 14:40:00,2.34562,2.34563,2.34515,2.34517,71.0
2026-06-29 14:45:00,2.34518,2.34534,2.34512,2.34518,81.0
2026-06-29 14:50:00,2.3452,2.34534,2.34478,2.34492,94.0
2026-06-29 14:55:00,2.34496,2.34514,2.34486,2.3451,89.0
2026-06-29 15:00:00,2.3451,2.3451,2.34496,2.34496,2.0
2026-06-29 15:05:00,2.34498,2.34536,2.34498,2.3453,19.0
2026-06-29 15:10:00,2.3452,2.34544,2.3452,2.34533,16.0
2026-06-29 15:15:00,2.34528,2.3454,2.34518,2.34518,12.0
2026-06-29 15:20:00,2.34522,2.3453,2.34508,2.34508,15.0
2026-06-29 15:25:00,2.34512,2.34531,2.34506,2.34527,30.0
2026-06-29 15:30:00,2.34528,2.34532,2.3451,2.34525,25.0
2026-06-29 15:35:00,2.34526,2.34537,2.34514,2.34526,21.0
2026-06-29 15:40:00,2.34524,2.34543,2.34511,2.34528,23.0
2026-06-29 15:45:00,2.34522,2.34546,2.34522,2.34536,29.0
2026-06-29 15:50:00,2.34537,2.3458,2.34537,2.34566,40.0
2026-06-29 15:55:00,2.34565,2.3457,2.34516,2.34534,81.0
2026-06-29 16:00:00,2.34532,2.34599,2.34532,2.34599,62.0
2026-06-29 16:05:00,2.3461,2.3461,2.34575,2.34576,17.0
2026-06-29 16:10:00,2.34566,2.3458,2.34554,2.34554,35.0
2026-06-29 16:15:00,2.34554,2.34568,2.34554,2.34564,12.0
2026-06-29 16:20:00,2.34564,2.34584,2.34563,2.34563,26.0
2026-06-29 16:25:00,2.34564,2.34593,2.34562,2.34583,21.0
2026-06-29 16:30:00,2.34586,2.34606,2.34584,2.34601,38.0
2026-06-29 16:35:00,2.34594,2.34626,2.34587,2.34613,84.0
2026-06-29 16:40:00,2.34613,2.34622,2.34594,2.34616,66.0
2026-06-29 16:45:00,2.34612,2.34636,2.3461,2.34636,36.0
2026-06-29 16:50:00,2.34634,2.34647,2.34622,2.34642,81.0
2026-06-29 16:55:00,2.34645,2.3467,2.3464,2.34654,82.0
2026-06-29 17:00:00,2.34365,2.34365,2.34365,2.34365,1.0
2026-06-29 17:05:00,2.34379,2.34488,2.34366,2.34442,226.0
2026-06-29 17:10:00,2.3444,2.34499,2.34406,2.34494,281.0
2026-06-29 17:15:00,2.34496,2.34542,2.34482,2.34535,201.0
2026-06-29 17:20:00,2.3454,2.34584,2.34537,2.34564,112.0
2026-06-29 17:25:00,2.34562,2.34574,2.345,2.34501,109.0
2026-06-29 17:30:00,2.34497,2.34511,2.34448,2.34498,215.0
2026-06-29 17:35:00,2.34508,2.3456,2.34475,2.34546,403.0
2026-06-29 17:40:00,2.34532,2.34556,2.34519,2.34528,244.0
2026-06-29 17:45:00,2.34528,2.34557,2.34517,2.34532,204.0
2026-06-29 17:50:00,2.34544,2.34554,2.3451,2.34542,171.0
2026-06-29 17:55:00,2.34532,2.34577,2.34506,2.34516,173.0
2026-06-29 18:00:00,2.34519,2.34663,2.34508,2.34567,239.0
2026-06-29 18:05:00,2.34558,2.34592,2.34552,2.34585,144.0
2026-06-29 18:10:00,2.34584,2.34606,2.34579,2.34582,46.0
2026-06-29 18:15:00,2.34583,2.34591,2.34581,2.34591,16.0
2026-06-29 18:20:00,2.34592,2.34619,2.34591,2.34619,37.0
2026-06-29 18:25:00,2.3462,2.34626,2.34618,2.34618,21.0
2026-06-29 18:30:00,2.3461,2.34616,2.34603,2.34603,61.0
2026-06-29 18:35:00,2.34604,2.34644,2.34602,2.34644,71.0
2026-06-29 18:40:00,2.34638,2.34648,2.34628,2.34636,15.0
2026-06-29 18:45:00,2.34638,2.34638,2.34636,2.34636,3.0
2026-06-29 18:50:00,2.34635,2.34635,2.34615,2.34616,8.0
2026-06-29 18:55:00,2.34618,2.34624,2.34596,2.34598,16.0
2026-06-29 19:00:00,2.346,2.34612,2.34586,2.34587,33.0
2026-06-29 19:05:00,2.34582,2.34594,2.34558,2.34574,48.0
2026-06-29 19:10:00,2.34571,2.34593,2.34571,2.34578,15.0
2026-06-29 19:15:00,2.34582,2.34584,2.34553,2.34563,104.0
2026-06-29 19:20:00,2.34563,2.34563,2.34502,2.34502,134.0
2026-06-29 19:25:00,2.34502,2.34525,2.345,2.34508,59.0
2026-06-29 19:30:00,2.34504,2.34526,2.34496,2.34511,72.0
2026-06-29 19:35:00,2.3451,2.34528,2.34484,2.34484,136.0
2026-06-29 19:40:00,2.34494,2.34523,2.34492,2.34522,169.0
2026-06-29 19:45:00,2.34523,2.3459,2.34523,2.34566,191.0
2026-06-29 19:50:00,2.34568,2.34578,2.34528,2.34529,222.0
2026-06-29 19:55:00,2.3453,2.34558,2.34527,2.34551,272.0
2026-06-29 20:00:00,2.3455,2.34656,2.34548,2.3463,493.0
2026-06-29 20:05:00,2.34629,2.34702,2.34604,2.34658,454.0
2026-06-29 20:10:00,2.3466,2.34678,2.34605,2.3463,473.0
2026-06-29 20:15:00,2.34634,2.3464,2.34598,2.34614,281.0
2026-06-29 20:20:00,2.3461,2.34663,2.34597,2.34653,134.0
2026-06-29 20:25:00,2.34652,2.34674,2.34623,2.34662,263.0
2026-06-29 20:30:00,2.34659,2.34671,2.34612,2.34612,409.0
2026-06-29 20:35:00,2.34612,2.34652,2.34589,2.34649,347.0
2026-06-29 20:40:00,2.34647,2.34652,2.34607,2.34612,298.0
2026-06-29 20:45:00,2.34612,2.34678,2.3461,2.34674,327.0
2026-06-29 20:50:00,2.34659,2.34675,2.34594,2.34661,373.0
2026-06-29 20:55:00,2.34668,2.3467,2.34586,2.34608,407.0
2026-06-29 21:00:00,2.34612,2.34658,2.34558,2.3458,358.0
2026-06-29 21:05:00,2.3458,2.34676,2.3456,2.34614,437.0
2026-06-29 21:10:00,2.34607,2.34636,2.34566,2.34574,343.0
2026-06-29 21:15:00,2.34576,2.34581,2.34384,2.34386,468.0
2026-06-29 21:20:00,2.34384,2.34396,2.34339,2.34349,381.0
2026-06-29 21:25:00,2.34348,2.34375,2.34271,2.34273,366.0
2026-06-29 21:30:00,2.34277,2.34338,2.34277,2.34316,331.0
2026-06-29 21:35:00,2.34325,2.3438,2.34302,2.34371,409.0
2026-06-29 21:40:00,2.34372,2.34408,2.34338,2.34398,257.0
2026-06-29 21:45:00,2.34399,2.34433,2.34349,2.34358,342.0
2026-06-29 21:50:00,2.3437,2.34454,2.3435,2.3444,306.0
2026-06-29 21:55:00,2.34472,2.34479,2.34426,2.34438,230.0
2026-06-29 22:00:00,2.34437,2.3447,2.34399,2.34448,240.0
2026-06-29 22:05:00,2.34448,2.34526,2.34448,2.34524,237.0
2026-06-29 22:10:00,2.34526,2.34558,2.34516,2.3454,303.0
2026-06-29 22:15:00,2.34531,2.34539,2.34498,2.34503,378.0
2026-06-29 22:20:00,2.34504,2.34518,2.34469,2.34484,403.0
2026-06-29 22:25:00,2.34484,2.3455,2.34484,2.3454,374.0
2026-06-29 22:30:00,2.34538,2.34564,2.34529,2.34537,297.0
2026-06-29 22:35:00,2.34539,2.34546,2.34495,2.34512,395.0
2026-06-29 22:40:00,2.34515,2.34523,2.34493,2.34506,273.0
2026-06-29 22:45:00,2.34498,2.34514,2.34468,2.34469,146.0
2026-06-29 22:50:00,2.3448,2.34488,2.34444,2.3446,343.0
2026-06-29 22:55:00,2.34454,2.34484,2.3444,2.34451,298.0
2026-06-29 23:00:00,2.34455,2.34459,2.34382,2.34391,330.0
2026-06-29 23:05:00,2.34392,2.34404,2.34376,2.34399,307.0
2026-06-29 23:10:00,2.344,2.34421,2.34378,2.3441,325.0
2026-06-29 23:15:00,2.34407,2.3441,2.34332,2.34333,353.0
2026-06-29 23:20:00,2.34336,2.3436,2.34323,2.34348,305.0
2026-06-29 23:25:00,2.34347,2.34392,2.34328,2.34362,311.0
2026-06-29 23:30:00,2.34361,2.34384,2.34348,2.34364,324.0
2026-06-29 23:35:00,2.3436,2.34377,2.34338,2.34354,293.0
2026-06-29 23:40:00,2.34354,2.34368,2.34325,2.34337,300.0
2026-06-29 23:45:00,2.34338,2.34345,2.34308,2.3431,220.0
2026-06-29 23:50:00,2.3431,2.34349,2.34296,2.34349,178.0
2026-06-29 23:55:00,2.34346,2.34355,2.34314,2.3433,259.0
2026-06-30 00:00:00,2.3433,2.34334,2.34281,2.3429,249.0
2026-06-30 00:05:00,2.34284,2.34302,2.34274,2.34286,223.0
2026-06-30 00:10:00,2.34288,2.34298,2.34248,2.34253,280.0
2026-06-30 00:15:00,2.34252,2.34274,2.34238,2.34257,255.0
2026-06-30 00:20:00,2.34255,2.34262,2.34226,2.34242,218.0
2026-06-30 00:25:00,2.34243,2.34256,2.34202,2.34204,302.0
2026-06-30 00:30:00,2.34203,2.34228,2.34182,2.34205,253.0
2026-06-30 00:35:00,2.34204,2.34214,2.34182,2.34202,287.0
2026-06-30 00:40:00,2.34203,2.3423,2.34193,2.34225,301.0
2026-06-30 00:45:00,2.34224,2.34244,2.3421,2.34222,296.0
2026-06-30 00:50:00,2.34222,2.34275,2.3422,2.34266,273.0
2026-06-30 00:55:00,2.34264,2.3428,2.34244,2.34268,348.0
2026-06-30 01:00:00,2.34275,2.34275,2.34197,2.34208,432.0
2026-06-30 01:05:00,2.34198,2.34217,2.3418,2.34197,333.0
2026-06-30 01:10:00,2.34198,2.3422,2.34172,2.34192,312.0
2026-06-30 01:15:00,2.34194,2.34198,2.34152,2.34166,326.0
2026-06-30 01:20:00,2.34168,2.3422,2.34163,2.3421,271.0
2026-06-30 01:25:00,2.34207,2.34274,2.34206,2.34235,363.0
2026-06-30 01:30:00,2.34238,2.34297,2.34234,2.34293,285.0
2026-06-30 01:35:00,2.34296,2.34322,2.3428,2.34288,410.0
2026-06-30 01:40:00,2.3429,2.34321,2.34272,2.34321,385.0
2026-06-30 01:45:00,2.3432,2.3432,2.34253,2.34262,290.0
2026-06-30 01:50:00,2.34258,2.34263,2.3422,2.34254,372.0
2026-06-30 01:55:00,2.34249,2.34304,2.34242,2.34286,141.0
2026-06-30 02:00:00,2.34262,2.34269,2.34206,2.34226,160.0
2026-06-30 02:05:00,2.3423,2.34268,2.34224,2.34261,211.0
2026-06-30 02:10:00,2.3426,2.3431,2.34246,2.34256,315.0
2026-06-30 02:15:00,2.34255,2.3426,2.3422,2.34236,120.0
2026-06-30 02:20:00,2.34232,2.3424,2.34189,2.34204,134.0
2026-06-30 02:25:00,2.34205,2.34228,2.34157,2.3417,201.0
2026-06-30 02:30:00,2.3417,2.34225,2.3417,2.34202,146.0
2026-06-30 02:35:00,2.34207,2.34228,2.34174,2.34188,154.0
2026-06-30 02:40:00,2.34173,2.3424,2.34145,2.34214,142.0
2026-06-30 02:45:00,2.34218,2.34249,2.34186,2.34236,224.0
2026-06-30 02:50:00,2.3424,2.34264,2.34211,2.34213,138.0
2026-06-30 02:55:00,2.34212,2.34228,2.34129,2.34174,173.0
2026-06-30 03:00:00,2.34166,2.34219,2.34162,2.34178,403.0
2026-06-30 03:05:00,2.34186,2.34209,2.34154,2.34202,180.0
2026-06-30 03:10:00,2.34192,2.34193,2.34132,2.34158,160.0
2026-06-30 03:15:00,2.34155,2.3419,2.34141,2.3419,141.0
2026-06-30 03:20:00,2.34182,2.34186,2.34133,2.34143,104.0
2026-06-30 03:25:00,2.34136,2.34136,2.3404,2.34056,104.0
2026-06-30 03:30:00,2.34052,2.34074,2.34036,2.34042,193.0
2026-06-30 03:35:00,2.34043,2.34077,2.33993,2.3402,141.0
2026-06-30 03:40:00,2.34017,2.34058,2.34008,2.34042,125.0
2026-06-30 03:45:00,2.3404,2.34042,2.33968,2.33996,164.0
2026-06-30 03:50:00,2.33994,2.34064,2.33994,2.34056,121.0
2026-06-30 03:55:00,2.3405,2.34106,2.34046,2.34096,220.0
2026-06-30 04:00:00,2.34094,2.34102,2.34002,2.34032,181.0
2026-06-30 04:05:00,2.34026,2.34154,2.34018,2.34124,296.0
2026-06-30 04:10:00,2.3413,2.34142,2.34096,2.34142,347.0
2026-06-30 04:15:00,2.34143,2.34161,2.341,2.3413,147.0
2026-06-30 04:20:00,2.3413,2.34165,2.34126,2.34138,165.0
2026-06-30 04:25:00,2.34135,2.34144,2.34093,2.34107,173.0
2026-06-30 04:30:00,2.34106,2.34164,2.341,2.34132,195.0
2026-06-30 04:35:00,2.34128,2.3414,2.34074,2.34124,208.0
2026-06-30 04:40:00,2.34122,2.34156,2.34102,2.3415,215.0
2026-06-30 04:45:00,2.34145,2.34166,2.34124,2.34155,145.0
2026-06-30 04:50:00,2.34154,2.34168,2.3412,2.34146,213.0
2026-06-30 04:55:00,2.34146,2.34164,2.34092,2.34096,239.0
2026-06-30 05:00:00,2.3409,2.34128,2.34044,2.34054,137.0
2026-06-30 05:05:00,2.34056,2.34084,2.34026,2.3403,133.0
2026-06-30 05:10:00,2.34031,2.34042,2.33936,2.33951,179.0
2026-06-30 05:15:00,2.33946,2.34031,2.33927,2.34029,190.0
2026-06-30 05:20:00,2.34026,2.34058,2.33992,2.34034,165.0
2026-06-30 05:25:00,2.34036,2.34066,2.3402,2.34055,157.0
2026-06-30 05:30:00,2.34062,2.341,2.3404,2.34051,142.0
2026-06-30 05:35:00,2.34059,2.3407,2.3402,2.34032,182.0
2026-06-30 05:40:00,2.34032,2.3408,2.34022,2.34047,146.0
2026-06-30 05:45:00,2.34049,2.34066,2.34026,2.34052,143.0
2026-06-30 05:50:00,2.34052,2.34064,2.34018,2.34046,184.0
2026-06-30 05:55:00,2.34046,2.34071,2.34028,2.34049,212.0
2026-06-30 06:00:00,2.34058,2.34058,2.34015,2.3403,113.0
2026-06-30 06:05:00,2.34034,2.34034,2.3396,2.33986,72.0
2026-06-30 06:10:00,2.33995,2.34006,2.33966,2.33984,177.0
2026-06-30 06:15:00,2.33994,2.34009,2.33977,2.33982,160.0
2026-06-30 06:20:00,2.33982,2.33982,2.33905,2.33907,47.0
2026-06-30 06:25:00,2.33912,2.3396,2.33912,2.3396,53.0
2026-06-30 06:30:00,2.33952,2.34012,2.33952,2.34007,121.0
2026-06-30 06:35:00,2.34008,2.34044,2.33996,2.34028,161.0
2026-06-30 06:40:00,2.34031,2.34031,2.33916,2.33918,254.0
2026-06-30 06:45:00,2.33918,2.33928,2.3388,2.33894,192.0
2026-06-30 06:50:00,2.33892,2.33893,2.33851,2.33865,157.0
2026-06-30 06:55:00,2.33858,2.33858,2.3372,2.33756,155.0
2026-06-30 07:00:00,2.33748,2.3379,2.33706,2.33706,213.0
2026-06-30 07:05:00,2.33711,2.33752,2.33655,2.33655,220.0
2026-06-30 07:10:00,2.33654,2.33704,2.33648,2.33656,245.0
2026-06-30 07:15:00,2.33649,2.3367,2.33616,2.3367,198.0
2026-06-30 07:20:00,2.33672,2.33709,2.33661,2.33679,167.0
2026-06-30 07:25:00,2.33674,2.33702,2.33657,2.33692,250.0
2026-06-30 07:30:00,2.33688,2.33704,2.33644,2.3366,227.0
2026-06-30 07:35:00,2.33654,2.33676,2.33627,2.33648,229.0
2026-06-30 07:40:00,2.33652,2.33664,2.33616,2.33644,207.0
2026-06-30 07:45:00,2.33636,2.33665,2.33608,2.33638,131.0
2026-06-30 07:50:00,2.33648,2.33681,2.33604,2.3367,81.0
2026-06-30 07:55:00,2.3367,2.33732,2.33645,2.33723,133.0
2026-06-30 08:00:00,2.33714,2.33714,2.33637,2.33637,135.0
2026-06-30 08:05:00,2.33642,2.33673,2.33632,2.33661,92.0
2026-06-30 08:10:00,2.33652,2.33686,2.33652,2.33673,140.0
2026-06-30 08:15:00,2.33668,2.33683,2.33604,2.33604,141.0
2026-06-30 08:20:00,2.33614,2.33628,2.33584,2.336,352.0
2026-06-30 08:25:00,2.336,2.33641,2.33585,2.33632,390.0
2026-06-30 08:30:00,2.33636,2.33641,2.3355,2.33553,600.0
2026-06-30 08:35:00,2.33554,2.33572,2.33511,2.33526,480.0
2026-06-30 08:40:00,2.33524,2.33539,2.33495,2.33516,275.0
2026-06-30 08:45:00,2.33518,2.33557,2.33501,2.33513,309.0
2026-06-30 08:50:00,2.33514,2.33514,2.33454,2.33491,226.0
2026-06-30 08:55:00,2.33488,2.33548,2.33486,2.33504,331.0
2026-06-30 09:00:00,2.335,2.33505,2.33418,2.3343,325.0
2026-06-30 09:05:00,2.33434,2.33504,2.33434,2.33486,358.0
2026-06-30 09:10:00,2.33485,2.33492,2.33432,2.33466,238.0
2026-06-30 09:15:00,2.33474,2.33511,2.33456,2.33473,215.0
2026-06-30 09:20:00,2.33457,2.3352,2.3344,2.33518,220.0
2026-06-30 09:25:00,2.33514,2.33533,2.33505,2.33512,332.0
2026-06-30 09:30:00,2.33504,2.3356,2.33492,2.33518,285.0
2026-06-30 09:35:00,2.3352,2.3352,2.33449,2.33452,96.0
2026-06-30 09:40:00,2.33464,2.33478,2.33374,2.33419,70.0
2026-06-30 09:45:00,2.33426,2.33426,2.33357,2.33394,307.0
2026-06-30 09:50:00,2.33398,2.33456,2.33393,2.33454,205.0
2026-06-30 09:55:00,2.33453,2.33524,2.33419,2.3347,204.0
2026-06-30 10:00:00,2.33471,2.33538,2.33378,2.33456,495.0
2026-06-30 10:05:00,2.33458,2.33492,2.33394,2.33394,370.0
2026-06-30 10:10:00,2.334,2.33432,2.33343,2.33421,431.0
2026-06-30 10:15:00,2.3342,2.33426,2.33309,2.33365,385.0
2026-06-30 10:20:00,2.33367,2.33396,2.33324,2.33352,353.0
2026-06-30 10:25:00,2.33344,2.33366,2.33259,2.33264,329.0
2026-06-30 10:30:00,2.3327,2.33298,2.33176,2.33196,371.0
2026-06-30 10:35:00,2.33194,2.33261,2.33192,2.33217,379.0
2026-06-30 10:40:00,2.33218,2.3328,2.33186,2.33186,272.0
2026-06-30 10:45:00,2.33196,2.33236,2.33183,2.3323,356.0
2026-06-30 10:50:00,2.33229,2.33356,2.33219,2.33276,459.0
2026-06-30 10:55:00,2.33276,2.33434,2.33236,2.33397,508.0
2026-06-30 11:00:00,2.334,2.33438,2.33298,2.3342,453.0
2026-06-30 11:05:00,2.3341,2.33507,2.33388,2.33498,413.0
2026-06-30 11:10:00,2.33497,2.33582,2.3349,2.33552,299.0
2026-06-30 11:15:00,2.33552,2.33699,2.33552,2.33683,344.0
2026-06-30 11:20:00,2.3369,2.3371,2.3367,2.33684,362.0
2026-06-30 11:25:00,2.33688,2.33712,2.33656,2.33691,320.0
2026-06-30 11:30:00,2.337,2.33732,2.33678,2.33718,417.0
2026-06-30 11:35:00,2.33711,2.33712,2.33584,2.33634,378.0
2026-06-30 11:40:00,2.33639,2.33674,2.33611,2.33624,365.0
2026-06-30 11:45:00,2.33622,2.3364,2.33595,2.33598,198.0
2026-06-30 11:50:00,2.33598,2.33616,2.33564,2.33564,323.0
2026-06-30 11:55:00,2.33568,2.33628,2.33558,2.33628,315.0
2026-06-30 12:00:00,2.33624,2.33662,2.33603,2.33655,217.0
2026-06-30 12:05:00,2.33654,2.33668,2.33592,2.33614,308.0
2026-06-30 12:10:00,2.33609,2.33661,2.33596,2.33606,304.0
2026-06-30 12:15:00,2.33602,2.33618,2.33586,2.33612,295.0
2026-06-30 12:20:00,2.33616,2.3363,2.33606,2.33625,245.0
2026-06-30 12:25:00,2.33624,2.33654,2.33618,2.3364,156.0
2026-06-30 12:30:00,2.33632,2.3365,2.33577,2.33586,239.0
2026-06-30 12:35:00,2.33584,2.33613,2.33562,2.33583,312.0
2026-06-30 12:40:00,2.33586,2.33608,2.33572,2.33572,196.0
2026-06-30 12:45:00,2.33574,2.33576,2.33544,2.33554,224.0
2026-06-30 12:50:00,2.33555,2.33591,2.33555,2.33577,191.0
2026-06-30 12:55:00,2.33576,2.336,2.33546,2.3357,223.0
2026-06-30 13:00:00,2.3357,2.33576,2.33496,2.33532,164.0
2026-06-30 13:05:00,2.33534,2.33554,2.33516,2.33527,148.0
2026-06-30 13:10:00,2.33518,2.33562,2.33518,2.33542,278.0
2026-06-30 13:15:00,2.33544,2.33566,2.3353,2.33556,322.0
2026-06-30 13:20:00,2.33556,2.33564,2.33525,2.33525,271.0
2026-06-30 13:25:00,2.33526,2.33553,2.33516,2.33521,329.0
2026-06-30 13:30:00,2.3352,2.33533,2.3351,2.33529,347.0
2026-06-30 13:35:00,2.33532,2.33556,2.33522,2.3355,388.0
2026-06-30 13:40:00,2.3355,2.3355,2.33493,2.33494,305.0
2026-06-30 13:45:00,2.33492,2.33514,2.33484,2.3351,139.0
2026-06-30 13:50:00,2.33502,2.33524,2.33492,2.3352,158.0
2026-06-30 13:55:00,2.3352,2.33522,2.33501,2.33516,160.0
2026-06-30 14:00:00,2.3352,2.33562,2.33509,2.33548,200.0
2026-06-30 14:05:00,2.33548,2.33554,2.33501,2.33513,142.0
2026-06-30 14:10:00,2.33508,2.33544,2.33506,2.33538,202.0
2026-06-30 14:15:00,2.33538,2.33543,2.33502,2.33514,327.0
2026-06-30 14:20:00,2.33512,2.3352,2.3349,2.33502,289.0
2026-06-30 14:25:00,2.33514,2.33532,2.33508,2.33526,183.0
2026-06-30 14:30:00,2.33526,2.3354,2.33506,2.3352,135.0
2026-06-30 14:35:00,2.3352,2.3352,2.33484,2.33494,92.0
2026-06-30 14:40:00,2.33498,2.33508,2.33436,2.33438,170.0
2026-06-30 14:45:00,2.3344,2.33445,2.33378,2.33378,278.0
2026-06-30 14:50:00,2.33384,2.33405,2.33376,2.33392,260.0
2026-06-30 14:55:00,2.33402,2.33402,2.3335,2.33365,40.0
2026-06-30 15:00:00,2.33365,2.33371,2.33365,2.3337,4.0
2026-06-30 15:05:00,2.33371,2.33388,2.33366,2.33386,82.0
2026-06-30 15:10:00,2.33382,2.33405,2.33382,2.33404,106.0
2026-06-30 15:15:00,2.33404,2.33431,2.33397,2.33421,69.0
2026-06-30 15:20:00,2.33421,2.33435,2.33407,2.3343,97.0
2026-06-30 15:25:00,2.3343,2.33438,2.33414,2.33438,80.0
2026-06-30 15:30:00,2.33439,2.3349,2.33439,2.33466,90.0
2026-06-30 15:35:00,2.33467,2.33484,2.3345,2.3346,64.0
2026-06-30 15:40:00,2.33466,2.335,2.3345,2.33479,129.0
2026-06-30 15:45:00,2.33471,2.335,2.3347,2.33484,115.0
2026-06-30 15:50:00,2.33478,2.33498,2.33464,2.33475,145.0
2026-06-30 15:55:00,2.33471,2.33553,2.33471,2.33541,292.0
2026-06-30 16:00:00,2.33538,2.33563,2.33517,2.33537,244.0
2026-06-30 16:05:00,2.33538,2.3359,2.33538,2.33588,65.0
2026-06-30 16:10:00,2.33589,2.33598,2.33574,2.33584,72.0
2026-06-30 16:15:00,2.33588,2.33592,2.33564,2.33579,93.0
2026-06-30 16:20:00,2.33582,2.33586,2.33565,2.3357,65.0
2026-06-30 16:25:00,2.33572,2.33577,2.33544,2.3355,51.0
2026-06-30 16:30:00,2.3354,2.3355,2.33523,2.33534,51.0
2026-06-30 16:35:00,2.33537,2.3355,2.3352,2.3355,66.0
2026-06-30 16:40:00,2.3355,2.33553,2.335,2.33506,87.0
2026-06-30 16:45:00,2.3351,2.33534,2.335,2.33531,138.0
2026-06-30 16:50:00,2.33531,2.33615,2.33526,2.33615,184.0
2026-06-30 16:55:00,2.3362,2.3364,2.33585,2.33604,152.0
2026-06-30 17:00:00,2.33588,2.33588,2.33588,2.33588,1.0
2026-06-30 17:05:00,2.33608,2.3367,2.33586,2.33604,101.0
2026-06-30 17:10:00,2.33596,2.33618,2.33528,2.33594,264.0
2026-06-30 17:15:00,2.33596,2.3361,2.33514,2.33531,325.0
2026-06-30 17:20:00,2.3353,2.33678,2.33522,2.33608,260.0
2026-06-30 17:25:00,2.3361,2.33666,2.33568,2.33613,219.0
2026-06-30 17:30:00,2.3361,2.33696,2.33584,2.3364,340.0
2026-06-30 17:35:00,2.33632,2.33666,2.33562,2.33578,456.0
2026-06-30 17:40:00,2.33576,2.33644,2.33554,2.33614,397.0
2026-06-30 17:45:00,2.3361,2.33646,2.33543,2.33603,553.0
2026-06-30 17:50:00,2.33604,2.33604,2.33432,2.33546,542.0
2026-06-30 17:55:00,2.33548,2.33572,2.33452,2.33508,471.0
2026-06-30 18:00:00,2.33508,2.33559,2.33462,2.33548,253.0
2026-06-30 18:05:00,2.33543,2.3355,2.33513,2.33538,84.0
2026-06-30 18:10:00,2.33537,2.33552,2.3352,2.3355,65.0
2026-06-30 18:15:00,2.3355,2.33572,2.33522,2.33556,76.0
2026-06-30 18:20:00,2.33564,2.33564,2.33544,2.33545,31.0
2026-06-30 18:25:00,2.33542,2.3357,2.33542,2.33558,28.0
2026-06-30 18:30:00,2.33561,2.33566,2.3355,2.33558,18.0
2026-06-30 18:35:00,2.3355,2.33563,2.3355,2.3356,6.0
2026-06-30 18:40:00,2.33563,2.33564,2.3356,2.33564,12.0
2026-06-30 18:45:00,2.33561,2.33572,2.33552,2.33562,14.0
2026-06-30 18:50:00,2.33554,2.33574,2.33553,2.33554,21.0
2026-06-30 18:55:00,2.33552,2.3356,2.33542,2.33544,18.0
2026-06-30 19:00:00,2.33545,2.33568,2.3354,2.33554,58.0
2026-06-30 19:05:00,2.33556,2.33556,2.33504,2.33522,37.0
2026-06-30 19:10:00,2.33517,2.33524,2.33497,2.33522,34.0
2026-06-30 19:15:00,2.3352,2.33521,2.33496,2.335,23.0
2026-06-30 19:20:00,2.33506,2.33513,2.33492,2.33506,40.0
2026-06-30 19:25:00,2.33514,2.33522,2.33494,2.33521,53.0
2026-06-30 19:30:00,2.33519,2.33522,2.33504,2.33512,25.0
2026-06-30 19:35:00,2.33502,2.33542,2.33496,2.33538,177.0
2026-06-30 19:40:00,2.33537,2.33555,2.33534,2.33541,246.0
2026-06-30 19:45:00,2.33538,2.33541,2.33504,2.33524,175.0
2026-06-30 19:50:00,2.33524,2.33524,2.33483,2.3349,199.0
2026-06-30 19:55:00,2.33488,2.33517,2.33473,2.33501,185.0
2026-06-30 20:00:00,2.335,2.33504,2.33412,2.33418,330.0
2026-06-30 20:05:00,2.33417,2.33448,2.33402,2.33415,242.0
2026-06-30 20:10:00,2.33418,2.33438,2.33375,2.33385,358.0
2026-06-30 20:15:00,2.33388,2.33435,2.33386,2.33431,457.0
2026-06-30 20:20:00,2.33432,2.33514,2.3343,2.33506,382.0
2026-06-30 20:25:00,2.33508,2.3353,2.33477,2.33528,377.0
2026-06-30 20:30:00,2.33526,2.33546,2.33484,2.33494,328.0
2026-06-30 20:35:00,2.33502,2.33538,2.33502,2.33517,210.0
2026-06-30 20:40:00,2.33516,2.33604,2.33514,2.336,284.0
2026-06-30 20:45:00,2.33602,2.3365,2.33584,2.33645,363.0
2026-06-30 20:50:00,2.33646,2.33656,2.3359,2.3362,392.0
2026-06-30 20:55:00,2.3362,2.33652,2.33582,2.33638,369.0
2026-06-30 21:00:00,2.3364,2.33682,2.3363,2.3367,339.0
2026-06-30 21:05:00,2.33677,2.337,2.33648,2.33674,383.0
2026-06-30 21:10:00,2.33676,2.33676,2.33626,2.33648,384.0
2026-06-30 21:15:00,2.33653,2.33668,2.33604,2.3365,435.0
2026-06-30 21:20:00,2.33648,2.3366,2.33618,2.33642,391.0
2026-06-30 21:25:00,2.33641,2.3367,2.33603,2.33608,442.0
2026-06-30 21:30:00,2.33614,2.33614,2.33555,2.3357,444.0
2026-06-30 21:35:00,2.3357,2.3359,2.33536,2.33544,348.0
2026-06-30 21:40:00,2.33545,2.33616,2.33544,2.33608,214.0
2026-06-30 21:45:00,2.33611,2.33722,2.33608,2.33672,349.0
2026-06-30 21:50:00,2.33671,2.33689,2.33652,2.3367,291.0
2026-06-30 21:55:00,2.33668,2.33671,2.33638,2.33656,324.0
2026-06-30 22:00:00,2.33658,2.33702,2.33642,2.33698,279.0
2026-06-30 22:05:00,2.33699,2.33754,2.33686,2.33744,367.0
2026-06-30 22:10:00,2.33746,2.33782,2.33725,2.33728,320.0
2026-06-30 22:15:00,2.33728,2.33772,2.33716,2.33748,259.0
2026-06-30 22:20:00,2.33754,2.33754,2.33716,2.33739,218.0
2026-06-30 22:25:00,2.33747,2.33765,2.33704,2.33704,116.0
2026-06-30 22:30:00,2.33708,2.33715,2.33666,2.33692,169.0
2026-06-30 22:35:00,2.33694,2.33694,2.33646,2.33666,319.0
2026-06-30 22:40:00,2.33666,2.33668,2.33638,2.33646,280.0
2026-06-30 22:45:00,2.3364,2.33641,2.33602,2.33635,289.0
2026-06-30 22:50:00,2.33641,2.33652,2.336,2.33616,216.0
2026-06-30 22:55:00,2.33624,2.3368,2.33624,2.33662,210.0
2026-06-30 23:00:00,2.33662,2.33662,2.33579,2.33582,277.0
2026-06-30 23:05:00,2.33582,2.33608,2.33568,2.33572,244.0
2026-06-30 23:10:00,2.33572,2.33602,2.33566,2.3359,165.0
2026-06-30 23:15:00,2.33592,2.33601,2.33554,2.3356,179.0
2026-06-30 23:20:00,2.3356,2.33574,2.3353,2.33555,225.0
2026-06-30 23:25:00,2.33558,2.336,2.33555,2.33573,255.0
2026-06-30 23:30:00,2.33576,2.33576,2.33522,2.33554,269.0
2026-06-30 23:35:00,2.33555,2.33556,2.33518,2.3353,256.0
2026-06-30 23:40:00,2.3353,2.33565,2.33524,2.33556,241.0
2026-06-30 23:45:00,2.33558,2.33558,2.33502,2.33505,236.0
2026-06-30 23:50:00,2.33508,2.33511,2.33478,2.33484,143.0
2026-06-30 23:55:00,2.33474,2.33486,2.33462,2.33474,274.0
2026-07-01 00:00:00,2.3347,2.33477,2.33452,2.33474,324.0
2026-07-01 00:05:00,2.33477,2.3349,2.3342,2.33455,327.0
2026-07-01 00:10:00,2.33454,2.3348,2.33448,2.3347,333.0
2026-07-01 00:15:00,2.3347,2.33505,2.3346,2.33461,269.0
2026-07-01 00:20:00,2.3346,2.33506,2.33458,2.33492,260.0
2026-07-01 00:25:00,2.33493,2.33497,2.33432,2.33432,280.0
2026-07-01 00:30:00,2.33433,2.33452,2.33425,2.33444,279.0
2026-07-01 00:35:00,2.33438,2.33446,2.3339,2.33408,250.0
2026-07-01 00:40:00,2.33406,2.33408,2.33344,2.3336,225.0
2026-07-01 00:45:00,2.3336,2.33367,2.33322,2.33356,314.0
2026-07-01 00:50:00,2.33358,2.33358,2.33333,2.33337,211.0
2026-07-01 00:55:00,2.33339,2.33382,2.3333,2.33382,287.0
2026-07-01 01:00:00,2.33372,2.33384,2.33334,2.33345,306.0
2026-07-01 01:05:00,2.33344,2.33353,2.33302,2.33312,247.0
2026-07-01 01:10:00,2.33311,2.33389,2.33302,2.33373,325.0
2026-07-01 01:15:00,2.33379,2.3339,2.33338,2.33356,285.0
2026-07-01 01:20:00,2.33355,2.33388,2.33338,2.33352,255.0
2026-07-01 01:25:00,2.33353,2.3336,2.33321,2.3333,188.0
2026-07-01 01:30:00,2.33332,2.3336,2.33305,2.3334,271.0
2026-07-01 01:35:00,2.33342,2.33342,2.33303,2.33321,322.0
2026-07-01 01:40:00,2.33318,2.33329,2.33273,2.33292,299.0
2026-07-01 01:45:00,2.33293,2.33314,2.33284,2.33304,264.0
2026-07-01 01:50:00,2.33314,2.33329,2.33287,2.33293,297.0
2026-07-01 01:55:00,2.333,2.33335,2.33292,2.33322,285.0
2026-07-01 02:00:00,2.33318,2.33376,2.333,2.3336,368.0
2026-07-01 02:05:00,2.33362,2.33436,2.33362,2.33415,429.0
2026-07-01 02:10:00,2.33414,2.33499,2.33414,2.3347,356.0
2026-07-01 02:15:00,2.33472,2.3349,2.33432,2.33433,130.0
2026-07-01 02:20:00,2.33434,2.33446,2.33414,2.33438,110.0
2026-07-01 02:25:00,2.33436,2.33449,2.33392,2.33424,136.0
2026-07-01 02:30:00,2.33426,2.33439,2.33382,2.33428,168.0
2026-07-01 02:35:00,2.33428,2.33441,2.33396,2.33396,124.0
2026-07-01 02:40:00,2.334,2.3341,2.33336,2.33349,93.0
2026-07-01 02:45:00,2.33356,2.33395,2.33354,2.33384,332.0
2026-07-01 02:50:00,2.33386,2.33427,2.3338,2.33422,427.0
2026-07-01 02:55:00,2.3343,2.33446,2.33366,2.33368,370.0
2026-07-01 03:00:00,2.3337,2.33412,2.33336,2.3334,553.0
2026-07-01 03:05:00,2.33343,2.33384,2.3332,2.33336,432.0
2026-07-01 03:10:00,2.33339,2.33366,2.33312,2.33337,569.0
2026-07-01 03:15:00,2.3334,2.33354,2.33284,2.33286,494.0
2026-07-01 03:20:00,2.33284,2.33294,2.3319,2.33212,469.0
2026-07-01 03:25:00,2.33217,2.33289,2.33215,2.3326,420.0
2026-07-01 03:30:00,2.33259,2.33274,2.33199,2.3321,357.0
2026-07-01 03:35:00,2.3321,2.33232,2.33174,2.33212,336.0
2026-07-01 03:40:00,2.33216,2.33359,2.33201,2.33351,430.0
2026-07-01 03:45:00,2.3335,2.33354,2.33297,2.3334,260.0
2026-07-01 03:50:00,2.3334,2.33368,2.33294,2.33328,151.0
2026-07-01 03:55:00,2.33326,2.33327,2.33264,2.33288,147.0
2026-07-01 04:00:00,2.33296,2.33328,2.33289,2.33305,124.0
2026-07-01 04:05:00,2.33313,2.3333,2.33273,2.33303,161.0
2026-07-01 04:10:00,2.33306,2.33362,2.33294,2.33354,191.0
2026-07-01 04:15:00,2.33349,2.3341,2.33336,2.33393,119.0
2026-07-01 04:20:00,2.33395,2.33402,2.33357,2.33368,247.0
2026-07-01 04:25:00,2.33368,2.33423,2.3334,2.33422,173.0
2026-07-01 04:30:00,2.33424,2.33424,2.33365,2.3338,150.0
2026-07-01 04:35:00,2.33384,2.33444,2.33384,2.33404,111.0
2026-07-01 04:40:00,2.33414,2.3343,2.33332,2.33368,105.0
2026-07-01 04:45:00,2.3336,2.33445,2.33358,2.33445,144.0
2026-07-01 04:50:00,2.33446,2.33446,2.33369,2.33378,122.0
2026-07-01 04:55:00,2.33374,2.33396,2.3335,2.33376,198.0
2026-07-01 05:00:00,2.33398,2.3342,2.33376,2.33392,283.0
2026-07-01 05:05:00,2.33391,2.33402,2.3332,2.33362,199.0
2026-07-01 05:10:00,2.33362,2.33412,2.33359,2.33364,138.0
2026-07-01 05:15:00,2.33366,2.33419,2.3336,2.33419,118.0
2026-07-01 05:20:00,2.33418,2.33436,2.3339,2.33436,102.0
2026-07-01 05:25:00,2.3344,2.33568,2.33421,2.33568,164.0
2026-07-01 05:30:00,2.33572,2.33604,2.3353,2.33544,143.0
2026-07-01 05:35:00,2.33534,2.33568,2.33512,2.33557,63.0
2026-07-01 05:40:00,2.33562,2.336,2.33536,2.33566,85.0
2026-07-01 05:45:00,2.33556,2.3358,2.33542,2.33546,56.0
2026-07-01 05:50:00,2.33541,2.33544,2.33466,2.3352,112.0
2026-07-01 05:55:00,2.33514,2.3355,2.33508,2.33514,113.0
2026-07-01 06:00:00,2.33513,2.33534,2.33495,2.33517,112.0
2026-07-01 06:05:00,2.33522,2.33537,2.33484,2.3349,128.0
2026-07-01 06:10:00,2.33494,2.3355,2.3349,2.33542,121.0
2026-07-01 06:15:00,2.33539,2.3355,2.33494,2.33512,114.0
2026-07-01 06:20:00,2.33506,2.33516,2.33466,2.33496,85.0
2026-07-01 06:25:00,2.33488,2.33488,2.33414,2.33416,123.0
2026-07-01 06:30:00,2.33408,2.33426,2.33369,2.33379,111.0
2026-07-01 06:35:00,2.33378,2.33384,2.33332,2.33354,179.0
2026-07-01 06:40:00,2.3335,2.33394,2.33338,2.33375,58.0
2026-07-01 06:45:00,2.33376,2.33379,2.33333,2.33333,81.0
2026-07-01 06:50:00,2.33334,2.33348,2.33276,2.33335,86.0
2026-07-01 06:55:00,2.33336,2.33338,2.33256,2.33256,75.0
2026-07-01 07:00:00,2.33256,2.33264,2.33196,2.33226,204.0
2026-07-01 07:05:00,2.3322,2.33257,2.33198,2.33253,67.0
2026-07-01 07:10:00,2.33248,2.33248,2.3318,2.33215,117.0
2026-07-01 07:15:00,2.33218,2.33244,2.33193,2.33223,81.0
2026-07-01 07:20:00,2.33232,2.33274,2.33229,2.33264,107.0
2026-07-01 07:25:00,2.33262,2.33284,2.3324,2.3328,178.0
2026-07-01 07:30:00,2.33282,2.33356,2.3328,2.33346,320.0
2026-07-01 07:35:00,2.33345,2.33374,2.3332,2.33343,220.0
2026-07-01 07:40:00,2.33344,2.33369,2.33274,2.33291,194.0
2026-07-01 07:45:00,2.3329,2.33362,2.33286,2.33362,148.0
2026-07-01 07:50:00,2.3336,2.33402,2.33348,2.33364,115.0
2026-07-01 07:55:00,2.33366,2.33392,2.33357,2.33366,237.0
2026-07-01 08:00:00,2.33368,2.33428,2.3334,2.33428,166.0
2026-07-01 08:05:00,2.33437,2.33452,2.33398,2.33422,95.0
2026-07-01 08:10:00,2.33433,2.33456,2.33378,2.33379,132.0
2026-07-01 08:15:00,2.33368,2.3343,2.33322,2.33408,308.0
2026-07-01 08:20:00,2.33404,2.33522,2.33398,2.33522,345.0
2026-07-01 08:25:00,2.33518,2.33526,2.33486,2.33492,341.0
2026-07-01 08:30:00,2.33497,2.33582,2.33482,2.33581,310.0
2026-07-01 08:35:00,2.3358,2.3369,2.33571,2.33686,437.0
2026-07-01 08:40:00,2.3368,2.3368,2.33581,2.33606,388.0
2026-07-01 08:45:00,2.33608,2.33662,2.33598,2.3366,393.0
2026-07-01 08:50:00,2.33662,2.33782,2.33659,2.33745,421.0
2026-07-01 08:55:00,2.33739,2.33772,2.33696,2.33707,230.0
2026-07-01 09:00:00,2.33708,2.33744,2.3365,2.33728,243.0
2026-07-01 09:05:00,2.3373,2.338,2.3373,2.33745,341.0
2026-07-01 09:10:00,2.33746,2.3376,2.33587,2.33661,441.0
2026-07-01 09:15:00,2.33646,2.33766,2.33584,2.33617,329.0
2026-07-01 09:20:00,2.33624,2.33637,2.3353,2.33598,266.0
2026-07-01 09:25:00,2.33589,2.33596,2.3349,2.33495,355.0
2026-07-01 09:30:00,2.33496,2.33552,2.3335,2.33426,653.0
2026-07-01 09:35:00,2.33423,2.33542,2.33422,2.3354,359.0
2026-07-01 09:40:00,2.3355,2.33572,2.33404,2.33424,274.0
2026-07-01 09:45:00,2.33426,2.33484,2.33384,2.33458,386.0
2026-07-01 09:50:00,2.33468,2.33574,2.33448,2.33556,318.0
2026-07-01 09:55:00,2.3356,2.336,2.33544,2.33544,202.0
2026-07-01 10:00:00,2.33557,2.33596,2.33488,2.33542,457.0
2026-07-01 10:05:00,2.33554,2.33554,2.33466,2.3349,343.0
2026-07-01 10:10:00,2.33488,2.33518,2.33429,2.33498,390.0
2026-07-01 10:15:00,2.33498,2.33544,2.33473,2.33494,570.0
2026-07-01 10:20:00,2.33498,2.33602,2.3349,2.33592,449.0
2026-07-01 10:25:00,2.33596,2.33664,2.33584,2.33657,458.0
2026-07-01 10:30:00,2.33648,2.33767,2.33643,2.33736,440.0
2026-07-01 10:35:00,2.33741,2.33836,2.3371,2.33832,317.0
2026-07-01 10:40:00,2.33834,2.33894,2.33723,2.33726,437.0
2026-07-01 10:45:00,2.33724,2.33839,2.33718,2.33774,348.0
2026-07-01 10:50:00,2.3378,2.33832,2.33739,2.33799,462.0
2026-07-01 10:55:00,2.33795,2.33966,2.33795,2.33874,642.0
2026-07-01 11:00:00,2.33878,2.33952,2.33854,2.33916,490.0
2026-07-01 11:05:00,2.33918,2.33934,2.3388,2.33934,403.0
2026-07-01 11:10:00,2.3394,2.33956,2.33874,2.33874,350.0
2026-07-01 11:15:00,2.3388,2.33897,2.33792,2.3381,294.0
2026-07-01 11:20:00,2.33815,2.33863,2.33806,2.33848,460.0
2026-07-01 11:25:00,2.33844,2.33898,2.33842,2.33856,272.0
2026-07-01 11:30:00,2.33859,2.33906,2.33842,2.33859,378.0
2026-07-01 11:35:00,2.3386,2.33877,2.33788,2.33788,310.0
2026-07-01 11:40:00,2.33789,2.33858,2.33778,2.33852,307.0
2026-07-01 11:45:00,2.33853,2.33882,2.3385,2.33868,366.0
2026-07-01 11:50:00,2.33866,2.33889,2.33849,2.33868,333.0
2026-07-01 11:55:00,2.33869,2.33918,2.33822,2.33894,332.0
2026-07-01 12:00:00,2.33888,2.33923,2.33822,2.33874,221.0
2026-07-01 12:05:00,2.33878,2.33932,2.33872,2.3391,419.0
2026-07-01 12:10:00,2.33908,2.33974,2.3389,2.33936,404.0
2026-07-01 12:15:00,2.3394,2.33971,2.33872,2.33926,316.0
2026-07-01 12:20:00,2.33931,2.33944,2.33883,2.33907,316.0
2026-07-01 12:25:00,2.3391,2.33957,2.339,2.33934,333.0
2026-07-01 12:30:00,2.33931,2.33987,2.3392,2.33982,322.0
2026-07-01 12:35:00,2.3398,2.34004,2.33944,2.34,254.0
2026-07-01 12:40:00,2.34001,2.34014,2.33928,2.33934,251.0
2026-07-01 12:45:00,2.33936,2.33981,2.33928,2.3395,315.0
2026-07-01 12:50:00,2.3395,2.33973,2.33934,2.3396,343.0
2026-07-01 12:55:00,2.33964,2.34003,2.33934,2.33944,411.0
2026-07-01 13:00:00,2.33944,2.33999,2.33926,2.33992,334.0
2026-07-01 13:05:00,2.33995,2.34003,2.33948,2.33957,234.0
2026-07-01 13:10:00,2.33959,2.33982,2.33942,2.33972,290.0
2026-07-01 13:15:00,2.3397,2.3399,2.33952,2.33959,410.0
2026-07-01 13:20:00,2.33954,2.33962,2.3392,2.3392,181.0
2026-07-01 13:25:00,2.3392,2.33938,2.33904,2.33938,134.0
2026-07-01 13:30:00,2.33934,2.33948,2.339,2.33944,298.0
2026-07-01 13:35:00,2.33944,2.33952,2.3392,2.33952,246.0
2026-07-01 13:40:00,2.33952,2.33976,2.33938,2.33964,321.0
2026-07-01 13:45:00,2.3396,2.33982,2.33947,2.33959,334.0
2026-07-01 13:50:00,2.33958,2.33976,2.3394,2.33976,210.0
2026-07-01 13:55:00,2.33978,2.33999,2.33966,2.33992,259.0
2026-07-01 14:00:00,2.33986,2.33994,2.33958,2.33994,246.0
2026-07-01 14:05:00,2.33992,2.34023,2.33986,2.3402,269.0
2026-07-01 14:10:00,2.34018,2.34047,2.34002,2.34006,280.0
2026-07-01 14:15:00,2.34008,2.34052,2.34008,2.34042,281.0
2026-07-01 14:20:00,2.34032,2.34054,2.3402,2.34028,150.0
2026-07-01 14:25:00,2.34024,2.34048,2.34014,2.34044,103.0
2026-07-01 14:30:00,2.34042,2.34048,2.34025,2.34031,135.0
2026-07-01 14:35:00,2.34041,2.34074,2.34041,2.34066,147.0
2026-07-01 14:40:00,2.34064,2.34108,2.34062,2.34078,169.0
2026-07-01 14:45:00,2.34078,2.34108,2.34068,2.34082,185.0
2026-07-01 14:50:00,2.34085,2.34096,2.3405,2.34056,286.0
2026-07-01 14:55:00,2.3406,2.34115,2.3404,2.34115,61.0
2026-07-01 15:00:00,2.34115,2.34115,2.33982,2.33982,2.0
2026-07-01 15:05:00,2.33988,2.33994,2.33966,2.33984,97.0
2026-07-01 15:10:00,2.33989,2.34032,2.33984,2.34026,60.0
2026-07-01 15:15:00,2.34022,2.3408,2.3402,2.34074,116.0
2026-07-01 15:20:00,2.3407,2.34115,2.3407,2.34109,100.0
2026-07-01 15:25:00,2.34112,2.34126,2.34082,2.34093,138.0
2026-07-01 15:30:00,2.3409,2.34094,2.34062,2.3407,91.0
2026-07-01 15:35:00,2.3407,2.3409,2.3407,2.34085,57.0
2026-07-01 15:40:00,2.34074,2.341,2.3407,2.34083,88.0
2026-07-01 15:45:00,2.34082,2.34092,2.34068,2.34076,90.0
2026-07-01 15:50:00,2.3407,2.34108,2.3407,2.34104,154.0
2026-07-01 15:55:00,2.34099,2.34126,2.34084,2.34104,125.0
2026-07-01 16:00:00,2.34108,2.34132,2.341,2.3412,207.0
2026-07-01 16:05:00,2.34116,2.34154,2.34112,2.34128,89.0
2026-07-01 16:10:00,2.34131,2.34142,2.34125,2.34134,45.0
2026-07-01 16:15:00,2.34138,2.34166,2.34136,2.3415,77.0
2026-07-01 16:20:00,2.34144,2.34164,2.34144,2.3416,51.0
2026-07-01 16:25:00,2.34155,2.34162,2.34128,2.34162,61.0
2026-07-01 16:30:00,2.3416,2.34172,2.34149,2.34164,37.0
2026-07-01 16:35:00,2.34161,2.34164,2.34118,2.34129,69.0
2026-07-01 16:40:00,2.34128,2.34128,2.3401,2.34024,108.0
2026-07-01 16:45:00,2.34029,2.34061,2.34022,2.3406,100.0
2026-07-01 16:50:00,2.34056,2.34061,2.34016,2.3402,113.0
2026-07-01 16:55:00,2.34025,2.3404,2.3402,2.34025,76.0
2026-07-01 17:00:00,2.34005,2.34005,2.34005,2.34005,1.0
2026-07-01 17:05:00,2.33951,2.33965,2.33854,2.33955,209.0
2026-07-01 17:10:00,2.33957,2.34091,2.33954,2.34076,136.0
2026-07-01 17:15:00,2.34076,2.34091,2.34018,2.34034,211.0
2026-07-01 17:20:00,2.34034,2.34195,2.34034,2.34114,204.0
2026-07-01 17:25:00,2.34112,2.34114,2.3402,2.34073,260.0
2026-07-01 17:30:00,2.34066,2.34143,2.34057,2.34132,238.0
2026-07-01 17:35:00,2.34132,2.34178,2.3411,2.3412,232.0
2026-07-01 17:40:00,2.34113,2.34153,2.34084,2.34096,268.0
2026-07-01 17:45:00,2.34096,2.34122,2.34083,2.34114,139.0
2026-07-01 17:50:00,2.34113,2.34152,2.34108,2.3414,188.0
2026-07-01 17:55:00,2.3414,2.34159,2.33982,2.34042,1198.0
2026-07-01 18:00:00,2.34058,2.34158,2.34043,2.34074,186.0
2026-07-01 18:05:00,2.34074,2.34077,2.34049,2.3407,88.0
2026-07-01 18:10:00,2.3407,2.3407,2.34032,2.34034,51.0
2026-07-01 18:15:00,2.34036,2.34038,2.34008,2.34026,54.0
2026-07-01 18:20:00,2.3403,2.34044,2.34028,2.34043,61.0
2026-07-01 18:25:00,2.34041,2.34048,2.34032,2.34034,115.0
2026-07-01 18:30:00,2.34034,2.34034,2.33992,2.33998,103.0
2026-07-01 18:35:00,2.33997,2.34,2.33955,2.33976,62.0
2026-07-01 18:40:00,2.33982,2.3399,2.33974,2.33986,51.0
2026-07-01 18:45:00,2.33988,2.33994,2.33972,2.33972,98.0
2026-07-01 18:50:00,2.33973,2.33992,2.33973,2.33992,17.0
2026-07-01 18:55:00,2.33996,2.33996,2.33986,2.33988,22.0
2026-07-01 19:00:00,2.33987,2.33988,2.33962,2.3397,40.0
2026-07-01 19:05:00,2.33978,2.33979,2.3397,2.33978,117.0
2026-07-01 19:10:00,2.33988,2.33988,2.33946,2.33976,124.0
2026-07-01 19:15:00,2.33974,2.3399,2.33974,2.33988,170.0
2026-07-01 19:20:00,2.33987,2.3399,2.33971,2.3398,159.0
2026-07-01 19:25:00,2.33978,2.34004,2.33978,2.34002,113.0
2026-07-01 19:30:00,2.34001,2.34005,2.33992,2.33994,274.0
2026-07-01 19:35:00,2.33992,2.34009,2.33992,2.34,100.0
2026-07-01 19:40:00,2.34,2.34002,2.33976,2.33978,106.0
2026-07-01 19:45:00,2.33978,2.3402,2.33978,2.34014,260.0
2026-07-01 19:50:00,2.34016,2.34024,2.33976,2.33982,248.0
2026-07-01 19:55:00,2.33982,2.34023,2.33981,2.34008,217.0
2026-07-01 20:00:00,2.34009,2.34122,2.33976,2.34099,397.0
2026-07-01 20:05:00,2.34093,2.34099,2.34024,2.34029,497.0
2026-07-01 20:10:00,2.34028,2.34094,2.33999,2.34083,446.0
2026-07-01 20:15:00,2.34082,2.34102,2.34045,2.34088,250.0
2026-07-01 20:20:00,2.34085,2.3409,2.34036,2.34042,274.0
2026-07-01 20:25:00,2.34041,2.34095,2.34041,2.34064,254.0
2026-07-01 20:30:00,2.34066,2.34084,2.34056,2.34076,275.0
2026-07-01 20:35:00,2.34076,2.34081,2.34046,2.34052,257.0
2026-07-01 20:40:00,2.34052,2.34147,2.34048,2.3411,302.0
2026-07-01 20:45:00,2.34112,2.34126,2.34057,2.34082,262.0
2026-07-01 20:50:00,2.34082,2.34088,2.34026,2.34053,373.0
2026-07-01 20:55:00,2.34048,2.34097,2.34041,2.3408,342.0
2026-07-01 21:00:00,2.3407,2.34098,2.34017,2.34071,424.0
2026-07-01 21:05:00,2.3407,2.34079,2.3396,2.33968,326.0
2026-07-01 21:10:00,2.3398,2.33983,2.33922,2.33928,229.0
2026-07-01 21:15:00,2.33935,2.34054,2.33935,2.34054,267.0
2026-07-01 21:20:00,2.34066,2.3412,2.34058,2.34113,169.0
2026-07-01 21:25:00,2.34108,2.3411,2.3402,2.34032,370.0
2026-07-01 21:30:00,2.3403,2.34057,2.34004,2.34055,366.0
2026-07-01 21:35:00,2.34056,2.34059,2.33988,2.34004,350.0
2026-07-01 21:40:00,2.34008,2.3403,2.33986,2.34023,307.0
2026-07-01 21:45:00,2.34022,2.34052,2.33974,2.33998,230.0
2026-07-01 21:50:00,2.33996,2.34022,2.3397,2.33986,340.0
2026-07-01 21:55:00,2.33984,2.33994,2.33892,2.33917,282.0
2026-07-01 22:00:00,2.33918,2.3392,2.33836,2.33846,345.0
2026-07-01 22:05:00,2.3385,2.33884,2.33831,2.33884,304.0
2026-07-01 22:10:00,2.33883,2.339,2.3382,2.3385,220.0
2026-07-01 22:15:00,2.33849,2.33868,2.33828,2.33866,235.0
2026-07-01 22:20:00,2.33867,2.33932,2.33854,2.3393,233.0
2026-07-01 22:25:00,2.3393,2.33931,2.33886,2.33914,234.0
2026-07-01 22:30:00,2.33918,2.33958,2.33902,2.33936,209.0
2026-07-01 22:35:00,2.33944,2.33946,2.3388,2.3392,281.0
2026-07-01 22:40:00,2.3392,2.33948,2.33904,2.33943,361.0
2026-07-01 22:45:00,2.33944,2.34042,2.3394,2.34038,282.0
2026-07-01 22:50:00,2.34038,2.34042,2.33994,2.3402,247.0
2026-07-01 22:55:00,2.34019,2.34046,2.33996,2.34044,306.0
2026-07-01 23:00:00,2.34046,2.34048,2.3398,2.34042,406.0
2026-07-01 23:05:00,2.34034,2.34123,2.34034,2.34121,303.0
2026-07-01 23:10:00,2.3412,2.34212,2.34104,2.34198,236.0
2026-07-01 23:15:00,2.34195,2.34316,2.34166,2.34272,256.0
2026-07-01 23:20:00,2.34271,2.34286,2.342,2.34248,291.0
2026-07-01 23:25:00,2.34246,2.34246,2.34186,2.342,282.0
2026-07-01 23:30:00,2.342,2.342,2.34161,2.34172,306.0
2026-07-01 23:35:00,2.34177,2.34187,2.34145,2.34145,239.0
2026-07-01 23:40:00,2.3415,2.34162,2.34129,2.34156,233.0
2026-07-01 23:45:00,2.34164,2.34173,2.3415,2.34151,208.0
2026-07-01 23:50:00,2.34152,2.34194,2.3414,2.34165,282.0
2026-07-01 23:55:00,2.34172,2.34173,2.34132,2.34142,185.0
2026-07-02 00:00:00,2.34142,2.34151,2.34062,2.34101,301.0
2026-07-02 00:05:00,2.34112,2.34138,2.3408,2.34082,279.0
2026-07-02 00:10:00,2.34078,2.34144,2.34076,2.34144,265.0
2026-07-02 00:15:00,2.34144,2.34186,2.34143,2.34168,303.0
2026-07-02 00:20:00,2.34169,2.34183,2.3411,2.34128,281.0
2026-07-02 00:25:00,2.34128,2.34128,2.34098,2.34108,185.0
2026-07-02 00:30:00,2.34106,2.34115,2.34076,2.34083,163.0
2026-07-02 00:35:00,2.34081,2.34129,2.34078,2.34094,198.0
2026-07-02 00:40:00,2.34102,2.3411,2.34062,2.34073,227.0
2026-07-02 00:45:00,2.34076,2.34082,2.34042,2.34048,236.0
2026-07-02 00:50:00,2.34042,2.34054,2.34021,2.34029,134.0
2026-07-02 00:55:00,2.3404,2.34046,2.34016,2.34046,133.0
2026-07-02 01:00:00,2.3404,2.34077,2.3403,2.34055,120.0
2026-07-02 01:05:00,2.34054,2.3407,2.34036,2.34048,181.0
2026-07-02 01:10:00,2.34048,2.34059,2.34023,2.34058,235.0
2026-07-02 01:15:00,2.34058,2.34078,2.34036,2.34064,272.0
2026-07-02 01:20:00,2.34064,2.3409,2.34053,2.3406,179.0
2026-07-02 01:25:00,2.34063,2.3415,2.34063,2.3414,267.0
2026-07-02 01:30:00,2.34142,2.34199,2.34138,2.34186,358.0
2026-07-02 01:35:00,2.34178,2.34192,2.34147,2.34162,251.0
2026-07-02 01:40:00,2.34162,2.34168,2.34114,2.34132,143.0
2026-07-02 01:45:00,2.34134,2.34164,2.34099,2.3415,222.0
2026-07-02 01:50:00,2.3415,2.34174,2.34104,2.34174,191.0
2026-07-02 01:55:00,2.34176,2.34192,2.34144,2.34144,179.0
2026-07-02 02:00:00,2.34143,2.34174,2.34114,2.3417,155.0
2026-07-02 02:05:00,2.34165,2.34234,2.3416,2.34234,212.0
2026-07-02 02:10:00,2.34232,2.34244,2.34202,2.34212,261.0
2026-07-02 02:15:00,2.34212,2.34288,2.34204,2.34288,138.0
2026-07-02 02:20:00,2.3429,2.34303,2.34254,2.34272,120.0
2026-07-02 02:25:00,2.3428,2.34329,2.34265,2.3431,88.0
2026-07-02 02:30:00,2.34313,2.34318,2.34232,2.34232,76.0
2026-07-02 02:35:00,2.34232,2.34287,2.34228,2.34258,88.0
2026-07-02 02:40:00,2.34274,2.34308,2.34258,2.34292,79.0
2026-07-02 02:45:00,2.34282,2.34304,2.34228,2.34288,386.0
2026-07-02 02:50:00,2.34298,2.3445,2.34192,2.34241,973.0
2026-07-02 02:55:00,2.34238,2.3428,2.34208,2.34279,590.0
2026-07-02 03:00:00,2.34276,2.34331,2.34241,2.34246,728.0
2026-07-02 03:05:00,2.34248,2.34313,2.34246,2.34287,600.0
2026-07-02 03:10:00,2.34286,2.34338,2.34267,2.34314,605.0
2026-07-02 03:15:00,2.34317,2.34461,2.34314,2.34447,436.0
2026-07-02 03:20:00,2.34446,2.34492,2.34427,2.34482,594.0
2026-07-02 03:25:00,2.34483,2.34556,2.3448,2.3455,517.0
2026-07-02 03:30:00,2.34553,2.34574,2.34532,2.34562,217.0
2026-07-02 03:35:00,2.3456,2.346,2.34546,2.34581,99.0
2026-07-02 03:40:00,2.3459,2.34716,2.3458,2.34683,189.0
2026-07-02 03:45:00,2.34682,2.34792,2.34636,2.3477,153.0
2026-07-02 03:50:00,2.34779,2.3485,2.34764,2.3479,166.0
2026-07-02 03:55:00,2.34796,2.34866,2.34768,2.34846,123.0
2026-07-02 04:00:00,2.34852,2.34927,2.34822,2.34888,150.0
2026-07-02 04:05:00,2.34888,2.34894,2.34819,2.34854,262.0
2026-07-02 04:10:00,2.3485,2.34908,2.34829,2.3483,290.0
2026-07-02 04:15:00,2.3483,2.34858,2.34649,2.34656,173.0
2026-07-02 04:20:00,2.34644,2.34661,2.34596,2.34602,160.0
2026-07-02 04:25:00,2.34602,2.3466,2.34562,2.3464,152.0
2026-07-02 04:30:00,2.34644,2.34686,2.34627,2.34648,131.0
2026-07-02 04:35:00,2.34658,2.34661,2.34556,2.34597,151.0
2026-07-02 04:40:00,2.34604,2.347,2.34602,2.34682,127.0
2026-07-02 04:45:00,2.34672,2.34704,2.34602,2.34672,187.0
2026-07-02 04:50:00,2.3467,2.34672,2.34596,2.34618,228.0
2026-07-02 04:55:00,2.34614,2.3465,2.34567,2.34583,203.0
2026-07-02 05:00:00,2.34569,2.3464,2.34569,2.3464,117.0
2026-07-02 05:05:00,2.34648,2.34694,2.34614,2.34641,124.0
2026-07-02 05:10:00,2.34636,2.3464,2.34512,2.34608,107.0
2026-07-02 05:15:00,2.34608,2.34658,2.34597,2.34642,98.0
2026-07-02 05:20:00,2.34632,2.34721,2.34624,2.34705,180.0
2026-07-02 05:25:00,2.34708,2.34727,2.34687,2.34709,219.0
2026-07-02 05:30:00,2.3471,2.3471,2.34646,2.34651,97.0
2026-07-02 05:35:00,2.34646,2.34694,2.34643,2.34693,94.0
2026-07-02 05:40:00,2.34683,2.34684,2.34625,2.34673,71.0
2026-07-02 05:45:00,2.34682,2.34692,2.34612,2.34621,83.0
2026-07-02 05:50:00,2.34612,2.34625,2.34569,2.34574,122.0
2026-07-02 05:55:00,2.34568,2.34608,2.34544,2.34594,235.0
2026-07-02 06:00:00,2.34588,2.34688,2.34588,2.34672,180.0
2026-07-02 06:05:00,2.34677,2.34688,2.34626,2.34642,123.0
2026-07-02 06:10:00,2.34642,2.3466,2.34612,2.34658,103.0
2026-07-02 06:15:00,2.34647,2.34694,2.34566,2.34587,198.0
2026-07-02 06:20:00,2.34596,2.34646,2.3458,2.34632,127.0
2026-07-02 06:25:00,2.34632,2.34634,2.34602,2.34618,53.0
2026-07-02 06:30:00,2.34612,2.34633,2.34584,2.34618,136.0
2026-07-02 06:35:00,2.3463,2.3466,2.34609,2.34658,145.0
2026-07-02 06:40:00,2.34654,2.34674,2.34611,2.34674,41.0
2026-07-02 06:45:00,2.34661,2.3469,2.34635,2.3468,97.0
2026-07-02 06:50:00,2.34683,2.34708,2.34674,2.34682,49.0
2026-07-02 06:55:00,2.34677,2.34704,2.34656,2.34681,51.0
2026-07-02 07:00:00,2.34688,2.34716,2.34646,2.34705,85.0
2026-07-02 07:05:00,2.34704,2.34732,2.3467,2.34681,67.0
2026-07-02 07:10:00,2.34688,2.34706,2.34662,2.34702,216.0
2026-07-02 07:15:00,2.34704,2.34742,2.34694,2.34732,211.0
2026-07-02 07:20:00,2.34734,2.34748,2.34694,2.34706,146.0
2026-07-02 07:25:00,2.3471,2.3473,2.34696,2.34709,171.0
2026-07-02 07:30:00,2.34714,2.3475,2.34694,2.34736,246.0
2026-07-02 07:35:00,2.34726,2.34735,2.34678,2.34684,215.0
2026-07-02 07:40:00,2.34689,2.34734,2.34678,2.34723,215.0
2026-07-02 07:45:00,2.34728,2.3477,2.34711,2.34736,195.0
2026-07-02 07:50:00,2.34726,2.3474,2.34687,2.34722,189.0
2026-07-02 07:55:00,2.34728,2.34734,2.34656,2.34694,172.0
2026-07-02 08:00:00,2.34696,2.34714,2.34672,2.34676,337.0
2026-07-02 08:05:00,2.3467,2.34676,2.34588,2.34644,251.0
2026-07-02 08:10:00,2.34635,2.34702,2.34632,2.34668,169.0
2026-07-02 08:15:00,2.34664,2.3468,2.3457,2.34626,258.0
2026-07-02 08:20:00,2.3463,2.34654,2.34558,2.3462,140.0
2026-07-02 08:25:00,2.34614,2.34614,2.34504,2.34553,176.0
2026-07-02 08:30:00,2.34564,2.34713,2.34149,2.34218,2750.0
2026-07-02 08:35:00,2.34207,2.34226,2.34004,2.3401,1659.0
2026-07-02 08:40:00,2.34008,2.34144,2.34008,2.34092,1545.0
2026-07-02 08:45:00,2.34096,2.343,2.34086,2.34274,1496.0
2026-07-02 08:50:00,2.34275,2.34382,2.34264,2.34352,1178.0
2026-07-02 08:55:00,2.3435,2.34461,2.34334,2.34449,911.0
2026-07-02 09:00:00,2.3446,2.34537,2.34406,2.3442,585.0
2026-07-02 09:05:00,2.34415,2.34488,2.3436,2.3436,599.0
2026-07-02 09:10:00,2.34364,2.34394,2.3429,2.34349,530.0
2026-07-02 09:15:00,2.34348,2.3452,2.34348,2.34504,498.0
2026-07-02 09:20:00,2.34508,2.34544,2.34426,2.34441,606.0
2026-07-02 09:25:00,2.34439,2.34502,2.3439,2.34498,459.0
2026-07-02 09:30:00,2.34493,2.3452,2.34378,2.34388,628.0
2026-07-02 09:35:00,2.34398,2.34398,2.34303,2.34322,529.0
2026-07-02 09:40:00,2.34334,2.34399,2.34274,2.34322,511.0
2026-07-02 09:45:00,2.34324,2.34362,2.34221,2.34254,544.0
2026-07-02 09:50:00,2.3425,2.3425,2.34153,2.3421,473.0
2026-07-02 09:55:00,2.34214,2.34338,2.34214,2.34294,520.0
2026-07-02 10:00:00,2.34288,2.34378,2.34256,2.3437,628.0
2026-07-02 10:05:00,2.3437,2.34388,2.34331,2.34352,677.0
2026-07-02 10:10:00,2.34348,2.3442,2.34261,2.34291,859.0
2026-07-02 10:15:00,2.3429,2.34421,2.34252,2.34368,592.0
2026-07-02 10:20:00,2.34376,2.3446,2.34346,2.3437,432.0
2026-07-02 10:25:00,2.34372,2.34498,2.34364,2.34485,471.0
2026-07-02 10:30:00,2.34492,2.3453,2.34372,2.34447,476.0
2026-07-02 10:35:00,2.34437,2.34476,2.3442,2.34435,551.0
2026-07-02 10:40:00,2.3444,2.34464,2.34372,2.34436,605.0
2026-07-02 10:45:00,2.34442,2.34462,2.34378,2.3442,655.0
2026-07-02 10:50:00,2.34419,2.34534,2.3441,2.34534,582.0
2026-07-02 10:55:00,2.34538,2.34542,2.34444,2.345,524.0
2026-07-02 11:00:00,2.34498,2.34538,2.34455,2.34456,643.0
2026-07-02 11:05:00,2.3446,2.34476,2.34385,2.34393,517.0
2026-07-02 11:10:00,2.3439,2.34404,2.34325,2.34346,638.0
2026-07-02 11:15:00,2.34338,2.34391,2.34322,2.34343,607.0
2026-07-02 11:20:00,2.34342,2.34362,2.34262,2.34275,590.0
2026-07-02 11:25:00,2.34276,2.34304,2.3426,2.34284,498.0
2026-07-02 11:30:00,2.34291,2.34306,2.34182,2.34192,680.0
2026-07-02 11:35:00,2.34192,2.34207,2.34158,2.34183,580.0
2026-07-02 11:40:00,2.34182,2.34214,2.34146,2.34162,461.0
2026-07-02 11:45:00,2.3416,2.34236,2.34154,2.34232,418.0
2026-07-02 11:50:00,2.34234,2.34258,2.342,2.34211,506.0
2026-07-02 11:55:00,2.34205,2.34216,2.34156,2.3418,524.0
2026-07-02 12:00:00,2.3419,2.3424,2.3417,2.34176,549.0
2026-07-02 12:05:00,2.34175,2.34231,2.34175,2.34201,429.0
2026-07-02 12:10:00,2.34192,2.34204,2.34155,2.34184,446.0
2026-07-02 12:15:00,2.34182,2.3424,2.34147,2.34236,405.0
2026-07-02 12:20:00,2.34234,2.34307,2.34232,2.343,371.0
2026-07-02 12:25:00,2.34304,2.34304,2.34252,2.34274,328.0
2026-07-02 12:30:00,2.34271,2.34305,2.3427,2.34295,315.0
2026-07-02 12:35:00,2.34298,2.3431,2.34251,2.34288,304.0
2026-07-02 12:40:00,2.34292,2.343,2.34256,2.34259,385.0
2026-07-02 12:45:00,2.34258,2.34281,2.34242,2.3426,357.0
2026-07-02 12:50:00,2.34261,2.34282,2.34242,2.34266,330.0
2026-07-02 12:55:00,2.34278,2.34288,2.34234,2.34278,447.0
2026-07-02 13:00:00,2.34275,2.34334,2.34274,2.34304,314.0
2026-07-02 13:05:00,2.34304,2.34324,2.34252,2.34265,244.0
2026-07-02 13:10:00,2.34266,2.34284,2.34224,2.3428,380.0
2026-07-02 13:15:00,2.3428,2.3428,2.34232,2.34264,299.0
2026-07-02 13:20:00,2.34263,2.34274,2.34247,2.34266,164.0
2026-07-02 13:25:00,2.34262,2.34268,2.34242,2.3426,199.0
2026-07-02 13:30:00,2.3426,2.3426,2.34227,2.34252,269.0
2026-07-02 13:35:00,2.34256,2.34298,2.34248,2.34294,319.0
2026-07-02 13:40:00,2.34294,2.34348,2.34294,2.34306,233.0
2026-07-02 13:45:00,2.34307,2.34329,2.3429,2.34298,360.0
2026-07-02 13:50:00,2.343,2.34306,2.34272,2.34276,366.0
2026-07-02 13:55:00,2.34274,2.34316,2.34272,2.34311,423.0
2026-07-02 14:00:00,2.3431,2.34338,2.34306,2.34331,440.0
2026-07-02 14:05:00,2.34332,2.34334,2.34268,2.34272,401.0
2026-07-02 14:10:00,2.34271,2.34313,2.34262,2.34298,397.0
2026-07-02 14:15:00,2.34296,2.34326,2.3429,2.34312,431.0
2026-07-02 14:20:00,2.34312,2.34316,2.34284,2.34298,383.0
2026-07-02 14:25:00,2.34299,2.34318,2.34284,2.34298,323.0
2026-07-02 14:30:00,2.34299,2.34319,2.34269,2.34304,300.0
2026-07-02 14:35:00,2.34304,2.34304,2.34268,2.34276,327.0
2026-07-02 14:40:00,2.34276,2.34292,2.34263,2.34279,280.0
2026-07-02 14:45:00,2.34278,2.34294,2.34264,2.34268,275.0
2026-07-02 14:50:00,2.34263,2.34285,2.34258,2.34272,334.0
2026-07-02 14:55:00,2.3427,2.34305,2.34269,2.34305,61.0
2026-07-02 15:00:00,2.34305,2.3432,2.34305,2.3432,4.0
2026-07-02 15:05:00,2.34327,2.34338,2.34308,2.34328,122.0
2026-07-02 15:10:00,2.34334,2.34338,2.34314,2.34334,64.0
2026-07-02 15:15:00,2.34334,2.34352,2.34326,2.34326,28.0
2026-07-02 15:20:00,2.34328,2.34373,2.34322,2.34362,40.0
2026-07-02 15:25:00,2.34368,2.34369,2.34344,2.34361,69.0
2026-07-02 15:30:00,2.34362,2.34376,2.34344,2.34362,70.0
2026-07-02 15:35:00,2.3436,2.3438,2.34354,2.34364,66.0
2026-07-02 15:40:00,2.34357,2.34372,2.34354,2.34358,61.0
2026-07-02 15:45:00,2.34348,2.34362,2.34328,2.3433,130.0
2026-07-02 15:50:00,2.34328,2.3434,2.3431,2.34322,167.0
2026-07-02 15:55:00,2.34332,2.34338,2.3426,2.34282,125.0
2026-07-02 16:00:00,2.34284,2.34308,2.34274,2.343,168.0
2026-07-02 16:05:00,2.34298,2.34318,2.34287,2.34299,66.0
2026-07-02 16:10:00,2.34303,2.34309,2.34296,2.34296,132.0
2026-07-02 16:15:00,2.34296,2.34296,2.34275,2.34283,20.0
2026-07-02 16:20:00,2.34284,2.34298,2.34272,2.34298,38.0
2026-07-02 16:25:00,2.34303,2.34308,2.34263,2.34263,38.0
2026-07-02 16:30:00,2.34264,2.34274,2.34254,2.34274,46.0
2026-07-02 16:35:00,2.34275,2.34288,2.34268,2.3428,59.0
2026-07-02 16:40:00,2.3428,2.3428,2.3426,2.34265,55.0
2026-07-02 16:45:00,2.34268,2.34286,2.34264,2.34272,90.0
2026-07-02 16:50:00,2.34258,2.34275,2.34258,2.34266,57.0
2026-07-02 16:55:00,2.3426,2.34265,2.342,2.34245,177.0
2026-07-02 17:00:00,2.34313,2.34344,2.34292,2.34335,7.0
2026-07-02 17:05:00,2.34388,2.34391,2.34206,2.34366,224.0
2026-07-02 17:10:00,2.34361,2.3446,2.34307,2.3437,387.0
2026-07-02 17:15:00,2.34377,2.3441,2.34252,2.34304,340.0
2026-07-02 17:20:00,2.34305,2.34391,2.34261,2.3428,284.0
2026-07-02 17:25:00,2.34278,2.3428,2.33929,2.34005,345.0
2026-07-02 17:30:00,2.3397,2.34396,2.3397,2.34331,349.0
2026-07-02 17:35:00,2.34326,2.34362,2.34326,2.34349,201.0
2026-07-02 17:40:00,2.34352,2.3439,2.34337,2.34358,139.0
2026-07-02 17:45:00,2.34359,2.34398,2.34354,2.34398,232.0
2026-07-02 17:50:00,2.34401,2.34431,2.3434,2.3435,254.0
2026-07-02 17:55:00,2.34348,2.34378,2.3413,2.34145,233.0
2026-07-02 18:00:00,2.34131,2.34279,2.3411,2.3427,247.0
2026-07-02 18:05:00,2.34266,2.34281,2.34258,2.34262,210.0
2026-07-02 18:10:00,2.34261,2.34262,2.34218,2.3423,162.0
2026-07-02 18:15:00,2.3423,2.3426,2.3422,2.34249,31.0
2026-07-02 18:20:00,2.3425,2.34251,2.34243,2.34251,16.0
2026-07-02 18:25:00,2.34252,2.34279,2.34251,2.34276,22.0
2026-07-02 18:30:00,2.34276,2.3434,2.34276,2.34338,37.0
2026-07-02 18:35:00,2.34337,2.34344,2.34324,2.34332,59.0
2026-07-02 18:40:00,2.34332,2.34332,2.3428,2.34294,181.0
2026-07-02 18:45:00,2.34294,2.34313,2.3428,2.34308,131.0
2026-07-02 18:50:00,2.34306,2.34314,2.34296,2.34312,98.0
2026-07-02 18:55:00,2.34312,2.34323,2.34304,2.3432,162.0
2026-07-02 19:00:00,2.34318,2.34334,2.34316,2.34317,195.0
2026-07-02 19:05:00,2.34316,2.3432,2.343,2.3432,163.0
2026-07-02 19:10:00,2.34319,2.34325,2.34294,2.34309,205.0
2026-07-02 19:15:00,2.34306,2.34328,2.34304,2.34328,138.0
2026-07-02 19:20:00,2.34328,2.34371,2.34324,2.34342,131.0
2026-07-02 19:25:00,2.34346,2.34346,2.34326,2.3434,119.0
2026-07-02 19:30:00,2.3434,2.34342,2.3432,2.34329,137.0
2026-07-02 19:35:00,2.3433,2.34356,2.34318,2.34345,175.0
2026-07-02 19:40:00,2.34344,2.3437,2.34338,2.34358,238.0
2026-07-02 19:45:00,2.34358,2.34358,2.34304,2.34324,264.0
2026-07-02 19:50:00,2.34324,2.34368,2.34321,2.34354,273.0
2026-07-02 19:55:00,2.34354,2.34362,2.34322,2.34322,326.0
2026-07-02 20:00:00,2.34322,2.34359,2.34306,2.3432,590.0
2026-07-02 20:05:00,2.34324,2.34364,2.34315,2.34344,529.0
2026-07-02 20:10:00,2.34341,2.34356,2.343,2.34309,515.0
2026-07-02 20:15:00,2.34304,2.34318,2.34285,2.34304,430.0
2026-07-02 20:20:00,2.34308,2.3431,2.34272,2.34292,294.0
2026-07-02 20:25:00,2.34288,2.34327,2.34284,2.34325,390.0
2026-07-02 20:30:00,2.34326,2.34402,2.34322,2.3438,346.0
2026-07-02 20:35:00,2.34382,2.34392,2.34329,2.34354,446.0
2026-07-02 20:40:00,2.34356,2.3438,2.3433,2.34363,337.0
2026-07-02 20:45:00,2.34362,2.3438,2.34325,2.3433,398.0
2026-07-02 20:50:00,2.3433,2.34348,2.34296,2.3433,381.0
2026-07-02 20:55:00,2.34325,2.34369,2.34324,2.34345,342.0
2026-07-02 21:00:00,2.34348,2.34372,2.34283,2.34284,500.0
2026-07-02 21:05:00,2.34288,2.34309,2.34244,2.34258,492.0
2026-07-02 21:10:00,2.3426,2.34288,2.34198,2.34209,428.0
2026-07-02 21:15:00,2.34208,2.34246,2.34186,2.34204,392.0
2026-07-02 21:20:00,2.34198,2.34215,2.34107,2.34109,316.0
2026-07-02 21:25:00,2.34111,2.34155,2.34102,2.34152,354.0
2026-07-02 21:30:00,2.34149,2.34154,2.34094,2.34095,321.0
2026-07-02 21:35:00,2.34093,2.34144,2.34079,2.3411,394.0
2026-07-02 21:40:00,2.3411,2.34113,2.34086,2.34096,341.0
2026-07-02 21:45:00,2.34094,2.34156,2.34094,2.34134,343.0
2026-07-02 21:50:00,2.34126,2.3415,2.34118,2.34122,382.0
2026-07-02 21:55:00,2.34131,2.34132,2.34054,2.34054,319.0
2026-07-02 22:00:00,2.34053,2.34082,2.33992,2.33994,244.0
2026-07-02 22:05:00,2.33996,2.34014,2.3391,2.33936,348.0
2026-07-02 22:10:00,2.33935,2.34022,2.33905,2.3401,329.0
2026-07-02 22:15:00,2.3401,2.34043,2.33992,2.34043,296.0
2026-07-02 22:20:00,2.34042,2.34054,2.34012,2.34032,339.0
2026-07-02 22:25:00,2.3403,2.34076,2.34028,2.34032,387.0
2026-07-02 22:30:00,2.34032,2.34071,2.34032,2.34066,387.0
2026-07-02 22:35:00,2.34068,2.34069,2.34004,2.3402,400.0
2026-07-02 22:40:00,2.34022,2.34042,2.33988,2.33992,451.0
2026-07-02 22:45:00,2.33992,2.34006,2.33976,2.33982,323.0
2026-07-02 22:50:00,2.33983,2.33999,2.3397,2.33976,286.0
2026-07-02 22:55:00,2.33976,2.34042,2.33976,2.34038,337.0
2026-07-02 23:00:00,2.3404,2.34052,2.34002,2.34014,327.0
2026-07-02 23:05:00,2.34012,2.34022,2.3398,2.33985,276.0
2026-07-02 23:10:00,2.33984,2.33998,2.33973,2.33976,263.0
2026-07-02 23:15:00,2.33977,2.34002,2.33974,2.33996,204.0
2026-07-02 23:20:00,2.34,2.34004,2.33985,2.33998,240.0
2026-07-02 23:25:00,2.33996,2.34021,2.33987,2.33999,242.0
2026-07-02 23:30:00,2.33998,2.34011,2.33969,2.33996,347.0
2026-07-02 23:35:00,2.33996,2.34015,2.33974,2.34006,239.0
2026-07-02 23:40:00,2.33998,2.34074,2.33998,2.34068,163.0
2026-07-02 23:45:00,2.34068,2.34089,2.34061,2.34069,296.0
2026-07-02 23:50:00,2.34066,2.34075,2.34055,2.34065,235.0
2026-07-02 23:55:00,2.34064,2.3407,2.34025,2.34029,187.0
2026-07-03 00:00:00,2.3403,2.34068,2.3401,2.34059,263.0
2026-07-03 00:05:00,2.3406,2.34077,2.34049,2.34064,280.0
2026-07-03 00:10:00,2.34064,2.34068,2.34026,2.34028,213.0
2026-07-03 00:15:00,2.34029,2.34045,2.33965,2.33992,345.0
2026-07-03 00:20:00,2.33991,2.34006,2.3395,2.33972,263.0
2026-07-03 00:25:00,2.33971,2.33976,2.33944,2.33976,143.0
2026-07-03 00:30:00,2.33978,2.33991,2.33952,2.3397,252.0
2026-07-03 00:35:00,2.33967,2.33973,2.3393,2.33932,266.0
2026-07-03 00:40:00,2.33933,2.33942,2.33901,2.33916,324.0
2026-07-03 00:45:00,2.33919,2.33942,2.33902,2.33932,297.0
2026-07-03 00:50:00,2.3394,2.33953,2.33926,2.33937,272.0
2026-07-03 00:55:00,2.33941,2.3395,2.33928,2.3394,270.0
2026-07-03 01:00:00,2.3394,2.34013,2.3394,2.33988,377.0
2026-07-03 01:05:00,2.33984,2.33991,2.33938,2.3397,331.0
2026-07-03 01:10:00,2.33972,2.33984,2.33956,2.3397,327.0
2026-07-03 01:15:00,2.33972,2.33976,2.3391,2.3391,274.0
2026-07-03 01:20:00,2.3391,2.33958,2.33908,2.3392,321.0
2026-07-03 01:25:00,2.33919,2.33923,2.33882,2.33893,277.0
2026-07-03 01:30:00,2.33896,2.33896,2.33862,2.33867,335.0
2026-07-03 01:35:00,2.33866,2.33886,2.33842,2.33886,294.0
2026-07-03 01:40:00,2.33882,2.33892,2.33849,2.33874,331.0
2026-07-03 01:45:00,2.3388,2.33882,2.3384,2.33842,371.0
2026-07-03 01:50:00,2.33844,2.33851,2.33814,2.33822,362.0
2026-07-03 01:55:00,2.33819,2.33846,2.33814,2.3384,470.0
2026-07-03 02:00:00,2.33838,2.33842,2.33726,2.3374,359.0
2026-07-03 02:05:00,2.33741,2.33754,2.33664,2.3367,298.0
2026-07-03 02:10:00,2.3367,2.33686,2.33622,2.33622,265.0
2026-07-03 02:15:00,2.33632,2.3368,2.33592,2.33677,134.0
2026-07-03 02:20:00,2.33676,2.33722,2.33671,2.33686,167.0
2026-07-03 02:25:00,2.33684,2.33699,2.33654,2.33658,140.0
2026-07-03 02:30:00,2.33658,2.33689,2.33611,2.33682,215.0
2026-07-03 02:35:00,2.3367,2.33698,2.33656,2.33668,91.0
2026-07-03 02:40:00,2.33672,2.33677,2.33574,2.33604,357.0
2026-07-03 02:45:00,2.33604,2.33626,2.33574,2.33626,184.0
2026-07-03 02:50:00,2.33637,2.33705,2.33634,2.33668,94.0
2026-07-03 02:55:00,2.33679,2.33708,2.33646,2.33672,151.0
2026-07-03 03:00:00,2.33682,2.33682,2.33623,2.33662,193.0
2026-07-03 03:05:00,2.33662,2.33684,2.336,2.33604,124.0
2026-07-03 03:10:00,2.336,2.33614,2.33556,2.33578,230.0
2026-07-03 03:15:00,2.33584,2.33596,2.33542,2.33551,160.0
2026-07-03 03:20:00,2.33542,2.33612,2.33542,2.33594,56.0
2026-07-03 03:25:00,2.33602,2.33604,2.33545,2.33545,112.0
2026-07-03 03:30:00,2.33556,2.33604,2.33544,2.33604,157.0
2026-07-03 03:35:00,2.33604,2.33623,2.33595,2.33606,88.0
2026-07-03 03:40:00,2.33612,2.33678,2.33602,2.33668,107.0
2026-07-03 03:45:00,2.33669,2.33672,2.33625,2.33636,100.0
2026-07-03 03:50:00,2.33634,2.33688,2.33619,2.33672,264.0
2026-07-03 03:55:00,2.33682,2.3372,2.33658,2.3372,101.0
2026-07-03 04:00:00,2.33723,2.33736,2.3367,2.33682,156.0
2026-07-03 04:05:00,2.33684,2.33722,2.33682,2.33722,88.0
2026-07-03 04:10:00,2.33718,2.33726,2.33689,2.33689,104.0
2026-07-03 04:15:00,2.33688,2.33704,2.3365,2.33651,46.0
2026-07-03 04:20:00,2.33654,2.33684,2.33628,2.33678,108.0
2026-07-03 04:25:00,2.33684,2.33704,2.33664,2.33684,79.0
2026-07-03 04:30:00,2.33678,2.33678,2.336,2.33604,145.0
2026-07-03 04:35:00,2.3361,2.33633,2.3358,2.33611,130.0
2026-07-03 04:40:00,2.33615,2.33624,2.33566,2.33582,145.0
2026-07-03 04:45:00,2.33574,2.33634,2.33568,2.33612,108.0
2026-07-03 04:50:00,2.33607,2.33668,2.33602,2.33668,103.0
2026-07-03 04:55:00,2.33669,2.33709,2.33669,2.33695,145.0
2026-07-03 05:00:00,2.33704,2.33738,2.33684,2.33684,86.0
2026-07-03 05:05:00,2.33676,2.33678,2.33632,2.33648,66.0
2026-07-03 05:10:00,2.33652,2.33652,2.33585,2.33594,62.0
2026-07-03 05:15:00,2.33601,2.33652,2.33601,2.3363,57.0
2026-07-03 05:20:00,2.33642,2.33704,2.33642,2.33704,44.0
2026-07-03 05:25:00,2.337,2.33721,2.3368,2.33714,37.0
2026-07-03 05:30:00,2.33722,2.33744,2.33705,2.33744,50.0
2026-07-03 05:35:00,2.3374,2.33754,2.33728,2.33748,28.0
2026-07-03 05:40:00,2.3376,2.3376,2.33714,2.33714,22.0
2026-07-03 05:45:00,2.33712,2.33718,2.33643,2.33702,48.0
2026-07-03 05:50:00,2.33694,2.33746,2.33694,2.33724,32.0
2026-07-03 05:55:00,2.33734,2.33734,2.33676,2.33707,50.0
2026-07-03 06:00:00,2.33712,2.33712,2.3365,2.33676,52.0
2026-07-03 06:05:00,2.33682,2.33712,2.33676,2.33682,43.0
2026-07-03 06:10:00,2.33692,2.33732,2.33692,2.3372,158.0
2026-07-03 06:15:00,2.33724,2.33746,2.33706,2.33736,168.0
2026-07-03 06:20:00,2.3374,2.33785,2.33736,2.3378,54.0
2026-07-03 06:25:00,2.3378,2.33799,2.33772,2.33778,65.0
2026-07-03 06:30:00,2.33773,2.33798,2.3376,2.33784,62.0
2026-07-03 06:35:00,2.33784,2.33798,2.33772,2.33791,79.0
2026-07-03 06:40:00,2.33802,2.33804,2.33782,2.33796,28.0
2026-07-03 06:45:00,2.33794,2.33831,2.33793,2.33808,38.0
2026-07-03 06:50:00,2.33808,2.33838,2.33804,2.33833,28.0
2026-07-03 06:55:00,2.33838,2.33855,2.3383,2.33842,38.0
2026-07-03 07:00:00,2.33844,2.33863,2.33812,2.33819,68.0
2026-07-03 07:05:00,2.33822,2.33853,2.33822,2.3384,49.0
2026-07-03 07:10:00,2.33839,2.33841,2.33776,2.3379,41.0
2026-07-03 07:15:00,2.33788,2.33796,2.33756,2.3377,94.0
2026-07-03 07:20:00,2.33762,2.33799,2.33759,2.33792,65.0
2026-07-03 07:25:00,2.33796,2.33835,2.33782,2.33802,113.0
2026-07-03 07:30:00,2.33813,2.3383,2.33804,2.33816,74.0
2026-07-03 07:35:00,2.33822,2.33844,2.33806,2.33834,61.0
2026-07-03 07:40:00,2.3383,2.33834,2.33782,2.3379,54.0
2026-07-03 07:45:00,2.33792,2.3383,2.3378,2.33805,136.0
2026-07-03 07:50:00,2.33808,2.33847,2.33808,2.33847,78.0
2026-07-03 07:55:00,2.33838,2.33882,2.33825,2.33861,88.0
2026-07-03 08:00:00,2.33868,2.33914,2.3386,2.339,135.0
2026-07-03 08:05:00,2.33894,2.33904,2.3388,2.33895,102.0
2026-07-03 08:10:00,2.33888,2.33954,2.33888,2.33954,61.0
2026-07-03 08:15:00,2.33954,2.33954,2.33879,2.33926,80.0
2026-07-03 08:20:00,2.33936,2.33947,2.33894,2.33914,83.0
2026-07-03 08:25:00,2.33919,2.33934,2.33906,2.33913,98.0
2026-07-03 08:30:00,2.33914,2.33918,2.33898,2.33902,134.0
2026-07-03 08:35:00,2.33898,2.33911,2.33893,2.33908,87.0
2026-07-03 08:40:00,2.33909,2.3394,2.33902,2.33902,72.0
2026-07-03 08:45:00,2.3391,2.33914,2.33883,2.33897,50.0
2026-07-03 08:50:00,2.33896,2.33924,2.33895,2.33908,51.0
2026-07-03 08:55:00,2.33898,2.33924,2.33892,2.33916,61.0
2026-07-03 09:00:00,2.33911,2.33927,2.33867,2.33872,74.0
2026-07-03 09:05:00,2.33866,2.3388,2.33828,2.33834,55.0
2026-07-03 09:10:00,2.3383,2.33882,2.3383,2.3387,51.0
2026-07-03 09:15:00,2.33864,2.33896,2.33838,2.33878,58.0
2026-07-03 09:20:00,2.33869,2.33892,2.33862,2.33892,44.0
2026-07-03 09:25:00,2.33882,2.33882,2.33827,2.33846,68.0
2026-07-03 09:30:00,2.33836,2.33869,2.33822,2.3385,294.0
2026-07-03 09:35:00,2.33854,2.33879,2.33827,2.3386,153.0
2026-07-03 09:40:00,2.3386,2.33866,2.33826,2.33857,181.0
2026-07-03 09:45:00,2.33854,2.33855,2.33807,2.33818,169.0
2026-07-03 09:50:00,2.33818,2.33844,2.33798,2.33844,76.0
2026-07-03 09:55:00,2.33844,2.33874,2.33822,2.33832,80.0
2026-07-03 10:00:00,2.33824,2.33828,2.33782,2.33808,67.0
2026-07-03 10:05:00,2.33818,2.3385,2.33812,2.33823,46.0
2026-07-03 10:10:00,2.33834,2.3386,2.33806,2.33816,57.0
2026-07-03 10:15:00,2.33811,2.33876,2.33808,2.33876,69.0
2026-07-03 10:20:00,2.33876,2.33903,2.33848,2.33851,92.0
2026-07-03 10:25:00,2.33854,2.33878,2.3385,2.3386,51.0
2026-07-03 10:30:00,2.33851,2.33882,2.33816,2.33878,50.0
2026-07-03 10:35:00,2.33871,2.33892,2.33862,2.33892,36.0
2026-07-03 10:40:00,2.33892,2.339,2.3388,2.3388,56.0
2026-07-03 10:45:00,2.33871,2.33932,2.33871,2.33922,69.0
2026-07-03 10:50:00,2.33922,2.33997,2.33916,2.33988,85.0
2026-07-03 10:55:00,2.33984,2.34018,2.33936,2.34018,152.0
2026-07-03 11:00:00,2.34013,2.34021,2.33962,2.33984,95.0
2026-07-03 11:05:00,2.33984,2.33984,2.33878,2.33889,119.0
2026-07-03 11:10:00,2.33886,2.3389,2.33855,2.3388,94.0
2026-07-03 11:15:00,2.33879,2.33935,2.3387,2.33934,80.0
2026-07-03 11:20:00,2.33935,2.33946,2.33914,2.33932,54.0
2026-07-03 11:25:00,2.33925,2.33958,2.33912,2.33958,44.0
2026-07-03 11:30:00,2.33949,2.33954,2.3391,2.33928,47.0
2026-07-03 11:35:00,2.33933,2.3397,2.33928,2.33961,37.0
2026-07-03 11:40:00,2.33951,2.33961,2.33918,2.33922,28.0
2026-07-03 11:45:00,2.33926,2.33932,2.33918,2.33918,37.0
2026-07-03 11:50:00,2.33919,2.33945,2.33919,2.33936,31.0
2026-07-03 11:55:00,2.33935,2.33982,2.33928,2.33967,34.0
2026-07-03 12:00:00,2.3396,2.33972,2.33913,2.33916,27.0
2026-07-03 12:05:00,2.33918,2.33934,2.3391,2.3391,14.0
2026-07-03 12:10:00,2.33914,2.34,2.33914,2.33986,26.0
2026-07-03 12:15:00,2.33985,2.33985,2.33934,2.33934,16.0
2026-07-03 12:20:00,2.33932,2.33951,2.33929,2.33942,21.0
2026-07-03 12:25:00,2.33938,2.3396,2.33928,2.33944,39.0
2026-07-03 12:30:00,2.33935,2.33937,2.33916,2.33931,17.0
2026-07-03 12:35:00,2.33932,2.33936,2.3392,2.33936,8.0
2026-07-03 12:40:00,2.3393,2.33937,2.33917,2.33925,30.0
2026-07-03 12:45:00,2.33934,2.33934,2.33916,2.33922,19.0
2026-07-03 12:50:00,2.33926,2.3393,2.33896,2.33896,17.0
2026-07-03 12:55:00,2.33896,2.33906,2.33896,2.33902,16.0
2026-07-03 13:00:00,2.33906,2.33952,2.33902,2.33952,29.0
2026-07-03 13:05:00,2.33943,2.33967,2.33943,2.33954,17.0
2026-07-03 13:10:00,2.33954,2.33954,2.33936,2.33939,15.0
2026-07-03 13:15:00,2.33948,2.33954,2.33941,2.33947,22.0
2026-07-03 13:20:00,2.33946,2.33952,2.33942,2.33946,31.0
2026-07-03 13:25:00,2.33949,2.33952,2.33934,2.33939,82.0
2026-07-03 13:30:00,2.33937,2.33939,2.33925,2.33932,43.0
2026-07-03 13:35:00,2.33933,2.33954,2.3392,2.33931,32.0
2026-07-03 13:40:00,2.33938,2.33948,2.33936,2.33936,5.0
2026-07-03 13:45:00,2.33938,2.33948,2.33936,2.3394,17.0
2026-07-03 13:50:00,2.33942,2.33979,2.33942,2.3397,12.0
2026-07-03 13:55:00,2.33977,2.33978,2.33968,2.33974,6.0
2026-07-03 14:00:00,2.3398,2.33998,2.33921,2.33921,29.0
2026-07-03 14:05:00,2.33922,2.33948,2.33922,2.33948,7.0
2026-07-03 14:10:00,2.33938,2.33942,2.33932,2.33942,8.0
2026-07-03 14:15:00,2.33944,2.3395,2.33939,2.33944,13.0
2026-07-03 14:20:00,2.3396,2.33966,2.33947,2.33952,22.0
2026-07-03 14:25:00,2.33952,2.33952,2.3394,2.33942,10.0
2026-07-03 14:30:00,2.33944,2.33944,2.33942,2.33942,2.0
2026-07-03 14:35:00,2.33934,2.33938,2.3393,2.3393,16.0
2026-07-03 14:40:00,2.33932,2.33943,2.33929,2.33943,18.0
2026-07-03 14:45:00,2.33952,2.33952,2.33934,2.33948,23.0
2026-07-03 14:50:00,2.33946,2.33952,2.3393,2.3394,58.0
2026-07-03 14:55:00,2.3394,2.33958,2.33934,2.33949,50.0
2026-07-03 15:00:00,2.33942,2.34008,2.3394,2.34,76.0
2026-07-03 15:05:00,2.34,2.34,2.3394,2.3395,119.0
2026-07-03 15:10:00,2.33951,2.33964,2.33936,2.33946,177.0
2026-07-03 15:15:00,2.33942,2.3397,2.33922,2.3396,160.0
2026-07-03 15:20:00,2.33957,2.33977,2.33945,2.33966,187.0
2026-07-03 15:25:00,2.33962,2.33974,2.3395,2.3397,154.0
2026-07-03 15:30:00,2.33971,2.33991,2.33958,2.33989,75.0
2026-07-03 15:35:00,2.33983,2.3401,2.33964,2.33974,85.0
2026-07-03 15:40:00,2.33974,2.33988,2.33974,2.33988,31.0
2026-07-03 15:45:00,2.33988,2.33998,2.33968,2.33978,228.0
2026-07-03 15:50:00,2.33978,2.33992,2.33955,2.3399,85.0
2026-07-03 15:55:00,2.33976,2.34022,2.33976,2.33978,129.0
2026-07-03 16:00:00,2.33978,2.34071,2.33971,2.34051,455.0
2026-07-03 16:05:00,2.34052,2.34062,2.34028,2.3405,348.0
2026-07-03 16:10:00,2.34048,2.34059,2.33911,2.33928,437.0
2026-07-03 16:15:00,2.33928,2.3397,2.33916,2.33961,149.0
2026-07-03 16:20:00,2.33961,2.33984,2.33958,2.3398,262.0
2026-07-03 16:25:00,2.33991,2.3402,2.33952,2.33964,165.0
2026-07-03 16:30:00,2.3397,2.3399,2.33958,2.33987,75.0
2026-07-03 16:35:00,2.34,2.34006,2.3396,2.33973,559.0
2026-07-03 16:40:00,2.33972,2.33987,2.33912,2.33943,668.0
2026-07-03 16:45:00,2.33948,2.33948,2.3382,2.33843,576.0
2026-07-03 16:50:00,2.3385,2.33966,2.33836,2.33927,977.0
2026-07-03 16:55:00,2.3392,2.3403,2.33712,2.3376,206.0
2026-07-05 17:00:00,2.33695,2.33695,2.33695,2.33695,1.0
2026-07-05 17:10:00,2.33771,2.33771,2.33771,2.33771,1.0
2026-07-05 17:15:00,2.33796,2.33796,2.33728,2.33745,36.0
2026-07-05 17:20:00,2.33729,2.33848,2.33729,2.33762,17.0
2026-07-05 17:25:00,2.33777,2.33824,2.3377,2.33789,11.0
2026-07-05 17:30:00,2.33803,2.33832,2.33734,2.33735,998.0
2026-07-05 17:35:00,2.33758,2.33828,2.33726,2.33743,157.0
2026-07-05 17:40:00,2.33725,2.33742,2.33723,2.33723,7.0
2026-07-05 17:45:00,2.33744,2.33751,2.33667,2.33712,28.0
2026-07-05 17:50:00,2.3374,2.33757,2.33688,2.33741,63.0
2026-07-05 17:55:00,2.33759,2.33856,2.33677,2.33682,130.0
2026-07-05 18:00:00,2.33702,2.33984,2.33702,2.3393,261.0
2026-07-05 18:05:00,2.33924,2.33959,2.33912,2.3395,124.0
2026-07-05 18:10:00,2.3395,2.3398,2.3395,2.33961,133.0
2026-07-05 18:15:00,2.33962,2.33968,2.3394,2.33967,189.0
2026-07-05 18:20:00,2.33968,2.34045,2.33964,2.34038,57.0
2026-07-05 18:25:00,2.3403,2.34067,2.34022,2.34037,194.0
2026-07-05 18:30:00,2.34036,2.34036,2.34014,2.34027,66.0
2026-07-05 18:35:00,2.34026,2.34026,2.3399,2.3399,25.0
2026-07-05 18:40:00,2.3399,2.34014,2.33976,2.34014,23.0
2026-07-05 18:45:00,2.3401,2.34025,2.33998,2.34022,16.0
2026-07-05 18:50:00,2.3402,2.3406,2.3402,2.34059,16.0
2026-07-05 18:55:00,2.34072,2.34072,2.34048,2.34048,24.0
2026-07-05 19:00:00,2.3405,2.34128,2.3405,2.34128,41.0
2026-07-05 19:05:00,2.34136,2.34158,2.34115,2.34158,45.0
2026-07-05 19:10:00,2.34152,2.34152,2.34124,2.34146,24.0
2026-07-05 19:15:00,2.3414,2.3414,2.34082,2.34106,141.0
2026-07-05 19:20:00,2.34105,2.34118,2.34088,2.34116,136.0
2026-07-05 19:25:00,2.34116,2.34116,2.34093,2.34102,203.0
2026-07-05 19:30:00,2.341,2.34126,2.3409,2.34102,272.0
2026-07-05 19:35:00,2.341,2.34152,2.34099,2.34128,176.0
2026-07-05 19:40:00,2.34127,2.34192,2.34118,2.34174,196.0
2026-07-05 19:45:00,2.34176,2.34192,2.34128,2.34185,300.0
2026-07-05 19:50:00,2.34184,2.34216,2.34184,2.34212,265.0
2026-07-05 19:55:00,2.34212,2.34214,2.34174,2.34195,281.0
2026-07-05 20:00:00,2.34204,2.34335,2.34185,2.34288,221.0
2026-07-05 20:05:00,2.34288,2.3431,2.34212,2.34256,343.0
2026-07-05 20:10:00,2.34255,2.34293,2.34206,2.34224,331.0
2026-07-05 20:15:00,2.34223,2.34225,2.34152,2.34158,287.0
2026-07-05 20:20:00,2.34157,2.34198,2.34141,2.34185,270.0
2026-07-05 20:25:00,2.3419,2.34256,2.34172,2.34246,295.0
2026-07-05 20:30:00,2.34247,2.34276,2.34204,2.34216,356.0
2026-07-05 20:35:00,2.34216,2.34274,2.34192,2.34194,391.0
2026-07-05 20:40:00,2.34186,2.34194,2.34152,2.34182,267.0
2026-07-05 20:45:00,2.34182,2.34185,2.34144,2.34168,262.0
2026-07-05 20:50:00,2.3417,2.34226,2.34152,2.34204,393.0
2026-07-05 20:55:00,2.34202,2.34248,2.34188,2.34241,164.0
2026-07-05 21:00:00,2.3424,2.34324,2.34235,2.34324,232.0
2026-07-05 21:05:00,2.34318,2.34362,2.34309,2.34334,153.0
2026-07-05 21:10:00,2.34333,2.34391,2.34312,2.34371,148.0
2026-07-05 21:15:00,2.34376,2.34441,2.34376,2.34422,138.0
2026-07-05 21:20:00,2.34429,2.34474,2.34408,2.34454,176.0
2026-07-05 21:25:00,2.34453,2.34524,2.34428,2.34506,209.0
2026-07-05 21:30:00,2.34506,2.34562,2.34484,2.3454,193.0
2026-07-05 21:35:00,2.34545,2.3457,2.34468,2.34494,276.0
2026-07-05 21:40:00,2.34498,2.34506,2.34461,2.34474,285.0
2026-07-05 21:45:00,2.34474,2.34506,2.34456,2.34506,278.0
2026-07-05 21:50:00,2.34504,2.34528,2.34472,2.34527,194.0
2026-07-05 21:55:00,2.34528,2.34577,2.34518,2.34571,212.0
2026-07-05 22:00:00,2.34568,2.34574,2.34516,2.34523,335.0
2026-07-05 22:05:00,2.3453,2.3457,2.34526,2.34537,232.0
2026-07-05 22:10:00,2.34538,2.34554,2.34515,2.3454,257.0
2026-07-05 22:15:00,2.34542,2.34622,2.3454,2.3459,179.0
2026-07-05 22:20:00,2.3459,2.34598,2.34528,2.34536,294.0
2026-07-05 22:25:00,2.34536,2.34571,2.34526,2.3457,311.0
2026-07-05 22:30:00,2.34577,2.34606,2.34572,2.34578,152.0
2026-07-05 22:35:00,2.34579,2.34614,2.3457,2.34605,141.0
2026-07-05 22:40:00,2.34606,2.3464,2.34603,2.34632,182.0
2026-07-05 22:45:00,2.34629,2.34646,2.34599,2.34625,210.0
2026-07-05 22:50:00,2.34624,2.34643,2.34572,2.34576,267.0
2026-07-05 22:55:00,2.3458,2.34592,2.34524,2.34534,263.0
2026-07-05 23:00:00,2.34544,2.34564,2.3452,2.34544,256.0
2026-07-05 23:05:00,2.34546,2.34572,2.3452,2.34562,220.0
2026-07-05 23:10:00,2.34563,2.34618,2.34538,2.34618,290.0
2026-07-05 23:15:00,2.3461,2.3463,2.34581,2.34629,169.0
2026-07-05 23:20:00,2.34628,2.34701,2.34624,2.34701,132.0
2026-07-05 23:25:00,2.34694,2.34715,2.34674,2.34694,115.0
2026-07-05 23:30:00,2.34692,2.34752,2.34692,2.3472,82.0
2026-07-05 23:35:00,2.34721,2.34725,2.34669,2.34678,180.0
2026-07-05 23:40:00,2.34676,2.34722,2.3466,2.34665,258.0
2026-07-05 23:45:00,2.34668,2.34672,2.34637,2.3465,269.0
2026-07-05 23:50:00,2.3465,2.34682,2.34638,2.34664,292.0
2026-07-05 23:55:00,2.34668,2.34678,2.34572,2.34574,306.0
2026-07-06 00:00:00,2.34578,2.34586,2.3449,2.34494,366.0
2026-07-06 00:05:00,2.34495,2.34552,2.34486,2.34552,329.0
2026-07-06 00:10:00,2.3455,2.3455,2.34502,2.34511,325.0
2026-07-06 00:15:00,2.34509,2.34509,2.34447,2.34448,323.0
2026-07-06 00:20:00,2.34447,2.34518,2.34442,2.34516,311.0
2026-07-06 00:25:00,2.34518,2.34565,2.34516,2.34562,307.0
2026-07-06 00:30:00,2.34562,2.34564,2.3451,2.3453,201.0
2026-07-06 00:35:00,2.34532,2.34548,2.34506,2.34533,246.0
2026-07-06 00:40:00,2.34532,2.34536,2.34516,2.34532,197.0
2026-07-06 00:45:00,2.34533,2.34545,2.3449,2.34518,263.0
2026-07-06 00:50:00,2.34519,2.34548,2.34504,2.34504,327.0
2026-07-06 00:55:00,2.34502,2.3452,2.3448,2.34492,306.0
2026-07-06 01:00:00,2.34484,2.34533,2.3448,2.34527,356.0
2026-07-06 01:05:00,2.34526,2.34551,2.34501,2.34548,260.0
2026-07-06 01:10:00,2.3455,2.34552,2.34508,2.34522,203.0
2026-07-06 01:15:00,2.34522,2.34566,2.34502,2.34565,178.0
2026-07-06 01:20:00,2.34572,2.34626,2.34552,2.34626,218.0
2026-07-06 01:25:00,2.34627,2.34627,2.34593,2.34604,328.0
2026-07-06 01:30:00,2.34604,2.34678,2.34566,2.34606,329.0
2026-07-06 01:35:00,2.34604,2.34628,2.34577,2.34624,224.0
2026-07-06 01:40:00,2.34622,2.34624,2.34553,2.34556,170.0
2026-07-06 01:45:00,2.34552,2.34594,2.34547,2.34592,223.0
2026-07-06 01:50:00,2.3459,2.34599,2.34558,2.34596,206.0
2026-07-06 01:55:00,2.34596,2.34663,2.34591,2.34663,213.0
2026-07-06 02:00:00,2.34658,2.34658,2.34597,2.34604,154.0
2026-07-06 02:05:00,2.34596,2.34638,2.34592,2.34613,246.0
2026-07-06 02:10:00,2.34612,2.3463,2.34573,2.34586,181.0
2026-07-06 02:15:00,2.34589,2.34674,2.34572,2.34572,99.0
2026-07-06 02:20:00,2.34576,2.34632,2.34566,2.34593,158.0
2026-07-06 02:25:00,2.3458,2.34614,2.34565,2.34614,162.0
2026-07-06 02:30:00,2.3462,2.34638,2.34585,2.34609,100.0
2026-07-06 02:35:00,2.3461,2.34643,2.34592,2.34616,122.0
2026-07-06 02:40:00,2.34611,2.34617,2.3455,2.3455,112.0
2026-07-06 02:45:00,2.34544,2.34594,2.34542,2.34594,108.0
2026-07-06 02:50:00,2.34591,2.34608,2.34532,2.34532,77.0
2026-07-06 02:55:00,2.34522,2.34564,2.34516,2.34538,138.0
2026-07-06 03:00:00,2.34534,2.3456,2.3447,2.3447,128.0
2026-07-06 03:05:00,2.34469,2.34534,2.34469,2.34526,87.0
2026-07-06 03:10:00,2.34528,2.34562,2.34516,2.34536,215.0
2026-07-06 03:15:00,2.34543,2.34543,2.34427,2.34448,214.0
2026-07-06 03:20:00,2.34448,2.34513,2.34442,2.34492,188.0
2026-07-06 03:25:00,2.34489,2.34553,2.34471,2.34548,115.0
2026-07-06 03:30:00,2.34558,2.34621,2.34542,2.34615,109.0
2026-07-06 03:35:00,2.34605,2.34615,2.34552,2.34576,64.0
2026-07-06 03:40:00,2.34572,2.34616,2.34534,2.34534,95.0
2026-07-06 03:45:00,2.34536,2.34592,2.3452,2.34576,125.0
2026-07-06 03:50:00,2.34581,2.34616,2.3456,2.34588,156.0
2026-07-06 03:55:00,2.34587,2.34621,2.34579,2.34614,90.0
2026-07-06 04:00:00,2.34605,2.34642,2.34579,2.34634,97.0
2026-07-06 04:05:00,2.34626,2.34631,2.34571,2.3459,117.0
2026-07-06 04:10:00,2.3459,2.34646,2.34582,2.34617,149.0
2026-07-06 04:15:00,2.3462,2.34652,2.346,2.34608,70.0
2026-07-06 04:20:00,2.346,2.34651,2.34578,2.34651,64.0
2026-07-06 04:25:00,2.3465,2.34666,2.34611,2.34644,66.0
2026-07-06 04:30:00,2.3465,2.34658,2.34628,2.34631,49.0
2026-07-06 04:35:00,2.3464,2.34677,2.3463,2.34667,51.0
2026-07-06 04:40:00,2.34658,2.34663,2.34601,2.34636,61.0
2026-07-06 04:45:00,2.34632,2.34642,2.34608,2.34629,54.0
2026-07-06 04:50:00,2.34634,2.34698,2.34624,2.34693,57.0
2026-07-06 04:55:00,2.34688,2.347,2.34676,2.34696,34.0
2026-07-06 05:00:00,2.34702,2.34704,2.34654,2.34668,70.0
2026-07-06 05:05:00,2.34677,2.34753,2.34674,2.34749,134.0
2026-07-06 05:10:00,2.34742,2.34742,2.34658,2.34665,202.0
2026-07-06 05:15:00,2.34663,2.34704,2.34658,2.34698,302.0
2026-07-06 05:20:00,2.347,2.34739,2.3469,2.34698,89.0
2026-07-06 05:25:00,2.34706,2.34742,2.34692,2.34704,51.0
2026-07-06 05:30:00,2.34711,2.34753,2.34703,2.34706,177.0
2026-07-06 05:35:00,2.34698,2.34744,2.34694,2.34744,177.0
2026-07-06 05:40:00,2.34738,2.34772,2.34726,2.34732,176.0
2026-07-06 05:45:00,2.34733,2.34746,2.34722,2.34746,57.0
2026-07-06 05:50:00,2.3474,2.3474,2.34659,2.34698,74.0
2026-07-06 05:55:00,2.34706,2.34733,2.34703,2.34728,49.0
2026-07-06 06:00:00,2.34733,2.34746,2.34714,2.34726,79.0
2026-07-06 06:05:00,2.34728,2.34772,2.34728,2.34761,93.0
2026-07-06 06:10:00,2.34762,2.34772,2.3473,2.3473,140.0
2026-07-06 06:15:00,2.34741,2.34764,2.34724,2.34734,124.0
2026-07-06 06:20:00,2.34723,2.34742,2.34691,2.34716,69.0
2026-07-06 06:25:00,2.34716,2.34749,2.34672,2.34672,63.0
2026-07-06 06:30:00,2.34672,2.3468,2.34642,2.34642,80.0
2026-07-06 06:35:00,2.3464,2.34698,2.34634,2.34698,78.0
2026-07-06 06:40:00,2.3471,2.34741,2.34701,2.34741,76.0
2026-07-06 06:45:00,2.34748,2.34748,2.34697,2.34708,49.0
2026-07-06 06:50:00,2.34718,2.34718,2.34648,2.34652,148.0
2026-07-06 06:55:00,2.34647,2.347,2.34646,2.34686,102.0
2026-07-06 07:00:00,2.34696,2.34722,2.3468,2.34701,137.0
2026-07-06 07:05:00,2.347,2.3471,2.34678,2.34696,130.0
2026-07-06 07:10:00,2.347,2.347,2.34654,2.3467,235.0
2026-07-06 07:15:00,2.34668,2.34682,2.34638,2.3467,115.0
2026-07-06 07:20:00,2.34682,2.34693,2.34666,2.34692,117.0
2026-07-06 07:25:00,2.34694,2.34706,2.34674,2.34702,128.0
2026-07-06 07:30:00,2.34711,2.34734,2.34674,2.34674,88.0
2026-07-06 07:35:00,2.34675,2.34701,2.34674,2.3469,43.0
2026-07-06 07:40:00,2.34706,2.34726,2.34688,2.347,269.0
2026-07-06 07:45:00,2.347,2.34728,2.3469,2.34728,267.0
2026-07-06 07:50:00,2.3473,2.34781,2.3472,2.34781,273.0
2026-07-06 07:55:00,2.3477,2.3478,2.34713,2.34764,178.0
2026-07-06 08:00:00,2.3476,2.34822,2.34758,2.34804,168.0
2026-07-06 08:05:00,2.34806,2.34806,2.3473,2.34748,140.0
2026-07-06 08:10:00,2.3475,2.34796,2.34721,2.34721,114.0
2026-07-06 08:15:00,2.34722,2.34769,2.34702,2.34744,255.0
2026-07-06 08:20:00,2.34756,2.34808,2.34746,2.34789,234.0
2026-07-06 08:25:00,2.34786,2.34814,2.34766,2.34792,203.0
2026-07-06 08:30:00,2.34792,2.34837,2.34774,2.34832,153.0
2026-07-06 08:35:00,2.34832,2.34892,2.34819,2.34892,221.0
2026-07-06 08:40:00,2.34891,2.34994,2.34891,2.34974,220.0
2026-07-06 08:45:00,2.34974,2.34976,2.34924,2.34942,83.0
2026-07-06 08:50:00,2.34945,2.35032,2.34905,2.35009,107.0
2026-07-06 08:55:00,2.35002,2.35012,2.34944,2.34956,97.0
2026-07-06 09:00:00,2.34952,2.3501,2.34934,2.34978,245.0
2026-07-06 09:05:00,2.34978,2.35,2.34964,2.34976,95.0
2026-07-06 09:10:00,2.34976,2.35024,2.34972,2.35019,135.0
2026-07-06 09:15:00,2.35029,2.35029,2.34968,2.34986,266.0
2026-07-06 09:20:00,2.34982,2.35006,2.34944,2.34956,394.0
2026-07-06 09:25:00,2.34957,2.35053,2.34957,2.35031,91.0
2026-07-06 09:30:00,2.3503,2.35058,2.34949,2.34958,207.0
2026-07-06 09:35:00,2.34967,2.34992,2.34916,2.34916,224.0
2026-07-06 09:40:00,2.34908,2.3492,2.34847,2.34862,89.0
2026-07-06 09:45:00,2.34858,2.34862,2.34812,2.34852,380.0
2026-07-06 09:50:00,2.34854,2.34894,2.34838,2.34869,361.0
2026-07-06 09:55:00,2.3487,2.34952,2.34858,2.34924,143.0
2026-07-06 10:00:00,2.34924,2.34985,2.34872,2.34948,293.0
2026-07-06 10:05:00,2.34948,2.34948,2.34884,2.34896,306.0
2026-07-06 10:10:00,2.34897,2.34906,2.34872,2.34882,241.0
2026-07-06 10:15:00,2.34878,2.34929,2.3487,2.34929,312.0
2026-07-06 10:20:00,2.3492,2.3501,2.3492,2.34991,411.0
2026-07-06 10:25:00,2.3498,2.35002,2.34924,2.34952,300.0
2026-07-06 10:30:00,2.3495,2.3496,2.34888,2.34916,311.0
2026-07-06 10:35:00,2.34918,2.3499,2.34912,2.3496,325.0
2026-07-06 10:40:00,2.3496,2.34977,2.34942,2.34944,262.0
2026-07-06 10:45:00,2.34946,2.34952,2.34894,2.34938,287.0
2026-07-06 10:50:00,2.34946,2.3496,2.34878,2.34944,341.0
2026-07-06 10:55:00,2.34946,2.34979,2.349,2.34972,399.0
2026-07-06 11:00:00,2.34976,2.34982,2.3493,2.34958,339.0
2026-07-06 11:05:00,2.34956,2.34968,2.34914,2.34919,251.0
2026-07-06 11:10:00,2.3492,2.34962,2.34916,2.34946,152.0
2026-07-06 11:15:00,2.34938,2.34959,2.3489,2.34908,219.0
2026-07-06 11:20:00,2.34909,2.34936,2.34886,2.34888,445.0
2026-07-06 11:25:00,2.3489,2.34896,2.34844,2.34864,307.0
2026-07-06 11:30:00,2.34866,2.34895,2.34848,2.34882,239.0
2026-07-06 11:35:00,2.34884,2.3491,2.34856,2.34872,248.0
2026-07-06 11:40:00,2.34878,2.34883,2.34844,2.34866,182.0
2026-07-06 11:45:00,2.34868,2.3488,2.34844,2.34873,295.0
2026-07-06 11:50:00,2.34884,2.34941,2.34878,2.34902,206.0
2026-07-06 11:55:00,2.34903,2.34935,2.34882,2.34934,91.0
2026-07-06 12:00:00,2.34933,2.34941,2.34889,2.34913,274.0
2026-07-06 12:05:00,2.34915,2.34918,2.34886,2.34908,320.0
2026-07-06 12:10:00,2.3491,2.34913,2.34868,2.34868,228.0
2026-07-06 12:15:00,2.34872,2.34873,2.34826,2.3485,253.0
2026-07-06 12:20:00,2.34856,2.3491,2.34831,2.34898,268.0
2026-07-06 12:25:00,2.34896,2.3493,2.3489,2.34926,258.0
2026-07-06 12:30:00,2.34926,2.34926,2.34882,2.34889,196.0
2026-07-06 12:35:00,2.34886,2.34902,2.34864,2.34886,131.0
2026-07-06 12:40:00,2.34896,2.34902,2.34871,2.34878,147.0
2026-07-06 12:45:00,2.34878,2.34908,2.3487,2.34902,205.0
2026-07-06 12:50:00,2.34903,2.34912,2.34849,2.34912,202.0
2026-07-06 12:55:00,2.34906,2.34918,2.34888,2.34892,152.0
2026-07-06 13:00:00,2.34887,2.34914,2.34872,2.34872,241.0
