Timestamp,Open,High,Low,Close,Volume
2026-06-07 17:15:00,2.30547,2.30566,2.30434,2.30448,53.0
2026-06-07 17:30:00,2.3045,2.30461,2.30337,2.30432,314.0
2026-06-07 17:45:00,2.30396,2.30396,2.30281,2.30326,430.0
2026-06-07 18:00:00,2.30336,2.30356,2.30089,2.30108,779.0
2026-06-07 18:15:00,2.30102,2.30147,2.30042,2.30147,473.0
2026-06-07 18:30:00,2.30142,2.30215,2.30097,2.30204,244.0
2026-06-07 18:45:00,2.30212,2.30314,2.30198,2.30274,384.0
2026-06-07 19:00:00,2.30266,2.30268,2.3012,2.30135,204.0
2026-06-07 19:15:00,2.30126,2.30226,2.30109,2.30207,597.0
2026-06-07 19:30:00,2.3021,2.30246,2.30152,2.30218,422.0
2026-06-07 19:45:00,2.30218,2.30224,2.30062,2.30093,723.0
2026-06-07 20:00:00,2.30102,2.3014,2.30041,2.30056,732.0
2026-06-07 20:15:00,2.30052,2.30069,2.29902,2.29946,333.0
2026-06-07 20:30:00,2.29954,2.29987,2.29832,2.29865,413.0
2026-06-07 20:45:00,2.29868,2.29935,2.29821,2.2989,448.0
2026-06-07 21:00:00,2.29884,2.2996,2.29862,2.2996,774.0
2026-06-07 21:15:00,2.29965,2.30075,2.2992,2.30038,1566.0
2026-06-07 21:30:00,2.30031,2.301,2.29922,2.30027,1432.0
2026-06-07 21:45:00,2.3002,2.30028,2.29944,2.29982,452.0
2026-06-07 22:00:00,2.29974,2.3016,2.29974,2.30138,771.0
2026-06-07 22:15:00,2.30138,2.3017,2.30082,2.30157,1129.0
2026-06-07 22:30:00,2.30159,2.30212,2.30108,2.30112,1181.0
2026-06-07 22:45:00,2.30116,2.30116,2.29894,2.29946,740.0
2026-06-07 23:00:00,2.29938,2.29974,2.29852,2.29958,669.0
2026-06-07 23:15:00,2.29958,2.29988,2.29862,2.2991,758.0
2026-06-07 23:30:00,2.29914,2.29916,2.29816,2.29837,483.0
2026-06-07 23:45:00,2.29822,2.29896,2.2981,2.29862,751.0
2026-06-08 00:00:00,2.29853,2.29893,2.29782,2.29806,755.0
2026-06-08 00:15:00,2.29804,2.2986,2.2977,2.29788,652.0
2026-06-08 00:30:00,2.29788,2.29878,2.2978,2.29838,827.0
2026-06-08 00:45:00,2.29838,2.29924,2.29826,2.29917,688.0
2026-06-08 01:00:00,2.2992,2.2995,2.29895,2.29916,597.0
2026-06-08 01:15:00,2.29922,2.29944,2.29818,2.29867,724.0
2026-06-08 01:30:00,2.29866,2.29998,2.29858,2.2992,620.0
2026-06-08 01:45:00,2.29922,2.29976,2.29874,2.2995,890.0
2026-06-08 02:00:00,2.29948,2.29956,2.29801,2.29882,772.0
2026-06-08 02:15:00,2.29882,2.29882,2.29716,2.29758,383.0
2026-06-08 02:30:00,2.29768,2.29939,2.29724,2.29866,593.0
2026-06-08 02:45:00,2.29872,2.29873,2.29744,2.29785,318.0
2026-06-08 03:00:00,2.29784,2.29831,2.29738,2.29802,643.0
2026-06-08 03:15:00,2.29792,2.2982,2.29722,2.29731,469.0
2026-06-08 03:30:00,2.29726,2.29834,2.29707,2.29783,449.0
2026-06-08 03:45:00,2.29781,2.29786,2.29704,2.2973,271.0
2026-06-08 04:00:00,2.29722,2.29809,2.29618,2.29654,376.0
2026-06-08 04:15:00,2.29646,2.29711,2.29619,2.29659,235.0
2026-06-08 04:30:00,2.2966,2.2971,2.29606,2.29689,266.0
2026-06-08 04:45:00,2.2969,2.29743,2.2956,2.2958,326.0
2026-06-08 05:00:00,2.29584,2.29622,2.29526,2.29533,477.0
2026-06-08 05:15:00,2.29532,2.29538,2.2944,2.29503,347.0
2026-06-08 05:30:00,2.2951,2.29524,2.29383,2.29408,496.0
2026-06-08 05:45:00,2.2942,2.29426,2.29292,2.29375,330.0
2026-06-08 06:00:00,2.29384,2.29496,2.29366,2.29426,371.0
2026-06-08 06:15:00,2.29421,2.29542,2.29413,2.29466,166.0
2026-06-08 06:30:00,2.29465,2.29476,2.29336,2.2937,689.0
2026-06-08 06:45:00,2.29374,2.2945,2.29358,2.2941,512.0
2026-06-08 07:00:00,2.29414,2.29457,2.29278,2.29282,1542.0
2026-06-08 07:15:00,2.2927,2.29329,2.28988,2.29176,833.0
2026-06-08 07:30:00,2.29178,2.29216,2.29096,2.29171,831.0
2026-06-08 07:45:00,2.29177,2.29322,2.29125,2.2928,785.0
2026-06-08 08:00:00,2.29278,2.2929,2.29167,2.29231,802.0
2026-06-08 08:15:00,2.29252,2.29254,2.29148,2.29158,959.0
2026-06-08 08:30:00,2.29158,2.2916,2.29008,2.29072,699.0
2026-06-08 08:45:00,2.29074,2.29106,2.28988,2.29029,749.0
2026-06-08 09:00:00,2.2903,2.29208,2.2895,2.29194,746.0
2026-06-08 09:15:00,2.29195,2.29224,2.29128,2.29172,811.0
2026-06-08 09:30:00,2.29172,2.29376,2.29145,2.29375,823.0
2026-06-08 09:45:00,2.29379,2.29564,2.29361,2.29564,1038.0
2026-06-08 10:00:00,2.2957,2.29659,2.29515,2.29538,1217.0
2026-06-08 10:15:00,2.29535,2.29686,2.29533,2.2963,1098.0
2026-06-08 10:30:00,2.2962,2.29626,2.29426,2.295,1338.0
2026-06-08 10:45:00,2.29498,2.29516,2.29194,2.29246,1086.0
2026-06-08 11:00:00,2.29248,2.29332,2.29198,2.293,1472.0
2026-06-08 11:15:00,2.29298,2.29358,2.2922,2.29358,1279.0
2026-06-08 11:30:00,2.29348,2.29464,2.29322,2.29396,1134.0
2026-06-08 11:45:00,2.29399,2.29493,2.29374,2.29471,834.0
2026-06-08 12:00:00,2.29481,2.29484,2.29388,2.29402,809.0
2026-06-08 12:15:00,2.29412,2.2947,2.29403,2.29461,720.0
2026-06-08 12:30:00,2.29454,2.29522,2.29444,2.29448,893.0
2026-06-08 12:45:00,2.2945,2.29492,2.29408,2.29484,787.0
2026-06-08 13:00:00,2.29493,2.2961,2.29493,2.29586,1372.0
2026-06-08 13:15:00,2.29586,2.29596,2.29533,2.29536,985.0
2026-06-08 13:30:00,2.29535,2.2965,2.29534,2.2965,617.0
2026-06-08 13:45:00,2.29645,2.29645,2.29526,2.29558,907.0
2026-06-08 14:00:00,2.2956,2.29582,2.2947,2.29576,943.0
2026-06-08 14:15:00,2.2958,2.2958,2.29544,2.29546,765.0
2026-06-08 14:30:00,2.29546,2.2962,2.2951,2.29576,927.0
2026-06-08 14:45:00,2.29576,2.29632,2.29564,2.29615,646.0
2026-06-08 15:00:00,2.29615,2.297,2.29615,2.29694,85.0
2026-06-08 15:15:00,2.29684,2.29706,2.29642,2.29648,114.0
2026-06-08 15:30:00,2.2964,2.29662,2.29602,2.29644,152.0
2026-06-08 15:45:00,2.29643,2.29666,2.29604,2.29644,233.0
2026-06-08 16:00:00,2.2965,2.29682,2.29641,2.29658,172.0
2026-06-08 16:15:00,2.29651,2.2966,2.29574,2.2958,105.0
2026-06-08 16:30:00,2.2959,2.29707,2.29576,2.29681,99.0
2026-06-08 16:45:00,2.29676,2.29688,2.296,2.29615,294.0
2026-06-08 17:00:00,2.29575,2.2967,2.29542,2.29593,334.0
2026-06-08 17:15:00,2.2961,2.29704,2.2953,2.29612,734.0
2026-06-08 17:30:00,2.29611,2.29736,2.29592,2.2964,2237.0
2026-06-08 17:45:00,2.29636,2.29675,2.29504,2.29605,1012.0
2026-06-08 18:00:00,2.29562,2.29671,2.29458,2.29642,404.0
2026-06-08 18:15:00,2.29646,2.29678,2.29612,2.29664,740.0
2026-06-08 18:30:00,2.29657,2.29694,2.2963,2.29686,125.0
2026-06-08 18:45:00,2.29689,2.29691,2.2965,2.29662,118.0
2026-06-08 19:00:00,2.29654,2.2969,2.29642,2.2966,345.0
2026-06-08 19:15:00,2.29662,2.29725,2.29654,2.29712,654.0
2026-06-08 19:30:00,2.29712,2.2978,2.2971,2.2978,680.0
2026-06-08 19:45:00,2.29776,2.29804,2.29748,2.29785,955.0
2026-06-08 20:00:00,2.29784,2.29893,2.2977,2.29893,1501.0
2026-06-08 20:15:00,2.2989,2.29901,2.29794,2.29807,893.0
2026-06-08 20:30:00,2.29806,2.29841,2.29764,2.29784,974.0
2026-06-08 20:45:00,2.29785,2.29832,2.2975,2.29752,1158.0
2026-06-08 21:00:00,2.29752,2.29754,2.29672,2.29736,614.0
2026-06-08 21:15:00,2.29738,2.29758,2.29552,2.29584,769.0
2026-06-08 21:30:00,2.29588,2.29632,2.29467,2.29546,916.0
2026-06-08 21:45:00,2.29545,2.29608,2.29516,2.29558,756.0
2026-06-08 22:00:00,2.2955,2.29568,2.29487,2.2955,679.0
2026-06-08 22:15:00,2.29552,2.29636,2.29546,2.2962,727.0
2026-06-08 22:30:00,2.29618,2.29671,2.2956,2.29656,999.0
2026-06-08 22:45:00,2.29653,2.29731,2.29636,2.2968,948.0
2026-06-08 23:00:00,2.2968,2.29711,2.29532,2.29552,915.0
2026-06-08 23:15:00,2.29552,2.29642,2.29523,2.29594,994.0
2026-06-08 23:30:00,2.29594,2.29597,2.2936,2.29366,1085.0
2026-06-08 23:45:00,2.29364,2.29485,2.2932,2.294,1176.0
2026-06-09 00:00:00,2.29404,2.2944,2.29326,2.29342,924.0
2026-06-09 00:15:00,2.29342,2.2942,2.29336,2.29354,906.0
2026-06-09 00:30:00,2.29354,2.29383,2.29172,2.29232,981.0
2026-06-09 00:45:00,2.29234,2.29259,2.29178,2.29218,744.0
2026-06-09 01:00:00,2.29218,2.29237,2.2917,2.29182,491.0
2026-06-09 01:15:00,2.29182,2.29195,2.29031,2.29082,669.0
2026-06-09 01:30:00,2.29082,2.29082,2.28868,2.2894,1432.0
2026-06-09 01:45:00,2.2894,2.2894,2.28762,2.28822,1242.0
2026-06-09 02:00:00,2.28824,2.28848,2.28676,2.28788,1356.0
2026-06-09 02:15:00,2.28792,2.2891,2.28695,2.2889,466.0
2026-06-09 02:30:00,2.2889,2.29052,2.28859,2.2905,819.0
2026-06-09 02:45:00,2.29058,2.2908,2.28936,2.28936,452.0
2026-06-09 03:00:00,2.28926,2.29054,2.28846,2.29054,488.0
2026-06-09 03:15:00,2.29053,2.2924,2.29039,2.2921,529.0
2026-06-09 03:30:00,2.29201,2.29359,2.2917,2.29343,435.0
2026-06-09 03:45:00,2.29344,2.29526,2.29344,2.29465,539.0
2026-06-09 04:00:00,2.29461,2.29603,2.29336,2.29418,625.0
2026-06-09 04:15:00,2.29422,2.2957,2.29417,2.29506,497.0
2026-06-09 04:30:00,2.29506,2.29601,2.295,2.29535,326.0
2026-06-09 04:45:00,2.29536,2.29564,2.29454,2.29454,402.0
2026-06-09 05:00:00,2.29449,2.29546,2.29381,2.295,286.0
2026-06-09 05:15:00,2.2949,2.29604,2.29468,2.29604,235.0
2026-06-09 05:30:00,2.29599,2.29648,2.29578,2.29608,349.0
2026-06-09 05:45:00,2.29602,2.29614,2.29504,2.29599,324.0
2026-06-09 06:00:00,2.29592,2.29666,2.29578,2.29604,266.0
2026-06-09 06:15:00,2.29615,2.2967,2.29542,2.2955,147.0
2026-06-09 06:30:00,2.29554,2.29668,2.29554,2.29662,318.0
2026-06-09 06:45:00,2.29657,2.29657,2.29448,2.29472,1063.0
2026-06-09 07:00:00,2.2947,2.29506,2.29402,2.29434,457.0
2026-06-09 07:15:00,2.29421,2.29464,2.2938,2.29442,265.0
2026-06-09 07:30:00,2.29443,2.295,2.29395,2.295,444.0
2026-06-09 07:45:00,2.295,2.295,2.29406,2.29436,487.0
2026-06-09 08:00:00,2.29431,2.29502,2.2943,2.29466,379.0
2026-06-09 08:15:00,2.29464,2.2948,2.29387,2.29435,493.0
2026-06-09 08:30:00,2.29436,2.29558,2.29424,2.2955,653.0
2026-06-09 08:45:00,2.2955,2.29621,2.29526,2.29564,699.0
2026-06-09 09:00:00,2.29561,2.2959,2.29464,2.29509,903.0
2026-06-09 09:15:00,2.2951,2.29626,2.2951,2.29572,677.0
2026-06-09 09:30:00,2.2957,2.29662,2.29555,2.29617,1106.0
2026-06-09 09:45:00,2.29613,2.2963,2.29394,2.29596,1064.0
2026-06-09 10:00:00,2.296,2.29634,2.2944,2.29594,1270.0
2026-06-09 10:15:00,2.29594,2.29737,2.29566,2.29657,1615.0
2026-06-09 10:30:00,2.29659,2.29947,2.29651,2.29936,1531.0
2026-06-09 10:45:00,2.29934,2.29964,2.29659,2.29671,1356.0
2026-06-09 11:00:00,2.29668,2.29779,2.29598,2.29612,1489.0
2026-06-09 11:15:00,2.29608,2.29787,2.29596,2.29773,1157.0
2026-06-09 11:30:00,2.29768,2.29868,2.29738,2.29838,1214.0
2026-06-09 11:45:00,2.2983,2.29956,2.29708,2.29914,1476.0
2026-06-09 12:00:00,2.29904,2.30028,2.29832,2.29996,1688.0
2026-06-09 12:15:00,2.29992,2.30052,2.29882,2.2997,1070.0
2026-06-09 12:30:00,2.29969,2.30308,2.29954,2.30222,2144.0
2026-06-09 12:45:00,2.30225,2.30236,2.30062,2.30104,1467.0
2026-06-09 13:00:00,2.301,2.30174,2.30026,2.30073,1178.0
2026-06-09 13:15:00,2.30073,2.30116,2.29984,2.30048,1179.0
2026-06-09 13:30:00,2.30042,2.30058,2.29914,2.29944,961.0
2026-06-09 13:45:00,2.2995,2.30034,2.29924,2.29963,1045.0
2026-06-09 14:00:00,2.29964,2.29996,2.29921,2.29934,1019.0
2026-06-09 14:15:00,2.29933,2.2999,2.29916,2.29946,1256.0
2026-06-09 14:30:00,2.2994,2.30074,2.29901,2.30071,1270.0
2026-06-09 14:45:00,2.30061,2.3007,2.29998,2.3001,848.0
2026-06-09 15:00:00,2.3001,2.30164,2.3,2.30164,210.0
2026-06-09 15:15:00,2.30148,2.30277,2.30148,2.3021,362.0
2026-06-09 15:30:00,2.30207,2.30214,2.30153,2.30174,325.0
2026-06-09 15:45:00,2.30168,2.302,2.30045,2.30056,280.0
2026-06-09 16:00:00,2.3006,2.30147,2.30054,2.30128,220.0
2026-06-09 16:15:00,2.30134,2.30157,2.30106,2.30144,182.0
2026-06-09 16:30:00,2.30146,2.30159,2.30072,2.3008,179.0
2026-06-09 16:45:00,2.30083,2.30114,2.2999,2.30005,493.0
2026-06-09 17:00:00,2.3001,2.30117,2.29811,2.30037,44.0
2026-06-09 17:15:00,2.30094,2.30187,2.29928,2.30102,323.0
2026-06-09 17:30:00,2.30116,2.30389,2.29784,2.29901,1954.0
2026-06-09 17:45:00,2.29899,2.29964,2.29822,2.29934,1941.0
2026-06-09 18:00:00,2.29932,2.30135,2.29882,2.3011,608.0
2026-06-09 18:15:00,2.30109,2.30135,2.30099,2.30108,268.0
2026-06-09 18:30:00,2.30108,2.30222,2.30108,2.30222,254.0
2026-06-09 18:45:00,2.30215,2.30243,2.30164,2.30192,343.0
2026-06-09 19:00:00,2.30184,2.30212,2.30131,2.30188,560.0
2026-06-09 19:15:00,2.30194,2.30303,2.30186,2.30268,677.0
2026-06-09 19:30:00,2.30268,2.303,2.30252,2.30275,544.0
2026-06-09 19:45:00,2.30268,2.30314,2.30201,2.30212,900.0
2026-06-09 20:00:00,2.30213,2.3026,2.29988,2.29994,1040.0
2026-06-09 20:15:00,2.29992,2.30078,2.29906,2.29914,924.0
2026-06-09 20:30:00,2.29916,2.30152,2.2991,2.30108,1062.0
2026-06-09 20:45:00,2.30108,2.30152,2.29939,2.29993,718.0
2026-06-09 21:00:00,2.29994,2.30052,2.29927,2.2994,728.0
2026-06-09 21:15:00,2.29947,2.2997,2.29817,2.29876,670.0
2026-06-09 21:30:00,2.2988,2.29894,2.29738,2.29838,613.0
2026-06-09 21:45:00,2.29842,2.29899,2.29764,2.29898,639.0
2026-06-09 22:00:00,2.29898,2.29971,2.29824,2.29859,902.0
2026-06-09 22:15:00,2.29856,2.2997,2.29852,2.29897,783.0
2026-06-09 22:30:00,2.2989,2.29984,2.29856,2.2996,869.0
2026-06-09 22:45:00,2.2996,2.30039,2.2991,2.3003,866.0
2026-06-09 23:00:00,2.30032,2.30036,2.2991,2.2995,959.0
2026-06-09 23:15:00,2.29951,2.29982,2.29886,2.29973,1044.0
2026-06-09 23:30:00,2.29972,2.30036,2.29964,2.29993,841.0
2026-06-09 23:45:00,2.29992,2.30008,2.29955,2.29974,914.0
2026-06-10 00:00:00,2.29972,2.30024,2.29946,2.30015,714.0
2026-06-10 00:15:00,2.30016,2.30052,2.29979,2.30044,898.0
2026-06-10 00:30:00,2.30036,2.30154,2.30036,2.30113,783.0
2026-06-10 00:45:00,2.30114,2.30164,2.30074,2.30164,668.0
2026-06-10 01:00:00,2.30172,2.30302,2.30148,2.30269,852.0
2026-06-10 01:15:00,2.30268,2.30322,2.30152,2.3016,856.0
2026-06-10 01:30:00,2.30152,2.30199,2.3009,2.30167,742.0
2026-06-10 01:45:00,2.30166,2.30298,2.30156,2.3026,918.0
2026-06-10 02:00:00,2.30258,2.30336,2.30163,2.30312,521.0
2026-06-10 02:15:00,2.30311,2.30366,2.30245,2.30312,613.0
2026-06-10 02:30:00,2.30308,2.30312,2.3015,2.30169,910.0
2026-06-10 02:45:00,2.30178,2.30288,2.30138,2.30235,709.0
2026-06-10 03:00:00,2.3024,2.30246,2.30171,2.30184,644.0
2026-06-10 03:15:00,2.30196,2.3026,2.30185,2.30245,579.0
2026-06-10 03:30:00,2.30247,2.30344,2.3024,2.3032,598.0
2026-06-10 03:45:00,2.30322,2.30372,2.30312,2.30358,372.0
2026-06-10 04:00:00,2.30356,2.30524,2.30352,2.30494,689.0
2026-06-10 04:15:00,2.30492,2.30492,2.30406,2.30452,471.0
2026-06-10 04:30:00,2.30455,2.30496,2.30414,2.30461,722.0
2026-06-10 04:45:00,2.30472,2.30485,2.3033,2.30387,742.0
2026-06-10 05:00:00,2.30383,2.30445,2.30345,2.30371,682.0
2026-06-10 05:15:00,2.30378,2.30391,2.30271,2.30332,702.0
2026-06-10 05:30:00,2.30332,2.30485,2.30323,2.30456,1008.0
2026-06-10 05:45:00,2.30458,2.30522,2.30384,2.3041,522.0
2026-06-10 06:00:00,2.30411,2.30592,2.30404,2.30568,540.0
2026-06-10 06:15:00,2.30564,2.30592,2.30489,2.30516,761.0
2026-06-10 06:30:00,2.3052,2.30562,2.30423,2.30428,1053.0
2026-06-10 06:45:00,2.30438,2.30461,2.30334,2.30334,659.0
2026-06-10 07:00:00,2.30336,2.30584,2.30329,2.30488,1194.0
2026-06-10 07:15:00,2.30488,2.30636,2.30448,2.30539,1044.0
2026-06-10 07:30:00,2.30529,2.30585,2.30474,2.30554,1192.0
2026-06-10 07:45:00,2.30558,2.30618,2.30481,2.3051,1314.0
2026-06-10 08:00:00,2.3051,2.30556,2.30446,2.30482,1127.0
2026-06-10 08:15:00,2.30478,2.30576,2.30228,2.30489,944.0
2026-06-10 08:30:00,2.30491,2.30491,2.30198,2.30306,2407.0
2026-06-10 08:45:00,2.30297,2.30334,2.30128,2.30332,1557.0
2026-06-10 09:00:00,2.30328,2.30384,2.30192,2.30192,1517.0
2026-06-10 09:15:00,2.30191,2.30313,2.30176,2.3025,1113.0
2026-06-10 09:30:00,2.30256,2.30304,2.30148,2.30158,1345.0
2026-06-10 09:45:00,2.30154,2.30277,2.30132,2.30188,1609.0
2026-06-10 10:00:00,2.30186,2.30246,2.30036,2.30086,1512.0
2026-06-10 10:15:00,2.30083,2.3015,2.30014,2.3014,1442.0
2026-06-10 10:30:00,2.30142,2.30187,2.30092,2.30155,1267.0
2026-06-10 10:45:00,2.30151,2.30169,2.30047,2.30098,1696.0
2026-06-10 11:00:00,2.30096,2.30118,2.29999,2.30047,1681.0
2026-06-10 11:15:00,2.30046,2.30088,2.29967,2.30004,1457.0
2026-06-10 11:30:00,2.30002,2.30022,2.2983,2.29836,1760.0
2026-06-10 11:45:00,2.29841,2.30112,2.2982,2.3001,2535.0
2026-06-10 12:00:00,2.30006,2.30044,2.29928,2.29998,1544.0
2026-06-10 12:15:00,2.29999,2.30022,2.29959,2.29988,1124.0
2026-06-10 12:30:00,2.29997,2.30029,2.29934,2.30029,1423.0
2026-06-10 12:45:00,2.30028,2.30085,2.30002,2.3004,1083.0
2026-06-10 13:00:00,2.30046,2.30216,2.30028,2.30208,1659.0
2026-06-10 13:15:00,2.30202,2.30231,2.3016,2.30228,2000.0
2026-06-10 13:30:00,2.30226,2.30338,2.30218,2.30331,1308.0
2026-06-10 13:45:00,2.30321,2.30325,2.30198,2.30273,908.0
2026-06-10 14:00:00,2.30272,2.30272,2.30166,2.30179,883.0
2026-06-10 14:15:00,2.30174,2.30246,2.30165,2.30242,789.0
2026-06-10 14:30:00,2.30239,2.30286,2.30227,2.30227,564.0
2026-06-10 14:45:00,2.30228,2.30343,2.30228,2.3028,748.0
2026-06-10 15:00:00,2.3028,2.30318,2.30193,2.30311,343.0
2026-06-10 15:15:00,2.3031,2.30378,2.303,2.30356,265.0
2026-06-10 15:30:00,2.30363,2.30469,2.30328,2.30467,422.0
2026-06-10 15:45:00,2.3046,2.30508,2.30437,2.30472,324.0
2026-06-10 16:00:00,2.30478,2.30626,2.3047,2.30612,567.0
2026-06-10 16:15:00,2.30611,2.30632,2.30552,2.30552,215.0
2026-06-10 16:30:00,2.3055,2.30562,2.30484,2.30562,244.0
2026-06-10 16:45:00,2.30564,2.3067,2.30564,2.3062,293.0
2026-06-10 17:00:00,2.30514,2.30612,2.30261,2.3051,462.0
2026-06-10 17:15:00,2.30496,2.30681,2.3044,2.30663,2431.0
2026-06-10 17:30:00,2.3066,2.30728,2.30629,2.3066,1657.0
2026-06-10 17:45:00,2.30662,2.3084,2.30647,2.30792,4615.0
2026-06-10 18:00:00,2.3077,2.30796,2.30658,2.30737,782.0
2026-06-10 18:15:00,2.30728,2.30831,2.30707,2.30729,380.0
2026-06-10 18:30:00,2.3073,2.3073,2.30552,2.3058,311.0
2026-06-10 18:45:00,2.30572,2.30694,2.3055,2.30669,395.0
2026-06-10 19:00:00,2.3067,2.30736,2.30631,2.30702,510.0
2026-06-10 19:15:00,2.307,2.30716,2.30524,2.30588,1095.0
2026-06-10 19:30:00,2.30596,2.30645,2.30475,2.3052,863.0
2026-06-10 19:45:00,2.30525,2.30646,2.30524,2.30634,1114.0
2026-06-10 20:00:00,2.30634,2.30698,2.30536,2.30652,656.0
2026-06-10 20:15:00,2.30653,2.30662,2.30476,2.30516,483.0
2026-06-10 20:30:00,2.30528,2.30665,2.30512,2.30632,390.0
2026-06-10 20:45:00,2.30636,2.30649,2.30564,2.30606,586.0
2026-06-10 21:00:00,2.306,2.30618,2.30475,2.3058,811.0
2026-06-10 21:15:00,2.30578,2.3066,2.30575,2.3063,852.0
2026-06-10 21:30:00,2.30631,2.30746,2.30624,2.30726,947.0
2026-06-10 21:45:00,2.30717,2.30824,2.30663,2.30676,1216.0
2026-06-10 22:00:00,2.30668,2.30752,2.30668,2.30724,1053.0
2026-06-10 22:15:00,2.30724,2.30758,2.3071,2.30734,988.0
2026-06-10 22:30:00,2.30736,2.30769,2.3071,2.30719,999.0
2026-06-10 22:45:00,2.3072,2.30746,2.30645,2.30663,1008.0
2026-06-10 23:00:00,2.30664,2.30814,2.30651,2.3079,1006.0
2026-06-10 23:15:00,2.30788,2.30814,2.3075,2.30786,1042.0
2026-06-10 23:30:00,2.30788,2.30808,2.30708,2.30776,867.0
2026-06-10 23:45:00,2.30774,2.30844,2.30762,2.30802,925.0
2026-06-11 00:00:00,2.30803,2.30918,2.30792,2.30828,870.0
2026-06-11 00:15:00,2.30834,2.3089,2.30826,2.30865,804.0
2026-06-11 00:30:00,2.30866,2.30884,2.30804,2.30828,849.0
2026-06-11 00:45:00,2.30828,2.30846,2.30794,2.30808,831.0
2026-06-11 01:00:00,2.30808,2.30883,2.30804,2.30842,1028.0
2026-06-11 01:15:00,2.30843,2.30946,2.3081,2.30902,1066.0
2026-06-11 01:30:00,2.30902,2.30964,2.30888,2.30933,1163.0
2026-06-11 01:45:00,2.30934,2.3096,2.30878,2.30893,1161.0
2026-06-11 02:00:00,2.30892,2.30973,2.30891,2.30936,1028.0
2026-06-11 02:15:00,2.3093,2.30976,2.30904,2.30958,430.0
2026-06-11 02:30:00,2.30964,2.3099,2.3091,2.30956,525.0
2026-06-11 02:45:00,2.30955,2.31048,2.30939,2.3103,592.0
2026-06-11 03:00:00,2.31028,2.31164,2.31017,2.31112,609.0
2026-06-11 03:15:00,2.31108,2.31133,2.30998,2.30998,500.0
2026-06-11 03:30:00,2.30992,2.31074,2.30966,2.3105,829.0
2026-06-11 03:45:00,2.31048,2.31174,2.31048,2.31122,673.0
2026-06-11 04:00:00,2.31132,2.31148,2.31066,2.31099,560.0
2026-06-11 04:15:00,2.31096,2.31158,2.31086,2.31136,514.0
2026-06-11 04:30:00,2.31136,2.31167,2.31086,2.31098,307.0
2026-06-11 04:45:00,2.31093,2.3117,2.31072,2.31128,275.0
2026-06-11 05:00:00,2.31133,2.31138,2.31055,2.31118,543.0
2026-06-11 05:15:00,2.31108,2.31176,2.31079,2.31108,310.0
2026-06-11 05:30:00,2.3111,2.31119,2.31024,2.31032,530.0
2026-06-11 05:45:00,2.31031,2.31096,2.31006,2.31096,682.0
2026-06-11 06:00:00,2.31096,2.31096,2.31025,2.31034,499.0
2026-06-11 06:15:00,2.31036,2.31088,2.31022,2.31088,771.0
2026-06-11 06:30:00,2.31088,2.31091,2.31002,2.31031,425.0
2026-06-11 06:45:00,2.31022,2.31067,2.31012,2.31015,575.0
2026-06-11 07:00:00,2.3102,2.3111,2.31016,2.3106,762.0
2026-06-11 07:15:00,2.3106,2.31132,2.31024,2.31066,517.0
2026-06-11 07:30:00,2.31067,2.3107,2.3092,2.30934,1106.0
2026-06-11 07:45:00,2.30938,2.31011,2.3093,2.31011,759.0
2026-06-11 08:00:00,2.3101,2.31028,2.30946,2.31022,1086.0
2026-06-11 08:15:00,2.31023,2.31152,2.3099,2.31149,1584.0
2026-06-11 08:30:00,2.3116,2.31254,2.31028,2.31185,1475.0
2026-06-11 08:45:00,2.31184,2.31216,2.31046,2.31132,1382.0
2026-06-11 09:00:00,2.31126,2.31195,2.31096,2.31131,1021.0
2026-06-11 09:15:00,2.31138,2.31156,2.3106,2.31113,992.0
2026-06-11 09:30:00,2.31118,2.31124,2.30977,2.31016,1062.0
2026-06-11 09:45:00,2.31005,2.31014,2.30871,2.30917,1175.0
2026-06-11 10:00:00,2.30911,2.31065,2.30842,2.3106,1242.0
2026-06-11 10:15:00,2.31062,2.3117,2.3092,2.3094,1477.0
2026-06-11 10:30:00,2.30933,2.30942,2.30752,2.3083,1098.0
2026-06-11 10:45:00,2.30827,2.30888,2.3074,2.30786,1387.0
2026-06-11 11:00:00,2.30788,2.30818,2.30654,2.30752,1273.0
2026-06-11 11:15:00,2.30749,2.30772,2.30686,2.30766,1331.0
2026-06-11 11:30:00,2.30759,2.30818,2.30728,2.3079,973.0
2026-06-11 11:45:00,2.30787,2.30837,2.30714,2.30796,1045.0
2026-06-11 12:00:00,2.30795,2.30828,2.30704,2.30749,874.0
2026-06-11 12:15:00,2.30743,2.30796,2.30696,2.3078,849.0
2026-06-11 12:30:00,2.30776,2.308,2.30713,2.3078,686.0
2026-06-11 12:45:00,2.30788,2.3089,2.30772,2.30874,608.0
2026-06-11 13:00:00,2.30874,2.30904,2.30788,2.3084,426.0
2026-06-11 13:15:00,2.30845,2.30878,2.30592,2.306,1329.0
2026-06-11 13:30:00,2.306,2.30603,2.30288,2.30288,4427.0
2026-06-11 13:45:00,2.3029,2.30363,2.30196,2.30218,2326.0
2026-06-11 14:00:00,2.30216,2.3045,2.3021,2.30328,2742.0
2026-06-11 14:15:00,2.3033,2.3034,2.30113,2.30204,2138.0
2026-06-11 14:30:00,2.30199,2.30302,2.30167,2.30167,855.0
2026-06-11 14:45:00,2.30164,2.30267,2.30158,2.3025,830.0
2026-06-11 15:00:00,2.3025,2.3025,2.3002,2.30052,382.0
2026-06-11 15:15:00,2.30044,2.30058,2.29932,2.29979,394.0
2026-06-11 15:30:00,2.29971,2.29971,2.29751,2.29813,785.0
2026-06-11 15:45:00,2.29814,2.29873,2.2976,2.29776,311.0
2026-06-11 16:00:00,2.29775,2.29805,2.29686,2.29696,395.0
2026-06-11 16:15:00,2.29682,2.2973,2.2964,2.29694,230.0
2026-06-11 16:30:00,2.29692,2.2986,2.29674,2.2986,541.0
2026-06-11 16:45:00,2.29859,2.29898,2.29816,2.29872,874.0
2026-06-11 17:00:00,2.29883,2.30049,2.29808,2.30016,75.0
2026-06-11 17:15:00,2.29995,2.30086,2.29716,2.29892,809.0
2026-06-11 17:30:00,2.29899,2.30202,2.29848,2.30004,1407.0
2026-06-11 17:45:00,2.3001,2.30138,2.29764,2.29971,972.0
2026-06-11 18:00:00,2.29986,2.30104,2.29934,2.29959,730.0
2026-06-11 18:15:00,2.2996,2.29972,2.29928,2.29944,325.0
2026-06-11 18:30:00,2.29953,2.30044,2.2993,2.29968,477.0
2026-06-11 18:45:00,2.29953,2.30022,2.29941,2.2996,274.0
2026-06-11 19:00:00,2.29954,2.29962,2.29866,2.29938,498.0
2026-06-11 19:15:00,2.29946,2.30144,2.29927,2.30098,779.0
2026-06-11 19:30:00,2.30097,2.30176,2.30094,2.30172,867.0
2026-06-11 19:45:00,2.30173,2.30192,2.3,2.30023,1071.0
2026-06-11 20:00:00,2.30018,2.30217,2.30004,2.30185,1627.0
2026-06-11 20:15:00,2.30184,2.30255,2.30062,2.30104,1489.0
2026-06-11 20:30:00,2.30101,2.30167,2.30008,2.30159,1933.0
2026-06-11 20:45:00,2.30162,2.30252,2.30152,2.3021,3282.0
2026-06-11 21:00:00,2.30212,2.30368,2.30191,2.30317,2485.0
2026-06-11 21:15:00,2.30315,2.30437,2.3027,2.30396,2393.0
2026-06-11 21:30:00,2.304,2.30514,2.30346,2.30447,3058.0
2026-06-11 21:45:00,2.30446,2.30476,2.30374,2.30449,3201.0
2026-06-11 22:00:00,2.30452,2.30522,2.30421,2.30454,2459.0
2026-06-11 22:15:00,2.30456,2.30514,2.3038,2.30498,1608.0
2026-06-11 22:30:00,2.30498,2.30592,2.30482,2.30552,1834.0
2026-06-11 22:45:00,2.30553,2.3056,2.30459,2.30473,1721.0
2026-06-11 23:00:00,2.30464,2.30569,2.30448,2.30532,1597.0
2026-06-11 23:15:00,2.30534,2.30538,2.30448,2.30462,1859.0
2026-06-11 23:30:00,2.30464,2.30469,2.3031,2.30352,1818.0
2026-06-11 23:45:00,2.30351,2.30414,2.30321,2.30332,2149.0
2026-06-12 00:00:00,2.30334,2.30376,2.30298,2.3031,1759.0
2026-06-12 00:15:00,2.30303,2.30354,2.3028,2.30326,1391.0
2026-06-12 00:30:00,2.30326,2.30363,2.30232,2.30243,1679.0
2026-06-12 00:45:00,2.30242,2.30284,2.30208,2.3025,1030.0
2026-06-12 01:00:00,2.30254,2.30403,2.30243,2.30336,1311.0
2026-06-12 01:15:00,2.30336,2.3043,2.3032,2.30412,920.0
2026-06-12 01:30:00,2.30411,2.30444,2.30364,2.30388,1111.0
2026-06-12 01:45:00,2.30389,2.30532,2.30386,2.30491,1405.0
2026-06-12 02:00:00,2.30492,2.30506,2.30316,2.30358,901.0
2026-06-12 02:15:00,2.30359,2.3053,2.30359,2.30486,399.0
2026-06-12 02:30:00,2.3049,2.30498,2.30274,2.30411,1028.0
2026-06-12 02:45:00,2.30412,2.30484,2.30337,2.30376,867.0
2026-06-12 03:00:00,2.30372,2.30478,2.30342,2.30431,526.0
2026-06-12 03:15:00,2.30428,2.30442,2.303,2.3034,592.0
2026-06-12 03:30:00,2.30336,2.3036,2.30183,2.3022,840.0
2026-06-12 03:45:00,2.30218,2.30288,2.30134,2.302,1269.0
2026-06-12 04:00:00,2.30192,2.30254,2.30112,2.30207,760.0
2026-06-12 04:15:00,2.302,2.30229,2.29973,2.30131,1257.0
2026-06-12 04:30:00,2.30128,2.30247,2.3011,2.30208,397.0
2026-06-12 04:45:00,2.30201,2.3023,2.30111,2.30198,499.0
2026-06-12 05:00:00,2.30202,2.30206,2.30096,2.3016,327.0
2026-06-12 05:15:00,2.30152,2.30158,2.29912,2.29926,593.0
2026-06-12 05:30:00,2.29923,2.30004,2.29909,2.29974,416.0
2026-06-12 05:45:00,2.2998,2.30058,2.29948,2.30044,612.0
2026-06-12 06:00:00,2.30053,2.30075,2.29888,2.29923,406.0
2026-06-12 06:15:00,2.29926,2.30104,2.29872,2.3004,522.0
2026-06-12 06:30:00,2.30035,2.30061,2.29976,2.30025,697.0
2026-06-12 06:45:00,2.3002,2.30078,2.2995,2.2995,374.0
2026-06-12 07:00:00,2.29951,2.30144,2.29946,2.30128,773.0
2026-06-12 07:15:00,2.30138,2.30142,2.30034,2.3008,655.0
2026-06-12 07:30:00,2.30088,2.30166,2.30033,2.30054,817.0
2026-06-12 07:45:00,2.30058,2.30108,2.30024,2.30085,639.0
2026-06-12 08:00:00,2.30086,2.30146,2.30071,2.30085,654.0
2026-06-12 08:15:00,2.30078,2.30144,2.30058,2.30084,1237.0
2026-06-12 08:30:00,2.30088,2.30151,2.3003,2.30112,1139.0
2026-06-12 08:45:00,2.3011,2.30152,2.30059,2.30092,815.0
2026-06-12 09:00:00,2.30092,2.30119,2.29944,2.29968,814.0
2026-06-12 09:15:00,2.29957,2.2999,2.29928,2.2996,728.0
2026-06-12 09:30:00,2.29948,2.30174,2.29943,2.30166,1622.0
2026-06-12 09:45:00,2.30169,2.30248,2.30101,2.3014,1899.0
2026-06-12 10:00:00,2.30136,2.30143,2.29997,2.3003,1468.0
2026-06-12 10:15:00,2.30024,2.30134,2.29987,2.30043,1122.0
2026-06-12 10:30:00,2.30048,2.30105,2.29988,2.30036,930.0
2026-06-12 10:45:00,2.30044,2.30189,2.29981,2.30059,1098.0
2026-06-12 11:00:00,2.30058,2.30118,2.29998,2.30015,1274.0
2026-06-12 11:15:00,2.30013,2.30035,2.29908,2.29982,1038.0
2026-06-12 11:30:00,2.29982,2.30002,2.2988,2.30002,1327.0
2026-06-12 11:45:00,2.30002,2.30165,2.29967,2.30156,1013.0
2026-06-12 12:00:00,2.30152,2.30173,2.29967,2.30014,1264.0
2026-06-12 12:15:00,2.30012,2.30012,2.29931,2.29972,1554.0
2026-06-12 12:30:00,2.29971,2.30008,2.29914,2.2997,352.0
2026-06-12 12:45:00,2.2997,2.29981,2.29924,2.29975,870.0
2026-06-12 13:00:00,2.29977,2.30024,2.2995,2.29994,841.0
2026-06-12 13:15:00,2.30004,2.3003,2.29948,2.29988,176.0
2026-06-12 13:30:00,2.29977,2.30044,2.29968,2.3003,373.0
2026-06-12 13:45:00,2.30029,2.30064,2.29989,2.3001,471.0
2026-06-12 14:00:00,2.30009,2.30046,2.29978,2.30016,581.0
2026-06-12 14:15:00,2.30016,2.30032,2.29984,2.30005,430.0
2026-06-12 14:30:00,2.30006,2.30014,2.29947,2.29972,514.0
2026-06-12 14:45:00,2.29969,2.30009,2.29956,2.29999,379.0
2026-06-12 15:00:00,2.30008,2.30015,2.2994,2.29986,117.0
2026-06-12 15:15:00,2.29976,2.30002,2.29966,2.29994,90.0
2026-06-12 15:30:00,2.29991,2.3003,2.29991,2.30006,141.0
2026-06-12 15:45:00,2.3002,2.30034,2.2991,2.2993,143.0
2026-06-12 16:00:00,2.29924,2.29948,2.29908,2.29917,101.0
2026-06-12 16:15:00,2.29918,2.29928,2.29877,2.29888,76.0
2026-06-12 16:30:00,2.2988,2.29925,2.29874,2.29906,366.0
2026-06-12 16:45:00,2.29914,2.2998,2.29835,2.2993,1610.0
2026-06-14 17:00:00,2.29865,2.30071,2.29865,2.3002,17.0
2026-06-14 17:15:00,2.29997,2.30099,2.29751,2.29754,118.0
2026-06-14 17:30:00,2.29777,2.29866,2.29202,2.29314,268.0
2026-06-14 17:45:00,2.2929,2.29548,2.29138,2.29438,252.0
2026-06-14 18:00:00,2.29418,2.29574,2.29291,2.29384,2181.0
2026-06-14 18:15:00,2.29384,2.2949,2.29374,2.29488,1064.0
2026-06-14 18:30:00,2.29488,2.29662,2.29488,2.29656,1234.0
2026-06-14 18:45:00,2.29657,2.29692,2.29579,2.2969,937.0
2026-06-14 19:00:00,2.29689,2.29818,2.29674,2.29742,513.0
2026-06-14 19:15:00,2.29741,2.29838,2.29718,2.29764,1148.0
2026-06-14 19:30:00,2.29764,2.29792,2.29686,2.29686,957.0
2026-06-14 19:45:00,2.29686,2.29734,2.2955,2.29732,1052.0
2026-06-14 20:00:00,2.29728,2.29882,2.29706,2.29808,961.0
2026-06-14 20:15:00,2.29816,2.29911,2.29798,2.29855,653.0
2026-06-14 20:30:00,2.29856,2.2989,2.29774,2.29856,1255.0
2026-06-14 20:45:00,2.2985,2.30009,2.2985,2.29998,909.0
2026-06-14 21:00:00,2.30001,2.30064,2.29844,2.2989,831.0
2026-06-14 21:15:00,2.29898,2.29921,2.29802,2.29835,1179.0
2026-06-14 21:30:00,2.2983,2.29897,2.29784,2.29856,832.0
2026-06-14 21:45:00,2.29866,2.29866,2.29722,2.29732,928.0
2026-06-14 22:00:00,2.29737,2.298,2.29695,2.2975,1161.0
2026-06-14 22:15:00,2.2975,2.29849,2.2971,2.29711,775.0
2026-06-14 22:30:00,2.29712,2.2977,2.29677,2.29768,542.0
2026-06-14 22:45:00,2.29766,2.29783,2.29725,2.29757,672.0
2026-06-14 23:00:00,2.29758,2.29764,2.2971,2.2972,853.0
2026-06-14 23:15:00,2.29714,2.29845,2.29686,2.29828,611.0
2026-06-14 23:30:00,2.29836,2.29904,2.29686,2.29746,708.0
2026-06-14 23:45:00,2.29748,2.29766,2.29678,2.29725,630.0
2026-06-15 00:00:00,2.29722,2.29779,2.29722,2.29755,719.0
2026-06-15 00:15:00,2.29754,2.29758,2.29684,2.29688,750.0
2026-06-15 00:30:00,2.2969,2.29724,2.2968,2.29706,604.0
2026-06-15 00:45:00,2.29705,2.29719,2.2967,2.29686,691.0
2026-06-15 01:00:00,2.29686,2.29688,2.29566,2.29574,480.0
2026-06-15 01:15:00,2.29584,2.29615,2.29538,2.29568,638.0
2026-06-15 01:30:00,2.29575,2.29666,2.2957,2.29666,689.0
2026-06-15 01:45:00,2.29658,2.29746,2.29611,2.2974,788.0
2026-06-15 02:00:00,2.29736,2.2976,2.29662,2.29736,451.0
2026-06-15 02:15:00,2.29738,2.29856,2.29716,2.29828,459.0
2026-06-15 02:30:00,2.29832,2.29854,2.29722,2.29722,683.0
2026-06-15 02:45:00,2.29717,2.29827,2.29697,2.29786,228.0
2026-06-15 03:00:00,2.29788,2.29856,2.2974,2.29768,468.0
2026-06-15 03:15:00,2.29761,2.29817,2.29706,2.2975,458.0
2026-06-15 03:30:00,2.29754,2.2996,2.29743,2.29822,773.0
2026-06-15 03:45:00,2.29825,2.29862,2.29776,2.29776,778.0
2026-06-15 04:00:00,2.29766,2.29798,2.29692,2.2974,657.0
2026-06-15 04:15:00,2.29733,2.29764,2.29682,2.29761,403.0
2026-06-15 04:30:00,2.2976,2.29784,2.29644,2.29662,490.0
2026-06-15 04:45:00,2.29662,2.29742,2.29645,2.29653,350.0
2026-06-15 05:00:00,2.29658,2.29664,2.29595,2.29653,384.0
2026-06-15 05:15:00,2.29648,2.29784,2.29648,2.29754,245.0
2026-06-15 05:30:00,2.29746,2.29818,2.297,2.29816,403.0
2026-06-15 05:45:00,2.29824,2.29824,2.29726,2.2981,390.0
2026-06-15 06:00:00,2.29805,2.29892,2.29776,2.29848,437.0
2026-06-15 06:15:00,2.29845,2.29864,2.29794,2.29818,656.0
2026-06-15 06:30:00,2.29823,2.29855,2.29778,2.29798,443.0
2026-06-15 06:45:00,2.29805,2.29806,2.29692,2.29746,301.0
2026-06-15 07:00:00,2.29751,2.2984,2.2973,2.29838,404.0
2026-06-15 07:15:00,2.29837,2.29884,2.29834,2.29854,601.0
2026-06-15 07:30:00,2.29854,2.299,2.29798,2.2986,713.0
2026-06-15 07:45:00,2.29863,2.29863,2.29756,2.29828,663.0
2026-06-15 08:00:00,2.29834,2.29922,2.29816,2.2989,561.0
2026-06-15 08:15:00,2.29886,2.29948,2.2982,2.29832,422.0
2026-06-15 08:30:00,2.29824,2.29839,2.29754,2.29779,497.0
2026-06-15 08:45:00,2.29776,2.29877,2.29776,2.2984,427.0
2026-06-15 09:00:00,2.29845,2.29934,2.29835,2.29929,467.0
2026-06-15 09:15:00,2.2993,2.2999,2.29912,2.29923,420.0
2026-06-15 09:30:00,2.29919,2.29942,2.29838,2.29852,596.0
2026-06-15 09:45:00,2.29864,2.30108,2.29846,2.2995,761.0
2026-06-15 10:00:00,2.29951,2.30062,2.29924,2.30038,993.0
2026-06-15 10:15:00,2.30042,2.30069,2.29974,2.29988,786.0
2026-06-15 10:30:00,2.29985,2.30184,2.29944,2.30169,656.0
2026-06-15 10:45:00,2.30168,2.30175,2.29978,2.30058,1035.0
2026-06-15 11:00:00,2.30059,2.30083,2.29992,2.30048,931.0
2026-06-15 11:15:00,2.30046,2.30175,2.30042,2.30162,564.0
2026-06-15 11:30:00,2.30154,2.30186,2.30099,2.30146,539.0
2026-06-15 11:45:00,2.30146,2.30158,2.30078,2.30112,860.0
2026-06-15 12:00:00,2.30112,2.30228,2.30101,2.30174,681.0
2026-06-15 12:15:00,2.30178,2.30215,2.30153,2.3019,514.0
2026-06-15 12:30:00,2.30193,2.3029,2.30168,2.30284,500.0
2026-06-15 12:45:00,2.30275,2.30303,2.30217,2.30268,528.0
2026-06-15 13:00:00,2.30268,2.30324,2.30264,2.30321,292.0
2026-06-15 13:15:00,2.30322,2.30356,2.30305,2.30318,455.0
2026-06-15 13:30:00,2.3033,2.30446,2.3033,2.30412,546.0
2026-06-15 13:45:00,2.30402,2.30408,2.30348,2.30363,500.0
2026-06-15 14:00:00,2.30368,2.30428,2.30354,2.30378,501.0
2026-06-15 14:15:00,2.30379,2.304,2.30327,2.30389,531.0
2026-06-15 14:30:00,2.30388,2.30406,2.30314,2.30332,469.0
2026-06-15 14:45:00,2.30333,2.3035,2.303,2.3035,510.0
2026-06-15 15:00:00,2.3035,2.30394,2.3032,2.30324,93.0
2026-06-15 15:15:00,2.30328,2.30368,2.30316,2.30354,129.0
2026-06-15 15:30:00,2.30354,2.30379,2.3033,2.3036,192.0
2026-06-15 15:45:00,2.30362,2.30367,2.30304,2.30312,179.0
2026-06-15 16:00:00,2.30313,2.30388,2.30291,2.3037,278.0
2026-06-15 16:15:00,2.30373,2.30373,2.30301,2.30319,83.0
2026-06-15 16:30:00,2.3032,2.3038,2.30315,2.3035,99.0
2026-06-15 16:45:00,2.3035,2.3041,2.30319,2.30363,536.0
2026-06-15 17:00:00,2.30253,2.30465,2.30143,2.30237,475.0
2026-06-15 17:15:00,2.30299,2.30349,2.3012,2.30179,674.0
2026-06-15 17:30:00,2.30182,2.30346,2.30138,2.30234,1769.0
2026-06-15 17:45:00,2.30234,2.30362,2.30107,2.30359,937.0
2026-06-15 18:00:00,2.3037,2.30403,2.30296,2.30346,451.0
2026-06-15 18:15:00,2.30344,2.30371,2.30342,2.30355,106.0
2026-06-15 18:30:00,2.30356,2.30372,2.3032,2.30344,95.0
2026-06-15 18:45:00,2.30342,2.30342,2.3026,2.30263,107.0
2026-06-15 19:00:00,2.30261,2.30263,2.3018,2.30188,463.0
2026-06-15 19:15:00,2.30188,2.30214,2.3017,2.30176,364.0
2026-06-15 19:30:00,2.3018,2.3021,2.30148,2.30151,478.0
2026-06-15 19:45:00,2.30147,2.30257,2.30135,2.30257,522.0
2026-06-15 20:00:00,2.3025,2.30287,2.3019,2.3026,833.0
2026-06-15 20:15:00,2.30267,2.30354,2.30249,2.30342,439.0
2026-06-15 20:30:00,2.3034,2.30378,2.30291,2.30358,511.0
2026-06-15 20:45:00,2.30358,2.30428,2.3034,2.30402,457.0
2026-06-15 21:00:00,2.30403,2.306,2.30384,2.30556,651.0
2026-06-15 21:15:00,2.30564,2.30603,2.30536,2.30566,370.0
2026-06-15 21:30:00,2.30562,2.30586,2.30472,2.30528,514.0
2026-06-15 21:45:00,2.30528,2.30546,2.30437,2.30494,773.0
2026-06-15 22:00:00,2.30494,2.30561,2.3047,2.30546,1091.0
2026-06-15 22:15:00,2.30546,2.30626,2.30534,2.30596,727.0
2026-06-15 22:30:00,2.30604,2.30632,2.30574,2.30626,1030.0
2026-06-15 22:45:00,2.30628,2.30664,2.30612,2.3064,692.0
2026-06-15 23:00:00,2.3064,2.30716,2.3064,2.30686,626.0
2026-06-15 23:15:00,2.30686,2.30746,2.3064,2.30642,830.0
2026-06-15 23:30:00,2.30645,2.30697,2.30618,2.30691,534.0
2026-06-15 23:45:00,2.3069,2.30698,2.30618,2.30645,493.0
2026-06-16 00:00:00,2.30643,2.30878,2.30627,2.30866,574.0
2026-06-16 00:15:00,2.30869,2.31068,2.30852,2.30994,535.0
2026-06-16 00:30:00,2.31002,2.31016,2.30792,2.3082,479.0
2026-06-16 00:45:00,2.3081,2.30829,2.3067,2.3067,472.0
2026-06-16 01:00:00,2.30674,2.30676,2.30586,2.30653,694.0
2026-06-16 01:15:00,2.30655,2.30754,2.30637,2.30716,376.0
2026-06-16 01:30:00,2.30714,2.30797,2.30702,2.30716,562.0
2026-06-16 01:45:00,2.30726,2.3074,2.30512,2.3053,506.0
2026-06-16 02:00:00,2.3053,2.30714,2.30518,2.30634,549.0
2026-06-16 02:15:00,2.30632,2.3067,2.30592,2.30632,425.0
2026-06-16 02:30:00,2.30632,2.30666,2.30575,2.30614,488.0
2026-06-16 02:45:00,2.30614,2.30664,2.30572,2.30626,400.0
2026-06-16 03:00:00,2.30616,2.30692,2.306,2.30684,439.0
2026-06-16 03:15:00,2.30685,2.3071,2.30613,2.3062,705.0
2026-06-16 03:30:00,2.30628,2.30643,2.3049,2.30552,430.0
2026-06-16 03:45:00,2.30553,2.30588,2.30502,2.30542,462.0
2026-06-16 04:00:00,2.30538,2.30561,2.30356,2.30414,722.0
2026-06-16 04:15:00,2.30418,2.30482,2.30356,2.30376,880.0
2026-06-16 04:30:00,2.30377,2.30461,2.30372,2.30438,593.0
2026-06-16 04:45:00,2.30438,2.30438,2.30334,2.3042,389.0
2026-06-16 05:00:00,2.30424,2.30482,2.30389,2.30389,566.0
2026-06-16 05:15:00,2.30396,2.30438,2.30296,2.3033,606.0
2026-06-16 05:30:00,2.30328,2.30354,2.3024,2.30248,318.0
2026-06-16 05:45:00,2.30252,2.30268,2.30187,2.30194,258.0
2026-06-16 06:00:00,2.30192,2.30198,2.30136,2.30158,407.0
2026-06-16 06:15:00,2.30149,2.30156,2.30065,2.30076,491.0
2026-06-16 06:30:00,2.30074,2.30078,2.29971,2.30005,654.0
2026-06-16 06:45:00,2.30006,2.3017,2.29988,2.30164,552.0
2026-06-16 07:00:00,2.30167,2.30177,2.3007,2.3017,1007.0
2026-06-16 07:15:00,2.3017,2.30263,2.30166,2.3023,664.0
2026-06-16 07:30:00,2.30217,2.30242,2.30176,2.3022,612.0
2026-06-16 07:45:00,2.30222,2.30249,2.30158,2.3018,781.0
2026-06-16 08:00:00,2.30178,2.30217,2.30126,2.30212,990.0
2026-06-16 08:15:00,2.30213,2.30254,2.30181,2.30203,756.0
2026-06-16 08:30:00,2.30202,2.3024,2.30113,2.30118,578.0
2026-06-16 08:45:00,2.30117,2.30128,2.30046,2.3006,596.0
2026-06-16 09:00:00,2.30061,2.3008,2.29987,2.29996,889.0
2026-06-16 09:15:00,2.29996,2.30186,2.29988,2.30134,811.0
2026-06-16 09:30:00,2.30132,2.30154,2.29955,2.29998,923.0
2026-06-16 09:45:00,2.29992,2.30059,2.29968,2.30002,967.0
2026-06-16 10:00:00,2.29998,2.30052,2.2991,2.29915,997.0
2026-06-16 10:15:00,2.29916,2.30002,2.29882,2.29996,949.0
2026-06-16 10:30:00,2.29998,2.30042,2.2992,2.29986,1124.0
2026-06-16 10:45:00,2.29988,2.30092,2.2995,2.30066,919.0
2026-06-16 11:00:00,2.30065,2.3015,2.30028,2.30074,893.0
2026-06-16 11:15:00,2.30079,2.30114,2.30018,2.30102,675.0
2026-06-16 11:30:00,2.30104,2.30138,2.3004,2.30114,611.0
2026-06-16 11:45:00,2.30116,2.30198,2.30037,2.30119,775.0
2026-06-16 12:00:00,2.30111,2.30118,2.30027,2.30054,692.0
2026-06-16 12:15:00,2.30042,2.30056,2.29972,2.29996,559.0
2026-06-16 12:30:00,2.3,2.30026,2.29982,2.29992,643.0
2026-06-16 12:45:00,2.29994,2.30012,2.29964,2.29966,829.0
2026-06-16 13:00:00,2.29968,2.29992,2.29928,2.29941,605.0
2026-06-16 13:15:00,2.2994,2.30034,2.2994,2.3001,515.0
2026-06-16 13:30:00,2.3001,2.3006,2.29998,2.30022,408.0
2026-06-16 13:45:00,2.30028,2.30056,2.3001,2.3005,619.0
2026-06-16 14:00:00,2.30054,2.3008,2.30022,2.30042,540.0
2026-06-16 14:15:00,2.3004,2.30064,2.3002,2.30033,604.0
2026-06-16 14:30:00,2.30031,2.30056,2.30008,2.30024,594.0
2026-06-16 14:45:00,2.3003,2.30076,2.30025,2.30065,175.0
2026-06-16 15:00:00,2.30065,2.30065,2.30014,2.30046,186.0
2026-06-16 15:15:00,2.30042,2.30078,2.3003,2.30053,143.0
2026-06-16 15:30:00,2.3006,2.30186,2.30054,2.30159,184.0
2026-06-16 15:45:00,2.3016,2.30171,2.30112,2.3015,294.0
2026-06-16 16:00:00,2.30151,2.30198,2.30142,2.3018,155.0
2026-06-16 16:15:00,2.3018,2.30208,2.30156,2.30166,121.0
2026-06-16 16:30:00,2.30171,2.3022,2.30166,2.3021,132.0
2026-06-16 16:45:00,2.30215,2.30253,2.30214,2.30253,323.0
2026-06-16 17:00:00,2.30452,2.30452,2.30309,2.30421,167.0
2026-06-16 17:15:00,2.30398,2.30498,2.30284,2.30444,723.0
2026-06-16 17:30:00,2.30422,2.30456,2.30256,2.3034,1430.0
2026-06-16 17:45:00,2.30351,2.30454,2.30233,2.30395,2322.0
2026-06-16 18:00:00,2.30394,2.30394,2.30219,2.3029,958.0
2026-06-16 18:15:00,2.30291,2.30338,2.30276,2.30302,582.0
2026-06-16 18:30:00,2.30302,2.30302,2.30245,2.30252,841.0
2026-06-16 18:45:00,2.30253,2.30275,2.30224,2.30256,561.0
2026-06-16 19:00:00,2.30256,2.30285,2.3024,2.3025,371.0
2026-06-16 19:15:00,2.3025,2.30254,2.30206,2.30213,257.0
2026-06-16 19:30:00,2.30214,2.30251,2.30168,2.30176,370.0
2026-06-16 19:45:00,2.30172,2.30282,2.30164,2.30273,589.0
2026-06-16 20:00:00,2.30273,2.30318,2.30226,2.30256,1199.0
2026-06-16 20:15:00,2.30256,2.30259,2.3022,2.3023,784.0
2026-06-16 20:30:00,2.30231,2.30304,2.3023,2.30293,561.0
2026-06-16 20:45:00,2.30284,2.30386,2.30283,2.30329,761.0
2026-06-16 21:00:00,2.3033,2.3035,2.30212,2.30263,673.0
2026-06-16 21:15:00,2.30264,2.3029,2.30168,2.3027,639.0
2026-06-16 21:30:00,2.30275,2.30362,2.30272,2.30358,879.0
2026-06-16 21:45:00,2.30356,2.30393,2.30282,2.30288,550.0
2026-06-16 22:00:00,2.30288,2.30382,2.3027,2.30332,463.0
2026-06-16 22:15:00,2.30334,2.30346,2.30223,2.30262,407.0
2026-06-16 22:30:00,2.30262,2.30298,2.30224,2.30264,393.0
2026-06-16 22:45:00,2.30266,2.30356,2.30256,2.30352,746.0
2026-06-16 23:00:00,2.30354,2.30434,2.30323,2.30433,548.0
2026-06-16 23:15:00,2.30436,2.3046,2.30393,2.30393,452.0
2026-06-16 23:30:00,2.30386,2.30456,2.3037,2.3043,433.0
2026-06-16 23:45:00,2.3043,2.30508,2.30426,2.30492,463.0
2026-06-17 00:00:00,2.30494,2.30514,2.30452,2.30514,374.0
2026-06-17 00:15:00,2.30515,2.30582,2.30508,2.30558,360.0
2026-06-17 00:30:00,2.30558,2.30578,2.30543,2.30568,482.0
2026-06-17 00:45:00,2.3056,2.30597,2.3055,2.30568,450.0
2026-06-17 01:00:00,2.30558,2.30672,2.30545,2.30653,508.0
2026-06-17 01:15:00,2.30654,2.30676,2.30566,2.30614,472.0
2026-06-17 01:30:00,2.30612,2.30634,2.30583,2.3061,502.0
2026-06-17 01:45:00,2.3061,2.30705,2.30604,2.30672,453.0
2026-06-17 02:00:00,2.3068,2.30856,2.3048,2.30623,798.0
2026-06-17 02:15:00,2.30628,2.30675,2.30568,2.30662,431.0
2026-06-17 02:30:00,2.30661,2.30661,2.30479,2.30483,723.0
2026-06-17 02:45:00,2.30484,2.30551,2.30471,2.30527,444.0
2026-06-17 03:00:00,2.30528,2.30583,2.3051,2.30518,433.0
2026-06-17 03:15:00,2.30516,2.30582,2.30496,2.30552,567.0
2026-06-17 03:30:00,2.30551,2.30574,2.30466,2.30502,304.0
2026-06-17 03:45:00,2.30508,2.30557,2.30492,2.30506,238.0
2026-06-17 04:00:00,2.30515,2.3059,2.30463,2.30567,364.0
2026-06-17 04:15:00,2.30568,2.3071,2.30566,2.30677,631.0
2026-06-17 04:30:00,2.30667,2.30682,2.30614,2.30638,404.0
2026-06-17 04:45:00,2.30644,2.30644,2.3057,2.30606,278.0
2026-06-17 05:00:00,2.3061,2.3064,2.30521,2.30629,193.0
2026-06-17 05:15:00,2.30613,2.30628,2.30568,2.30607,392.0
2026-06-17 05:30:00,2.30612,2.30665,2.30592,2.30649,224.0
2026-06-17 05:45:00,2.30644,2.30713,2.30632,2.30696,186.0
2026-06-17 06:00:00,2.307,2.3081,2.30674,2.30766,513.0
2026-06-17 06:15:00,2.30774,2.30808,2.30718,2.30738,274.0
2026-06-17 06:30:00,2.3073,2.30783,2.30722,2.30748,296.0
2026-06-17 06:45:00,2.30744,2.30777,2.30723,2.30742,279.0
2026-06-17 07:00:00,2.30747,2.30764,2.30699,2.3075,306.0
2026-06-17 07:15:00,2.3074,2.30759,2.30709,2.30729,182.0
2026-06-17 07:30:00,2.30724,2.30734,2.30676,2.30714,382.0
2026-06-17 07:45:00,2.30716,2.30754,2.307,2.30748,221.0
2026-06-17 08:00:00,2.30746,2.30787,2.3072,2.30751,167.0
2026-06-17 08:15:00,2.30759,2.30784,2.30644,2.30652,211.0
2026-06-17 08:30:00,2.30655,2.30724,2.30648,2.3068,433.0
2026-06-17 08:45:00,2.30676,2.30692,2.30638,2.30645,398.0
2026-06-17 09:00:00,2.30637,2.30719,2.30622,2.30671,302.0
2026-06-17 09:15:00,2.3067,2.307,2.306,2.30626,304.0
2026-06-17 09:30:00,2.30636,2.30652,2.30496,2.3051,358.0
2026-06-17 09:45:00,2.30522,2.30562,2.30431,2.3044,802.0
2026-06-17 10:00:00,2.30447,2.30466,2.30236,2.3024,600.0
2026-06-17 10:15:00,2.30244,2.30297,2.30183,2.30183,713.0
2026-06-17 10:30:00,2.3018,2.30319,2.30161,2.30269,652.0
2026-06-17 10:45:00,2.3027,2.30348,2.30177,2.30342,1230.0
2026-06-17 11:00:00,2.30333,2.30381,2.3029,2.30343,940.0
2026-06-17 11:15:00,2.30338,2.30381,2.30298,2.30318,1324.0
2026-06-17 11:30:00,2.3032,2.3035,2.30279,2.3034,800.0
2026-06-17 11:45:00,2.3033,2.30364,2.30308,2.3033,710.0
2026-06-17 12:00:00,2.3033,2.3035,2.30304,2.30308,534.0
2026-06-17 12:15:00,2.30299,2.30329,2.30264,2.30272,200.0
2026-06-17 12:30:00,2.3028,2.30344,2.30252,2.3032,397.0
2026-06-17 12:45:00,2.30324,2.30348,2.30294,2.30314,374.0
2026-06-17 13:00:00,2.30329,2.30386,2.3031,2.30328,241.0
2026-06-17 13:15:00,2.3034,2.30363,2.30296,2.30312,514.0
2026-06-17 13:30:00,2.3032,2.30342,2.30227,2.30262,412.0
2026-06-17 13:45:00,2.30271,2.30346,2.30271,2.30276,225.0
2026-06-17 14:00:00,2.30249,2.30651,2.30249,2.30624,4345.0
2026-06-17 14:15:00,2.30624,2.3068,2.3052,2.30628,1949.0
2026-06-17 14:30:00,2.30624,2.30705,2.30356,2.30367,6974.0
2026-06-17 14:45:00,2.30378,2.30573,2.30245,2.30552,6213.0
2026-06-17 15:00:00,2.30552,2.30586,2.30186,2.3021,3140.0
2026-06-17 15:15:00,2.3021,2.30568,2.30162,2.30552,3125.0
2026-06-17 15:30:00,2.30547,2.3059,2.30467,2.3053,1271.0
2026-06-17 15:45:00,2.3054,2.30592,2.30422,2.30563,1843.0
2026-06-17 16:00:00,2.30568,2.30568,2.30394,2.30474,1018.0
2026-06-17 16:15:00,2.30473,2.3056,2.30426,2.30475,641.0
2026-06-17 16:30:00,2.30469,2.30525,2.30418,2.30513,710.0
2026-06-17 16:45:00,2.30506,2.3053,2.30444,2.30505,1058.0
2026-06-17 17:00:00,2.30201,2.30358,2.30067,2.3033,114.0
2026-06-17 17:15:00,2.30316,2.3071,2.30294,2.30456,998.0
2026-06-17 17:30:00,2.30493,2.30526,2.30307,2.3039,2108.0
2026-06-17 17:45:00,2.30392,2.30537,2.30252,2.30336,1471.0
2026-06-17 18:00:00,2.30334,2.30461,2.30281,2.30328,433.0
2026-06-17 18:15:00,2.3032,2.30338,2.30285,2.3029,248.0
2026-06-17 18:30:00,2.30292,2.3033,2.30286,2.30301,329.0
2026-06-17 18:45:00,2.30297,2.30298,2.30096,2.30197,448.0
2026-06-17 19:00:00,2.30198,2.303,2.30187,2.30266,617.0
2026-06-17 19:15:00,2.30268,2.30284,2.30228,2.30238,638.0
2026-06-17 19:30:00,2.30243,2.30327,2.30206,2.30326,787.0
2026-06-17 19:45:00,2.30327,2.30373,2.30251,2.30362,893.0
2026-06-17 20:00:00,2.30368,2.30368,2.30173,2.30252,1522.0
2026-06-17 20:15:00,2.3025,2.30393,2.30236,2.3037,822.0
2026-06-17 20:30:00,2.3037,2.3038,2.30167,2.30214,767.0
2026-06-17 20:45:00,2.30214,2.30292,2.3018,2.30292,824.0
2026-06-17 21:00:00,2.30292,2.30294,2.30105,2.30123,478.0
2026-06-17 21:15:00,2.30113,2.3014,2.29948,2.29995,1485.0
2026-06-17 21:30:00,2.29996,2.30002,2.29936,2.29984,1248.0
2026-06-17 21:45:00,2.29988,2.30066,2.29902,2.29908,1143.0
2026-06-17 22:00:00,2.29904,2.29974,2.29883,2.2991,1177.0
2026-06-17 22:15:00,2.29899,2.29959,2.29844,2.2985,913.0
2026-06-17 22:30:00,2.2985,2.29866,2.29738,2.29777,884.0
2026-06-17 22:45:00,2.29778,2.29846,2.29738,2.29824,1020.0
2026-06-17 23:00:00,2.29821,2.29847,2.29747,2.29758,870.0
2026-06-17 23:15:00,2.29759,2.2979,2.29733,2.29752,971.0
2026-06-17 23:30:00,2.29746,2.29774,2.29716,2.29764,853.0
2026-06-17 23:45:00,2.29763,2.29772,2.2966,2.29694,790.0
2026-06-18 00:00:00,2.29698,2.2975,2.29671,2.2972,636.0
2026-06-18 00:15:00,2.2972,2.29724,2.29681,2.29699,788.0
2026-06-18 00:30:00,2.297,2.29774,2.297,2.29742,737.0
2026-06-18 00:45:00,2.29741,2.29762,2.29689,2.29752,883.0
2026-06-18 01:00:00,2.29754,2.29782,2.29675,2.29682,696.0
2026-06-18 01:15:00,2.29692,2.29702,2.2963,2.29702,521.0
2026-06-18 01:30:00,2.297,2.29719,2.29638,2.29694,683.0
2026-06-18 01:45:00,2.29696,2.29767,2.29684,2.29722,882.0
2026-06-18 02:00:00,2.29713,2.29927,2.2971,2.29901,909.0
2026-06-18 02:15:00,2.2991,2.29942,2.29832,2.29886,725.0
2026-06-18 02:30:00,2.29887,2.30026,2.29855,2.29984,734.0
2026-06-18 02:45:00,2.29984,2.30028,2.29865,2.29908,658.0
2026-06-18 03:00:00,2.29908,2.2995,2.29864,2.29898,830.0
2026-06-18 03:15:00,2.29898,2.29926,2.29825,2.29834,581.0
2026-06-18 03:30:00,2.29828,2.29974,2.29792,2.29825,816.0
2026-06-18 03:45:00,2.29824,2.29934,2.29808,2.29872,599.0
2026-06-18 04:00:00,2.29867,2.299,2.2974,2.29753,499.0
2026-06-18 04:15:00,2.29758,2.29776,2.29719,2.29732,800.0
2026-06-18 04:30:00,2.29744,2.29785,2.29692,2.2971,850.0
2026-06-18 04:45:00,2.29702,2.29745,2.29543,2.29632,657.0
2026-06-18 05:00:00,2.29642,2.29674,2.29546,2.29587,733.0
2026-06-18 05:15:00,2.29594,2.297,2.29539,2.2961,771.0
2026-06-18 05:30:00,2.29609,2.29643,2.29505,2.29562,593.0
2026-06-18 05:45:00,2.29569,2.29633,2.29549,2.29612,513.0
2026-06-18 06:00:00,2.2961,2.2972,2.29601,2.29668,825.0
2026-06-18 06:15:00,2.29671,2.29674,2.29566,2.29624,498.0
2026-06-18 06:30:00,2.29615,2.29696,2.29565,2.29692,404.0
2026-06-18 06:45:00,2.29695,2.2971,2.29636,2.2971,474.0
2026-06-18 07:00:00,2.29702,2.29798,2.29434,2.29439,1055.0
2026-06-18 07:15:00,2.29436,2.29568,2.29436,2.29509,1188.0
2026-06-18 07:30:00,2.29507,2.29542,2.29373,2.29424,848.0
2026-06-18 07:45:00,2.29418,2.29424,2.29294,2.29372,817.0
2026-06-18 08:00:00,2.29374,2.29573,2.29344,2.29434,1000.0
2026-06-18 08:15:00,2.29432,2.29525,2.29353,2.29496,777.0
2026-06-18 08:30:00,2.29508,2.2954,2.29384,2.29424,1007.0
2026-06-18 08:45:00,2.29412,2.29412,2.29284,2.29302,1756.0
2026-06-18 09:00:00,2.29308,2.29337,2.29234,2.29304,1215.0
2026-06-18 09:15:00,2.29302,2.2938,2.29266,2.29306,1521.0
2026-06-18 09:30:00,2.29303,2.29314,2.2922,2.29302,1245.0
2026-06-18 09:45:00,2.29298,2.29373,2.29234,2.29287,818.0
2026-06-18 10:00:00,2.29288,2.29468,2.29268,2.29429,1211.0
2026-06-18 10:15:00,2.29424,2.29459,2.29266,2.29454,1117.0
2026-06-18 10:30:00,2.29457,2.29511,2.29324,2.29334,1442.0
2026-06-18 10:45:00,2.29336,2.2947,2.29328,2.2946,1431.0
2026-06-18 11:00:00,2.29458,2.29498,2.29397,2.29478,1447.0
2026-06-18 11:15:00,2.29484,2.2955,2.2947,2.29502,1395.0
2026-06-18 11:30:00,2.29504,2.29672,2.29465,2.29644,1273.0
2026-06-18 11:45:00,2.29642,2.29742,2.29642,2.29731,1079.0
2026-06-18 12:00:00,2.29741,2.29745,2.2958,2.29614,918.0
2026-06-18 12:15:00,2.29615,2.29642,2.29564,2.29581,914.0
2026-06-18 12:30:00,2.2959,2.29658,2.29562,2.29598,676.0
2026-06-18 12:45:00,2.29593,2.2971,2.29588,2.29641,506.0
2026-06-18 13:00:00,2.2964,2.29695,2.2962,2.29626,612.0
2026-06-18 13:15:00,2.2963,2.29671,2.296,2.2965,515.0
2026-06-18 13:30:00,2.29655,2.29655,2.29562,2.29606,955.0
2026-06-18 13:45:00,2.296,2.29617,2.2951,2.29518,907.0
2026-06-18 14:00:00,2.29515,2.2956,2.2947,2.29478,808.0
2026-06-18 14:15:00,2.29478,2.29506,2.29459,2.2948,698.0
2026-06-18 14:30:00,2.29472,2.29512,2.29427,2.29448,381.0
2026-06-18 14:45:00,2.29456,2.29493,2.29436,2.2946,240.0
2026-06-18 15:00:00,2.2946,2.29514,2.29416,2.29454,174.0
2026-06-18 15:15:00,2.29454,2.29514,2.2945,2.2948,187.0
2026-06-18 15:30:00,2.29484,2.29488,2.2943,2.2943,239.0
2026-06-18 15:45:00,2.2944,2.29444,2.29356,2.29374,172.0
2026-06-18 16:00:00,2.29389,2.29406,2.29305,2.29322,247.0
2026-06-18 16:15:00,2.29321,2.29327,2.29279,2.29286,102.0
2026-06-18 16:30:00,2.29288,2.29424,2.29276,2.29416,260.0
2026-06-18 16:45:00,2.29426,2.29495,2.29408,2.2949,492.0
2026-06-18 17:00:00,2.29482,2.29592,2.29315,2.29394,377.0
2026-06-18 17:15:00,2.29404,2.29563,2.29305,2.2944,770.0
2026-06-18 17:30:00,2.29442,2.29608,2.29358,2.29516,1240.0
2026-06-18 17:45:00,2.29522,2.2967,2.29498,2.29594,996.0
2026-06-18 18:00:00,2.29598,2.2963,2.29422,2.29448,350.0
2026-06-18 18:15:00,2.29448,2.29454,2.2939,2.29398,282.0
2026-06-18 18:30:00,2.29398,2.29398,2.29344,2.29352,81.0
2026-06-18 18:45:00,2.29351,2.2937,2.29301,2.29312,133.0
2026-06-18 19:00:00,2.2931,2.29322,2.29225,2.29272,241.0
2026-06-18 19:15:00,2.29276,2.29299,2.29245,2.29282,242.0
2026-06-18 19:30:00,2.29281,2.2937,2.29272,2.29354,468.0
2026-06-18 19:45:00,2.29354,2.29416,2.29284,2.29414,660.0
2026-06-18 20:00:00,2.29416,2.29439,2.29338,2.2941,984.0
2026-06-18 20:15:00,2.29404,2.29418,2.29316,2.29338,520.0
2026-06-18 20:30:00,2.29336,2.2935,2.29304,2.29321,704.0
2026-06-18 20:45:00,2.2932,2.29339,2.29238,2.29323,660.0
2026-06-18 21:00:00,2.29327,2.29423,2.29314,2.29423,681.0
2026-06-18 21:15:00,2.29424,2.29604,2.29422,2.29508,584.0
2026-06-18 21:30:00,2.29507,2.29658,2.29506,2.29632,380.0
2026-06-18 21:45:00,2.2963,2.297,2.2961,2.2962,246.0
2026-06-18 22:00:00,2.2962,2.2963,2.29532,2.29543,513.0
2026-06-18 22:15:00,2.29542,2.29587,2.29521,2.29533,371.0
2026-06-18 22:30:00,2.29523,2.29578,2.29469,2.29517,645.0
2026-06-18 22:45:00,2.29518,2.29616,2.29517,2.29594,526.0
2026-06-18 23:00:00,2.29593,2.296,2.29518,2.2958,648.0
2026-06-18 23:15:00,2.29584,2.2968,2.2956,2.29676,451.0
2026-06-18 23:30:00,2.29674,2.29862,2.29674,2.29831,959.0
2026-06-18 23:45:00,2.29832,2.2992,2.29828,2.29902,597.0
2026-06-19 00:00:00,2.29899,2.30001,2.29891,2.29948,225.0
2026-06-19 00:15:00,2.29956,2.29982,2.29898,2.29898,399.0
2026-06-19 00:30:00,2.29886,2.2991,2.29846,2.29846,290.0
2026-06-19 00:45:00,2.29842,2.2989,2.29811,2.29853,205.0
2026-06-19 01:00:00,2.29861,2.30025,2.29836,2.29977,403.0
2026-06-19 01:15:00,2.29982,2.30038,2.29923,2.30016,317.0
2026-06-19 01:30:00,2.30023,2.3014,2.29993,2.30133,514.0
2026-06-19 01:45:00,2.30138,2.30294,2.30106,2.30256,724.0
2026-06-19 02:00:00,2.30256,2.30303,2.30092,2.3016,567.0
2026-06-19 02:15:00,2.3016,2.3016,2.29907,2.29917,412.0
2026-06-19 02:30:00,2.29919,2.29974,2.29914,2.29922,522.0
2026-06-19 02:45:00,2.29919,2.29933,2.29841,2.29913,502.0
2026-06-19 03:00:00,2.29916,2.30012,2.29866,2.29948,547.0
2026-06-19 03:15:00,2.29947,2.30026,2.29937,2.30013,479.0
2026-06-19 03:30:00,2.30014,2.30128,2.29998,2.30084,660.0
2026-06-19 03:45:00,2.30076,2.30194,2.30057,2.30126,426.0
2026-06-19 04:00:00,2.30126,2.30158,2.30038,2.30152,367.0
2026-06-19 04:15:00,2.30144,2.30306,2.30125,2.30297,401.0
2026-06-19 04:30:00,2.30292,2.30515,2.30285,2.30466,333.0
2026-06-19 04:45:00,2.30468,2.30516,2.30408,2.30408,185.0
2026-06-19 05:00:00,2.30414,2.30494,2.30402,2.3044,255.0
2026-06-19 05:15:00,2.30432,2.30496,2.30403,2.30444,357.0
2026-06-19 05:30:00,2.30452,2.30474,2.30382,2.30474,163.0
2026-06-19 05:45:00,2.30469,2.30491,2.3041,2.30422,180.0
2026-06-19 06:00:00,2.30416,2.30438,2.30358,2.30363,166.0
2026-06-19 06:15:00,2.3037,2.30397,2.30312,2.30365,147.0
2026-06-19 06:30:00,2.30366,2.30473,2.30307,2.30468,186.0
2026-06-19 06:45:00,2.30461,2.30528,2.30408,2.30523,253.0
2026-06-19 07:00:00,2.30533,2.30588,2.30483,2.30524,375.0
2026-06-19 07:15:00,2.30524,2.3056,2.3047,2.3056,133.0
2026-06-19 07:30:00,2.3055,2.30562,2.3044,2.30464,127.0
2026-06-19 07:45:00,2.30456,2.30461,2.30386,2.3045,247.0
2026-06-19 08:00:00,2.30454,2.30464,2.3038,2.30385,192.0
2026-06-19 08:15:00,2.30376,2.30386,2.30324,2.30328,178.0
2026-06-19 08:30:00,2.30336,2.30448,2.30332,2.30396,235.0
2026-06-19 08:45:00,2.30408,2.30458,2.3027,2.3029,530.0
2026-06-19 09:00:00,2.30295,2.3048,2.30286,2.3047,332.0
2026-06-19 09:15:00,2.30467,2.30468,2.30372,2.30438,191.0
2026-06-19 09:30:00,2.30443,2.30451,2.30386,2.30425,248.0
2026-06-19 09:45:00,2.30422,2.3057,2.30417,2.30541,238.0
2026-06-19 10:00:00,2.30544,2.3055,2.3043,2.30494,225.0
2026-06-19 10:15:00,2.305,2.30712,2.30494,2.30668,238.0
2026-06-19 10:30:00,2.30682,2.3083,2.30645,2.30828,183.0
2026-06-19 10:45:00,2.30833,2.30842,2.30524,2.30544,542.0
2026-06-19 11:00:00,2.30547,2.30614,2.3043,2.30488,319.0
2026-06-19 11:15:00,2.30492,2.30552,2.30492,2.30504,155.0
2026-06-19 11:30:00,2.3049,2.30528,2.30433,2.30478,261.0
2026-06-19 11:45:00,2.30491,2.30511,2.30438,2.30459,125.0
2026-06-19 12:00:00,2.30446,2.30479,2.30414,2.30466,131.0
2026-06-19 12:15:00,2.30466,2.30492,2.30452,2.30476,93.0
2026-06-19 12:30:00,2.30488,2.30536,2.30488,2.30511,114.0
2026-06-19 12:45:00,2.3051,2.30594,2.30502,2.30586,100.0
2026-06-19 13:00:00,2.3059,2.30648,2.30577,2.30594,899.0
2026-06-19 13:15:00,2.30588,2.30644,2.30554,2.30586,950.0
2026-06-19 13:30:00,2.30588,2.30688,2.30583,2.30634,495.0
2026-06-19 13:45:00,2.30628,2.30638,2.30474,2.3051,1070.0
2026-06-19 14:00:00,2.30512,2.3059,2.30475,2.30538,954.0
2026-06-19 14:15:00,2.30537,2.30574,2.30525,2.30565,501.0
2026-06-19 14:30:00,2.30566,2.30576,2.3052,2.30527,676.0
2026-06-19 14:45:00,2.30522,2.30544,2.30456,2.30507,615.0
2026-06-19 15:00:00,2.30504,2.30526,2.304,2.30443,3039.0
2026-06-19 15:15:00,2.30442,2.30566,2.3043,2.30507,3475.0
2026-06-19 15:30:00,2.30504,2.30516,2.30404,2.30448,2295.0
2026-06-19 15:45:00,2.30436,2.30568,2.30436,2.30554,1258.0
2026-06-19 16:00:00,2.30556,2.30565,2.3043,2.30529,3523.0
2026-06-19 16:15:00,2.3052,2.30626,2.30452,2.30554,1535.0
2026-06-19 16:30:00,2.30558,2.30568,2.3042,2.30488,1459.0
2026-06-19 16:45:00,2.30492,2.3074,2.30394,2.30612,2127.0
2026-06-21 17:00:00,2.30133,2.30154,2.30082,2.30154,92.0
2026-06-21 17:15:00,2.30134,2.30261,2.30108,2.30176,160.0
2026-06-21 17:30:00,2.30171,2.30214,2.29962,2.30176,603.0
2026-06-21 17:45:00,2.30176,2.30216,2.30004,2.30158,731.0
2026-06-21 18:00:00,2.30155,2.30425,2.30118,2.30383,935.0
2026-06-21 18:15:00,2.30395,2.30482,2.30384,2.30412,165.0
2026-06-21 18:30:00,2.30402,2.30438,2.30369,2.3039,458.0
2026-06-21 18:45:00,2.30388,2.30396,2.30362,2.30377,742.0
2026-06-21 19:00:00,2.30378,2.30415,2.30276,2.30358,1212.0
2026-06-21 19:15:00,2.30358,2.30362,2.30313,2.30342,837.0
2026-06-21 19:30:00,2.30352,2.3041,2.30342,2.30362,412.0
2026-06-21 19:45:00,2.30366,2.30424,2.30338,2.30338,618.0
2026-06-21 20:00:00,2.3033,2.30452,2.30315,2.30449,671.0
2026-06-21 20:15:00,2.30448,2.30466,2.30397,2.30431,618.0
2026-06-21 20:30:00,2.30422,2.30549,2.30407,2.30506,452.0
2026-06-21 20:45:00,2.30506,2.30552,2.30472,2.30506,702.0
2026-06-21 21:00:00,2.30496,2.30584,2.3047,2.30535,528.0
2026-06-21 21:15:00,2.30528,2.30552,2.30476,2.30514,481.0
2026-06-21 21:30:00,2.30518,2.30626,2.30518,2.30601,732.0
2026-06-21 21:45:00,2.30606,2.3067,2.30596,2.30667,624.0
2026-06-21 22:00:00,2.30665,2.3071,2.30597,2.30694,518.0
2026-06-21 22:15:00,2.30692,2.30768,2.30654,2.30716,400.0
2026-06-21 22:30:00,2.30716,2.30806,2.30666,2.30781,510.0
2026-06-21 22:45:00,2.3078,2.30806,2.30715,2.30797,347.0
2026-06-21 23:00:00,2.308,2.30804,2.3071,2.30786,481.0
2026-06-21 23:15:00,2.30775,2.30775,2.30696,2.30716,426.0
2026-06-21 23:30:00,2.30716,2.30788,2.30702,2.30712,418.0
2026-06-21 23:45:00,2.30698,2.30776,2.3068,2.30721,421.0
2026-06-22 00:00:00,2.30734,2.30784,2.3061,2.30611,661.0
2026-06-22 00:15:00,2.3061,2.30638,2.30566,2.30616,557.0
2026-06-22 00:30:00,2.30621,2.30693,2.30604,2.3068,516.0
2026-06-22 00:45:00,2.30686,2.30688,2.30636,2.30662,656.0
2026-06-22 01:00:00,2.30652,2.30666,2.30602,2.30656,562.0
2026-06-22 01:15:00,2.30655,2.30678,2.30623,2.30657,773.0
2026-06-22 01:30:00,2.30656,2.30726,2.30618,2.30718,532.0
2026-06-22 01:45:00,2.30718,2.30765,2.30658,2.3067,590.0
2026-06-22 02:00:00,2.30668,2.30668,2.30552,2.30552,1161.0
2026-06-22 02:15:00,2.3055,2.30601,2.30494,2.30531,929.0
2026-06-22 02:30:00,2.30527,2.30592,2.30516,2.3055,848.0
2026-06-22 02:45:00,2.30545,2.30608,2.30508,2.30578,437.0
2026-06-22 03:00:00,2.30572,2.30701,2.3052,2.30668,728.0
2026-06-22 03:15:00,2.30658,2.30678,2.30558,2.30623,531.0
2026-06-22 03:30:00,2.30619,2.30647,2.30538,2.3055,493.0
2026-06-22 03:45:00,2.3055,2.30627,2.30518,2.30586,414.0
2026-06-22 04:00:00,2.30584,2.30615,2.3052,2.30599,342.0
2026-06-22 04:15:00,2.30596,2.30802,2.30498,2.30632,553.0
2026-06-22 04:30:00,2.30635,2.3081,2.30562,2.30612,941.0
2026-06-22 04:45:00,2.30612,2.30836,2.30602,2.30802,1246.0
2026-06-22 05:00:00,2.30805,2.30868,2.30737,2.30815,1639.0
2026-06-22 05:15:00,2.30812,2.30833,2.30746,2.30826,1314.0
2026-06-22 05:30:00,2.30828,2.30926,2.30808,2.30906,1191.0
2026-06-22 05:45:00,2.30905,2.30972,2.30886,2.3097,473.0
2026-06-22 06:00:00,2.30968,2.31118,2.30961,2.31092,761.0
2026-06-22 06:15:00,2.31084,2.31196,2.31056,2.31111,625.0
2026-06-22 06:30:00,2.31114,2.31143,2.3106,2.31143,693.0
2026-06-22 06:45:00,2.31146,2.31198,2.31103,2.31137,630.0
2026-06-22 07:00:00,2.31142,2.3115,2.31002,2.31104,706.0
2026-06-22 07:15:00,2.31108,2.31198,2.31079,2.31173,485.0
2026-06-22 07:30:00,2.3117,2.31247,2.3116,2.31238,490.0
2026-06-22 07:45:00,2.31238,2.3126,2.31184,2.31184,846.0
2026-06-22 08:00:00,2.31175,2.3126,2.31147,2.31246,785.0
2026-06-22 08:15:00,2.31243,2.31243,2.31174,2.31235,455.0
2026-06-22 08:30:00,2.31222,2.31459,2.31212,2.31412,667.0
2026-06-22 08:45:00,2.31414,2.31498,2.31364,2.31447,729.0
2026-06-22 09:00:00,2.31443,2.31464,2.31306,2.3137,862.0
2026-06-22 09:15:00,2.31382,2.31486,2.31366,2.31405,541.0
2026-06-22 09:30:00,2.31398,2.3146,2.31292,2.31307,561.0
2026-06-22 09:45:00,2.31304,2.3139,2.3128,2.31336,672.0
2026-06-22 10:00:00,2.31344,2.31524,2.31324,2.31414,953.0
2026-06-22 10:15:00,2.31412,2.31455,2.31323,2.31399,757.0
2026-06-22 10:30:00,2.31394,2.3142,2.31186,2.3125,815.0
2026-06-22 10:45:00,2.31243,2.3141,2.31216,2.31368,1130.0
2026-06-22 11:00:00,2.31368,2.31384,2.3124,2.31286,730.0
2026-06-22 11:15:00,2.31292,2.31379,2.31255,2.31343,797.0
2026-06-22 11:30:00,2.31352,2.31506,2.31339,2.31496,1289.0
2026-06-22 11:45:00,2.31498,2.31616,2.3149,2.316,773.0
2026-06-22 12:00:00,2.31602,2.31686,2.31594,2.31642,652.0
2026-06-22 12:15:00,2.31631,2.31648,2.31574,2.31596,882.0
2026-06-22 12:30:00,2.316,2.31618,2.31566,2.31586,994.0
2026-06-22 12:45:00,2.31583,2.31608,2.31546,2.3155,743.0
2026-06-22 13:00:00,2.31554,2.31652,2.3154,2.31641,951.0
2026-06-22 13:15:00,2.31639,2.31674,2.31622,2.3166,525.0
2026-06-22 13:30:00,2.31659,2.31782,2.3164,2.31755,254.0
2026-06-22 13:45:00,2.31758,2.3181,2.31758,2.31794,675.0
2026-06-22 14:00:00,2.31782,2.3183,2.31777,2.31788,748.0
2026-06-22 14:15:00,2.31793,2.31839,2.31782,2.31817,788.0
2026-06-22 14:30:00,2.31814,2.31829,2.31778,2.31815,632.0
2026-06-22 14:45:00,2.31818,2.31886,2.31788,2.3187,396.0
2026-06-22 15:00:00,2.3187,2.31914,2.31854,2.31888,139.0
2026-06-22 15:15:00,2.31888,2.31977,2.31881,2.31956,136.0
2026-06-22 15:30:00,2.31964,2.31964,2.31903,2.31918,201.0
2026-06-22 15:45:00,2.3191,2.3192,2.3179,2.31828,215.0
2026-06-22 16:00:00,2.31834,2.31874,2.31814,2.31839,84.0
2026-06-22 16:15:00,2.31844,2.31902,2.31844,2.31901,58.0
2026-06-22 16:30:00,2.31902,2.31932,2.31897,2.31924,98.0
2026-06-22 16:45:00,2.31924,2.31954,2.3189,2.3189,262.0
2026-06-22 17:00:00,2.31647,2.31907,2.31647,2.31777,124.0
2026-06-22 17:15:00,2.3181,2.31942,2.31688,2.31828,238.0
2026-06-22 17:30:00,2.31811,2.31867,2.31698,2.31762,1662.0
2026-06-22 17:45:00,2.31746,2.31928,2.31742,2.31833,1292.0
2026-06-22 18:00:00,2.31832,2.31962,2.31808,2.31856,375.0
2026-06-22 18:15:00,2.31866,2.31894,2.31851,2.31893,151.0
2026-06-22 18:30:00,2.31894,2.31952,2.31881,2.31906,137.0
2026-06-22 18:45:00,2.31898,2.31914,2.31864,2.31889,184.0
2026-06-22 19:00:00,2.319,2.31926,2.3185,2.31919,55.0
2026-06-22 19:15:00,2.31919,2.31934,2.31906,2.31916,187.0
2026-06-22 19:30:00,2.31916,2.31967,2.31916,2.31967,70.0
2026-06-22 19:45:00,2.3197,2.32018,2.31957,2.31957,377.0
2026-06-22 20:00:00,2.31967,2.32141,2.31967,2.32124,518.0
2026-06-22 20:15:00,2.32125,2.32272,2.3211,2.32214,407.0
2026-06-22 20:30:00,2.32218,2.32286,2.3219,2.32192,848.0
2026-06-22 20:45:00,2.32192,2.32274,2.32166,2.32258,963.0
2026-06-22 21:00:00,2.32252,2.32276,2.32159,2.32161,916.0
2026-06-22 21:15:00,2.32148,2.32204,2.32126,2.3215,1040.0
2026-06-22 21:30:00,2.32152,2.32182,2.32068,2.32126,1070.0
2026-06-22 21:45:00,2.32124,2.32169,2.32056,2.32147,896.0
2026-06-22 22:00:00,2.32148,2.32275,2.32126,2.32236,841.0
2026-06-22 22:15:00,2.32236,2.32237,2.32094,2.32154,1202.0
2026-06-22 22:30:00,2.32155,2.32202,2.32072,2.3212,870.0
2026-06-22 22:45:00,2.32122,2.3232,2.32122,2.32304,871.0
2026-06-22 23:00:00,2.32294,2.3249,2.32226,2.32458,779.0
2026-06-22 23:15:00,2.32456,2.32484,2.32382,2.32382,945.0
2026-06-22 23:30:00,2.32385,2.3242,2.32312,2.32378,799.0
2026-06-22 23:45:00,2.32378,2.32473,2.32276,2.32317,790.0
2026-06-23 00:00:00,2.32316,2.32381,2.32294,2.32372,708.0
2026-06-23 00:15:00,2.32372,2.3242,2.3236,2.324,568.0
2026-06-23 00:30:00,2.32409,2.32454,2.32406,2.3244,659.0
2026-06-23 00:45:00,2.32438,2.3251,2.32395,2.3249,627.0
2026-06-23 01:00:00,2.32492,2.3257,2.32488,2.32542,700.0
2026-06-23 01:15:00,2.3255,2.32552,2.32464,2.32486,628.0
2026-06-23 01:30:00,2.32487,2.3254,2.32467,2.32468,636.0
2026-06-23 01:45:00,2.3247,2.32636,2.32453,2.3259,712.0
2026-06-23 02:00:00,2.32582,2.32642,2.32508,2.32588,814.0
2026-06-23 02:15:00,2.32584,2.32724,2.32545,2.32704,748.0
2026-06-23 02:30:00,2.32704,2.32771,2.32602,2.32744,706.0
2026-06-23 02:45:00,2.32754,2.32758,2.32668,2.32712,419.0
2026-06-23 03:00:00,2.32698,2.3284,2.32651,2.32838,571.0
2026-06-23 03:15:00,2.32832,2.32833,2.32664,2.32682,488.0
2026-06-23 03:30:00,2.32683,2.32714,2.32562,2.32618,599.0
2026-06-23 03:45:00,2.32626,2.3269,2.32588,2.3268,503.0
2026-06-23 04:00:00,2.32677,2.32754,2.32567,2.32592,514.0
2026-06-23 04:15:00,2.32581,2.32642,2.32546,2.32592,292.0
2026-06-23 04:30:00,2.32602,2.32602,2.32454,2.32566,516.0
2026-06-23 04:45:00,2.32562,2.32614,2.32488,2.32526,549.0
2026-06-23 05:00:00,2.32536,2.32551,2.32295,2.323,362.0
2026-06-23 05:15:00,2.32294,2.32437,2.32274,2.32436,455.0
2026-06-23 05:30:00,2.32434,2.32556,2.3239,2.32424,402.0
2026-06-23 05:45:00,2.32424,2.32432,2.3234,2.324,502.0
2026-06-23 06:00:00,2.324,2.324,2.32239,2.32262,911.0
2026-06-23 06:15:00,2.3226,2.323,2.32221,2.32258,1013.0
2026-06-23 06:30:00,2.32264,2.32379,2.3226,2.32374,551.0
2026-06-23 06:45:00,2.32368,2.32583,2.32368,2.32548,577.0
2026-06-23 07:00:00,2.3254,2.32612,2.32516,2.32604,805.0
2026-06-23 07:15:00,2.3261,2.32655,2.32556,2.32574,682.0
2026-06-23 07:30:00,2.32572,2.326,2.32536,2.3258,481.0
2026-06-23 07:45:00,2.32582,2.32805,2.32578,2.32784,405.0
2026-06-23 08:00:00,2.32789,2.32838,2.32692,2.32809,707.0
2026-06-23 08:15:00,2.3281,2.32903,2.32766,2.32877,558.0
2026-06-23 08:30:00,2.32869,2.32988,2.32822,2.32981,608.0
2026-06-23 08:45:00,2.3299,2.3299,2.32866,2.32906,589.0
2026-06-23 09:00:00,2.32901,2.32931,2.32784,2.3285,472.0
2026-06-23 09:15:00,2.32848,2.32926,2.3279,2.32794,1164.0
2026-06-23 09:30:00,2.32796,2.32848,2.32696,2.32772,744.0
2026-06-23 09:45:00,2.32771,2.32854,2.32694,2.32756,1023.0
2026-06-23 10:00:00,2.32756,2.32778,2.326,2.32634,1171.0
2026-06-23 10:15:00,2.32636,2.32737,2.32605,2.3265,1064.0
2026-06-23 10:30:00,2.32647,2.32677,2.32464,2.32488,1376.0
2026-06-23 10:45:00,2.32489,2.3256,2.32356,2.32435,2114.0
2026-06-23 11:00:00,2.32438,2.32474,2.3235,2.3238,1264.0
2026-06-23 11:15:00,2.3238,2.32513,2.32376,2.32496,651.0
2026-06-23 11:30:00,2.325,2.32656,2.32468,2.32588,873.0
2026-06-23 11:45:00,2.3259,2.32648,2.32571,2.3258,731.0
2026-06-23 12:00:00,2.32577,2.32607,2.32536,2.32574,792.0
2026-06-23 12:15:00,2.32574,2.32648,2.32574,2.3259,610.0
2026-06-23 12:30:00,2.32592,2.32655,2.32576,2.32643,769.0
2026-06-23 12:45:00,2.3264,2.32672,2.32608,2.32654,548.0
2026-06-23 13:00:00,2.32649,2.32696,2.326,2.32642,719.0
2026-06-23 13:15:00,2.32642,2.32644,2.32558,2.32619,487.0
2026-06-23 13:30:00,2.3261,2.32724,2.32592,2.32704,592.0
2026-06-23 13:45:00,2.32718,2.3272,2.32668,2.32698,686.0
2026-06-23 14:00:00,2.32698,2.32739,2.32676,2.32712,608.0
2026-06-23 14:15:00,2.32711,2.32721,2.32642,2.32719,355.0
2026-06-23 14:30:00,2.3272,2.328,2.32676,2.32786,358.0
2026-06-23 14:45:00,2.32774,2.32826,2.3277,2.3277,190.0
2026-06-23 15:00:00,2.32775,2.32808,2.3276,2.3279,78.0
2026-06-23 15:15:00,2.328,2.32848,2.32784,2.32846,144.0
2026-06-23 15:30:00,2.32836,2.32882,2.32822,2.32822,122.0
2026-06-23 15:45:00,2.32826,2.32886,2.32819,2.32884,111.0
2026-06-23 16:00:00,2.32881,2.3295,2.32864,2.32942,125.0
2026-06-23 16:15:00,2.32939,2.32993,2.3293,2.32958,68.0
2026-06-23 16:30:00,2.32972,2.32982,2.32926,2.32926,77.0
2026-06-23 16:45:00,2.32927,2.32982,2.32927,2.32945,182.0
2026-06-23 17:00:00,2.32941,2.33044,2.32599,2.32728,268.0
2026-06-23 17:15:00,2.32708,2.32867,2.32659,2.32843,173.0
2026-06-23 17:30:00,2.32844,2.32906,2.32763,2.32882,580.0
2026-06-23 17:45:00,2.32891,2.32891,2.328,2.3282,422.0
2026-06-23 18:00:00,2.32818,2.32929,2.32813,2.32868,494.0
2026-06-23 18:15:00,2.32868,2.32883,2.3285,2.32866,270.0
2026-06-23 18:30:00,2.32862,2.32892,2.32833,2.32868,237.0
2026-06-23 18:45:00,2.32876,2.32897,2.3286,2.32894,99.0
2026-06-23 19:00:00,2.32896,2.33003,2.32874,2.32969,307.0
2026-06-23 19:15:00,2.32972,2.3303,2.32966,2.33026,296.0
2026-06-23 19:30:00,2.33028,2.33105,2.33014,2.33105,290.0
2026-06-23 19:45:00,2.33112,2.33117,2.32992,2.33052,830.0
2026-06-23 20:00:00,2.33048,2.33069,2.32865,2.32932,1052.0
2026-06-23 20:15:00,2.3293,2.3295,2.32844,2.32878,663.0
2026-06-23 20:30:00,2.32878,2.3291,2.32848,2.32882,919.0
2026-06-23 20:45:00,2.3288,2.32989,2.32836,2.32966,1206.0
2026-06-23 21:00:00,2.32956,2.32992,2.32876,2.32954,857.0
2026-06-23 21:15:00,2.32959,2.33042,2.32924,2.32949,613.0
2026-06-23 21:30:00,2.32942,2.33112,2.32884,2.33096,1005.0
2026-06-23 21:45:00,2.331,2.33166,2.33064,2.33128,871.0
2026-06-23 22:00:00,2.33122,2.33172,2.33105,2.33142,421.0
2026-06-23 22:15:00,2.33154,2.33217,2.33146,2.3317,537.0
2026-06-23 22:30:00,2.33162,2.3327,2.33122,2.33264,726.0
2026-06-23 22:45:00,2.33268,2.3339,2.3326,2.33354,933.0
2026-06-23 23:00:00,2.3335,2.33411,2.33309,2.3334,818.0
2026-06-23 23:15:00,2.3334,2.3342,2.33333,2.33352,795.0
2026-06-23 23:30:00,2.33354,2.33399,2.3333,2.33384,1227.0
2026-06-23 23:45:00,2.33384,2.3345,2.33377,2.33446,697.0
2026-06-24 00:00:00,2.33442,2.335,2.33426,2.33448,262.0
2026-06-24 00:15:00,2.33456,2.33476,2.33417,2.33426,142.0
2026-06-24 00:30:00,2.33416,2.33416,2.33323,2.33324,253.0
2026-06-24 00:45:00,2.33328,2.33364,2.33295,2.33354,225.0
2026-06-24 01:00:00,2.33343,2.33352,2.33248,2.33303,402.0
2026-06-24 01:15:00,2.33314,2.33321,2.33236,2.33284,551.0
2026-06-24 01:30:00,2.33275,2.3332,2.33222,2.33314,313.0
2026-06-24 01:45:00,2.33322,2.33332,2.3328,2.33302,207.0
2026-06-24 02:00:00,2.33304,2.33358,2.33194,2.33326,984.0
2026-06-24 02:15:00,2.3333,2.33341,2.3314,2.33216,257.0
2026-06-24 02:30:00,2.33208,2.33328,2.33179,2.33327,344.0
2026-06-24 02:45:00,2.33324,2.33353,2.33296,2.33308,261.0
2026-06-24 03:00:00,2.33308,2.3333,2.33224,2.33231,538.0
2026-06-24 03:15:00,2.33232,2.33396,2.33226,2.33364,354.0
2026-06-24 03:30:00,2.33372,2.33526,2.33364,2.33406,575.0
2026-06-24 03:45:00,2.3341,2.33526,2.33399,2.33514,451.0
2026-06-24 04:00:00,2.33514,2.33602,2.33466,2.33535,513.0
2026-06-24 04:15:00,2.33536,2.33588,2.3343,2.33573,566.0
2026-06-24 04:30:00,2.33572,2.33664,2.3355,2.33601,528.0
2026-06-24 04:45:00,2.33589,2.3369,2.33589,2.3363,328.0
2026-06-24 05:00:00,2.33642,2.33704,2.33604,2.33658,305.0
2026-06-24 05:15:00,2.33664,2.338,2.33655,2.33712,261.0
2026-06-24 05:30:00,2.33706,2.33706,2.33538,2.33628,509.0
2026-06-24 05:45:00,2.33622,2.33699,2.33622,2.33632,240.0
2026-06-24 06:00:00,2.33632,2.33702,2.33588,2.33666,225.0
2026-06-24 06:15:00,2.33664,2.33664,2.33519,2.33598,356.0
2026-06-24 06:30:00,2.33598,2.33664,2.33536,2.33633,283.0
2026-06-24 06:45:00,2.33626,2.33642,2.3347,2.33478,377.0
2026-06-24 07:00:00,2.33476,2.33509,2.33356,2.33442,600.0
2026-06-24 07:15:00,2.33452,2.3349,2.33424,2.33468,546.0
2026-06-24 07:30:00,2.33468,2.3347,2.33325,2.33366,555.0
2026-06-24 07:45:00,2.33364,2.33393,2.33277,2.33314,659.0
2026-06-24 08:00:00,2.33318,2.33345,2.33199,2.3322,888.0
2026-06-24 08:15:00,2.33221,2.33482,2.3319,2.33477,599.0
2026-06-24 08:30:00,2.33481,2.33547,2.33372,2.33387,901.0
2026-06-24 08:45:00,2.334,2.33455,2.33362,2.33424,517.0
2026-06-24 09:00:00,2.3343,2.33458,2.33274,2.33306,678.0
2026-06-24 09:15:00,2.33308,2.33395,2.33302,2.33369,957.0
2026-06-24 09:30:00,2.33362,2.33373,2.33206,2.33294,946.0
2026-06-24 09:45:00,2.33302,2.33312,2.3306,2.33114,1062.0
2026-06-24 10:00:00,2.33112,2.33203,2.3297,2.33058,941.0
2026-06-24 10:15:00,2.33055,2.33194,2.33015,2.33185,791.0
2026-06-24 10:30:00,2.33174,2.33227,2.33111,2.332,777.0
2026-06-24 10:45:00,2.33209,2.3325,2.32954,2.33046,699.0
2026-06-24 11:00:00,2.33042,2.33118,2.3303,2.33067,742.0
2026-06-24 11:15:00,2.33068,2.3316,2.33035,2.33117,762.0
2026-06-24 11:30:00,2.33112,2.33265,2.33096,2.33221,757.0
2026-06-24 11:45:00,2.3322,2.33234,2.33102,2.33119,847.0
2026-06-24 12:00:00,2.33118,2.33198,2.3308,2.3316,482.0
2026-06-24 12:15:00,2.33152,2.33202,2.33126,2.33196,655.0
2026-06-24 12:30:00,2.33198,2.332,2.33044,2.33068,639.0
2026-06-24 12:45:00,2.33064,2.33071,2.32974,2.33061,701.0
2026-06-24 13:00:00,2.3306,2.33173,2.33048,2.33155,830.0
2026-06-24 13:15:00,2.3316,2.33232,2.33146,2.33212,686.0
2026-06-24 13:30:00,2.33205,2.33273,2.33178,2.33258,483.0
2026-06-24 13:45:00,2.33263,2.33357,2.33238,2.33322,568.0
2026-06-24 14:00:00,2.3332,2.33386,2.33304,2.33316,718.0
2026-06-24 14:15:00,2.33314,2.33341,2.33294,2.33304,583.0
2026-06-24 14:30:00,2.33308,2.33368,2.33284,2.33346,513.0
2026-06-24 14:45:00,2.3335,2.33425,2.33344,2.334,574.0
2026-06-24 15:00:00,2.334,2.334,2.33318,2.33326,204.0
2026-06-24 15:15:00,2.33324,2.3336,2.33288,2.33289,356.0
2026-06-24 15:30:00,2.33295,2.33306,2.33236,2.33263,457.0
2026-06-24 15:45:00,2.33247,2.33255,2.3317,2.33204,343.0
2026-06-24 16:00:00,2.33204,2.33229,2.33086,2.33137,361.0
2026-06-24 16:15:00,2.3313,2.3316,2.33044,2.33055,197.0
2026-06-24 16:30:00,2.3306,2.33066,2.33013,2.33016,494.0
2026-06-24 16:45:00,2.33016,2.33085,2.32982,2.3304,509.0
2026-06-24 17:00:00,2.33035,2.33035,2.33035,2.33035,1.0
2026-06-24 17:15:00,2.33112,2.33129,2.33052,2.33129,10.0
2026-06-24 17:30:00,2.3305,2.33363,2.3269,2.33056,1013.0
2026-06-24 17:45:00,2.33054,2.3324,2.32861,2.33198,1085.0
2026-06-24 18:00:00,2.33246,2.33246,2.3298,2.33022,582.0
2026-06-24 18:15:00,2.33023,2.33134,2.33023,2.33134,108.0
2026-06-24 18:30:00,2.33151,2.33158,2.33105,2.33146,53.0
2026-06-24 18:45:00,2.33142,2.33192,2.33132,2.33183,89.0
2026-06-24 19:00:00,2.33185,2.33219,2.33146,2.3315,384.0
2026-06-24 19:15:00,2.33154,2.33173,2.33139,2.33162,489.0
2026-06-24 19:30:00,2.33163,2.33233,2.33153,2.3319,476.0
2026-06-24 19:45:00,2.3319,2.33278,2.3319,2.33249,902.0
2026-06-24 20:00:00,2.3325,2.33366,2.33232,2.33316,1058.0
2026-06-24 20:15:00,2.33319,2.33338,2.33256,2.33312,1094.0
2026-06-24 20:30:00,2.33312,2.33362,2.33284,2.333,666.0
2026-06-24 20:45:00,2.333,2.33312,2.33182,2.3321,684.0
2026-06-24 21:00:00,2.33222,2.33278,2.33124,2.3325,966.0
2026-06-24 21:15:00,2.33253,2.33296,2.33198,2.33296,817.0
2026-06-24 21:30:00,2.3329,2.33489,2.33258,2.33483,1057.0
2026-06-24 21:45:00,2.33482,2.33598,2.33456,2.33576,1075.0
2026-06-24 22:00:00,2.33577,2.33664,2.33508,2.33661,1088.0
2026-06-24 22:15:00,2.33663,2.33692,2.33592,2.3369,813.0
2026-06-24 22:30:00,2.33692,2.33893,2.3369,2.33864,1041.0
2026-06-24 22:45:00,2.33862,2.33863,2.33705,2.3372,882.0
2026-06-24 23:00:00,2.33728,2.33774,2.337,2.33728,985.0
2026-06-24 23:15:00,2.33739,2.33756,2.33662,2.33707,610.0
2026-06-24 23:30:00,2.33706,2.33708,2.3366,2.33663,486.0
2026-06-24 23:45:00,2.33672,2.33682,2.33562,2.33575,694.0
2026-06-25 00:00:00,2.33567,2.33632,2.33555,2.33615,628.0
2026-06-25 00:15:00,2.33614,2.33615,2.33506,2.33532,607.0
2026-06-25 00:30:00,2.33535,2.33556,2.33486,2.33496,486.0
2026-06-25 00:45:00,2.335,2.33503,2.33388,2.3342,605.0
2026-06-25 01:00:00,2.33428,2.33466,2.33364,2.33452,869.0
2026-06-25 01:15:00,2.3345,2.3348,2.33416,2.33452,1027.0
2026-06-25 01:30:00,2.33456,2.3347,2.33326,2.3347,1132.0
2026-06-25 01:45:00,2.33468,2.33501,2.3344,2.33464,736.0
2026-06-25 02:00:00,2.33468,2.33546,2.33414,2.33546,946.0
2026-06-25 02:15:00,2.33544,2.33603,2.33496,2.33508,243.0
2026-06-25 02:30:00,2.33519,2.33632,2.33434,2.33552,567.0
2026-06-25 02:45:00,2.33552,2.3368,2.33533,2.33632,566.0
2026-06-25 03:00:00,2.33629,2.33762,2.33629,2.33708,403.0
2026-06-25 03:15:00,2.33699,2.33778,2.33678,2.33725,501.0
2026-06-25 03:30:00,2.33718,2.3374,2.33665,2.33696,432.0
2026-06-25 03:45:00,2.33699,2.3372,2.33606,2.33606,236.0
2026-06-25 04:00:00,2.33599,2.33599,2.33456,2.33494,421.0
2026-06-25 04:15:00,2.33504,2.33562,2.33472,2.33535,313.0
2026-06-25 04:30:00,2.33538,2.3359,2.33518,2.33557,405.0
2026-06-25 04:45:00,2.33562,2.33588,2.33494,2.33582,257.0
2026-06-25 05:00:00,2.33582,2.33608,2.33526,2.33562,262.0
2026-06-25 05:15:00,2.33568,2.33605,2.33493,2.335,196.0
2026-06-25 05:30:00,2.33508,2.33545,2.33486,2.33534,293.0
2026-06-25 05:45:00,2.33534,2.33534,2.3344,2.33472,637.0
2026-06-25 06:00:00,2.33464,2.33476,2.33385,2.33414,337.0
2026-06-25 06:15:00,2.33424,2.33472,2.33404,2.33449,166.0
2026-06-25 06:30:00,2.33446,2.33519,2.3343,2.33477,295.0
2026-06-25 06:45:00,2.33466,2.33496,2.33438,2.33493,268.0
2026-06-25 07:00:00,2.33496,2.33508,2.33432,2.33476,431.0
2026-06-25 07:15:00,2.33486,2.3349,2.33393,2.33432,426.0
2026-06-25 07:30:00,2.33434,2.33494,2.33387,2.3343,511.0
2026-06-25 07:45:00,2.33422,2.33462,2.33386,2.33415,568.0
2026-06-25 08:00:00,2.3341,2.33459,2.3339,2.33443,1066.0
2026-06-25 08:15:00,2.33442,2.33534,2.3341,2.33524,561.0
2026-06-25 08:30:00,2.33526,2.33526,2.33316,2.33336,1622.0
2026-06-25 08:45:00,2.33338,2.33469,2.33254,2.33426,1014.0
2026-06-25 09:00:00,2.33422,2.33574,2.33315,2.33574,1043.0
2026-06-25 09:15:00,2.33567,2.3366,2.3353,2.33601,921.0
2026-06-25 09:30:00,2.33606,2.33699,2.33588,2.33646,925.0
2026-06-25 09:45:00,2.33648,2.33744,2.33602,2.33727,947.0
2026-06-25 10:00:00,2.33726,2.33786,2.33602,2.33733,1267.0
2026-06-25 10:15:00,2.33734,2.3389,2.33683,2.3384,961.0
2026-06-25 10:30:00,2.3384,2.33884,2.3377,2.33874,1469.0
2026-06-25 10:45:00,2.33876,2.33904,2.3365,2.33659,1466.0
2026-06-25 11:00:00,2.33658,2.33706,2.33586,2.33654,1282.0
2026-06-25 11:15:00,2.33655,2.33722,2.33542,2.33646,997.0
2026-06-25 11:30:00,2.33647,2.33686,2.33596,2.33622,920.0
2026-06-25 11:45:00,2.33615,2.33663,2.33528,2.33572,655.0
2026-06-25 12:00:00,2.3358,2.33582,2.33492,2.3355,799.0
2026-06-25 12:15:00,2.3354,2.33548,2.3347,2.3352,712.0
2026-06-25 12:30:00,2.33517,2.33672,2.33517,2.33644,1039.0
2026-06-25 12:45:00,2.33634,2.3367,2.33591,2.33644,958.0
2026-06-25 13:00:00,2.33649,2.33651,2.33564,2.33608,898.0
2026-06-25 13:15:00,2.33602,2.33632,2.33569,2.33612,528.0
2026-06-25 13:30:00,2.336,2.3364,2.33594,2.33632,747.0
2026-06-25 13:45:00,2.33634,2.33693,2.33573,2.3363,688.0
2026-06-25 14:00:00,2.33628,2.3372,2.33579,2.33618,453.0
2026-06-25 14:15:00,2.33616,2.3363,2.33576,2.33589,525.0
2026-06-25 14:30:00,2.33592,2.33662,2.33592,2.33629,564.0
2026-06-25 14:45:00,2.33628,2.33661,2.33607,2.3365,267.0
2026-06-25 15:00:00,2.3365,2.33683,2.33646,2.33664,96.0
2026-06-25 15:15:00,2.33671,2.33692,2.33638,2.33652,194.0
2026-06-25 15:30:00,2.33648,2.33688,2.33628,2.33668,231.0
2026-06-25 15:45:00,2.33662,2.33708,2.33654,2.33676,339.0
2026-06-25 16:00:00,2.3367,2.3368,2.33612,2.33637,339.0
2026-06-25 16:15:00,2.33636,2.33669,2.33584,2.33669,162.0
2026-06-25 16:30:00,2.33672,2.33676,2.33628,2.33629,293.0
2026-06-25 16:45:00,2.33638,2.33652,2.3356,2.33565,288.0
2026-06-25 17:00:00,2.33725,2.33931,2.33235,2.33401,1779.0
2026-06-25 17:15:00,2.33418,2.33744,2.33332,2.33744,805.0
2026-06-25 17:30:00,2.33761,2.33779,2.33364,2.33634,735.0
2026-06-25 17:45:00,2.336,2.33786,2.3358,2.3358,1811.0
2026-06-25 18:00:00,2.33585,2.3368,2.33584,2.33654,678.0
2026-06-25 18:15:00,2.33657,2.33662,2.33572,2.33585,1021.0
2026-06-25 18:30:00,2.33586,2.33638,2.33576,2.33632,528.0
2026-06-25 18:45:00,2.33628,2.33636,2.33546,2.33602,344.0
2026-06-25 19:00:00,2.33601,2.3364,2.33601,2.33602,367.0
2026-06-25 19:15:00,2.33607,2.33666,2.33596,2.33662,831.0
2026-06-25 19:30:00,2.33668,2.33721,2.33658,2.33706,667.0
2026-06-25 19:45:00,2.33706,2.33726,2.33647,2.33718,697.0
2026-06-25 20:00:00,2.33714,2.33758,2.33672,2.33729,1426.0
2026-06-25 20:15:00,2.33728,2.33792,2.3369,2.33746,1180.0
2026-06-25 20:30:00,2.3375,2.33761,2.33678,2.3374,1148.0
2026-06-25 20:45:00,2.3373,2.3385,2.33708,2.33844,1221.0
2026-06-25 21:00:00,2.33838,2.33892,2.33752,2.33839,1167.0
2026-06-25 21:15:00,2.3384,2.33872,2.3377,2.33792,1080.0
2026-06-25 21:30:00,2.33794,2.33934,2.33762,2.33912,1245.0
2026-06-25 21:45:00,2.33915,2.33956,2.33868,2.33884,1197.0
2026-06-25 22:00:00,2.33886,2.3406,2.3388,2.3405,1274.0
2026-06-25 22:15:00,2.34046,2.34284,2.34046,2.3426,617.0
2026-06-25 22:30:00,2.3426,2.34272,2.34069,2.34096,1195.0
2026-06-25 22:45:00,2.34098,2.34126,2.34027,2.3405,1227.0
2026-06-25 23:00:00,2.34049,2.34126,2.34014,2.34038,1220.0
2026-06-25 23:15:00,2.34038,2.34086,2.34006,2.34051,1104.0
2026-06-25 23:30:00,2.3405,2.34093,2.34008,2.34017,998.0
2026-06-25 23:45:00,2.34028,2.34068,2.33977,2.33996,1235.0
2026-06-26 00:00:00,2.33988,2.34012,2.33918,2.33972,1080.0
2026-06-26 00:15:00,2.3398,2.34,2.33888,2.33976,1040.0
2026-06-26 00:30:00,2.33976,2.34052,2.33968,2.34005,1330.0
2026-06-26 00:45:00,2.34004,2.3405,2.33968,2.3403,1000.0
2026-06-26 01:00:00,2.34025,2.34042,2.33914,2.33918,1023.0
2026-06-26 01:15:00,2.33916,2.33931,2.3383,2.33842,1091.0
2026-06-26 01:30:00,2.33841,2.33956,2.33825,2.33925,1065.0
2026-06-26 01:45:00,2.33928,2.33968,2.33828,2.33846,1246.0
2026-06-26 02:00:00,2.33848,2.3393,2.33811,2.33852,838.0
2026-06-26 02:15:00,2.33852,2.33882,2.33828,2.33868,286.0
2026-06-26 02:30:00,2.33856,2.33868,2.33681,2.33682,542.0
2026-06-26 02:45:00,2.33688,2.33712,2.33604,2.33678,607.0
2026-06-26 03:00:00,2.33678,2.33721,2.33637,2.33658,346.0
2026-06-26 03:15:00,2.33666,2.33778,2.33648,2.33674,725.0
2026-06-26 03:30:00,2.33675,2.33852,2.33662,2.33818,685.0
2026-06-26 03:45:00,2.33822,2.33904,2.33816,2.33884,460.0
2026-06-26 04:00:00,2.33888,2.3395,2.33771,2.33784,501.0
2026-06-26 04:15:00,2.33774,2.33818,2.33662,2.33728,516.0
2026-06-26 04:30:00,2.33729,2.33922,2.33712,2.3391,454.0
2026-06-26 04:45:00,2.33916,2.33949,2.33844,2.33918,657.0
2026-06-26 05:00:00,2.33918,2.33954,2.33821,2.33842,606.0
2026-06-26 05:15:00,2.33849,2.3387,2.33737,2.3384,624.0
2026-06-26 05:30:00,2.33842,2.33888,2.33818,2.33848,294.0
2026-06-26 05:45:00,2.33852,2.33875,2.33803,2.33834,312.0
2026-06-26 06:00:00,2.33824,2.33883,2.33762,2.33822,367.0
2026-06-26 06:15:00,2.33833,2.33892,2.33823,2.33854,400.0
2026-06-26 06:30:00,2.33854,2.33861,2.33793,2.33816,444.0
2026-06-26 06:45:00,2.33822,2.3386,2.33782,2.33824,537.0
2026-06-26 07:00:00,2.33822,2.33912,2.33793,2.3388,685.0
2026-06-26 07:15:00,2.33881,2.3391,2.33837,2.33883,614.0
2026-06-26 07:30:00,2.33882,2.33914,2.33847,2.33914,622.0
2026-06-26 07:45:00,2.33912,2.34017,2.33888,2.34016,825.0
2026-06-26 08:00:00,2.34018,2.34038,2.33948,2.33978,502.0
2026-06-26 08:15:00,2.33984,2.33997,2.33892,2.33936,413.0
2026-06-26 08:30:00,2.33944,2.33963,2.33808,2.33893,1189.0
2026-06-26 08:45:00,2.3389,2.33896,2.33762,2.33766,1384.0
2026-06-26 09:00:00,2.33754,2.3386,2.33704,2.33754,999.0
2026-06-26 09:15:00,2.33742,2.33908,2.33667,2.33891,1384.0
2026-06-26 09:30:00,2.3389,2.33958,2.33763,2.33769,1549.0
2026-06-26 09:45:00,2.33776,2.3395,2.3377,2.33884,691.0
2026-06-26 10:00:00,2.33862,2.33906,2.33814,2.33868,1763.0
2026-06-26 10:15:00,2.33864,2.33933,2.3381,2.33811,1496.0
2026-06-26 10:30:00,2.33816,2.3397,2.33808,2.33904,1013.0
2026-06-26 10:45:00,2.33898,2.33898,2.33729,2.3373,943.0
2026-06-26 11:00:00,2.33731,2.33911,2.33712,2.33902,1028.0
2026-06-26 11:15:00,2.33897,2.33951,2.33847,2.33925,603.0
2026-06-26 11:30:00,2.33938,2.33949,2.33849,2.33866,1150.0
2026-06-26 11:45:00,2.33867,2.34078,2.33862,2.34024,1532.0
2026-06-26 12:00:00,2.34027,2.34072,2.33958,2.34042,822.0
2026-06-26 12:15:00,2.3404,2.34116,2.34014,2.34085,737.0
2026-06-26 12:30:00,2.34084,2.34161,2.34024,2.34054,515.0
2026-06-26 12:45:00,2.34052,2.34108,2.34045,2.34088,556.0
2026-06-26 13:00:00,2.34094,2.341,2.34035,2.3408,433.0
2026-06-26 13:15:00,2.34085,2.34092,2.34034,2.34054,444.0
2026-06-26 13:30:00,2.34053,2.341,2.34033,2.34068,750.0
2026-06-26 13:45:00,2.3407,2.34082,2.34038,2.34066,765.0
2026-06-26 14:00:00,2.34066,2.34116,2.34056,2.34106,655.0
2026-06-26 14:15:00,2.3411,2.34132,2.34076,2.34115,550.0
2026-06-26 14:30:00,2.3411,2.34119,2.34073,2.34106,231.0
2026-06-26 14:45:00,2.34107,2.34169,2.34102,2.34156,280.0
2026-06-26 15:00:00,2.34147,2.34158,2.34117,2.34117,86.0
2026-06-26 15:15:00,2.34112,2.34131,2.34084,2.34107,136.0
2026-06-26 15:30:00,2.34099,2.34108,2.34052,2.34062,183.0
2026-06-26 15:45:00,2.34062,2.3409,2.33984,2.3402,147.0
2026-06-26 16:00:00,2.34025,2.34058,2.33985,2.34017,423.0
2026-06-26 16:15:00,2.34014,2.34055,2.34012,2.34045,278.0
2026-06-26 16:30:00,2.34045,2.34144,2.3404,2.3413,2068.0
2026-06-26 16:45:00,2.34128,2.34138,2.34034,2.34082,387.0
2026-06-28 17:00:00,2.3395,2.34135,2.3395,2.34089,18.0
2026-06-28 17:15:00,2.34124,2.34154,2.33958,2.34018,46.0
2026-06-28 17:30:00,2.34032,2.34143,2.33978,2.34,75.0
2026-06-28 17:45:00,2.34023,2.34103,2.33916,2.34049,329.0
2026-06-28 18:00:00,2.34068,2.34129,2.33916,2.33928,508.0
2026-06-28 18:15:00,2.33922,2.33946,2.3391,2.33928,69.0
2026-06-28 18:30:00,2.33932,2.33978,2.33911,2.33924,61.0
2026-06-28 18:45:00,2.33934,2.33996,2.33906,2.33996,36.0
2026-06-28 19:00:00,2.33992,2.34016,2.33908,2.33952,107.0
2026-06-28 19:15:00,2.33948,2.33974,2.33929,2.33938,346.0
2026-06-28 19:30:00,2.33937,2.33961,2.33897,2.33917,424.0
2026-06-28 19:45:00,2.33918,2.33994,2.33916,2.33989,719.0
2026-06-28 20:00:00,2.3399,2.34157,2.33983,2.34134,1374.0
2026-06-28 20:15:00,2.34129,2.34308,2.34102,2.34308,1040.0
2026-06-28 20:30:00,2.34308,2.34311,2.34163,2.34204,1065.0
2026-06-28 20:45:00,2.34208,2.3428,2.34174,2.34214,983.0
2026-06-28 21:00:00,2.34212,2.34284,2.34126,2.34188,786.0
2026-06-28 21:15:00,2.3419,2.34194,2.34058,2.3411,766.0
2026-06-28 21:30:00,2.3411,2.34159,2.3398,2.34019,929.0
2026-06-28 21:45:00,2.34018,2.34064,2.33978,2.34026,664.0
2026-06-28 22:00:00,2.34023,2.34055,2.33999,2.34038,733.0
2026-06-28 22:15:00,2.34038,2.34054,2.33932,2.33942,897.0
2026-06-28 22:30:00,2.33942,2.33969,2.33881,2.33905,954.0
2026-06-28 22:45:00,2.33903,2.34004,2.33893,2.33994,910.0
2026-06-28 23:00:00,2.33994,2.33994,2.339,2.33912,593.0
2026-06-28 23:15:00,2.33908,2.33957,2.3387,2.33877,755.0
2026-06-28 23:30:00,2.33874,2.33924,2.33852,2.33872,824.0
2026-06-28 23:45:00,2.33874,2.33912,2.33843,2.33878,871.0
2026-06-29 00:00:00,2.3388,2.3389,2.33814,2.33823,793.0
2026-06-29 00:15:00,2.3383,2.33868,2.33808,2.33808,766.0
2026-06-29 00:30:00,2.33814,2.33846,2.33783,2.3382,839.0
2026-06-29 00:45:00,2.33822,2.33894,2.33797,2.33884,662.0
2026-06-29 01:00:00,2.33887,2.339,2.33844,2.33858,800.0
2026-06-29 01:15:00,2.33858,2.33886,2.33818,2.33868,632.0
2026-06-29 01:30:00,2.33868,2.33908,2.33836,2.33844,999.0
2026-06-29 01:45:00,2.3384,2.33874,2.33708,2.33724,797.0
2026-06-29 02:00:00,2.33723,2.33784,2.3372,2.33736,639.0
2026-06-29 02:15:00,2.33743,2.33794,2.33672,2.33679,283.0
2026-06-29 02:30:00,2.33681,2.3378,2.33656,2.33758,317.0
2026-06-29 02:45:00,2.33768,2.33815,2.33742,2.3376,442.0
2026-06-29 03:00:00,2.33766,2.3382,2.33752,2.33798,661.0
2026-06-29 03:15:00,2.33793,2.33808,2.33706,2.33778,427.0
2026-06-29 03:30:00,2.33782,2.33815,2.33744,2.33771,363.0
2026-06-29 03:45:00,2.33772,2.33806,2.33708,2.33726,375.0
2026-06-29 04:00:00,2.33726,2.33774,2.33696,2.3376,676.0
2026-06-29 04:15:00,2.33749,2.3381,2.33749,2.33796,597.0
2026-06-29 04:30:00,2.33802,2.3381,2.33742,2.33769,372.0
2026-06-29 04:45:00,2.33762,2.33828,2.33728,2.338,484.0
2026-06-29 05:00:00,2.33809,2.33882,2.33792,2.33877,312.0
2026-06-29 05:15:00,2.33884,2.33916,2.33834,2.33882,365.0
2026-06-29 05:30:00,2.33877,2.3392,2.33867,2.33894,269.0
2026-06-29 05:45:00,2.33894,2.33946,2.33884,2.33905,285.0
2026-06-29 06:00:00,2.3391,2.33923,2.33787,2.33866,332.0
2026-06-29 06:15:00,2.3387,2.3387,2.33774,2.33821,342.0
2026-06-29 06:30:00,2.33826,2.3383,2.33753,2.33774,302.0
2026-06-29 06:45:00,2.33778,2.33919,2.33778,2.33878,358.0
2026-06-29 07:00:00,2.33874,2.34027,2.33873,2.34016,465.0
2026-06-29 07:15:00,2.34018,2.34099,2.34008,2.34092,725.0
2026-06-29 07:30:00,2.3409,2.34098,2.33998,2.34014,722.0
2026-06-29 07:45:00,2.34013,2.34034,2.33946,2.33968,737.0
2026-06-29 08:00:00,2.33977,2.34046,2.33974,2.34016,795.0
2026-06-29 08:15:00,2.3401,2.34242,2.3401,2.34242,675.0
2026-06-29 08:30:00,2.34237,2.34269,2.34178,2.34266,513.0
2026-06-29 08:45:00,2.34258,2.34258,2.34148,2.34208,566.0
2026-06-29 09:00:00,2.34202,2.34312,2.34202,2.34298,651.0
2026-06-29 09:15:00,2.34309,2.34348,2.34265,2.3433,890.0
2026-06-29 09:30:00,2.34332,2.34397,2.34286,2.34286,515.0
2026-06-29 09:45:00,2.34292,2.34454,2.34292,2.34341,768.0
2026-06-29 10:00:00,2.34337,2.34543,2.3433,2.34542,974.0
2026-06-29 10:15:00,2.34547,2.34628,2.34502,2.34621,1299.0
2026-06-29 10:30:00,2.3462,2.34665,2.34574,2.34594,996.0
2026-06-29 10:45:00,2.34596,2.34708,2.34556,2.34652,858.0
2026-06-29 11:00:00,2.34648,2.34719,2.34604,2.34606,772.0
2026-06-29 11:15:00,2.34602,2.34616,2.34528,2.34616,719.0
2026-06-29 11:30:00,2.34621,2.34726,2.34594,2.34658,750.0
2026-06-29 11:45:00,2.34661,2.34682,2.34582,2.3465,752.0
2026-06-29 12:00:00,2.3464,2.34644,2.34552,2.34574,885.0
2026-06-29 12:15:00,2.34566,2.34598,2.3455,2.34566,645.0
2026-06-29 12:30:00,2.34563,2.34584,2.34456,2.34488,519.0
2026-06-29 12:45:00,2.34482,2.34573,2.34474,2.34552,554.0
2026-06-29 13:00:00,2.34556,2.34572,2.34528,2.34534,382.0
2026-06-29 13:15:00,2.34528,2.34578,2.34516,2.34546,340.0
2026-06-29 13:30:00,2.3455,2.34575,2.34538,2.3456,339.0
2026-06-29 13:45:00,2.34561,2.34582,2.34548,2.34567,236.0
2026-06-29 14:00:00,2.34575,2.34576,2.34518,2.34536,305.0
2026-06-29 14:15:00,2.34544,2.34598,2.34528,2.34586,382.0
2026-06-29 14:30:00,2.34584,2.34594,2.34515,2.34517,282.0
2026-06-29 14:45:00,2.34518,2.34534,2.34478,2.3451,264.0
2026-06-29 15:00:00,2.3451,2.34544,2.34496,2.34533,37.0
2026-06-29 15:15:00,2.34528,2.3454,2.34506,2.34527,57.0
2026-06-29 15:30:00,2.34528,2.34543,2.3451,2.34528,69.0
2026-06-29 15:45:00,2.34522,2.3458,2.34516,2.34534,150.0
2026-06-29 16:00:00,2.34532,2.3461,2.34532,2.34554,114.0
2026-06-29 16:15:00,2.34554,2.34593,2.34554,2.34583,59.0
2026-06-29 16:30:00,2.34586,2.34626,2.34584,2.34616,188.0
2026-06-29 16:45:00,2.34612,2.3467,2.3461,2.34654,199.0
2026-06-29 17:00:00,2.34365,2.34499,2.34365,2.34494,508.0
2026-06-29 17:15:00,2.34496,2.34584,2.34482,2.34501,422.0
2026-06-29 17:30:00,2.34497,2.3456,2.34448,2.34528,862.0
2026-06-29 17:45:00,2.34528,2.34577,2.34506,2.34516,548.0
2026-06-29 18:00:00,2.34519,2.34663,2.34508,2.34582,429.0
2026-06-29 18:15:00,2.34583,2.34626,2.34581,2.34618,74.0
2026-06-29 18:30:00,2.3461,2.34648,2.34602,2.34636,147.0
2026-06-29 18:45:00,2.34638,2.34638,2.34596,2.34598,27.0
2026-06-29 19:00:00,2.346,2.34612,2.34558,2.34578,96.0
2026-06-29 19:15:00,2.34582,2.34584,2.345,2.34508,297.0
2026-06-29 19:30:00,2.34504,2.34528,2.34484,2.34522,377.0
2026-06-29 19:45:00,2.34523,2.3459,2.34523,2.34551,685.0
2026-06-29 20:00:00,2.3455,2.34702,2.34548,2.3463,1420.0
2026-06-29 20:15:00,2.34634,2.34674,2.34597,2.34662,678.0
2026-06-29 20:30:00,2.34659,2.34671,2.34589,2.34612,1054.0
2026-06-29 20:45:00,2.34612,2.34678,2.34586,2.34608,1107.0
2026-06-29 21:00:00,2.34612,2.34676,2.34558,2.34574,1138.0
2026-06-29 21:15:00,2.34576,2.34581,2.34271,2.34273,1215.0
2026-06-29 21:30:00,2.34277,2.34408,2.34277,2.34398,997.0
2026-06-29 21:45:00,2.34399,2.34479,2.34349,2.34438,878.0
2026-06-29 22:00:00,2.34437,2.34558,2.34399,2.3454,780.0
2026-06-29 22:15:00,2.34531,2.3455,2.34469,2.3454,1155.0
2026-06-29 22:30:00,2.34538,2.34564,2.34493,2.34506,965.0
2026-06-29 22:45:00,2.34498,2.34514,2.3444,2.34451,787.0
2026-06-29 23:00:00,2.34455,2.34459,2.34376,2.3441,962.0
2026-06-29 23:15:00,2.34407,2.3441,2.34323,2.34362,969.0
2026-06-29 23:30:00,2.34361,2.34384,2.34325,2.34337,917.0
2026-06-29 23:45:00,2.34338,2.34355,2.34296,2.3433,657.0
2026-06-30 00:00:00,2.3433,2.34334,2.34248,2.34253,752.0
2026-06-30 00:15:00,2.34252,2.34274,2.34202,2.34204,775.0
2026-06-30 00:30:00,2.34203,2.3423,2.34182,2.34225,841.0
2026-06-30 00:45:00,2.34224,2.3428,2.3421,2.34268,917.0
2026-06-30 01:00:00,2.34275,2.34275,2.34172,2.34192,1077.0
2026-06-30 01:15:00,2.34194,2.34274,2.34152,2.34235,960.0
2026-06-30 01:30:00,2.34238,2.34322,2.34234,2.34321,1080.0
2026-06-30 01:45:00,2.3432,2.3432,2.3422,2.34286,803.0
2026-06-30 02:00:00,2.34262,2.3431,2.34206,2.34256,686.0
2026-06-30 02:15:00,2.34255,2.3426,2.34157,2.3417,455.0
2026-06-30 02:30:00,2.3417,2.3424,2.34145,2.34214,442.0
2026-06-30 02:45:00,2.34218,2.34264,2.34129,2.34174,535.0
2026-06-30 03:00:00,2.34166,2.34219,2.34132,2.34158,743.0
2026-06-30 03:15:00,2.34155,2.3419,2.3404,2.34056,349.0
2026-06-30 03:30:00,2.34052,2.34077,2.33993,2.34042,459.0
2026-06-30 03:45:00,2.3404,2.34106,2.33968,2.34096,505.0
2026-06-30 04:00:00,2.34094,2.34154,2.34002,2.34142,824.0
2026-06-30 04:15:00,2.34143,2.34165,2.34093,2.34107,485.0
2026-06-30 04:30:00,2.34106,2.34164,2.34074,2.3415,618.0
2026-06-30 04:45:00,2.34145,2.34168,2.34092,2.34096,597.0
2026-06-30 05:00:00,2.3409,2.34128,2.33936,2.33951,449.0
2026-06-30 05:15:00,2.33946,2.34066,2.33927,2.34055,512.0
2026-06-30 05:30:00,2.34062,2.341,2.3402,2.34047,470.0
2026-06-30 05:45:00,2.34049,2.34071,2.34018,2.34049,539.0
2026-06-30 06:00:00,2.34058,2.34058,2.3396,2.33984,362.0
2026-06-30 06:15:00,2.33994,2.34009,2.33905,2.3396,260.0
2026-06-30 06:30:00,2.33952,2.34044,2.33916,2.33918,536.0
2026-06-30 06:45:00,2.33918,2.33928,2.3372,2.33756,504.0
2026-06-30 07:00:00,2.33748,2.3379,2.33648,2.33656,678.0
2026-06-30 07:15:00,2.33649,2.33709,2.33616,2.33692,615.0
2026-06-30 07:30:00,2.33688,2.33704,2.33616,2.33644,663.0
2026-06-30 07:45:00,2.33636,2.33732,2.33604,2.33723,345.0
2026-06-30 08:00:00,2.33714,2.33714,2.33632,2.33673,367.0
2026-06-30 08:15:00,2.33668,2.33683,2.33584,2.33632,883.0
2026-06-30 08:30:00,2.33636,2.33641,2.33495,2.33516,1355.0
2026-06-30 08:45:00,2.33518,2.33557,2.33454,2.33504,866.0
2026-06-30 09:00:00,2.335,2.33505,2.33418,2.33466,921.0
2026-06-30 09:15:00,2.33474,2.33533,2.3344,2.33512,767.0
2026-06-30 09:30:00,2.33504,2.3356,2.33374,2.33419,451.0
2026-06-30 09:45:00,2.33426,2.33524,2.33357,2.3347,716.0
2026-06-30 10:00:00,2.33471,2.33538,2.33343,2.33421,1296.0
2026-06-30 10:15:00,2.3342,2.33426,2.33259,2.33264,1067.0
2026-06-30 10:30:00,2.3327,2.33298,2.33176,2.33186,1022.0
2026-06-30 10:45:00,2.33196,2.33434,2.33183,2.33397,1323.0
2026-06-30 11:00:00,2.334,2.33582,2.33298,2.33552,1165.0
2026-06-30 11:15:00,2.33552,2.33712,2.33552,2.33691,1026.0
2026-06-30 11:30:00,2.337,2.33732,2.33584,2.33624,1160.0
2026-06-30 11:45:00,2.33622,2.3364,2.33558,2.33628,836.0
2026-06-30 12:00:00,2.33624,2.33668,2.33592,2.33606,829.0
2026-06-30 12:15:00,2.33602,2.33654,2.33586,2.3364,696.0
2026-06-30 12:30:00,2.33632,2.3365,2.33562,2.33572,747.0
2026-06-30 12:45:00,2.33574,2.336,2.33544,2.3357,638.0
2026-06-30 13:00:00,2.3357,2.33576,2.33496,2.33542,590.0
2026-06-30 13:15:00,2.33544,2.33566,2.33516,2.33521,922.0
2026-06-30 13:30:00,2.3352,2.33556,2.33493,2.33494,1040.0
2026-06-30 13:45:00,2.33492,2.33524,2.33484,2.33516,457.0
2026-06-30 14:00:00,2.3352,2.33562,2.33501,2.33538,544.0
2026-06-30 14:15:00,2.33538,2.33543,2.3349,2.33526,799.0
2026-06-30 14:30:00,2.33526,2.3354,2.33436,2.33438,397.0
2026-06-30 14:45:00,2.3344,2.33445,2.3335,2.33365,578.0
2026-06-30 15:00:00,2.33365,2.33405,2.33365,2.33404,192.0
2026-06-30 15:15:00,2.33404,2.33438,2.33397,2.33438,246.0
2026-06-30 15:30:00,2.33439,2.335,2.33439,2.33479,283.0
2026-06-30 15:45:00,2.33471,2.33553,2.33464,2.33541,552.0
2026-06-30 16:00:00,2.33538,2.33598,2.33517,2.33584,381.0
2026-06-30 16:15:00,2.33588,2.33592,2.33544,2.3355,209.0
2026-06-30 16:30:00,2.3354,2.33553,2.335,2.33506,204.0
2026-06-30 16:45:00,2.3351,2.3364,2.335,2.33604,474.0
2026-06-30 17:00:00,2.33588,2.3367,2.33528,2.33594,366.0
2026-06-30 17:15:00,2.33596,2.33678,2.33514,2.33613,804.0
2026-06-30 17:30:00,2.3361,2.33696,2.33554,2.33614,1193.0
2026-06-30 17:45:00,2.3361,2.33646,2.33432,2.33508,1566.0
2026-06-30 18:00:00,2.33508,2.33559,2.33462,2.3355,402.0
2026-06-30 18:15:00,2.3355,2.33572,2.33522,2.33558,135.0
2026-06-30 18:30:00,2.33561,2.33566,2.3355,2.33564,36.0
2026-06-30 18:45:00,2.33561,2.33574,2.33542,2.33544,53.0
2026-06-30 19:00:00,2.33545,2.33568,2.33497,2.33522,129.0
2026-06-30 19:15:00,2.3352,2.33522,2.33492,2.33521,116.0
2026-06-30 19:30:00,2.33519,2.33555,2.33496,2.33541,448.0
2026-06-30 19:45:00,2.33538,2.33541,2.33473,2.33501,559.0
2026-06-30 20:00:00,2.335,2.33504,2.33375,2.33385,930.0
2026-06-30 20:15:00,2.33388,2.3353,2.33386,2.33528,1216.0
2026-06-30 20:30:00,2.33526,2.33604,2.33484,2.336,822.0
2026-06-30 20:45:00,2.33602,2.33656,2.33582,2.33638,1124.0
2026-06-30 21:00:00,2.3364,2.337,2.33626,2.33648,1106.0
2026-06-30 21:15:00,2.33653,2.3367,2.33603,2.33608,1268.0
2026-06-30 21:30:00,2.33614,2.33616,2.33536,2.33608,1006.0
2026-06-30 21:45:00,2.33611,2.33722,2.33608,2.33656,964.0
2026-06-30 22:00:00,2.33658,2.33782,2.33642,2.33728,966.0
2026-06-30 22:15:00,2.33728,2.33772,2.33704,2.33704,593.0
2026-06-30 22:30:00,2.33708,2.33715,2.33638,2.33646,768.0
2026-06-30 22:45:00,2.3364,2.3368,2.336,2.33662,715.0
2026-06-30 23:00:00,2.33662,2.33662,2.33566,2.3359,686.0
2026-06-30 23:15:00,2.33592,2.33601,2.3353,2.33573,659.0
2026-06-30 23:30:00,2.33576,2.33576,2.33518,2.33556,766.0
2026-06-30 23:45:00,2.33558,2.33558,2.33462,2.33474,653.0
2026-07-01 00:00:00,2.3347,2.3349,2.3342,2.3347,984.0
2026-07-01 00:15:00,2.3347,2.33506,2.33432,2.33432,809.0
2026-07-01 00:30:00,2.33433,2.33452,2.33344,2.3336,754.0
2026-07-01 00:45:00,2.3336,2.33382,2.33322,2.33382,812.0
2026-07-01 01:00:00,2.33372,2.33389,2.33302,2.33373,878.0
2026-07-01 01:15:00,2.33379,2.3339,2.33321,2.3333,728.0
2026-07-01 01:30:00,2.33332,2.3336,2.33273,2.33292,892.0
2026-07-01 01:45:00,2.33293,2.33335,2.33284,2.33322,846.0
2026-07-01 02:00:00,2.33318,2.33499,2.333,2.3347,1153.0
2026-07-01 02:15:00,2.33472,2.3349,2.33392,2.33424,376.0
2026-07-01 02:30:00,2.33426,2.33441,2.33336,2.33349,385.0
2026-07-01 02:45:00,2.33356,2.33446,2.33354,2.33368,1129.0
2026-07-01 03:00:00,2.3337,2.33412,2.33312,2.33337,1554.0
2026-07-01 03:15:00,2.3334,2.33354,2.3319,2.3326,1383.0
2026-07-01 03:30:00,2.33259,2.33359,2.33174,2.33351,1123.0
2026-07-01 03:45:00,2.3335,2.33368,2.33264,2.33288,558.0
2026-07-01 04:00:00,2.33296,2.33362,2.33273,2.33354,476.0
2026-07-01 04:15:00,2.33349,2.33423,2.33336,2.33422,539.0
2026-07-01 04:30:00,2.33424,2.33444,2.33332,2.33368,366.0
2026-07-01 04:45:00,2.3336,2.33446,2.3335,2.33376,464.0
2026-07-01 05:00:00,2.33398,2.3342,2.3332,2.33364,620.0
2026-07-01 05:15:00,2.33366,2.33568,2.3336,2.33568,384.0
2026-07-01 05:30:00,2.33572,2.33604,2.33512,2.33566,291.0
2026-07-01 05:45:00,2.33556,2.3358,2.33466,2.33514,281.0
2026-07-01 06:00:00,2.33513,2.3355,2.33484,2.33542,361.0
2026-07-01 06:15:00,2.33539,2.3355,2.33414,2.33416,322.0
2026-07-01 06:30:00,2.33408,2.33426,2.33332,2.33375,348.0
2026-07-01 06:45:00,2.33376,2.33379,2.33256,2.33256,242.0
2026-07-01 07:00:00,2.33256,2.33264,2.3318,2.33215,388.0
2026-07-01 07:15:00,2.33218,2.33284,2.33193,2.3328,366.0
2026-07-01 07:30:00,2.33282,2.33374,2.33274,2.33291,734.0
2026-07-01 07:45:00,2.3329,2.33402,2.33286,2.33366,500.0
2026-07-01 08:00:00,2.33368,2.33456,2.3334,2.33379,393.0
2026-07-01 08:15:00,2.33368,2.33526,2.33322,2.33492,994.0
2026-07-01 08:30:00,2.33497,2.3369,2.33482,2.33606,1135.0
2026-07-01 08:45:00,2.33608,2.33782,2.33598,2.33707,1044.0
2026-07-01 09:00:00,2.33708,2.338,2.33587,2.33661,1025.0
2026-07-01 09:15:00,2.33646,2.33766,2.3349,2.33495,950.0
2026-07-01 09:30:00,2.33496,2.33572,2.3335,2.33424,1286.0
2026-07-01 09:45:00,2.33426,2.336,2.33384,2.33544,906.0
2026-07-01 10:00:00,2.33557,2.33596,2.33429,2.33498,1190.0
2026-07-01 10:15:00,2.33498,2.33664,2.33473,2.33657,1477.0
2026-07-01 10:30:00,2.33648,2.33894,2.33643,2.33726,1194.0
2026-07-01 10:45:00,2.33724,2.33966,2.33718,2.33874,1452.0
2026-07-01 11:00:00,2.33878,2.33956,2.33854,2.33874,1243.0
2026-07-01 11:15:00,2.3388,2.33898,2.33792,2.33856,1026.0
2026-07-01 11:30:00,2.33859,2.33906,2.33778,2.33852,995.0
2026-07-01 11:45:00,2.33853,2.33918,2.33822,2.33894,1031.0
2026-07-01 12:00:00,2.33888,2.33974,2.33822,2.33936,1044.0
2026-07-01 12:15:00,2.3394,2.33971,2.33872,2.33934,965.0
2026-07-01 12:30:00,2.33931,2.34014,2.3392,2.33934,827.0
2026-07-01 12:45:00,2.33936,2.34003,2.33928,2.33944,1069.0
2026-07-01 13:00:00,2.33944,2.34003,2.33926,2.33972,858.0
2026-07-01 13:15:00,2.3397,2.3399,2.33904,2.33938,725.0
2026-07-01 13:30:00,2.33934,2.33976,2.339,2.33964,865.0
2026-07-01 13:45:00,2.3396,2.33999,2.3394,2.33992,803.0
2026-07-01 14:00:00,2.33986,2.34047,2.33958,2.34006,795.0
2026-07-01 14:15:00,2.34008,2.34054,2.34008,2.34044,534.0
2026-07-01 14:30:00,2.34042,2.34108,2.34025,2.34078,451.0
2026-07-01 14:45:00,2.34078,2.34115,2.3404,2.34115,532.0
2026-07-01 15:00:00,2.34115,2.34115,2.33966,2.34026,159.0
2026-07-01 15:15:00,2.34022,2.34126,2.3402,2.34093,354.0
2026-07-01 15:30:00,2.3409,2.341,2.34062,2.34083,236.0
2026-07-01 15:45:00,2.34082,2.34126,2.34068,2.34104,369.0
2026-07-01 16:00:00,2.34108,2.34154,2.341,2.34134,341.0
2026-07-01 16:15:00,2.34138,2.34166,2.34128,2.34162,189.0
2026-07-01 16:30:00,2.3416,2.34172,2.3401,2.34024,214.0
2026-07-01 16:45:00,2.34029,2.34061,2.34016,2.34025,289.0
2026-07-01 17:00:00,2.34005,2.34091,2.33854,2.34076,346.0
2026-07-01 17:15:00,2.34076,2.34195,2.34018,2.34073,675.0
2026-07-01 17:30:00,2.34066,2.34178,2.34057,2.34096,738.0
2026-07-01 17:45:00,2.34096,2.34159,2.33982,2.34042,1525.0
2026-07-01 18:00:00,2.34058,2.34158,2.34032,2.34034,325.0
2026-07-01 18:15:00,2.34036,2.34048,2.34008,2.34034,230.0
2026-07-01 18:30:00,2.34034,2.34034,2.33955,2.33986,216.0
2026-07-01 18:45:00,2.33988,2.33996,2.33972,2.33988,137.0
2026-07-01 19:00:00,2.33987,2.33988,2.33946,2.33976,281.0
2026-07-01 19:15:00,2.33974,2.34004,2.33971,2.34002,442.0
2026-07-01 19:30:00,2.34001,2.34009,2.33976,2.33978,480.0
2026-07-01 19:45:00,2.33978,2.34024,2.33976,2.34008,725.0
2026-07-01 20:00:00,2.34009,2.34122,2.33976,2.34083,1340.0
2026-07-01 20:15:00,2.34082,2.34102,2.34036,2.34064,778.0
2026-07-01 20:30:00,2.34066,2.34147,2.34046,2.3411,834.0
2026-07-01 20:45:00,2.34112,2.34126,2.34026,2.3408,977.0
2026-07-01 21:00:00,2.3407,2.34098,2.33922,2.33928,979.0
2026-07-01 21:15:00,2.33935,2.3412,2.33935,2.34032,806.0
2026-07-01 21:30:00,2.3403,2.34059,2.33986,2.34023,1023.0
2026-07-01 21:45:00,2.34022,2.34052,2.33892,2.33917,852.0
2026-07-01 22:00:00,2.33918,2.3392,2.3382,2.3385,869.0
2026-07-01 22:15:00,2.33849,2.33932,2.33828,2.33914,702.0
2026-07-01 22:30:00,2.33918,2.33958,2.3388,2.33943,851.0
2026-07-01 22:45:00,2.33944,2.34046,2.3394,2.34044,835.0
2026-07-01 23:00:00,2.34046,2.34212,2.3398,2.34198,945.0
2026-07-01 23:15:00,2.34195,2.34316,2.34166,2.342,829.0
2026-07-01 23:30:00,2.342,2.342,2.34129,2.34156,778.0
2026-07-01 23:45:00,2.34164,2.34194,2.34132,2.34142,675.0
2026-07-02 00:00:00,2.34142,2.34151,2.34062,2.34144,845.0
2026-07-02 00:15:00,2.34144,2.34186,2.34098,2.34108,769.0
2026-07-02 00:30:00,2.34106,2.34129,2.34062,2.34073,588.0
2026-07-02 00:45:00,2.34076,2.34082,2.34016,2.34046,503.0
2026-07-02 01:00:00,2.3404,2.34077,2.34023,2.34058,536.0
2026-07-02 01:15:00,2.34058,2.3415,2.34036,2.3414,718.0
2026-07-02 01:30:00,2.34142,2.34199,2.34114,2.34132,752.0
2026-07-02 01:45:00,2.34134,2.34192,2.34099,2.34144,592.0
2026-07-02 02:00:00,2.34143,2.34244,2.34114,2.34212,628.0
2026-07-02 02:15:00,2.34212,2.34329,2.34204,2.3431,346.0
2026-07-02 02:30:00,2.34313,2.34318,2.34228,2.34292,243.0
2026-07-02 02:45:00,2.34282,2.3445,2.34192,2.34279,1949.0
2026-07-02 03:00:00,2.34276,2.34338,2.34241,2.34314,1933.0
2026-07-02 03:15:00,2.34317,2.34556,2.34314,2.3455,1547.0
2026-07-02 03:30:00,2.34553,2.34716,2.34532,2.34683,505.0
2026-07-02 03:45:00,2.34682,2.34866,2.34636,2.34846,442.0
2026-07-02 04:00:00,2.34852,2.34927,2.34819,2.3483,702.0
2026-07-02 04:15:00,2.3483,2.34858,2.34562,2.3464,485.0
2026-07-02 04:30:00,2.34644,2.347,2.34556,2.34682,409.0
2026-07-02 04:45:00,2.34672,2.34704,2.34567,2.34583,618.0
2026-07-02 05:00:00,2.34569,2.34694,2.34512,2.34608,348.0
2026-07-02 05:15:00,2.34608,2.34727,2.34597,2.34709,497.0
2026-07-02 05:30:00,2.3471,2.3471,2.34625,2.34673,262.0
2026-07-02 05:45:00,2.34682,2.34692,2.34544,2.34594,440.0
2026-07-02 06:00:00,2.34588,2.34688,2.34588,2.34658,406.0
2026-07-02 06:15:00,2.34647,2.34694,2.34566,2.34618,378.0
2026-07-02 06:30:00,2.34612,2.34674,2.34584,2.34674,322.0
2026-07-02 06:45:00,2.34661,2.34708,2.34635,2.34681,197.0
2026-07-02 07:00:00,2.34688,2.34732,2.34646,2.34702,368.0
2026-07-02 07:15:00,2.34704,2.34748,2.34694,2.34709,528.0
2026-07-02 07:30:00,2.34714,2.3475,2.34678,2.34723,676.0
2026-07-02 07:45:00,2.34728,2.3477,2.34656,2.34694,556.0
2026-07-02 08:00:00,2.34696,2.34714,2.34588,2.34668,757.0
2026-07-02 08:15:00,2.34664,2.3468,2.34504,2.34553,574.0
2026-07-02 08:30:00,2.34564,2.34713,2.34004,2.34092,5954.0
2026-07-02 08:45:00,2.34096,2.34461,2.34086,2.34449,3585.0
2026-07-02 09:00:00,2.3446,2.34537,2.3429,2.34349,1714.0
2026-07-02 09:15:00,2.34348,2.34544,2.34348,2.34498,1563.0
2026-07-02 09:30:00,2.34493,2.3452,2.34274,2.34322,1668.0
2026-07-02 09:45:00,2.34324,2.34362,2.34153,2.34294,1537.0
2026-07-02 10:00:00,2.34288,2.3442,2.34256,2.34291,2164.0
2026-07-02 10:15:00,2.3429,2.34498,2.34252,2.34485,1495.0
2026-07-02 10:30:00,2.34492,2.3453,2.34372,2.34436,1632.0
2026-07-02 10:45:00,2.34442,2.34542,2.34378,2.345,1761.0
2026-07-02 11:00:00,2.34498,2.34538,2.34325,2.34346,1798.0
2026-07-02 11:15:00,2.34338,2.34391,2.3426,2.34284,1695.0
2026-07-02 11:30:00,2.34291,2.34306,2.34146,2.34162,1721.0
2026-07-02 11:45:00,2.3416,2.34258,2.34154,2.3418,1448.0
2026-07-02 12:00:00,2.3419,2.3424,2.34155,2.34184,1424.0
2026-07-02 12:15:00,2.34182,2.34307,2.34147,2.34274,1104.0
2026-07-02 12:30:00,2.34271,2.3431,2.34251,2.34259,1004.0
2026-07-02 12:45:00,2.34258,2.34288,2.34234,2.34278,1134.0
2026-07-02 13:00:00,2.34275,2.34334,2.34224,2.3428,938.0
2026-07-02 13:15:00,2.3428,2.3428,2.34232,2.3426,662.0
2026-07-02 13:30:00,2.3426,2.34348,2.34227,2.34306,821.0
2026-07-02 13:45:00,2.34307,2.34329,2.34272,2.34311,1149.0
2026-07-02 14:00:00,2.3431,2.34338,2.34262,2.34298,1238.0
2026-07-02 14:15:00,2.34296,2.34326,2.34284,2.34298,1137.0
2026-07-02 14:30:00,2.34299,2.34319,2.34263,2.34279,907.0
2026-07-02 14:45:00,2.34278,2.34305,2.34258,2.34305,670.0
2026-07-02 15:00:00,2.34305,2.34338,2.34305,2.34334,190.0
2026-07-02 15:15:00,2.34334,2.34373,2.34322,2.34361,137.0
2026-07-02 15:30:00,2.34362,2.3438,2.34344,2.34358,197.0
2026-07-02 15:45:00,2.34348,2.34362,2.3426,2.34282,422.0
2026-07-02 16:00:00,2.34284,2.34318,2.34274,2.34296,366.0
2026-07-02 16:15:00,2.34296,2.34308,2.34263,2.34263,96.0
2026-07-02 16:30:00,2.34264,2.34288,2.34254,2.34265,160.0
2026-07-02 16:45:00,2.34268,2.34286,2.342,2.34245,324.0
2026-07-02 17:00:00,2.34313,2.3446,2.34206,2.3437,618.0
2026-07-02 17:15:00,2.34377,2.3441,2.33929,2.34005,969.0
2026-07-02 17:30:00,2.3397,2.34396,2.3397,2.34358,689.0
2026-07-02 17:45:00,2.34359,2.34431,2.3413,2.34145,719.0
2026-07-02 18:00:00,2.34131,2.34281,2.3411,2.3423,619.0
2026-07-02 18:15:00,2.3423,2.34279,2.3422,2.34276,69.0
2026-07-02 18:30:00,2.34276,2.34344,2.34276,2.34294,277.0
2026-07-02 18:45:00,2.34294,2.34323,2.3428,2.3432,391.0
2026-07-02 19:00:00,2.34318,2.34334,2.34294,2.34309,563.0
2026-07-02 19:15:00,2.34306,2.34371,2.34304,2.3434,388.0
2026-07-02 19:30:00,2.3434,2.3437,2.34318,2.34358,550.0
2026-07-02 19:45:00,2.34358,2.34368,2.34304,2.34322,863.0
2026-07-02 20:00:00,2.34322,2.34364,2.343,2.34309,1634.0
2026-07-02 20:15:00,2.34304,2.34327,2.34272,2.34325,1114.0
2026-07-02 20:30:00,2.34326,2.34402,2.34322,2.34363,1129.0
2026-07-02 20:45:00,2.34362,2.3438,2.34296,2.34345,1121.0
2026-07-02 21:00:00,2.34348,2.34372,2.34198,2.34209,1420.0
2026-07-02 21:15:00,2.34208,2.34246,2.34102,2.34152,1062.0
2026-07-02 21:30:00,2.34149,2.34154,2.34079,2.34096,1056.0
2026-07-02 21:45:00,2.34094,2.34156,2.34054,2.34054,1044.0
2026-07-02 22:00:00,2.34053,2.34082,2.33905,2.3401,921.0
2026-07-02 22:15:00,2.3401,2.34076,2.33992,2.34032,1022.0
2026-07-02 22:30:00,2.34032,2.34071,2.33988,2.33992,1238.0
2026-07-02 22:45:00,2.33992,2.34042,2.3397,2.34038,946.0
2026-07-02 23:00:00,2.3404,2.34052,2.33973,2.33976,866.0
2026-07-02 23:15:00,2.33977,2.34021,2.33974,2.33999,686.0
2026-07-02 23:30:00,2.33998,2.34074,2.33969,2.34068,749.0
2026-07-02 23:45:00,2.34068,2.34089,2.34025,2.34029,718.0
2026-07-03 00:00:00,2.3403,2.34077,2.3401,2.34028,756.0
2026-07-03 00:15:00,2.34029,2.34045,2.33944,2.33976,751.0
2026-07-03 00:30:00,2.33978,2.33991,2.33901,2.33916,842.0
2026-07-03 00:45:00,2.33919,2.33953,2.33902,2.3394,839.0
2026-07-03 01:00:00,2.3394,2.34013,2.33938,2.3397,1035.0
2026-07-03 01:15:00,2.33972,2.33976,2.33882,2.33893,872.0
2026-07-03 01:30:00,2.33896,2.33896,2.33842,2.33874,960.0
2026-07-03 01:45:00,2.3388,2.33882,2.33814,2.3384,1203.0
2026-07-03 02:00:00,2.33838,2.33842,2.33622,2.33622,922.0
2026-07-03 02:15:00,2.33632,2.33722,2.33592,2.33658,441.0
2026-07-03 02:30:00,2.33658,2.33698,2.33574,2.33604,663.0
2026-07-03 02:45:00,2.33604,2.33708,2.33574,2.33672,429.0
2026-07-03 03:00:00,2.33682,2.33684,2.33556,2.33578,547.0
2026-07-03 03:15:00,2.33584,2.33612,2.33542,2.33545,328.0
2026-07-03 03:30:00,2.33556,2.33678,2.33544,2.33668,352.0
2026-07-03 03:45:00,2.33669,2.3372,2.33619,2.3372,465.0
2026-07-03 04:00:00,2.33723,2.33736,2.3367,2.33689,348.0
2026-07-03 04:15:00,2.33688,2.33704,2.33628,2.33684,233.0
2026-07-03 04:30:00,2.33678,2.33678,2.33566,2.33582,420.0
2026-07-03 04:45:00,2.33574,2.33709,2.33568,2.33695,356.0
2026-07-03 05:00:00,2.33704,2.33738,2.33585,2.33594,214.0
2026-07-03 05:15:00,2.33601,2.33721,2.33601,2.33714,138.0
2026-07-03 05:30:00,2.33722,2.3376,2.33705,2.33714,100.0
2026-07-03 05:45:00,2.33712,2.33746,2.33643,2.33707,130.0
2026-07-03 06:00:00,2.33712,2.33732,2.3365,2.3372,253.0
2026-07-03 06:15:00,2.33724,2.33799,2.33706,2.33778,287.0
2026-07-03 06:30:00,2.33773,2.33804,2.3376,2.33796,169.0
2026-07-03 06:45:00,2.33794,2.33855,2.33793,2.33842,104.0
2026-07-03 07:00:00,2.33844,2.33863,2.33776,2.3379,158.0
2026-07-03 07:15:00,2.33788,2.33835,2.33756,2.33802,272.0
2026-07-03 07:30:00,2.33813,2.33844,2.33782,2.3379,189.0
2026-07-03 07:45:00,2.33792,2.33882,2.3378,2.33861,302.0
2026-07-03 08:00:00,2.33868,2.33954,2.3386,2.33954,298.0
2026-07-03 08:15:00,2.33954,2.33954,2.33879,2.33913,261.0
2026-07-03 08:30:00,2.33914,2.3394,2.33893,2.33902,293.0
2026-07-03 08:45:00,2.3391,2.33924,2.33883,2.33916,162.0
2026-07-03 09:00:00,2.33911,2.33927,2.33828,2.3387,180.0
2026-07-03 09:15:00,2.33864,2.33896,2.33827,2.33846,170.0
2026-07-03 09:30:00,2.33836,2.33879,2.33822,2.33857,628.0
2026-07-03 09:45:00,2.33854,2.33874,2.33798,2.33832,325.0
2026-07-03 10:00:00,2.33824,2.3386,2.33782,2.33816,170.0
2026-07-03 10:15:00,2.33811,2.33903,2.33808,2.3386,212.0
2026-07-03 10:30:00,2.33851,2.339,2.33816,2.3388,142.0
2026-07-03 10:45:00,2.33871,2.34018,2.33871,2.34018,306.0
2026-07-03 11:00:00,2.34013,2.34021,2.33855,2.3388,308.0
2026-07-03 11:15:00,2.33879,2.33958,2.3387,2.33958,178.0
2026-07-03 11:30:00,2.33949,2.3397,2.3391,2.33922,112.0
2026-07-03 11:45:00,2.33926,2.33982,2.33918,2.33967,102.0
2026-07-03 12:00:00,2.3396,2.34,2.3391,2.33986,67.0
2026-07-03 12:15:00,2.33985,2.33985,2.33928,2.33944,76.0
2026-07-03 12:30:00,2.33935,2.33937,2.33916,2.33925,55.0
2026-07-03 12:45:00,2.33934,2.33934,2.33896,2.33902,52.0
2026-07-03 13:00:00,2.33906,2.33967,2.33902,2.33939,61.0
2026-07-03 13:15:00,2.33948,2.33954,2.33934,2.33939,135.0
2026-07-03 13:30:00,2.33937,2.33954,2.3392,2.33936,80.0
2026-07-03 13:45:00,2.33938,2.33979,2.33936,2.33974,35.0
2026-07-03 14:00:00,2.3398,2.33998,2.33921,2.33942,44.0
2026-07-03 14:15:00,2.33944,2.33966,2.33939,2.33942,45.0
2026-07-03 14:30:00,2.33944,2.33944,2.33929,2.33943,36.0
2026-07-03 14:45:00,2.33952,2.33958,2.3393,2.33949,131.0
2026-07-03 15:00:00,2.33942,2.34008,2.33936,2.33946,372.0
2026-07-03 15:15:00,2.33942,2.33977,2.33922,2.3397,501.0
2026-07-03 15:30:00,2.33971,2.3401,2.33958,2.33988,191.0
2026-07-03 15:45:00,2.33988,2.34022,2.33955,2.33978,442.0
2026-07-03 16:00:00,2.33978,2.34071,2.33911,2.33928,1240.0
2026-07-03 16:15:00,2.33928,2.3402,2.33916,2.33964,576.0
2026-07-03 16:30:00,2.3397,2.34006,2.33912,2.33943,1302.0
2026-07-03 16:45:00,2.33948,2.3403,2.33712,2.3376,1759.0
2026-07-05 17:00:00,2.33695,2.33771,2.33695,2.33771,2.0
2026-07-05 17:15:00,2.33796,2.33848,2.33728,2.33789,64.0
2026-07-05 17:30:00,2.33803,2.33832,2.33723,2.33723,1162.0
2026-07-05 17:45:00,2.33744,2.33856,2.33667,2.33682,221.0
2026-07-05 18:00:00,2.33702,2.33984,2.33702,2.33961,518.0
2026-07-05 18:15:00,2.33962,2.34067,2.3394,2.34037,440.0
2026-07-05 18:30:00,2.34036,2.34036,2.33976,2.34014,114.0
2026-07-05 18:45:00,2.3401,2.34072,2.33998,2.34048,56.0
2026-07-05 19:00:00,2.3405,2.34158,2.3405,2.34146,110.0
2026-07-05 19:15:00,2.3414,2.3414,2.34082,2.34102,480.0
2026-07-05 19:30:00,2.341,2.34192,2.3409,2.34174,644.0
2026-07-05 19:45:00,2.34176,2.34216,2.34128,2.34195,846.0
2026-07-05 20:00:00,2.34204,2.34335,2.34185,2.34224,895.0
2026-07-05 20:15:00,2.34223,2.34256,2.34141,2.34246,852.0
2026-07-05 20:30:00,2.34247,2.34276,2.34152,2.34182,1014.0
2026-07-05 20:45:00,2.34182,2.34248,2.34144,2.34241,819.0
2026-07-05 21:00:00,2.3424,2.34391,2.34235,2.34371,533.0
2026-07-05 21:15:00,2.34376,2.34524,2.34376,2.34506,523.0
2026-07-05 21:30:00,2.34506,2.3457,2.34461,2.34474,754.0
2026-07-05 21:45:00,2.34474,2.34577,2.34456,2.34571,684.0
2026-07-05 22:00:00,2.34568,2.34574,2.34515,2.3454,824.0
2026-07-05 22:15:00,2.34542,2.34622,2.34526,2.3457,784.0
2026-07-05 22:30:00,2.34577,2.3464,2.3457,2.34632,475.0
2026-07-05 22:45:00,2.34629,2.34646,2.34524,2.34534,740.0
2026-07-05 23:00:00,2.34544,2.34618,2.3452,2.34618,766.0
2026-07-05 23:15:00,2.3461,2.34715,2.34581,2.34694,416.0
2026-07-05 23:30:00,2.34692,2.34752,2.3466,2.34665,520.0
2026-07-05 23:45:00,2.34668,2.34682,2.34572,2.34574,867.0
2026-07-06 00:00:00,2.34578,2.34586,2.34486,2.34511,1020.0
2026-07-06 00:15:00,2.34509,2.34565,2.34442,2.34562,941.0
2026-07-06 00:30:00,2.34562,2.34564,2.34506,2.34532,644.0
2026-07-06 00:45:00,2.34533,2.34548,2.3448,2.34492,896.0
2026-07-06 01:00:00,2.34484,2.34552,2.3448,2.34522,819.0
2026-07-06 01:15:00,2.34522,2.34627,2.34502,2.34604,724.0
2026-07-06 01:30:00,2.34604,2.34678,2.34553,2.34556,723.0
2026-07-06 01:45:00,2.34552,2.34663,2.34547,2.34663,642.0
2026-07-06 02:00:00,2.34658,2.34658,2.34573,2.34586,581.0
2026-07-06 02:15:00,2.34589,2.34674,2.34565,2.34614,419.0
2026-07-06 02:30:00,2.3462,2.34643,2.3455,2.3455,334.0
2026-07-06 02:45:00,2.34544,2.34608,2.34516,2.34538,323.0
2026-07-06 03:00:00,2.34534,2.34562,2.34469,2.34536,430.0
2026-07-06 03:15:00,2.34543,2.34553,2.34427,2.34548,517.0
2026-07-06 03:30:00,2.34558,2.34621,2.34534,2.34534,268.0
2026-07-06 03:45:00,2.34536,2.34621,2.3452,2.34614,371.0
2026-07-06 04:00:00,2.34605,2.34646,2.34571,2.34617,363.0
2026-07-06 04:15:00,2.3462,2.34666,2.34578,2.34644,200.0
2026-07-06 04:30:00,2.3465,2.34677,2.34601,2.34636,161.0
2026-07-06 04:45:00,2.34632,2.347,2.34608,2.34696,145.0
2026-07-06 05:00:00,2.34702,2.34753,2.34654,2.34665,406.0
2026-07-06 05:15:00,2.34663,2.34742,2.34658,2.34704,442.0
2026-07-06 05:30:00,2.34711,2.34772,2.34694,2.34732,530.0
2026-07-06 05:45:00,2.34733,2.34746,2.34659,2.34728,180.0
2026-07-06 06:00:00,2.34733,2.34772,2.34714,2.3473,312.0
2026-07-06 06:15:00,2.34741,2.34764,2.34672,2.34672,256.0
2026-07-06 06:30:00,2.34672,2.34741,2.34634,2.34741,234.0
2026-07-06 06:45:00,2.34748,2.34748,2.34646,2.34686,299.0
2026-07-06 07:00:00,2.34696,2.34722,2.34654,2.3467,502.0
2026-07-06 07:15:00,2.34668,2.34706,2.34638,2.34702,360.0
2026-07-06 07:30:00,2.34711,2.34734,2.34674,2.347,400.0
2026-07-06 07:45:00,2.347,2.34781,2.3469,2.34764,718.0
2026-07-06 08:00:00,2.3476,2.34822,2.34721,2.34721,422.0
2026-07-06 08:15:00,2.34722,2.34814,2.34702,2.34792,692.0
2026-07-06 08:30:00,2.34792,2.34994,2.34774,2.34974,594.0
2026-07-06 08:45:00,2.34974,2.35032,2.34905,2.34956,287.0
2026-07-06 09:00:00,2.34952,2.35024,2.34934,2.35019,475.0
2026-07-06 09:15:00,2.35029,2.35053,2.34944,2.35031,751.0
2026-07-06 09:30:00,2.3503,2.35058,2.34847,2.34862,520.0
2026-07-06 09:45:00,2.34858,2.34952,2.34812,2.34924,884.0
2026-07-06 10:00:00,2.34924,2.34985,2.34872,2.34882,840.0
2026-07-06 10:15:00,2.34878,2.3501,2.3487,2.34952,1023.0
2026-07-06 10:30:00,2.3495,2.3499,2.34888,2.34944,898.0
2026-07-06 10:45:00,2.34946,2.34979,2.34878,2.34972,1027.0
2026-07-06 11:00:00,2.34976,2.34982,2.34914,2.34946,742.0
2026-07-06 11:15:00,2.34938,2.34959,2.34844,2.34864,971.0
2026-07-06 11:30:00,2.34866,2.3491,2.34844,2.34866,669.0
2026-07-06 11:45:00,2.34868,2.34941,2.34844,2.34934,592.0
2026-07-06 12:00:00,2.34933,2.34941,2.34868,2.34868,822.0
2026-07-06 12:15:00,2.34872,2.3493,2.34826,2.34926,779.0
2026-07-06 12:30:00,2.34926,2.34926,2.34864,2.34878,474.0
2026-07-06 12:45:00,2.34878,2.34918,2.34849,2.34892,559.0
