Timestamp,Open,High,Low,Close,Volume
2026-03-10 04:00:00,1.71293,1.71366,1.71218,1.71296,3703.0
2026-03-10 05:00:00,1.71302,1.71304,1.71204,1.71218,1989.0
2026-03-10 06:00:00,1.7121,1.71272,1.71017,1.71108,5336.0
2026-03-10 07:00:00,1.7111,1.71198,1.71002,1.71008,9529.0
2026-03-10 08:00:00,1.71012,1.71088,1.70987,1.71034,5056.0
2026-03-10 09:00:00,1.71032,1.7128,1.71029,1.71128,4185.0
2026-03-10 10:00:00,1.71127,1.71162,1.71022,1.7114,4135.0
2026-03-10 11:00:00,1.71135,1.71154,1.70966,1.70998,2736.0
2026-03-10 12:00:00,1.70994,1.7111,1.70951,1.71036,2280.0
2026-03-10 13:00:00,1.71036,1.71132,1.70984,1.71066,2967.0
2026-03-10 14:00:00,1.71072,1.71072,1.70848,1.7088,6916.0
2026-03-10 15:00:00,1.70886,1.70954,1.70855,1.70864,2711.0
2026-03-10 16:00:00,1.70872,1.70926,1.70776,1.70776,1555.0
2026-03-10 17:00:00,1.70792,1.71009,1.70792,1.70879,1100.0
2026-03-10 18:00:00,1.70864,1.70903,1.70816,1.70874,874.0
2026-03-10 19:00:00,1.70872,1.70917,1.7084,1.7087,873.0
2026-03-10 20:00:00,1.70872,1.70976,1.70842,1.70924,2428.0
2026-03-10 21:00:00,1.7093,1.71066,1.7091,1.71042,1677.0
2026-03-10 22:00:00,1.71044,1.71066,1.70946,1.7099,1132.0
2026-03-10 23:00:00,1.70996,1.7102,1.70954,1.71002,1168.0
2026-03-11 00:00:00,1.71008,1.71012,1.70947,1.70967,1221.0
2026-03-11 01:00:00,1.70961,1.71004,1.70888,1.70892,677.0
2026-03-11 02:00:00,1.7089,1.70968,1.70868,1.70962,1360.0
2026-03-11 03:00:00,1.70955,1.70982,1.70826,1.70942,3157.0
2026-03-11 04:00:00,1.70938,1.70954,1.70734,1.70882,2560.0
2026-03-11 05:00:00,1.70887,1.70936,1.70701,1.70882,2802.0
2026-03-11 06:00:00,1.70876,1.71092,1.70836,1.7108,1636.0
2026-03-11 07:00:00,1.71074,1.71115,1.70896,1.70957,1827.0
2026-03-11 08:00:00,1.70964,1.71042,1.70716,1.70781,2876.0
2026-03-11 09:00:00,1.7077,1.70915,1.70596,1.70734,2541.0
2026-03-11 10:00:00,1.70728,1.7093,1.70716,1.70836,3581.0
2026-03-11 11:00:00,1.70827,1.70878,1.70643,1.70734,1483.0
2026-03-11 12:00:00,1.70736,1.70859,1.70712,1.70832,1593.0
2026-03-11 13:00:00,1.70832,1.70912,1.70802,1.70882,1232.0
2026-03-11 14:00:00,1.70888,1.70956,1.70818,1.70928,1159.0
2026-03-11 15:00:00,1.70922,1.70971,1.7089,1.70943,1045.0
2026-03-11 16:00:00,1.70944,1.70977,1.7086,1.70932,652.0
2026-03-11 17:00:00,1.70898,1.70942,1.70863,1.7093,2910.0
2026-03-11 18:00:00,1.70904,1.70961,1.70717,1.70728,2101.0
2026-03-11 19:00:00,1.70731,1.708,1.70691,1.7073,849.0
2026-03-11 20:00:00,1.70729,1.70797,1.70669,1.70672,717.0
2026-03-11 21:00:00,1.70684,1.70738,1.70641,1.7069,652.0
2026-03-11 22:00:00,1.70693,1.70717,1.70591,1.70592,649.0
2026-03-11 23:00:00,1.70599,1.7065,1.70585,1.7065,488.0
2026-03-12 00:00:00,1.70658,1.70658,1.70588,1.70603,348.0
2026-03-12 01:00:00,1.70604,1.7063,1.70534,1.70612,754.0
2026-03-12 02:00:00,1.70609,1.70681,1.70558,1.7068,676.0
2026-03-12 03:00:00,1.70678,1.7077,1.70666,1.70769,1293.0
2026-03-12 04:00:00,1.70772,1.70805,1.70605,1.70703,1744.0
2026-03-12 05:00:00,1.70704,1.70782,1.70643,1.70717,2105.0
2026-03-12 06:00:00,1.70724,1.7078,1.70642,1.70764,1227.0
2026-03-12 07:00:00,1.70757,1.70872,1.70726,1.70802,914.0
2026-03-12 08:00:00,1.70803,1.7081,1.70524,1.70669,1836.0
2026-03-12 09:00:00,1.70672,1.7084,1.70658,1.70756,3216.0
2026-03-12 10:00:00,1.70755,1.7079,1.70645,1.70697,2859.0
2026-03-12 11:00:00,1.70691,1.7071,1.70576,1.70597,2870.0
2026-03-12 12:00:00,1.70602,1.70699,1.70542,1.70607,2408.0
2026-03-12 13:00:00,1.7061,1.70737,1.70593,1.70737,1338.0
2026-03-12 14:00:00,1.70736,1.70762,1.70666,1.70687,942.0
2026-03-12 15:00:00,1.70679,1.70754,1.70656,1.7075,613.0
2026-03-12 16:00:00,1.70744,1.70783,1.70636,1.70656,1012.0
2026-03-12 17:00:00,1.70509,1.70687,1.70509,1.70631,674.0
2026-03-12 18:00:00,1.70613,1.70795,1.7054,1.70751,760.0
2026-03-12 19:00:00,1.70752,1.70773,1.70682,1.7071,1674.0
2026-03-12 20:00:00,1.70714,1.70818,1.70706,1.70806,675.0
2026-03-12 21:00:00,1.70812,1.70848,1.70767,1.70771,579.0
2026-03-12 22:00:00,1.70778,1.70778,1.70682,1.70728,719.0
2026-03-12 23:00:00,1.70726,1.70739,1.70658,1.70678,880.0
2026-03-13 00:00:00,1.70675,1.70679,1.70559,1.70569,1364.0
2026-03-13 01:00:00,1.70568,1.70609,1.70537,1.70602,1327.0
2026-03-13 02:00:00,1.70608,1.70622,1.70443,1.70449,1376.0
2026-03-13 03:00:00,1.70449,1.70449,1.701,1.70147,1896.0
2026-03-13 04:00:00,1.70152,1.70157,1.69792,1.69792,2673.0
2026-03-13 05:00:00,1.69793,1.69998,1.69793,1.69881,2152.0
2026-03-13 06:00:00,1.69882,1.6997,1.69782,1.69805,1823.0
2026-03-13 07:00:00,1.69806,1.69824,1.69602,1.69604,1871.0
2026-03-13 08:00:00,1.69598,1.69917,1.69581,1.69788,2831.0
2026-03-13 09:00:00,1.69796,1.69926,1.69728,1.69874,2769.0
2026-03-13 10:00:00,1.69876,1.69906,1.69762,1.69812,2298.0
2026-03-13 11:00:00,1.6981,1.69838,1.69688,1.6981,2467.0
2026-03-13 12:00:00,1.69804,1.69866,1.69728,1.69866,1817.0
2026-03-13 13:00:00,1.69866,1.69934,1.6982,1.69923,1355.0
2026-03-13 14:00:00,1.69929,1.6996,1.69835,1.69911,947.0
2026-03-13 15:00:00,1.69906,1.69916,1.69768,1.6981,619.0
2026-03-13 16:00:00,1.6981,1.69852,1.69643,1.6972,843.0
2026-03-15 17:00:00,1.69976,1.69995,1.6968,1.69831,412.0
2026-03-15 18:00:00,1.69854,1.69928,1.69732,1.69849,3330.0
2026-03-15 19:00:00,1.69856,1.69914,1.69806,1.69888,1919.0
2026-03-15 20:00:00,1.69887,1.69923,1.69844,1.69917,1135.0
2026-03-15 21:00:00,1.69922,1.69946,1.69838,1.69866,1064.0
2026-03-15 22:00:00,1.69873,1.69878,1.69814,1.69847,584.0
2026-03-15 23:00:00,1.6985,1.69944,1.69822,1.699,652.0
2026-03-16 00:00:00,1.699,1.69908,1.6983,1.69842,413.0
2026-03-16 01:00:00,1.6985,1.69872,1.69804,1.69812,631.0
2026-03-16 02:00:00,1.69808,1.69867,1.69716,1.69804,773.0
2026-03-16 03:00:00,1.69806,1.69822,1.69678,1.69782,1072.0
2026-03-16 04:00:00,1.6978,1.69822,1.69672,1.69753,1406.0
2026-03-16 05:00:00,1.6975,1.69756,1.6959,1.6966,987.0
2026-03-16 06:00:00,1.6966,1.69818,1.69658,1.69756,1323.0
2026-03-16 07:00:00,1.69756,1.69852,1.69703,1.6984,773.0
2026-03-16 08:00:00,1.69846,1.69915,1.69822,1.69836,1386.0
2026-03-16 09:00:00,1.69838,1.70019,1.69808,1.69986,1688.0
2026-03-16 10:00:00,1.6998,1.70046,1.69952,1.69977,1402.0
2026-03-16 11:00:00,1.69982,1.70218,1.69965,1.7016,993.0
2026-03-16 12:00:00,1.70159,1.70202,1.70054,1.70134,1155.0
2026-03-16 13:00:00,1.70142,1.70216,1.70098,1.70109,1191.0
2026-03-16 14:00:00,1.7011,1.70316,1.7011,1.70282,767.0
2026-03-16 15:00:00,1.7029,1.70333,1.70218,1.7024,839.0
2026-03-16 16:00:00,1.70245,1.70256,1.70164,1.70204,485.0
2026-03-16 17:00:00,1.70369,1.70525,1.70208,1.70321,911.0
2026-03-16 18:00:00,1.70232,1.70359,1.7014,1.70145,597.0
2026-03-16 19:00:00,1.70154,1.70206,1.70124,1.70181,351.0
2026-03-16 20:00:00,1.70176,1.7019,1.70073,1.701,1417.0
2026-03-16 21:00:00,1.70093,1.70146,1.70014,1.70134,1026.0
2026-03-16 22:00:00,1.70127,1.70146,1.70076,1.7013,599.0
2026-03-16 23:00:00,1.70122,1.70206,1.70112,1.70118,778.0
2026-03-17 00:00:00,1.70117,1.70198,1.7011,1.7015,561.0
2026-03-17 01:00:00,1.70151,1.70165,1.69964,1.69994,941.0
2026-03-17 02:00:00,1.70002,1.70013,1.69872,1.70002,1444.0
2026-03-17 03:00:00,1.70006,1.70198,1.69992,1.7014,1126.0
2026-03-17 04:00:00,1.7013,1.7034,1.70087,1.70318,1774.0
2026-03-17 05:00:00,1.70323,1.70405,1.70292,1.70396,1906.0
2026-03-17 06:00:00,1.70383,1.70424,1.70304,1.7031,1507.0
2026-03-17 07:00:00,1.70315,1.70412,1.70164,1.7019,1744.0
2026-03-17 08:00:00,1.70194,1.7034,1.70141,1.70283,1845.0
2026-03-17 09:00:00,1.70289,1.70489,1.70289,1.70393,2239.0
2026-03-17 10:00:00,1.70391,1.70503,1.70328,1.70408,2032.0
2026-03-17 11:00:00,1.70404,1.70468,1.70369,1.704,2529.0
2026-03-17 12:00:00,1.70394,1.70432,1.70339,1.70412,1948.0
2026-03-17 13:00:00,1.70412,1.70472,1.70378,1.70468,1859.0
2026-03-17 14:00:00,1.70471,1.70512,1.7046,1.70461,829.0
2026-03-17 15:00:00,1.70469,1.7054,1.70446,1.7046,583.0
2026-03-17 16:00:00,1.70457,1.70507,1.70421,1.7047,1295.0
2026-03-17 17:00:00,1.70511,1.70581,1.70496,1.70532,463.0
2026-03-17 18:00:00,1.70534,1.70602,1.70482,1.70538,3729.0
2026-03-17 19:00:00,1.70532,1.70549,1.7048,1.70485,995.0
2026-03-17 20:00:00,1.70486,1.70526,1.70443,1.70443,4202.0
2026-03-17 21:00:00,1.70444,1.70498,1.7043,1.70445,1181.0
2026-03-17 22:00:00,1.7045,1.70492,1.7042,1.70485,1347.0
2026-03-17 23:00:00,1.70486,1.70544,1.70444,1.70539,1233.0
2026-03-18 00:00:00,1.7054,1.70567,1.70512,1.70558,1063.0
2026-03-18 01:00:00,1.7056,1.70631,1.70548,1.70624,1357.0
2026-03-18 02:00:00,1.70618,1.70629,1.7055,1.70566,1159.0
2026-03-18 03:00:00,1.70568,1.70624,1.70457,1.70509,1527.0
2026-03-18 04:00:00,1.70514,1.7059,1.70415,1.70474,1608.0
2026-03-18 05:00:00,1.70474,1.7055,1.70424,1.70536,1481.0
2026-03-18 06:00:00,1.70537,1.70573,1.70458,1.70529,1523.0
2026-03-18 07:00:00,1.70537,1.7066,1.70511,1.70602,2285.0
2026-03-18 08:00:00,1.70606,1.70654,1.70461,1.70514,3742.0
2026-03-18 09:00:00,1.7052,1.70638,1.70484,1.70544,3013.0
2026-03-18 10:00:00,1.70538,1.70602,1.7036,1.70577,2552.0
2026-03-18 11:00:00,1.70578,1.7062,1.70429,1.70512,2452.0
2026-03-18 12:00:00,1.70514,1.70693,1.70506,1.70687,1781.0
2026-03-18 13:00:00,1.70687,1.70789,1.70594,1.70677,1186.0
2026-03-18 14:00:00,1.70622,1.70797,1.7041,1.70416,4816.0
2026-03-18 15:00:00,1.70411,1.70456,1.70305,1.70357,1855.0
2026-03-18 16:00:00,1.70365,1.7037,1.70181,1.7021,1297.0
2026-03-18 17:00:00,1.70175,1.7035,1.70175,1.70307,681.0
2026-03-18 18:00:00,1.70304,1.70323,1.70048,1.70222,702.0
2026-03-18 19:00:00,1.70217,1.7027,1.70204,1.7025,589.0
2026-03-18 20:00:00,1.70245,1.70373,1.70229,1.7037,1077.0
2026-03-18 21:00:00,1.70365,1.7042,1.70313,1.7032,969.0
2026-03-18 22:00:00,1.70317,1.70381,1.70292,1.70322,1295.0
2026-03-18 23:00:00,1.70329,1.70395,1.70308,1.70348,686.0
2026-03-19 00:00:00,1.70344,1.7035,1.70228,1.70266,1218.0
2026-03-19 01:00:00,1.70262,1.70267,1.70162,1.70189,705.0
2026-03-19 02:00:00,1.70198,1.7028,1.70174,1.70204,2031.0
2026-03-19 03:00:00,1.70206,1.70335,1.70096,1.7023,2727.0
2026-03-19 04:00:00,1.70236,1.70243,1.70039,1.70098,2708.0
2026-03-19 05:00:00,1.70099,1.70416,1.7009,1.70337,2851.0
2026-03-19 06:00:00,1.70328,1.70405,1.70275,1.70354,1779.0
2026-03-19 07:00:00,1.70347,1.7054,1.7033,1.70519,2376.0
2026-03-19 08:00:00,1.70502,1.7075,1.70488,1.70626,4777.0
2026-03-19 09:00:00,1.70624,1.7108,1.7048,1.71023,8501.0
2026-03-19 10:00:00,1.71042,1.71232,1.70916,1.71178,7440.0
2026-03-19 11:00:00,1.71173,1.71378,1.71062,1.71116,4279.0
2026-03-19 12:00:00,1.7112,1.71208,1.71021,1.71122,4619.0
2026-03-19 13:00:00,1.71114,1.71463,1.71112,1.71426,2030.0
2026-03-19 14:00:00,1.71422,1.71508,1.71364,1.7148,1386.0
2026-03-19 15:00:00,1.71484,1.7177,1.71481,1.7155,6292.0
2026-03-19 16:00:00,1.71555,1.7162,1.71486,1.71544,869.0
2026-03-19 17:00:00,1.71605,1.71733,1.71476,1.71541,440.0
2026-03-19 18:00:00,1.7153,1.7165,1.71504,1.71562,834.0
2026-03-19 19:00:00,1.7156,1.71588,1.7152,1.71559,643.0
2026-03-19 20:00:00,1.71552,1.71575,1.71468,1.7152,1290.0
2026-03-19 21:00:00,1.71526,1.71543,1.71458,1.71467,1090.0
2026-03-19 22:00:00,1.71472,1.7156,1.7146,1.71532,646.0
2026-03-19 23:00:00,1.71535,1.71581,1.71502,1.71534,505.0
2026-03-20 00:00:00,1.71526,1.71591,1.71512,1.71563,476.0
2026-03-20 01:00:00,1.71566,1.71608,1.7153,1.7153,651.0
2026-03-20 02:00:00,1.71536,1.7163,1.71536,1.71564,745.0
2026-03-20 03:00:00,1.7157,1.71698,1.7154,1.71634,2274.0
2026-03-20 04:00:00,1.71633,1.71755,1.71584,1.71586,2145.0
2026-03-20 05:00:00,1.71579,1.71602,1.7132,1.7132,2181.0
2026-03-20 06:00:00,1.71322,1.71347,1.7118,1.71236,2614.0
2026-03-20 07:00:00,1.71234,1.71308,1.71192,1.71285,2563.0
2026-03-20 08:00:00,1.71288,1.71424,1.71166,1.71206,3923.0
2026-03-20 09:00:00,1.71205,1.71226,1.71054,1.71124,3463.0
2026-03-20 10:00:00,1.71121,1.71124,1.7065,1.70652,3976.0
2026-03-20 11:00:00,1.70658,1.71005,1.70526,1.70578,3624.0
2026-03-20 12:00:00,1.70576,1.70774,1.70573,1.70712,2160.0
2026-03-20 13:00:00,1.7071,1.70959,1.70697,1.70908,2309.0
2026-03-20 14:00:00,1.70912,1.71083,1.70904,1.7092,2299.0
2026-03-20 15:00:00,1.70923,1.71052,1.70868,1.70982,2044.0
2026-03-20 16:00:00,1.70979,1.71152,1.7096,1.71086,3351.0
2026-03-22 17:00:00,1.70563,1.70824,1.70563,1.7064,184.0
2026-03-22 18:00:00,1.7067,1.7091,1.70608,1.70876,1337.0
2026-03-22 19:00:00,1.70883,1.70956,1.7086,1.70922,874.0
2026-03-22 20:00:00,1.70921,1.70957,1.70802,1.7089,2229.0
2026-03-22 21:00:00,1.70896,1.71114,1.70878,1.71,1913.0
2026-03-22 22:00:00,1.71004,1.71052,1.70877,1.70909,1751.0
2026-03-22 23:00:00,1.70907,1.70946,1.70826,1.70835,1283.0
2026-03-23 00:00:00,1.70841,1.70918,1.70836,1.70906,665.0
2026-03-23 01:00:00,1.70902,1.7093,1.70735,1.70744,1161.0
2026-03-23 02:00:00,1.70738,1.70752,1.7053,1.70582,1198.0
2026-03-23 03:00:00,1.70584,1.70756,1.70522,1.70613,3111.0
2026-03-23 04:00:00,1.70614,1.71005,1.706,1.70834,3673.0
2026-03-23 05:00:00,1.7083,1.70924,1.70535,1.70568,2340.0
2026-03-23 06:00:00,1.70576,1.70681,1.70483,1.7061,2899.0
2026-03-23 07:00:00,1.70616,1.71671,1.7046,1.70862,31059.0
2026-03-23 08:00:00,1.70862,1.71192,1.708,1.71178,24088.0
2026-03-23 09:00:00,1.71182,1.71203,1.70954,1.71048,18061.0
2026-03-23 10:00:00,1.71055,1.71593,1.71002,1.7131,14677.0
2026-03-23 11:00:00,1.71304,1.71403,1.70976,1.70993,12881.0
2026-03-23 12:00:00,1.70992,1.71207,1.70938,1.7109,9160.0
2026-03-23 13:00:00,1.7109,1.71256,1.71046,1.71224,6896.0
2026-03-23 14:00:00,1.71222,1.71391,1.71137,1.71352,6426.0
2026-03-23 15:00:00,1.71347,1.71358,1.71216,1.71226,3354.0
2026-03-23 16:00:00,1.71222,1.71256,1.7112,1.71156,1098.0
2026-03-23 17:00:00,1.71116,1.71213,1.71049,1.71196,923.0
2026-03-23 18:00:00,1.71175,1.71237,1.7106,1.7121,861.0
2026-03-23 19:00:00,1.71207,1.7123,1.71134,1.71218,1398.0
2026-03-23 20:00:00,1.71218,1.71248,1.71116,1.71201,3019.0
2026-03-23 21:00:00,1.71196,1.71262,1.71114,1.71258,1909.0
2026-03-23 22:00:00,1.71261,1.71365,1.71226,1.71299,1314.0
2026-03-23 23:00:00,1.71304,1.71398,1.71276,1.71374,742.0
2026-03-24 00:00:00,1.71384,1.71391,1.713,1.7134,545.0
2026-03-24 01:00:00,1.71347,1.71365,1.71264,1.7133,1357.0
2026-03-24 02:00:00,1.71326,1.71509,1.71326,1.71456,1921.0
2026-03-24 03:00:00,1.71446,1.71634,1.71436,1.71594,3954.0
2026-03-24 04:00:00,1.71592,1.71597,1.71214,1.71252,4414.0
2026-03-24 05:00:00,1.71252,1.71418,1.71216,1.71399,2271.0
2026-03-24 06:00:00,1.71394,1.71466,1.71339,1.71435,2557.0
2026-03-24 07:00:00,1.71434,1.71571,1.71392,1.71407,2991.0
2026-03-24 08:00:00,1.71414,1.71512,1.71353,1.71416,2432.0
2026-03-24 09:00:00,1.71419,1.71419,1.7118,1.71212,3941.0
2026-03-24 10:00:00,1.71211,1.71606,1.712,1.71362,5712.0
2026-03-24 11:00:00,1.71357,1.71415,1.71174,1.71256,4073.0
2026-03-24 12:00:00,1.71253,1.71333,1.7121,1.71274,2307.0
2026-03-24 13:00:00,1.71276,1.71304,1.71141,1.71285,4312.0
2026-03-24 14:00:00,1.7128,1.71342,1.71158,1.71302,3043.0
2026-03-24 15:00:00,1.71298,1.71318,1.71221,1.71272,1368.0
2026-03-24 16:00:00,1.71274,1.71516,1.71257,1.71373,5159.0
2026-03-24 17:00:00,1.71328,1.71504,1.71302,1.71482,4905.0
2026-03-24 18:00:00,1.71506,1.71546,1.71326,1.71438,1480.0
2026-03-24 19:00:00,1.7144,1.71472,1.71352,1.71375,1147.0
2026-03-24 20:00:00,1.71376,1.71568,1.71346,1.71482,1923.0
2026-03-24 21:00:00,1.71482,1.71563,1.71402,1.71409,986.0
2026-03-24 22:00:00,1.71415,1.71434,1.71296,1.71398,850.0
2026-03-24 23:00:00,1.714,1.71424,1.71332,1.71343,560.0
2026-03-25 00:00:00,1.7134,1.71366,1.71282,1.71288,636.0
2026-03-25 01:00:00,1.71288,1.7131,1.71114,1.71124,805.0
2026-03-25 02:00:00,1.71128,1.71322,1.71126,1.71214,1552.0
2026-03-25 03:00:00,1.71208,1.71432,1.71174,1.71401,2905.0
2026-03-25 04:00:00,1.71404,1.71624,1.71388,1.71468,3749.0
2026-03-25 05:00:00,1.71464,1.71505,1.71376,1.71422,2792.0
2026-03-25 06:00:00,1.71428,1.71559,1.7142,1.71533,3192.0
2026-03-25 07:00:00,1.71537,1.7161,1.71477,1.71503,2535.0
2026-03-25 08:00:00,1.71506,1.71596,1.7135,1.71377,4056.0
2026-03-25 09:00:00,1.71386,1.71419,1.71238,1.71262,3115.0
2026-03-25 10:00:00,1.71266,1.71272,1.7107,1.71236,4337.0
2026-03-25 11:00:00,1.71239,1.71314,1.71126,1.71188,4055.0
2026-03-25 12:00:00,1.71186,1.71305,1.71142,1.71276,2403.0
2026-03-25 13:00:00,1.71276,1.71356,1.71239,1.71314,2393.0
2026-03-25 14:00:00,1.71313,1.71321,1.71177,1.71216,1564.0
2026-03-25 15:00:00,1.7121,1.71264,1.71183,1.7124,986.0
2026-03-25 16:00:00,1.71234,1.71291,1.71166,1.71276,469.0
2026-03-25 17:00:00,1.71278,1.71353,1.7124,1.71253,2733.0
2026-03-25 18:00:00,1.71243,1.71256,1.7116,1.71214,475.0
2026-03-25 19:00:00,1.71218,1.71246,1.7118,1.71221,482.0
2026-03-25 20:00:00,1.71214,1.71237,1.71148,1.71219,723.0
2026-03-25 21:00:00,1.71222,1.71331,1.7118,1.71252,924.0
2026-03-25 22:00:00,1.71245,1.71273,1.71183,1.71259,812.0
2026-03-25 23:00:00,1.71253,1.71354,1.71234,1.71348,1304.0
2026-03-26 00:00:00,1.71349,1.71382,1.71342,1.71362,1122.0
2026-03-26 01:00:00,1.71361,1.71388,1.71322,1.71353,858.0
2026-03-26 02:00:00,1.71359,1.71406,1.71334,1.71364,1133.0
2026-03-26 03:00:00,1.71362,1.71384,1.7127,1.7133,2148.0
2026-03-26 04:00:00,1.71336,1.71364,1.71186,1.7135,2813.0
2026-03-26 05:00:00,1.71352,1.71431,1.71288,1.71387,2199.0
2026-03-26 06:00:00,1.71386,1.71451,1.71334,1.71388,2123.0
2026-03-26 07:00:00,1.71394,1.71435,1.71239,1.71239,1630.0
2026-03-26 08:00:00,1.7124,1.71302,1.71178,1.71237,2074.0
2026-03-26 09:00:00,1.7124,1.71552,1.71238,1.71436,3847.0
2026-03-26 10:00:00,1.71428,1.71656,1.71418,1.71539,4403.0
2026-03-26 11:00:00,1.71542,1.71608,1.71394,1.7148,3494.0
2026-03-26 12:00:00,1.71482,1.71501,1.71352,1.71399,1734.0
2026-03-26 13:00:00,1.71401,1.71502,1.71264,1.71274,1733.0
2026-03-26 14:00:00,1.71276,1.71343,1.71259,1.71334,1721.0
2026-03-26 15:00:00,1.71328,1.71356,1.71252,1.71258,947.0
2026-03-26 16:00:00,1.71251,1.71712,1.71223,1.71348,5423.0
2026-03-26 17:00:00,1.71338,1.71489,1.71338,1.71428,619.0
2026-03-26 18:00:00,1.71416,1.71559,1.71366,1.71424,717.0
2026-03-26 19:00:00,1.71425,1.71494,1.71389,1.71482,675.0
2026-03-26 20:00:00,1.7147,1.71508,1.71409,1.71489,906.0
2026-03-26 21:00:00,1.71494,1.71516,1.71446,1.7148,1060.0
2026-03-26 22:00:00,1.7149,1.71532,1.71467,1.71512,1343.0
2026-03-26 23:00:00,1.71514,1.71536,1.71442,1.71473,1592.0
2026-03-27 00:00:00,1.71471,1.71506,1.71454,1.71481,601.0
2026-03-27 01:00:00,1.71479,1.71534,1.71429,1.71489,1792.0
2026-03-27 02:00:00,1.71498,1.7155,1.71431,1.71448,1149.0
2026-03-27 03:00:00,1.71449,1.71462,1.71287,1.7132,2073.0
2026-03-27 04:00:00,1.71318,1.71348,1.71258,1.71313,2264.0
2026-03-27 05:00:00,1.71307,1.7133,1.71182,1.71232,1390.0
2026-03-27 06:00:00,1.7123,1.71329,1.71188,1.71225,1344.0
2026-03-27 07:00:00,1.71218,1.71236,1.71032,1.71036,1107.0
2026-03-27 08:00:00,1.71028,1.7104,1.70938,1.70989,2545.0
2026-03-27 09:00:00,1.70997,1.71219,1.70958,1.71188,2263.0
2026-03-27 10:00:00,1.71188,1.71365,1.71148,1.71318,3792.0
2026-03-27 11:00:00,1.71329,1.71448,1.71006,1.71096,3995.0
2026-03-27 12:00:00,1.71097,1.71164,1.70941,1.7096,2531.0
2026-03-27 13:00:00,1.70966,1.71016,1.70866,1.7094,1602.0
2026-03-27 14:00:00,1.70941,1.71012,1.70928,1.70977,1100.0
2026-03-27 15:00:00,1.7098,1.70993,1.70931,1.70991,626.0
2026-03-27 16:00:00,1.70988,1.71152,1.70888,1.70888,2418.0
2026-03-29 17:00:00,1.70837,1.71129,1.70832,1.71021,254.0
2026-03-29 18:00:00,1.70997,1.71035,1.70655,1.70737,2594.0
2026-03-29 19:00:00,1.7074,1.70822,1.7073,1.70762,890.0
2026-03-29 20:00:00,1.70764,1.70866,1.70693,1.70774,2734.0
2026-03-29 21:00:00,1.70781,1.7079,1.70709,1.70741,998.0
2026-03-29 22:00:00,1.70738,1.70841,1.7069,1.70805,1387.0
2026-03-29 23:00:00,1.7081,1.70906,1.70808,1.70892,1577.0
2026-03-30 00:00:00,1.70898,1.70935,1.70856,1.7091,826.0
2026-03-30 01:00:00,1.7091,1.70992,1.70908,1.70939,838.0
2026-03-30 02:00:00,1.70938,1.71012,1.70851,1.70886,1796.0
2026-03-30 03:00:00,1.70886,1.70898,1.70704,1.70749,2815.0
2026-03-30 04:00:00,1.70743,1.70792,1.70659,1.70693,2801.0
2026-03-30 05:00:00,1.70696,1.7078,1.70592,1.70707,1995.0
2026-03-30 06:00:00,1.70704,1.70774,1.70614,1.70643,1595.0
2026-03-30 07:00:00,1.70642,1.70868,1.70639,1.70668,3485.0
2026-03-30 08:00:00,1.7067,1.70716,1.70589,1.70597,2557.0
2026-03-30 09:00:00,1.70604,1.70659,1.7019,1.70229,3263.0
2026-03-30 10:00:00,1.70237,1.70453,1.70168,1.7037,3683.0
2026-03-30 11:00:00,1.70376,1.70408,1.70197,1.70306,3699.0
2026-03-30 12:00:00,1.70305,1.70346,1.70218,1.70289,2031.0
2026-03-30 13:00:00,1.70288,1.70376,1.70233,1.70286,2319.0
2026-03-30 14:00:00,1.70285,1.70343,1.70254,1.70274,1620.0
2026-03-30 15:00:00,1.70274,1.70292,1.70202,1.70283,592.0
2026-03-30 16:00:00,1.70282,1.70296,1.70194,1.70199,1909.0
2026-03-30 17:00:00,1.70231,1.70296,1.7017,1.70256,2801.0
2026-03-30 18:00:00,1.7025,1.7031,1.70168,1.70182,579.0
2026-03-30 19:00:00,1.70176,1.70202,1.70126,1.70196,536.0
2026-03-30 20:00:00,1.70192,1.70492,1.70139,1.70488,1411.0
2026-03-30 21:00:00,1.7048,1.70574,1.70408,1.70438,1258.0
2026-03-30 22:00:00,1.70441,1.70516,1.70428,1.7049,914.0
2026-03-30 23:00:00,1.70488,1.70547,1.7041,1.70458,921.0
2026-03-31 00:00:00,1.70456,1.7048,1.70427,1.70436,642.0
2026-03-31 01:00:00,1.70444,1.70568,1.7041,1.70504,827.0
2026-03-31 02:00:00,1.70491,1.70504,1.70308,1.70374,1238.0
2026-03-31 03:00:00,1.70375,1.7044,1.70272,1.70343,1901.0
2026-03-31 04:00:00,1.70349,1.7051,1.70309,1.70446,2037.0
2026-03-31 05:00:00,1.70451,1.70582,1.70407,1.70542,1991.0
2026-03-31 06:00:00,1.70545,1.70577,1.70404,1.70424,1376.0
2026-03-31 07:00:00,1.7043,1.70579,1.70342,1.70548,3808.0
2026-03-31 08:00:00,1.70556,1.70647,1.7053,1.70562,2929.0
2026-03-31 09:00:00,1.70564,1.70738,1.7051,1.707,2852.0
2026-03-31 10:00:00,1.70698,1.70758,1.69953,1.70141,4736.0
2026-03-31 11:00:00,1.7014,1.7033,1.69964,1.69998,4227.0
2026-03-31 12:00:00,1.69995,1.70282,1.69912,1.7015,7218.0
2026-03-31 13:00:00,1.70152,1.704,1.70149,1.70323,4519.0
2026-03-31 14:00:00,1.70322,1.70425,1.70201,1.70214,1668.0
2026-03-31 15:00:00,1.70206,1.70262,1.7015,1.70177,1797.0
2026-03-31 16:00:00,1.70171,1.70349,1.70061,1.703,1384.0
2026-03-31 17:00:00,1.70265,1.70265,1.7004,1.7009,1464.0
2026-03-31 18:00:00,1.70092,1.70162,1.70012,1.70093,1638.0
2026-03-31 19:00:00,1.70094,1.70114,1.70034,1.70104,545.0
2026-03-31 20:00:00,1.70098,1.70208,1.70086,1.70164,1211.0
2026-03-31 21:00:00,1.70172,1.70174,1.6998,1.70114,1332.0
2026-03-31 22:00:00,1.70112,1.70167,1.70078,1.70158,1047.0
2026-03-31 23:00:00,1.70157,1.70177,1.70113,1.7017,1064.0
2026-04-01 00:00:00,1.70169,1.7028,1.7016,1.70278,1461.0
2026-04-01 01:00:00,1.70284,1.70478,1.70266,1.7041,1507.0
2026-04-01 02:00:00,1.70418,1.7059,1.70416,1.7049,2572.0
2026-04-01 03:00:00,1.70484,1.70502,1.70268,1.70373,2837.0
2026-04-01 04:00:00,1.70372,1.70568,1.7033,1.7045,3570.0
2026-04-01 05:00:00,1.70454,1.7055,1.70393,1.7052,2318.0
2026-04-01 06:00:00,1.70524,1.70798,1.70524,1.70608,1808.0
2026-04-01 07:00:00,1.70606,1.70761,1.70579,1.70737,1620.0
2026-04-01 08:00:00,1.70737,1.70858,1.70552,1.70652,6108.0
2026-04-01 09:00:00,1.70656,1.708,1.70554,1.70783,3796.0
2026-04-01 10:00:00,1.70786,1.70921,1.7065,1.70884,3880.0
2026-04-01 11:00:00,1.70892,1.70946,1.70809,1.70918,2058.0
2026-04-01 12:00:00,1.70914,1.70984,1.70808,1.70962,1241.0
2026-04-01 13:00:00,1.70968,1.71014,1.70806,1.70854,832.0
2026-04-01 14:00:00,1.70855,1.70865,1.70711,1.70754,1067.0
2026-04-01 15:00:00,1.70762,1.70765,1.70657,1.70692,747.0
2026-04-01 16:00:00,1.707,1.70806,1.70682,1.70762,1797.0
2026-04-01 17:00:00,1.70751,1.70864,1.70647,1.70811,2057.0
2026-04-01 18:00:00,1.70798,1.70844,1.70699,1.70701,1228.0
2026-04-01 19:00:00,1.70698,1.70726,1.70652,1.70669,602.0
2026-04-01 20:00:00,1.70674,1.7075,1.70627,1.70687,1689.0
2026-04-01 21:00:00,1.70686,1.70703,1.70428,1.70484,10698.0
2026-04-01 22:00:00,1.70488,1.7055,1.70435,1.70462,1543.0
2026-04-01 23:00:00,1.70456,1.7047,1.70331,1.70362,1010.0
2026-04-02 00:00:00,1.70368,1.7041,1.70357,1.70406,914.0
2026-04-02 01:00:00,1.70402,1.70408,1.70185,1.70191,1211.0
2026-04-02 02:00:00,1.70185,1.7019,1.69942,1.70115,2351.0
2026-04-02 03:00:00,1.70116,1.70132,1.69896,1.70028,2998.0
2026-04-02 04:00:00,1.70034,1.70098,1.69828,1.69898,1921.0
2026-04-02 05:00:00,1.69901,1.6997,1.69868,1.69894,1537.0
2026-04-02 06:00:00,1.69893,1.6991,1.69802,1.69818,1661.0
2026-04-02 07:00:00,1.69812,1.69981,1.698,1.6997,1651.0
2026-04-02 08:00:00,1.69973,1.70112,1.69951,1.70055,2593.0
2026-04-02 09:00:00,1.70062,1.70065,1.69932,1.70041,2100.0
2026-04-02 10:00:00,1.70038,1.70173,1.69886,1.70118,6457.0
2026-04-02 11:00:00,1.70118,1.70184,1.70006,1.70114,2359.0
2026-04-02 12:00:00,1.70114,1.70144,1.69994,1.70063,1385.0
2026-04-02 13:00:00,1.70056,1.70118,1.69958,1.69988,713.0
2026-04-02 14:00:00,1.69994,1.70026,1.69971,1.70002,490.0
2026-04-02 15:00:00,1.70009,1.70051,1.69964,1.7004,487.0
2026-04-02 16:00:00,1.70045,1.70065,1.69962,1.70029,1535.0
2026-04-02 17:00:00,1.70029,1.70062,1.69915,1.69982,702.0
2026-04-02 18:00:00,1.69995,1.70024,1.69967,1.7,1409.0
2026-04-02 19:00:00,1.7,1.7007,1.69996,1.70052,1425.0
2026-04-02 20:00:00,1.70032,1.70102,1.70002,1.70091,562.0
2026-04-02 21:00:00,1.70086,1.70105,1.70054,1.70062,143.0
2026-04-02 22:00:00,1.70048,1.70088,1.70009,1.7005,190.0
2026-04-02 23:00:00,1.70051,1.70096,1.70047,1.7008,111.0
2026-04-03 00:00:00,1.70082,1.70093,1.70056,1.70065,125.0
2026-04-03 01:00:00,1.70056,1.70107,1.69988,1.70107,105.0
2026-04-03 02:00:00,1.70107,1.70128,1.70052,1.70079,173.0
2026-04-03 03:00:00,1.70078,1.70178,1.70078,1.70152,262.0
2026-04-03 04:00:00,1.70144,1.70188,1.70092,1.70158,246.0
2026-04-03 05:00:00,1.70164,1.7018,1.70126,1.70144,214.0
2026-04-03 06:00:00,1.70138,1.70164,1.70088,1.70122,152.0
2026-04-03 07:00:00,1.70123,1.70176,1.70108,1.7014,210.0
2026-04-03 08:00:00,1.70144,1.7017,1.69699,1.6993,2565.0
2026-04-03 09:00:00,1.69926,1.69998,1.69868,1.69948,584.0
2026-04-03 10:00:00,1.69947,1.69948,1.69882,1.69887,245.0
2026-04-03 11:00:00,1.6989,1.70036,1.69794,1.69866,1991.0
2026-04-03 12:00:00,1.69865,1.69902,1.69794,1.69831,2395.0
2026-04-03 13:00:00,1.69834,1.6986,1.69816,1.6984,1893.0
2026-04-03 14:00:00,1.69836,1.69867,1.69754,1.69786,1254.0
2026-04-03 15:00:00,1.69789,1.69844,1.69769,1.69813,1485.0
2026-04-03 16:00:00,1.69812,1.70051,1.69713,1.69973,2068.0
2026-04-05 17:00:00,1.69838,1.69873,1.69663,1.69851,132.0
2026-04-05 18:00:00,1.69826,1.69882,1.69696,1.69804,2909.0
2026-04-05 19:00:00,1.69806,1.69838,1.69768,1.69785,1349.0
2026-04-05 20:00:00,1.69787,1.69892,1.69738,1.69888,1313.0
2026-04-05 21:00:00,1.69894,1.69894,1.69801,1.69822,637.0
2026-04-05 22:00:00,1.69828,1.69982,1.69812,1.69973,1177.0
2026-04-05 23:00:00,1.69979,1.69994,1.69932,1.6995,368.0
2026-04-06 00:00:00,1.69957,1.69987,1.69932,1.69981,287.0
2026-04-06 01:00:00,1.69981,1.70028,1.69953,1.69983,526.0
2026-04-06 02:00:00,1.69989,1.70042,1.69944,1.69966,823.0
2026-04-06 03:00:00,1.69973,1.70216,1.69903,1.70154,1134.0
2026-04-06 04:00:00,1.70157,1.70198,1.70089,1.701,843.0
2026-04-06 05:00:00,1.70104,1.7013,1.70025,1.70052,549.0
2026-04-06 06:00:00,1.70056,1.70136,1.70038,1.70081,674.0
2026-04-06 07:00:00,1.70072,1.70088,1.69999,1.7003,402.0
2026-04-06 08:00:00,1.7003,1.70099,1.70013,1.70032,531.0
2026-04-06 09:00:00,1.70038,1.70204,1.7003,1.7016,911.0
2026-04-06 10:00:00,1.70159,1.70252,1.70018,1.70027,1674.0
2026-04-06 11:00:00,1.70026,1.70026,1.69928,1.70002,700.0
2026-04-06 12:00:00,1.69996,1.70056,1.69978,1.70025,507.0
2026-04-06 13:00:00,1.70018,1.70026,1.699,1.69952,849.0
2026-04-06 14:00:00,1.69951,1.70076,1.69934,1.70053,929.0
2026-04-06 15:00:00,1.70061,1.70071,1.70032,1.70052,227.0
2026-04-06 16:00:00,1.70046,1.70092,1.7001,1.7007,905.0
2026-04-06 17:00:00,1.70126,1.70252,1.70028,1.70144,646.0
2026-04-06 18:00:00,1.70132,1.70162,1.69999,1.7005,714.0
2026-04-06 19:00:00,1.70052,1.70084,1.70022,1.70062,403.0
2026-04-06 20:00:00,1.70062,1.70138,1.70042,1.70108,3143.0
2026-04-06 21:00:00,1.70102,1.7014,1.70078,1.70094,1672.0
2026-04-06 22:00:00,1.70095,1.701,1.70025,1.70044,1169.0
2026-04-06 23:00:00,1.70045,1.70063,1.70001,1.70041,1186.0
2026-04-07 00:00:00,1.70046,1.70117,1.70038,1.70109,1264.0
2026-04-07 01:00:00,1.70108,1.70122,1.7002,1.70068,1440.0
2026-04-07 02:00:00,1.70068,1.70234,1.70017,1.70214,2006.0
2026-04-07 03:00:00,1.70216,1.70228,1.69971,1.70064,2973.0
2026-04-07 04:00:00,1.70058,1.70416,1.70054,1.70378,3520.0
2026-04-07 05:00:00,1.70374,1.70387,1.70232,1.70242,2586.0
2026-04-07 06:00:00,1.70243,1.70272,1.70062,1.70116,3772.0
2026-04-07 07:00:00,1.70112,1.70181,1.70068,1.7011,2037.0
2026-04-07 08:00:00,1.70112,1.70304,1.70102,1.70206,3258.0
2026-04-07 09:00:00,1.7021,1.70253,1.70077,1.70124,3925.0
2026-04-07 10:00:00,1.70124,1.70276,1.70105,1.70152,4594.0
2026-04-07 11:00:00,1.70146,1.70256,1.70046,1.70057,2763.0
2026-04-07 12:00:00,1.70055,1.70216,1.70048,1.70181,1807.0
2026-04-07 13:00:00,1.7018,1.70289,1.70174,1.70271,1990.0
2026-04-07 14:00:00,1.7027,1.70314,1.70246,1.70266,1628.0
2026-04-07 15:00:00,1.70269,1.70432,1.70244,1.70382,3797.0
2026-04-07 16:00:00,1.70378,1.70522,1.70355,1.70418,2776.0
2026-04-07 17:00:00,1.70453,1.70619,1.70451,1.7059,804.0
2026-04-07 18:00:00,1.70564,1.71023,1.70472,1.71002,6639.0
2026-04-07 19:00:00,1.71006,1.71158,1.70831,1.70974,7403.0
2026-04-07 20:00:00,1.70976,1.71005,1.70828,1.709,6410.0
2026-04-07 21:00:00,1.70908,1.71101,1.70879,1.70948,2145.0
2026-04-07 22:00:00,1.70948,1.71009,1.70865,1.70897,1699.0
2026-04-07 23:00:00,1.70894,1.709,1.70814,1.7088,1729.0
2026-04-08 00:00:00,1.70874,1.71004,1.70866,1.70976,1143.0
2026-04-08 01:00:00,1.70982,1.71176,1.70954,1.71123,1462.0
2026-04-08 02:00:00,1.71124,1.71167,1.7096,1.71038,2671.0
2026-04-08 03:00:00,1.71038,1.71126,1.70901,1.70983,2591.0
2026-04-08 04:00:00,1.70976,1.71198,1.70958,1.7118,1748.0
2026-04-08 05:00:00,1.7118,1.71252,1.71084,1.71209,1658.0
2026-04-08 06:00:00,1.71216,1.7138,1.71206,1.71334,1554.0
2026-04-08 07:00:00,1.71336,1.71518,1.71318,1.71498,1505.0
2026-04-08 08:00:00,1.71496,1.71518,1.7139,1.71398,3098.0
2026-04-08 09:00:00,1.71392,1.71462,1.71182,1.71212,3030.0
2026-04-08 10:00:00,1.71218,1.7134,1.71121,1.71278,4329.0
2026-04-08 11:00:00,1.71278,1.71282,1.71062,1.71144,2727.0
2026-04-08 12:00:00,1.71142,1.71142,1.7092,1.70968,1948.0
2026-04-08 13:00:00,1.70966,1.70981,1.70835,1.70902,1923.0
2026-04-08 14:00:00,1.70905,1.70936,1.70682,1.70694,2312.0
2026-04-08 15:00:00,1.70689,1.70808,1.70658,1.70782,2250.0
2026-04-08 16:00:00,1.70784,1.708,1.70658,1.7068,1827.0
2026-04-08 17:00:00,1.70566,1.70814,1.70566,1.70788,1798.0
2026-04-08 18:00:00,1.7074,1.7082,1.7068,1.70738,816.0
2026-04-08 19:00:00,1.70733,1.7075,1.70696,1.70708,626.0
2026-04-08 20:00:00,1.70712,1.70768,1.70695,1.70754,2019.0
2026-04-08 21:00:00,1.7076,1.70779,1.70717,1.70766,1207.0
2026-04-08 22:00:00,1.7076,1.70843,1.70738,1.70744,1195.0
2026-04-08 23:00:00,1.70738,1.70782,1.7072,1.7077,831.0
2026-04-09 00:00:00,1.70772,1.70848,1.70756,1.7079,940.0
2026-04-09 01:00:00,1.7079,1.708,1.70712,1.70737,1100.0
2026-04-09 02:00:00,1.70738,1.70787,1.70688,1.7074,1681.0
2026-04-09 03:00:00,1.70751,1.70829,1.7066,1.70797,2300.0
2026-04-09 04:00:00,1.70788,1.7098,1.7072,1.70944,2164.0
2026-04-09 05:00:00,1.70945,1.71046,1.70917,1.70928,1509.0
2026-04-09 06:00:00,1.70926,1.70992,1.7087,1.7087,1673.0
2026-04-09 07:00:00,1.7087,1.71127,1.70856,1.71108,2038.0
2026-04-09 08:00:00,1.71106,1.71124,1.70939,1.70998,2157.0
2026-04-09 09:00:00,1.70998,1.71062,1.70963,1.7104,3466.0
2026-04-09 10:00:00,1.71038,1.71081,1.70877,1.70938,3510.0
2026-04-09 11:00:00,1.70937,1.71102,1.70872,1.71012,3688.0
2026-04-09 12:00:00,1.71016,1.711,1.70968,1.71014,2105.0
2026-04-09 13:00:00,1.71014,1.71106,1.71013,1.7106,1759.0
2026-04-09 14:00:00,1.71066,1.71069,1.70962,1.70994,1359.0
2026-04-09 15:00:00,1.70992,1.71071,1.70971,1.70995,845.0
2026-04-09 16:00:00,1.70996,1.71078,1.70924,1.71078,1026.0
2026-04-09 17:00:00,1.70991,1.71048,1.70939,1.70958,419.0
2026-04-09 18:00:00,1.70936,1.71003,1.70896,1.7093,742.0
2026-04-09 19:00:00,1.70931,1.71019,1.70916,1.70994,308.0
2026-04-09 20:00:00,1.70994,1.70994,1.70922,1.7096,882.0
2026-04-09 21:00:00,1.70965,1.71032,1.7092,1.70997,810.0
2026-04-09 22:00:00,1.71,1.71034,1.70972,1.71024,911.0
2026-04-09 23:00:00,1.71026,1.71072,1.70992,1.71053,636.0
2026-04-10 00:00:00,1.71058,1.71064,1.71015,1.71026,837.0
2026-04-10 01:00:00,1.7103,1.71048,1.70972,1.71012,777.0
2026-04-10 02:00:00,1.71015,1.71112,1.70993,1.71057,1379.0
2026-04-10 03:00:00,1.7106,1.71179,1.71046,1.71084,2206.0
2026-04-10 04:00:00,1.71086,1.71176,1.71084,1.71132,1310.0
2026-04-10 05:00:00,1.71138,1.71288,1.71085,1.71242,2442.0
2026-04-10 06:00:00,1.71246,1.713,1.71202,1.71206,1261.0
2026-04-10 07:00:00,1.71202,1.71276,1.71191,1.7126,1280.0
2026-04-10 08:00:00,1.71268,1.71543,1.71252,1.71397,3334.0
2026-04-10 09:00:00,1.71392,1.71526,1.71332,1.71365,2777.0
2026-04-10 10:00:00,1.71356,1.7146,1.71152,1.71318,2943.0
2026-04-10 11:00:00,1.71319,1.71492,1.71308,1.71392,2720.0
2026-04-10 12:00:00,1.7139,1.71446,1.71339,1.71391,1525.0
2026-04-10 13:00:00,1.71389,1.71448,1.71367,1.7139,1132.0
2026-04-10 14:00:00,1.71394,1.71512,1.71373,1.71488,1300.0
2026-04-10 15:00:00,1.71494,1.71515,1.71465,1.71497,627.0
2026-04-10 16:00:00,1.71498,1.71556,1.71408,1.71462,1204.0
2026-04-12 17:00:00,1.70971,1.71288,1.70909,1.71266,469.0
2026-04-12 18:00:00,1.71268,1.7128,1.71069,1.71205,1329.0
2026-04-12 19:00:00,1.71204,1.71228,1.71064,1.71138,1060.0
2026-04-12 20:00:00,1.71152,1.71154,1.71017,1.7109,1800.0
2026-04-12 21:00:00,1.71096,1.71147,1.71053,1.71056,1229.0
2026-04-12 22:00:00,1.71057,1.71074,1.71,1.71055,1060.0
2026-04-12 23:00:00,1.71056,1.7108,1.71016,1.71049,636.0
2026-04-13 00:00:00,1.71048,1.71089,1.7104,1.71066,658.0
2026-04-13 01:00:00,1.71068,1.71102,1.71042,1.711,639.0
2026-04-13 02:00:00,1.711,1.71161,1.71072,1.71138,1549.0
2026-04-13 03:00:00,1.71144,1.7134,1.71096,1.71314,1696.0
2026-04-13 04:00:00,1.71312,1.71332,1.71224,1.71292,1186.0
2026-04-13 05:00:00,1.71296,1.71372,1.7129,1.71316,723.0
2026-04-13 06:00:00,1.71324,1.71374,1.71255,1.71364,708.0
2026-04-13 07:00:00,1.71369,1.71452,1.71254,1.71275,1666.0
2026-04-13 08:00:00,1.71267,1.7143,1.71252,1.71392,2187.0
2026-04-13 09:00:00,1.71389,1.7168,1.71371,1.71518,2794.0
2026-04-13 10:00:00,1.71518,1.7163,1.71428,1.71562,3720.0
2026-04-13 11:00:00,1.7156,1.71584,1.71496,1.7156,1743.0
2026-04-13 12:00:00,1.71559,1.71666,1.71515,1.71587,2150.0
2026-04-13 13:00:00,1.71594,1.71758,1.71578,1.71748,1706.0
2026-04-13 14:00:00,1.71744,1.71908,1.7169,1.719,1385.0
2026-04-13 15:00:00,1.71893,1.719,1.71841,1.71892,1152.0
2026-04-13 16:00:00,1.71898,1.7197,1.71866,1.71954,716.0
2026-04-13 17:00:00,1.71858,1.71976,1.71812,1.71862,2297.0
2026-04-13 18:00:00,1.71861,1.71978,1.71861,1.71924,329.0
2026-04-13 19:00:00,1.71922,1.71948,1.71862,1.71914,295.0
2026-04-13 20:00:00,1.71912,1.7214,1.71912,1.72132,2681.0
2026-04-13 21:00:00,1.72127,1.72152,1.72033,1.72052,1289.0
2026-04-13 22:00:00,1.72052,1.72086,1.72036,1.72064,721.0
2026-04-13 23:00:00,1.72066,1.72114,1.72012,1.72101,1023.0
2026-04-14 00:00:00,1.72096,1.72113,1.72056,1.721,182.0
2026-04-14 01:00:00,1.721,1.72136,1.7208,1.72136,411.0
2026-04-14 02:00:00,1.72133,1.72211,1.72052,1.721,839.0
2026-04-14 03:00:00,1.72096,1.72208,1.72075,1.72182,1410.0
2026-04-14 04:00:00,1.72175,1.7223,1.72148,1.72209,1012.0
2026-04-14 05:00:00,1.72214,1.72297,1.72168,1.72256,751.0
2026-04-14 06:00:00,1.7225,1.72454,1.72218,1.72414,768.0
2026-04-14 07:00:00,1.72418,1.72556,1.72412,1.72513,1069.0
2026-04-14 08:00:00,1.72514,1.72719,1.72486,1.72654,1548.0
2026-04-14 09:00:00,1.72652,1.72664,1.72536,1.72614,2100.0
2026-04-14 10:00:00,1.72612,1.72626,1.72486,1.72599,2060.0
2026-04-14 11:00:00,1.72596,1.72604,1.72386,1.72386,2211.0
2026-04-14 12:00:00,1.7239,1.72458,1.7236,1.72455,1256.0
2026-04-14 13:00:00,1.72456,1.72488,1.72421,1.72472,699.0
2026-04-14 14:00:00,1.7248,1.72483,1.72394,1.72416,625.0
2026-04-14 15:00:00,1.72408,1.72465,1.72402,1.72448,340.0
2026-04-14 16:00:00,1.7244,1.72552,1.7244,1.72552,478.0
2026-04-14 17:00:00,1.72551,1.72551,1.724,1.72482,2296.0
2026-04-14 18:00:00,1.72458,1.72519,1.72452,1.72496,588.0
2026-04-14 19:00:00,1.72503,1.7256,1.72472,1.72521,407.0
2026-04-14 20:00:00,1.7252,1.72546,1.7247,1.72538,1292.0
2026-04-14 21:00:00,1.7254,1.72584,1.72511,1.7253,1194.0
2026-04-14 22:00:00,1.7253,1.7255,1.72436,1.72444,1322.0
2026-04-14 23:00:00,1.72443,1.72464,1.7241,1.72446,519.0
2026-04-15 00:00:00,1.72446,1.72503,1.72433,1.72486,475.0
2026-04-15 01:00:00,1.72493,1.72568,1.7246,1.7249,655.0
2026-04-15 02:00:00,1.72486,1.7254,1.72404,1.72434,1073.0
2026-04-15 03:00:00,1.72422,1.72504,1.72384,1.72437,1556.0
2026-04-15 04:00:00,1.72428,1.7247,1.72352,1.72411,1294.0
2026-04-15 05:00:00,1.72413,1.72475,1.72344,1.72424,1383.0
2026-04-15 06:00:00,1.7242,1.72458,1.72356,1.72378,1150.0
2026-04-15 07:00:00,1.72376,1.72468,1.72354,1.72452,2277.0
2026-04-15 08:00:00,1.72448,1.72476,1.7235,1.72428,1432.0
2026-04-15 09:00:00,1.72434,1.72522,1.72382,1.72406,2220.0
2026-04-15 10:00:00,1.72411,1.72568,1.7236,1.72498,2421.0
2026-04-15 11:00:00,1.72506,1.72545,1.72431,1.72486,1622.0
2026-04-15 12:00:00,1.7248,1.72548,1.72469,1.7252,1360.0
2026-04-15 13:00:00,1.72518,1.7255,1.72484,1.72544,1311.0
2026-04-15 14:00:00,1.72542,1.72552,1.72479,1.72506,1218.0
2026-04-15 15:00:00,1.72509,1.72512,1.72454,1.72457,531.0
2026-04-15 16:00:00,1.72458,1.72481,1.7235,1.72364,581.0
2026-04-15 17:00:00,1.72397,1.72456,1.72348,1.7238,1794.0
2026-04-15 18:00:00,1.72369,1.72448,1.72369,1.72424,420.0
2026-04-15 19:00:00,1.72425,1.72492,1.72424,1.72472,326.0
2026-04-15 20:00:00,1.7247,1.72485,1.7237,1.724,1031.0
2026-04-15 21:00:00,1.72401,1.72422,1.72331,1.72352,780.0
2026-04-15 22:00:00,1.72356,1.72456,1.72346,1.72449,746.0
2026-04-15 23:00:00,1.72444,1.72481,1.72392,1.7241,588.0
2026-04-16 00:00:00,1.72407,1.72422,1.72373,1.72387,458.0
2026-04-16 01:00:00,1.72381,1.72397,1.72308,1.72351,933.0
2026-04-16 02:00:00,1.72352,1.72464,1.72333,1.72409,1524.0
2026-04-16 03:00:00,1.72422,1.72457,1.72252,1.72276,1241.0
2026-04-16 04:00:00,1.7227,1.72346,1.72224,1.72247,1219.0
2026-04-16 05:00:00,1.72245,1.72298,1.72164,1.7221,1292.0
2026-04-16 06:00:00,1.72209,1.72312,1.72152,1.72297,718.0
2026-04-16 07:00:00,1.72303,1.72344,1.72235,1.72265,1240.0
2026-04-16 08:00:00,1.7227,1.72336,1.72214,1.72319,1765.0
2026-04-16 09:00:00,1.72316,1.72404,1.72264,1.72308,2956.0
2026-04-16 10:00:00,1.72312,1.72324,1.72006,1.72124,2950.0
2026-04-16 11:00:00,1.72126,1.72256,1.72095,1.72241,1851.0
2026-04-16 12:00:00,1.72236,1.72284,1.72154,1.72213,1666.0
2026-04-16 13:00:00,1.72219,1.72242,1.72184,1.72216,1458.0
2026-04-16 14:00:00,1.72219,1.72272,1.72193,1.72248,1349.0
2026-04-16 15:00:00,1.72256,1.72276,1.72202,1.72216,584.0
2026-04-16 16:00:00,1.72216,1.72236,1.7215,1.72176,350.0
2026-04-16 17:00:00,1.72193,1.72274,1.72076,1.72179,1618.0
2026-04-16 18:00:00,1.72199,1.72239,1.72132,1.72186,476.0
2026-04-16 19:00:00,1.72197,1.72243,1.72176,1.7221,239.0
2026-04-16 20:00:00,1.72207,1.72207,1.72114,1.72115,900.0
2026-04-16 21:00:00,1.72112,1.7214,1.72028,1.72028,820.0
2026-04-16 22:00:00,1.7203,1.7207,1.7202,1.72052,282.0
2026-04-16 23:00:00,1.72058,1.72143,1.7205,1.72137,521.0
2026-04-17 00:00:00,1.72132,1.72141,1.72096,1.72106,495.0
2026-04-17 01:00:00,1.721,1.7212,1.72044,1.72074,621.0
2026-04-17 02:00:00,1.72074,1.72074,1.7194,1.71959,1522.0
2026-04-17 03:00:00,1.71966,1.72185,1.7196,1.72165,2152.0
2026-04-17 04:00:00,1.72172,1.72178,1.72036,1.72104,910.0
2026-04-17 05:00:00,1.72104,1.72198,1.72088,1.72144,912.0
2026-04-17 06:00:00,1.7214,1.72192,1.72044,1.72092,900.0
2026-04-17 07:00:00,1.72084,1.72202,1.72058,1.72152,1537.0
2026-04-17 08:00:00,1.72154,1.72343,1.72136,1.72246,3151.0
2026-04-17 09:00:00,1.72246,1.72324,1.72082,1.72144,4567.0
2026-04-17 10:00:00,1.7215,1.72182,1.72007,1.72062,2501.0
2026-04-17 11:00:00,1.72054,1.721,1.71983,1.72036,2243.0
2026-04-17 12:00:00,1.72036,1.72051,1.7194,1.72031,1055.0
2026-04-17 13:00:00,1.72024,1.72059,1.71972,1.72054,1193.0
2026-04-17 14:00:00,1.7206,1.72074,1.7196,1.71964,1195.0
2026-04-17 15:00:00,1.71968,1.72,1.71817,1.7186,730.0
2026-04-17 16:00:00,1.71858,1.71892,1.7164,1.7174,1844.0
2026-04-19 17:00:00,1.71706,1.71761,1.71599,1.71636,230.0
2026-04-19 18:00:00,1.71623,1.71789,1.71464,1.71726,2162.0
2026-04-19 19:00:00,1.71726,1.71769,1.7168,1.71712,821.0
2026-04-19 20:00:00,1.71713,1.71729,1.71642,1.71713,1385.0
2026-04-19 21:00:00,1.71707,1.71766,1.717,1.71754,590.0
2026-04-19 22:00:00,1.71761,1.71811,1.71742,1.71782,604.0
2026-04-19 23:00:00,1.71782,1.71822,1.71763,1.71778,781.0
2026-04-20 00:00:00,1.71778,1.71833,1.71766,1.71792,759.0
2026-04-20 01:00:00,1.71786,1.71795,1.71682,1.71711,1237.0
2026-04-20 02:00:00,1.7171,1.7176,1.71619,1.71749,1771.0
2026-04-20 03:00:00,1.71755,1.71832,1.71698,1.71756,1336.0
2026-04-20 04:00:00,1.71764,1.71794,1.71648,1.71702,1324.0
2026-04-20 05:00:00,1.71696,1.71894,1.71672,1.71886,2347.0
2026-04-20 06:00:00,1.71886,1.71886,1.71791,1.71836,1298.0
2026-04-20 07:00:00,1.71842,1.71892,1.71822,1.71828,1662.0
2026-04-20 08:00:00,1.71822,1.71842,1.71736,1.71807,1274.0
2026-04-20 09:00:00,1.71809,1.71911,1.71776,1.71892,3039.0
2026-04-20 10:00:00,1.71893,1.71904,1.71749,1.71848,2850.0
2026-04-20 11:00:00,1.71851,1.71985,1.71799,1.71982,2167.0
2026-04-20 12:00:00,1.71981,1.7202,1.71935,1.71954,2628.0
2026-04-20 13:00:00,1.71956,1.71975,1.71898,1.71919,1516.0
2026-04-20 14:00:00,1.71918,1.71954,1.71892,1.71916,973.0
2026-04-20 15:00:00,1.71919,1.7197,1.71866,1.7187,392.0
2026-04-20 16:00:00,1.71878,1.71962,1.71842,1.71846,679.0
2026-04-20 17:00:00,1.71855,1.71978,1.71799,1.71853,457.0
2026-04-20 18:00:00,1.71833,1.71948,1.71833,1.71884,953.0
2026-04-20 19:00:00,1.71882,1.71908,1.71844,1.71861,509.0
2026-04-20 20:00:00,1.71864,1.7187,1.71794,1.71802,1183.0
2026-04-20 21:00:00,1.71801,1.71874,1.71793,1.71842,1335.0
2026-04-20 22:00:00,1.71841,1.71885,1.71822,1.71846,1483.0
2026-04-20 23:00:00,1.71848,1.71883,1.71814,1.71862,1515.0
2026-04-21 00:00:00,1.7186,1.71876,1.7179,1.7179,661.0
2026-04-21 01:00:00,1.71798,1.71866,1.71781,1.71822,1023.0
2026-04-21 02:00:00,1.71824,1.7198,1.71801,1.71859,1754.0
2026-04-21 03:00:00,1.71854,1.71922,1.71784,1.71798,3048.0
2026-04-21 04:00:00,1.718,1.71836,1.71594,1.71772,2780.0
2026-04-21 05:00:00,1.71776,1.71816,1.71722,1.71764,1782.0
2026-04-21 06:00:00,1.71764,1.71836,1.71742,1.71822,1277.0
2026-04-21 07:00:00,1.71822,1.7194,1.71808,1.71878,1420.0
2026-04-21 08:00:00,1.71881,1.71984,1.71868,1.71913,1947.0
2026-04-21 09:00:00,1.71923,1.7202,1.7191,1.71954,1587.0
2026-04-21 10:00:00,1.71953,1.72145,1.71896,1.71954,2666.0
2026-04-21 11:00:00,1.71952,1.72047,1.71914,1.72017,2290.0
2026-04-21 12:00:00,1.72018,1.72061,1.71976,1.71979,1721.0
2026-04-21 13:00:00,1.71982,1.72134,1.7192,1.72028,2223.0
2026-04-21 14:00:00,1.72034,1.72051,1.71912,1.72033,1567.0
2026-04-21 15:00:00,1.72028,1.72083,1.71898,1.71949,1723.0
2026-04-21 16:00:00,1.7195,1.72092,1.71918,1.72088,3121.0
2026-04-21 17:00:00,1.7199,1.72042,1.71865,1.71911,454.0
2026-04-21 18:00:00,1.71937,1.72024,1.71913,1.72004,792.0
2026-04-21 19:00:00,1.72002,1.72047,1.71996,1.72025,250.0
2026-04-21 20:00:00,1.72028,1.72094,1.71998,1.72012,1613.0
2026-04-21 21:00:00,1.72011,1.72054,1.71976,1.72022,911.0
2026-04-21 22:00:00,1.72014,1.72116,1.71981,1.72031,624.0
2026-04-21 23:00:00,1.72025,1.721,1.72012,1.72032,438.0
2026-04-22 00:00:00,1.72031,1.72046,1.71991,1.72012,674.0
2026-04-22 01:00:00,1.72013,1.72144,1.72002,1.72119,1442.0
2026-04-22 02:00:00,1.72124,1.72148,1.71988,1.72012,1151.0
2026-04-22 03:00:00,1.72012,1.72142,1.71968,1.72112,1505.0
2026-04-22 04:00:00,1.7212,1.72214,1.72104,1.72192,1894.0
2026-04-22 05:00:00,1.72186,1.72279,1.72142,1.7215,1390.0
2026-04-22 06:00:00,1.72149,1.72152,1.72096,1.72138,1200.0
2026-04-22 07:00:00,1.7214,1.72141,1.71976,1.72004,1173.0
2026-04-22 08:00:00,1.72002,1.72035,1.7194,1.72002,1303.0
2026-04-22 09:00:00,1.72003,1.72206,1.7198,1.72178,2428.0
2026-04-22 10:00:00,1.72172,1.72234,1.72095,1.72102,1766.0
2026-04-22 11:00:00,1.72096,1.72212,1.72042,1.722,1154.0
2026-04-22 12:00:00,1.72202,1.72256,1.72136,1.72256,1100.0
2026-04-22 13:00:00,1.72256,1.7236,1.72247,1.72326,1029.0
2026-04-22 14:00:00,1.72324,1.72342,1.72278,1.72293,419.0
2026-04-22 15:00:00,1.72286,1.72329,1.72264,1.7231,547.0
2026-04-22 16:00:00,1.72308,1.72322,1.72225,1.72247,765.0
2026-04-22 17:00:00,1.72271,1.72352,1.72221,1.72271,1582.0
2026-04-22 18:00:00,1.72278,1.72307,1.72234,1.72266,357.0
2026-04-22 19:00:00,1.72266,1.72286,1.72226,1.72226,150.0
2026-04-22 20:00:00,1.72226,1.72282,1.72116,1.72258,1993.0
2026-04-22 21:00:00,1.7226,1.72267,1.72187,1.72187,1211.0
2026-04-22 22:00:00,1.72195,1.72306,1.72187,1.72229,1133.0
2026-04-22 23:00:00,1.72222,1.72248,1.72152,1.72199,1204.0
2026-04-23 00:00:00,1.72198,1.72222,1.72165,1.72207,833.0
2026-04-23 01:00:00,1.72208,1.72231,1.72171,1.72192,1022.0
2026-04-23 02:00:00,1.72195,1.72236,1.72134,1.72182,1050.0
2026-04-23 03:00:00,1.72186,1.72259,1.72057,1.72102,2240.0
2026-04-23 04:00:00,1.72098,1.72392,1.72052,1.72338,2497.0
2026-04-23 05:00:00,1.72328,1.72413,1.7224,1.72354,2144.0
2026-04-23 06:00:00,1.72356,1.72416,1.72232,1.72234,1217.0
2026-04-23 07:00:00,1.72242,1.72396,1.72232,1.72335,1345.0
2026-04-23 08:00:00,1.72329,1.72344,1.72126,1.72134,1988.0
2026-04-23 09:00:00,1.72128,1.72347,1.72097,1.7232,2118.0
2026-04-23 10:00:00,1.72318,1.72428,1.72251,1.72344,2626.0
2026-04-23 11:00:00,1.72342,1.7235,1.72182,1.722,1647.0
2026-04-23 12:00:00,1.722,1.72202,1.72125,1.72182,1316.0
2026-04-23 13:00:00,1.72188,1.72196,1.72015,1.72118,2644.0
2026-04-23 14:00:00,1.7212,1.7218,1.72092,1.72142,1505.0
2026-04-23 15:00:00,1.72142,1.72156,1.72076,1.72095,793.0
2026-04-23 16:00:00,1.72089,1.7217,1.72064,1.7217,1333.0
2026-04-23 17:00:00,1.72181,1.72207,1.72052,1.7214,1974.0
2026-04-23 18:00:00,1.72139,1.7216,1.72085,1.72108,718.0
2026-04-23 19:00:00,1.72108,1.72122,1.72078,1.72084,257.0
2026-04-23 20:00:00,1.72082,1.72152,1.72071,1.7213,1544.0
2026-04-23 21:00:00,1.72136,1.72182,1.72104,1.72182,891.0
2026-04-23 22:00:00,1.72182,1.72194,1.72078,1.72093,748.0
2026-04-23 23:00:00,1.72087,1.72156,1.72081,1.72146,745.0
2026-04-24 00:00:00,1.7214,1.72152,1.7208,1.72144,743.0
2026-04-24 01:00:00,1.72146,1.72158,1.72118,1.72141,746.0
2026-04-24 02:00:00,1.72144,1.72177,1.7209,1.72121,1292.0
2026-04-24 03:00:00,1.72126,1.72224,1.7207,1.72196,1511.0
2026-04-24 04:00:00,1.72196,1.7224,1.72153,1.72181,1641.0
2026-04-24 05:00:00,1.72181,1.72322,1.72158,1.72309,1074.0
2026-04-24 06:00:00,1.72306,1.7239,1.72255,1.72344,880.0
2026-04-24 07:00:00,1.7235,1.724,1.72226,1.72241,2456.0
2026-04-24 08:00:00,1.72247,1.72414,1.722,1.72396,2143.0
2026-04-24 09:00:00,1.72404,1.72404,1.72294,1.72398,2033.0
2026-04-24 10:00:00,1.72398,1.72507,1.72338,1.72412,3126.0
2026-04-24 11:00:00,1.72408,1.72488,1.72312,1.7244,2319.0
2026-04-24 12:00:00,1.72444,1.72536,1.72412,1.72514,1023.0
2026-04-24 13:00:00,1.7252,1.72578,1.72482,1.72544,721.0
2026-04-24 14:00:00,1.72544,1.72637,1.72532,1.72636,962.0
2026-04-24 15:00:00,1.72636,1.72702,1.72628,1.72696,393.0
2026-04-24 16:00:00,1.72694,1.72779,1.72647,1.72698,2104.0
2026-04-26 17:00:00,1.72425,1.72514,1.72403,1.7246,42.0
2026-04-26 18:00:00,1.72472,1.72656,1.7246,1.7258,718.0
2026-04-26 19:00:00,1.72576,1.72628,1.7256,1.72588,238.0
2026-04-26 20:00:00,1.7259,1.72598,1.72537,1.72584,574.0
2026-04-26 21:00:00,1.72588,1.7263,1.72546,1.72601,1271.0
2026-04-26 22:00:00,1.72604,1.72646,1.72553,1.72642,699.0
2026-04-26 23:00:00,1.72642,1.72674,1.7262,1.72622,512.0
2026-04-27 00:00:00,1.72614,1.72639,1.726,1.72626,455.0
2026-04-27 01:00:00,1.72624,1.72638,1.72547,1.72551,755.0
2026-04-27 02:00:00,1.72548,1.72579,1.72472,1.72503,1307.0
2026-04-27 03:00:00,1.72502,1.72576,1.72444,1.72516,1666.0
2026-04-27 04:00:00,1.72518,1.72585,1.72462,1.72551,1270.0
2026-04-27 05:00:00,1.72556,1.72604,1.72538,1.72568,969.0
2026-04-27 06:00:00,1.7256,1.72656,1.72548,1.72618,1217.0
2026-04-27 07:00:00,1.72618,1.72642,1.72576,1.72629,1498.0
2026-04-27 08:00:00,1.7263,1.72757,1.72512,1.7252,2653.0
2026-04-27 09:00:00,1.72526,1.726,1.72375,1.72504,2949.0
2026-04-27 10:00:00,1.72505,1.72684,1.7249,1.72653,1981.0
2026-04-27 11:00:00,1.72652,1.72676,1.72576,1.72617,2963.0
2026-04-27 12:00:00,1.72618,1.72648,1.72534,1.72552,1400.0
2026-04-27 13:00:00,1.72559,1.72562,1.72466,1.72516,1872.0
2026-04-27 14:00:00,1.72518,1.72537,1.7244,1.7247,803.0
2026-04-27 15:00:00,1.72467,1.72509,1.72464,1.72472,925.0
2026-04-27 16:00:00,1.72478,1.72532,1.72441,1.72463,605.0
2026-04-27 17:00:00,1.72547,1.72556,1.72456,1.72515,1194.0
2026-04-27 18:00:00,1.72498,1.72526,1.72444,1.72503,601.0
2026-04-27 19:00:00,1.725,1.72524,1.72456,1.72478,414.0
2026-04-27 20:00:00,1.72479,1.72496,1.72405,1.72432,1135.0
2026-04-27 21:00:00,1.72427,1.72444,1.72392,1.72417,1193.0
2026-04-27 22:00:00,1.7241,1.72443,1.72394,1.72432,629.0
2026-04-27 23:00:00,1.7243,1.7249,1.72412,1.72473,876.0
2026-04-28 00:00:00,1.72474,1.72512,1.72448,1.72478,409.0
2026-04-28 01:00:00,1.72479,1.72513,1.72432,1.72437,1133.0
2026-04-28 02:00:00,1.72436,1.72458,1.72308,1.7236,1766.0
2026-04-28 03:00:00,1.72357,1.72458,1.72306,1.7242,1224.0
2026-04-28 04:00:00,1.7242,1.72448,1.7231,1.72336,1035.0
2026-04-28 05:00:00,1.72337,1.72348,1.72184,1.72221,1071.0
2026-04-28 06:00:00,1.72226,1.72268,1.72191,1.72204,1051.0
2026-04-28 07:00:00,1.7221,1.72286,1.72096,1.72158,1718.0
2026-04-28 08:00:00,1.7216,1.72335,1.72096,1.72286,3025.0
2026-04-28 09:00:00,1.72286,1.7237,1.72232,1.72313,3144.0
2026-04-28 10:00:00,1.72311,1.72446,1.72252,1.72384,3399.0
2026-04-28 11:00:00,1.72391,1.72448,1.72334,1.72427,2844.0
2026-04-28 12:00:00,1.72426,1.72535,1.72403,1.72521,1890.0
2026-04-28 13:00:00,1.72523,1.72552,1.72472,1.72525,1305.0
2026-04-28 14:00:00,1.72526,1.7258,1.72502,1.72578,1294.0
2026-04-28 15:00:00,1.72578,1.7259,1.72536,1.72572,873.0
2026-04-28 16:00:00,1.7257,1.72685,1.72566,1.72651,1154.0
2026-04-28 17:00:00,1.72675,1.72675,1.72532,1.7261,830.0
2026-04-28 18:00:00,1.72597,1.72656,1.72562,1.72582,1124.0
2026-04-28 19:00:00,1.72581,1.72612,1.72544,1.72561,355.0
2026-04-28 20:00:00,1.72564,1.72625,1.72555,1.72612,3069.0
2026-04-28 21:00:00,1.72614,1.7262,1.7253,1.72546,3704.0
2026-04-28 22:00:00,1.72547,1.72596,1.72494,1.7253,3522.0
2026-04-28 23:00:00,1.72526,1.7254,1.72504,1.72506,2017.0
2026-04-29 00:00:00,1.7251,1.72552,1.72492,1.7254,1777.0
2026-04-29 01:00:00,1.7254,1.7254,1.72465,1.72486,2406.0
2026-04-29 02:00:00,1.72488,1.72506,1.72379,1.72409,2494.0
2026-04-29 03:00:00,1.72406,1.72489,1.72394,1.72476,3198.0
2026-04-29 04:00:00,1.72463,1.72544,1.72395,1.72488,3547.0
2026-04-29 05:00:00,1.72488,1.726,1.72444,1.72532,2247.0
2026-04-29 06:00:00,1.72534,1.72588,1.72506,1.72556,1365.0
2026-04-29 07:00:00,1.72561,1.72586,1.72456,1.72524,3240.0
2026-04-29 08:00:00,1.72524,1.72616,1.72516,1.72568,3537.0
2026-04-29 09:00:00,1.72578,1.72644,1.72446,1.72516,2689.0
2026-04-29 10:00:00,1.72514,1.72768,1.72468,1.72762,3286.0
2026-04-29 11:00:00,1.72766,1.72768,1.72638,1.72709,3704.0
2026-04-29 12:00:00,1.7271,1.72797,1.72641,1.72652,4024.0
2026-04-29 13:00:00,1.72653,1.72712,1.72612,1.72686,3029.0
2026-04-29 14:00:00,1.72692,1.7272,1.72534,1.72611,6789.0
2026-04-29 15:00:00,1.72619,1.72677,1.7257,1.72624,3774.0
2026-04-29 16:00:00,1.72624,1.7269,1.72593,1.72683,1259.0
2026-04-29 17:00:00,1.72699,1.72763,1.72588,1.72716,1903.0
2026-04-29 18:00:00,1.72702,1.72702,1.7256,1.7266,782.0
2026-04-29 19:00:00,1.7267,1.72722,1.7265,1.72712,365.0
2026-04-29 20:00:00,1.72709,1.72749,1.72656,1.72665,2225.0
2026-04-29 21:00:00,1.72663,1.7267,1.72608,1.72616,1447.0
2026-04-29 22:00:00,1.72611,1.72668,1.72572,1.72623,880.0
2026-04-29 23:00:00,1.72628,1.72632,1.72574,1.7263,970.0
2026-04-30 00:00:00,1.72625,1.72632,1.72484,1.72538,924.0
2026-04-30 01:00:00,1.72545,1.72618,1.72534,1.72562,1093.0
2026-04-30 02:00:00,1.72561,1.72653,1.72491,1.72571,1241.0
2026-04-30 03:00:00,1.72572,1.72659,1.72557,1.72557,1326.0
2026-04-30 04:00:00,1.72557,1.72624,1.72432,1.72462,1551.0
2026-04-30 05:00:00,1.72466,1.72574,1.72424,1.72534,1592.0
2026-04-30 06:00:00,1.72534,1.72626,1.72443,1.72606,3069.0
2026-04-30 07:00:00,1.72607,1.72632,1.72414,1.72466,4242.0
2026-04-30 08:00:00,1.7247,1.72532,1.72294,1.72472,3479.0
2026-04-30 09:00:00,1.72464,1.72492,1.72368,1.72448,2495.0
2026-04-30 10:00:00,1.72448,1.73086,1.72418,1.73004,3880.0
2026-04-30 11:00:00,1.72998,1.7313,1.72945,1.73008,3282.0
2026-04-30 12:00:00,1.73,1.73068,1.72948,1.72974,2017.0
2026-04-30 13:00:00,1.72976,1.73042,1.72972,1.73002,2264.0
2026-04-30 14:00:00,1.73002,1.73162,1.72994,1.7312,1497.0
2026-04-30 15:00:00,1.7311,1.73214,1.7311,1.73165,1353.0
2026-04-30 16:00:00,1.7317,1.7323,1.73137,1.73191,1046.0
2026-04-30 17:00:00,1.733,1.73325,1.73146,1.73183,622.0
2026-04-30 18:00:00,1.73167,1.73275,1.73166,1.73183,690.0
2026-04-30 19:00:00,1.73192,1.73233,1.73174,1.73189,651.0
2026-04-30 20:00:00,1.7319,1.73244,1.7315,1.73178,2819.0
2026-04-30 21:00:00,1.7318,1.73206,1.73154,1.73198,2780.0
2026-04-30 22:00:00,1.73194,1.73208,1.73154,1.73189,723.0
2026-04-30 23:00:00,1.73192,1.7325,1.73152,1.73164,1341.0
2026-05-01 00:00:00,1.73168,1.73181,1.73122,1.73158,1066.0
2026-05-01 01:00:00,1.73152,1.73164,1.73098,1.731,1310.0
2026-05-01 02:00:00,1.73106,1.7325,1.73087,1.73162,1724.0
2026-05-01 03:00:00,1.73167,1.7326,1.73152,1.73194,2073.0
2026-05-01 04:00:00,1.73199,1.73226,1.73142,1.73195,1323.0
2026-05-01 05:00:00,1.7319,1.73212,1.73092,1.73114,713.0
2026-05-01 06:00:00,1.7312,1.73246,1.73107,1.7321,531.0
2026-05-01 07:00:00,1.73213,1.73348,1.73208,1.73344,2641.0
2026-05-01 08:00:00,1.73354,1.73472,1.73313,1.73406,2454.0
2026-05-01 09:00:00,1.73408,1.73459,1.7331,1.73438,1777.0
2026-05-01 10:00:00,1.73434,1.73532,1.73127,1.73177,2426.0
2026-05-01 11:00:00,1.73184,1.73254,1.7316,1.73198,4141.0
2026-05-01 12:00:00,1.73196,1.73224,1.73024,1.73026,4323.0
2026-05-01 13:00:00,1.73024,1.73028,1.72958,1.72998,2732.0
2026-05-01 14:00:00,1.73004,1.73008,1.72831,1.7288,3301.0
2026-05-01 15:00:00,1.72886,1.729,1.72804,1.72806,979.0
2026-05-01 16:00:00,1.728,1.72894,1.72672,1.72865,2017.0
2026-05-03 17:00:00,1.73172,1.73285,1.7299,1.7302,527.0
2026-05-03 18:00:00,1.73007,1.7322,1.72868,1.72956,2792.0
2026-05-03 19:00:00,1.72953,1.7296,1.72871,1.72892,611.0
2026-05-03 20:00:00,1.72886,1.72984,1.72848,1.7295,2810.0
2026-05-03 21:00:00,1.72944,1.72967,1.7289,1.72947,1334.0
2026-05-03 22:00:00,1.7295,1.73046,1.72937,1.72996,1614.0
2026-05-03 23:00:00,1.72996,1.73056,1.72972,1.73053,1366.0
2026-05-04 00:00:00,1.73046,1.73056,1.72984,1.72988,691.0
2026-05-04 01:00:00,1.72994,1.7303,1.72967,1.73015,1149.0
2026-05-04 02:00:00,1.73016,1.7304,1.72889,1.72945,932.0
2026-05-04 03:00:00,1.7295,1.72951,1.72845,1.72879,1015.0
2026-05-04 04:00:00,1.72878,1.7291,1.72804,1.7283,915.0
2026-05-04 05:00:00,1.72828,1.72872,1.72807,1.72828,986.0
2026-05-04 06:00:00,1.72822,1.72897,1.72669,1.72791,2734.0
2026-05-04 07:00:00,1.72796,1.7282,1.7274,1.7282,1775.0
2026-05-04 08:00:00,1.72823,1.72926,1.7278,1.72884,1441.0
2026-05-04 09:00:00,1.72886,1.72972,1.72849,1.72915,2502.0
2026-05-04 10:00:00,1.72912,1.72998,1.72857,1.72882,2201.0
2026-05-04 11:00:00,1.72884,1.72923,1.7275,1.72836,2637.0
2026-05-04 12:00:00,1.72834,1.72862,1.72696,1.72737,2472.0
2026-05-04 13:00:00,1.72743,1.72879,1.72743,1.72819,1066.0
2026-05-04 14:00:00,1.72816,1.72834,1.72757,1.7278,711.0
2026-05-04 15:00:00,1.72789,1.72846,1.7278,1.72826,998.0
2026-05-04 16:00:00,1.72822,1.72881,1.72656,1.72803,524.0
2026-05-04 17:00:00,1.72803,1.72906,1.72746,1.7285,361.0
2026-05-04 18:00:00,1.72833,1.72837,1.72729,1.72744,522.0
2026-05-04 19:00:00,1.72758,1.72789,1.72744,1.72786,1195.0
2026-05-04 20:00:00,1.72788,1.72812,1.72721,1.72726,1851.0
2026-05-04 21:00:00,1.72728,1.72738,1.72658,1.72667,1274.0
2026-05-04 22:00:00,1.72667,1.72722,1.72647,1.72703,1371.0
2026-05-04 23:00:00,1.72696,1.72746,1.72688,1.7272,831.0
2026-05-05 00:00:00,1.72718,1.72756,1.7269,1.72702,633.0
2026-05-05 01:00:00,1.72694,1.72767,1.72685,1.72714,1223.0
2026-05-05 02:00:00,1.72712,1.7287,1.72685,1.72815,1092.0
2026-05-05 03:00:00,1.72822,1.72904,1.72798,1.72852,1117.0
2026-05-05 04:00:00,1.7285,1.72971,1.7285,1.72894,951.0
2026-05-05 05:00:00,1.72896,1.72981,1.72887,1.72904,925.0
2026-05-05 06:00:00,1.72904,1.72962,1.72884,1.72956,593.0
2026-05-05 07:00:00,1.72962,1.72968,1.72828,1.729,1529.0
2026-05-05 08:00:00,1.72906,1.72952,1.72832,1.72914,3080.0
2026-05-05 09:00:00,1.72914,1.7298,1.729,1.72928,2293.0
2026-05-05 10:00:00,1.7294,1.73026,1.7291,1.7297,3046.0
2026-05-05 11:00:00,1.72972,1.73067,1.72933,1.73046,3309.0
2026-05-05 12:00:00,1.73042,1.73059,1.72892,1.72903,2009.0
2026-05-05 13:00:00,1.72906,1.72931,1.72817,1.72839,1541.0
2026-05-05 14:00:00,1.72834,1.72859,1.72802,1.72819,665.0
2026-05-05 15:00:00,1.72828,1.72836,1.72766,1.7278,998.0
2026-05-05 16:00:00,1.72777,1.72796,1.72666,1.72678,661.0
2026-05-05 17:00:00,1.72738,1.72838,1.72628,1.72685,1118.0
2026-05-05 18:00:00,1.72723,1.72879,1.72707,1.72852,1762.0
2026-05-05 19:00:00,1.72856,1.72995,1.72844,1.72874,2386.0
2026-05-05 20:00:00,1.72876,1.72882,1.72804,1.72806,2504.0
2026-05-05 21:00:00,1.72805,1.72904,1.72793,1.72863,1222.0
2026-05-05 22:00:00,1.7287,1.72914,1.72803,1.72826,1582.0
2026-05-05 23:00:00,1.72826,1.72846,1.72783,1.72796,1768.0
2026-05-06 00:00:00,1.72798,1.7292,1.72752,1.72832,2353.0
2026-05-06 01:00:00,1.72828,1.72881,1.72794,1.72818,1784.0
2026-05-06 02:00:00,1.72821,1.7289,1.72777,1.72817,1720.0
2026-05-06 03:00:00,1.72826,1.72912,1.72726,1.7275,1193.0
2026-05-06 04:00:00,1.72759,1.72906,1.72744,1.72842,1908.0
2026-05-06 05:00:00,1.7284,1.72866,1.72699,1.72714,1623.0
2026-05-06 06:00:00,1.7272,1.7273,1.72611,1.72666,1647.0
2026-05-06 07:00:00,1.72667,1.72794,1.72591,1.72688,3130.0
2026-05-06 08:00:00,1.72691,1.7275,1.72634,1.72686,3066.0
2026-05-06 09:00:00,1.72684,1.72719,1.72586,1.72628,2803.0
2026-05-06 10:00:00,1.72622,1.72664,1.72506,1.72507,2381.0
2026-05-06 11:00:00,1.72508,1.72526,1.72444,1.7248,2625.0
2026-05-06 12:00:00,1.72478,1.72481,1.72341,1.72372,3080.0
2026-05-06 13:00:00,1.72366,1.7248,1.7235,1.72422,2478.0
2026-05-06 14:00:00,1.72427,1.7243,1.72361,1.72387,1061.0
2026-05-06 15:00:00,1.72396,1.724,1.72344,1.72379,1961.0
2026-05-06 16:00:00,1.72386,1.7244,1.72353,1.72416,1059.0
2026-05-06 17:00:00,1.72245,1.7246,1.72245,1.7235,486.0
2026-05-06 18:00:00,1.7233,1.72446,1.72311,1.72376,1404.0
2026-05-06 19:00:00,1.72374,1.72394,1.72354,1.72379,445.0
2026-05-06 20:00:00,1.72386,1.72428,1.7236,1.72398,1518.0
2026-05-06 21:00:00,1.72398,1.72462,1.7233,1.7239,1443.0
2026-05-06 22:00:00,1.72386,1.72424,1.72364,1.72384,1947.0
2026-05-06 23:00:00,1.72385,1.72402,1.72336,1.72336,1655.0
2026-05-07 00:00:00,1.72338,1.7241,1.7233,1.72377,965.0
2026-05-07 01:00:00,1.72377,1.72386,1.7231,1.72318,1746.0
2026-05-07 02:00:00,1.72316,1.72417,1.72308,1.72348,1607.0
2026-05-07 03:00:00,1.72348,1.72478,1.72323,1.7241,2869.0
2026-05-07 04:00:00,1.72418,1.72466,1.72334,1.7243,906.0
2026-05-07 05:00:00,1.72432,1.7248,1.72378,1.72393,1135.0
2026-05-07 06:00:00,1.72394,1.72508,1.72378,1.72404,991.0
2026-05-07 07:00:00,1.72414,1.7245,1.7229,1.72362,1957.0
2026-05-07 08:00:00,1.72368,1.72469,1.72365,1.7245,2089.0
2026-05-07 09:00:00,1.72446,1.72523,1.724,1.72437,3067.0
2026-05-07 10:00:00,1.72435,1.72512,1.72405,1.72498,2923.0
2026-05-07 11:00:00,1.72494,1.72524,1.72404,1.72416,2484.0
2026-05-07 12:00:00,1.72411,1.72426,1.72265,1.72306,1966.0
2026-05-07 13:00:00,1.72308,1.7231,1.72152,1.72208,1956.0
2026-05-07 14:00:00,1.72208,1.72246,1.72182,1.72216,1652.0
2026-05-07 15:00:00,1.72224,1.72246,1.7214,1.72159,1595.0
2026-05-07 16:00:00,1.72152,1.72211,1.71814,1.71961,4028.0
2026-05-07 17:00:00,1.71989,1.72064,1.71856,1.71995,18727.0
2026-05-07 18:00:00,1.7202,1.72024,1.71934,1.71964,783.0
2026-05-07 19:00:00,1.71964,1.72062,1.7196,1.72036,743.0
2026-05-07 20:00:00,1.72038,1.72089,1.7199,1.72004,2469.0
2026-05-07 21:00:00,1.72012,1.72042,1.71971,1.72022,1318.0
2026-05-07 22:00:00,1.72014,1.72092,1.72012,1.72033,1894.0
2026-05-07 23:00:00,1.72034,1.7205,1.71957,1.72002,1347.0
2026-05-08 00:00:00,1.72003,1.7219,1.71952,1.72146,1893.0
2026-05-08 01:00:00,1.72147,1.7225,1.72142,1.72244,1314.0
2026-05-08 02:00:00,1.72249,1.72366,1.72226,1.7236,1239.0
2026-05-08 03:00:00,1.72357,1.72386,1.72278,1.7231,1414.0
2026-05-08 04:00:00,1.72306,1.72558,1.72282,1.72544,1368.0
2026-05-08 05:00:00,1.72552,1.72626,1.72546,1.72598,1138.0
2026-05-08 06:00:00,1.72598,1.72622,1.72464,1.72468,846.0
2026-05-08 07:00:00,1.72474,1.7258,1.72447,1.7258,2109.0
2026-05-08 08:00:00,1.72576,1.72636,1.72503,1.7255,2520.0
2026-05-08 09:00:00,1.7255,1.7266,1.72506,1.72652,3872.0
2026-05-08 10:00:00,1.72654,1.72716,1.72558,1.72686,3540.0
2026-05-08 11:00:00,1.72678,1.72693,1.72602,1.72624,2560.0
2026-05-08 12:00:00,1.72625,1.72676,1.72549,1.72574,2000.0
2026-05-08 13:00:00,1.72572,1.72613,1.72553,1.72588,865.0
2026-05-08 14:00:00,1.72594,1.72658,1.72579,1.72594,2070.0
2026-05-08 15:00:00,1.72599,1.72676,1.7259,1.72662,709.0
2026-05-08 16:00:00,1.72662,1.72782,1.72576,1.72736,1850.0
2026-05-10 17:00:00,1.71728,1.72309,1.71695,1.72196,535.0
2026-05-10 18:00:00,1.72167,1.724,1.72043,1.72367,2365.0
2026-05-10 19:00:00,1.72367,1.72418,1.72352,1.7239,1229.0
2026-05-10 20:00:00,1.72394,1.72435,1.72336,1.72402,2354.0
2026-05-10 21:00:00,1.72405,1.72502,1.72388,1.72462,1692.0
2026-05-10 22:00:00,1.72462,1.72515,1.72454,1.72507,1301.0
2026-05-10 23:00:00,1.72509,1.72541,1.72492,1.72502,887.0
2026-05-11 00:00:00,1.72502,1.7253,1.72414,1.72436,650.0
2026-05-11 01:00:00,1.7243,1.72508,1.7243,1.72508,1047.0
2026-05-11 02:00:00,1.7251,1.72586,1.72411,1.7258,1177.0
2026-05-11 03:00:00,1.72588,1.72676,1.72588,1.72635,946.0
2026-05-11 04:00:00,1.72636,1.72737,1.72621,1.72697,819.0
2026-05-11 05:00:00,1.72694,1.72745,1.7266,1.72679,474.0
2026-05-11 06:00:00,1.72668,1.72695,1.72486,1.72516,1259.0
2026-05-11 07:00:00,1.72519,1.72788,1.72515,1.72726,2581.0
2026-05-11 08:00:00,1.7273,1.72804,1.72678,1.72746,3094.0
2026-05-11 09:00:00,1.72751,1.72874,1.72734,1.72772,2912.0
2026-05-11 10:00:00,1.72772,1.72971,1.72733,1.72971,2994.0
2026-05-11 11:00:00,1.72964,1.73127,1.72954,1.73114,3232.0
2026-05-11 12:00:00,1.73118,1.7312,1.73021,1.7306,1931.0
2026-05-11 13:00:00,1.73063,1.73086,1.73018,1.73062,1031.0
2026-05-11 14:00:00,1.73068,1.73072,1.72916,1.72934,1118.0
2026-05-11 15:00:00,1.72936,1.72951,1.72804,1.72812,812.0
2026-05-11 16:00:00,1.72818,1.72838,1.72605,1.72653,835.0
2026-05-11 17:00:00,1.72666,1.72717,1.72584,1.72612,235.0
2026-05-11 18:00:00,1.72619,1.72678,1.72571,1.7263,1051.0
2026-05-11 19:00:00,1.72626,1.7269,1.72626,1.72656,628.0
2026-05-11 20:00:00,1.72655,1.727,1.72618,1.72684,2543.0
2026-05-11 21:00:00,1.72678,1.72712,1.72632,1.72644,2233.0
2026-05-11 22:00:00,1.7265,1.72692,1.72629,1.72692,1440.0
2026-05-11 23:00:00,1.72688,1.72708,1.72627,1.72642,855.0
2026-05-12 00:00:00,1.72641,1.72668,1.72614,1.72641,521.0
2026-05-12 01:00:00,1.72642,1.72652,1.72496,1.72504,1690.0
2026-05-12 02:00:00,1.72504,1.72582,1.72309,1.72326,1546.0
2026-05-12 03:00:00,1.72328,1.72447,1.72032,1.72045,1888.0
2026-05-12 04:00:00,1.72053,1.72282,1.7191,1.72238,2103.0
2026-05-12 05:00:00,1.72249,1.72428,1.72167,1.7235,1782.0
2026-05-12 06:00:00,1.72343,1.72474,1.72266,1.7227,1112.0
2026-05-12 07:00:00,1.72269,1.72354,1.7208,1.72126,2313.0
2026-05-12 08:00:00,1.7212,1.7222,1.71982,1.72174,2930.0
2026-05-12 09:00:00,1.72184,1.72221,1.71958,1.71984,2520.0
2026-05-12 10:00:00,1.71988,1.7225,1.71952,1.72053,3087.0
2026-05-12 11:00:00,1.72054,1.72177,1.7189,1.72154,3490.0
2026-05-12 12:00:00,1.72154,1.72184,1.7207,1.72088,1269.0
2026-05-12 13:00:00,1.72088,1.72136,1.72031,1.72082,1320.0
2026-05-12 14:00:00,1.72081,1.72146,1.72038,1.72129,1714.0
2026-05-12 15:00:00,1.72126,1.72224,1.72126,1.72202,901.0
2026-05-12 16:00:00,1.72201,1.72296,1.72176,1.72249,1223.0
2026-05-12 17:00:00,1.72182,1.72256,1.72109,1.72188,376.0
2026-05-12 18:00:00,1.72175,1.72218,1.7214,1.7217,512.0
2026-05-12 19:00:00,1.72168,1.72195,1.72136,1.72151,1095.0
2026-05-12 20:00:00,1.72158,1.72194,1.72126,1.72171,2844.0
2026-05-12 21:00:00,1.72172,1.72207,1.72133,1.72194,1543.0
2026-05-12 22:00:00,1.72201,1.72268,1.72188,1.72254,1101.0
2026-05-12 23:00:00,1.72254,1.72262,1.7217,1.72189,1063.0
2026-05-13 00:00:00,1.72195,1.72196,1.72156,1.72177,1039.0
2026-05-13 01:00:00,1.72176,1.7233,1.72165,1.72304,2316.0
2026-05-13 02:00:00,1.72301,1.72328,1.72088,1.72125,2136.0
2026-05-13 03:00:00,1.72118,1.72206,1.72043,1.72051,1357.0
2026-05-13 04:00:00,1.72042,1.7221,1.72012,1.72088,1270.0
2026-05-13 05:00:00,1.72086,1.72108,1.71934,1.72018,1114.0
2026-05-13 06:00:00,1.72026,1.72052,1.71762,1.71884,1791.0
2026-05-13 07:00:00,1.7189,1.71916,1.71786,1.71814,1050.0
2026-05-13 08:00:00,1.71815,1.71878,1.71653,1.71767,2963.0
2026-05-13 09:00:00,1.71768,1.72035,1.71767,1.71996,3686.0
2026-05-13 10:00:00,1.7199,1.72075,1.71934,1.72016,2780.0
2026-05-13 11:00:00,1.72016,1.72103,1.71992,1.72027,2977.0
2026-05-13 12:00:00,1.72024,1.7209,1.71967,1.7201,2310.0
2026-05-13 13:00:00,1.72007,1.72048,1.71986,1.72026,1470.0
2026-05-13 14:00:00,1.72026,1.72072,1.72008,1.72066,2253.0
2026-05-13 15:00:00,1.72066,1.7212,1.72062,1.721,1376.0
2026-05-13 16:00:00,1.72102,1.72146,1.72008,1.72131,1118.0
2026-05-13 17:00:00,1.72122,1.72154,1.71992,1.72072,1876.0
2026-05-13 18:00:00,1.72068,1.72118,1.72052,1.72069,827.0
2026-05-13 19:00:00,1.72072,1.72134,1.72052,1.72103,929.0
2026-05-13 20:00:00,1.72101,1.72146,1.72085,1.72138,2088.0
2026-05-13 21:00:00,1.72136,1.72162,1.72066,1.72081,1351.0
2026-05-13 22:00:00,1.7208,1.72136,1.72075,1.72094,1269.0
2026-05-13 23:00:00,1.72098,1.7222,1.72093,1.72217,1260.0
2026-05-14 00:00:00,1.72212,1.72228,1.72184,1.72208,1187.0
2026-05-14 01:00:00,1.7221,1.72218,1.72066,1.72104,1227.0
2026-05-14 02:00:00,1.72106,1.7221,1.72091,1.7215,1281.0
2026-05-14 03:00:00,1.72149,1.72158,1.72008,1.72012,1025.0
2026-05-14 04:00:00,1.72007,1.72111,1.71974,1.7211,744.0
2026-05-14 05:00:00,1.7211,1.72126,1.7201,1.72021,1202.0
2026-05-14 06:00:00,1.72022,1.72104,1.72002,1.72041,1623.0
2026-05-14 07:00:00,1.72039,1.72114,1.71878,1.71944,1830.0
2026-05-14 08:00:00,1.7194,1.7212,1.71902,1.72034,1896.0
2026-05-14 09:00:00,1.72034,1.72066,1.7194,1.72008,3355.0
2026-05-14 10:00:00,1.72014,1.721,1.7186,1.71871,3197.0
2026-05-14 11:00:00,1.71868,1.71908,1.71762,1.71794,2007.0
2026-05-14 12:00:00,1.71794,1.71808,1.71287,1.71396,2161.0
2026-05-14 13:00:00,1.71404,1.71417,1.71007,1.71016,1464.0
2026-05-14 14:00:00,1.7101,1.71016,1.70822,1.70958,2000.0
2026-05-14 15:00:00,1.70956,1.71005,1.70918,1.70968,1576.0
2026-05-14 16:00:00,1.70974,1.71012,1.70924,1.71008,889.0
2026-05-14 17:00:00,1.71025,1.71025,1.70808,1.71004,1566.0
2026-05-14 18:00:00,1.71006,1.71024,1.70922,1.70944,369.0
2026-05-14 19:00:00,1.70947,1.71003,1.70824,1.70939,1101.0
2026-05-14 20:00:00,1.70936,1.70952,1.70842,1.70884,2760.0
2026-05-14 21:00:00,1.70884,1.70896,1.70786,1.7082,1982.0
2026-05-14 22:00:00,1.70824,1.70858,1.70774,1.70831,1833.0
2026-05-14 23:00:00,1.70837,1.70858,1.70808,1.70839,2054.0
2026-05-15 00:00:00,1.70836,1.70839,1.70778,1.70784,1325.0
2026-05-15 01:00:00,1.70782,1.70788,1.70677,1.70682,2010.0
2026-05-15 02:00:00,1.70681,1.70822,1.70535,1.70754,2506.0
2026-05-15 03:00:00,1.70748,1.70958,1.70708,1.7091,1732.0
2026-05-15 04:00:00,1.70912,1.70931,1.70722,1.70771,1720.0
2026-05-15 05:00:00,1.70777,1.70887,1.70679,1.70844,1229.0
2026-05-15 06:00:00,1.7085,1.71168,1.70848,1.71064,2135.0
2026-05-15 07:00:00,1.71058,1.71128,1.70964,1.7097,2442.0
2026-05-15 08:00:00,1.70964,1.71022,1.70808,1.70928,3634.0
2026-05-15 09:00:00,1.70934,1.7101,1.70806,1.70836,4134.0
2026-05-15 10:00:00,1.7083,1.70962,1.70783,1.70784,3667.0
2026-05-15 11:00:00,1.70784,1.70804,1.70545,1.7069,3043.0
2026-05-15 12:00:00,1.70692,1.70702,1.70558,1.70658,1799.0
2026-05-15 13:00:00,1.70658,1.70676,1.70565,1.70615,1513.0
2026-05-15 14:00:00,1.7062,1.70632,1.70558,1.70571,1570.0
2026-05-15 15:00:00,1.70584,1.70617,1.70538,1.7055,833.0
2026-05-15 16:00:00,1.70546,1.70676,1.70464,1.70628,1011.0
2026-05-17 17:00:00,1.70578,1.70629,1.70559,1.70607,56.0
2026-05-17 18:00:00,1.70587,1.70602,1.70442,1.70504,2503.0
2026-05-17 19:00:00,1.70506,1.70586,1.70506,1.7054,1590.0
2026-05-17 20:00:00,1.70542,1.70614,1.70474,1.7055,2688.0
2026-05-17 21:00:00,1.70556,1.7057,1.70508,1.70548,1970.0
2026-05-17 22:00:00,1.70554,1.70619,1.70539,1.70578,1779.0
2026-05-17 23:00:00,1.7058,1.70597,1.70541,1.7056,988.0
2026-05-18 00:00:00,1.70564,1.70609,1.70549,1.70585,1966.0
2026-05-18 01:00:00,1.70582,1.70693,1.70566,1.70692,1449.0
2026-05-18 02:00:00,1.70687,1.7097,1.7067,1.70947,1332.0
2026-05-18 03:00:00,1.7095,1.7095,1.70824,1.70903,1444.0
2026-05-18 04:00:00,1.70902,1.71136,1.70868,1.71062,1086.0
2026-05-18 05:00:00,1.71056,1.71091,1.70974,1.7101,761.0
2026-05-18 06:00:00,1.71009,1.71066,1.70876,1.70882,972.0
2026-05-18 07:00:00,1.70882,1.71106,1.70879,1.71106,2550.0
2026-05-18 08:00:00,1.71104,1.71262,1.71094,1.71188,3207.0
2026-05-18 09:00:00,1.71192,1.71248,1.71102,1.71164,3377.0
2026-05-18 10:00:00,1.71164,1.7135,1.71141,1.71303,3632.0
2026-05-18 11:00:00,1.71306,1.71674,1.71231,1.71581,2779.0
2026-05-18 12:00:00,1.71574,1.7192,1.71557,1.71719,2081.0
2026-05-18 13:00:00,1.71713,1.7177,1.71628,1.71633,2412.0
2026-05-18 14:00:00,1.7163,1.7164,1.71526,1.71542,2637.0
2026-05-18 15:00:00,1.71542,1.71716,1.71524,1.71694,3277.0
2026-05-18 16:00:00,1.71692,1.71788,1.7169,1.71764,1679.0
2026-05-18 17:00:00,1.71788,1.71803,1.7167,1.71705,1037.0
2026-05-18 18:00:00,1.71721,1.71786,1.71678,1.7173,727.0
2026-05-18 19:00:00,1.71724,1.7173,1.71678,1.71713,1258.0
2026-05-18 20:00:00,1.71714,1.71774,1.717,1.7171,3101.0
2026-05-18 21:00:00,1.71709,1.71726,1.71646,1.71681,2004.0
2026-05-18 22:00:00,1.7168,1.7171,1.71629,1.71709,1370.0
2026-05-18 23:00:00,1.71704,1.71736,1.71686,1.71688,1161.0
2026-05-19 00:00:00,1.71687,1.71712,1.71628,1.7163,1342.0
2026-05-19 01:00:00,1.7163,1.71743,1.71593,1.71734,1771.0
2026-05-19 02:00:00,1.71732,1.71736,1.71528,1.71567,1147.0
2026-05-19 03:00:00,1.71548,1.7163,1.7149,1.71594,1734.0
2026-05-19 04:00:00,1.71594,1.71619,1.71496,1.71552,1545.0
2026-05-19 05:00:00,1.7156,1.71766,1.71552,1.71765,1117.0
2026-05-19 06:00:00,1.71763,1.71812,1.71668,1.71734,1244.0
2026-05-19 07:00:00,1.7174,1.71788,1.71704,1.71744,4028.0
2026-05-19 08:00:00,1.71742,1.7188,1.71725,1.71771,3811.0
2026-05-19 09:00:00,1.7177,1.71829,1.71675,1.71804,3150.0
2026-05-19 10:00:00,1.71804,1.71858,1.71713,1.71843,3075.0
2026-05-19 11:00:00,1.7184,1.71866,1.71773,1.7182,4626.0
2026-05-19 12:00:00,1.71821,1.71828,1.71692,1.71748,2876.0
2026-05-19 13:00:00,1.7175,1.71871,1.7175,1.7185,2022.0
2026-05-19 14:00:00,1.71848,1.71869,1.71778,1.7178,2478.0
2026-05-19 15:00:00,1.7178,1.71832,1.71774,1.71799,1563.0
2026-05-19 16:00:00,1.71798,1.7184,1.71741,1.71774,1019.0
2026-05-19 17:00:00,1.71844,1.71894,1.71576,1.71769,1591.0
2026-05-19 18:00:00,1.71757,1.71816,1.71716,1.71742,1117.0
2026-05-19 19:00:00,1.7174,1.71786,1.71728,1.71748,1590.0
2026-05-19 20:00:00,1.71748,1.71828,1.71685,1.71696,3640.0
2026-05-19 21:00:00,1.71694,1.7172,1.71634,1.71656,2318.0
2026-05-19 22:00:00,1.71658,1.71698,1.7162,1.71689,1378.0
2026-05-19 23:00:00,1.71694,1.7175,1.71671,1.7172,2842.0
2026-05-20 00:00:00,1.71728,1.71759,1.71648,1.71668,1092.0
2026-05-20 01:00:00,1.7167,1.71716,1.71642,1.71658,1057.0
2026-05-20 02:00:00,1.71662,1.71781,1.71454,1.71572,1862.0
2026-05-20 03:00:00,1.71578,1.71612,1.71474,1.71474,2305.0
2026-05-20 04:00:00,1.71471,1.71533,1.71378,1.71388,1200.0
2026-05-20 05:00:00,1.71388,1.715,1.71386,1.71442,1083.0
2026-05-20 06:00:00,1.71434,1.71542,1.714,1.71524,741.0
2026-05-20 07:00:00,1.71532,1.71628,1.71514,1.71574,1429.0
2026-05-20 08:00:00,1.71572,1.71614,1.71536,1.71565,2116.0
2026-05-20 09:00:00,1.71558,1.71684,1.71542,1.71573,3215.0
2026-05-20 10:00:00,1.71578,1.71784,1.71504,1.71703,4517.0
2026-05-20 11:00:00,1.71709,1.719,1.71631,1.7184,6723.0
2026-05-20 12:00:00,1.71832,1.71898,1.71749,1.71771,2718.0
2026-05-20 13:00:00,1.7177,1.7183,1.71724,1.71738,1578.0
2026-05-20 14:00:00,1.71744,1.7177,1.71668,1.71722,2102.0
2026-05-20 15:00:00,1.71714,1.71794,1.71686,1.71694,1251.0
2026-05-20 16:00:00,1.71686,1.71772,1.71644,1.71702,1294.0
2026-05-20 17:00:00,1.71765,1.71828,1.7169,1.71779,889.0
2026-05-20 18:00:00,1.71766,1.71802,1.71646,1.71696,1433.0
2026-05-20 19:00:00,1.71702,1.71712,1.71652,1.7169,850.0
2026-05-20 20:00:00,1.71694,1.71743,1.71666,1.71718,2305.0
2026-05-20 21:00:00,1.71724,1.71845,1.71718,1.71789,1377.0
2026-05-20 22:00:00,1.71792,1.71828,1.71726,1.71822,1264.0
2026-05-20 23:00:00,1.71822,1.71848,1.71785,1.71785,1203.0
2026-05-21 00:00:00,1.71786,1.71826,1.71772,1.71807,622.0
2026-05-21 01:00:00,1.71806,1.71884,1.71799,1.71876,1139.0
2026-05-21 02:00:00,1.71879,1.7194,1.71864,1.71928,1221.0
2026-05-21 03:00:00,1.71929,1.71968,1.71752,1.71838,3451.0
2026-05-21 04:00:00,1.7184,1.71956,1.71744,1.71823,1879.0
2026-05-21 05:00:00,1.71818,1.71873,1.71797,1.71865,1351.0
2026-05-21 06:00:00,1.71861,1.71896,1.7176,1.71838,1435.0
2026-05-21 07:00:00,1.71832,1.7194,1.71798,1.71827,1887.0
2026-05-21 08:00:00,1.71821,1.71854,1.71712,1.71712,2748.0
2026-05-21 09:00:00,1.71712,1.71784,1.71549,1.71598,4264.0
2026-05-21 10:00:00,1.71604,1.71658,1.7153,1.71623,3169.0
2026-05-21 11:00:00,1.71622,1.71636,1.71531,1.71597,3477.0
2026-05-21 12:00:00,1.71592,1.71619,1.71534,1.71596,3208.0
2026-05-21 13:00:00,1.71594,1.71735,1.71571,1.71702,2881.0
2026-05-21 14:00:00,1.71693,1.71766,1.71636,1.71658,1750.0
2026-05-21 15:00:00,1.71654,1.71724,1.71646,1.71679,1621.0
2026-05-21 16:00:00,1.71668,1.71713,1.71583,1.71583,940.0
2026-05-21 17:00:00,1.71629,1.71773,1.71586,1.7164,1041.0
2026-05-21 18:00:00,1.71579,1.71669,1.71546,1.71624,1512.0
2026-05-21 19:00:00,1.71613,1.71646,1.71592,1.71618,308.0
2026-05-21 20:00:00,1.71616,1.71672,1.71602,1.71604,4015.0
2026-05-21 21:00:00,1.71605,1.71711,1.71602,1.71703,2539.0
2026-05-21 22:00:00,1.71697,1.71715,1.71676,1.71706,1290.0
2026-05-21 23:00:00,1.71708,1.71716,1.7166,1.71678,1738.0
2026-05-22 00:00:00,1.71676,1.71749,1.71666,1.71722,2204.0
2026-05-22 01:00:00,1.71717,1.71744,1.71672,1.717,1842.0
2026-05-22 02:00:00,1.71702,1.71732,1.71632,1.71716,1526.0
2026-05-22 03:00:00,1.7171,1.71796,1.71662,1.71787,1309.0
2026-05-22 04:00:00,1.71784,1.71882,1.71776,1.71826,1025.0
2026-05-22 05:00:00,1.7182,1.71856,1.71794,1.71822,883.0
2026-05-22 06:00:00,1.71828,1.71883,1.71794,1.71826,603.0
2026-05-22 07:00:00,1.71824,1.71838,1.71787,1.71799,1539.0
2026-05-22 08:00:00,1.71797,1.71903,1.71746,1.71903,3420.0
2026-05-22 09:00:00,1.71896,1.72099,1.71881,1.71906,1803.0
2026-05-22 10:00:00,1.71912,1.71932,1.71764,1.71904,1876.0
2026-05-22 11:00:00,1.71904,1.71998,1.71854,1.71929,1721.0
2026-05-22 12:00:00,1.71929,1.71995,1.71918,1.71966,695.0
2026-05-22 13:00:00,1.71961,1.72016,1.71943,1.72008,1158.0
2026-05-22 14:00:00,1.72013,1.72019,1.71965,1.71992,499.0
2026-05-22 15:00:00,1.71984,1.71998,1.71934,1.71961,548.0
2026-05-22 16:00:00,1.71954,1.72032,1.71861,1.71908,2110.0
2026-05-24 17:00:00,1.72137,1.72191,1.72041,1.72187,136.0
2026-05-24 18:00:00,1.72163,1.72346,1.72147,1.72249,1030.0
2026-05-24 19:00:00,1.7224,1.72276,1.72167,1.7217,815.0
2026-05-24 20:00:00,1.72168,1.72204,1.72094,1.7211,1142.0
2026-05-24 21:00:00,1.72112,1.72177,1.72096,1.72108,1028.0
2026-05-24 22:00:00,1.7211,1.72144,1.72072,1.72104,558.0
2026-05-24 23:00:00,1.7211,1.72132,1.72056,1.72118,515.0
2026-05-25 00:00:00,1.72118,1.72183,1.72095,1.72135,326.0
2026-05-25 01:00:00,1.72138,1.72248,1.72138,1.72206,612.0
2026-05-25 02:00:00,1.72204,1.72261,1.72178,1.72232,839.0
2026-05-25 03:00:00,1.72233,1.72272,1.72172,1.72272,916.0
2026-05-25 04:00:00,1.72268,1.72324,1.72222,1.72315,525.0
2026-05-25 05:00:00,1.7231,1.72358,1.72296,1.72336,285.0
2026-05-25 06:00:00,1.72344,1.72356,1.72316,1.7234,205.0
2026-05-25 07:00:00,1.7234,1.7246,1.72316,1.72407,796.0
2026-05-25 08:00:00,1.72412,1.7246,1.72406,1.72418,476.0
2026-05-25 09:00:00,1.72414,1.72452,1.72374,1.72375,380.0
2026-05-25 10:00:00,1.72372,1.7242,1.72349,1.72398,625.0
2026-05-25 11:00:00,1.7239,1.72436,1.72363,1.7241,765.0
2026-05-25 12:00:00,1.72409,1.72444,1.72386,1.72432,189.0
2026-05-25 13:00:00,1.7244,1.72462,1.72431,1.7244,101.0
2026-05-25 14:00:00,1.72446,1.72472,1.72438,1.72466,62.0
2026-05-25 15:00:00,1.72466,1.72482,1.72445,1.72462,73.0
2026-05-25 16:00:00,1.72452,1.72494,1.72446,1.72478,247.0
2026-05-25 17:00:00,1.72419,1.72528,1.72395,1.72479,579.0
2026-05-25 18:00:00,1.72512,1.72512,1.72384,1.72444,733.0
2026-05-25 19:00:00,1.72444,1.72465,1.72397,1.72412,1221.0
2026-05-25 20:00:00,1.72404,1.72426,1.72311,1.72311,3444.0
2026-05-25 21:00:00,1.7231,1.72335,1.72232,1.72249,1545.0
2026-05-25 22:00:00,1.72252,1.72283,1.72233,1.72278,730.0
2026-05-25 23:00:00,1.72272,1.723,1.72243,1.72263,956.0
2026-05-26 00:00:00,1.72262,1.72266,1.72214,1.72226,381.0
2026-05-26 01:00:00,1.72224,1.72241,1.72168,1.7217,1351.0
2026-05-26 02:00:00,1.7217,1.72224,1.72126,1.72157,845.0
2026-05-26 03:00:00,1.72152,1.72182,1.72096,1.7215,1406.0
2026-05-26 04:00:00,1.72156,1.72252,1.72137,1.72212,786.0
2026-05-26 05:00:00,1.72208,1.723,1.72194,1.72281,797.0
2026-05-26 06:00:00,1.72274,1.7229,1.72224,1.72254,792.0
2026-05-26 07:00:00,1.72256,1.72289,1.721,1.72112,1999.0
2026-05-26 08:00:00,1.7211,1.72194,1.72065,1.72076,1495.0
2026-05-26 09:00:00,1.72074,1.72112,1.71986,1.72,2931.0
2026-05-26 10:00:00,1.71997,1.72051,1.71845,1.71846,3357.0
2026-05-26 11:00:00,1.71848,1.71869,1.71717,1.71721,3504.0
2026-05-26 12:00:00,1.71726,1.71806,1.71702,1.71748,1745.0
2026-05-26 13:00:00,1.71748,1.71805,1.71714,1.7175,2356.0
2026-05-26 14:00:00,1.71752,1.7176,1.71727,1.71753,1284.0
2026-05-26 15:00:00,1.71747,1.71792,1.71716,1.71776,896.0
2026-05-26 16:00:00,1.71775,1.71874,1.71764,1.7183,680.0
2026-05-26 17:00:00,1.71872,1.71944,1.71848,1.71877,911.0
2026-05-26 18:00:00,1.71873,1.71891,1.71784,1.71804,689.0
2026-05-26 19:00:00,1.71798,1.71818,1.71765,1.71802,536.0
2026-05-26 20:00:00,1.71802,1.71854,1.71782,1.71821,2399.0
2026-05-26 21:00:00,1.71816,1.71816,1.71744,1.71772,1354.0
2026-05-26 22:00:00,1.71772,1.71828,1.71772,1.71806,980.0
2026-05-26 23:00:00,1.71812,1.71848,1.718,1.71837,339.0
2026-05-27 00:00:00,1.71836,1.71836,1.7175,1.71761,372.0
2026-05-27 01:00:00,1.71758,1.71791,1.7175,1.7176,1443.0
2026-05-27 02:00:00,1.71755,1.71806,1.71721,1.718,1152.0
2026-05-27 03:00:00,1.71806,1.71812,1.71736,1.71739,730.0
2026-05-27 04:00:00,1.71734,1.71811,1.71677,1.71729,749.0
2026-05-27 05:00:00,1.71723,1.71775,1.71676,1.71676,745.0
2026-05-27 06:00:00,1.71678,1.71722,1.71618,1.71707,945.0
2026-05-27 07:00:00,1.71708,1.71726,1.71632,1.7167,1427.0
2026-05-27 08:00:00,1.71672,1.71738,1.71628,1.7165,2772.0
2026-05-27 09:00:00,1.71644,1.7172,1.71612,1.7165,1915.0
2026-05-27 10:00:00,1.71658,1.71736,1.71408,1.71429,3083.0
2026-05-27 11:00:00,1.71418,1.71507,1.71404,1.71503,2485.0
2026-05-27 12:00:00,1.71508,1.7153,1.71437,1.71521,1404.0
2026-05-27 13:00:00,1.7152,1.71533,1.71426,1.71523,1380.0
2026-05-27 14:00:00,1.71516,1.71564,1.71493,1.71546,1714.0
2026-05-27 15:00:00,1.71545,1.71588,1.71535,1.71554,828.0
2026-05-27 16:00:00,1.71544,1.71573,1.71456,1.71491,577.0
2026-05-27 17:00:00,1.71435,1.71572,1.71435,1.7146,2021.0
2026-05-27 18:00:00,1.71464,1.71534,1.71438,1.71512,636.0
2026-05-27 19:00:00,1.71516,1.71522,1.71436,1.71452,1849.0
2026-05-27 20:00:00,1.71444,1.71492,1.71436,1.71452,2930.0
2026-05-27 21:00:00,1.71454,1.71488,1.71392,1.71397,1433.0
2026-05-27 22:00:00,1.71404,1.71471,1.71393,1.71443,1623.0
2026-05-27 23:00:00,1.71442,1.7145,1.71222,1.71224,1483.0
2026-05-28 00:00:00,1.71228,1.71274,1.71202,1.71229,1255.0
2026-05-28 01:00:00,1.71228,1.71358,1.712,1.7133,1701.0
2026-05-28 02:00:00,1.71321,1.71467,1.71317,1.71423,1764.0
2026-05-28 03:00:00,1.71422,1.71498,1.71396,1.71426,1753.0
2026-05-28 04:00:00,1.71435,1.71474,1.71382,1.71442,1449.0
2026-05-28 05:00:00,1.71439,1.7148,1.71358,1.71372,1125.0
2026-05-28 06:00:00,1.71378,1.71401,1.7131,1.71378,1339.0
2026-05-28 07:00:00,1.7138,1.71564,1.7138,1.71542,2274.0
2026-05-28 08:00:00,1.71542,1.71648,1.71503,1.71571,3109.0
2026-05-28 09:00:00,1.71566,1.71654,1.71524,1.71531,3770.0
2026-05-28 10:00:00,1.7153,1.71736,1.71444,1.71502,5279.0
2026-05-28 11:00:00,1.71499,1.71558,1.71452,1.71488,2916.0
2026-05-28 12:00:00,1.71488,1.7152,1.71454,1.71514,2434.0
2026-05-28 13:00:00,1.7151,1.71558,1.71485,1.71548,1654.0
2026-05-28 14:00:00,1.71546,1.71555,1.71492,1.71526,1808.0
2026-05-28 15:00:00,1.71518,1.7154,1.71496,1.71524,1291.0
2026-05-28 16:00:00,1.71524,1.71574,1.71503,1.71561,459.0
2026-05-28 17:00:00,1.71535,1.71556,1.7146,1.71516,1089.0
2026-05-28 18:00:00,1.7151,1.71598,1.71496,1.71539,556.0
2026-05-28 19:00:00,1.7154,1.71598,1.7154,1.71564,1234.0
2026-05-28 20:00:00,1.71566,1.71614,1.71554,1.7157,3289.0
2026-05-28 21:00:00,1.7157,1.71634,1.71553,1.71558,2418.0
2026-05-28 22:00:00,1.71559,1.71596,1.71553,1.71568,2343.0
2026-05-28 23:00:00,1.71568,1.71574,1.71532,1.71563,987.0
2026-05-29 00:00:00,1.71564,1.71621,1.71563,1.71618,898.0
2026-05-29 01:00:00,1.7162,1.7164,1.71582,1.71594,1319.0
2026-05-29 02:00:00,1.71592,1.71684,1.71564,1.71656,1374.0
2026-05-29 03:00:00,1.71649,1.71656,1.71449,1.71533,1251.0
2026-05-29 04:00:00,1.71535,1.71562,1.71414,1.71422,1376.0
2026-05-29 05:00:00,1.71424,1.71472,1.71358,1.71439,1337.0
2026-05-29 06:00:00,1.71438,1.71455,1.71349,1.71442,1131.0
2026-05-29 07:00:00,1.71442,1.71482,1.71404,1.71472,2078.0
2026-05-29 08:00:00,1.7147,1.71511,1.71396,1.71511,2471.0
2026-05-29 09:00:00,1.71506,1.71662,1.71476,1.7158,3066.0
2026-05-29 10:00:00,1.71586,1.71917,1.71523,1.71889,4256.0
2026-05-29 11:00:00,1.71897,1.71962,1.7182,1.71868,3406.0
2026-05-29 12:00:00,1.71874,1.71887,1.71787,1.71818,2248.0
2026-05-29 13:00:00,1.71821,1.71859,1.71746,1.71776,2816.0
2026-05-29 14:00:00,1.71775,1.71828,1.71764,1.71814,1704.0
2026-05-29 15:00:00,1.71814,1.71906,1.71809,1.71878,2549.0
2026-05-29 16:00:00,1.71879,1.71884,1.71746,1.7178,2571.0
2026-05-31 17:00:00,1.7179,1.71978,1.71676,1.71687,479.0
2026-05-31 18:00:00,1.7171,1.71771,1.71625,1.71752,1942.0
2026-05-31 19:00:00,1.7175,1.71815,1.71728,1.71764,1878.0
2026-05-31 20:00:00,1.71762,1.71842,1.71734,1.71841,3443.0
2026-05-31 21:00:00,1.71844,1.71924,1.71832,1.71916,1599.0
2026-05-31 22:00:00,1.71916,1.71984,1.71912,1.71936,1691.0
2026-05-31 23:00:00,1.71943,1.71969,1.71858,1.71864,1685.0
2026-06-01 00:00:00,1.71868,1.71939,1.71864,1.71924,540.0
2026-06-01 01:00:00,1.71926,1.71981,1.71918,1.71932,1548.0
2026-06-01 02:00:00,1.7193,1.7209,1.71887,1.72048,1399.0
2026-06-01 03:00:00,1.72043,1.72044,1.71936,1.71948,1655.0
2026-06-01 04:00:00,1.71954,1.72093,1.71946,1.72054,1460.0
2026-06-01 05:00:00,1.72046,1.721,1.7194,1.71974,1548.0
2026-06-01 06:00:00,1.71979,1.7202,1.71929,1.72004,1298.0
2026-06-01 07:00:00,1.72004,1.72058,1.71988,1.72058,2057.0
2026-06-01 08:00:00,1.7206,1.72077,1.72003,1.72016,2369.0
2026-06-01 09:00:00,1.72014,1.72024,1.71673,1.71734,4574.0
2026-06-01 10:00:00,1.71723,1.7195,1.71646,1.7195,3731.0
2026-06-01 11:00:00,1.7195,1.72037,1.71871,1.72,3087.0
2026-06-01 12:00:00,1.71997,1.72108,1.71962,1.72093,2498.0
2026-06-01 13:00:00,1.72094,1.72158,1.72042,1.72116,2187.0
2026-06-01 14:00:00,1.72111,1.72136,1.72078,1.72085,892.0
2026-06-01 15:00:00,1.72082,1.72128,1.72052,1.72116,694.0
2026-06-01 16:00:00,1.72114,1.7213,1.7202,1.72089,1231.0
2026-06-01 17:00:00,1.72124,1.72235,1.72037,1.72091,1323.0
2026-06-01 18:00:00,1.7208,1.72138,1.72057,1.7208,1197.0
2026-06-01 19:00:00,1.72082,1.72108,1.72045,1.72073,364.0
2026-06-01 20:00:00,1.72066,1.72128,1.72048,1.72048,1798.0
2026-06-01 21:00:00,1.72051,1.72105,1.72039,1.72062,1902.0
2026-06-01 22:00:00,1.7206,1.72065,1.72024,1.7203,1713.0
2026-06-01 23:00:00,1.72032,1.72062,1.7203,1.72048,1315.0
2026-06-02 00:00:00,1.72048,1.72139,1.72041,1.72108,1168.0
2026-06-02 01:00:00,1.72106,1.72123,1.72078,1.7209,1562.0
2026-06-02 02:00:00,1.72094,1.72241,1.72094,1.72187,1672.0
2026-06-02 03:00:00,1.72184,1.72198,1.72108,1.72134,1649.0
2026-06-02 04:00:00,1.72136,1.72155,1.72069,1.72086,921.0
2026-06-02 05:00:00,1.72093,1.72209,1.72063,1.72209,1044.0
2026-06-02 06:00:00,1.7221,1.72256,1.72177,1.7221,886.0
2026-06-02 07:00:00,1.7221,1.72281,1.7218,1.72257,1647.0
2026-06-02 08:00:00,1.72256,1.72289,1.72219,1.72238,1758.0
2026-06-02 09:00:00,1.72243,1.72339,1.72222,1.72276,2098.0
2026-06-02 10:00:00,1.72272,1.72348,1.72162,1.7227,2154.0
2026-06-02 11:00:00,1.72275,1.72382,1.72274,1.72376,1629.0
2026-06-02 12:00:00,1.72376,1.724,1.72285,1.72294,1232.0
2026-06-02 13:00:00,1.72294,1.7232,1.72276,1.72284,1053.0
2026-06-02 14:00:00,1.72286,1.72375,1.72246,1.72355,1272.0
2026-06-02 15:00:00,1.72352,1.72381,1.7234,1.72356,648.0
2026-06-02 16:00:00,1.72353,1.72378,1.72281,1.72288,416.0
2026-06-02 17:00:00,1.72293,1.72325,1.72138,1.72301,1623.0
2026-06-02 18:00:00,1.72316,1.7235,1.72272,1.7231,652.0
2026-06-02 19:00:00,1.72299,1.72312,1.72216,1.72245,752.0
2026-06-02 20:00:00,1.72246,1.7231,1.72235,1.72307,1170.0
2026-06-02 21:00:00,1.72304,1.72316,1.72269,1.72298,796.0
2026-06-02 22:00:00,1.72303,1.72342,1.72284,1.72306,1164.0
2026-06-02 23:00:00,1.72312,1.72326,1.72285,1.72304,1058.0
2026-06-03 00:00:00,1.72302,1.72324,1.72268,1.72304,883.0
2026-06-03 01:00:00,1.72304,1.7234,1.72282,1.72286,1241.0
2026-06-03 02:00:00,1.72282,1.72366,1.72208,1.72352,1073.0
2026-06-03 03:00:00,1.72355,1.72489,1.72336,1.72418,1756.0
2026-06-03 04:00:00,1.72419,1.7245,1.72357,1.72386,1340.0
2026-06-03 05:00:00,1.72385,1.72442,1.72373,1.72409,568.0
2026-06-03 06:00:00,1.7241,1.7245,1.72343,1.724,959.0
2026-06-03 07:00:00,1.72406,1.72445,1.72382,1.72402,880.0
2026-06-03 08:00:00,1.72398,1.72416,1.72264,1.72312,1479.0
2026-06-03 09:00:00,1.72313,1.72336,1.72226,1.72272,2823.0
2026-06-03 10:00:00,1.72267,1.72377,1.72206,1.72366,2081.0
2026-06-03 11:00:00,1.72367,1.72446,1.72292,1.72388,1190.0
2026-06-03 12:00:00,1.72394,1.72398,1.72229,1.7228,631.0
2026-06-03 13:00:00,1.72285,1.72327,1.72236,1.72244,846.0
2026-06-03 14:00:00,1.72253,1.72283,1.72224,1.7227,772.0
2026-06-03 15:00:00,1.72262,1.72314,1.72262,1.72306,420.0
2026-06-03 16:00:00,1.72306,1.72318,1.72184,1.72189,608.0
2026-06-03 17:00:00,1.72156,1.72202,1.72063,1.72161,347.0
2026-06-03 18:00:00,1.72199,1.72282,1.72158,1.72234,366.0
2026-06-03 19:00:00,1.72237,1.72288,1.72225,1.72272,394.0
2026-06-03 20:00:00,1.7226,1.72307,1.72212,1.72262,1205.0
2026-06-03 21:00:00,1.72255,1.72294,1.7223,1.72268,695.0
2026-06-03 22:00:00,1.72264,1.72288,1.7224,1.72256,1092.0
2026-06-03 23:00:00,1.72259,1.72305,1.72228,1.72296,878.0
2026-06-04 00:00:00,1.723,1.72358,1.7229,1.72355,686.0
2026-06-04 01:00:00,1.72354,1.72366,1.72272,1.72306,972.0
2026-06-04 02:00:00,1.72304,1.72388,1.72288,1.72334,981.0
2026-06-04 03:00:00,1.72338,1.72418,1.72282,1.72388,949.0
2026-06-04 04:00:00,1.72385,1.72497,1.72385,1.72439,790.0
2026-06-04 05:00:00,1.72439,1.7252,1.72418,1.72444,865.0
2026-06-04 06:00:00,1.72438,1.72562,1.72434,1.72548,858.0
2026-06-04 07:00:00,1.72548,1.72656,1.72541,1.72588,1243.0
2026-06-04 08:00:00,1.7258,1.72666,1.72574,1.72616,1453.0
2026-06-04 09:00:00,1.72618,1.7262,1.72506,1.72544,1978.0
2026-06-04 10:00:00,1.72542,1.72605,1.72486,1.72572,2433.0
2026-06-04 11:00:00,1.72573,1.72578,1.7243,1.72494,1445.0
2026-06-04 12:00:00,1.72498,1.72536,1.72454,1.72493,1292.0
2026-06-04 13:00:00,1.72497,1.7252,1.72422,1.72437,1375.0
2026-06-04 14:00:00,1.72436,1.7246,1.72419,1.72448,708.0
2026-06-04 15:00:00,1.7244,1.72473,1.72421,1.72467,326.0
2026-06-04 16:00:00,1.72466,1.72473,1.7243,1.72437,384.0
2026-06-04 17:00:00,1.72423,1.72503,1.7229,1.72379,1443.0
2026-06-04 18:00:00,1.72352,1.7247,1.72334,1.72444,435.0
2026-06-04 19:00:00,1.72436,1.72458,1.72416,1.72456,472.0
2026-06-04 20:00:00,1.72448,1.72508,1.72407,1.72508,1243.0
2026-06-04 21:00:00,1.72514,1.72638,1.72504,1.72574,760.0
2026-06-04 22:00:00,1.72568,1.72582,1.72514,1.72536,940.0
2026-06-04 23:00:00,1.72532,1.726,1.7252,1.72588,698.0
2026-06-05 00:00:00,1.72588,1.72594,1.72528,1.7255,813.0
2026-06-05 01:00:00,1.72553,1.72563,1.72523,1.72541,908.0
2026-06-05 02:00:00,1.7254,1.72576,1.725,1.72568,829.0
2026-06-05 03:00:00,1.72563,1.72665,1.72547,1.72643,887.0
2026-06-05 04:00:00,1.72642,1.7276,1.726,1.7276,623.0
2026-06-05 05:00:00,1.72755,1.72822,1.72696,1.72774,1012.0
2026-06-05 06:00:00,1.72774,1.72963,1.72772,1.72892,644.0
2026-06-05 07:00:00,1.72888,1.72906,1.72821,1.72839,733.0
2026-06-05 08:00:00,1.72838,1.72888,1.72526,1.72526,2814.0
2026-06-05 09:00:00,1.72528,1.72746,1.72498,1.72634,3099.0
2026-06-05 10:00:00,1.7264,1.72682,1.72487,1.7254,2007.0
2026-06-05 11:00:00,1.72542,1.72568,1.72357,1.72388,1279.0
2026-06-05 12:00:00,1.7238,1.72408,1.72236,1.72336,973.0
2026-06-05 13:00:00,1.72342,1.72358,1.72199,1.72216,693.0
2026-06-05 14:00:00,1.72223,1.72244,1.72157,1.72208,946.0
2026-06-05 15:00:00,1.722,1.7222,1.7212,1.7214,719.0
2026-06-05 16:00:00,1.72141,1.72255,1.72108,1.72191,1627.0
2026-06-07 17:00:00,1.72008,1.72033,1.71674,1.71996,253.0
2026-06-07 18:00:00,1.71981,1.72118,1.71909,1.72085,982.0
2026-06-07 19:00:00,1.72088,1.72176,1.72084,1.72174,547.0
2026-06-07 20:00:00,1.72168,1.72209,1.72142,1.72192,729.0
2026-06-07 21:00:00,1.72196,1.72206,1.72005,1.72112,1479.0
2026-06-07 22:00:00,1.72118,1.72183,1.7202,1.7217,1813.0
2026-06-07 23:00:00,1.72173,1.7218,1.72137,1.72171,781.0
2026-06-08 00:00:00,1.72166,1.72186,1.7213,1.72142,921.0
2026-06-08 01:00:00,1.72144,1.72181,1.72034,1.72054,775.0
2026-06-08 02:00:00,1.72052,1.72058,1.71861,1.71883,842.0
2026-06-08 03:00:00,1.7188,1.72107,1.71862,1.71948,1149.0
2026-06-08 04:00:00,1.71941,1.71992,1.71812,1.71815,934.0
2026-06-08 05:00:00,1.7182,1.71866,1.71663,1.7182,1093.0
2026-06-08 06:00:00,1.71812,1.71955,1.71787,1.71929,1467.0
2026-06-08 07:00:00,1.7193,1.72093,1.71917,1.72018,2434.0
2026-06-08 08:00:00,1.7202,1.72068,1.71822,1.7186,2244.0
2026-06-08 09:00:00,1.71868,1.71982,1.71834,1.71943,2298.0
2026-06-08 10:00:00,1.71951,1.71994,1.71808,1.71842,1647.0
2026-06-08 11:00:00,1.71849,1.7195,1.71818,1.71924,1640.0
2026-06-08 12:00:00,1.71925,1.71938,1.71877,1.71902,1180.0
2026-06-08 13:00:00,1.719,1.71934,1.71878,1.71913,1038.0
2026-06-08 14:00:00,1.71914,1.71974,1.71892,1.719,631.0
2026-06-08 15:00:00,1.71904,1.71941,1.71892,1.71926,626.0
2026-06-08 16:00:00,1.71928,1.71944,1.71843,1.71858,632.0
2026-06-08 17:00:00,1.71923,1.72005,1.71866,1.71913,612.0
2026-06-08 18:00:00,1.71888,1.71942,1.71807,1.71876,1095.0
2026-06-08 19:00:00,1.71874,1.71892,1.71844,1.71852,603.0
2026-06-08 20:00:00,1.71847,1.71868,1.71778,1.718,1436.0
2026-06-08 21:00:00,1.71802,1.7185,1.71756,1.71849,828.0
2026-06-08 22:00:00,1.71846,1.71858,1.71812,1.71832,710.0
2026-06-08 23:00:00,1.71828,1.7187,1.718,1.71856,1451.0
2026-06-09 00:00:00,1.71856,1.71926,1.7184,1.71898,942.0
2026-06-09 01:00:00,1.71898,1.71912,1.71765,1.71768,850.0
2026-06-09 02:00:00,1.71771,1.71898,1.7173,1.7183,1248.0
2026-06-09 03:00:00,1.71828,1.72046,1.71792,1.71994,969.0
2026-06-09 04:00:00,1.71994,1.72135,1.71986,1.72058,852.0
2026-06-09 05:00:00,1.72059,1.72178,1.72046,1.72128,698.0
2026-06-09 06:00:00,1.72131,1.7224,1.72118,1.72209,1470.0
2026-06-09 07:00:00,1.72212,1.72296,1.7219,1.72269,899.0
2026-06-09 08:00:00,1.7227,1.72304,1.7223,1.72284,1081.0
2026-06-09 09:00:00,1.72282,1.72323,1.72202,1.72222,1734.0
2026-06-09 10:00:00,1.7222,1.72352,1.72138,1.72276,2792.0
2026-06-09 11:00:00,1.72268,1.72345,1.7213,1.72246,2005.0
2026-06-09 12:00:00,1.72246,1.72264,1.721,1.72165,3000.0
2026-06-09 13:00:00,1.72166,1.72272,1.7215,1.72222,1261.0
2026-06-09 14:00:00,1.72228,1.723,1.72212,1.72256,1517.0
2026-06-09 15:00:00,1.72253,1.72278,1.722,1.72203,563.0
2026-06-09 16:00:00,1.72198,1.72216,1.72128,1.72167,971.0
2026-06-09 17:00:00,1.72073,1.72208,1.71987,1.72015,267.0
2026-06-09 18:00:00,1.71989,1.72184,1.71989,1.72136,429.0
2026-06-09 19:00:00,1.72138,1.72186,1.7213,1.7214,799.0
2026-06-09 20:00:00,1.72137,1.72183,1.72118,1.72166,1511.0
2026-06-09 21:00:00,1.72172,1.7223,1.72136,1.7223,871.0
2026-06-09 22:00:00,1.72224,1.7236,1.7222,1.72308,1401.0
2026-06-09 23:00:00,1.72306,1.72348,1.7227,1.72344,727.0
2026-06-10 00:00:00,1.72339,1.72344,1.72274,1.72295,1250.0
2026-06-10 01:00:00,1.72302,1.72373,1.72285,1.72357,1222.0
2026-06-10 02:00:00,1.72359,1.7247,1.72316,1.72324,726.0
2026-06-10 03:00:00,1.72316,1.72422,1.72285,1.724,1151.0
2026-06-10 04:00:00,1.72401,1.72446,1.7235,1.7238,1309.0
2026-06-10 05:00:00,1.72387,1.7249,1.72324,1.72468,959.0
2026-06-10 06:00:00,1.72468,1.72524,1.72414,1.72414,843.0
2026-06-10 07:00:00,1.72407,1.72456,1.7234,1.72357,1500.0
2026-06-10 08:00:00,1.72364,1.72538,1.72341,1.72414,2969.0
2026-06-10 09:00:00,1.72408,1.7258,1.72405,1.72456,2293.0
2026-06-10 10:00:00,1.7246,1.72512,1.7235,1.72414,2752.0
2026-06-10 11:00:00,1.72416,1.72418,1.7217,1.72278,2265.0
2026-06-10 12:00:00,1.72275,1.72325,1.72228,1.72297,964.0
2026-06-10 13:00:00,1.723,1.72327,1.72232,1.72322,980.0
2026-06-10 14:00:00,1.72317,1.7234,1.72206,1.7222,899.0
2026-06-10 15:00:00,1.72222,1.72248,1.72164,1.72196,762.0
2026-06-10 16:00:00,1.72194,1.72258,1.72011,1.72079,357.0
2026-06-10 17:00:00,1.72177,1.72256,1.72104,1.72173,4136.0
2026-06-10 18:00:00,1.72156,1.72176,1.71994,1.72086,1078.0
2026-06-10 19:00:00,1.7208,1.72153,1.72036,1.72124,644.0
2026-06-10 20:00:00,1.72124,1.72175,1.7211,1.72139,1285.0
2026-06-10 21:00:00,1.72143,1.7234,1.72143,1.7228,855.0
2026-06-10 22:00:00,1.72282,1.72306,1.72253,1.72259,1095.0
2026-06-10 23:00:00,1.72258,1.72265,1.72192,1.7221,984.0
2026-06-11 00:00:00,1.72216,1.72281,1.72198,1.72254,603.0
2026-06-11 01:00:00,1.72256,1.72278,1.72234,1.72255,1617.0
2026-06-11 02:00:00,1.72258,1.72279,1.72212,1.72265,901.0
2026-06-11 03:00:00,1.72273,1.72358,1.7226,1.72321,823.0
2026-06-11 04:00:00,1.72314,1.72344,1.7215,1.7217,754.0
2026-06-11 05:00:00,1.72163,1.72215,1.72123,1.72169,711.0
2026-06-11 06:00:00,1.72164,1.72166,1.72081,1.7212,582.0
2026-06-11 07:00:00,1.72127,1.72174,1.72089,1.72128,849.0
2026-06-11 08:00:00,1.72133,1.72147,1.71942,1.72101,3558.0
2026-06-11 09:00:00,1.721,1.72109,1.71936,1.72012,1918.0
2026-06-11 10:00:00,1.72011,1.72034,1.7177,1.71794,2346.0
2026-06-11 11:00:00,1.71798,1.71949,1.71774,1.7188,1495.0
2026-06-11 12:00:00,1.71882,1.71902,1.71833,1.719,1140.0
2026-06-11 13:00:00,1.71893,1.723,1.71839,1.72168,3867.0
2026-06-11 14:00:00,1.72175,1.72265,1.72132,1.72219,1772.0
2026-06-11 15:00:00,1.72225,1.72372,1.72214,1.72228,1313.0
2026-06-11 16:00:00,1.72222,1.72306,1.72174,1.72265,1380.0
2026-06-11 17:00:00,1.72276,1.72547,1.72276,1.72325,799.0
2026-06-11 18:00:00,1.72354,1.72433,1.72238,1.72315,735.0
2026-06-11 19:00:00,1.72312,1.72343,1.72242,1.72258,722.0
2026-06-11 20:00:00,1.7226,1.72308,1.72228,1.72255,1467.0
2026-06-11 21:00:00,1.72256,1.72262,1.72188,1.72222,3734.0
2026-06-11 22:00:00,1.72219,1.72294,1.72219,1.72276,2728.0
2026-06-11 23:00:00,1.72278,1.72334,1.72269,1.72307,1529.0
2026-06-12 00:00:00,1.72308,1.72343,1.7227,1.72286,768.0
2026-06-12 01:00:00,1.72292,1.72305,1.72202,1.72222,1175.0
2026-06-12 02:00:00,1.72224,1.72353,1.722,1.72252,1353.0
2026-06-12 03:00:00,1.72246,1.72276,1.72058,1.72146,1451.0
2026-06-12 04:00:00,1.72154,1.72226,1.7211,1.72185,1251.0
2026-06-12 05:00:00,1.72182,1.72222,1.72124,1.7221,959.0
2026-06-12 06:00:00,1.72207,1.72243,1.72146,1.72166,1058.0
2026-06-12 07:00:00,1.7216,1.72244,1.72144,1.72148,960.0
2026-06-12 08:00:00,1.72148,1.7217,1.7199,1.72012,2112.0
2026-06-12 09:00:00,1.72004,1.72128,1.7198,1.7208,2139.0
2026-06-12 10:00:00,1.72082,1.72151,1.71998,1.72123,1991.0
2026-06-12 11:00:00,1.72122,1.72196,1.72086,1.72168,1665.0
2026-06-12 12:00:00,1.72166,1.72188,1.72086,1.72164,2324.0
2026-06-12 13:00:00,1.72165,1.72227,1.72164,1.72194,1106.0
2026-06-12 14:00:00,1.72194,1.72222,1.72158,1.72185,527.0
2026-06-12 15:00:00,1.72178,1.72224,1.72125,1.7213,284.0
2026-06-12 16:00:00,1.72131,1.72242,1.72008,1.72173,660.0
2026-06-14 17:00:00,1.72213,1.72525,1.72078,1.7241,2398.0
2026-06-14 18:00:00,1.72309,1.72631,1.72301,1.72406,1760.0
2026-06-14 19:00:00,1.72408,1.7243,1.72308,1.72329,1147.0
2026-06-14 20:00:00,1.72329,1.72372,1.72275,1.72281,1851.0
2026-06-14 21:00:00,1.72279,1.72328,1.72238,1.72243,948.0
2026-06-14 22:00:00,1.72249,1.72293,1.72197,1.72284,1053.0
2026-06-14 23:00:00,1.72286,1.7235,1.72254,1.72304,1498.0
2026-06-15 00:00:00,1.7231,1.72364,1.72294,1.72364,862.0
2026-06-15 01:00:00,1.72368,1.72424,1.72326,1.7236,1015.0
2026-06-15 02:00:00,1.72357,1.72368,1.7227,1.72294,989.0
2026-06-15 03:00:00,1.72292,1.72328,1.72134,1.72149,870.0
2026-06-15 04:00:00,1.72156,1.72168,1.72021,1.7204,658.0
2026-06-15 05:00:00,1.72038,1.72164,1.72038,1.72128,840.0
2026-06-15 06:00:00,1.72134,1.72204,1.72084,1.72104,1573.0
2026-06-15 07:00:00,1.72111,1.72162,1.72064,1.72104,917.0
2026-06-15 08:00:00,1.72096,1.7214,1.72026,1.72113,1167.0
2026-06-15 09:00:00,1.72114,1.72214,1.72098,1.72166,1063.0
2026-06-15 10:00:00,1.72162,1.72318,1.72156,1.72292,1183.0
2026-06-15 11:00:00,1.7229,1.72291,1.72142,1.72156,910.0
2026-06-15 12:00:00,1.72156,1.72238,1.72145,1.72208,759.0
2026-06-15 13:00:00,1.72202,1.72254,1.72192,1.7224,753.0
2026-06-15 14:00:00,1.72236,1.72252,1.72131,1.7214,700.0
2026-06-15 15:00:00,1.7214,1.72154,1.72068,1.72076,463.0
2026-06-15 16:00:00,1.72077,1.72098,1.7198,1.72038,1554.0
2026-06-15 17:00:00,1.721,1.72149,1.71964,1.71996,2169.0
2026-06-15 18:00:00,1.71985,1.72081,1.71985,1.72053,635.0
2026-06-15 19:00:00,1.7206,1.7211,1.72057,1.72102,416.0
2026-06-15 20:00:00,1.72102,1.72102,1.72026,1.7205,1442.0
2026-06-15 21:00:00,1.72054,1.72082,1.71976,1.71997,1315.0
2026-06-15 22:00:00,1.72,1.72,1.71922,1.7196,638.0
2026-06-15 23:00:00,1.71966,1.71988,1.71932,1.71944,526.0
2026-06-16 00:00:00,1.71948,1.71962,1.71914,1.71936,933.0
2026-06-16 01:00:00,1.71941,1.71956,1.7189,1.71903,520.0
2026-06-16 02:00:00,1.71892,1.71988,1.71879,1.7195,903.0
2026-06-16 03:00:00,1.71949,1.72052,1.71925,1.72011,1019.0
2026-06-16 04:00:00,1.72013,1.72048,1.71976,1.72047,956.0
2026-06-16 05:00:00,1.72048,1.7209,1.71944,1.71965,653.0
2026-06-16 06:00:00,1.71964,1.72081,1.71936,1.72072,776.0
2026-06-16 07:00:00,1.72071,1.72072,1.71946,1.71988,910.0
2026-06-16 08:00:00,1.71982,1.7199,1.7191,1.71968,1359.0
2026-06-16 09:00:00,1.7197,1.72002,1.71903,1.71958,1620.0
2026-06-16 10:00:00,1.71952,1.72116,1.7193,1.72102,1360.0
2026-06-16 11:00:00,1.72107,1.72248,1.72053,1.72208,1255.0
2026-06-16 12:00:00,1.72214,1.72235,1.72126,1.72126,1265.0
2026-06-16 13:00:00,1.72126,1.72169,1.72116,1.72169,1248.0
2026-06-16 14:00:00,1.72166,1.72194,1.72132,1.72174,724.0
2026-06-16 15:00:00,1.72172,1.72209,1.72149,1.72158,488.0
2026-06-16 16:00:00,1.7216,1.72198,1.72082,1.72149,877.0
2026-06-16 17:00:00,1.72163,1.72196,1.72062,1.72159,1046.0
2026-06-16 18:00:00,1.72135,1.72207,1.72126,1.72185,2228.0
2026-06-16 19:00:00,1.72185,1.72212,1.7215,1.72156,781.0
2026-06-16 20:00:00,1.72151,1.72192,1.72137,1.72159,1435.0
2026-06-16 21:00:00,1.72161,1.72184,1.72114,1.72115,759.0
2026-06-16 22:00:00,1.72114,1.72152,1.72089,1.72122,506.0
2026-06-16 23:00:00,1.72123,1.72144,1.72098,1.721,558.0
2026-06-17 00:00:00,1.721,1.7215,1.72098,1.72122,424.0
2026-06-17 01:00:00,1.72128,1.72158,1.72098,1.72128,649.0
2026-06-17 02:00:00,1.72184,1.7227,1.71924,1.72009,1181.0
2026-06-17 03:00:00,1.72006,1.72053,1.71976,1.72044,588.0
2026-06-17 04:00:00,1.72044,1.72076,1.71982,1.72076,1058.0
2026-06-17 05:00:00,1.72074,1.721,1.72038,1.72092,543.0
2026-06-17 06:00:00,1.72096,1.72136,1.72066,1.72103,469.0
2026-06-17 07:00:00,1.72104,1.7212,1.71988,1.72056,862.0
2026-06-17 08:00:00,1.72058,1.72124,1.72042,1.72098,716.0
2026-06-17 09:00:00,1.7209,1.72124,1.71956,1.71964,884.0
2026-06-17 10:00:00,1.71965,1.71983,1.71824,1.71892,1407.0
2026-06-17 11:00:00,1.71888,1.71898,1.71828,1.71862,963.0
2026-06-17 12:00:00,1.71864,1.71878,1.71801,1.71866,806.0
2026-06-17 13:00:00,1.71865,1.72082,1.71838,1.72082,1437.0
2026-06-17 14:00:00,1.72001,1.72058,1.71539,1.71598,14390.0
2026-06-17 15:00:00,1.71591,1.71614,1.71094,1.71287,6621.0
2026-06-17 16:00:00,1.7129,1.71373,1.7117,1.71223,2801.0
2026-06-17 17:00:00,1.71202,1.71414,1.71093,1.71123,760.0
2026-06-17 18:00:00,1.71146,1.71338,1.71132,1.71317,1021.0
2026-06-17 19:00:00,1.71315,1.71359,1.713,1.7132,517.0
2026-06-17 20:00:00,1.7132,1.71414,1.71314,1.71378,1972.0
2026-06-17 21:00:00,1.71377,1.71442,1.7136,1.7136,1127.0
2026-06-17 22:00:00,1.71368,1.71386,1.71312,1.7133,1165.0
2026-06-17 23:00:00,1.71332,1.71379,1.71328,1.71357,1055.0
2026-06-18 00:00:00,1.71358,1.71364,1.71308,1.71338,723.0
2026-06-18 01:00:00,1.71339,1.7134,1.71258,1.71267,738.0
2026-06-18 02:00:00,1.71262,1.71548,1.7126,1.71439,1445.0
2026-06-18 03:00:00,1.71432,1.71469,1.71228,1.71258,1047.0
2026-06-18 04:00:00,1.71264,1.71264,1.70782,1.70825,1202.0
2026-06-18 05:00:00,1.70836,1.70894,1.70702,1.70781,1139.0
2026-06-18 06:00:00,1.70778,1.70804,1.70691,1.70761,965.0
2026-06-18 07:00:00,1.70764,1.7084,1.70498,1.70568,1354.0
2026-06-18 08:00:00,1.70562,1.70874,1.7055,1.7073,1648.0
2026-06-18 09:00:00,1.70734,1.70812,1.70658,1.70707,1798.0
2026-06-18 10:00:00,1.707,1.70772,1.70652,1.70764,1767.0
2026-06-18 11:00:00,1.70772,1.7079,1.70634,1.70672,1493.0
2026-06-18 12:00:00,1.7067,1.70693,1.70508,1.70644,1532.0
2026-06-18 13:00:00,1.70636,1.70677,1.7048,1.7048,977.0
2026-06-18 14:00:00,1.7048,1.70515,1.70466,1.70468,937.0
2026-06-18 15:00:00,1.70476,1.70482,1.70364,1.70394,888.0
2026-06-18 16:00:00,1.70402,1.70442,1.70308,1.70392,1768.0
2026-06-18 17:00:00,1.70376,1.70599,1.70222,1.70496,1585.0
2026-06-18 18:00:00,1.70478,1.70478,1.70352,1.70386,1988.0
2026-06-18 19:00:00,1.70388,1.70409,1.70351,1.70371,509.0
2026-06-18 20:00:00,1.70372,1.7042,1.70363,1.70403,1509.0
2026-06-18 21:00:00,1.70402,1.70438,1.70359,1.70368,1173.0
2026-06-18 22:00:00,1.70376,1.70464,1.70365,1.7044,636.0
2026-06-18 23:00:00,1.70444,1.70472,1.70356,1.70414,825.0
2026-06-19 00:00:00,1.70418,1.70438,1.70272,1.7029,522.0
2026-06-19 01:00:00,1.70283,1.70588,1.70263,1.70515,1122.0
2026-06-19 02:00:00,1.70508,1.70605,1.70428,1.70524,1068.0
2026-06-19 03:00:00,1.70528,1.70661,1.70528,1.70567,841.0
2026-06-19 04:00:00,1.70568,1.70913,1.70568,1.70886,801.0
2026-06-19 05:00:00,1.70892,1.7093,1.70839,1.70872,495.0
2026-06-19 06:00:00,1.70866,1.70888,1.7074,1.70888,545.0
2026-06-19 07:00:00,1.70877,1.70958,1.70806,1.70819,565.0
2026-06-19 08:00:00,1.70828,1.70896,1.70786,1.70835,711.0
2026-06-19 09:00:00,1.70832,1.70864,1.70732,1.70802,899.0
2026-06-19 10:00:00,1.708,1.70962,1.70727,1.70923,965.0
2026-06-19 11:00:00,1.70931,1.70964,1.70788,1.708,541.0
2026-06-19 12:00:00,1.70802,1.70918,1.70784,1.70912,261.0
2026-06-19 13:00:00,1.70927,1.71002,1.70884,1.70902,2945.0
2026-06-19 14:00:00,1.70904,1.70956,1.70884,1.70923,2226.0
2026-06-19 15:00:00,1.7093,1.70946,1.70863,1.7093,5149.0
2026-06-19 16:00:00,1.70924,1.70976,1.70742,1.70891,5157.0
2026-06-21 17:00:00,1.70414,1.70588,1.70401,1.7048,764.0
2026-06-21 18:00:00,1.70479,1.707,1.70479,1.70692,1899.0
2026-06-21 19:00:00,1.70692,1.70721,1.70662,1.70708,1338.0
2026-06-21 20:00:00,1.70707,1.70823,1.70705,1.7082,1089.0
2026-06-21 21:00:00,1.70822,1.70906,1.70794,1.70808,1182.0
2026-06-21 22:00:00,1.7081,1.70896,1.70799,1.70876,582.0
2026-06-21 23:00:00,1.70871,1.70932,1.70764,1.70778,822.0
2026-06-22 00:00:00,1.70786,1.70792,1.70692,1.70738,701.0
2026-06-22 01:00:00,1.70744,1.70846,1.70738,1.70775,557.0
2026-06-22 02:00:00,1.70774,1.70816,1.70681,1.70776,783.0
2026-06-22 03:00:00,1.70777,1.70858,1.70596,1.70642,903.0
2026-06-22 04:00:00,1.70648,1.7083,1.70548,1.70758,1533.0
2026-06-22 05:00:00,1.70764,1.71083,1.70758,1.71038,1484.0
2026-06-22 06:00:00,1.71038,1.71257,1.7103,1.71172,1467.0
2026-06-22 07:00:00,1.71175,1.71243,1.71114,1.71176,829.0
2026-06-22 08:00:00,1.71176,1.71562,1.71158,1.71473,1144.0
2026-06-22 09:00:00,1.71476,1.71558,1.71278,1.71296,1691.0
2026-06-22 10:00:00,1.7129,1.71474,1.71258,1.71473,2158.0
2026-06-22 11:00:00,1.71472,1.71487,1.71345,1.71357,1135.0
2026-06-22 12:00:00,1.7136,1.71366,1.71276,1.71294,1113.0
2026-06-22 13:00:00,1.7129,1.71318,1.71264,1.71292,985.0
2026-06-22 14:00:00,1.71292,1.7132,1.7126,1.71284,890.0
2026-06-22 15:00:00,1.71289,1.71372,1.71284,1.71354,743.0
2026-06-22 16:00:00,1.71353,1.71412,1.7132,1.71366,668.0
2026-06-22 17:00:00,1.71471,1.71471,1.71276,1.71298,2044.0
2026-06-22 18:00:00,1.71336,1.71359,1.71292,1.71348,952.0
2026-06-22 19:00:00,1.71352,1.71364,1.71334,1.71364,205.0
2026-06-22 20:00:00,1.71358,1.71382,1.71314,1.71338,779.0
2026-06-22 21:00:00,1.71345,1.71345,1.71247,1.71273,1527.0
2026-06-22 22:00:00,1.71268,1.71355,1.71262,1.7134,1020.0
2026-06-22 23:00:00,1.7134,1.71386,1.71292,1.71379,824.0
2026-06-23 00:00:00,1.7138,1.714,1.71272,1.71296,411.0
2026-06-23 01:00:00,1.71296,1.71384,1.71268,1.71384,807.0
2026-06-23 02:00:00,1.7138,1.71492,1.71338,1.71374,773.0
2026-06-23 03:00:00,1.71368,1.7151,1.7126,1.71341,1456.0
2026-06-23 04:00:00,1.71344,1.71382,1.71182,1.7129,1137.0
2026-06-23 05:00:00,1.71298,1.71337,1.71204,1.71294,782.0
2026-06-23 06:00:00,1.71297,1.71314,1.71176,1.71274,635.0
2026-06-23 07:00:00,1.7127,1.71326,1.7119,1.71207,1144.0
2026-06-23 08:00:00,1.71204,1.71318,1.71192,1.71242,1170.0
2026-06-23 09:00:00,1.7124,1.71302,1.71165,1.71265,1340.0
2026-06-23 10:00:00,1.71265,1.713,1.71098,1.71154,1339.0
2026-06-23 11:00:00,1.71154,1.7116,1.71025,1.71063,825.0
2026-06-23 12:00:00,1.71062,1.71148,1.71027,1.71058,1058.0
2026-06-23 13:00:00,1.71056,1.71118,1.71016,1.71073,909.0
2026-06-23 14:00:00,1.71076,1.7109,1.71018,1.7109,433.0
2026-06-23 15:00:00,1.7109,1.71194,1.7109,1.7114,1269.0
2026-06-23 16:00:00,1.71144,1.71223,1.71138,1.71193,683.0
2026-06-23 17:00:00,1.7112,1.71226,1.7112,1.71136,1471.0
2026-06-23 18:00:00,1.71144,1.71189,1.71122,1.71177,529.0
2026-06-23 19:00:00,1.71169,1.7121,1.71147,1.7118,640.0
2026-06-23 20:00:00,1.71176,1.71203,1.71132,1.71194,1493.0
2026-06-23 21:00:00,1.712,1.71206,1.71109,1.712,1709.0
2026-06-23 22:00:00,1.71198,1.71249,1.71148,1.71148,998.0
2026-06-23 23:00:00,1.71154,1.71268,1.71117,1.71234,682.0
2026-06-24 00:00:00,1.71236,1.71242,1.7116,1.71168,514.0
2026-06-24 01:00:00,1.71174,1.7121,1.71091,1.71091,503.0
2026-06-24 02:00:00,1.71091,1.71256,1.71034,1.71064,1053.0
2026-06-24 03:00:00,1.71059,1.71173,1.70992,1.71082,1413.0
2026-06-24 04:00:00,1.71082,1.71204,1.70962,1.71176,1111.0
2026-06-24 05:00:00,1.71178,1.71243,1.71052,1.71074,832.0
2026-06-24 06:00:00,1.71068,1.71072,1.7086,1.7088,735.0
2026-06-24 07:00:00,1.70881,1.71,1.70797,1.70904,973.0
2026-06-24 08:00:00,1.70911,1.70963,1.70722,1.70834,1474.0
2026-06-24 09:00:00,1.70836,1.70948,1.70747,1.7086,1483.0
2026-06-24 10:00:00,1.70861,1.70904,1.70574,1.70694,1319.0
2026-06-24 11:00:00,1.70704,1.70892,1.70676,1.70781,1034.0
2026-06-24 12:00:00,1.70787,1.70934,1.70758,1.70872,1112.0
2026-06-24 13:00:00,1.70873,1.70882,1.70752,1.70794,1480.0
2026-06-24 14:00:00,1.7079,1.70886,1.70789,1.70856,888.0
2026-06-24 15:00:00,1.7086,1.70882,1.70797,1.70809,589.0
2026-06-24 16:00:00,1.7081,1.7088,1.70802,1.70833,1159.0
2026-06-24 17:00:00,1.70769,1.7089,1.70715,1.70804,805.0
2026-06-24 18:00:00,1.70776,1.70866,1.70776,1.70835,369.0
2026-06-24 19:00:00,1.70832,1.70838,1.70789,1.70802,1038.0
2026-06-24 20:00:00,1.70806,1.70841,1.7078,1.70788,2181.0
2026-06-24 21:00:00,1.7079,1.70867,1.70773,1.7084,1165.0
2026-06-24 22:00:00,1.70832,1.70952,1.70824,1.70952,738.0
2026-06-24 23:00:00,1.70952,1.7096,1.70893,1.70924,502.0
2026-06-25 00:00:00,1.7093,1.70978,1.7091,1.7093,520.0
2026-06-25 01:00:00,1.70936,1.70958,1.70856,1.70898,761.0
2026-06-25 02:00:00,1.70891,1.70956,1.70845,1.70887,624.0
2026-06-25 03:00:00,1.70889,1.70969,1.70873,1.70938,695.0
2026-06-25 04:00:00,1.70931,1.7105,1.7089,1.70989,815.0
2026-06-25 05:00:00,1.7099,1.71078,1.70954,1.70974,506.0
2026-06-25 06:00:00,1.70968,1.70968,1.7082,1.70869,549.0
2026-06-25 07:00:00,1.70873,1.70875,1.70704,1.70743,889.0
2026-06-25 08:00:00,1.70749,1.70922,1.70727,1.7087,2650.0
2026-06-25 09:00:00,1.70862,1.71055,1.70826,1.71018,1869.0
2026-06-25 10:00:00,1.71024,1.71204,1.70995,1.71032,2157.0
2026-06-25 11:00:00,1.71036,1.71192,1.7103,1.71177,1663.0
2026-06-25 12:00:00,1.71176,1.71214,1.71118,1.71144,1447.0
2026-06-25 13:00:00,1.71139,1.71146,1.71069,1.71104,1301.0
2026-06-25 14:00:00,1.71102,1.71134,1.71054,1.71063,644.0
2026-06-25 15:00:00,1.71068,1.71138,1.71054,1.71098,715.0
2026-06-25 16:00:00,1.711,1.7111,1.7097,1.7097,1547.0
2026-06-25 17:00:00,1.71237,1.71237,1.70978,1.711,8251.0
2026-06-25 18:00:00,1.71105,1.71107,1.71016,1.71044,493.0
2026-06-25 19:00:00,1.71045,1.71056,1.70988,1.71029,755.0
2026-06-25 20:00:00,1.71026,1.71101,1.71022,1.71097,2363.0
2026-06-25 21:00:00,1.71094,1.71134,1.71024,1.71056,1039.0
2026-06-25 22:00:00,1.71062,1.71076,1.71,1.71013,634.0
2026-06-25 23:00:00,1.7101,1.71112,1.71008,1.711,607.0
2026-06-26 00:00:00,1.71108,1.71117,1.71056,1.71096,823.0
2026-06-26 01:00:00,1.71096,1.71146,1.71062,1.71097,1303.0
2026-06-26 02:00:00,1.71096,1.71109,1.709,1.7098,908.0
2026-06-26 03:00:00,1.70986,1.71092,1.70878,1.70996,1106.0
2026-06-26 04:00:00,1.70991,1.7109,1.7093,1.71045,1098.0
2026-06-26 05:00:00,1.71044,1.7109,1.70956,1.71012,932.0
2026-06-26 06:00:00,1.71013,1.71091,1.70971,1.71066,721.0
2026-06-26 07:00:00,1.71064,1.71107,1.71024,1.71075,1162.0
2026-06-26 08:00:00,1.71069,1.71097,1.70809,1.70858,1502.0
2026-06-26 09:00:00,1.70864,1.71036,1.70844,1.71034,2007.0
2026-06-26 10:00:00,1.71016,1.71084,1.70754,1.70756,1830.0
2026-06-26 11:00:00,1.70756,1.71012,1.70751,1.70996,1564.0
2026-06-26 12:00:00,1.71004,1.71004,1.70876,1.70902,1112.0
2026-06-26 13:00:00,1.70908,1.70945,1.70842,1.7086,544.0
2026-06-26 14:00:00,1.70862,1.70908,1.70857,1.70874,693.0
2026-06-26 15:00:00,1.7087,1.70888,1.70822,1.70846,1338.0
2026-06-26 16:00:00,1.7085,1.70883,1.7077,1.7079,2515.0
2026-06-28 17:00:00,1.70908,1.70908,1.70741,1.70873,111.0
2026-06-28 18:00:00,1.7086,1.70874,1.70689,1.70791,923.0
2026-06-28 19:00:00,1.70796,1.70856,1.70784,1.7084,904.0
2026-06-28 20:00:00,1.70832,1.7092,1.70818,1.70857,2126.0
2026-06-28 21:00:00,1.70864,1.70915,1.70832,1.7089,905.0
2026-06-28 22:00:00,1.70896,1.70915,1.7085,1.7086,618.0
2026-06-28 23:00:00,1.70868,1.70892,1.70833,1.70836,784.0
2026-06-29 00:00:00,1.70836,1.70858,1.70806,1.70852,903.0
2026-06-29 01:00:00,1.70848,1.70916,1.70848,1.70874,1033.0
2026-06-29 02:00:00,1.70878,1.7106,1.70866,1.71029,763.0
2026-06-29 03:00:00,1.71032,1.71032,1.7088,1.70897,1279.0
2026-06-29 04:00:00,1.70899,1.70938,1.70838,1.70898,918.0
2026-06-29 05:00:00,1.70904,1.71004,1.7085,1.70994,617.0
2026-06-29 06:00:00,1.70988,1.71067,1.70897,1.71027,673.0
2026-06-29 07:00:00,1.71024,1.71159,1.71024,1.71116,977.0
2026-06-29 08:00:00,1.71114,1.71268,1.7111,1.71205,1295.0
2026-06-29 09:00:00,1.7121,1.71346,1.7121,1.71238,1445.0
2026-06-29 10:00:00,1.71244,1.71338,1.71172,1.71303,1622.0
2026-06-29 11:00:00,1.71306,1.71369,1.71214,1.71286,891.0
2026-06-29 12:00:00,1.71292,1.71349,1.71282,1.71322,1230.0
2026-06-29 13:00:00,1.7132,1.71353,1.71297,1.71347,518.0
2026-06-29 14:00:00,1.71344,1.71366,1.71323,1.71346,392.0
2026-06-29 15:00:00,1.71346,1.71388,1.71326,1.7138,730.0
2026-06-29 16:00:00,1.71374,1.71423,1.71367,1.71404,773.0
2026-06-29 17:00:00,1.71329,1.71433,1.71326,1.71398,1780.0
2026-06-29 18:00:00,1.71404,1.71439,1.71372,1.7138,436.0
2026-06-29 19:00:00,1.71374,1.71384,1.71314,1.71324,850.0
2026-06-29 20:00:00,1.71323,1.71362,1.71274,1.71324,1627.0
2026-06-29 21:00:00,1.71328,1.71338,1.71186,1.71201,1369.0
2026-06-29 22:00:00,1.71202,1.71278,1.712,1.71264,914.0
2026-06-29 23:00:00,1.71257,1.71287,1.71218,1.71287,843.0
2026-06-30 00:00:00,1.7128,1.71312,1.71256,1.71262,733.0
2026-06-30 01:00:00,1.71262,1.7131,1.71246,1.71272,1101.0
2026-06-30 02:00:00,1.71257,1.71466,1.71218,1.7139,1204.0
2026-06-30 03:00:00,1.71389,1.71454,1.71304,1.71317,942.0
2026-06-30 04:00:00,1.71312,1.71329,1.7124,1.71286,1245.0
2026-06-30 05:00:00,1.7128,1.71384,1.71278,1.7135,605.0
2026-06-30 06:00:00,1.71354,1.71412,1.71306,1.71331,565.0
2026-06-30 07:00:00,1.71323,1.71333,1.71146,1.71268,1065.0
2026-06-30 08:00:00,1.71265,1.71265,1.71136,1.7114,2046.0
2026-06-30 09:00:00,1.71142,1.71278,1.71116,1.71207,1309.0
2026-06-30 10:00:00,1.7122,1.71716,1.71142,1.7169,2163.0
2026-06-30 11:00:00,1.71685,1.71736,1.7158,1.71614,1895.0
2026-06-30 12:00:00,1.71615,1.71627,1.7152,1.71546,1808.0
2026-06-30 13:00:00,1.7154,1.71589,1.71526,1.71532,1861.0
2026-06-30 14:00:00,1.71535,1.71612,1.715,1.71508,1365.0
2026-06-30 15:00:00,1.71498,1.71606,1.71492,1.71592,795.0
2026-06-30 16:00:00,1.71587,1.71618,1.71496,1.71575,1230.0
2026-06-30 17:00:00,1.71528,1.71631,1.7148,1.71546,327.0
2026-06-30 18:00:00,1.71562,1.71588,1.71533,1.71542,251.0
2026-06-30 19:00:00,1.71538,1.71548,1.7148,1.71488,128.0
2026-06-30 20:00:00,1.71494,1.71554,1.71493,1.7153,1776.0
2026-06-30 21:00:00,1.71528,1.71536,1.71456,1.71486,1372.0
2026-06-30 22:00:00,1.7149,1.7154,1.71458,1.71519,968.0
2026-06-30 23:00:00,1.7151,1.71582,1.71507,1.71582,798.0
2026-07-01 00:00:00,1.71584,1.71616,1.71554,1.71607,766.0
2026-07-01 01:00:00,1.716,1.71644,1.71584,1.71612,1019.0
2026-07-01 02:00:00,1.71614,1.71681,1.71573,1.71642,941.0
2026-07-01 03:00:00,1.71642,1.71682,1.71502,1.71666,1082.0
2026-07-01 04:00:00,1.71669,1.71778,1.7163,1.71718,719.0
2026-07-01 05:00:00,1.71713,1.7187,1.71683,1.71784,785.0
2026-07-01 06:00:00,1.71794,1.71833,1.71762,1.71777,474.0
2026-07-01 07:00:00,1.71776,1.71787,1.71675,1.71711,1309.0
2026-07-01 08:00:00,1.71718,1.71778,1.71672,1.71694,1513.0
2026-07-01 09:00:00,1.71698,1.71926,1.71514,1.71821,2337.0
2026-07-01 10:00:00,1.71824,1.72116,1.71796,1.71989,2755.0
2026-07-01 11:00:00,1.7199,1.72024,1.71878,1.72016,1376.0
2026-07-01 12:00:00,1.72014,1.7215,1.72014,1.72078,1483.0
2026-07-01 13:00:00,1.72084,1.72114,1.72034,1.72046,1118.0
2026-07-01 14:00:00,1.72052,1.72084,1.72007,1.72078,1351.0
2026-07-01 15:00:00,1.72077,1.7212,1.72054,1.7208,1049.0
2026-07-01 16:00:00,1.72078,1.72124,1.71952,1.71975,1383.0
2026-07-01 17:00:00,1.72027,1.72108,1.71903,1.71945,1357.0
2026-07-01 18:00:00,1.71962,1.72082,1.71947,1.72076,260.0
2026-07-01 19:00:00,1.72076,1.72082,1.72044,1.72048,639.0
2026-07-01 20:00:00,1.72049,1.72097,1.72038,1.72075,2110.0
2026-07-01 21:00:00,1.72069,1.72107,1.72046,1.7208,1232.0
2026-07-01 22:00:00,1.72078,1.72132,1.72044,1.7208,642.0
2026-07-01 23:00:00,1.72083,1.72111,1.72038,1.72062,699.0
2026-07-02 00:00:00,1.7206,1.72094,1.72044,1.72086,762.0
2026-07-02 01:00:00,1.7209,1.72138,1.72066,1.72126,1224.0
2026-07-02 02:00:00,1.72124,1.72418,1.72122,1.72214,1131.0
2026-07-02 03:00:00,1.72205,1.72577,1.72142,1.72565,1291.0
2026-07-02 04:00:00,1.72564,1.7277,1.72549,1.7267,1449.0
2026-07-02 05:00:00,1.72664,1.72686,1.72514,1.72612,1060.0
2026-07-02 06:00:00,1.72611,1.72658,1.7245,1.72502,689.0
2026-07-02 07:00:00,1.72508,1.72524,1.72276,1.72295,850.0
2026-07-02 08:00:00,1.7229,1.72668,1.72198,1.72638,6148.0
2026-07-02 09:00:00,1.72648,1.72718,1.72524,1.72634,2578.0
2026-07-02 10:00:00,1.72636,1.72765,1.72562,1.72719,2677.0
2026-07-02 11:00:00,1.72724,1.72728,1.72487,1.72496,1442.0
2026-07-02 12:00:00,1.72496,1.7252,1.72449,1.72469,1517.0
2026-07-02 13:00:00,1.72468,1.72486,1.72348,1.72376,1317.0
2026-07-02 14:00:00,1.72376,1.72458,1.72369,1.72428,1171.0
2026-07-02 15:00:00,1.72432,1.72446,1.72392,1.7241,629.0
2026-07-02 16:00:00,1.72411,1.72531,1.72342,1.72489,1020.0
2026-07-02 17:00:00,1.72509,1.72648,1.72343,1.72562,642.0
2026-07-02 18:00:00,1.72441,1.7256,1.7241,1.72463,618.0
2026-07-02 19:00:00,1.72465,1.72477,1.72406,1.72436,378.0
2026-07-02 20:00:00,1.72428,1.72486,1.72408,1.72475,2556.0
2026-07-02 21:00:00,1.7247,1.72523,1.72445,1.72464,1415.0
2026-07-02 22:00:00,1.72456,1.7259,1.72456,1.72566,1038.0
2026-07-02 23:00:00,1.72566,1.726,1.7253,1.7258,843.0
2026-07-03 00:00:00,1.72586,1.72601,1.72554,1.72592,784.0
2026-07-03 01:00:00,1.72586,1.72684,1.72553,1.72578,2187.0
2026-07-03 02:00:00,1.72577,1.72577,1.72469,1.72495,928.0
2026-07-03 03:00:00,1.72492,1.72519,1.72396,1.72476,959.0
2026-07-03 04:00:00,1.72483,1.72524,1.72374,1.72416,681.0
2026-07-03 05:00:00,1.72412,1.72438,1.72333,1.72348,408.0
2026-07-03 06:00:00,1.72342,1.72416,1.72315,1.72366,335.0
2026-07-03 07:00:00,1.72358,1.72419,1.7233,1.72382,336.0
2026-07-03 08:00:00,1.72378,1.72438,1.72342,1.72385,327.0
2026-07-03 09:00:00,1.72386,1.72403,1.72324,1.72366,389.0
2026-07-03 10:00:00,1.72361,1.72495,1.72342,1.7249,384.0
