Timestamp,Open,High,Low,Close,Volume
2026-03-12 05:00:00,20.29994,20.30686,20.27749,20.28388,2126.0
2026-03-12 06:00:00,20.28416,20.29245,20.27487,20.27769,2318.0
2026-03-12 07:00:00,20.27784,20.28054,20.25942,20.27552,2631.0
2026-03-12 08:00:00,20.27534,20.30582,20.27385,20.29978,3045.0
2026-03-12 09:00:00,20.29991,20.32406,20.2887,20.31336,5348.0
2026-03-12 10:00:00,20.31326,20.33954,20.30742,20.33712,3783.0
2026-03-12 11:00:00,20.3375,20.35101,20.32877,20.34008,5355.0
2026-03-12 12:00:00,20.34,20.35096,20.33178,20.34061,4065.0
2026-03-12 13:00:00,20.34069,20.35809,20.32868,20.3543,2504.0
2026-03-12 14:00:00,20.3535,20.3668,20.34948,20.36541,1828.0
2026-03-12 15:00:00,20.36588,20.3694,20.35418,20.36208,1558.0
2026-03-12 16:00:00,20.3624,20.36757,20.3529,20.36066,914.0
2026-03-12 17:00:00,20.35974,20.36636,20.3451,20.36003,577.0
2026-03-12 18:00:00,20.36067,20.36938,20.34761,20.34989,1462.0
2026-03-12 19:00:00,20.35,20.36158,20.33886,20.34602,1051.0
2026-03-12 20:00:00,20.34472,20.34568,20.31617,20.3259,2946.0
2026-03-12 21:00:00,20.3258,20.35448,20.31854,20.35252,2221.0
2026-03-12 22:00:00,20.35225,20.36227,20.34063,20.35067,1747.0
2026-03-12 23:00:00,20.35094,20.36559,20.3469,20.35652,2061.0
2026-03-13 00:00:00,20.35716,20.40026,20.35511,20.37726,2344.0
2026-03-13 01:00:00,20.37742,20.37742,20.35293,20.36742,1539.0
2026-03-13 02:00:00,20.36764,20.37233,20.35304,20.36466,2400.0
2026-03-13 03:00:00,20.36469,20.37993,20.35312,20.36908,3803.0
2026-03-13 04:00:00,20.36877,20.37976,20.35422,20.35443,4228.0
2026-03-13 05:00:00,20.35403,20.37562,20.34442,20.3737,2554.0
2026-03-13 06:00:00,20.37359,20.37682,20.35574,20.36443,2374.0
2026-03-13 07:00:00,20.36426,20.37149,20.35114,20.3513,2914.0
2026-03-13 08:00:00,20.35096,20.36758,20.33956,20.35616,4509.0
2026-03-13 09:00:00,20.3561,20.36086,20.31482,20.32606,4462.0
2026-03-13 10:00:00,20.32624,20.36196,20.32497,20.36094,3793.0
2026-03-13 11:00:00,20.36086,20.38971,20.35992,20.38244,4656.0
2026-03-13 12:00:00,20.38252,20.39447,20.3787,20.38927,4280.0
2026-03-13 13:00:00,20.3894,20.39797,20.38043,20.38446,3279.0
2026-03-13 14:00:00,20.38378,20.3981,20.38325,20.39356,4858.0
2026-03-13 15:00:00,20.39376,20.4001,20.38897,20.3971,3254.0
2026-03-13 16:00:00,20.3972,20.40632,20.39341,20.40448,810.0
2026-03-15 17:00:00,20.38427,20.38975,20.3775,20.3858,576.0
2026-03-15 18:00:00,20.3858,20.40757,20.37724,20.38087,1779.0
2026-03-15 19:00:00,20.38042,20.39152,20.37615,20.38422,1126.0
2026-03-15 20:00:00,20.38392,20.38392,20.34436,20.35,3058.0
2026-03-15 21:00:00,20.3507,20.37578,20.34804,20.36569,2024.0
2026-03-15 22:00:00,20.366,20.38904,20.3642,20.38504,1570.0
2026-03-15 23:00:00,20.38488,20.39186,20.36981,20.37344,922.0
2026-03-16 00:00:00,20.37336,20.38888,20.37254,20.38154,818.0
2026-03-16 01:00:00,20.38138,20.38426,20.35052,20.35358,1212.0
2026-03-16 02:00:00,20.35386,20.35928,20.34223,20.34324,1317.0
2026-03-16 03:00:00,20.34358,20.3516,20.32926,20.34268,2705.0
2026-03-16 04:00:00,20.34241,20.3521,20.33272,20.34852,3220.0
2026-03-16 05:00:00,20.3486,20.35408,20.33648,20.34548,2046.0
2026-03-16 06:00:00,20.34497,20.34957,20.33122,20.33392,2596.0
2026-03-16 07:00:00,20.33378,20.33861,20.31768,20.32124,1953.0
2026-03-16 08:00:00,20.32109,20.3233,20.30022,20.32178,3172.0
2026-03-16 09:00:00,20.32136,20.3271,20.29276,20.29748,3213.0
2026-03-16 10:00:00,20.2974,20.33056,20.2865,20.32409,3671.0
2026-03-16 11:00:00,20.32422,20.34804,20.31252,20.34396,3152.0
2026-03-16 12:00:00,20.34416,20.3523,20.33154,20.34004,3169.0
2026-03-16 13:00:00,20.33962,20.34473,20.32355,20.33957,2475.0
2026-03-16 14:00:00,20.33942,20.33942,20.2947,20.30203,2286.0
2026-03-16 15:00:00,20.30178,20.32991,20.2976,20.32472,2210.0
2026-03-16 16:00:00,20.32455,20.32598,20.31056,20.3115,1151.0
2026-03-16 17:00:00,20.3136,20.31915,20.30586,20.3122,2070.0
2026-03-16 18:00:00,20.3123,20.32486,20.31065,20.32134,741.0
2026-03-16 19:00:00,20.32163,20.33454,20.31669,20.32382,584.0
2026-03-16 20:00:00,20.32366,20.35208,20.32197,20.34697,1685.0
2026-03-16 21:00:00,20.34718,20.36296,20.34504,20.35098,1775.0
2026-03-16 22:00:00,20.35031,20.356,20.3371,20.34589,1012.0
2026-03-16 23:00:00,20.34666,20.35141,20.33331,20.34041,1300.0
2026-03-17 00:00:00,20.33988,20.34425,20.3228,20.32624,1008.0
2026-03-17 01:00:00,20.32608,20.35154,20.32225,20.35154,1359.0
2026-03-17 02:00:00,20.35164,20.35744,20.33714,20.33845,1667.0
2026-03-17 03:00:00,20.3384,20.34522,20.30998,20.31842,2497.0
2026-03-17 04:00:00,20.31837,20.3185,20.29482,20.3024,2823.0
2026-03-17 05:00:00,20.30221,20.31321,20.2959,20.3036,2591.0
2026-03-17 06:00:00,20.3037,20.31686,20.29575,20.30492,2302.0
2026-03-17 07:00:00,20.30508,20.30779,20.28587,20.30338,2076.0
2026-03-17 08:00:00,20.30359,20.3105,20.28666,20.29581,3036.0
2026-03-17 09:00:00,20.2955,20.29576,20.25467,20.27114,4124.0
2026-03-17 10:00:00,20.27124,20.29001,20.26417,20.28006,3484.0
2026-03-17 11:00:00,20.28022,20.3048,20.27244,20.2935,4007.0
2026-03-17 12:00:00,20.29348,20.30394,20.27372,20.28208,3225.0
2026-03-17 13:00:00,20.2821,20.29131,20.27919,20.28562,1373.0
2026-03-17 14:00:00,20.28535,20.29584,20.27436,20.29584,1166.0
2026-03-17 15:00:00,20.29557,20.29792,20.28707,20.29516,1082.0
2026-03-17 16:00:00,20.29506,20.29684,20.289,20.29128,488.0
2026-03-17 17:00:00,20.29494,20.29507,20.27495,20.29087,770.0
2026-03-17 18:00:00,20.28772,20.28943,20.27923,20.28587,899.0
2026-03-17 19:00:00,20.28613,20.28778,20.27457,20.27733,860.0
2026-03-17 20:00:00,20.27692,20.30658,20.26351,20.29874,3738.0
2026-03-17 21:00:00,20.29838,20.3012,20.28614,20.29168,1593.0
2026-03-17 22:00:00,20.29102,20.29468,20.27212,20.27693,1188.0
2026-03-17 23:00:00,20.27725,20.28835,20.2765,20.27981,768.0
2026-03-18 00:00:00,20.28024,20.28032,20.25843,20.26621,840.0
2026-03-18 01:00:00,20.26602,20.26654,20.24425,20.25126,1008.0
2026-03-18 02:00:00,20.25135,20.26161,20.23449,20.25684,1461.0
2026-03-18 03:00:00,20.25728,20.27241,20.2489,20.25692,1819.0
2026-03-18 04:00:00,20.25738,20.28636,20.25738,20.28146,1816.0
2026-03-18 05:00:00,20.28186,20.29442,20.27537,20.2765,1295.0
2026-03-18 06:00:00,20.27648,20.29142,20.27648,20.28996,1226.0
2026-03-18 07:00:00,20.29102,20.30272,20.2753,20.2853,2233.0
2026-03-18 08:00:00,20.28513,20.34956,20.28315,20.34583,4378.0
2026-03-18 09:00:00,20.34612,20.36864,20.34447,20.35692,3511.0
2026-03-18 10:00:00,20.35679,20.36402,20.34958,20.34958,2392.0
2026-03-18 11:00:00,20.34987,20.35868,20.3432,20.35616,2098.0
2026-03-18 12:00:00,20.35591,20.35947,20.34507,20.35193,1628.0
2026-03-18 13:00:00,20.35181,20.36209,20.33922,20.34192,2251.0
2026-03-18 14:00:00,20.34162,20.38404,20.32427,20.38395,6028.0
2026-03-18 15:00:00,20.38402,20.39482,20.3768,20.39291,2592.0
2026-03-18 16:00:00,20.39288,20.40297,20.39,20.39723,4374.0
2026-03-18 17:00:00,20.39588,20.39588,20.37884,20.37884,747.0
2026-03-18 18:00:00,20.37872,20.39298,20.37819,20.38515,888.0
2026-03-18 19:00:00,20.38535,20.39733,20.38308,20.39456,1268.0
2026-03-18 20:00:00,20.39523,20.39607,20.37554,20.38747,2541.0
2026-03-18 21:00:00,20.38814,20.39276,20.35984,20.36926,1742.0
2026-03-18 22:00:00,20.3694,20.37588,20.35564,20.3695,2502.0
2026-03-18 23:00:00,20.3696,20.37642,20.36306,20.36582,1155.0
2026-03-19 00:00:00,20.36555,20.37152,20.35946,20.36826,960.0
2026-03-19 01:00:00,20.3681,20.38064,20.36634,20.378,803.0
2026-03-19 02:00:00,20.3778,20.39294,20.3672,20.37882,2415.0
2026-03-19 03:00:00,20.37794,20.38037,20.31842,20.32318,6618.0
2026-03-19 04:00:00,20.32302,20.34322,20.29742,20.3164,4529.0
2026-03-19 05:00:00,20.31541,20.3331,20.30388,20.31873,5410.0
2026-03-19 06:00:00,20.31872,20.3276,20.31274,20.31465,2698.0
2026-03-19 07:00:00,20.315,20.32076,20.30473,20.30784,2667.0
2026-03-19 08:00:00,20.30793,20.34038,20.28609,20.29392,5802.0
2026-03-19 09:00:00,20.29378,20.29843,20.19028,20.20066,8063.0
2026-03-19 10:00:00,20.20068,20.23004,20.17936,20.22012,8013.0
2026-03-19 11:00:00,20.22044,20.249,20.19152,20.19522,6478.0
2026-03-19 12:00:00,20.19506,20.199,20.17796,20.1781,4773.0
2026-03-19 13:00:00,20.17816,20.18407,20.1462,20.1489,3509.0
2026-03-19 14:00:00,20.14973,20.16344,20.13516,20.1352,3303.0
2026-03-19 15:00:00,20.135,20.13608,20.11138,20.12392,6178.0
2026-03-19 16:00:00,20.12332,20.1365,20.12,20.1333,1467.0
2026-03-19 17:00:00,20.1298,20.14652,20.12406,20.14242,629.0
2026-03-19 18:00:00,20.14248,20.15722,20.13126,20.1545,561.0
2026-03-19 19:00:00,20.15448,20.16874,20.14616,20.161,734.0
2026-03-19 20:00:00,20.16106,20.16776,20.14134,20.14314,2361.0
2026-03-19 21:00:00,20.14226,20.18109,20.13338,20.17969,2653.0
2026-03-19 22:00:00,20.17954,20.21053,20.17954,20.20812,2481.0
2026-03-19 23:00:00,20.20841,20.21846,20.20594,20.21668,1953.0
2026-03-20 00:00:00,20.21664,20.22016,20.21114,20.21614,1374.0
2026-03-20 01:00:00,20.21736,20.22598,20.2116,20.22468,1248.0
2026-03-20 02:00:00,20.22462,20.22494,20.21049,20.2205,3000.0
2026-03-20 03:00:00,20.2204,20.22474,20.19552,20.19696,3012.0
2026-03-20 04:00:00,20.19662,20.22154,20.19166,20.22047,3086.0
2026-03-20 05:00:00,20.21896,20.27371,20.21583,20.26932,3234.0
2026-03-20 06:00:00,20.26902,20.27966,20.24983,20.2545,4573.0
2026-03-20 07:00:00,20.2546,20.2559,20.23028,20.2371,2805.0
2026-03-20 08:00:00,20.23738,20.25442,20.22968,20.25216,4630.0
2026-03-20 09:00:00,20.25226,20.29695,20.2495,20.29688,4254.0
2026-03-20 10:00:00,20.29705,20.31852,20.29524,20.31282,5575.0
2026-03-20 11:00:00,20.31223,20.33264,20.28998,20.332,5950.0
2026-03-20 12:00:00,20.3321,20.33475,20.3163,20.33146,3511.0
2026-03-20 13:00:00,20.33132,20.34279,20.31504,20.32499,3311.0
2026-03-20 14:00:00,20.32394,20.34967,20.32047,20.345,3370.0
2026-03-20 15:00:00,20.3448,20.34778,20.3299,20.33748,2210.0
2026-03-20 16:00:00,20.33754,20.341,20.32661,20.32677,1944.0
2026-03-22 17:00:00,20.34258,20.34774,20.31666,20.33875,1483.0
2026-03-22 18:00:00,20.33875,20.35898,20.32823,20.33567,1116.0
2026-03-22 19:00:00,20.33579,20.33784,20.31136,20.31535,1397.0
2026-03-22 20:00:00,20.31652,20.36329,20.29822,20.35639,3258.0
2026-03-22 21:00:00,20.35662,20.36196,20.33708,20.35668,3114.0
2026-03-22 22:00:00,20.35639,20.37682,20.35042,20.36973,2093.0
2026-03-22 23:00:00,20.36977,20.38152,20.3469,20.36142,1788.0
2026-03-23 00:00:00,20.36106,20.36367,20.3486,20.35444,1224.0
2026-03-23 01:00:00,20.35453,20.3795,20.34944,20.37721,1408.0
2026-03-23 02:00:00,20.37752,20.39418,20.36929,20.37224,2998.0
2026-03-23 03:00:00,20.3724,20.39036,20.36021,20.38558,4699.0
2026-03-23 04:00:00,20.38512,20.39312,20.34878,20.36776,5515.0
2026-03-23 05:00:00,20.36754,20.3857,20.36232,20.37652,3806.0
2026-03-23 06:00:00,20.37664,20.38798,20.369,20.38674,3593.0
2026-03-23 07:00:00,20.38694,20.38763,20.20442,20.29084,29790.0
2026-03-23 08:00:00,20.29096,20.30698,20.23698,20.23913,18475.0
2026-03-23 09:00:00,20.23816,20.26448,20.2274,20.23042,11543.0
2026-03-23 10:00:00,20.22995,20.23642,20.19715,20.22364,11576.0
2026-03-23 11:00:00,20.2237,20.26794,20.19533,20.25482,9051.0
2026-03-23 12:00:00,20.25462,20.27662,20.24566,20.25716,7759.0
2026-03-23 13:00:00,20.25738,20.2632,20.22036,20.22524,4526.0
2026-03-23 14:00:00,20.22506,20.23668,20.1706,20.17656,4725.0
2026-03-23 15:00:00,20.177,20.22328,20.17564,20.22248,2261.0
2026-03-23 16:00:00,20.22235,20.2282,20.21825,20.22376,2325.0
2026-03-23 17:00:00,20.22298,20.22432,20.2084,20.21932,1763.0
2026-03-23 18:00:00,20.21875,20.21926,20.2051,20.21037,651.0
2026-03-23 19:00:00,20.21063,20.23196,20.20355,20.22818,1180.0
2026-03-23 20:00:00,20.22834,20.25892,20.22418,20.24442,4144.0
2026-03-23 21:00:00,20.24419,20.25761,20.22818,20.24775,3525.0
2026-03-23 22:00:00,20.24759,20.25807,20.23245,20.25186,2577.0
2026-03-23 23:00:00,20.25179,20.26061,20.24387,20.25906,1264.0
2026-03-24 00:00:00,20.25864,20.26771,20.25732,20.26532,1028.0
2026-03-24 01:00:00,20.26548,20.26782,20.23842,20.24613,1628.0
2026-03-24 02:00:00,20.24635,20.25433,20.2377,20.23826,2037.0
2026-03-24 03:00:00,20.23842,20.24268,20.21366,20.2272,5064.0
2026-03-24 04:00:00,20.2274,20.25919,20.22172,20.2576,5726.0
2026-03-24 05:00:00,20.25701,20.28002,20.25274,20.26045,3729.0
2026-03-24 06:00:00,20.26076,20.28498,20.25977,20.27134,3790.0
2026-03-24 07:00:00,20.27148,20.29413,20.26266,20.29148,3920.0
2026-03-24 08:00:00,20.29152,20.3,20.27902,20.29151,5165.0
2026-03-24 09:00:00,20.29168,20.30894,20.28558,20.28916,6516.0
2026-03-24 10:00:00,20.28936,20.29017,20.25804,20.27973,6701.0
2026-03-24 11:00:00,20.27956,20.29864,20.26704,20.29864,5124.0
2026-03-24 12:00:00,20.29882,20.30562,20.28702,20.30342,6103.0
2026-03-24 13:00:00,20.30338,20.33958,20.30338,20.32534,6142.0
2026-03-24 14:00:00,20.32551,20.33774,20.29762,20.31346,3843.0
2026-03-24 15:00:00,20.31262,20.31623,20.29682,20.31579,3165.0
2026-03-24 16:00:00,20.3164,20.32124,20.23546,20.27654,5378.0
2026-03-24 17:00:00,20.27474,20.27608,20.26021,20.26879,636.0
2026-03-24 18:00:00,20.26882,20.2821,20.262,20.27186,1281.0
2026-03-24 19:00:00,20.27058,20.28059,20.265,20.27434,1578.0
2026-03-24 20:00:00,20.27459,20.2918,20.26549,20.2805,3341.0
2026-03-24 21:00:00,20.2808,20.28964,20.26876,20.27727,3311.0
2026-03-24 22:00:00,20.27699,20.29888,20.27356,20.28844,1613.0
2026-03-24 23:00:00,20.28959,20.29142,20.27899,20.28712,1293.0
2026-03-25 00:00:00,20.28758,20.30527,20.28572,20.29822,1051.0
2026-03-25 01:00:00,20.2985,20.31849,20.2985,20.31462,1297.0
2026-03-25 02:00:00,20.31462,20.3288,20.30866,20.32387,2235.0
2026-03-25 03:00:00,20.32386,20.36032,20.31378,20.35756,3155.0
2026-03-25 04:00:00,20.35722,20.36193,20.2973,20.30136,5798.0
2026-03-25 05:00:00,20.30128,20.32669,20.29587,20.3166,3531.0
2026-03-25 06:00:00,20.31632,20.33156,20.31158,20.32366,2480.0
2026-03-25 07:00:00,20.32371,20.33405,20.31384,20.31938,2863.0
2026-03-25 08:00:00,20.31866,20.3502,20.31084,20.34186,4878.0
2026-03-25 09:00:00,20.34184,20.3565,20.32661,20.35486,4618.0
2026-03-25 10:00:00,20.35442,20.36394,20.33881,20.34564,4288.0
2026-03-25 11:00:00,20.34576,20.36772,20.3409,20.36193,4302.0
2026-03-25 12:00:00,20.36211,20.37698,20.35178,20.37038,3610.0
2026-03-25 13:00:00,20.37064,20.37692,20.35722,20.37178,2484.0
2026-03-25 14:00:00,20.37152,20.39615,20.36977,20.39162,1875.0
2026-03-25 15:00:00,20.39208,20.40262,20.39208,20.39666,1288.0
2026-03-25 16:00:00,20.39668,20.40144,20.3921,20.39787,1025.0
2026-03-25 17:00:00,20.39646,20.39654,20.385,20.389,1513.0
2026-03-25 18:00:00,20.38954,20.39558,20.38768,20.38958,449.0
2026-03-25 19:00:00,20.3892,20.39276,20.38473,20.38591,452.0
2026-03-25 20:00:00,20.38584,20.4104,20.37858,20.40474,2253.0
2026-03-25 21:00:00,20.4053,20.41061,20.38716,20.40149,3307.0
2026-03-25 22:00:00,20.40114,20.40517,20.39091,20.40456,2218.0
2026-03-25 23:00:00,20.4047,20.4055,20.38874,20.39293,1437.0
2026-03-26 00:00:00,20.39278,20.39481,20.38252,20.39069,1536.0
2026-03-26 01:00:00,20.39086,20.39952,20.38404,20.39921,1643.0
2026-03-26 02:00:00,20.3996,20.4069,20.38426,20.38564,1907.0
2026-03-26 03:00:00,20.38548,20.39695,20.38391,20.39432,2901.0
2026-03-26 04:00:00,20.39442,20.39844,20.3819,20.38552,2641.0
2026-03-26 05:00:00,20.38426,20.391,20.37825,20.38454,1789.0
2026-03-26 06:00:00,20.38458,20.39174,20.37723,20.38568,1845.0
2026-03-26 07:00:00,20.38555,20.40842,20.38362,20.40712,1647.0
2026-03-26 08:00:00,20.40772,20.41274,20.39392,20.40342,2167.0
2026-03-26 09:00:00,20.40378,20.40616,20.38024,20.38746,4005.0
2026-03-26 10:00:00,20.38706,20.39716,20.3733,20.38901,4819.0
2026-03-26 11:00:00,20.3891,20.4069,20.38678,20.40233,3468.0
2026-03-26 12:00:00,20.40217,20.40692,20.39612,20.40224,2420.0
2026-03-26 13:00:00,20.40195,20.41516,20.39818,20.41462,1972.0
2026-03-26 14:00:00,20.41469,20.41962,20.40846,20.41147,1303.0
2026-03-26 15:00:00,20.4114,20.42262,20.41051,20.42177,1252.0
2026-03-26 16:00:00,20.42191,20.42364,20.35939,20.41482,5227.0
2026-03-26 17:00:00,20.40832,20.42006,20.40028,20.40932,1519.0
2026-03-26 18:00:00,20.40862,20.41382,20.40152,20.40186,606.0
2026-03-26 19:00:00,20.40199,20.41014,20.39884,20.40954,2792.0
2026-03-26 20:00:00,20.41024,20.41753,20.38181,20.39214,2462.0
2026-03-26 21:00:00,20.39215,20.39702,20.36666,20.36964,1996.0
2026-03-26 22:00:00,20.36967,20.38145,20.36645,20.3727,1545.0
2026-03-26 23:00:00,20.37256,20.38517,20.36929,20.38378,1590.0
2026-03-27 00:00:00,20.38364,20.38716,20.37493,20.38478,701.0
2026-03-27 01:00:00,20.38449,20.38863,20.37274,20.38338,1166.0
2026-03-27 02:00:00,20.3834,20.39822,20.37442,20.39608,1468.0
2026-03-27 03:00:00,20.3961,20.42926,20.39408,20.42539,3051.0
2026-03-27 04:00:00,20.42557,20.42605,20.39618,20.40653,2966.0
2026-03-27 05:00:00,20.40576,20.41681,20.39552,20.41326,2523.0
2026-03-27 06:00:00,20.41298,20.41625,20.40144,20.4141,2497.0
2026-03-27 07:00:00,20.41386,20.41612,20.40113,20.40792,2447.0
2026-03-27 08:00:00,20.408,20.41579,20.39894,20.40726,2881.0
2026-03-27 09:00:00,20.40732,20.41874,20.40338,20.41111,3245.0
2026-03-27 10:00:00,20.41106,20.41394,20.39827,20.41088,3253.0
2026-03-27 11:00:00,20.41074,20.45023,20.38386,20.44874,5620.0
2026-03-27 12:00:00,20.44774,20.46479,20.43728,20.446,3463.0
2026-03-27 13:00:00,20.45456,20.48105,20.43785,20.4692,2745.0
2026-03-27 14:00:00,20.46916,20.47598,20.45718,20.45781,3537.0
2026-03-27 15:00:00,20.45718,20.46351,20.44394,20.44422,4069.0
2026-03-27 16:00:00,20.44468,20.46833,20.439,20.46633,1303.0
2026-03-29 17:00:00,20.45231,20.47931,20.44097,20.45742,1745.0
2026-03-29 18:00:00,20.45995,20.48554,20.45388,20.47856,1112.0
2026-03-29 19:00:00,20.47836,20.48298,20.4563,20.45712,1518.0
2026-03-29 20:00:00,20.45656,20.45904,20.41348,20.41358,3168.0
2026-03-29 21:00:00,20.41431,20.42507,20.40824,20.4192,1817.0
2026-03-29 22:00:00,20.4195,20.42804,20.39708,20.40782,2098.0
2026-03-29 23:00:00,20.40751,20.40769,20.39444,20.40093,1440.0
2026-03-30 00:00:00,20.40063,20.4031,20.38338,20.40264,1042.0
2026-03-30 01:00:00,20.40234,20.40543,20.38719,20.39353,1523.0
2026-03-30 02:00:00,20.3931,20.4036,20.3775,20.39946,2438.0
2026-03-30 03:00:00,20.3996,20.40502,20.36714,20.39216,3144.0
2026-03-30 04:00:00,20.392,20.39628,20.3691,20.38131,2715.0
2026-03-30 05:00:00,20.3811,20.38676,20.367,20.37104,3019.0
2026-03-30 06:00:00,20.37117,20.37847,20.3575,20.37332,2043.0
2026-03-30 07:00:00,20.37308,20.37324,20.34794,20.36162,3587.0
2026-03-30 08:00:00,20.36074,20.3671,20.3375,20.34154,2836.0
2026-03-30 09:00:00,20.34148,20.3635,20.3355,20.36036,3256.0
2026-03-30 10:00:00,20.3602,20.37242,20.35264,20.359,3953.0
2026-03-30 11:00:00,20.3591,20.37161,20.33852,20.35089,2673.0
2026-03-30 12:00:00,20.35085,20.35539,20.34161,20.3465,1668.0
2026-03-30 13:00:00,20.3473,20.36618,20.34345,20.36258,2492.0
2026-03-30 14:00:00,20.3624,20.37275,20.34858,20.3705,1925.0
2026-03-30 15:00:00,20.37164,20.38044,20.3691,20.37712,1029.0
2026-03-30 16:00:00,20.37701,20.3865,20.37159,20.38524,988.0
2026-03-30 17:00:00,20.38128,20.38958,20.37739,20.38919,1096.0
2026-03-30 18:00:00,20.38852,20.39532,20.38461,20.39518,474.0
2026-03-30 19:00:00,20.3953,20.4034,20.39429,20.39946,1182.0
2026-03-30 20:00:00,20.39913,20.40891,20.37725,20.40182,4359.0
2026-03-30 21:00:00,20.40212,20.4133,20.37224,20.38402,3125.0
2026-03-30 22:00:00,20.3843,20.3884,20.36178,20.36297,1699.0
2026-03-30 23:00:00,20.36293,20.38189,20.36265,20.37963,1090.0
2026-03-31 00:00:00,20.37946,20.37946,20.36204,20.36389,838.0
2026-03-31 01:00:00,20.36372,20.36771,20.34648,20.36575,1353.0
2026-03-31 02:00:00,20.36489,20.38149,20.35042,20.37846,2681.0
2026-03-31 03:00:00,20.37824,20.38513,20.36478,20.36634,2319.0
2026-03-31 04:00:00,20.36608,20.36996,20.35042,20.35767,1975.0
2026-03-31 05:00:00,20.35664,20.36884,20.34564,20.36426,1911.0
2026-03-31 06:00:00,20.3641,20.38036,20.36286,20.37618,1166.0
2026-03-31 07:00:00,20.37621,20.38003,20.32856,20.33648,4244.0
2026-03-31 08:00:00,20.33652,20.3543,20.32654,20.3294,3930.0
2026-03-31 09:00:00,20.32916,20.33846,20.29198,20.29354,3590.0
2026-03-31 10:00:00,20.29366,20.32367,20.28792,20.29262,5365.0
2026-03-31 11:00:00,20.29287,20.29536,20.26714,20.29014,5260.0
2026-03-31 12:00:00,20.29016,20.30614,20.2563,20.27254,5771.0
2026-03-31 13:00:00,20.27248,20.27346,20.24692,20.27167,4711.0
2026-03-31 14:00:00,20.2725,20.27416,20.25306,20.26684,2657.0
2026-03-31 15:00:00,20.267,20.28072,20.23984,20.24176,2562.0
2026-03-31 16:00:00,20.2415,20.2517,20.23714,20.24522,1931.0
2026-03-31 17:00:00,20.25258,20.26628,20.23692,20.24374,4274.0
2026-03-31 18:00:00,20.24486,20.25408,20.24034,20.24233,5118.0
2026-03-31 19:00:00,20.2423,20.24864,20.22044,20.2249,6284.0
2026-03-31 20:00:00,20.22491,20.25814,20.20817,20.2513,5664.0
2026-03-31 21:00:00,20.25134,20.27937,20.24127,20.24342,7059.0
2026-03-31 22:00:00,20.2432,20.24743,20.23459,20.24213,2784.0
2026-03-31 23:00:00,20.2432,20.26019,20.22438,20.25991,2004.0
2026-04-01 00:00:00,20.26077,20.26967,20.25051,20.25097,1994.0
2026-04-01 01:00:00,20.25104,20.26876,20.22769,20.23641,3093.0
2026-04-01 02:00:00,20.23603,20.23902,20.19157,20.19449,6635.0
2026-04-01 03:00:00,20.19416,20.25116,20.18952,20.24946,6073.0
2026-04-01 04:00:00,20.24988,20.26148,20.20356,20.2237,6177.0
2026-04-01 05:00:00,20.22363,20.24818,20.21128,20.24094,4146.0
2026-04-01 06:00:00,20.24074,20.24325,20.21656,20.21696,3101.0
2026-04-01 07:00:00,20.21665,20.22179,20.19622,20.19672,2531.0
2026-04-01 08:00:00,20.19648,20.22838,20.19073,20.2209,6725.0
2026-04-01 09:00:00,20.22015,20.23762,20.21042,20.23676,7443.0
2026-04-01 10:00:00,20.23804,20.25173,20.20939,20.21465,7740.0
2026-04-01 11:00:00,20.21442,20.24127,20.20378,20.23214,5719.0
2026-04-01 12:00:00,20.23224,20.24566,20.22114,20.22228,6639.0
2026-04-01 13:00:00,20.22203,20.24322,20.20901,20.24168,4867.0
2026-04-01 14:00:00,20.24177,20.26155,20.23946,20.26013,4682.0
2026-04-01 15:00:00,20.26004,20.27163,20.25885,20.26416,3817.0
2026-04-01 16:00:00,20.26445,20.26587,20.24626,20.25353,4054.0
2026-04-01 17:00:00,20.26116,20.26402,20.2355,20.24628,2948.0
2026-04-01 18:00:00,20.2464,20.25092,20.22846,20.2319,3865.0
2026-04-01 19:00:00,20.23198,20.24588,20.22288,20.24588,1568.0
2026-04-01 20:00:00,20.24603,20.25206,20.22842,20.23805,2348.0
2026-04-01 21:00:00,20.23824,20.32054,20.2307,20.32042,8945.0
2026-04-01 22:00:00,20.32022,20.34495,20.30572,20.34087,2939.0
2026-04-01 23:00:00,20.34082,20.34383,20.32154,20.32886,1931.0
2026-04-02 00:00:00,20.32908,20.33858,20.32561,20.32684,1402.0
2026-04-02 01:00:00,20.3266,20.34036,20.32565,20.33953,1351.0
2026-04-02 02:00:00,20.33832,20.34226,20.32164,20.33271,2584.0
2026-04-02 03:00:00,20.33263,20.37472,20.33076,20.35673,3713.0
2026-04-02 04:00:00,20.35659,20.37258,20.35374,20.36904,1980.0
2026-04-02 05:00:00,20.36925,20.376,20.35214,20.35214,1569.0
2026-04-02 06:00:00,20.3516,20.37212,20.3494,20.36982,1584.0
2026-04-02 07:00:00,20.36964,20.3777,20.36854,20.37285,1389.0
2026-04-02 08:00:00,20.37218,20.37386,20.35516,20.36378,2977.0
2026-04-02 09:00:00,20.36334,20.37222,20.34048,20.3435,3614.0
2026-04-02 10:00:00,20.3434,20.34716,20.31374,20.32804,5683.0
2026-04-02 11:00:00,20.32826,20.33343,20.31344,20.327,3139.0
2026-04-02 12:00:00,20.32738,20.34879,20.32395,20.34868,2056.0
2026-04-02 13:00:00,20.34881,20.361,20.34593,20.35752,1474.0
2026-04-02 14:00:00,20.35747,20.37342,20.35546,20.36125,1235.0
2026-04-02 15:00:00,20.36058,20.3672,20.34959,20.3651,1097.0
2026-04-02 16:00:00,20.36498,20.36688,20.34816,20.3601,1321.0
2026-04-02 17:00:00,20.3626,20.3626,20.35712,20.35886,1074.0
2026-04-02 18:00:00,20.35783,20.36134,20.3492,20.35209,600.0
2026-04-02 19:00:00,20.35198,20.35198,20.3469,20.34778,435.0
2026-04-02 20:00:00,20.3481,20.36328,20.33827,20.35922,1648.0
2026-04-02 21:00:00,20.3591,20.3658,20.35401,20.36571,1268.0
2026-04-02 22:00:00,20.36526,20.37356,20.36044,20.36826,1354.0
2026-04-02 23:00:00,20.36828,20.3703,20.35442,20.35622,546.0
2026-04-03 00:00:00,20.35652,20.3634,20.35004,20.36118,1096.0
2026-04-03 01:00:00,20.36112,20.36557,20.35902,20.36487,1383.0
2026-04-03 02:00:00,20.36475,20.37112,20.35729,20.3647,1236.0
2026-04-03 03:00:00,20.36471,20.36471,20.35312,20.3575,416.0
2026-04-03 04:00:00,20.35826,20.36472,20.35518,20.36184,1919.0
2026-04-03 05:00:00,20.36182,20.36296,20.35844,20.36042,721.0
2026-04-03 06:00:00,20.36028,20.36415,20.35774,20.36121,869.0
2026-04-03 07:00:00,20.36136,20.36136,20.35442,20.35688,4092.0
2026-04-03 08:00:00,20.3568,20.39038,20.3527,20.36422,3668.0
2026-04-03 09:00:00,20.36433,20.36606,20.34784,20.35106,1509.0
2026-04-03 10:00:00,20.35088,20.36152,20.3478,20.36066,662.0
2026-04-03 11:00:00,20.36088,20.36646,20.35672,20.3663,1431.0
2026-04-03 12:00:00,20.36646,20.36695,20.36449,20.3655,865.0
2026-04-03 13:00:00,20.36552,20.3675,20.36517,20.36542,513.0
2026-04-03 14:00:00,20.36544,20.36948,20.36465,20.36762,594.0
2026-04-03 15:00:00,20.36804,20.36914,20.36503,20.36684,2341.0
2026-04-03 16:00:00,20.36669,20.37846,20.35055,20.36599,5249.0
2026-04-05 17:00:00,20.36954,20.38676,20.34818,20.36822,496.0
2026-04-05 18:00:00,20.36823,20.38948,20.34806,20.37269,2302.0
2026-04-05 19:00:00,20.37263,20.39126,20.36268,20.38606,1690.0
2026-04-05 20:00:00,20.3868,20.38923,20.36968,20.38133,1406.0
2026-04-05 21:00:00,20.38082,20.38082,20.3646,20.37304,1374.0
2026-04-05 22:00:00,20.37298,20.37307,20.35342,20.3567,1634.0
2026-04-05 23:00:00,20.35676,20.36662,20.35318,20.36486,845.0
2026-04-06 00:00:00,20.36448,20.36576,20.35494,20.35809,618.0
2026-04-06 01:00:00,20.35838,20.35954,20.35508,20.35828,500.0
2026-04-06 02:00:00,20.35825,20.36932,20.35448,20.36354,1399.0
2026-04-06 03:00:00,20.36322,20.37631,20.3309,20.33606,2036.0
2026-04-06 04:00:00,20.33554,20.34286,20.32653,20.33669,1830.0
2026-04-06 05:00:00,20.33651,20.3472,20.33152,20.34267,971.0
2026-04-06 06:00:00,20.34245,20.35851,20.3404,20.34616,1141.0
2026-04-06 07:00:00,20.3459,20.36254,20.34568,20.35874,872.0
2026-04-06 08:00:00,20.3591,20.3604,20.33406,20.33938,1295.0
2026-04-06 09:00:00,20.3392,20.35136,20.33774,20.34882,1475.0
2026-04-06 10:00:00,20.34683,20.3786,20.3374,20.37712,3364.0
2026-04-06 11:00:00,20.3769,20.3896,20.3769,20.3774,2279.0
2026-04-06 12:00:00,20.37746,20.37772,20.36642,20.3735,975.0
2026-04-06 13:00:00,20.37359,20.38854,20.37359,20.38558,1056.0
2026-04-06 14:00:00,20.3854,20.38796,20.3627,20.37455,1351.0
2026-04-06 15:00:00,20.37452,20.3807,20.37033,20.37551,426.0
2026-04-06 16:00:00,20.37414,20.37778,20.37012,20.37143,329.0
2026-04-06 17:00:00,20.37559,20.38259,20.36463,20.37268,1146.0
2026-04-06 18:00:00,20.37312,20.37324,20.36048,20.37308,410.0
2026-04-06 19:00:00,20.37254,20.37818,20.37114,20.37688,404.0
2026-04-06 20:00:00,20.37703,20.3962,20.37328,20.39452,2027.0
2026-04-06 21:00:00,20.39478,20.40686,20.3891,20.40214,1547.0
2026-04-06 22:00:00,20.40182,20.40794,20.39616,20.39897,678.0
2026-04-06 23:00:00,20.39894,20.40013,20.39176,20.39316,387.0
2026-04-07 00:00:00,20.39287,20.39287,20.38012,20.38194,703.0
2026-04-07 01:00:00,20.38198,20.39316,20.37976,20.38655,1462.0
2026-04-07 02:00:00,20.3865,20.39295,20.38274,20.38928,1348.0
2026-04-07 03:00:00,20.3882,20.40146,20.3882,20.39946,1600.0
2026-04-07 04:00:00,20.39962,20.39962,20.35122,20.35362,4658.0
2026-04-07 05:00:00,20.35348,20.37352,20.35021,20.37352,2027.0
2026-04-07 06:00:00,20.37293,20.39278,20.371,20.39164,4136.0
2026-04-07 07:00:00,20.39144,20.40128,20.38968,20.39678,2098.0
2026-04-07 08:00:00,20.39664,20.40236,20.38222,20.39118,2824.0
2026-04-07 09:00:00,20.39104,20.40543,20.38318,20.40371,2499.0
2026-04-07 10:00:00,20.40358,20.41241,20.38965,20.41182,3540.0
2026-04-07 11:00:00,20.41165,20.4209,20.40123,20.40526,3278.0
2026-04-07 12:00:00,20.40514,20.40742,20.39296,20.40722,2576.0
2026-04-07 13:00:00,20.40744,20.41298,20.37998,20.38972,2374.0
2026-04-07 14:00:00,20.38986,20.40044,20.37886,20.39648,1800.0
2026-04-07 15:00:00,20.39631,20.39989,20.36011,20.36642,4792.0
2026-04-07 16:00:00,20.36634,20.37988,20.35482,20.36881,2726.0
2026-04-07 17:00:00,20.36802,20.36926,20.35819,20.3637,1298.0
2026-04-07 18:00:00,20.36336,20.3883,20.2712,20.28044,5044.0
2026-04-07 19:00:00,20.28048,20.28646,20.2406,20.26022,6908.0
2026-04-07 20:00:00,20.25939,20.26798,20.2348,20.25285,6721.0
2026-04-07 21:00:00,20.25314,20.25603,20.2141,20.22196,3450.0
2026-04-07 22:00:00,20.22151,20.24707,20.21316,20.22864,3677.0
2026-04-07 23:00:00,20.22858,20.23144,20.2164,20.22756,2117.0
2026-04-08 00:00:00,20.22663,20.23091,20.21564,20.21634,1731.0
2026-04-08 01:00:00,20.21644,20.22592,20.19146,20.20944,2521.0
2026-04-08 02:00:00,20.21058,20.22224,20.18202,20.20601,4635.0
2026-04-08 03:00:00,20.20558,20.22557,20.18816,20.20014,4261.0
2026-04-08 04:00:00,20.20024,20.23344,20.18846,20.21741,3874.0
2026-04-08 05:00:00,20.21718,20.23582,20.2049,20.2329,2995.0
2026-04-08 06:00:00,20.2332,20.2397,20.22156,20.22782,1989.0
2026-04-08 07:00:00,20.22753,20.23477,20.20309,20.20573,2766.0
2026-04-08 08:00:00,20.20546,20.2148,20.16885,20.1775,4993.0
2026-04-08 09:00:00,20.17742,20.2155,20.16145,20.20942,5767.0
2026-04-08 10:00:00,20.20974,20.23064,20.19626,20.21234,5245.0
2026-04-08 11:00:00,20.21255,20.23416,20.20896,20.22429,3847.0
2026-04-08 12:00:00,20.22425,20.2375,20.22052,20.2278,2317.0
2026-04-08 13:00:00,20.22774,20.24052,20.22336,20.23249,2089.0
2026-04-08 14:00:00,20.23235,20.26978,20.22146,20.2692,3090.0
2026-04-08 15:00:00,20.2696,20.27698,20.2361,20.24072,2212.0
2026-04-08 16:00:00,20.24106,20.25365,20.23858,20.24522,1257.0
2026-04-08 17:00:00,20.24362,20.2562,20.23534,20.24312,2255.0
2026-04-08 18:00:00,20.24182,20.24842,20.23838,20.24664,369.0
2026-04-08 19:00:00,20.24676,20.26107,20.24592,20.25576,1185.0
2026-04-08 20:00:00,20.25582,20.2869,20.25187,20.28304,2651.0
2026-04-08 21:00:00,20.28278,20.2976,20.27394,20.27906,1942.0
2026-04-08 22:00:00,20.27908,20.2823,20.25894,20.25894,1218.0
2026-04-08 23:00:00,20.25861,20.26932,20.25384,20.26266,1128.0
2026-04-09 00:00:00,20.26282,20.26282,20.24881,20.25988,925.0
2026-04-09 01:00:00,20.26088,20.27776,20.25713,20.2747,933.0
2026-04-09 02:00:00,20.27488,20.2886,20.26811,20.26986,2254.0
2026-04-09 03:00:00,20.26968,20.2942,20.26784,20.29369,2751.0
2026-04-09 04:00:00,20.2937,20.30869,20.28534,20.2919,2738.0
2026-04-09 05:00:00,20.2922,20.29838,20.28364,20.29386,2148.0
2026-04-09 06:00:00,20.29402,20.30503,20.28928,20.30444,1508.0
2026-04-09 07:00:00,20.30463,20.30522,20.27311,20.27948,1802.0
2026-04-09 08:00:00,20.27958,20.30868,20.27462,20.29331,3341.0
2026-04-09 09:00:00,20.29314,20.30868,20.28106,20.3067,3080.0
2026-04-09 10:00:00,20.30648,20.32619,20.29636,20.31949,3492.0
2026-04-09 11:00:00,20.31958,20.33213,20.27672,20.278,4790.0
2026-04-09 12:00:00,20.27791,20.28165,20.24688,20.26452,2649.0
2026-04-09 13:00:00,20.26436,20.27012,20.25443,20.26677,1677.0
2026-04-09 14:00:00,20.26649,20.29932,20.26622,20.29797,2024.0
2026-04-09 15:00:00,20.29808,20.30999,20.2932,20.30964,1477.0
2026-04-09 16:00:00,20.30977,20.31412,20.29425,20.29544,868.0
2026-04-09 17:00:00,20.29027,20.29705,20.28943,20.29428,472.0
2026-04-09 18:00:00,20.29453,20.30945,20.2925,20.30764,541.0
2026-04-09 19:00:00,20.30752,20.31309,20.30213,20.30778,513.0
2026-04-09 20:00:00,20.30801,20.32777,20.30725,20.321,2250.0
2026-04-09 21:00:00,20.3213,20.32716,20.29904,20.29998,1770.0
2026-04-09 22:00:00,20.29981,20.31913,20.29925,20.31623,1231.0
2026-04-09 23:00:00,20.31652,20.31798,20.30662,20.30914,948.0
2026-04-10 00:00:00,20.30886,20.32072,20.30746,20.31649,1152.0
2026-04-10 01:00:00,20.31656,20.32868,20.31648,20.32853,984.0
2026-04-10 02:00:00,20.32872,20.34642,20.32174,20.33459,2144.0
2026-04-10 03:00:00,20.3345,20.34354,20.32436,20.34304,2343.0
2026-04-10 04:00:00,20.34351,20.34473,20.33011,20.33766,1863.0
2026-04-10 05:00:00,20.3375,20.33954,20.31992,20.3291,2987.0
2026-04-10 06:00:00,20.32907,20.33654,20.32298,20.32537,1647.0
2026-04-10 07:00:00,20.32564,20.33034,20.32056,20.32299,1240.0
2026-04-10 08:00:00,20.32234,20.32404,20.28793,20.31952,3656.0
2026-04-10 09:00:00,20.32018,20.32659,20.3087,20.32286,3179.0
2026-04-10 10:00:00,20.3218,20.33158,20.31302,20.31766,4118.0
2026-04-10 11:00:00,20.31806,20.33146,20.30619,20.33056,3028.0
2026-04-10 12:00:00,20.33057,20.34614,20.32912,20.33535,1755.0
2026-04-10 13:00:00,20.33549,20.34067,20.33262,20.33891,1119.0
2026-04-10 14:00:00,20.33905,20.34507,20.33174,20.33816,1785.0
2026-04-10 15:00:00,20.33898,20.34184,20.33544,20.34097,1007.0
2026-04-10 16:00:00,20.34104,20.34399,20.33732,20.33894,1098.0
2026-04-12 17:00:00,20.37866,20.38172,20.36984,20.37721,824.0
2026-04-12 18:00:00,20.3772,20.40998,20.3772,20.40464,1511.0
2026-04-12 19:00:00,20.40471,20.41106,20.38259,20.38552,1186.0
2026-04-12 20:00:00,20.38598,20.40642,20.38412,20.38798,2222.0
2026-04-12 21:00:00,20.38805,20.40304,20.38168,20.39012,1694.0
2026-04-12 22:00:00,20.39028,20.3959,20.3884,20.39,1206.0
2026-04-12 23:00:00,20.39016,20.39639,20.3874,20.38764,770.0
2026-04-13 00:00:00,20.3873,20.4001,20.38604,20.39149,923.0
2026-04-13 01:00:00,20.39155,20.39623,20.38734,20.38822,1113.0
2026-04-13 02:00:00,20.38813,20.39746,20.37208,20.3889,2164.0
2026-04-13 03:00:00,20.38874,20.41579,20.3817,20.38179,2786.0
2026-04-13 04:00:00,20.38206,20.39812,20.37737,20.39584,1825.0
2026-04-13 05:00:00,20.39587,20.39802,20.38837,20.3957,1313.0
2026-04-13 06:00:00,20.39555,20.39658,20.38752,20.39007,1062.0
2026-04-13 07:00:00,20.38978,20.41056,20.3845,20.41008,1924.0
2026-04-13 08:00:00,20.4097,20.41204,20.38921,20.3967,2359.0
2026-04-13 09:00:00,20.39658,20.40376,20.36876,20.36902,3731.0
2026-04-13 10:00:00,20.36906,20.38422,20.36472,20.37077,3934.0
2026-04-13 11:00:00,20.37088,20.39724,20.37088,20.39587,2758.0
2026-04-13 12:00:00,20.39588,20.40092,20.3589,20.3665,4081.0
2026-04-13 13:00:00,20.36652,20.36757,20.3481,20.35475,2011.0
2026-04-13 14:00:00,20.3545,20.35581,20.34182,20.34608,2251.0
2026-04-13 15:00:00,20.3459,20.35533,20.34136,20.35414,1323.0
2026-04-13 16:00:00,20.35406,20.36444,20.3523,20.36379,677.0
2026-04-13 17:00:00,20.35814,20.36138,20.34865,20.35159,682.0
2026-04-13 18:00:00,20.35089,20.35677,20.34554,20.3509,470.0
2026-04-13 19:00:00,20.35101,20.35216,20.33069,20.3358,1665.0
2026-04-13 20:00:00,20.33548,20.35068,20.3221,20.32224,2627.0
2026-04-13 21:00:00,20.32168,20.33114,20.30907,20.3247,1949.0
2026-04-13 22:00:00,20.32464,20.33162,20.31442,20.31688,1101.0
2026-04-13 23:00:00,20.31666,20.3209,20.31062,20.31274,912.0
2026-04-14 00:00:00,20.31344,20.31564,20.30223,20.3058,899.0
2026-04-14 01:00:00,20.30608,20.32208,20.29674,20.31789,875.0
2026-04-14 02:00:00,20.3176,20.3357,20.31532,20.31674,2105.0
2026-04-14 03:00:00,20.3167,20.3183,20.29006,20.30407,3423.0
2026-04-14 04:00:00,20.30424,20.31718,20.29848,20.30394,2081.0
2026-04-14 05:00:00,20.3038,20.30786,20.2771,20.29288,2545.0
2026-04-14 06:00:00,20.29315,20.29341,20.27292,20.2755,1970.0
2026-04-14 07:00:00,20.27562,20.2768,20.26238,20.27119,2060.0
2026-04-14 08:00:00,20.2714,20.28364,20.2585,20.26226,3410.0
2026-04-14 09:00:00,20.2624,20.28508,20.25746,20.28028,3110.0
2026-04-14 10:00:00,20.28048,20.28076,20.24704,20.26704,3321.0
2026-04-14 11:00:00,20.26712,20.28917,20.26712,20.2883,3145.0
2026-04-14 12:00:00,20.2883,20.29142,20.27488,20.27752,1378.0
2026-04-14 13:00:00,20.27753,20.28459,20.25988,20.26454,1168.0
2026-04-14 14:00:00,20.26426,20.27728,20.25853,20.275,1125.0
2026-04-14 15:00:00,20.27616,20.28716,20.2735,20.28134,922.0
2026-04-14 16:00:00,20.28117,20.28462,20.27142,20.27196,523.0
2026-04-14 17:00:00,20.27004,20.27618,20.26991,20.2746,6343.0
2026-04-14 18:00:00,20.27702,20.27785,20.26852,20.27666,550.0
2026-04-14 19:00:00,20.27666,20.28186,20.26756,20.27104,886.0
2026-04-14 20:00:00,20.27128,20.28148,20.26292,20.27183,2032.0
2026-04-14 21:00:00,20.27186,20.29088,20.27186,20.27904,2358.0
2026-04-14 22:00:00,20.2793,20.29762,20.27553,20.29236,1181.0
2026-04-14 23:00:00,20.29323,20.2935,20.28085,20.28494,950.0
2026-04-15 00:00:00,20.28498,20.28801,20.28122,20.28487,603.0
2026-04-15 01:00:00,20.28503,20.28652,20.27574,20.28234,1036.0
2026-04-15 02:00:00,20.2819,20.2922,20.26919,20.29208,2108.0
2026-04-15 03:00:00,20.29228,20.29243,20.27458,20.28134,2075.0
2026-04-15 04:00:00,20.2815,20.28236,20.24682,20.265,2900.0
2026-04-15 05:00:00,20.26486,20.28514,20.2572,20.28186,3281.0
2026-04-15 06:00:00,20.28218,20.3015,20.27222,20.29016,2913.0
2026-04-15 07:00:00,20.29052,20.30558,20.28458,20.29995,2393.0
2026-04-15 08:00:00,20.30012,20.31613,20.29991,20.30927,2382.0
2026-04-15 09:00:00,20.30908,20.31084,20.2941,20.29928,3276.0
2026-04-15 10:00:00,20.29914,20.30422,20.28622,20.29242,3344.0
2026-04-15 11:00:00,20.29311,20.29963,20.27874,20.29899,3033.0
2026-04-15 12:00:00,20.29893,20.3001,20.26478,20.28162,2626.0
2026-04-15 13:00:00,20.28176,20.31189,20.28132,20.31053,1449.0
2026-04-15 14:00:00,20.31058,20.31294,20.29672,20.29991,1861.0
2026-04-15 15:00:00,20.30014,20.3045,20.29123,20.29321,1072.0
2026-04-15 16:00:00,20.2933,20.29776,20.2904,20.29448,810.0
2026-04-15 17:00:00,20.29669,20.2967,20.28284,20.28978,1948.0
2026-04-15 18:00:00,20.28772,20.28772,20.2768,20.28024,445.0
2026-04-15 19:00:00,20.28057,20.28311,20.27096,20.27644,651.0
2026-04-15 20:00:00,20.27626,20.2812,20.2682,20.27159,1968.0
2026-04-15 21:00:00,20.27166,20.27887,20.26255,20.27392,2380.0
2026-04-15 22:00:00,20.274,20.27966,20.23989,20.24084,1933.0
2026-04-15 23:00:00,20.24064,20.25981,20.20606,20.25938,2500.0
2026-04-16 00:00:00,20.2602,20.27148,20.25852,20.26828,1220.0
2026-04-16 01:00:00,20.26921,20.28538,20.26626,20.28398,1214.0
2026-04-16 02:00:00,20.28406,20.29543,20.27672,20.28365,2529.0
2026-04-16 03:00:00,20.28345,20.29206,20.27478,20.28888,3004.0
2026-04-16 04:00:00,20.28873,20.31772,20.28729,20.31086,2611.0
2026-04-16 05:00:00,20.31132,20.32411,20.30852,20.31619,2029.0
2026-04-16 06:00:00,20.31637,20.33178,20.31623,20.3183,1801.0
2026-04-16 07:00:00,20.31751,20.31751,20.30034,20.31412,2286.0
2026-04-16 08:00:00,20.31298,20.33204,20.31034,20.33072,2958.0
2026-04-16 09:00:00,20.33087,20.35528,20.3161,20.34461,3205.0
2026-04-16 10:00:00,20.34449,20.3525,20.3278,20.35128,4118.0
2026-04-16 11:00:00,20.35138,20.3539,20.33074,20.33074,3568.0
2026-04-16 12:00:00,20.33064,20.35304,20.32411,20.3409,2467.0
2026-04-16 13:00:00,20.34074,20.35488,20.33984,20.35127,1473.0
2026-04-16 14:00:00,20.35143,20.35143,20.3393,20.34908,1585.0
2026-04-16 15:00:00,20.34942,20.34942,20.3336,20.34272,950.0
2026-04-16 16:00:00,20.3425,20.34906,20.33782,20.33782,1637.0
2026-04-16 17:00:00,20.34176,20.34265,20.33249,20.33818,608.0
2026-04-16 18:00:00,20.33817,20.33817,20.32087,20.33287,1769.0
2026-04-16 19:00:00,20.33251,20.35388,20.32976,20.35074,1558.0
2026-04-16 20:00:00,20.35178,20.37026,20.34414,20.36162,2519.0
2026-04-16 21:00:00,20.36229,20.37214,20.35014,20.36226,2661.0
2026-04-16 22:00:00,20.36229,20.3724,20.35658,20.3598,927.0
2026-04-16 23:00:00,20.35961,20.3708,20.35775,20.35888,1085.0
2026-04-17 00:00:00,20.35882,20.37096,20.3571,20.36918,785.0
2026-04-17 01:00:00,20.36933,20.37748,20.36846,20.37162,910.0
2026-04-17 02:00:00,20.37174,20.37928,20.36153,20.36545,2181.0
2026-04-17 03:00:00,20.3653,20.36546,20.34546,20.34578,2508.0
2026-04-17 04:00:00,20.34559,20.3484,20.32284,20.32284,2466.0
2026-04-17 05:00:00,20.3227,20.3301,20.30422,20.30968,2337.0
2026-04-17 06:00:00,20.30964,20.32672,20.30796,20.3246,1536.0
2026-04-17 07:00:00,20.32444,20.33286,20.32225,20.32625,1241.0
2026-04-17 08:00:00,20.32552,20.3268,20.22944,20.23044,7205.0
2026-04-17 09:00:00,20.22937,20.24483,20.18972,20.20654,11191.0
2026-04-17 10:00:00,20.20632,20.21188,20.12746,20.16016,7551.0
2026-04-17 11:00:00,20.16074,20.20148,20.15354,20.19244,6446.0
2026-04-17 12:00:00,20.19247,20.20518,20.17468,20.18436,2664.0
2026-04-17 13:00:00,20.18467,20.21356,20.1846,20.20046,3021.0
2026-04-17 14:00:00,20.20038,20.23925,20.19672,20.23571,2057.0
2026-04-17 15:00:00,20.2356,20.25378,20.22404,20.25072,1979.0
2026-04-17 16:00:00,20.25092,20.25848,20.2429,20.25249,1413.0
2026-04-19 17:00:00,20.27919,20.29259,20.27638,20.29239,288.0
2026-04-19 18:00:00,20.29236,20.31192,20.28882,20.3054,1636.0
2026-04-19 19:00:00,20.30509,20.32806,20.2955,20.32217,1307.0
2026-04-19 20:00:00,20.32216,20.33014,20.29172,20.3048,3175.0
2026-04-19 21:00:00,20.30522,20.30538,20.27857,20.28116,2108.0
2026-04-19 22:00:00,20.2816,20.28626,20.27235,20.28202,1210.0
2026-04-19 23:00:00,20.28231,20.28858,20.27167,20.28486,1115.0
2026-04-20 00:00:00,20.28483,20.292,20.27982,20.28834,785.0
2026-04-20 01:00:00,20.28814,20.30238,20.2876,20.29416,1211.0
2026-04-20 02:00:00,20.29406,20.29988,20.27792,20.28458,3313.0
2026-04-20 03:00:00,20.28402,20.3063,20.26694,20.29506,4276.0
2026-04-20 04:00:00,20.29578,20.30901,20.28909,20.29624,2875.0
2026-04-20 05:00:00,20.29594,20.30186,20.28348,20.29489,3052.0
2026-04-20 06:00:00,20.29476,20.30302,20.28845,20.29426,2522.0
2026-04-20 07:00:00,20.29412,20.30016,20.27158,20.27898,2580.0
2026-04-20 08:00:00,20.27912,20.29825,20.27744,20.28696,3102.0
2026-04-20 09:00:00,20.28682,20.29606,20.24894,20.25704,5362.0
2026-04-20 10:00:00,20.2569,20.29121,20.25654,20.26776,5710.0
2026-04-20 11:00:00,20.268,20.27818,20.24808,20.26296,4386.0
2026-04-20 12:00:00,20.26303,20.2678,20.25568,20.26042,1897.0
2026-04-20 13:00:00,20.26036,20.27484,20.25506,20.27368,1665.0
2026-04-20 14:00:00,20.2735,20.29644,20.2628,20.29436,2240.0
2026-04-20 15:00:00,20.29541,20.29582,20.28104,20.28602,927.0
2026-04-20 16:00:00,20.28635,20.29492,20.27992,20.28326,1254.0
2026-04-20 17:00:00,20.27815,20.28286,20.27469,20.27498,2138.0
2026-04-20 18:00:00,20.27496,20.28266,20.27286,20.27566,298.0
2026-04-20 19:00:00,20.2757,20.28885,20.27434,20.28686,538.0
2026-04-20 20:00:00,20.2861,20.30169,20.2849,20.29683,1962.0
2026-04-20 21:00:00,20.29705,20.30042,20.29064,20.29424,1086.0
2026-04-20 22:00:00,20.29428,20.30613,20.29428,20.30188,1163.0
2026-04-20 23:00:00,20.30212,20.30454,20.2965,20.30247,983.0
2026-04-21 00:00:00,20.30241,20.30377,20.2955,20.29662,734.0
2026-04-21 01:00:00,20.29676,20.29676,20.28248,20.28994,907.0
2026-04-21 02:00:00,20.28992,20.29342,20.279,20.28086,2325.0
2026-04-21 03:00:00,20.28064,20.30946,20.27912,20.30946,2756.0
2026-04-21 04:00:00,20.3094,20.3331,20.3086,20.32535,3066.0
2026-04-21 05:00:00,20.32549,20.33628,20.3182,20.33038,1938.0
2026-04-21 06:00:00,20.3303,20.33448,20.32817,20.32926,1337.0
2026-04-21 07:00:00,20.32917,20.3366,20.30986,20.31078,1900.0
2026-04-21 08:00:00,20.3104,20.33644,20.30784,20.32818,3438.0
2026-04-21 09:00:00,20.3279,20.33024,20.30763,20.31628,3070.0
2026-04-21 10:00:00,20.31612,20.3558,20.31036,20.3547,4669.0
2026-04-21 11:00:00,20.3546,20.36234,20.34168,20.35651,3976.0
2026-04-21 12:00:00,20.35655,20.36936,20.3503,20.36468,2169.0
2026-04-21 13:00:00,20.36399,20.38276,20.32593,20.34558,3883.0
2026-04-21 14:00:00,20.34544,20.36716,20.3405,20.3534,3033.0
2026-04-21 15:00:00,20.35324,20.38647,20.33402,20.38274,5046.0
2026-04-21 16:00:00,20.38294,20.38688,20.34304,20.35672,2982.0
2026-04-21 17:00:00,20.35179,20.36165,20.34836,20.35679,1686.0
2026-04-21 18:00:00,20.35635,20.35834,20.35056,20.35782,604.0
2026-04-21 19:00:00,20.35777,20.36255,20.35084,20.354,888.0
2026-04-21 20:00:00,20.35328,20.35328,20.327,20.34004,2604.0
2026-04-21 21:00:00,20.33998,20.34552,20.33145,20.33448,1673.0
2026-04-21 22:00:00,20.33436,20.35396,20.33388,20.35162,1028.0
2026-04-21 23:00:00,20.35178,20.35663,20.34726,20.35394,989.0
2026-04-22 00:00:00,20.35356,20.35368,20.34179,20.3473,589.0
2026-04-22 01:00:00,20.34762,20.34762,20.31794,20.33278,2045.0
2026-04-22 02:00:00,20.3326,20.33748,20.32153,20.32168,2189.0
2026-04-22 03:00:00,20.32194,20.34274,20.31894,20.33122,2607.0
2026-04-22 04:00:00,20.3308,20.3496,20.32846,20.34807,2547.0
2026-04-22 05:00:00,20.34793,20.34879,20.34184,20.3465,1989.0
2026-04-22 06:00:00,20.34658,20.34996,20.33026,20.33206,1920.0
2026-04-22 07:00:00,20.33174,20.33707,20.32612,20.33261,2723.0
2026-04-22 08:00:00,20.3328,20.34754,20.32065,20.34726,2601.0
2026-04-22 09:00:00,20.34681,20.34818,20.31534,20.3234,4734.0
2026-04-22 10:00:00,20.32354,20.34946,20.3191,20.34946,3988.0
2026-04-22 11:00:00,20.34955,20.36536,20.3467,20.36218,3115.0
2026-04-22 12:00:00,20.36149,20.36668,20.356,20.36363,1682.0
2026-04-22 13:00:00,20.36345,20.36568,20.35393,20.35588,1511.0
2026-04-22 14:00:00,20.35608,20.36118,20.35208,20.35908,879.0
2026-04-22 15:00:00,20.35922,20.36852,20.3571,20.36742,559.0
2026-04-22 16:00:00,20.36739,20.37068,20.35658,20.35731,713.0
2026-04-22 17:00:00,20.36072,20.36425,20.34933,20.35928,1220.0
2026-04-22 18:00:00,20.3553,20.36312,20.35296,20.36108,235.0
2026-04-22 19:00:00,20.36114,20.36446,20.35672,20.36362,518.0
2026-04-22 20:00:00,20.36428,20.38976,20.33744,20.34278,3984.0
2026-04-22 21:00:00,20.34265,20.35412,20.33838,20.35023,1848.0
2026-04-22 22:00:00,20.3503,20.37406,20.3478,20.37094,1989.0
2026-04-22 23:00:00,20.37048,20.37248,20.36264,20.3709,1451.0
2026-04-23 00:00:00,20.371,20.37552,20.36706,20.37126,1068.0
2026-04-23 01:00:00,20.37106,20.3785,20.36666,20.36852,1140.0
2026-04-23 02:00:00,20.36831,20.38629,20.3667,20.38484,2141.0
2026-04-23 03:00:00,20.38505,20.39012,20.37618,20.37673,2462.0
2026-04-23 04:00:00,20.37652,20.38894,20.37526,20.38794,2352.0
2026-04-23 05:00:00,20.3881,20.39538,20.38218,20.3946,2311.0
2026-04-23 06:00:00,20.39474,20.39927,20.38397,20.39108,2509.0
2026-04-23 07:00:00,20.39064,20.3954,20.36302,20.36862,3157.0
2026-04-23 08:00:00,20.36852,20.37608,20.3545,20.36416,5170.0
2026-04-23 09:00:00,20.36389,20.37965,20.35896,20.37188,4269.0
2026-04-23 10:00:00,20.37196,20.37839,20.34774,20.35176,3785.0
2026-04-23 11:00:00,20.35124,20.36243,20.34136,20.35663,3597.0
2026-04-23 12:00:00,20.35657,20.3626,20.35454,20.35884,2272.0
2026-04-23 13:00:00,20.3587,20.4068,20.35833,20.37013,7046.0
2026-04-23 14:00:00,20.36952,20.38104,20.35929,20.3803,4626.0
2026-04-23 15:00:00,20.38059,20.39722,20.37731,20.38953,2387.0
2026-04-23 16:00:00,20.39006,20.39752,20.38823,20.39595,1188.0
2026-04-23 17:00:00,20.38579,20.39523,20.38088,20.38571,1090.0
2026-04-23 18:00:00,20.38575,20.39218,20.38366,20.38964,520.0
2026-04-23 19:00:00,20.38944,20.40098,20.38904,20.39632,763.0
2026-04-23 20:00:00,20.39626,20.40235,20.3871,20.39795,1924.0
2026-04-23 21:00:00,20.39802,20.40082,20.39322,20.39322,1287.0
2026-04-23 22:00:00,20.39361,20.39787,20.39154,20.39266,1023.0
2026-04-23 23:00:00,20.39236,20.40106,20.3919,20.3955,1241.0
2026-04-24 00:00:00,20.39525,20.39656,20.38682,20.39536,940.0
2026-04-24 01:00:00,20.39547,20.40006,20.39058,20.39368,1086.0
2026-04-24 02:00:00,20.39306,20.3953,20.36989,20.37961,2236.0
2026-04-24 03:00:00,20.3801,20.38381,20.37205,20.37675,1805.0
2026-04-24 04:00:00,20.37732,20.38825,20.37542,20.38351,2670.0
2026-04-24 05:00:00,20.38325,20.38878,20.3798,20.38824,1790.0
2026-04-24 06:00:00,20.38819,20.39139,20.37577,20.37646,1257.0
2026-04-24 07:00:00,20.37625,20.37968,20.33635,20.34878,4854.0
2026-04-24 08:00:00,20.34804,20.37356,20.3422,20.3652,3241.0
2026-04-24 09:00:00,20.3642,20.37811,20.35577,20.3707,3444.0
2026-04-24 10:00:00,20.37063,20.37659,20.34364,20.36033,4985.0
2026-04-24 11:00:00,20.36014,20.36944,20.33746,20.34126,4254.0
2026-04-24 12:00:00,20.34127,20.34886,20.3355,20.34144,2564.0
2026-04-24 13:00:00,20.34134,20.34996,20.33574,20.34854,1717.0
2026-04-24 14:00:00,20.34846,20.3554,20.34633,20.34901,1188.0
2026-04-24 15:00:00,20.3474,20.35168,20.34228,20.34905,1208.0
2026-04-24 16:00:00,20.3494,20.35016,20.33568,20.33781,697.0
2026-04-26 17:00:00,20.36543,20.36991,20.36075,20.36632,380.0
2026-04-26 18:00:00,20.36346,20.36777,20.35917,20.36202,634.0
2026-04-26 19:00:00,20.36177,20.37014,20.35722,20.36834,603.0
2026-04-26 20:00:00,20.36815,20.36815,20.35364,20.35768,1145.0
2026-04-26 21:00:00,20.35735,20.35735,20.3266,20.33576,1996.0
2026-04-26 22:00:00,20.33554,20.33852,20.3257,20.3302,951.0
2026-04-26 23:00:00,20.3299,20.33156,20.31506,20.3209,1027.0
2026-04-27 00:00:00,20.32062,20.32391,20.31034,20.32104,658.0
2026-04-27 01:00:00,20.32132,20.34341,20.32008,20.34302,706.0
2026-04-27 02:00:00,20.34292,20.35228,20.32296,20.3232,1592.0
2026-04-27 03:00:00,20.3236,20.32793,20.3135,20.31774,1585.0
2026-04-27 04:00:00,20.3181,20.32328,20.30128,20.30624,1939.0
2026-04-27 05:00:00,20.30648,20.32036,20.3,20.31934,1416.0
2026-04-27 06:00:00,20.3192,20.32474,20.30452,20.30676,1210.0
2026-04-27 07:00:00,20.30668,20.31463,20.30052,20.31274,1271.0
2026-04-27 08:00:00,20.31226,20.31764,20.30174,20.31714,2141.0
2026-04-27 09:00:00,20.31673,20.3255,20.30684,20.32187,1603.0
2026-04-27 10:00:00,20.32217,20.32564,20.3023,20.31481,1469.0
2026-04-27 11:00:00,20.31474,20.32799,20.31474,20.32636,1149.0
2026-04-27 12:00:00,20.32645,20.33804,20.32433,20.33804,732.0
2026-04-27 13:00:00,20.33811,20.34772,20.3326,20.33789,719.0
2026-04-27 14:00:00,20.33818,20.34683,20.33818,20.34566,536.0
2026-04-27 15:00:00,20.34589,20.34589,20.33547,20.34104,491.0
2026-04-27 16:00:00,20.34088,20.3435,20.3375,20.34294,364.0
2026-04-27 17:00:00,20.344,20.34513,20.33806,20.3426,829.0
2026-04-27 18:00:00,20.34216,20.34664,20.3381,20.34008,526.0
2026-04-27 19:00:00,20.34027,20.34679,20.33497,20.33558,610.0
2026-04-27 20:00:00,20.3358,20.3455,20.32777,20.34169,3678.0
2026-04-27 21:00:00,20.34172,20.3555,20.341,20.3555,3148.0
2026-04-27 22:00:00,20.35648,20.35974,20.34972,20.3545,1080.0
2026-04-27 23:00:00,20.35435,20.36096,20.2848,20.29558,3527.0
2026-04-28 00:00:00,20.29544,20.29916,20.2815,20.29838,856.0
2026-04-28 01:00:00,20.29838,20.3162,20.29496,20.31504,1224.0
2026-04-28 02:00:00,20.31486,20.3325,20.2908,20.33197,2566.0
2026-04-28 03:00:00,20.33247,20.3555,20.32113,20.354,2615.0
2026-04-28 04:00:00,20.3535,20.3735,20.3445,20.347,2424.0
2026-04-28 05:00:00,20.3475,20.361,20.34,20.357,1692.0
2026-04-28 06:00:00,20.3565,20.3665,20.352,20.365,1383.0
2026-04-28 07:00:00,20.366,20.386,20.362,20.382,1354.0
2026-04-28 08:00:00,20.3815,20.3855,20.337,20.3435,3113.0
2026-04-28 09:00:00,20.34353,20.36252,20.33984,20.35253,9859.0
2026-04-28 10:00:00,20.35261,20.38106,20.3496,20.3771,10143.0
2026-04-28 11:00:00,20.37764,20.37764,20.352,20.35438,10667.0
2026-04-28 12:00:00,20.35406,20.36382,20.3496,20.356,4769.0
2026-04-28 13:00:00,20.35567,20.36405,20.34904,20.353,3395.0
2026-04-28 14:00:00,20.3535,20.3645,20.35045,20.36444,2894.0
2026-04-28 15:00:00,20.364,20.3725,20.358,20.369,2929.0
2026-04-28 16:00:00,20.36944,20.36953,20.36046,20.36697,2901.0
2026-04-28 17:00:00,20.36245,20.37392,20.36194,20.36543,572.0
2026-04-28 18:00:00,20.36562,20.36863,20.36333,20.36451,298.0
2026-04-28 19:00:00,20.36436,20.36658,20.3601,20.36333,409.0
2026-04-28 20:00:00,20.36274,20.36843,20.35111,20.356,3560.0
2026-04-28 21:00:00,20.35604,20.36923,20.35376,20.36114,10204.0
2026-04-28 22:00:00,20.36098,20.36234,20.35518,20.3604,5914.0
2026-04-28 23:00:00,20.36044,20.3632,20.35588,20.36092,4726.0
2026-04-29 00:00:00,20.36098,20.36398,20.36052,20.36279,2843.0
2026-04-29 01:00:00,20.36278,20.37258,20.36206,20.37239,4249.0
2026-04-29 02:00:00,20.37244,20.37647,20.35866,20.36568,7308.0
2026-04-29 03:00:00,20.3658,20.37248,20.36,20.36762,10983.0
2026-04-29 04:00:00,20.36676,20.3825,20.3636,20.38176,10965.0
2026-04-29 05:00:00,20.38172,20.3892,20.3778,20.38783,7287.0
2026-04-29 06:00:00,20.38786,20.38858,20.37747,20.37869,6052.0
2026-04-29 07:00:00,20.37854,20.39134,20.37654,20.39044,7506.0
2026-04-29 08:00:00,20.39054,20.40757,20.38646,20.40744,9601.0
2026-04-29 09:00:00,20.40726,20.4341,20.40415,20.4331,14266.0
2026-04-29 10:00:00,20.43314,20.43506,20.41101,20.42214,15666.0
2026-04-29 11:00:00,20.42216,20.45193,20.42038,20.44004,14930.0
2026-04-29 12:00:00,20.44,20.45175,20.43202,20.4512,11505.0
2026-04-29 13:00:00,20.4511,20.45796,20.44116,20.44212,10084.0
2026-04-29 14:00:00,20.44304,20.46536,20.43291,20.45566,18688.0
2026-04-29 15:00:00,20.45568,20.46672,20.44722,20.45859,13214.0
2026-04-29 16:00:00,20.45875,20.47145,20.45542,20.46768,5777.0
2026-04-29 17:00:00,20.46921,20.47221,20.45636,20.46773,1033.0
2026-04-29 18:00:00,20.46646,20.47238,20.45794,20.45851,621.0
2026-04-29 19:00:00,20.45826,20.46047,20.43565,20.44181,957.0
2026-04-29 20:00:00,20.44158,20.45932,20.4269,20.4584,1892.0
2026-04-29 21:00:00,20.45868,20.46072,20.44812,20.45231,1642.0
2026-04-29 22:00:00,20.45285,20.47132,20.45066,20.4637,1531.0
2026-04-29 23:00:00,20.46344,20.47582,20.46074,20.47538,1093.0
2026-04-30 00:00:00,20.4755,20.49524,20.46812,20.48964,1495.0
2026-04-30 01:00:00,20.48948,20.50528,20.48075,20.50528,1163.0
2026-04-30 02:00:00,20.50522,20.5132,20.49019,20.50149,2170.0
2026-04-30 03:00:00,20.50176,20.50192,20.39788,20.44258,3951.0
2026-04-30 04:00:00,20.44267,20.44804,20.35552,20.37038,7495.0
2026-04-30 05:00:00,20.37014,20.37108,20.3253,20.33993,5398.0
2026-04-30 06:00:00,20.33954,20.34228,20.04226,20.06662,21426.0
2026-04-30 07:00:00,20.06656,20.10263,19.86316,19.9655,24594.0
2026-04-30 08:00:00,19.96575,20.05932,19.96097,20.02268,10148.0
2026-04-30 09:00:00,20.02296,20.03902,19.94405,20.03452,8748.0
2026-04-30 10:00:00,20.03523,20.03902,19.97418,20.00154,6274.0
2026-04-30 11:00:00,20.00178,20.02131,19.99216,20.00164,3642.0
2026-04-30 12:00:00,20.002,20.00975,19.98084,19.98932,2032.0
2026-04-30 13:00:00,19.98867,20.0047,19.96974,19.97668,1796.0
2026-04-30 14:00:00,19.97634,19.97634,19.95684,19.96936,1562.0
2026-04-30 15:00:00,19.96916,19.99083,19.9564,19.9908,1930.0
2026-04-30 16:00:00,19.99039,20.0,19.98495,19.9985,980.0
2026-04-30 17:00:00,19.98134,20.00005,19.98128,19.99047,352.0
2026-04-30 18:00:00,19.99023,20.01066,19.99013,19.99986,599.0
2026-04-30 19:00:00,20.00012,20.04864,19.9973,20.04486,1733.0
2026-04-30 20:00:00,20.04399,20.08544,20.04145,20.05668,3443.0
2026-04-30 21:00:00,20.05638,20.07886,20.05274,20.07064,2044.0
2026-04-30 22:00:00,20.07028,20.08763,20.06184,20.07616,1302.0
2026-04-30 23:00:00,20.07602,20.08276,20.04506,20.07042,1254.0
2026-05-01 00:00:00,20.07022,20.08212,20.06048,20.07827,886.0
2026-05-01 01:00:00,20.07849,20.0844,20.06992,20.07928,877.0
2026-05-01 02:00:00,20.07914,20.08146,19.8492,19.91104,6220.0
2026-05-01 03:00:00,19.91133,20.0066,19.89717,19.99234,6781.0
2026-05-01 04:00:00,19.99186,19.99776,19.94626,19.97265,3043.0
2026-05-01 05:00:00,19.97283,20.01022,19.96626,19.98679,2093.0
2026-05-01 06:00:00,19.98614,19.99235,19.97461,19.98828,1423.0
2026-05-01 07:00:00,19.98827,19.99292,19.96884,19.988,1669.0
2026-05-01 08:00:00,19.98942,19.99536,19.96328,19.98842,3452.0
2026-05-01 09:00:00,19.9885,20.00987,19.95558,19.97748,3218.0
2026-05-01 10:00:00,19.97722,20.00496,19.96104,19.9935,3680.0
2026-05-01 11:00:00,19.99428,20.02727,19.9926,20.00988,2625.0
2026-05-01 12:00:00,20.00972,20.0325,19.99832,20.03218,1813.0
2026-05-01 13:00:00,20.03253,20.0432,20.02092,20.03102,1072.0
2026-05-01 14:00:00,20.03076,20.05498,20.0291,20.04169,1464.0
2026-05-01 15:00:00,20.04161,20.05284,20.03958,20.04785,851.0
2026-05-01 16:00:00,20.04785,20.05171,20.03634,20.05171,2416.0
2026-05-03 17:00:00,20.00868,20.01383,19.99847,20.00738,434.0
2026-05-03 18:00:00,20.00732,20.03071,19.99943,20.01815,900.0
2026-05-03 19:00:00,20.01779,20.02622,20.01282,20.026,990.0
2026-05-03 20:00:00,20.02653,20.03773,20.02182,20.0295,2158.0
2026-05-03 21:00:00,20.02878,20.0528,19.98991,20.04792,2301.0
2026-05-03 22:00:00,20.04776,20.06914,20.04566,20.05995,1506.0
2026-05-03 23:00:00,20.0602,20.07662,19.87906,19.939,7583.0
2026-05-04 00:00:00,19.94001,20.01805,19.93154,20.01132,3014.0
2026-05-04 01:00:00,20.01285,20.02738,19.98415,20.01481,2911.0
2026-05-04 02:00:00,20.01444,20.0367,20.0084,20.03558,3060.0
2026-05-04 03:00:00,20.03573,20.04153,20.02082,20.03152,2746.0
2026-05-04 04:00:00,20.03131,20.0406,20.02912,20.03762,2455.0
2026-05-04 05:00:00,20.03734,20.04508,20.031,20.04213,1897.0
2026-05-04 06:00:00,20.04241,20.07139,20.0405,20.06102,4951.0
2026-05-04 07:00:00,20.06074,20.06856,20.05434,20.06696,2186.0
2026-05-04 08:00:00,20.06668,20.0678,20.04762,20.06296,2340.0
2026-05-04 09:00:00,20.06268,20.06869,20.04078,20.04691,3598.0
2026-05-04 10:00:00,20.04703,20.06376,20.03456,20.05649,3068.0
2026-05-04 11:00:00,20.05708,20.08243,20.03766,20.06918,4185.0
2026-05-04 12:00:00,20.06946,20.08226,20.0614,20.07809,3240.0
2026-05-04 13:00:00,20.07793,20.07972,20.06426,20.07201,1644.0
2026-05-04 14:00:00,20.07234,20.07831,19.98488,20.00942,2111.0
2026-05-04 15:00:00,20.01072,20.06005,20.01072,20.0555,3232.0
2026-05-04 16:00:00,20.0565,20.0815,20.056,20.07591,854.0
2026-05-04 17:00:00,20.07064,20.07262,20.06283,20.06532,487.0
2026-05-04 18:00:00,20.06506,20.0783,20.06212,20.07313,354.0
2026-05-04 19:00:00,20.07256,20.0735,20.06519,20.07046,656.0
2026-05-04 20:00:00,20.07027,20.07469,20.0645,20.06751,1398.0
2026-05-04 21:00:00,20.06773,20.07528,20.06237,20.06541,993.0
2026-05-04 22:00:00,20.06513,20.06801,20.06268,20.06593,539.0
2026-05-04 23:00:00,20.06628,20.0717,20.06546,20.07146,465.0
2026-05-05 00:00:00,20.07174,20.07668,20.06735,20.0752,473.0
2026-05-05 01:00:00,20.07529,20.07716,20.0651,20.07352,983.0
2026-05-05 02:00:00,20.0733,20.07566,20.06196,20.06516,1721.0
2026-05-05 03:00:00,20.06483,20.06666,20.04642,20.06534,2909.0
2026-05-05 04:00:00,20.06542,20.07372,20.06132,20.07305,1540.0
2026-05-05 05:00:00,20.07288,20.15072,20.04984,20.10032,5525.0
2026-05-05 06:00:00,20.10033,20.12085,20.09756,20.11426,1923.0
2026-05-05 07:00:00,20.11459,20.1369,20.11352,20.13036,2132.0
2026-05-05 08:00:00,20.1305,20.14226,20.11688,20.1348,3498.0
2026-05-05 09:00:00,20.13518,20.13691,20.1216,20.1339,2300.0
2026-05-05 10:00:00,20.13352,20.14114,20.12122,20.12212,3555.0
2026-05-05 11:00:00,20.12228,20.12864,20.11323,20.1215,2055.0
2026-05-05 12:00:00,20.12159,20.13702,20.11811,20.13526,852.0
2026-05-05 13:00:00,20.13542,20.14772,20.13273,20.14323,993.0
2026-05-05 14:00:00,20.1434,20.152,20.14147,20.14671,542.0
2026-05-05 15:00:00,20.147,20.15205,20.14524,20.14827,446.0
2026-05-05 16:00:00,20.14834,20.1515,20.14314,20.15,601.0
2026-05-05 17:00:00,20.14786,20.15168,20.14786,20.1515,239.0
2026-05-05 18:00:00,20.15142,20.15606,20.11062,20.12907,959.0
2026-05-05 19:00:00,20.12832,20.12934,20.1049,20.12285,1677.0
2026-05-05 20:00:00,20.12246,20.12614,20.10637,20.11362,2987.0
2026-05-05 21:00:00,20.11368,20.1257,20.11142,20.1257,2494.0
2026-05-05 22:00:00,20.1263,20.14142,20.11926,20.13939,1764.0
2026-05-05 23:00:00,20.13926,20.14944,20.12828,20.1355,1910.0
2026-05-06 00:00:00,20.13584,20.1418,19.78438,19.90288,18497.0
2026-05-06 01:00:00,19.90096,19.95814,19.8788,19.95111,7693.0
2026-05-06 02:00:00,19.95098,19.96789,19.94836,19.95832,5140.0
2026-05-06 03:00:00,19.9575,19.98016,19.87332,19.88558,6515.0
2026-05-06 04:00:00,19.88482,19.94457,19.87754,19.90554,10617.0
2026-05-06 05:00:00,19.90541,19.92236,19.89828,19.89928,6593.0
2026-05-06 06:00:00,19.89893,19.92384,19.85847,19.8767,8520.0
2026-05-06 07:00:00,19.8763,19.92368,19.86965,19.92008,10518.0
2026-05-06 08:00:00,19.92036,19.94813,19.92034,19.94568,8456.0
2026-05-06 09:00:00,19.94617,19.95008,19.91666,19.9253,7074.0
2026-05-06 10:00:00,19.92532,19.94785,19.91562,19.94618,6326.0
2026-05-06 11:00:00,19.94636,19.96844,19.9438,19.96561,4873.0
2026-05-06 12:00:00,19.96585,19.97208,19.95652,19.96457,3277.0
2026-05-06 13:00:00,19.96542,19.97524,19.95504,19.97214,2665.0
2026-05-06 14:00:00,19.97202,19.97226,19.95612,19.96153,2032.0
2026-05-06 15:00:00,19.96168,19.96664,19.95484,19.96342,2266.0
2026-05-06 16:00:00,19.96353,19.96838,19.9478,19.95754,2382.0
2026-05-06 17:00:00,19.95431,19.95534,19.94214,19.94276,1040.0
2026-05-06 18:00:00,19.9425,19.95852,19.94235,19.95416,480.0
2026-05-06 19:00:00,19.95286,19.98016,19.9469,19.97988,898.0
2026-05-06 20:00:00,19.9802,19.98065,19.94096,19.95275,3421.0
2026-05-06 21:00:00,19.95256,19.95968,19.92045,19.94644,3585.0
2026-05-06 22:00:00,19.94676,19.96145,19.93905,19.95952,2452.0
2026-05-06 23:00:00,19.95962,19.97362,19.95789,19.97154,1647.0
2026-05-07 00:00:00,19.97167,19.97202,19.9574,19.96275,1545.0
2026-05-07 01:00:00,19.9626,19.96894,19.95733,19.96615,1564.0
2026-05-07 02:00:00,19.96626,19.97046,19.93293,19.95616,3608.0
2026-05-07 03:00:00,19.95631,19.95704,19.92574,19.95244,5171.0
2026-05-07 04:00:00,19.95258,19.95994,19.94099,19.95816,3262.0
2026-05-07 05:00:00,19.95828,19.97009,19.95586,19.96474,2519.0
2026-05-07 06:00:00,19.96492,19.97144,19.9554,19.97092,2262.0
2026-05-07 07:00:00,19.97056,19.97946,19.96405,19.96966,2180.0
2026-05-07 08:00:00,19.96935,19.97176,19.95064,19.95557,2911.0
2026-05-07 09:00:00,19.95564,19.97213,19.9524,19.96233,3780.0
2026-05-07 10:00:00,19.9625,19.96983,19.94209,19.95392,3411.0
2026-05-07 11:00:00,19.95361,19.98728,19.95187,19.98295,3568.0
2026-05-07 12:00:00,19.98281,20.00161,19.98092,20.00038,3190.0
2026-05-07 13:00:00,20.0001,20.0278,19.99806,20.00344,4049.0
2026-05-07 14:00:00,20.00293,20.02832,19.99558,20.01346,3275.0
2026-05-07 15:00:00,20.01324,20.0281,20.00645,20.02752,3642.0
2026-05-07 16:00:00,20.02772,20.03872,20.0116,20.03485,1763.0
2026-05-07 17:00:00,20.02898,20.03382,20.01404,20.02476,2072.0
2026-05-07 18:00:00,20.02508,20.03903,20.0245,20.03036,864.0
2026-05-07 19:00:00,20.03048,20.03288,20.01901,20.02476,696.0
2026-05-07 20:00:00,20.02478,20.04382,20.02,20.04238,2478.0
2026-05-07 21:00:00,20.0421,20.04386,20.03037,20.04052,2170.0
2026-05-07 22:00:00,20.04058,20.04751,20.03652,20.03843,1792.0
2026-05-07 23:00:00,20.03826,20.03991,20.0286,20.03843,1505.0
2026-05-08 00:00:00,20.03818,20.04362,20.03652,20.03682,1286.0
2026-05-08 01:00:00,20.03646,20.0418,20.03206,20.03768,1269.0
2026-05-08 02:00:00,20.03773,20.03876,20.01559,20.03234,2971.0
2026-05-08 03:00:00,20.03257,20.03403,20.0189,20.03217,2638.0
2026-05-08 04:00:00,20.03239,20.035,20.00266,20.01206,3021.0
2026-05-08 05:00:00,20.0116,20.01682,20.00342,20.01306,2269.0
2026-05-08 06:00:00,20.01326,20.02931,20.01022,20.02766,1552.0
2026-05-08 07:00:00,20.02781,20.02935,20.02148,20.02472,1543.0
2026-05-08 08:00:00,20.02458,20.03374,19.99424,20.0098,5140.0
2026-05-08 09:00:00,20.01062,20.01682,19.9831,19.99478,4615.0
2026-05-08 10:00:00,19.99364,20.01308,19.99203,20.0061,3799.0
2026-05-08 11:00:00,20.00642,20.01388,19.99691,20.01013,3489.0
2026-05-08 12:00:00,20.00998,20.01748,20.00405,20.01697,1570.0
2026-05-08 13:00:00,20.0173,20.01936,20.00606,20.01588,1376.0
2026-05-08 14:00:00,20.01599,20.02165,20.0029,20.0145,1815.0
2026-05-08 15:00:00,20.01474,20.02553,20.01182,20.01898,1247.0
2026-05-08 16:00:00,20.01884,20.02233,20.00912,20.01307,841.0
2026-05-10 17:00:00,20.00358,20.01981,19.9968,20.01918,814.0
2026-05-10 18:00:00,20.0192,20.04996,20.0192,20.0405,1187.0
2026-05-10 19:00:00,20.04078,20.0409,20.0328,20.03674,613.0
2026-05-10 20:00:00,20.03722,20.06456,20.03332,20.04928,2126.0
2026-05-10 21:00:00,20.04973,20.06445,20.04396,20.06354,1799.0
2026-05-10 22:00:00,20.06384,20.07237,20.05705,20.07107,1249.0
2026-05-10 23:00:00,20.07127,20.07492,20.06454,20.07281,1019.0
2026-05-11 00:00:00,20.07276,20.07276,20.06406,20.06774,767.0
2026-05-11 01:00:00,20.06816,20.07122,20.06064,20.0694,928.0
2026-05-11 02:00:00,20.0693,20.07098,20.0542,20.05502,2209.0
2026-05-11 03:00:00,20.0549,20.06928,20.05414,20.06768,2048.0
2026-05-11 04:00:00,20.06738,20.07117,20.04742,20.0659,2109.0
2026-05-11 05:00:00,20.0665,20.072,20.06264,20.07168,1467.0
2026-05-11 06:00:00,20.07206,20.07386,20.06374,20.07178,1410.0
2026-05-11 07:00:00,20.07194,20.07239,20.06146,20.06726,1380.0
2026-05-11 08:00:00,20.0669,20.07114,20.06254,20.06862,2535.0
2026-05-11 09:00:00,20.06828,20.0699,20.05547,20.06061,2223.0
2026-05-11 10:00:00,20.0601,20.06806,20.05207,20.05492,2865.0
2026-05-11 11:00:00,20.05506,20.06394,20.05272,20.06046,2353.0
2026-05-11 12:00:00,20.06041,20.07702,20.05843,20.0765,1613.0
2026-05-11 13:00:00,20.07644,20.08254,20.06934,20.06994,1550.0
2026-05-11 14:00:00,20.07026,20.0825,20.06698,20.08178,1261.0
2026-05-11 15:00:00,20.08216,20.08967,20.08136,20.08616,725.0
2026-05-11 16:00:00,20.08604,20.08988,20.08136,20.084,704.0
2026-05-11 17:00:00,20.07556,20.08322,20.07472,20.07565,1320.0
2026-05-11 18:00:00,20.07615,20.08207,20.07513,20.07987,281.0
2026-05-11 19:00:00,20.07962,20.08615,20.07824,20.08546,498.0
2026-05-11 20:00:00,20.08568,20.10734,20.08568,20.10506,1794.0
2026-05-11 21:00:00,20.10552,20.1287,20.09998,20.1256,2466.0
2026-05-11 22:00:00,20.12503,20.13936,20.12437,20.13042,1503.0
2026-05-11 23:00:00,20.13049,20.1359,20.1257,20.13236,1139.0
2026-05-12 00:00:00,20.13208,20.13672,20.1249,20.13057,1322.0
2026-05-12 01:00:00,20.13064,20.15119,20.02092,20.09448,3238.0
2026-05-12 02:00:00,20.09522,20.12149,20.0631,20.11996,6945.0
2026-05-12 03:00:00,20.12022,20.1276,20.10408,20.11856,3981.0
2026-05-12 04:00:00,20.11842,20.1376,20.11702,20.13241,3728.0
2026-05-12 05:00:00,20.13287,20.13763,20.12154,20.12452,3292.0
2026-05-12 06:00:00,20.1245,20.13109,20.11599,20.1256,2039.0
2026-05-12 07:00:00,20.1255,20.13078,20.11726,20.12946,2342.0
2026-05-12 08:00:00,20.12934,20.13834,20.12226,20.12668,3461.0
2026-05-12 09:00:00,20.12686,20.14116,20.11759,20.1391,3706.0
2026-05-12 10:00:00,20.13828,20.14489,20.12931,20.1349,3006.0
2026-05-12 11:00:00,20.13427,20.15057,20.13356,20.14566,2677.0
2026-05-12 12:00:00,20.14548,20.15195,20.14072,20.15046,1861.0
2026-05-12 13:00:00,20.1504,20.15044,20.14107,20.1425,1245.0
2026-05-12 14:00:00,20.14274,20.14629,20.13038,20.13154,1567.0
2026-05-12 15:00:00,20.13168,20.13483,20.12208,20.13445,1368.0
2026-05-12 16:00:00,20.1321,20.13877,20.12974,20.1325,686.0
2026-05-12 17:00:00,20.13184,20.13738,20.12823,20.12841,658.0
2026-05-12 18:00:00,20.12822,20.13368,20.128,20.13148,281.0
2026-05-12 19:00:00,20.13174,20.14292,20.12634,20.1409,625.0
2026-05-12 20:00:00,20.14118,20.15448,20.13592,20.14452,1590.0
2026-05-12 21:00:00,20.14476,20.15322,20.12737,20.13822,2061.0
2026-05-12 22:00:00,20.13846,20.14775,20.13184,20.13957,1189.0
2026-05-12 23:00:00,20.13942,20.14313,20.1358,20.1425,1090.0
2026-05-13 00:00:00,20.14232,20.15094,20.14089,20.14661,769.0
2026-05-13 01:00:00,20.14676,20.14876,20.14147,20.14147,963.0
2026-05-13 02:00:00,20.14162,20.15384,20.14148,20.15162,1822.0
2026-05-13 03:00:00,20.15172,20.1582,20.13626,20.15648,2061.0
2026-05-13 04:00:00,20.15656,20.15798,20.14582,20.15406,2315.0
2026-05-13 05:00:00,20.15372,20.16386,20.14902,20.15545,1674.0
2026-05-13 06:00:00,20.15548,20.15736,20.14923,20.15168,1718.0
2026-05-13 07:00:00,20.1522,20.15469,20.14524,20.14786,1247.0
2026-05-13 08:00:00,20.14764,20.16474,20.14634,20.15432,2786.0
2026-05-13 09:00:00,20.1541,20.15656,20.14338,20.14582,2439.0
2026-05-13 10:00:00,20.14612,20.16349,20.14352,20.15976,2493.0
2026-05-13 11:00:00,20.15968,20.16082,20.1487,20.15598,2254.0
2026-05-13 12:00:00,20.15596,20.16054,20.14528,20.15994,2317.0
2026-05-13 13:00:00,20.15972,20.16835,20.15656,20.16817,1184.0
2026-05-13 14:00:00,20.16835,20.16851,20.16052,20.16546,1621.0
2026-05-13 15:00:00,20.16558,20.1666,20.159,20.1624,1462.0
2026-05-13 16:00:00,20.16242,20.16648,20.16196,20.16506,850.0
2026-05-13 17:00:00,20.15832,20.16277,20.13814,20.1602,909.0
2026-05-13 18:00:00,20.15855,20.16015,20.1531,20.15512,414.0
2026-05-13 19:00:00,20.15518,20.16283,20.15116,20.16268,378.0
2026-05-13 20:00:00,20.16285,20.1643,20.1551,20.16153,957.0
2026-05-13 21:00:00,20.16108,20.16696,20.16075,20.16418,1327.0
2026-05-13 22:00:00,20.16448,20.16948,20.16168,20.16687,1133.0
2026-05-13 23:00:00,20.16676,20.17584,20.16581,20.17152,1229.0
2026-05-14 00:00:00,20.1715,20.17177,20.1112,20.15698,2022.0
2026-05-14 01:00:00,20.15727,20.16738,20.1565,20.16272,1257.0
2026-05-14 02:00:00,20.16258,20.1629,20.14729,20.15244,2772.0
2026-05-14 03:00:00,20.15228,20.16352,20.14867,20.16084,2327.0
2026-05-14 04:00:00,20.16116,20.16529,20.15266,20.15893,2416.0
2026-05-14 05:00:00,20.1585,20.16263,20.1565,20.16009,1708.0
2026-05-14 06:00:00,20.16028,20.16434,20.15622,20.1634,2035.0
2026-05-14 07:00:00,20.16347,20.16815,20.15959,20.16768,1422.0
2026-05-14 08:00:00,20.16787,20.17054,20.15891,20.16864,2091.0
2026-05-14 09:00:00,20.1688,20.19379,20.08422,20.16096,7370.0
2026-05-14 10:00:00,20.16107,20.19246,20.15211,20.19246,4885.0
2026-05-14 11:00:00,20.19262,20.19748,20.1822,20.18332,3426.0
2026-05-14 12:00:00,20.18298,20.19844,20.18237,20.19346,2590.0
2026-05-14 13:00:00,20.19365,20.19795,20.18962,20.19697,1394.0
2026-05-14 14:00:00,20.19711,20.19851,20.19378,20.19596,1102.0
2026-05-14 15:00:00,20.19618,20.22084,20.19358,20.21712,1868.0
2026-05-14 16:00:00,20.2173,20.22567,20.21601,20.22144,596.0
2026-05-14 17:00:00,20.21477,20.2203,20.20997,20.2166,705.0
2026-05-14 18:00:00,20.21621,20.2224,20.21494,20.22078,315.0
2026-05-14 19:00:00,20.22072,20.22828,20.21376,20.22086,671.0
2026-05-14 20:00:00,20.22118,20.23714,20.2133,20.23136,1939.0
2026-05-14 21:00:00,20.23237,20.24244,20.22405,20.23796,2652.0
2026-05-14 22:00:00,20.23822,20.24556,20.23018,20.24039,1796.0
2026-05-14 23:00:00,20.24048,20.2429,20.23594,20.2384,1147.0
2026-05-15 00:00:00,20.23828,20.24258,20.23646,20.24182,790.0
2026-05-15 01:00:00,20.24234,20.25857,20.24157,20.25352,1807.0
2026-05-15 02:00:00,20.25361,20.26248,20.23364,20.23494,4971.0
2026-05-15 03:00:00,20.23544,20.24152,20.22282,20.23946,3346.0
2026-05-15 04:00:00,20.2394,20.25454,20.23132,20.25234,3979.0
2026-05-15 05:00:00,20.25226,20.25671,20.23666,20.24652,4024.0
2026-05-15 06:00:00,20.24642,20.24938,20.2175,20.22496,3897.0
2026-05-15 07:00:00,20.22513,20.25074,20.22495,20.24734,2432.0
2026-05-15 08:00:00,20.24743,20.24941,20.24052,20.24848,2720.0
2026-05-15 09:00:00,20.24832,20.26988,20.24298,20.26283,3277.0
2026-05-15 10:00:00,20.2633,20.27186,20.25374,20.2543,3865.0
2026-05-15 11:00:00,20.25438,20.27242,20.24902,20.26693,2864.0
2026-05-15 12:00:00,20.26682,20.27185,20.26401,20.26839,1975.0
2026-05-15 13:00:00,20.26828,20.26956,20.2589,20.26955,1758.0
2026-05-15 14:00:00,20.26952,20.27278,20.26636,20.26796,1508.0
2026-05-15 15:00:00,20.26782,20.27868,20.2665,20.2774,1069.0
2026-05-15 16:00:00,20.27733,20.28579,20.2707,20.27618,1194.0
2026-05-17 17:00:00,20.26297,20.27602,20.25402,20.26128,1578.0
2026-05-17 18:00:00,20.2607,20.28092,20.26058,20.2783,1313.0
2026-05-17 19:00:00,20.27828,20.29035,20.27472,20.28678,496.0
2026-05-17 20:00:00,20.28626,20.30053,20.28039,20.2999,1786.0
2026-05-17 21:00:00,20.30018,20.30334,20.28954,20.2975,2170.0
2026-05-17 22:00:00,20.29742,20.29857,20.29171,20.2946,1430.0
2026-05-17 23:00:00,20.29446,20.315,20.29365,20.31252,1080.0
2026-05-18 00:00:00,20.31282,20.31708,20.28402,20.30788,1682.0
2026-05-18 01:00:00,20.30805,20.30956,20.2972,20.30315,1422.0
2026-05-18 02:00:00,20.30316,20.30388,20.28765,20.29422,2760.0
2026-05-18 03:00:00,20.29378,20.30626,20.28262,20.29449,3379.0
2026-05-18 04:00:00,20.29422,20.29618,20.2787,20.28237,2809.0
2026-05-18 05:00:00,20.28214,20.29608,20.28214,20.29594,1786.0
2026-05-18 06:00:00,20.29628,20.29816,20.29154,20.29506,1221.0
2026-05-18 07:00:00,20.29479,20.2994,20.26376,20.28392,3115.0
2026-05-18 08:00:00,20.28406,20.28487,20.25492,20.26419,4074.0
2026-05-18 09:00:00,20.26392,20.2766,20.25924,20.27176,4050.0
2026-05-18 10:00:00,20.27156,20.29346,20.26982,20.28364,3967.0
2026-05-18 11:00:00,20.28347,20.29608,20.27804,20.28206,3673.0
2026-05-18 12:00:00,20.28172,20.29624,20.27464,20.29444,2746.0
2026-05-18 13:00:00,20.29432,20.29648,20.28932,20.29332,1693.0
2026-05-18 14:00:00,20.29308,20.31409,20.29308,20.31371,1837.0
2026-05-18 15:00:00,20.31395,20.31464,20.2797,20.29126,3946.0
2026-05-18 16:00:00,20.29055,20.29055,20.27216,20.28794,1057.0
2026-05-18 17:00:00,20.28326,20.28482,20.27422,20.2754,742.0
2026-05-18 18:00:00,20.2732,20.28386,20.27245,20.28362,495.0
2026-05-18 19:00:00,20.28362,20.28868,20.28076,20.28868,344.0
2026-05-18 20:00:00,20.28888,20.30704,20.28674,20.3066,1690.0
2026-05-18 21:00:00,20.3071,20.30908,20.28666,20.3005,1712.0
2026-05-18 22:00:00,20.3005,20.30548,20.29678,20.29996,1199.0
2026-05-18 23:00:00,20.3,20.30302,20.29496,20.29866,973.0
2026-05-19 00:00:00,20.29846,20.30384,20.29314,20.30211,913.0
2026-05-19 01:00:00,20.30184,20.30734,20.2967,20.30455,1187.0
2026-05-19 02:00:00,20.30461,20.31678,20.30362,20.31294,2251.0
2026-05-19 03:00:00,20.3131,20.32126,20.30225,20.30702,2198.0
2026-05-19 04:00:00,20.30628,20.31898,20.30184,20.31841,2117.0
2026-05-19 05:00:00,20.31828,20.32322,20.30882,20.31225,1967.0
2026-05-19 06:00:00,20.31236,20.32336,20.30768,20.31252,1979.0
2026-05-19 07:00:00,20.3124,20.31864,20.31054,20.31626,1757.0
2026-05-19 08:00:00,20.31638,20.31741,20.25544,20.3083,4514.0
2026-05-19 09:00:00,20.30816,20.32481,20.28928,20.30604,4699.0
2026-05-19 10:00:00,20.30612,20.33213,20.29738,20.30713,4974.0
2026-05-19 11:00:00,20.30706,20.3194,20.29246,20.31369,3158.0
2026-05-19 12:00:00,20.31362,20.32135,20.27092,20.2767,3987.0
2026-05-19 13:00:00,20.27657,20.28468,20.27165,20.28177,2088.0
2026-05-19 14:00:00,20.28148,20.31083,20.2812,20.30518,2682.0
2026-05-19 15:00:00,20.30543,20.3096,20.29864,20.30518,1561.0
2026-05-19 16:00:00,20.30536,20.31132,20.30358,20.309,757.0
2026-05-19 17:00:00,20.30666,20.30918,20.30234,20.30818,354.0
2026-05-19 18:00:00,20.3081,20.31222,20.30534,20.30705,356.0
2026-05-19 19:00:00,20.3072,20.30732,20.29827,20.30507,618.0
2026-05-19 20:00:00,20.30536,20.31168,20.29129,20.29542,2337.0
2026-05-19 21:00:00,20.2957,20.30862,20.29342,20.30122,1825.0
2026-05-19 22:00:00,20.30098,20.30222,20.27643,20.2898,1898.0
2026-05-19 23:00:00,20.29,20.2918,20.27969,20.28344,1590.0
2026-05-20 00:00:00,20.2834,20.29913,20.2765,20.29547,1257.0
2026-05-20 01:00:00,20.29563,20.30032,20.28866,20.2974,1485.0
2026-05-20 02:00:00,20.29751,20.30094,20.28411,20.29746,3018.0
2026-05-20 03:00:00,20.29754,20.30804,20.29056,20.30758,2362.0
2026-05-20 04:00:00,20.30854,20.31164,20.30156,20.30538,2772.0
2026-05-20 05:00:00,20.30526,20.30805,20.29768,20.30564,1719.0
2026-05-20 06:00:00,20.30583,20.30616,20.29196,20.29722,1363.0
2026-05-20 07:00:00,20.29722,20.30449,20.29514,20.30359,1576.0
2026-05-20 08:00:00,20.30348,20.30448,20.29756,20.30224,1650.0
2026-05-20 09:00:00,20.30236,20.31429,20.30065,20.31281,2206.0
2026-05-20 10:00:00,20.31262,20.3213,20.27249,20.2815,7620.0
2026-05-20 11:00:00,20.28142,20.28882,20.24692,20.27822,7067.0
2026-05-20 12:00:00,20.27852,20.28808,20.26663,20.27781,3850.0
2026-05-20 13:00:00,20.27796,20.29048,20.27499,20.28869,2928.0
2026-05-20 14:00:00,20.2882,20.29394,20.27312,20.27882,2344.0
2026-05-20 15:00:00,20.27895,20.28436,20.2701,20.279,1808.0
2026-05-20 16:00:00,20.27908,20.28948,20.27796,20.289,742.0
2026-05-20 17:00:00,20.28604,20.2869,20.27724,20.2803,444.0
2026-05-20 18:00:00,20.28049,20.28416,20.278,20.28007,381.0
2026-05-20 19:00:00,20.2797,20.29134,20.276,20.28872,532.0
2026-05-20 20:00:00,20.28878,20.29315,20.2812,20.2837,1678.0
2026-05-20 21:00:00,20.28367,20.28982,20.27722,20.28786,1943.0
2026-05-20 22:00:00,20.28772,20.2985,20.2825,20.29804,1533.0
2026-05-20 23:00:00,20.29772,20.2995,20.29058,20.29599,1058.0
2026-05-21 00:00:00,20.29603,20.30048,20.29344,20.29964,804.0
2026-05-21 01:00:00,20.29984,20.30759,20.29731,20.30248,1143.0
2026-05-21 02:00:00,20.3027,20.30831,20.2983,20.30584,1838.0
2026-05-21 03:00:00,20.306,20.30918,20.29868,20.30083,2883.0
2026-05-21 04:00:00,20.301,20.30137,20.28504,20.29426,3299.0
2026-05-21 05:00:00,20.29432,20.29552,20.28308,20.29186,1763.0
2026-05-21 06:00:00,20.29176,20.31279,20.28997,20.31099,3166.0
2026-05-21 07:00:00,20.31106,20.31572,20.30084,20.31435,2059.0
2026-05-21 08:00:00,20.31422,20.31882,20.30658,20.31583,2640.0
2026-05-21 09:00:00,20.31615,20.33964,20.31045,20.32006,4611.0
2026-05-21 10:00:00,20.3203,20.33036,20.30952,20.31477,3788.0
2026-05-21 11:00:00,20.31468,20.32536,20.31164,20.31638,3913.0
2026-05-21 12:00:00,20.31624,20.31936,20.30992,20.3121,2605.0
2026-05-21 13:00:00,20.31228,20.31593,20.27225,20.2815,5913.0
2026-05-21 14:00:00,20.28171,20.30748,20.27534,20.30461,4374.0
2026-05-21 15:00:00,20.30518,20.30682,20.28022,20.2858,2946.0
2026-05-21 16:00:00,20.2857,20.297,20.28166,20.29677,970.0
2026-05-21 17:00:00,20.28542,20.29359,20.28541,20.29126,1107.0
2026-05-21 18:00:00,20.29068,20.29774,20.29036,20.2953,308.0
2026-05-21 19:00:00,20.29514,20.3,20.29324,20.29784,429.0
2026-05-21 20:00:00,20.29778,20.30784,20.29522,20.30265,1554.0
2026-05-21 21:00:00,20.30332,20.30949,20.29939,20.30474,1019.0
2026-05-21 22:00:00,20.30492,20.30547,20.29137,20.29436,869.0
2026-05-21 23:00:00,20.2934,20.29722,20.29092,20.29528,568.0
2026-05-22 00:00:00,20.2943,20.2995,20.29152,20.29877,712.0
2026-05-22 01:00:00,20.29897,20.30814,20.29747,20.30718,1209.0
2026-05-22 02:00:00,20.30731,20.30848,20.29848,20.30354,1975.0
2026-05-22 03:00:00,20.3036,20.30854,20.30352,20.30596,1704.0
2026-05-22 04:00:00,20.30612,20.30656,20.29643,20.29976,2320.0
2026-05-22 05:00:00,20.2999,20.30853,20.29944,20.30493,1777.0
2026-05-22 06:00:00,20.30475,20.30772,20.30128,20.30536,1140.0
2026-05-22 07:00:00,20.30534,20.30738,20.30312,20.30628,1128.0
2026-05-22 08:00:00,20.3061,20.30732,20.29575,20.29872,2431.0
2026-05-22 09:00:00,20.29843,20.30622,20.28792,20.29982,3544.0
2026-05-22 10:00:00,20.29942,20.31149,20.29548,20.304,3338.0
2026-05-22 11:00:00,20.305,20.3202,20.3018,20.31604,2263.0
2026-05-22 12:00:00,20.31592,20.32045,20.30926,20.312,1620.0
2026-05-22 13:00:00,20.3115,20.31279,20.29794,20.30557,2328.0
2026-05-22 14:00:00,20.3059,20.31084,20.30208,20.30643,1419.0
2026-05-22 15:00:00,20.3057,20.3121,20.30246,20.31174,1028.0
2026-05-22 16:00:00,20.31164,20.31732,20.30746,20.31654,852.0
2026-05-24 17:00:00,20.26914,20.28164,20.2689,20.27854,960.0
2026-05-24 18:00:00,20.27998,20.29371,20.27148,20.27951,1692.0
2026-05-24 19:00:00,20.27954,20.28894,20.27442,20.28804,659.0
2026-05-24 20:00:00,20.28772,20.289,20.27559,20.28356,1258.0
2026-05-24 21:00:00,20.28336,20.28374,20.26416,20.27988,1009.0
2026-05-24 22:00:00,20.27966,20.2803,20.27224,20.27421,547.0
2026-05-24 23:00:00,20.27403,20.28048,20.27196,20.27964,667.0
2026-05-25 00:00:00,20.27966,20.28292,20.27422,20.2758,417.0
2026-05-25 01:00:00,20.27601,20.28565,20.2737,20.28418,597.0
2026-05-25 02:00:00,20.28426,20.2862,20.28006,20.2832,1332.0
2026-05-25 03:00:00,20.28302,20.30024,20.28263,20.2918,1706.0
2026-05-25 04:00:00,20.29095,20.29418,20.28384,20.28566,1273.0
2026-05-25 05:00:00,20.28544,20.28851,20.283,20.28544,734.0
2026-05-25 06:00:00,20.28528,20.28933,20.285,20.28794,442.0
2026-05-25 07:00:00,20.28811,20.29026,20.28118,20.28727,557.0
2026-05-25 08:00:00,20.28742,20.28816,20.28059,20.28265,908.0
2026-05-25 09:00:00,20.28326,20.28509,20.28051,20.2843,775.0
2026-05-25 10:00:00,20.28468,20.28601,20.28052,20.2854,690.0
2026-05-25 11:00:00,20.28572,20.28927,20.27993,20.28205,901.0
2026-05-25 12:00:00,20.28189,20.28492,20.28083,20.28161,433.0
2026-05-25 13:00:00,20.2815,20.28296,20.28063,20.28179,235.0
2026-05-25 14:00:00,20.28163,20.28312,20.28068,20.2826,97.0
2026-05-25 15:00:00,20.28246,20.2846,20.28138,20.28361,155.0
2026-05-25 16:00:00,20.28361,20.28752,20.2833,20.28534,276.0
2026-05-25 17:00:00,20.28176,20.28537,20.2778,20.2816,869.0
2026-05-25 18:00:00,20.28161,20.29018,20.28161,20.28564,298.0
2026-05-25 19:00:00,20.28586,20.29056,20.28388,20.28976,379.0
2026-05-25 20:00:00,20.2892,20.29398,20.28688,20.28924,1385.0
2026-05-25 21:00:00,20.2894,20.2945,20.28598,20.28854,1367.0
2026-05-25 22:00:00,20.28942,20.29099,20.2846,20.28747,901.0
2026-05-25 23:00:00,20.28746,20.2876,20.28241,20.28592,615.0
2026-05-26 00:00:00,20.2857,20.29504,20.28524,20.29334,512.0
2026-05-26 01:00:00,20.29374,20.29726,20.28952,20.29638,1035.0
2026-05-26 02:00:00,20.29636,20.30797,20.29518,20.30364,1859.0
2026-05-26 03:00:00,20.30378,20.31728,20.30378,20.3168,2222.0
2026-05-26 04:00:00,20.31639,20.32193,20.31598,20.31792,1320.0
2026-05-26 05:00:00,20.31774,20.3194,20.31172,20.31201,1196.0
2026-05-26 06:00:00,20.31212,20.31464,20.30662,20.3106,1333.0
2026-05-26 07:00:00,20.31018,20.3198,20.30947,20.31608,1382.0
2026-05-26 08:00:00,20.31626,20.32092,20.31524,20.3209,1239.0
2026-05-26 09:00:00,20.32098,20.3295,20.32082,20.3263,1829.0
2026-05-26 10:00:00,20.32614,20.33142,20.31872,20.33098,2200.0
2026-05-26 11:00:00,20.33112,20.33844,20.32854,20.3364,1975.0
2026-05-26 12:00:00,20.33648,20.33648,20.3265,20.32946,1360.0
2026-05-26 13:00:00,20.32959,20.33824,20.3265,20.33614,969.0
2026-05-26 14:00:00,20.33584,20.33756,20.32816,20.33215,1144.0
2026-05-26 15:00:00,20.33232,20.33374,20.32859,20.33089,574.0
2026-05-26 16:00:00,20.33072,20.33346,20.32879,20.33116,513.0
2026-05-26 17:00:00,20.33045,20.332,20.32556,20.32626,911.0
2026-05-26 18:00:00,20.32588,20.33004,20.3246,20.3246,580.0
2026-05-26 19:00:00,20.32467,20.326,20.31654,20.323,291.0
2026-05-26 20:00:00,20.3229,20.32946,20.31331,20.32714,1849.0
2026-05-26 21:00:00,20.32674,20.33247,20.31994,20.33142,1334.0
2026-05-26 22:00:00,20.3313,20.33168,20.32119,20.32168,1488.0
2026-05-26 23:00:00,20.32157,20.32184,20.31588,20.3177,1060.0
2026-05-27 00:00:00,20.31794,20.32278,20.31711,20.32218,783.0
2026-05-27 01:00:00,20.32236,20.33654,20.32064,20.33652,985.0
2026-05-27 02:00:00,20.33646,20.34016,20.33173,20.3384,1491.0
2026-05-27 03:00:00,20.33838,20.34144,20.33346,20.3405,1825.0
2026-05-27 04:00:00,20.34057,20.35256,20.3355,20.34638,2103.0
2026-05-27 05:00:00,20.34638,20.3474,20.33556,20.3404,1384.0
2026-05-27 06:00:00,20.34032,20.34596,20.33966,20.34516,1110.0
2026-05-27 07:00:00,20.34504,20.35384,20.34414,20.3491,1240.0
2026-05-27 08:00:00,20.34893,20.35148,20.32545,20.34886,4954.0
2026-05-27 09:00:00,20.34869,20.351,20.34453,20.34498,3016.0
2026-05-27 10:00:00,20.34487,20.36224,20.34289,20.36196,3838.0
2026-05-27 11:00:00,20.3622,20.36538,20.35082,20.35554,2294.0
2026-05-27 12:00:00,20.35544,20.36241,20.35489,20.35834,1265.0
2026-05-27 13:00:00,20.35834,20.36895,20.3583,20.36226,1119.0
2026-05-27 14:00:00,20.36241,20.36642,20.35906,20.36049,939.0
2026-05-27 15:00:00,20.36022,20.36631,20.35973,20.36406,822.0
2026-05-27 16:00:00,20.36408,20.36408,20.35871,20.36093,484.0
2026-05-27 17:00:00,20.3569,20.35904,20.35287,20.35688,329.0
2026-05-27 18:00:00,20.3569,20.36133,20.35624,20.35944,326.0
2026-05-27 19:00:00,20.35934,20.36999,20.35796,20.36974,619.0
2026-05-27 20:00:00,20.36992,20.3745,20.36536,20.36936,1419.0
2026-05-27 21:00:00,20.36952,20.37734,20.36816,20.37611,1237.0
2026-05-27 22:00:00,20.37519,20.37779,20.36746,20.37162,981.0
2026-05-27 23:00:00,20.37154,20.38492,20.36948,20.38142,1570.0
2026-05-28 00:00:00,20.3815,20.3823,20.36998,20.37412,1275.0
2026-05-28 01:00:00,20.37381,20.3755,20.36976,20.37384,1256.0
2026-05-28 02:00:00,20.3739,20.37589,20.36244,20.36531,1880.0
2026-05-28 03:00:00,20.36504,20.36742,20.3589,20.3599,1942.0
2026-05-28 04:00:00,20.35916,20.36475,20.35538,20.35661,2050.0
2026-05-28 05:00:00,20.35658,20.35774,20.3466,20.35288,1757.0
2026-05-28 06:00:00,20.35276,20.35726,20.34749,20.35701,1589.0
2026-05-28 07:00:00,20.35714,20.35732,20.35098,20.35279,1694.0
2026-05-28 08:00:00,20.35263,20.35354,20.33446,20.34148,2900.0
2026-05-28 09:00:00,20.34128,20.35378,20.3353,20.35301,2180.0
2026-05-28 10:00:00,20.353,20.35774,20.31693,20.32309,6864.0
2026-05-28 11:00:00,20.32266,20.33153,20.31732,20.33036,2966.0
2026-05-28 12:00:00,20.33046,20.33712,20.30786,20.31492,2817.0
2026-05-28 13:00:00,20.31478,20.32589,20.31259,20.3205,1507.0
2026-05-28 14:00:00,20.32048,20.33149,20.31774,20.32744,1957.0
2026-05-28 15:00:00,20.3276,20.33148,20.32098,20.32872,1253.0
2026-05-28 16:00:00,20.32891,20.33226,20.32644,20.328,716.0
2026-05-28 17:00:00,20.32184,20.32998,20.32152,20.3267,740.0
2026-05-28 18:00:00,20.32622,20.33135,20.3234,20.32935,501.0
2026-05-28 19:00:00,20.32944,20.3318,20.32404,20.3318,588.0
2026-05-28 20:00:00,20.33126,20.33798,20.32758,20.33416,1711.0
2026-05-28 21:00:00,20.33374,20.33752,20.32716,20.33489,1437.0
2026-05-28 22:00:00,20.33586,20.33592,20.32768,20.33334,1018.0
2026-05-28 23:00:00,20.3335,20.34099,20.33294,20.33998,1106.0
2026-05-29 00:00:00,20.34016,20.34221,20.3305,20.33053,960.0
2026-05-29 01:00:00,20.33079,20.33746,20.32923,20.33507,977.0
2026-05-29 02:00:00,20.3347,20.3368,20.31986,20.32154,1906.0
2026-05-29 03:00:00,20.32168,20.3344,20.32114,20.3275,2466.0
2026-05-29 04:00:00,20.32772,20.33428,20.31926,20.33056,1814.0
2026-05-29 05:00:00,20.33066,20.33168,20.32374,20.33067,1778.0
2026-05-29 06:00:00,20.33062,20.3339,20.3275,20.33017,1526.0
2026-05-29 07:00:00,20.33042,20.33143,20.32376,20.32412,1429.0
2026-05-29 08:00:00,20.32444,20.3305,20.3239,20.32433,1670.0
2026-05-29 09:00:00,20.32419,20.3313,20.3219,20.3301,1947.0
2026-05-29 10:00:00,20.32986,20.33622,20.30828,20.31178,3641.0
2026-05-29 11:00:00,20.31098,20.32029,20.30031,20.31869,4210.0
2026-05-29 12:00:00,20.3186,20.32068,20.31189,20.31359,2045.0
2026-05-29 13:00:00,20.31352,20.32728,20.31178,20.32728,1236.0
2026-05-29 14:00:00,20.32726,20.32903,20.31839,20.3234,1733.0
2026-05-29 15:00:00,20.32325,20.32466,20.3169,20.32224,1263.0
2026-05-29 16:00:00,20.3225,20.32691,20.32038,20.32282,591.0
2026-05-31 17:00:00,20.33706,20.33772,20.33286,20.33465,113.0
2026-05-31 18:00:00,20.33528,20.34503,20.33309,20.33934,1047.0
2026-05-31 19:00:00,20.33964,20.3404,20.32754,20.33703,622.0
2026-05-31 20:00:00,20.33748,20.3516,20.33732,20.3476,2162.0
2026-05-31 21:00:00,20.3475,20.35352,20.3469,20.34901,1694.0
2026-05-31 22:00:00,20.34918,20.35144,20.34447,20.34624,902.0
2026-05-31 23:00:00,20.34592,20.3504,20.34356,20.34856,1076.0
2026-06-01 00:00:00,20.34906,20.34928,20.34553,20.34639,670.0
2026-06-01 01:00:00,20.34646,20.34951,20.34416,20.34636,966.0
2026-06-01 02:00:00,20.3458,20.3521,20.34116,20.34236,2296.0
2026-06-01 03:00:00,20.34248,20.34944,20.33998,20.34687,2104.0
2026-06-01 04:00:00,20.34662,20.34838,20.34351,20.34512,1708.0
2026-06-01 05:00:00,20.3453,20.35044,20.3437,20.34686,1443.0
2026-06-01 06:00:00,20.3467,20.349,20.34378,20.3455,1027.0
2026-06-01 07:00:00,20.34566,20.35092,20.34444,20.35026,817.0
2026-06-01 08:00:00,20.35012,20.35194,20.34439,20.35102,1952.0
2026-06-01 09:00:00,20.3511,20.38312,20.35057,20.3823,5557.0
2026-06-01 10:00:00,20.38354,20.38562,20.37224,20.3794,3912.0
2026-06-01 11:00:00,20.37953,20.38074,20.35998,20.37012,3204.0
2026-06-01 12:00:00,20.37002,20.3769,20.35846,20.36291,2570.0
2026-06-01 13:00:00,20.3623,20.3735,20.35924,20.36662,2824.0
2026-06-01 14:00:00,20.36658,20.38463,20.36503,20.38384,1557.0
2026-06-01 15:00:00,20.38348,20.38368,20.37034,20.37462,1216.0
2026-06-01 16:00:00,20.37472,20.37631,20.37074,20.372,694.0
2026-06-01 17:00:00,20.3707,20.37602,20.36449,20.37027,977.0
2026-06-01 18:00:00,20.37071,20.37505,20.36736,20.3722,620.0
2026-06-01 19:00:00,20.37194,20.37204,20.36656,20.37019,517.0
2026-06-01 20:00:00,20.36987,20.38064,20.36909,20.37135,1367.0
2026-06-01 21:00:00,20.37118,20.37707,20.36705,20.37412,1510.0
2026-06-01 22:00:00,20.37426,20.37725,20.37154,20.37585,913.0
2026-06-01 23:00:00,20.37602,20.37944,20.3732,20.37842,937.0
2026-06-02 00:00:00,20.37828,20.37948,20.37649,20.37846,617.0
2026-06-02 01:00:00,20.37828,20.38186,20.37652,20.38183,812.0
2026-06-02 02:00:00,20.38176,20.38224,20.3734,20.37542,2598.0
2026-06-02 03:00:00,20.37548,20.37869,20.37361,20.37382,1710.0
2026-06-02 04:00:00,20.37361,20.3805,20.36954,20.38022,1734.0
2026-06-02 05:00:00,20.38016,20.38242,20.3748,20.38163,1190.0
2026-06-02 06:00:00,20.38152,20.38321,20.37734,20.38021,973.0
2026-06-02 07:00:00,20.38002,20.38274,20.37846,20.38184,1175.0
2026-06-02 08:00:00,20.38172,20.38748,20.38101,20.387,1588.0
2026-06-02 09:00:00,20.38684,20.39368,20.38478,20.3904,1800.0
2026-06-02 10:00:00,20.39036,20.39994,20.39036,20.39862,2101.0
2026-06-02 11:00:00,20.39882,20.40361,20.39759,20.40042,1449.0
2026-06-02 12:00:00,20.40032,20.40893,20.39884,20.40412,1157.0
2026-06-02 13:00:00,20.40428,20.41186,20.40196,20.41106,1050.0
2026-06-02 14:00:00,20.41102,20.41403,20.40306,20.40342,906.0
2026-06-02 15:00:00,20.40336,20.41025,20.4016,20.40666,855.0
2026-06-02 16:00:00,20.40664,20.4098,20.4055,20.408,451.0
2026-06-02 17:00:00,20.40404,20.40662,20.40035,20.40556,833.0
2026-06-02 18:00:00,20.4055,20.41136,20.40204,20.41093,375.0
2026-06-02 19:00:00,20.41064,20.41604,20.41001,20.41437,539.0
2026-06-02 20:00:00,20.41463,20.41487,20.40236,20.4079,1206.0
2026-06-02 21:00:00,20.40782,20.40886,20.39351,20.40004,1501.0
2026-06-02 22:00:00,20.40028,20.40384,20.39729,20.4016,1084.0
2026-06-02 23:00:00,20.40168,20.40548,20.4012,20.40332,995.0
2026-06-03 00:00:00,20.40274,20.40408,20.40017,20.40168,878.0
2026-06-03 01:00:00,20.40226,20.41042,20.40098,20.40974,1215.0
2026-06-03 02:00:00,20.40974,20.41738,20.4064,20.41636,2386.0
2026-06-03 03:00:00,20.41613,20.41857,20.36178,20.38148,5162.0
2026-06-03 04:00:00,20.38118,20.39519,20.33807,20.3864,5491.0
2026-06-03 05:00:00,20.38666,20.40333,20.38666,20.38966,1643.0
2026-06-03 06:00:00,20.3895,20.39978,20.37592,20.39152,2472.0
2026-06-03 07:00:00,20.39162,20.39766,20.38982,20.39646,1476.0
2026-06-03 08:00:00,20.39661,20.40841,20.39224,20.4067,3166.0
2026-06-03 09:00:00,20.40614,20.41381,20.40372,20.41242,3083.0
2026-06-03 10:00:00,20.41276,20.41517,20.40238,20.40835,4041.0
2026-06-03 11:00:00,20.40823,20.4152,20.40727,20.4106,2773.0
2026-06-03 12:00:00,20.41071,20.42042,20.40828,20.41254,2500.0
2026-06-03 13:00:00,20.4124,20.42202,20.40838,20.42189,1395.0
2026-06-03 14:00:00,20.42147,20.42347,20.4182,20.41942,1096.0
2026-06-03 15:00:00,20.41935,20.42572,20.41616,20.425,1423.0
2026-06-03 16:00:00,20.42508,20.42893,20.4224,20.42852,625.0
2026-06-03 17:00:00,20.42331,20.42393,20.41745,20.41911,379.0
2026-06-03 18:00:00,20.4184,20.4272,20.39518,20.40658,816.0
2026-06-03 19:00:00,20.4063,20.41487,20.40316,20.41204,1093.0
2026-06-03 20:00:00,20.41229,20.4139,20.40344,20.40574,1693.0
2026-06-03 21:00:00,20.40602,20.41124,20.4028,20.40818,2360.0
2026-06-03 22:00:00,20.40788,20.41215,20.40438,20.4085,1188.0
2026-06-03 23:00:00,20.4086,20.41883,20.40844,20.41582,1099.0
2026-06-04 00:00:00,20.41575,20.41818,20.3686,20.40322,2018.0
2026-06-04 01:00:00,20.40348,20.4115,20.40172,20.40598,1527.0
2026-06-04 02:00:00,20.40573,20.40898,20.39618,20.40656,2715.0
2026-06-04 03:00:00,20.40658,20.40981,20.40036,20.40608,2548.0
2026-06-04 04:00:00,20.40623,20.40824,20.39922,20.40404,1990.0
2026-06-04 05:00:00,20.40388,20.40808,20.40056,20.40358,2159.0
2026-06-04 06:00:00,20.40365,20.40942,20.40353,20.40634,1463.0
2026-06-04 07:00:00,20.40584,20.40616,20.39234,20.39536,3155.0
2026-06-04 08:00:00,20.39521,20.40943,20.39366,20.40686,3352.0
2026-06-04 09:00:00,20.40734,20.41318,20.40377,20.41268,2834.0
2026-06-04 10:00:00,20.41224,20.42164,20.40744,20.4193,3151.0
2026-06-04 11:00:00,20.41932,20.42422,20.41574,20.41713,1988.0
2026-06-04 12:00:00,20.41735,20.41968,20.41334,20.4173,1425.0
2026-06-04 13:00:00,20.41724,20.4217,20.41724,20.41944,997.0
2026-06-04 14:00:00,20.41957,20.4255,20.41673,20.42458,1218.0
2026-06-04 15:00:00,20.42397,20.42634,20.42252,20.42435,877.0
2026-06-04 16:00:00,20.42444,20.42896,20.42252,20.42614,523.0
2026-06-04 17:00:00,20.42599,20.42599,20.41542,20.41976,277.0
2026-06-04 18:00:00,20.41753,20.4259,20.41753,20.42298,344.0
2026-06-04 19:00:00,20.42361,20.42446,20.42014,20.42275,495.0
2026-06-04 20:00:00,20.4225,20.42406,20.41546,20.4195,1725.0
2026-06-04 21:00:00,20.41948,20.42327,20.41136,20.42243,2497.0
2026-06-04 22:00:00,20.42216,20.42304,20.41821,20.42304,1138.0
2026-06-04 23:00:00,20.42324,20.42586,20.41946,20.42068,1108.0
2026-06-05 00:00:00,20.42052,20.42186,20.41899,20.42182,812.0
2026-06-05 01:00:00,20.42185,20.42354,20.41574,20.4226,902.0
2026-06-05 02:00:00,20.4227,20.4236,20.41456,20.4162,1900.0
2026-06-05 03:00:00,20.41583,20.4184,20.41312,20.41805,1758.0
2026-06-05 04:00:00,20.41821,20.41873,20.41501,20.41778,1360.0
2026-06-05 05:00:00,20.41763,20.41926,20.41154,20.41638,1931.0
2026-06-05 06:00:00,20.41646,20.41783,20.41252,20.41324,1061.0
2026-06-05 07:00:00,20.41315,20.41541,20.40265,20.40455,1715.0
2026-06-05 08:00:00,20.4047,20.45255,20.40348,20.45172,6223.0
2026-06-05 09:00:00,20.45206,20.45786,20.38939,20.44118,9124.0
2026-06-05 10:00:00,20.44134,20.45796,20.43002,20.45623,5704.0
2026-06-05 11:00:00,20.45631,20.45954,20.44753,20.45464,3294.0
2026-06-05 12:00:00,20.45459,20.46476,20.45204,20.45715,2723.0
2026-06-05 13:00:00,20.45704,20.4654,20.45614,20.46264,1786.0
2026-06-05 14:00:00,20.4625,20.46456,20.43178,20.44119,2972.0
2026-06-05 15:00:00,20.44138,20.44769,20.43513,20.44487,1711.0
2026-06-05 16:00:00,20.44482,20.46734,20.4443,20.46596,1044.0
2026-06-07 17:00:00,20.45618,20.46176,20.44896,20.4584,1191.0
2026-06-07 18:00:00,20.45958,20.46814,20.45819,20.46546,703.0
2026-06-07 19:00:00,20.46575,20.46626,20.45324,20.46564,965.0
2026-06-07 20:00:00,20.46538,20.46808,20.45441,20.46386,2147.0
2026-06-07 21:00:00,20.46366,20.46708,20.45614,20.46612,2907.0
2026-06-07 22:00:00,20.46595,20.47076,20.46476,20.47036,1421.0
2026-06-07 23:00:00,20.4709,20.47241,20.46462,20.46463,977.0
2026-06-08 00:00:00,20.4646,20.46616,20.45846,20.46392,1125.0
2026-06-08 01:00:00,20.46376,20.46464,20.44636,20.45476,2019.0
2026-06-08 02:00:00,20.45482,20.46522,20.45081,20.45482,3451.0
2026-06-08 03:00:00,20.45466,20.45523,20.44068,20.45124,3022.0
2026-06-08 04:00:00,20.45098,20.4526,20.40368,20.42593,4004.0
2026-06-08 05:00:00,20.4258,20.43237,20.41722,20.42046,4017.0
2026-06-08 06:00:00,20.42026,20.43052,20.40983,20.41914,2686.0
2026-06-08 07:00:00,20.4185,20.42006,20.40459,20.41442,4116.0
2026-06-08 08:00:00,20.41518,20.41672,20.40924,20.41444,2936.0
2026-06-08 09:00:00,20.41427,20.42358,20.41176,20.42298,3272.0
2026-06-08 10:00:00,20.42309,20.44244,20.42254,20.42694,3407.0
2026-06-08 11:00:00,20.42685,20.4345,20.42177,20.43122,3139.0
2026-06-08 12:00:00,20.43141,20.43856,20.42698,20.43742,2150.0
2026-06-08 13:00:00,20.43726,20.44254,20.43242,20.4368,2173.0
2026-06-08 14:00:00,20.43666,20.4499,20.43349,20.44842,1148.0
2026-06-08 15:00:00,20.44851,20.44986,20.44196,20.44244,1663.0
2026-06-08 16:00:00,20.44245,20.44461,20.43592,20.43868,800.0
2026-06-08 17:00:00,20.43489,20.441,20.43405,20.43462,225.0
2026-06-08 18:00:00,20.43456,20.44072,20.43398,20.43924,360.0
2026-06-08 19:00:00,20.4392,20.44724,20.4374,20.44076,669.0
2026-06-08 20:00:00,20.44108,20.45262,20.43404,20.44686,2109.0
2026-06-08 21:00:00,20.4465,20.44912,20.4395,20.44153,2557.0
2026-06-08 22:00:00,20.44116,20.44652,20.44052,20.44627,867.0
2026-06-08 23:00:00,20.44601,20.45191,20.44445,20.4516,1363.0
2026-06-09 00:00:00,20.45152,20.45194,20.44172,20.44342,916.0
2026-06-09 01:00:00,20.44346,20.44626,20.43343,20.4385,1674.0
2026-06-09 02:00:00,20.43848,20.44122,20.42535,20.43924,3077.0
2026-06-09 03:00:00,20.43971,20.44612,20.43584,20.44186,2845.0
2026-06-09 04:00:00,20.44206,20.44523,20.43868,20.44048,1896.0
2026-06-09 05:00:00,20.44036,20.44186,20.43487,20.44068,1248.0
2026-06-09 06:00:00,20.44085,20.44388,20.43516,20.43832,1330.0
2026-06-09 07:00:00,20.43836,20.43922,20.43472,20.43764,1101.0
2026-06-09 08:00:00,20.43816,20.44183,20.43616,20.44064,2018.0
2026-06-09 09:00:00,20.4404,20.44576,20.43601,20.44234,2795.0
2026-06-09 10:00:00,20.44244,20.44954,20.43638,20.44772,3237.0
2026-06-09 11:00:00,20.4476,20.45356,20.44256,20.44396,3052.0
2026-06-09 12:00:00,20.44424,20.47192,20.44244,20.46592,4174.0
2026-06-09 13:00:00,20.46578,20.4665,20.45202,20.46042,3080.0
2026-06-09 14:00:00,20.4602,20.46346,20.45752,20.46126,1714.0
2026-06-09 15:00:00,20.46107,20.46916,20.46093,20.46781,1199.0
2026-06-09 16:00:00,20.46773,20.4692,20.45993,20.46222,565.0
2026-06-09 17:00:00,20.46037,20.4655,20.4587,20.46066,284.0
2026-06-09 18:00:00,20.46058,20.46758,20.46058,20.46736,403.0
2026-06-09 19:00:00,20.46746,20.4696,20.4638,20.46495,643.0
2026-06-09 20:00:00,20.46521,20.47034,20.46145,20.46538,1942.0
2026-06-09 21:00:00,20.46516,20.46656,20.44644,20.46521,1633.0
2026-06-09 22:00:00,20.46526,20.46542,20.45956,20.46286,1236.0
2026-06-09 23:00:00,20.46325,20.46388,20.45944,20.46245,1104.0
2026-06-10 00:00:00,20.46242,20.4635,20.46053,20.4635,983.0
2026-06-10 01:00:00,20.46357,20.4646,20.45854,20.45972,1053.0
2026-06-10 02:00:00,20.45959,20.46858,20.45755,20.46788,1961.0
2026-06-10 03:00:00,20.46816,20.4691,20.46223,20.4674,1376.0
2026-06-10 04:00:00,20.46734,20.47274,20.46546,20.47216,1488.0
2026-06-10 05:00:00,20.47199,20.47754,20.4689,20.47352,1547.0
2026-06-10 06:00:00,20.47424,20.4774,20.47334,20.47562,941.0
2026-06-10 07:00:00,20.4758,20.48332,20.47471,20.48002,2750.0
2026-06-10 08:00:00,20.48032,20.48265,20.45765,20.47162,4743.0
2026-06-10 09:00:00,20.47169,20.47404,20.45918,20.46466,3604.0
2026-06-10 10:00:00,20.46442,20.47862,20.4629,20.47749,3576.0
2026-06-10 11:00:00,20.47725,20.48387,20.47276,20.47649,3574.0
2026-06-10 12:00:00,20.47584,20.48143,20.4725,20.47809,2139.0
2026-06-10 13:00:00,20.47776,20.4855,20.47444,20.48132,2409.0
2026-06-10 14:00:00,20.48117,20.48117,20.47428,20.47948,1667.0
2026-06-10 15:00:00,20.4796,20.4849,20.47934,20.4846,1016.0
2026-06-10 16:00:00,20.4846,20.49014,20.48359,20.48829,588.0
2026-06-10 17:00:00,20.48186,20.48508,20.48058,20.48398,243.0
2026-06-10 18:00:00,20.48381,20.49004,20.48292,20.48794,499.0
2026-06-10 19:00:00,20.48764,20.48978,20.48382,20.48714,1212.0
2026-06-10 20:00:00,20.4869,20.48951,20.4831,20.48611,1775.0
2026-06-10 21:00:00,20.48584,20.49046,20.47552,20.48204,1524.0
2026-06-10 22:00:00,20.48189,20.48716,20.48027,20.48329,1502.0
2026-06-10 23:00:00,20.48353,20.48643,20.48303,20.48358,1037.0
2026-06-11 00:00:00,20.48346,20.48618,20.48174,20.48332,892.0
2026-06-11 01:00:00,20.48331,20.4885,20.48167,20.48786,1009.0
2026-06-11 02:00:00,20.48775,20.4931,20.48666,20.48912,1714.0
2026-06-11 03:00:00,20.48897,20.48897,20.48086,20.48371,2050.0
2026-06-11 04:00:00,20.48379,20.48742,20.48274,20.48622,1437.0
2026-06-11 05:00:00,20.4863,20.48796,20.48402,20.48642,1145.0
2026-06-11 06:00:00,20.48636,20.4885,20.48351,20.48411,1374.0
2026-06-11 07:00:00,20.48398,20.48531,20.48139,20.48531,1575.0
2026-06-11 08:00:00,20.48537,20.49356,20.48303,20.48476,4449.0
2026-06-11 09:00:00,20.4846,20.48853,20.47592,20.47982,3952.0
2026-06-11 10:00:00,20.47969,20.4876,20.47785,20.48076,2631.0
2026-06-11 11:00:00,20.48093,20.48258,20.47605,20.48138,2553.0
2026-06-11 12:00:00,20.48127,20.48692,20.48062,20.4836,1327.0
2026-06-11 13:00:00,20.48364,20.48584,20.42078,20.4329,7657.0
2026-06-11 14:00:00,20.4327,20.45374,20.40752,20.42532,5872.0
2026-06-11 15:00:00,20.42541,20.42601,20.35792,20.39058,6306.0
2026-06-11 16:00:00,20.38978,20.41509,20.38446,20.41424,1515.0
2026-06-11 17:00:00,20.40956,20.41736,20.40642,20.41149,734.0
2026-06-11 18:00:00,20.41104,20.42946,20.40962,20.41992,988.0
2026-06-11 19:00:00,20.41938,20.43842,20.4143,20.43661,852.0
2026-06-11 20:00:00,20.43666,20.44748,20.43592,20.44209,2410.0
2026-06-11 21:00:00,20.44234,20.45548,20.43901,20.45481,2175.0
2026-06-11 22:00:00,20.45496,20.45946,20.45099,20.45572,1464.0
2026-06-11 23:00:00,20.45585,20.4576,20.44598,20.44891,1598.0
2026-06-12 00:00:00,20.44859,20.45402,20.44832,20.4513,1357.0
2026-06-12 01:00:00,20.4514,20.46318,20.44926,20.46232,1693.0
2026-06-12 02:00:00,20.46216,20.46384,20.45114,20.45954,2856.0
2026-06-12 03:00:00,20.4597,20.46925,20.45438,20.45628,2631.0
2026-06-12 04:00:00,20.45612,20.45751,20.41514,20.43167,5868.0
2026-06-12 05:00:00,20.43148,20.43372,20.41406,20.42774,3932.0
2026-06-12 06:00:00,20.42787,20.44432,20.42434,20.43162,2977.0
2026-06-12 07:00:00,20.4315,20.44368,20.43134,20.44191,2358.0
2026-06-12 08:00:00,20.44292,20.45968,20.44172,20.45253,3125.0
2026-06-12 09:00:00,20.45226,20.46238,20.4436,20.45509,4352.0
2026-06-12 10:00:00,20.45492,20.45718,20.44018,20.44944,4978.0
2026-06-12 11:00:00,20.4493,20.45084,20.44029,20.44988,4096.0
2026-06-12 12:00:00,20.45004,20.45438,20.4419,20.44781,2738.0
2026-06-12 13:00:00,20.44802,20.4488,20.44262,20.44446,1301.0
2026-06-12 14:00:00,20.44431,20.45028,20.44332,20.44974,1097.0
2026-06-12 15:00:00,20.44988,20.45052,20.44466,20.44496,1291.0
2026-06-12 16:00:00,20.44494,20.44988,20.4446,20.44982,575.0
2026-06-14 17:00:00,20.43858,20.44088,20.39383,20.39621,538.0
2026-06-14 18:00:00,20.39646,20.4163,20.38804,20.41368,1671.0
2026-06-14 19:00:00,20.41298,20.41872,20.4092,20.41678,964.0
2026-06-14 20:00:00,20.41652,20.43798,20.40678,20.43418,2175.0
2026-06-14 21:00:00,20.43508,20.44734,20.43235,20.44572,1655.0
2026-06-14 22:00:00,20.44599,20.45031,20.43568,20.43858,1232.0
2026-06-14 23:00:00,20.43868,20.43889,20.42658,20.42747,822.0
2026-06-15 00:00:00,20.42745,20.43249,20.42216,20.42661,863.0
2026-06-15 01:00:00,20.42686,20.42761,20.41947,20.42548,1209.0
2026-06-15 02:00:00,20.42552,20.43993,20.42446,20.4357,1964.0
2026-06-15 03:00:00,20.43528,20.43742,20.42474,20.43382,2264.0
2026-06-15 04:00:00,20.43412,20.4387,20.42954,20.43766,1721.0
2026-06-15 05:00:00,20.43814,20.44082,20.43208,20.43849,1307.0
2026-06-15 06:00:00,20.43863,20.44144,20.43465,20.43912,857.0
2026-06-15 07:00:00,20.43897,20.44895,20.43718,20.44686,1585.0
2026-06-15 08:00:00,20.44673,20.44742,20.43858,20.44136,1798.0
2026-06-15 09:00:00,20.44146,20.44342,20.43188,20.43226,1673.0
2026-06-15 10:00:00,20.4316,20.43926,20.42728,20.43849,2244.0
2026-06-15 11:00:00,20.43897,20.44848,20.43848,20.44814,2040.0
2026-06-15 12:00:00,20.4481,20.45328,20.44112,20.44974,1206.0
2026-06-15 13:00:00,20.4496,20.458,20.44906,20.45684,1046.0
2026-06-15 14:00:00,20.45668,20.46232,20.45452,20.46087,1209.0
2026-06-15 15:00:00,20.46055,20.47174,20.45796,20.47124,1348.0
2026-06-15 16:00:00,20.47138,20.47226,20.46398,20.4665,1015.0
2026-06-15 17:00:00,20.46648,20.4695,20.46187,20.4665,245.0
2026-06-15 18:00:00,20.46694,20.46771,20.46324,20.46444,337.0
2026-06-15 19:00:00,20.46419,20.46433,20.45105,20.45382,401.0
2026-06-15 20:00:00,20.45341,20.45725,20.4415,20.4477,1494.0
2026-06-15 21:00:00,20.44744,20.44982,20.43722,20.4466,2391.0
2026-06-15 22:00:00,20.44654,20.45392,20.43866,20.4435,1192.0
2026-06-15 23:00:00,20.444,20.45961,20.432,20.45406,2727.0
2026-06-16 00:00:00,20.4542,20.47079,20.45223,20.45972,2691.0
2026-06-16 01:00:00,20.45984,20.46636,20.45698,20.46492,1595.0
2026-06-16 02:00:00,20.46486,20.46546,20.44661,20.45554,2738.0
2026-06-16 03:00:00,20.45552,20.47196,20.4538,20.45719,2682.0
2026-06-16 04:00:00,20.4567,20.46773,20.45586,20.46626,2389.0
2026-06-16 05:00:00,20.46638,20.47152,20.4652,20.47006,1807.0
2026-06-16 06:00:00,20.46992,20.4703,20.46172,20.46438,1391.0
2026-06-16 07:00:00,20.465,20.47143,20.4645,20.47116,1319.0
2026-06-16 08:00:00,20.47128,20.47344,20.46654,20.46791,1773.0
2026-06-16 09:00:00,20.46809,20.47871,20.46788,20.47663,2222.0
2026-06-16 10:00:00,20.47672,20.48492,20.4721,20.4752,2542.0
2026-06-16 11:00:00,20.4749,20.48307,20.46812,20.47537,2498.0
2026-06-16 12:00:00,20.4751,20.47722,20.46746,20.47564,2073.0
2026-06-16 13:00:00,20.47578,20.4818,20.47495,20.4812,1025.0
2026-06-16 14:00:00,20.4813,20.48362,20.47892,20.4814,1118.0
2026-06-16 15:00:00,20.48127,20.48572,20.47572,20.48418,1090.0
2026-06-16 16:00:00,20.48397,20.48752,20.48338,20.4835,397.0
2026-06-16 17:00:00,20.47908,20.4844,20.47547,20.47929,295.0
2026-06-16 18:00:00,20.4798,20.48236,20.47648,20.47656,556.0
2026-06-16 19:00:00,20.47686,20.4837,20.47686,20.4818,495.0
2026-06-16 20:00:00,20.48136,20.48162,20.47208,20.4742,1330.0
2026-06-16 21:00:00,20.47404,20.47756,20.46928,20.47258,1318.0
2026-06-16 22:00:00,20.4727,20.47337,20.46594,20.46856,1146.0
2026-06-16 23:00:00,20.46848,20.47088,20.46548,20.46746,1055.0
2026-06-17 00:00:00,20.46792,20.46792,20.45821,20.45936,914.0
2026-06-17 01:00:00,20.45944,20.46829,20.4587,20.4679,625.0
2026-06-17 02:00:00,20.46773,20.46931,20.45539,20.45632,1542.0
2026-06-17 03:00:00,20.45625,20.46413,20.44638,20.44728,1542.0
2026-06-17 04:00:00,20.4472,20.45481,20.43762,20.44704,2455.0
2026-06-17 05:00:00,20.44721,20.44931,20.44149,20.44394,1051.0
2026-06-17 06:00:00,20.44404,20.45131,20.44359,20.45026,1227.0
2026-06-17 07:00:00,20.4504,20.46262,20.44947,20.45928,1219.0
2026-06-17 08:00:00,20.45913,20.46134,20.45155,20.4527,1561.0
2026-06-17 09:00:00,20.45254,20.45962,20.44492,20.44596,1957.0
2026-06-17 10:00:00,20.44596,20.46484,20.44581,20.46145,2770.0
2026-06-17 11:00:00,20.46176,20.46342,20.44513,20.44961,2301.0
2026-06-17 12:00:00,20.4494,20.45138,20.44692,20.44728,1241.0
2026-06-17 13:00:00,20.44758,20.45182,20.44569,20.44712,1428.0
2026-06-17 14:00:00,20.44702,20.48448,20.44702,20.48252,10392.0
2026-06-17 15:00:00,20.48268,20.52038,20.47932,20.51198,8883.0
2026-06-17 16:00:00,20.51156,20.51536,20.50181,20.50531,1761.0
2026-06-17 17:00:00,20.50148,20.50326,20.48808,20.49746,1118.0
2026-06-17 18:00:00,20.4944,20.50105,20.4935,20.49596,820.0
2026-06-17 19:00:00,20.49564,20.49867,20.48714,20.49628,651.0
2026-06-17 20:00:00,20.49657,20.5129,20.48736,20.50726,1924.0
2026-06-17 21:00:00,20.5075,20.5075,20.49441,20.4963,1583.0
2026-06-17 22:00:00,20.49641,20.50016,20.48664,20.49046,1485.0
2026-06-17 23:00:00,20.4905,20.49431,20.48748,20.48981,1119.0
2026-06-18 00:00:00,20.48966,20.49566,20.4887,20.49206,1180.0
2026-06-18 01:00:00,20.49222,20.49795,20.49034,20.49728,1108.0
2026-06-18 02:00:00,20.49723,20.50054,20.49042,20.49433,2439.0
2026-06-18 03:00:00,20.49456,20.5012,20.4871,20.49048,2235.0
2026-06-18 04:00:00,20.49034,20.51256,20.48986,20.51256,2167.0
2026-06-18 05:00:00,20.5128,20.51579,20.4741,20.51388,4183.0
2026-06-18 06:00:00,20.51402,20.53474,20.50926,20.53148,2675.0
2026-06-18 07:00:00,20.53057,20.53465,20.524,20.53142,2411.0
2026-06-18 08:00:00,20.5316,20.5334,20.51891,20.52352,3256.0
2026-06-18 09:00:00,20.5234,20.53135,20.51553,20.52632,3860.0
2026-06-18 10:00:00,20.52636,20.52972,20.51974,20.52215,3056.0
2026-06-18 11:00:00,20.52176,20.58777,20.52125,20.5875,3402.0
2026-06-18 12:00:00,20.58755,20.59747,20.56534,20.59456,4548.0
2026-06-18 13:00:00,20.59447,20.5984,20.58322,20.5966,2338.0
2026-06-18 14:00:00,20.59647,20.62702,20.5914,20.62594,2314.0
2026-06-18 15:00:00,20.62604,20.64342,20.52715,20.59586,7544.0
2026-06-18 16:00:00,20.5957,20.59956,20.58312,20.59382,1240.0
2026-06-18 17:00:00,20.5934,20.59848,20.58502,20.5881,333.0
2026-06-18 18:00:00,20.58695,20.5972,20.56532,20.57868,1063.0
2026-06-18 19:00:00,20.5786,20.58934,20.57548,20.58155,836.0
2026-06-18 20:00:00,20.58169,20.58192,20.5451,20.55648,2930.0
2026-06-18 21:00:00,20.55615,20.57104,20.54136,20.56836,2911.0
2026-06-18 22:00:00,20.56846,20.574,20.55658,20.57239,1976.0
2026-06-18 23:00:00,20.5726,20.5864,20.56912,20.5864,1663.0
2026-06-19 00:00:00,20.58655,20.59444,20.58452,20.58942,1949.0
2026-06-19 01:00:00,20.5898,20.59954,20.58313,20.58414,2861.0
2026-06-19 02:00:00,20.58414,20.59104,20.57406,20.57465,2510.0
2026-06-19 03:00:00,20.5748,20.58411,20.5704,20.5799,2316.0
2026-06-19 04:00:00,20.58064,20.58096,20.57044,20.57598,2025.0
2026-06-19 05:00:00,20.57585,20.58126,20.56926,20.5727,1338.0
2026-06-19 06:00:00,20.57305,20.58188,20.57008,20.57486,1343.0
2026-06-19 07:00:00,20.575,20.57849,20.56887,20.57181,1183.0
2026-06-19 08:00:00,20.57184,20.5747,20.55903,20.56036,2194.0
2026-06-19 09:00:00,20.56022,20.57784,20.55866,20.57703,2255.0
2026-06-19 10:00:00,20.57687,20.58022,20.56446,20.56625,2422.0
2026-06-19 11:00:00,20.56634,20.58274,20.56178,20.58191,1618.0
2026-06-19 12:00:00,20.58198,20.5875,20.5779,20.58733,693.0
2026-06-19 13:00:00,20.5878,20.58793,20.57792,20.5792,423.0
2026-06-19 14:00:00,20.57891,20.581,20.5742,20.579,363.0
2026-06-19 15:00:00,20.578,20.58134,20.57417,20.58036,421.0
2026-06-19 16:00:00,20.58045,20.58522,20.5746,20.58262,7612.0
2026-06-21 17:00:00,20.57686,20.58634,20.57686,20.58582,186.0
2026-06-21 18:00:00,20.58587,20.60272,20.58587,20.60156,871.0
2026-06-21 19:00:00,20.60166,20.60955,20.59734,20.60006,672.0
2026-06-21 20:00:00,20.59947,20.61508,20.59718,20.60586,1847.0
2026-06-21 21:00:00,20.60544,20.61086,20.59761,20.60818,3183.0
2026-06-21 22:00:00,20.60834,20.61614,20.60578,20.60838,1526.0
2026-06-21 23:00:00,20.60793,20.61582,20.6074,20.61332,1232.0
2026-06-22 00:00:00,20.61331,20.62698,20.61286,20.62342,1489.0
2026-06-22 01:00:00,20.62312,20.62852,20.62046,20.62846,1599.0
2026-06-22 02:00:00,20.6285,20.62958,20.61616,20.62482,2680.0
2026-06-22 03:00:00,20.62468,20.63536,20.62148,20.63072,2138.0
2026-06-22 04:00:00,20.63068,20.63781,20.62632,20.63552,2698.0
2026-06-22 05:00:00,20.63538,20.636,20.62717,20.63096,2019.0
2026-06-22 06:00:00,20.63115,20.6321,20.61922,20.62833,1724.0
2026-06-22 07:00:00,20.62835,20.63762,20.62158,20.6339,2014.0
2026-06-22 08:00:00,20.63358,20.63674,20.62964,20.63538,2527.0
2026-06-22 09:00:00,20.6355,20.65214,20.63044,20.65069,4256.0
2026-06-22 10:00:00,20.65062,20.65411,20.54437,20.57625,10972.0
2026-06-22 11:00:00,20.57638,20.60524,20.55636,20.60022,6274.0
2026-06-22 12:00:00,20.5998,20.61886,20.5959,20.60811,2971.0
2026-06-22 13:00:00,20.60832,20.60947,20.59822,20.60072,1839.0
2026-06-22 14:00:00,20.60061,20.60368,20.58792,20.59074,1980.0
2026-06-22 15:00:00,20.59102,20.62342,20.59102,20.61256,2427.0
2026-06-22 16:00:00,20.6124,20.6149,20.60698,20.61292,962.0
2026-06-22 17:00:00,20.60799,20.60838,20.60589,20.60838,384.0
2026-06-22 18:00:00,20.60833,20.618,20.60549,20.61075,563.0
2026-06-22 19:00:00,20.61096,20.612,20.6073,20.61074,422.0
2026-06-22 20:00:00,20.6103,20.61774,20.6032,20.60975,2292.0
2026-06-22 21:00:00,20.6095,20.61231,20.60442,20.61054,1686.0
2026-06-22 22:00:00,20.61044,20.61366,20.60291,20.61154,1425.0
2026-06-22 23:00:00,20.61142,20.61421,20.6057,20.60842,1326.0
2026-06-23 00:00:00,20.60822,20.6154,20.608,20.6145,1222.0
2026-06-23 01:00:00,20.61466,20.6245,20.61236,20.62066,1605.0
2026-06-23 02:00:00,20.62003,20.63086,20.61772,20.61815,2913.0
2026-06-23 03:00:00,20.61783,20.62023,20.57749,20.59587,6325.0
2026-06-23 04:00:00,20.59576,20.59855,20.56996,20.59092,4477.0
2026-06-23 05:00:00,20.5907,20.595,20.5789,20.58508,2751.0
2026-06-23 06:00:00,20.58495,20.5965,20.57972,20.59318,2270.0
2026-06-23 07:00:00,20.59301,20.61432,20.59055,20.61032,2306.0
2026-06-23 08:00:00,20.61016,20.61267,20.59236,20.60635,2909.0
2026-06-23 09:00:00,20.60621,20.60938,20.59399,20.60159,3202.0
2026-06-23 10:00:00,20.60126,20.60886,20.59692,20.60256,3230.0
2026-06-23 11:00:00,20.60273,20.60783,20.59794,20.60328,2401.0
2026-06-23 12:00:00,20.60334,20.6096,20.60219,20.60932,1263.0
2026-06-23 13:00:00,20.60948,20.61214,20.60296,20.60454,1401.0
2026-06-23 14:00:00,20.60446,20.60906,20.60282,20.60538,1072.0
2026-06-23 15:00:00,20.60528,20.60747,20.5982,20.60747,1529.0
2026-06-23 16:00:00,20.60748,20.61146,20.6061,20.60774,614.0
2026-06-23 17:00:00,20.60273,20.60675,20.59912,20.60243,613.0
2026-06-23 18:00:00,20.60249,20.61172,20.60171,20.60568,354.0
2026-06-23 19:00:00,20.6054,20.6116,20.60206,20.61066,508.0
2026-06-23 20:00:00,20.61058,20.61496,20.60378,20.61372,1709.0
2026-06-23 21:00:00,20.6135,20.61396,20.60348,20.60662,1791.0
2026-06-23 22:00:00,20.60677,20.6098,20.6026,20.60436,1496.0
2026-06-23 23:00:00,20.60428,20.61061,20.60206,20.60262,1581.0
2026-06-24 00:00:00,20.60258,20.60438,20.59966,20.60353,1011.0
2026-06-24 01:00:00,20.60352,20.61118,20.60246,20.61028,1392.0
2026-06-24 02:00:00,20.6103,20.62366,20.60732,20.62292,2073.0
2026-06-24 03:00:00,20.62276,20.63008,20.61917,20.62704,2112.0
2026-06-24 04:00:00,20.62692,20.6329,20.62305,20.63276,1963.0
2026-06-24 05:00:00,20.63268,20.6356,20.62729,20.63094,1390.0
2026-06-24 06:00:00,20.6308,20.63254,20.62086,20.621,1477.0
2026-06-24 07:00:00,20.62086,20.62592,20.61378,20.61888,1841.0
2026-06-24 08:00:00,20.61904,20.63192,20.61658,20.63192,2397.0
2026-06-24 09:00:00,20.63218,20.63366,20.62618,20.63208,3014.0
2026-06-24 10:00:00,20.6322,20.64,20.62649,20.6373,2269.0
2026-06-24 11:00:00,20.63714,20.63954,20.62994,20.63348,2250.0
2026-06-24 12:00:00,20.63322,20.63562,20.62324,20.6308,1635.0
2026-06-24 13:00:00,20.63091,20.6387,20.62793,20.6382,1431.0
2026-06-24 14:00:00,20.63833,20.63994,20.63063,20.63098,1889.0
2026-06-24 15:00:00,20.63114,20.64236,20.62928,20.6397,1505.0
2026-06-24 16:00:00,20.63964,20.64075,20.63666,20.63818,1041.0
2026-06-24 17:00:00,20.63364,20.63836,20.63304,20.6349,155.0
2026-06-24 18:00:00,20.6347,20.63638,20.6305,20.6356,443.0
2026-06-24 19:00:00,20.63554,20.63915,20.633,20.63683,565.0
2026-06-24 20:00:00,20.63636,20.63826,20.62761,20.62929,1527.0
2026-06-24 21:00:00,20.62874,20.63318,20.61067,20.62563,2752.0
2026-06-24 22:00:00,20.62582,20.62907,20.61859,20.6277,1706.0
2026-06-24 23:00:00,20.6281,20.63289,20.62502,20.62872,1258.0
2026-06-25 00:00:00,20.62892,20.63598,20.62653,20.63382,929.0
2026-06-25 01:00:00,20.63399,20.64284,20.63006,20.64176,1455.0
2026-06-25 02:00:00,20.64163,20.64851,20.6369,20.64762,1771.0
2026-06-25 03:00:00,20.64772,20.65156,20.63156,20.6392,2501.0
2026-06-25 04:00:00,20.639,20.64228,20.63412,20.63651,1864.0
2026-06-25 05:00:00,20.63638,20.64169,20.63534,20.63896,1171.0
2026-06-25 06:00:00,20.63908,20.64838,20.63767,20.64564,900.0
2026-06-25 07:00:00,20.6455,20.65468,20.62966,20.64474,2153.0
2026-06-25 08:00:00,20.64458,20.64922,20.63248,20.6416,4007.0
2026-06-25 09:00:00,20.64145,20.64339,20.62338,20.62873,3104.0
2026-06-25 10:00:00,20.62854,20.63087,20.60513,20.62044,4308.0
2026-06-25 11:00:00,20.6205,20.62648,20.6123,20.62007,3711.0
2026-06-25 12:00:00,20.61995,20.6321,20.6183,20.6321,1988.0
2026-06-25 13:00:00,20.63248,20.63758,20.62766,20.63333,1437.0
2026-06-25 14:00:00,20.63316,20.64134,20.63138,20.63566,1640.0
2026-06-25 15:00:00,20.63548,20.64012,20.63046,20.63628,1335.0
2026-06-25 16:00:00,20.63609,20.63868,20.63462,20.63804,776.0
2026-06-25 17:00:00,20.63346,20.63978,20.62586,20.63617,730.0
2026-06-25 18:00:00,20.6362,20.63716,20.63238,20.63511,383.0
2026-06-25 19:00:00,20.63429,20.63894,20.63204,20.6379,737.0
2026-06-25 20:00:00,20.63774,20.64266,20.6363,20.64062,1299.0
2026-06-25 21:00:00,20.6411,20.64382,20.63579,20.63644,1688.0
2026-06-25 22:00:00,20.63658,20.63724,20.62979,20.63056,1477.0
2026-06-25 23:00:00,20.6307,20.63084,20.61092,20.61443,1875.0
2026-06-26 00:00:00,20.61435,20.61859,20.60343,20.61204,2156.0
2026-06-26 01:00:00,20.61184,20.6139,20.60074,20.60143,2179.0
2026-06-26 02:00:00,20.60158,20.6278,20.60029,20.62382,2867.0
2026-06-26 03:00:00,20.62394,20.62508,20.61004,20.61086,2612.0
2026-06-26 04:00:00,20.61106,20.61459,20.60002,20.60551,3125.0
2026-06-26 05:00:00,20.60534,20.611,20.59726,20.60643,2486.0
2026-06-26 06:00:00,20.6067,20.61143,20.60164,20.60834,1696.0
2026-06-26 07:00:00,20.60827,20.61657,20.60677,20.61506,1797.0
2026-06-26 08:00:00,20.61492,20.62094,20.61176,20.61466,2164.0
2026-06-26 09:00:00,20.61458,20.62279,20.61004,20.6109,3567.0
2026-06-26 10:00:00,20.61026,20.6257,20.60458,20.62369,3110.0
2026-06-26 11:00:00,20.62358,20.62634,20.61132,20.61602,2769.0
2026-06-26 12:00:00,20.61535,20.62882,20.61466,20.62662,1741.0
2026-06-26 13:00:00,20.62652,20.63017,20.62367,20.62925,1329.0
2026-06-26 14:00:00,20.62884,20.62985,20.62255,20.62601,1086.0
2026-06-26 15:00:00,20.6265,20.62867,20.62152,20.62726,1079.0
2026-06-26 16:00:00,20.62744,20.63085,20.62444,20.62638,978.0
2026-06-28 17:00:00,20.62557,20.63415,20.62256,20.6328,172.0
2026-06-28 18:00:00,20.63319,20.64266,20.62511,20.63077,466.0
2026-06-28 19:00:00,20.63017,20.63278,20.62872,20.62983,557.0
2026-06-28 20:00:00,20.62968,20.62968,20.61642,20.62204,1607.0
2026-06-28 21:00:00,20.62174,20.62948,20.61942,20.62814,1494.0
2026-06-28 22:00:00,20.62836,20.62964,20.62083,20.62909,1310.0
2026-06-28 23:00:00,20.62889,20.62997,20.62668,20.62978,937.0
2026-06-29 00:00:00,20.62966,20.6317,20.6281,20.6309,828.0
2026-06-29 01:00:00,20.63048,20.63124,20.62708,20.62962,928.0
2026-06-29 02:00:00,20.62966,20.6353,20.6249,20.62642,1900.0
2026-06-29 03:00:00,20.62658,20.63209,20.6259,20.63136,1221.0
2026-06-29 04:00:00,20.63114,20.63573,20.62822,20.63512,1086.0
2026-06-29 05:00:00,20.63494,20.64164,20.63275,20.63986,980.0
2026-06-29 06:00:00,20.64002,20.64179,20.6358,20.6369,808.0
2026-06-29 07:00:00,20.63712,20.63804,20.63197,20.63482,1359.0
2026-06-29 08:00:00,20.63512,20.64424,20.63437,20.64324,1444.0
2026-06-29 09:00:00,20.64344,20.65254,20.64242,20.65118,2109.0
2026-06-29 10:00:00,20.65076,20.65108,20.63186,20.64444,3676.0
2026-06-29 11:00:00,20.64432,20.64775,20.64396,20.64542,1463.0
2026-06-29 12:00:00,20.6453,20.64657,20.64324,20.64618,1582.0
2026-06-29 13:00:00,20.64606,20.64947,20.64518,20.6486,987.0
2026-06-29 14:00:00,20.64852,20.65718,20.6481,20.65564,1022.0
2026-06-29 15:00:00,20.6555,20.65633,20.64702,20.6525,1069.0
2026-06-29 16:00:00,20.65265,20.65522,20.65055,20.65117,555.0
2026-06-29 17:00:00,20.64821,20.65008,20.64469,20.64746,1060.0
2026-06-29 18:00:00,20.64667,20.65167,20.64667,20.64916,346.0
2026-06-29 19:00:00,20.64946,20.65108,20.64768,20.65071,297.0
2026-06-29 20:00:00,20.65021,20.70856,20.64912,20.67464,2889.0
2026-06-29 21:00:00,20.67453,20.69314,20.65978,20.67616,4023.0
2026-06-29 22:00:00,20.67628,20.67836,20.668,20.67193,2323.0
2026-06-29 23:00:00,20.67137,20.68554,20.65938,20.67657,2329.0
2026-06-30 00:00:00,20.67662,20.68055,20.67402,20.6805,1545.0
2026-06-30 01:00:00,20.68005,20.69242,20.67452,20.69234,1853.0
2026-06-30 02:00:00,20.69242,20.70732,20.6815,20.68166,4220.0
2026-06-30 03:00:00,20.68134,20.69042,20.67051,20.6891,2424.0
2026-06-30 04:00:00,20.68926,20.71018,20.68585,20.69735,2934.0
2026-06-30 05:00:00,20.69765,20.70132,20.69064,20.69444,2012.0
2026-06-30 06:00:00,20.6946,20.70229,20.69398,20.69739,1243.0
2026-06-30 07:00:00,20.69726,20.71158,20.69726,20.71018,1680.0
2026-06-30 08:00:00,20.71002,20.72257,20.65946,20.70802,3904.0
2026-06-30 09:00:00,20.70785,20.71722,20.69672,20.71649,2370.0
2026-06-30 10:00:00,20.7165,20.72624,20.70086,20.72209,5489.0
2026-06-30 11:00:00,20.72224,20.73966,20.7159,20.7331,3657.0
2026-06-30 12:00:00,20.73304,20.74006,20.73107,20.73657,1614.0
2026-06-30 13:00:00,20.7365,20.73672,20.72513,20.7286,1306.0
2026-06-30 14:00:00,20.72854,20.73337,20.72595,20.73302,1624.0
2026-06-30 15:00:00,20.73315,20.7348,20.72738,20.7285,1593.0
2026-06-30 16:00:00,20.72862,20.73204,20.72443,20.7279,1206.0
2026-06-30 17:00:00,20.72828,20.73918,20.72718,20.73311,1217.0
2026-06-30 18:00:00,20.73336,20.73757,20.73206,20.734,248.0
2026-06-30 19:00:00,20.73392,20.73897,20.72496,20.73742,438.0
2026-06-30 20:00:00,20.73706,20.75384,20.73659,20.74244,1731.0
2026-06-30 21:00:00,20.74254,20.7488,20.73002,20.74191,2346.0
2026-06-30 22:00:00,20.74175,20.75492,20.73836,20.7488,1787.0
2026-06-30 23:00:00,20.74882,20.76038,20.74663,20.75494,1554.0
2026-07-01 00:00:00,20.75466,20.75676,20.7245,20.74734,2164.0
2026-07-01 01:00:00,20.74746,20.75206,20.74162,20.74465,1600.0
2026-07-01 02:00:00,20.74477,20.7507,20.7371,20.73972,1710.0
2026-07-01 03:00:00,20.73984,20.74578,20.73166,20.73873,1806.0
2026-07-01 04:00:00,20.73905,20.7426,20.73396,20.73764,1428.0
2026-07-01 05:00:00,20.73802,20.74749,20.7358,20.74646,1322.0
2026-07-01 06:00:00,20.7464,20.74792,20.7383,20.74157,1215.0
2026-07-01 07:00:00,20.74178,20.74682,20.74104,20.74196,1220.0
2026-07-01 08:00:00,20.74182,20.75058,20.73896,20.74225,2126.0
2026-07-01 09:00:00,20.74215,20.74663,20.69082,20.70642,6848.0
2026-07-01 10:00:00,20.70628,20.71129,20.69374,20.70382,5835.0
2026-07-01 11:00:00,20.70374,20.71436,20.70114,20.70618,3236.0
2026-07-01 12:00:00,20.70604,20.71162,20.69884,20.71074,2184.0
2026-07-01 13:00:00,20.71136,20.72235,20.70664,20.72034,1700.0
2026-07-01 14:00:00,20.72,20.72676,20.71777,20.71854,1232.0
2026-07-01 15:00:00,20.71872,20.72738,20.71709,20.72544,1006.0
2026-07-01 16:00:00,20.72546,20.73246,20.72313,20.7305,888.0
2026-07-01 17:00:00,20.72708,20.72892,20.72475,20.72508,273.0
2026-07-01 18:00:00,20.7249,20.72631,20.72177,20.7224,165.0
2026-07-01 19:00:00,20.72236,20.72852,20.71986,20.72372,455.0
2026-07-01 20:00:00,20.72342,20.73112,20.71631,20.72522,2063.0
2026-07-01 21:00:00,20.72536,20.72869,20.71956,20.72336,2079.0
2026-07-01 22:00:00,20.72334,20.72601,20.71819,20.72144,1667.0
2026-07-01 23:00:00,20.72158,20.72353,20.70901,20.71242,1255.0
2026-07-02 00:00:00,20.71244,20.71244,20.69955,20.7081,2076.0
2026-07-02 01:00:00,20.70782,20.70782,20.69327,20.69484,1774.0
2026-07-02 02:00:00,20.69467,20.69522,20.54164,20.62984,7441.0
2026-07-02 03:00:00,20.62963,20.64566,20.5721,20.57968,10106.0
2026-07-02 04:00:00,20.57982,20.58328,20.5125,20.52864,10476.0
2026-07-02 05:00:00,20.52848,20.56926,20.52848,20.55168,6322.0
2026-07-02 06:00:00,20.55182,20.58826,20.55142,20.57241,3432.0
2026-07-02 07:00:00,20.57196,20.58918,20.56734,20.5864,2520.0
2026-07-02 08:00:00,20.58654,20.60816,20.47828,20.53337,12897.0
2026-07-02 09:00:00,20.53302,20.54944,20.50973,20.51022,8678.0
2026-07-02 10:00:00,20.51018,20.54136,20.5057,20.53318,6000.0
2026-07-02 11:00:00,20.53328,20.53861,20.49806,20.51748,4875.0
2026-07-02 12:00:00,20.51716,20.54067,20.51529,20.52679,3264.0
2026-07-02 13:00:00,20.52692,20.54465,20.52692,20.53827,2012.0
2026-07-02 14:00:00,20.53811,20.54232,20.53135,20.53478,1918.0
2026-07-02 15:00:00,20.53518,20.55066,20.53518,20.54436,1476.0
2026-07-02 16:00:00,20.54434,20.54716,20.53721,20.54439,634.0
2026-07-02 17:00:00,20.54057,20.54754,20.53646,20.54203,1033.0
2026-07-02 18:00:00,20.54189,20.56716,20.53763,20.56172,531.0
2026-07-02 19:00:00,20.56184,20.58787,20.55874,20.58666,913.0
2026-07-02 20:00:00,20.58652,20.59496,20.55015,20.55045,2449.0
2026-07-02 21:00:00,20.55001,20.56276,20.51702,20.56104,3906.0
2026-07-02 22:00:00,20.5609,20.56232,20.54453,20.55176,2146.0
2026-07-02 23:00:00,20.55159,20.55848,20.54692,20.55042,1820.0
2026-07-03 00:00:00,20.55052,20.55542,20.54526,20.54542,1562.0
2026-07-03 01:00:00,20.54538,20.5522,20.52669,20.54991,2415.0
2026-07-03 02:00:00,20.54992,20.55015,20.46186,20.51182,5630.0
2026-07-03 03:00:00,20.5123,20.52681,20.49068,20.50162,4220.0
2026-07-03 04:00:00,20.50172,20.53236,20.49824,20.5322,1741.0
2026-07-03 05:00:00,20.53236,20.54593,20.523,20.54554,1314.0
2026-07-03 06:00:00,20.54568,20.55016,20.53658,20.53943,1144.0
2026-07-03 07:00:00,20.53944,20.54757,20.53462,20.54181,1115.0
2026-07-03 08:00:00,20.54136,20.5489,20.53989,20.54875,1194.0
2026-07-03 09:00:00,20.54862,20.56204,20.54837,20.56028,1694.0
2026-07-03 10:00:00,20.56042,20.56434,20.5543,20.56422,1852.0
2026-07-03 11:00:00,20.5642,20.57071,20.56158,20.5676,1131.0
2026-07-03 12:00:00,20.5676,20.57698,20.566,20.57126,634.0
2026-07-03 13:00:00,20.5714,20.5725,20.5626,20.56592,3626.0
2026-07-03 14:00:00,20.56505,20.57298,20.56408,20.5726,1726.0
2026-07-03 15:00:00,20.57275,20.57669,20.57072,20.57464,777.0
2026-07-03 16:00:00,20.57496,20.58244,20.56968,20.57644,3476.0
2026-07-05 17:00:00,20.56675,20.5698,20.5653,20.56973,253.0
2026-07-05 18:00:00,20.56964,20.58869,20.56747,20.58148,560.0
2026-07-05 19:00:00,20.5818,20.59244,20.58082,20.58644,608.0
2026-07-05 20:00:00,20.58672,20.60457,20.58609,20.5948,2494.0
2026-07-05 21:00:00,20.5957,20.63146,20.59432,20.63114,2233.0
2026-07-05 22:00:00,20.63128,20.63586,20.6221,20.6264,1857.0
2026-07-05 23:00:00,20.62654,20.63754,20.62546,20.63538,1394.0
2026-07-06 00:00:00,20.63546,20.64762,20.63095,20.64737,1162.0
2026-07-06 01:00:00,20.64736,20.66763,20.64037,20.66608,1845.0
2026-07-06 02:00:00,20.66616,20.69628,20.66054,20.68898,4226.0
2026-07-06 03:00:00,20.68899,20.69697,20.67824,20.67864,3863.0
2026-07-06 04:00:00,20.67877,20.69568,20.67877,20.6887,2364.0
2026-07-06 05:00:00,20.6888,20.69964,20.6859,20.69784,1639.0
2026-07-06 06:00:00,20.69763,20.70806,20.68856,20.694,2108.0
2026-07-06 07:00:00,20.69384,20.70034,20.69044,20.69867,1300.0
2026-07-06 08:00:00,20.69852,20.71094,20.6937,20.70741,1996.0
2026-07-06 09:00:00,20.70738,20.7102,20.6965,20.70039,2380.0
2026-07-06 10:00:00,20.7002,20.70476,20.69103,20.70172,2349.0
2026-07-06 11:00:00,20.70184,20.70328,20.69104,20.6924,1658.0
2026-07-06 12:00:00,20.69232,20.69694,20.6873,20.68964,1011.0
2026-07-06 13:00:00,20.68951,20.69138,20.67469,20.67856,1121.0
2026-07-06 14:00:00,20.67848,20.6802,20.65832,20.66168,1336.0
2026-07-06 15:00:00,20.66182,20.6694,20.65886,20.66215,1595.0
2026-07-06 16:00:00,20.66189,20.67031,20.6593,20.6675,815.0
2026-07-06 17:00:00,20.66794,20.67722,20.66513,20.66818,2611.0
2026-07-06 18:00:00,20.66848,20.67001,20.66207,20.66526,371.0
2026-07-06 19:00:00,20.66498,20.67078,20.65638,20.6689,636.0
2026-07-06 20:00:00,20.66948,20.67946,20.66641,20.67377,1529.0
2026-07-06 21:00:00,20.67394,20.67494,20.61646,20.63827,3304.0
2026-07-06 22:00:00,20.63808,20.6459,20.62924,20.64438,1897.0
2026-07-06 23:00:00,20.64445,20.64574,20.62906,20.63901,1926.0
2026-07-07 00:00:00,20.63939,20.64046,20.61413,20.62912,1897.0
2026-07-07 01:00:00,20.62925,20.64168,20.62299,20.63864,2154.0
2026-07-07 02:00:00,20.638,20.66186,20.63763,20.65982,1987.0
2026-07-07 03:00:00,20.65996,20.66632,20.61252,20.65258,3747.0
2026-07-07 04:00:00,20.65272,20.65373,20.63461,20.6429,2728.0
2026-07-07 05:00:00,20.64302,20.65233,20.63172,20.64828,2026.0
2026-07-07 06:00:00,20.64817,20.65203,20.64144,20.65042,1277.0
2026-07-07 07:00:00,20.65049,20.65252,20.63807,20.6472,1849.0
2026-07-07 08:00:00,20.64706,20.64866,20.62673,20.63741,2409.0
2026-07-07 09:00:00,20.63812,20.64592,20.63458,20.64378,2362.0
2026-07-07 10:00:00,20.6439,20.65936,20.6381,20.64584,3676.0
2026-07-07 11:00:00,20.64568,20.64984,20.6383,20.64557,2177.0
