Timestamp,Open,High,Low,Close,Volume
2026-05-08 01:30:00,0.59486,0.59512,0.59452,0.59476,1800.0
2026-05-08 02:00:00,0.59476,0.59558,0.59471,0.59556,1860.0
2026-05-08 02:30:00,0.59555,0.59564,0.59518,0.59531,1680.0
2026-05-08 03:00:00,0.59531,0.59542,0.5948,0.59488,2080.0
2026-05-08 03:30:00,0.59488,0.5953,0.5948,0.59514,1679.0
2026-05-08 04:00:00,0.59514,0.596,0.59499,0.59596,2283.0
2026-05-08 04:30:00,0.59596,0.59654,0.59596,0.59623,1622.0
2026-05-08 05:00:00,0.59626,0.5969,0.59616,0.59648,1680.0
2026-05-08 05:30:00,0.5965,0.59663,0.59597,0.59628,1067.0
2026-05-08 06:00:00,0.59628,0.59676,0.59622,0.59662,1233.0
2026-05-08 06:30:00,0.59664,0.59686,0.59608,0.59639,1356.0
2026-05-08 07:00:00,0.59638,0.5966,0.59608,0.59623,1333.0
2026-05-08 07:30:00,0.59623,0.5963,0.5958,0.59607,1183.0
2026-05-08 08:00:00,0.59606,0.59617,0.5955,0.59588,1535.0
2026-05-08 08:30:00,0.59602,0.59688,0.59472,0.59589,3736.0
2026-05-08 09:00:00,0.59588,0.59608,0.59489,0.59604,3135.0
2026-05-08 09:30:00,0.59606,0.59658,0.59596,0.59619,2979.0
2026-05-08 10:00:00,0.59619,0.59626,0.59536,0.5956,2894.0
2026-05-08 10:30:00,0.5956,0.59608,0.59558,0.5957,2363.0
2026-05-08 11:00:00,0.59568,0.59594,0.59532,0.59586,2508.0
2026-05-08 11:30:00,0.59584,0.59613,0.59545,0.59588,2667.0
2026-05-08 12:00:00,0.5959,0.59622,0.59576,0.5962,1604.0
2026-05-08 12:30:00,0.59621,0.59624,0.59574,0.59578,1199.0
2026-05-08 13:00:00,0.59576,0.59616,0.59571,0.59612,1184.0
2026-05-08 13:30:00,0.5961,0.59616,0.59592,0.59597,866.0
2026-05-08 14:00:00,0.59596,0.59646,0.59586,0.59622,1277.0
2026-05-08 14:30:00,0.59624,0.59627,0.59582,0.59594,1039.0
2026-05-08 15:00:00,0.59596,0.5962,0.59592,0.59616,275.0
2026-05-08 15:30:00,0.59616,0.59646,0.59606,0.59628,635.0
2026-05-08 16:00:00,0.59627,0.59646,0.59612,0.59635,524.0
2026-05-08 16:30:00,0.59636,0.59662,0.59631,0.59654,929.0
2026-05-10 17:00:00,0.59388,0.5958,0.59356,0.59566,953.0
2026-05-10 17:30:00,0.59569,0.59574,0.59466,0.59515,1639.0
2026-05-10 18:00:00,0.59514,0.59515,0.59452,0.59508,685.0
2026-05-10 18:30:00,0.59508,0.59525,0.59484,0.59506,469.0
2026-05-10 19:00:00,0.59505,0.59526,0.59484,0.59512,591.0
2026-05-10 19:30:00,0.59512,0.59521,0.5949,0.59496,739.0
2026-05-10 20:00:00,0.59494,0.59531,0.59475,0.5952,1689.0
2026-05-10 20:30:00,0.5952,0.59566,0.59494,0.59562,1918.0
2026-05-10 21:00:00,0.59561,0.59576,0.59506,0.59542,2368.0
2026-05-10 21:30:00,0.5954,0.5955,0.59475,0.59505,1976.0
2026-05-10 22:00:00,0.59507,0.59532,0.59501,0.59531,1015.0
2026-05-10 22:30:00,0.59529,0.59539,0.59459,0.59459,836.0
2026-05-10 23:00:00,0.59456,0.5948,0.59452,0.59478,896.0
2026-05-10 23:30:00,0.5948,0.59486,0.59452,0.59454,667.0
2026-05-11 00:00:00,0.59452,0.59454,0.59424,0.59428,622.0
2026-05-11 00:30:00,0.59428,0.59434,0.59401,0.59408,630.0
2026-05-11 01:00:00,0.59408,0.59452,0.59402,0.59438,785.0
2026-05-11 01:30:00,0.59438,0.5944,0.59388,0.59416,1236.0
2026-05-11 02:00:00,0.5942,0.59477,0.59408,0.59453,1499.0
2026-05-11 02:30:00,0.59454,0.59512,0.5944,0.59507,1636.0
2026-05-11 03:00:00,0.59509,0.5952,0.59472,0.59474,1789.0
2026-05-11 03:30:00,0.59472,0.59491,0.59447,0.5948,1300.0
2026-05-11 04:00:00,0.59482,0.59561,0.59476,0.59528,1770.0
2026-05-11 04:30:00,0.59528,0.59544,0.59484,0.59494,1119.0
2026-05-11 05:00:00,0.59494,0.59508,0.59467,0.59468,873.0
2026-05-11 05:30:00,0.59467,0.59496,0.59442,0.59442,660.0
2026-05-11 06:00:00,0.59441,0.59472,0.5943,0.59468,1094.0
2026-05-11 06:30:00,0.59469,0.59506,0.59448,0.59478,1476.0
2026-05-11 07:00:00,0.5948,0.59522,0.59474,0.59522,1326.0
2026-05-11 07:30:00,0.59522,0.59535,0.59458,0.59494,1272.0
2026-05-11 08:00:00,0.59494,0.59519,0.59456,0.59509,1683.0
2026-05-11 08:30:00,0.59507,0.59534,0.59468,0.59518,1896.0
2026-05-11 09:00:00,0.5952,0.59586,0.59514,0.59567,1802.0
2026-05-11 09:30:00,0.59568,0.59622,0.59546,0.5959,1963.0
2026-05-11 10:00:00,0.59588,0.59656,0.5956,0.59638,1853.0
2026-05-11 10:30:00,0.59638,0.59662,0.5958,0.59644,2892.0
2026-05-11 11:00:00,0.59644,0.59686,0.59628,0.59674,1808.0
2026-05-11 11:30:00,0.59676,0.5969,0.59652,0.59675,1486.0
2026-05-11 12:00:00,0.59675,0.59679,0.59652,0.59658,962.0
2026-05-11 12:30:00,0.59656,0.59663,0.59594,0.59628,1721.0
2026-05-11 13:00:00,0.5963,0.59644,0.59604,0.59634,1394.0
2026-05-11 13:30:00,0.59634,0.5966,0.59632,0.59642,791.0
2026-05-11 14:00:00,0.59642,0.59667,0.59636,0.59647,998.0
2026-05-11 14:30:00,0.59648,0.5965,0.59614,0.59621,928.0
2026-05-11 15:00:00,0.59621,0.5963,0.59602,0.59604,463.0
2026-05-11 15:30:00,0.59604,0.5962,0.59594,0.59618,649.0
2026-05-11 16:00:00,0.59618,0.5962,0.59576,0.59612,529.0
2026-05-11 16:30:00,0.59612,0.59636,0.59612,0.59636,387.0
2026-05-11 17:00:00,0.59627,0.59678,0.59564,0.59639,2274.0
2026-05-11 17:30:00,0.59648,0.59664,0.59584,0.59646,3306.0
2026-05-11 18:00:00,0.59644,0.5969,0.59644,0.59672,458.0
2026-05-11 18:30:00,0.5967,0.59672,0.59657,0.59664,258.0
2026-05-11 19:00:00,0.59664,0.59678,0.59656,0.59657,395.0
2026-05-11 19:30:00,0.5966,0.59669,0.59638,0.59648,630.0
2026-05-11 20:00:00,0.5965,0.5965,0.59593,0.59614,1809.0
2026-05-11 20:30:00,0.59613,0.59616,0.59553,0.59556,1459.0
2026-05-11 21:00:00,0.59556,0.59584,0.59505,0.59519,2487.0
2026-05-11 21:30:00,0.59518,0.59553,0.59476,0.5954,2619.0
2026-05-11 22:00:00,0.5954,0.59568,0.59522,0.59547,1556.0
2026-05-11 22:30:00,0.59546,0.5962,0.59536,0.59602,1318.0
2026-05-11 23:00:00,0.596,0.59601,0.59556,0.5956,1145.0
2026-05-11 23:30:00,0.59558,0.59563,0.59534,0.59537,1034.0
2026-05-12 00:00:00,0.59538,0.59571,0.59534,0.59571,861.0
2026-05-12 00:30:00,0.59572,0.59586,0.59556,0.59564,1351.0
2026-05-12 01:00:00,0.59562,0.59575,0.59526,0.59544,1181.0
2026-05-12 01:30:00,0.59542,0.59588,0.59524,0.59557,2007.0
2026-05-12 02:00:00,0.59555,0.59565,0.59456,0.59474,2456.0
2026-05-12 02:30:00,0.59476,0.59496,0.59417,0.59422,1746.0
2026-05-12 03:00:00,0.5942,0.59466,0.59374,0.59457,2301.0
2026-05-12 03:30:00,0.59456,0.59486,0.5943,0.59448,1862.0
2026-05-12 04:00:00,0.59448,0.59484,0.59407,0.59454,1944.0
2026-05-12 04:30:00,0.59456,0.59486,0.59404,0.59448,2044.0
2026-05-12 05:00:00,0.59448,0.59476,0.59426,0.59444,1441.0
2026-05-12 05:30:00,0.59447,0.59499,0.59443,0.5949,2012.0
2026-05-12 06:00:00,0.59492,0.59521,0.5948,0.59518,1280.0
2026-05-12 06:30:00,0.59518,0.59522,0.59483,0.5949,1209.0
2026-05-12 07:00:00,0.59491,0.5951,0.59451,0.59486,1798.0
2026-05-12 07:30:00,0.59486,0.5953,0.59486,0.5951,1157.0
2026-05-12 08:00:00,0.59511,0.59514,0.59454,0.59482,1751.0
2026-05-12 08:30:00,0.59481,0.59585,0.59438,0.59568,2996.0
2026-05-12 09:00:00,0.59568,0.59578,0.59476,0.5951,2485.0
2026-05-12 09:30:00,0.59508,0.59542,0.5941,0.59424,3614.0
2026-05-12 10:00:00,0.59424,0.59503,0.59422,0.59458,3593.0
2026-05-12 10:30:00,0.59457,0.59473,0.59409,0.59462,2928.0
2026-05-12 11:00:00,0.59462,0.59482,0.59342,0.59361,3012.0
2026-05-12 11:30:00,0.59362,0.59441,0.59362,0.59426,2188.0
2026-05-12 12:00:00,0.59423,0.59446,0.594,0.59415,1496.0
2026-05-12 12:30:00,0.59414,0.59416,0.59357,0.59376,1595.0
2026-05-12 13:00:00,0.59376,0.59451,0.59376,0.59427,1405.0
2026-05-12 13:30:00,0.59426,0.59454,0.59419,0.5945,1148.0
2026-05-12 14:00:00,0.5945,0.595,0.59422,0.5949,1649.0
2026-05-12 14:30:00,0.59491,0.59524,0.59486,0.59513,1089.0
2026-05-12 15:00:00,0.59513,0.59552,0.59504,0.59522,381.0
2026-05-12 15:30:00,0.59524,0.59556,0.59524,0.5953,670.0
2026-05-12 16:00:00,0.5953,0.59534,0.59518,0.59526,321.0
2026-05-12 16:30:00,0.59524,0.59532,0.59517,0.59522,310.0
2026-05-12 17:00:00,0.59533,0.59558,0.59456,0.59528,3048.0
2026-05-12 17:30:00,0.59528,0.59564,0.59478,0.59506,4437.0
2026-05-12 18:00:00,0.59502,0.59526,0.59492,0.59526,481.0
2026-05-12 18:30:00,0.59526,0.59537,0.59524,0.59526,390.0
2026-05-12 19:00:00,0.59526,0.59547,0.59526,0.59544,538.0
2026-05-12 19:30:00,0.59543,0.59548,0.59507,0.59516,833.0
2026-05-12 20:00:00,0.59515,0.59555,0.59498,0.5954,2300.0
2026-05-12 20:30:00,0.59542,0.59558,0.59516,0.59556,1902.0
2026-05-12 21:00:00,0.59557,0.59574,0.59521,0.59573,2416.0
2026-05-12 21:30:00,0.59574,0.5966,0.5956,0.5963,2004.0
2026-05-12 22:00:00,0.59628,0.5965,0.596,0.59618,1742.0
2026-05-12 22:30:00,0.59618,0.59624,0.59596,0.59596,1270.0
2026-05-12 23:00:00,0.59596,0.59612,0.59395,0.59422,2335.0
2026-05-12 23:30:00,0.59424,0.59478,0.59422,0.59456,1092.0
2026-05-13 00:00:00,0.59456,0.59466,0.59381,0.59387,1171.0
2026-05-13 00:30:00,0.59386,0.59412,0.59383,0.59394,1213.0
2026-05-13 01:00:00,0.59393,0.59432,0.5939,0.5943,1563.0
2026-05-13 01:30:00,0.5943,0.5944,0.594,0.5943,1595.0
2026-05-13 02:00:00,0.5943,0.59452,0.59377,0.59405,1814.0
2026-05-13 02:30:00,0.59404,0.59422,0.59359,0.59379,1560.0
2026-05-13 03:00:00,0.5938,0.59407,0.5937,0.59397,1294.0
2026-05-13 03:30:00,0.59395,0.59396,0.59316,0.59318,1259.0
2026-05-13 04:00:00,0.59318,0.5935,0.59308,0.59338,1573.0
2026-05-13 04:30:00,0.59339,0.5934,0.59286,0.59298,1426.0
2026-05-13 05:00:00,0.59298,0.5931,0.59232,0.59232,1340.0
2026-05-13 05:30:00,0.59232,0.59304,0.59232,0.59303,1503.0
2026-05-13 06:00:00,0.59304,0.59335,0.5926,0.59272,1772.0
2026-05-13 06:30:00,0.5927,0.59336,0.59251,0.5931,1189.0
2026-05-13 07:00:00,0.59312,0.59326,0.59275,0.59287,1093.0
2026-05-13 07:30:00,0.59286,0.59318,0.5928,0.593,1128.0
2026-05-13 08:00:00,0.593,0.59338,0.59235,0.59252,1700.0
2026-05-13 08:30:00,0.59252,0.59288,0.592,0.59237,2935.0
2026-05-13 09:00:00,0.59238,0.59275,0.59235,0.59249,2040.0
2026-05-13 09:30:00,0.59251,0.5929,0.59215,0.59266,3747.0
2026-05-13 10:00:00,0.59266,0.59309,0.59246,0.59306,2461.0
2026-05-13 10:30:00,0.59304,0.59328,0.59273,0.59298,2279.0
2026-05-13 11:00:00,0.59299,0.59366,0.59296,0.59364,1875.0
2026-05-13 11:30:00,0.59364,0.59411,0.5935,0.59356,1696.0
2026-05-13 12:00:00,0.59354,0.59428,0.59353,0.59415,2188.0
2026-05-13 12:30:00,0.59414,0.5942,0.59358,0.59362,1729.0
2026-05-13 13:00:00,0.59362,0.5938,0.5935,0.59368,1048.0
2026-05-13 13:30:00,0.59368,0.5937,0.59316,0.59318,814.0
2026-05-13 14:00:00,0.59318,0.5935,0.5931,0.59328,1431.0
2026-05-13 14:30:00,0.59328,0.59342,0.59286,0.59323,1127.0
2026-05-13 15:00:00,0.59323,0.59353,0.59323,0.5935,579.0
2026-05-13 15:30:00,0.5935,0.59359,0.59338,0.59344,857.0
2026-05-13 16:00:00,0.59344,0.59376,0.59328,0.59363,724.0
2026-05-13 16:30:00,0.59365,0.59372,0.59356,0.59363,378.0
2026-05-13 17:00:00,0.5935,0.59388,0.59304,0.59365,880.0
2026-05-13 17:30:00,0.59364,0.59384,0.59335,0.59343,880.0
2026-05-13 18:00:00,0.59336,0.5938,0.59336,0.59372,310.0
2026-05-13 18:30:00,0.59372,0.59375,0.59358,0.59362,169.0
2026-05-13 19:00:00,0.59362,0.59374,0.59344,0.5935,431.0
2026-05-13 19:30:00,0.5935,0.5935,0.59302,0.59309,690.0
2026-05-13 20:00:00,0.59308,0.59348,0.5928,0.59334,2219.0
2026-05-13 20:30:00,0.59335,0.59345,0.59289,0.5932,1193.0
2026-05-13 21:00:00,0.59319,0.59325,0.59278,0.59304,1988.0
2026-05-13 21:30:00,0.59303,0.59336,0.59278,0.59284,2532.0
2026-05-13 22:00:00,0.59285,0.59314,0.59267,0.59306,2369.0
2026-05-13 22:30:00,0.59306,0.59332,0.59293,0.59304,1680.0
2026-05-13 23:00:00,0.59303,0.59306,0.59268,0.59304,984.0
2026-05-13 23:30:00,0.59302,0.59304,0.59268,0.59272,785.0
2026-05-14 00:00:00,0.59272,0.5935,0.59267,0.59332,958.0
2026-05-14 00:30:00,0.59332,0.5935,0.59318,0.59326,776.0
2026-05-14 01:00:00,0.59325,0.59334,0.593,0.59318,1538.0
2026-05-14 01:30:00,0.5932,0.59377,0.59302,0.59334,1909.0
2026-05-14 02:00:00,0.59333,0.59393,0.59333,0.59378,1986.0
2026-05-14 02:30:00,0.59378,0.5942,0.59368,0.59398,1864.0
2026-05-14 03:00:00,0.59398,0.59401,0.59339,0.5936,1700.0
2026-05-14 03:30:00,0.5936,0.59392,0.59276,0.59289,1941.0
2026-05-14 04:00:00,0.59288,0.59378,0.59282,0.59376,1951.0
2026-05-14 04:30:00,0.59376,0.594,0.59353,0.59395,1258.0
2026-05-14 05:00:00,0.59398,0.5941,0.59371,0.5938,1581.0
2026-05-14 05:30:00,0.59378,0.59384,0.5933,0.59358,1525.0
2026-05-14 06:00:00,0.59357,0.594,0.5935,0.59366,1599.0
2026-05-14 06:30:00,0.59367,0.59372,0.59306,0.59328,1275.0
2026-05-14 07:00:00,0.59328,0.59346,0.59292,0.59316,1264.0
2026-05-14 07:30:00,0.59317,0.5934,0.59298,0.593,1036.0
2026-05-14 08:00:00,0.59297,0.59336,0.59283,0.59321,1589.0
2026-05-14 08:30:00,0.5932,0.59324,0.59284,0.59286,1405.0
2026-05-14 09:00:00,0.59288,0.593,0.5924,0.5925,1708.0
2026-05-14 09:30:00,0.59248,0.5927,0.5919,0.59208,3846.0
2026-05-14 10:00:00,0.59208,0.59302,0.59194,0.59281,2537.0
2026-05-14 10:30:00,0.5928,0.59284,0.5922,0.59223,2495.0
2026-05-14 11:00:00,0.59222,0.59226,0.59176,0.59192,1931.0
2026-05-14 11:30:00,0.59192,0.5923,0.59184,0.5922,1461.0
2026-05-14 12:00:00,0.59218,0.59222,0.59181,0.59187,1868.0
2026-05-14 12:30:00,0.59185,0.59194,0.59144,0.59186,1879.0
2026-05-14 13:00:00,0.59189,0.59218,0.59166,0.59178,1712.0
2026-05-14 13:30:00,0.59178,0.59205,0.5917,0.5918,1390.0
2026-05-14 14:00:00,0.59178,0.5919,0.59149,0.59176,2015.0
2026-05-14 14:30:00,0.59176,0.59182,0.5916,0.5917,1094.0
2026-05-14 15:00:00,0.5917,0.59179,0.59153,0.59154,301.0
2026-05-14 15:30:00,0.59152,0.59158,0.59116,0.59132,701.0
2026-05-14 16:00:00,0.5913,0.5914,0.59092,0.59101,456.0
2026-05-14 16:30:00,0.59102,0.59119,0.59102,0.59116,305.0
2026-05-14 17:00:00,0.59142,0.59146,0.59071,0.59139,636.0
2026-05-14 17:30:00,0.5914,0.59178,0.59116,0.59128,332.0
2026-05-14 18:00:00,0.59128,0.59132,0.5911,0.59119,347.0
2026-05-14 18:30:00,0.59116,0.59128,0.59104,0.59104,403.0
2026-05-14 19:00:00,0.59104,0.59105,0.59044,0.5907,710.0
2026-05-14 19:30:00,0.5907,0.59076,0.5902,0.59028,740.0
2026-05-14 20:00:00,0.59028,0.59046,0.59007,0.59008,1821.0
2026-05-14 20:30:00,0.59008,0.59009,0.58891,0.58918,1531.0
2026-05-14 21:00:00,0.58916,0.58932,0.58842,0.58844,2387.0
2026-05-14 21:30:00,0.58844,0.589,0.58824,0.58825,2143.0
2026-05-14 22:00:00,0.58826,0.58852,0.58798,0.5883,1615.0
2026-05-14 22:30:00,0.5883,0.5891,0.58822,0.58865,1374.0
2026-05-14 23:00:00,0.58863,0.58883,0.58839,0.58849,1386.0
2026-05-14 23:30:00,0.5885,0.58858,0.58825,0.58842,1602.0
2026-05-15 00:00:00,0.5884,0.58842,0.58788,0.5879,1249.0
2026-05-15 00:30:00,0.58788,0.5881,0.58728,0.58736,1520.0
2026-05-15 01:00:00,0.58737,0.58738,0.58642,0.587,2338.0
2026-05-15 01:30:00,0.58703,0.58716,0.58571,0.58612,2922.0
2026-05-15 02:00:00,0.58612,0.5867,0.586,0.58629,3233.0
2026-05-15 02:30:00,0.5863,0.58677,0.58581,0.58589,2142.0
2026-05-15 03:00:00,0.58588,0.58698,0.58566,0.58669,2196.0
2026-05-15 03:30:00,0.58671,0.58671,0.58594,0.58594,1686.0
2026-05-15 04:00:00,0.58596,0.58604,0.58514,0.58528,2672.0
2026-05-15 04:30:00,0.58527,0.58534,0.58478,0.58496,2193.0
2026-05-15 05:00:00,0.58498,0.585,0.58392,0.58428,2230.0
2026-05-15 05:30:00,0.58427,0.5846,0.58409,0.5845,1991.0
2026-05-15 06:00:00,0.58452,0.58566,0.58444,0.58532,1889.0
2026-05-15 06:30:00,0.58534,0.58671,0.58527,0.58604,3375.0
2026-05-15 07:00:00,0.58604,0.58615,0.58496,0.58498,1829.0
2026-05-15 07:30:00,0.585,0.58504,0.5843,0.58449,1852.0
2026-05-15 08:00:00,0.58446,0.58446,0.58398,0.58422,2101.0
2026-05-15 08:30:00,0.58422,0.58458,0.58383,0.58446,1941.0
2026-05-15 09:00:00,0.58447,0.58492,0.58424,0.58466,2637.0
2026-05-15 09:30:00,0.58466,0.58474,0.58379,0.58387,3787.0
2026-05-15 10:00:00,0.58384,0.5852,0.58364,0.58486,3992.0
2026-05-15 10:30:00,0.58486,0.58508,0.58416,0.5846,3491.0
2026-05-15 11:00:00,0.58462,0.58472,0.58388,0.58414,2728.0
2026-05-15 11:30:00,0.58415,0.5843,0.58368,0.58402,2518.0
2026-05-15 12:00:00,0.58404,0.58432,0.58385,0.58428,1743.0
2026-05-15 12:30:00,0.58427,0.5846,0.58418,0.58443,1727.0
2026-05-15 13:00:00,0.58444,0.58499,0.58434,0.5847,1557.0
2026-05-15 13:30:00,0.58468,0.58488,0.58454,0.58458,1516.0
2026-05-15 14:00:00,0.58459,0.58467,0.58412,0.58424,1793.0
2026-05-15 14:30:00,0.58425,0.58428,0.58385,0.58417,1147.0
2026-05-15 15:00:00,0.5842,0.58422,0.58394,0.58409,500.0
2026-05-15 15:30:00,0.58408,0.58422,0.5838,0.5839,785.0
2026-05-15 16:00:00,0.58388,0.5839,0.58358,0.58358,741.0
2026-05-15 16:30:00,0.5836,0.58392,0.58359,0.58391,1041.0
2026-05-17 17:00:00,0.58446,0.58455,0.5841,0.58418,1374.0
2026-05-17 17:30:00,0.58418,0.58456,0.58385,0.58432,896.0
2026-05-17 18:00:00,0.58433,0.58433,0.58376,0.58392,1117.0
2026-05-17 18:30:00,0.58396,0.58414,0.5839,0.58412,503.0
2026-05-17 19:00:00,0.58414,0.58422,0.58363,0.58364,952.0
2026-05-17 19:30:00,0.58362,0.58367,0.58302,0.58316,1844.0
2026-05-17 20:00:00,0.5832,0.58372,0.58292,0.58307,3955.0
2026-05-17 20:30:00,0.58305,0.58318,0.58251,0.58265,2473.0
2026-05-17 21:00:00,0.58266,0.58298,0.58232,0.58275,3452.0
2026-05-17 21:30:00,0.58276,0.58333,0.58262,0.5831,3067.0
2026-05-17 22:00:00,0.58306,0.58338,0.58271,0.5833,1952.0
2026-05-17 22:30:00,0.5833,0.58351,0.583,0.58315,1187.0
2026-05-17 23:00:00,0.58316,0.58372,0.58316,0.58365,1115.0
2026-05-17 23:30:00,0.58363,0.58408,0.58336,0.58402,1354.0
2026-05-18 00:00:00,0.58402,0.58422,0.58367,0.58371,1482.0
2026-05-18 00:30:00,0.5837,0.58396,0.58357,0.58367,1490.0
2026-05-18 01:00:00,0.58368,0.58392,0.58331,0.58392,1745.0
2026-05-18 01:30:00,0.58393,0.58408,0.58378,0.58392,1734.0
2026-05-18 02:00:00,0.58391,0.58472,0.58379,0.5844,2455.0
2026-05-18 02:30:00,0.5844,0.58492,0.58438,0.58492,1778.0
2026-05-18 03:00:00,0.58493,0.58518,0.58446,0.58517,2035.0
2026-05-18 03:30:00,0.58516,0.58558,0.58489,0.58508,2411.0
2026-05-18 04:00:00,0.58508,0.58584,0.58508,0.58576,1867.0
2026-05-18 04:30:00,0.58574,0.58628,0.58568,0.58608,2355.0
2026-05-18 05:00:00,0.58606,0.58618,0.58575,0.58596,1558.0
2026-05-18 05:30:00,0.58596,0.58602,0.58575,0.58576,1505.0
2026-05-18 06:00:00,0.58576,0.58581,0.58542,0.58564,1382.0
2026-05-18 06:30:00,0.58566,0.58582,0.5853,0.58536,1233.0
2026-05-18 07:00:00,0.58536,0.58556,0.5852,0.58526,1793.0
2026-05-18 07:30:00,0.58526,0.58686,0.58523,0.5862,3994.0
2026-05-18 08:00:00,0.5862,0.58664,0.58608,0.58655,2148.0
2026-05-18 08:30:00,0.58656,0.58816,0.5865,0.58776,3761.0
2026-05-18 09:00:00,0.58776,0.58795,0.58731,0.58782,2833.0
2026-05-18 09:30:00,0.58784,0.58812,0.5871,0.58766,3770.0
2026-05-18 10:00:00,0.58767,0.58772,0.58658,0.58671,4203.0
2026-05-18 10:30:00,0.5867,0.58676,0.58609,0.58639,3598.0
2026-05-18 11:00:00,0.5864,0.58645,0.58566,0.58604,3679.0
2026-05-18 11:30:00,0.58604,0.58686,0.5859,0.58664,2538.0
2026-05-18 12:00:00,0.58666,0.58728,0.58641,0.58651,3114.0
2026-05-18 12:30:00,0.5865,0.58738,0.58638,0.58712,2848.0
2026-05-18 13:00:00,0.58712,0.58746,0.5869,0.58726,2332.0
2026-05-18 13:30:00,0.58725,0.58732,0.58712,0.58715,1168.0
2026-05-18 14:00:00,0.58718,0.58719,0.58606,0.58634,2153.0
2026-05-18 14:30:00,0.58636,0.58656,0.58597,0.586,1772.0
2026-05-18 15:00:00,0.586,0.58783,0.586,0.58716,2618.0
2026-05-18 15:30:00,0.58716,0.58802,0.58712,0.58758,2049.0
2026-05-18 16:00:00,0.5876,0.5879,0.58751,0.58784,609.0
2026-05-18 16:30:00,0.58783,0.58784,0.58751,0.58753,361.0
2026-05-18 17:00:00,0.58718,0.58754,0.58702,0.58748,2633.0
2026-05-18 17:30:00,0.58754,0.5876,0.58723,0.58754,1815.0
2026-05-18 18:00:00,0.58756,0.58782,0.58754,0.58778,682.0
2026-05-18 18:30:00,0.58778,0.58784,0.58772,0.58782,377.0
2026-05-18 19:00:00,0.58782,0.58792,0.58764,0.58779,611.0
2026-05-18 19:30:00,0.5878,0.58788,0.58734,0.58736,971.0
2026-05-18 20:00:00,0.58736,0.58754,0.58664,0.58687,3606.0
2026-05-18 20:30:00,0.58688,0.58692,0.58597,0.58602,1874.0
2026-05-18 21:00:00,0.58602,0.58606,0.58563,0.58578,3203.0
2026-05-18 21:30:00,0.58577,0.58628,0.58536,0.58574,2723.0
2026-05-18 22:00:00,0.58571,0.58589,0.58519,0.58568,2170.0
2026-05-18 22:30:00,0.58569,0.58584,0.58538,0.58561,2646.0
2026-05-18 23:00:00,0.5856,0.58582,0.58533,0.58569,1751.0
2026-05-18 23:30:00,0.58568,0.58594,0.58537,0.58546,978.0
2026-05-19 00:00:00,0.58549,0.5858,0.58536,0.58546,1362.0
2026-05-19 00:30:00,0.58547,0.58566,0.58508,0.58516,1516.0
2026-05-19 01:00:00,0.58518,0.5855,0.58496,0.58504,1601.0
2026-05-19 01:30:00,0.58505,0.58576,0.58494,0.58562,2131.0
2026-05-19 02:00:00,0.58562,0.58595,0.58535,0.58574,2236.0
2026-05-19 02:30:00,0.58572,0.586,0.5856,0.58574,2093.0
2026-05-19 03:00:00,0.58571,0.58572,0.5853,0.58564,2504.0
2026-05-19 03:30:00,0.58564,0.58574,0.58506,0.58508,1959.0
2026-05-19 04:00:00,0.58508,0.58515,0.58434,0.58466,2490.0
2026-05-19 04:30:00,0.58465,0.58495,0.58448,0.58458,1713.0
2026-05-19 05:00:00,0.58456,0.58457,0.58394,0.58424,1693.0
2026-05-19 05:30:00,0.58425,0.58446,0.58395,0.58414,1789.0
2026-05-19 06:00:00,0.58414,0.58472,0.58403,0.58456,1246.0
2026-05-19 06:30:00,0.58457,0.58474,0.58368,0.58447,3279.0
2026-05-19 07:00:00,0.58448,0.58464,0.58419,0.58454,1878.0
2026-05-19 07:30:00,0.58454,0.5848,0.58437,0.5844,1533.0
2026-05-19 08:00:00,0.5844,0.58488,0.58425,0.58472,1684.0
2026-05-19 08:30:00,0.5847,0.58478,0.58404,0.58408,2441.0
2026-05-19 09:00:00,0.58405,0.58408,0.5828,0.58289,3245.0
2026-05-19 09:30:00,0.58292,0.58376,0.58266,0.58352,4529.0
2026-05-19 10:00:00,0.58351,0.58375,0.58176,0.58208,4354.0
2026-05-19 10:30:00,0.58208,0.58238,0.58187,0.58228,3229.0
2026-05-19 11:00:00,0.58228,0.58266,0.58218,0.58256,2352.0
2026-05-19 11:30:00,0.58254,0.58319,0.58246,0.5831,2666.0
2026-05-19 12:00:00,0.58312,0.58348,0.58266,0.58342,1993.0
2026-05-19 12:30:00,0.58342,0.5838,0.58339,0.58371,2099.0
2026-05-19 13:00:00,0.58372,0.58412,0.5837,0.58394,1591.0
2026-05-19 13:30:00,0.58394,0.58404,0.58368,0.5839,1549.0
2026-05-19 14:00:00,0.5839,0.58414,0.58362,0.58364,1793.0
2026-05-19 14:30:00,0.58364,0.58384,0.58334,0.58344,1364.0
2026-05-19 15:00:00,0.58344,0.58382,0.58335,0.5835,663.0
2026-05-19 15:30:00,0.58352,0.58377,0.58345,0.58362,841.0
2026-05-19 16:00:00,0.5836,0.58366,0.58342,0.5835,421.0
2026-05-19 16:30:00,0.58352,0.58367,0.58348,0.58352,479.0
2026-05-19 17:00:00,0.58376,0.58402,0.5833,0.58374,433.0
2026-05-19 17:30:00,0.58373,0.58401,0.5837,0.58391,2093.0
2026-05-19 18:00:00,0.58392,0.58392,0.58344,0.58358,510.0
2026-05-19 18:30:00,0.58358,0.5836,0.58348,0.58356,320.0
2026-05-19 19:00:00,0.58359,0.5838,0.58358,0.58375,373.0
2026-05-19 19:30:00,0.58374,0.584,0.5832,0.58324,783.0
2026-05-19 20:00:00,0.58322,0.58322,0.58268,0.58274,3400.0
2026-05-19 20:30:00,0.58276,0.58302,0.58209,0.58214,2092.0
2026-05-19 21:00:00,0.58214,0.5826,0.58163,0.5817,2649.0
2026-05-19 21:30:00,0.5817,0.58248,0.58152,0.58232,3841.0
2026-05-19 22:00:00,0.58235,0.58282,0.58232,0.58243,2217.0
2026-05-19 22:30:00,0.58242,0.58244,0.5818,0.58216,3700.0
2026-05-19 23:00:00,0.58215,0.58296,0.58201,0.58292,1914.0
2026-05-19 23:30:00,0.58292,0.58352,0.58282,0.58336,1485.0
2026-05-20 00:00:00,0.58337,0.58388,0.5833,0.58338,1749.0
2026-05-20 00:30:00,0.58336,0.5834,0.58264,0.58282,1816.0
2026-05-20 01:00:00,0.5828,0.58331,0.58278,0.58288,2317.0
2026-05-20 01:30:00,0.58288,0.58329,0.5826,0.58299,2570.0
2026-05-20 02:00:00,0.58297,0.58388,0.58286,0.58372,2502.0
2026-05-20 02:30:00,0.58372,0.58375,0.58315,0.58343,1899.0
2026-05-20 03:00:00,0.58342,0.58408,0.58331,0.58381,1854.0
2026-05-20 03:30:00,0.5838,0.58382,0.58337,0.58345,1205.0
2026-05-20 04:00:00,0.58344,0.58402,0.58336,0.58366,2210.0
2026-05-20 04:30:00,0.58366,0.58424,0.58358,0.58391,1726.0
2026-05-20 05:00:00,0.5839,0.58424,0.58351,0.58375,1212.0
2026-05-20 05:30:00,0.58372,0.58398,0.58357,0.58368,1179.0
2026-05-20 06:00:00,0.58366,0.58422,0.58364,0.58404,1202.0
2026-05-20 06:30:00,0.58405,0.58462,0.58404,0.58446,1220.0
2026-05-20 07:00:00,0.58446,0.58484,0.58424,0.58482,1142.0
2026-05-20 07:30:00,0.58481,0.58512,0.58438,0.58466,1251.0
2026-05-20 08:00:00,0.58466,0.58491,0.5842,0.58445,1477.0
2026-05-20 08:30:00,0.58446,0.58472,0.58401,0.5841,1409.0
2026-05-20 09:00:00,0.58412,0.5843,0.58376,0.58384,1521.0
2026-05-20 09:30:00,0.58384,0.58461,0.58372,0.58393,3047.0
2026-05-20 10:00:00,0.58396,0.58586,0.58353,0.58572,6169.0
2026-05-20 10:30:00,0.58574,0.58699,0.58571,0.5869,5080.0
2026-05-20 11:00:00,0.5869,0.58881,0.58636,0.58709,6613.0
2026-05-20 11:30:00,0.58708,0.58807,0.5868,0.58688,3765.0
2026-05-20 12:00:00,0.5869,0.58764,0.58673,0.5869,2857.0
2026-05-20 12:30:00,0.58691,0.58736,0.58656,0.5871,3268.0
2026-05-20 13:00:00,0.5871,0.58726,0.58686,0.58714,2479.0
2026-05-20 13:30:00,0.58716,0.58734,0.58678,0.58678,1739.0
2026-05-20 14:00:00,0.58678,0.58735,0.58659,0.5873,1628.0
2026-05-20 14:30:00,0.58732,0.58768,0.58699,0.58756,1322.0
2026-05-20 15:00:00,0.58756,0.58765,0.58741,0.5876,727.0
2026-05-20 15:30:00,0.5876,0.58778,0.58726,0.58738,1175.0
2026-05-20 16:00:00,0.58737,0.5874,0.5871,0.58724,902.0
2026-05-20 16:30:00,0.58726,0.58728,0.58699,0.58702,492.0
2026-05-20 17:00:00,0.58676,0.58718,0.58638,0.58707,325.0
2026-05-20 17:30:00,0.5871,0.5872,0.58682,0.587,903.0
2026-05-20 18:00:00,0.58698,0.58706,0.58681,0.58695,587.0
2026-05-20 18:30:00,0.58696,0.58704,0.58693,0.58702,433.0
2026-05-20 19:00:00,0.58704,0.58706,0.58678,0.58684,382.0
2026-05-20 19:30:00,0.58683,0.58694,0.58668,0.58674,731.0
2026-05-20 20:00:00,0.58676,0.58678,0.58604,0.58644,2327.0
2026-05-20 20:30:00,0.58644,0.58658,0.58626,0.58632,1525.0
2026-05-20 21:00:00,0.58632,0.58696,0.5863,0.58668,2132.0
2026-05-20 21:30:00,0.58668,0.58746,0.5858,0.58585,3206.0
2026-05-20 22:00:00,0.58586,0.58646,0.58536,0.58558,2823.0
2026-05-20 22:30:00,0.58558,0.58588,0.58502,0.58564,3261.0
2026-05-20 23:00:00,0.58564,0.58594,0.58552,0.58578,1844.0
2026-05-20 23:30:00,0.58578,0.58604,0.58568,0.58592,1487.0
2026-05-21 00:00:00,0.58593,0.58638,0.58588,0.58635,1116.0
2026-05-21 00:30:00,0.58634,0.58646,0.58615,0.58634,1411.0
2026-05-21 01:00:00,0.58636,0.5865,0.58588,0.58598,1982.0
2026-05-21 01:30:00,0.586,0.58622,0.58562,0.58618,2020.0
2026-05-21 02:00:00,0.58616,0.58635,0.58567,0.586,2275.0
2026-05-21 02:30:00,0.586,0.58603,0.58516,0.58554,3644.0
2026-05-21 03:00:00,0.58554,0.58578,0.58498,0.58507,2749.0
2026-05-21 03:30:00,0.5851,0.58621,0.58509,0.58591,1664.0
2026-05-21 04:00:00,0.5859,0.58738,0.5858,0.58718,3496.0
2026-05-21 04:30:00,0.58721,0.58721,0.58648,0.58653,2695.0
2026-05-21 05:00:00,0.58651,0.58737,0.58643,0.58732,2117.0
2026-05-21 05:30:00,0.5873,0.58744,0.58674,0.58698,2086.0
2026-05-21 06:00:00,0.587,0.58713,0.58557,0.58576,2572.0
2026-05-21 06:30:00,0.58574,0.58574,0.58492,0.58542,4100.0
2026-05-21 07:00:00,0.58542,0.5865,0.58542,0.58626,2199.0
2026-05-21 07:30:00,0.58626,0.58638,0.58538,0.58556,1671.0
2026-05-21 08:00:00,0.58556,0.58584,0.58536,0.58538,2369.0
2026-05-21 08:30:00,0.58538,0.58628,0.58532,0.58536,3570.0
2026-05-21 09:00:00,0.58535,0.58562,0.5849,0.58532,2514.0
2026-05-21 09:30:00,0.58532,0.5861,0.58462,0.58584,4556.0
2026-05-21 10:00:00,0.58585,0.58594,0.58526,0.58572,3933.0
2026-05-21 10:30:00,0.58574,0.58637,0.58566,0.58612,3452.0
2026-05-21 11:00:00,0.58612,0.58616,0.58508,0.58536,3456.0
2026-05-21 11:30:00,0.58538,0.58566,0.58522,0.58555,2013.0
2026-05-21 12:00:00,0.58558,0.58606,0.58556,0.58599,2459.0
2026-05-21 12:30:00,0.58597,0.5861,0.5857,0.58602,1616.0
2026-05-21 13:00:00,0.58602,0.5881,0.58582,0.58796,4662.0
2026-05-21 13:30:00,0.58794,0.58882,0.5877,0.5883,3891.0
2026-05-21 14:00:00,0.5883,0.5887,0.5877,0.58811,4155.0
2026-05-21 14:30:00,0.58813,0.58824,0.58669,0.58696,2975.0
2026-05-21 15:00:00,0.58696,0.58774,0.58696,0.5877,1233.0
2026-05-21 15:30:00,0.58772,0.58798,0.58724,0.58772,1576.0
2026-05-21 16:00:00,0.58773,0.58784,0.58736,0.58752,518.0
2026-05-21 16:30:00,0.58753,0.58754,0.58732,0.58746,443.0
2026-05-21 17:00:00,0.58776,0.58816,0.58746,0.58794,1343.0
2026-05-21 17:30:00,0.58786,0.58812,0.58706,0.58706,857.0
2026-05-21 18:00:00,0.58709,0.58766,0.58709,0.58752,437.0
2026-05-21 18:30:00,0.58752,0.58788,0.58746,0.58782,499.0
2026-05-21 19:00:00,0.58783,0.58798,0.58757,0.58776,420.0
2026-05-21 19:30:00,0.58774,0.58797,0.58762,0.58778,597.0
2026-05-21 20:00:00,0.5878,0.58784,0.58717,0.58733,1751.0
2026-05-21 20:30:00,0.58735,0.58748,0.58712,0.58729,1652.0
2026-05-21 21:00:00,0.58728,0.5874,0.58696,0.58733,1847.0
2026-05-21 21:30:00,0.58734,0.58784,0.58714,0.58724,2053.0
2026-05-21 22:00:00,0.58722,0.58748,0.58722,0.58734,1313.0
2026-05-21 22:30:00,0.58733,0.58762,0.58718,0.5874,901.0
2026-05-21 23:00:00,0.58738,0.58746,0.58696,0.58712,863.0
2026-05-21 23:30:00,0.58715,0.58722,0.58696,0.58719,576.0
2026-05-22 00:00:00,0.5872,0.5875,0.58718,0.5874,493.0
2026-05-22 00:30:00,0.5874,0.58742,0.58722,0.58741,752.0
2026-05-22 01:00:00,0.5874,0.5876,0.58735,0.58747,993.0
2026-05-22 01:30:00,0.58746,0.5877,0.58692,0.58704,2089.0
2026-05-22 02:00:00,0.58703,0.58726,0.58668,0.58688,2020.0
2026-05-22 02:30:00,0.58688,0.587,0.58654,0.58666,1652.0
2026-05-22 03:00:00,0.58669,0.58669,0.5859,0.58616,1459.0
2026-05-22 03:30:00,0.58617,0.58634,0.58592,0.58634,1298.0
2026-05-22 04:00:00,0.58635,0.58702,0.58608,0.58642,1757.0
2026-05-22 04:30:00,0.58643,0.58656,0.58586,0.58613,1837.0
2026-05-22 05:00:00,0.58612,0.58613,0.58536,0.58558,1661.0
2026-05-22 05:30:00,0.5856,0.58576,0.58544,0.58562,1242.0
2026-05-22 06:00:00,0.58562,0.58586,0.58556,0.58556,1203.0
2026-05-22 06:30:00,0.58556,0.58564,0.58517,0.58538,1332.0
2026-05-22 07:00:00,0.58538,0.58545,0.58508,0.58526,994.0
2026-05-22 07:30:00,0.58524,0.5856,0.58502,0.5853,1413.0
2026-05-22 08:00:00,0.5853,0.58608,0.58502,0.58528,3260.0
2026-05-22 08:30:00,0.58527,0.58592,0.58513,0.58591,1846.0
2026-05-22 09:00:00,0.58593,0.58679,0.5858,0.58601,3118.0
2026-05-22 09:30:00,0.586,0.58612,0.58512,0.58552,2963.0
2026-05-22 10:00:00,0.5855,0.5855,0.58444,0.58484,2882.0
2026-05-22 10:30:00,0.58485,0.58536,0.58465,0.58508,2088.0
2026-05-22 11:00:00,0.58508,0.58551,0.58485,0.58537,2048.0
2026-05-22 11:30:00,0.5854,0.58557,0.58528,0.58542,1710.0
2026-05-22 12:00:00,0.58542,0.58582,0.58522,0.5858,1664.0
2026-05-22 12:30:00,0.58581,0.58594,0.5856,0.58583,1038.0
2026-05-22 13:00:00,0.58584,0.58631,0.5857,0.58628,1958.0
2026-05-22 13:30:00,0.58631,0.58648,0.5859,0.586,1917.0
2026-05-22 14:00:00,0.586,0.58606,0.58573,0.58583,1055.0
2026-05-22 14:30:00,0.58582,0.58608,0.5857,0.58582,642.0
2026-05-22 15:00:00,0.58581,0.58585,0.58544,0.58544,636.0
2026-05-22 15:30:00,0.58546,0.5855,0.5853,0.58538,794.0
2026-05-22 16:00:00,0.58541,0.58544,0.58519,0.58519,254.0
2026-05-22 16:30:00,0.5852,0.5852,0.5847,0.58492,962.0
2026-05-24 17:00:00,0.5881,0.5881,0.58735,0.58735,243.0
2026-05-24 17:30:00,0.58734,0.58744,0.58702,0.58702,191.0
2026-05-24 18:00:00,0.58706,0.58752,0.58698,0.58732,842.0
2026-05-24 18:30:00,0.58732,0.58788,0.58728,0.58776,562.0
2026-05-24 19:00:00,0.58778,0.58804,0.58771,0.58774,577.0
2026-05-24 19:30:00,0.58772,0.58778,0.5872,0.58723,1049.0
2026-05-24 20:00:00,0.58724,0.58756,0.58698,0.58756,1643.0
2026-05-24 20:30:00,0.58756,0.588,0.58714,0.58726,1669.0
2026-05-24 21:00:00,0.58725,0.58819,0.58725,0.58818,1887.0
2026-05-24 21:30:00,0.58815,0.58815,0.58746,0.58747,1254.0
2026-05-24 22:00:00,0.58748,0.58786,0.58748,0.58774,1112.0
2026-05-24 22:30:00,0.58772,0.58778,0.58714,0.58724,941.0
2026-05-24 23:00:00,0.58725,0.58741,0.58712,0.58722,1406.0
2026-05-24 23:30:00,0.58724,0.58732,0.58688,0.58704,1026.0
2026-05-25 00:00:00,0.58703,0.58732,0.58696,0.58729,786.0
2026-05-25 00:30:00,0.5873,0.5878,0.58726,0.58766,811.0
2026-05-25 01:00:00,0.58765,0.58784,0.58753,0.58756,820.0
2026-05-25 01:30:00,0.58757,0.5878,0.58732,0.58739,908.0
2026-05-25 02:00:00,0.58739,0.58761,0.58724,0.58733,1109.0
2026-05-25 02:30:00,0.58733,0.58756,0.58728,0.58738,1008.0
2026-05-25 03:00:00,0.58738,0.58741,0.58623,0.58663,1989.0
2026-05-25 03:30:00,0.58666,0.5871,0.58664,0.58694,1477.0
2026-05-25 04:00:00,0.58697,0.58716,0.58668,0.58688,894.0
2026-05-25 04:30:00,0.58688,0.58725,0.58684,0.58722,842.0
2026-05-25 05:00:00,0.58722,0.58741,0.5871,0.5871,564.0
2026-05-25 05:30:00,0.5871,0.58728,0.58704,0.58704,427.0
2026-05-25 06:00:00,0.58704,0.58716,0.58692,0.58694,548.0
2026-05-25 06:30:00,0.58691,0.58708,0.58686,0.58698,439.0
2026-05-25 07:00:00,0.587,0.58725,0.58677,0.58723,480.0
2026-05-25 07:30:00,0.58725,0.58784,0.58721,0.58742,998.0
2026-05-25 08:00:00,0.5874,0.58764,0.58727,0.5875,856.0
2026-05-25 08:30:00,0.5875,0.58788,0.5875,0.58754,1057.0
2026-05-25 09:00:00,0.58754,0.58767,0.58735,0.58748,788.0
2026-05-25 09:30:00,0.58748,0.58752,0.58703,0.58704,739.0
2026-05-25 10:00:00,0.58703,0.58732,0.58703,0.58722,596.0
2026-05-25 10:30:00,0.58723,0.5876,0.58713,0.58754,751.0
2026-05-25 11:00:00,0.58753,0.5878,0.58716,0.58748,1498.0
2026-05-25 11:30:00,0.58748,0.58764,0.58728,0.58732,392.0
2026-05-25 12:00:00,0.58732,0.58734,0.587,0.58709,347.0
2026-05-25 12:30:00,0.58706,0.58728,0.5869,0.58724,447.0
2026-05-25 13:00:00,0.58724,0.5874,0.58716,0.5874,199.0
2026-05-25 13:30:00,0.58738,0.5874,0.5873,0.58736,282.0
2026-05-25 14:00:00,0.58736,0.58743,0.58727,0.58727,214.0
2026-05-25 14:30:00,0.58728,0.5873,0.58715,0.58726,141.0
2026-05-25 15:00:00,0.58726,0.58727,0.58718,0.58724,170.0
2026-05-25 15:30:00,0.58725,0.58734,0.5872,0.58732,197.0
2026-05-25 16:00:00,0.58733,0.5874,0.58724,0.5874,119.0
2026-05-25 16:30:00,0.5874,0.58744,0.5872,0.58731,249.0
2026-05-25 17:00:00,0.58723,0.58748,0.58683,0.5871,392.0
2026-05-25 17:30:00,0.587,0.58718,0.58677,0.58698,3051.0
2026-05-25 18:00:00,0.58702,0.58716,0.5869,0.58703,465.0
2026-05-25 18:30:00,0.58704,0.58724,0.587,0.58712,266.0
2026-05-25 19:00:00,0.58712,0.58716,0.58684,0.58685,584.0
2026-05-25 19:30:00,0.58686,0.5869,0.58608,0.58612,1002.0
2026-05-25 20:00:00,0.58612,0.58618,0.58554,0.58576,2254.0
2026-05-25 20:30:00,0.58576,0.58605,0.58563,0.58594,1347.0
2026-05-25 21:00:00,0.58594,0.58606,0.58561,0.58569,2149.0
2026-05-25 21:30:00,0.58568,0.58576,0.58506,0.58523,1955.0
2026-05-25 22:00:00,0.58522,0.5855,0.58514,0.58524,1323.0
2026-05-25 22:30:00,0.58525,0.58528,0.5848,0.58516,1044.0
2026-05-25 23:00:00,0.58517,0.58586,0.58515,0.58561,1206.0
2026-05-25 23:30:00,0.58562,0.58571,0.58543,0.58559,684.0
2026-05-26 00:00:00,0.5856,0.5856,0.58534,0.58534,660.0
2026-05-26 00:30:00,0.58533,0.58542,0.58498,0.58498,830.0
2026-05-26 01:00:00,0.58498,0.58501,0.58469,0.58482,1233.0
2026-05-26 01:30:00,0.58481,0.58494,0.58454,0.58461,1120.0
2026-05-26 02:00:00,0.5846,0.58546,0.58451,0.58511,1172.0
2026-05-26 02:30:00,0.58512,0.5854,0.585,0.58514,1205.0
2026-05-26 03:00:00,0.58515,0.58518,0.58443,0.58468,1851.0
2026-05-26 03:30:00,0.58467,0.58505,0.58432,0.58464,1838.0
2026-05-26 04:00:00,0.58465,0.58491,0.58456,0.58481,1733.0
2026-05-26 04:30:00,0.58482,0.5849,0.58442,0.5845,1327.0
2026-05-26 05:00:00,0.58449,0.58459,0.58426,0.58458,1005.0
2026-05-26 05:30:00,0.58457,0.58464,0.58436,0.58457,934.0
2026-05-26 06:00:00,0.58457,0.58458,0.58427,0.58449,1021.0
2026-05-26 06:30:00,0.5845,0.58485,0.58439,0.58468,1602.0
2026-05-26 07:00:00,0.58469,0.58486,0.5846,0.58464,1061.0
2026-05-26 07:30:00,0.58464,0.58478,0.58411,0.58414,1491.0
2026-05-26 08:00:00,0.58411,0.5843,0.58394,0.58425,1314.0
2026-05-26 08:30:00,0.58424,0.58427,0.58398,0.584,765.0
2026-05-26 09:00:00,0.584,0.58417,0.5838,0.58398,1183.0
2026-05-26 09:30:00,0.58397,0.58454,0.58348,0.58394,2334.0
2026-05-26 10:00:00,0.58394,0.58456,0.58378,0.58432,2432.0
2026-05-26 10:30:00,0.5843,0.58449,0.58398,0.58416,2096.0
2026-05-26 11:00:00,0.58413,0.58418,0.58358,0.58366,1764.0
2026-05-26 11:30:00,0.58368,0.58379,0.5833,0.5834,1699.0
2026-05-26 12:00:00,0.5834,0.58373,0.5834,0.58364,1039.0
2026-05-26 12:30:00,0.58365,0.5838,0.58332,0.58344,1122.0
2026-05-26 13:00:00,0.58344,0.58366,0.58344,0.58346,766.0
2026-05-26 13:30:00,0.58347,0.5836,0.5832,0.58326,706.0
2026-05-26 14:00:00,0.58327,0.58356,0.58322,0.58356,648.0
2026-05-26 14:30:00,0.58356,0.58371,0.58344,0.58366,812.0
2026-05-26 15:00:00,0.58366,0.58366,0.58337,0.58353,288.0
2026-05-26 15:30:00,0.58353,0.58387,0.58353,0.58386,444.0
2026-05-26 16:00:00,0.58386,0.5839,0.5836,0.5836,318.0
2026-05-26 16:30:00,0.5836,0.58371,0.58356,0.5837,273.0
2026-05-26 17:00:00,0.58365,0.58372,0.58365,0.5837,126.0
2026-05-26 17:30:00,0.5837,0.58416,0.58362,0.5837,487.0
2026-05-26 18:00:00,0.5837,0.58383,0.58358,0.5836,669.0
2026-05-26 18:30:00,0.5836,0.58376,0.5836,0.58375,436.0
2026-05-26 19:00:00,0.58374,0.58414,0.58374,0.5841,456.0
2026-05-26 19:30:00,0.5841,0.58448,0.58406,0.58418,588.0
2026-05-26 20:00:00,0.58419,0.58455,0.5841,0.58454,1506.0
2026-05-26 20:30:00,0.58453,0.5848,0.58438,0.58456,1366.0
2026-05-26 21:00:00,0.58454,0.58485,0.5845,0.58472,1923.0
2026-05-26 21:30:00,0.58475,0.58476,0.58373,0.58452,2523.0
2026-05-26 22:00:00,0.58454,0.58784,0.58442,0.58754,5215.0
2026-05-26 22:30:00,0.58755,0.58772,0.58705,0.58731,1616.0
2026-05-26 23:00:00,0.5873,0.58784,0.58704,0.5871,1177.0
2026-05-26 23:30:00,0.5871,0.58716,0.58649,0.58662,968.0
2026-05-27 00:00:00,0.5866,0.58721,0.58652,0.58707,1446.0
2026-05-27 00:30:00,0.58706,0.58774,0.58702,0.58774,1281.0
2026-05-27 01:00:00,0.58772,0.58796,0.58754,0.58796,1198.0
2026-05-27 01:30:00,0.58798,0.58802,0.58726,0.58727,2077.0
2026-05-27 02:00:00,0.58724,0.58756,0.58682,0.58718,2094.0
2026-05-27 02:30:00,0.58717,0.58806,0.58684,0.58752,1789.0
2026-05-27 03:00:00,0.58752,0.5879,0.58706,0.5873,1699.0
2026-05-27 03:30:00,0.5873,0.58748,0.58701,0.58718,1590.0
2026-05-27 04:00:00,0.58714,0.58776,0.5871,0.58756,1730.0
2026-05-27 04:30:00,0.58754,0.58787,0.58738,0.58776,1084.0
2026-05-27 05:00:00,0.58779,0.58848,0.58766,0.58824,1132.0
2026-05-27 05:30:00,0.58822,0.58858,0.58814,0.58842,895.0
2026-05-27 06:00:00,0.58842,0.5885,0.58781,0.58796,1197.0
2026-05-27 06:30:00,0.58796,0.58808,0.58776,0.588,1562.0
2026-05-27 07:00:00,0.58803,0.58827,0.58784,0.588,1523.0
2026-05-27 07:30:00,0.58798,0.5888,0.58784,0.58844,1443.0
2026-05-27 08:00:00,0.58846,0.59039,0.58818,0.59018,4221.0
2026-05-27 08:30:00,0.59017,0.59047,0.58936,0.5896,3607.0
2026-05-27 09:00:00,0.58959,0.59048,0.58954,0.5897,2697.0
2026-05-27 09:30:00,0.5897,0.59018,0.58956,0.59017,3141.0
2026-05-27 10:00:00,0.59018,0.5912,0.58986,0.59012,3374.0
2026-05-27 10:30:00,0.5901,0.59046,0.58915,0.58929,4001.0
2026-05-27 11:00:00,0.58928,0.58981,0.58912,0.58968,2764.0
2026-05-27 11:30:00,0.58969,0.58994,0.58898,0.5893,2938.0
2026-05-27 12:00:00,0.58932,0.58947,0.58896,0.5893,2595.0
2026-05-27 12:30:00,0.5893,0.5895,0.58916,0.58938,1652.0
2026-05-27 13:00:00,0.58938,0.58941,0.58866,0.58882,2413.0
2026-05-27 13:30:00,0.5888,0.58928,0.58879,0.58914,1241.0
2026-05-27 14:00:00,0.58912,0.58943,0.589,0.58943,1194.0
2026-05-27 14:30:00,0.58944,0.58978,0.58932,0.58972,670.0
2026-05-27 15:00:00,0.58972,0.59008,0.58972,0.59008,445.0
2026-05-27 15:30:00,0.5901,0.5902,0.58984,0.59004,583.0
2026-05-27 16:00:00,0.59003,0.59027,0.59,0.59022,389.0
2026-05-27 16:30:00,0.59024,0.59032,0.59014,0.59026,468.0
2026-05-27 17:00:00,0.58973,0.59006,0.58959,0.59005,377.0
2026-05-27 17:30:00,0.59006,0.59058,0.58977,0.58977,3176.0
2026-05-27 18:00:00,0.58976,0.5903,0.58972,0.58998,406.0
2026-05-27 18:30:00,0.58997,0.59006,0.58988,0.58997,280.0
2026-05-27 19:00:00,0.58998,0.59016,0.58946,0.58954,661.0
2026-05-27 19:30:00,0.58954,0.58956,0.58902,0.58916,1017.0
2026-05-27 20:00:00,0.58916,0.58974,0.58908,0.58969,2480.0
2026-05-27 20:30:00,0.58968,0.59022,0.58947,0.59012,1885.0
2026-05-27 21:00:00,0.59014,0.59108,0.59005,0.59024,2523.0
2026-05-27 21:30:00,0.59024,0.59043,0.58974,0.58984,2067.0
2026-05-27 22:00:00,0.58984,0.59033,0.58984,0.59005,1489.0
2026-05-27 22:30:00,0.59007,0.59016,0.58905,0.58916,1639.0
2026-05-27 23:00:00,0.58912,0.5895,0.58822,0.58842,2482.0
2026-05-27 23:30:00,0.5884,0.58842,0.5872,0.58734,3603.0
2026-05-28 00:00:00,0.58732,0.58752,0.58676,0.58684,2315.0
2026-05-28 00:30:00,0.58684,0.58716,0.58644,0.58662,1537.0
2026-05-28 01:00:00,0.58664,0.58742,0.58664,0.58716,1722.0
2026-05-28 01:30:00,0.58719,0.58798,0.58712,0.58778,1696.0
2026-05-28 02:00:00,0.58778,0.58872,0.58768,0.58848,1884.0
2026-05-28 02:30:00,0.58849,0.58882,0.58842,0.58868,1412.0
2026-05-28 03:00:00,0.58869,0.58928,0.58869,0.58887,3011.0
2026-05-28 03:30:00,0.58888,0.58903,0.58858,0.5888,1853.0
2026-05-28 04:00:00,0.58883,0.58896,0.58822,0.5885,1606.0
2026-05-28 04:30:00,0.58852,0.58876,0.58846,0.58872,1088.0
2026-05-28 05:00:00,0.5887,0.58917,0.58861,0.58913,1224.0
2026-05-28 05:30:00,0.58912,0.58932,0.58898,0.58912,1510.0
2026-05-28 06:00:00,0.58912,0.58946,0.58894,0.58937,1524.0
2026-05-28 06:30:00,0.58936,0.58937,0.5885,0.5885,2107.0
2026-05-28 07:00:00,0.5885,0.589,0.58847,0.58892,2067.0
2026-05-28 07:30:00,0.58892,0.58918,0.58878,0.58906,1426.0
2026-05-28 08:00:00,0.58907,0.5897,0.58904,0.58966,1553.0
2026-05-28 08:30:00,0.58968,0.59088,0.58966,0.59074,2691.0
2026-05-28 09:00:00,0.59076,0.5913,0.59056,0.59068,2349.0
2026-05-28 09:30:00,0.59068,0.59082,0.5902,0.59032,2624.0
2026-05-28 10:00:00,0.59033,0.59232,0.59012,0.59218,6626.0
2026-05-28 10:30:00,0.59218,0.59271,0.59166,0.59199,4503.0
2026-05-28 11:00:00,0.59199,0.59308,0.59199,0.59284,3253.0
2026-05-28 11:30:00,0.59282,0.59312,0.59252,0.59258,1999.0
2026-05-28 12:00:00,0.59257,0.59358,0.59242,0.59328,2225.0
2026-05-28 12:30:00,0.59327,0.59339,0.59304,0.59333,1597.0
2026-05-28 13:00:00,0.59333,0.59339,0.59292,0.59296,1389.0
2026-05-28 13:30:00,0.59298,0.59331,0.59298,0.59326,1101.0
2026-05-28 14:00:00,0.59324,0.59346,0.59286,0.5929,2303.0
2026-05-28 14:30:00,0.5929,0.59302,0.59272,0.59298,1046.0
2026-05-28 15:00:00,0.59298,0.59318,0.59292,0.59318,429.0
2026-05-28 15:30:00,0.5932,0.59341,0.59296,0.59298,670.0
2026-05-28 16:00:00,0.59296,0.59312,0.59288,0.5931,476.0
2026-05-28 16:30:00,0.59308,0.59351,0.59308,0.59348,388.0
2026-05-28 17:00:00,0.59308,0.59308,0.59284,0.593,167.0
2026-05-28 17:30:00,0.593,0.59352,0.59289,0.59352,3596.0
2026-05-28 18:00:00,0.59352,0.59354,0.59325,0.59334,599.0
2026-05-28 18:30:00,0.59332,0.59343,0.59323,0.59339,258.0
2026-05-28 19:00:00,0.59339,0.59466,0.59338,0.59422,1631.0
2026-05-28 19:30:00,0.59422,0.59456,0.5941,0.59447,892.0
2026-05-28 20:00:00,0.59448,0.5948,0.59426,0.59468,1940.0
2026-05-28 20:30:00,0.59466,0.59504,0.59437,0.5946,1430.0
2026-05-28 21:00:00,0.59462,0.59563,0.59456,0.59534,2258.0
2026-05-28 21:30:00,0.59533,0.59541,0.59495,0.5951,1699.0
2026-05-28 22:00:00,0.59512,0.59524,0.59484,0.5949,1597.0
2026-05-28 22:30:00,0.59491,0.59527,0.59469,0.5948,1697.0
2026-05-28 23:00:00,0.5948,0.59503,0.59456,0.59503,1097.0
2026-05-28 23:30:00,0.59504,0.59512,0.59472,0.59512,1245.0
2026-05-29 00:00:00,0.59512,0.59592,0.5951,0.5958,1299.0
2026-05-29 00:30:00,0.59579,0.59604,0.59564,0.59585,860.0
2026-05-29 01:00:00,0.59588,0.59616,0.59582,0.59588,968.0
2026-05-29 01:30:00,0.59588,0.59596,0.59563,0.59574,994.0
2026-05-29 02:00:00,0.59576,0.59634,0.59574,0.59584,1525.0
2026-05-29 02:30:00,0.59585,0.59608,0.59556,0.59594,2167.0
2026-05-29 03:00:00,0.59595,0.59614,0.59556,0.5957,2094.0
2026-05-29 03:30:00,0.5957,0.59612,0.59545,0.59611,1857.0
2026-05-29 04:00:00,0.59608,0.59608,0.59552,0.59596,1960.0
2026-05-29 04:30:00,0.59596,0.59614,0.5958,0.59604,1340.0
2026-05-29 05:00:00,0.59605,0.59673,0.59604,0.59639,1840.0
2026-05-29 05:30:00,0.59641,0.59652,0.59608,0.5965,1495.0
2026-05-29 06:00:00,0.5965,0.59664,0.59625,0.59638,1386.0
2026-05-29 06:30:00,0.59637,0.5966,0.59629,0.59656,1337.0
2026-05-29 07:00:00,0.59655,0.59688,0.59649,0.5967,1725.0
2026-05-29 07:30:00,0.5967,0.59742,0.59648,0.5974,1739.0
2026-05-29 08:00:00,0.5974,0.59778,0.59714,0.59755,1810.0
2026-05-29 08:30:00,0.59754,0.59803,0.59726,0.59795,2029.0
2026-05-29 09:00:00,0.59796,0.5985,0.59784,0.5985,1849.0
2026-05-29 09:30:00,0.59849,0.59904,0.59826,0.59829,2465.0
2026-05-29 10:00:00,0.59831,0.59859,0.59808,0.59843,2810.0
2026-05-29 10:30:00,0.59844,0.59903,0.59802,0.59867,4827.0
2026-05-29 11:00:00,0.59864,0.59942,0.59862,0.599,3619.0
2026-05-29 11:30:00,0.59902,0.5994,0.59882,0.59912,3166.0
2026-05-29 12:00:00,0.59912,0.59917,0.59872,0.59888,2223.0
2026-05-29 12:30:00,0.59886,0.59921,0.59873,0.59896,1837.0
2026-05-29 13:00:00,0.59897,0.59903,0.59848,0.5986,1473.0
2026-05-29 13:30:00,0.59862,0.59867,0.59815,0.59816,1261.0
2026-05-29 14:00:00,0.59815,0.59856,0.59806,0.59847,1298.0
2026-05-29 14:30:00,0.59848,0.5988,0.59823,0.59838,1052.0
2026-05-29 15:00:00,0.59837,0.5987,0.5983,0.59866,673.0
2026-05-29 15:30:00,0.59868,0.59908,0.59865,0.59889,1142.0
2026-05-29 16:00:00,0.59888,0.5989,0.59844,0.5987,772.0
2026-05-29 16:30:00,0.5987,0.59898,0.5986,0.59891,904.0
2026-05-31 17:00:00,0.5972,0.5988,0.5972,0.59834,726.0
2026-05-31 17:30:00,0.59832,0.59906,0.59764,0.59826,1134.0
2026-05-31 18:00:00,0.59826,0.59866,0.598,0.59814,589.0
2026-05-31 18:30:00,0.59812,0.59816,0.59784,0.5979,476.0
2026-05-31 19:00:00,0.59788,0.59804,0.59772,0.59803,850.0
2026-05-31 19:30:00,0.59802,0.5983,0.59795,0.59808,984.0
2026-05-31 20:00:00,0.59807,0.59817,0.59738,0.59759,2157.0
2026-05-31 20:30:00,0.5976,0.59796,0.59744,0.5978,1638.0
2026-05-31 21:00:00,0.5978,0.5979,0.59744,0.5975,1334.0
2026-05-31 21:30:00,0.5975,0.59764,0.59722,0.59742,1018.0
2026-05-31 22:00:00,0.59744,0.59756,0.59716,0.59716,804.0
2026-05-31 22:30:00,0.59714,0.59714,0.59668,0.59706,1205.0
2026-05-31 23:00:00,0.59708,0.59722,0.59648,0.59722,1226.0
2026-05-31 23:30:00,0.59722,0.59732,0.59658,0.59668,1188.0
2026-06-01 00:00:00,0.5967,0.59706,0.59668,0.59704,724.0
2026-06-01 00:30:00,0.59707,0.59716,0.59674,0.59694,569.0
2026-06-01 01:00:00,0.59697,0.59735,0.59683,0.59715,907.0
2026-06-01 01:30:00,0.59714,0.59723,0.59692,0.59694,1200.0
2026-06-01 02:00:00,0.59697,0.5973,0.59686,0.59698,1489.0
2026-06-01 02:30:00,0.59698,0.5973,0.59663,0.59722,1617.0
2026-06-01 03:00:00,0.5972,0.59731,0.59698,0.59716,1421.0
2026-06-01 03:30:00,0.59718,0.5973,0.59654,0.5968,1298.0
2026-06-01 04:00:00,0.59682,0.59694,0.59661,0.59672,1199.0
2026-06-01 04:30:00,0.59674,0.59677,0.59626,0.59661,1244.0
2026-06-01 05:00:00,0.59662,0.59666,0.59552,0.5956,1274.0
2026-06-01 05:30:00,0.59562,0.59568,0.59511,0.59518,1156.0
2026-06-01 06:00:00,0.59521,0.59544,0.59501,0.59538,1412.0
2026-06-01 06:30:00,0.59539,0.59568,0.59538,0.59564,1303.0
2026-06-01 07:00:00,0.5956,0.59572,0.59532,0.59569,1075.0
2026-06-01 07:30:00,0.5957,0.5957,0.5954,0.5955,1010.0
2026-06-01 08:00:00,0.59552,0.5956,0.59513,0.59557,1596.0
2026-06-01 08:30:00,0.59556,0.5956,0.5952,0.5955,1850.0
2026-06-01 09:00:00,0.5955,0.59554,0.5931,0.59314,5935.0
2026-06-01 09:30:00,0.59315,0.5933,0.59143,0.59148,5331.0
2026-06-01 10:00:00,0.59146,0.59222,0.59111,0.59201,4312.0
2026-06-01 10:30:00,0.59201,0.59216,0.59146,0.59167,3071.0
2026-06-01 11:00:00,0.59169,0.5926,0.59161,0.59252,2622.0
2026-06-01 11:30:00,0.59252,0.59348,0.59252,0.59296,2810.0
2026-06-01 12:00:00,0.59296,0.59336,0.5924,0.5927,1985.0
2026-06-01 12:30:00,0.5927,0.5938,0.59264,0.5937,2466.0
2026-06-01 13:00:00,0.59372,0.594,0.59331,0.594,1824.0
2026-06-01 13:30:00,0.59403,0.59446,0.59376,0.5942,2602.0
2026-06-01 14:00:00,0.59418,0.5942,0.59382,0.59382,1068.0
2026-06-01 14:30:00,0.59382,0.59394,0.59364,0.59371,695.0
2026-06-01 15:00:00,0.59378,0.59383,0.59366,0.5937,412.0
2026-06-01 15:30:00,0.5937,0.5938,0.5934,0.59356,631.0
2026-06-01 16:00:00,0.59353,0.59378,0.5932,0.59324,325.0
2026-06-01 16:30:00,0.5932,0.59346,0.5932,0.59332,440.0
2026-06-01 17:00:00,0.5933,0.59404,0.59238,0.59328,647.0
2026-06-01 17:30:00,0.59338,0.5942,0.59327,0.59371,4930.0
2026-06-01 18:00:00,0.59377,0.59387,0.59324,0.59336,536.0
2026-06-01 18:30:00,0.59336,0.59346,0.59329,0.59335,402.0
2026-06-01 19:00:00,0.59336,0.5935,0.59336,0.59344,413.0
2026-06-01 19:30:00,0.59345,0.59364,0.59336,0.59351,534.0
2026-06-01 20:00:00,0.59352,0.59355,0.59278,0.59292,1115.0
2026-06-01 20:30:00,0.59291,0.59308,0.59181,0.59199,1566.0
2026-06-01 21:00:00,0.59202,0.59242,0.59184,0.59228,2118.0
2026-06-01 21:30:00,0.5923,0.5927,0.5919,0.59232,2250.0
2026-06-01 22:00:00,0.59232,0.59302,0.59232,0.59297,1527.0
2026-06-01 22:30:00,0.59297,0.59306,0.59276,0.59292,1248.0
2026-06-01 23:00:00,0.59292,0.59312,0.59278,0.59299,1285.0
2026-06-01 23:30:00,0.59298,0.59344,0.59288,0.59336,1029.0
2026-06-02 00:00:00,0.59336,0.59348,0.59324,0.59328,1081.0
2026-06-02 00:30:00,0.59325,0.5934,0.59315,0.59334,911.0
2026-06-02 01:00:00,0.59336,0.59368,0.5933,0.59364,894.0
2026-06-02 01:30:00,0.59367,0.59378,0.59338,0.5934,834.0
2026-06-02 02:00:00,0.5934,0.59398,0.5933,0.5939,1270.0
2026-06-02 02:30:00,0.5939,0.59456,0.59388,0.59417,1288.0
2026-06-02 03:00:00,0.59418,0.59421,0.59368,0.59378,1503.0
2026-06-02 03:30:00,0.59377,0.59384,0.59344,0.59352,1574.0
2026-06-02 04:00:00,0.59352,0.59384,0.5933,0.59334,1440.0
2026-06-02 04:30:00,0.59333,0.5936,0.59286,0.59292,1136.0
2026-06-02 05:00:00,0.59293,0.59294,0.59234,0.59252,973.0
2026-06-02 05:30:00,0.59253,0.59292,0.59234,0.59291,1148.0
2026-06-02 06:00:00,0.59292,0.59316,0.59276,0.59292,958.0
2026-06-02 06:30:00,0.59294,0.59306,0.5928,0.59295,856.0
2026-06-02 07:00:00,0.59296,0.5931,0.59282,0.59301,955.0
2026-06-02 07:30:00,0.593,0.59356,0.59296,0.59344,1107.0
2026-06-02 08:00:00,0.59344,0.59388,0.5933,0.59356,1417.0
2026-06-02 08:30:00,0.59356,0.59358,0.59285,0.5929,1645.0
2026-06-02 09:00:00,0.59291,0.59324,0.59222,0.59242,2004.0
2026-06-02 09:30:00,0.5924,0.59286,0.5924,0.59267,1906.0
2026-06-02 10:00:00,0.59268,0.59294,0.59221,0.59252,2880.0
2026-06-02 10:30:00,0.59252,0.59309,0.59246,0.59294,1795.0
2026-06-02 11:00:00,0.59294,0.59335,0.59265,0.59302,1507.0
2026-06-02 11:30:00,0.59302,0.59334,0.59293,0.59318,1300.0
2026-06-02 12:00:00,0.59318,0.59341,0.59275,0.59276,1344.0
2026-06-02 12:30:00,0.59276,0.59279,0.59234,0.5925,647.0
2026-06-02 13:00:00,0.5925,0.59262,0.59214,0.59225,751.0
2026-06-02 13:30:00,0.59224,0.59236,0.59196,0.59206,592.0
2026-06-02 14:00:00,0.59207,0.59221,0.59185,0.59214,741.0
2026-06-02 14:30:00,0.59216,0.59254,0.59214,0.59248,771.0
2026-06-02 15:00:00,0.59248,0.59262,0.59248,0.59252,252.0
2026-06-02 15:30:00,0.59254,0.59264,0.59247,0.59262,375.0
2026-06-02 16:00:00,0.59264,0.59271,0.59232,0.59236,314.0
2026-06-02 16:30:00,0.59238,0.59258,0.59234,0.59249,206.0
2026-06-02 17:00:00,0.59307,0.59338,0.59238,0.59247,474.0
2026-06-02 17:30:00,0.59246,0.59294,0.59213,0.59254,846.0
2026-06-02 18:00:00,0.59254,0.5928,0.5924,0.59276,340.0
2026-06-02 18:30:00,0.59279,0.59294,0.59262,0.59275,468.0
2026-06-02 19:00:00,0.59276,0.59284,0.59202,0.59222,969.0
2026-06-02 19:30:00,0.59224,0.59228,0.592,0.59214,1303.0
2026-06-02 20:00:00,0.59212,0.59283,0.59208,0.5928,1942.0
2026-06-02 20:30:00,0.5928,0.59314,0.59272,0.5931,1064.0
2026-06-02 21:00:00,0.5931,0.59316,0.59272,0.59298,1705.0
2026-06-02 21:30:00,0.59297,0.59348,0.59283,0.59334,1419.0
2026-06-02 22:00:00,0.59332,0.59355,0.59322,0.59336,1269.0
2026-06-02 22:30:00,0.59338,0.59338,0.59262,0.59287,1315.0
2026-06-02 23:00:00,0.59288,0.59295,0.59246,0.59251,949.0
2026-06-02 23:30:00,0.59253,0.59255,0.5921,0.59214,727.0
2026-06-03 00:00:00,0.59216,0.59219,0.59172,0.59176,574.0
2026-06-03 00:30:00,0.59176,0.5919,0.59124,0.59132,776.0
2026-06-03 01:00:00,0.59132,0.59148,0.59091,0.59096,845.0
2026-06-03 01:30:00,0.59096,0.59112,0.59068,0.59072,1148.0
2026-06-03 02:00:00,0.59074,0.59088,0.58985,0.59004,1845.0
2026-06-03 02:30:00,0.59002,0.59023,0.58986,0.59018,1893.0
2026-06-03 03:00:00,0.5902,0.59079,0.59004,0.59029,1687.0
2026-06-03 03:30:00,0.59027,0.59086,0.59015,0.5904,2000.0
2026-06-03 04:00:00,0.59042,0.5905,0.58964,0.58985,1608.0
2026-06-03 04:30:00,0.58987,0.59004,0.58933,0.58946,1784.0
2026-06-03 05:00:00,0.58947,0.59006,0.58944,0.58968,1263.0
2026-06-03 05:30:00,0.58969,0.58983,0.58936,0.58942,1266.0
2026-06-03 06:00:00,0.58942,0.5904,0.58936,0.58969,2347.0
2026-06-03 06:30:00,0.5897,0.59003,0.58959,0.58971,949.0
2026-06-03 07:00:00,0.5897,0.58995,0.5897,0.5899,776.0
2026-06-03 07:30:00,0.58992,0.59032,0.58983,0.59009,1088.0
2026-06-03 08:00:00,0.59008,0.59016,0.58918,0.58919,1621.0
2026-06-03 08:30:00,0.58918,0.58933,0.5882,0.58839,1999.0
2026-06-03 09:00:00,0.58836,0.58878,0.58798,0.58818,1332.0
2026-06-03 09:30:00,0.5882,0.58822,0.58718,0.58755,2988.0
2026-06-03 10:00:00,0.58756,0.588,0.5874,0.5879,3112.0
2026-06-03 10:30:00,0.58788,0.58799,0.58734,0.58776,2434.0
2026-06-03 11:00:00,0.58776,0.58779,0.58699,0.5873,2076.0
2026-06-03 11:30:00,0.58727,0.58732,0.5867,0.58696,1653.0
2026-06-03 12:00:00,0.58697,0.58697,0.58634,0.58647,1771.0
2026-06-03 12:30:00,0.58646,0.5866,0.58613,0.58656,1434.0
2026-06-03 13:00:00,0.58656,0.58686,0.58623,0.58624,1023.0
2026-06-03 13:30:00,0.58623,0.58646,0.58614,0.58642,941.0
2026-06-03 14:00:00,0.58642,0.5865,0.5861,0.5863,1078.0
2026-06-03 14:30:00,0.58632,0.5864,0.58608,0.58626,657.0
2026-06-03 15:00:00,0.58626,0.58662,0.58626,0.58636,500.0
2026-06-03 15:30:00,0.58636,0.58661,0.58636,0.58652,567.0
2026-06-03 16:00:00,0.58652,0.58655,0.58605,0.58605,546.0
2026-06-03 16:30:00,0.58606,0.58622,0.58579,0.58596,459.0
2026-06-03 17:00:00,0.58626,0.58643,0.58586,0.58618,329.0
2026-06-03 17:30:00,0.58619,0.58682,0.58594,0.58636,1238.0
2026-06-03 18:00:00,0.58636,0.58657,0.58602,0.58632,662.0
2026-06-03 18:30:00,0.58631,0.58752,0.58631,0.58722,1114.0
2026-06-03 19:00:00,0.58722,0.58734,0.58658,0.58668,871.0
2026-06-03 19:30:00,0.58669,0.58713,0.58663,0.58702,941.0
2026-06-03 20:00:00,0.58702,0.5875,0.58688,0.58726,2277.0
2026-06-03 20:30:00,0.58727,0.58738,0.58698,0.58706,1513.0
2026-06-03 21:00:00,0.58703,0.5872,0.58664,0.58712,1848.0
2026-06-03 21:30:00,0.58714,0.58766,0.58696,0.58714,1977.0
2026-06-03 22:00:00,0.58716,0.58717,0.58667,0.58683,1982.0
2026-06-03 22:30:00,0.58683,0.58722,0.58673,0.58703,946.0
2026-06-03 23:00:00,0.58703,0.58703,0.58656,0.58669,1245.0
2026-06-03 23:30:00,0.58668,0.58704,0.58658,0.58701,1089.0
2026-06-04 00:00:00,0.58702,0.58714,0.58689,0.58706,837.0
2026-06-04 00:30:00,0.58706,0.58756,0.58706,0.5873,1210.0
2026-06-04 01:00:00,0.5873,0.58736,0.58688,0.58695,1203.0
2026-06-04 01:30:00,0.58693,0.58724,0.58682,0.5871,1352.0
2026-06-04 02:00:00,0.5871,0.58748,0.58699,0.5872,1643.0
2026-06-04 02:30:00,0.5872,0.5877,0.5869,0.58704,1309.0
2026-06-04 03:00:00,0.58706,0.5872,0.58672,0.58686,1710.0
2026-06-04 03:30:00,0.58686,0.58696,0.58624,0.5866,1628.0
2026-06-04 04:00:00,0.5866,0.5868,0.5865,0.58665,1375.0
2026-06-04 04:30:00,0.58668,0.58694,0.58636,0.58662,1243.0
2026-06-04 05:00:00,0.58664,0.58716,0.58658,0.58708,1497.0
2026-06-04 05:30:00,0.5871,0.5876,0.58703,0.58735,1539.0
2026-06-04 06:00:00,0.58734,0.5876,0.58722,0.58759,1170.0
2026-06-04 06:30:00,0.5876,0.58781,0.58738,0.58756,948.0
2026-06-04 07:00:00,0.58756,0.58848,0.58752,0.5883,1879.0
2026-06-04 07:30:00,0.58831,0.58866,0.58795,0.58849,1617.0
2026-06-04 08:00:00,0.58848,0.5887,0.58784,0.58805,2335.0
2026-06-04 08:30:00,0.58806,0.5884,0.588,0.58801,1717.0
2026-06-04 09:00:00,0.58802,0.5882,0.58788,0.5881,1718.0
2026-06-04 09:30:00,0.58812,0.5887,0.58802,0.58856,2312.0
2026-06-04 10:00:00,0.58856,0.58873,0.58818,0.58824,1719.0
2026-06-04 10:30:00,0.58824,0.58828,0.58768,0.58809,1964.0
2026-06-04 11:00:00,0.58806,0.58819,0.58772,0.58777,2114.0
2026-06-04 11:30:00,0.58776,0.58792,0.58745,0.58782,1261.0
2026-06-04 12:00:00,0.58783,0.58804,0.58776,0.58788,846.0
2026-06-04 12:30:00,0.58791,0.58794,0.58761,0.58762,874.0
2026-06-04 13:00:00,0.5876,0.58762,0.58744,0.58748,696.0
2026-06-04 13:30:00,0.58748,0.58768,0.5874,0.58746,845.0
2026-06-04 14:00:00,0.58746,0.58758,0.58714,0.58714,594.0
2026-06-04 14:30:00,0.58712,0.58726,0.58692,0.58698,543.0
2026-06-04 15:00:00,0.58698,0.58698,0.58682,0.58686,216.0
2026-06-04 15:30:00,0.58684,0.58694,0.58679,0.58694,371.0
2026-06-04 16:00:00,0.58693,0.58695,0.5867,0.58671,329.0
2026-06-04 16:30:00,0.5867,0.58678,0.58662,0.58668,247.0
2026-06-04 17:00:00,0.58675,0.58709,0.58656,0.58672,425.0
2026-06-04 17:30:00,0.58668,0.5871,0.58648,0.58679,1839.0
2026-06-04 18:00:00,0.58678,0.58686,0.5866,0.58676,230.0
2026-06-04 18:30:00,0.58677,0.58697,0.58673,0.58696,531.0
2026-06-04 19:00:00,0.58696,0.58736,0.58695,0.58727,447.0
2026-06-04 19:30:00,0.58726,0.58726,0.58684,0.58691,457.0
2026-06-04 20:00:00,0.58689,0.587,0.58652,0.58662,1952.0
2026-06-04 20:30:00,0.58663,0.58694,0.58658,0.58659,1054.0
2026-06-04 21:00:00,0.5866,0.58663,0.5851,0.58546,2345.0
2026-06-04 21:30:00,0.58546,0.58602,0.5853,0.58584,1617.0
2026-06-04 22:00:00,0.58585,0.58635,0.58558,0.58628,1484.0
2026-06-04 22:30:00,0.58627,0.58652,0.58608,0.58634,1688.0
2026-06-04 23:00:00,0.58636,0.58656,0.58608,0.58635,1428.0
2026-06-04 23:30:00,0.58636,0.58646,0.58604,0.5861,1478.0
2026-06-05 00:00:00,0.58613,0.58649,0.58608,0.58638,1070.0
2026-06-05 00:30:00,0.58639,0.58694,0.58635,0.58676,903.0
2026-06-05 01:00:00,0.58676,0.58686,0.58668,0.5867,936.0
2026-06-05 01:30:00,0.58669,0.58698,0.58632,0.5864,1127.0
2026-06-05 02:00:00,0.5864,0.58654,0.58597,0.5864,1440.0
2026-06-05 02:30:00,0.58641,0.58687,0.5864,0.58676,1570.0
2026-06-05 03:00:00,0.58676,0.58705,0.5867,0.58698,1732.0
2026-06-05 03:30:00,0.58698,0.58753,0.58694,0.58718,1130.0
2026-06-05 04:00:00,0.58718,0.5877,0.58718,0.5877,1700.0
2026-06-05 04:30:00,0.58769,0.58775,0.58714,0.58716,1006.0
2026-06-05 05:00:00,0.58716,0.58791,0.58698,0.5876,1966.0
2026-06-05 05:30:00,0.5876,0.58806,0.58759,0.58796,1166.0
2026-06-05 06:00:00,0.58796,0.58845,0.58792,0.58838,983.0
2026-06-05 06:30:00,0.58837,0.58847,0.58807,0.58817,884.0
2026-06-05 07:00:00,0.58816,0.58818,0.58775,0.5881,1006.0
2026-06-05 07:30:00,0.58808,0.58822,0.58774,0.58794,977.0
2026-06-05 08:00:00,0.58795,0.58799,0.58726,0.58765,1367.0
2026-06-05 08:30:00,0.58778,0.58778,0.58432,0.58432,5553.0
2026-06-05 09:00:00,0.58432,0.58496,0.58404,0.58408,4806.0
2026-06-05 09:30:00,0.58408,0.58416,0.58302,0.58302,4409.0
2026-06-05 10:00:00,0.58299,0.58335,0.5815,0.5816,4047.0
2026-06-05 10:30:00,0.5816,0.58262,0.58159,0.58252,2803.0
2026-06-05 11:00:00,0.58254,0.58262,0.58158,0.58186,3130.0
2026-06-05 11:30:00,0.58184,0.58198,0.58075,0.58084,2435.0
2026-06-05 12:00:00,0.58085,0.58094,0.58007,0.58024,2709.0
2026-06-05 12:30:00,0.58024,0.581,0.58006,0.58098,2039.0
2026-06-05 13:00:00,0.58101,0.58104,0.58028,0.5806,1685.0
2026-06-05 13:30:00,0.5806,0.58071,0.57997,0.58026,2026.0
2026-06-05 14:00:00,0.58026,0.58028,0.57972,0.57993,1843.0
2026-06-05 14:30:00,0.57994,0.58016,0.57962,0.57966,1738.0
2026-06-05 15:00:00,0.57966,0.57972,0.57922,0.57964,1351.0
2026-06-05 15:30:00,0.57965,0.57994,0.57944,0.57968,1517.0
2026-06-05 16:00:00,0.57968,0.5797,0.57898,0.57918,1233.0
2026-06-05 16:30:00,0.57916,0.57966,0.57904,0.57952,1201.0
2026-06-07 17:00:00,0.57828,0.57837,0.57816,0.57822,95.0
2026-06-07 17:30:00,0.57822,0.57844,0.57818,0.57839,152.0
2026-06-07 18:00:00,0.5784,0.57947,0.57833,0.57894,1478.0
2026-06-07 18:30:00,0.57897,0.57914,0.57838,0.57859,907.0
2026-06-07 19:00:00,0.57861,0.57934,0.57861,0.57904,878.0
2026-06-07 19:30:00,0.57904,0.57965,0.57898,0.57954,838.0
2026-06-07 20:00:00,0.57954,0.5802,0.57943,0.58,1511.0
2026-06-07 20:30:00,0.58,0.58075,0.57998,0.58066,1971.0
2026-06-07 21:00:00,0.58068,0.58082,0.57935,0.57945,3386.0
2026-06-07 21:30:00,0.57946,0.57999,0.57892,0.57988,3914.0
2026-06-07 22:00:00,0.5799,0.58001,0.57908,0.57952,1954.0
2026-06-07 22:30:00,0.57952,0.58033,0.57923,0.5801,1822.0
2026-06-07 23:00:00,0.58012,0.58031,0.57985,0.58008,1409.0
2026-06-07 23:30:00,0.58008,0.58049,0.58006,0.5804,1242.0
2026-06-08 00:00:00,0.5804,0.58084,0.58024,0.58072,1480.0
2026-06-08 00:30:00,0.58072,0.58076,0.58013,0.58021,1366.0
2026-06-08 01:00:00,0.58022,0.58084,0.58014,0.5805,1933.0
2026-06-08 01:30:00,0.58049,0.58052,0.57944,0.57962,2962.0
2026-06-08 02:00:00,0.57961,0.58028,0.57957,0.58016,2631.0
2026-06-08 02:30:00,0.58015,0.58016,0.57942,0.5798,2683.0
2026-06-08 03:00:00,0.57982,0.58089,0.57972,0.58071,2685.0
2026-06-08 03:30:00,0.58072,0.58082,0.58014,0.58014,1705.0
2026-06-08 04:00:00,0.58016,0.58068,0.57994,0.58068,1548.0
2026-06-08 04:30:00,0.58066,0.58072,0.57992,0.58026,1781.0
2026-06-08 05:00:00,0.58025,0.58052,0.57996,0.57996,1523.0
2026-06-08 05:30:00,0.57994,0.58108,0.57974,0.581,2593.0
2026-06-08 06:00:00,0.58102,0.58117,0.58059,0.58095,1700.0
2026-06-08 06:30:00,0.58096,0.58191,0.5809,0.58156,2337.0
2026-06-08 07:00:00,0.58156,0.58372,0.58146,0.58314,3033.0
2026-06-08 07:30:00,0.58314,0.58354,0.58264,0.58267,1947.0
2026-06-08 08:00:00,0.5827,0.5832,0.5826,0.58286,2478.0
2026-06-08 08:30:00,0.58286,0.58325,0.58252,0.58292,2099.0
2026-06-08 09:00:00,0.58294,0.58328,0.5826,0.583,2603.0
2026-06-08 09:30:00,0.583,0.58316,0.5816,0.58161,3816.0
2026-06-08 10:00:00,0.58158,0.58198,0.5809,0.5811,2974.0
2026-06-08 10:30:00,0.5811,0.58216,0.58107,0.58206,2680.0
2026-06-08 11:00:00,0.58208,0.58244,0.5817,0.58172,2464.0
2026-06-08 11:30:00,0.58171,0.58182,0.58122,0.58162,2083.0
2026-06-08 12:00:00,0.58162,0.58188,0.58151,0.58152,1871.0
2026-06-08 12:30:00,0.58152,0.58177,0.58143,0.58144,1551.0
2026-06-08 13:00:00,0.58144,0.58146,0.58107,0.5814,1853.0
2026-06-08 13:30:00,0.5814,0.58142,0.58102,0.58132,1825.0
2026-06-08 14:00:00,0.58134,0.58176,0.58132,0.58162,1399.0
2026-06-08 14:30:00,0.58162,0.58174,0.58096,0.58102,1061.0
2026-06-08 15:00:00,0.58102,0.58104,0.58076,0.58094,866.0
2026-06-08 15:30:00,0.58094,0.58116,0.58088,0.58092,1264.0
2026-06-08 16:00:00,0.58092,0.58118,0.58088,0.58118,699.0
2026-06-08 16:30:00,0.5812,0.5812,0.5808,0.58093,601.0
2026-06-08 17:00:00,0.58114,0.58124,0.58098,0.58102,196.0
2026-06-08 17:30:00,0.5811,0.5813,0.581,0.58114,268.0
2026-06-08 18:00:00,0.5812,0.58134,0.58078,0.5808,593.0
2026-06-08 18:30:00,0.5808,0.58089,0.58073,0.58086,208.0
2026-06-08 19:00:00,0.58085,0.58094,0.58061,0.58065,254.0
2026-06-08 19:30:00,0.58062,0.58062,0.58023,0.58025,539.0
2026-06-08 20:00:00,0.58022,0.5803,0.5799,0.5802,1887.0
2026-06-08 20:30:00,0.58022,0.58048,0.58007,0.58046,1284.0
2026-06-08 21:00:00,0.58048,0.58135,0.58044,0.58121,2301.0
2026-06-08 21:30:00,0.58121,0.58166,0.58111,0.58161,2110.0
2026-06-08 22:00:00,0.58161,0.58182,0.5813,0.58139,1815.0
2026-06-08 22:30:00,0.58139,0.58156,0.58107,0.58122,1433.0
2026-06-08 23:00:00,0.58121,0.5817,0.58105,0.58136,1350.0
2026-06-08 23:30:00,0.58136,0.58217,0.58136,0.58192,1378.0
2026-06-09 00:00:00,0.58191,0.58226,0.58176,0.58222,959.0
2026-06-09 00:30:00,0.5822,0.58304,0.5821,0.58286,1282.0
2026-06-09 01:00:00,0.58286,0.58327,0.58271,0.58314,1587.0
2026-06-09 01:30:00,0.58313,0.5842,0.58312,0.58392,2129.0
2026-06-09 02:00:00,0.58393,0.58479,0.5838,0.58414,2013.0
2026-06-09 02:30:00,0.58414,0.58414,0.58338,0.58368,1562.0
2026-06-09 03:00:00,0.5837,0.58394,0.58303,0.58314,1804.0
2026-06-09 03:30:00,0.58315,0.58318,0.58249,0.58256,1599.0
2026-06-09 04:00:00,0.58254,0.58326,0.58217,0.5828,2511.0
2026-06-09 04:30:00,0.58281,0.58312,0.58264,0.58312,1219.0
2026-06-09 05:00:00,0.58313,0.58346,0.58302,0.58304,1490.0
2026-06-09 05:30:00,0.58303,0.58338,0.5829,0.58308,1456.0
2026-06-09 06:00:00,0.58308,0.58361,0.58283,0.58356,1805.0
2026-06-09 06:30:00,0.58357,0.58384,0.58324,0.58375,1104.0
2026-06-09 07:00:00,0.58375,0.58422,0.58372,0.58405,1172.0
2026-06-09 07:30:00,0.58406,0.58426,0.58376,0.58416,997.0
2026-06-09 08:00:00,0.58415,0.58431,0.584,0.58403,1272.0
2026-06-09 08:30:00,0.58402,0.58426,0.58372,0.58388,1226.0
2026-06-09 09:00:00,0.5839,0.58422,0.58363,0.58385,1724.0
2026-06-09 09:30:00,0.58386,0.5846,0.58334,0.58354,2940.0
2026-06-09 10:00:00,0.58353,0.5842,0.58294,0.5834,3674.0
2026-06-09 10:30:00,0.58338,0.5835,0.58253,0.58331,4442.0
2026-06-09 11:00:00,0.5833,0.58375,0.58256,0.58261,3721.0
2026-06-09 11:30:00,0.5826,0.58275,0.58177,0.58226,5025.0
2026-06-09 12:00:00,0.58226,0.58253,0.5814,0.58169,5078.0
2026-06-09 12:30:00,0.58168,0.58175,0.58006,0.5811,6433.0
2026-06-09 13:00:00,0.58112,0.58216,0.58104,0.5819,4333.0
2026-06-09 13:30:00,0.5819,0.58231,0.58178,0.58196,3282.0
2026-06-09 14:00:00,0.58197,0.5823,0.5818,0.5822,3082.0
2026-06-09 14:30:00,0.5822,0.58239,0.58184,0.58208,1705.0
2026-06-09 15:00:00,0.58208,0.58208,0.58111,0.58128,1969.0
2026-06-09 15:30:00,0.58129,0.58172,0.58121,0.58156,2052.0
2026-06-09 16:00:00,0.58156,0.5816,0.58132,0.58144,939.0
2026-06-09 16:30:00,0.58144,0.58166,0.58139,0.58165,907.0
2026-06-09 17:00:00,0.58164,0.582,0.58122,0.58122,919.0
2026-06-09 17:30:00,0.58125,0.58187,0.58064,0.58153,1991.0
2026-06-09 18:00:00,0.58154,0.58164,0.581,0.58125,548.0
2026-06-09 18:30:00,0.58126,0.58127,0.58078,0.58089,636.0
2026-06-09 19:00:00,0.58091,0.58115,0.58055,0.58058,642.0
2026-06-09 19:30:00,0.58056,0.5809,0.58052,0.58086,970.0
2026-06-09 20:00:00,0.58084,0.5819,0.58067,0.58186,2980.0
2026-06-09 20:30:00,0.58189,0.5819,0.58085,0.58171,3677.0
2026-06-09 21:00:00,0.58172,0.58218,0.58141,0.5819,3562.0
2026-06-09 21:30:00,0.5819,0.5823,0.58176,0.58177,3268.0
2026-06-09 22:00:00,0.58178,0.58208,0.58152,0.58206,2197.0
2026-06-09 22:30:00,0.58208,0.5822,0.58159,0.58165,2142.0
2026-06-09 23:00:00,0.58164,0.58235,0.58163,0.582,1909.0
2026-06-09 23:30:00,0.58201,0.5823,0.58179,0.5822,1369.0
2026-06-10 00:00:00,0.5822,0.58224,0.58177,0.58188,1370.0
2026-06-10 00:30:00,0.58188,0.5819,0.58136,0.58142,2034.0
2026-06-10 01:00:00,0.58141,0.5816,0.58096,0.58158,2141.0
2026-06-10 01:30:00,0.58159,0.58202,0.58146,0.58156,2556.0
2026-06-10 02:00:00,0.58157,0.58199,0.58134,0.58165,1881.0
2026-06-10 02:30:00,0.58164,0.58206,0.58126,0.58129,1994.0
2026-06-10 03:00:00,0.58128,0.5818,0.58113,0.58147,1847.0
2026-06-10 03:30:00,0.58146,0.58158,0.58118,0.58128,1789.0
2026-06-10 04:00:00,0.58128,0.5813,0.58062,0.58105,2950.0
2026-06-10 04:30:00,0.58106,0.58124,0.58082,0.58102,2160.0
2026-06-10 05:00:00,0.58103,0.58138,0.58081,0.58119,1764.0
2026-06-10 05:30:00,0.5812,0.58154,0.58109,0.58144,1800.0
2026-06-10 06:00:00,0.58144,0.58146,0.58094,0.5812,1220.0
2026-06-10 06:30:00,0.58118,0.58154,0.58108,0.58134,1547.0
2026-06-10 07:00:00,0.58136,0.58138,0.58021,0.58062,5014.0
2026-06-10 07:30:00,0.58061,0.58072,0.58012,0.58038,2745.0
2026-06-10 08:00:00,0.58039,0.58166,0.58027,0.581,2582.0
2026-06-10 08:30:00,0.58098,0.58254,0.58092,0.5813,5779.0
2026-06-10 09:00:00,0.5813,0.5822,0.58129,0.58204,2817.0
2026-06-10 09:30:00,0.58205,0.5833,0.58199,0.58256,4465.0
2026-06-10 10:00:00,0.58256,0.58324,0.58232,0.58246,4228.0
2026-06-10 10:30:00,0.58244,0.58274,0.58214,0.58242,3566.0
2026-06-10 11:00:00,0.5824,0.58283,0.58196,0.58245,3929.0
2026-06-10 11:30:00,0.58245,0.58269,0.5812,0.58215,5577.0
2026-06-10 12:00:00,0.58218,0.58252,0.58198,0.58234,3067.0
2026-06-10 12:30:00,0.58234,0.58261,0.58192,0.58204,2533.0
2026-06-10 13:00:00,0.58204,0.58228,0.58136,0.58137,2806.0
2026-06-10 13:30:00,0.58136,0.58167,0.58088,0.58156,2528.0
2026-06-10 14:00:00,0.58159,0.58204,0.58137,0.58138,2074.0
2026-06-10 14:30:00,0.5814,0.58144,0.58086,0.58106,2197.0
2026-06-10 15:00:00,0.58106,0.5811,0.58044,0.58052,1068.0
2026-06-10 15:30:00,0.58051,0.58066,0.58017,0.58021,1610.0
2026-06-10 16:00:00,0.58022,0.58023,0.57964,0.57994,1165.0
2026-06-10 16:30:00,0.57996,0.58011,0.57952,0.57964,728.0
2026-06-10 17:00:00,0.58102,0.58102,0.57956,0.5796,1215.0
2026-06-10 17:30:00,0.57963,0.57981,0.57916,0.57928,1189.0
2026-06-10 18:00:00,0.57931,0.57951,0.5786,0.57894,838.0
2026-06-10 18:30:00,0.57894,0.5796,0.57894,0.57902,1269.0
2026-06-10 19:00:00,0.57904,0.57965,0.57864,0.57948,2893.0
2026-06-10 19:30:00,0.57949,0.57986,0.57928,0.57935,1377.0
2026-06-10 20:00:00,0.57936,0.58012,0.57925,0.57994,4327.0
2026-06-10 20:30:00,0.57994,0.57996,0.57946,0.5798,2870.0
2026-06-10 21:00:00,0.5798,0.58072,0.57978,0.5806,3577.0
2026-06-10 21:30:00,0.5806,0.5806,0.57996,0.58028,2198.0
2026-06-10 22:00:00,0.58027,0.58028,0.57976,0.57982,1897.0
2026-06-10 22:30:00,0.57983,0.5801,0.57972,0.58,2197.0
2026-06-10 23:00:00,0.58001,0.58008,0.57952,0.5797,1374.0
2026-06-10 23:30:00,0.57968,0.57991,0.57956,0.57965,1356.0
2026-06-11 00:00:00,0.57965,0.5797,0.5793,0.57956,1437.0
2026-06-11 00:30:00,0.57956,0.57998,0.5795,0.57985,1292.0
2026-06-11 01:00:00,0.57986,0.57998,0.57955,0.57966,1268.0
2026-06-11 01:30:00,0.57968,0.57977,0.57934,0.57954,1677.0
2026-06-11 02:00:00,0.57951,0.57955,0.57912,0.57918,2062.0
2026-06-11 02:30:00,0.57919,0.57948,0.579,0.57904,1253.0
2026-06-11 03:00:00,0.57906,0.57962,0.5789,0.57962,1598.0
2026-06-11 03:30:00,0.57964,0.57973,0.5788,0.57903,1113.0
2026-06-11 04:00:00,0.57902,0.5791,0.57854,0.57854,1728.0
2026-06-11 04:30:00,0.57856,0.57868,0.578,0.57818,1278.0
2026-06-11 05:00:00,0.57816,0.57846,0.57804,0.57822,1166.0
2026-06-11 05:30:00,0.57822,0.57865,0.57817,0.57836,1147.0
2026-06-11 06:00:00,0.57834,0.57848,0.57787,0.5779,1030.0
2026-06-11 06:30:00,0.57791,0.5783,0.57786,0.57828,1054.0
2026-06-11 07:00:00,0.57829,0.5785,0.57814,0.57836,1325.0
2026-06-11 07:30:00,0.57836,0.57877,0.57835,0.57856,1597.0
2026-06-11 08:00:00,0.57856,0.57884,0.57722,0.57755,3047.0
2026-06-11 08:30:00,0.57756,0.57833,0.57694,0.57808,5348.0
2026-06-11 09:00:00,0.5781,0.57813,0.5772,0.5777,2825.0
2026-06-11 09:30:00,0.5777,0.57865,0.57764,0.57826,5122.0
2026-06-11 10:00:00,0.57828,0.57836,0.57706,0.5775,3540.0
2026-06-11 10:30:00,0.57752,0.57782,0.57736,0.57748,3040.0
2026-06-11 11:00:00,0.57749,0.57838,0.57739,0.57814,3676.0
2026-06-11 11:30:00,0.57815,0.57832,0.57774,0.57782,2389.0
2026-06-11 12:00:00,0.57783,0.57802,0.57758,0.57764,2333.0
2026-06-11 12:30:00,0.5776,0.57802,0.57749,0.57751,1650.0
2026-06-11 13:00:00,0.57752,0.57898,0.57728,0.57896,2918.0
2026-06-11 13:30:00,0.57897,0.58204,0.57896,0.58156,10396.0
2026-06-11 14:00:00,0.58156,0.5822,0.58056,0.58175,6443.0
2026-06-11 14:30:00,0.58177,0.58249,0.58116,0.58202,2668.0
2026-06-11 15:00:00,0.58202,0.58369,0.58202,0.58362,2721.0
2026-06-11 15:30:00,0.58362,0.58447,0.58362,0.58388,2828.0
2026-06-11 16:00:00,0.58388,0.58444,0.5838,0.58422,1442.0
2026-06-11 16:30:00,0.58422,0.58428,0.58354,0.58364,992.0
2026-06-11 17:00:00,0.58362,0.58436,0.58291,0.58352,986.0
2026-06-11 17:30:00,0.58352,0.58409,0.58282,0.58327,1256.0
2026-06-11 18:00:00,0.58328,0.58388,0.58324,0.5835,770.0
2026-06-11 18:30:00,0.58347,0.58374,0.58314,0.58374,658.0
2026-06-11 19:00:00,0.58376,0.584,0.58301,0.58308,862.0
2026-06-11 19:30:00,0.58308,0.58324,0.58282,0.58318,1084.0
2026-06-11 20:00:00,0.5832,0.58328,0.58238,0.58284,3453.0
2026-06-11 20:30:00,0.58285,0.58301,0.58224,0.58246,3003.0
2026-06-11 21:00:00,0.58246,0.58248,0.58153,0.58166,3491.0
2026-06-11 21:30:00,0.58168,0.58192,0.58144,0.5816,3223.0
2026-06-11 22:00:00,0.5816,0.58206,0.58148,0.58151,1997.0
2026-06-11 22:30:00,0.58152,0.58174,0.58124,0.58172,1553.0
2026-06-11 23:00:00,0.58174,0.58199,0.58139,0.58195,1507.0
2026-06-11 23:30:00,0.58196,0.58254,0.58195,0.58239,1958.0
2026-06-12 00:00:00,0.58238,0.5825,0.58212,0.58242,1543.0
2026-06-12 00:30:00,0.58242,0.58275,0.58233,0.58245,1346.0
2026-06-12 01:00:00,0.58244,0.58256,0.58168,0.5817,1990.0
2026-06-12 01:30:00,0.5817,0.58186,0.58113,0.5812,2626.0
2026-06-12 02:00:00,0.5812,0.58224,0.58119,0.58185,2734.0
2026-06-12 02:30:00,0.58183,0.58204,0.58142,0.58194,2191.0
2026-06-12 03:00:00,0.58196,0.582,0.58134,0.58144,1994.0
2026-06-12 03:30:00,0.58144,0.5821,0.58112,0.58202,2742.0
2026-06-12 04:00:00,0.58202,0.58342,0.5819,0.5826,4532.0
2026-06-12 04:30:00,0.58262,0.58308,0.58256,0.58268,2229.0
2026-06-12 05:00:00,0.58268,0.58388,0.58254,0.58384,2713.0
2026-06-12 05:30:00,0.58384,0.58395,0.58322,0.58338,1888.0
2026-06-12 06:00:00,0.58338,0.58383,0.58258,0.58296,2391.0
2026-06-12 06:30:00,0.58296,0.58343,0.58288,0.5832,2257.0
2026-06-12 07:00:00,0.5832,0.58323,0.58272,0.583,1894.0
2026-06-12 07:30:00,0.58298,0.58326,0.58276,0.58279,1754.0
2026-06-12 08:00:00,0.58277,0.5828,0.58193,0.58194,1963.0
2026-06-12 08:30:00,0.58194,0.58226,0.58182,0.5821,2422.0
2026-06-12 09:00:00,0.5821,0.58308,0.58194,0.58306,1934.0
2026-06-12 09:30:00,0.5831,0.5833,0.58201,0.58225,5684.0
2026-06-12 10:00:00,0.58228,0.58306,0.58222,0.5824,3544.0
2026-06-12 10:30:00,0.58238,0.58322,0.58196,0.58304,4934.0
2026-06-12 11:00:00,0.58305,0.58381,0.5828,0.58366,3175.0
2026-06-12 11:30:00,0.58365,0.58379,0.58276,0.58278,3495.0
2026-06-12 12:00:00,0.58276,0.58344,0.5826,0.5832,3789.0
2026-06-12 12:30:00,0.58322,0.58354,0.58316,0.58335,2449.0
2026-06-12 13:00:00,0.58336,0.58364,0.58318,0.58343,1663.0
2026-06-12 13:30:00,0.58345,0.58345,0.58316,0.5833,1358.0
2026-06-12 14:00:00,0.58331,0.58338,0.58304,0.58336,1306.0
2026-06-12 14:30:00,0.58336,0.58362,0.58327,0.5833,917.0
2026-06-12 15:00:00,0.5833,0.58359,0.5832,0.58338,558.0
2026-06-12 15:30:00,0.58338,0.58341,0.58305,0.58326,1121.0
2026-06-12 16:00:00,0.58326,0.58329,0.58306,0.58306,562.0
2026-06-12 16:30:00,0.58306,0.58316,0.58288,0.58307,792.0
2026-06-14 17:00:00,0.58318,0.58378,0.5823,0.58376,247.0
2026-06-14 17:30:00,0.58374,0.58596,0.58366,0.58538,1446.0
2026-06-14 18:00:00,0.58538,0.58641,0.5853,0.58592,2456.0
2026-06-14 18:30:00,0.58592,0.58605,0.58553,0.5857,1185.0
2026-06-14 19:00:00,0.58569,0.58578,0.58502,0.58526,2754.0
2026-06-14 19:30:00,0.58526,0.58604,0.58514,0.58544,1478.0
2026-06-14 20:00:00,0.58543,0.58576,0.58524,0.58544,2276.0
2026-06-14 20:30:00,0.58544,0.58565,0.58446,0.5845,1733.0
2026-06-14 21:00:00,0.5845,0.58496,0.58424,0.58484,1977.0
2026-06-14 21:30:00,0.58486,0.5852,0.58456,0.5849,1527.0
2026-06-14 22:00:00,0.5849,0.58498,0.5845,0.58496,1122.0
2026-06-14 22:30:00,0.58498,0.5851,0.5848,0.58492,1014.0
2026-06-14 23:00:00,0.58493,0.5852,0.5848,0.58488,889.0
2026-06-14 23:30:00,0.58488,0.5854,0.58472,0.58516,867.0
2026-06-15 00:00:00,0.58518,0.58544,0.58498,0.58544,761.0
2026-06-15 00:30:00,0.58542,0.58564,0.58536,0.5856,732.0
2026-06-15 01:00:00,0.58561,0.5863,0.58559,0.5862,1228.0
2026-06-15 01:30:00,0.58622,0.58624,0.58564,0.58568,1288.0
2026-06-15 02:00:00,0.58569,0.58584,0.58497,0.58503,1438.0
2026-06-15 02:30:00,0.58502,0.58518,0.58468,0.58497,1263.0
2026-06-15 03:00:00,0.58498,0.58509,0.58458,0.58484,1600.0
2026-06-15 03:30:00,0.58483,0.58485,0.58408,0.5846,1467.0
2026-06-15 04:00:00,0.5846,0.58496,0.58442,0.58464,1594.0
2026-06-15 04:30:00,0.58466,0.58496,0.58414,0.58448,1400.0
2026-06-15 05:00:00,0.58448,0.58506,0.58436,0.58442,1117.0
2026-06-15 05:30:00,0.58444,0.58466,0.58424,0.58427,973.0
2026-06-15 06:00:00,0.58426,0.58444,0.58397,0.58442,765.0
2026-06-15 06:30:00,0.5844,0.58462,0.58432,0.58432,677.0
2026-06-15 07:00:00,0.58434,0.58446,0.58395,0.58401,874.0
2026-06-15 07:30:00,0.584,0.58426,0.58386,0.58406,1321.0
2026-06-15 08:00:00,0.58405,0.58414,0.5836,0.58398,1269.0
2026-06-15 08:30:00,0.58398,0.5845,0.58398,0.58432,1127.0
2026-06-15 09:00:00,0.5843,0.58452,0.58408,0.58448,1205.0
2026-06-15 09:30:00,0.58449,0.5846,0.58386,0.58422,2192.0
2026-06-15 10:00:00,0.5842,0.58437,0.58392,0.58412,1568.0
2026-06-15 10:30:00,0.58412,0.58442,0.5835,0.58422,2044.0
2026-06-15 11:00:00,0.58419,0.58428,0.58385,0.58386,1328.0
2026-06-15 11:30:00,0.58388,0.58389,0.5834,0.58341,1464.0
2026-06-15 12:00:00,0.58342,0.58364,0.58334,0.58356,1046.0
2026-06-15 12:30:00,0.58356,0.58359,0.58298,0.5832,902.0
2026-06-15 13:00:00,0.5832,0.58323,0.58285,0.58301,928.0
2026-06-15 13:30:00,0.58302,0.58302,0.5827,0.58292,694.0
2026-06-15 14:00:00,0.58291,0.58295,0.58262,0.58265,907.0
2026-06-15 14:30:00,0.58265,0.58278,0.5825,0.58256,821.0
2026-06-15 15:00:00,0.58256,0.58256,0.58228,0.58232,412.0
2026-06-15 15:30:00,0.58233,0.58252,0.58213,0.5822,820.0
2026-06-15 16:00:00,0.58219,0.58234,0.58206,0.58218,498.0
2026-06-15 16:30:00,0.58218,0.58223,0.58198,0.58222,290.0
2026-06-15 17:00:00,0.58276,0.58288,0.58232,0.58264,209.0
2026-06-15 17:30:00,0.58264,0.58287,0.5821,0.58215,1114.0
2026-06-15 18:00:00,0.5821,0.58242,0.58201,0.58207,464.0
2026-06-15 18:30:00,0.58205,0.58246,0.58204,0.58245,358.0
2026-06-15 19:00:00,0.58245,0.58282,0.58245,0.5828,316.0
2026-06-15 19:30:00,0.58278,0.58299,0.58264,0.58265,461.0
2026-06-15 20:00:00,0.58264,0.58274,0.58214,0.58218,1461.0
2026-06-15 20:30:00,0.58215,0.58242,0.58194,0.5822,1129.0
2026-06-15 21:00:00,0.5822,0.58228,0.58148,0.58172,1810.0
2026-06-15 21:30:00,0.58174,0.58196,0.58154,0.58166,1394.0
2026-06-15 22:00:00,0.58166,0.5817,0.581,0.58118,1334.0
2026-06-15 22:30:00,0.58119,0.58142,0.58108,0.5812,725.0
2026-06-15 23:00:00,0.5812,0.58122,0.58074,0.58108,1051.0
2026-06-15 23:30:00,0.5811,0.5813,0.581,0.58112,831.0
2026-06-16 00:00:00,0.58112,0.58118,0.5795,0.57982,1237.0
2026-06-16 00:30:00,0.57978,0.5808,0.57975,0.5808,1261.0
2026-06-16 01:00:00,0.5808,0.58108,0.58064,0.5808,1062.0
2026-06-16 01:30:00,0.58082,0.58104,0.58054,0.58096,1193.0
2026-06-16 02:00:00,0.58095,0.58114,0.58049,0.58079,1402.0
2026-06-16 02:30:00,0.5808,0.58132,0.58074,0.58128,1458.0
2026-06-16 03:00:00,0.58127,0.58154,0.58108,0.58154,1664.0
2026-06-16 03:30:00,0.58154,0.58196,0.58139,0.58194,1388.0
2026-06-16 04:00:00,0.58196,0.5825,0.58177,0.5825,1467.0
2026-06-16 04:30:00,0.58249,0.58272,0.5822,0.58259,983.0
2026-06-16 05:00:00,0.58258,0.58269,0.58232,0.58247,1081.0
2026-06-16 05:30:00,0.58248,0.58284,0.58248,0.58279,895.0
2026-06-16 06:00:00,0.58279,0.58345,0.58278,0.5833,1062.0
2026-06-16 06:30:00,0.5833,0.5837,0.58326,0.58354,899.0
2026-06-16 07:00:00,0.58354,0.58354,0.58288,0.58299,955.0
2026-06-16 07:30:00,0.58298,0.5831,0.58257,0.58281,1180.0
2026-06-16 08:00:00,0.5828,0.58284,0.58232,0.58257,1016.0
2026-06-16 08:30:00,0.58257,0.58324,0.5825,0.58317,1050.0
2026-06-16 09:00:00,0.58316,0.5833,0.58252,0.5827,1209.0
2026-06-16 09:30:00,0.58266,0.58342,0.58266,0.58306,1694.0
2026-06-16 10:00:00,0.58307,0.58353,0.58296,0.58298,1917.0
2026-06-16 10:30:00,0.58296,0.58384,0.58272,0.58364,2133.0
2026-06-16 11:00:00,0.58364,0.58364,0.58324,0.58329,1618.0
2026-06-16 11:30:00,0.5833,0.58426,0.583,0.58395,1946.0
2026-06-16 12:00:00,0.58396,0.58434,0.58392,0.58414,1649.0
2026-06-16 12:30:00,0.58415,0.58416,0.58388,0.58398,1450.0
2026-06-16 13:00:00,0.58397,0.58402,0.58368,0.58372,1301.0
2026-06-16 13:30:00,0.58372,0.58384,0.58355,0.58373,917.0
2026-06-16 14:00:00,0.58372,0.58391,0.58366,0.58377,977.0
2026-06-16 14:30:00,0.58376,0.58378,0.58356,0.58366,769.0
2026-06-16 15:00:00,0.58366,0.58398,0.58366,0.58378,495.0
2026-06-16 15:30:00,0.58376,0.58378,0.58316,0.58326,884.0
2026-06-16 16:00:00,0.58326,0.5833,0.58308,0.5833,350.0
2026-06-16 16:30:00,0.58328,0.5833,0.58306,0.58313,379.0
2026-06-16 17:00:00,0.58277,0.58304,0.5825,0.58275,794.0
2026-06-16 17:30:00,0.5828,0.58309,0.58259,0.58288,1524.0
2026-06-16 18:00:00,0.58288,0.58324,0.58288,0.58303,930.0
2026-06-16 18:30:00,0.58308,0.58324,0.58303,0.58319,441.0
2026-06-16 19:00:00,0.58318,0.58344,0.58312,0.58343,504.0
2026-06-16 19:30:00,0.58342,0.58343,0.58301,0.58303,647.0
2026-06-16 20:00:00,0.58306,0.58344,0.58287,0.58334,1765.0
2026-06-16 20:30:00,0.58332,0.58338,0.58286,0.5831,872.0
2026-06-16 21:00:00,0.5831,0.58354,0.583,0.58322,1297.0
2026-06-16 21:30:00,0.5832,0.58322,0.58287,0.58304,814.0
2026-06-16 22:00:00,0.58304,0.5834,0.58278,0.58328,755.0
2026-06-16 22:30:00,0.58327,0.5833,0.58285,0.58286,750.0
2026-06-16 23:00:00,0.58286,0.58296,0.58256,0.58278,727.0
2026-06-16 23:30:00,0.5828,0.58285,0.58253,0.58254,454.0
2026-06-17 00:00:00,0.58256,0.58282,0.58246,0.58248,714.0
2026-06-17 00:30:00,0.58248,0.58261,0.58242,0.58253,625.0
2026-06-17 01:00:00,0.58253,0.58262,0.58228,0.5824,600.0
2026-06-17 01:30:00,0.58242,0.58244,0.58201,0.58216,556.0
2026-06-17 02:00:00,0.58216,0.58216,0.58161,0.58163,1195.0
2026-06-17 02:30:00,0.58162,0.58205,0.58155,0.58191,932.0
2026-06-17 03:00:00,0.5819,0.58216,0.5818,0.58185,1198.0
2026-06-17 03:30:00,0.58182,0.58225,0.58174,0.58222,1042.0
2026-06-17 04:00:00,0.58223,0.58224,0.58124,0.58149,1319.0
2026-06-17 04:30:00,0.5815,0.58186,0.58145,0.58182,894.0
2026-06-17 05:00:00,0.58181,0.58202,0.58168,0.58184,949.0
2026-06-17 05:30:00,0.58186,0.58192,0.58148,0.58161,665.0
2026-06-17 06:00:00,0.5816,0.58162,0.58112,0.58122,874.0
2026-06-17 06:30:00,0.58122,0.58144,0.58116,0.58125,735.0
2026-06-17 07:00:00,0.58126,0.58142,0.581,0.58104,514.0
2026-06-17 07:30:00,0.58103,0.58106,0.5808,0.58094,848.0
2026-06-17 08:00:00,0.58096,0.58142,0.58089,0.58142,894.0
2026-06-17 08:30:00,0.58144,0.58167,0.58118,0.58165,1053.0
2026-06-17 09:00:00,0.58164,0.58182,0.58144,0.58162,1039.0
2026-06-17 09:30:00,0.58164,0.58201,0.58154,0.58178,1350.0
2026-06-17 10:00:00,0.58176,0.58226,0.58168,0.58221,1278.0
2026-06-17 10:30:00,0.5822,0.58228,0.58111,0.58148,2643.0
2026-06-17 11:00:00,0.58146,0.58164,0.58124,0.5816,2158.0
2026-06-17 11:30:00,0.5816,0.58174,0.58146,0.5816,1278.0
2026-06-17 12:00:00,0.58161,0.58173,0.5813,0.58165,1138.0
2026-06-17 12:30:00,0.58163,0.58174,0.58142,0.58164,957.0
2026-06-17 13:00:00,0.58165,0.58176,0.5814,0.58163,1137.0
2026-06-17 13:30:00,0.58164,0.58205,0.58157,0.58197,1005.0
2026-06-17 14:00:00,0.58185,0.58194,0.57875,0.57904,8777.0
2026-06-17 14:30:00,0.57905,0.58054,0.57804,0.5784,11071.0
2026-06-17 15:00:00,0.5784,0.5784,0.57603,0.57603,6285.0
2026-06-17 15:30:00,0.57602,0.57634,0.57522,0.5762,5904.0
2026-06-17 16:00:00,0.5762,0.57682,0.57594,0.57676,1789.0
2026-06-17 16:30:00,0.57676,0.57705,0.57672,0.57674,1688.0
2026-06-17 17:00:00,0.57728,0.57803,0.5765,0.57712,1330.0
2026-06-17 17:30:00,0.57712,0.57718,0.57662,0.57696,1369.0
2026-06-17 18:00:00,0.57692,0.57726,0.57678,0.5772,510.0
2026-06-17 18:30:00,0.5772,0.57784,0.57716,0.57758,643.0
2026-06-17 19:00:00,0.5776,0.57776,0.57743,0.57765,419.0
2026-06-17 19:30:00,0.57766,0.57768,0.57732,0.57741,781.0
2026-06-17 20:00:00,0.57742,0.5786,0.57742,0.57765,2470.0
2026-06-17 20:30:00,0.57765,0.57816,0.57762,0.57782,1731.0
2026-06-17 21:00:00,0.57782,0.57914,0.57781,0.57899,2213.0
2026-06-17 21:30:00,0.579,0.5792,0.57863,0.57893,1683.0
2026-06-17 22:00:00,0.57894,0.57911,0.57872,0.5791,1080.0
2026-06-17 22:30:00,0.5791,0.57958,0.57901,0.57923,1249.0
2026-06-17 23:00:00,0.57924,0.57966,0.57918,0.57964,1173.0
2026-06-17 23:30:00,0.57964,0.57984,0.57948,0.57978,750.0
2026-06-18 00:00:00,0.57976,0.5799,0.5795,0.57966,1015.0
2026-06-18 00:30:00,0.57965,0.57976,0.57946,0.57953,1056.0
2026-06-18 01:00:00,0.57952,0.57978,0.57935,0.57936,973.0
2026-06-18 01:30:00,0.57936,0.57952,0.57892,0.57896,1126.0
2026-06-18 02:00:00,0.57894,0.57965,0.5788,0.57962,1757.0
2026-06-18 02:30:00,0.57962,0.57963,0.57898,0.57902,1516.0
2026-06-18 03:00:00,0.57902,0.57912,0.57833,0.57852,1819.0
2026-06-18 03:30:00,0.57852,0.57878,0.57793,0.57846,1921.0
2026-06-18 04:00:00,0.57846,0.5785,0.57784,0.57792,1799.0
2026-06-18 04:30:00,0.57792,0.57802,0.5767,0.57682,1814.0
2026-06-18 05:00:00,0.57682,0.57718,0.57641,0.57654,2233.0
2026-06-18 05:30:00,0.57654,0.57702,0.57649,0.57664,1437.0
2026-06-18 06:00:00,0.57664,0.57665,0.57579,0.57652,1857.0
2026-06-18 06:30:00,0.57652,0.5766,0.57588,0.5759,1295.0
2026-06-18 07:00:00,0.57592,0.5762,0.57552,0.57607,1854.0
2026-06-18 07:30:00,0.57602,0.57634,0.57586,0.57596,1756.0
2026-06-18 08:00:00,0.57596,0.5775,0.57588,0.57706,2103.0
2026-06-18 08:30:00,0.57711,0.57726,0.57665,0.57712,2162.0
2026-06-18 09:00:00,0.57711,0.57732,0.57668,0.57732,2781.0
2026-06-18 09:30:00,0.5773,0.57796,0.57721,0.5774,3464.0
2026-06-18 10:00:00,0.57739,0.57758,0.57674,0.57716,3056.0
2026-06-18 10:30:00,0.57715,0.57771,0.57697,0.57755,2434.0
2026-06-18 11:00:00,0.57756,0.57758,0.57662,0.57675,2270.0
2026-06-18 11:30:00,0.57675,0.57686,0.57571,0.57571,2336.0
2026-06-18 12:00:00,0.5757,0.5759,0.57544,0.57582,2117.0
2026-06-18 12:30:00,0.57582,0.57589,0.57542,0.57574,1392.0
2026-06-18 13:00:00,0.57576,0.5761,0.57558,0.57597,1283.0
2026-06-18 13:30:00,0.57596,0.57597,0.57552,0.57552,1009.0
2026-06-18 14:00:00,0.57552,0.57576,0.57534,0.57558,1275.0
2026-06-18 14:30:00,0.57556,0.57574,0.57536,0.57547,1090.0
2026-06-18 15:00:00,0.57547,0.57547,0.5749,0.57501,901.0
2026-06-18 15:30:00,0.57501,0.57576,0.57499,0.57544,1305.0
2026-06-18 16:00:00,0.57544,0.57599,0.57534,0.57591,534.0
2026-06-18 16:30:00,0.5759,0.57596,0.57536,0.57542,508.0
2026-06-18 17:00:00,0.5765,0.57657,0.57512,0.57544,826.0
2026-06-18 17:30:00,0.57546,0.57584,0.57519,0.57542,501.0
2026-06-18 18:00:00,0.57534,0.57566,0.57523,0.57566,459.0
2026-06-18 18:30:00,0.57565,0.57591,0.57565,0.57589,215.0
2026-06-18 19:00:00,0.57588,0.57601,0.57582,0.57586,392.0
2026-06-18 19:30:00,0.57587,0.57588,0.57544,0.57544,470.0
2026-06-18 20:00:00,0.57544,0.5759,0.57542,0.57576,1611.0
2026-06-18 20:30:00,0.57576,0.57627,0.57576,0.576,1294.0
2026-06-18 21:00:00,0.576,0.57608,0.57508,0.5754,1226.0
2026-06-18 21:30:00,0.5754,0.5754,0.57462,0.57466,1363.0
2026-06-18 22:00:00,0.57466,0.57528,0.57462,0.57528,1120.0
2026-06-18 22:30:00,0.57528,0.57544,0.57491,0.575,778.0
2026-06-18 23:00:00,0.57498,0.57506,0.57413,0.57416,1114.0
2026-06-18 23:30:00,0.57417,0.57418,0.57354,0.57359,1224.0
2026-06-19 00:00:00,0.57362,0.57363,0.57322,0.57352,1640.0
2026-06-19 00:30:00,0.57354,0.5737,0.57283,0.57298,1226.0
2026-06-19 01:00:00,0.57299,0.573,0.57232,0.5725,1719.0
2026-06-19 01:30:00,0.57249,0.5735,0.57248,0.57294,1549.0
2026-06-19 02:00:00,0.57293,0.574,0.57293,0.57387,1219.0
2026-06-19 02:30:00,0.57388,0.57409,0.57333,0.57406,1421.0
2026-06-19 03:00:00,0.57406,0.57444,0.57356,0.57366,1846.0
2026-06-19 03:30:00,0.57366,0.57384,0.57334,0.57341,1527.0
2026-06-19 04:00:00,0.57342,0.57422,0.57338,0.574,1695.0
2026-06-19 04:30:00,0.574,0.5743,0.57371,0.5743,1077.0
2026-06-19 05:00:00,0.5743,0.57432,0.57397,0.57415,1270.0
2026-06-19 05:30:00,0.57416,0.57454,0.57415,0.57436,875.0
2026-06-19 06:00:00,0.57437,0.57448,0.574,0.57415,853.0
2026-06-19 06:30:00,0.57416,0.57434,0.57386,0.57412,1339.0
2026-06-19 07:00:00,0.57412,0.5744,0.5739,0.57403,1008.0
2026-06-19 07:30:00,0.57402,0.57431,0.57394,0.57405,940.0
2026-06-19 08:00:00,0.57408,0.5744,0.57406,0.57418,1132.0
2026-06-19 08:30:00,0.57416,0.57494,0.57393,0.5747,2239.0
2026-06-19 09:00:00,0.5747,0.57474,0.57384,0.57395,1554.0
2026-06-19 09:30:00,0.57396,0.574,0.57344,0.57346,1407.0
2026-06-19 10:00:00,0.57346,0.57352,0.57304,0.57314,1220.0
2026-06-19 10:30:00,0.57314,0.57387,0.57308,0.57386,1298.0
2026-06-19 11:00:00,0.57385,0.57404,0.57368,0.57389,1046.0
2026-06-19 11:30:00,0.5739,0.5739,0.57354,0.57366,719.0
2026-06-19 12:00:00,0.57365,0.57392,0.57361,0.57388,414.0
2026-06-19 12:30:00,0.57386,0.57388,0.5736,0.5737,694.0
2026-06-19 13:00:00,0.5737,0.57386,0.5737,0.57386,1509.0
2026-06-19 13:30:00,0.57387,0.5741,0.57384,0.57401,627.0
2026-06-19 14:00:00,0.574,0.57406,0.57392,0.57404,166.0
2026-06-19 14:30:00,0.57404,0.57424,0.57404,0.57409,487.0
2026-06-19 15:00:00,0.5741,0.5744,0.57404,0.57417,4464.0
2026-06-19 15:30:00,0.57419,0.57432,0.57395,0.57398,1771.0
2026-06-19 16:00:00,0.574,0.57422,0.57376,0.57382,4892.0
2026-06-19 16:30:00,0.5738,0.57408,0.57372,0.57385,1521.0
2026-06-21 17:00:00,0.57337,0.57352,0.5732,0.57324,102.0
2026-06-21 17:30:00,0.57326,0.57388,0.57324,0.57338,1039.0
2026-06-21 18:00:00,0.57346,0.57354,0.57311,0.57326,618.0
2026-06-21 18:30:00,0.57326,0.57339,0.57312,0.57334,750.0
2026-06-21 19:00:00,0.57334,0.57367,0.57326,0.57348,1085.0
2026-06-21 19:30:00,0.57348,0.57348,0.57294,0.57338,729.0
2026-06-21 20:00:00,0.57339,0.5736,0.57326,0.57346,1707.0
2026-06-21 20:30:00,0.57344,0.57363,0.57309,0.57361,1199.0
2026-06-21 21:00:00,0.57363,0.57408,0.57358,0.57374,1896.0
2026-06-21 21:30:00,0.57374,0.57374,0.57312,0.57312,1176.0
2026-06-21 22:00:00,0.57314,0.57338,0.57276,0.57302,1056.0
2026-06-21 22:30:00,0.57303,0.57332,0.57298,0.57302,1039.0
2026-06-21 23:00:00,0.57302,0.5733,0.57295,0.57314,1098.0
2026-06-21 23:30:00,0.57315,0.57317,0.57248,0.57265,821.0
2026-06-22 00:00:00,0.57265,0.57275,0.57233,0.57261,1070.0
2026-06-22 00:30:00,0.5726,0.57274,0.57246,0.57258,798.0
2026-06-22 01:00:00,0.57259,0.57304,0.57259,0.573,932.0
2026-06-22 01:30:00,0.57302,0.57325,0.57255,0.57262,1177.0
2026-06-22 02:00:00,0.57262,0.57321,0.57256,0.57298,2096.0
2026-06-22 02:30:00,0.57296,0.57316,0.57258,0.57292,1482.0
2026-06-22 03:00:00,0.57292,0.57308,0.57244,0.57244,1446.0
2026-06-22 03:30:00,0.57244,0.57244,0.57208,0.57221,1466.0
2026-06-22 04:00:00,0.57223,0.5725,0.57186,0.5721,1610.0
2026-06-22 04:30:00,0.5721,0.57248,0.57206,0.57215,1818.0
2026-06-22 05:00:00,0.57216,0.57309,0.57213,0.57288,1812.0
2026-06-22 05:30:00,0.57285,0.5731,0.5727,0.57274,1454.0
2026-06-22 06:00:00,0.57274,0.57326,0.57268,0.57304,1268.0
2026-06-22 06:30:00,0.57304,0.57308,0.57264,0.57268,1168.0
2026-06-22 07:00:00,0.57269,0.5733,0.57248,0.57263,1589.0
2026-06-22 07:30:00,0.57264,0.57282,0.57246,0.5725,1267.0
2026-06-22 08:00:00,0.57252,0.57355,0.57248,0.57342,1763.0
2026-06-22 08:30:00,0.57342,0.57356,0.57296,0.57298,1235.0
2026-06-22 09:00:00,0.57298,0.57338,0.57256,0.57258,2737.0
2026-06-22 09:30:00,0.57259,0.57294,0.57228,0.57228,2544.0
2026-06-22 10:00:00,0.57228,0.57304,0.57214,0.57286,3425.0
2026-06-22 10:30:00,0.57288,0.57334,0.57252,0.5732,3666.0
2026-06-22 11:00:00,0.57319,0.57356,0.5729,0.57296,2390.0
2026-06-22 11:30:00,0.57298,0.57304,0.57194,0.57198,1869.0
2026-06-22 12:00:00,0.572,0.57204,0.57158,0.57177,1967.0
2026-06-22 12:30:00,0.57176,0.57208,0.57168,0.57199,1161.0
2026-06-22 13:00:00,0.572,0.57201,0.57163,0.57163,910.0
2026-06-22 13:30:00,0.57161,0.57168,0.57128,0.5714,948.0
2026-06-22 14:00:00,0.5714,0.57144,0.57128,0.57132,937.0
2026-06-22 14:30:00,0.57134,0.57139,0.57114,0.57116,555.0
2026-06-22 15:00:00,0.57116,0.5712,0.57098,0.57098,449.0
2026-06-22 15:30:00,0.57098,0.57152,0.57094,0.57142,613.0
2026-06-22 16:00:00,0.57144,0.57158,0.57128,0.57128,497.0
2026-06-22 16:30:00,0.57127,0.57138,0.57117,0.57138,527.0
2026-06-22 17:00:00,0.57194,0.57247,0.5714,0.5716,571.0
2026-06-22 17:30:00,0.57164,0.57192,0.5715,0.57154,1139.0
2026-06-22 18:00:00,0.57154,0.57155,0.57128,0.57134,386.0
2026-06-22 18:30:00,0.57134,0.57138,0.5711,0.57133,398.0
2026-06-22 19:00:00,0.57132,0.57145,0.57119,0.57126,353.0
2026-06-22 19:30:00,0.57124,0.57125,0.57094,0.57108,515.0
2026-06-22 20:00:00,0.57107,0.57108,0.57006,0.57023,1769.0
2026-06-22 20:30:00,0.57023,0.5706,0.5701,0.57027,1582.0
2026-06-22 21:00:00,0.57028,0.57047,0.57012,0.57036,1604.0
2026-06-22 21:30:00,0.57036,0.57074,0.57025,0.57047,1731.0
2026-06-22 22:00:00,0.57049,0.57082,0.57018,0.57064,1374.0
2026-06-22 22:30:00,0.57064,0.57083,0.57001,0.57002,1284.0
2026-06-22 23:00:00,0.57004,0.57022,0.56929,0.56988,1524.0
2026-06-22 23:30:00,0.56986,0.57032,0.56958,0.57029,1067.0
2026-06-23 00:00:00,0.57031,0.57034,0.56979,0.56982,981.0
2026-06-23 00:30:00,0.56981,0.56981,0.56922,0.56934,1113.0
2026-06-23 01:00:00,0.56935,0.56946,0.56911,0.56938,1446.0
2026-06-23 01:30:00,0.56937,0.5695,0.56912,0.56937,1611.0
2026-06-23 02:00:00,0.56936,0.56945,0.56894,0.569,2256.0
2026-06-23 02:30:00,0.569,0.56912,0.56843,0.5687,1962.0
2026-06-23 03:00:00,0.5687,0.5694,0.56858,0.56936,2009.0
2026-06-23 03:30:00,0.56934,0.56934,0.5683,0.56844,2144.0
2026-06-23 04:00:00,0.56844,0.56896,0.5683,0.56844,1855.0
2026-06-23 04:30:00,0.56841,0.56864,0.56826,0.56856,1376.0
2026-06-23 05:00:00,0.56855,0.56906,0.56844,0.56892,1371.0
2026-06-23 05:30:00,0.56894,0.5693,0.5688,0.5693,1070.0
2026-06-23 06:00:00,0.56929,0.56952,0.56904,0.56905,1117.0
2026-06-23 06:30:00,0.56904,0.56908,0.56829,0.56848,1386.0
2026-06-23 07:00:00,0.56849,0.56874,0.56826,0.56826,1277.0
2026-06-23 07:30:00,0.56826,0.5683,0.56734,0.56738,1258.0
2026-06-23 08:00:00,0.56739,0.5679,0.5673,0.56735,1868.0
2026-06-23 08:30:00,0.56738,0.56766,0.56709,0.56726,1580.0
2026-06-23 09:00:00,0.56728,0.56773,0.56705,0.56754,1601.0
2026-06-23 09:30:00,0.56756,0.56816,0.56743,0.5677,2611.0
2026-06-23 10:00:00,0.56769,0.56791,0.56733,0.56754,2032.0
2026-06-23 10:30:00,0.56754,0.56803,0.56738,0.56793,2781.0
2026-06-23 11:00:00,0.56792,0.5681,0.56758,0.56759,1980.0
2026-06-23 11:30:00,0.56759,0.56773,0.56682,0.5671,1657.0
2026-06-23 12:00:00,0.5671,0.56734,0.56701,0.56712,1230.0
2026-06-23 12:30:00,0.5671,0.56715,0.56676,0.5668,1139.0
2026-06-23 13:00:00,0.56679,0.56706,0.56669,0.56685,1044.0
2026-06-23 13:30:00,0.56686,0.56697,0.56666,0.56672,985.0
2026-06-23 14:00:00,0.56672,0.56687,0.56656,0.56657,917.0
2026-06-23 14:30:00,0.56657,0.56662,0.56631,0.56654,992.0
2026-06-23 15:00:00,0.56654,0.567,0.56654,0.56684,620.0
2026-06-23 15:30:00,0.56684,0.5669,0.56662,0.56662,922.0
2026-06-23 16:00:00,0.56666,0.56678,0.56657,0.5667,386.0
2026-06-23 16:30:00,0.56669,0.56682,0.56664,0.5668,200.0
2026-06-23 17:00:00,0.5675,0.56764,0.5666,0.56704,581.0
2026-06-23 17:30:00,0.56704,0.56725,0.56688,0.56704,580.0
2026-06-23 18:00:00,0.56704,0.56706,0.5667,0.5668,503.0
2026-06-23 18:30:00,0.56682,0.56694,0.56672,0.5668,267.0
2026-06-23 19:00:00,0.56682,0.56685,0.5664,0.5664,337.0
2026-06-23 19:30:00,0.56638,0.56667,0.56621,0.56638,659.0
2026-06-23 20:00:00,0.5664,0.56698,0.56632,0.56664,2309.0
2026-06-23 20:30:00,0.56664,0.56692,0.5665,0.56658,1549.0
2026-06-23 21:00:00,0.56658,0.56666,0.56612,0.56639,2190.0
2026-06-23 21:30:00,0.56638,0.56654,0.56598,0.56628,1723.0
2026-06-23 22:00:00,0.56628,0.56634,0.56608,0.56622,1079.0
2026-06-23 22:30:00,0.56624,0.56631,0.56522,0.56524,1518.0
2026-06-23 23:00:00,0.56522,0.56556,0.56508,0.56556,1514.0
2026-06-23 23:30:00,0.56556,0.56564,0.56538,0.56538,1412.0
2026-06-24 00:00:00,0.56539,0.5654,0.56506,0.56526,683.0
2026-06-24 00:30:00,0.56527,0.56561,0.56527,0.56538,1040.0
2026-06-24 01:00:00,0.56539,0.5658,0.56536,0.56558,1207.0
2026-06-24 01:30:00,0.5656,0.56578,0.56546,0.56558,846.0
2026-06-24 02:00:00,0.56556,0.56614,0.56554,0.56568,1688.0
2026-06-24 02:30:00,0.56569,0.56583,0.5651,0.5652,1353.0
2026-06-24 03:00:00,0.5652,0.56528,0.56504,0.5652,1389.0
2026-06-24 03:30:00,0.56519,0.56544,0.56469,0.56472,1409.0
2026-06-24 04:00:00,0.56473,0.5649,0.56408,0.56458,1726.0
2026-06-24 04:30:00,0.56459,0.56486,0.56436,0.56468,1217.0
2026-06-24 05:00:00,0.56468,0.56476,0.56398,0.56405,1135.0
2026-06-24 05:30:00,0.56406,0.56435,0.56391,0.56394,1396.0
2026-06-24 06:00:00,0.56394,0.56396,0.56324,0.56328,1376.0
2026-06-24 06:30:00,0.56329,0.56362,0.56312,0.56348,1139.0
2026-06-24 07:00:00,0.56349,0.5637,0.5633,0.56366,1037.0
2026-06-24 07:30:00,0.56366,0.56454,0.56366,0.56414,1790.0
2026-06-24 08:00:00,0.56415,0.56446,0.56362,0.56368,1898.0
2026-06-24 08:30:00,0.56368,0.5637,0.5631,0.56338,1898.0
2026-06-24 09:00:00,0.56338,0.5642,0.56327,0.56412,2293.0
2026-06-24 09:30:00,0.56412,0.56476,0.5639,0.56462,3094.0
2026-06-24 10:00:00,0.5646,0.56483,0.56412,0.56425,2992.0
2026-06-24 10:30:00,0.56424,0.5643,0.56374,0.56414,2450.0
2026-06-24 11:00:00,0.56414,0.56501,0.56404,0.56482,2100.0
2026-06-24 11:30:00,0.5648,0.56483,0.56424,0.56446,1491.0
2026-06-24 12:00:00,0.56446,0.56492,0.56438,0.56492,1638.0
2026-06-24 12:30:00,0.5649,0.56542,0.5649,0.56511,1298.0
2026-06-24 13:00:00,0.56512,0.5652,0.56422,0.56426,1397.0
2026-06-24 13:30:00,0.56427,0.56464,0.56384,0.56386,1865.0
2026-06-24 14:00:00,0.56388,0.56436,0.5637,0.56432,1792.0
2026-06-24 14:30:00,0.56432,0.56448,0.56382,0.56383,1428.0
2026-06-24 15:00:00,0.56383,0.56422,0.56383,0.5641,550.0
2026-06-24 15:30:00,0.56408,0.56456,0.56406,0.56436,1253.0
2026-06-24 16:00:00,0.56436,0.565,0.56426,0.56497,927.0
2026-06-24 16:30:00,0.56498,0.56517,0.56496,0.56506,606.0
2026-06-24 17:00:00,0.56506,0.56547,0.56393,0.56542,571.0
2026-06-24 17:30:00,0.56516,0.56624,0.56439,0.56462,4208.0
2026-06-24 18:00:00,0.56459,0.5651,0.56452,0.5647,362.0
2026-06-24 18:30:00,0.5647,0.56485,0.56454,0.56458,275.0
2026-06-24 19:00:00,0.56459,0.5647,0.56444,0.5646,297.0
2026-06-24 19:30:00,0.56458,0.5646,0.56434,0.56436,401.0
2026-06-24 20:00:00,0.56439,0.56446,0.56404,0.56414,1743.0
2026-06-24 20:30:00,0.56414,0.56456,0.56388,0.56442,1352.0
2026-06-24 21:00:00,0.56442,0.56527,0.5644,0.5648,2152.0
2026-06-24 21:30:00,0.56483,0.56495,0.5638,0.56388,2191.0
2026-06-24 22:00:00,0.56388,0.5642,0.56373,0.56394,1256.0
2026-06-24 22:30:00,0.56393,0.56394,0.56336,0.56383,1210.0
2026-06-24 23:00:00,0.56384,0.56407,0.56372,0.56391,1318.0
2026-06-24 23:30:00,0.56393,0.56437,0.56388,0.56436,872.0
2026-06-25 00:00:00,0.56438,0.56466,0.56424,0.56456,1050.0
2026-06-25 00:30:00,0.56456,0.5648,0.56442,0.56474,580.0
2026-06-25 01:00:00,0.56474,0.56498,0.56449,0.56459,1041.0
2026-06-25 01:30:00,0.56458,0.5648,0.56429,0.56436,1017.0
2026-06-25 02:00:00,0.56434,0.56454,0.56416,0.56419,1097.0
2026-06-25 02:30:00,0.56416,0.56424,0.56368,0.56385,1110.0
2026-06-25 03:00:00,0.56385,0.56414,0.56344,0.56375,1589.0
2026-06-25 03:30:00,0.56376,0.5644,0.56376,0.56438,1181.0
2026-06-25 04:00:00,0.56439,0.56504,0.56439,0.56498,1391.0
2026-06-25 04:30:00,0.56498,0.56509,0.56466,0.56472,1000.0
2026-06-25 05:00:00,0.56471,0.56504,0.56462,0.56504,902.0
2026-06-25 05:30:00,0.56504,0.56514,0.56456,0.56474,847.0
2026-06-25 06:00:00,0.56474,0.56475,0.56424,0.56436,867.0
2026-06-25 06:30:00,0.56438,0.56439,0.56385,0.564,680.0
2026-06-25 07:00:00,0.56399,0.56402,0.5637,0.56372,689.0
2026-06-25 07:30:00,0.56371,0.56381,0.56348,0.5636,1027.0
2026-06-25 08:00:00,0.56361,0.56386,0.56342,0.56346,1027.0
2026-06-25 08:30:00,0.56357,0.56526,0.5635,0.5645,4040.0
2026-06-25 09:00:00,0.56451,0.56496,0.56408,0.56491,2347.0
2026-06-25 09:30:00,0.5649,0.56499,0.56414,0.5643,3555.0
2026-06-25 10:00:00,0.56432,0.56571,0.56401,0.56444,4117.0
2026-06-25 10:30:00,0.56444,0.56516,0.5643,0.56496,2775.0
2026-06-25 11:00:00,0.56497,0.5657,0.56478,0.5656,3186.0
2026-06-25 11:30:00,0.56561,0.5658,0.56522,0.56578,2084.0
2026-06-25 12:00:00,0.5658,0.56614,0.56568,0.56599,1584.0
2026-06-25 12:30:00,0.56598,0.56598,0.56514,0.56522,1437.0
2026-06-25 13:00:00,0.56522,0.56534,0.56507,0.56516,1028.0
2026-06-25 13:30:00,0.56517,0.56532,0.56488,0.56509,1115.0
2026-06-25 14:00:00,0.5651,0.56536,0.56456,0.56532,2070.0
2026-06-25 14:30:00,0.56532,0.56532,0.5648,0.56493,1171.0
2026-06-25 15:00:00,0.56493,0.56514,0.56478,0.56513,734.0
2026-06-25 15:30:00,0.56514,0.56524,0.56461,0.56488,1171.0
2026-06-25 16:00:00,0.56489,0.56502,0.5648,0.56481,688.0
2026-06-25 16:30:00,0.56482,0.56482,0.5647,0.56478,293.0
2026-06-25 17:00:00,0.56489,0.5658,0.56416,0.56448,3031.0
2026-06-25 17:30:00,0.56448,0.56544,0.56438,0.56493,860.0
2026-06-25 18:00:00,0.56492,0.56492,0.56464,0.56474,511.0
2026-06-25 18:30:00,0.56474,0.56484,0.56459,0.56474,271.0
2026-06-25 19:00:00,0.56476,0.56476,0.56442,0.56446,613.0
2026-06-25 19:30:00,0.56446,0.5645,0.56416,0.56424,532.0
2026-06-25 20:00:00,0.56424,0.5645,0.5642,0.5644,1897.0
2026-06-25 20:30:00,0.56442,0.56456,0.5642,0.5642,1566.0
2026-06-25 21:00:00,0.5642,0.56462,0.56416,0.5645,1768.0
2026-06-25 21:30:00,0.56452,0.56459,0.5637,0.56398,1957.0
2026-06-25 22:00:00,0.56399,0.56405,0.56264,0.56274,1683.0
2026-06-25 22:30:00,0.56276,0.56336,0.56272,0.56328,1674.0
2026-06-25 23:00:00,0.56329,0.56363,0.56316,0.5635,1295.0
2026-06-25 23:30:00,0.56351,0.56404,0.56334,0.56403,1673.0
2026-06-26 00:00:00,0.56404,0.56438,0.56395,0.56418,1898.0
2026-06-26 00:30:00,0.56416,0.56424,0.56382,0.5641,1670.0
2026-06-26 01:00:00,0.5641,0.5647,0.56404,0.56465,1686.0
2026-06-26 01:30:00,0.56465,0.56479,0.56437,0.56472,1286.0
2026-06-26 02:00:00,0.56474,0.56476,0.56414,0.5646,1709.0
2026-06-26 02:30:00,0.56461,0.56502,0.5646,0.56474,1483.0
2026-06-26 03:00:00,0.56472,0.56484,0.56445,0.56454,1666.0
2026-06-26 03:30:00,0.56454,0.56506,0.5645,0.56459,1216.0
2026-06-26 04:00:00,0.56458,0.56538,0.56428,0.56536,2071.0
2026-06-26 04:30:00,0.56535,0.56536,0.56481,0.56499,1502.0
2026-06-26 05:00:00,0.56497,0.56533,0.56478,0.56528,1454.0
2026-06-26 05:30:00,0.5653,0.56575,0.56506,0.56534,1410.0
2026-06-26 06:00:00,0.56534,0.56544,0.56505,0.56529,1287.0
2026-06-26 06:30:00,0.5653,0.5655,0.56523,0.56548,1078.0
2026-06-26 07:00:00,0.56549,0.56552,0.56508,0.56526,1255.0
2026-06-26 07:30:00,0.56525,0.56538,0.56462,0.56479,1255.0
2026-06-26 08:00:00,0.56478,0.56512,0.56464,0.56488,1253.0
2026-06-26 08:30:00,0.56487,0.56533,0.5646,0.56513,2080.0
2026-06-26 09:00:00,0.56516,0.56554,0.5647,0.56515,2859.0
2026-06-26 09:30:00,0.56514,0.5655,0.56482,0.5655,3029.0
2026-06-26 10:00:00,0.56549,0.56583,0.56536,0.56554,2526.0
2026-06-26 10:30:00,0.56554,0.56563,0.5645,0.56466,2356.0
2026-06-26 11:00:00,0.56465,0.56506,0.56448,0.56496,1879.0
2026-06-26 11:30:00,0.56498,0.56528,0.56454,0.56494,2257.0
2026-06-26 12:00:00,0.56495,0.56503,0.56433,0.56442,1795.0
2026-06-26 12:30:00,0.56441,0.56459,0.56402,0.56414,1294.0
2026-06-26 13:00:00,0.56412,0.56434,0.56404,0.5641,635.0
2026-06-26 13:30:00,0.56412,0.5642,0.56382,0.56396,754.0
2026-06-26 14:00:00,0.56398,0.5642,0.56388,0.56397,685.0
2026-06-26 14:30:00,0.56398,0.56408,0.5637,0.5637,543.0
2026-06-26 15:00:00,0.56369,0.56388,0.56366,0.5637,485.0
2026-06-26 15:30:00,0.56371,0.56416,0.56367,0.564,767.0
2026-06-26 16:00:00,0.564,0.56422,0.56388,0.5641,941.0
2026-06-26 16:30:00,0.56409,0.56411,0.56352,0.56379,1691.0
2026-06-28 17:00:00,0.5645,0.5645,0.56384,0.5639,197.0
2026-06-28 17:30:00,0.56397,0.56416,0.56384,0.56414,286.0
2026-06-28 18:00:00,0.5641,0.56428,0.56375,0.56395,586.0
2026-06-28 18:30:00,0.56394,0.56414,0.56391,0.56391,291.0
2026-06-28 19:00:00,0.56389,0.56416,0.56386,0.56408,413.0
2026-06-28 19:30:00,0.56406,0.56414,0.56391,0.56398,629.0
2026-06-28 20:00:00,0.56397,0.56413,0.56325,0.56325,2379.0
2026-06-28 20:30:00,0.56326,0.56364,0.56318,0.56355,1700.0
2026-06-28 21:00:00,0.56357,0.56407,0.56327,0.56386,2011.0
2026-06-28 21:30:00,0.56388,0.56434,0.56368,0.56398,2174.0
2026-06-28 22:00:00,0.56398,0.56468,0.56392,0.56463,1568.0
2026-06-28 22:30:00,0.56463,0.56468,0.5642,0.56424,1131.0
2026-06-28 23:00:00,0.56424,0.56462,0.56424,0.5646,706.0
2026-06-28 23:30:00,0.56464,0.56471,0.56432,0.56432,865.0
2026-06-29 00:00:00,0.56432,0.56454,0.56424,0.56452,719.0
2026-06-29 00:30:00,0.56452,0.56462,0.56426,0.56434,853.0
2026-06-29 01:00:00,0.56436,0.56472,0.5643,0.56462,895.0
2026-06-29 01:30:00,0.56462,0.56522,0.56458,0.56518,1062.0
2026-06-29 02:00:00,0.56521,0.56556,0.56504,0.56551,1068.0
2026-06-29 02:30:00,0.5655,0.56588,0.56537,0.56578,1092.0
2026-06-29 03:00:00,0.56576,0.5658,0.5654,0.56563,1440.0
2026-06-29 03:30:00,0.56563,0.56584,0.5653,0.56535,1075.0
2026-06-29 04:00:00,0.56535,0.56547,0.56482,0.56496,1218.0
2026-06-29 04:30:00,0.56497,0.56522,0.56468,0.56489,1184.0
2026-06-29 05:00:00,0.5649,0.5651,0.5648,0.56502,945.0
2026-06-29 05:30:00,0.56502,0.56512,0.56476,0.5651,1005.0
2026-06-29 06:00:00,0.5651,0.56521,0.56497,0.56511,911.0
2026-06-29 06:30:00,0.56512,0.56544,0.56496,0.56538,966.0
2026-06-29 07:00:00,0.56539,0.5656,0.56517,0.56526,861.0
2026-06-29 07:30:00,0.56526,0.56561,0.56512,0.56552,1219.0
2026-06-29 08:00:00,0.56552,0.56554,0.56495,0.56503,1318.0
2026-06-29 08:30:00,0.56504,0.56527,0.56472,0.56504,1252.0
2026-06-29 09:00:00,0.56504,0.56516,0.56482,0.56511,1081.0
2026-06-29 09:30:00,0.56513,0.56524,0.56472,0.56486,2183.0
2026-06-29 10:00:00,0.56488,0.56504,0.564,0.56442,3290.0
2026-06-29 10:30:00,0.5644,0.56462,0.56412,0.56446,2023.0
2026-06-29 11:00:00,0.56446,0.56478,0.56429,0.56468,1637.0
2026-06-29 11:30:00,0.5647,0.56484,0.56434,0.56484,1460.0
2026-06-29 12:00:00,0.56486,0.56512,0.56482,0.56498,961.0
2026-06-29 12:30:00,0.56498,0.5654,0.56494,0.5651,999.0
2026-06-29 13:00:00,0.5651,0.56526,0.5649,0.56502,911.0
2026-06-29 13:30:00,0.56502,0.56522,0.56494,0.56517,716.0
2026-06-29 14:00:00,0.56518,0.56534,0.56516,0.56524,745.0
2026-06-29 14:30:00,0.56526,0.56548,0.56522,0.56534,662.0
2026-06-29 15:00:00,0.56534,0.56541,0.56514,0.56538,386.0
2026-06-29 15:30:00,0.56539,0.56546,0.56533,0.56541,676.0
2026-06-29 16:00:00,0.5654,0.56541,0.56525,0.56534,264.0
2026-06-29 16:30:00,0.56533,0.56533,0.56503,0.56508,203.0
2026-06-29 17:00:00,0.56538,0.56551,0.56512,0.5653,398.0
2026-06-29 17:30:00,0.56532,0.56544,0.56516,0.56532,321.0
2026-06-29 18:00:00,0.56533,0.56533,0.56508,0.56518,345.0
2026-06-29 18:30:00,0.56518,0.56526,0.56512,0.56526,156.0
2026-06-29 19:00:00,0.56525,0.56546,0.56517,0.5654,472.0
2026-06-29 19:30:00,0.5654,0.56543,0.56501,0.56504,325.0
2026-06-29 20:00:00,0.56502,0.56503,0.56446,0.56452,1667.0
2026-06-29 20:30:00,0.56452,0.56478,0.56421,0.56456,1830.0
2026-06-29 21:00:00,0.56456,0.56538,0.56408,0.56536,2348.0
2026-06-29 21:30:00,0.56536,0.56544,0.56446,0.56462,1918.0
2026-06-29 22:00:00,0.56461,0.56474,0.56428,0.56436,1308.0
2026-06-29 22:30:00,0.56434,0.56459,0.56429,0.56457,1181.0
2026-06-29 23:00:00,0.56458,0.56484,0.56453,0.56468,1092.0
2026-06-29 23:30:00,0.56466,0.56484,0.56456,0.56472,779.0
2026-06-30 00:00:00,0.56471,0.56502,0.5647,0.56502,601.0
2026-06-30 00:30:00,0.56502,0.56517,0.56468,0.56468,786.0
2026-06-30 01:00:00,0.56467,0.5651,0.56467,0.56484,1091.0
2026-06-30 01:30:00,0.56484,0.56494,0.56452,0.56458,1324.0
2026-06-30 02:00:00,0.56456,0.5654,0.5645,0.56532,1436.0
2026-06-30 02:30:00,0.56532,0.56564,0.56512,0.56548,1656.0
2026-06-30 03:00:00,0.56549,0.56592,0.56526,0.56584,1099.0
2026-06-30 03:30:00,0.56586,0.56594,0.56534,0.56535,1179.0
2026-06-30 04:00:00,0.56532,0.56558,0.56487,0.56514,1899.0
2026-06-30 04:30:00,0.56516,0.56518,0.56466,0.56518,1333.0
2026-06-30 05:00:00,0.56517,0.5658,0.56512,0.5655,1125.0
2026-06-30 05:30:00,0.56551,0.56559,0.56529,0.5655,1117.0
2026-06-30 06:00:00,0.56552,0.5658,0.56548,0.5657,830.0
2026-06-30 06:30:00,0.5657,0.5663,0.56553,0.56626,899.0
2026-06-30 07:00:00,0.56624,0.56629,0.56579,0.56593,1321.0
2026-06-30 07:30:00,0.56594,0.56608,0.5656,0.56592,1089.0
2026-06-30 08:00:00,0.56594,0.56602,0.56562,0.56565,1339.0
2026-06-30 08:30:00,0.56564,0.56637,0.56558,0.56598,1604.0
2026-06-30 09:00:00,0.56598,0.56676,0.56597,0.56652,1373.0
2026-06-30 09:30:00,0.56654,0.56662,0.56619,0.56631,1757.0
2026-06-30 10:00:00,0.56632,0.56773,0.56592,0.56768,2921.0
2026-06-30 10:30:00,0.56766,0.56904,0.5676,0.56866,3439.0
2026-06-30 11:00:00,0.56866,0.56898,0.56773,0.56773,2578.0
2026-06-30 11:30:00,0.56774,0.56788,0.5674,0.56744,1223.0
2026-06-30 12:00:00,0.56744,0.56752,0.56711,0.56722,1258.0
2026-06-30 12:30:00,0.56726,0.56755,0.56716,0.56732,841.0
2026-06-30 13:00:00,0.56733,0.56766,0.56732,0.56755,972.0
2026-06-30 13:30:00,0.56756,0.56779,0.5675,0.56766,537.0
2026-06-30 14:00:00,0.56766,0.56803,0.56764,0.5679,722.0
2026-06-30 14:30:00,0.56791,0.56821,0.5677,0.56806,739.0
2026-06-30 15:00:00,0.56806,0.56806,0.5677,0.56773,492.0
2026-06-30 15:30:00,0.56773,0.56803,0.56764,0.56796,750.0
2026-06-30 16:00:00,0.56796,0.56803,0.56783,0.56792,514.0
2026-06-30 16:30:00,0.56792,0.56793,0.56758,0.56767,411.0
2026-06-30 17:00:00,0.56757,0.56774,0.56738,0.56754,383.0
2026-06-30 17:30:00,0.5675,0.5681,0.56733,0.56784,794.0
2026-06-30 18:00:00,0.56786,0.56792,0.56765,0.56772,387.0
2026-06-30 18:30:00,0.56771,0.56774,0.56756,0.56766,217.0
2026-06-30 19:00:00,0.56764,0.56778,0.56756,0.56756,278.0
2026-06-30 19:30:00,0.56756,0.56768,0.56739,0.56743,419.0
2026-06-30 20:00:00,0.56746,0.56778,0.56734,0.56744,1262.0
2026-06-30 20:30:00,0.56744,0.5675,0.56684,0.56694,1067.0
2026-06-30 21:00:00,0.56691,0.56694,0.56655,0.56683,1468.0
2026-06-30 21:30:00,0.56682,0.56694,0.56636,0.56654,1429.0
2026-06-30 22:00:00,0.56654,0.56658,0.56612,0.56644,1280.0
2026-06-30 22:30:00,0.56642,0.56674,0.56634,0.56648,906.0
2026-06-30 23:00:00,0.56647,0.56682,0.56647,0.56667,895.0
2026-06-30 23:30:00,0.56668,0.56692,0.56654,0.5669,918.0
2026-07-01 00:00:00,0.56693,0.56696,0.5667,0.56696,670.0
2026-07-01 00:30:00,0.56696,0.5676,0.56694,0.5674,946.0
2026-07-01 01:00:00,0.56739,0.56765,0.56734,0.56759,1003.0
2026-07-01 01:30:00,0.5676,0.56776,0.56747,0.56754,1149.0
2026-07-01 02:00:00,0.56754,0.56762,0.56701,0.56712,1427.0
2026-07-01 02:30:00,0.56712,0.56747,0.56704,0.56746,1269.0
2026-07-01 03:00:00,0.56747,0.56762,0.56706,0.56716,2021.0
2026-07-01 03:30:00,0.56716,0.56782,0.56712,0.56772,1444.0
2026-07-01 04:00:00,0.56772,0.56774,0.56744,0.56768,1141.0
2026-07-01 04:30:00,0.56768,0.5679,0.5675,0.56761,966.0
2026-07-01 05:00:00,0.56758,0.56774,0.56744,0.56756,895.0
2026-07-01 05:30:00,0.56756,0.56764,0.56726,0.56726,911.0
2026-07-01 06:00:00,0.56727,0.5677,0.56718,0.5677,790.0
2026-07-01 06:30:00,0.56771,0.56825,0.5677,0.56815,863.0
2026-07-01 07:00:00,0.56814,0.5682,0.56772,0.56777,955.0
2026-07-01 07:30:00,0.56774,0.56786,0.56741,0.56744,1060.0
2026-07-01 08:00:00,0.56744,0.56761,0.56708,0.56708,1423.0
2026-07-01 08:30:00,0.56707,0.56716,0.56635,0.56639,1779.0
2026-07-01 09:00:00,0.5664,0.56758,0.56578,0.56751,3536.0
2026-07-01 09:30:00,0.56752,0.56897,0.56728,0.56792,4686.0
2026-07-01 10:00:00,0.56794,0.56874,0.56781,0.56801,2938.0
2026-07-01 10:30:00,0.568,0.56845,0.56741,0.56772,2662.0
2026-07-01 11:00:00,0.56772,0.56786,0.56724,0.56782,2428.0
2026-07-01 11:30:00,0.56782,0.56794,0.56738,0.56768,1783.0
2026-07-01 12:00:00,0.5677,0.56822,0.5677,0.56805,2195.0
2026-07-01 12:30:00,0.56806,0.56808,0.56764,0.56772,1657.0
2026-07-01 13:00:00,0.56774,0.5679,0.56758,0.56776,1699.0
2026-07-01 13:30:00,0.56776,0.56785,0.56746,0.56746,906.0
2026-07-01 14:00:00,0.56747,0.56756,0.56704,0.56715,1239.0
2026-07-01 14:30:00,0.56716,0.56728,0.56712,0.56717,630.0
2026-07-01 15:00:00,0.56717,0.56756,0.56717,0.56737,429.0
2026-07-01 15:30:00,0.56738,0.56742,0.56712,0.56718,1085.0
2026-07-01 16:00:00,0.56717,0.5672,0.56705,0.5671,502.0
2026-07-01 16:30:00,0.5671,0.5673,0.56698,0.5673,442.0
2026-07-01 17:00:00,0.56738,0.56738,0.56692,0.56733,221.0
2026-07-01 17:30:00,0.56734,0.56738,0.5671,0.56711,375.0
2026-07-01 18:00:00,0.56712,0.56741,0.56704,0.5674,295.0
2026-07-01 18:30:00,0.56739,0.56758,0.56738,0.56754,212.0
2026-07-01 19:00:00,0.56754,0.5676,0.56748,0.5675,294.0
2026-07-01 19:30:00,0.5675,0.56755,0.56741,0.56742,434.0
2026-07-01 20:00:00,0.56744,0.56762,0.5671,0.56716,1777.0
2026-07-01 20:30:00,0.56717,0.56737,0.56706,0.56727,1171.0
2026-07-01 21:00:00,0.56728,0.56771,0.56724,0.56746,1425.0
2026-07-01 21:30:00,0.56746,0.56802,0.56737,0.56791,1373.0
2026-07-01 22:00:00,0.56792,0.56851,0.5679,0.56816,1116.0
2026-07-01 22:30:00,0.56816,0.56824,0.56766,0.56766,996.0
2026-07-01 23:00:00,0.56764,0.56788,0.5668,0.56714,1149.0
2026-07-01 23:30:00,0.56714,0.5675,0.56714,0.56748,1086.0
2026-07-02 00:00:00,0.56748,0.56788,0.56745,0.56758,1194.0
2026-07-02 00:30:00,0.56758,0.56785,0.56749,0.56782,928.0
2026-07-02 01:00:00,0.56783,0.56789,0.56755,0.5676,921.0
2026-07-02 01:30:00,0.56758,0.56774,0.56735,0.56767,1020.0
2026-07-02 02:00:00,0.56768,0.56792,0.56736,0.56742,1482.0
2026-07-02 02:30:00,0.56741,0.56853,0.56739,0.56794,2004.0
2026-07-02 03:00:00,0.56795,0.56804,0.56754,0.56797,2185.0
2026-07-02 03:30:00,0.56798,0.56832,0.56772,0.56788,1639.0
2026-07-02 04:00:00,0.56786,0.56902,0.56784,0.5689,2368.0
2026-07-02 04:30:00,0.5689,0.56949,0.56879,0.56941,1699.0
2026-07-02 05:00:00,0.56938,0.5694,0.56838,0.56842,1242.0
2026-07-02 05:30:00,0.56844,0.56882,0.56839,0.56866,1337.0
2026-07-02 06:00:00,0.56864,0.56866,0.5681,0.56818,1392.0
2026-07-02 06:30:00,0.56818,0.56819,0.56789,0.56812,915.0
2026-07-02 07:00:00,0.56812,0.56814,0.56779,0.56793,1183.0
2026-07-02 07:30:00,0.56792,0.56798,0.56708,0.56712,1242.0
2026-07-02 08:00:00,0.56712,0.56735,0.5668,0.56724,1610.0
2026-07-02 08:30:00,0.56727,0.57172,0.56716,0.57004,10553.0
2026-07-02 09:00:00,0.57005,0.5705,0.56955,0.56981,5262.0
2026-07-02 09:30:00,0.5698,0.57138,0.5697,0.5709,4845.0
2026-07-02 10:00:00,0.57093,0.5713,0.57017,0.57018,3887.0
2026-07-02 10:30:00,0.57018,0.57038,0.56972,0.57038,3515.0
2026-07-02 11:00:00,0.57038,0.57073,0.57012,0.57042,2895.0
2026-07-02 11:30:00,0.57042,0.57111,0.57036,0.57056,2187.0
2026-07-02 12:00:00,0.57056,0.57061,0.56991,0.56992,2290.0
2026-07-02 12:30:00,0.56993,0.57018,0.56975,0.56998,1985.0
2026-07-02 13:00:00,0.56996,0.56998,0.56958,0.56964,1735.0
2026-07-02 13:30:00,0.56964,0.56979,0.56932,0.56936,1707.0
2026-07-02 14:00:00,0.56936,0.56988,0.56931,0.56962,1679.0
2026-07-02 14:30:00,0.56962,0.56991,0.56958,0.56968,960.0
2026-07-02 15:00:00,0.56968,0.56968,0.56934,0.56937,855.0
2026-07-02 15:30:00,0.56936,0.56974,0.56928,0.56963,947.0
2026-07-02 16:00:00,0.56961,0.56988,0.56954,0.56988,438.0
2026-07-02 16:30:00,0.56986,0.5699,0.5697,0.5698,191.0
2026-07-02 17:00:00,0.56956,0.57048,0.56938,0.57024,355.0
2026-07-02 17:30:00,0.5703,0.57031,0.56932,0.5701,470.0
2026-07-02 18:00:00,0.5701,0.57018,0.56978,0.56978,305.0
2026-07-02 18:30:00,0.56978,0.56978,0.56944,0.5695,218.0
2026-07-02 19:00:00,0.5695,0.5696,0.56942,0.56956,380.0
2026-07-02 19:30:00,0.56954,0.56955,0.56912,0.5692,599.0
2026-07-02 20:00:00,0.5692,0.56938,0.56904,0.56918,1661.0
2026-07-02 20:30:00,0.5692,0.5696,0.56896,0.56958,1035.0
2026-07-02 21:00:00,0.56958,0.57086,0.5695,0.57047,2031.0
2026-07-02 21:30:00,0.57046,0.57082,0.57036,0.57063,1760.0
2026-07-02 22:00:00,0.57064,0.57128,0.57052,0.57109,1344.0
2026-07-02 22:30:00,0.5711,0.57122,0.57087,0.57089,945.0
2026-07-02 23:00:00,0.57088,0.57102,0.57078,0.57092,750.0
2026-07-02 23:30:00,0.57093,0.57096,0.57066,0.57092,1013.0
2026-07-03 00:00:00,0.57093,0.57122,0.57076,0.57112,824.0
2026-07-03 00:30:00,0.57113,0.57136,0.57105,0.5713,703.0
2026-07-03 01:00:00,0.5713,0.57182,0.57122,0.57172,1088.0
2026-07-03 01:30:00,0.57173,0.5719,0.57149,0.57156,889.0
2026-07-03 02:00:00,0.57156,0.57247,0.57156,0.57219,1322.0
2026-07-03 02:30:00,0.57218,0.57272,0.57198,0.57208,1959.0
2026-07-03 03:00:00,0.57204,0.57256,0.57196,0.57256,1351.0
2026-07-03 03:30:00,0.57254,0.57254,0.57199,0.57215,1297.0
2026-07-03 04:00:00,0.57218,0.57224,0.57186,0.57199,937.0
2026-07-03 04:30:00,0.57199,0.57218,0.5717,0.5717,912.0
2026-07-03 05:00:00,0.57169,0.57186,0.57154,0.57154,744.0
2026-07-03 05:30:00,0.57154,0.57163,0.57126,0.57126,636.0
2026-07-03 06:00:00,0.57124,0.57152,0.57118,0.57123,770.0
2026-07-03 06:30:00,0.57122,0.57136,0.57114,0.57115,552.0
2026-07-03 07:00:00,0.57116,0.57164,0.57106,0.57141,797.0
2026-07-03 07:30:00,0.57142,0.57146,0.57108,0.5712,717.0
2026-07-03 08:00:00,0.5712,0.57122,0.57093,0.57106,769.0
2026-07-03 08:30:00,0.57106,0.5712,0.57094,0.57096,592.0
2026-07-03 09:00:00,0.57098,0.5711,0.57073,0.57106,818.0
2026-07-03 09:30:00,0.57107,0.57108,0.57076,0.57092,1075.0
2026-07-03 10:00:00,0.57091,0.57107,0.57078,0.57106,689.0
2026-07-03 10:30:00,0.57107,0.57114,0.57074,0.57074,804.0
2026-07-03 11:00:00,0.57076,0.57106,0.57068,0.57078,776.0
2026-07-03 11:30:00,0.5708,0.5709,0.5707,0.57083,319.0
2026-07-03 12:00:00,0.57084,0.57093,0.57076,0.57082,326.0
2026-07-03 12:30:00,0.57083,0.57096,0.57076,0.57096,212.0
2026-07-03 13:00:00,0.57096,0.57096,0.57092,0.57095,257.0
2026-07-03 13:30:00,0.57094,0.57094,0.5708,0.57086,229.0
2026-07-03 14:00:00,0.57086,0.57102,0.57086,0.57092,191.0
2026-07-03 14:30:00,0.57092,0.57094,0.57088,0.57088,81.0
2026-07-03 15:00:00,0.57088,0.57092,0.57076,0.57082,853.0
2026-07-03 15:30:00,0.57082,0.57082,0.57062,0.57069,321.0
2026-07-03 16:00:00,0.5707,0.5707,0.5705,0.5706,243.0
2026-07-03 16:30:00,0.5706,0.57141,0.57054,0.57135,613.0
2026-07-05 17:00:00,0.57142,0.57142,0.57106,0.57114,228.0
2026-07-05 17:30:00,0.57114,0.5714,0.57106,0.57132,14479.0
2026-07-05 18:00:00,0.57133,0.57133,0.57042,0.57049,809.0
2026-07-05 18:30:00,0.57049,0.57062,0.57026,0.57033,172.0
2026-07-05 19:00:00,0.57032,0.57039,0.57003,0.57026,315.0
2026-07-05 19:30:00,0.57026,0.57036,0.57,0.57012,652.0
2026-07-05 20:00:00,0.57013,0.57036,0.56964,0.57003,1692.0
2026-07-05 20:30:00,0.57002,0.57035,0.56992,0.57007,1762.0
2026-07-05 21:00:00,0.57008,0.57008,0.56897,0.56902,1534.0
2026-07-05 21:30:00,0.56902,0.56928,0.56866,0.5687,1684.0
2026-07-05 22:00:00,0.56868,0.56894,0.56858,0.56873,978.0
2026-07-05 22:30:00,0.56874,0.56911,0.56854,0.56902,1096.0
2026-07-05 23:00:00,0.56902,0.56912,0.5684,0.56846,757.0
2026-07-05 23:30:00,0.56844,0.56878,0.56826,0.56876,755.0
2026-07-06 00:00:00,0.56876,0.56916,0.56874,0.56886,679.0
2026-07-06 00:30:00,0.56885,0.56906,0.56885,0.56903,566.0
2026-07-06 01:00:00,0.56904,0.56904,0.5685,0.56858,742.0
2026-07-06 01:30:00,0.56859,0.56885,0.56831,0.56834,965.0
2026-07-06 02:00:00,0.56833,0.56866,0.56824,0.56835,1402.0
2026-07-06 02:30:00,0.56835,0.56864,0.56826,0.56854,1037.0
2026-07-06 03:00:00,0.56854,0.56914,0.56829,0.56865,1379.0
2026-07-06 03:30:00,0.56865,0.56908,0.56859,0.56898,1249.0
2026-07-06 04:00:00,0.56898,0.56904,0.56841,0.56852,1158.0
2026-07-06 04:30:00,0.56852,0.56854,0.56814,0.56831,826.0
2026-07-06 05:00:00,0.5683,0.56834,0.56806,0.56832,1023.0
2026-07-06 05:30:00,0.5683,0.5684,0.568,0.5681,750.0
2026-07-06 06:00:00,0.5681,0.56864,0.56792,0.56844,811.0
2026-07-06 06:30:00,0.56844,0.56871,0.5683,0.56844,533.0
2026-07-06 07:00:00,0.56844,0.5686,0.56822,0.56854,709.0
2026-07-06 07:30:00,0.56854,0.56864,0.5683,0.56842,716.0
2026-07-06 08:00:00,0.56842,0.5688,0.56839,0.56854,1121.0
2026-07-06 08:30:00,0.56854,0.5686,0.56768,0.56788,1038.0
2026-07-06 09:00:00,0.56788,0.56832,0.56776,0.56818,1203.0
2026-07-06 09:30:00,0.56818,0.56849,0.56796,0.56811,2047.0
2026-07-06 10:00:00,0.56812,0.56875,0.5679,0.56844,1885.0
2026-07-06 10:30:00,0.56844,0.56859,0.56809,0.56842,1239.0
2026-07-06 11:00:00,0.56842,0.56866,0.56836,0.56863,1223.0
2026-07-06 11:30:00,0.56864,0.56906,0.5686,0.56899,1152.0
2026-07-06 12:00:00,0.569,0.5694,0.56896,0.5693,737.0
2026-07-06 12:30:00,0.5693,0.56952,0.56922,0.56944,641.0
2026-07-06 13:00:00,0.56944,0.56994,0.56942,0.56984,697.0
2026-07-06 13:30:00,0.56982,0.57007,0.5698,0.56984,562.0
2026-07-06 14:00:00,0.56986,0.57014,0.56986,0.57014,422.0
2026-07-06 14:30:00,0.57014,0.57054,0.57008,0.57046,491.0
2026-07-06 15:00:00,0.57046,0.57046,0.57012,0.57018,481.0
2026-07-06 15:30:00,0.57018,0.57035,0.57016,0.57025,446.0
2026-07-06 16:00:00,0.57026,0.5703,0.57014,0.5702,354.0
2026-07-06 16:30:00,0.57018,0.5702,0.57006,0.57016,244.0
