Timestamp,Open,High,Low,Close,Volume
2026-03-10 04:00:00,0.77566,0.77639,0.77536,0.7762,4085.0
2026-03-10 05:00:00,0.7762,0.77631,0.7751,0.77554,3542.0
2026-03-10 06:00:00,0.77555,0.77747,0.77554,0.77636,4210.0
2026-03-10 07:00:00,0.77636,0.77641,0.77535,0.77598,4678.0
2026-03-10 08:00:00,0.77599,0.77697,0.77563,0.77587,5932.0
2026-03-10 09:00:00,0.77586,0.77631,0.77482,0.77614,6065.0
2026-03-10 10:00:00,0.77616,0.77666,0.77516,0.77531,4518.0
2026-03-10 11:00:00,0.77532,0.77608,0.77484,0.7753,4708.0
2026-03-10 12:00:00,0.77532,0.77646,0.77532,0.77568,4100.0
2026-03-10 13:00:00,0.77568,0.7771,0.77544,0.77686,4391.0
2026-03-10 14:00:00,0.77682,0.77888,0.77678,0.77815,8193.0
2026-03-10 15:00:00,0.77817,0.77931,0.77798,0.77866,4106.0
2026-03-10 16:00:00,0.77862,0.77906,0.77845,0.77854,1154.0
2026-03-10 17:00:00,0.7783,0.77896,0.77798,0.778,846.0
2026-03-10 18:00:00,0.7784,0.77884,0.77804,0.7787,1340.0
2026-03-10 19:00:00,0.77871,0.77876,0.77849,0.77862,892.0
2026-03-10 20:00:00,0.77862,0.77888,0.77798,0.77854,4206.0
2026-03-10 21:00:00,0.77855,0.77886,0.77774,0.7778,3840.0
2026-03-10 22:00:00,0.77778,0.77807,0.7772,0.77738,4415.0
2026-03-10 23:00:00,0.77738,0.77756,0.7772,0.77722,2669.0
2026-03-11 00:00:00,0.77725,0.7774,0.77694,0.77702,3346.0
2026-03-11 01:00:00,0.77704,0.77726,0.7768,0.7772,4413.0
2026-03-11 02:00:00,0.77718,0.77736,0.77662,0.77714,4018.0
2026-03-11 03:00:00,0.77711,0.77816,0.77674,0.7778,4563.0
2026-03-11 04:00:00,0.7778,0.77876,0.77748,0.77772,4960.0
2026-03-11 05:00:00,0.77772,0.77897,0.77651,0.77858,7943.0
2026-03-11 06:00:00,0.77857,0.77864,0.77786,0.7783,2864.0
2026-03-11 07:00:00,0.77834,0.77928,0.77803,0.77896,4105.0
2026-03-11 08:00:00,0.77898,0.77977,0.77782,0.7794,6778.0
2026-03-11 09:00:00,0.7794,0.77991,0.7788,0.77894,5999.0
2026-03-11 10:00:00,0.77895,0.77949,0.77788,0.77914,11127.0
2026-03-11 11:00:00,0.7791,0.78058,0.779,0.78056,4123.0
2026-03-11 12:00:00,0.78056,0.78085,0.77962,0.7797,3581.0
2026-03-11 13:00:00,0.7797,0.78049,0.77937,0.77956,3402.0
2026-03-11 14:00:00,0.77956,0.78014,0.77951,0.77986,3067.0
2026-03-11 15:00:00,0.77985,0.78,0.77946,0.77976,2647.0
2026-03-11 16:00:00,0.77976,0.78063,0.77976,0.7806,818.0
2026-03-11 17:00:00,0.77968,0.78056,0.77968,0.78,764.0
2026-03-11 18:00:00,0.78002,0.78118,0.77989,0.7811,1702.0
2026-03-11 19:00:00,0.7811,0.78197,0.78088,0.78178,2000.0
2026-03-11 20:00:00,0.78177,0.7821,0.78092,0.78126,3150.0
2026-03-11 21:00:00,0.78126,0.78144,0.78068,0.78114,2618.0
2026-03-11 22:00:00,0.78116,0.78219,0.78095,0.78204,3125.0
2026-03-11 23:00:00,0.78204,0.78226,0.7818,0.78206,3920.0
2026-03-12 00:00:00,0.78203,0.78236,0.78177,0.78218,1099.0
2026-03-12 01:00:00,0.78218,0.7822,0.78146,0.78182,5338.0
2026-03-12 02:00:00,0.78182,0.78194,0.78124,0.7816,4556.0
2026-03-12 03:00:00,0.78161,0.78228,0.78127,0.78186,2697.0
2026-03-12 04:00:00,0.78183,0.7828,0.78143,0.78204,4285.0
2026-03-12 05:00:00,0.78204,0.7822,0.78032,0.78045,2705.0
2026-03-12 06:00:00,0.78048,0.78133,0.78022,0.78085,2904.0
2026-03-12 07:00:00,0.78086,0.78122,0.78014,0.78109,2731.0
2026-03-12 08:00:00,0.78108,0.78242,0.78103,0.78208,3264.0
2026-03-12 09:00:00,0.78207,0.78324,0.78154,0.78274,6428.0
2026-03-12 10:00:00,0.78271,0.78405,0.78234,0.78391,6120.0
2026-03-12 11:00:00,0.78394,0.78508,0.78378,0.78442,7039.0
2026-03-12 12:00:00,0.78444,0.78508,0.78374,0.78446,5409.0
2026-03-12 13:00:00,0.78448,0.78472,0.78364,0.78451,3268.0
2026-03-12 14:00:00,0.7845,0.78565,0.78432,0.78554,1829.0
2026-03-12 15:00:00,0.78553,0.78596,0.78528,0.78586,1507.0
2026-03-12 16:00:00,0.7859,0.78635,0.78576,0.7861,813.0
2026-03-12 17:00:00,0.78522,0.78585,0.78522,0.78563,763.0
2026-03-12 18:00:00,0.78558,0.78636,0.78558,0.78568,1795.0
2026-03-12 19:00:00,0.78567,0.7859,0.78534,0.78542,1027.0
2026-03-12 20:00:00,0.78547,0.78556,0.78472,0.7851,2845.0
2026-03-12 21:00:00,0.78509,0.78594,0.78486,0.7858,3961.0
2026-03-12 22:00:00,0.78576,0.78648,0.78548,0.78629,4973.0
2026-03-12 23:00:00,0.7863,0.78677,0.78619,0.78653,4394.0
2026-03-13 00:00:00,0.78655,0.7873,0.78655,0.7868,2815.0
2026-03-13 01:00:00,0.7868,0.78721,0.78654,0.78718,2928.0
2026-03-13 02:00:00,0.78718,0.78784,0.78683,0.78778,3400.0
2026-03-13 03:00:00,0.78778,0.7889,0.78764,0.78866,3172.0
2026-03-13 04:00:00,0.78863,0.7895,0.78834,0.78857,4290.0
2026-03-13 05:00:00,0.78857,0.78857,0.78724,0.78846,3529.0
2026-03-13 06:00:00,0.78846,0.78879,0.78747,0.78814,3165.0
2026-03-13 07:00:00,0.78816,0.78831,0.78692,0.7871,4722.0
2026-03-13 08:00:00,0.78711,0.7879,0.78616,0.78704,5633.0
2026-03-13 09:00:00,0.78702,0.78741,0.78615,0.78686,4936.0
2026-03-13 10:00:00,0.78686,0.78896,0.78672,0.78882,4949.0
2026-03-13 11:00:00,0.7888,0.78996,0.78865,0.78978,5566.0
2026-03-13 12:00:00,0.78978,0.78992,0.78921,0.78976,4359.0
2026-03-13 13:00:00,0.78974,0.79002,0.78924,0.78974,2528.0
2026-03-13 14:00:00,0.78969,0.79049,0.78968,0.79045,1557.0
2026-03-13 15:00:00,0.79044,0.79126,0.7903,0.79116,1339.0
2026-03-13 16:00:00,0.79117,0.7917,0.79107,0.79136,1233.0
2026-03-15 17:00:00,0.78996,0.7909,0.78943,0.79067,1071.0
2026-03-15 18:00:00,0.79064,0.79118,0.79008,0.79011,2601.0
2026-03-15 19:00:00,0.79012,0.79054,0.78995,0.78996,1788.0
2026-03-15 20:00:00,0.78997,0.78999,0.78888,0.78907,2557.0
2026-03-15 21:00:00,0.78906,0.79008,0.78886,0.78947,2420.0
2026-03-15 22:00:00,0.78946,0.7897,0.78904,0.78923,2339.0
2026-03-15 23:00:00,0.7892,0.78968,0.7889,0.78924,1340.0
2026-03-16 00:00:00,0.78924,0.79036,0.78913,0.79036,1227.0
2026-03-16 01:00:00,0.79038,0.7907,0.78998,0.7903,1399.0
2026-03-16 02:00:00,0.7903,0.79138,0.79028,0.79094,1814.0
2026-03-16 03:00:00,0.79094,0.7923,0.7908,0.79144,3059.0
2026-03-16 04:00:00,0.79141,0.79146,0.78928,0.78951,4035.0
2026-03-16 05:00:00,0.78952,0.78976,0.78874,0.78934,2891.0
2026-03-16 06:00:00,0.78934,0.7895,0.7878,0.78818,3065.0
2026-03-16 07:00:00,0.78816,0.78836,0.78724,0.78767,2306.0
2026-03-16 08:00:00,0.78768,0.78788,0.78702,0.7878,3562.0
2026-03-16 09:00:00,0.78778,0.78794,0.78685,0.787,3426.0
2026-03-16 10:00:00,0.787,0.78856,0.78664,0.78824,4251.0
2026-03-16 11:00:00,0.78823,0.7893,0.78762,0.78873,3175.0
2026-03-16 12:00:00,0.78876,0.789,0.78752,0.78792,3872.0
2026-03-16 13:00:00,0.78791,0.78844,0.78714,0.7884,3205.0
2026-03-16 14:00:00,0.78839,0.78839,0.78652,0.78706,1831.0
2026-03-16 15:00:00,0.78703,0.78765,0.78657,0.78756,2422.0
2026-03-16 16:00:00,0.78757,0.78784,0.78742,0.78767,1089.0
2026-03-16 17:00:00,0.78741,0.78795,0.78731,0.78772,993.0
2026-03-16 18:00:00,0.78773,0.78808,0.7876,0.78805,1353.0
2026-03-16 19:00:00,0.78804,0.78828,0.78802,0.78818,668.0
2026-03-16 20:00:00,0.78816,0.78873,0.78816,0.78839,1742.0
2026-03-16 21:00:00,0.78838,0.78896,0.78818,0.78876,1765.0
2026-03-16 22:00:00,0.78876,0.7891,0.78854,0.78876,1016.0
2026-03-16 23:00:00,0.78878,0.78882,0.78794,0.78862,1492.0
2026-03-17 00:00:00,0.78862,0.78872,0.788,0.78819,1094.0
2026-03-17 01:00:00,0.7882,0.7894,0.78809,0.78928,1697.0
2026-03-17 02:00:00,0.78926,0.79003,0.78889,0.78892,2477.0
2026-03-17 03:00:00,0.78894,0.7891,0.78746,0.78775,2145.0
2026-03-17 04:00:00,0.78774,0.78806,0.78659,0.78699,2463.0
2026-03-17 05:00:00,0.78698,0.7875,0.78622,0.78674,2763.0
2026-03-17 06:00:00,0.78676,0.78726,0.78653,0.78684,2611.0
2026-03-17 07:00:00,0.78684,0.7876,0.78612,0.78752,2313.0
2026-03-17 08:00:00,0.78754,0.78766,0.78658,0.7866,3528.0
2026-03-17 09:00:00,0.7866,0.78672,0.78561,0.78656,4231.0
2026-03-17 10:00:00,0.78656,0.7869,0.78548,0.78612,4089.0
2026-03-17 11:00:00,0.78614,0.7864,0.78551,0.78566,4641.0
2026-03-17 12:00:00,0.78568,0.78614,0.7848,0.785,3339.0
2026-03-17 13:00:00,0.785,0.78536,0.78464,0.78487,1845.0
2026-03-17 14:00:00,0.78486,0.78492,0.78438,0.78484,1422.0
2026-03-17 15:00:00,0.78482,0.78524,0.78458,0.78511,770.0
2026-03-17 16:00:00,0.78514,0.7852,0.78472,0.78478,542.0
2026-03-17 17:00:00,0.78478,0.78508,0.78455,0.78501,1498.0
2026-03-17 18:00:00,0.78488,0.785,0.78462,0.78488,1531.0
2026-03-17 19:00:00,0.78489,0.785,0.78476,0.78497,887.0
2026-03-17 20:00:00,0.78496,0.7854,0.7846,0.78525,2444.0
2026-03-17 21:00:00,0.78524,0.78573,0.78488,0.78558,1208.0
2026-03-17 22:00:00,0.78554,0.78564,0.78532,0.7855,1370.0
2026-03-17 23:00:00,0.7855,0.7856,0.78528,0.78536,881.0
2026-03-18 00:00:00,0.78535,0.78536,0.78514,0.78526,788.0
2026-03-18 01:00:00,0.78526,0.7854,0.78513,0.78516,1175.0
2026-03-18 02:00:00,0.78517,0.78575,0.78504,0.7856,1825.0
2026-03-18 03:00:00,0.78559,0.78658,0.78546,0.78647,2009.0
2026-03-18 04:00:00,0.78648,0.7875,0.78611,0.7862,2570.0
2026-03-18 05:00:00,0.78625,0.78719,0.78606,0.78608,2242.0
2026-03-18 06:00:00,0.78608,0.78648,0.78574,0.78594,1850.0
2026-03-18 07:00:00,0.78597,0.78652,0.78545,0.7857,3749.0
2026-03-18 08:00:00,0.78568,0.78819,0.78564,0.78816,6496.0
2026-03-18 09:00:00,0.78814,0.78941,0.7879,0.7881,6302.0
2026-03-18 10:00:00,0.78809,0.7892,0.78738,0.78858,5976.0
2026-03-18 11:00:00,0.78858,0.78924,0.78799,0.78922,4766.0
2026-03-18 12:00:00,0.78918,0.78964,0.78836,0.78946,3065.0
2026-03-18 13:00:00,0.78946,0.79048,0.78933,0.78996,2255.0
2026-03-18 14:00:00,0.78998,0.79222,0.78948,0.79222,5709.0
2026-03-18 15:00:00,0.79222,0.79289,0.79177,0.79285,3265.0
2026-03-18 16:00:00,0.79284,0.79362,0.79261,0.79322,1433.0
2026-03-18 17:00:00,0.79327,0.7933,0.79228,0.79258,288.0
2026-03-18 18:00:00,0.79265,0.79328,0.79265,0.79287,2611.0
2026-03-18 19:00:00,0.7929,0.79298,0.79244,0.79272,1588.0
2026-03-18 20:00:00,0.79275,0.7928,0.792,0.792,2395.0
2026-03-18 21:00:00,0.792,0.79214,0.79136,0.79184,2284.0
2026-03-18 22:00:00,0.79184,0.79212,0.79094,0.79165,2970.0
2026-03-18 23:00:00,0.79164,0.79217,0.79158,0.79207,1290.0
2026-03-19 00:00:00,0.79208,0.79277,0.79208,0.79263,1656.0
2026-03-19 01:00:00,0.79262,0.79286,0.79244,0.7928,1787.0
2026-03-19 02:00:00,0.7928,0.79301,0.79209,0.79209,2576.0
2026-03-19 03:00:00,0.79206,0.79288,0.79131,0.79204,3462.0
2026-03-19 04:00:00,0.79204,0.79384,0.79182,0.79253,5480.0
2026-03-19 05:00:00,0.79249,0.79544,0.79181,0.79365,9365.0
2026-03-19 06:00:00,0.79368,0.79569,0.79312,0.79551,4548.0
2026-03-19 07:00:00,0.79551,0.79582,0.79434,0.79465,4132.0
2026-03-19 08:00:00,0.79464,0.79543,0.7934,0.79388,8442.0
2026-03-19 09:00:00,0.7939,0.79438,0.79137,0.79212,10993.0
2026-03-19 10:00:00,0.79211,0.79264,0.79088,0.7918,12032.0
2026-03-19 11:00:00,0.79184,0.79268,0.79026,0.7924,9450.0
2026-03-19 12:00:00,0.7924,0.79282,0.79118,0.79188,8926.0
2026-03-19 13:00:00,0.79186,0.79188,0.79004,0.79054,4437.0
2026-03-19 14:00:00,0.79056,0.791,0.78892,0.78898,3778.0
2026-03-19 15:00:00,0.78899,0.789,0.78576,0.7883,12344.0
2026-03-19 16:00:00,0.7883,0.78842,0.7879,0.78808,1681.0
2026-03-19 17:00:00,0.7881,0.78843,0.7881,0.7883,271.0
2026-03-19 18:00:00,0.78838,0.78885,0.78756,0.78877,1449.0
2026-03-19 19:00:00,0.78878,0.78911,0.78845,0.78895,1505.0
2026-03-19 20:00:00,0.78894,0.78907,0.78842,0.78866,2190.0
2026-03-19 21:00:00,0.78866,0.78887,0.78808,0.78874,2234.0
2026-03-19 22:00:00,0.78872,0.78898,0.78856,0.78887,1514.0
2026-03-19 23:00:00,0.78888,0.7894,0.78888,0.78928,1245.0
2026-03-20 00:00:00,0.78928,0.78938,0.78912,0.78934,879.0
2026-03-20 01:00:00,0.78934,0.7896,0.789,0.78957,1593.0
2026-03-20 02:00:00,0.78955,0.7897,0.78898,0.78966,2113.0
2026-03-20 03:00:00,0.78969,0.79005,0.78871,0.78894,2950.0
2026-03-20 04:00:00,0.78893,0.78931,0.78814,0.78878,3554.0
2026-03-20 05:00:00,0.78879,0.78879,0.7876,0.78842,3739.0
2026-03-20 06:00:00,0.7884,0.78926,0.78791,0.78812,3060.0
2026-03-20 07:00:00,0.78813,0.78818,0.78648,0.78686,3368.0
2026-03-20 08:00:00,0.78684,0.78705,0.78554,0.78638,5774.0
2026-03-20 09:00:00,0.78634,0.78896,0.78618,0.78886,5013.0
2026-03-20 10:00:00,0.78888,0.79056,0.7888,0.78943,7516.0
2026-03-20 11:00:00,0.78942,0.78964,0.78837,0.78905,7173.0
2026-03-20 12:00:00,0.78906,0.78914,0.78758,0.78808,4645.0
2026-03-20 13:00:00,0.78807,0.78866,0.7874,0.7886,4097.0
2026-03-20 14:00:00,0.78859,0.78896,0.78768,0.78876,4218.0
2026-03-20 15:00:00,0.78874,0.78902,0.78792,0.78831,2775.0
2026-03-20 16:00:00,0.78832,0.78844,0.78787,0.788,1341.0
2026-03-22 17:00:00,0.78794,0.78939,0.78794,0.78852,74.0
2026-03-22 18:00:00,0.78866,0.78906,0.78678,0.78724,2670.0
2026-03-22 19:00:00,0.78722,0.78798,0.78704,0.78776,1851.0
2026-03-22 20:00:00,0.78776,0.78937,0.78752,0.78896,3706.0
2026-03-22 21:00:00,0.78894,0.78897,0.78778,0.7884,3930.0
2026-03-22 22:00:00,0.78838,0.78946,0.78811,0.78911,2454.0
2026-03-22 23:00:00,0.78912,0.78956,0.78884,0.78922,2514.0
2026-03-23 00:00:00,0.7892,0.78938,0.789,0.78901,1781.0
2026-03-23 01:00:00,0.78901,0.78998,0.78892,0.78998,2219.0
2026-03-23 02:00:00,0.79,0.79068,0.78979,0.78987,3712.0
2026-03-23 03:00:00,0.78988,0.79004,0.78878,0.78948,4523.0
2026-03-23 04:00:00,0.78948,0.79112,0.78842,0.79112,5821.0
2026-03-23 05:00:00,0.79112,0.7933,0.79079,0.79294,4516.0
2026-03-23 06:00:00,0.79297,0.79383,0.7929,0.79382,4054.0
2026-03-23 07:00:00,0.79382,0.79398,0.78588,0.78966,41144.0
2026-03-23 08:00:00,0.78968,0.79058,0.78523,0.78547,19125.0
2026-03-23 09:00:00,0.78546,0.78812,0.78529,0.78688,16355.0
2026-03-23 10:00:00,0.78686,0.78704,0.78345,0.78534,13764.0
2026-03-23 11:00:00,0.78535,0.7878,0.78412,0.78778,11690.0
2026-03-23 12:00:00,0.78778,0.7883,0.78686,0.78747,10009.0
2026-03-23 13:00:00,0.78746,0.78785,0.78632,0.78707,6052.0
2026-03-23 14:00:00,0.78708,0.78776,0.78442,0.78494,5997.0
2026-03-23 15:00:00,0.78495,0.78629,0.78485,0.78624,3201.0
2026-03-23 16:00:00,0.78626,0.78664,0.7861,0.78641,1104.0
2026-03-23 17:00:00,0.78628,0.78675,0.78602,0.78658,878.0
2026-03-23 18:00:00,0.78616,0.7868,0.78603,0.7863,1526.0
2026-03-23 19:00:00,0.7863,0.78678,0.78621,0.78664,1323.0
2026-03-23 20:00:00,0.78664,0.7885,0.78662,0.78821,6086.0
2026-03-23 21:00:00,0.78821,0.78878,0.78759,0.7884,4564.0
2026-03-23 22:00:00,0.78842,0.78853,0.78776,0.78838,4229.0
2026-03-23 23:00:00,0.78838,0.78862,0.78787,0.78845,3302.0
2026-03-24 00:00:00,0.78843,0.78898,0.78841,0.78871,2072.0
2026-03-24 01:00:00,0.78871,0.7889,0.7881,0.78843,3627.0
2026-03-24 02:00:00,0.78842,0.78892,0.78797,0.78806,4016.0
2026-03-24 03:00:00,0.78807,0.78829,0.78616,0.78622,4538.0
2026-03-24 04:00:00,0.78622,0.78754,0.78598,0.78714,5557.0
2026-03-24 05:00:00,0.78714,0.78764,0.78645,0.78656,4663.0
2026-03-24 06:00:00,0.78656,0.78814,0.78653,0.78746,4026.0
2026-03-24 07:00:00,0.78748,0.7882,0.78695,0.78757,4077.0
2026-03-24 08:00:00,0.78757,0.78974,0.78716,0.78923,5153.0
2026-03-24 09:00:00,0.78922,0.79165,0.78884,0.79068,8079.0
2026-03-24 10:00:00,0.79069,0.79114,0.78942,0.79056,9118.0
2026-03-24 11:00:00,0.79056,0.79166,0.79019,0.79147,7482.0
2026-03-24 12:00:00,0.79148,0.79171,0.79052,0.79116,4044.0
2026-03-24 13:00:00,0.79116,0.79248,0.7908,0.79134,8127.0
2026-03-24 14:00:00,0.79134,0.79208,0.79034,0.7909,4645.0
2026-03-24 15:00:00,0.79086,0.79086,0.79,0.7902,2671.0
2026-03-24 16:00:00,0.79022,0.79028,0.78713,0.78822,6971.0
2026-03-24 17:00:00,0.78824,0.78832,0.78778,0.78811,351.0
2026-03-24 18:00:00,0.78785,0.78852,0.78764,0.788,1690.0
2026-03-24 19:00:00,0.788,0.78838,0.78778,0.78808,1942.0
2026-03-24 20:00:00,0.78807,0.78818,0.78701,0.78748,4439.0
2026-03-24 21:00:00,0.7875,0.78835,0.78723,0.78826,3861.0
2026-03-24 22:00:00,0.78826,0.78941,0.78818,0.78933,2618.0
2026-03-24 23:00:00,0.78934,0.78946,0.78898,0.78931,2067.0
2026-03-25 00:00:00,0.78932,0.78972,0.78904,0.78946,1898.0
2026-03-25 01:00:00,0.78946,0.79006,0.78946,0.78992,2181.0
2026-03-25 02:00:00,0.78992,0.79021,0.78944,0.78972,2597.0
2026-03-25 03:00:00,0.78974,0.79067,0.78917,0.78998,3726.0
2026-03-25 04:00:00,0.78996,0.79104,0.78837,0.78924,5478.0
2026-03-25 05:00:00,0.78924,0.79063,0.78903,0.78998,4335.0
2026-03-25 06:00:00,0.78996,0.78999,0.78905,0.78908,3379.0
2026-03-25 07:00:00,0.78907,0.78939,0.78856,0.7888,3286.0
2026-03-25 08:00:00,0.7888,0.7901,0.78821,0.78965,5717.0
2026-03-25 09:00:00,0.78962,0.79174,0.78918,0.79157,5517.0
2026-03-25 10:00:00,0.79156,0.7921,0.7902,0.79048,5557.0
2026-03-25 11:00:00,0.79048,0.79226,0.79036,0.7918,5517.0
2026-03-25 12:00:00,0.79182,0.79244,0.79106,0.7917,5008.0
2026-03-25 13:00:00,0.79172,0.79184,0.79062,0.79108,3324.0
2026-03-25 14:00:00,0.79106,0.7921,0.79086,0.79182,2615.0
2026-03-25 15:00:00,0.79182,0.79212,0.79157,0.79164,2400.0
2026-03-25 16:00:00,0.79164,0.79207,0.79155,0.79156,750.0
2026-03-25 17:00:00,0.79161,0.79194,0.79151,0.7918,1339.0
2026-03-25 18:00:00,0.79178,0.79182,0.7914,0.79156,1038.0
2026-03-25 19:00:00,0.79155,0.79167,0.79144,0.79159,779.0
2026-03-25 20:00:00,0.7916,0.79224,0.79134,0.79189,2061.0
2026-03-25 21:00:00,0.7919,0.79206,0.7914,0.79195,3236.0
2026-03-25 22:00:00,0.79194,0.7924,0.79176,0.79226,1560.0
2026-03-25 23:00:00,0.79228,0.79232,0.79152,0.79176,1462.0
2026-03-26 00:00:00,0.79179,0.79184,0.79142,0.79161,1066.0
2026-03-26 01:00:00,0.7916,0.79232,0.79143,0.79232,1609.0
2026-03-26 02:00:00,0.79232,0.79276,0.79182,0.79198,2342.0
2026-03-26 03:00:00,0.79197,0.79297,0.79196,0.79242,2719.0
2026-03-26 04:00:00,0.79237,0.79284,0.7915,0.79158,3855.0
2026-03-26 05:00:00,0.79158,0.7926,0.79136,0.79203,2488.0
2026-03-26 06:00:00,0.79202,0.7923,0.79143,0.79195,2650.0
2026-03-26 07:00:00,0.79194,0.7937,0.79177,0.7936,2396.0
2026-03-26 08:00:00,0.79364,0.7937,0.79284,0.79308,3223.0
2026-03-26 09:00:00,0.79305,0.79364,0.7928,0.79325,4743.0
2026-03-26 10:00:00,0.7932,0.79368,0.79242,0.79286,6400.0
2026-03-26 11:00:00,0.79286,0.7943,0.7928,0.79355,4887.0
2026-03-26 12:00:00,0.79355,0.79461,0.79342,0.7944,2885.0
2026-03-26 13:00:00,0.7944,0.79502,0.79428,0.79501,1845.0
2026-03-26 14:00:00,0.79508,0.79528,0.79474,0.79488,1697.0
2026-03-26 15:00:00,0.79488,0.79574,0.79483,0.79573,1527.0
2026-03-26 16:00:00,0.79574,0.79594,0.79313,0.79516,7392.0
2026-03-26 17:00:00,0.79536,0.79548,0.79423,0.7945,5267.0
2026-03-26 18:00:00,0.79445,0.79489,0.79426,0.79446,1425.0
2026-03-26 19:00:00,0.79446,0.7948,0.7944,0.79477,1021.0
2026-03-26 20:00:00,0.79476,0.79563,0.7945,0.7951,3654.0
2026-03-26 21:00:00,0.79508,0.79514,0.79462,0.79472,3113.0
2026-03-26 22:00:00,0.79468,0.79509,0.79454,0.79506,2174.0
2026-03-26 23:00:00,0.79504,0.79563,0.79496,0.7955,2133.0
2026-03-27 00:00:00,0.7955,0.79571,0.79518,0.79528,1855.0
2026-03-27 01:00:00,0.79531,0.79588,0.79486,0.79546,3022.0
2026-03-27 02:00:00,0.79546,0.79594,0.79514,0.7959,2182.0
2026-03-27 03:00:00,0.79592,0.79695,0.79592,0.79678,2273.0
2026-03-27 04:00:00,0.79679,0.79686,0.79592,0.79656,3527.0
2026-03-27 05:00:00,0.79658,0.7976,0.79634,0.79732,2716.0
2026-03-27 06:00:00,0.79732,0.7976,0.79686,0.79752,2767.0
2026-03-27 07:00:00,0.79752,0.79774,0.79696,0.7975,2267.0
2026-03-27 08:00:00,0.79754,0.798,0.79688,0.79702,2520.0
2026-03-27 09:00:00,0.79701,0.79716,0.79554,0.79612,4490.0
2026-03-27 10:00:00,0.79611,0.79692,0.79526,0.79664,4549.0
2026-03-27 11:00:00,0.79664,0.79798,0.79638,0.797,5511.0
2026-03-27 12:00:00,0.797,0.7972,0.79642,0.79685,3653.0
2026-03-27 13:00:00,0.79686,0.79799,0.79638,0.79782,2050.0
2026-03-27 14:00:00,0.79782,0.79872,0.7977,0.7986,1613.0
2026-03-27 15:00:00,0.79858,0.79914,0.79852,0.79861,1160.0
2026-03-27 16:00:00,0.79861,0.79936,0.79842,0.79891,1517.0
2026-03-29 17:00:00,0.79891,0.79978,0.79707,0.79879,1266.0
2026-03-29 18:00:00,0.79902,0.79996,0.79892,0.79986,1668.0
2026-03-29 19:00:00,0.79985,0.8001,0.79964,0.79984,1892.0
2026-03-29 20:00:00,0.79982,0.79998,0.7985,0.79865,6443.0
2026-03-29 21:00:00,0.79861,0.79898,0.79835,0.79886,3948.0
2026-03-29 22:00:00,0.79886,0.79914,0.79844,0.7987,3141.0
2026-03-29 23:00:00,0.79871,0.7988,0.79822,0.79872,2710.0
2026-03-30 00:00:00,0.79872,0.79873,0.79824,0.79864,1837.0
2026-03-30 01:00:00,0.79866,0.79898,0.79846,0.79858,2193.0
2026-03-30 02:00:00,0.79858,0.79875,0.79793,0.7987,2184.0
2026-03-30 03:00:00,0.79873,0.80003,0.79873,0.7998,3546.0
2026-03-30 04:00:00,0.7998,0.80019,0.79956,0.80012,2602.0
2026-03-30 05:00:00,0.80012,0.80042,0.79938,0.79962,2703.0
2026-03-30 06:00:00,0.79962,0.79983,0.79912,0.79946,2344.0
2026-03-30 07:00:00,0.79946,0.79987,0.79847,0.79987,3296.0
2026-03-30 08:00:00,0.79986,0.8006,0.79958,0.79986,3239.0
2026-03-30 09:00:00,0.79983,0.80035,0.79914,0.8003,4217.0
2026-03-30 10:00:00,0.80028,0.8013,0.79981,0.79994,5789.0
2026-03-30 11:00:00,0.79992,0.8007,0.7998,0.8001,3972.0
2026-03-30 12:00:00,0.80011,0.80036,0.79988,0.80015,2472.0
2026-03-30 13:00:00,0.80013,0.80062,0.79984,0.80044,2566.0
2026-03-30 14:00:00,0.80044,0.80048,0.79947,0.79986,2345.0
2026-03-30 15:00:00,0.7999,0.80032,0.79978,0.79983,1637.0
2026-03-30 16:00:00,0.79984,0.79986,0.79928,0.79954,1687.0
2026-03-30 17:00:00,0.79864,0.79964,0.79825,0.79944,2111.0
2026-03-30 18:00:00,0.79947,0.79982,0.79928,0.7998,1435.0
2026-03-30 19:00:00,0.79982,0.80012,0.79982,0.79994,1392.0
2026-03-30 20:00:00,0.7999,0.80025,0.79872,0.79884,4544.0
2026-03-30 21:00:00,0.79886,0.79913,0.79793,0.7984,3845.0
2026-03-30 22:00:00,0.7984,0.79864,0.79825,0.79842,2149.0
2026-03-30 23:00:00,0.79842,0.7989,0.79834,0.79878,1600.0
2026-03-31 00:00:00,0.79878,0.7988,0.79852,0.7987,1506.0
2026-03-31 01:00:00,0.7987,0.79926,0.79852,0.79912,2200.0
2026-03-31 02:00:00,0.79913,0.80004,0.7991,0.79962,2406.0
2026-03-31 03:00:00,0.79964,0.80024,0.79924,0.79994,3040.0
2026-03-31 04:00:00,0.79994,0.80018,0.79946,0.79992,2783.0
2026-03-31 05:00:00,0.79991,0.80064,0.7998,0.80049,2595.0
2026-03-31 06:00:00,0.80046,0.80114,0.80034,0.80106,2215.0
2026-03-31 07:00:00,0.80105,0.80116,0.79921,0.79954,4772.0
2026-03-31 08:00:00,0.7995,0.8002,0.79928,0.80019,4751.0
2026-03-31 09:00:00,0.80018,0.80061,0.79932,0.79972,4247.0
2026-03-31 10:00:00,0.79969,0.80382,0.79916,0.8038,10379.0
2026-03-31 11:00:00,0.80377,0.80427,0.80176,0.8027,11646.0
2026-03-31 12:00:00,0.8027,0.80348,0.8004,0.80111,8254.0
2026-03-31 13:00:00,0.80112,0.80114,0.79999,0.80082,8797.0
2026-03-31 14:00:00,0.80081,0.8009,0.7999,0.80041,3889.0
2026-03-31 15:00:00,0.80042,0.8009,0.79942,0.79958,3479.0
2026-03-31 16:00:00,0.79959,0.7996,0.79898,0.79945,1496.0
2026-03-31 17:00:00,0.80029,0.80035,0.79882,0.79954,2503.0
2026-03-31 18:00:00,0.79937,0.7996,0.79888,0.79916,1913.0
2026-03-31 19:00:00,0.79913,0.79926,0.79762,0.79772,1496.0
2026-03-31 20:00:00,0.79771,0.79802,0.79678,0.79683,3621.0
2026-03-31 21:00:00,0.79684,0.79846,0.79675,0.79814,3587.0
2026-03-31 22:00:00,0.79813,0.79824,0.79742,0.79755,2149.0
2026-03-31 23:00:00,0.79754,0.7983,0.79746,0.79818,1942.0
2026-04-01 00:00:00,0.79818,0.79822,0.79756,0.79764,1270.0
2026-04-01 01:00:00,0.79762,0.79768,0.79655,0.79677,2569.0
2026-04-01 02:00:00,0.79676,0.79704,0.7944,0.79453,4911.0
2026-04-01 03:00:00,0.79451,0.79516,0.7928,0.79444,6262.0
2026-04-01 04:00:00,0.79444,0.79458,0.79296,0.79362,5244.0
2026-04-01 05:00:00,0.79362,0.79414,0.7929,0.79305,4226.0
2026-04-01 06:00:00,0.79304,0.79328,0.79208,0.7923,3087.0
2026-04-01 07:00:00,0.79229,0.79256,0.79163,0.79176,2286.0
2026-04-01 08:00:00,0.79175,0.79242,0.7905,0.79199,7169.0
2026-04-01 09:00:00,0.79199,0.79329,0.79114,0.79294,7585.0
2026-04-01 10:00:00,0.7929,0.79434,0.7923,0.79274,8888.0
2026-04-01 11:00:00,0.79273,0.79408,0.7924,0.79328,3417.0
2026-04-01 12:00:00,0.79329,0.79383,0.79222,0.79222,2918.0
2026-04-01 13:00:00,0.79222,0.79345,0.79178,0.79344,2948.0
2026-04-01 14:00:00,0.79345,0.79474,0.79336,0.79471,3060.0
2026-04-01 15:00:00,0.7947,0.79501,0.79446,0.79472,1952.0
2026-04-01 16:00:00,0.79473,0.79479,0.79412,0.79428,686.0
2026-04-01 17:00:00,0.79471,0.79503,0.79378,0.79394,1202.0
2026-04-01 18:00:00,0.79406,0.79437,0.79386,0.79402,1276.0
2026-04-01 19:00:00,0.79402,0.79405,0.7937,0.79402,920.0
2026-04-01 20:00:00,0.79403,0.79422,0.79294,0.79316,2412.0
2026-04-01 21:00:00,0.79317,0.7969,0.79282,0.79662,11819.0
2026-04-01 22:00:00,0.79658,0.79746,0.79629,0.79736,4135.0
2026-04-01 23:00:00,0.7974,0.79828,0.79725,0.79814,2932.0
2026-04-02 00:00:00,0.79814,0.79882,0.7979,0.79851,2379.0
2026-04-02 01:00:00,0.79852,0.79955,0.79829,0.79954,2968.0
2026-04-02 02:00:00,0.79951,0.80036,0.79854,0.7986,4019.0
2026-04-02 03:00:00,0.79864,0.80007,0.79844,0.79895,4396.0
2026-04-02 04:00:00,0.79892,0.79976,0.79888,0.7996,3085.0
2026-04-02 05:00:00,0.79958,0.79996,0.799,0.79972,2445.0
2026-04-02 06:00:00,0.79972,0.80087,0.79968,0.80071,2614.0
2026-04-02 07:00:00,0.8007,0.80085,0.79981,0.79988,3016.0
2026-04-02 08:00:00,0.79984,0.79984,0.79884,0.79912,3761.0
2026-04-02 09:00:00,0.7991,0.80047,0.79874,0.79968,4794.0
2026-04-02 10:00:00,0.79967,0.80017,0.79802,0.79888,8968.0
2026-04-02 11:00:00,0.79888,0.79894,0.79775,0.79846,5833.0
2026-04-02 12:00:00,0.79846,0.79873,0.79808,0.79872,3790.0
2026-04-02 13:00:00,0.79873,0.79884,0.79798,0.79874,2536.0
2026-04-02 14:00:00,0.79872,0.79921,0.7986,0.79902,1787.0
2026-04-02 15:00:00,0.79901,0.79908,0.79846,0.79904,1458.0
2026-04-02 16:00:00,0.79902,0.79914,0.79854,0.79882,756.0
2026-04-02 17:00:00,0.7989,0.79964,0.79804,0.79826,8683.0
2026-04-02 18:00:00,0.79843,0.79904,0.79836,0.7988,653.0
2026-04-02 19:00:00,0.79879,0.7988,0.79859,0.79872,148.0
2026-04-02 20:00:00,0.79871,0.79884,0.79849,0.79878,772.0
2026-04-02 21:00:00,0.79882,0.79912,0.79864,0.79898,740.0
2026-04-02 22:00:00,0.79898,0.799,0.79858,0.79874,601.0
2026-04-02 23:00:00,0.79875,0.79885,0.79868,0.7987,248.0
2026-04-03 00:00:00,0.79868,0.7988,0.79864,0.79878,437.0
2026-04-03 01:00:00,0.79878,0.7989,0.79845,0.79848,262.0
2026-04-03 02:00:00,0.7985,0.79876,0.79831,0.79837,715.0
2026-04-03 03:00:00,0.79836,0.79838,0.7977,0.79783,1113.0
2026-04-03 04:00:00,0.79784,0.79816,0.79776,0.798,1097.0
2026-04-03 05:00:00,0.798,0.79822,0.7979,0.7981,755.0
2026-04-03 06:00:00,0.79809,0.79841,0.79792,0.79819,539.0
2026-04-03 07:00:00,0.7982,0.79846,0.79807,0.79833,795.0
2026-04-03 08:00:00,0.79832,0.80116,0.79818,0.7993,3095.0
2026-04-03 09:00:00,0.7993,0.79942,0.79862,0.79868,2108.0
2026-04-03 10:00:00,0.79866,0.7998,0.79861,0.79975,1340.0
2026-04-03 11:00:00,0.79976,0.80052,0.79924,0.80018,5234.0
2026-04-03 12:00:00,0.8002,0.80086,0.80014,0.8008,2740.0
2026-04-03 13:00:00,0.80082,0.80091,0.80052,0.8006,4694.0
2026-04-03 14:00:00,0.80061,0.80097,0.80052,0.80089,2199.0
2026-04-03 15:00:00,0.80091,0.80125,0.8007,0.80108,1522.0
2026-04-03 16:00:00,0.80106,0.80115,0.79847,0.79987,3496.0
2026-04-05 17:00:00,0.80007,0.8007,0.79947,0.79976,1599.0
2026-04-05 18:00:00,0.79969,0.80137,0.79939,0.80044,2697.0
2026-04-05 19:00:00,0.80044,0.80124,0.80012,0.80124,1807.0
2026-04-05 20:00:00,0.80124,0.8013,0.80068,0.80124,3110.0
2026-04-05 21:00:00,0.80124,0.80185,0.80112,0.8018,2708.0
2026-04-05 22:00:00,0.80182,0.80182,0.80062,0.80088,3204.0
2026-04-05 23:00:00,0.80088,0.80092,0.80052,0.80078,2313.0
2026-04-06 00:00:00,0.80078,0.80084,0.8004,0.80052,1377.0
2026-04-06 01:00:00,0.80054,0.80059,0.8001,0.80035,1740.0
2026-04-06 02:00:00,0.80036,0.80072,0.79939,0.79966,3023.0
2026-04-06 03:00:00,0.79968,0.80055,0.79674,0.79695,3695.0
2026-04-06 04:00:00,0.79694,0.79756,0.79676,0.79738,4245.0
2026-04-06 05:00:00,0.79737,0.79809,0.79715,0.79786,3089.0
2026-04-06 06:00:00,0.79782,0.79858,0.7976,0.7977,2660.0
2026-04-06 07:00:00,0.7977,0.79866,0.79767,0.79801,1721.0
2026-04-06 08:00:00,0.79805,0.79846,0.79708,0.79714,2050.0
2026-04-06 09:00:00,0.79714,0.79756,0.7968,0.79696,2956.0
2026-04-06 10:00:00,0.79694,0.79798,0.79614,0.79788,7872.0
2026-04-06 11:00:00,0.79788,0.79856,0.79788,0.79792,3936.0
2026-04-06 12:00:00,0.79792,0.79815,0.79768,0.79804,2971.0
2026-04-06 13:00:00,0.79804,0.7988,0.79782,0.79844,4878.0
2026-04-06 14:00:00,0.79844,0.79855,0.7975,0.79802,4517.0
2026-04-06 15:00:00,0.79802,0.79828,0.79791,0.79814,1173.0
2026-04-06 16:00:00,0.79811,0.79826,0.79794,0.79808,678.0
2026-04-06 17:00:00,0.79802,0.79823,0.79749,0.79811,1163.0
2026-04-06 18:00:00,0.7979,0.79806,0.79764,0.798,1260.0
2026-04-06 19:00:00,0.798,0.79829,0.79795,0.79816,565.0
2026-04-06 20:00:00,0.79817,0.79898,0.79816,0.79891,2182.0
2026-04-06 21:00:00,0.79894,0.80008,0.79864,0.7999,2528.0
2026-04-06 22:00:00,0.79988,0.80013,0.79956,0.79961,1746.0
2026-04-06 23:00:00,0.7996,0.79976,0.79928,0.79936,1354.0
2026-04-07 00:00:00,0.79933,0.79946,0.7986,0.79868,1519.0
2026-04-07 01:00:00,0.79865,0.79928,0.79835,0.79867,2512.0
2026-04-07 02:00:00,0.79866,0.79918,0.79844,0.79896,2211.0
2026-04-07 03:00:00,0.79894,0.79996,0.79886,0.79986,2958.0
2026-04-07 04:00:00,0.79988,0.79988,0.79794,0.79806,6219.0
2026-04-07 05:00:00,0.79806,0.7986,0.79788,0.79856,3175.0
2026-04-07 06:00:00,0.79855,0.80008,0.79846,0.79956,5444.0
2026-04-07 07:00:00,0.79956,0.80004,0.7994,0.79941,2377.0
2026-04-07 08:00:00,0.7994,0.79994,0.79898,0.79968,3951.0
2026-04-07 09:00:00,0.79966,0.80072,0.7994,0.80018,4257.0
2026-04-07 10:00:00,0.80018,0.80112,0.79882,0.80006,5761.0
2026-04-07 11:00:00,0.80008,0.80098,0.79946,0.79975,4569.0
2026-04-07 12:00:00,0.79972,0.79984,0.79901,0.79934,4522.0
2026-04-07 13:00:00,0.79935,0.79966,0.79868,0.79904,2382.0
2026-04-07 14:00:00,0.79903,0.79956,0.7987,0.7993,1839.0
2026-04-07 15:00:00,0.7993,0.79956,0.79745,0.7979,5268.0
2026-04-07 16:00:00,0.79794,0.798,0.79731,0.7977,2208.0
2026-04-07 17:00:00,0.79815,0.79878,0.79715,0.79758,900.0
2026-04-07 18:00:00,0.79748,0.79838,0.79276,0.79301,7606.0
2026-04-07 19:00:00,0.79304,0.79348,0.79038,0.79045,7767.0
2026-04-07 20:00:00,0.79046,0.79176,0.78972,0.7913,6392.0
2026-04-07 21:00:00,0.79128,0.79135,0.78982,0.79032,5057.0
2026-04-07 22:00:00,0.79034,0.79069,0.78984,0.79041,2952.0
2026-04-07 23:00:00,0.7904,0.79072,0.79005,0.79036,2684.0
2026-04-08 00:00:00,0.79035,0.79035,0.78922,0.78955,2351.0
2026-04-08 01:00:00,0.78952,0.78981,0.78794,0.78876,4282.0
2026-04-08 02:00:00,0.78879,0.78908,0.7873,0.78804,4817.0
2026-04-08 03:00:00,0.78805,0.78968,0.78732,0.78761,5334.0
2026-04-08 04:00:00,0.78764,0.78918,0.7872,0.78884,4764.0
2026-04-08 05:00:00,0.78883,0.7891,0.7882,0.78896,2993.0
2026-04-08 06:00:00,0.78897,0.7894,0.78828,0.78848,3417.0
2026-04-08 07:00:00,0.78846,0.7889,0.78753,0.78842,3874.0
2026-04-08 08:00:00,0.78841,0.78911,0.78715,0.78748,4917.0
2026-04-08 09:00:00,0.78748,0.78986,0.78695,0.78928,6422.0
2026-04-08 10:00:00,0.7893,0.78977,0.78835,0.78854,6729.0
2026-04-08 11:00:00,0.78853,0.78987,0.78838,0.78982,3745.0
2026-04-08 12:00:00,0.78984,0.79047,0.78982,0.79,3164.0
2026-04-08 13:00:00,0.79002,0.79103,0.78983,0.79073,2715.0
2026-04-08 14:00:00,0.79072,0.79244,0.79016,0.79232,4012.0
2026-04-08 15:00:00,0.79235,0.79264,0.79103,0.79114,2517.0
2026-04-08 16:00:00,0.79116,0.79157,0.79106,0.79132,1271.0
2026-04-08 17:00:00,0.79187,0.79187,0.79074,0.7912,1962.0
2026-04-08 18:00:00,0.7912,0.7914,0.79086,0.79122,1127.0
2026-04-08 19:00:00,0.7912,0.79153,0.79107,0.79146,842.0
2026-04-08 20:00:00,0.79146,0.79199,0.7912,0.79184,3020.0
2026-04-08 21:00:00,0.79182,0.79216,0.79141,0.79146,2774.0
2026-04-08 22:00:00,0.79145,0.79166,0.79101,0.79112,1907.0
2026-04-08 23:00:00,0.79114,0.79136,0.79089,0.79128,1640.0
2026-04-09 00:00:00,0.79129,0.7913,0.79058,0.79113,1670.0
2026-04-09 01:00:00,0.79112,0.79187,0.79098,0.7917,2155.0
2026-04-09 02:00:00,0.7917,0.7922,0.79134,0.79135,2958.0
2026-04-09 03:00:00,0.79134,0.79152,0.79071,0.791,3710.0
2026-04-09 04:00:00,0.791,0.79161,0.79063,0.79104,3016.0
2026-04-09 05:00:00,0.79106,0.7914,0.79092,0.79108,2823.0
2026-04-09 06:00:00,0.79107,0.79171,0.79094,0.79168,2508.0
2026-04-09 07:00:00,0.79169,0.79172,0.79025,0.79043,1902.0
2026-04-09 08:00:00,0.79042,0.79103,0.79018,0.79052,3396.0
2026-04-09 09:00:00,0.79047,0.7906,0.78888,0.78946,4278.0
2026-04-09 10:00:00,0.78944,0.79079,0.78898,0.79047,5842.0
2026-04-09 11:00:00,0.79048,0.79122,0.78881,0.7889,6624.0
2026-04-09 12:00:00,0.78891,0.78904,0.78802,0.7885,3470.0
2026-04-09 13:00:00,0.78848,0.78891,0.78792,0.78885,2718.0
2026-04-09 14:00:00,0.78884,0.79061,0.78878,0.79049,3261.0
2026-04-09 15:00:00,0.79049,0.7906,0.78987,0.79048,1749.0
2026-04-09 16:00:00,0.79048,0.79069,0.7904,0.79049,1075.0
2026-04-09 17:00:00,0.79046,0.7907,0.78974,0.78996,1958.0
2026-04-09 18:00:00,0.79,0.79087,0.78989,0.79064,1406.0
2026-04-09 19:00:00,0.79064,0.79101,0.79054,0.79092,699.0
2026-04-09 20:00:00,0.79096,0.7914,0.79095,0.79122,1820.0
2026-04-09 21:00:00,0.7912,0.79132,0.79033,0.79048,1715.0
2026-04-09 22:00:00,0.79046,0.79114,0.79043,0.7907,1524.0
2026-04-09 23:00:00,0.79071,0.79072,0.7902,0.79032,975.0
2026-04-10 00:00:00,0.79031,0.7904,0.79012,0.79036,1377.0
2026-04-10 01:00:00,0.79032,0.79061,0.79026,0.79036,1193.0
2026-04-10 02:00:00,0.79036,0.79068,0.7898,0.79028,1364.0
2026-04-10 03:00:00,0.79027,0.7906,0.78959,0.79054,1975.0
2026-04-10 04:00:00,0.79052,0.79066,0.78949,0.7902,2189.0
2026-04-10 05:00:00,0.79018,0.79063,0.78882,0.78982,3767.0
2026-04-10 06:00:00,0.78986,0.79035,0.78916,0.78928,2033.0
2026-04-10 07:00:00,0.78927,0.7894,0.78872,0.78884,1824.0
2026-04-10 08:00:00,0.7888,0.78905,0.78738,0.78826,3957.0
2026-04-10 09:00:00,0.78828,0.78839,0.78609,0.78696,3859.0
2026-04-10 10:00:00,0.78692,0.79002,0.78548,0.78895,8213.0
2026-04-10 11:00:00,0.78896,0.78929,0.78778,0.78928,4249.0
2026-04-10 12:00:00,0.78929,0.79006,0.78894,0.78946,2690.0
2026-04-10 13:00:00,0.78946,0.78989,0.78924,0.78956,1467.0
2026-04-10 14:00:00,0.78956,0.78971,0.78848,0.78874,2032.0
2026-04-10 15:00:00,0.78871,0.78914,0.78868,0.7891,1214.0
2026-04-10 16:00:00,0.78909,0.78942,0.78898,0.78916,2338.0
2026-04-12 17:00:00,0.79086,0.79147,0.79036,0.79098,611.0
2026-04-12 18:00:00,0.79098,0.79326,0.79084,0.79282,3720.0
2026-04-12 19:00:00,0.79284,0.79345,0.79258,0.79266,1631.0
2026-04-12 20:00:00,0.79265,0.793,0.79246,0.7925,3678.0
2026-04-12 21:00:00,0.79249,0.79272,0.7921,0.79225,2437.0
2026-04-12 22:00:00,0.79224,0.79226,0.79182,0.79196,1435.0
2026-04-12 23:00:00,0.79196,0.79211,0.79179,0.7918,663.0
2026-04-13 00:00:00,0.79179,0.7921,0.79171,0.79208,1324.0
2026-04-13 01:00:00,0.79208,0.79229,0.79186,0.79205,1520.0
2026-04-13 02:00:00,0.792,0.79224,0.79106,0.79106,2816.0
2026-04-13 03:00:00,0.79102,0.79102,0.78976,0.79005,2625.0
2026-04-13 04:00:00,0.79006,0.79056,0.7898,0.79039,1833.0
2026-04-13 05:00:00,0.79038,0.79052,0.78998,0.79046,1611.0
2026-04-13 06:00:00,0.79046,0.7905,0.78984,0.78998,1638.0
2026-04-13 07:00:00,0.78994,0.79106,0.78926,0.791,2023.0
2026-04-13 08:00:00,0.79104,0.79118,0.78956,0.78962,3178.0
2026-04-13 09:00:00,0.7896,0.78996,0.78847,0.78894,4580.0
2026-04-13 10:00:00,0.78894,0.7893,0.78702,0.78748,5436.0
2026-04-13 11:00:00,0.78753,0.78803,0.78728,0.78762,3295.0
2026-04-13 12:00:00,0.7876,0.78771,0.7857,0.78587,3916.0
2026-04-13 13:00:00,0.78586,0.78591,0.78471,0.78536,2315.0
2026-04-13 14:00:00,0.78538,0.78538,0.78313,0.78316,2548.0
2026-04-13 15:00:00,0.78318,0.78391,0.78302,0.7838,1370.0
2026-04-13 16:00:00,0.7838,0.78401,0.7836,0.78386,932.0
2026-04-13 17:00:00,0.78391,0.78407,0.78338,0.78376,1147.0
2026-04-13 18:00:00,0.78376,0.78392,0.78335,0.78356,660.0
2026-04-13 19:00:00,0.78356,0.78359,0.78316,0.78324,793.0
2026-04-13 20:00:00,0.7832,0.78368,0.78304,0.78304,2284.0
2026-04-13 21:00:00,0.78304,0.78358,0.78295,0.78353,1850.0
2026-04-13 22:00:00,0.7835,0.78382,0.78339,0.78362,865.0
2026-04-13 23:00:00,0.78362,0.78377,0.78298,0.78306,978.0
2026-04-14 00:00:00,0.78306,0.78324,0.78292,0.78314,773.0
2026-04-14 01:00:00,0.78316,0.78366,0.7829,0.7833,1461.0
2026-04-14 02:00:00,0.78328,0.78368,0.78226,0.78228,1922.0
2026-04-14 03:00:00,0.78231,0.78231,0.78014,0.78122,3921.0
2026-04-14 04:00:00,0.78124,0.78176,0.7805,0.7806,3130.0
2026-04-14 05:00:00,0.78059,0.78096,0.78004,0.78061,1997.0
2026-04-14 06:00:00,0.78062,0.78086,0.7801,0.78081,1810.0
2026-04-14 07:00:00,0.78082,0.78091,0.77992,0.78034,2247.0
2026-04-14 08:00:00,0.78034,0.78101,0.77952,0.77994,4025.0
2026-04-14 09:00:00,0.77996,0.78112,0.77971,0.78054,3884.0
2026-04-14 10:00:00,0.78053,0.78054,0.77906,0.77967,4741.0
2026-04-14 11:00:00,0.77972,0.7812,0.77972,0.78103,4624.0
2026-04-14 12:00:00,0.78104,0.78126,0.78064,0.78114,2170.0
2026-04-14 13:00:00,0.78117,0.78126,0.7806,0.78084,1199.0
2026-04-14 14:00:00,0.78082,0.78138,0.78067,0.7811,1554.0
2026-04-14 15:00:00,0.78114,0.78139,0.7811,0.78134,1086.0
2026-04-14 16:00:00,0.78133,0.7814,0.78092,0.78092,561.0
2026-04-14 17:00:00,0.78126,0.78135,0.7809,0.78103,678.0
2026-04-14 18:00:00,0.78106,0.7811,0.78062,0.781,837.0
2026-04-14 19:00:00,0.78099,0.78116,0.7806,0.78096,1316.0
2026-04-14 20:00:00,0.78096,0.78162,0.78092,0.78102,2695.0
2026-04-14 21:00:00,0.78104,0.7815,0.78071,0.78132,2416.0
2026-04-14 22:00:00,0.78132,0.782,0.78114,0.7817,1877.0
2026-04-14 23:00:00,0.78172,0.78194,0.78125,0.78137,1434.0
2026-04-15 00:00:00,0.78138,0.78146,0.78126,0.78129,948.0
2026-04-15 01:00:00,0.78128,0.78132,0.78081,0.78102,2232.0
2026-04-15 02:00:00,0.78105,0.78146,0.7807,0.7813,2524.0
2026-04-15 03:00:00,0.78132,0.78135,0.78063,0.78108,2664.0
2026-04-15 04:00:00,0.78108,0.78114,0.77986,0.78086,2504.0
2026-04-15 05:00:00,0.78085,0.78209,0.78072,0.78167,3853.0
2026-04-15 06:00:00,0.78167,0.78268,0.78144,0.78255,3718.0
2026-04-15 07:00:00,0.78254,0.78318,0.78226,0.78252,2992.0
2026-04-15 08:00:00,0.78255,0.78296,0.78218,0.7824,3315.0
2026-04-15 09:00:00,0.78239,0.78242,0.78127,0.78196,3527.0
2026-04-15 10:00:00,0.78197,0.7821,0.78066,0.78158,4652.0
2026-04-15 11:00:00,0.78156,0.78173,0.7809,0.78156,4111.0
2026-04-15 12:00:00,0.78156,0.78176,0.78127,0.78168,2760.0
2026-04-15 13:00:00,0.7817,0.7824,0.78141,0.78216,1663.0
2026-04-15 14:00:00,0.78214,0.78227,0.78146,0.78166,2329.0
2026-04-15 15:00:00,0.78165,0.78183,0.78138,0.78172,1118.0
2026-04-15 16:00:00,0.7817,0.78208,0.7817,0.78195,792.0
2026-04-15 17:00:00,0.78253,0.78286,0.78178,0.78215,5646.0
2026-04-15 18:00:00,0.78214,0.78214,0.78148,0.78156,1181.0
2026-04-15 19:00:00,0.78152,0.78156,0.78126,0.78134,687.0
2026-04-15 20:00:00,0.78133,0.78154,0.78104,0.78104,1574.0
2026-04-15 21:00:00,0.78106,0.78165,0.7809,0.78134,2026.0
2026-04-15 22:00:00,0.78133,0.78138,0.78039,0.78042,1576.0
2026-04-15 23:00:00,0.78044,0.78054,0.77989,0.78048,2501.0
2026-04-16 00:00:00,0.7805,0.78081,0.78046,0.7808,1325.0
2026-04-16 01:00:00,0.7808,0.78134,0.7807,0.78122,1603.0
2026-04-16 02:00:00,0.78121,0.78158,0.78073,0.7808,1844.0
2026-04-16 03:00:00,0.7808,0.7822,0.78062,0.78206,2613.0
2026-04-16 04:00:00,0.78204,0.78306,0.78189,0.78242,2985.0
2026-04-16 05:00:00,0.78242,0.784,0.78233,0.78374,2403.0
2026-04-16 06:00:00,0.78377,0.78434,0.78369,0.78388,1775.0
2026-04-16 07:00:00,0.78387,0.78388,0.78312,0.78328,1703.0
2026-04-16 08:00:00,0.78326,0.78384,0.78314,0.78352,3124.0
2026-04-16 09:00:00,0.78352,0.78376,0.78294,0.78316,3996.0
2026-04-16 10:00:00,0.78314,0.78395,0.7826,0.78385,4266.0
2026-04-16 11:00:00,0.78384,0.78418,0.78338,0.78338,3157.0
2026-04-16 12:00:00,0.78336,0.7843,0.783,0.78404,2717.0
2026-04-16 13:00:00,0.784,0.78454,0.78384,0.7844,2156.0
2026-04-16 14:00:00,0.78438,0.7844,0.78346,0.78354,2776.0
2026-04-16 15:00:00,0.7835,0.7835,0.78293,0.78336,1440.0
2026-04-16 16:00:00,0.78336,0.78358,0.78326,0.78354,636.0
2026-04-16 17:00:00,0.78412,0.78412,0.78321,0.7834,702.0
2026-04-16 18:00:00,0.7835,0.78355,0.78312,0.78332,589.0
2026-04-16 19:00:00,0.78335,0.78347,0.78298,0.78323,651.0
2026-04-16 20:00:00,0.78326,0.7835,0.78294,0.78324,1091.0
2026-04-16 21:00:00,0.78324,0.78359,0.7832,0.78332,1379.0
2026-04-16 22:00:00,0.78333,0.78384,0.78331,0.78362,944.0
2026-04-16 23:00:00,0.7836,0.78385,0.78318,0.78334,860.0
2026-04-17 00:00:00,0.78334,0.7834,0.78317,0.78332,934.0
2026-04-17 01:00:00,0.78332,0.78349,0.78315,0.78344,1019.0
2026-04-17 02:00:00,0.78345,0.78402,0.78314,0.78399,1720.0
2026-04-17 03:00:00,0.78397,0.78397,0.78308,0.78314,2378.0
2026-04-17 04:00:00,0.78312,0.78342,0.7822,0.7822,1704.0
2026-04-17 05:00:00,0.7822,0.78264,0.782,0.78238,1815.0
2026-04-17 06:00:00,0.78238,0.78264,0.78206,0.78255,1478.0
2026-04-17 07:00:00,0.78256,0.78272,0.78234,0.78256,1653.0
2026-04-17 08:00:00,0.78256,0.78264,0.77918,0.77923,6301.0
2026-04-17 09:00:00,0.77919,0.77989,0.77777,0.77864,9759.0
2026-04-17 10:00:00,0.77866,0.77892,0.77753,0.77878,7664.0
2026-04-17 11:00:00,0.77878,0.77972,0.77862,0.77954,6571.0
2026-04-17 12:00:00,0.77954,0.77988,0.77888,0.77946,2877.0
2026-04-17 13:00:00,0.77944,0.78054,0.77944,0.77956,3526.0
2026-04-17 14:00:00,0.77956,0.7811,0.7794,0.78064,2765.0
2026-04-17 15:00:00,0.78065,0.78145,0.7803,0.78135,1636.0
2026-04-17 16:00:00,0.78136,0.78192,0.7811,0.78179,1374.0
2026-04-19 17:00:00,0.78162,0.78276,0.78149,0.78268,666.0
2026-04-19 18:00:00,0.78266,0.78396,0.78266,0.78351,2000.0
2026-04-19 19:00:00,0.78352,0.78392,0.78302,0.78376,1501.0
2026-04-19 20:00:00,0.78376,0.7839,0.78253,0.78266,3375.0
2026-04-19 21:00:00,0.78265,0.78312,0.7822,0.78252,2724.0
2026-04-19 22:00:00,0.78254,0.78272,0.78216,0.7826,1580.0
2026-04-19 23:00:00,0.78259,0.78272,0.78209,0.78228,1026.0
2026-04-20 00:00:00,0.78229,0.78268,0.78214,0.7825,1051.0
2026-04-20 01:00:00,0.7825,0.78336,0.78246,0.7831,2049.0
2026-04-20 02:00:00,0.7831,0.78354,0.78204,0.78208,3479.0
2026-04-20 03:00:00,0.78208,0.78264,0.78134,0.78228,3278.0
2026-04-20 04:00:00,0.7823,0.78236,0.78174,0.78203,2647.0
2026-04-20 05:00:00,0.782,0.782,0.78121,0.78136,2856.0
2026-04-20 06:00:00,0.78134,0.78152,0.78103,0.78114,1609.0
2026-04-20 07:00:00,0.78114,0.78136,0.78078,0.78117,2223.0
2026-04-20 08:00:00,0.78119,0.78196,0.78062,0.78094,2730.0
2026-04-20 09:00:00,0.78092,0.7812,0.7794,0.77984,4338.0
2026-04-20 10:00:00,0.77983,0.78114,0.7784,0.7785,7428.0
2026-04-20 11:00:00,0.77854,0.77916,0.7776,0.77824,5821.0
2026-04-20 12:00:00,0.77822,0.77857,0.77796,0.77824,2006.0
2026-04-20 13:00:00,0.77824,0.77873,0.77796,0.77852,1314.0
2026-04-20 14:00:00,0.77847,0.77887,0.77797,0.77879,2291.0
2026-04-20 15:00:00,0.7788,0.7788,0.77822,0.77842,1345.0
2026-04-20 16:00:00,0.77842,0.77858,0.77824,0.77843,677.0
2026-04-20 17:00:00,0.77842,0.77924,0.77815,0.77853,2709.0
2026-04-20 18:00:00,0.77852,0.77853,0.778,0.778,1384.0
2026-04-20 19:00:00,0.77802,0.77861,0.77802,0.77856,580.0
2026-04-20 20:00:00,0.77855,0.77888,0.77842,0.77859,2193.0
2026-04-20 21:00:00,0.77862,0.77882,0.77842,0.77877,1614.0
2026-04-20 22:00:00,0.77876,0.77918,0.7787,0.77886,1109.0
2026-04-20 23:00:00,0.77886,0.77946,0.77882,0.77933,1243.0
2026-04-21 00:00:00,0.77934,0.77942,0.77926,0.77932,589.0
2026-04-21 01:00:00,0.77932,0.77932,0.7785,0.77878,1271.0
2026-04-21 02:00:00,0.77878,0.77918,0.77865,0.7789,2454.0
2026-04-21 03:00:00,0.7789,0.77966,0.77882,0.7796,3940.0
2026-04-21 04:00:00,0.7796,0.7807,0.77941,0.78033,3722.0
2026-04-21 05:00:00,0.78034,0.7806,0.77944,0.77976,2141.0
2026-04-21 06:00:00,0.77974,0.78014,0.77974,0.77995,1601.0
2026-04-21 07:00:00,0.77995,0.78034,0.77924,0.77926,1940.0
2026-04-21 08:00:00,0.77926,0.78035,0.77918,0.78014,3359.0
2026-04-21 09:00:00,0.78012,0.78018,0.77896,0.77914,3477.0
2026-04-21 10:00:00,0.77912,0.78004,0.7783,0.77966,5435.0
2026-04-21 11:00:00,0.77967,0.78074,0.7793,0.78014,4362.0
2026-04-21 12:00:00,0.7801,0.78099,0.7798,0.78085,2353.0
2026-04-21 13:00:00,0.78087,0.78262,0.7796,0.78086,6580.0
2026-04-21 14:00:00,0.7809,0.78179,0.78053,0.78077,4711.0
2026-04-21 15:00:00,0.78076,0.78243,0.78004,0.7821,7808.0
2026-04-21 16:00:00,0.7821,0.78234,0.78019,0.78074,4100.0
2026-04-21 17:00:00,0.78077,0.78144,0.78042,0.78128,1048.0
2026-04-21 18:00:00,0.78129,0.78129,0.7807,0.78104,1310.0
2026-04-21 19:00:00,0.78104,0.78111,0.78055,0.78058,721.0
2026-04-21 20:00:00,0.7806,0.78063,0.7799,0.7806,2245.0
2026-04-21 21:00:00,0.7806,0.78099,0.78033,0.78058,2407.0
2026-04-21 22:00:00,0.78057,0.78086,0.78029,0.7808,1675.0
2026-04-21 23:00:00,0.78077,0.78087,0.78052,0.78082,1597.0
2026-04-22 00:00:00,0.78083,0.78086,0.78051,0.78078,1277.0
2026-04-22 01:00:00,0.78076,0.78078,0.77921,0.77973,4030.0
2026-04-22 02:00:00,0.77974,0.78024,0.77948,0.78004,2663.0
2026-04-22 03:00:00,0.78007,0.78013,0.77959,0.77984,2705.0
2026-04-22 04:00:00,0.77982,0.7803,0.77944,0.78005,2920.0
2026-04-22 05:00:00,0.78008,0.78134,0.7798,0.78116,2592.0
2026-04-22 06:00:00,0.78114,0.78139,0.78071,0.7809,2585.0
2026-04-22 07:00:00,0.78092,0.78203,0.78092,0.78184,2922.0
2026-04-22 08:00:00,0.78187,0.78322,0.7815,0.78306,3328.0
2026-04-22 09:00:00,0.78306,0.78306,0.78173,0.78222,5134.0
2026-04-22 10:00:00,0.7822,0.78326,0.78186,0.78306,4452.0
2026-04-22 11:00:00,0.78306,0.78356,0.78264,0.78352,3864.0
2026-04-22 12:00:00,0.7835,0.78395,0.78333,0.7839,2181.0
2026-04-22 13:00:00,0.78392,0.78426,0.78342,0.7842,2186.0
2026-04-22 14:00:00,0.78422,0.78458,0.784,0.78433,1444.0
2026-04-22 15:00:00,0.78434,0.78494,0.78428,0.7848,1038.0
2026-04-22 16:00:00,0.78483,0.78501,0.78466,0.78476,1011.0
2026-04-22 17:00:00,0.78436,0.78458,0.78406,0.78438,777.0
2026-04-22 18:00:00,0.78441,0.7848,0.78437,0.78467,718.0
2026-04-22 19:00:00,0.78466,0.78492,0.78464,0.78486,476.0
2026-04-22 20:00:00,0.78486,0.78588,0.78416,0.78432,4771.0
2026-04-22 21:00:00,0.78429,0.78465,0.78416,0.7846,2201.0
2026-04-22 22:00:00,0.7846,0.78564,0.78454,0.78556,2184.0
2026-04-22 23:00:00,0.78556,0.7858,0.78526,0.78572,2416.0
2026-04-23 00:00:00,0.78572,0.78578,0.78544,0.78552,913.0
2026-04-23 01:00:00,0.78552,0.78556,0.78503,0.78504,1313.0
2026-04-23 02:00:00,0.78502,0.78526,0.78434,0.78456,1946.0
2026-04-23 03:00:00,0.78456,0.78518,0.78415,0.78467,3134.0
2026-04-23 04:00:00,0.78468,0.78484,0.78407,0.78413,3022.0
2026-04-23 05:00:00,0.78414,0.78523,0.78409,0.78517,2779.0
2026-04-23 06:00:00,0.78516,0.7859,0.78498,0.78558,2669.0
2026-04-23 07:00:00,0.78554,0.78572,0.78424,0.78448,3156.0
2026-04-23 08:00:00,0.78448,0.78572,0.78428,0.78546,4894.0
2026-04-23 09:00:00,0.78546,0.78634,0.7852,0.78554,4164.0
2026-04-23 10:00:00,0.78555,0.78576,0.78321,0.78356,5656.0
2026-04-23 11:00:00,0.78358,0.78442,0.78331,0.78431,3731.0
2026-04-23 12:00:00,0.78432,0.78488,0.78426,0.78463,1970.0
2026-04-23 13:00:00,0.78462,0.78738,0.7846,0.78574,9277.0
2026-04-23 14:00:00,0.78573,0.78608,0.7849,0.78604,6252.0
2026-04-23 15:00:00,0.78606,0.78664,0.78596,0.78628,2630.0
2026-04-23 16:00:00,0.78632,0.78658,0.78628,0.78653,942.0
2026-04-23 17:00:00,0.78579,0.78634,0.78546,0.78604,3823.0
2026-04-23 18:00:00,0.78603,0.78636,0.78603,0.78632,698.0
2026-04-23 19:00:00,0.78634,0.78658,0.78622,0.78628,510.0
2026-04-23 20:00:00,0.78626,0.78658,0.78582,0.7863,2200.0
2026-04-23 21:00:00,0.78631,0.78652,0.78608,0.78612,2100.0
2026-04-23 22:00:00,0.78611,0.78687,0.78606,0.78682,1748.0
2026-04-23 23:00:00,0.7868,0.78734,0.78673,0.78699,1622.0
2026-04-24 00:00:00,0.78699,0.78729,0.78672,0.78704,1413.0
2026-04-24 01:00:00,0.78702,0.78717,0.78669,0.78683,2076.0
2026-04-24 02:00:00,0.78682,0.7875,0.7867,0.7874,1800.0
2026-04-24 03:00:00,0.78744,0.78766,0.78647,0.78666,2467.0
2026-04-24 04:00:00,0.78664,0.787,0.7858,0.78612,3009.0
2026-04-24 05:00:00,0.78612,0.78703,0.786,0.78695,1810.0
2026-04-24 06:00:00,0.78696,0.78714,0.78586,0.7859,1848.0
2026-04-24 07:00:00,0.7859,0.78636,0.78526,0.78532,5375.0
2026-04-24 08:00:00,0.78528,0.78675,0.78495,0.78615,4122.0
2026-04-24 09:00:00,0.78614,0.78746,0.7859,0.78674,4463.0
2026-04-24 10:00:00,0.78674,0.78703,0.78534,0.78622,5984.0
2026-04-24 11:00:00,0.78622,0.78626,0.78458,0.7848,5120.0
2026-04-24 12:00:00,0.7848,0.78524,0.78463,0.7849,3033.0
2026-04-24 13:00:00,0.7849,0.78542,0.78462,0.78542,2401.0
2026-04-24 14:00:00,0.78541,0.78558,0.78506,0.78529,1799.0
2026-04-24 15:00:00,0.7853,0.78532,0.78494,0.78498,1248.0
2026-04-24 16:00:00,0.78502,0.78524,0.78462,0.78498,1188.0
2026-04-26 17:00:00,0.78672,0.78674,0.78511,0.78584,803.0
2026-04-26 18:00:00,0.78595,0.7864,0.78532,0.78623,1113.0
2026-04-26 19:00:00,0.78623,0.78655,0.78616,0.7865,750.0
2026-04-26 20:00:00,0.7865,0.7865,0.78569,0.78574,2126.0
2026-04-26 21:00:00,0.7857,0.7857,0.78478,0.78501,2947.0
2026-04-26 22:00:00,0.78502,0.78524,0.78474,0.78483,1984.0
2026-04-26 23:00:00,0.78484,0.78486,0.78442,0.78466,1315.0
2026-04-27 00:00:00,0.78468,0.78486,0.7844,0.78478,1069.0
2026-04-27 01:00:00,0.78479,0.78524,0.78472,0.7852,1470.0
2026-04-27 02:00:00,0.78518,0.7857,0.78496,0.78502,2216.0
2026-04-27 03:00:00,0.78498,0.78522,0.7845,0.78478,2957.0
2026-04-27 04:00:00,0.7848,0.78487,0.7834,0.78359,3124.0
2026-04-27 05:00:00,0.78356,0.78426,0.78346,0.78425,2105.0
2026-04-27 06:00:00,0.78426,0.78446,0.784,0.78422,1687.0
2026-04-27 07:00:00,0.7842,0.78498,0.784,0.78479,2016.0
2026-04-27 08:00:00,0.78478,0.78478,0.78359,0.78449,2588.0
2026-04-27 09:00:00,0.78451,0.78482,0.7837,0.78452,4577.0
2026-04-27 10:00:00,0.78456,0.7847,0.7831,0.78424,3871.0
2026-04-27 11:00:00,0.78424,0.78488,0.78416,0.7845,3027.0
2026-04-27 12:00:00,0.7845,0.78538,0.78446,0.78538,1608.0
2026-04-27 13:00:00,0.78538,0.78601,0.78514,0.78555,1961.0
2026-04-27 14:00:00,0.78556,0.7857,0.78532,0.78556,1211.0
2026-04-27 15:00:00,0.7856,0.78567,0.78526,0.78565,1067.0
2026-04-27 16:00:00,0.78566,0.78581,0.78557,0.7856,491.0
2026-04-27 17:00:00,0.78546,0.78554,0.78485,0.7852,866.0
2026-04-27 18:00:00,0.78518,0.78552,0.78504,0.78536,1112.0
2026-04-27 19:00:00,0.78536,0.78546,0.78531,0.78533,654.0
2026-04-27 20:00:00,0.78532,0.78588,0.78492,0.78584,2278.0
2026-04-27 21:00:00,0.78586,0.78666,0.78586,0.78658,2224.0
2026-04-27 22:00:00,0.7866,0.78686,0.78648,0.78678,1750.0
2026-04-27 23:00:00,0.78678,0.78688,0.78624,0.78657,1679.0
2026-04-28 00:00:00,0.78658,0.78692,0.78646,0.7869,1499.0
2026-04-28 01:00:00,0.78688,0.7875,0.78685,0.78746,2006.0
2026-04-28 02:00:00,0.78746,0.78971,0.7874,0.7896,2911.0
2026-04-28 03:00:00,0.78963,0.78969,0.78844,0.78967,3547.0
2026-04-28 04:00:00,0.78966,0.78974,0.78824,0.7889,3940.0
2026-04-28 05:00:00,0.78891,0.7902,0.78866,0.78986,3285.0
2026-04-28 06:00:00,0.78987,0.79012,0.78939,0.7894,2461.0
2026-04-28 07:00:00,0.78942,0.79094,0.78923,0.7908,3944.0
2026-04-28 08:00:00,0.79078,0.79113,0.78951,0.78961,4480.0
2026-04-28 09:00:00,0.78962,0.79068,0.78958,0.79011,6056.0
2026-04-28 10:00:00,0.79014,0.7909,0.78964,0.78977,6886.0
2026-04-28 11:00:00,0.78978,0.78995,0.7887,0.7888,4262.0
2026-04-28 12:00:00,0.78878,0.78966,0.78872,0.7892,3141.0
2026-04-28 13:00:00,0.7892,0.7897,0.78898,0.7891,2186.0
2026-04-28 14:00:00,0.78909,0.78964,0.78903,0.78959,1510.0
2026-04-28 15:00:00,0.78959,0.78986,0.78923,0.78955,1187.0
2026-04-28 16:00:00,0.78954,0.78956,0.7891,0.78928,722.0
2026-04-28 17:00:00,0.78935,0.78964,0.78912,0.78952,332.0
2026-04-28 18:00:00,0.78938,0.78938,0.7888,0.78916,731.0
2026-04-28 19:00:00,0.78916,0.78922,0.789,0.78902,398.0
2026-04-28 20:00:00,0.789,0.7892,0.78863,0.789,1778.0
2026-04-28 21:00:00,0.78898,0.78972,0.78866,0.78892,3559.0
2026-04-28 22:00:00,0.7889,0.78897,0.78834,0.78894,2076.0
2026-04-28 23:00:00,0.78894,0.7891,0.78856,0.78898,1469.0
2026-04-29 00:00:00,0.78899,0.78912,0.78882,0.78904,950.0
2026-04-29 01:00:00,0.78906,0.78978,0.78902,0.78954,1384.0
2026-04-29 02:00:00,0.78957,0.78961,0.78884,0.78903,2586.0
2026-04-29 03:00:00,0.78906,0.78951,0.78872,0.78918,2601.0
2026-04-29 04:00:00,0.78919,0.78968,0.78896,0.78964,3511.0
2026-04-29 05:00:00,0.78964,0.7903,0.78931,0.79026,3093.0
2026-04-29 06:00:00,0.79025,0.79036,0.78924,0.78924,2361.0
2026-04-29 07:00:00,0.78924,0.78952,0.78883,0.78935,2569.0
2026-04-29 08:00:00,0.78935,0.79022,0.78875,0.79012,3874.0
2026-04-29 09:00:00,0.79013,0.79162,0.78985,0.79118,6211.0
2026-04-29 10:00:00,0.79116,0.79131,0.7896,0.7897,5167.0
2026-04-29 11:00:00,0.7897,0.79076,0.78944,0.79024,4680.0
2026-04-29 12:00:00,0.79025,0.7907,0.78982,0.79062,3871.0
2026-04-29 13:00:00,0.79062,0.79094,0.78997,0.79014,3353.0
2026-04-29 14:00:00,0.79013,0.79252,0.79004,0.79154,8788.0
2026-04-29 15:00:00,0.7915,0.79182,0.79068,0.79108,3516.0
2026-04-29 16:00:00,0.79108,0.79175,0.79103,0.79148,2298.0
2026-04-29 17:00:00,0.79137,0.79146,0.79018,0.79088,265.0
2026-04-29 18:00:00,0.79075,0.7918,0.79064,0.79124,1072.0
2026-04-29 19:00:00,0.79122,0.79148,0.79046,0.7906,1079.0
2026-04-29 20:00:00,0.79059,0.79089,0.79018,0.79084,3300.0
2026-04-29 21:00:00,0.79086,0.7911,0.79056,0.7909,2510.0
2026-04-29 22:00:00,0.79091,0.79196,0.79084,0.7915,2706.0
2026-04-29 23:00:00,0.79149,0.79164,0.79114,0.79141,2437.0
2026-04-30 00:00:00,0.79142,0.79234,0.79136,0.79196,2357.0
2026-04-30 01:00:00,0.79198,0.79204,0.7915,0.792,2355.0
2026-04-30 02:00:00,0.792,0.79204,0.79102,0.79125,2996.0
2026-04-30 03:00:00,0.79125,0.79129,0.7901,0.7905,3425.0
2026-04-30 04:00:00,0.79046,0.7905,0.7887,0.78957,4637.0
2026-04-30 05:00:00,0.78957,0.78964,0.78716,0.78739,5049.0
2026-04-30 06:00:00,0.78738,0.78772,0.78536,0.78543,9264.0
2026-04-30 07:00:00,0.7854,0.78624,0.78447,0.78504,8474.0
2026-04-30 08:00:00,0.78504,0.7856,0.78339,0.78396,6943.0
2026-04-30 09:00:00,0.78395,0.78531,0.78334,0.78427,8340.0
2026-04-30 10:00:00,0.78428,0.78485,0.781,0.78215,12640.0
2026-04-30 11:00:00,0.78216,0.78271,0.78075,0.78246,9285.0
2026-04-30 12:00:00,0.78246,0.78286,0.78197,0.78252,3368.0
2026-04-30 13:00:00,0.78251,0.78266,0.78164,0.78232,3130.0
2026-04-30 14:00:00,0.78231,0.78242,0.78102,0.78129,2881.0
2026-04-30 15:00:00,0.78128,0.78158,0.78057,0.78141,2453.0
2026-04-30 16:00:00,0.78142,0.78162,0.78106,0.7814,1445.0
2026-04-30 17:00:00,0.78117,0.78207,0.78103,0.78168,1744.0
2026-04-30 18:00:00,0.78183,0.78183,0.78122,0.78144,965.0
2026-04-30 19:00:00,0.78144,0.78171,0.7813,0.78168,997.0
2026-04-30 20:00:00,0.78164,0.7818,0.78138,0.78162,2626.0
2026-04-30 21:00:00,0.78163,0.78195,0.7814,0.78154,1654.0
2026-04-30 22:00:00,0.78155,0.78176,0.78124,0.78142,1440.0
2026-04-30 23:00:00,0.78143,0.7816,0.78116,0.78156,1017.0
2026-05-01 00:00:00,0.78156,0.78227,0.7815,0.7822,1154.0
2026-05-01 01:00:00,0.7822,0.7828,0.7822,0.78268,1099.0
2026-05-01 02:00:00,0.78268,0.78304,0.77964,0.78091,4805.0
2026-05-01 03:00:00,0.78092,0.78206,0.78092,0.78178,5187.0
2026-05-01 04:00:00,0.7818,0.78208,0.78072,0.7809,3802.0
2026-05-01 05:00:00,0.7809,0.78189,0.78083,0.7815,2204.0
2026-05-01 06:00:00,0.78152,0.78172,0.78066,0.78078,1926.0
2026-05-01 07:00:00,0.78077,0.78088,0.7799,0.78048,2600.0
2026-05-01 08:00:00,0.78048,0.7808,0.77886,0.7802,5185.0
2026-05-01 09:00:00,0.78022,0.78146,0.77982,0.77984,5739.0
2026-05-01 10:00:00,0.77987,0.77992,0.7779,0.77882,7997.0
2026-05-01 11:00:00,0.77884,0.78006,0.77877,0.77956,5495.0
2026-05-01 12:00:00,0.77958,0.7806,0.77927,0.78056,4081.0
2026-05-01 13:00:00,0.7806,0.78112,0.78038,0.78086,2955.0
2026-05-01 14:00:00,0.78086,0.78153,0.78076,0.78114,2659.0
2026-05-01 15:00:00,0.78116,0.78184,0.78116,0.78168,1133.0
2026-05-01 16:00:00,0.7817,0.78238,0.78156,0.78202,1568.0
2026-05-03 17:00:00,0.782,0.782,0.77935,0.78096,364.0
2026-05-03 18:00:00,0.78089,0.78133,0.78038,0.78082,934.0
2026-05-03 19:00:00,0.78081,0.78133,0.78081,0.78128,599.0
2026-05-03 20:00:00,0.78132,0.78176,0.78094,0.78094,2802.0
2026-05-03 21:00:00,0.78095,0.78184,0.78093,0.78124,3388.0
2026-05-03 22:00:00,0.78124,0.78141,0.78098,0.781,2232.0
2026-05-03 23:00:00,0.78102,0.78134,0.78,0.78028,4663.0
2026-05-04 00:00:00,0.7803,0.78107,0.78026,0.78096,2860.0
2026-05-04 01:00:00,0.78097,0.78114,0.78061,0.7808,2300.0
2026-05-04 02:00:00,0.7808,0.78164,0.78046,0.78132,2370.0
2026-05-04 03:00:00,0.78134,0.78305,0.78124,0.78278,2527.0
2026-05-04 04:00:00,0.78282,0.78336,0.78236,0.7825,3095.0
2026-05-04 05:00:00,0.78248,0.78318,0.7821,0.78309,2478.0
2026-05-04 06:00:00,0.7831,0.78472,0.78293,0.78378,6338.0
2026-05-04 07:00:00,0.78378,0.78453,0.78346,0.7843,3277.0
2026-05-04 08:00:00,0.78427,0.78434,0.78292,0.78323,2548.0
2026-05-04 09:00:00,0.78322,0.78361,0.78234,0.78262,3649.0
2026-05-04 10:00:00,0.78262,0.7832,0.78225,0.7826,3699.0
2026-05-04 11:00:00,0.78262,0.78388,0.782,0.78352,5921.0
2026-05-04 12:00:00,0.78352,0.78476,0.7832,0.7847,5158.0
2026-05-04 13:00:00,0.7847,0.78477,0.78334,0.7836,3240.0
2026-05-04 14:00:00,0.7836,0.78402,0.78318,0.78322,2159.0
2026-05-04 15:00:00,0.78322,0.78374,0.78307,0.78366,2056.0
2026-05-04 16:00:00,0.78368,0.78432,0.78368,0.78398,841.0
2026-05-04 17:00:00,0.78336,0.7843,0.7832,0.78408,1242.0
2026-05-04 18:00:00,0.78408,0.7842,0.78383,0.78409,895.0
2026-05-04 19:00:00,0.78408,0.7841,0.784,0.78405,446.0
2026-05-04 20:00:00,0.78407,0.78457,0.78386,0.7844,2186.0
2026-05-04 21:00:00,0.7844,0.78458,0.78396,0.78413,1942.0
2026-05-04 22:00:00,0.78412,0.78424,0.78384,0.78419,1809.0
2026-05-04 23:00:00,0.7842,0.78427,0.78398,0.78419,1113.0
2026-05-05 00:00:00,0.7842,0.78475,0.78398,0.78472,1347.0
2026-05-05 01:00:00,0.78472,0.78482,0.78399,0.78432,2162.0
2026-05-05 02:00:00,0.78435,0.78456,0.78406,0.78422,2720.0
2026-05-05 03:00:00,0.78418,0.78426,0.78311,0.78353,2745.0
2026-05-05 04:00:00,0.78354,0.78357,0.78284,0.78347,2523.0
2026-05-05 05:00:00,0.78348,0.78396,0.78319,0.7832,2864.0
2026-05-05 06:00:00,0.78319,0.78341,0.78246,0.78318,1905.0
2026-05-05 07:00:00,0.78319,0.78412,0.78316,0.78368,2738.0
2026-05-05 08:00:00,0.78368,0.78426,0.78314,0.78367,4201.0
2026-05-05 09:00:00,0.78367,0.78368,0.78262,0.78314,3323.0
2026-05-05 10:00:00,0.78312,0.78368,0.7817,0.7817,5576.0
2026-05-05 11:00:00,0.78169,0.78225,0.78132,0.78221,3522.0
2026-05-05 12:00:00,0.7822,0.78294,0.782,0.78292,2308.0
2026-05-05 13:00:00,0.78295,0.78319,0.78244,0.78277,1861.0
2026-05-05 14:00:00,0.78278,0.78295,0.78257,0.78273,1434.0
2026-05-05 15:00:00,0.78272,0.78318,0.78264,0.78312,1127.0
2026-05-05 16:00:00,0.78312,0.7832,0.78288,0.7831,735.0
2026-05-05 17:00:00,0.78275,0.78354,0.78275,0.7832,2562.0
2026-05-05 18:00:00,0.78319,0.78332,0.7818,0.78219,1484.0
2026-05-05 19:00:00,0.7822,0.7822,0.78084,0.78144,2507.0
2026-05-05 20:00:00,0.7814,0.78196,0.78119,0.78131,3750.0
2026-05-05 21:00:00,0.78132,0.78155,0.78101,0.78142,3606.0
2026-05-05 22:00:00,0.78142,0.78192,0.78122,0.78175,2397.0
2026-05-05 23:00:00,0.78176,0.78178,0.7813,0.7816,2317.0
2026-05-06 00:00:00,0.7816,0.7817,0.77886,0.77961,8072.0
2026-05-06 01:00:00,0.7796,0.78042,0.77946,0.78014,3342.0
2026-05-06 02:00:00,0.7801,0.7808,0.77994,0.7805,3303.0
2026-05-06 03:00:00,0.7805,0.78201,0.77971,0.77982,4227.0
2026-05-06 04:00:00,0.77982,0.78086,0.7782,0.77888,5771.0
2026-05-06 05:00:00,0.77888,0.77998,0.77872,0.77886,5239.0
2026-05-06 06:00:00,0.77886,0.77944,0.77715,0.77756,5367.0
2026-05-06 07:00:00,0.77754,0.77872,0.77742,0.77852,4675.0
2026-05-06 08:00:00,0.77852,0.77969,0.77852,0.77933,5509.0
2026-05-06 09:00:00,0.77932,0.78004,0.77908,0.77986,5788.0
2026-05-06 10:00:00,0.77986,0.78041,0.77864,0.7791,6057.0
2026-05-06 11:00:00,0.77908,0.77947,0.77881,0.7794,4189.0
2026-05-06 12:00:00,0.77939,0.77998,0.77933,0.77977,2109.0
2026-05-06 13:00:00,0.77978,0.77984,0.77882,0.77921,2151.0
2026-05-06 14:00:00,0.7792,0.7792,0.77844,0.77858,1765.0
2026-05-06 15:00:00,0.77856,0.77876,0.77829,0.77869,1529.0
2026-05-06 16:00:00,0.77868,0.779,0.77856,0.77885,850.0
2026-05-06 17:00:00,0.77827,0.77935,0.77816,0.77868,6475.0
2026-05-06 18:00:00,0.77864,0.77872,0.77844,0.77856,790.0
2026-05-06 19:00:00,0.77857,0.77896,0.7785,0.77889,740.0
2026-05-06 20:00:00,0.7789,0.77933,0.77856,0.77906,3697.0
2026-05-06 21:00:00,0.77906,0.77926,0.77786,0.77822,2435.0
2026-05-06 22:00:00,0.77823,0.77882,0.77814,0.77864,1971.0
2026-05-06 23:00:00,0.77864,0.7792,0.77864,0.7792,1671.0
2026-05-07 00:00:00,0.77919,0.77932,0.77877,0.779,1897.0
2026-05-07 01:00:00,0.77901,0.7791,0.77875,0.77901,1997.0
2026-05-07 02:00:00,0.77901,0.7793,0.77812,0.77847,3079.0
2026-05-07 03:00:00,0.77847,0.77872,0.77749,0.77764,5133.0
2026-05-07 04:00:00,0.77762,0.778,0.77725,0.77756,3577.0
2026-05-07 05:00:00,0.77759,0.7779,0.77724,0.77748,2983.0
2026-05-07 06:00:00,0.7775,0.77796,0.77715,0.77788,2478.0
2026-05-07 07:00:00,0.77785,0.77834,0.77759,0.77792,2822.0
2026-05-07 08:00:00,0.77792,0.77817,0.77694,0.7773,3630.0
2026-05-07 09:00:00,0.77733,0.77752,0.77671,0.77712,5491.0
2026-05-07 10:00:00,0.77712,0.77765,0.77661,0.7767,4529.0
2026-05-07 11:00:00,0.77668,0.77807,0.7766,0.77775,3745.0
2026-05-07 12:00:00,0.77774,0.77838,0.7776,0.7783,3798.0
2026-05-07 13:00:00,0.77828,0.77973,0.77825,0.77896,5134.0
2026-05-07 14:00:00,0.77895,0.77956,0.77868,0.77892,4112.0
2026-05-07 15:00:00,0.77886,0.78021,0.77868,0.78021,3726.0
2026-05-07 16:00:00,0.78021,0.78083,0.77952,0.78064,1946.0
2026-05-07 17:00:00,0.78008,0.7805,0.77922,0.78027,12087.0
2026-05-07 18:00:00,0.78026,0.78074,0.7802,0.78074,1333.0
2026-05-07 19:00:00,0.78075,0.78088,0.78042,0.78049,746.0
2026-05-07 20:00:00,0.78047,0.78084,0.78013,0.78053,3007.0
2026-05-07 21:00:00,0.78052,0.78052,0.77996,0.7803,2341.0
2026-05-07 22:00:00,0.78031,0.78094,0.7803,0.78062,2587.0
2026-05-07 23:00:00,0.78062,0.7808,0.78024,0.78056,1423.0
2026-05-08 00:00:00,0.78057,0.78074,0.77988,0.77988,1526.0
2026-05-08 01:00:00,0.77989,0.78012,0.77968,0.7798,1815.0
2026-05-08 02:00:00,0.77982,0.77986,0.77883,0.7792,2223.0
2026-05-08 03:00:00,0.77921,0.77954,0.77907,0.77922,3062.0
2026-05-08 04:00:00,0.77918,0.77932,0.77784,0.77821,2343.0
2026-05-08 05:00:00,0.77818,0.77824,0.77758,0.77786,2409.0
2026-05-08 06:00:00,0.77787,0.77862,0.77773,0.77841,1911.0
2026-05-08 07:00:00,0.7784,0.77866,0.77796,0.77808,1848.0
2026-05-08 08:00:00,0.77805,0.77922,0.77712,0.77764,5343.0
2026-05-08 09:00:00,0.77764,0.77806,0.77656,0.77734,5758.0
2026-05-08 10:00:00,0.77734,0.77822,0.77729,0.77736,5128.0
2026-05-08 11:00:00,0.77737,0.778,0.77702,0.77734,4004.0
2026-05-08 12:00:00,0.77734,0.77744,0.77694,0.77721,1984.0
2026-05-08 13:00:00,0.7772,0.7773,0.77683,0.77714,1457.0
2026-05-08 14:00:00,0.77715,0.77723,0.77626,0.77654,2051.0
2026-05-08 15:00:00,0.77656,0.77694,0.77618,0.77693,1480.0
2026-05-08 16:00:00,0.77694,0.77704,0.77624,0.77643,1092.0
2026-05-10 17:00:00,0.77811,0.7785,0.7773,0.77771,4436.0
2026-05-10 18:00:00,0.77788,0.7781,0.77705,0.77789,1059.0
2026-05-10 19:00:00,0.7779,0.77793,0.77758,0.77781,608.0
2026-05-10 20:00:00,0.7778,0.77828,0.77751,0.77788,3136.0
2026-05-10 21:00:00,0.77788,0.77864,0.77782,0.77846,2675.0
2026-05-10 22:00:00,0.77845,0.77878,0.77831,0.77878,1699.0
2026-05-10 23:00:00,0.77878,0.77911,0.77872,0.77904,1326.0
2026-05-11 00:00:00,0.77904,0.77946,0.77899,0.77942,1426.0
2026-05-11 01:00:00,0.77944,0.77955,0.77902,0.77939,1436.0
2026-05-11 02:00:00,0.77935,0.77935,0.77764,0.77776,2294.0
2026-05-11 03:00:00,0.77774,0.77838,0.77761,0.77821,3014.0
2026-05-11 04:00:00,0.7782,0.77846,0.77754,0.77845,3149.0
2026-05-11 05:00:00,0.77846,0.77885,0.77824,0.77885,1649.0
2026-05-11 06:00:00,0.77886,0.779,0.77816,0.77855,1785.0
2026-05-11 07:00:00,0.77855,0.77894,0.77804,0.77862,1950.0
2026-05-11 08:00:00,0.77861,0.77907,0.77823,0.77823,3321.0
2026-05-11 09:00:00,0.77819,0.77826,0.77728,0.77745,3060.0
2026-05-11 10:00:00,0.77742,0.77779,0.77684,0.77717,3953.0
2026-05-11 11:00:00,0.77718,0.77749,0.77684,0.77731,3150.0
2026-05-11 12:00:00,0.7773,0.77798,0.77718,0.77784,1969.0
2026-05-11 13:00:00,0.77786,0.77806,0.77758,0.77772,1778.0
2026-05-11 14:00:00,0.77773,0.77824,0.77758,0.77821,1349.0
2026-05-11 15:00:00,0.77824,0.77839,0.77806,0.77824,1140.0
2026-05-11 16:00:00,0.77824,0.77848,0.77792,0.77808,842.0
2026-05-11 17:00:00,0.77788,0.77857,0.77764,0.77786,2159.0
2026-05-11 18:00:00,0.7779,0.77792,0.77762,0.77788,768.0
2026-05-11 19:00:00,0.77787,0.77835,0.77786,0.77822,623.0
2026-05-11 20:00:00,0.77824,0.77901,0.77824,0.77899,2219.0
2026-05-11 21:00:00,0.77901,0.77974,0.77884,0.77954,3283.0
2026-05-11 22:00:00,0.77952,0.77974,0.7794,0.77956,1666.0
2026-05-11 23:00:00,0.77958,0.77994,0.7795,0.7799,1138.0
2026-05-12 00:00:00,0.77992,0.77999,0.77964,0.77976,1516.0
2026-05-12 01:00:00,0.77976,0.78007,0.7788,0.7792,2548.0
2026-05-12 02:00:00,0.77921,0.78018,0.7789,0.7801,3430.0
2026-05-12 03:00:00,0.78011,0.78089,0.77994,0.78078,3662.0
2026-05-12 04:00:00,0.78075,0.7809,0.78014,0.78064,3845.0
2026-05-12 05:00:00,0.78067,0.78114,0.78047,0.78074,2989.0
2026-05-12 06:00:00,0.78072,0.78115,0.78064,0.78108,2214.0
2026-05-12 07:00:00,0.7811,0.7815,0.78061,0.78104,3037.0
2026-05-12 08:00:00,0.78103,0.78146,0.7803,0.78038,4690.0
2026-05-12 09:00:00,0.7804,0.78216,0.78031,0.78196,5057.0
2026-05-12 10:00:00,0.78194,0.78206,0.78114,0.78124,5677.0
2026-05-12 11:00:00,0.78122,0.78235,0.78107,0.78172,5164.0
2026-05-12 12:00:00,0.78172,0.78215,0.78138,0.78199,3441.0
2026-05-12 13:00:00,0.78196,0.78204,0.78146,0.78148,2439.0
2026-05-12 14:00:00,0.7815,0.78173,0.78073,0.78076,2436.0
2026-05-12 15:00:00,0.78075,0.78082,0.78027,0.78071,2446.0
2026-05-12 16:00:00,0.78068,0.78086,0.78052,0.78057,738.0
2026-05-12 17:00:00,0.78093,0.78118,0.78048,0.78065,4509.0
2026-05-12 18:00:00,0.78062,0.78062,0.78034,0.7804,588.0
2026-05-12 19:00:00,0.78041,0.7806,0.78027,0.78058,575.0
2026-05-12 20:00:00,0.78058,0.78082,0.78012,0.78017,2758.0
2026-05-12 21:00:00,0.78016,0.7807,0.78004,0.78022,2449.0
2026-05-12 22:00:00,0.78024,0.78048,0.78005,0.78038,1494.0
2026-05-12 23:00:00,0.78037,0.7807,0.78033,0.7805,1649.0
2026-05-13 00:00:00,0.78048,0.78072,0.78042,0.78054,1049.0
2026-05-13 01:00:00,0.78056,0.78057,0.78023,0.7804,1468.0
2026-05-13 02:00:00,0.78038,0.78136,0.78034,0.7812,1555.0
2026-05-13 03:00:00,0.78121,0.78172,0.7809,0.78156,1985.0
2026-05-13 04:00:00,0.78158,0.78246,0.78137,0.7822,1817.0
2026-05-13 05:00:00,0.7822,0.78286,0.78185,0.782,1897.0
2026-05-13 06:00:00,0.78199,0.78218,0.78133,0.7815,2115.0
2026-05-13 07:00:00,0.78152,0.78173,0.78119,0.7815,1290.0
2026-05-13 08:00:00,0.78149,0.783,0.78122,0.78268,3683.0
2026-05-13 09:00:00,0.78268,0.78288,0.78168,0.78198,4389.0
2026-05-13 10:00:00,0.78198,0.78308,0.78193,0.7826,3448.0
2026-05-13 11:00:00,0.78258,0.78268,0.78204,0.78248,3006.0
2026-05-13 12:00:00,0.78248,0.78259,0.78172,0.78244,2440.0
2026-05-13 13:00:00,0.78246,0.78249,0.78206,0.78244,1544.0
2026-05-13 14:00:00,0.78246,0.78246,0.782,0.78222,1565.0
2026-05-13 15:00:00,0.78222,0.78224,0.78165,0.7818,1277.0
2026-05-13 16:00:00,0.7818,0.78186,0.78162,0.78176,887.0
2026-05-13 17:00:00,0.78186,0.78211,0.7815,0.78164,2328.0
2026-05-13 18:00:00,0.78168,0.78184,0.78144,0.78157,683.0
2026-05-13 19:00:00,0.78158,0.78176,0.7815,0.78169,395.0
2026-05-13 20:00:00,0.78168,0.78176,0.78145,0.7815,1113.0
2026-05-13 21:00:00,0.7815,0.78166,0.78132,0.78158,1477.0
2026-05-13 22:00:00,0.78159,0.78189,0.78148,0.78176,1228.0
2026-05-13 23:00:00,0.78177,0.78192,0.7816,0.78186,1163.0
2026-05-14 00:00:00,0.78186,0.78194,0.7815,0.7818,1174.0
2026-05-14 01:00:00,0.78176,0.78206,0.7817,0.78204,1438.0
2026-05-14 02:00:00,0.78204,0.78206,0.78079,0.78099,1768.0
2026-05-14 03:00:00,0.78102,0.78236,0.78094,0.78231,2539.0
2026-05-14 04:00:00,0.7823,0.78252,0.78181,0.78196,2149.0
2026-05-14 05:00:00,0.78192,0.78216,0.78168,0.78186,1910.0
2026-05-14 06:00:00,0.7819,0.7821,0.78146,0.78186,2392.0
2026-05-14 07:00:00,0.78184,0.78212,0.78172,0.7821,1719.0
2026-05-14 08:00:00,0.78212,0.78216,0.78156,0.78204,2721.0
2026-05-14 09:00:00,0.78206,0.78284,0.78179,0.7823,5143.0
2026-05-14 10:00:00,0.78234,0.78298,0.7819,0.78298,4124.0
2026-05-14 11:00:00,0.78302,0.78352,0.78299,0.783,2705.0
2026-05-14 12:00:00,0.78302,0.78358,0.78283,0.78321,2914.0
2026-05-14 13:00:00,0.7832,0.78331,0.78298,0.78324,1733.0
2026-05-14 14:00:00,0.78325,0.78362,0.78324,0.78338,1696.0
2026-05-14 15:00:00,0.78336,0.78397,0.7833,0.7837,1377.0
2026-05-14 16:00:00,0.78368,0.78406,0.78362,0.78378,793.0
2026-05-14 17:00:00,0.78336,0.78376,0.78336,0.7835,333.0
2026-05-14 18:00:00,0.78354,0.78391,0.78354,0.78391,602.0
2026-05-14 19:00:00,0.7839,0.78428,0.78385,0.78425,952.0
2026-05-14 20:00:00,0.78426,0.78502,0.78418,0.78475,2483.0
2026-05-14 21:00:00,0.78476,0.78556,0.7847,0.78554,3061.0
2026-05-14 22:00:00,0.78554,0.78564,0.78472,0.78502,2427.0
2026-05-14 23:00:00,0.78502,0.7852,0.78489,0.78516,1818.0
2026-05-15 00:00:00,0.78517,0.78582,0.78506,0.78567,1544.0
2026-05-15 01:00:00,0.78567,0.78634,0.78557,0.78624,2980.0
2026-05-15 02:00:00,0.78624,0.78625,0.78534,0.78587,3610.0
2026-05-15 03:00:00,0.78588,0.78598,0.78469,0.78522,2979.0
2026-05-15 04:00:00,0.78519,0.78591,0.78511,0.7857,3412.0
2026-05-15 05:00:00,0.7857,0.7867,0.78565,0.78611,3458.0
2026-05-15 06:00:00,0.78608,0.78612,0.78386,0.78438,3592.0
2026-05-15 07:00:00,0.78443,0.7862,0.78434,0.78606,2632.0
2026-05-15 08:00:00,0.78606,0.78704,0.78604,0.78667,3544.0
2026-05-15 09:00:00,0.78666,0.78714,0.78628,0.78664,5070.0
2026-05-15 10:00:00,0.78666,0.78694,0.78546,0.78645,5404.0
2026-05-15 11:00:00,0.78642,0.78734,0.78604,0.78686,3999.0
2026-05-15 12:00:00,0.78684,0.78706,0.78648,0.78656,2773.0
2026-05-15 13:00:00,0.78657,0.78674,0.78602,0.78662,2057.0
2026-05-15 14:00:00,0.7866,0.7873,0.78658,0.7869,2156.0
2026-05-15 15:00:00,0.7869,0.78716,0.78663,0.78664,1862.0
2026-05-15 16:00:00,0.78665,0.78706,0.78654,0.78696,913.0
2026-05-17 17:00:00,0.78633,0.78694,0.78633,0.78657,85.0
2026-05-17 18:00:00,0.78673,0.78704,0.78668,0.78683,791.0
2026-05-17 19:00:00,0.78684,0.78744,0.78678,0.78736,1327.0
2026-05-17 20:00:00,0.78736,0.78752,0.78655,0.78739,3801.0
2026-05-17 21:00:00,0.78739,0.78776,0.78694,0.7871,3717.0
2026-05-17 22:00:00,0.7871,0.78744,0.78684,0.7871,2728.0
2026-05-17 23:00:00,0.78711,0.78728,0.78667,0.78681,1895.0
2026-05-18 00:00:00,0.7868,0.78699,0.78648,0.7869,1893.0
2026-05-18 01:00:00,0.7869,0.78714,0.78664,0.78672,2044.0
2026-05-18 02:00:00,0.78674,0.78681,0.78539,0.78549,2690.0
2026-05-18 03:00:00,0.78548,0.78582,0.78472,0.78531,3165.0
2026-05-18 04:00:00,0.78529,0.78548,0.78458,0.78487,2858.0
2026-05-18 05:00:00,0.78486,0.78556,0.78478,0.78556,1954.0
2026-05-18 06:00:00,0.78556,0.78632,0.78538,0.78629,1821.0
2026-05-18 07:00:00,0.7863,0.78653,0.78463,0.78544,4582.0
2026-05-18 08:00:00,0.78541,0.78546,0.7845,0.785,4602.0
2026-05-18 09:00:00,0.785,0.78534,0.78445,0.78498,4485.0
2026-05-18 10:00:00,0.78496,0.78587,0.78483,0.78587,4732.0
2026-05-18 11:00:00,0.78588,0.78646,0.78532,0.7856,4721.0
2026-05-18 12:00:00,0.7856,0.78578,0.7847,0.78482,3668.0
2026-05-18 13:00:00,0.78485,0.78501,0.7846,0.78476,1977.0
2026-05-18 14:00:00,0.78476,0.78608,0.78472,0.78606,2231.0
2026-05-18 15:00:00,0.78608,0.78612,0.78402,0.78453,4899.0
2026-05-18 16:00:00,0.78453,0.78453,0.78402,0.7844,893.0
2026-05-18 17:00:00,0.78462,0.78462,0.7841,0.78422,1898.0
2026-05-18 18:00:00,0.78418,0.78424,0.78402,0.78422,514.0
2026-05-18 19:00:00,0.78423,0.7845,0.78417,0.78448,669.0
2026-05-18 20:00:00,0.78452,0.7853,0.78444,0.78526,2504.0
2026-05-18 21:00:00,0.78526,0.78542,0.78476,0.78522,3406.0
2026-05-18 22:00:00,0.78522,0.78572,0.78522,0.78564,2668.0
2026-05-18 23:00:00,0.78563,0.7858,0.78539,0.78578,1597.0
2026-05-19 00:00:00,0.78575,0.78598,0.78552,0.78586,1857.0
2026-05-19 01:00:00,0.78585,0.7861,0.78541,0.78548,2490.0
2026-05-19 02:00:00,0.78548,0.786,0.78516,0.78588,3066.0
2026-05-19 03:00:00,0.78588,0.7861,0.78514,0.78526,3544.0
2026-05-19 04:00:00,0.78526,0.78704,0.78512,0.78686,2614.0
2026-05-19 05:00:00,0.7869,0.78748,0.78682,0.78714,2527.0
2026-05-19 06:00:00,0.78716,0.788,0.78663,0.787,2815.0
2026-05-19 07:00:00,0.78698,0.7877,0.78695,0.78764,2756.0
2026-05-19 08:00:00,0.78767,0.78788,0.78714,0.78786,4054.0
2026-05-19 09:00:00,0.78789,0.78964,0.78784,0.78893,5647.0
2026-05-19 10:00:00,0.78898,0.79062,0.78885,0.79048,6567.0
2026-05-19 11:00:00,0.79049,0.79049,0.78949,0.78971,4419.0
2026-05-19 12:00:00,0.78971,0.79018,0.78862,0.78896,3525.0
2026-05-19 13:00:00,0.78897,0.78897,0.78853,0.78866,2162.0
2026-05-19 14:00:00,0.78864,0.78928,0.78841,0.78921,2214.0
2026-05-19 15:00:00,0.78922,0.78926,0.78872,0.7889,1476.0
2026-05-19 16:00:00,0.78891,0.78906,0.78884,0.78896,860.0
2026-05-19 17:00:00,0.78902,0.7891,0.78862,0.78871,928.0
2026-05-19 18:00:00,0.7887,0.78904,0.78868,0.78888,947.0
2026-05-19 19:00:00,0.78889,0.78895,0.78845,0.78886,657.0
2026-05-19 20:00:00,0.78886,0.7894,0.78862,0.78936,4431.0
2026-05-19 21:00:00,0.78936,0.79007,0.78931,0.7899,3620.0
2026-05-19 22:00:00,0.78987,0.79016,0.78946,0.78989,2801.0
2026-05-19 23:00:00,0.7899,0.7901,0.78928,0.78954,2534.0
2026-05-20 00:00:00,0.78954,0.78996,0.78916,0.78994,1989.0
2026-05-20 01:00:00,0.78993,0.79034,0.78957,0.7901,2598.0
2026-05-20 02:00:00,0.79012,0.79051,0.78932,0.79037,2998.0
2026-05-20 03:00:00,0.79038,0.79053,0.7901,0.79041,2784.0
2026-05-20 04:00:00,0.7904,0.7907,0.79002,0.79026,2880.0
2026-05-20 05:00:00,0.79027,0.79064,0.79009,0.79054,2410.0
2026-05-20 06:00:00,0.79054,0.79056,0.78946,0.78969,2075.0
2026-05-20 07:00:00,0.7897,0.79044,0.78969,0.79014,2280.0
2026-05-20 08:00:00,0.79014,0.79059,0.78989,0.79048,2481.0
2026-05-20 09:00:00,0.79048,0.79062,0.79021,0.79054,3074.0
2026-05-20 10:00:00,0.79052,0.79069,0.78699,0.7874,9733.0
2026-05-20 11:00:00,0.7874,0.78828,0.78574,0.78768,8793.0
2026-05-20 12:00:00,0.78765,0.78766,0.78684,0.78724,4536.0
2026-05-20 13:00:00,0.78722,0.78774,0.787,0.78774,2893.0
2026-05-20 14:00:00,0.7877,0.78786,0.7865,0.78684,3192.0
2026-05-20 15:00:00,0.78685,0.787,0.78641,0.78697,1624.0
2026-05-20 16:00:00,0.78696,0.78734,0.78689,0.78724,977.0
2026-05-20 17:00:00,0.78692,0.78718,0.78673,0.78712,1108.0
2026-05-20 18:00:00,0.78715,0.78715,0.78684,0.78696,773.0
2026-05-20 19:00:00,0.78694,0.78731,0.78684,0.78716,683.0
2026-05-20 20:00:00,0.78716,0.78757,0.787,0.78704,2132.0
2026-05-20 21:00:00,0.78704,0.78704,0.7862,0.78664,2713.0
2026-05-20 22:00:00,0.78662,0.78761,0.78642,0.78742,2705.0
2026-05-20 23:00:00,0.78741,0.78743,0.78692,0.78726,1230.0
2026-05-21 00:00:00,0.78726,0.78726,0.78684,0.78692,1303.0
2026-05-21 01:00:00,0.78692,0.78732,0.78678,0.78686,1928.0
2026-05-21 02:00:00,0.7869,0.78758,0.7867,0.78727,2550.0
2026-05-21 03:00:00,0.7873,0.78847,0.78714,0.78752,4458.0
2026-05-21 04:00:00,0.78752,0.78766,0.78598,0.78703,4347.0
2026-05-21 05:00:00,0.78704,0.78714,0.78592,0.78622,2877.0
2026-05-21 06:00:00,0.78624,0.78832,0.7859,0.788,4704.0
2026-05-21 07:00:00,0.78802,0.78836,0.7872,0.78823,3208.0
2026-05-21 08:00:00,0.78823,0.789,0.78787,0.78882,4401.0
2026-05-21 09:00:00,0.78883,0.7904,0.78864,0.7891,6124.0
2026-05-21 10:00:00,0.78908,0.78976,0.78854,0.78884,5831.0
2026-05-21 11:00:00,0.78884,0.78953,0.78877,0.78936,4818.0
2026-05-21 12:00:00,0.78934,0.78952,0.78882,0.78887,3181.0
2026-05-21 13:00:00,0.78885,0.78904,0.78578,0.78624,7765.0
2026-05-21 14:00:00,0.78621,0.78767,0.78579,0.78736,5704.0
2026-05-21 15:00:00,0.78738,0.78744,0.78599,0.78618,3544.0
2026-05-21 16:00:00,0.78616,0.78678,0.78607,0.78674,959.0
2026-05-21 17:00:00,0.78672,0.78735,0.78644,0.78675,2002.0
2026-05-21 18:00:00,0.78656,0.78674,0.78646,0.78656,776.0
2026-05-21 19:00:00,0.78657,0.78673,0.78647,0.78656,502.0
2026-05-21 20:00:00,0.78654,0.78692,0.78654,0.78689,1435.0
2026-05-21 21:00:00,0.7869,0.78708,0.78669,0.78708,2031.0
2026-05-21 22:00:00,0.78708,0.78712,0.78654,0.78668,1542.0
2026-05-21 23:00:00,0.78668,0.7869,0.7866,0.7867,1062.0
2026-05-22 00:00:00,0.78672,0.7868,0.78626,0.7863,832.0
2026-05-22 01:00:00,0.78632,0.78712,0.78622,0.78702,1446.0
2026-05-22 02:00:00,0.78702,0.78715,0.78657,0.7867,2046.0
2026-05-22 03:00:00,0.78669,0.78761,0.78606,0.78618,2620.0
2026-05-22 04:00:00,0.78616,0.7864,0.78555,0.78618,2712.0
2026-05-22 05:00:00,0.78619,0.78655,0.78592,0.78616,1940.0
2026-05-22 06:00:00,0.78614,0.78683,0.78573,0.78677,1406.0
2026-05-22 07:00:00,0.78677,0.78703,0.78622,0.7863,1988.0
2026-05-22 08:00:00,0.78632,0.78645,0.78542,0.78576,3508.0
2026-05-22 09:00:00,0.78576,0.78596,0.78464,0.7858,4457.0
2026-05-22 10:00:00,0.78581,0.7871,0.78578,0.7859,5005.0
2026-05-22 11:00:00,0.7859,0.78616,0.78554,0.78573,2834.0
2026-05-22 12:00:00,0.7857,0.78596,0.78425,0.7843,2340.0
2026-05-22 13:00:00,0.78427,0.7846,0.78382,0.7844,3408.0
2026-05-22 14:00:00,0.78438,0.78469,0.78414,0.78442,1593.0
2026-05-22 15:00:00,0.78441,0.78496,0.78424,0.78484,1506.0
2026-05-22 16:00:00,0.78484,0.78534,0.78478,0.78509,965.0
2026-05-24 17:00:00,0.7842,0.7846,0.78395,0.7846,409.0
2026-05-24 18:00:00,0.78464,0.78465,0.78196,0.78202,1371.0
2026-05-24 19:00:00,0.78202,0.78236,0.78181,0.78234,1379.0
2026-05-24 20:00:00,0.78235,0.78252,0.78163,0.78242,2499.0
2026-05-24 21:00:00,0.78242,0.78248,0.7816,0.78216,3357.0
2026-05-24 22:00:00,0.78216,0.78222,0.78182,0.78212,1382.0
2026-05-24 23:00:00,0.78214,0.78229,0.78193,0.78221,1816.0
2026-05-25 00:00:00,0.78224,0.78238,0.7818,0.7819,1119.0
2026-05-25 01:00:00,0.7819,0.78217,0.78164,0.78214,1287.0
2026-05-25 02:00:00,0.78216,0.78222,0.78143,0.78166,1338.0
2026-05-25 03:00:00,0.78163,0.78236,0.78153,0.782,2813.0
2026-05-25 04:00:00,0.78198,0.78222,0.78168,0.7817,1261.0
2026-05-25 05:00:00,0.7817,0.7818,0.7813,0.78157,816.0
2026-05-25 06:00:00,0.78157,0.78158,0.78125,0.78143,570.0
2026-05-25 07:00:00,0.78142,0.78159,0.7809,0.78139,1312.0
2026-05-25 08:00:00,0.78137,0.78151,0.78082,0.78108,1436.0
2026-05-25 09:00:00,0.78108,0.78327,0.78098,0.78318,1615.0
2026-05-25 10:00:00,0.78318,0.78334,0.78277,0.783,1584.0
2026-05-25 11:00:00,0.78302,0.7835,0.78261,0.7829,1583.0
2026-05-25 12:00:00,0.78288,0.78346,0.78288,0.78303,810.0
2026-05-25 13:00:00,0.78305,0.78311,0.78263,0.78264,301.0
2026-05-25 14:00:00,0.78263,0.78274,0.78254,0.78254,315.0
2026-05-25 15:00:00,0.78256,0.78268,0.78254,0.7826,198.0
2026-05-25 16:00:00,0.7826,0.78276,0.78254,0.78265,298.0
2026-05-25 17:00:00,0.7827,0.78324,0.78262,0.78317,983.0
2026-05-25 18:00:00,0.78319,0.7832,0.78272,0.78282,646.0
2026-05-25 19:00:00,0.7828,0.78328,0.78274,0.78327,615.0
2026-05-25 20:00:00,0.78327,0.78372,0.78324,0.78332,3073.0
2026-05-25 21:00:00,0.78334,0.78388,0.78318,0.78348,3015.0
2026-05-25 22:00:00,0.78348,0.78366,0.78334,0.78348,1665.0
2026-05-25 23:00:00,0.78348,0.7835,0.78296,0.78298,1774.0
2026-05-26 00:00:00,0.78299,0.78351,0.78292,0.78349,1244.0
2026-05-26 01:00:00,0.7835,0.78392,0.78338,0.78386,1737.0
2026-05-26 02:00:00,0.78388,0.78516,0.7835,0.78486,2440.0
2026-05-26 03:00:00,0.78483,0.78521,0.78434,0.78442,2455.0
2026-05-26 04:00:00,0.78441,0.7848,0.78414,0.78463,2229.0
2026-05-26 05:00:00,0.78462,0.78473,0.78402,0.78422,1887.0
2026-05-26 06:00:00,0.78425,0.78458,0.78399,0.78456,1800.0
2026-05-26 07:00:00,0.78456,0.78536,0.78426,0.78534,2330.0
2026-05-26 08:00:00,0.78536,0.78546,0.7849,0.7851,2390.0
2026-05-26 09:00:00,0.78512,0.78586,0.78481,0.78528,3624.0
2026-05-26 10:00:00,0.78529,0.78549,0.78456,0.78544,4261.0
2026-05-26 11:00:00,0.78547,0.78646,0.78542,0.78603,2820.0
2026-05-26 12:00:00,0.78602,0.78608,0.78532,0.78578,2013.0
2026-05-26 13:00:00,0.7858,0.78604,0.7856,0.78591,1582.0
2026-05-26 14:00:00,0.78594,0.78602,0.7855,0.7857,1514.0
2026-05-26 15:00:00,0.7857,0.78588,0.78559,0.78581,1012.0
2026-05-26 16:00:00,0.78582,0.78584,0.78562,0.78568,563.0
2026-05-26 17:00:00,0.78612,0.78612,0.78562,0.78572,1474.0
2026-05-26 18:00:00,0.78573,0.78576,0.78544,0.78544,918.0
2026-05-26 19:00:00,0.78545,0.7855,0.78498,0.7852,735.0
2026-05-26 20:00:00,0.78521,0.78533,0.78496,0.7852,2122.0
2026-05-26 21:00:00,0.7852,0.78565,0.78506,0.78556,1772.0
2026-05-26 22:00:00,0.78556,0.78566,0.78515,0.78541,1387.0
2026-05-26 23:00:00,0.78542,0.78546,0.78502,0.78537,964.0
2026-05-27 00:00:00,0.78538,0.78539,0.78508,0.78517,1031.0
2026-05-27 01:00:00,0.78518,0.78538,0.78495,0.78532,1403.0
2026-05-27 02:00:00,0.78534,0.78582,0.78468,0.78484,2296.0
2026-05-27 03:00:00,0.78481,0.78574,0.78462,0.78566,2390.0
2026-05-27 04:00:00,0.78566,0.78622,0.78534,0.78614,2086.0
2026-05-27 05:00:00,0.78616,0.78616,0.78537,0.78574,1785.0
2026-05-27 06:00:00,0.78572,0.7863,0.7857,0.78606,1486.0
2026-05-27 07:00:00,0.78603,0.7867,0.786,0.78648,2205.0
2026-05-27 08:00:00,0.78647,0.78658,0.78434,0.78529,6727.0
2026-05-27 09:00:00,0.78528,0.78568,0.78489,0.78539,4359.0
2026-05-27 10:00:00,0.78536,0.78685,0.78452,0.78672,5980.0
2026-05-27 11:00:00,0.78673,0.78722,0.78612,0.78709,4508.0
2026-05-27 12:00:00,0.78708,0.78757,0.78655,0.78656,2741.0
2026-05-27 13:00:00,0.78655,0.78737,0.78652,0.78698,2242.0
2026-05-27 14:00:00,0.787,0.78736,0.78664,0.78682,1549.0
2026-05-27 15:00:00,0.78682,0.78708,0.7866,0.78696,1066.0
2026-05-27 16:00:00,0.78697,0.78718,0.78682,0.78713,625.0
2026-05-27 17:00:00,0.78684,0.787,0.7864,0.78674,2116.0
2026-05-27 18:00:00,0.78676,0.78706,0.78674,0.78706,799.0
2026-05-27 19:00:00,0.78706,0.78796,0.78698,0.78791,774.0
2026-05-27 20:00:00,0.78793,0.78808,0.78767,0.78783,2621.0
2026-05-27 21:00:00,0.78782,0.7887,0.7878,0.78864,2334.0
2026-05-27 22:00:00,0.78862,0.78868,0.78812,0.78851,1524.0
2026-05-27 23:00:00,0.78851,0.78994,0.78844,0.78988,2660.0
2026-05-28 00:00:00,0.78988,0.78992,0.78948,0.78958,1857.0
2026-05-28 01:00:00,0.78956,0.78963,0.78855,0.78868,1814.0
2026-05-28 02:00:00,0.7887,0.78884,0.78758,0.78778,1699.0
2026-05-28 03:00:00,0.78775,0.7883,0.78737,0.78826,2629.0
2026-05-28 04:00:00,0.78822,0.78927,0.7881,0.78887,2663.0
2026-05-28 05:00:00,0.78888,0.78924,0.78826,0.7892,2271.0
2026-05-28 06:00:00,0.7892,0.78992,0.7892,0.78982,1734.0
2026-05-28 07:00:00,0.78984,0.78986,0.78866,0.78891,2855.0
2026-05-28 08:00:00,0.78892,0.78913,0.78669,0.78682,4175.0
2026-05-28 09:00:00,0.7868,0.78735,0.78632,0.78714,4652.0
2026-05-28 10:00:00,0.78714,0.78751,0.78474,0.78481,8604.0
2026-05-28 11:00:00,0.7848,0.78483,0.78404,0.78454,4266.0
2026-05-28 12:00:00,0.78456,0.78482,0.78346,0.78359,3394.0
2026-05-28 13:00:00,0.78358,0.78404,0.78355,0.78366,2045.0
2026-05-28 14:00:00,0.78368,0.78418,0.78334,0.7841,2347.0
2026-05-28 15:00:00,0.78414,0.78419,0.78355,0.78388,1729.0
2026-05-28 16:00:00,0.78388,0.78413,0.78381,0.78405,903.0
2026-05-28 17:00:00,0.78417,0.78436,0.7837,0.78408,256.0
2026-05-28 18:00:00,0.78414,0.7842,0.78364,0.78394,900.0
2026-05-28 19:00:00,0.78397,0.78397,0.78374,0.78384,487.0
2026-05-28 20:00:00,0.78382,0.78396,0.78361,0.78386,2297.0
2026-05-28 21:00:00,0.78385,0.78408,0.7831,0.78396,1985.0
2026-05-28 22:00:00,0.78392,0.78406,0.78372,0.78405,1142.0
2026-05-28 23:00:00,0.78404,0.78459,0.78404,0.78451,1658.0
2026-05-29 00:00:00,0.78452,0.78453,0.7841,0.78412,1856.0
2026-05-29 01:00:00,0.78412,0.78416,0.78383,0.78388,1152.0
2026-05-29 02:00:00,0.78388,0.78402,0.78329,0.78331,2334.0
2026-05-29 03:00:00,0.78332,0.78418,0.78332,0.78375,3221.0
2026-05-29 04:00:00,0.78379,0.78472,0.7837,0.78434,3063.0
2026-05-29 05:00:00,0.78435,0.78436,0.78338,0.78344,3024.0
2026-05-29 06:00:00,0.78346,0.78383,0.78266,0.78272,2216.0
2026-05-29 07:00:00,0.78272,0.78297,0.78216,0.78216,2732.0
2026-05-29 08:00:00,0.78216,0.78253,0.78138,0.78138,3068.0
2026-05-29 09:00:00,0.78138,0.78197,0.781,0.78136,3529.0
2026-05-29 10:00:00,0.78138,0.78284,0.77954,0.78186,8305.0
2026-05-29 11:00:00,0.78188,0.78202,0.78082,0.78114,7436.0
2026-05-29 12:00:00,0.78114,0.78184,0.78107,0.78136,2980.0
2026-05-29 13:00:00,0.78136,0.78248,0.78128,0.78248,1968.0
2026-05-29 14:00:00,0.7825,0.78256,0.78062,0.78113,2962.0
2026-05-29 15:00:00,0.7811,0.7811,0.77998,0.78046,2177.0
2026-05-29 16:00:00,0.78046,0.7813,0.78042,0.78098,1206.0
2026-05-31 17:00:00,0.78142,0.78196,0.7808,0.78161,1609.0
2026-05-31 18:00:00,0.78158,0.78205,0.78126,0.7816,994.0
2026-05-31 19:00:00,0.78161,0.78194,0.78142,0.7819,1026.0
2026-05-31 20:00:00,0.7819,0.78292,0.78188,0.78278,2820.0
2026-05-31 21:00:00,0.78276,0.78312,0.7827,0.78302,2095.0
2026-05-31 22:00:00,0.78299,0.78338,0.78299,0.78312,1838.0
2026-05-31 23:00:00,0.78314,0.78336,0.78278,0.78317,1986.0
2026-06-01 00:00:00,0.78317,0.78322,0.78296,0.78302,887.0
2026-06-01 01:00:00,0.783,0.78302,0.78252,0.78262,2121.0
2026-06-01 02:00:00,0.78258,0.78314,0.78204,0.78206,3467.0
2026-06-01 03:00:00,0.78207,0.78364,0.78204,0.78316,3283.0
2026-06-01 04:00:00,0.78312,0.78353,0.78292,0.78312,2835.0
2026-06-01 05:00:00,0.78312,0.78432,0.78289,0.78402,3070.0
2026-06-01 06:00:00,0.78402,0.78447,0.78387,0.78392,2087.0
2026-06-01 07:00:00,0.78392,0.7843,0.7838,0.78404,2106.0
2026-06-01 08:00:00,0.78401,0.78512,0.78362,0.7851,3031.0
2026-06-01 09:00:00,0.7851,0.7883,0.78504,0.78804,8809.0
2026-06-01 10:00:00,0.78809,0.78845,0.7873,0.78731,6182.0
2026-06-01 11:00:00,0.78731,0.78763,0.78612,0.78682,4283.0
2026-06-01 12:00:00,0.78682,0.7875,0.78634,0.7864,3496.0
2026-06-01 13:00:00,0.78639,0.78693,0.78573,0.78617,3590.0
2026-06-01 14:00:00,0.78616,0.78645,0.78601,0.7864,1873.0
2026-06-01 15:00:00,0.78642,0.78674,0.78633,0.78658,1097.0
2026-06-01 16:00:00,0.7866,0.78676,0.78632,0.78668,1288.0
2026-06-01 17:00:00,0.78651,0.78701,0.78636,0.78656,11534.0
2026-06-01 18:00:00,0.78644,0.78677,0.78644,0.7867,695.0
2026-06-01 19:00:00,0.7867,0.7867,0.78628,0.78636,698.0
2026-06-01 20:00:00,0.78634,0.7871,0.7863,0.78694,1821.0
2026-06-01 21:00:00,0.7869,0.7872,0.78648,0.7869,2820.0
2026-06-01 22:00:00,0.7869,0.78694,0.78653,0.78673,1654.0
2026-06-01 23:00:00,0.78672,0.78672,0.78632,0.78651,1678.0
2026-06-02 00:00:00,0.78652,0.78654,0.78614,0.78621,1285.0
2026-06-02 01:00:00,0.7862,0.78657,0.78607,0.78632,1347.0
2026-06-02 02:00:00,0.78631,0.78635,0.78444,0.78466,3639.0
2026-06-02 03:00:00,0.78466,0.7854,0.7845,0.78503,3081.0
2026-06-02 04:00:00,0.78499,0.78621,0.78446,0.786,2933.0
2026-06-02 05:00:00,0.786,0.7862,0.7857,0.78589,2553.0
2026-06-02 06:00:00,0.78587,0.78613,0.7854,0.78546,2186.0
2026-06-02 07:00:00,0.78543,0.78562,0.78496,0.7851,2106.0
2026-06-02 08:00:00,0.78509,0.78596,0.78504,0.78572,2665.0
2026-06-02 09:00:00,0.7857,0.78675,0.78526,0.7865,4082.0
2026-06-02 10:00:00,0.78651,0.78719,0.78589,0.786,4242.0
2026-06-02 11:00:00,0.786,0.78637,0.78576,0.7859,2768.0
2026-06-02 12:00:00,0.7859,0.78745,0.78586,0.78717,2220.0
2026-06-02 13:00:00,0.78716,0.78794,0.78704,0.78779,1779.0
2026-06-02 14:00:00,0.78778,0.78843,0.78728,0.78737,1788.0
2026-06-02 15:00:00,0.78736,0.78738,0.78698,0.787,781.0
2026-06-02 16:00:00,0.787,0.78744,0.7868,0.7873,989.0
2026-06-02 17:00:00,0.78752,0.78762,0.78669,0.78726,4866.0
2026-06-02 18:00:00,0.78721,0.78746,0.78697,0.78746,682.0
2026-06-02 19:00:00,0.78746,0.78846,0.78739,0.78838,1268.0
2026-06-02 20:00:00,0.78841,0.78848,0.78752,0.78773,1657.0
2026-06-02 21:00:00,0.78772,0.788,0.78734,0.78772,1899.0
2026-06-02 22:00:00,0.78771,0.78804,0.78748,0.7878,1564.0
2026-06-02 23:00:00,0.78778,0.78826,0.78773,0.78818,1095.0
2026-06-03 00:00:00,0.78818,0.78856,0.78809,0.78836,862.0
2026-06-03 01:00:00,0.78835,0.7887,0.78818,0.78869,1178.0
2026-06-03 02:00:00,0.7887,0.7895,0.78852,0.78896,2532.0
2026-06-03 03:00:00,0.78894,0.7894,0.78835,0.78934,3335.0
2026-06-03 04:00:00,0.78932,0.78954,0.78915,0.7895,2578.0
2026-06-03 05:00:00,0.78946,0.78951,0.78896,0.78938,1938.0
2026-06-03 06:00:00,0.7894,0.78951,0.78874,0.78906,2542.0
2026-06-03 07:00:00,0.78904,0.78914,0.78843,0.78869,1901.0
2026-06-03 08:00:00,0.7887,0.7905,0.78866,0.79036,3121.0
2026-06-03 09:00:00,0.79034,0.79068,0.78966,0.79028,3905.0
2026-06-03 10:00:00,0.7903,0.79132,0.78961,0.79005,5204.0
2026-06-03 11:00:00,0.79006,0.79093,0.78998,0.7908,3719.0
2026-06-03 12:00:00,0.7908,0.79238,0.7908,0.79196,2954.0
2026-06-03 13:00:00,0.79192,0.7926,0.79172,0.7924,1319.0
2026-06-03 14:00:00,0.7924,0.79273,0.79226,0.79236,1344.0
2026-06-03 15:00:00,0.79237,0.7924,0.79206,0.79214,1188.0
2026-06-03 16:00:00,0.79212,0.79227,0.79204,0.79216,587.0
2026-06-03 17:00:00,0.79154,0.7924,0.79154,0.79208,10724.0
2026-06-03 18:00:00,0.79204,0.79228,0.79111,0.79138,1343.0
2026-06-03 19:00:00,0.79138,0.79168,0.791,0.79109,1164.0
2026-06-03 20:00:00,0.7911,0.79132,0.79072,0.79124,2337.0
2026-06-03 21:00:00,0.79126,0.79146,0.7907,0.7907,1685.0
2026-06-03 22:00:00,0.7907,0.79103,0.79042,0.79049,1456.0
2026-06-03 23:00:00,0.79048,0.79131,0.79048,0.791,1335.0
2026-06-04 00:00:00,0.791,0.79116,0.79043,0.79064,1633.0
2026-06-04 01:00:00,0.79065,0.79111,0.79056,0.79058,1533.0
2026-06-04 02:00:00,0.79055,0.79156,0.7903,0.79132,2937.0
2026-06-04 03:00:00,0.79134,0.79226,0.79102,0.79184,2863.0
2026-06-04 04:00:00,0.79183,0.79192,0.79064,0.79092,2481.0
2026-06-04 05:00:00,0.79085,0.79094,0.78956,0.78984,2620.0
2026-06-04 06:00:00,0.78988,0.78992,0.7891,0.78948,1896.0
2026-06-04 07:00:00,0.78946,0.78947,0.78681,0.78712,4006.0
2026-06-04 08:00:00,0.78714,0.78796,0.78682,0.78771,3186.0
2026-06-04 09:00:00,0.78775,0.78826,0.78747,0.78799,3364.0
2026-06-04 10:00:00,0.78798,0.78906,0.78779,0.78826,3153.0
2026-06-04 11:00:00,0.78827,0.78889,0.7882,0.78852,2584.0
2026-06-04 12:00:00,0.78853,0.78892,0.78835,0.78888,1292.0
2026-06-04 13:00:00,0.78888,0.78905,0.7888,0.78892,974.0
2026-06-04 14:00:00,0.78892,0.7894,0.7888,0.78924,1246.0
2026-06-04 15:00:00,0.78922,0.78953,0.78916,0.78931,826.0
2026-06-04 16:00:00,0.7893,0.78981,0.78926,0.78958,488.0
2026-06-04 17:00:00,0.78955,0.7899,0.78895,0.78944,16112.0
2026-06-04 18:00:00,0.7895,0.78958,0.78937,0.78948,538.0
2026-06-04 19:00:00,0.78948,0.78948,0.78912,0.7892,481.0
2026-06-04 20:00:00,0.7892,0.78937,0.78888,0.78913,1652.0
2026-06-04 21:00:00,0.78914,0.78956,0.78894,0.78941,1168.0
2026-06-04 22:00:00,0.78938,0.78947,0.78908,0.78932,941.0
2026-06-04 23:00:00,0.78934,0.78943,0.78925,0.78929,871.0
2026-06-05 00:00:00,0.78928,0.78932,0.78901,0.78909,821.0
2026-06-05 01:00:00,0.78912,0.78922,0.78882,0.78917,768.0
2026-06-05 02:00:00,0.78916,0.78934,0.7881,0.78827,1770.0
2026-06-05 03:00:00,0.78828,0.7883,0.7872,0.78784,2251.0
2026-06-05 04:00:00,0.78788,0.78822,0.78732,0.78815,1797.0
2026-06-05 05:00:00,0.78815,0.78842,0.78757,0.78772,2297.0
2026-06-05 06:00:00,0.78776,0.78796,0.78724,0.78765,1562.0
2026-06-05 07:00:00,0.78766,0.78826,0.78754,0.78806,2159.0
2026-06-05 08:00:00,0.78804,0.79316,0.78793,0.79316,6705.0
2026-06-05 09:00:00,0.79314,0.7935,0.79162,0.79348,8893.0
2026-06-05 10:00:00,0.79348,0.79485,0.79291,0.79412,6882.0
2026-06-05 11:00:00,0.79413,0.79563,0.79404,0.79556,4612.0
2026-06-05 12:00:00,0.79556,0.79614,0.79526,0.79534,3458.0
2026-06-05 13:00:00,0.79533,0.79668,0.79529,0.79642,2441.0
2026-06-05 14:00:00,0.7964,0.7968,0.79592,0.79622,2503.0
2026-06-05 15:00:00,0.79624,0.79656,0.79587,0.79606,1674.0
2026-06-05 16:00:00,0.79606,0.79659,0.79592,0.79632,1589.0
2026-06-07 17:00:00,0.7959,0.79669,0.79457,0.79644,498.0
2026-06-07 18:00:00,0.79651,0.79725,0.79642,0.79716,1319.0
2026-06-07 19:00:00,0.79717,0.79717,0.79644,0.7965,877.0
2026-06-07 20:00:00,0.79656,0.79658,0.79577,0.79581,2452.0
2026-06-07 21:00:00,0.79582,0.7975,0.79558,0.79736,5761.0
2026-06-07 22:00:00,0.79734,0.79798,0.79725,0.79757,2373.0
2026-06-07 23:00:00,0.79754,0.79767,0.79683,0.79683,863.0
2026-06-08 00:00:00,0.79684,0.79705,0.79654,0.7968,1419.0
2026-06-08 01:00:00,0.79676,0.79801,0.7961,0.79768,2473.0
2026-06-08 02:00:00,0.79766,0.79788,0.79705,0.79746,3270.0
2026-06-08 03:00:00,0.79744,0.79794,0.79674,0.79793,3986.0
2026-06-08 04:00:00,0.79794,0.79815,0.7974,0.79813,3852.0
2026-06-08 05:00:00,0.79813,0.79866,0.79789,0.798,3405.0
2026-06-08 06:00:00,0.798,0.79824,0.79674,0.79729,2851.0
2026-06-08 07:00:00,0.79728,0.79751,0.79588,0.79655,4108.0
2026-06-08 08:00:00,0.79652,0.79657,0.79575,0.79584,3773.0
2026-06-08 09:00:00,0.79582,0.79634,0.79474,0.79632,5929.0
2026-06-08 10:00:00,0.79634,0.79766,0.79604,0.79696,5180.0
2026-06-08 11:00:00,0.79693,0.79759,0.79648,0.79724,4540.0
2026-06-08 12:00:00,0.79724,0.79746,0.79702,0.79744,2632.0
2026-06-08 13:00:00,0.79744,0.79786,0.7973,0.79744,3120.0
2026-06-08 14:00:00,0.79744,0.79794,0.79703,0.79792,2206.0
2026-06-08 15:00:00,0.79793,0.79824,0.79752,0.79818,2143.0
2026-06-08 16:00:00,0.79819,0.79822,0.79776,0.79788,986.0
2026-06-08 17:00:00,0.79754,0.79782,0.79745,0.79764,495.0
2026-06-08 18:00:00,0.79766,0.798,0.79762,0.79778,692.0
2026-06-08 19:00:00,0.79778,0.7982,0.79776,0.7982,603.0
2026-06-08 20:00:00,0.79824,0.79842,0.798,0.79808,2165.0
2026-06-08 21:00:00,0.79807,0.7982,0.79734,0.79735,2346.0
2026-06-08 22:00:00,0.79734,0.7977,0.79722,0.79759,1926.0
2026-06-08 23:00:00,0.7976,0.79784,0.79734,0.79754,1697.0
2026-06-09 00:00:00,0.79754,0.79763,0.79682,0.79695,1606.0
2026-06-09 01:00:00,0.79696,0.79728,0.79628,0.79642,2339.0
2026-06-09 02:00:00,0.79642,0.79691,0.7958,0.79638,2335.0
2026-06-09 03:00:00,0.79636,0.79709,0.79615,0.79705,3201.0
2026-06-09 04:00:00,0.79704,0.79734,0.7963,0.79646,2335.0
2026-06-09 05:00:00,0.79644,0.79656,0.79612,0.7964,1814.0
2026-06-09 06:00:00,0.7964,0.79659,0.796,0.79625,1766.0
2026-06-09 07:00:00,0.79624,0.79624,0.79552,0.79562,1566.0
2026-06-09 08:00:00,0.79562,0.7958,0.79528,0.79571,2075.0
2026-06-09 09:00:00,0.7957,0.79614,0.79486,0.79597,3561.0
2026-06-09 10:00:00,0.79596,0.7973,0.79546,0.7968,5484.0
2026-06-09 11:00:00,0.79684,0.7981,0.79644,0.79716,5923.0
2026-06-09 12:00:00,0.79718,0.79919,0.79706,0.79831,6488.0
2026-06-09 13:00:00,0.7983,0.7985,0.79738,0.7976,4132.0
2026-06-09 14:00:00,0.79758,0.79804,0.79738,0.79788,3011.0
2026-06-09 15:00:00,0.79786,0.79868,0.79784,0.79858,2344.0
2026-06-09 16:00:00,0.79859,0.79865,0.79816,0.7982,630.0
2026-06-09 17:00:00,0.79806,0.7987,0.79774,0.79804,1689.0
2026-06-09 18:00:00,0.79844,0.79906,0.79835,0.79896,596.0
2026-06-09 19:00:00,0.79897,0.79939,0.7988,0.79928,864.0
2026-06-09 20:00:00,0.79928,0.79948,0.79868,0.79886,3211.0
2026-06-09 21:00:00,0.79885,0.79952,0.79869,0.79936,3548.0
2026-06-09 22:00:00,0.79936,0.79941,0.79884,0.79928,2381.0
2026-06-09 23:00:00,0.79928,0.7993,0.79866,0.79882,2129.0
2026-06-10 00:00:00,0.7988,0.79938,0.79878,0.79912,1548.0
2026-06-10 01:00:00,0.79913,0.7992,0.798,0.79803,2298.0
2026-06-10 02:00:00,0.79804,0.79842,0.79746,0.79838,2555.0
2026-06-10 03:00:00,0.79839,0.7987,0.79768,0.79845,1903.0
2026-06-10 04:00:00,0.79844,0.7992,0.79843,0.79884,2456.0
2026-06-10 05:00:00,0.79884,0.799,0.79834,0.7985,2534.0
2026-06-10 06:00:00,0.79851,0.79878,0.79808,0.79869,2136.0
2026-06-10 07:00:00,0.7987,0.79958,0.79833,0.79932,5523.0
2026-06-10 08:00:00,0.79931,0.79938,0.79688,0.79824,5808.0
2026-06-10 09:00:00,0.79826,0.79834,0.79651,0.79736,6439.0
2026-06-10 10:00:00,0.79734,0.7982,0.79686,0.79792,6187.0
2026-06-10 11:00:00,0.79792,0.79951,0.79773,0.79844,6518.0
2026-06-10 12:00:00,0.79844,0.79866,0.7978,0.79851,4096.0
2026-06-10 13:00:00,0.7985,0.79933,0.79822,0.79883,3102.0
2026-06-10 14:00:00,0.79882,0.79944,0.79837,0.7994,2767.0
2026-06-10 15:00:00,0.79938,0.79994,0.7993,0.79994,2005.0
2026-06-10 16:00:00,0.79996,0.80024,0.79976,0.80006,794.0
2026-06-10 17:00:00,0.79881,0.80014,0.79881,0.79966,6794.0
2026-06-10 18:00:00,0.79967,0.80028,0.79966,0.80028,1717.0
2026-06-10 19:00:00,0.80028,0.80064,0.79981,0.8,2311.0
2026-06-10 20:00:00,0.8,0.8,0.79919,0.79924,4132.0
2026-06-10 21:00:00,0.79922,0.79924,0.798,0.7983,3593.0
2026-06-10 22:00:00,0.79829,0.79876,0.79818,0.7986,2879.0
2026-06-10 23:00:00,0.7986,0.79879,0.7985,0.79866,2047.0
2026-06-11 00:00:00,0.79866,0.79891,0.79824,0.79838,1678.0
2026-06-11 01:00:00,0.79838,0.79864,0.79818,0.79839,1702.0
2026-06-11 02:00:00,0.79838,0.79895,0.79838,0.79892,2589.0
2026-06-11 03:00:00,0.7989,0.79925,0.79821,0.79925,2993.0
2026-06-11 04:00:00,0.79927,0.80014,0.79918,0.80011,2258.0
2026-06-11 05:00:00,0.80011,0.80028,0.79949,0.79956,2600.0
2026-06-11 06:00:00,0.79958,0.80022,0.79954,0.79964,2134.0
2026-06-11 07:00:00,0.79965,0.79965,0.7988,0.79894,2382.0
2026-06-11 08:00:00,0.79893,0.80091,0.79874,0.79908,7721.0
2026-06-11 09:00:00,0.79905,0.80027,0.7988,0.79954,6599.0
2026-06-11 10:00:00,0.79954,0.80071,0.7995,0.80031,5360.0
2026-06-11 11:00:00,0.8003,0.80082,0.79976,0.8007,4582.0
2026-06-11 12:00:00,0.8007,0.80106,0.8005,0.80096,2494.0
2026-06-11 13:00:00,0.80098,0.8013,0.79658,0.7977,9305.0
2026-06-11 14:00:00,0.7977,0.79866,0.79621,0.797,6591.0
2026-06-11 15:00:00,0.79696,0.79696,0.79432,0.79503,4905.0
2026-06-11 16:00:00,0.79502,0.79512,0.79419,0.79488,2068.0
2026-06-11 17:00:00,0.79575,0.79577,0.79436,0.79456,1963.0
2026-06-11 18:00:00,0.79456,0.79504,0.79432,0.79444,1080.0
2026-06-11 19:00:00,0.79442,0.79522,0.79422,0.79509,1478.0
2026-06-11 20:00:00,0.7951,0.79604,0.79504,0.79587,2956.0
2026-06-11 21:00:00,0.79588,0.7963,0.7958,0.79616,2431.0
2026-06-11 22:00:00,0.79614,0.79626,0.79572,0.79617,1933.0
2026-06-11 23:00:00,0.79617,0.79626,0.79554,0.79572,2453.0
2026-06-12 00:00:00,0.79568,0.79601,0.79559,0.79588,1939.0
2026-06-12 01:00:00,0.79588,0.7967,0.7957,0.7967,2146.0
2026-06-12 02:00:00,0.79668,0.79677,0.7959,0.79625,2744.0
2026-06-12 03:00:00,0.79624,0.7975,0.79618,0.79646,3977.0
2026-06-12 04:00:00,0.79643,0.79656,0.79481,0.79568,4412.0
2026-06-12 05:00:00,0.79568,0.79597,0.79488,0.79542,3538.0
2026-06-12 06:00:00,0.79544,0.79645,0.79526,0.79608,3005.0
2026-06-12 07:00:00,0.79608,0.79656,0.79566,0.79627,3145.0
2026-06-12 08:00:00,0.79626,0.79752,0.7962,0.79714,3300.0
2026-06-12 09:00:00,0.79714,0.79741,0.79599,0.7973,5663.0
2026-06-12 10:00:00,0.79728,0.79758,0.79624,0.79654,5631.0
2026-06-12 11:00:00,0.79653,0.79667,0.79582,0.79644,4968.0
2026-06-12 12:00:00,0.79644,0.79686,0.796,0.79654,3285.0
2026-06-12 13:00:00,0.79652,0.79673,0.7962,0.7967,2096.0
2026-06-12 14:00:00,0.79668,0.79682,0.79628,0.7967,1500.0
2026-06-12 15:00:00,0.7967,0.79697,0.79636,0.79674,1628.0
2026-06-12 16:00:00,0.79678,0.79724,0.79672,0.7971,739.0
2026-06-14 17:00:00,0.79655,0.79716,0.79414,0.79449,555.0
2026-06-14 18:00:00,0.79447,0.79478,0.79305,0.7937,4871.0
2026-06-14 19:00:00,0.7937,0.7941,0.7936,0.79396,4339.0
2026-06-14 20:00:00,0.79394,0.7946,0.79325,0.79456,2791.0
2026-06-14 21:00:00,0.79458,0.7948,0.7943,0.79463,1527.0
2026-06-14 22:00:00,0.79464,0.79471,0.79404,0.79419,1282.0
2026-06-14 23:00:00,0.79418,0.79423,0.79372,0.79385,1015.0
2026-06-15 00:00:00,0.79384,0.79397,0.7933,0.7934,997.0
2026-06-15 01:00:00,0.7934,0.79342,0.79282,0.79295,1703.0
2026-06-15 02:00:00,0.79296,0.79455,0.79294,0.79376,2907.0
2026-06-15 03:00:00,0.79375,0.79396,0.79289,0.79334,3079.0
2026-06-15 04:00:00,0.79338,0.79363,0.79294,0.79336,2456.0
2026-06-15 05:00:00,0.79336,0.7934,0.79256,0.79315,2121.0
2026-06-15 06:00:00,0.79313,0.79346,0.7922,0.79278,2114.0
2026-06-15 07:00:00,0.7928,0.79346,0.79251,0.79343,2469.0
2026-06-15 08:00:00,0.79344,0.79382,0.79249,0.79276,2780.0
2026-06-15 09:00:00,0.79275,0.79297,0.79211,0.79239,3793.0
2026-06-15 10:00:00,0.79238,0.7932,0.79227,0.79266,3800.0
2026-06-15 11:00:00,0.79271,0.79377,0.79268,0.79372,2734.0
2026-06-15 12:00:00,0.79374,0.79396,0.79342,0.79362,2165.0
2026-06-15 13:00:00,0.7936,0.79391,0.79356,0.79382,1317.0
2026-06-15 14:00:00,0.79382,0.79407,0.79356,0.79402,1468.0
2026-06-15 15:00:00,0.79402,0.79493,0.79398,0.7949,1387.0
2026-06-15 16:00:00,0.79489,0.79495,0.79454,0.79473,969.0
2026-06-15 17:00:00,0.79413,0.7949,0.79396,0.79446,1844.0
2026-06-15 18:00:00,0.7945,0.79494,0.79438,0.79472,604.0
2026-06-15 19:00:00,0.79472,0.79472,0.79435,0.79454,522.0
2026-06-15 20:00:00,0.79452,0.79482,0.79438,0.79442,1669.0
2026-06-15 21:00:00,0.79444,0.7949,0.7942,0.79487,2289.0
2026-06-15 22:00:00,0.7949,0.79524,0.79474,0.79498,1426.0
2026-06-15 23:00:00,0.79497,0.79524,0.79485,0.79506,1507.0
2026-06-16 00:00:00,0.7951,0.79592,0.79502,0.79568,2073.0
2026-06-16 01:00:00,0.79568,0.79578,0.79532,0.79576,1397.0
2026-06-16 02:00:00,0.79578,0.79599,0.79491,0.79492,2155.0
2026-06-16 03:00:00,0.79492,0.7953,0.7948,0.79487,2194.0
2026-06-16 04:00:00,0.79486,0.79512,0.7945,0.7946,2307.0
2026-06-16 05:00:00,0.7946,0.7953,0.79446,0.79488,1805.0
2026-06-16 06:00:00,0.79488,0.79488,0.79402,0.79406,1872.0
2026-06-16 07:00:00,0.7941,0.79526,0.7941,0.7952,1781.0
2026-06-16 08:00:00,0.7952,0.79576,0.79496,0.79502,2620.0
2026-06-16 09:00:00,0.79503,0.79572,0.79416,0.79473,3528.0
2026-06-16 10:00:00,0.79473,0.79488,0.79308,0.79321,4740.0
2026-06-16 11:00:00,0.7932,0.79385,0.79246,0.79282,3482.0
2026-06-16 12:00:00,0.79282,0.79296,0.79216,0.79269,3129.0
2026-06-16 13:00:00,0.79268,0.79302,0.79258,0.79295,1713.0
2026-06-16 14:00:00,0.79296,0.7933,0.79271,0.79316,1645.0
2026-06-16 15:00:00,0.79316,0.79346,0.79294,0.79329,1594.0
2026-06-16 16:00:00,0.79329,0.79342,0.79316,0.79322,902.0
2026-06-16 17:00:00,0.79309,0.79342,0.79304,0.79322,571.0
2026-06-16 18:00:00,0.79326,0.7933,0.79289,0.79294,1159.0
2026-06-16 19:00:00,0.79294,0.79327,0.79276,0.79323,1687.0
2026-06-16 20:00:00,0.79322,0.79329,0.79244,0.79252,3061.0
2026-06-16 21:00:00,0.79251,0.7929,0.79226,0.7926,1515.0
2026-06-16 22:00:00,0.7926,0.79264,0.7922,0.79258,988.0
2026-06-16 23:00:00,0.79258,0.79263,0.79228,0.7925,1033.0
2026-06-17 00:00:00,0.7925,0.79253,0.79202,0.7921,716.0
2026-06-17 01:00:00,0.7921,0.7921,0.79174,0.79204,882.0
2026-06-17 02:00:00,0.792,0.79244,0.79146,0.79174,1857.0
2026-06-17 03:00:00,0.79177,0.7919,0.791,0.79117,2581.0
2026-06-17 04:00:00,0.79116,0.79225,0.79106,0.79188,2576.0
2026-06-17 05:00:00,0.7919,0.79198,0.79124,0.79149,1979.0
2026-06-17 06:00:00,0.79152,0.7925,0.79148,0.79228,1787.0
2026-06-17 07:00:00,0.79227,0.79336,0.79219,0.79291,2076.0
2026-06-17 08:00:00,0.7929,0.7931,0.7923,0.79237,2554.0
2026-06-17 09:00:00,0.79238,0.793,0.7922,0.79254,3102.0
2026-06-17 10:00:00,0.79256,0.794,0.7925,0.79308,4229.0
2026-06-17 11:00:00,0.79312,0.79344,0.79287,0.79301,3085.0
2026-06-17 12:00:00,0.793,0.79348,0.79294,0.79326,1859.0
2026-06-17 13:00:00,0.79327,0.79357,0.7926,0.79268,1889.0
2026-06-17 14:00:00,0.79267,0.79753,0.79266,0.7972,18075.0
2026-06-17 15:00:00,0.7972,0.80155,0.79695,0.80056,12533.0
2026-06-17 16:00:00,0.80055,0.80094,0.7994,0.79976,2339.0
2026-06-17 17:00:00,0.79964,0.7997,0.79922,0.79952,9957.0
2026-06-17 18:00:00,0.79971,0.7999,0.79944,0.79972,1268.0
2026-06-17 19:00:00,0.79971,0.79972,0.7993,0.79945,886.0
2026-06-17 20:00:00,0.79944,0.79944,0.7982,0.79886,3302.0
2026-06-17 21:00:00,0.79885,0.7989,0.79828,0.7988,2487.0
2026-06-17 22:00:00,0.7988,0.79908,0.79863,0.79882,1875.0
2026-06-17 23:00:00,0.79881,0.79891,0.79849,0.79866,1375.0
2026-06-18 00:00:00,0.79864,0.79891,0.79823,0.79849,1709.0
2026-06-18 01:00:00,0.79848,0.79957,0.79842,0.79954,1589.0
2026-06-18 02:00:00,0.79953,0.79953,0.79838,0.79892,2583.0
2026-06-18 03:00:00,0.79893,0.80078,0.79874,0.79998,4233.0
2026-06-18 04:00:00,0.79996,0.80259,0.79986,0.80246,4029.0
2026-06-18 05:00:00,0.80245,0.80282,0.80204,0.8026,3647.0
2026-06-18 06:00:00,0.8026,0.80403,0.80258,0.80379,3594.0
2026-06-18 07:00:00,0.80378,0.80482,0.80338,0.8047,4132.0
2026-06-18 08:00:00,0.80471,0.80498,0.80286,0.80366,4608.0
2026-06-18 09:00:00,0.80365,0.80451,0.80256,0.80335,7217.0
2026-06-18 10:00:00,0.80337,0.80382,0.80214,0.80227,5494.0
2026-06-18 11:00:00,0.80225,0.80406,0.8021,0.80405,4076.0
2026-06-18 12:00:00,0.80406,0.80488,0.80376,0.80456,2934.0
2026-06-18 13:00:00,0.80452,0.80492,0.8041,0.8049,2235.0
2026-06-18 14:00:00,0.8049,0.80522,0.80468,0.80514,2422.0
2026-06-18 15:00:00,0.80513,0.80622,0.80453,0.80482,3838.0
2026-06-18 16:00:00,0.80483,0.80501,0.80392,0.80468,1330.0
2026-06-18 17:00:00,0.80509,0.80516,0.80438,0.80465,1941.0
2026-06-18 18:00:00,0.80454,0.80471,0.8043,0.80432,870.0
2026-06-18 19:00:00,0.80433,0.80498,0.80427,0.80496,572.0
2026-06-18 20:00:00,0.80495,0.80496,0.80438,0.8047,2215.0
2026-06-18 21:00:00,0.80469,0.80578,0.80446,0.8057,1785.0
2026-06-18 22:00:00,0.8057,0.80588,0.80526,0.80582,1513.0
2026-06-18 23:00:00,0.80582,0.80699,0.8058,0.80693,1860.0
2026-06-19 00:00:00,0.80694,0.80853,0.8069,0.80839,2262.0
2026-06-19 01:00:00,0.80839,0.80918,0.80748,0.80776,3200.0
2026-06-19 02:00:00,0.80777,0.80796,0.80657,0.80662,2617.0
2026-06-19 03:00:00,0.80662,0.8077,0.80615,0.80754,3277.0
2026-06-19 04:00:00,0.80752,0.80764,0.8058,0.8058,3306.0
2026-06-19 05:00:00,0.80578,0.80608,0.80538,0.80574,2029.0
2026-06-19 06:00:00,0.80576,0.80664,0.8056,0.8064,2112.0
2026-06-19 07:00:00,0.80641,0.80688,0.80604,0.80682,1645.0
2026-06-19 08:00:00,0.8068,0.80735,0.80599,0.80645,3287.0
2026-06-19 09:00:00,0.80641,0.8078,0.80636,0.80739,2751.0
2026-06-19 10:00:00,0.8074,0.80798,0.80726,0.80772,2957.0
2026-06-19 11:00:00,0.8077,0.80806,0.8072,0.80782,1634.0
2026-06-19 12:00:00,0.8078,0.80794,0.8073,0.80754,893.0
2026-06-19 13:00:00,0.80754,0.80757,0.80702,0.80708,4402.0
2026-06-19 14:00:00,0.80706,0.8071,0.80649,0.80663,3993.0
2026-06-19 15:00:00,0.80662,0.8068,0.80644,0.80678,3163.0
2026-06-19 16:00:00,0.80677,0.80705,0.80656,0.80703,3443.0
2026-06-21 17:00:00,0.80745,0.80795,0.80737,0.80755,229.0
2026-06-21 18:00:00,0.80756,0.80798,0.80736,0.80786,1533.0
2026-06-21 19:00:00,0.80786,0.80839,0.80752,0.8081,1087.0
2026-06-21 20:00:00,0.80808,0.80859,0.80782,0.80789,2532.0
2026-06-21 21:00:00,0.80788,0.80814,0.80708,0.808,3757.0
2026-06-21 22:00:00,0.808,0.80812,0.80733,0.80756,2113.0
2026-06-21 23:00:00,0.80755,0.80844,0.80728,0.80838,2281.0
2026-06-22 00:00:00,0.80838,0.80879,0.80834,0.8085,2238.0
2026-06-22 01:00:00,0.8085,0.80863,0.80784,0.80843,1996.0
2026-06-22 02:00:00,0.80844,0.80851,0.80766,0.80795,3193.0
2026-06-22 03:00:00,0.80796,0.80904,0.80766,0.80871,2970.0
2026-06-22 04:00:00,0.8087,0.80918,0.8078,0.80794,3590.0
2026-06-22 05:00:00,0.80791,0.80802,0.80694,0.80759,3161.0
2026-06-22 06:00:00,0.8076,0.808,0.8072,0.80796,2708.0
2026-06-22 07:00:00,0.80795,0.80881,0.80755,0.80872,3261.0
2026-06-22 08:00:00,0.80871,0.80876,0.80736,0.80846,3677.0
2026-06-22 09:00:00,0.80846,0.80968,0.80833,0.80964,5677.0
2026-06-22 10:00:00,0.80966,0.80974,0.80752,0.80781,7880.0
2026-06-22 11:00:00,0.8078,0.80919,0.80732,0.80912,3628.0
2026-06-22 12:00:00,0.80912,0.80954,0.80886,0.809,2230.0
2026-06-22 13:00:00,0.809,0.80943,0.80888,0.8091,1375.0
2026-06-22 14:00:00,0.8091,0.80934,0.80882,0.8091,1381.0
2026-06-22 15:00:00,0.80907,0.80938,0.80865,0.80868,1489.0
2026-06-22 16:00:00,0.80866,0.80884,0.80844,0.8086,1300.0
2026-06-22 17:00:00,0.80905,0.80905,0.80834,0.8086,921.0
2026-06-22 18:00:00,0.80858,0.80896,0.80852,0.80872,837.0
2026-06-22 19:00:00,0.80874,0.80894,0.80864,0.80884,520.0
2026-06-22 20:00:00,0.80888,0.8092,0.80844,0.80856,2082.0
2026-06-22 21:00:00,0.80854,0.80896,0.80838,0.80858,2736.0
2026-06-22 22:00:00,0.80856,0.80883,0.80819,0.8088,1892.0
2026-06-22 23:00:00,0.8088,0.80925,0.8085,0.80852,1854.0
2026-06-23 00:00:00,0.80849,0.80927,0.80848,0.80922,1776.0
2026-06-23 01:00:00,0.8092,0.80936,0.80868,0.8089,1915.0
2026-06-23 02:00:00,0.80892,0.80912,0.80841,0.80901,3258.0
2026-06-23 03:00:00,0.80898,0.80942,0.8078,0.80918,4408.0
2026-06-23 04:00:00,0.80917,0.81004,0.8088,0.80978,3755.0
2026-06-23 05:00:00,0.8098,0.81022,0.80971,0.8098,2059.0
2026-06-23 06:00:00,0.8098,0.81036,0.80966,0.81004,2434.0
2026-06-23 07:00:00,0.81005,0.81025,0.80931,0.81017,2823.0
2026-06-23 08:00:00,0.81018,0.81024,0.8091,0.80926,3639.0
2026-06-23 09:00:00,0.80926,0.80966,0.8075,0.80868,4841.0
2026-06-23 10:00:00,0.80866,0.81038,0.80854,0.80964,5219.0
2026-06-23 11:00:00,0.80962,0.80998,0.80894,0.80975,3721.0
2026-06-23 12:00:00,0.80974,0.81026,0.80952,0.81022,1828.0
2026-06-23 13:00:00,0.81025,0.81048,0.81009,0.81023,1524.0
2026-06-23 14:00:00,0.81024,0.81065,0.80998,0.80998,1234.0
2026-06-23 15:00:00,0.80995,0.81003,0.80952,0.80994,1447.0
2026-06-23 16:00:00,0.80994,0.81002,0.80946,0.80962,702.0
2026-06-23 17:00:00,0.80996,0.81002,0.80952,0.80957,490.0
2026-06-23 18:00:00,0.8096,0.80988,0.80933,0.80939,942.0
2026-06-23 19:00:00,0.80938,0.80976,0.80936,0.80974,948.0
2026-06-23 20:00:00,0.80975,0.81041,0.80965,0.81005,3418.0
2026-06-23 21:00:00,0.81004,0.81043,0.80974,0.80976,2868.0
2026-06-23 22:00:00,0.80976,0.81054,0.8097,0.81048,2770.0
2026-06-23 23:00:00,0.81049,0.81108,0.8101,0.8103,2484.0
2026-06-24 00:00:00,0.81029,0.81086,0.81014,0.81078,1591.0
2026-06-24 01:00:00,0.81078,0.81102,0.81052,0.81092,1776.0
2026-06-24 02:00:00,0.81092,0.81168,0.81046,0.8116,2384.0
2026-06-24 03:00:00,0.81158,0.8119,0.81119,0.8117,3002.0
2026-06-24 04:00:00,0.81168,0.81242,0.81131,0.81156,3598.0
2026-06-24 05:00:00,0.81156,0.81236,0.81144,0.8121,3296.0
2026-06-24 06:00:00,0.8121,0.81275,0.81201,0.81262,2845.0
2026-06-24 07:00:00,0.81261,0.8131,0.812,0.81256,3441.0
2026-06-24 08:00:00,0.81256,0.8138,0.81213,0.81359,4426.0
2026-06-24 09:00:00,0.81357,0.81396,0.8122,0.81261,5852.0
2026-06-24 10:00:00,0.8126,0.8135,0.81206,0.81326,5531.0
2026-06-24 11:00:00,0.81324,0.81338,0.81146,0.81265,4153.0
2026-06-24 12:00:00,0.81264,0.81278,0.81138,0.81189,3379.0
2026-06-24 13:00:00,0.81188,0.81287,0.81176,0.81286,2253.0
2026-06-24 14:00:00,0.81288,0.8129,0.81205,0.81246,2454.0
2026-06-24 15:00:00,0.81244,0.81296,0.81222,0.81278,1606.0
2026-06-24 16:00:00,0.81278,0.81292,0.81226,0.81234,1378.0
2026-06-24 17:00:00,0.81227,0.8126,0.81194,0.81216,1552.0
2026-06-24 18:00:00,0.81218,0.81244,0.81212,0.81241,1038.0
2026-06-24 19:00:00,0.81242,0.81266,0.81234,0.81264,567.0
2026-06-24 20:00:00,0.8126,0.81308,0.81238,0.81243,1999.0
2026-06-24 21:00:00,0.81242,0.81248,0.8112,0.81186,3209.0
2026-06-24 22:00:00,0.81188,0.81199,0.81102,0.8114,2173.0
2026-06-24 23:00:00,0.81141,0.81146,0.81066,0.81078,2267.0
2026-06-25 00:00:00,0.81078,0.81106,0.81062,0.81104,1126.0
2026-06-25 01:00:00,0.81104,0.81186,0.81095,0.81176,1319.0
2026-06-25 02:00:00,0.81176,0.81222,0.8115,0.812,2172.0
2026-06-25 03:00:00,0.81202,0.81269,0.81132,0.81133,3542.0
2026-06-25 04:00:00,0.81133,0.81145,0.81022,0.81084,2420.0
2026-06-25 05:00:00,0.81083,0.81156,0.81066,0.8115,1875.0
2026-06-25 06:00:00,0.81152,0.81273,0.8115,0.81253,1685.0
2026-06-25 07:00:00,0.81252,0.81338,0.81251,0.81318,2450.0
2026-06-25 08:00:00,0.81318,0.81349,0.81102,0.81216,5263.0
2026-06-25 09:00:00,0.81212,0.81238,0.81024,0.81089,6451.0
2026-06-25 10:00:00,0.81087,0.81101,0.80922,0.81003,6647.0
2026-06-25 11:00:00,0.81002,0.81034,0.80915,0.80935,4422.0
2026-06-25 12:00:00,0.80935,0.81004,0.80897,0.80996,2694.0
2026-06-25 13:00:00,0.80999,0.8102,0.80969,0.80994,1916.0
2026-06-25 14:00:00,0.80998,0.81041,0.80944,0.80978,2414.0
2026-06-25 15:00:00,0.80978,0.81018,0.80934,0.80975,1547.0
2026-06-25 16:00:00,0.80976,0.81022,0.80956,0.81017,751.0
2026-06-25 17:00:00,0.80991,0.81046,0.8097,0.80984,902.0
2026-06-25 18:00:00,0.80985,0.81031,0.80984,0.81005,1062.0
2026-06-25 19:00:00,0.81004,0.81084,0.80999,0.81069,1242.0
2026-06-25 20:00:00,0.8107,0.81084,0.81015,0.81037,2820.0
2026-06-25 21:00:00,0.81038,0.81096,0.81008,0.81072,3580.0
2026-06-25 22:00:00,0.81071,0.8112,0.81054,0.81058,2611.0
2026-06-25 23:00:00,0.81058,0.81062,0.80936,0.80948,2467.0
2026-06-26 00:00:00,0.80946,0.80968,0.80852,0.80864,2427.0
2026-06-26 01:00:00,0.80866,0.80902,0.80852,0.80876,1908.0
2026-06-26 02:00:00,0.80872,0.8093,0.80849,0.8091,2455.0
2026-06-26 03:00:00,0.80912,0.8094,0.808,0.80864,2924.0
2026-06-26 04:00:00,0.80866,0.80891,0.80776,0.8084,3831.0
2026-06-26 05:00:00,0.80839,0.8089,0.80762,0.80812,2887.0
2026-06-26 06:00:00,0.80813,0.8086,0.80807,0.80838,2494.0
2026-06-26 07:00:00,0.80838,0.8092,0.8082,0.80872,2732.0
2026-06-26 08:00:00,0.80872,0.80882,0.80702,0.80724,3893.0
2026-06-26 09:00:00,0.80722,0.808,0.80689,0.80689,5381.0
2026-06-26 10:00:00,0.8069,0.80924,0.8066,0.80917,5652.0
2026-06-26 11:00:00,0.80913,0.80924,0.808,0.80818,4073.0
2026-06-26 12:00:00,0.80818,0.8098,0.80814,0.80944,2721.0
2026-06-26 13:00:00,0.80942,0.80983,0.80918,0.80976,1870.0
2026-06-26 14:00:00,0.80976,0.80984,0.80933,0.80972,1589.0
2026-06-26 15:00:00,0.80974,0.8099,0.80937,0.8095,1341.0
2026-06-26 16:00:00,0.80949,0.81023,0.8092,0.80983,1838.0
2026-06-28 17:00:00,0.81013,0.81026,0.81013,0.81023,124.0
2026-06-28 18:00:00,0.81019,0.81036,0.81002,0.81013,457.0
2026-06-28 19:00:00,0.81012,0.81031,0.80999,0.81008,767.0
2026-06-28 20:00:00,0.81009,0.8102,0.80966,0.80984,2710.0
2026-06-28 21:00:00,0.80984,0.81012,0.80964,0.81008,2548.0
2026-06-28 22:00:00,0.81007,0.81008,0.8094,0.80974,1964.0
2026-06-28 23:00:00,0.80971,0.81002,0.80948,0.81002,1845.0
2026-06-29 00:00:00,0.81002,0.81012,0.80984,0.81,1365.0
2026-06-29 01:00:00,0.80999,0.81,0.80924,0.80926,1267.0
2026-06-29 02:00:00,0.80927,0.80952,0.80844,0.80856,2153.0
2026-06-29 03:00:00,0.80857,0.80906,0.80848,0.80885,2466.0
2026-06-29 04:00:00,0.80884,0.8094,0.80852,0.80908,2114.0
2026-06-29 05:00:00,0.80903,0.80916,0.80844,0.80866,2172.0
2026-06-29 06:00:00,0.80868,0.8089,0.80826,0.80837,1819.0
2026-06-29 07:00:00,0.80835,0.8089,0.808,0.8082,2305.0
2026-06-29 08:00:00,0.80824,0.80902,0.80818,0.8088,3158.0
2026-06-29 09:00:00,0.80876,0.80896,0.808,0.80822,3400.0
2026-06-29 10:00:00,0.8082,0.80896,0.80771,0.80852,6056.0
2026-06-29 11:00:00,0.80851,0.80881,0.80796,0.80815,3134.0
2026-06-29 12:00:00,0.80815,0.80816,0.8075,0.80774,1704.0
2026-06-29 13:00:00,0.80774,0.80802,0.80733,0.80748,1410.0
2026-06-29 14:00:00,0.80748,0.8076,0.8072,0.80746,1213.0
2026-06-29 15:00:00,0.80749,0.80771,0.8072,0.80732,1097.0
2026-06-29 16:00:00,0.80732,0.80762,0.80716,0.80754,471.0
2026-06-29 17:00:00,0.80816,0.80816,0.80746,0.8075,773.0
2026-06-29 18:00:00,0.80753,0.80761,0.80736,0.80742,516.0
2026-06-29 19:00:00,0.80742,0.80782,0.80736,0.80782,446.0
2026-06-29 20:00:00,0.80782,0.80831,0.80764,0.8079,2610.0
2026-06-29 21:00:00,0.8079,0.80892,0.80782,0.80879,3457.0
2026-06-29 22:00:00,0.8088,0.809,0.80858,0.80882,2038.0
2026-06-29 23:00:00,0.80879,0.80925,0.80866,0.80914,1895.0
2026-06-30 00:00:00,0.80914,0.80972,0.8091,0.8097,1621.0
2026-06-30 01:00:00,0.8097,0.81013,0.8094,0.80998,2241.0
2026-06-30 02:00:00,0.80998,0.81012,0.80857,0.80864,3154.0
2026-06-30 03:00:00,0.80862,0.80943,0.8083,0.80936,2758.0
2026-06-30 04:00:00,0.80936,0.81,0.80923,0.80944,4341.0
2026-06-30 05:00:00,0.80944,0.81015,0.80923,0.80955,2918.0
2026-06-30 06:00:00,0.80955,0.80975,0.80875,0.80878,2110.0
2026-06-30 07:00:00,0.80878,0.80979,0.80849,0.80952,2835.0
2026-06-30 08:00:00,0.80952,0.80978,0.80862,0.80922,3936.0
2026-06-30 09:00:00,0.80923,0.80945,0.80846,0.80903,3303.0
2026-06-30 10:00:00,0.80906,0.80967,0.80631,0.8067,7759.0
2026-06-30 11:00:00,0.80672,0.80834,0.80642,0.80824,4651.0
2026-06-30 12:00:00,0.80824,0.80881,0.80824,0.80868,1895.0
2026-06-30 13:00:00,0.80866,0.80872,0.80794,0.8081,1642.0
2026-06-30 14:00:00,0.8081,0.80828,0.8076,0.80824,1663.0
2026-06-30 15:00:00,0.80829,0.80868,0.80794,0.80796,1625.0
2026-06-30 16:00:00,0.80795,0.80839,0.80789,0.80833,784.0
2026-06-30 17:00:00,0.80818,0.8084,0.8077,0.80794,2622.0
2026-06-30 18:00:00,0.80787,0.80846,0.80784,0.80837,597.0
2026-06-30 19:00:00,0.80836,0.8088,0.80822,0.80874,576.0
2026-06-30 20:00:00,0.80876,0.80909,0.80862,0.80893,2024.0
2026-06-30 21:00:00,0.80894,0.80944,0.80892,0.80923,2199.0
2026-06-30 22:00:00,0.8092,0.80936,0.80898,0.80928,2066.0
2026-06-30 23:00:00,0.80928,0.80964,0.80904,0.8094,1626.0
2026-07-01 00:00:00,0.80942,0.80961,0.80894,0.8091,1620.0
2026-07-01 01:00:00,0.8091,0.80936,0.80892,0.80923,1157.0
2026-07-01 02:00:00,0.80925,0.8096,0.809,0.80949,1640.0
2026-07-01 03:00:00,0.8095,0.81026,0.80934,0.8096,2776.0
2026-07-01 04:00:00,0.80961,0.81016,0.80946,0.80977,2008.0
2026-07-01 05:00:00,0.80979,0.81049,0.80958,0.81044,2259.0
2026-07-01 06:00:00,0.81042,0.81049,0.80954,0.8097,1990.0
2026-07-01 07:00:00,0.8097,0.81092,0.80966,0.8109,2151.0
2026-07-01 08:00:00,0.8109,0.81178,0.81058,0.81153,4022.0
2026-07-01 09:00:00,0.81152,0.81202,0.80855,0.80946,8924.0
2026-07-01 10:00:00,0.80938,0.8096,0.808,0.80831,6802.0
2026-07-01 11:00:00,0.80832,0.80909,0.80812,0.80855,4026.0
2026-07-01 12:00:00,0.80854,0.80876,0.80781,0.80876,3358.0
2026-07-01 13:00:00,0.80875,0.80906,0.80844,0.8088,2382.0
2026-07-01 14:00:00,0.8088,0.8095,0.80875,0.80917,1610.0
2026-07-01 15:00:00,0.80917,0.80944,0.80904,0.80934,1561.0
2026-07-01 16:00:00,0.80936,0.8098,0.80925,0.80953,574.0
2026-07-01 17:00:00,0.80962,0.80997,0.80895,0.80942,6333.0
2026-07-01 18:00:00,0.8094,0.80959,0.80928,0.80932,280.0
2026-07-01 19:00:00,0.8093,0.80949,0.80918,0.80924,355.0
2026-07-01 20:00:00,0.80924,0.8097,0.8088,0.80937,2175.0
2026-07-01 21:00:00,0.80938,0.80943,0.80868,0.80906,2655.0
2026-07-01 22:00:00,0.80906,0.80909,0.80846,0.80894,1686.0
2026-07-01 23:00:00,0.80894,0.80928,0.80882,0.80884,1526.0
2026-07-02 00:00:00,0.80883,0.80888,0.80844,0.8087,1807.0
2026-07-02 01:00:00,0.8087,0.80892,0.80852,0.80872,1189.0
2026-07-02 02:00:00,0.8087,0.80872,0.80742,0.80802,3816.0
2026-07-02 03:00:00,0.80803,0.80832,0.80662,0.80672,3700.0
2026-07-02 04:00:00,0.80672,0.80676,0.80414,0.80422,5586.0
2026-07-02 05:00:00,0.80423,0.8055,0.804,0.80524,4187.0
2026-07-02 06:00:00,0.80524,0.80615,0.80515,0.80566,2666.0
2026-07-02 07:00:00,0.80566,0.8068,0.80564,0.80652,2720.0
2026-07-02 08:00:00,0.80653,0.80742,0.801,0.80314,14841.0
2026-07-02 09:00:00,0.80314,0.80387,0.80246,0.8025,9384.0
2026-07-02 10:00:00,0.8025,0.80326,0.8018,0.80235,6961.0
2026-07-02 11:00:00,0.80234,0.80269,0.80161,0.80224,4586.0
2026-07-02 12:00:00,0.8022,0.80299,0.80206,0.80294,2599.0
2026-07-02 13:00:00,0.80295,0.80406,0.80295,0.8038,2830.0
2026-07-02 14:00:00,0.8038,0.80393,0.80327,0.80354,2219.0
2026-07-02 15:00:00,0.80355,0.8038,0.80345,0.80356,1478.0
2026-07-02 16:00:00,0.80356,0.80364,0.80314,0.80351,522.0
2026-07-02 17:00:00,0.80351,0.8038,0.80314,0.80339,2167.0
2026-07-02 18:00:00,0.80338,0.80408,0.80325,0.80393,978.0
2026-07-02 19:00:00,0.80394,0.8045,0.80379,0.80444,1147.0
2026-07-02 20:00:00,0.80446,0.8047,0.80378,0.8038,3060.0
2026-07-02 21:00:00,0.80378,0.80383,0.80259,0.80325,3873.0
2026-07-02 22:00:00,0.80324,0.80331,0.8025,0.80291,2567.0
2026-07-02 23:00:00,0.80292,0.8031,0.80278,0.80286,2390.0
2026-07-03 00:00:00,0.80286,0.803,0.80244,0.80244,1648.0
2026-07-03 01:00:00,0.80244,0.80246,0.80182,0.80223,1904.0
2026-07-03 02:00:00,0.80225,0.80225,0.80106,0.80164,2855.0
2026-07-03 03:00:00,0.80168,0.8024,0.80144,0.80189,1983.0
2026-07-03 04:00:00,0.80187,0.80256,0.8018,0.80254,1669.0
2026-07-03 05:00:00,0.80256,0.80332,0.8024,0.80328,1282.0
2026-07-03 06:00:00,0.8033,0.80332,0.80268,0.80316,1143.0
2026-07-03 07:00:00,0.80316,0.8034,0.80248,0.80264,1891.0
2026-07-03 08:00:00,0.80265,0.8033,0.80236,0.80318,1918.0
2026-07-03 09:00:00,0.80318,0.80366,0.8031,0.80355,1808.0
2026-07-03 10:00:00,0.80356,0.8037,0.80285,0.80337,1488.0
