Timestamp,Open,High,Low,Close,Volume
2026-05-08 01:30:00,0.77983,0.77992,0.77968,0.7798,862.0
2026-05-08 02:00:00,0.77982,0.77986,0.77883,0.77884,1180.0
2026-05-08 02:30:00,0.77884,0.77931,0.77884,0.7792,1043.0
2026-05-08 03:00:00,0.77921,0.77951,0.7791,0.77948,1772.0
2026-05-08 03:30:00,0.77947,0.77954,0.77907,0.77922,1290.0
2026-05-08 04:00:00,0.77918,0.77932,0.77843,0.77847,1005.0
2026-05-08 04:30:00,0.77844,0.77847,0.77784,0.77821,1338.0
2026-05-08 05:00:00,0.77818,0.77824,0.77758,0.77798,1188.0
2026-05-08 05:30:00,0.77798,0.77804,0.77772,0.77786,1221.0
2026-05-08 06:00:00,0.77787,0.77807,0.77773,0.77795,1004.0
2026-05-08 06:30:00,0.77796,0.77862,0.77775,0.77841,907.0
2026-05-08 07:00:00,0.7784,0.77866,0.7783,0.77844,846.0
2026-05-08 07:30:00,0.77844,0.77852,0.77796,0.77808,1002.0
2026-05-08 08:00:00,0.77805,0.77862,0.77805,0.77844,1464.0
2026-05-08 08:30:00,0.77844,0.77922,0.77712,0.77764,3879.0
2026-05-08 09:00:00,0.77764,0.77806,0.77723,0.77731,3030.0
2026-05-08 09:30:00,0.77728,0.77738,0.77656,0.77734,2728.0
2026-05-08 10:00:00,0.77734,0.77822,0.77729,0.7781,2569.0
2026-05-08 10:30:00,0.77812,0.77812,0.77731,0.77736,2559.0
2026-05-08 11:00:00,0.77737,0.778,0.77714,0.77752,2027.0
2026-05-08 11:30:00,0.77752,0.77784,0.77702,0.77734,1977.0
2026-05-08 12:00:00,0.77734,0.77738,0.77694,0.77702,1245.0
2026-05-08 12:30:00,0.77702,0.77744,0.77699,0.77721,739.0
2026-05-08 13:00:00,0.7772,0.7773,0.77683,0.77691,824.0
2026-05-08 13:30:00,0.7769,0.77716,0.77684,0.77714,633.0
2026-05-08 14:00:00,0.77715,0.77723,0.77643,0.77664,1129.0
2026-05-08 14:30:00,0.77665,0.77676,0.77626,0.77654,922.0
2026-05-08 15:00:00,0.77656,0.77664,0.77624,0.77628,528.0
2026-05-08 15:30:00,0.77629,0.77694,0.77618,0.77693,952.0
2026-05-08 16:00:00,0.77694,0.77704,0.77632,0.77645,521.0
2026-05-08 16:30:00,0.77645,0.77658,0.77624,0.77643,571.0
2026-05-10 17:00:00,0.77811,0.77843,0.7773,0.77828,284.0
2026-05-10 17:30:00,0.77834,0.7785,0.77742,0.77771,4152.0
2026-05-10 18:00:00,0.77788,0.7781,0.77705,0.77785,789.0
2026-05-10 18:30:00,0.77788,0.77806,0.77786,0.77789,270.0
2026-05-10 19:00:00,0.7779,0.77793,0.7777,0.77784,261.0
2026-05-10 19:30:00,0.77781,0.77787,0.77758,0.77781,347.0
2026-05-10 20:00:00,0.7778,0.7779,0.77751,0.77772,1554.0
2026-05-10 20:30:00,0.77772,0.77828,0.77762,0.77788,1582.0
2026-05-10 21:00:00,0.77788,0.77834,0.77782,0.77804,1707.0
2026-05-10 21:30:00,0.77804,0.77864,0.77804,0.77846,968.0
2026-05-10 22:00:00,0.77845,0.77858,0.77834,0.77836,746.0
2026-05-10 22:30:00,0.77836,0.77878,0.77831,0.77878,953.0
2026-05-10 23:00:00,0.77878,0.77894,0.77872,0.77886,632.0
2026-05-10 23:30:00,0.77886,0.77911,0.7788,0.77904,694.0
2026-05-11 00:00:00,0.77904,0.77921,0.77899,0.77921,836.0
2026-05-11 00:30:00,0.7792,0.77946,0.77919,0.77942,590.0
2026-05-11 01:00:00,0.77944,0.77944,0.77902,0.77936,675.0
2026-05-11 01:30:00,0.77936,0.77955,0.77928,0.77939,761.0
2026-05-11 02:00:00,0.77935,0.77935,0.77854,0.77856,1248.0
2026-05-11 02:30:00,0.77856,0.7786,0.77764,0.77776,1046.0
2026-05-11 03:00:00,0.77774,0.77822,0.77761,0.7779,1872.0
2026-05-11 03:30:00,0.7779,0.77838,0.77789,0.77821,1142.0
2026-05-11 04:00:00,0.7782,0.77844,0.77757,0.7778,1736.0
2026-05-11 04:30:00,0.77782,0.77846,0.77754,0.77845,1413.0
2026-05-11 05:00:00,0.77846,0.77868,0.77824,0.7786,776.0
2026-05-11 05:30:00,0.7786,0.77885,0.77844,0.77885,873.0
2026-05-11 06:00:00,0.77886,0.779,0.77848,0.77855,614.0
2026-05-11 06:30:00,0.77856,0.77878,0.77816,0.77855,1171.0
2026-05-11 07:00:00,0.77855,0.77864,0.77807,0.77808,996.0
2026-05-11 07:30:00,0.77806,0.77894,0.77804,0.77862,954.0
2026-05-11 08:00:00,0.77861,0.77907,0.77828,0.77842,1196.0
2026-05-11 08:30:00,0.77845,0.77872,0.77823,0.77823,2125.0
2026-05-11 09:00:00,0.77819,0.77826,0.77759,0.77764,1556.0
2026-05-11 09:30:00,0.77762,0.77804,0.77728,0.77745,1504.0
2026-05-11 10:00:00,0.77742,0.77779,0.77692,0.77703,1648.0
2026-05-11 10:30:00,0.77706,0.77755,0.77684,0.77717,2305.0
2026-05-11 11:00:00,0.77718,0.77736,0.77684,0.77716,1446.0
2026-05-11 11:30:00,0.77718,0.77749,0.77705,0.77731,1704.0
2026-05-11 12:00:00,0.7773,0.77763,0.77718,0.77762,791.0
2026-05-11 12:30:00,0.77764,0.77798,0.77754,0.77784,1178.0
2026-05-11 13:00:00,0.77786,0.77806,0.77769,0.77784,1091.0
2026-05-11 13:30:00,0.77786,0.77786,0.77758,0.77772,687.0
2026-05-11 14:00:00,0.77773,0.7779,0.77758,0.7778,709.0
2026-05-11 14:30:00,0.77782,0.77824,0.77774,0.77821,640.0
2026-05-11 15:00:00,0.77824,0.77836,0.77806,0.77824,647.0
2026-05-11 15:30:00,0.77825,0.77839,0.77813,0.77824,493.0
2026-05-11 16:00:00,0.77824,0.77848,0.77802,0.77805,323.0
2026-05-11 16:30:00,0.77805,0.77818,0.77792,0.77808,519.0
2026-05-11 17:00:00,0.77788,0.77857,0.77764,0.77777,501.0
2026-05-11 17:30:00,0.7778,0.7781,0.77766,0.77786,1658.0
2026-05-11 18:00:00,0.7779,0.7779,0.77762,0.77774,492.0
2026-05-11 18:30:00,0.77775,0.77792,0.77773,0.77788,276.0
2026-05-11 19:00:00,0.77787,0.77815,0.77786,0.77815,222.0
2026-05-11 19:30:00,0.77812,0.77835,0.77804,0.77822,401.0
2026-05-11 20:00:00,0.77824,0.77862,0.77824,0.77848,1055.0
2026-05-11 20:30:00,0.77848,0.77901,0.77844,0.77899,1164.0
2026-05-11 21:00:00,0.77901,0.77948,0.77884,0.77946,1532.0
2026-05-11 21:30:00,0.77946,0.77974,0.77913,0.77954,1751.0
2026-05-11 22:00:00,0.77952,0.77968,0.77944,0.7796,768.0
2026-05-11 22:30:00,0.77962,0.77974,0.7794,0.77956,898.0
2026-05-11 23:00:00,0.77958,0.77984,0.7795,0.7798,577.0
2026-05-11 23:30:00,0.77979,0.77994,0.77964,0.7799,561.0
2026-05-12 00:00:00,0.77992,0.77999,0.77984,0.77993,609.0
2026-05-12 00:30:00,0.77992,0.77993,0.77964,0.77976,907.0
2026-05-12 01:00:00,0.77976,0.78007,0.77968,0.77988,948.0
2026-05-12 01:30:00,0.77989,0.77998,0.7788,0.7792,1600.0
2026-05-12 02:00:00,0.77921,0.77999,0.7789,0.77989,1868.0
2026-05-12 02:30:00,0.77988,0.78018,0.77946,0.7801,1562.0
2026-05-12 03:00:00,0.78011,0.7805,0.77994,0.78024,2014.0
2026-05-12 03:30:00,0.78023,0.78089,0.78014,0.78078,1648.0
2026-05-12 04:00:00,0.78075,0.7809,0.78014,0.7805,2088.0
2026-05-12 04:30:00,0.7805,0.7809,0.7803,0.78064,1757.0
2026-05-12 05:00:00,0.78067,0.78102,0.78047,0.78082,977.0
2026-05-12 05:30:00,0.7808,0.78114,0.78048,0.78074,2012.0
2026-05-12 06:00:00,0.78072,0.78098,0.78068,0.7807,1063.0
2026-05-12 06:30:00,0.7807,0.78115,0.78064,0.78108,1151.0
2026-05-12 07:00:00,0.7811,0.7815,0.78084,0.78098,1769.0
2026-05-12 07:30:00,0.78098,0.78105,0.78061,0.78104,1268.0
2026-05-12 08:00:00,0.78103,0.78136,0.78076,0.78096,1606.0
2026-05-12 08:30:00,0.78096,0.78146,0.7803,0.78038,3084.0
2026-05-12 09:00:00,0.7804,0.78156,0.78031,0.78142,2115.0
2026-05-12 09:30:00,0.78142,0.78216,0.78118,0.78196,2942.0
2026-05-12 10:00:00,0.78194,0.78206,0.78154,0.78169,2684.0
2026-05-12 10:30:00,0.78166,0.78193,0.78114,0.78124,2993.0
2026-05-12 11:00:00,0.78122,0.78235,0.78107,0.78223,3142.0
2026-05-12 11:30:00,0.78222,0.78223,0.78155,0.78172,2022.0
2026-05-12 12:00:00,0.78172,0.78197,0.78138,0.78168,1932.0
2026-05-12 12:30:00,0.78168,0.78215,0.78166,0.78199,1509.0
2026-05-12 13:00:00,0.78196,0.78204,0.78146,0.78162,1224.0
2026-05-12 13:30:00,0.78166,0.78175,0.78146,0.78148,1215.0
2026-05-12 14:00:00,0.7815,0.78173,0.78091,0.78104,1487.0
2026-05-12 14:30:00,0.78104,0.78108,0.78073,0.78076,949.0
2026-05-12 15:00:00,0.78075,0.78082,0.7804,0.78059,973.0
2026-05-12 15:30:00,0.78059,0.78072,0.78027,0.78071,1473.0
2026-05-12 16:00:00,0.78068,0.7808,0.78062,0.78076,412.0
2026-05-12 16:30:00,0.78077,0.78086,0.78052,0.78057,326.0
2026-05-12 17:00:00,0.78093,0.78118,0.78048,0.78062,271.0
2026-05-12 17:30:00,0.78059,0.78104,0.78048,0.78065,4238.0
2026-05-12 18:00:00,0.78062,0.78062,0.78038,0.78038,364.0
2026-05-12 18:30:00,0.78038,0.78056,0.78034,0.7804,224.0
2026-05-12 19:00:00,0.78041,0.7805,0.78027,0.78042,230.0
2026-05-12 19:30:00,0.78043,0.7806,0.78038,0.78058,345.0
2026-05-12 20:00:00,0.78058,0.78071,0.78032,0.78064,1229.0
2026-05-12 20:30:00,0.78063,0.78082,0.78012,0.78017,1529.0
2026-05-12 21:00:00,0.78016,0.7807,0.7801,0.78041,1463.0
2026-05-12 21:30:00,0.78044,0.7805,0.78004,0.78022,986.0
2026-05-12 22:00:00,0.78024,0.78044,0.78005,0.78031,850.0
2026-05-12 22:30:00,0.7803,0.78048,0.78018,0.78038,644.0
2026-05-12 23:00:00,0.78037,0.7807,0.78033,0.78047,1030.0
2026-05-12 23:30:00,0.78047,0.78056,0.78033,0.7805,619.0
2026-05-13 00:00:00,0.78048,0.78062,0.78042,0.78062,491.0
2026-05-13 00:30:00,0.78062,0.78072,0.78053,0.78054,558.0
2026-05-13 01:00:00,0.78056,0.78057,0.78024,0.78027,737.0
2026-05-13 01:30:00,0.78026,0.78054,0.78023,0.7804,731.0
2026-05-13 02:00:00,0.78038,0.78087,0.78034,0.78069,683.0
2026-05-13 02:30:00,0.78068,0.78136,0.78068,0.7812,872.0
2026-05-13 03:00:00,0.78121,0.78131,0.7809,0.78121,1109.0
2026-05-13 03:30:00,0.78124,0.78172,0.78113,0.78156,876.0
2026-05-13 04:00:00,0.78158,0.78172,0.78137,0.78155,719.0
2026-05-13 04:30:00,0.78157,0.78246,0.78157,0.7822,1098.0
2026-05-13 05:00:00,0.7822,0.78284,0.78185,0.78284,1028.0
2026-05-13 05:30:00,0.78286,0.78286,0.78196,0.782,869.0
2026-05-13 06:00:00,0.78199,0.78218,0.78164,0.78208,1218.0
2026-05-13 06:30:00,0.78205,0.78212,0.78133,0.7815,897.0
2026-05-13 07:00:00,0.78152,0.78173,0.78138,0.78142,687.0
2026-05-13 07:30:00,0.78144,0.78153,0.78119,0.7815,603.0
2026-05-13 08:00:00,0.78149,0.78225,0.78122,0.78212,1046.0
2026-05-13 08:30:00,0.78212,0.783,0.78186,0.78268,2637.0
2026-05-13 09:00:00,0.78268,0.78288,0.78234,0.78245,1668.0
2026-05-13 09:30:00,0.78242,0.7825,0.78168,0.78198,2721.0
2026-05-13 10:00:00,0.78198,0.78259,0.78193,0.78234,1814.0
2026-05-13 10:30:00,0.78235,0.78308,0.78234,0.7826,1634.0
2026-05-13 11:00:00,0.78258,0.78268,0.78226,0.78248,1540.0
2026-05-13 11:30:00,0.78248,0.78268,0.78204,0.78248,1466.0
2026-05-13 12:00:00,0.78248,0.78254,0.78177,0.78184,1348.0
2026-05-13 12:30:00,0.78186,0.78259,0.78172,0.78244,1092.0
2026-05-13 13:00:00,0.78246,0.78247,0.78206,0.78212,775.0
2026-05-13 13:30:00,0.78212,0.78249,0.78212,0.78244,769.0
2026-05-13 14:00:00,0.78246,0.78246,0.78215,0.78222,767.0
2026-05-13 14:30:00,0.78222,0.78244,0.782,0.78222,798.0
2026-05-13 15:00:00,0.78222,0.78224,0.7818,0.7818,534.0
2026-05-13 15:30:00,0.78182,0.7819,0.78165,0.7818,743.0
2026-05-13 16:00:00,0.7818,0.78186,0.78162,0.78172,304.0
2026-05-13 16:30:00,0.7817,0.78182,0.78166,0.78176,583.0
2026-05-13 17:00:00,0.78186,0.78211,0.7815,0.78188,239.0
2026-05-13 17:30:00,0.78182,0.78187,0.78151,0.78164,2089.0
2026-05-13 18:00:00,0.78168,0.78184,0.78144,0.78146,460.0
2026-05-13 18:30:00,0.78146,0.78159,0.78144,0.78157,223.0
2026-05-13 19:00:00,0.78158,0.78164,0.7815,0.78164,198.0
2026-05-13 19:30:00,0.78164,0.78176,0.78164,0.78169,197.0
2026-05-13 20:00:00,0.78168,0.78176,0.78146,0.78156,636.0
2026-05-13 20:30:00,0.78154,0.78166,0.78145,0.7815,477.0
2026-05-13 21:00:00,0.7815,0.78164,0.78138,0.78148,845.0
2026-05-13 21:30:00,0.78148,0.78166,0.78132,0.78158,632.0
2026-05-13 22:00:00,0.78159,0.78189,0.78148,0.78172,728.0
2026-05-13 22:30:00,0.78172,0.7818,0.7816,0.78176,500.0
2026-05-13 23:00:00,0.78177,0.78192,0.7816,0.78162,721.0
2026-05-13 23:30:00,0.78162,0.78188,0.78161,0.78186,442.0
2026-05-14 00:00:00,0.78186,0.78194,0.7815,0.78164,672.0
2026-05-14 00:30:00,0.78163,0.78182,0.78152,0.7818,502.0
2026-05-14 01:00:00,0.78176,0.78196,0.7817,0.78192,630.0
2026-05-14 01:30:00,0.7819,0.78206,0.7817,0.78204,808.0
2026-05-14 02:00:00,0.78204,0.78206,0.78161,0.7817,743.0
2026-05-14 02:30:00,0.78172,0.78176,0.78079,0.78099,1025.0
2026-05-14 03:00:00,0.78102,0.78189,0.78094,0.78185,1488.0
2026-05-14 03:30:00,0.78184,0.78236,0.7815,0.78231,1051.0
2026-05-14 04:00:00,0.7823,0.78252,0.7819,0.78194,1271.0
2026-05-14 04:30:00,0.7819,0.78215,0.78181,0.78196,878.0
2026-05-14 05:00:00,0.78192,0.78206,0.78178,0.7819,1136.0
2026-05-14 05:30:00,0.78192,0.78216,0.78168,0.78186,774.0
2026-05-14 06:00:00,0.7819,0.78194,0.78146,0.78167,1371.0
2026-05-14 06:30:00,0.78166,0.7821,0.78154,0.78186,1021.0
2026-05-14 07:00:00,0.78184,0.7821,0.78172,0.78184,999.0
2026-05-14 07:30:00,0.78182,0.78212,0.78172,0.7821,720.0
2026-05-14 08:00:00,0.78212,0.78216,0.78156,0.7817,1403.0
2026-05-14 08:30:00,0.78175,0.78211,0.78164,0.78204,1318.0
2026-05-14 09:00:00,0.78206,0.7824,0.78188,0.78205,1347.0
2026-05-14 09:30:00,0.78207,0.78284,0.78179,0.7823,3796.0
2026-05-14 10:00:00,0.78234,0.78256,0.7819,0.78224,1972.0
2026-05-14 10:30:00,0.78223,0.78298,0.7821,0.78298,2152.0
2026-05-14 11:00:00,0.78302,0.78352,0.78302,0.7833,1677.0
2026-05-14 11:30:00,0.78331,0.78338,0.78299,0.783,1028.0
2026-05-14 12:00:00,0.78302,0.78336,0.78283,0.78326,1634.0
2026-05-14 12:30:00,0.78325,0.78358,0.7832,0.78321,1280.0
2026-05-14 13:00:00,0.7832,0.78331,0.78298,0.7832,890.0
2026-05-14 13:30:00,0.78321,0.7833,0.78306,0.78324,843.0
2026-05-14 14:00:00,0.78325,0.78348,0.78324,0.78344,1031.0
2026-05-14 14:30:00,0.78344,0.78362,0.78338,0.78338,665.0
2026-05-14 15:00:00,0.78336,0.78362,0.7833,0.78362,539.0
2026-05-14 15:30:00,0.78362,0.78397,0.7835,0.7837,838.0
2026-05-14 16:00:00,0.78368,0.78404,0.78362,0.78398,462.0
2026-05-14 16:30:00,0.78396,0.78406,0.78369,0.78378,331.0
2026-05-14 17:00:00,0.78336,0.78376,0.78336,0.78372,26.0
2026-05-14 17:30:00,0.7837,0.7837,0.78342,0.7835,307.0
2026-05-14 18:00:00,0.78354,0.7839,0.78354,0.78381,393.0
2026-05-14 18:30:00,0.78382,0.78391,0.78372,0.78391,209.0
2026-05-14 19:00:00,0.7839,0.78427,0.78385,0.7841,438.0
2026-05-14 19:30:00,0.7841,0.78428,0.78404,0.78425,514.0
2026-05-14 20:00:00,0.78426,0.7845,0.78418,0.7845,1245.0
2026-05-14 20:30:00,0.7845,0.78502,0.78449,0.78475,1238.0
2026-05-14 21:00:00,0.78476,0.78536,0.7847,0.78536,1503.0
2026-05-14 21:30:00,0.78536,0.78556,0.78514,0.78554,1558.0
2026-05-14 22:00:00,0.78554,0.78564,0.78498,0.7851,1417.0
2026-05-14 22:30:00,0.78512,0.78518,0.78472,0.78502,1010.0
2026-05-14 23:00:00,0.78502,0.78515,0.78489,0.785,990.0
2026-05-14 23:30:00,0.78497,0.7852,0.78494,0.78516,828.0
2026-05-15 00:00:00,0.78517,0.78528,0.78506,0.78518,603.0
2026-05-15 00:30:00,0.78518,0.78582,0.78514,0.78567,941.0
2026-05-15 01:00:00,0.78567,0.78596,0.78557,0.78558,1233.0
2026-05-15 01:30:00,0.78558,0.78634,0.78557,0.78624,1747.0
2026-05-15 02:00:00,0.78624,0.78625,0.78534,0.78564,1974.0
2026-05-15 02:30:00,0.78561,0.786,0.7854,0.78587,1636.0
2026-05-15 03:00:00,0.78588,0.78598,0.78469,0.78485,1701.0
2026-05-15 03:30:00,0.78486,0.78524,0.78469,0.78522,1278.0
2026-05-15 04:00:00,0.78519,0.78581,0.78511,0.78579,1662.0
2026-05-15 04:30:00,0.78578,0.78591,0.78537,0.7857,1750.0
2026-05-15 05:00:00,0.7857,0.7867,0.78565,0.78617,1800.0
2026-05-15 05:30:00,0.78618,0.78652,0.78604,0.78611,1658.0
2026-05-15 06:00:00,0.78608,0.78612,0.78481,0.78504,1656.0
2026-05-15 06:30:00,0.78505,0.7851,0.78386,0.78438,1936.0
2026-05-15 07:00:00,0.78443,0.7854,0.78434,0.78536,1288.0
2026-05-15 07:30:00,0.78537,0.7862,0.78531,0.78606,1344.0
2026-05-15 08:00:00,0.78606,0.78658,0.78604,0.78643,1838.0
2026-05-15 08:30:00,0.78644,0.78704,0.78638,0.78667,1706.0
2026-05-15 09:00:00,0.78666,0.78683,0.78628,0.78648,2188.0
2026-05-15 09:30:00,0.78644,0.78714,0.78629,0.78664,2882.0
2026-05-15 10:00:00,0.78666,0.78694,0.78546,0.78582,2783.0
2026-05-15 10:30:00,0.78585,0.78687,0.78574,0.78645,2621.0
2026-05-15 11:00:00,0.78642,0.78694,0.78604,0.78678,2328.0
2026-05-15 11:30:00,0.78678,0.78734,0.78668,0.78686,1671.0
2026-05-15 12:00:00,0.78684,0.78706,0.78671,0.78673,1542.0
2026-05-15 12:30:00,0.78672,0.78682,0.78648,0.78656,1231.0
2026-05-15 13:00:00,0.78657,0.78674,0.78602,0.78637,1122.0
2026-05-15 13:30:00,0.78636,0.78662,0.78628,0.78662,935.0
2026-05-15 14:00:00,0.7866,0.78704,0.78658,0.78697,988.0
2026-05-15 14:30:00,0.78696,0.7873,0.78675,0.7869,1168.0
2026-05-15 15:00:00,0.7869,0.78716,0.78684,0.78696,867.0
2026-05-15 15:30:00,0.78696,0.787,0.78663,0.78664,995.0
2026-05-15 16:00:00,0.78665,0.78696,0.7866,0.78692,402.0
2026-05-15 16:30:00,0.78691,0.78706,0.78654,0.78696,511.0
2026-05-17 17:00:00,0.78633,0.78692,0.78633,0.78681,28.0
2026-05-17 17:30:00,0.78664,0.78694,0.78648,0.78657,57.0
2026-05-17 18:00:00,0.78673,0.78698,0.78668,0.78692,556.0
2026-05-17 18:30:00,0.7869,0.78704,0.78678,0.78683,235.0
2026-05-17 19:00:00,0.78684,0.78706,0.78678,0.78703,455.0
2026-05-17 19:30:00,0.78702,0.78744,0.78702,0.78736,872.0
2026-05-17 20:00:00,0.78736,0.7874,0.78655,0.78711,2162.0
2026-05-17 20:30:00,0.78711,0.78752,0.78708,0.78739,1639.0
2026-05-17 21:00:00,0.78739,0.78776,0.7873,0.78734,2305.0
2026-05-17 21:30:00,0.78736,0.78743,0.78694,0.7871,1412.0
2026-05-17 22:00:00,0.7871,0.78744,0.78692,0.787,1277.0
2026-05-17 22:30:00,0.787,0.78721,0.78684,0.7871,1451.0
2026-05-17 23:00:00,0.78711,0.78728,0.78686,0.78688,1047.0
2026-05-17 23:30:00,0.7869,0.787,0.78667,0.78681,848.0
2026-05-18 00:00:00,0.7868,0.7869,0.78648,0.78686,967.0
2026-05-18 00:30:00,0.78686,0.78699,0.78669,0.7869,926.0
2026-05-18 01:00:00,0.7869,0.78714,0.78664,0.7867,976.0
2026-05-18 01:30:00,0.78667,0.78694,0.78664,0.78672,1068.0
2026-05-18 02:00:00,0.78674,0.78681,0.78591,0.78623,1202.0
2026-05-18 02:30:00,0.78622,0.78632,0.78539,0.78549,1488.0
2026-05-18 03:00:00,0.78548,0.78582,0.78499,0.78502,1321.0
2026-05-18 03:30:00,0.78501,0.78552,0.78472,0.78531,1844.0
2026-05-18 04:00:00,0.78529,0.78548,0.78496,0.78496,1520.0
2026-05-18 04:30:00,0.78497,0.78504,0.78458,0.78487,1338.0
2026-05-18 05:00:00,0.78486,0.78538,0.78478,0.78526,1105.0
2026-05-18 05:30:00,0.78526,0.78556,0.78514,0.78556,849.0
2026-05-18 06:00:00,0.78556,0.7857,0.78538,0.78546,951.0
2026-05-18 06:30:00,0.78546,0.78632,0.78544,0.78629,870.0
2026-05-18 07:00:00,0.7863,0.78644,0.78578,0.78644,1250.0
2026-05-18 07:30:00,0.78643,0.78653,0.78463,0.78544,3332.0
2026-05-18 08:00:00,0.78541,0.78546,0.785,0.78518,1791.0
2026-05-18 08:30:00,0.78516,0.78522,0.7845,0.785,2811.0
2026-05-18 09:00:00,0.785,0.78534,0.78484,0.78495,2167.0
2026-05-18 09:30:00,0.78491,0.7853,0.78445,0.78498,2318.0
2026-05-18 10:00:00,0.78496,0.78552,0.78483,0.78508,2899.0
2026-05-18 10:30:00,0.78509,0.78587,0.78506,0.78587,1833.0
2026-05-18 11:00:00,0.78588,0.78646,0.78586,0.7861,2601.0
2026-05-18 11:30:00,0.78613,0.78624,0.78532,0.7856,2120.0
2026-05-18 12:00:00,0.7856,0.78578,0.78482,0.78534,2051.0
2026-05-18 12:30:00,0.78534,0.78542,0.7847,0.78482,1617.0
2026-05-18 13:00:00,0.78485,0.78501,0.78465,0.78483,1274.0
2026-05-18 13:30:00,0.78483,0.7849,0.7846,0.78476,703.0
2026-05-18 14:00:00,0.78476,0.7857,0.78472,0.78546,1170.0
2026-05-18 14:30:00,0.78544,0.78608,0.78538,0.78606,1061.0
2026-05-18 15:00:00,0.78608,0.78612,0.78412,0.78474,3058.0
2026-05-18 15:30:00,0.78474,0.78475,0.78402,0.78453,1841.0
2026-05-18 16:00:00,0.78453,0.78453,0.78402,0.78404,490.0
2026-05-18 16:30:00,0.78404,0.7845,0.78404,0.7844,403.0
2026-05-18 17:00:00,0.78462,0.78462,0.78417,0.78428,138.0
2026-05-18 17:30:00,0.78426,0.78443,0.7841,0.78422,1760.0
2026-05-18 18:00:00,0.78418,0.78424,0.78405,0.78412,285.0
2026-05-18 18:30:00,0.78412,0.78424,0.78402,0.78422,229.0
2026-05-18 19:00:00,0.78423,0.7843,0.78417,0.78419,368.0
2026-05-18 19:30:00,0.78419,0.7845,0.78419,0.78448,301.0
2026-05-18 20:00:00,0.78452,0.78496,0.78444,0.78474,1510.0
2026-05-18 20:30:00,0.78474,0.7853,0.78472,0.78526,994.0
2026-05-18 21:00:00,0.78526,0.78542,0.78519,0.78529,1333.0
2026-05-18 21:30:00,0.78528,0.78542,0.78476,0.78522,2073.0
2026-05-18 22:00:00,0.78522,0.78567,0.78522,0.78539,1595.0
2026-05-18 22:30:00,0.78542,0.78572,0.78535,0.78564,1073.0
2026-05-18 23:00:00,0.78563,0.7858,0.78539,0.7855,1000.0
2026-05-18 23:30:00,0.7855,0.78578,0.78545,0.78578,597.0
2026-05-19 00:00:00,0.78575,0.78584,0.78554,0.78563,1014.0
2026-05-19 00:30:00,0.78562,0.78598,0.78552,0.78586,843.0
2026-05-19 01:00:00,0.78585,0.7861,0.78564,0.78601,849.0
2026-05-19 01:30:00,0.786,0.78609,0.78541,0.78548,1641.0
2026-05-19 02:00:00,0.78548,0.78586,0.78516,0.7854,1409.0
2026-05-19 02:30:00,0.78541,0.786,0.78539,0.78588,1657.0
2026-05-19 03:00:00,0.78588,0.7861,0.7858,0.78587,1795.0
2026-05-19 03:30:00,0.78586,0.78592,0.78514,0.78526,1749.0
2026-05-19 04:00:00,0.78526,0.78595,0.78512,0.78581,1437.0
2026-05-19 04:30:00,0.78584,0.78704,0.78576,0.78686,1177.0
2026-05-19 05:00:00,0.7869,0.78748,0.78682,0.78726,1320.0
2026-05-19 05:30:00,0.78726,0.78741,0.78704,0.78714,1207.0
2026-05-19 06:00:00,0.78716,0.78724,0.78663,0.78682,904.0
2026-05-19 06:30:00,0.78681,0.788,0.78679,0.787,1911.0
2026-05-19 07:00:00,0.78698,0.78737,0.78695,0.78723,1542.0
2026-05-19 07:30:00,0.78722,0.7877,0.78706,0.78764,1214.0
2026-05-19 08:00:00,0.78767,0.78776,0.78714,0.78732,1783.0
2026-05-19 08:30:00,0.78734,0.78788,0.78727,0.78786,2271.0
2026-05-19 09:00:00,0.78789,0.78936,0.78784,0.78928,2190.0
2026-05-19 09:30:00,0.78926,0.78964,0.78884,0.78893,3457.0
2026-05-19 10:00:00,0.78898,0.79054,0.78885,0.79011,3478.0
2026-05-19 10:30:00,0.79008,0.79062,0.78984,0.79048,3089.0
2026-05-19 11:00:00,0.79049,0.79049,0.7898,0.79008,2344.0
2026-05-19 11:30:00,0.79008,0.79016,0.78949,0.78971,2075.0
2026-05-19 12:00:00,0.78971,0.79018,0.78894,0.78902,1865.0
2026-05-19 12:30:00,0.78904,0.78908,0.78862,0.78896,1660.0
2026-05-19 13:00:00,0.78897,0.78897,0.78856,0.78872,1090.0
2026-05-19 13:30:00,0.78872,0.78892,0.78853,0.78866,1072.0
2026-05-19 14:00:00,0.78864,0.789,0.78841,0.78898,1038.0
2026-05-19 14:30:00,0.78899,0.78928,0.78878,0.78921,1176.0
2026-05-19 15:00:00,0.78922,0.78926,0.7889,0.78908,639.0
2026-05-19 15:30:00,0.78905,0.78914,0.78872,0.7889,837.0
2026-05-19 16:00:00,0.78891,0.78904,0.78884,0.78896,230.0
2026-05-19 16:30:00,0.78894,0.78906,0.78888,0.78896,630.0
2026-05-19 17:00:00,0.78902,0.78908,0.78862,0.78896,279.0
2026-05-19 17:30:00,0.78895,0.7891,0.7887,0.78871,649.0
2026-05-19 18:00:00,0.7887,0.7889,0.78868,0.78888,653.0
2026-05-19 18:30:00,0.78889,0.78904,0.78884,0.78888,294.0
2026-05-19 19:00:00,0.78889,0.78895,0.78864,0.78866,234.0
2026-05-19 19:30:00,0.78866,0.78888,0.78845,0.78886,423.0
2026-05-19 20:00:00,0.78886,0.78928,0.78862,0.7888,2419.0
2026-05-19 20:30:00,0.7888,0.7894,0.78862,0.78936,2012.0
2026-05-19 21:00:00,0.78936,0.78981,0.78931,0.78979,1725.0
2026-05-19 21:30:00,0.7898,0.79007,0.78937,0.7899,1895.0
2026-05-19 22:00:00,0.78987,0.78996,0.78946,0.78976,1235.0
2026-05-19 22:30:00,0.7898,0.79016,0.78978,0.78989,1566.0
2026-05-19 23:00:00,0.7899,0.7901,0.78958,0.78963,911.0
2026-05-19 23:30:00,0.78964,0.7897,0.78928,0.78954,1623.0
2026-05-20 00:00:00,0.78954,0.7896,0.78916,0.78956,1046.0
2026-05-20 00:30:00,0.78954,0.78996,0.78954,0.78994,943.0
2026-05-20 01:00:00,0.78993,0.78996,0.78957,0.78994,1282.0
2026-05-20 01:30:00,0.7899,0.79034,0.78964,0.7901,1316.0
2026-05-20 02:00:00,0.79012,0.7904,0.78932,0.7895,1615.0
2026-05-20 02:30:00,0.78948,0.79051,0.78948,0.79037,1383.0
2026-05-20 03:00:00,0.79038,0.79051,0.7901,0.79035,1595.0
2026-05-20 03:30:00,0.79036,0.79053,0.79034,0.79041,1189.0
2026-05-20 04:00:00,0.7904,0.7907,0.79024,0.79034,1697.0
2026-05-20 04:30:00,0.79034,0.79052,0.79002,0.79026,1183.0
2026-05-20 05:00:00,0.79027,0.79064,0.79009,0.7905,1144.0
2026-05-20 05:30:00,0.79049,0.79063,0.79038,0.79054,1266.0
2026-05-20 06:00:00,0.79054,0.79056,0.78992,0.79006,876.0
2026-05-20 06:30:00,0.79007,0.79012,0.78946,0.78969,1199.0
2026-05-20 07:00:00,0.7897,0.79044,0.78969,0.79009,800.0
2026-05-20 07:30:00,0.79006,0.79042,0.78971,0.79014,1480.0
2026-05-20 08:00:00,0.79014,0.79045,0.78989,0.79042,1371.0
2026-05-20 08:30:00,0.7904,0.79059,0.7903,0.79048,1110.0
2026-05-20 09:00:00,0.79048,0.79056,0.79021,0.79042,1165.0
2026-05-20 09:30:00,0.79042,0.79062,0.79024,0.79054,1909.0
2026-05-20 10:00:00,0.79052,0.79069,0.78848,0.78886,4887.0
2026-05-20 10:30:00,0.78884,0.78886,0.78699,0.7874,4846.0
2026-05-20 11:00:00,0.7874,0.78828,0.78574,0.78718,6004.0
2026-05-20 11:30:00,0.78717,0.78776,0.7864,0.78768,2789.0
2026-05-20 12:00:00,0.78765,0.78766,0.78684,0.78744,2057.0
2026-05-20 12:30:00,0.78741,0.78765,0.78687,0.78724,2479.0
2026-05-20 13:00:00,0.78722,0.78761,0.7871,0.78724,1530.0
2026-05-20 13:30:00,0.7872,0.78774,0.787,0.78774,1363.0
2026-05-20 14:00:00,0.7877,0.78786,0.78704,0.78708,1834.0
2026-05-20 14:30:00,0.78706,0.78726,0.7865,0.78684,1358.0
2026-05-20 15:00:00,0.78685,0.7869,0.78658,0.78668,630.0
2026-05-20 15:30:00,0.78666,0.787,0.78641,0.78697,994.0
2026-05-20 16:00:00,0.78696,0.78709,0.78689,0.78702,484.0
2026-05-20 16:30:00,0.787,0.78734,0.78699,0.78724,493.0
2026-05-20 17:00:00,0.78692,0.78706,0.78673,0.78694,89.0
2026-05-20 17:30:00,0.78706,0.78718,0.78684,0.78712,1019.0
2026-05-20 18:00:00,0.78715,0.78715,0.78684,0.78702,539.0
2026-05-20 18:30:00,0.78701,0.78706,0.78688,0.78696,234.0
2026-05-20 19:00:00,0.78694,0.78716,0.78684,0.78712,279.0
2026-05-20 19:30:00,0.78712,0.78731,0.78698,0.78716,404.0
2026-05-20 20:00:00,0.78716,0.78757,0.78714,0.7873,1282.0
2026-05-20 20:30:00,0.78726,0.7874,0.787,0.78704,850.0
2026-05-20 21:00:00,0.78704,0.78704,0.78642,0.78648,1213.0
2026-05-20 21:30:00,0.78651,0.78681,0.7862,0.78664,1500.0
2026-05-20 22:00:00,0.78662,0.78696,0.78642,0.78694,1301.0
2026-05-20 22:30:00,0.78695,0.78761,0.78689,0.78742,1404.0
2026-05-20 23:00:00,0.78741,0.78743,0.78692,0.78703,623.0
2026-05-20 23:30:00,0.78705,0.78726,0.78699,0.78726,607.0
2026-05-21 00:00:00,0.78726,0.78726,0.78686,0.78694,674.0
2026-05-21 00:30:00,0.78694,0.78702,0.78684,0.78692,629.0
2026-05-21 01:00:00,0.78692,0.78725,0.78678,0.78715,892.0
2026-05-21 01:30:00,0.78714,0.78732,0.78684,0.78686,1036.0
2026-05-21 02:00:00,0.7869,0.78718,0.7867,0.78694,1332.0
2026-05-21 02:30:00,0.78694,0.78758,0.78692,0.78727,1218.0
2026-05-21 03:00:00,0.7873,0.78847,0.78714,0.78825,2508.0
2026-05-21 03:30:00,0.78822,0.78822,0.78732,0.78752,1950.0
2026-05-21 04:00:00,0.78752,0.78766,0.78598,0.78601,2633.0
2026-05-21 04:30:00,0.78604,0.78716,0.78604,0.78703,1714.0
2026-05-21 05:00:00,0.78704,0.78714,0.78596,0.78603,1443.0
2026-05-21 05:30:00,0.78604,0.78656,0.78592,0.78622,1434.0
2026-05-21 06:00:00,0.78624,0.78738,0.7859,0.78714,1610.0
2026-05-21 06:30:00,0.78714,0.78832,0.78712,0.788,3094.0
2026-05-21 07:00:00,0.78802,0.78804,0.7872,0.7875,1828.0
2026-05-21 07:30:00,0.78751,0.78836,0.78737,0.78823,1380.0
2026-05-21 08:00:00,0.78823,0.78895,0.78789,0.78894,1804.0
2026-05-21 08:30:00,0.78895,0.789,0.78787,0.78882,2597.0
2026-05-21 09:00:00,0.78883,0.78974,0.78866,0.7895,2239.0
2026-05-21 09:30:00,0.78947,0.7904,0.78864,0.7891,3885.0
2026-05-21 10:00:00,0.78908,0.78976,0.789,0.78932,2944.0
2026-05-21 10:30:00,0.7893,0.78932,0.78854,0.78884,2887.0
2026-05-21 11:00:00,0.78884,0.78953,0.78877,0.78921,3230.0
2026-05-21 11:30:00,0.78922,0.7895,0.78911,0.78936,1588.0
2026-05-21 12:00:00,0.78934,0.78952,0.789,0.78902,1583.0
2026-05-21 12:30:00,0.78902,0.78916,0.78882,0.78887,1598.0
2026-05-21 13:00:00,0.78885,0.78904,0.7868,0.78694,4955.0
2026-05-21 13:30:00,0.78696,0.7871,0.78578,0.78624,2810.0
2026-05-21 14:00:00,0.78621,0.78679,0.78579,0.78622,2898.0
2026-05-21 14:30:00,0.78622,0.78767,0.78609,0.78736,2806.0
2026-05-21 15:00:00,0.78738,0.78744,0.78646,0.78655,2079.0
2026-05-21 15:30:00,0.78653,0.7868,0.78599,0.78618,1465.0
2026-05-21 16:00:00,0.78616,0.78662,0.78607,0.78652,516.0
2026-05-21 16:30:00,0.78652,0.78678,0.78652,0.78674,443.0
2026-05-21 17:00:00,0.78672,0.78735,0.7867,0.78676,150.0
2026-05-21 17:30:00,0.78694,0.78735,0.78644,0.78675,1852.0
2026-05-21 18:00:00,0.78656,0.78674,0.78646,0.78666,628.0
2026-05-21 18:30:00,0.78664,0.78668,0.78653,0.78656,148.0
2026-05-21 19:00:00,0.78657,0.7867,0.78648,0.78662,166.0
2026-05-21 19:30:00,0.78663,0.78673,0.78647,0.78656,336.0
2026-05-21 20:00:00,0.78654,0.7869,0.78654,0.78681,886.0
2026-05-21 20:30:00,0.7868,0.78692,0.78672,0.78689,549.0
2026-05-21 21:00:00,0.7869,0.78704,0.78674,0.78694,1152.0
2026-05-21 21:30:00,0.78695,0.78708,0.78669,0.78708,879.0
2026-05-21 22:00:00,0.78708,0.78712,0.7869,0.78692,772.0
2026-05-21 22:30:00,0.78692,0.78692,0.78654,0.78668,770.0
2026-05-21 23:00:00,0.78668,0.7869,0.7866,0.7868,712.0
2026-05-21 23:30:00,0.7868,0.78686,0.78669,0.7867,350.0
2026-05-22 00:00:00,0.78672,0.7868,0.78632,0.78641,451.0
2026-05-22 00:30:00,0.7864,0.78654,0.78626,0.7863,381.0
2026-05-22 01:00:00,0.78632,0.78657,0.78622,0.78652,491.0
2026-05-22 01:30:00,0.7865,0.78712,0.7864,0.78702,955.0
2026-05-22 02:00:00,0.78702,0.78715,0.78657,0.78664,968.0
2026-05-22 02:30:00,0.7866,0.7871,0.7866,0.7867,1078.0
2026-05-22 03:00:00,0.78669,0.78761,0.78664,0.78666,1346.0
2026-05-22 03:30:00,0.78668,0.78686,0.78606,0.78618,1274.0
2026-05-22 04:00:00,0.78616,0.7864,0.78555,0.78573,1311.0
2026-05-22 04:30:00,0.78574,0.7863,0.78564,0.78618,1401.0
2026-05-22 05:00:00,0.78619,0.78646,0.78592,0.78646,1131.0
2026-05-22 05:30:00,0.78646,0.78655,0.78598,0.78616,809.0
2026-05-22 06:00:00,0.78614,0.78622,0.78573,0.78617,710.0
2026-05-22 06:30:00,0.78614,0.78683,0.78612,0.78677,696.0
2026-05-22 07:00:00,0.78677,0.78703,0.78671,0.78685,744.0
2026-05-22 07:30:00,0.78686,0.787,0.78622,0.7863,1244.0
2026-05-22 08:00:00,0.78632,0.78645,0.78542,0.7861,2502.0
2026-05-22 08:30:00,0.78609,0.78635,0.78574,0.78576,1006.0
2026-05-22 09:00:00,0.78576,0.78581,0.78464,0.78506,2050.0
2026-05-22 09:30:00,0.78508,0.78596,0.78487,0.7858,2407.0
2026-05-22 10:00:00,0.78581,0.7871,0.78578,0.78668,2657.0
2026-05-22 10:30:00,0.78666,0.78696,0.7858,0.7859,2348.0
2026-05-22 11:00:00,0.7859,0.78616,0.78554,0.78574,1608.0
2026-05-22 11:30:00,0.78574,0.78592,0.78556,0.78573,1226.0
2026-05-22 12:00:00,0.7857,0.78596,0.78456,0.78468,1514.0
2026-05-22 12:30:00,0.78463,0.78478,0.78425,0.7843,826.0
2026-05-22 13:00:00,0.78427,0.7846,0.78389,0.78406,1746.0
2026-05-22 13:30:00,0.78404,0.78458,0.78382,0.7844,1662.0
2026-05-22 14:00:00,0.78438,0.78469,0.78417,0.7846,859.0
2026-05-22 14:30:00,0.78461,0.78468,0.78414,0.78442,734.0
2026-05-22 15:00:00,0.78441,0.78486,0.78424,0.78474,866.0
2026-05-22 15:30:00,0.78474,0.78496,0.7847,0.78484,640.0
2026-05-22 16:00:00,0.78484,0.78494,0.78478,0.78488,263.0
2026-05-22 16:30:00,0.78492,0.78534,0.7849,0.78509,702.0
2026-05-24 17:00:00,0.7842,0.7842,0.784,0.78408,37.0
2026-05-24 17:30:00,0.78404,0.7846,0.78395,0.7846,372.0
2026-05-24 18:00:00,0.78464,0.78465,0.78232,0.78235,782.0
2026-05-24 18:30:00,0.78233,0.78233,0.78196,0.78202,589.0
2026-05-24 19:00:00,0.78202,0.78204,0.78181,0.78193,723.0
2026-05-24 19:30:00,0.78196,0.78236,0.78185,0.78234,656.0
2026-05-24 20:00:00,0.78235,0.7825,0.7821,0.78218,1000.0
2026-05-24 20:30:00,0.78216,0.78252,0.78163,0.78242,1499.0
2026-05-24 21:00:00,0.78242,0.78248,0.7816,0.78166,1765.0
2026-05-24 21:30:00,0.78165,0.78216,0.78165,0.78216,1592.0
2026-05-24 22:00:00,0.78216,0.78216,0.78182,0.78189,846.0
2026-05-24 22:30:00,0.78188,0.78222,0.78184,0.78212,536.0
2026-05-24 23:00:00,0.78214,0.78224,0.78201,0.78218,1054.0
2026-05-24 23:30:00,0.78217,0.78229,0.78193,0.78221,762.0
2026-05-25 00:00:00,0.78224,0.78238,0.7822,0.78224,413.0
2026-05-25 00:30:00,0.78223,0.78224,0.7818,0.7819,706.0
2026-05-25 01:00:00,0.7819,0.78192,0.78164,0.78184,741.0
2026-05-25 01:30:00,0.78188,0.78217,0.78172,0.78214,546.0
2026-05-25 02:00:00,0.78216,0.78222,0.78178,0.78197,611.0
2026-05-25 02:30:00,0.78196,0.782,0.78143,0.78166,727.0
2026-05-25 03:00:00,0.78163,0.78236,0.78153,0.78214,1630.0
2026-05-25 03:30:00,0.78215,0.78224,0.78187,0.782,1183.0
2026-05-25 04:00:00,0.78198,0.78222,0.78174,0.78202,784.0
2026-05-25 04:30:00,0.78202,0.78206,0.78168,0.7817,477.0
2026-05-25 05:00:00,0.7817,0.7818,0.78142,0.78156,432.0
2026-05-25 05:30:00,0.78155,0.7816,0.7813,0.78157,384.0
2026-05-25 06:00:00,0.78157,0.78158,0.78138,0.78155,267.0
2026-05-25 06:30:00,0.78156,0.78158,0.78125,0.78143,303.0
2026-05-25 07:00:00,0.78142,0.78159,0.78126,0.78132,415.0
2026-05-25 07:30:00,0.78133,0.7814,0.7809,0.78139,897.0
2026-05-25 08:00:00,0.78137,0.78151,0.78107,0.7813,676.0
2026-05-25 08:30:00,0.78129,0.7813,0.78082,0.78108,760.0
2026-05-25 09:00:00,0.78108,0.78228,0.78098,0.78224,719.0
2026-05-25 09:30:00,0.78225,0.78327,0.78225,0.78318,896.0
2026-05-25 10:00:00,0.78318,0.78332,0.78301,0.78317,708.0
2026-05-25 10:30:00,0.78317,0.78334,0.78277,0.783,876.0
2026-05-25 11:00:00,0.78302,0.7835,0.78261,0.78277,1200.0
2026-05-25 11:30:00,0.78276,0.78296,0.7827,0.7829,383.0
2026-05-25 12:00:00,0.78288,0.78334,0.78288,0.78326,360.0
2026-05-25 12:30:00,0.78329,0.78346,0.78302,0.78303,450.0
2026-05-25 13:00:00,0.78305,0.78311,0.78276,0.78279,154.0
2026-05-25 13:30:00,0.7828,0.78284,0.78263,0.78264,147.0
2026-05-25 14:00:00,0.78263,0.78274,0.78258,0.78262,205.0
2026-05-25 14:30:00,0.78263,0.78274,0.78254,0.78254,110.0
2026-05-25 15:00:00,0.78256,0.78268,0.78256,0.78262,82.0
2026-05-25 15:30:00,0.78263,0.78266,0.78254,0.7826,116.0
2026-05-25 16:00:00,0.7826,0.7827,0.78254,0.78264,128.0
2026-05-25 16:30:00,0.78263,0.78276,0.78262,0.78265,170.0
2026-05-25 17:00:00,0.7827,0.78318,0.78262,0.78293,334.0
2026-05-25 17:30:00,0.78294,0.78324,0.78277,0.78317,649.0
2026-05-25 18:00:00,0.78319,0.7832,0.78272,0.7829,377.0
2026-05-25 18:30:00,0.78288,0.78292,0.78278,0.78282,269.0
2026-05-25 19:00:00,0.7828,0.78291,0.78274,0.78288,214.0
2026-05-25 19:30:00,0.7829,0.78328,0.7829,0.78327,401.0
2026-05-25 20:00:00,0.78327,0.78372,0.78324,0.78354,1834.0
2026-05-25 20:30:00,0.78353,0.78354,0.78326,0.78332,1239.0
2026-05-25 21:00:00,0.78334,0.78348,0.78318,0.78334,1579.0
2026-05-25 21:30:00,0.78332,0.78388,0.7833,0.78348,1436.0
2026-05-25 22:00:00,0.78348,0.78366,0.78334,0.78357,906.0
2026-05-25 22:30:00,0.78356,0.78366,0.78344,0.78348,759.0
2026-05-25 23:00:00,0.78348,0.7835,0.78308,0.78326,949.0
2026-05-25 23:30:00,0.78326,0.78328,0.78296,0.78298,825.0
2026-05-26 00:00:00,0.78299,0.78321,0.78292,0.78315,471.0
2026-05-26 00:30:00,0.78316,0.78351,0.78308,0.78349,773.0
2026-05-26 01:00:00,0.7835,0.78366,0.78338,0.7835,819.0
2026-05-26 01:30:00,0.78351,0.78392,0.78344,0.78386,918.0
2026-05-26 02:00:00,0.78388,0.78402,0.7835,0.7838,973.0
2026-05-26 02:30:00,0.78382,0.78516,0.78368,0.78486,1467.0
2026-05-26 03:00:00,0.78483,0.78521,0.78449,0.78485,1248.0
2026-05-26 03:30:00,0.78486,0.785,0.78434,0.78442,1207.0
2026-05-26 04:00:00,0.78441,0.78456,0.78414,0.78434,1000.0
2026-05-26 04:30:00,0.78434,0.7848,0.78428,0.78463,1229.0
2026-05-26 05:00:00,0.78462,0.78473,0.78422,0.78422,1150.0
2026-05-26 05:30:00,0.7842,0.78438,0.78402,0.78422,737.0
2026-05-26 06:00:00,0.78425,0.78455,0.78412,0.78415,725.0
2026-05-26 06:30:00,0.78414,0.78458,0.78399,0.78456,1075.0
2026-05-26 07:00:00,0.78456,0.7847,0.78426,0.78469,862.0
2026-05-26 07:30:00,0.78469,0.78536,0.7845,0.78534,1468.0
2026-05-26 08:00:00,0.78536,0.78546,0.785,0.7851,1138.0
2026-05-26 08:30:00,0.7851,0.78526,0.7849,0.7851,1252.0
2026-05-26 09:00:00,0.78512,0.78539,0.78484,0.78538,1606.0
2026-05-26 09:30:00,0.78536,0.78586,0.78481,0.78528,2018.0
2026-05-26 10:00:00,0.78529,0.78548,0.78473,0.78508,2201.0
2026-05-26 10:30:00,0.78509,0.78549,0.78456,0.78544,2060.0
2026-05-26 11:00:00,0.78547,0.786,0.78542,0.78588,1305.0
2026-05-26 11:30:00,0.78587,0.78646,0.78576,0.78603,1515.0
2026-05-26 12:00:00,0.78602,0.78608,0.7855,0.78556,988.0
2026-05-26 12:30:00,0.78556,0.78588,0.78532,0.78578,1025.0
2026-05-26 13:00:00,0.7858,0.78586,0.7856,0.78578,933.0
2026-05-26 13:30:00,0.78578,0.78604,0.78568,0.78591,649.0
2026-05-26 14:00:00,0.78594,0.78602,0.78574,0.78577,741.0
2026-05-26 14:30:00,0.78576,0.78588,0.7855,0.7857,773.0
2026-05-26 15:00:00,0.7857,0.78588,0.78568,0.78578,413.0
2026-05-26 15:30:00,0.78576,0.78584,0.78559,0.78581,599.0
2026-05-26 16:00:00,0.78582,0.78584,0.78562,0.78578,279.0
2026-05-26 16:30:00,0.78576,0.78578,0.78566,0.78568,284.0
2026-05-26 17:00:00,0.78612,0.78612,0.78574,0.78578,111.0
2026-05-26 17:30:00,0.78582,0.78584,0.78562,0.78572,1363.0
2026-05-26 18:00:00,0.78573,0.78576,0.78548,0.78554,650.0
2026-05-26 18:30:00,0.78553,0.78561,0.78544,0.78544,268.0
2026-05-26 19:00:00,0.78545,0.7855,0.78522,0.78524,253.0
2026-05-26 19:30:00,0.78524,0.78526,0.78498,0.7852,482.0
2026-05-26 20:00:00,0.78521,0.78524,0.78496,0.78506,1193.0
2026-05-26 20:30:00,0.78504,0.78533,0.78496,0.7852,929.0
2026-05-26 21:00:00,0.7852,0.78541,0.78506,0.78541,865.0
2026-05-26 21:30:00,0.78543,0.78565,0.78534,0.78556,907.0
2026-05-26 22:00:00,0.78556,0.78556,0.78515,0.78545,887.0
2026-05-26 22:30:00,0.78544,0.78566,0.78534,0.78541,500.0
2026-05-26 23:00:00,0.78542,0.78542,0.78502,0.78528,565.0
2026-05-26 23:30:00,0.78526,0.78546,0.78524,0.78537,399.0
2026-05-27 00:00:00,0.78538,0.78539,0.78518,0.78522,483.0
2026-05-27 00:30:00,0.78526,0.78526,0.78508,0.78517,548.0
2026-05-27 01:00:00,0.78518,0.78518,0.78495,0.78504,452.0
2026-05-27 01:30:00,0.78504,0.78538,0.78499,0.78532,951.0
2026-05-27 02:00:00,0.78534,0.78564,0.78524,0.78551,864.0
2026-05-27 02:30:00,0.78551,0.78582,0.78468,0.78484,1432.0
2026-05-27 03:00:00,0.78481,0.7851,0.78462,0.78472,1302.0
2026-05-27 03:30:00,0.7847,0.78574,0.78463,0.78566,1088.0
2026-05-27 04:00:00,0.78566,0.78578,0.78536,0.78538,1146.0
2026-05-27 04:30:00,0.78538,0.78622,0.78534,0.78614,940.0
2026-05-27 05:00:00,0.78616,0.78616,0.78558,0.78559,995.0
2026-05-27 05:30:00,0.7856,0.78591,0.78537,0.78574,790.0
2026-05-27 06:00:00,0.78572,0.7863,0.7857,0.78614,753.0
2026-05-27 06:30:00,0.78614,0.78622,0.78586,0.78606,733.0
2026-05-27 07:00:00,0.78603,0.78654,0.786,0.78638,1089.0
2026-05-27 07:30:00,0.78639,0.7867,0.7863,0.78648,1116.0
2026-05-27 08:00:00,0.78647,0.78658,0.78454,0.78477,3549.0
2026-05-27 08:30:00,0.78474,0.78534,0.78434,0.78529,3178.0
2026-05-27 09:00:00,0.78528,0.78568,0.78489,0.78554,2059.0
2026-05-27 09:30:00,0.78554,0.78566,0.78502,0.78539,2300.0
2026-05-27 10:00:00,0.78536,0.78574,0.78452,0.78499,2539.0
2026-05-27 10:30:00,0.785,0.78685,0.7849,0.78672,3441.0
2026-05-27 11:00:00,0.78673,0.78686,0.78624,0.78636,2233.0
2026-05-27 11:30:00,0.78634,0.78722,0.78612,0.78709,2275.0
2026-05-27 12:00:00,0.78708,0.78757,0.78675,0.78696,1537.0
2026-05-27 12:30:00,0.78696,0.78708,0.78655,0.78656,1204.0
2026-05-27 13:00:00,0.78655,0.78737,0.78652,0.78721,1612.0
2026-05-27 13:30:00,0.78722,0.78726,0.78686,0.78698,630.0
2026-05-27 14:00:00,0.787,0.78736,0.78696,0.78718,922.0
2026-05-27 14:30:00,0.78715,0.7872,0.78664,0.78682,627.0
2026-05-27 15:00:00,0.78682,0.7869,0.7866,0.78666,470.0
2026-05-27 15:30:00,0.78666,0.78708,0.78662,0.78696,596.0
2026-05-27 16:00:00,0.78697,0.78704,0.78682,0.78702,279.0
2026-05-27 16:30:00,0.787,0.78718,0.7869,0.78713,346.0
2026-05-27 17:00:00,0.78684,0.787,0.78659,0.78676,180.0
2026-05-27 17:30:00,0.78668,0.7869,0.7864,0.78674,1936.0
2026-05-27 18:00:00,0.78676,0.78701,0.78674,0.78692,544.0
2026-05-27 18:30:00,0.78694,0.78706,0.78686,0.78706,255.0
2026-05-27 19:00:00,0.78706,0.78755,0.78698,0.78755,349.0
2026-05-27 19:30:00,0.78756,0.78796,0.78752,0.78791,425.0
2026-05-27 20:00:00,0.78793,0.78802,0.78767,0.78776,1421.0
2026-05-27 20:30:00,0.78774,0.78808,0.78774,0.78783,1200.0
2026-05-27 21:00:00,0.78782,0.7881,0.7878,0.78809,1098.0
2026-05-27 21:30:00,0.78806,0.7887,0.78798,0.78864,1236.0
2026-05-27 22:00:00,0.78862,0.78868,0.78821,0.78822,735.0
2026-05-27 22:30:00,0.78822,0.7886,0.78812,0.78851,789.0
2026-05-27 23:00:00,0.78851,0.78932,0.78844,0.7893,1109.0
2026-05-27 23:30:00,0.7893,0.78994,0.7893,0.78988,1551.0
2026-05-28 00:00:00,0.78988,0.78992,0.78963,0.78984,1100.0
2026-05-28 00:30:00,0.78985,0.78985,0.78948,0.78958,757.0
2026-05-28 01:00:00,0.78956,0.78963,0.7892,0.78928,652.0
2026-05-28 01:30:00,0.78927,0.78928,0.78855,0.78868,1162.0
2026-05-28 02:00:00,0.7887,0.78884,0.78806,0.78818,831.0
2026-05-28 02:30:00,0.78817,0.78818,0.78758,0.78778,868.0
2026-05-28 03:00:00,0.78775,0.7879,0.78737,0.78789,1288.0
2026-05-28 03:30:00,0.78788,0.7883,0.78774,0.78826,1341.0
2026-05-28 04:00:00,0.78822,0.78922,0.7881,0.78896,1508.0
2026-05-28 04:30:00,0.78895,0.78927,0.78882,0.78887,1155.0
2026-05-28 05:00:00,0.78888,0.78888,0.78826,0.78872,1122.0
2026-05-28 05:30:00,0.78872,0.78924,0.78871,0.7892,1149.0
2026-05-28 06:00:00,0.7892,0.78974,0.7892,0.78929,742.0
2026-05-28 06:30:00,0.7893,0.78992,0.7893,0.78982,992.0
2026-05-28 07:00:00,0.78984,0.78986,0.78914,0.78914,1402.0
2026-05-28 07:30:00,0.78914,0.78945,0.78866,0.78891,1453.0
2026-05-28 08:00:00,0.78892,0.78913,0.78806,0.78806,1522.0
2026-05-28 08:30:00,0.78808,0.78817,0.78669,0.78682,2653.0
2026-05-28 09:00:00,0.7868,0.78726,0.78632,0.78686,2293.0
2026-05-28 09:30:00,0.78686,0.78735,0.78632,0.78714,2359.0
2026-05-28 10:00:00,0.78714,0.78751,0.78502,0.78532,4407.0
2026-05-28 10:30:00,0.78533,0.78582,0.78474,0.78481,4197.0
2026-05-28 11:00:00,0.7848,0.78483,0.78413,0.78424,2725.0
2026-05-28 11:30:00,0.78422,0.7846,0.78404,0.78454,1541.0
2026-05-28 12:00:00,0.78456,0.78482,0.78346,0.7838,1663.0
2026-05-28 12:30:00,0.78381,0.78394,0.78354,0.78359,1731.0
2026-05-28 13:00:00,0.78358,0.78404,0.78355,0.78404,1114.0
2026-05-28 13:30:00,0.78404,0.78404,0.78362,0.78366,931.0
2026-05-28 14:00:00,0.78368,0.78394,0.78334,0.7839,1344.0
2026-05-28 14:30:00,0.78392,0.78418,0.7839,0.7841,1003.0
2026-05-28 15:00:00,0.78414,0.78419,0.78384,0.7839,759.0
2026-05-28 15:30:00,0.7839,0.78392,0.78355,0.78388,970.0
2026-05-28 16:00:00,0.78388,0.78403,0.78381,0.78394,412.0
2026-05-28 16:30:00,0.78394,0.78413,0.78388,0.78405,491.0
2026-05-28 17:00:00,0.78417,0.78436,0.7837,0.78421,71.0
2026-05-28 17:30:00,0.78415,0.78434,0.7839,0.78408,185.0
2026-05-28 18:00:00,0.78414,0.7842,0.78364,0.78374,665.0
2026-05-28 18:30:00,0.78378,0.78396,0.78378,0.78394,235.0
2026-05-28 19:00:00,0.78397,0.78397,0.78376,0.78379,227.0
2026-05-28 19:30:00,0.7838,0.78389,0.78374,0.78384,260.0
2026-05-28 20:00:00,0.78382,0.7839,0.78361,0.78369,1323.0
2026-05-28 20:30:00,0.7837,0.78396,0.78368,0.78386,974.0
2026-05-28 21:00:00,0.78385,0.78389,0.7831,0.78324,1294.0
2026-05-28 21:30:00,0.78323,0.78408,0.78322,0.78396,691.0
2026-05-28 22:00:00,0.78392,0.78404,0.78379,0.78392,691.0
2026-05-28 22:30:00,0.78393,0.78406,0.78372,0.78405,451.0
2026-05-28 23:00:00,0.78404,0.78446,0.78404,0.78432,872.0
2026-05-28 23:30:00,0.78434,0.78459,0.78429,0.78451,786.0
2026-05-29 00:00:00,0.78452,0.78453,0.78424,0.78432,935.0
2026-05-29 00:30:00,0.78435,0.78446,0.7841,0.78412,921.0
2026-05-29 01:00:00,0.78412,0.78416,0.78383,0.78396,475.0
2026-05-29 01:30:00,0.78395,0.78412,0.78384,0.78388,677.0
2026-05-29 02:00:00,0.78388,0.78388,0.78356,0.78382,760.0
2026-05-29 02:30:00,0.78382,0.78402,0.78329,0.78331,1574.0
2026-05-29 03:00:00,0.78332,0.78402,0.78332,0.78394,1465.0
2026-05-29 03:30:00,0.78393,0.78418,0.78353,0.78375,1756.0
2026-05-29 04:00:00,0.78379,0.7845,0.7837,0.78405,1624.0
2026-05-29 04:30:00,0.78404,0.78472,0.78388,0.78434,1439.0
2026-05-29 05:00:00,0.78435,0.78436,0.7836,0.78367,1635.0
2026-05-29 05:30:00,0.78364,0.78424,0.78338,0.78344,1389.0
2026-05-29 06:00:00,0.78346,0.78383,0.78318,0.7832,1142.0
2026-05-29 06:30:00,0.78317,0.78321,0.78266,0.78272,1074.0
2026-05-29 07:00:00,0.78272,0.78297,0.78242,0.78272,1432.0
2026-05-29 07:30:00,0.78274,0.78286,0.78216,0.78216,1300.0
2026-05-29 08:00:00,0.78216,0.78253,0.78181,0.78197,1519.0
2026-05-29 08:30:00,0.78196,0.7825,0.78138,0.78138,1549.0
2026-05-29 09:00:00,0.78138,0.78197,0.7812,0.78141,1566.0
2026-05-29 09:30:00,0.78142,0.78147,0.781,0.78136,1963.0
2026-05-29 10:00:00,0.78138,0.78208,0.78124,0.78198,2501.0
2026-05-29 10:30:00,0.78198,0.78284,0.77954,0.78186,5804.0
2026-05-29 11:00:00,0.78188,0.78202,0.78106,0.78166,4639.0
2026-05-29 11:30:00,0.78164,0.78167,0.78082,0.78114,2797.0
2026-05-29 12:00:00,0.78114,0.78184,0.78107,0.78151,1378.0
2026-05-29 12:30:00,0.78152,0.78182,0.78126,0.78136,1602.0
2026-05-29 13:00:00,0.78136,0.7819,0.78128,0.78181,930.0
2026-05-29 13:30:00,0.78179,0.78248,0.78177,0.78248,1038.0
2026-05-29 14:00:00,0.7825,0.78256,0.78138,0.7815,1506.0
2026-05-29 14:30:00,0.78148,0.78169,0.78062,0.78113,1456.0
2026-05-29 15:00:00,0.7811,0.7811,0.78,0.7802,1123.0
2026-05-29 15:30:00,0.78019,0.7806,0.77998,0.78046,1054.0
2026-05-29 16:00:00,0.78046,0.7812,0.78042,0.78118,495.0
2026-05-29 16:30:00,0.78118,0.7813,0.78088,0.78098,711.0
2026-05-31 17:00:00,0.78142,0.78142,0.7808,0.78121,235.0
2026-05-31 17:30:00,0.78114,0.78196,0.78102,0.78161,1374.0
2026-05-31 18:00:00,0.78158,0.78205,0.78126,0.78166,572.0
2026-05-31 18:30:00,0.78165,0.78173,0.78152,0.7816,422.0
2026-05-31 19:00:00,0.78161,0.78167,0.78146,0.78146,430.0
2026-05-31 19:30:00,0.78144,0.78194,0.78142,0.7819,596.0
2026-05-31 20:00:00,0.7819,0.78275,0.78188,0.78268,1508.0
2026-05-31 20:30:00,0.78268,0.78292,0.7826,0.78278,1312.0
2026-05-31 21:00:00,0.78276,0.78303,0.7827,0.78286,1055.0
2026-05-31 21:30:00,0.78285,0.78312,0.78277,0.78302,1040.0
2026-05-31 22:00:00,0.78299,0.78328,0.78299,0.78326,989.0
2026-05-31 22:30:00,0.78326,0.78338,0.78311,0.78312,849.0
2026-05-31 23:00:00,0.78314,0.78334,0.78278,0.78296,1268.0
2026-05-31 23:30:00,0.78297,0.78336,0.78282,0.78317,718.0
2026-06-01 00:00:00,0.78317,0.78322,0.78302,0.78304,352.0
2026-06-01 00:30:00,0.78304,0.78318,0.78296,0.78302,535.0
2026-06-01 01:00:00,0.783,0.78302,0.78264,0.78286,1178.0
2026-06-01 01:30:00,0.78284,0.78288,0.78252,0.78262,943.0
2026-06-01 02:00:00,0.78258,0.78301,0.78225,0.78296,1449.0
2026-06-01 02:30:00,0.78293,0.78314,0.78204,0.78206,2018.0
2026-06-01 03:00:00,0.78207,0.78299,0.78204,0.78278,1769.0
2026-06-01 03:30:00,0.7828,0.78364,0.7827,0.78316,1514.0
2026-06-01 04:00:00,0.78312,0.78353,0.78292,0.78302,1430.0
2026-06-01 04:30:00,0.78302,0.78335,0.78295,0.78312,1405.0
2026-06-01 05:00:00,0.78312,0.78405,0.78289,0.78396,1713.0
2026-06-01 05:30:00,0.78396,0.78432,0.78386,0.78402,1357.0
2026-06-01 06:00:00,0.78402,0.78447,0.78398,0.78439,1208.0
2026-06-01 06:30:00,0.78438,0.78439,0.78387,0.78392,879.0
2026-06-01 07:00:00,0.78392,0.78412,0.7838,0.78382,1038.0
2026-06-01 07:30:00,0.78383,0.7843,0.78383,0.78404,1068.0
2026-06-01 08:00:00,0.78401,0.78401,0.78363,0.78366,1179.0
2026-06-01 08:30:00,0.78364,0.78512,0.78362,0.7851,1852.0
2026-06-01 09:00:00,0.7851,0.78698,0.78504,0.78686,4674.0
2026-06-01 09:30:00,0.78686,0.7883,0.78647,0.78804,4135.0
2026-06-01 10:00:00,0.78809,0.78824,0.78748,0.7876,3524.0
2026-06-01 10:30:00,0.78757,0.78845,0.7873,0.78731,2658.0
2026-06-01 11:00:00,0.78731,0.78763,0.78668,0.78678,2049.0
2026-06-01 11:30:00,0.78678,0.78694,0.78612,0.78682,2234.0
2026-06-01 12:00:00,0.78682,0.7875,0.7865,0.78727,1651.0
2026-06-01 12:30:00,0.78726,0.78734,0.78634,0.7864,1845.0
2026-06-01 13:00:00,0.78639,0.78693,0.78619,0.78619,1362.0
2026-06-01 13:30:00,0.78618,0.78646,0.78573,0.78617,2228.0
2026-06-01 14:00:00,0.78616,0.78634,0.78601,0.78634,1018.0
2026-06-01 14:30:00,0.78634,0.78645,0.78624,0.7864,855.0
2026-06-01 15:00:00,0.78642,0.78656,0.78633,0.78648,503.0
2026-06-01 15:30:00,0.78648,0.78674,0.78636,0.78658,594.0
2026-06-01 16:00:00,0.7866,0.7867,0.78632,0.78667,407.0
2026-06-01 16:30:00,0.78668,0.78676,0.78657,0.78668,881.0
2026-06-01 17:00:00,0.78651,0.78701,0.78648,0.78666,9540.0
2026-06-01 17:30:00,0.78654,0.78671,0.78636,0.78656,1994.0
2026-06-01 18:00:00,0.78644,0.78677,0.78644,0.78672,507.0
2026-06-01 18:30:00,0.78672,0.78677,0.78665,0.7867,188.0
2026-06-01 19:00:00,0.7867,0.7867,0.78638,0.78644,272.0
2026-06-01 19:30:00,0.78645,0.78652,0.78628,0.78636,426.0
2026-06-01 20:00:00,0.78634,0.78688,0.7863,0.78662,873.0
2026-06-01 20:30:00,0.78663,0.7871,0.7865,0.78694,948.0
2026-06-01 21:00:00,0.7869,0.78702,0.78656,0.78672,1424.0
2026-06-01 21:30:00,0.78672,0.7872,0.78648,0.7869,1396.0
2026-06-01 22:00:00,0.7869,0.78694,0.78656,0.7866,946.0
2026-06-01 22:30:00,0.78659,0.7868,0.78653,0.78673,708.0
2026-06-01 23:00:00,0.78672,0.78672,0.78644,0.78652,855.0
2026-06-01 23:30:00,0.78652,0.78658,0.78632,0.78651,823.0
2026-06-02 00:00:00,0.78652,0.78654,0.78626,0.78646,689.0
2026-06-02 00:30:00,0.78646,0.78648,0.78614,0.78621,596.0
2026-06-02 01:00:00,0.7862,0.78628,0.78607,0.78625,729.0
2026-06-02 01:30:00,0.78624,0.78657,0.78615,0.78632,618.0
2026-06-02 02:00:00,0.78631,0.78635,0.78508,0.78522,1546.0
2026-06-02 02:30:00,0.78521,0.78524,0.78444,0.78466,2093.0
2026-06-02 03:00:00,0.78466,0.78538,0.7845,0.78528,1747.0
2026-06-02 03:30:00,0.78529,0.7854,0.78496,0.78503,1334.0
2026-06-02 04:00:00,0.78499,0.78548,0.78446,0.78548,1774.0
2026-06-02 04:30:00,0.78544,0.78621,0.78538,0.786,1159.0
2026-06-02 05:00:00,0.786,0.7862,0.78572,0.78575,1427.0
2026-06-02 05:30:00,0.78574,0.7861,0.7857,0.78589,1126.0
2026-06-02 06:00:00,0.78587,0.78613,0.78558,0.78586,1322.0
2026-06-02 06:30:00,0.78584,0.7859,0.7854,0.78546,864.0
2026-06-02 07:00:00,0.78543,0.78562,0.7851,0.78546,1025.0
2026-06-02 07:30:00,0.78546,0.78557,0.78496,0.7851,1081.0
2026-06-02 08:00:00,0.78509,0.7855,0.78504,0.78521,1126.0
2026-06-02 08:30:00,0.7852,0.78596,0.78519,0.78572,1539.0
2026-06-02 09:00:00,0.7857,0.78604,0.78526,0.78598,2219.0
2026-06-02 09:30:00,0.78599,0.78675,0.78586,0.7865,1863.0
2026-06-02 10:00:00,0.78651,0.78719,0.78648,0.78676,2389.0
2026-06-02 10:30:00,0.78674,0.78687,0.78589,0.786,1853.0
2026-06-02 11:00:00,0.786,0.78635,0.78576,0.78632,1481.0
2026-06-02 11:30:00,0.78632,0.78637,0.78579,0.7859,1287.0
2026-06-02 12:00:00,0.7859,0.78696,0.78586,0.78696,1235.0
2026-06-02 12:30:00,0.78694,0.78745,0.78684,0.78717,985.0
2026-06-02 13:00:00,0.78716,0.78762,0.78704,0.78754,926.0
2026-06-02 13:30:00,0.78754,0.78794,0.78742,0.78779,853.0
2026-06-02 14:00:00,0.78778,0.78843,0.78768,0.7879,845.0
2026-06-02 14:30:00,0.78784,0.78787,0.78728,0.78737,943.0
2026-06-02 15:00:00,0.78736,0.78738,0.78715,0.78734,328.0
2026-06-02 15:30:00,0.7873,0.78736,0.78698,0.787,453.0
2026-06-02 16:00:00,0.787,0.78715,0.7868,0.7871,302.0
2026-06-02 16:30:00,0.78709,0.78744,0.78706,0.7873,687.0
2026-06-02 17:00:00,0.78752,0.78762,0.78688,0.78716,2419.0
2026-06-02 17:30:00,0.78721,0.78737,0.78669,0.78726,2447.0
2026-06-02 18:00:00,0.78721,0.78738,0.78697,0.78723,344.0
2026-06-02 18:30:00,0.78724,0.78746,0.7872,0.78746,338.0
2026-06-02 19:00:00,0.78746,0.78802,0.78739,0.78796,517.0
2026-06-02 19:30:00,0.78795,0.78846,0.78791,0.78838,751.0
2026-06-02 20:00:00,0.78841,0.78848,0.78783,0.78784,929.0
2026-06-02 20:30:00,0.78786,0.7879,0.78752,0.78773,728.0
2026-06-02 21:00:00,0.78772,0.788,0.7876,0.78762,976.0
2026-06-02 21:30:00,0.78762,0.78792,0.78734,0.78772,923.0
2026-06-02 22:00:00,0.78771,0.78785,0.78748,0.78782,503.0
2026-06-02 22:30:00,0.78782,0.78804,0.78772,0.7878,1061.0
2026-06-02 23:00:00,0.78778,0.78808,0.78773,0.78807,686.0
2026-06-02 23:30:00,0.78806,0.78826,0.788,0.78818,409.0
2026-06-03 00:00:00,0.78818,0.78855,0.78809,0.78855,463.0
2026-06-03 00:30:00,0.78855,0.78856,0.78833,0.78836,399.0
2026-06-03 01:00:00,0.78835,0.78858,0.78818,0.78854,546.0
2026-06-03 01:30:00,0.78853,0.7887,0.78828,0.78869,632.0
2026-06-03 02:00:00,0.7887,0.7895,0.78852,0.78912,1234.0
2026-06-03 02:30:00,0.78914,0.7893,0.7888,0.78896,1298.0
2026-06-03 03:00:00,0.78894,0.78928,0.78851,0.78913,1280.0
2026-06-03 03:30:00,0.78917,0.7894,0.78835,0.78934,2055.0
2026-06-03 04:00:00,0.78932,0.78954,0.78918,0.7894,1396.0
2026-06-03 04:30:00,0.78938,0.78953,0.78915,0.7895,1182.0
2026-06-03 05:00:00,0.78946,0.7895,0.78896,0.78942,968.0
2026-06-03 05:30:00,0.78942,0.78951,0.78909,0.78938,970.0
2026-06-03 06:00:00,0.7894,0.78951,0.78874,0.78934,1770.0
2026-06-03 06:30:00,0.78934,0.78938,0.78892,0.78906,772.0
2026-06-03 07:00:00,0.78904,0.78914,0.78858,0.78858,907.0
2026-06-03 07:30:00,0.78858,0.78884,0.78843,0.78869,994.0
2026-06-03 08:00:00,0.7887,0.78988,0.78866,0.78986,1376.0
2026-06-03 08:30:00,0.78988,0.7905,0.7898,0.79036,1745.0
2026-06-03 09:00:00,0.79034,0.79068,0.78997,0.78998,1813.0
2026-06-03 09:30:00,0.79,0.7905,0.78966,0.79028,2092.0
2026-06-03 10:00:00,0.7903,0.79056,0.78961,0.79016,2447.0
2026-06-03 10:30:00,0.7902,0.79132,0.79,0.79005,2757.0
2026-06-03 11:00:00,0.79006,0.7909,0.78998,0.79042,2082.0
2026-06-03 11:30:00,0.79042,0.79093,0.79033,0.7908,1637.0
2026-06-03 12:00:00,0.7908,0.79195,0.7908,0.79166,1589.0
2026-06-03 12:30:00,0.79166,0.79238,0.79159,0.79196,1365.0
2026-06-03 13:00:00,0.79192,0.79241,0.79172,0.79239,698.0
2026-06-03 13:30:00,0.79242,0.7926,0.79228,0.7924,621.0
2026-06-03 14:00:00,0.7924,0.79273,0.79236,0.7924,596.0
2026-06-03 14:30:00,0.7924,0.79262,0.79226,0.79236,748.0
2026-06-03 15:00:00,0.79237,0.7924,0.79206,0.79229,554.0
2026-06-03 15:30:00,0.7923,0.7923,0.7921,0.79214,634.0
2026-06-03 16:00:00,0.79212,0.79227,0.79204,0.79215,370.0
2026-06-03 16:30:00,0.79214,0.7922,0.79204,0.79216,217.0
2026-06-03 17:00:00,0.79154,0.79206,0.79154,0.79185,5382.0
2026-06-03 17:30:00,0.7919,0.7924,0.79169,0.79208,5342.0
2026-06-03 18:00:00,0.79204,0.79228,0.79183,0.7921,628.0
2026-06-03 18:30:00,0.79209,0.79212,0.79111,0.79138,715.0
2026-06-03 19:00:00,0.79138,0.79168,0.79128,0.79148,696.0
2026-06-03 19:30:00,0.79146,0.79148,0.791,0.79109,468.0
2026-06-03 20:00:00,0.7911,0.79128,0.79084,0.791,1389.0
2026-06-03 20:30:00,0.791,0.79132,0.79072,0.79124,948.0
2026-06-03 21:00:00,0.79126,0.79146,0.79083,0.79092,942.0
2026-06-03 21:30:00,0.79092,0.79098,0.7907,0.7907,743.0
2026-06-03 22:00:00,0.7907,0.79103,0.79062,0.79084,879.0
2026-06-03 22:30:00,0.79084,0.79084,0.79042,0.79049,577.0
2026-06-03 23:00:00,0.79048,0.79109,0.79048,0.79101,668.0
2026-06-03 23:30:00,0.79102,0.79131,0.79094,0.791,667.0
2026-06-04 00:00:00,0.791,0.79116,0.79096,0.79102,613.0
2026-06-04 00:30:00,0.79102,0.79103,0.79043,0.79064,1020.0
2026-06-04 01:00:00,0.79065,0.79111,0.7906,0.79104,793.0
2026-06-04 01:30:00,0.79104,0.79106,0.79056,0.79058,740.0
2026-06-04 02:00:00,0.79055,0.7908,0.7903,0.79042,1272.0
2026-06-04 02:30:00,0.79041,0.79156,0.79039,0.79132,1665.0
2026-06-04 03:00:00,0.79134,0.79184,0.79102,0.79156,1458.0
2026-06-04 03:30:00,0.79158,0.79226,0.79148,0.79184,1405.0
2026-06-04 04:00:00,0.79183,0.79192,0.79095,0.79099,1324.0
2026-06-04 04:30:00,0.79098,0.79126,0.79064,0.79092,1157.0
2026-06-04 05:00:00,0.79085,0.79094,0.79002,0.79036,1506.0
2026-06-04 05:30:00,0.79036,0.79045,0.78956,0.78984,1114.0
2026-06-04 06:00:00,0.78988,0.78992,0.78946,0.78962,881.0
2026-06-04 06:30:00,0.78962,0.78968,0.7891,0.78948,1015.0
2026-06-04 07:00:00,0.78946,0.78947,0.78706,0.78736,1953.0
2026-06-04 07:30:00,0.78735,0.78784,0.78681,0.78712,2053.0
2026-06-04 08:00:00,0.78714,0.78796,0.78682,0.78758,1891.0
2026-06-04 08:30:00,0.78757,0.78771,0.78716,0.78771,1295.0
2026-06-04 09:00:00,0.78775,0.78826,0.78747,0.78794,1531.0
2026-06-04 09:30:00,0.78792,0.78804,0.7875,0.78799,1833.0
2026-06-04 10:00:00,0.78798,0.7886,0.78779,0.78856,1433.0
2026-06-04 10:30:00,0.78858,0.78906,0.78806,0.78826,1720.0
2026-06-04 11:00:00,0.78827,0.78889,0.7882,0.78866,1405.0
2026-06-04 11:30:00,0.78866,0.78875,0.78834,0.78852,1179.0
2026-06-04 12:00:00,0.78853,0.7886,0.78835,0.78857,675.0
2026-06-04 12:30:00,0.78854,0.78892,0.78849,0.78888,617.0
2026-06-04 13:00:00,0.78888,0.78905,0.78884,0.78903,486.0
2026-06-04 13:30:00,0.78902,0.78904,0.7888,0.78892,488.0
2026-06-04 14:00:00,0.78892,0.78922,0.7888,0.78921,646.0
2026-06-04 14:30:00,0.78925,0.7894,0.78904,0.78924,600.0
2026-06-04 15:00:00,0.78922,0.78952,0.78916,0.78941,418.0
2026-06-04 15:30:00,0.7894,0.78953,0.7893,0.78931,408.0
2026-06-04 16:00:00,0.7893,0.78968,0.78926,0.78966,263.0
2026-06-04 16:30:00,0.78966,0.78981,0.7895,0.78958,225.0
2026-06-04 17:00:00,0.78955,0.7899,0.78896,0.7894,11507.0
2026-06-04 17:30:00,0.7894,0.78971,0.78895,0.78944,4605.0
2026-06-04 18:00:00,0.7895,0.78958,0.78938,0.78944,378.0
2026-06-04 18:30:00,0.78945,0.7895,0.78937,0.78948,160.0
2026-06-04 19:00:00,0.78948,0.78948,0.78928,0.78932,160.0
2026-06-04 19:30:00,0.78932,0.78942,0.78912,0.7892,321.0
2026-06-04 20:00:00,0.7892,0.78937,0.78888,0.78914,1118.0
2026-06-04 20:30:00,0.78916,0.78926,0.78903,0.78913,534.0
2026-06-04 21:00:00,0.78914,0.78956,0.78894,0.78939,766.0
2026-06-04 21:30:00,0.78938,0.78954,0.78922,0.78941,402.0
2026-06-04 22:00:00,0.78938,0.78947,0.78908,0.78912,516.0
2026-06-04 22:30:00,0.78914,0.78934,0.78914,0.78932,425.0
2026-06-04 23:00:00,0.78934,0.78942,0.78925,0.78931,475.0
2026-06-04 23:30:00,0.78932,0.78943,0.78929,0.78929,396.0
2026-06-05 00:00:00,0.78928,0.78932,0.78904,0.78932,357.0
2026-06-05 00:30:00,0.7893,0.78932,0.78901,0.78909,464.0
2026-06-05 01:00:00,0.78912,0.78922,0.78902,0.78904,369.0
2026-06-05 01:30:00,0.78903,0.7892,0.78882,0.78917,399.0
2026-06-05 02:00:00,0.78916,0.78934,0.78859,0.7886,825.0
2026-06-05 02:30:00,0.78861,0.78866,0.7881,0.78827,945.0
2026-06-05 03:00:00,0.78828,0.7883,0.78742,0.7875,1090.0
2026-06-05 03:30:00,0.78754,0.7879,0.7872,0.78784,1161.0
2026-06-05 04:00:00,0.78788,0.78793,0.78732,0.78736,1079.0
2026-06-05 04:30:00,0.78736,0.78822,0.78736,0.78815,718.0
2026-06-05 05:00:00,0.78815,0.78842,0.78757,0.78788,1543.0
2026-06-05 05:30:00,0.78788,0.78794,0.78762,0.78772,754.0
2026-06-05 06:00:00,0.78776,0.78796,0.7874,0.78742,839.0
2026-06-05 06:30:00,0.78743,0.78769,0.78724,0.78765,723.0
2026-06-05 07:00:00,0.78766,0.7879,0.78754,0.78756,875.0
2026-06-05 07:30:00,0.78759,0.78826,0.78759,0.78806,1284.0
2026-06-05 08:00:00,0.78804,0.78874,0.78793,0.78862,1489.0
2026-06-05 08:30:00,0.78864,0.79316,0.78864,0.79316,5216.0
2026-06-05 09:00:00,0.79314,0.7934,0.79162,0.7931,5138.0
2026-06-05 09:30:00,0.7931,0.7935,0.79222,0.79348,3755.0
2026-06-05 10:00:00,0.79348,0.7948,0.79291,0.79462,3697.0
2026-06-05 10:30:00,0.79462,0.79485,0.79396,0.79412,3185.0
2026-06-05 11:00:00,0.79413,0.79478,0.79404,0.79459,2719.0
2026-06-05 11:30:00,0.7946,0.79563,0.79448,0.79556,1893.0
2026-06-05 12:00:00,0.79556,0.79612,0.79554,0.79584,1742.0
2026-06-05 12:30:00,0.79585,0.79614,0.79526,0.79534,1716.0
2026-06-05 13:00:00,0.79533,0.79611,0.79529,0.79604,1316.0
2026-06-05 13:30:00,0.79604,0.79668,0.79602,0.79642,1125.0
2026-06-05 14:00:00,0.7964,0.7968,0.79624,0.79652,1206.0
2026-06-05 14:30:00,0.79654,0.79664,0.79592,0.79622,1297.0
2026-06-05 15:00:00,0.79624,0.79656,0.7962,0.79628,981.0
2026-06-05 15:30:00,0.79625,0.7964,0.79587,0.79606,693.0
2026-06-05 16:00:00,0.79606,0.79654,0.79606,0.79614,431.0
2026-06-05 16:30:00,0.79616,0.79659,0.79592,0.79632,1158.0
2026-06-07 17:00:00,0.7959,0.79618,0.79457,0.79616,106.0
2026-06-07 17:30:00,0.79616,0.79669,0.79614,0.79644,392.0
2026-06-07 18:00:00,0.79651,0.79725,0.79642,0.79708,908.0
2026-06-07 18:30:00,0.79708,0.79724,0.79673,0.79716,411.0
2026-06-07 19:00:00,0.79717,0.79717,0.79656,0.79678,517.0
2026-06-07 19:30:00,0.79676,0.7969,0.79644,0.7965,360.0
2026-06-07 20:00:00,0.79656,0.79658,0.7963,0.79646,1218.0
2026-06-07 20:30:00,0.79647,0.79652,0.79577,0.79581,1234.0
2026-06-07 21:00:00,0.79582,0.79724,0.79558,0.7971,2510.0
2026-06-07 21:30:00,0.79709,0.7975,0.79688,0.79736,3251.0
2026-06-07 22:00:00,0.79734,0.79795,0.79725,0.7976,1606.0
2026-06-07 22:30:00,0.79759,0.79798,0.79737,0.79757,767.0
2026-06-07 23:00:00,0.79754,0.79767,0.79729,0.79733,221.0
2026-06-07 23:30:00,0.7973,0.7973,0.79683,0.79683,642.0
2026-06-08 00:00:00,0.79684,0.79705,0.79654,0.79655,726.0
2026-06-08 00:30:00,0.79655,0.7969,0.79654,0.7968,693.0
2026-06-08 01:00:00,0.79676,0.79684,0.7961,0.79649,989.0
2026-06-08 01:30:00,0.79646,0.79801,0.79646,0.79768,1484.0
2026-06-08 02:00:00,0.79766,0.79788,0.79708,0.79718,1703.0
2026-06-08 02:30:00,0.79722,0.79776,0.79705,0.79746,1567.0
2026-06-08 03:00:00,0.79744,0.7978,0.79674,0.79704,2187.0
2026-06-08 03:30:00,0.79704,0.79794,0.79683,0.79793,1799.0
2026-06-08 04:00:00,0.79794,0.79806,0.7974,0.79774,1765.0
2026-06-08 04:30:00,0.79776,0.79815,0.79765,0.79813,2087.0
2026-06-08 05:00:00,0.79813,0.79852,0.79789,0.79851,1376.0
2026-06-08 05:30:00,0.79851,0.79866,0.7979,0.798,2029.0
2026-06-08 06:00:00,0.798,0.79824,0.79748,0.79768,1200.0
2026-06-08 06:30:00,0.79766,0.79775,0.79674,0.79729,1651.0
2026-06-08 07:00:00,0.79728,0.79751,0.79588,0.79604,2733.0
2026-06-08 07:30:00,0.79602,0.79661,0.79588,0.79655,1375.0
2026-06-08 08:00:00,0.79652,0.79657,0.7958,0.79616,2017.0
2026-06-08 08:30:00,0.79617,0.79638,0.79575,0.79584,1756.0
2026-06-08 09:00:00,0.79582,0.79583,0.79475,0.79498,2863.0
2026-06-08 09:30:00,0.795,0.79634,0.79474,0.79632,3066.0
2026-06-08 10:00:00,0.79634,0.7976,0.79604,0.79725,2803.0
2026-06-08 10:30:00,0.79726,0.79766,0.79692,0.79696,2377.0
2026-06-08 11:00:00,0.79693,0.79718,0.79648,0.79704,2591.0
2026-06-08 11:30:00,0.79705,0.79759,0.79694,0.79724,1949.0
2026-06-08 12:00:00,0.79724,0.79741,0.79702,0.79741,1249.0
2026-06-08 12:30:00,0.7974,0.79746,0.79702,0.79744,1383.0
2026-06-08 13:00:00,0.79744,0.79769,0.7973,0.7975,1704.0
2026-06-08 13:30:00,0.7975,0.79786,0.79731,0.79744,1416.0
2026-06-08 14:00:00,0.79744,0.79744,0.7971,0.79711,1102.0
2026-06-08 14:30:00,0.7971,0.79794,0.79703,0.79792,1104.0
2026-06-08 15:00:00,0.79793,0.79798,0.79762,0.79774,900.0
2026-06-08 15:30:00,0.79772,0.79824,0.79752,0.79818,1243.0
2026-06-08 16:00:00,0.79819,0.79822,0.7978,0.79782,634.0
2026-06-08 16:30:00,0.79781,0.798,0.79776,0.79788,352.0
2026-06-08 17:00:00,0.79754,0.79777,0.79754,0.79774,34.0
2026-06-08 17:30:00,0.79776,0.79782,0.79745,0.79764,461.0
2026-06-08 18:00:00,0.79766,0.798,0.79762,0.7978,394.0
2026-06-08 18:30:00,0.79782,0.79792,0.79776,0.79778,298.0
2026-06-08 19:00:00,0.79778,0.79802,0.79776,0.79798,247.0
2026-06-08 19:30:00,0.79798,0.7982,0.79798,0.7982,356.0
2026-06-08 20:00:00,0.79824,0.79839,0.79811,0.79816,1228.0
2026-06-08 20:30:00,0.79816,0.79842,0.798,0.79808,937.0
2026-06-08 21:00:00,0.79807,0.7982,0.7976,0.7977,1303.0
2026-06-08 21:30:00,0.7977,0.79774,0.79734,0.79735,1043.0
2026-06-08 22:00:00,0.79734,0.7977,0.79722,0.79747,1088.0
2026-06-08 22:30:00,0.79746,0.79761,0.79738,0.79759,838.0
2026-06-08 23:00:00,0.7976,0.79784,0.79734,0.79764,1126.0
2026-06-08 23:30:00,0.79764,0.79774,0.79745,0.79754,571.0
2026-06-09 00:00:00,0.79754,0.79763,0.79736,0.79736,630.0
2026-06-09 00:30:00,0.79736,0.79744,0.79682,0.79695,976.0
2026-06-09 01:00:00,0.79696,0.79728,0.79678,0.79678,1049.0
2026-06-09 01:30:00,0.79678,0.79685,0.79628,0.79642,1290.0
2026-06-09 02:00:00,0.79642,0.79666,0.7958,0.79624,1066.0
2026-06-09 02:30:00,0.79628,0.79691,0.79618,0.79638,1269.0
2026-06-09 03:00:00,0.79636,0.79709,0.79615,0.79689,1988.0
2026-06-09 03:30:00,0.79686,0.79709,0.79657,0.79705,1213.0
2026-06-09 04:00:00,0.79704,0.79734,0.7967,0.79678,1366.0
2026-06-09 04:30:00,0.79675,0.79692,0.7963,0.79646,969.0
2026-06-09 05:00:00,0.79644,0.79656,0.79612,0.79644,1060.0
2026-06-09 05:30:00,0.79646,0.7965,0.79614,0.7964,754.0
2026-06-09 06:00:00,0.7964,0.79659,0.79611,0.79614,1070.0
2026-06-09 06:30:00,0.79615,0.7964,0.796,0.79625,696.0
2026-06-09 07:00:00,0.79624,0.79624,0.7956,0.7956,674.0
2026-06-09 07:30:00,0.7956,0.7961,0.79552,0.79562,892.0
2026-06-09 08:00:00,0.79562,0.7957,0.79532,0.79556,932.0
2026-06-09 08:30:00,0.79556,0.7958,0.79528,0.79571,1143.0
2026-06-09 09:00:00,0.7957,0.79592,0.79526,0.79578,1273.0
2026-06-09 09:30:00,0.79575,0.79614,0.79486,0.79597,2288.0
2026-06-09 10:00:00,0.79596,0.797,0.79546,0.79664,2513.0
2026-06-09 10:30:00,0.79666,0.7973,0.79651,0.7968,2971.0
2026-06-09 11:00:00,0.79684,0.79711,0.79644,0.79705,2961.0
2026-06-09 11:30:00,0.79708,0.7981,0.79694,0.79716,2962.0
2026-06-09 12:00:00,0.79718,0.79828,0.79706,0.798,3106.0
2026-06-09 12:30:00,0.79802,0.79919,0.79784,0.79831,3382.0
2026-06-09 13:00:00,0.7983,0.7985,0.79738,0.79755,2480.0
2026-06-09 13:30:00,0.79755,0.7978,0.79738,0.7976,1652.0
2026-06-09 14:00:00,0.79758,0.7978,0.79738,0.79756,1827.0
2026-06-09 14:30:00,0.79756,0.79804,0.7974,0.79788,1184.0
2026-06-09 15:00:00,0.79786,0.79866,0.79784,0.79854,999.0
2026-06-09 15:30:00,0.79854,0.79868,0.79836,0.79858,1345.0
2026-06-09 16:00:00,0.79859,0.79865,0.79826,0.79841,326.0
2026-06-09 16:30:00,0.7984,0.79849,0.79816,0.7982,304.0
2026-06-09 17:00:00,0.79806,0.7987,0.79774,0.79842,343.0
2026-06-09 17:30:00,0.79842,0.79862,0.79787,0.79804,1346.0
2026-06-09 18:00:00,0.79844,0.79878,0.79835,0.79864,306.0
2026-06-09 18:30:00,0.79864,0.79906,0.79863,0.79896,290.0
2026-06-09 19:00:00,0.79897,0.79921,0.7988,0.7992,343.0
2026-06-09 19:30:00,0.7992,0.79939,0.79914,0.79928,521.0
2026-06-09 20:00:00,0.79928,0.79934,0.79868,0.79876,1746.0
2026-06-09 20:30:00,0.79876,0.79948,0.79873,0.79886,1465.0
2026-06-09 21:00:00,0.79885,0.79916,0.79869,0.7991,1745.0
2026-06-09 21:30:00,0.79911,0.79952,0.79896,0.79936,1803.0
2026-06-09 22:00:00,0.79936,0.79941,0.7989,0.79892,1054.0
2026-06-09 22:30:00,0.79892,0.79932,0.79884,0.79928,1327.0
2026-06-09 23:00:00,0.79928,0.7993,0.7988,0.79914,1118.0
2026-06-09 23:30:00,0.79914,0.7992,0.79866,0.79882,1011.0
2026-06-10 00:00:00,0.7988,0.79909,0.79878,0.79899,696.0
2026-06-10 00:30:00,0.799,0.79938,0.79895,0.79912,852.0
2026-06-10 01:00:00,0.79913,0.7992,0.7987,0.79872,1082.0
2026-06-10 01:30:00,0.79872,0.79872,0.798,0.79803,1216.0
2026-06-10 02:00:00,0.79804,0.79824,0.79776,0.798,1270.0
2026-06-10 02:30:00,0.79798,0.79842,0.79746,0.79838,1285.0
2026-06-10 03:00:00,0.79839,0.79856,0.79768,0.79826,827.0
2026-06-10 03:30:00,0.79828,0.7987,0.79814,0.79845,1076.0
2026-06-10 04:00:00,0.79844,0.79903,0.79843,0.79856,1457.0
2026-06-10 04:30:00,0.79856,0.7992,0.79856,0.79884,999.0
2026-06-10 05:00:00,0.79884,0.799,0.79848,0.79893,1233.0
2026-06-10 05:30:00,0.7989,0.79898,0.79834,0.7985,1301.0
2026-06-10 06:00:00,0.79851,0.79878,0.79808,0.7983,1060.0
2026-06-10 06:30:00,0.79833,0.79874,0.79816,0.79869,1076.0
2026-06-10 07:00:00,0.7987,0.79958,0.79833,0.79881,3312.0
2026-06-10 07:30:00,0.79882,0.7995,0.79871,0.79932,2211.0
2026-06-10 08:00:00,0.79931,0.79938,0.79852,0.79866,1750.0
2026-06-10 08:30:00,0.79868,0.79888,0.79688,0.79824,4058.0
2026-06-10 09:00:00,0.79826,0.79834,0.79748,0.79756,3027.0
2026-06-10 09:30:00,0.79754,0.7976,0.79651,0.79736,3412.0
2026-06-10 10:00:00,0.79734,0.79781,0.79686,0.7976,3191.0
2026-06-10 10:30:00,0.79759,0.7982,0.79745,0.79792,2996.0
2026-06-10 11:00:00,0.79792,0.7985,0.79773,0.79794,2810.0
2026-06-10 11:30:00,0.79792,0.79951,0.79788,0.79844,3708.0
2026-06-10 12:00:00,0.79844,0.79854,0.7978,0.79809,2462.0
2026-06-10 12:30:00,0.79809,0.79866,0.79804,0.79851,1634.0
2026-06-10 13:00:00,0.7985,0.7991,0.79822,0.79909,1354.0
2026-06-10 13:30:00,0.7991,0.79933,0.79878,0.79883,1748.0
2026-06-10 14:00:00,0.79882,0.79901,0.79837,0.79892,1267.0
2026-06-10 14:30:00,0.79892,0.79944,0.7989,0.7994,1500.0
2026-06-10 15:00:00,0.79938,0.79976,0.7993,0.79968,992.0
2026-06-10 15:30:00,0.7997,0.79994,0.7996,0.79994,1013.0
2026-06-10 16:00:00,0.79996,0.80018,0.79988,0.79992,354.0
2026-06-10 16:30:00,0.79994,0.80024,0.79976,0.80006,440.0
2026-06-10 17:00:00,0.79881,0.80009,0.79881,0.7997,4224.0
2026-06-10 17:30:00,0.79969,0.80014,0.79932,0.79966,2570.0
2026-06-10 18:00:00,0.79967,0.80022,0.79966,0.8001,1126.0
2026-06-10 18:30:00,0.80011,0.80028,0.79992,0.80028,591.0
2026-06-10 19:00:00,0.80028,0.80064,0.79988,0.80004,1365.0
2026-06-10 19:30:00,0.80001,0.8003,0.79981,0.8,946.0
2026-06-10 20:00:00,0.8,0.8,0.79932,0.79939,2532.0
2026-06-10 20:30:00,0.79938,0.79957,0.79919,0.79924,1600.0
2026-06-10 21:00:00,0.79922,0.79924,0.798,0.79804,2069.0
2026-06-10 21:30:00,0.79804,0.79838,0.79804,0.7983,1524.0
2026-06-10 22:00:00,0.79829,0.79856,0.79818,0.79848,1579.0
2026-06-10 22:30:00,0.79848,0.79876,0.79844,0.7986,1300.0
2026-06-10 23:00:00,0.7986,0.79879,0.7985,0.7986,1098.0
2026-06-10 23:30:00,0.79864,0.79876,0.7986,0.79866,949.0
2026-06-11 00:00:00,0.79866,0.79891,0.7986,0.79866,946.0
2026-06-11 00:30:00,0.79864,0.79864,0.79824,0.79838,732.0
2026-06-11 01:00:00,0.79838,0.79852,0.79818,0.79836,773.0
2026-06-11 01:30:00,0.79832,0.79864,0.79826,0.79839,929.0
2026-06-11 02:00:00,0.79838,0.79892,0.79838,0.79889,1072.0
2026-06-11 02:30:00,0.79885,0.79895,0.79846,0.79892,1517.0
2026-06-11 03:00:00,0.7989,0.7991,0.79821,0.79839,1754.0
2026-06-11 03:30:00,0.79838,0.79925,0.7983,0.79925,1239.0
2026-06-11 04:00:00,0.79927,0.79958,0.79918,0.79946,1095.0
2026-06-11 04:30:00,0.79948,0.80014,0.79934,0.80011,1163.0
2026-06-11 05:00:00,0.80011,0.80028,0.7997,0.80014,1356.0
2026-06-11 05:30:00,0.80013,0.80016,0.79949,0.79956,1244.0
2026-06-11 06:00:00,0.79958,0.80022,0.79954,0.80016,1112.0
2026-06-11 06:30:00,0.80016,0.80022,0.79956,0.79964,1022.0
2026-06-11 07:00:00,0.79965,0.79965,0.7992,0.79928,1239.0
2026-06-11 07:30:00,0.79929,0.7993,0.7988,0.79894,1143.0
2026-06-11 08:00:00,0.79893,0.80078,0.79878,0.79992,3223.0
2026-06-11 08:30:00,0.79992,0.80091,0.79874,0.79908,4498.0
2026-06-11 09:00:00,0.79905,0.80027,0.79899,0.79951,3000.0
2026-06-11 09:30:00,0.79951,0.79974,0.7988,0.79954,3599.0
2026-06-11 10:00:00,0.79954,0.80058,0.7995,0.80022,2743.0
2026-06-11 10:30:00,0.8002,0.80071,0.80017,0.80031,2617.0
2026-06-11 11:00:00,0.8003,0.80057,0.79976,0.79992,2695.0
2026-06-11 11:30:00,0.79992,0.80082,0.79988,0.8007,1887.0
2026-06-11 12:00:00,0.8007,0.80106,0.8006,0.8008,1440.0
2026-06-11 12:30:00,0.80084,0.80096,0.8005,0.80096,1054.0
2026-06-11 13:00:00,0.80098,0.8013,0.79968,0.79968,1876.0
2026-06-11 13:30:00,0.79964,0.79964,0.79658,0.7977,7429.0
2026-06-11 14:00:00,0.7977,0.79866,0.79692,0.79727,4371.0
2026-06-11 14:30:00,0.79726,0.79779,0.79621,0.797,2220.0
2026-06-11 15:00:00,0.79696,0.79696,0.7951,0.79516,2526.0
2026-06-11 15:30:00,0.79516,0.79517,0.79432,0.79503,2379.0
2026-06-11 16:00:00,0.79502,0.79502,0.79419,0.79429,1048.0
2026-06-11 16:30:00,0.79427,0.79512,0.79421,0.79488,1020.0
2026-06-11 17:00:00,0.79575,0.79577,0.79468,0.79478,1544.0
2026-06-11 17:30:00,0.7948,0.79496,0.79436,0.79456,419.0
2026-06-11 18:00:00,0.79456,0.79496,0.79432,0.79487,498.0
2026-06-11 18:30:00,0.79488,0.79504,0.79438,0.79444,582.0
2026-06-11 19:00:00,0.79442,0.79491,0.79422,0.79488,670.0
2026-06-11 19:30:00,0.79489,0.79522,0.79486,0.79509,808.0
2026-06-11 20:00:00,0.7951,0.79566,0.79504,0.79552,1682.0
2026-06-11 20:30:00,0.79552,0.79604,0.79542,0.79587,1274.0
2026-06-11 21:00:00,0.79588,0.79622,0.7958,0.79615,1429.0
2026-06-11 21:30:00,0.79612,0.7963,0.7959,0.79616,1002.0
2026-06-11 22:00:00,0.79614,0.79622,0.79572,0.79611,1141.0
2026-06-11 22:30:00,0.7961,0.79626,0.79594,0.79617,792.0
2026-06-11 23:00:00,0.79617,0.79626,0.79586,0.79588,1350.0
2026-06-11 23:30:00,0.79588,0.79592,0.79554,0.79572,1103.0
2026-06-12 00:00:00,0.79568,0.79601,0.79568,0.79582,1085.0
2026-06-12 00:30:00,0.79584,0.79592,0.79559,0.79588,854.0
2026-06-12 01:00:00,0.79588,0.79644,0.7957,0.7964,1147.0
2026-06-12 01:30:00,0.79639,0.7967,0.79625,0.7967,999.0
2026-06-12 02:00:00,0.79668,0.79668,0.7959,0.79598,1035.0
2026-06-12 02:30:00,0.79602,0.79677,0.79602,0.79625,1709.0
2026-06-12 03:00:00,0.79624,0.79692,0.79618,0.79689,1715.0
2026-06-12 03:30:00,0.7969,0.7975,0.79644,0.79646,2262.0
2026-06-12 04:00:00,0.79643,0.79656,0.79481,0.79569,2572.0
2026-06-12 04:30:00,0.79568,0.79593,0.7954,0.79568,1840.0
2026-06-12 05:00:00,0.79568,0.79597,0.79498,0.7951,2078.0
2026-06-12 05:30:00,0.7951,0.79564,0.79488,0.79542,1460.0
2026-06-12 06:00:00,0.79544,0.79645,0.79526,0.79598,1585.0
2026-06-12 06:30:00,0.79599,0.7962,0.7955,0.79608,1420.0
2026-06-12 07:00:00,0.79608,0.79656,0.79592,0.7961,1529.0
2026-06-12 07:30:00,0.79611,0.79632,0.79566,0.79627,1616.0
2026-06-12 08:00:00,0.79626,0.79734,0.7962,0.7973,1803.0
2026-06-12 08:30:00,0.79729,0.79752,0.79704,0.79714,1497.0
2026-06-12 09:00:00,0.79714,0.79726,0.79626,0.79626,2037.0
2026-06-12 09:30:00,0.79624,0.79741,0.79599,0.7973,3626.0
2026-06-12 10:00:00,0.79728,0.79758,0.79674,0.79729,2454.0
2026-06-12 10:30:00,0.7973,0.79747,0.79624,0.79654,3177.0
2026-06-12 11:00:00,0.79653,0.79667,0.79582,0.79592,2607.0
2026-06-12 11:30:00,0.79593,0.7965,0.79586,0.79644,2361.0
2026-06-12 12:00:00,0.79644,0.79679,0.796,0.7965,1917.0
2026-06-12 12:30:00,0.79648,0.79686,0.79626,0.79654,1368.0
2026-06-12 13:00:00,0.79652,0.79658,0.7962,0.79628,1301.0
2026-06-12 13:30:00,0.79627,0.79673,0.79627,0.7967,795.0
2026-06-12 14:00:00,0.79668,0.79682,0.79648,0.79654,786.0
2026-06-12 14:30:00,0.79655,0.79675,0.79628,0.7967,714.0
2026-06-12 15:00:00,0.7967,0.79683,0.79636,0.7965,703.0
2026-06-12 15:30:00,0.79649,0.79697,0.79648,0.79674,925.0
2026-06-12 16:00:00,0.79678,0.7969,0.79672,0.79686,259.0
2026-06-12 16:30:00,0.79686,0.79724,0.79684,0.7971,480.0
2026-06-14 17:00:00,0.79655,0.79716,0.79584,0.79618,124.0
2026-06-14 17:30:00,0.79623,0.79624,0.79414,0.79449,431.0
2026-06-14 18:00:00,0.79447,0.79478,0.79305,0.79376,2652.0
2026-06-14 18:30:00,0.79374,0.79407,0.7935,0.7937,2219.0
2026-06-14 19:00:00,0.7937,0.7941,0.79364,0.79399,2756.0
2026-06-14 19:30:00,0.79398,0.7941,0.7936,0.79396,1583.0
2026-06-14 20:00:00,0.79394,0.79394,0.79325,0.79372,1670.0
2026-06-14 20:30:00,0.79374,0.7946,0.79366,0.79456,1121.0
2026-06-14 21:00:00,0.79458,0.7948,0.7943,0.7945,958.0
2026-06-14 21:30:00,0.79448,0.79478,0.79432,0.79463,569.0
2026-06-14 22:00:00,0.79464,0.79471,0.79435,0.79442,758.0
2026-06-14 22:30:00,0.79442,0.79442,0.79404,0.79419,524.0
2026-06-14 23:00:00,0.79418,0.79423,0.79402,0.79402,539.0
2026-06-14 23:30:00,0.79404,0.79406,0.79372,0.79385,476.0
2026-06-15 00:00:00,0.79384,0.79397,0.79362,0.79362,515.0
2026-06-15 00:30:00,0.7936,0.79367,0.7933,0.7934,482.0
2026-06-15 01:00:00,0.7934,0.79342,0.79284,0.79289,887.0
2026-06-15 01:30:00,0.79285,0.79338,0.79282,0.79295,816.0
2026-06-15 02:00:00,0.79296,0.79402,0.79294,0.79401,1211.0
2026-06-15 02:30:00,0.79402,0.79455,0.79371,0.79376,1696.0
2026-06-15 03:00:00,0.79375,0.79396,0.79294,0.79306,1744.0
2026-06-15 03:30:00,0.79304,0.79349,0.79289,0.79334,1335.0
2026-06-15 04:00:00,0.79338,0.79344,0.79294,0.79322,1314.0
2026-06-15 04:30:00,0.79322,0.79363,0.79297,0.79336,1142.0
2026-06-15 05:00:00,0.79336,0.7934,0.79256,0.79322,1220.0
2026-06-15 05:30:00,0.79323,0.79332,0.79287,0.79315,901.0
2026-06-15 06:00:00,0.79313,0.79346,0.79264,0.79268,1004.0
2026-06-15 06:30:00,0.79268,0.79282,0.7922,0.79278,1110.0
2026-06-15 07:00:00,0.7928,0.79326,0.79251,0.79322,1124.0
2026-06-15 07:30:00,0.79322,0.79346,0.79298,0.79343,1345.0
2026-06-15 08:00:00,0.79344,0.79382,0.79327,0.7933,1288.0
2026-06-15 08:30:00,0.79328,0.7934,0.79249,0.79276,1492.0
2026-06-15 09:00:00,0.79275,0.79297,0.79228,0.79233,1546.0
2026-06-15 09:30:00,0.79232,0.79272,0.79211,0.79239,2247.0
2026-06-15 10:00:00,0.79238,0.7929,0.79227,0.79256,1797.0
2026-06-15 10:30:00,0.79258,0.7932,0.79248,0.79266,2003.0
2026-06-15 11:00:00,0.79271,0.79338,0.79268,0.79323,1471.0
2026-06-15 11:30:00,0.79322,0.79377,0.79322,0.79372,1263.0
2026-06-15 12:00:00,0.79374,0.79386,0.79342,0.79354,1066.0
2026-06-15 12:30:00,0.79353,0.79396,0.79349,0.79362,1099.0
2026-06-15 13:00:00,0.7936,0.79391,0.79356,0.79366,781.0
2026-06-15 13:30:00,0.79368,0.79388,0.79366,0.79382,536.0
2026-06-15 14:00:00,0.79382,0.7939,0.79356,0.7939,655.0
2026-06-15 14:30:00,0.7939,0.79407,0.79376,0.79402,813.0
2026-06-15 15:00:00,0.79402,0.79446,0.79398,0.79442,680.0
2026-06-15 15:30:00,0.79441,0.79493,0.79422,0.7949,707.0
2026-06-15 16:00:00,0.79489,0.79495,0.79454,0.7946,477.0
2026-06-15 16:30:00,0.7946,0.79486,0.79459,0.79473,492.0
2026-06-15 17:00:00,0.79413,0.79476,0.79408,0.79474,202.0
2026-06-15 17:30:00,0.79474,0.7949,0.79396,0.79446,1642.0
2026-06-15 18:00:00,0.7945,0.79494,0.79438,0.79487,377.0
2026-06-15 18:30:00,0.79484,0.79484,0.79468,0.79472,227.0
2026-06-15 19:00:00,0.79472,0.79472,0.79444,0.79448,254.0
2026-06-15 19:30:00,0.7945,0.79458,0.79435,0.79454,268.0
2026-06-15 20:00:00,0.79452,0.79482,0.79438,0.79476,849.0
2026-06-15 20:30:00,0.79476,0.79482,0.7944,0.79442,820.0
2026-06-15 21:00:00,0.79444,0.79471,0.7942,0.79459,1205.0
2026-06-15 21:30:00,0.79458,0.7949,0.79441,0.79487,1084.0
2026-06-15 22:00:00,0.7949,0.79524,0.79484,0.79504,626.0
2026-06-15 22:30:00,0.79502,0.79506,0.79474,0.79498,800.0
2026-06-15 23:00:00,0.79497,0.79524,0.79493,0.79511,900.0
2026-06-15 23:30:00,0.79509,0.79511,0.79485,0.79506,607.0
2026-06-16 00:00:00,0.7951,0.79592,0.79502,0.79576,1226.0
2026-06-16 00:30:00,0.79575,0.79587,0.79558,0.79568,847.0
2026-06-16 01:00:00,0.79568,0.79568,0.79544,0.79546,546.0
2026-06-16 01:30:00,0.79546,0.79578,0.79532,0.79576,851.0
2026-06-16 02:00:00,0.79578,0.79599,0.79556,0.79558,755.0
2026-06-16 02:30:00,0.7956,0.79568,0.79491,0.79492,1400.0
2026-06-16 03:00:00,0.79492,0.7953,0.79482,0.79502,1095.0
2026-06-16 03:30:00,0.79502,0.7952,0.7948,0.79487,1099.0
2026-06-16 04:00:00,0.79486,0.79512,0.7947,0.79491,1388.0
2026-06-16 04:30:00,0.79492,0.79506,0.7945,0.7946,919.0
2026-06-16 05:00:00,0.7946,0.7953,0.79446,0.79525,947.0
2026-06-16 05:30:00,0.79522,0.79523,0.79479,0.79488,858.0
2026-06-16 06:00:00,0.79488,0.79488,0.79404,0.79442,1086.0
2026-06-16 06:30:00,0.79446,0.7945,0.79402,0.79406,786.0
2026-06-16 07:00:00,0.7941,0.79476,0.7941,0.79474,835.0
2026-06-16 07:30:00,0.79474,0.79526,0.79458,0.7952,946.0
2026-06-16 08:00:00,0.7952,0.79576,0.79516,0.79553,1348.0
2026-06-16 08:30:00,0.79554,0.7956,0.79496,0.79502,1272.0
2026-06-16 09:00:00,0.79503,0.79572,0.79484,0.79552,1248.0
2026-06-16 09:30:00,0.79551,0.79556,0.79416,0.79473,2280.0
2026-06-16 10:00:00,0.79473,0.79488,0.7934,0.79394,2416.0
2026-06-16 10:30:00,0.79392,0.79465,0.79308,0.79321,2324.0
2026-06-16 11:00:00,0.7932,0.79385,0.7932,0.79356,1491.0
2026-06-16 11:30:00,0.79357,0.79366,0.79246,0.79282,1991.0
2026-06-16 12:00:00,0.79282,0.79296,0.79216,0.79238,1818.0
2026-06-16 12:30:00,0.79239,0.79276,0.7923,0.79269,1311.0
2026-06-16 13:00:00,0.79268,0.79286,0.79258,0.7928,974.0
2026-06-16 13:30:00,0.79278,0.79302,0.79276,0.79295,739.0
2026-06-16 14:00:00,0.79296,0.79305,0.79271,0.79299,875.0
2026-06-16 14:30:00,0.79298,0.7933,0.79294,0.79316,770.0
2026-06-16 15:00:00,0.79316,0.7932,0.79294,0.79307,829.0
2026-06-16 15:30:00,0.79307,0.79346,0.79307,0.79329,765.0
2026-06-16 16:00:00,0.79329,0.7934,0.79319,0.79327,356.0
2026-06-16 16:30:00,0.79326,0.79342,0.79316,0.79322,546.0
2026-06-16 17:00:00,0.79309,0.79326,0.79304,0.79318,173.0
2026-06-16 17:30:00,0.7932,0.79342,0.79312,0.79322,398.0
2026-06-16 18:00:00,0.79326,0.7933,0.79296,0.79296,857.0
2026-06-16 18:30:00,0.79294,0.79298,0.79289,0.79294,302.0
2026-06-16 19:00:00,0.79294,0.79301,0.79276,0.79278,738.0
2026-06-16 19:30:00,0.79278,0.79327,0.79278,0.79323,949.0
2026-06-16 20:00:00,0.79322,0.79329,0.79251,0.79257,2220.0
2026-06-16 20:30:00,0.79258,0.79274,0.79244,0.79252,841.0
2026-06-16 21:00:00,0.79251,0.79276,0.79226,0.79275,889.0
2026-06-16 21:30:00,0.79274,0.7929,0.79253,0.7926,626.0
2026-06-16 22:00:00,0.7926,0.79264,0.7922,0.79225,514.0
2026-06-16 22:30:00,0.79224,0.79258,0.79224,0.79258,474.0
2026-06-16 23:00:00,0.79258,0.79263,0.79238,0.79238,459.0
2026-06-16 23:30:00,0.79239,0.79252,0.79228,0.7925,574.0
2026-06-17 00:00:00,0.7925,0.79253,0.79214,0.79229,431.0
2026-06-17 00:30:00,0.79226,0.79234,0.79202,0.7921,285.0
2026-06-17 01:00:00,0.7921,0.7921,0.7918,0.79194,337.0
2026-06-17 01:30:00,0.79195,0.79208,0.79174,0.79204,545.0
2026-06-17 02:00:00,0.792,0.79228,0.79146,0.79228,804.0
2026-06-17 02:30:00,0.79227,0.79244,0.79172,0.79174,1053.0
2026-06-17 03:00:00,0.79177,0.7919,0.791,0.79136,1278.0
2026-06-17 03:30:00,0.79134,0.79158,0.79106,0.79117,1303.0
2026-06-17 04:00:00,0.79116,0.79225,0.79106,0.79188,1498.0
2026-06-17 04:30:00,0.79192,0.7921,0.79174,0.79188,1078.0
2026-06-17 05:00:00,0.7919,0.79198,0.79124,0.79142,1061.0
2026-06-17 05:30:00,0.79141,0.79167,0.79131,0.79149,918.0
2026-06-17 06:00:00,0.79152,0.7922,0.79148,0.79216,857.0
2026-06-17 06:30:00,0.79216,0.7925,0.79194,0.79228,930.0
2026-06-17 07:00:00,0.79227,0.79295,0.79219,0.79292,970.0
2026-06-17 07:30:00,0.79292,0.79336,0.7929,0.79291,1106.0
2026-06-17 08:00:00,0.7929,0.7931,0.79256,0.7927,1288.0
2026-06-17 08:30:00,0.79269,0.79292,0.7923,0.79237,1266.0
2026-06-17 09:00:00,0.79238,0.79292,0.79234,0.79292,1121.0
2026-06-17 09:30:00,0.7929,0.793,0.7922,0.79254,1981.0
2026-06-17 10:00:00,0.79256,0.79337,0.7925,0.7931,1646.0
2026-06-17 10:30:00,0.7931,0.794,0.79278,0.79308,2583.0
2026-06-17 11:00:00,0.79312,0.79344,0.79296,0.79314,1740.0
2026-06-17 11:30:00,0.79318,0.7934,0.79287,0.79301,1345.0
2026-06-17 12:00:00,0.793,0.79345,0.79294,0.79322,1128.0
2026-06-17 12:30:00,0.79322,0.79348,0.79318,0.79326,731.0
2026-06-17 13:00:00,0.79327,0.79357,0.79318,0.7932,995.0
2026-06-17 13:30:00,0.79324,0.79327,0.7926,0.79268,894.0
2026-06-17 14:00:00,0.79267,0.79692,0.79266,0.79635,7823.0
2026-06-17 14:30:00,0.79636,0.79753,0.79478,0.7972,10252.0
2026-06-17 15:00:00,0.7972,0.80058,0.79695,0.80058,7588.0
2026-06-17 15:30:00,0.80055,0.80155,0.80028,0.80056,4945.0
2026-06-17 16:00:00,0.80055,0.80094,0.79994,0.8,1511.0
2026-06-17 16:30:00,0.80002,0.80002,0.7994,0.79976,828.0
2026-06-17 17:00:00,0.79964,0.7997,0.79922,0.79928,8995.0
2026-06-17 17:30:00,0.79936,0.79967,0.79931,0.79952,962.0
2026-06-17 18:00:00,0.79971,0.7999,0.79944,0.79985,792.0
2026-06-17 18:30:00,0.79986,0.7999,0.79959,0.79972,476.0
2026-06-17 19:00:00,0.79971,0.79972,0.7993,0.79948,382.0
2026-06-17 19:30:00,0.79948,0.79966,0.7993,0.79945,504.0
2026-06-17 20:00:00,0.79944,0.79944,0.7982,0.7993,1767.0
2026-06-17 20:30:00,0.79929,0.79931,0.79869,0.79886,1535.0
2026-06-17 21:00:00,0.79885,0.7989,0.79829,0.79834,1285.0
2026-06-17 21:30:00,0.79832,0.79884,0.79828,0.7988,1202.0
2026-06-17 22:00:00,0.7988,0.79908,0.79868,0.79889,1038.0
2026-06-17 22:30:00,0.7989,0.79896,0.79863,0.79882,837.0
2026-06-17 23:00:00,0.79881,0.79891,0.79853,0.79857,950.0
2026-06-17 23:30:00,0.79857,0.79876,0.79849,0.79866,425.0
2026-06-18 00:00:00,0.79864,0.79891,0.79848,0.79876,840.0
2026-06-18 00:30:00,0.79876,0.7988,0.79823,0.79849,869.0
2026-06-18 01:00:00,0.79848,0.79904,0.79842,0.79904,765.0
2026-06-18 01:30:00,0.79904,0.79957,0.79892,0.79954,824.0
2026-06-18 02:00:00,0.79953,0.79953,0.79848,0.79848,1321.0
2026-06-18 02:30:00,0.79849,0.799,0.79838,0.79892,1262.0
2026-06-18 03:00:00,0.79893,0.79968,0.79874,0.79912,1629.0
2026-06-18 03:30:00,0.79911,0.80078,0.79904,0.79998,2604.0
2026-06-18 04:00:00,0.79996,0.80168,0.79986,0.80149,2356.0
2026-06-18 04:30:00,0.80149,0.80259,0.80138,0.80246,1673.0
2026-06-18 05:00:00,0.80245,0.8027,0.80204,0.80254,2346.0
2026-06-18 05:30:00,0.80254,0.80282,0.80212,0.8026,1301.0
2026-06-18 06:00:00,0.8026,0.80403,0.80258,0.80287,1991.0
2026-06-18 06:30:00,0.80283,0.8038,0.80271,0.80379,1603.0
2026-06-18 07:00:00,0.80378,0.80467,0.80338,0.80409,2307.0
2026-06-18 07:30:00,0.8041,0.80482,0.80372,0.8047,1825.0
2026-06-18 08:00:00,0.80471,0.80498,0.80286,0.80359,2803.0
2026-06-18 08:30:00,0.8036,0.8041,0.80336,0.80366,1805.0
2026-06-18 09:00:00,0.80365,0.80451,0.80348,0.80366,3022.0
2026-06-18 09:30:00,0.80366,0.80366,0.80256,0.80335,4195.0
2026-06-18 10:00:00,0.80337,0.80382,0.80272,0.80301,2723.0
2026-06-18 10:30:00,0.80302,0.80334,0.80214,0.80227,2771.0
2026-06-18 11:00:00,0.80225,0.80332,0.8021,0.80316,1901.0
2026-06-18 11:30:00,0.8032,0.80406,0.8031,0.80405,2175.0
2026-06-18 12:00:00,0.80406,0.80472,0.80376,0.80424,1685.0
2026-06-18 12:30:00,0.80424,0.80488,0.80421,0.80456,1249.0
2026-06-18 13:00:00,0.80452,0.80468,0.8041,0.80432,1228.0
2026-06-18 13:30:00,0.80434,0.80492,0.80431,0.8049,1007.0
2026-06-18 14:00:00,0.8049,0.80522,0.80468,0.8049,1245.0
2026-06-18 14:30:00,0.80492,0.80518,0.80471,0.80514,1177.0
2026-06-18 15:00:00,0.80513,0.80622,0.80507,0.80596,1782.0
2026-06-18 15:30:00,0.80593,0.80595,0.80453,0.80482,2056.0
2026-06-18 16:00:00,0.80483,0.80501,0.80395,0.80418,539.0
2026-06-18 16:30:00,0.80414,0.80486,0.80392,0.80468,791.0
2026-06-18 17:00:00,0.80509,0.80516,0.8045,0.80458,16.0
2026-06-18 17:30:00,0.80466,0.805,0.80438,0.80465,1925.0
2026-06-18 18:00:00,0.80454,0.80471,0.80438,0.80452,638.0
2026-06-18 18:30:00,0.80451,0.80454,0.8043,0.80432,232.0
2026-06-18 19:00:00,0.80433,0.80458,0.80427,0.80458,308.0
2026-06-18 19:30:00,0.80462,0.80498,0.8046,0.80496,264.0
2026-06-18 20:00:00,0.80495,0.80496,0.8045,0.80488,1138.0
2026-06-18 20:30:00,0.80485,0.80485,0.80438,0.8047,1077.0
2026-06-18 21:00:00,0.80469,0.80498,0.80446,0.80485,1177.0
2026-06-18 21:30:00,0.80484,0.80578,0.80484,0.8057,608.0
2026-06-18 22:00:00,0.8057,0.80581,0.80526,0.80534,854.0
2026-06-18 22:30:00,0.80536,0.80588,0.80532,0.80582,659.0
2026-06-18 23:00:00,0.80582,0.80674,0.8058,0.80672,956.0
2026-06-18 23:30:00,0.80672,0.80699,0.80658,0.80693,904.0
2026-06-19 00:00:00,0.80694,0.80778,0.8069,0.80766,1005.0
2026-06-19 00:30:00,0.80766,0.80853,0.80728,0.80839,1257.0
2026-06-19 01:00:00,0.80839,0.80918,0.80837,0.80872,1626.0
2026-06-19 01:30:00,0.80872,0.80875,0.80748,0.80776,1574.0
2026-06-19 02:00:00,0.80777,0.80796,0.80688,0.80702,1386.0
2026-06-19 02:30:00,0.80703,0.80768,0.80657,0.80662,1231.0
2026-06-19 03:00:00,0.80662,0.8072,0.80615,0.80698,1620.0
2026-06-19 03:30:00,0.80698,0.8077,0.80692,0.80754,1657.0
2026-06-19 04:00:00,0.80752,0.80764,0.80605,0.80646,2100.0
2026-06-19 04:30:00,0.80646,0.80654,0.8058,0.8058,1206.0
2026-06-19 05:00:00,0.80578,0.80608,0.80541,0.8059,1158.0
2026-06-19 05:30:00,0.80591,0.80591,0.80538,0.80574,871.0
2026-06-19 06:00:00,0.80576,0.80652,0.8056,0.80636,1036.0
2026-06-19 06:30:00,0.80636,0.80664,0.80629,0.8064,1076.0
2026-06-19 07:00:00,0.80641,0.80668,0.80604,0.80645,983.0
2026-06-19 07:30:00,0.80647,0.80688,0.80632,0.80682,662.0
2026-06-19 08:00:00,0.8068,0.80694,0.80646,0.80692,1254.0
2026-06-19 08:30:00,0.80692,0.80735,0.80599,0.80645,2033.0
2026-06-19 09:00:00,0.80641,0.8078,0.80636,0.80728,1434.0
2026-06-19 09:30:00,0.8073,0.80764,0.8071,0.80739,1317.0
2026-06-19 10:00:00,0.8074,0.80796,0.80735,0.80762,1184.0
2026-06-19 10:30:00,0.80764,0.80798,0.80726,0.80772,1773.0
2026-06-19 11:00:00,0.8077,0.80778,0.8072,0.80752,1184.0
2026-06-19 11:30:00,0.80754,0.80806,0.80754,0.80782,450.0
2026-06-19 12:00:00,0.8078,0.80794,0.8073,0.80734,463.0
2026-06-19 12:30:00,0.80734,0.80774,0.8073,0.80754,430.0
2026-06-19 13:00:00,0.80754,0.80757,0.80714,0.80741,2930.0
2026-06-19 13:30:00,0.80742,0.80748,0.80702,0.80708,1472.0
2026-06-19 14:00:00,0.80706,0.8071,0.80669,0.80672,613.0
2026-06-19 14:30:00,0.80672,0.80691,0.80649,0.80663,3380.0
2026-06-19 15:00:00,0.80662,0.80668,0.80644,0.80652,2450.0
2026-06-19 15:30:00,0.80652,0.8068,0.80644,0.80678,713.0
2026-06-19 16:00:00,0.80677,0.80704,0.80664,0.80696,1834.0
2026-06-19 16:30:00,0.80696,0.80705,0.80656,0.80703,1609.0
2026-06-21 17:00:00,0.80745,0.80795,0.80737,0.80794,54.0
2026-06-21 17:30:00,0.80793,0.80794,0.80746,0.80755,175.0
2026-06-21 18:00:00,0.80756,0.80798,0.80736,0.80756,1076.0
2026-06-21 18:30:00,0.80756,0.80792,0.80754,0.80786,457.0
2026-06-21 19:00:00,0.80786,0.80794,0.80752,0.80786,536.0
2026-06-21 19:30:00,0.80786,0.80839,0.80786,0.8081,551.0
2026-06-21 20:00:00,0.80808,0.80828,0.80782,0.80802,1358.0
2026-06-21 20:30:00,0.80802,0.80859,0.80788,0.80789,1174.0
2026-06-21 21:00:00,0.80788,0.80788,0.80708,0.80742,2233.0
2026-06-21 21:30:00,0.80742,0.80814,0.80742,0.808,1524.0
2026-06-21 22:00:00,0.808,0.80812,0.80772,0.80789,1132.0
2026-06-21 22:30:00,0.8079,0.8079,0.80733,0.80756,981.0
2026-06-21 23:00:00,0.80755,0.80781,0.80728,0.80781,1160.0
2026-06-21 23:30:00,0.8078,0.80844,0.80778,0.80838,1121.0
2026-06-22 00:00:00,0.80838,0.80879,0.80834,0.80867,1291.0
2026-06-22 00:30:00,0.80866,0.8087,0.80842,0.8085,947.0
2026-06-22 01:00:00,0.8085,0.80863,0.80804,0.80805,761.0
2026-06-22 01:30:00,0.80804,0.80844,0.80784,0.80843,1235.0
2026-06-22 02:00:00,0.80844,0.80851,0.80777,0.80794,1597.0
2026-06-22 02:30:00,0.80795,0.8084,0.80766,0.80795,1596.0
2026-06-22 03:00:00,0.80796,0.80834,0.80766,0.80832,1462.0
2026-06-22 03:30:00,0.80834,0.80904,0.80834,0.80871,1508.0
2026-06-22 04:00:00,0.8087,0.80918,0.80789,0.80823,1837.0
2026-06-22 04:30:00,0.80825,0.80842,0.8078,0.80794,1753.0
2026-06-22 05:00:00,0.80791,0.80802,0.80694,0.8074,1736.0
2026-06-22 05:30:00,0.8074,0.80771,0.80703,0.80759,1425.0
2026-06-22 06:00:00,0.8076,0.80782,0.8072,0.80754,1547.0
2026-06-22 06:30:00,0.80751,0.808,0.8075,0.80796,1161.0
2026-06-22 07:00:00,0.80795,0.80852,0.80755,0.80837,1961.0
2026-06-22 07:30:00,0.80836,0.80881,0.80804,0.80872,1300.0
2026-06-22 08:00:00,0.80871,0.80876,0.80736,0.80746,1713.0
2026-06-22 08:30:00,0.80748,0.80846,0.80744,0.80846,1964.0
2026-06-22 09:00:00,0.80846,0.80944,0.80833,0.80932,3224.0
2026-06-22 09:30:00,0.80932,0.80968,0.80866,0.80964,2453.0
2026-06-22 10:00:00,0.80966,0.80974,0.80844,0.80866,3676.0
2026-06-22 10:30:00,0.80866,0.80928,0.80752,0.80781,4204.0
2026-06-22 11:00:00,0.8078,0.80834,0.80732,0.80825,1877.0
2026-06-22 11:30:00,0.80824,0.80919,0.8082,0.80912,1751.0
2026-06-22 12:00:00,0.80912,0.80954,0.80899,0.80925,1225.0
2026-06-22 12:30:00,0.80928,0.80942,0.80886,0.809,1005.0
2026-06-22 13:00:00,0.809,0.80916,0.80888,0.8091,729.0
2026-06-22 13:30:00,0.8091,0.80943,0.809,0.8091,646.0
2026-06-22 14:00:00,0.8091,0.8092,0.80882,0.80914,628.0
2026-06-22 14:30:00,0.80914,0.80934,0.80888,0.8091,753.0
2026-06-22 15:00:00,0.80907,0.80932,0.809,0.80925,778.0
2026-06-22 15:30:00,0.80925,0.80938,0.80865,0.80868,711.0
2026-06-22 16:00:00,0.80866,0.80873,0.80844,0.8085,342.0
2026-06-22 16:30:00,0.80853,0.80884,0.80852,0.8086,958.0
2026-06-22 17:00:00,0.80905,0.80905,0.80834,0.8087,501.0
2026-06-22 17:30:00,0.80872,0.80881,0.8085,0.8086,420.0
2026-06-22 18:00:00,0.80858,0.8088,0.80852,0.80873,456.0
2026-06-22 18:30:00,0.80871,0.80896,0.8087,0.80872,381.0
2026-06-22 19:00:00,0.80874,0.80888,0.80864,0.80882,278.0
2026-06-22 19:30:00,0.80884,0.80894,0.80878,0.80884,242.0
2026-06-22 20:00:00,0.80888,0.8092,0.80884,0.80888,1049.0
2026-06-22 20:30:00,0.80888,0.8089,0.80844,0.80856,1033.0
2026-06-22 21:00:00,0.80854,0.80894,0.80844,0.80884,1325.0
2026-06-22 21:30:00,0.80883,0.80896,0.80838,0.80858,1411.0
2026-06-22 22:00:00,0.80856,0.8086,0.80819,0.80849,1031.0
2026-06-22 22:30:00,0.80848,0.80883,0.80845,0.8088,861.0
2026-06-22 23:00:00,0.8088,0.80925,0.80866,0.80882,972.0
2026-06-22 23:30:00,0.80881,0.80894,0.8085,0.80852,882.0
2026-06-23 00:00:00,0.80849,0.8089,0.80848,0.80884,783.0
2026-06-23 00:30:00,0.80884,0.80927,0.80882,0.80922,993.0
2026-06-23 01:00:00,0.8092,0.80936,0.80897,0.809,733.0
2026-06-23 01:30:00,0.809,0.80918,0.80868,0.8089,1182.0
2026-06-23 02:00:00,0.80892,0.8091,0.80841,0.80873,1615.0
2026-06-23 02:30:00,0.80872,0.80912,0.80846,0.80901,1643.0
2026-06-23 03:00:00,0.80898,0.80911,0.8078,0.80788,2307.0
2026-06-23 03:30:00,0.80792,0.80942,0.80792,0.80918,2101.0
2026-06-23 04:00:00,0.80917,0.80976,0.8088,0.80958,2367.0
2026-06-23 04:30:00,0.80958,0.81004,0.80954,0.80978,1388.0
2026-06-23 05:00:00,0.8098,0.81022,0.80971,0.81001,1069.0
2026-06-23 05:30:00,0.80998,0.8102,0.80974,0.8098,990.0
2026-06-23 06:00:00,0.8098,0.81027,0.80966,0.81006,1073.0
2026-06-23 06:30:00,0.81006,0.81036,0.8097,0.81004,1361.0
2026-06-23 07:00:00,0.81005,0.81015,0.80931,0.80964,1517.0
2026-06-23 07:30:00,0.80962,0.81025,0.80956,0.81017,1306.0
2026-06-23 08:00:00,0.81018,0.81024,0.80954,0.80993,1733.0
2026-06-23 08:30:00,0.80992,0.80994,0.8091,0.80926,1906.0
2026-06-23 09:00:00,0.80926,0.80966,0.80879,0.8089,2100.0
2026-06-23 09:30:00,0.80886,0.80896,0.8075,0.80868,2741.0
2026-06-23 10:00:00,0.80866,0.81024,0.80854,0.80985,2401.0
2026-06-23 10:30:00,0.80984,0.81038,0.80941,0.80964,2818.0
2026-06-23 11:00:00,0.80962,0.80994,0.80894,0.80947,2132.0
2026-06-23 11:30:00,0.80947,0.80998,0.80932,0.80975,1589.0
2026-06-23 12:00:00,0.80974,0.81014,0.80952,0.8099,1098.0
2026-06-23 12:30:00,0.80992,0.81026,0.8097,0.81022,730.0
2026-06-23 13:00:00,0.81025,0.81048,0.81014,0.81037,890.0
2026-06-23 13:30:00,0.81036,0.81038,0.81009,0.81023,634.0
2026-06-23 14:00:00,0.81024,0.81042,0.81015,0.81042,616.0
2026-06-23 14:30:00,0.81044,0.81065,0.80998,0.80998,618.0
2026-06-23 15:00:00,0.80995,0.81003,0.80952,0.80971,765.0
2026-06-23 15:30:00,0.8097,0.80994,0.80964,0.80994,682.0
2026-06-23 16:00:00,0.80994,0.81002,0.80972,0.80986,436.0
2026-06-23 16:30:00,0.80988,0.8099,0.80946,0.80962,266.0
2026-06-23 17:00:00,0.80996,0.80998,0.80962,0.80978,153.0
2026-06-23 17:30:00,0.80976,0.81002,0.80952,0.80957,337.0
2026-06-23 18:00:00,0.8096,0.80988,0.80941,0.80966,481.0
2026-06-23 18:30:00,0.80965,0.80966,0.80933,0.80939,461.0
2026-06-23 19:00:00,0.80938,0.8097,0.80936,0.8097,284.0
2026-06-23 19:30:00,0.80969,0.80976,0.80938,0.80974,664.0
2026-06-23 20:00:00,0.80975,0.81041,0.80965,0.81034,1935.0
2026-06-23 20:30:00,0.81034,0.8104,0.8098,0.81005,1483.0
2026-06-23 21:00:00,0.81004,0.81043,0.80994,0.81016,1463.0
2026-06-23 21:30:00,0.81018,0.81024,0.80974,0.80976,1405.0
2026-06-23 22:00:00,0.80976,0.80996,0.8097,0.8099,1261.0
2026-06-23 22:30:00,0.80988,0.81054,0.80978,0.81048,1509.0
2026-06-23 23:00:00,0.81049,0.81108,0.81039,0.81072,1566.0
2026-06-23 23:30:00,0.81073,0.81082,0.8101,0.8103,918.0
2026-06-24 00:00:00,0.81029,0.81062,0.81014,0.81034,934.0
2026-06-24 00:30:00,0.81033,0.81086,0.81024,0.81078,657.0
2026-06-24 01:00:00,0.81078,0.81094,0.81052,0.81075,1018.0
2026-06-24 01:30:00,0.81076,0.81102,0.81064,0.81092,758.0
2026-06-24 02:00:00,0.81092,0.8115,0.81046,0.81148,1148.0
2026-06-24 02:30:00,0.81146,0.81168,0.81112,0.8116,1236.0
2026-06-24 03:00:00,0.81158,0.8119,0.81131,0.81137,1593.0
2026-06-24 03:30:00,0.81137,0.81172,0.81119,0.8117,1409.0
2026-06-24 04:00:00,0.81168,0.81242,0.81154,0.81155,1905.0
2026-06-24 04:30:00,0.81159,0.81229,0.81131,0.81156,1693.0
2026-06-24 05:00:00,0.81156,0.8123,0.81144,0.81219,1703.0
2026-06-24 05:30:00,0.81219,0.81236,0.81174,0.8121,1593.0
2026-06-24 06:00:00,0.8121,0.81272,0.81201,0.81252,1587.0
2026-06-24 06:30:00,0.81253,0.81275,0.81232,0.81262,1258.0
2026-06-24 07:00:00,0.81261,0.8131,0.81255,0.81275,1196.0
2026-06-24 07:30:00,0.81275,0.81286,0.812,0.81256,2245.0
2026-06-24 08:00:00,0.81256,0.81282,0.81213,0.81264,2104.0
2026-06-24 08:30:00,0.81266,0.8138,0.8126,0.81359,2322.0
2026-06-24 09:00:00,0.81357,0.81396,0.8125,0.81256,2667.0
2026-06-24 09:30:00,0.81253,0.81305,0.8122,0.81261,3185.0
2026-06-24 10:00:00,0.8126,0.8132,0.81206,0.81271,2980.0
2026-06-24 10:30:00,0.81272,0.8135,0.81245,0.81326,2551.0
2026-06-24 11:00:00,0.81324,0.81338,0.81146,0.81206,2464.0
2026-06-24 11:30:00,0.81206,0.81287,0.81205,0.81265,1689.0
2026-06-24 12:00:00,0.81264,0.81278,0.81192,0.81192,1591.0
2026-06-24 12:30:00,0.81192,0.81202,0.81138,0.81189,1788.0
2026-06-24 13:00:00,0.81188,0.81268,0.81176,0.81258,944.0
2026-06-24 13:30:00,0.81258,0.81287,0.81208,0.81286,1309.0
2026-06-24 14:00:00,0.81288,0.8129,0.81229,0.81236,1291.0
2026-06-24 14:30:00,0.81236,0.81262,0.81205,0.81246,1163.0
2026-06-24 15:00:00,0.81244,0.81296,0.81222,0.81265,881.0
2026-06-24 15:30:00,0.81264,0.81284,0.81246,0.81278,725.0
2026-06-24 16:00:00,0.81278,0.81292,0.81257,0.81257,622.0
2026-06-24 16:30:00,0.81256,0.81256,0.81226,0.81234,756.0
2026-06-24 17:00:00,0.81227,0.8126,0.81194,0.81246,423.0
2026-06-24 17:30:00,0.81248,0.81252,0.81214,0.81216,1129.0
2026-06-24 18:00:00,0.81218,0.81244,0.81212,0.81234,854.0
2026-06-24 18:30:00,0.81238,0.81244,0.81226,0.81241,184.0
2026-06-24 19:00:00,0.81242,0.8125,0.81234,0.81242,292.0
2026-06-24 19:30:00,0.81243,0.81266,0.81234,0.81264,275.0
2026-06-24 20:00:00,0.8126,0.81284,0.81254,0.81279,1115.0
2026-06-24 20:30:00,0.8128,0.81308,0.81238,0.81243,884.0
2026-06-24 21:00:00,0.81242,0.81248,0.8112,0.81166,1727.0
2026-06-24 21:30:00,0.81165,0.81206,0.81144,0.81186,1482.0
2026-06-24 22:00:00,0.81188,0.81199,0.81104,0.81114,1269.0
2026-06-24 22:30:00,0.81116,0.81146,0.81102,0.8114,904.0
2026-06-24 23:00:00,0.81141,0.81146,0.81094,0.81116,1269.0
2026-06-24 23:30:00,0.81116,0.81118,0.81066,0.81078,998.0
2026-06-25 00:00:00,0.81078,0.8109,0.81062,0.81076,677.0
2026-06-25 00:30:00,0.81075,0.81106,0.81068,0.81104,449.0
2026-06-25 01:00:00,0.81104,0.81147,0.81095,0.81136,539.0
2026-06-25 01:30:00,0.81137,0.81186,0.81122,0.81176,780.0
2026-06-25 02:00:00,0.81176,0.81196,0.8115,0.8117,863.0
2026-06-25 02:30:00,0.81171,0.81222,0.81163,0.812,1309.0
2026-06-25 03:00:00,0.81202,0.81269,0.81149,0.81189,2029.0
2026-06-25 03:30:00,0.81188,0.81189,0.81132,0.81133,1513.0
2026-06-25 04:00:00,0.81133,0.81145,0.81042,0.8105,1327.0
2026-06-25 04:30:00,0.81052,0.81096,0.81022,0.81084,1093.0
2026-06-25 05:00:00,0.81083,0.81144,0.81066,0.81108,871.0
2026-06-25 05:30:00,0.81106,0.81156,0.81078,0.8115,1004.0
2026-06-25 06:00:00,0.81152,0.812,0.8115,0.81191,843.0
2026-06-25 06:30:00,0.81193,0.81273,0.81192,0.81253,842.0
2026-06-25 07:00:00,0.81252,0.81296,0.81251,0.81286,978.0
2026-06-25 07:30:00,0.81288,0.81338,0.81259,0.81318,1472.0
2026-06-25 08:00:00,0.81318,0.81349,0.81312,0.8134,963.0
2026-06-25 08:30:00,0.8134,0.8134,0.81102,0.81216,4300.0
2026-06-25 09:00:00,0.81212,0.81238,0.81086,0.81114,3156.0
2026-06-25 09:30:00,0.81115,0.81138,0.81024,0.81089,3295.0
2026-06-25 10:00:00,0.81087,0.81101,0.80922,0.8105,3746.0
2026-06-25 10:30:00,0.81051,0.81068,0.80958,0.81003,2901.0
2026-06-25 11:00:00,0.81002,0.81034,0.80915,0.8093,2824.0
2026-06-25 11:30:00,0.80931,0.80997,0.80926,0.80935,1598.0
2026-06-25 12:00:00,0.80935,0.80975,0.80897,0.80905,1422.0
2026-06-25 12:30:00,0.80908,0.81004,0.80905,0.80996,1272.0
2026-06-25 13:00:00,0.80999,0.81018,0.8097,0.81002,1149.0
2026-06-25 13:30:00,0.81,0.8102,0.80969,0.80994,767.0
2026-06-25 14:00:00,0.80998,0.81041,0.80944,0.8095,1365.0
2026-06-25 14:30:00,0.8095,0.80988,0.8095,0.80978,1049.0
2026-06-25 15:00:00,0.80978,0.81006,0.80944,0.80946,796.0
2026-06-25 15:30:00,0.80946,0.81018,0.80934,0.80975,751.0
2026-06-25 16:00:00,0.80976,0.80994,0.80956,0.80988,418.0
2026-06-25 16:30:00,0.80989,0.81022,0.80984,0.81017,333.0
2026-06-25 17:00:00,0.80991,0.81046,0.8097,0.80992,288.0
2026-06-25 17:30:00,0.80995,0.81004,0.80976,0.80984,614.0
2026-06-25 18:00:00,0.80985,0.81022,0.80984,0.81021,537.0
2026-06-25 18:30:00,0.81022,0.81031,0.81004,0.81005,525.0
2026-06-25 19:00:00,0.81004,0.81066,0.80999,0.81055,782.0
2026-06-25 19:30:00,0.81056,0.81084,0.81048,0.81069,460.0
2026-06-25 20:00:00,0.8107,0.81084,0.81048,0.81048,1355.0
2026-06-25 20:30:00,0.81046,0.81051,0.81015,0.81037,1465.0
2026-06-25 21:00:00,0.81038,0.81044,0.81008,0.81025,1834.0
2026-06-25 21:30:00,0.81023,0.81096,0.81014,0.81072,1746.0
2026-06-25 22:00:00,0.81071,0.8112,0.81054,0.81112,1466.0
2026-06-25 22:30:00,0.8111,0.8111,0.81058,0.81058,1145.0
2026-06-25 23:00:00,0.81058,0.81062,0.81012,0.81016,957.0
2026-06-25 23:30:00,0.81016,0.81026,0.80936,0.80948,1510.0
2026-06-26 00:00:00,0.80946,0.80968,0.80896,0.80904,1391.0
2026-06-26 00:30:00,0.80904,0.8092,0.80852,0.80864,1036.0
2026-06-26 01:00:00,0.80866,0.80902,0.80852,0.80876,891.0
2026-06-26 01:30:00,0.80876,0.80901,0.80854,0.80876,1017.0
2026-06-26 02:00:00,0.80872,0.80929,0.80864,0.80876,930.0
2026-06-26 02:30:00,0.80877,0.8093,0.80849,0.8091,1525.0
2026-06-26 03:00:00,0.80912,0.8094,0.80856,0.80901,1453.0
2026-06-26 03:30:00,0.809,0.8091,0.808,0.80864,1471.0
2026-06-26 04:00:00,0.80866,0.80891,0.80776,0.8078,2190.0
2026-06-26 04:30:00,0.8078,0.80862,0.80778,0.8084,1641.0
2026-06-26 05:00:00,0.80839,0.8089,0.80839,0.80846,1260.0
2026-06-26 05:30:00,0.80848,0.80868,0.80762,0.80812,1627.0
2026-06-26 06:00:00,0.80813,0.8086,0.80807,0.80828,1345.0
2026-06-26 06:30:00,0.80825,0.80855,0.80809,0.80838,1149.0
2026-06-26 07:00:00,0.80838,0.80865,0.80824,0.80824,1226.0
2026-06-26 07:30:00,0.80826,0.8092,0.8082,0.80872,1506.0
2026-06-26 08:00:00,0.80872,0.80882,0.80826,0.80837,1326.0
2026-06-26 08:30:00,0.80837,0.80862,0.80702,0.80724,2567.0
2026-06-26 09:00:00,0.80722,0.808,0.80692,0.80715,3061.0
2026-06-26 09:30:00,0.80718,0.80754,0.80689,0.80689,2320.0
2026-06-26 10:00:00,0.8069,0.80768,0.8066,0.80768,2648.0
2026-06-26 10:30:00,0.80767,0.80924,0.80753,0.80917,3004.0
2026-06-26 11:00:00,0.80913,0.80924,0.80812,0.80822,2064.0
2026-06-26 11:30:00,0.80822,0.80889,0.808,0.80818,2009.0
2026-06-26 12:00:00,0.80818,0.80931,0.80814,0.80928,1414.0
2026-06-26 12:30:00,0.80927,0.8098,0.80906,0.80944,1307.0
2026-06-26 13:00:00,0.80942,0.80954,0.80918,0.80952,982.0
2026-06-26 13:30:00,0.80956,0.80983,0.80946,0.80976,888.0
2026-06-26 14:00:00,0.80976,0.80984,0.80933,0.8095,899.0
2026-06-26 14:30:00,0.80949,0.80974,0.80935,0.80972,690.0
2026-06-26 15:00:00,0.80974,0.8099,0.80944,0.80981,600.0
2026-06-26 15:30:00,0.80982,0.8099,0.80937,0.8095,741.0
2026-06-26 16:00:00,0.80949,0.80964,0.80922,0.80928,505.0
2026-06-26 16:30:00,0.80928,0.81023,0.8092,0.80983,1333.0
2026-06-28 17:00:00,0.81013,0.81021,0.81013,0.8102,37.0
2026-06-28 17:30:00,0.81018,0.81026,0.81014,0.81023,87.0
2026-06-28 18:00:00,0.81019,0.81036,0.81002,0.81025,274.0
2026-06-28 18:30:00,0.8102,0.81023,0.81006,0.81013,183.0
2026-06-28 19:00:00,0.81012,0.81014,0.80999,0.81014,352.0
2026-06-28 19:30:00,0.81016,0.81031,0.81,0.81008,415.0
2026-06-28 20:00:00,0.81009,0.8102,0.80966,0.81004,1660.0
2026-06-28 20:30:00,0.81005,0.81012,0.80972,0.80984,1050.0
2026-06-28 21:00:00,0.80984,0.8101,0.80966,0.8099,1162.0
2026-06-28 21:30:00,0.80988,0.81012,0.80964,0.81008,1386.0
2026-06-28 22:00:00,0.81007,0.81008,0.8094,0.80944,1063.0
2026-06-28 22:30:00,0.80947,0.80975,0.80947,0.80974,901.0
2026-06-28 23:00:00,0.80971,0.80974,0.80948,0.80961,1002.0
2026-06-28 23:30:00,0.80959,0.81002,0.80955,0.81002,843.0
2026-06-29 00:00:00,0.81002,0.8101,0.80988,0.80995,568.0
2026-06-29 00:30:00,0.80994,0.81012,0.80984,0.81,797.0
2026-06-29 01:00:00,0.80999,0.81,0.80966,0.8097,429.0
2026-06-29 01:30:00,0.80969,0.80969,0.80924,0.80926,838.0
2026-06-29 02:00:00,0.80927,0.80952,0.80926,0.80936,906.0
2026-06-29 02:30:00,0.80936,0.80942,0.80844,0.80856,1247.0
2026-06-29 03:00:00,0.80857,0.809,0.80851,0.80885,1290.0
2026-06-29 03:30:00,0.80884,0.80906,0.80848,0.80885,1176.0
2026-06-29 04:00:00,0.80884,0.8094,0.80852,0.80904,1153.0
2026-06-29 04:30:00,0.80903,0.80934,0.8088,0.80908,961.0
2026-06-29 05:00:00,0.80903,0.80908,0.80844,0.80862,1227.0
2026-06-29 05:30:00,0.80864,0.80916,0.80848,0.80866,945.0
2026-06-29 06:00:00,0.80868,0.8089,0.80841,0.80868,817.0
2026-06-29 06:30:00,0.80868,0.8088,0.80826,0.80837,1002.0
2026-06-29 07:00:00,0.80835,0.80863,0.8081,0.80852,923.0
2026-06-29 07:30:00,0.80853,0.8089,0.808,0.8082,1382.0
2026-06-29 08:00:00,0.80824,0.8089,0.80818,0.8088,1574.0
2026-06-29 08:30:00,0.8088,0.80902,0.80843,0.8088,1584.0
2026-06-29 09:00:00,0.80876,0.80896,0.80835,0.80836,1389.0
2026-06-29 09:30:00,0.80836,0.80876,0.808,0.80822,2011.0
2026-06-29 10:00:00,0.8082,0.80896,0.80771,0.80824,3211.0
2026-06-29 10:30:00,0.80826,0.80874,0.80784,0.80852,2845.0
2026-06-29 11:00:00,0.80851,0.80881,0.80822,0.80834,1565.0
2026-06-29 11:30:00,0.80832,0.80858,0.80796,0.80815,1569.0
2026-06-29 12:00:00,0.80815,0.80816,0.8078,0.80804,976.0
2026-06-29 12:30:00,0.80802,0.80802,0.8075,0.80774,728.0
2026-06-29 13:00:00,0.80774,0.80801,0.80759,0.80795,646.0
2026-06-29 13:30:00,0.80796,0.80802,0.80733,0.80748,764.0
2026-06-29 14:00:00,0.80748,0.80754,0.80726,0.80738,535.0
2026-06-29 14:30:00,0.80735,0.8076,0.8072,0.80746,678.0
2026-06-29 15:00:00,0.80749,0.80771,0.80726,0.80727,589.0
2026-06-29 15:30:00,0.80726,0.80744,0.8072,0.80732,508.0
2026-06-29 16:00:00,0.80732,0.80742,0.80716,0.80731,276.0
2026-06-29 16:30:00,0.80734,0.80762,0.80734,0.80754,195.0
2026-06-29 17:00:00,0.80816,0.80816,0.8075,0.80758,308.0
2026-06-29 17:30:00,0.80758,0.80772,0.80746,0.8075,465.0
2026-06-29 18:00:00,0.80753,0.80761,0.80736,0.80742,304.0
2026-06-29 18:30:00,0.80742,0.80756,0.80736,0.80742,212.0
2026-06-29 19:00:00,0.80742,0.80752,0.80736,0.80752,167.0
2026-06-29 19:30:00,0.8075,0.80782,0.80744,0.80782,279.0
2026-06-29 20:00:00,0.80782,0.80804,0.80764,0.80798,1076.0
2026-06-29 20:30:00,0.80799,0.80831,0.8077,0.8079,1534.0
2026-06-29 21:00:00,0.8079,0.80872,0.80782,0.80804,1857.0
2026-06-29 21:30:00,0.80801,0.80892,0.8079,0.80879,1600.0
2026-06-29 22:00:00,0.8088,0.80888,0.80858,0.80886,1138.0
2026-06-29 22:30:00,0.80887,0.809,0.8086,0.80882,900.0
2026-06-29 23:00:00,0.80879,0.80906,0.80866,0.80906,1116.0
2026-06-29 23:30:00,0.80906,0.80925,0.80902,0.80914,779.0
2026-06-30 00:00:00,0.80914,0.80937,0.8091,0.80936,583.0
2026-06-30 00:30:00,0.80938,0.80972,0.80918,0.8097,1038.0
2026-06-30 01:00:00,0.8097,0.80988,0.8094,0.80956,1354.0
2026-06-30 01:30:00,0.80956,0.81013,0.80948,0.80998,887.0
2026-06-30 02:00:00,0.80998,0.81012,0.80907,0.80921,1415.0
2026-06-30 02:30:00,0.80921,0.80953,0.80857,0.80864,1739.0
2026-06-30 03:00:00,0.80862,0.8088,0.8083,0.80856,1414.0
2026-06-30 03:30:00,0.80856,0.80943,0.80835,0.80936,1344.0
2026-06-30 04:00:00,0.80936,0.81,0.80923,0.8093,2477.0
2026-06-30 04:30:00,0.8093,0.80992,0.80928,0.80944,1864.0
2026-06-30 05:00:00,0.80944,0.80999,0.80923,0.80985,1630.0
2026-06-30 05:30:00,0.80984,0.81015,0.80946,0.80955,1288.0
2026-06-30 06:00:00,0.80955,0.80975,0.80924,0.80937,1044.0
2026-06-30 06:30:00,0.80936,0.80956,0.80875,0.80878,1066.0
2026-06-30 07:00:00,0.80878,0.8093,0.80849,0.80926,1462.0
2026-06-30 07:30:00,0.80924,0.80979,0.80919,0.80952,1373.0
2026-06-30 08:00:00,0.80952,0.80978,0.80929,0.80948,1668.0
2026-06-30 08:30:00,0.80949,0.80962,0.80862,0.80922,2268.0
2026-06-30 09:00:00,0.80923,0.80945,0.80846,0.80888,1538.0
2026-06-30 09:30:00,0.80888,0.80908,0.80868,0.80903,1765.0
2026-06-30 10:00:00,0.80906,0.80967,0.80828,0.80859,3072.0
2026-06-30 10:30:00,0.8086,0.80862,0.80631,0.8067,4687.0
2026-06-30 11:00:00,0.80672,0.80803,0.80642,0.80802,2867.0
2026-06-30 11:30:00,0.808,0.80834,0.8078,0.80824,1784.0
2026-06-30 12:00:00,0.80824,0.80874,0.80824,0.8085,1106.0
2026-06-30 12:30:00,0.8085,0.80881,0.80831,0.80868,789.0
2026-06-30 13:00:00,0.80866,0.80872,0.80828,0.80834,967.0
2026-06-30 13:30:00,0.80836,0.80836,0.80794,0.8081,675.0
2026-06-30 14:00:00,0.8081,0.80811,0.8076,0.80781,885.0
2026-06-30 14:30:00,0.80782,0.80828,0.80772,0.80824,778.0
2026-06-30 15:00:00,0.80829,0.80862,0.80809,0.80862,680.0
2026-06-30 15:30:00,0.80864,0.80868,0.80794,0.80796,945.0
2026-06-30 16:00:00,0.80795,0.80816,0.80789,0.80806,468.0
2026-06-30 16:30:00,0.80805,0.80839,0.80805,0.80833,316.0
2026-06-30 17:00:00,0.80818,0.80831,0.80794,0.80822,299.0
2026-06-30 17:30:00,0.80822,0.8084,0.8077,0.80794,2323.0
2026-06-30 18:00:00,0.80787,0.80834,0.80784,0.80826,351.0
2026-06-30 18:30:00,0.8083,0.80846,0.80824,0.80837,246.0
2026-06-30 19:00:00,0.80836,0.80852,0.80822,0.80852,258.0
2026-06-30 19:30:00,0.8085,0.8088,0.80832,0.80874,318.0
2026-06-30 20:00:00,0.80876,0.809,0.80862,0.80869,904.0
2026-06-30 20:30:00,0.80868,0.80909,0.80868,0.80893,1120.0
2026-06-30 21:00:00,0.80894,0.80937,0.80892,0.8092,1137.0
2026-06-30 21:30:00,0.8092,0.80944,0.8091,0.80923,1062.0
2026-06-30 22:00:00,0.8092,0.80934,0.80898,0.80926,1136.0
2026-06-30 22:30:00,0.80927,0.80936,0.80909,0.80928,930.0
2026-06-30 23:00:00,0.80928,0.80945,0.80904,0.8094,700.0
2026-06-30 23:30:00,0.80938,0.80964,0.80934,0.8094,926.0
2026-07-01 00:00:00,0.80942,0.80961,0.80938,0.80942,563.0
2026-07-01 00:30:00,0.80941,0.80942,0.80894,0.8091,1057.0
2026-07-01 01:00:00,0.8091,0.80917,0.80894,0.80898,550.0
2026-07-01 01:30:00,0.809,0.80936,0.80892,0.80923,607.0
2026-07-01 02:00:00,0.80925,0.80954,0.809,0.80937,883.0
2026-07-01 02:30:00,0.80934,0.8096,0.80926,0.80949,757.0
2026-07-01 03:00:00,0.8095,0.81023,0.80934,0.81023,1368.0
2026-07-01 03:30:00,0.81024,0.81026,0.80945,0.8096,1408.0
2026-07-01 04:00:00,0.80961,0.81014,0.80961,0.81,1082.0
2026-07-01 04:30:00,0.81004,0.81016,0.80946,0.80977,926.0
2026-07-01 05:00:00,0.80979,0.81005,0.80958,0.80993,1159.0
2026-07-01 05:30:00,0.80994,0.81049,0.80992,0.81044,1100.0
2026-07-01 06:00:00,0.81042,0.81049,0.80996,0.80996,1025.0
2026-07-01 06:30:00,0.80992,0.80995,0.80954,0.8097,965.0
2026-07-01 07:00:00,0.8097,0.81018,0.80966,0.81004,961.0
2026-07-01 07:30:00,0.81004,0.81092,0.81001,0.8109,1190.0
2026-07-01 08:00:00,0.8109,0.8113,0.81058,0.81094,1686.0
2026-07-01 08:30:00,0.81092,0.81178,0.81081,0.81153,2336.0
2026-07-01 09:00:00,0.81152,0.81202,0.81019,0.8103,3831.0
2026-07-01 09:30:00,0.8103,0.81058,0.80855,0.80946,5093.0
2026-07-01 10:00:00,0.80938,0.8096,0.80804,0.80897,3676.0
2026-07-01 10:30:00,0.80898,0.8091,0.808,0.80831,3126.0
2026-07-01 11:00:00,0.80832,0.80886,0.80812,0.80815,2510.0
2026-07-01 11:30:00,0.80816,0.80909,0.80812,0.80855,1516.0
2026-07-01 12:00:00,0.80854,0.80858,0.80781,0.80826,1756.0
2026-07-01 12:30:00,0.80827,0.80876,0.80824,0.80876,1602.0
2026-07-01 13:00:00,0.80875,0.80892,0.80844,0.80868,1312.0
2026-07-01 13:30:00,0.80864,0.80906,0.80856,0.8088,1070.0
2026-07-01 14:00:00,0.8088,0.8095,0.80875,0.8093,882.0
2026-07-01 14:30:00,0.8093,0.80937,0.80912,0.80917,728.0
2026-07-01 15:00:00,0.80917,0.8094,0.80904,0.80925,740.0
2026-07-01 15:30:00,0.80925,0.80944,0.8091,0.80934,821.0
2026-07-01 16:00:00,0.80936,0.80953,0.80925,0.80948,304.0
2026-07-01 16:30:00,0.80948,0.8098,0.80944,0.80953,270.0
2026-07-01 17:00:00,0.80962,0.80997,0.80895,0.80919,5783.0
2026-07-01 17:30:00,0.80913,0.80944,0.80896,0.80942,550.0
2026-07-01 18:00:00,0.8094,0.80959,0.80929,0.80936,181.0
2026-07-01 18:30:00,0.80936,0.8094,0.80928,0.80932,99.0
2026-07-01 19:00:00,0.8093,0.80949,0.80924,0.80932,150.0
2026-07-01 19:30:00,0.80931,0.80934,0.80918,0.80924,205.0
2026-07-01 20:00:00,0.80924,0.8096,0.8088,0.80957,1300.0
2026-07-01 20:30:00,0.80958,0.8097,0.80918,0.80937,875.0
2026-07-01 21:00:00,0.80938,0.8094,0.80912,0.80924,1147.0
2026-07-01 21:30:00,0.80924,0.80943,0.80868,0.80906,1508.0
2026-07-01 22:00:00,0.80906,0.80909,0.80846,0.80872,955.0
2026-07-01 22:30:00,0.8087,0.80899,0.80862,0.80894,731.0
2026-07-01 23:00:00,0.80894,0.80928,0.80886,0.80909,699.0
2026-07-01 23:30:00,0.80907,0.80913,0.80882,0.80884,827.0
2026-07-02 00:00:00,0.80883,0.80885,0.80844,0.80879,1132.0
2026-07-02 00:30:00,0.80878,0.80888,0.80856,0.8087,675.0
2026-07-02 01:00:00,0.8087,0.80877,0.80852,0.8087,644.0
2026-07-02 01:30:00,0.8087,0.80892,0.80866,0.80872,545.0
2026-07-02 02:00:00,0.8087,0.80872,0.80804,0.80856,1230.0
2026-07-02 02:30:00,0.80857,0.80866,0.80742,0.80802,2586.0
2026-07-02 03:00:00,0.80803,0.80832,0.80754,0.80758,2043.0
2026-07-02 03:30:00,0.80754,0.80792,0.80662,0.80672,1657.0
2026-07-02 04:00:00,0.80672,0.80676,0.80449,0.80511,3110.0
2026-07-02 04:30:00,0.80513,0.80536,0.80414,0.80422,2476.0
2026-07-02 05:00:00,0.80423,0.80536,0.804,0.80529,2405.0
2026-07-02 05:30:00,0.80526,0.8055,0.80474,0.80524,1782.0
2026-07-02 06:00:00,0.80524,0.806,0.80515,0.80576,1573.0
2026-07-02 06:30:00,0.80578,0.80615,0.8056,0.80566,1093.0
2026-07-02 07:00:00,0.80566,0.80618,0.80564,0.80579,1341.0
2026-07-02 07:30:00,0.80578,0.8068,0.8057,0.80652,1379.0
2026-07-02 08:00:00,0.80653,0.80742,0.80651,0.80715,2024.0
2026-07-02 08:30:00,0.80716,0.80741,0.801,0.80314,12817.0
2026-07-02 09:00:00,0.80314,0.80387,0.80259,0.80359,5401.0
2026-07-02 09:30:00,0.8036,0.80364,0.80246,0.8025,3983.0
2026-07-02 10:00:00,0.8025,0.80313,0.8018,0.80275,3755.0
2026-07-02 10:30:00,0.80274,0.80326,0.80228,0.80235,3206.0
2026-07-02 11:00:00,0.80234,0.80269,0.80198,0.80245,2789.0
2026-07-02 11:30:00,0.80244,0.80246,0.80161,0.80224,1797.0
2026-07-02 12:00:00,0.8022,0.80278,0.80206,0.80278,1539.0
2026-07-02 12:30:00,0.8028,0.80299,0.80258,0.80294,1060.0
2026-07-02 13:00:00,0.80295,0.80385,0.80295,0.80374,1527.0
2026-07-02 13:30:00,0.80374,0.80406,0.80362,0.8038,1303.0
2026-07-02 14:00:00,0.8038,0.80393,0.80332,0.80358,1238.0
2026-07-02 14:30:00,0.80356,0.80366,0.80327,0.80354,981.0
2026-07-02 15:00:00,0.80355,0.80378,0.80348,0.80368,697.0
2026-07-02 15:30:00,0.8037,0.8038,0.80345,0.80356,781.0
2026-07-02 16:00:00,0.80356,0.80364,0.80314,0.80322,285.0
2026-07-02 16:30:00,0.80324,0.80353,0.80322,0.80351,237.0
2026-07-02 17:00:00,0.80351,0.8038,0.80314,0.80335,481.0
2026-07-02 17:30:00,0.80324,0.8036,0.80321,0.80339,1686.0
2026-07-02 18:00:00,0.80338,0.80374,0.80325,0.80373,439.0
2026-07-02 18:30:00,0.80372,0.80408,0.8037,0.80393,539.0
2026-07-02 19:00:00,0.80394,0.80402,0.80379,0.80382,507.0
2026-07-02 19:30:00,0.80382,0.8045,0.80382,0.80444,640.0
2026-07-02 20:00:00,0.80446,0.8047,0.80424,0.80454,1599.0
2026-07-02 20:30:00,0.80453,0.80468,0.80378,0.8038,1461.0
2026-07-02 21:00:00,0.80378,0.80383,0.80259,0.80308,2043.0
2026-07-02 21:30:00,0.80308,0.80334,0.80274,0.80325,1830.0
2026-07-02 22:00:00,0.80324,0.80331,0.80252,0.8026,1331.0
2026-07-02 22:30:00,0.8026,0.80298,0.8025,0.80291,1236.0
2026-07-02 23:00:00,0.80292,0.8031,0.80284,0.80294,1051.0
2026-07-02 23:30:00,0.80294,0.80303,0.80278,0.80286,1339.0
2026-07-03 00:00:00,0.80286,0.803,0.80265,0.80272,973.0
2026-07-03 00:30:00,0.80271,0.80278,0.80244,0.80244,675.0
2026-07-03 01:00:00,0.80244,0.80246,0.80188,0.802,1033.0
2026-07-03 01:30:00,0.802,0.80234,0.80182,0.80223,871.0
2026-07-03 02:00:00,0.80225,0.80225,0.8015,0.80184,1123.0
2026-07-03 02:30:00,0.80182,0.80188,0.80106,0.80164,1732.0
2026-07-03 03:00:00,0.80168,0.80184,0.80144,0.80153,1017.0
2026-07-03 03:30:00,0.80154,0.8024,0.80146,0.80189,966.0
2026-07-03 04:00:00,0.80187,0.80231,0.8018,0.8021,873.0
2026-07-03 04:30:00,0.80212,0.80256,0.80194,0.80254,796.0
2026-07-03 05:00:00,0.80256,0.8028,0.8024,0.80279,735.0
2026-07-03 05:30:00,0.80276,0.80332,0.80271,0.80328,547.0
2026-07-03 06:00:00,0.8033,0.80332,0.80274,0.80294,681.0
2026-07-03 06:30:00,0.80295,0.80316,0.80268,0.80316,462.0
2026-07-03 07:00:00,0.80316,0.8034,0.80248,0.80282,1032.0
2026-07-03 07:30:00,0.80282,0.80306,0.80262,0.80264,859.0
2026-07-03 08:00:00,0.80265,0.80317,0.80236,0.80308,1035.0
2026-07-03 08:30:00,0.80307,0.8033,0.80282,0.80318,883.0
2026-07-03 09:00:00,0.80318,0.80366,0.8031,0.80353,930.0
2026-07-03 09:30:00,0.80354,0.80366,0.80335,0.80355,878.0
2026-07-03 10:00:00,0.80356,0.8037,0.80294,0.80295,735.0
2026-07-03 10:30:00,0.80294,0.80341,0.80285,0.80337,753.0
2026-07-03 11:00:00,0.80336,0.80356,0.80314,0.8034,614.0
2026-07-03 11:30:00,0.80338,0.80368,0.80331,0.80342,449.0
2026-07-03 12:00:00,0.80341,0.80361,0.80334,0.80356,255.0
2026-07-03 12:30:00,0.80356,0.80371,0.80347,0.80357,267.0
2026-07-03 13:00:00,0.80356,0.8036,0.80325,0.8033,3407.0
2026-07-03 13:30:00,0.8033,0.80349,0.80323,0.80342,3509.0
2026-07-03 14:00:00,0.8034,0.80346,0.80326,0.80342,5092.0
2026-07-03 14:30:00,0.8034,0.8036,0.80303,0.80354,6375.0
2026-07-03 15:00:00,0.80356,0.80365,0.80322,0.8036,2335.0
2026-07-03 15:30:00,0.80362,0.80392,0.80358,0.8038,2381.0
2026-07-03 16:00:00,0.80384,0.80398,0.80378,0.8039,177.0
2026-07-03 16:30:00,0.80388,0.80399,0.80341,0.80341,917.0
2026-07-05 17:00:00,0.80342,0.80342,0.80333,0.80334,40.0
2026-07-05 17:30:00,0.80334,0.80364,0.80327,0.80364,440.0
2026-07-05 18:00:00,0.80359,0.80375,0.80348,0.80373,264.0
2026-07-05 18:30:00,0.80372,0.80388,0.80356,0.80382,218.0
2026-07-05 19:00:00,0.8038,0.80407,0.80378,0.80383,396.0
2026-07-05 19:30:00,0.80383,0.80394,0.8036,0.8038,732.0
2026-07-05 20:00:00,0.80383,0.80416,0.8035,0.8036,1225.0
2026-07-05 20:30:00,0.8036,0.80372,0.80338,0.8036,1464.0
2026-07-05 21:00:00,0.80361,0.80438,0.80356,0.80431,1132.0
2026-07-05 21:30:00,0.8043,0.80468,0.80404,0.80466,896.0
2026-07-05 22:00:00,0.80466,0.80476,0.80445,0.80458,999.0
2026-07-05 22:30:00,0.80458,0.80466,0.80414,0.80425,861.0
2026-07-05 23:00:00,0.80426,0.8046,0.80409,0.8046,612.0
2026-07-05 23:30:00,0.8046,0.80471,0.80439,0.80448,508.0
2026-07-06 00:00:00,0.80446,0.80448,0.8043,0.80445,366.0
2026-07-06 00:30:00,0.80444,0.80452,0.80434,0.80444,465.0
2026-07-06 01:00:00,0.80441,0.8047,0.80439,0.80465,405.0
2026-07-06 01:30:00,0.80468,0.80514,0.80443,0.8051,592.0
2026-07-06 02:00:00,0.80512,0.80548,0.80478,0.80539,1042.0
2026-07-06 02:30:00,0.8054,0.8059,0.80514,0.8057,1240.0
2026-07-06 03:00:00,0.80568,0.80603,0.80518,0.80572,1536.0
2026-07-06 03:30:00,0.80572,0.80572,0.80459,0.80465,1207.0
2026-07-06 04:00:00,0.80467,0.80545,0.8046,0.80524,1407.0
2026-07-06 04:30:00,0.80524,0.80574,0.80518,0.8054,945.0
2026-07-06 05:00:00,0.80541,0.80585,0.80535,0.80544,1120.0
2026-07-06 05:30:00,0.80544,0.80604,0.80532,0.80596,722.0
2026-07-06 06:00:00,0.80595,0.80618,0.80527,0.80564,1020.0
2026-07-06 06:30:00,0.80569,0.80578,0.8054,0.80566,638.0
2026-07-06 07:00:00,0.80566,0.80602,0.80566,0.806,857.0
2026-07-06 07:30:00,0.806,0.80639,0.80586,0.80598,1050.0
2026-07-06 08:00:00,0.80599,0.8061,0.80558,0.80576,1143.0
2026-07-06 08:30:00,0.80576,0.80654,0.80572,0.8064,968.0
2026-07-06 09:00:00,0.80637,0.8065,0.80559,0.80588,1323.0
2026-07-06 09:30:00,0.80588,0.80706,0.80572,0.80674,1376.0
2026-07-06 10:00:00,0.80676,0.8072,0.80648,0.80716,1372.0
2026-07-06 10:30:00,0.80715,0.80732,0.80645,0.80654,1482.0
2026-07-06 11:00:00,0.80653,0.80697,0.80639,0.80664,1186.0
2026-07-06 11:30:00,0.80664,0.80674,0.80602,0.80631,984.0
2026-07-06 12:00:00,0.8063,0.80636,0.8059,0.80605,645.0
2026-07-06 12:30:00,0.80607,0.80623,0.80581,0.80602,667.0
2026-07-06 13:00:00,0.80604,0.80606,0.80546,0.80554,642.0
2026-07-06 13:30:00,0.80556,0.80566,0.80528,0.80542,800.0
2026-07-06 14:00:00,0.80543,0.8056,0.80524,0.80524,583.0
2026-07-06 14:30:00,0.80525,0.80537,0.80468,0.80492,668.0
2026-07-06 15:00:00,0.80495,0.80517,0.80488,0.80508,544.0
2026-07-06 15:30:00,0.80508,0.80533,0.80483,0.80528,807.0
2026-07-06 16:00:00,0.80527,0.80543,0.80512,0.80529,372.0
2026-07-06 16:30:00,0.8053,0.80543,0.80518,0.80521,550.0
