Timestamp,Open,High,Low,Close,Volume
2022-04-21 06:00:00,75.98,75.992,75.938,75.972,192.0
2022-04-21 07:00:00,75.976,76.034,75.976,76.024,118.0
2022-04-21 08:00:00,76.026,76.048,76.026,76.032,45.0
2022-04-21 09:00:00,76.03,76.03,75.978,76.026,118.0
2022-04-21 10:00:00,76.026,76.04,76.0,76.038,98.0
2022-04-21 11:00:00,76.04,76.088,76.022,76.086,73.0
2022-04-21 12:00:00,76.088,76.154,76.086,76.148,165.0
2022-04-21 13:00:00,76.152,76.158,76.056,76.062,138.0
2022-04-21 14:00:00,76.06,76.098,76.06,76.084,69.0
2022-04-21 15:00:00,76.092,76.132,76.076,76.092,146.0
2022-04-21 16:00:00,76.092,76.092,76.092,76.092,1.0
2022-04-21 17:00:00,76.092,76.092,76.092,76.092,1.0
2022-04-21 22:00:00,76.079,76.157,76.079,76.143,11.0
2022-04-21 23:00:00,76.146,76.149,76.09,76.096,180.0
2022-04-22 00:00:00,76.094,76.132,76.046,76.108,188.0
2022-04-22 01:00:00,76.104,76.104,76.05,76.072,239.0
2022-04-22 02:00:00,76.074,76.262,76.008,76.254,727.0
2022-04-22 03:00:00,76.258,76.262,76.118,76.172,500.0
2022-04-22 04:00:00,76.17,76.31,76.142,76.25,554.0
2022-04-22 05:00:00,76.254,76.324,76.25,76.306,523.0
2022-04-22 06:00:00,76.302,76.366,76.222,76.258,315.0
2022-04-22 07:00:00,76.256,76.266,76.208,76.254,204.0
2022-04-22 08:00:00,76.252,76.314,76.246,76.284,84.0
2022-04-22 09:00:00,76.286,76.384,76.258,76.366,181.0
2022-04-22 10:00:00,76.366,76.374,76.31,76.316,186.0
2022-04-22 11:00:00,76.312,76.402,76.292,76.372,189.0
2022-04-22 12:00:00,76.364,76.38,76.346,76.354,87.0
2022-04-22 13:00:00,76.358,76.368,76.316,76.324,34.0
2022-04-22 14:00:00,76.326,76.346,76.316,76.326,74.0
2022-04-22 15:00:00,76.319,76.321,76.276,76.309,59.0
2022-04-22 16:00:00,76.312,76.315,76.312,76.315,3.0
2022-04-24 17:00:00,76.315,76.315,76.315,76.315,1.0
2022-04-24 22:00:00,76.5,76.503,76.398,76.406,38.0
2022-04-24 23:00:00,76.418,76.53,76.418,76.462,336.0
2022-04-25 00:00:00,76.466,76.55,76.466,76.484,338.0
2022-04-25 01:00:00,76.486,76.524,76.436,76.504,287.0
2022-04-25 02:00:00,76.508,76.63,76.478,76.58,670.0
2022-04-25 03:00:00,76.578,76.588,76.454,76.474,453.0
2022-04-25 04:00:00,76.478,76.516,76.406,76.516,706.0
2022-04-25 05:00:00,76.522,76.548,76.494,76.534,237.0
2022-04-25 06:00:00,76.536,76.578,76.524,76.568,297.0
2022-04-25 07:00:00,76.57,76.584,76.404,76.43,253.0
2022-04-25 08:00:00,76.432,76.546,76.432,76.522,167.0
2022-04-25 09:00:00,76.524,76.56,76.524,76.542,151.0
2022-04-25 10:00:00,76.542,76.592,76.53,76.586,99.0
2022-04-25 11:00:00,76.58,76.61,76.522,76.53,131.0
2022-04-25 12:00:00,76.528,76.528,76.386,76.406,146.0
2022-04-25 13:00:00,76.408,76.412,76.394,76.406,38.0
2022-04-25 14:00:00,76.402,76.406,76.396,76.399,12.0
2022-04-25 15:00:00,76.396,76.427,76.363,76.422,28.0
2022-04-25 16:00:00,76.422,76.422,76.422,76.422,1.0
2022-04-25 17:00:00,76.422,76.422,76.422,76.422,1.0
2022-04-25 22:00:00,76.415,76.418,76.357,76.357,14.0
2022-04-25 23:00:00,76.345,76.38,76.291,76.334,356.0
2022-04-26 00:00:00,76.33,76.348,76.284,76.346,220.0
2022-04-26 01:00:00,76.35,76.384,76.314,76.332,255.0
2022-04-26 02:00:00,76.33,76.486,76.324,76.468,433.0
2022-04-26 03:00:00,76.472,76.534,76.448,76.486,430.0
2022-04-26 04:00:00,76.488,76.504,76.42,76.472,363.0
2022-04-26 05:00:00,76.466,76.468,76.402,76.416,211.0
2022-04-26 06:00:00,76.414,76.442,76.402,76.426,149.0
2022-04-26 07:00:00,76.43,76.456,76.394,76.432,114.0
2022-04-26 08:00:00,76.434,76.504,76.434,76.482,144.0
2022-04-26 09:00:00,76.486,76.494,76.404,76.456,160.0
2022-04-26 10:00:00,76.456,76.538,76.424,76.526,190.0
2022-04-26 11:00:00,76.53,76.552,76.48,76.544,141.0
2022-04-26 12:00:00,76.548,76.552,76.518,76.546,72.0
2022-04-26 13:00:00,76.548,76.552,76.532,76.552,17.0
2022-04-26 14:00:00,76.554,76.566,76.521,76.535,63.0
2022-04-26 15:00:00,76.537,76.59,76.537,76.581,44.0
2022-04-26 16:00:00,76.578,76.578,76.575,76.575,3.0
2022-04-26 17:00:00,76.575,76.575,76.575,76.575,1.0
2022-04-26 22:00:00,76.599,76.6,76.581,76.594,26.0
2022-04-26 23:00:00,76.585,76.585,76.47,76.546,196.0
2022-04-27 00:00:00,76.544,76.544,76.476,76.476,116.0
2022-04-27 01:00:00,76.472,76.498,76.46,76.498,130.0
2022-04-27 02:00:00,76.502,76.504,76.462,76.482,169.0
2022-04-27 03:00:00,76.478,76.608,76.462,76.472,518.0
2022-04-27 04:00:00,76.474,76.524,76.412,76.492,390.0
2022-04-27 05:00:00,76.496,76.496,76.344,76.376,493.0
2022-04-27 06:00:00,76.372,76.422,76.366,76.408,276.0
2022-04-27 07:00:00,76.412,76.458,76.398,76.448,133.0
2022-04-27 08:00:00,76.452,76.54,76.428,76.486,212.0
2022-04-27 09:00:00,76.492,76.502,76.388,76.404,155.0
2022-04-27 10:00:00,76.404,76.524,76.394,76.502,190.0
2022-04-27 11:00:00,76.506,76.512,76.406,76.406,92.0
2022-04-27 12:00:00,76.4,76.404,76.336,76.336,26.0
2022-04-27 13:00:00,76.338,76.354,76.308,76.324,28.0
2022-04-27 14:00:00,76.32,76.326,76.294,76.315,62.0
2022-04-27 15:00:00,76.318,76.379,76.312,76.353,54.0
2022-04-27 16:00:00,76.356,76.356,76.356,76.356,2.0
2022-04-27 17:00:00,76.356,76.356,76.356,76.356,1.0
2022-04-27 22:00:00,76.366,76.409,76.351,76.351,21.0
2022-04-27 23:00:00,76.357,76.51,76.357,76.504,605.0
2022-04-28 00:00:00,76.502,76.514,76.446,76.504,360.0
2022-04-28 01:00:00,76.502,76.542,76.446,76.48,476.0
2022-04-28 02:00:00,76.478,76.504,76.418,76.428,567.0
2022-04-28 03:00:00,76.432,76.438,76.306,76.364,764.0
2022-04-28 04:00:00,76.36,76.408,76.354,76.38,309.0
2022-04-28 05:00:00,76.378,76.382,76.256,76.314,514.0
2022-04-28 06:00:00,76.312,76.442,76.304,76.442,314.0
2022-04-28 07:00:00,76.438,76.492,76.42,76.478,207.0
2022-04-28 08:00:00,76.472,76.504,76.414,76.496,555.0
2022-04-28 09:00:00,76.498,76.498,76.446,76.474,143.0
2022-04-28 10:00:00,76.474,76.554,76.474,76.536,145.0
2022-04-28 11:00:00,76.528,76.528,76.472,76.498,68.0
2022-04-28 12:00:00,76.496,76.52,76.468,76.48,87.0
2022-04-28 13:00:00,76.482,76.494,76.45,76.48,61.0
2022-04-28 14:00:00,76.478,76.483,76.478,76.483,10.0
2022-04-28 15:00:00,76.486,76.536,76.484,76.484,34.0
2022-04-28 16:00:00,76.484,76.484,76.484,76.484,1.0
2022-04-28 17:00:00,76.484,76.484,76.484,76.484,1.0
2022-04-28 22:00:00,76.479,76.54,76.472,76.54,60.0
2022-04-28 23:00:00,76.544,76.55,76.37,76.434,579.0
2022-04-29 00:00:00,76.438,76.442,76.384,76.392,310.0
2022-04-29 01:00:00,76.39,76.392,76.276,76.32,471.0
2022-04-29 02:00:00,76.324,76.332,76.228,76.252,366.0
2022-04-29 03:00:00,76.254,76.294,76.098,76.192,622.0
2022-04-29 04:00:00,76.188,76.218,76.128,76.206,299.0
2022-04-29 05:00:00,76.202,76.292,76.18,76.258,370.0
2022-04-29 06:00:00,76.26,76.272,76.234,76.266,203.0
2022-04-29 07:00:00,76.262,76.402,76.26,76.356,213.0
2022-04-29 08:00:00,76.358,76.46,76.344,76.366,363.0
2022-04-29 09:00:00,76.372,76.394,76.354,76.354,103.0
2022-04-29 10:00:00,76.354,76.378,76.32,76.326,158.0
2022-04-29 11:00:00,76.322,76.37,76.318,76.354,112.0
2022-04-29 12:00:00,76.356,76.38,76.354,76.378,26.0
2022-04-29 13:00:00,76.372,76.378,76.34,76.342,90.0
2022-04-29 14:00:00,76.346,76.358,76.32,76.331,28.0
2022-04-29 15:00:00,76.337,76.397,76.337,76.389,36.0
2022-04-29 16:00:00,76.395,76.395,76.395,76.395,2.0
2022-05-01 17:00:00,76.395,76.395,76.395,76.395,1.0
2022-05-01 22:00:00,76.407,76.484,76.402,76.436,16.0
2022-05-01 23:00:00,76.439,76.444,76.284,76.314,240.0
2022-05-02 00:00:00,76.318,76.336,76.256,76.314,216.0
2022-05-02 01:00:00,76.312,76.348,76.302,76.308,233.0
2022-05-02 02:00:00,76.306,76.348,76.24,76.242,295.0
2022-05-02 03:00:00,76.246,76.314,76.198,76.302,464.0
2022-05-02 04:00:00,76.298,76.33,76.246,76.296,508.0
2022-05-02 05:00:00,76.298,76.358,76.276,76.358,230.0
2022-05-02 06:00:00,76.354,76.378,76.332,76.354,166.0
2022-05-02 07:00:00,76.356,76.38,76.35,76.37,88.0
2022-05-02 08:00:00,76.366,76.392,76.318,76.392,120.0
2022-05-02 09:00:00,76.388,76.432,76.38,76.394,146.0
2022-05-02 10:00:00,76.394,76.422,76.342,76.35,140.0
2022-05-02 11:00:00,76.352,76.39,76.344,76.348,86.0
2022-05-02 12:00:00,76.344,76.366,76.33,76.364,89.0
2022-05-02 13:00:00,76.36,76.364,76.332,76.362,34.0
2022-05-02 14:00:00,76.366,76.388,76.366,76.388,22.0
2022-05-02 15:00:00,76.384,76.385,76.342,76.348,29.0
2022-05-02 16:00:00,76.351,76.351,76.351,76.351,2.0
2022-05-02 17:00:00,76.351,76.351,76.351,76.351,1.0
2022-05-02 22:00:00,76.318,76.325,76.318,76.325,3.0
2022-05-02 23:00:00,76.334,76.358,76.306,76.336,94.0
2022-05-03 00:00:00,76.338,76.384,76.304,76.36,299.0
2022-05-03 01:00:00,76.356,76.416,76.328,76.41,343.0
2022-05-03 02:00:00,76.414,76.458,76.402,76.454,166.0
2022-05-03 03:00:00,76.456,76.534,76.408,76.47,502.0
2022-05-03 04:00:00,76.468,76.55,76.448,76.524,403.0
2022-05-03 05:00:00,76.528,76.554,76.488,76.516,280.0
2022-05-03 06:00:00,76.52,76.538,76.48,76.536,166.0
2022-05-03 07:00:00,76.53,76.542,76.454,76.456,147.0
2022-05-03 08:00:00,76.452,76.458,76.396,76.408,179.0
2022-05-03 09:00:00,76.406,76.496,76.372,76.468,105.0
2022-05-03 10:00:00,76.468,76.488,76.362,76.416,131.0
2022-05-03 11:00:00,76.412,76.418,76.348,76.378,88.0
2022-05-03 12:00:00,76.38,76.498,76.374,76.42,46.0
2022-05-03 13:00:00,76.418,76.418,76.388,76.398,20.0
2022-05-03 14:00:00,76.396,76.446,76.392,76.394,110.0
2022-05-03 15:00:00,76.392,76.392,76.329,76.347,21.0
2022-05-03 16:00:00,76.347,76.347,76.347,76.347,1.0
2022-05-03 17:00:00,76.347,76.347,76.347,76.347,1.0
2022-05-03 22:00:00,76.302,76.326,76.289,76.31,21.0
2022-05-03 23:00:00,76.317,76.366,76.252,76.272,292.0
2022-05-04 00:00:00,76.27,76.32,76.252,76.31,210.0
2022-05-04 01:00:00,76.314,76.42,76.314,76.386,309.0
2022-05-04 02:00:00,76.39,76.414,76.29,76.324,399.0
2022-05-04 03:00:00,76.322,76.432,76.268,76.272,485.0
2022-05-04 04:00:00,76.27,76.29,76.034,76.216,949.0
2022-05-04 05:00:00,76.198,76.304,76.146,76.276,616.0
2022-05-04 06:00:00,76.278,76.296,76.216,76.226,332.0
2022-05-04 07:00:00,76.232,76.278,76.228,76.254,156.0
2022-05-04 08:00:00,76.258,76.258,76.178,76.182,177.0
2022-05-04 09:00:00,76.18,76.184,76.13,76.17,133.0
2022-05-04 10:00:00,76.17,76.174,76.134,76.146,61.0
2022-05-04 11:00:00,76.144,76.144,76.102,76.134,148.0
2022-05-04 12:00:00,76.132,76.14,76.122,76.134,68.0
2022-05-04 13:00:00,76.136,76.172,76.126,76.136,112.0
2022-05-04 14:00:00,76.132,76.214,76.108,76.19,150.0
2022-05-04 15:00:00,76.188,76.192,75.872,75.895,57.0
2022-05-04 16:00:00,75.892,75.892,75.892,75.892,2.0
2022-05-04 17:00:00,75.892,75.892,75.892,75.892,1.0
2022-05-04 22:00:00,75.998,76.039,75.998,76.008,19.0
2022-05-04 23:00:00,76.01,76.062,75.964,75.98,202.0
2022-05-05 00:00:00,75.982,76.068,75.912,75.916,349.0
2022-05-05 01:00:00,75.914,75.972,75.846,75.954,460.0
2022-05-05 02:00:00,75.95,75.998,75.924,75.972,277.0
2022-05-05 03:00:00,75.968,76.098,75.938,76.068,563.0
2022-05-05 04:00:00,76.066,76.144,76.064,76.112,635.0
2022-05-05 05:00:00,76.11,76.16,76.076,76.12,333.0
2022-05-05 06:00:00,76.116,76.142,76.086,76.124,148.0
2022-05-05 07:00:00,76.122,76.21,76.122,76.194,279.0
2022-05-05 08:00:00,76.192,76.194,76.132,76.14,254.0
2022-05-05 09:00:00,76.136,76.23,76.106,76.218,177.0
2022-05-05 10:00:00,76.218,76.29,76.198,76.284,242.0
2022-05-05 11:00:00,76.288,76.446,76.288,76.43,284.0
2022-05-05 12:00:00,76.434,76.438,76.378,76.398,136.0
2022-05-05 13:00:00,76.392,76.42,76.36,76.42,148.0
2022-05-05 14:00:00,76.428,76.43,76.376,76.382,56.0
2022-05-05 15:00:00,76.38,76.397,76.377,76.387,21.0
2022-05-05 16:00:00,76.387,76.387,76.387,76.387,1.0
2022-05-05 17:00:00,76.387,76.387,76.387,76.387,1.0
2022-05-05 22:00:00,76.436,76.456,76.383,76.413,40.0
2022-05-05 23:00:00,76.41,76.588,76.402,76.55,485.0
2022-05-06 00:00:00,76.548,76.626,76.518,76.55,356.0
2022-05-06 01:00:00,76.552,76.584,76.496,76.572,405.0
2022-05-06 02:00:00,76.574,76.748,76.562,76.746,607.0
2022-05-06 03:00:00,76.744,76.848,76.62,76.668,1034.0
2022-05-06 04:00:00,76.664,76.742,76.612,76.736,750.0
2022-05-06 05:00:00,76.738,76.79,76.718,76.764,619.0
2022-05-06 06:00:00,76.766,76.79,76.716,76.744,259.0
2022-05-06 07:00:00,76.748,76.854,76.722,76.818,391.0
2022-05-06 08:00:00,76.82,76.914,76.644,76.908,575.0
2022-05-06 09:00:00,76.906,76.938,76.798,76.864,391.0
2022-05-06 10:00:00,76.864,76.886,76.784,76.79,360.0
2022-05-06 11:00:00,76.792,76.854,76.784,76.832,226.0
2022-05-06 12:00:00,76.836,76.842,76.778,76.824,194.0
2022-05-06 13:00:00,76.822,76.84,76.822,76.836,66.0
2022-05-06 14:00:00,76.84,76.888,76.83,76.888,20.0
2022-05-06 15:00:00,76.891,76.893,76.841,76.853,30.0
2022-05-06 16:00:00,76.832,76.832,76.832,76.832,2.0
2022-05-08 17:00:00,76.189,76.189,76.189,76.189,1.0
2022-05-08 22:00:00,76.893,77.035,76.893,76.994,35.0
2022-05-08 23:00:00,76.991,77.346,76.956,77.276,739.0
2022-05-09 00:00:00,77.274,77.276,77.162,77.248,589.0
2022-05-09 01:00:00,77.252,77.354,77.252,77.298,419.0
2022-05-09 02:00:00,77.296,77.354,77.226,77.328,345.0
2022-05-09 03:00:00,77.332,77.456,77.26,77.368,818.0
2022-05-09 04:00:00,77.372,77.39,77.28,77.364,437.0
2022-05-09 05:00:00,77.366,77.38,77.298,77.338,293.0
2022-05-09 06:00:00,77.334,77.396,77.33,77.366,310.0
2022-05-09 07:00:00,77.362,77.402,77.298,77.302,145.0
2022-05-09 08:00:00,77.304,77.312,77.238,77.292,236.0
2022-05-09 09:00:00,77.294,77.344,77.27,77.32,248.0
2022-05-09 10:00:00,77.32,77.396,77.312,77.396,137.0
2022-05-09 11:00:00,77.39,77.392,77.264,77.28,110.0
2022-05-09 12:00:00,77.276,77.286,77.216,77.28,123.0
2022-05-09 13:00:00,77.284,77.314,77.246,77.274,126.0
2022-05-09 14:00:00,77.28,77.284,77.232,77.232,33.0
2022-05-09 15:00:00,77.229,77.271,77.221,77.268,51.0
2022-05-09 16:00:00,77.268,77.268,77.268,77.268,1.0
2022-05-09 17:00:00,77.268,77.268,77.268,77.268,1.0
2022-05-09 22:00:00,77.307,77.307,77.187,77.193,51.0
2022-05-09 23:00:00,77.196,77.209,77.094,77.128,339.0
2022-05-10 00:00:00,77.13,77.144,77.068,77.114,327.0
2022-05-10 01:00:00,77.112,77.136,77.082,77.116,297.0
2022-05-10 02:00:00,77.12,77.256,77.12,77.22,428.0
2022-05-10 03:00:00,77.222,77.324,77.218,77.262,490.0
2022-05-10 04:00:00,77.266,77.284,77.222,77.248,280.0
2022-05-10 05:00:00,77.252,77.3,77.094,77.174,420.0
2022-05-10 06:00:00,77.178,77.222,77.158,77.168,363.0
2022-05-10 07:00:00,77.164,77.192,77.156,77.17,212.0
2022-05-10 08:00:00,77.166,77.166,77.066,77.078,122.0
2022-05-10 09:00:00,77.074,77.108,76.99,77.094,169.0
2022-05-10 10:00:00,77.094,77.184,77.078,77.14,248.0
2022-05-10 11:00:00,77.138,77.226,77.132,77.216,192.0
2022-05-10 12:00:00,77.206,77.226,77.154,77.178,107.0
2022-05-10 13:00:00,77.176,77.206,77.124,77.142,249.0
2022-05-10 14:00:00,77.14,77.14,77.078,77.118,175.0
2022-05-10 15:00:00,77.11,77.159,77.094,77.131,83.0
2022-05-10 16:00:00,77.131,77.131,77.131,77.131,1.0
2022-05-10 17:00:00,77.131,77.131,77.131,77.131,1.0
2022-05-10 22:00:00,77.12,77.137,77.102,77.118,60.0
2022-05-10 23:00:00,77.112,77.115,77.014,77.092,267.0
2022-05-11 00:00:00,77.094,77.176,77.062,77.104,395.0
2022-05-11 01:00:00,77.1,77.138,77.04,77.128,325.0
2022-05-11 02:00:00,77.13,77.156,77.106,77.146,256.0
2022-05-11 03:00:00,77.144,77.166,77.092,77.126,387.0
2022-05-11 04:00:00,77.128,77.134,77.076,77.076,204.0
2022-05-11 05:00:00,77.074,77.12,77.044,77.094,252.0
2022-05-11 06:00:00,77.098,77.154,77.098,77.138,134.0
2022-05-11 07:00:00,77.142,77.166,77.124,77.136,132.0
2022-05-11 08:00:00,77.14,77.372,77.034,77.308,537.0
2022-05-11 09:00:00,77.306,77.314,77.056,77.098,694.0
2022-05-11 10:00:00,77.098,77.176,77.056,77.134,394.0
2022-05-11 11:00:00,77.144,77.166,77.098,77.158,181.0
2022-05-11 12:00:00,77.166,77.198,77.136,77.176,231.0
2022-05-11 13:00:00,77.182,77.264,77.182,77.26,106.0
2022-05-11 14:00:00,77.258,77.29,77.2,77.221,102.0
2022-05-11 15:00:00,77.225,77.275,77.211,77.268,69.0
2022-05-11 16:00:00,77.28,77.28,77.28,77.28,2.0
2022-05-11 17:00:00,77.28,77.28,77.28,77.28,1.0
2022-05-11 22:00:00,77.255,77.455,77.251,77.338,31.0
2022-05-11 23:00:00,77.335,77.428,77.258,77.406,351.0
2022-05-12 00:00:00,77.41,77.478,77.364,77.41,441.0
2022-05-12 01:00:00,77.408,77.464,77.388,77.424,125.0
2022-05-12 04:00:00,77.302,77.356,77.286,77.334,378.0
2022-05-12 05:00:00,77.336,77.366,77.238,77.262,638.0
2022-05-12 06:00:00,77.266,77.286,77.22,77.276,318.0
2022-05-12 07:00:00,77.272,77.394,77.266,77.368,236.0
2022-05-12 08:00:00,77.372,77.374,77.216,77.29,286.0
2022-05-12 09:00:00,77.292,77.308,77.228,77.264,310.0
2022-05-12 10:00:00,77.264,77.282,77.16,77.196,344.0
2022-05-12 11:00:00,77.194,77.282,77.17,77.26,313.0
2022-05-12 12:00:00,77.264,77.268,77.196,77.22,100.0
2022-05-12 13:00:00,77.216,77.31,77.208,77.296,72.0
2022-05-12 14:00:00,77.294,77.302,77.273,77.29,28.0
2022-05-12 15:00:00,77.293,77.293,77.255,77.289,29.0
2022-05-12 16:00:00,77.3,77.3,77.3,77.3,2.0
2022-05-12 17:00:00,77.3,77.3,77.3,77.3,1.0
2022-05-12 22:00:00,77.244,77.252,77.179,77.179,22.0
2022-05-12 23:00:00,77.195,77.229,77.118,77.138,246.0
2022-05-13 00:00:00,77.136,77.176,77.106,77.136,307.0
2022-05-13 01:00:00,77.138,77.254,77.116,77.214,365.0
2022-05-13 02:00:00,77.216,77.216,77.152,77.176,348.0
2022-05-13 03:00:00,77.18,77.194,77.098,77.152,414.0
2022-05-13 04:00:00,77.156,77.206,77.126,77.204,285.0
2022-05-13 05:00:00,77.206,77.306,77.204,77.276,366.0
2022-05-13 06:00:00,77.278,77.34,77.276,77.306,266.0
2022-05-13 07:00:00,77.302,77.302,77.266,77.288,97.0
2022-05-13 08:00:00,77.29,77.378,77.286,77.358,304.0
2022-05-13 09:00:00,77.354,77.402,77.334,77.38,141.0
2022-05-13 10:00:00,77.38,77.38,77.28,77.314,165.0
2022-05-13 11:00:00,77.312,77.33,77.282,77.288,98.0
2022-05-13 12:00:00,77.284,77.294,77.276,77.276,41.0
2022-05-13 13:00:00,77.278,77.32,77.278,77.32,22.0
2022-05-13 14:00:00,77.316,77.334,77.292,77.293,53.0
2022-05-13 15:00:00,77.296,77.322,77.296,77.306,15.0
2022-05-13 16:00:00,77.308,77.308,77.308,77.308,2.0
2022-05-15 17:00:00,77.308,77.308,77.308,77.308,2.0
2022-05-15 22:00:00,77.433,77.491,77.433,77.472,303.0
2022-05-15 23:00:00,77.474,77.546,77.448,77.534,170.0
2022-05-16 00:00:00,77.53,77.606,77.476,77.592,292.0
2022-05-16 01:00:00,77.59,77.612,77.54,77.592,199.0
2022-05-16 02:00:00,77.596,77.678,77.596,77.654,311.0
2022-05-16 03:00:00,77.658,77.796,77.65,77.792,513.0
2022-05-16 04:00:00,77.796,77.796,77.692,77.714,622.0
2022-05-16 05:00:00,77.708,77.726,77.674,77.694,218.0
2022-05-16 06:00:00,77.692,77.7,77.668,77.694,91.0
2022-05-16 07:00:00,77.692,77.738,77.656,77.692,113.0
2022-05-16 08:00:00,77.698,77.758,77.684,77.758,79.0
2022-05-16 09:00:00,77.754,77.754,77.694,77.734,83.0
2022-05-16 10:00:00,77.734,77.74,77.682,77.724,99.0
2022-05-16 11:00:00,77.73,77.75,77.704,77.736,74.0
2022-05-16 12:00:00,77.734,77.736,77.71,77.72,16.0
2022-05-16 13:00:00,77.718,77.724,77.7,77.716,39.0
2022-05-16 14:00:00,77.718,77.718,77.674,77.707,40.0
2022-05-16 15:00:00,77.711,77.716,77.685,77.688,12.0
2022-05-16 16:00:00,77.684,77.684,77.684,77.684,2.0
2022-05-16 17:00:00,77.684,77.684,77.684,77.684,1.0
2022-05-16 22:00:00,77.597,77.635,77.59,77.623,118.0
2022-05-16 23:00:00,77.633,77.663,77.53,77.606,453.0
2022-05-17 00:00:00,77.604,77.644,77.582,77.64,218.0
2022-05-17 01:00:00,77.638,77.666,77.476,77.502,506.0
2022-05-17 02:00:00,77.504,77.536,77.478,77.508,243.0
2022-05-17 03:00:00,77.506,77.516,77.424,77.508,304.0
2022-05-17 04:00:00,77.506,77.52,77.4,77.448,382.0
2022-05-17 05:00:00,77.446,77.462,77.412,77.43,286.0
2022-05-17 06:00:00,77.432,77.444,77.308,77.344,430.0
2022-05-17 07:00:00,77.342,77.35,77.25,77.314,203.0
2022-05-17 08:00:00,77.322,77.374,77.308,77.352,215.0
2022-05-17 09:00:00,77.358,77.416,77.346,77.386,164.0
2022-05-17 10:00:00,77.386,77.416,77.376,77.382,128.0
2022-05-17 11:00:00,77.378,77.396,77.31,77.38,128.0
2022-05-17 12:00:00,77.384,77.384,77.37,77.378,30.0
2022-05-17 13:00:00,77.376,77.376,77.366,77.368,29.0
2022-05-17 14:00:00,77.366,77.384,77.35,77.364,104.0
2022-05-17 15:00:00,77.359,77.363,77.335,77.335,89.0
2022-05-17 16:00:00,77.335,77.335,77.335,77.335,1.0
2022-05-17 17:00:00,77.335,77.335,77.335,77.335,1.0
2022-05-17 22:00:00,77.349,77.388,77.349,77.366,39.0
2022-05-17 23:00:00,77.371,77.456,77.356,77.364,276.0
2022-05-18 00:00:00,77.36,77.396,77.334,77.382,172.0
2022-05-18 01:00:00,77.38,77.426,77.368,77.402,180.0
2022-05-18 02:00:00,77.4,77.452,77.396,77.418,168.0
2022-05-18 03:00:00,77.42,77.48,77.406,77.424,222.0
2022-05-18 04:00:00,77.426,77.486,77.406,77.46,274.0
2022-05-18 05:00:00,77.456,77.472,77.418,77.436,198.0
2022-05-18 06:00:00,77.434,77.51,77.434,77.47,152.0
2022-05-18 07:00:00,77.466,77.48,77.42,77.43,154.0
2022-05-18 08:00:00,77.428,77.51,77.428,77.492,131.0
2022-05-18 09:00:00,77.496,77.532,77.496,77.532,80.0
2022-05-18 10:00:00,77.532,77.626,77.528,77.564,203.0
2022-05-18 11:00:00,77.568,77.624,77.568,77.612,121.0
2022-05-18 12:00:00,77.616,77.63,77.574,77.61,349.0
2022-05-18 13:00:00,77.614,77.656,77.604,77.652,43.0
2022-05-18 14:00:00,77.656,77.656,77.64,77.651,27.0
2022-05-18 15:00:00,77.648,77.69,77.639,77.69,73.0
2022-05-18 16:00:00,77.697,77.697,77.697,77.697,2.0
2022-05-18 17:00:00,77.697,77.697,77.697,77.697,1.0
2022-05-18 22:00:00,77.631,77.656,77.583,77.583,33.0
2022-05-18 23:00:00,77.576,77.588,77.51,77.528,268.0
2022-05-19 00:00:00,77.524,77.546,77.498,77.534,186.0
2022-05-19 01:00:00,77.536,77.568,77.524,77.544,203.0
2022-05-19 02:00:00,77.54,77.58,77.536,77.57,224.0
2022-05-19 03:00:00,77.572,77.592,77.542,77.552,228.0
2022-05-19 04:00:00,77.556,77.586,77.552,77.566,155.0
2022-05-19 05:00:00,77.562,77.588,77.548,77.576,168.0
2022-05-19 06:00:00,77.58,77.604,77.484,77.496,351.0
2022-05-19 07:00:00,77.498,77.532,77.46,77.528,223.0
2022-05-19 08:00:00,77.53,77.536,77.388,77.418,171.0
2022-05-19 09:00:00,77.416,77.418,77.354,77.386,298.0
2022-05-19 10:00:00,77.386,77.388,77.254,77.328,375.0
2022-05-19 11:00:00,77.324,77.37,77.294,77.342,286.0
2022-05-19 12:00:00,77.344,77.35,77.252,77.28,155.0
2022-05-19 13:00:00,77.296,77.352,77.272,77.296,168.0
2022-05-19 14:00:00,77.298,77.322,77.284,77.288,40.0
2022-05-19 15:00:00,77.285,77.311,77.242,77.308,145.0
2022-05-19 16:00:00,77.321,77.321,77.321,77.321,2.0
2022-05-19 17:00:00,77.321,77.321,77.321,77.321,1.0
2022-05-19 22:00:00,77.376,77.381,77.369,77.369,8.0
2022-05-19 23:00:00,77.372,77.418,77.365,77.404,216.0
2022-05-20 00:00:00,77.402,77.404,77.358,77.388,156.0
2022-05-20 01:00:00,77.384,77.404,77.332,77.38,245.0
2022-05-20 02:00:00,77.378,77.456,77.378,77.424,291.0
2022-05-20 03:00:00,77.426,77.454,77.38,77.448,222.0
2022-05-20 04:00:00,77.444,77.484,77.408,77.434,235.0
2022-05-20 05:00:00,77.436,77.44,77.402,77.408,296.0
2022-05-20 06:00:00,77.412,77.506,77.392,77.5,180.0
2022-05-20 07:00:00,77.496,77.596,77.488,77.556,198.0
2022-05-20 08:00:00,77.56,77.582,77.082,77.556,134.0
2022-05-20 09:00:00,77.558,77.56,77.51,77.528,75.0
2022-05-20 10:00:00,77.528,77.654,77.524,77.63,182.0
2022-05-20 11:00:00,77.632,77.714,77.628,77.68,160.0
2022-05-20 12:00:00,77.686,77.754,77.652,77.75,243.0
2022-05-20 13:00:00,77.754,77.786,77.74,77.766,122.0
2022-05-20 14:00:00,77.768,77.774,77.716,77.716,45.0
2022-05-20 15:00:00,77.713,77.744,77.703,77.735,59.0
2022-05-20 16:00:00,77.73,77.73,77.73,77.73,2.0
2022-05-22 17:00:00,77.73,77.73,77.73,77.73,1.0
2022-05-22 22:00:00,77.666,77.683,77.649,77.659,8.0
2022-05-22 23:00:00,77.662,77.662,77.55,77.572,163.0
2022-05-23 00:00:00,77.574,77.574,77.496,77.542,168.0
2022-05-23 01:00:00,77.546,77.562,77.498,77.528,177.0
2022-05-23 02:00:00,77.53,77.538,77.47,77.502,148.0
2022-05-23 03:00:00,77.498,77.53,77.498,77.508,181.0
2022-05-23 04:00:00,77.506,77.506,77.45,77.466,204.0
2022-05-23 05:00:00,77.47,77.476,77.404,77.426,214.0
2022-05-23 06:00:00,77.424,77.466,77.416,77.416,140.0
2022-05-23 07:00:00,77.412,77.48,77.412,77.48,76.0
2022-05-23 08:00:00,77.476,77.518,77.474,77.518,51.0
2022-05-23 09:00:00,77.52,77.53,77.474,77.508,96.0
2022-05-23 10:00:00,77.508,77.524,77.46,77.46,62.0
2022-05-23 11:00:00,77.47,77.472,77.35,77.434,185.0
2022-05-23 12:00:00,77.438,77.446,77.424,77.442,111.0
2022-05-23 13:00:00,77.446,77.482,77.444,77.474,68.0
2022-05-23 14:00:00,77.476,77.484,77.444,77.447,21.0
2022-05-23 15:00:00,77.445,77.464,77.426,77.438,17.0
2022-05-23 16:00:00,77.434,77.434,77.434,77.434,2.0
2022-05-23 17:00:00,77.434,77.434,77.434,77.434,1.0
2022-05-23 22:00:00,77.52,77.527,77.474,77.474,12.0
2022-05-23 23:00:00,77.457,77.475,77.424,77.464,130.0
2022-05-24 00:00:00,77.462,77.494,77.41,77.49,156.0
2022-05-24 01:00:00,77.486,77.552,77.472,77.544,148.0
2022-05-24 02:00:00,77.546,77.552,77.498,77.514,192.0
2022-05-24 03:00:00,77.512,77.558,77.49,77.518,251.0
2022-05-24 04:00:00,77.514,77.578,77.514,77.564,244.0
2022-05-24 05:00:00,77.562,77.57,77.452,77.48,284.0
2022-05-24 06:00:00,77.484,77.508,77.462,77.478,124.0
2022-05-24 07:00:00,77.48,77.488,77.44,77.486,139.0
2022-05-24 08:00:00,77.484,77.522,77.474,77.488,69.0
2022-05-24 09:00:00,77.502,77.518,77.438,77.446,104.0
2022-05-24 10:00:00,77.446,77.53,77.41,77.516,211.0
2022-05-24 11:00:00,77.518,77.528,77.43,77.43,93.0
2022-05-24 12:00:00,77.422,77.45,77.4,77.434,52.0
2022-05-24 13:00:00,77.438,77.44,77.392,77.408,66.0
2022-05-24 14:00:00,77.406,77.414,77.368,77.39,49.0
2022-05-24 15:00:00,77.393,77.397,77.387,77.388,13.0
2022-05-24 16:00:00,77.377,77.377,77.377,77.377,2.0
2022-05-24 17:00:00,77.377,77.377,77.377,77.377,1.0
2022-05-24 22:00:00,77.433,77.476,77.433,77.476,14.0
2022-05-24 23:00:00,77.467,77.467,77.41,77.42,147.0
2022-05-25 00:00:00,77.422,77.424,77.352,77.406,173.0
2022-05-25 01:00:00,77.402,77.424,77.386,77.388,156.0
2022-05-25 02:00:00,77.386,77.448,77.372,77.422,190.0
2022-05-25 03:00:00,77.42,77.448,77.408,77.424,152.0
2022-05-25 04:00:00,77.42,77.466,77.42,77.458,149.0
2022-05-25 05:00:00,77.46,77.478,77.424,77.426,140.0
2022-05-25 06:00:00,77.43,77.522,77.424,77.504,176.0
2022-05-25 07:00:00,77.506,77.526,77.49,77.49,160.0
2022-05-25 08:00:00,77.496,77.562,77.478,77.502,139.0
2022-05-25 09:00:00,77.5,77.53,77.416,77.45,208.0
2022-05-25 10:00:00,77.45,77.49,77.436,77.486,129.0
2022-05-25 11:00:00,77.488,77.516,77.47,77.512,59.0
2022-05-25 12:00:00,77.508,77.508,77.46,77.472,126.0
2022-05-25 13:00:00,77.474,77.48,77.466,77.472,141.0
2022-05-25 14:00:00,77.468,77.474,77.426,77.448,151.0
2022-05-25 15:00:00,77.444,77.445,77.388,77.401,43.0
2022-05-25 16:00:00,77.398,77.398,77.398,77.398,2.0
2022-05-25 17:00:00,77.398,77.398,77.398,77.398,1.0
2022-05-25 22:00:00,77.431,77.431,77.409,77.426,7.0
2022-05-25 23:00:00,77.429,77.461,77.422,77.422,165.0
2022-05-26 00:00:00,77.426,77.518,77.42,77.51,112.0
2022-05-26 01:00:00,77.508,77.544,77.49,77.502,166.0
2022-05-26 02:00:00,77.5,77.524,77.49,77.494,142.0
2022-05-26 03:00:00,77.49,77.492,77.462,77.47,161.0
2022-05-26 04:00:00,77.472,77.494,77.462,77.482,91.0
2022-05-26 05:00:00,77.486,77.51,77.448,77.454,219.0
2022-05-26 06:00:00,77.456,77.472,77.44,77.468,137.0
2022-05-26 07:00:00,77.466,77.498,77.46,77.484,408.0
2022-05-26 08:00:00,77.486,77.534,77.48,77.51,95.0
2022-05-26 09:00:00,77.508,77.508,77.476,77.476,88.0
2022-05-26 10:00:00,77.476,77.54,77.476,77.534,71.0
2022-05-26 11:00:00,77.538,77.592,77.514,77.58,139.0
2022-05-26 12:00:00,77.584,77.594,77.552,77.566,54.0
2022-05-26 13:00:00,77.562,77.578,77.554,77.566,43.0
2022-05-26 14:00:00,77.564,77.587,77.55,77.587,35.0
2022-05-26 15:00:00,77.585,77.609,77.579,77.592,36.0
2022-05-26 16:00:00,77.588,77.588,77.588,77.588,2.0
2022-05-26 17:00:00,77.588,77.588,77.588,77.588,1.0
2022-05-26 22:00:00,77.467,77.525,77.467,77.492,31.0
2022-05-26 23:00:00,77.495,77.516,77.478,77.508,62.0
2022-05-27 00:00:00,77.506,77.534,77.5,77.53,79.0
2022-05-27 01:00:00,77.532,77.56,77.504,77.532,159.0
2022-05-27 02:00:00,77.528,77.57,77.528,77.56,155.0
2022-05-27 03:00:00,77.564,77.57,77.546,77.55,91.0
2022-05-27 04:00:00,77.548,77.568,77.534,77.564,176.0
2022-05-27 05:00:00,77.562,77.562,77.446,77.452,241.0
2022-05-27 06:00:00,77.456,77.5,77.456,77.49,104.0
2022-05-27 07:00:00,77.488,77.51,77.482,77.496,85.0
2022-05-27 08:00:00,77.504,77.514,77.438,77.502,88.0
2022-05-27 09:00:00,77.508,77.514,77.458,77.47,57.0
2022-05-27 10:00:00,77.47,77.538,77.442,77.486,160.0
2022-05-27 11:00:00,77.488,77.516,77.484,77.508,34.0
2022-05-27 12:00:00,77.51,77.556,77.508,77.544,40.0
2022-05-27 13:00:00,77.548,77.548,77.538,77.544,4.0
2022-05-27 14:00:00,77.536,77.54,77.535,77.535,6.0
2022-05-27 15:00:00,77.529,77.529,77.5,77.515,22.0
2022-05-27 16:00:00,77.515,77.515,77.515,77.515,1.0
2022-05-29 17:00:00,77.515,77.515,77.515,77.515,1.0
2022-05-29 22:00:00,77.491,77.499,77.453,77.457,33.0
2022-05-29 23:00:00,77.454,77.492,77.406,77.418,286.0
2022-05-30 00:00:00,77.42,77.468,77.42,77.438,87.0
2022-05-30 01:00:00,77.442,77.468,77.438,77.45,105.0
2022-05-30 02:00:00,77.454,77.464,77.432,77.45,127.0
2022-05-30 03:00:00,77.448,77.508,77.434,77.484,112.0
2022-05-30 04:00:00,77.48,77.51,77.464,77.49,86.0
2022-05-30 05:00:00,77.486,77.49,77.442,77.47,131.0
2022-05-30 06:00:00,77.466,77.492,77.46,77.476,69.0
2022-05-30 07:00:00,77.474,77.484,77.47,77.47,46.0
2022-05-30 08:00:00,77.468,77.504,77.454,77.5,37.0
2022-05-30 09:00:00,77.504,77.516,77.494,77.494,26.0
2022-05-30 10:00:00,77.494,77.516,77.49,77.514,36.0
2022-05-30 11:00:00,77.51,77.53,77.474,77.486,35.0
2022-05-30 12:00:00,77.484,77.484,77.474,77.478,8.0
2022-05-30 13:00:00,77.482,77.5,77.482,77.494,16.0
2022-05-30 14:00:00,77.492,77.494,77.488,77.488,6.0
2022-05-30 15:00:00,77.483,77.486,77.48,77.484,5.0
2022-05-30 16:00:00,77.486,77.486,77.486,77.486,2.0
2022-05-30 17:00:00,77.486,77.486,77.486,77.486,1.0
2022-05-30 22:00:00,77.551,77.554,77.551,77.554,2.0
2022-05-30 23:00:00,77.543,77.608,77.535,77.57,200.0
2022-05-31 00:00:00,77.568,77.588,77.56,77.58,83.0
2022-05-31 01:00:00,77.578,77.612,77.578,77.612,104.0
2022-05-31 02:00:00,77.614,77.622,77.586,77.602,143.0
2022-05-31 03:00:00,77.606,77.648,77.588,77.608,153.0
2022-05-31 04:00:00,77.606,77.616,77.6,77.604,61.0
2022-05-31 05:00:00,77.602,77.638,77.532,77.56,408.0
2022-05-31 06:00:00,77.562,77.62,77.548,77.612,120.0
2022-05-31 07:00:00,77.616,77.626,77.61,77.626,54.0
2022-05-31 08:00:00,77.628,77.686,77.626,77.68,80.0
2022-05-31 09:00:00,77.676,77.676,77.604,77.614,112.0
2022-05-31 10:00:00,77.614,77.648,77.528,77.582,159.0
2022-05-31 11:00:00,77.574,77.618,77.534,77.536,120.0
2022-05-31 12:00:00,77.534,77.582,77.534,77.558,45.0
2022-05-31 13:00:00,77.562,77.572,77.554,77.56,39.0
2022-05-31 14:00:00,77.564,77.564,77.5,77.505,74.0
2022-05-31 15:00:00,77.507,77.573,77.507,77.568,48.0
2022-05-31 16:00:00,77.571,77.571,77.571,77.571,2.0
2022-05-31 17:00:00,77.571,77.571,77.571,77.571,1.0
2022-05-31 22:00:00,77.58,77.58,77.51,77.526,11.0
2022-05-31 23:00:00,77.519,77.557,77.502,77.508,198.0
2022-06-01 00:00:00,77.512,77.546,77.502,77.508,107.0
2022-06-01 01:00:00,77.512,77.516,77.498,77.51,64.0
2022-06-01 02:00:00,77.512,77.512,77.46,77.466,89.0
2022-06-01 03:00:00,77.464,77.49,77.45,77.482,101.0
2022-06-01 04:00:00,77.48,77.49,77.464,77.466,87.0
2022-06-01 05:00:00,77.464,77.486,77.458,77.464,75.0
2022-06-01 06:00:00,77.468,77.476,77.444,77.454,102.0
2022-06-01 07:00:00,77.456,77.476,77.454,77.468,43.0
2022-06-01 08:00:00,77.474,77.484,77.386,77.394,119.0
2022-06-01 09:00:00,77.392,77.466,77.388,77.45,76.0
2022-06-01 10:00:00,77.45,77.522,77.45,77.482,241.0
2022-06-01 11:00:00,77.488,77.56,77.486,77.548,131.0
2022-06-01 12:00:00,77.55,77.55,77.494,77.516,89.0
2022-06-01 13:00:00,77.522,77.522,77.49,77.496,97.0
2022-06-01 14:00:00,77.5,77.502,77.487,77.492,20.0
2022-06-01 15:00:00,77.496,77.548,77.49,77.548,23.0
2022-06-01 16:00:00,77.551,77.551,77.551,77.551,2.0
2022-06-01 17:00:00,77.551,77.551,77.551,77.551,1.0
2022-06-01 22:00:00,77.567,77.582,77.549,77.579,24.0
2022-06-01 23:00:00,77.576,77.576,77.508,77.52,142.0
2022-06-02 00:00:00,77.522,77.536,77.51,77.532,34.0
2022-06-02 01:00:00,77.528,77.548,77.522,77.542,53.0
2022-06-02 02:00:00,77.54,77.54,77.496,77.504,95.0
2022-06-02 03:00:00,77.502,77.504,77.48,77.488,74.0
2022-06-02 04:00:00,77.486,77.504,77.464,77.486,113.0
2022-06-02 05:00:00,77.484,77.546,77.472,77.518,167.0
2022-06-02 06:00:00,77.522,77.53,77.496,77.506,70.0
2022-06-02 07:00:00,77.502,77.526,77.496,77.496,55.0
2022-06-02 08:00:00,77.492,77.5,77.48,77.48,35.0
2022-06-02 09:00:00,77.476,77.518,77.464,77.478,89.0
2022-06-02 10:00:00,77.478,77.48,77.396,77.4,166.0
2022-06-02 11:00:00,77.404,77.438,77.316,77.334,237.0
2022-06-02 12:00:00,77.328,77.382,77.32,77.336,124.0
2022-06-02 13:00:00,77.338,77.34,77.32,77.322,28.0
2022-06-02 14:00:00,77.32,77.33,77.316,77.323,24.0
2022-06-02 15:00:00,77.326,77.334,77.3,77.32,31.0
2022-06-02 16:00:00,77.325,77.329,77.325,77.329,3.0
2022-06-02 17:00:00,77.329,77.329,77.329,77.329,1.0
2022-06-02 22:00:00,77.396,77.396,77.359,77.367,12.0
2022-06-02 23:00:00,77.364,77.406,77.329,77.402,74.0
2022-06-03 00:00:00,77.406,77.478,77.406,77.478,66.0
2022-06-03 01:00:00,77.48,77.504,77.458,77.494,114.0
2022-06-03 02:00:00,77.496,77.528,77.496,77.526,72.0
2022-06-03 03:00:00,77.528,77.558,77.522,77.54,105.0
2022-06-03 04:00:00,77.538,77.568,77.538,77.556,116.0
2022-06-03 05:00:00,77.558,77.57,77.512,77.534,255.0
2022-06-03 06:00:00,77.532,77.548,77.53,77.542,94.0
2022-06-03 07:00:00,77.544,77.554,77.504,77.554,149.0
2022-06-03 08:00:00,77.556,77.614,77.526,77.6,171.0
2022-06-03 09:00:00,77.598,77.602,77.538,77.538,121.0
2022-06-03 10:00:00,77.538,77.626,77.534,77.612,111.0
2022-06-03 11:00:00,77.614,77.624,77.594,77.612,35.0
2022-06-03 12:00:00,77.614,77.632,77.602,77.602,38.0
2022-06-03 13:00:00,77.598,77.646,77.598,77.628,42.0
2022-06-03 14:00:00,77.63,77.648,77.63,77.642,13.0
2022-06-03 15:00:00,77.644,77.656,77.642,77.656,28.0
2022-06-03 16:00:00,77.656,77.656,77.656,77.656,1.0
2022-06-05 17:00:00,77.656,77.656,77.656,77.656,1.0
2022-06-05 22:00:00,77.652,77.652,77.641,77.641,8.0
2022-06-05 23:00:00,77.644,77.651,77.546,77.598,318.0
2022-06-06 00:00:00,77.602,77.626,77.594,77.594,116.0
2022-06-06 01:00:00,77.59,77.62,77.578,77.59,102.0
2022-06-06 02:00:00,77.588,77.61,77.586,77.608,65.0
2022-06-06 03:00:00,77.604,77.616,77.588,77.596,69.0
2022-06-06 04:00:00,77.594,77.608,77.588,77.592,69.0
2022-06-06 05:00:00,77.594,77.608,77.546,77.556,92.0
2022-06-06 06:00:00,77.558,77.596,77.556,77.566,76.0
2022-06-06 07:00:00,77.568,77.576,77.52,77.538,65.0
2022-06-06 08:00:00,77.546,77.608,77.546,77.584,44.0
2022-06-06 09:00:00,77.588,77.638,77.578,77.61,91.0
2022-06-06 10:00:00,77.61,77.74,77.59,77.676,145.0
2022-06-06 11:00:00,77.678,77.808,77.678,77.754,174.0
2022-06-06 12:00:00,77.752,77.772,77.73,77.744,76.0
2022-06-06 13:00:00,77.746,77.768,77.744,77.754,23.0
2022-06-06 14:00:00,77.756,77.774,77.746,77.766,18.0
2022-06-06 15:00:00,77.769,77.825,77.764,77.825,30.0
2022-06-06 16:00:00,77.802,77.802,77.802,77.802,2.0
2022-06-06 17:00:00,77.802,77.802,77.802,77.802,1.0
2022-06-06 22:00:00,77.747,77.773,77.723,77.731,51.0
2022-06-06 23:00:00,77.726,77.746,77.564,77.648,331.0
2022-06-07 00:00:00,77.652,77.666,77.612,77.642,146.0
2022-06-07 01:00:00,77.644,77.666,77.62,77.658,91.0
2022-06-07 02:00:00,77.656,77.68,77.646,77.668,142.0
2022-06-07 03:00:00,77.67,77.674,77.65,77.664,74.0
2022-06-07 04:00:00,77.662,77.672,77.646,77.672,56.0
2022-06-07 05:00:00,77.676,77.682,77.642,77.668,144.0
2022-06-07 06:00:00,77.67,77.758,77.668,77.752,128.0
2022-06-07 07:00:00,77.75,77.766,77.68,77.686,82.0
2022-06-07 08:00:00,77.682,77.784,77.676,77.774,101.0
2022-06-07 09:00:00,77.778,77.792,77.712,77.722,150.0
2022-06-07 10:00:00,77.722,77.748,77.574,77.592,285.0
2022-06-07 11:00:00,77.59,77.626,77.582,77.622,72.0
2022-06-07 12:00:00,77.62,77.62,77.588,77.6,28.0
2022-06-07 13:00:00,77.596,77.622,77.582,77.622,39.0
2022-06-07 14:00:00,77.618,77.641,77.616,77.636,27.0
2022-06-07 15:00:00,77.628,77.641,77.616,77.639,17.0
2022-06-07 16:00:00,77.639,77.639,77.639,77.639,1.0
2022-06-07 17:00:00,77.639,77.639,77.639,77.639,1.0
2022-06-07 22:00:00,77.608,77.64,77.608,77.637,26.0
2022-06-07 23:00:00,77.646,77.669,77.587,77.646,118.0
2022-06-08 00:00:00,77.644,77.68,77.592,77.672,276.0
2022-06-08 01:00:00,77.674,77.674,77.632,77.656,78.0
2022-06-08 02:00:00,77.658,77.68,77.642,77.68,72.0
2022-06-08 03:00:00,77.682,77.746,77.672,77.704,430.0
2022-06-08 04:00:00,77.706,77.736,77.704,77.726,100.0
2022-06-08 05:00:00,77.724,77.746,77.666,77.68,172.0
2022-06-08 06:00:00,77.684,77.696,77.644,77.652,100.0
2022-06-08 07:00:00,77.654,77.658,77.602,77.658,99.0
2022-06-08 08:00:00,77.652,77.696,77.64,77.676,90.0
2022-06-08 09:00:00,77.68,77.722,77.584,77.606,116.0
2022-06-08 10:00:00,77.606,77.624,77.586,77.604,100.0
2022-06-08 11:00:00,77.6,77.616,77.584,77.614,31.0
2022-06-08 12:00:00,77.618,77.636,77.58,77.636,138.0
2022-06-08 13:00:00,77.634,77.644,77.62,77.632,93.0
2022-06-08 14:00:00,77.634,77.672,77.632,77.659,26.0
2022-06-08 15:00:00,77.662,77.716,77.662,77.674,64.0
2022-06-08 16:00:00,77.683,77.683,77.683,77.683,2.0
2022-06-08 17:00:00,77.683,77.683,77.683,77.683,1.0
2022-06-08 22:00:00,77.72,77.72,77.654,77.662,13.0
2022-06-08 23:00:00,77.655,77.698,77.605,77.674,209.0
2022-06-09 00:00:00,77.668,77.692,77.654,77.692,63.0
2022-06-09 01:00:00,77.7,77.716,77.69,77.716,59.0
2022-06-09 02:00:00,77.722,77.744,77.706,77.72,127.0
2022-06-09 03:00:00,77.724,77.736,77.712,77.722,84.0
2022-06-09 04:00:00,77.726,77.756,77.688,77.702,165.0
2022-06-09 05:00:00,77.7,77.722,77.676,77.696,172.0
2022-06-09 06:00:00,77.692,77.712,77.664,77.672,116.0
2022-06-09 07:00:00,77.668,77.704,77.662,77.692,69.0
2022-06-09 08:00:00,77.688,77.73,77.668,77.72,56.0
2022-06-09 09:00:00,77.716,77.762,77.714,77.742,91.0
2022-06-09 10:00:00,77.742,77.8,77.742,77.79,91.0
2022-06-09 11:00:00,77.792,77.818,77.784,77.792,41.0
2022-06-09 12:00:00,77.788,77.812,77.752,77.78,46.0
2022-06-09 13:00:00,77.784,77.796,77.744,77.782,37.0
2022-06-09 14:00:00,77.774,77.812,77.77,77.775,18.0
2022-06-09 15:00:00,77.779,77.813,77.767,77.804,19.0
2022-06-09 16:00:00,77.804,77.804,77.804,77.804,1.0
2022-06-09 17:00:00,77.804,77.804,77.804,77.804,1.0
2022-06-09 22:00:00,77.751,77.754,77.713,77.739,52.0
2022-06-09 23:00:00,77.733,77.776,77.706,77.758,166.0
2022-06-10 00:00:00,77.754,77.78,77.726,77.752,99.0
2022-06-10 01:00:00,77.754,77.76,77.724,77.752,103.0
2022-06-10 02:00:00,77.754,77.78,77.746,77.758,86.0
2022-06-10 03:00:00,77.754,77.77,77.75,77.766,56.0
2022-06-10 04:00:00,77.764,77.784,77.76,77.776,68.0
2022-06-10 05:00:00,77.778,77.804,77.764,77.778,215.0
2022-06-10 06:00:00,77.782,77.808,77.772,77.792,78.0
2022-06-10 07:00:00,77.79,77.804,77.786,77.804,65.0
2022-06-10 08:00:00,77.806,77.946,77.776,77.946,341.0
2022-06-10 09:00:00,77.942,78.082,77.868,78.052,402.0
2022-06-10 10:00:00,78.052,78.146,78.028,78.066,272.0
2022-06-10 11:00:00,78.07,78.092,78.004,78.046,135.0
2022-06-10 12:00:00,78.044,78.074,78.002,78.042,70.0
2022-06-10 13:00:00,78.044,78.07,78.044,78.056,38.0
2022-06-10 14:00:00,78.058,78.066,78.002,78.026,105.0
2022-06-10 15:00:00,78.028,78.069,78.014,78.055,53.0
2022-06-10 16:00:00,78.062,78.062,78.062,78.062,2.0
2022-06-12 17:00:00,78.062,78.062,78.062,78.062,1.0
2022-06-12 22:00:00,78.178,78.191,78.15,78.171,17.0
2022-06-12 23:00:00,78.174,78.308,78.129,78.17,439.0
2022-06-13 00:00:00,78.172,78.212,78.166,78.17,101.0
2022-06-13 01:00:00,78.172,78.194,77.414,78.138,273.0
2022-06-13 02:00:00,78.134,78.134,78.028,78.072,342.0
2022-06-13 03:00:00,78.07,78.078,78.04,78.064,177.0
2022-06-13 04:00:00,78.068,78.094,78.008,78.01,178.0
2022-06-13 05:00:00,78.008,78.052,77.978,77.992,189.0
2022-06-13 06:00:00,77.996,78.028,77.96,77.968,151.0
2022-06-13 07:00:00,77.966,77.982,77.928,77.978,168.0
2022-06-13 08:00:00,77.982,78.03,77.92,78.014,188.0
2022-06-13 09:00:00,78.01,78.06,78.0,78.054,194.0
2022-06-13 10:00:00,78.054,78.152,78.04,78.11,259.0
2022-06-13 11:00:00,78.106,78.106,78.04,78.04,96.0
2022-06-13 12:00:00,78.038,78.052,77.972,78.036,171.0
2022-06-13 13:00:00,78.04,78.062,78.024,78.024,40.0
2022-06-13 14:00:00,78.028,78.052,78.026,78.052,30.0
2022-06-13 15:00:00,78.057,78.129,78.034,78.119,152.0
2022-06-13 16:00:00,78.129,78.129,78.129,78.129,2.0
2022-06-13 17:00:00,78.129,78.129,78.129,78.129,1.0
2022-06-13 22:00:00,78.003,78.012,77.966,77.991,13.0
2022-06-13 23:00:00,77.982,77.982,77.934,77.964,211.0
2022-06-14 00:00:00,77.962,77.976,77.938,77.962,137.0
2022-06-14 01:00:00,77.964,77.964,77.85,77.882,160.0
2022-06-14 02:00:00,77.886,77.922,77.828,77.922,225.0
2022-06-14 03:00:00,77.926,77.952,77.916,77.946,103.0
2022-06-14 04:00:00,77.95,77.974,77.94,77.952,100.0
2022-06-14 05:00:00,77.948,77.964,77.894,77.902,158.0
2022-06-14 06:00:00,77.906,77.95,77.9,77.942,141.0
2022-06-14 07:00:00,77.94,77.964,77.92,77.96,112.0
2022-06-14 08:00:00,77.962,77.968,77.912,77.938,131.0
2022-06-14 09:00:00,77.94,77.958,77.92,77.92,106.0
2022-06-14 10:00:00,77.92,77.972,77.912,77.948,159.0
2022-06-14 11:00:00,77.944,77.962,77.924,77.952,81.0
2022-06-14 12:00:00,77.95,77.962,77.938,77.942,39.0
2022-06-14 13:00:00,77.938,77.94,77.86,77.91,83.0
2022-06-14 14:00:00,77.908,77.95,77.904,77.947,44.0
2022-06-14 15:00:00,77.943,77.947,77.936,77.945,7.0
2022-06-14 16:00:00,77.955,77.955,77.955,77.955,2.0
2022-06-14 17:00:00,77.955,77.955,77.955,77.955,1.0
2022-06-14 22:00:00,77.949,77.949,77.93,77.938,13.0
2022-06-14 23:00:00,77.934,77.938,77.904,77.93,128.0
2022-06-15 00:00:00,77.932,77.964,77.93,77.956,62.0
2022-06-15 01:00:00,77.952,77.968,77.934,77.958,118.0
2022-06-15 02:00:00,77.96,78.014,77.948,77.974,203.0
2022-06-15 03:00:00,77.972,77.98,77.954,77.972,122.0
2022-06-15 04:00:00,77.968,77.98,77.922,77.95,176.0
2022-06-15 05:00:00,77.948,77.956,77.912,77.956,136.0
2022-06-15 06:00:00,77.96,78.142,77.954,78.076,559.0
2022-06-15 07:00:00,78.072,78.084,78.028,78.058,116.0
2022-06-15 08:00:00,78.06,78.088,78.054,78.08,258.0
2022-06-15 09:00:00,78.084,78.09,78.014,78.018,386.0
2022-06-15 10:00:00,78.018,78.04,77.99,78.016,109.0
2022-06-15 11:00:00,78.014,78.098,78.01,78.074,185.0
2022-06-15 12:00:00,78.072,78.13,78.048,78.054,87.0
2022-06-15 13:00:00,78.058,78.072,78.05,78.054,21.0
2022-06-15 14:00:00,78.068,78.094,78.052,78.084,72.0
2022-06-15 16:00:00,77.811,77.811,77.811,77.811,2.0
2022-06-15 17:00:00,77.811,77.811,77.811,77.811,1.0
2022-06-15 22:00:00,77.929,77.929,77.929,77.929,1.0
2022-06-15 23:00:00,77.926,77.956,77.896,77.914,123.0
2022-06-16 00:00:00,77.912,77.964,77.898,77.958,102.0
2022-06-16 01:00:00,77.962,77.964,77.924,77.95,186.0
2022-06-16 02:00:00,77.948,77.98,77.946,77.974,78.0
2022-06-16 03:00:00,77.97,77.984,77.946,77.966,205.0
2022-06-16 04:00:00,77.968,77.976,77.96,77.968,85.0
2022-06-16 05:00:00,77.966,77.98,77.904,77.948,273.0
2022-06-16 06:00:00,77.95,77.994,77.95,77.976,124.0
2022-06-16 07:00:00,77.974,77.992,77.962,77.98,87.0
2022-06-16 08:00:00,77.986,77.986,77.924,77.95,130.0
2022-06-16 09:00:00,77.948,77.95,77.882,77.95,130.0
2022-06-16 10:00:00,77.95,77.986,77.928,77.942,119.0
2022-06-16 11:00:00,77.934,77.962,77.908,77.912,166.0
2022-06-16 12:00:00,77.908,77.916,77.81,77.854,199.0
2022-06-16 13:00:00,77.844,77.858,77.808,77.824,354.0
2022-06-16 14:00:00,77.826,77.874,77.804,77.853,45.0
2022-06-16 15:00:00,77.848,77.848,77.82,77.829,22.0
2022-06-16 16:00:00,77.831,77.831,77.831,77.831,2.0
2022-06-16 17:00:00,77.831,77.831,77.831,77.831,1.0
2022-06-16 22:00:00,77.91,77.967,77.91,77.926,25.0
2022-06-16 23:00:00,77.923,77.952,77.918,77.952,109.0
2022-06-17 00:00:00,77.954,77.96,77.936,77.946,66.0
2022-06-17 01:00:00,77.942,77.964,77.942,77.964,54.0
2022-06-17 02:00:00,77.962,77.992,77.962,77.986,83.0
2022-06-17 03:00:00,77.988,77.992,77.966,77.976,99.0
2022-06-17 04:00:00,77.98,78.002,77.966,77.968,110.0
2022-06-17 05:00:00,77.964,77.972,77.92,77.968,143.0
2022-06-17 06:00:00,77.972,77.986,77.966,77.978,93.0
2022-06-17 07:00:00,77.98,77.99,77.96,77.99,38.0
2022-06-17 08:00:00,77.992,78.004,77.966,77.974,80.0
2022-06-17 09:00:00,77.98,78.018,77.98,77.988,96.0
2022-06-17 10:00:00,77.988,78.016,77.986,78.014,53.0
2022-06-17 11:00:00,78.016,78.016,77.928,77.938,154.0
2022-06-17 12:00:00,77.936,77.948,77.918,77.944,63.0
2022-06-17 13:00:00,77.942,77.942,77.898,77.898,66.0
2022-06-17 14:00:00,77.892,77.902,77.858,77.863,74.0
2022-06-17 15:00:00,77.866,77.886,77.848,77.886,21.0
2022-06-17 16:00:00,77.886,77.886,77.886,77.886,1.0
2022-06-19 22:00:00,77.886,77.93,77.886,77.901,18.0
2022-06-19 23:00:00,77.895,77.902,77.827,77.844,151.0
2022-06-20 00:00:00,77.846,77.849,77.775,77.796,94.0
2022-06-20 01:00:00,77.799,77.873,77.797,77.87,138.0
2022-06-20 02:00:00,77.873,77.914,77.867,77.905,109.0
2022-06-20 03:00:00,77.908,77.936,77.895,77.904,95.0
2022-06-20 04:00:00,77.907,77.92,77.894,77.911,78.0
2022-06-20 05:00:00,77.908,77.908,77.862,77.868,80.0
2022-06-20 06:00:00,77.87,77.893,77.87,77.884,69.0
2022-06-20 07:00:00,77.881,77.881,77.866,77.871,28.0
2022-06-20 08:00:00,77.873,77.879,77.865,77.874,37.0
2022-06-20 09:00:00,77.878,77.906,77.867,77.882,43.0
2022-06-20 10:00:00,77.882,77.889,77.811,77.822,63.0
2022-06-20 11:00:00,77.82,77.843,77.82,77.831,15.0
2022-06-20 12:00:00,77.829,77.855,77.826,77.855,9.0
2022-06-20 13:00:00,77.858,77.861,77.852,77.861,13.0
2022-06-20 14:00:00,77.866,77.869,77.866,77.869,4.0
2022-06-20 15:00:00,77.879,77.914,77.879,77.896,10.0
2022-06-20 22:00:00,77.896,77.899,77.843,77.882,67.0
2022-06-20 23:00:00,77.88,77.918,77.866,77.914,98.0
2022-06-21 00:00:00,77.918,77.942,77.918,77.924,75.0
2022-06-21 01:00:00,77.922,77.98,77.918,77.966,129.0
2022-06-21 02:00:00,77.962,77.976,77.956,77.972,61.0
2022-06-21 03:00:00,77.968,77.968,77.924,77.942,136.0
2022-06-21 04:00:00,77.946,77.95,77.934,77.94,70.0
2022-06-21 05:00:00,77.944,77.95,77.864,77.932,229.0
2022-06-21 06:00:00,77.928,77.964,77.928,77.954,77.0
2022-06-21 07:00:00,77.958,78.022,77.958,78.008,98.0
2022-06-21 08:00:00,78.006,78.01,77.988,78.008,42.0
2022-06-21 09:00:00,78.01,78.014,77.992,77.992,47.0
2022-06-21 10:00:00,77.992,77.992,77.964,77.966,37.0
2022-06-21 11:00:00,77.968,78.008,77.968,77.992,57.0
2022-06-21 12:00:00,77.996,78.032,77.992,78.014,41.0
2022-06-21 13:00:00,78.01,78.01,77.984,77.992,16.0
2022-06-21 14:00:00,77.996,78.028,77.992,78.027,23.0
2022-06-21 15:00:00,78.024,78.03,78.009,78.03,16.0
2022-06-21 22:00:00,78.03,78.077,78.03,78.077,26.0
2022-06-21 23:00:00,78.07,78.075,77.925,78.024,290.0
2022-06-22 00:00:00,78.028,78.034,77.978,77.984,98.0
2022-06-22 01:00:00,77.98,78.022,77.972,77.994,113.0
2022-06-22 02:00:00,77.998,78.054,77.994,78.036,170.0
2022-06-22 03:00:00,78.034,78.098,78.026,78.062,287.0
2022-06-22 04:00:00,78.064,78.07,78.032,78.05,96.0
2022-06-22 05:00:00,78.046,78.16,77.98,78.16,310.0
2022-06-22 06:00:00,78.156,78.178,78.132,78.134,238.0
2022-06-22 07:00:00,78.13,78.166,78.1,78.134,121.0
2022-06-22 08:00:00,78.136,78.144,78.108,78.118,296.0
2022-06-22 09:00:00,78.124,78.124,78.036,78.04,142.0
2022-06-22 10:00:00,78.04,78.058,77.99,78.004,120.0
2022-06-22 11:00:00,78.006,78.094,78.006,78.09,78.0
2022-06-22 12:00:00,78.086,78.09,78.062,78.07,31.0
2022-06-22 13:00:00,78.072,78.072,78.048,78.056,16.0
2022-06-22 14:00:00,78.054,78.054,78.016,78.024,30.0
2022-06-22 15:00:00,78.028,78.052,78.028,78.041,19.0
2022-06-22 22:00:00,78.041,78.041,78.032,78.038,14.0
2022-06-22 23:00:00,78.035,78.072,77.996,78.034,209.0
2022-06-23 00:00:00,78.03,78.07,78.016,78.06,121.0
2022-06-23 01:00:00,78.062,78.074,78.046,78.066,186.0
2022-06-23 02:00:00,78.062,78.074,78.054,78.07,77.0
2022-06-23 03:00:00,78.074,78.146,78.07,78.142,171.0
2022-06-23 04:00:00,78.146,78.176,78.14,78.154,204.0
2022-06-23 05:00:00,78.16,78.198,78.122,78.138,157.0
2022-06-23 06:00:00,78.136,78.16,78.118,78.124,123.0
2022-06-23 07:00:00,78.122,78.128,78.086,78.102,82.0
2022-06-23 08:00:00,78.106,78.116,78.09,78.092,56.0
2022-06-23 09:00:00,78.088,78.09,77.998,78.002,114.0
2022-06-23 10:00:00,78.002,78.034,77.966,77.992,201.0
2022-06-23 11:00:00,77.99,77.994,77.968,77.984,106.0
2022-06-23 12:00:00,77.986,78.008,77.98,77.996,230.0
2022-06-23 13:00:00,78.0,78.032,77.996,78.022,66.0
2022-06-23 14:00:00,78.02,78.026,78.002,78.014,26.0
2022-06-23 15:00:00,78.016,78.02,77.984,77.984,25.0
2022-06-23 22:00:00,77.99,77.997,77.957,77.961,25.0
2022-06-23 23:00:00,77.965,78.054,77.957,78.054,116.0
2022-06-24 00:00:00,78.056,78.082,78.054,78.076,37.0
2022-06-24 01:00:00,78.088,78.156,78.076,78.14,104.0
2022-06-24 02:00:00,78.144,78.162,78.136,78.158,59.0
2022-06-24 03:00:00,78.154,78.164,78.138,78.148,120.0
2022-06-24 04:00:00,78.152,78.164,78.098,78.118,142.0
2022-06-24 05:00:00,78.122,78.158,78.12,78.154,135.0
2022-06-24 06:00:00,78.158,78.164,78.146,78.154,50.0
2022-06-24 07:00:00,78.156,78.188,78.142,78.172,68.0
2022-06-24 08:00:00,78.164,78.164,78.092,78.128,110.0
2022-06-24 09:00:00,78.132,78.166,78.086,78.098,89.0
2022-06-24 10:00:00,78.09,78.14,78.052,78.116,223.0
2022-06-24 11:00:00,78.112,78.12,78.102,78.108,54.0
2022-06-24 12:00:00,78.106,78.108,78.078,78.078,22.0
2022-06-24 13:00:00,78.076,78.1,78.07,78.088,24.0
2022-06-24 14:00:00,78.086,78.102,78.086,78.091,9.0
2022-06-24 15:00:00,78.082,78.087,78.07,78.087,5.0
2022-06-26 22:00:00,78.091,78.102,78.049,78.052,11.0
2022-06-26 23:00:00,78.055,78.152,78.044,78.146,119.0
2022-06-27 00:00:00,78.142,78.15,78.106,78.11,62.0
2022-06-27 01:00:00,78.112,78.138,78.104,78.134,54.0
2022-06-27 02:00:00,78.138,78.164,78.126,78.134,120.0
2022-06-27 03:00:00,78.132,78.164,78.116,78.156,134.0
2022-06-27 04:00:00,78.158,78.186,78.156,78.182,82.0
2022-06-27 05:00:00,78.18,78.224,78.18,78.192,106.0
2022-06-27 06:00:00,78.194,78.296,78.192,78.296,135.0
2022-06-27 07:00:00,78.298,78.302,78.284,78.294,74.0
2022-06-27 08:00:00,78.296,78.424,78.296,78.424,89.0
2022-06-27 09:00:00,78.42,78.42,78.322,78.344,112.0
2022-06-27 10:00:00,78.344,78.35,78.306,78.306,75.0
2022-06-27 11:00:00,78.304,78.31,78.292,78.31,51.0
2022-06-27 12:00:00,78.312,78.326,78.31,78.32,40.0
2022-06-27 13:00:00,78.324,78.35,78.318,78.33,38.0
2022-06-27 14:00:00,78.324,78.35,78.324,78.337,24.0
2022-06-27 15:00:00,78.34,78.358,78.323,78.338,45.0
2022-06-27 22:00:00,78.364,78.374,78.328,78.33,18.0
2022-06-27 23:00:00,78.333,78.456,78.333,78.438,245.0
2022-06-28 00:00:00,78.44,78.524,78.438,78.492,147.0
2022-06-28 01:00:00,78.49,78.51,78.456,78.51,146.0
2022-06-28 02:00:00,78.512,78.586,78.488,78.58,497.0
2022-06-28 03:00:00,78.576,78.66,78.542,78.614,322.0
2022-06-28 04:00:00,78.61,78.642,78.562,78.616,298.0
2022-06-28 05:00:00,78.612,78.716,78.52,78.666,533.0
2022-06-28 06:00:00,78.672,78.746,78.642,78.742,278.0
2022-06-28 07:00:00,78.738,78.792,78.73,78.788,154.0
2022-06-28 08:00:00,78.79,78.886,78.79,78.844,140.0
2022-06-28 09:00:00,78.848,78.85,78.78,78.824,134.0
2022-06-28 10:00:00,78.824,78.882,78.822,78.864,105.0
2022-06-28 11:00:00,78.86,78.872,78.814,78.85,91.0
2022-06-28 12:00:00,78.848,78.852,78.808,78.832,32.0
2022-06-28 13:00:00,78.838,78.866,78.832,78.836,22.0
2022-06-28 14:00:00,78.842,78.89,78.842,78.879,45.0
2022-06-28 15:00:00,78.882,78.929,78.882,78.922,26.0
2022-06-28 22:00:00,78.837,78.883,78.837,78.87,19.0
2022-06-28 23:00:00,78.875,78.875,78.607,78.808,266.0
2022-06-29 00:00:00,78.806,78.844,78.704,78.724,540.0
2022-06-29 01:00:00,78.722,78.79,78.712,78.748,665.0
2022-06-29 02:00:00,78.756,78.822,78.756,78.794,407.0
2022-06-29 03:00:00,78.796,78.874,78.786,78.812,199.0
2022-06-29 04:00:00,78.818,78.83,78.762,78.784,158.0
2022-06-29 05:00:00,78.78,78.844,78.754,78.844,219.0
2022-06-29 06:00:00,78.838,78.91,78.826,78.848,261.0
2022-06-29 07:00:00,78.844,78.854,78.838,78.846,31.0
2022-06-29 08:00:00,78.84,78.846,78.622,78.77,35.0
2022-06-29 09:00:00,78.782,78.882,78.77,78.834,82.0
2022-06-29 10:00:00,78.834,78.862,78.798,78.816,47.0
2022-06-29 11:00:00,78.812,78.844,78.598,78.608,63.0
2022-06-29 12:00:00,78.462,78.816,78.46,78.806,44.0
2022-06-29 13:00:00,78.804,78.804,78.434,78.434,13.0
2022-06-29 14:00:00,78.442,78.784,78.442,78.775,31.0
2022-06-29 15:00:00,78.781,78.787,78.775,78.775,7.0
2022-06-29 22:00:00,78.704,78.704,78.698,78.703,4.0
2022-06-29 23:00:00,78.722,78.788,78.716,78.778,254.0
2022-06-30 00:00:00,78.784,78.8,78.756,78.794,123.0
2022-06-30 01:00:00,78.796,78.802,78.774,78.78,63.0
2022-06-30 02:00:00,78.774,78.804,78.76,78.792,122.0
2022-06-30 03:00:00,78.786,78.812,78.774,78.796,123.0
2022-06-30 04:00:00,78.8,78.834,78.776,78.804,196.0
2022-06-30 05:00:00,78.808,78.858,78.784,78.838,227.0
2022-06-30 06:00:00,78.844,78.87,78.83,78.864,83.0
2022-06-30 07:00:00,78.86,78.93,78.848,78.892,58.0
2022-06-30 08:00:00,78.896,78.936,78.892,78.936,94.0
2022-06-30 09:00:00,78.93,78.954,78.894,78.95,129.0
2022-06-30 10:00:00,78.95,78.95,78.888,78.902,89.0
2022-06-30 11:00:00,78.896,78.898,78.876,78.892,69.0
2022-06-30 12:00:00,78.89,78.892,78.82,78.834,87.0
2022-06-30 13:00:00,78.826,78.898,78.826,78.878,32.0
2022-06-30 14:00:00,78.864,78.878,78.826,78.826,40.0
2022-06-30 15:00:00,78.828,78.852,78.82,78.839,49.0
2022-06-30 22:00:00,78.86,78.9,78.86,78.9,15.0
2022-06-30 23:00:00,78.904,79.038,78.571,78.994,411.0
2022-07-01 00:00:00,78.99,78.998,78.94,78.95,163.0
2022-07-01 01:00:00,78.952,79.002,78.936,78.978,213.0
2022-07-01 02:00:00,78.974,79.002,78.958,78.978,152.0
2022-07-01 03:00:00,78.982,79.0,78.966,78.984,162.0
2022-07-01 04:00:00,78.988,78.998,78.908,78.942,152.0
2022-07-01 05:00:00,78.944,78.97,78.912,78.94,223.0
2022-07-01 06:00:00,78.942,78.942,78.57,78.848,360.0
2022-07-01 07:00:00,78.846,78.924,78.82,78.924,232.0
2022-07-01 08:00:00,78.918,78.946,78.886,78.928,58.0
2022-07-01 09:00:00,78.932,78.932,78.8,78.836,60.0
2022-07-01 10:00:00,78.83,78.894,78.826,78.85,106.0
2022-07-01 11:00:00,78.848,78.88,78.778,78.8,51.0
2022-07-01 12:00:00,78.796,78.852,78.796,78.836,17.0
2022-07-01 13:00:00,78.832,78.842,78.826,78.826,9.0
2022-07-01 14:00:00,78.812,78.82,78.798,78.818,7.0
2022-07-01 15:00:00,78.821,78.909,78.821,78.837,32.0
2022-07-03 22:00:00,78.877,78.889,78.877,78.889,3.0
2022-07-03 23:00:00,78.883,78.928,78.863,78.928,56.0
2022-07-04 00:00:00,78.924,78.948,78.91,78.928,79.0
2022-07-04 01:00:00,78.934,78.942,78.922,78.926,43.0
2022-07-04 02:00:00,78.924,78.942,78.86,78.882,248.0
2022-07-04 03:00:00,78.878,78.902,78.874,78.896,130.0
2022-07-04 04:00:00,78.902,78.91,78.778,78.818,235.0
2022-07-04 05:00:00,78.812,78.832,78.752,78.832,278.0
2022-07-04 06:00:00,78.834,78.852,78.81,78.84,114.0
2022-07-04 07:00:00,78.844,78.85,78.82,78.824,29.0
2022-07-04 08:00:00,78.814,78.824,78.812,78.818,8.0
2022-07-04 09:00:00,78.824,78.854,78.82,78.832,47.0
2022-07-04 10:00:00,78.832,78.84,78.788,78.838,20.0
2022-07-04 11:00:00,78.856,78.898,78.85,78.882,17.0
2022-07-04 12:00:00,78.878,78.878,78.878,78.878,1.0
2022-07-04 14:00:00,78.88,78.88,78.86,78.869,11.0
2022-07-04 15:00:00,78.861,78.868,78.861,78.868,3.0
2022-07-04 22:00:00,78.857,78.876,78.857,78.876,7.0
2022-07-04 23:00:00,78.904,78.958,78.878,78.95,147.0
2022-07-05 00:00:00,78.946,79.004,78.928,78.956,194.0
2022-07-05 01:00:00,78.954,78.978,78.948,78.976,80.0
2022-07-05 02:00:00,78.98,79.01,78.964,78.996,153.0
2022-07-05 03:00:00,78.992,79.01,78.926,78.99,456.0
2022-07-05 04:00:00,78.994,79.098,78.99,79.046,396.0
2022-07-05 05:00:00,79.052,79.262,79.028,79.262,318.0
2022-07-05 06:00:00,79.264,79.306,79.186,79.23,365.0
2022-07-05 07:00:00,79.234,79.276,79.23,79.268,211.0
2022-07-05 08:00:00,79.272,79.308,79.246,79.246,479.0
2022-07-05 09:00:00,79.242,79.34,79.182,79.264,161.0
2022-07-05 10:00:00,79.264,79.268,79.206,79.226,71.0
2022-07-05 11:00:00,79.22,79.268,79.102,79.12,92.0
2022-07-05 12:00:00,79.136,79.14,79.11,79.116,11.0
2022-07-05 13:00:00,79.106,79.11,79.082,79.1,12.0
2022-07-05 14:00:00,79.102,79.112,79.078,79.082,18.0
2022-07-05 15:00:00,79.079,79.083,79.073,79.077,5.0
2022-07-05 22:00:00,79.077,79.09,79.059,79.062,17.0
2022-07-05 23:00:00,79.106,79.21,79.061,79.144,226.0
2022-07-06 00:00:00,79.146,79.226,79.146,79.182,263.0
2022-07-06 01:00:00,79.178,79.286,79.174,79.212,387.0
2022-07-06 02:00:00,79.218,79.23,79.18,79.196,212.0
2022-07-06 03:00:00,79.192,79.208,79.156,79.2,205.0
2022-07-06 04:00:00,79.206,79.25,79.182,79.222,215.0
2022-07-06 05:00:00,79.224,79.238,79.132,79.19,266.0
2022-07-06 06:00:00,79.198,79.222,79.182,79.194,190.0
2022-07-06 07:00:00,79.19,79.19,78.534,79.056,647.0
2022-07-06 08:00:00,79.05,79.06,78.958,78.982,158.0
2022-07-06 09:00:00,78.962,79.022,78.956,79.01,60.0
2022-07-06 10:00:00,79.01,79.036,78.962,78.978,113.0
2022-07-06 11:00:00,78.976,79.002,78.96,79.002,119.0
2022-07-06 12:00:00,78.998,79.0,78.96,78.972,19.0
2022-07-06 13:00:00,78.966,79.002,78.954,78.954,47.0
2022-07-06 14:00:00,78.956,78.986,78.956,78.986,31.0
2022-07-06 15:00:00,78.982,79.024,78.965,78.982,29.0
2022-07-06 22:00:00,78.979,78.979,78.887,78.949,28.0
2022-07-06 23:00:00,78.959,79.008,78.774,78.9,327.0
2022-07-07 00:00:00,78.906,78.952,78.896,78.912,199.0
2022-07-07 01:00:00,78.914,78.914,78.84,78.894,155.0
2022-07-07 02:00:00,78.898,78.958,78.894,78.95,179.0
2022-07-07 03:00:00,78.952,79.04,78.942,79.038,283.0
2022-07-07 04:00:00,79.04,79.15,79.024,79.126,363.0
2022-07-07 05:00:00,79.122,79.15,79.062,79.078,387.0
2022-07-07 06:00:00,79.082,79.102,79.008,79.062,246.0
2022-07-07 07:00:00,79.064,79.07,79.034,79.06,61.0
2022-07-07 08:00:00,79.056,79.106,79.048,79.076,406.0
2022-07-07 09:00:00,79.08,79.084,79.038,79.04,58.0
2022-07-07 10:00:00,79.04,79.056,78.99,79.02,91.0
2022-07-07 11:00:00,79.024,79.052,79.008,79.052,33.0
2022-07-07 12:00:00,79.028,79.07,79.024,79.052,10.0
2022-07-07 14:00:00,79.058,79.092,79.058,79.081,34.0
2022-07-07 15:00:00,79.085,79.164,79.084,79.131,56.0
2022-07-07 22:00:00,79.042,79.098,79.042,79.067,14.0
2022-07-07 23:00:00,79.101,79.16,79.072,79.122,97.0
2022-07-08 00:00:00,79.126,79.14,79.1,79.124,146.0
2022-07-08 01:00:00,79.122,79.132,79.08,79.09,106.0
2022-07-08 02:00:00,79.092,79.152,79.09,79.13,228.0
2022-07-08 03:00:00,79.134,79.212,79.12,79.168,570.0
2022-07-08 04:00:00,79.17,79.208,79.152,79.196,196.0
2022-07-08 05:00:00,79.2,79.214,79.096,79.132,336.0
2022-07-08 06:00:00,79.136,79.178,79.092,79.178,178.0
2022-07-08 07:00:00,79.172,79.178,79.144,79.148,79.0
2022-07-08 08:00:00,79.138,79.264,79.116,79.226,171.0
2022-07-08 09:00:00,79.22,79.3,79.17,79.278,124.0
2022-07-08 10:00:00,79.278,79.326,79.206,79.216,100.0
2022-07-08 11:00:00,79.21,79.21,79.104,79.174,63.0
2022-07-08 12:00:00,79.164,79.204,79.164,79.184,22.0
2022-07-08 13:00:00,79.186,79.208,79.186,79.198,19.0
2022-07-08 14:00:00,79.192,79.201,79.19,79.201,7.0
2022-07-08 15:00:00,79.21,79.252,79.172,79.243,46.0
2022-07-10 22:00:00,79.218,79.274,79.19,79.226,16.0
2022-07-10 23:00:00,79.223,79.244,78.787,79.226,376.0
2022-07-11 00:00:00,79.232,79.338,79.224,79.278,265.0
2022-07-11 01:00:00,79.282,79.338,79.282,79.322,220.0
2022-07-11 02:00:00,79.324,79.35,79.262,79.322,326.0
2022-07-11 03:00:00,79.318,79.338,79.29,79.308,217.0
2022-07-11 04:00:00,79.316,79.348,79.296,79.324,165.0
2022-07-11 05:00:00,79.326,79.36,79.242,79.356,269.0
2022-07-11 06:00:00,79.362,79.422,79.362,79.392,179.0
2022-07-11 07:00:00,79.396,79.396,79.346,79.37,77.0
2022-07-11 08:00:00,79.372,79.442,79.368,79.422,68.0
2022-07-11 09:00:00,79.428,79.504,79.42,79.45,113.0
2022-07-11 10:00:00,79.45,79.468,79.366,79.406,79.0
2022-07-11 11:00:00,79.404,79.438,79.388,79.41,36.0
2022-07-11 12:00:00,79.384,79.422,79.384,79.404,21.0
2022-07-11 13:00:00,79.394,79.398,79.328,79.338,32.0
2022-07-11 14:00:00,79.342,79.356,79.334,79.348,23.0
2022-07-11 15:00:00,79.351,79.388,79.344,79.345,29.0
2022-07-11 22:00:00,79.438,79.444,79.404,79.418,8.0
2022-07-11 23:00:00,79.414,79.51,79.359,79.488,191.0
2022-07-12 00:00:00,79.492,79.564,79.49,79.522,205.0
2022-07-12 01:00:00,79.52,79.564,79.52,79.558,185.0
2022-07-12 02:00:00,79.562,79.572,79.536,79.552,195.0
2022-07-12 03:00:00,79.548,79.58,79.528,79.558,224.0
2022-07-12 04:00:00,79.554,79.576,79.524,79.548,231.0
2022-07-12 05:00:00,79.544,79.56,79.466,79.538,256.0
2022-07-12 06:00:00,79.536,79.554,79.484,79.546,180.0
2022-07-12 07:00:00,79.514,79.524,79.456,79.474,121.0
2022-07-12 08:00:00,79.478,79.56,79.474,79.474,69.0
2022-07-12 09:00:00,79.486,79.498,79.432,79.46,62.0
2022-07-12 10:00:00,79.46,79.47,79.43,79.43,26.0
2022-07-12 11:00:00,79.434,79.434,79.398,79.41,39.0
2022-07-12 12:00:00,79.436,79.464,79.408,79.408,36.0
2022-07-12 13:00:00,79.416,79.418,79.408,79.414,10.0
2022-07-12 14:00:00,79.408,79.43,79.392,79.413,247.0
2022-07-12 15:00:00,79.407,79.503,79.4,79.503,28.0
2022-07-12 22:00:00,79.447,79.448,79.415,79.415,23.0
2022-07-12 23:00:00,79.411,79.516,79.411,79.512,174.0
2022-07-13 00:00:00,79.51,79.566,79.506,79.554,133.0
2022-07-13 01:00:00,79.55,79.588,79.55,79.574,104.0
2022-07-13 02:00:00,79.578,79.6,79.548,79.588,251.0
2022-07-13 03:00:00,79.592,79.634,79.57,79.578,233.0
2022-07-13 04:00:00,79.576,79.604,79.548,79.564,157.0
2022-07-13 05:00:00,79.57,79.576,79.516,79.564,198.0
2022-07-13 06:00:00,79.568,79.582,79.536,79.546,109.0
2022-07-13 07:00:00,79.54,79.566,79.54,79.562,29.0
2022-07-13 08:00:00,79.536,79.868,79.536,79.762,348.0
2022-07-13 09:00:00,79.766,79.78,79.67,79.738,113.0
2022-07-13 10:00:00,79.738,79.816,79.508,79.586,193.0
2022-07-13 11:00:00,79.566,79.808,79.566,79.662,104.0
2022-07-13 12:00:00,79.658,79.658,79.58,79.58,13.0
2022-07-13 13:00:00,79.572,79.574,79.562,79.574,12.0
2022-07-13 14:00:00,79.576,79.66,79.576,79.642,46.0
2022-07-13 15:00:00,79.631,79.658,79.631,79.658,17.0
2022-07-13 22:00:00,79.67,79.699,79.634,79.647,15.0
2022-07-13 23:00:00,79.67,79.688,79.316,79.668,504.0
2022-07-14 00:00:00,79.664,79.77,79.652,79.716,254.0
2022-07-14 01:00:00,79.706,79.752,79.696,79.738,272.0
2022-07-14 02:00:00,79.734,79.788,79.722,79.784,225.0
2022-07-14 03:00:00,79.788,79.796,79.74,79.782,231.0
2022-07-14 04:00:00,79.778,79.822,79.748,79.774,399.0
2022-07-14 05:00:00,79.784,79.79,79.718,79.766,254.0
2022-07-14 06:00:00,79.762,79.916,79.762,79.898,314.0
2022-07-14 07:00:00,79.894,79.958,79.802,79.898,320.0
2022-07-14 08:00:00,79.904,79.998,79.896,79.976,195.0
2022-07-14 09:00:00,79.984,80.204,79.59,79.998,168.0
2022-07-14 10:00:00,79.996,80.112,79.942,79.968,107.0
2022-07-14 11:00:00,79.99,80.036,79.824,79.87,81.0
2022-07-14 12:00:00,79.872,79.984,79.816,79.852,125.0
2022-07-14 13:00:00,79.846,79.86,79.806,79.83,46.0
2022-07-14 14:00:00,79.818,79.828,79.782,79.785,52.0
2022-07-14 15:00:00,79.787,79.947,79.784,79.805,32.0
2022-07-14 22:00:00,79.801,79.801,79.777,79.777,6.0
2022-07-14 23:00:00,79.786,79.888,79.759,79.844,312.0
2022-07-15 00:00:00,79.842,79.878,79.816,79.822,307.0
2022-07-15 01:00:00,79.816,79.828,79.732,79.768,250.0
2022-07-15 02:00:00,79.766,79.832,79.76,79.81,277.0
2022-07-15 03:00:00,79.814,79.852,79.802,79.836,237.0
2022-07-15 04:00:00,79.83,79.856,79.776,79.808,212.0
2022-07-15 05:00:00,79.81,79.828,79.722,79.802,294.0
2022-07-15 06:00:00,79.794,79.826,79.768,79.78,131.0
2022-07-15 07:00:00,79.782,79.794,79.76,79.782,98.0
2022-07-15 08:00:00,79.798,79.798,79.674,79.68,171.0
2022-07-15 09:00:00,79.682,79.752,79.658,79.734,80.0
2022-07-15 10:00:00,79.734,79.734,79.648,79.68,110.0
2022-07-15 11:00:00,79.676,79.708,79.66,79.708,35.0
2022-07-15 12:00:00,79.7,79.708,79.7,79.706,6.0
2022-07-15 13:00:00,79.702,79.714,79.702,79.708,4.0
2022-07-15 14:00:00,79.698,79.71,79.695,79.695,6.0
2022-07-15 15:00:00,79.682,79.694,79.66,79.682,24.0
2022-07-17 22:00:00,79.752,79.807,79.707,79.748,27.0
2022-07-17 23:00:00,79.746,79.746,79.658,79.716,179.0
2022-07-18 00:00:00,79.72,79.794,79.716,79.76,170.0
2022-07-18 01:00:00,79.754,79.84,79.738,79.84,156.0
2022-07-18 02:00:00,79.846,79.856,79.816,79.842,199.0
2022-07-18 03:00:00,79.846,79.86,79.806,79.85,219.0
2022-07-18 04:00:00,79.846,79.928,79.824,79.906,203.0
2022-07-18 05:00:00,79.914,79.96,79.864,79.922,426.0
2022-07-18 06:00:00,79.932,79.954,79.898,79.94,220.0
2022-07-18 07:00:00,79.944,79.974,79.936,79.974,52.0
2022-07-18 08:00:00,79.984,79.984,79.944,79.964,32.0
2022-07-18 09:00:00,79.96,79.98,79.93,79.93,33.0
2022-07-18 10:00:00,79.93,79.964,79.922,79.938,32.0
2022-07-18 11:00:00,79.942,79.984,79.942,79.984,30.0
2022-07-18 12:00:00,79.968,79.982,79.958,79.97,12.0
2022-07-18 13:00:00,79.978,79.982,79.978,79.978,4.0
2022-07-18 14:00:00,79.98,79.986,79.974,79.984,11.0
2022-07-18 15:00:00,79.986,80.001,79.98,79.989,13.0
2022-07-18 22:00:00,79.975,80.008,79.972,79.977,11.0
2022-07-18 23:00:00,79.992,80.03,79.822,79.912,501.0
2022-07-19 00:00:00,79.91,79.936,79.882,79.896,161.0
2022-07-19 01:00:00,79.894,79.894,79.848,79.89,290.0
2022-07-19 02:00:00,79.886,79.932,79.886,79.888,201.0
2022-07-19 03:00:00,79.884,79.898,79.844,79.878,207.0
2022-07-19 04:00:00,79.864,79.892,79.816,79.872,144.0
2022-07-19 05:00:00,79.878,79.922,79.852,79.914,140.0
2022-07-19 06:00:00,79.916,79.938,79.87,79.916,191.0
2022-07-19 07:00:00,79.924,79.924,79.874,79.904,56.0
2022-07-19 08:00:00,79.908,79.924,79.896,79.91,158.0
2022-07-19 09:00:00,79.908,79.908,79.856,79.86,42.0
2022-07-19 10:00:00,79.86,79.872,79.848,79.852,60.0
2022-07-19 11:00:00,79.844,79.912,79.84,79.9,30.0
2022-07-19 12:00:00,79.876,79.9,79.86,79.86,18.0
2022-07-19 13:00:00,79.858,79.86,79.85,79.854,11.0
2022-07-19 14:00:00,79.856,79.856,79.851,79.851,5.0
2022-07-19 15:00:00,79.855,79.855,79.837,79.847,5.0
2022-07-19 22:00:00,79.888,79.899,79.848,79.849,19.0
2022-07-19 23:00:00,79.853,79.928,79.85,79.92,94.0
2022-07-20 00:00:00,79.918,79.958,79.894,79.926,168.0
2022-07-20 01:00:00,79.928,79.942,79.894,79.936,189.0
2022-07-20 02:00:00,79.942,79.954,79.91,79.934,225.0
2022-07-20 03:00:00,79.932,79.946,79.914,79.94,110.0
2022-07-20 04:00:00,79.944,79.952,79.91,79.936,161.0
2022-07-20 05:00:00,79.932,79.964,79.92,79.944,225.0
2022-07-20 06:00:00,79.95,80.062,79.942,80.01,379.0
2022-07-20 07:00:00,80.014,80.036,79.998,80.034,59.0
2022-07-20 08:00:00,80.03,80.044,79.99,80.018,97.0
2022-07-20 09:00:00,80.014,80.018,79.958,79.978,75.0
2022-07-20 10:00:00,79.978,80.008,79.952,79.992,101.0
2022-07-20 11:00:00,79.99,80.01,79.956,79.984,49.0
2022-07-20 12:00:00,79.96,79.984,79.954,79.984,29.0
2022-07-20 13:00:00,79.994,80.016,79.994,80.014,16.0
2022-07-20 14:00:00,80.018,80.018,79.998,80.002,15.0
2022-07-20 15:00:00,79.995,80.001,79.991,80.001,9.0
2022-07-20 22:00:00,79.999,80.022,79.997,80.0,13.0
2022-07-20 23:00:00,79.997,80.04,79.942,79.988,252.0
2022-07-21 00:00:00,79.984,80.008,79.954,79.99,192.0
2022-07-21 01:00:00,79.986,79.994,79.888,79.904,271.0
2022-07-21 02:00:00,79.902,79.942,79.896,79.904,174.0
2022-07-21 03:00:00,79.908,79.932,79.906,79.924,97.0
2022-07-21 04:00:00,79.928,79.944,79.898,79.912,153.0
2022-07-21 05:00:00,79.908,79.934,79.882,79.894,169.0
2022-07-21 06:00:00,79.884,79.89,79.738,79.83,380.0
2022-07-21 07:00:00,79.826,79.874,79.804,79.83,131.0
2022-07-21 08:00:00,79.798,79.838,79.702,79.758,335.0
2022-07-21 09:00:00,79.754,79.876,79.754,79.794,106.0
2022-07-21 10:00:00,79.794,79.864,79.764,79.828,101.0
2022-07-21 11:00:00,79.822,79.844,79.756,79.834,48.0
2022-07-21 12:00:00,79.826,79.852,79.826,79.842,18.0
2022-07-21 13:00:00,79.828,79.862,79.828,79.862,9.0
2022-07-21 14:00:00,79.874,79.874,79.852,79.852,12.0
2022-07-21 15:00:00,79.831,79.843,79.809,79.813,24.0
2022-07-21 22:00:00,79.849,79.877,79.849,79.87,6.0
2022-07-21 23:00:00,79.859,79.859,79.818,79.84,168.0
2022-07-22 00:00:00,79.842,79.866,79.8,79.846,143.0
2022-07-22 01:00:00,79.844,79.862,79.83,79.854,112.0
2022-07-22 02:00:00,79.852,79.858,79.668,79.802,142.0
2022-07-22 03:00:00,79.732,79.868,79.732,79.828,413.0
2022-07-22 04:00:00,79.832,79.838,79.806,79.822,113.0
2022-07-22 05:00:00,79.824,79.864,79.784,79.784,195.0
2022-07-22 06:00:00,79.782,79.876,79.782,79.856,212.0
2022-07-22 07:00:00,79.86,79.872,79.816,79.82,81.0
2022-07-22 08:00:00,79.812,79.82,79.778,79.808,63.0
2022-07-22 09:00:00,79.806,79.816,79.76,79.76,53.0
2022-07-22 10:00:00,79.76,79.84,79.76,79.796,186.0
2022-07-22 11:00:00,79.794,79.816,79.772,79.796,23.0
2022-07-22 12:00:00,79.792,79.798,79.664,79.764,23.0
2022-07-22 13:00:00,79.768,79.804,79.768,79.8,11.0
2022-07-22 14:00:00,79.802,79.848,79.802,79.845,11.0
2022-07-22 15:00:00,79.845,79.845,79.845,79.845,1.0
2022-07-24 22:00:00,79.78,79.78,79.734,79.734,3.0
2022-07-24 23:00:00,79.737,79.818,79.736,79.786,274.0
2022-07-25 00:00:00,79.78,79.8,79.734,79.756,206.0
2022-07-25 01:00:00,79.752,79.812,79.726,79.804,278.0
2022-07-25 02:00:00,79.8,79.802,79.776,79.788,133.0
2022-07-25 03:00:00,79.794,79.794,79.764,79.776,55.0
2022-07-25 04:00:00,79.782,79.792,79.664,79.682,199.0
2022-07-25 05:00:00,79.686,79.7,79.626,79.674,340.0
2022-07-25 06:00:00,79.672,79.734,79.672,79.73,67.0
2022-07-25 07:00:00,79.736,79.748,79.722,79.738,107.0
2022-07-25 08:00:00,79.732,79.744,79.724,79.74,24.0
2022-07-25 09:00:00,79.736,79.738,79.716,79.724,27.0
2022-07-25 10:00:00,79.724,79.774,79.71,79.766,48.0
2022-07-25 11:00:00,79.774,79.784,79.766,79.778,13.0
2022-07-25 12:00:00,79.772,79.778,79.744,79.748,19.0
2022-07-25 13:00:00,79.746,79.768,79.738,79.762,18.0
2022-07-25 14:00:00,79.778,79.778,79.764,79.765,9.0
2022-07-25 15:00:00,79.778,79.778,79.675,79.675,29.0
2022-07-25 22:00:00,79.661,79.673,79.661,79.673,2.0
2022-07-25 23:00:00,79.681,79.732,79.647,79.722,348.0
2022-07-26 00:00:00,79.72,79.728,79.7,79.724,55.0
2022-07-26 01:00:00,79.728,79.738,79.7,79.728,131.0
2022-07-26 02:00:00,79.732,79.774,79.692,79.708,249.0
2022-07-26 03:00:00,79.7,79.718,79.692,79.698,105.0
2022-07-26 04:00:00,79.7,79.718,79.674,79.682,110.0
2022-07-26 05:00:00,79.688,79.742,79.67,79.718,246.0
2022-07-26 06:00:00,79.722,79.764,79.722,79.75,73.0
2022-07-26 07:00:00,79.744,79.796,79.744,79.78,110.0
2022-07-26 08:00:00,79.786,79.802,79.766,79.774,36.0
2022-07-26 09:00:00,79.778,79.792,79.696,79.758,54.0
2022-07-26 10:00:00,79.758,79.802,79.744,79.794,65.0
2022-07-26 11:00:00,79.798,79.812,79.774,79.796,76.0
2022-07-26 12:00:00,79.802,79.842,79.802,79.806,12.0
2022-07-26 13:00:00,79.838,79.838,79.82,79.834,6.0
2022-07-26 14:00:00,79.834,79.835,79.834,79.835,2.0
2022-07-26 15:00:00,79.831,79.857,79.806,79.811,18.0
2022-07-26 22:00:00,79.772,79.793,79.772,79.793,2.0
2022-07-26 23:00:00,79.786,79.84,79.771,79.832,77.0
2022-07-27 00:00:00,79.828,79.886,79.806,79.83,217.0
2022-07-27 01:00:00,79.828,79.862,79.81,79.824,172.0
2022-07-27 02:00:00,79.826,79.86,79.826,79.846,147.0
2022-07-27 03:00:00,79.844,79.854,79.828,79.852,69.0
2022-07-27 04:00:00,79.848,79.884,79.836,79.868,66.0
2022-07-27 05:00:00,79.856,79.858,79.816,79.842,302.0
2022-07-27 06:00:00,79.848,79.874,79.848,79.864,70.0
2022-07-27 07:00:00,79.87,79.912,79.846,79.876,33.0
2022-07-27 08:00:00,79.91,79.91,79.856,79.862,32.0
2022-07-27 09:00:00,79.86,79.896,79.858,79.888,29.0
2022-07-27 10:00:00,79.888,79.904,79.872,79.888,50.0
2022-07-27 11:00:00,79.882,79.898,79.864,79.896,33.0
2022-07-27 12:00:00,79.904,79.95,79.904,79.916,27.0
2022-07-27 13:00:00,79.936,79.936,79.864,79.902,31.0
2022-07-27 14:00:00,79.898,79.97,79.724,79.783,141.0
2022-07-27 15:00:00,79.787,79.848,79.759,79.783,105.0
2022-07-27 22:00:00,79.696,79.777,79.696,79.777,11.0
2022-07-27 23:00:00,79.823,79.823,79.722,79.736,111.0
2022-07-28 00:00:00,79.73,79.734,79.69,79.7,138.0
2022-07-28 01:00:00,79.698,79.702,79.66,79.678,277.0
2022-07-28 02:00:00,79.672,79.722,79.64,79.694,198.0
2022-07-28 03:00:00,79.692,79.79,79.684,79.76,196.0
2022-07-28 04:00:00,79.766,79.772,79.722,79.758,148.0
2022-07-28 05:00:00,79.76,79.766,79.674,79.69,331.0
2022-07-28 06:00:00,79.686,79.694,79.55,79.6,470.0
2022-07-28 07:00:00,79.604,79.654,79.596,79.654,63.0
2022-07-28 08:00:00,79.65,79.686,79.546,79.564,510.0
2022-07-28 09:00:00,79.58,79.63,79.566,79.598,74.0
2022-07-28 10:00:00,79.598,79.688,79.58,79.618,59.0
2022-07-28 11:00:00,79.61,79.63,79.572,79.606,50.0
2022-07-28 12:00:00,79.596,79.766,79.588,79.588,16.0
2022-07-28 13:00:00,79.582,79.604,79.578,79.598,20.0
2022-07-28 14:00:00,79.592,79.592,79.566,79.57,48.0
2022-07-28 15:00:00,79.548,79.555,79.495,79.545,35.0
2022-07-28 22:00:00,79.472,79.532,79.467,79.532,12.0
2022-07-28 23:00:00,79.51,79.51,78.926,79.298,389.0
2022-07-29 00:00:00,79.294,79.366,79.27,79.366,244.0
2022-07-29 01:00:00,79.362,79.38,79.34,79.366,161.0
2022-07-29 02:00:00,79.368,79.382,79.306,79.318,252.0
2022-07-29 03:00:00,79.316,79.316,79.084,79.136,438.0
2022-07-29 04:00:00,79.132,79.222,79.11,79.176,367.0
2022-07-29 05:00:00,79.178,79.252,79.162,79.2,231.0
2022-07-29 06:00:00,79.204,79.216,79.162,79.18,112.0
2022-07-29 07:00:00,79.176,79.226,79.162,79.204,127.0
2022-07-29 08:00:00,79.208,79.276,79.198,79.24,317.0
2022-07-29 09:00:00,79.234,79.36,79.234,79.336,201.0
2022-07-29 10:00:00,79.336,79.344,79.242,79.274,84.0
2022-07-29 11:00:00,79.27,79.3,79.254,79.298,54.0
2022-07-29 12:00:00,79.306,79.342,79.298,79.342,22.0
2022-07-29 13:00:00,79.344,79.344,79.32,79.328,22.0
2022-07-29 14:00:00,79.322,79.344,79.313,79.313,14.0
2022-07-29 15:00:00,79.301,79.313,79.19,79.217,59.0
2022-07-31 22:00:00,79.217,79.217,78.905,79.118,11.0
2022-07-31 23:00:00,79.115,79.115,79.056,79.06,260.0
2022-08-01 00:00:00,79.062,79.148,79.062,79.148,184.0
2022-08-01 01:00:00,79.146,79.184,79.132,79.148,188.0
2022-08-01 02:00:00,79.144,79.148,79.082,79.086,188.0
2022-08-01 03:00:00,79.084,79.096,79.028,79.06,249.0
2022-08-01 04:00:00,79.062,79.062,78.936,79.012,300.0
2022-08-01 05:00:00,79.018,79.024,78.972,78.98,159.0
2022-08-01 06:00:00,78.978,79.042,78.96,79.024,123.0
2022-08-01 07:00:00,79.022,79.052,79.016,79.038,90.0
2022-08-01 08:00:00,79.034,79.058,79.012,79.04,106.0
2022-08-01 09:00:00,79.036,79.064,78.95,78.954,96.0
2022-08-01 10:00:00,78.954,78.978,78.862,78.876,147.0
2022-08-01 11:00:00,78.87,78.914,78.858,78.906,43.0
2022-08-01 12:00:00,78.89,78.926,78.878,78.912,25.0
2022-08-01 13:00:00,78.924,78.928,78.912,78.916,11.0
2022-08-01 14:00:00,78.928,78.992,78.914,78.928,36.0
2022-08-01 15:00:00,78.932,78.932,78.923,78.923,5.0
2022-08-01 22:00:00,78.931,78.931,78.901,78.911,14.0
2022-08-01 23:00:00,78.883,78.91,78.866,78.896,110.0
2022-08-02 00:00:00,78.892,78.892,78.622,78.636,446.0
2022-08-02 01:00:00,78.63,78.642,78.454,78.634,728.0
2022-08-02 02:00:00,78.638,78.654,78.532,78.574,388.0
2022-08-02 03:00:00,78.57,78.572,78.506,78.55,249.0
2022-08-02 04:00:00,78.542,78.612,78.53,78.604,193.0
2022-08-02 05:00:00,78.598,78.684,78.574,78.656,210.0
2022-08-02 06:00:00,78.654,78.656,78.572,78.598,232.0
2022-08-02 07:00:00,78.596,78.606,78.52,78.542,90.0
2022-08-02 08:00:00,78.546,78.564,78.46,78.468,102.0
2022-08-02 09:00:00,78.458,78.512,78.136,78.464,246.0
2022-08-02 10:00:00,78.464,78.588,78.402,78.494,169.0
2022-08-02 11:00:00,78.486,78.516,78.374,78.468,39.0
2022-08-02 12:00:00,78.472,78.502,78.412,78.446,41.0
2022-08-02 13:00:00,78.45,78.552,78.428,78.542,36.0
2022-08-02 14:00:00,78.554,78.568,78.548,78.568,11.0
2022-08-02 15:00:00,78.572,78.584,78.568,78.57,5.0
2022-08-02 22:00:00,78.598,78.636,78.575,78.61,17.0
2022-08-02 23:00:00,78.617,78.764,78.6,78.692,315.0
2022-08-03 00:00:00,78.694,78.718,78.622,78.686,345.0
2022-08-03 01:00:00,78.682,78.7,78.66,78.688,167.0
2022-08-03 02:00:00,78.684,78.864,78.684,78.824,447.0
2022-08-03 03:00:00,78.828,78.984,78.786,78.964,423.0
2022-08-03 04:00:00,78.972,78.98,78.864,78.904,334.0
2022-08-03 05:00:00,78.908,79.118,78.9,79.08,354.0
2022-08-03 06:00:00,79.084,79.194,79.052,79.132,368.0
2022-08-03 07:00:00,79.126,79.154,79.1,79.11,110.0
2022-08-03 08:00:00,79.106,79.11,79.066,79.094,80.0
2022-08-03 09:00:00,79.098,79.14,79.098,79.108,48.0
2022-08-03 10:00:00,79.108,79.178,79.108,79.134,115.0
2022-08-03 11:00:00,79.14,79.144,79.096,79.096,59.0
2022-08-03 12:00:00,79.09,79.098,79.038,79.038,38.0
2022-08-03 13:00:00,79.026,79.048,79.022,79.046,19.0
2022-08-03 14:00:00,79.05,79.076,79.048,79.066,29.0
2022-08-03 15:00:00,79.062,79.062,79.043,79.047,8.0
2022-08-03 22:00:00,79.036,79.067,79.025,79.064,17.0
2022-08-03 23:00:00,79.068,79.444,79.065,79.412,639.0
2022-08-04 00:00:00,79.414,79.486,79.268,79.342,784.0
2022-08-04 01:00:00,79.344,79.428,79.314,79.404,298.0
2022-08-04 02:00:00,79.402,79.51,79.37,79.508,472.0
2022-08-04 03:00:00,79.506,79.756,79.464,79.654,811.0
2022-08-04 04:00:00,79.648,79.748,79.648,79.71,426.0
2022-08-04 05:00:00,79.712,79.738,79.36,79.398,1018.0
2022-08-04 06:00:00,79.404,79.426,79.216,79.31,494.0
2022-08-04 07:00:00,79.316,79.366,79.258,79.284,445.0
2022-08-04 08:00:00,79.282,79.294,79.24,79.25,138.0
2022-08-04 09:00:00,79.256,79.272,79.184,79.216,69.0
2022-08-04 10:00:00,79.216,79.218,79.098,79.14,80.0
2022-08-04 11:00:00,79.144,79.152,79.05,79.084,63.0
2022-08-04 12:00:00,79.088,79.136,79.082,79.126,241.0
2022-08-04 13:00:00,79.12,79.154,79.118,79.132,28.0
2022-08-04 14:00:00,79.128,79.13,79.084,79.085,19.0
2022-08-04 15:00:00,79.058,79.09,79.056,79.09,20.0
2022-08-04 22:00:00,79.059,79.059,79.007,79.025,505.0
2022-08-04 23:00:00,79.042,79.042,78.806,78.962,577.0
2022-08-05 00:00:00,78.96,79.114,78.794,79.02,1171.0
2022-08-05 01:00:00,79.016,79.03,78.894,78.982,633.0
2022-08-05 02:00:00,78.986,79.19,78.978,79.112,692.0
2022-08-05 03:00:00,79.108,79.174,79.044,79.152,422.0
2022-08-05 04:00:00,79.15,79.154,79.05,79.094,367.0
2022-08-05 05:00:00,79.09,79.21,79.082,79.124,248.0
2022-08-05 06:00:00,79.126,79.202,79.092,79.144,294.0
2022-08-05 07:00:00,79.136,79.17,79.082,79.154,179.0
2022-08-05 08:00:00,79.158,79.442,79.098,79.406,520.0
2022-08-05 09:00:00,79.402,79.402,79.306,79.33,106.0
2022-08-05 10:00:00,79.33,79.344,79.302,79.302,57.0
2022-08-05 11:00:00,79.306,79.366,79.274,79.358,71.0
2022-08-05 12:00:00,79.332,79.356,79.316,79.342,20.0
2022-08-05 13:00:00,79.35,79.35,79.32,79.334,9.0
2022-08-05 14:00:00,79.34,79.343,79.34,79.341,7.0
2022-08-05 15:00:00,79.351,79.359,79.309,79.354,21.0
2022-08-07 22:00:00,79.315,79.325,79.306,79.316,6.0
2022-08-07 23:00:00,79.313,79.462,79.304,79.398,343.0
2022-08-08 00:00:00,79.402,79.482,79.402,79.478,330.0
2022-08-08 01:00:00,79.474,79.524,79.47,79.492,246.0
2022-08-08 02:00:00,79.49,79.566,79.476,79.532,208.0
2022-08-08 03:00:00,79.534,79.536,79.462,79.47,202.0
2022-08-08 04:00:00,79.474,79.54,79.466,79.52,473.0
2022-08-08 05:00:00,79.524,79.59,79.502,79.586,204.0
2022-08-08 06:00:00,79.584,79.618,79.542,79.546,194.0
2022-08-08 07:00:00,79.542,79.574,79.522,79.534,75.0
2022-08-08 08:00:00,79.532,79.538,79.482,79.492,82.0
2022-08-08 09:00:00,79.468,79.526,79.432,79.482,70.0
2022-08-08 10:00:00,79.482,79.498,79.442,79.472,61.0
2022-08-08 11:00:00,79.468,79.542,79.466,79.538,57.0
2022-08-08 12:00:00,79.534,79.534,79.504,79.516,220.0
2022-08-08 13:00:00,79.592,79.592,79.508,79.516,15.0
2022-08-08 14:00:00,79.52,79.602,79.52,79.599,10.0
2022-08-08 15:00:00,79.575,79.583,79.569,79.583,11.0
2022-08-08 22:00:00,79.516,79.516,79.516,79.516,1.0
2022-08-08 23:00:00,79.491,79.492,79.438,79.448,35.0
2022-08-09 00:00:00,79.452,79.488,79.44,79.478,92.0
2022-08-09 01:00:00,79.482,79.518,79.48,79.502,35.0
2022-08-09 02:00:00,79.51,79.578,79.504,79.572,93.0
2022-08-09 03:00:00,79.568,79.606,79.56,79.572,79.0
2022-08-09 04:00:00,79.564,79.564,79.466,79.474,90.0
2022-08-09 05:00:00,79.47,79.478,79.438,79.468,46.0
2022-08-09 06:00:00,79.474,79.548,79.474,79.526,117.0
2022-08-09 07:00:00,79.52,79.53,79.476,79.494,23.0
2022-08-09 08:00:00,79.468,79.52,79.468,79.494,14.0
2022-08-09 09:00:00,79.486,79.514,79.454,79.492,30.0
2022-08-09 10:00:00,79.492,79.528,79.482,79.526,49.0
2022-08-09 11:00:00,79.538,79.554,79.51,79.532,46.0
2022-08-09 12:00:00,79.52,79.532,79.51,79.53,18.0
2022-08-09 14:00:00,79.518,79.53,79.518,79.529,7.0
2022-08-09 15:00:00,79.532,79.532,79.527,79.527,3.0
2022-08-09 22:00:00,79.507,79.507,79.488,79.505,5.0
2022-08-09 23:00:00,79.49,79.526,79.436,79.456,176.0
2022-08-10 00:00:00,79.458,79.49,79.408,79.448,352.0
2022-08-10 01:00:00,79.442,79.45,79.354,79.426,334.0
2022-08-10 02:00:00,79.42,79.458,79.396,79.42,199.0
2022-08-10 03:00:00,79.416,79.432,79.386,79.412,139.0
2022-08-10 04:00:00,79.414,79.46,79.408,79.454,233.0
2022-08-10 05:00:00,79.456,79.476,79.42,79.462,277.0
2022-08-10 06:00:00,79.458,79.476,79.4,79.446,354.0
2022-08-10 07:00:00,79.444,79.496,79.41,79.414,105.0
2022-08-10 08:00:00,79.41,79.492,78.828,79.222,540.0
2022-08-10 09:00:00,79.234,79.266,79.062,79.104,169.0
2022-08-10 10:00:00,79.104,79.11,78.982,79.008,124.0
2022-08-10 11:00:00,79.034,79.112,78.954,79.046,142.0
2022-08-10 12:00:00,79.042,79.056,79.006,79.006,43.0
2022-08-10 13:00:00,79.008,79.044,79.0,79.02,128.0
2022-08-10 14:00:00,79.004,79.054,79.0,79.046,176.0
2022-08-10 15:00:00,79.036,79.051,79.025,79.038,24.0
2022-08-10 22:00:00,79.076,79.11,79.076,79.103,24.0
2022-08-10 23:00:00,79.09,79.214,79.09,79.196,307.0
2022-08-11 00:00:00,79.2,79.256,79.172,79.256,196.0
2022-08-11 01:00:00,79.262,79.382,79.254,79.368,266.0
2022-08-11 02:00:00,79.366,79.416,79.344,79.354,337.0
2022-08-11 03:00:00,79.35,79.388,79.342,79.364,298.0
2022-08-11 04:00:00,79.368,79.53,79.344,79.362,317.0
2022-08-11 05:00:00,79.366,79.592,79.364,79.534,537.0
2022-08-11 06:00:00,79.538,79.568,79.498,79.568,195.0
2022-08-11 07:00:00,79.572,79.572,79.51,79.516,75.0
2022-08-11 08:00:00,79.512,79.534,79.42,79.426,182.0
2022-08-11 09:00:00,79.436,79.458,79.378,79.394,118.0
2022-08-11 10:00:00,79.394,79.464,79.386,79.442,142.0
2022-08-11 11:00:00,79.438,79.528,79.436,79.476,64.0
2022-08-11 12:00:00,79.512,79.514,79.48,79.498,16.0
2022-08-11 13:00:00,79.52,79.52,79.496,79.51,9.0
2022-08-11 14:00:00,79.514,79.574,79.486,79.557,36.0
2022-08-11 15:00:00,79.56,79.619,79.553,79.599,12.0
2022-08-11 22:00:00,79.57,79.571,79.541,79.571,3.0
2022-08-11 23:00:00,79.591,79.618,79.5,79.566,209.0
2022-08-12 00:00:00,79.562,79.644,79.538,79.588,333.0
2022-08-12 01:00:00,79.592,79.612,79.556,79.586,131.0
2022-08-12 02:00:00,79.584,79.628,79.564,79.604,238.0
2022-08-12 03:00:00,79.602,79.63,79.582,79.608,106.0
2022-08-12 04:00:00,79.612,79.66,79.568,79.58,272.0
2022-08-12 05:00:00,79.582,79.612,79.51,79.558,251.0
2022-08-12 06:00:00,79.562,79.648,79.558,79.636,177.0
2022-08-12 07:00:00,79.63,79.676,79.616,79.668,95.0
2022-08-12 08:00:00,79.658,79.67,79.636,79.636,88.0
2022-08-12 09:00:00,79.608,79.628,79.562,79.564,54.0
2022-08-12 10:00:00,79.564,79.616,79.542,79.55,102.0
2022-08-12 11:00:00,79.548,79.6,79.532,79.572,67.0
2022-08-12 12:00:00,79.568,79.59,79.526,79.534,17.0
2022-08-12 13:00:00,79.522,79.53,79.508,79.514,30.0
2022-08-12 14:00:00,79.518,79.53,79.506,79.506,17.0
2022-08-12 15:00:00,79.503,79.512,79.483,79.488,19.0
2022-08-14 22:00:00,79.488,79.638,79.487,79.602,26.0
2022-08-14 23:00:00,79.589,79.616,79.518,79.578,96.0
2022-08-15 00:00:00,79.574,79.6,79.53,79.572,318.0
2022-08-15 01:00:00,79.568,79.574,79.516,79.57,105.0
2022-08-15 02:00:00,79.566,79.59,79.514,79.518,99.0
2022-08-15 03:00:00,79.514,79.56,79.514,79.56,41.0
2022-08-15 04:00:00,79.554,79.564,79.528,79.546,49.0
2022-08-15 05:00:00,79.554,79.578,79.48,79.48,146.0
2022-08-15 06:00:00,79.478,79.502,79.432,79.452,146.0
2022-08-15 07:00:00,79.456,79.498,79.444,79.462,67.0
2022-08-15 08:00:00,79.464,79.486,79.418,79.448,199.0
2022-08-15 09:00:00,79.442,79.444,79.44,79.442,5.0
2022-08-15 10:00:00,79.442,79.47,79.428,79.446,52.0
2022-08-15 11:00:00,79.45,79.482,79.432,79.436,17.0
2022-08-15 12:00:00,79.43,79.462,79.43,79.458,17.0
2022-08-15 13:00:00,79.46,79.474,79.46,79.474,5.0
2022-08-15 14:00:00,79.49,79.514,79.486,79.513,22.0
2022-08-15 15:00:00,79.506,79.513,79.46,79.51,15.0
2022-08-15 22:00:00,79.516,79.516,79.453,79.499,18.0
2022-08-15 23:00:00,79.502,79.552,79.476,79.478,145.0
2022-08-16 00:00:00,79.482,79.502,79.418,79.424,87.0
2022-08-16 01:00:00,79.42,79.42,79.25,79.322,213.0
2022-08-16 02:00:00,79.318,79.35,79.222,79.316,309.0
2022-08-16 03:00:00,79.312,79.352,79.292,79.304,180.0
2022-08-16 04:00:00,79.306,79.378,79.29,79.342,165.0
2022-08-16 05:00:00,79.34,79.38,79.326,79.344,122.0
2022-08-16 06:00:00,79.336,79.344,79.252,79.326,178.0
2022-08-16 07:00:00,79.33,79.336,79.308,79.308,78.0
2022-08-16 08:00:00,79.318,79.318,79.284,79.31,87.0
2022-08-16 09:00:00,79.306,79.308,79.26,79.26,55.0
2022-08-16 10:00:00,79.26,79.296,79.256,79.27,41.0
2022-08-16 11:00:00,79.274,79.292,79.262,79.28,30.0
2022-08-16 12:00:00,79.266,79.27,79.246,79.26,25.0
2022-08-16 13:00:00,79.252,79.258,79.24,79.248,8.0
2022-08-16 14:00:00,79.246,79.25,79.19,79.193,38.0
2022-08-16 15:00:00,79.199,79.233,79.172,79.172,44.0
2022-08-16 22:00:00,79.172,79.208,79.164,79.202,16.0
2022-08-16 23:00:00,79.211,79.274,79.186,79.268,225.0
2022-08-17 00:00:00,79.264,79.31,79.262,79.262,168.0
2022-08-17 01:00:00,79.26,79.3,79.208,79.254,303.0
2022-08-17 02:00:00,79.25,79.41,79.25,79.344,330.0
2022-08-17 03:00:00,79.35,79.388,79.342,79.372,235.0
2022-08-17 04:00:00,79.376,79.418,79.36,79.398,255.0
2022-08-17 05:00:00,79.394,79.414,79.348,79.382,174.0
2022-08-17 06:00:00,79.384,79.44,79.37,79.388,134.0
2022-08-17 07:00:00,79.386,79.426,79.376,79.404,79.0
2022-08-17 08:00:00,79.398,79.474,79.396,79.4,142.0
2022-08-17 09:00:00,79.404,79.426,79.376,79.398,82.0
2022-08-17 10:00:00,79.398,79.432,79.364,79.414,59.0
2022-08-17 11:00:00,79.406,79.412,79.344,79.378,86.0
2022-08-17 12:00:00,79.386,79.388,79.364,79.372,40.0
2022-08-17 13:00:00,79.382,79.382,79.346,79.358,15.0
2022-08-17 14:00:00,79.348,79.358,79.32,79.341,33.0
2022-08-17 15:00:00,79.344,79.344,79.316,79.341,9.0
2022-08-17 22:00:00,79.341,79.48,79.341,79.473,51.0
2022-08-17 23:00:00,79.48,79.626,79.469,79.594,208.0
2022-08-18 00:00:00,79.59,79.62,79.582,79.612,156.0
2022-08-18 01:00:00,79.606,79.634,79.502,79.582,187.0
2022-08-18 02:00:00,79.586,79.622,79.566,79.618,243.0
2022-08-18 03:00:00,79.616,79.622,79.57,79.608,135.0
2022-08-18 04:00:00,79.604,79.63,79.568,79.616,176.0
2022-08-18 05:00:00,79.62,79.652,79.572,79.604,200.0
2022-08-18 06:00:00,79.608,79.614,79.526,79.564,161.0
2022-08-18 07:00:00,79.562,79.638,79.542,79.566,153.0
2022-08-18 08:00:00,79.554,79.622,79.546,79.556,118.0
2022-08-18 09:00:00,79.56,79.702,79.556,79.632,76.0
2022-08-18 10:00:00,79.632,79.664,79.624,79.644,80.0
2022-08-18 11:00:00,79.648,79.68,79.63,79.676,35.0
2022-08-18 12:00:00,79.678,79.72,79.662,79.72,31.0
2022-08-18 13:00:00,79.726,79.808,79.652,79.706,36.0
2022-08-18 14:00:00,79.722,79.73,79.716,79.727,14.0
2022-08-18 15:00:00,79.703,79.747,79.687,79.713,30.0
2022-08-18 22:00:00,79.705,79.705,79.705,79.705,1.0
2022-08-18 23:00:00,79.708,79.764,79.446,79.68,222.0
2022-08-19 00:00:00,79.676,79.694,79.66,79.682,181.0
2022-08-19 01:00:00,79.688,79.728,79.65,79.688,127.0
2022-08-19 02:00:00,79.682,79.712,79.682,79.7,120.0
2022-08-19 03:00:00,79.702,79.734,79.69,79.728,237.0
2022-08-19 04:00:00,79.724,79.756,79.712,79.73,113.0
2022-08-19 05:00:00,79.734,79.74,79.676,79.708,178.0
2022-08-19 06:00:00,79.71,79.824,79.71,79.818,236.0
2022-08-19 07:00:00,79.822,79.856,79.814,79.83,89.0
2022-08-19 08:00:00,79.824,79.828,79.774,79.774,120.0
2022-08-19 09:00:00,79.778,79.844,79.768,79.826,45.0
2022-08-19 10:00:00,79.826,79.888,79.826,79.854,57.0
2022-08-19 11:00:00,79.856,79.886,79.846,79.854,28.0
2022-08-19 12:00:00,79.848,79.86,79.83,79.86,10.0
2022-08-19 13:00:00,79.858,79.858,79.826,79.832,13.0
2022-08-19 14:00:00,79.83,79.85,79.822,79.835,11.0
2022-08-19 15:00:00,79.847,79.863,79.847,79.863,5.0
2022-08-21 22:00:00,79.832,79.832,79.811,79.829,7.0
2022-08-21 23:00:00,79.815,79.842,79.44,79.832,389.0
2022-08-22 00:00:00,79.83,79.83,79.778,79.788,230.0
2022-08-22 01:00:00,79.792,79.834,79.788,79.816,147.0
2022-08-22 02:00:00,79.822,79.846,79.814,79.824,110.0
2022-08-22 03:00:00,79.826,79.874,79.818,79.842,146.0
2022-08-22 04:00:00,79.85,79.882,79.772,79.804,269.0
2022-08-22 05:00:00,79.808,79.866,79.758,79.784,311.0
2022-08-22 06:00:00,79.78,79.812,79.75,79.802,251.0
2022-08-22 07:00:00,79.798,79.808,79.778,79.804,49.0
2022-08-22 08:00:00,79.812,79.856,79.812,79.838,63.0
2022-08-22 09:00:00,79.834,79.876,79.812,79.866,63.0
2022-08-22 10:00:00,79.872,79.876,79.828,79.86,57.0
2022-08-22 11:00:00,79.856,79.912,79.854,79.874,62.0
2022-08-22 12:00:00,79.852,79.88,79.72,79.802,308.0
2022-08-22 13:00:00,79.806,79.84,79.806,79.83,14.0
2022-08-22 14:00:00,79.832,79.844,79.828,79.83,18.0
2022-08-22 15:00:00,79.826,79.853,79.816,79.843,13.0
2022-08-22 22:00:00,79.831,79.849,79.827,79.831,9.0
2022-08-22 23:00:00,79.834,79.864,79.715,79.806,354.0
2022-08-23 00:00:00,79.808,79.834,79.804,79.83,129.0
2022-08-23 01:00:00,79.836,79.85,79.798,79.842,153.0
2022-08-23 02:00:00,79.844,79.862,79.828,79.844,203.0
2022-08-23 03:00:00,79.84,79.85,79.774,79.802,232.0
2022-08-23 04:00:00,79.8,79.826,79.78,79.816,408.0
2022-08-23 05:00:00,79.81,79.836,79.798,79.8,121.0
2022-08-23 06:00:00,79.804,79.836,79.8,79.82,76.0
2022-08-23 07:00:00,79.826,79.858,79.822,79.826,59.0
2022-08-23 08:00:00,79.822,79.862,79.812,79.828,42.0
2022-08-23 09:00:00,79.826,79.828,79.7,79.728,89.0
2022-08-23 10:00:00,79.728,79.79,79.642,79.764,173.0
2022-08-23 11:00:00,79.766,79.792,79.686,79.786,69.0
2022-08-23 12:00:00,79.792,79.802,79.75,79.78,51.0
2022-08-23 13:00:00,79.782,79.824,79.782,79.822,13.0
2022-08-23 14:00:00,79.81,79.828,79.808,79.82,10.0
2022-08-23 15:00:00,79.817,79.836,79.814,79.82,15.0
2022-08-23 22:00:00,79.805,79.811,79.803,79.811,10.0
2022-08-23 23:00:00,79.824,79.855,79.74,79.81,324.0
2022-08-24 00:00:00,79.802,79.808,79.74,79.74,147.0
2022-08-24 01:00:00,79.746,79.748,79.634,79.738,353.0
2022-08-24 02:00:00,79.742,79.762,79.69,79.696,185.0
2022-08-24 03:00:00,79.69,79.736,79.684,79.732,193.0
2022-08-24 04:00:00,79.728,79.744,79.716,79.734,89.0
2022-08-24 05:00:00,79.738,79.784,79.716,79.764,192.0
2022-08-24 06:00:00,79.768,79.858,79.766,79.842,163.0
2022-08-24 07:00:00,79.84,79.846,79.812,79.812,9.0
2022-08-24 08:00:00,79.768,79.818,79.708,79.76,190.0
2022-08-24 09:00:00,79.766,79.804,79.762,79.788,46.0
2022-08-24 10:00:00,79.788,79.808,79.732,79.734,89.0
2022-08-24 11:00:00,79.736,79.766,79.724,79.728,47.0
2022-08-24 12:00:00,79.74,79.802,79.728,79.802,47.0
2022-08-24 13:00:00,79.8,79.8,79.756,79.76,17.0
2022-08-24 14:00:00,79.756,79.76,79.734,79.756,16.0
2022-08-24 15:00:00,79.759,79.762,79.739,79.757,6.0
2022-08-24 22:00:00,79.71,79.74,79.666,79.715,26.0
2022-08-24 23:00:00,79.736,79.802,79.695,79.77,82.0
2022-08-25 00:00:00,79.766,79.802,79.764,79.78,93.0
2022-08-25 01:00:00,79.774,79.844,79.774,79.812,340.0
2022-08-25 02:00:00,79.816,79.82,79.776,79.794,185.0
2022-08-25 03:00:00,79.792,79.822,79.774,79.822,172.0
2022-08-25 04:00:00,79.824,79.832,79.8,79.824,88.0
2022-08-25 05:00:00,79.828,79.83,79.786,79.802,202.0
2022-08-25 06:00:00,79.808,79.862,79.808,79.854,69.0
2022-08-25 07:00:00,79.852,79.868,79.826,79.85,62.0
2022-08-25 08:00:00,79.854,79.954,79.85,79.946,86.0
2022-08-25 09:00:00,79.94,79.948,79.898,79.9,52.0
2022-08-25 10:00:00,79.9,79.914,79.8,79.822,101.0
2022-08-25 11:00:00,79.824,79.904,79.824,79.858,54.0
2022-08-25 12:00:00,79.856,79.86,79.832,79.86,8.0
2022-08-25 13:00:00,79.858,79.864,79.826,79.846,26.0
2022-08-25 14:00:00,79.852,79.876,79.844,79.855,21.0
2022-08-25 15:00:00,79.851,79.866,79.833,79.833,14.0
2022-08-25 22:00:00,79.833,79.839,79.824,79.839,6.0
2022-08-25 23:00:00,79.836,79.845,79.755,79.802,275.0
2022-08-26 00:00:00,79.806,79.832,79.762,79.832,125.0
2022-08-26 01:00:00,79.828,79.852,79.802,79.826,215.0
2022-08-26 02:00:00,79.83,79.888,79.806,79.85,253.0
2022-08-26 03:00:00,79.854,79.874,79.848,79.862,95.0
2022-08-26 04:00:00,79.86,79.86,79.75,79.766,246.0
2022-08-26 05:00:00,79.77,79.816,79.756,79.816,124.0
2022-08-26 06:00:00,79.812,79.812,79.746,79.792,194.0
2022-08-26 07:00:00,79.788,79.814,79.784,79.804,63.0
2022-08-26 08:00:00,79.81,79.81,79.742,79.78,34.0
2022-08-26 09:00:00,79.77,79.78,79.742,79.754,52.0
2022-08-26 10:00:00,79.754,79.904,79.654,79.8,148.0
2022-08-26 11:00:00,79.79,79.91,79.79,79.836,99.0
2022-08-26 12:00:00,79.852,79.92,79.772,79.904,62.0
2022-08-26 13:00:00,79.908,79.922,79.898,79.908,251.0
2022-08-26 14:00:00,79.914,79.922,79.882,79.918,43.0
2022-08-26 15:00:00,79.912,79.926,79.903,79.922,21.0
2022-08-28 22:00:00,80.112,80.115,80.026,80.079,34.0
2022-08-28 23:00:00,80.094,80.113,79.922,79.968,721.0
2022-08-29 00:00:00,79.97,80.02,79.952,79.98,229.0
2022-08-29 01:00:00,79.978,80.026,79.968,80.012,104.0
2022-08-29 02:00:00,80.014,80.048,80.0,80.038,196.0
2022-08-29 03:00:00,80.04,80.068,79.964,79.994,276.0
2022-08-29 04:00:00,79.998,80.026,79.882,79.92,321.0
2022-08-29 05:00:00,79.924,79.93,79.89,79.922,206.0
2022-08-29 06:00:00,79.92,79.958,79.862,79.888,169.0
2022-08-29 07:00:00,79.892,79.944,79.892,79.922,82.0
2022-08-29 08:00:00,79.92,79.926,79.856,79.856,104.0
2022-08-29 09:00:00,79.86,79.918,79.86,79.872,48.0
2022-08-29 10:00:00,79.872,79.912,79.854,79.892,62.0
2022-08-29 11:00:00,79.89,79.938,79.876,79.932,52.0
2022-08-29 12:00:00,79.938,79.958,79.902,79.918,28.0
2022-08-29 13:00:00,79.92,80.008,79.902,79.968,31.0
2022-08-29 14:00:00,79.93,79.966,79.922,79.93,13.0
2022-08-29 15:00:00,79.936,79.945,79.936,79.942,6.0
2022-08-29 22:00:00,79.922,79.953,79.866,79.875,29.0
2022-08-29 23:00:00,79.885,79.885,79.806,79.81,162.0
2022-08-30 00:00:00,79.806,79.82,79.752,79.794,280.0
2022-08-30 01:00:00,79.79,79.79,79.682,79.692,271.0
2022-08-30 02:00:00,79.696,79.722,79.646,79.664,319.0
2022-08-30 03:00:00,79.66,79.672,79.4,79.5,519.0
2022-08-30 04:00:00,79.502,79.506,79.382,79.496,379.0
2022-08-30 05:00:00,79.486,79.498,79.392,79.41,334.0
2022-08-30 06:00:00,79.408,79.51,79.38,79.486,271.0
2022-08-30 07:00:00,79.49,79.492,79.458,79.478,144.0
2022-08-30 08:00:00,79.474,79.562,79.474,79.538,131.0
2022-08-30 09:00:00,79.54,79.57,79.53,79.552,41.0
2022-08-30 10:00:00,79.552,79.646,79.532,79.632,130.0
2022-08-30 11:00:00,79.626,79.626,79.54,79.582,477.0
2022-08-30 12:00:00,79.572,79.572,79.442,79.548,54.0
2022-08-30 13:00:00,79.55,79.594,79.532,79.552,46.0
2022-08-30 14:00:00,79.578,79.646,79.572,79.632,25.0
2022-08-30 15:00:00,79.616,79.651,79.582,79.617,51.0
2022-08-30 22:00:00,79.617,79.62,79.572,79.572,8.0
2022-08-30 23:00:00,79.48,79.558,79.44,79.446,151.0
2022-08-31 00:00:00,79.45,79.56,79.434,79.548,167.0
2022-08-31 01:00:00,79.55,79.55,79.404,79.428,376.0
2022-08-31 02:00:00,79.422,79.506,79.406,79.5,265.0
2022-08-31 03:00:00,79.496,79.518,79.482,79.506,151.0
2022-08-31 04:00:00,79.502,79.53,79.448,79.526,174.0
2022-08-31 05:00:00,79.522,79.542,79.396,79.468,161.0
2022-08-31 06:00:00,79.464,79.486,79.452,79.472,63.0
2022-08-31 07:00:00,79.47,79.508,79.4,79.458,52.0
2022-08-31 08:00:00,79.456,79.524,79.432,79.512,95.0
2022-08-31 09:00:00,79.518,79.52,79.48,79.484,34.0
2022-08-31 10:00:00,79.484,79.5,79.354,79.428,143.0
2022-08-31 11:00:00,79.432,79.478,79.408,79.44,49.0
2022-08-31 12:00:00,79.448,79.502,79.436,79.45,21.0
2022-08-31 13:00:00,79.488,79.488,79.442,79.442,11.0
2022-08-31 14:00:00,79.438,79.447,79.402,79.444,27.0
2022-08-31 15:00:00,79.447,79.478,79.443,79.472,28.0
2022-08-31 22:00:00,79.508,79.508,79.465,79.497,5.0
2022-08-31 23:00:00,79.476,79.612,79.426,79.58,612.0
2022-09-01 00:00:00,79.574,79.576,79.402,79.402,383.0
2022-09-01 01:00:00,79.406,79.414,79.22,79.314,679.0
2022-09-01 02:00:00,79.31,79.394,79.278,79.39,442.0
2022-09-01 03:00:00,79.388,79.514,79.38,79.5,396.0
2022-09-01 04:00:00,79.498,79.53,79.316,79.392,610.0
2022-09-01 05:00:00,79.388,79.536,79.38,79.504,288.0
2022-09-01 06:00:00,79.506,79.594,79.506,79.546,242.0
2022-09-01 07:00:00,79.542,79.568,79.518,79.544,135.0
2022-09-01 08:00:00,79.57,79.574,79.524,79.544,126.0
2022-09-01 09:00:00,79.542,79.558,79.502,79.554,62.0
2022-09-01 10:00:00,79.554,79.682,79.552,79.652,146.0
2022-09-01 11:00:00,79.656,79.656,79.608,79.608,25.0
2022-09-01 12:00:00,79.568,79.644,79.568,79.644,27.0
2022-09-01 13:00:00,79.636,79.636,79.606,79.616,13.0
2022-09-01 14:00:00,79.626,79.838,79.608,79.616,28.0
2022-09-01 15:00:00,79.619,79.679,79.619,79.679,16.0
2022-09-01 22:00:00,79.616,79.646,79.586,79.592,15.0
2022-09-01 23:00:00,79.587,79.652,79.54,79.608,191.0
2022-09-02 00:00:00,79.604,79.628,79.572,79.606,140.0
2022-09-02 01:00:00,79.61,79.722,79.584,79.71,252.0
2022-09-02 02:00:00,79.706,79.778,79.688,79.77,712.0
2022-09-02 03:00:00,79.768,79.788,79.728,79.754,159.0
2022-09-02 04:00:00,79.76,79.76,79.686,79.726,240.0
2022-09-02 05:00:00,79.722,79.76,79.64,79.744,358.0
2022-09-02 06:00:00,79.748,79.854,79.748,79.804,260.0
2022-09-02 07:00:00,79.81,79.866,79.804,79.832,93.0
2022-09-02 08:00:00,79.828,79.838,79.572,79.746,621.0
2022-09-02 09:00:00,79.74,79.756,79.662,79.688,299.0
2022-09-02 10:00:00,79.688,79.702,79.606,79.638,94.0
2022-09-02 11:00:00,79.634,79.688,79.63,79.674,29.0
2022-09-02 12:00:00,79.668,79.722,79.604,79.662,88.0
2022-09-02 13:00:00,79.672,79.708,79.656,79.708,21.0
2022-09-02 14:00:00,79.702,79.702,79.695,79.695,4.0
2022-09-02 15:00:00,79.717,79.717,79.658,79.703,44.0
2022-09-04 22:00:00,79.812,79.882,79.812,79.882,14.0
2022-09-04 23:00:00,79.897,79.897,79.685,79.802,341.0
2022-09-05 00:00:00,79.806,79.842,79.79,79.822,228.0
2022-09-05 01:00:00,79.82,79.856,79.812,79.83,174.0
2022-09-05 02:00:00,79.824,79.876,79.82,79.852,214.0
2022-09-05 03:00:00,79.856,79.878,79.834,79.868,118.0
2022-09-05 04:00:00,79.864,79.878,79.834,79.866,122.0
2022-09-05 05:00:00,79.872,79.872,79.762,79.806,229.0
2022-09-05 06:00:00,79.802,79.808,79.738,79.76,119.0
2022-09-05 07:00:00,79.762,79.792,79.76,79.774,81.0
2022-09-05 08:00:00,79.782,79.792,79.762,79.768,46.0
2022-09-05 09:00:00,79.766,79.818,79.76,79.802,28.0
2022-09-05 10:00:00,79.802,79.82,79.782,79.784,269.0
2022-09-05 11:00:00,79.78,79.798,79.77,79.77,19.0
2022-09-05 12:00:00,79.786,79.786,79.754,79.762,19.0
2022-09-05 13:00:00,79.766,79.768,79.766,79.768,2.0
2022-09-05 14:00:00,79.768,79.853,79.768,79.844,5.0
2022-09-05 15:00:00,79.788,79.788,79.764,79.764,6.0
2022-09-05 22:00:00,79.741,79.821,79.741,79.755,39.0
2022-09-05 23:00:00,79.751,79.812,79.744,79.782,232.0
2022-09-06 00:00:00,79.786,79.844,79.776,79.822,240.0
2022-09-06 01:00:00,79.818,79.85,79.808,79.828,210.0
2022-09-06 02:00:00,79.824,79.87,79.824,79.85,151.0
2022-09-06 03:00:00,79.846,79.86,79.84,79.854,114.0
2022-09-06 04:00:00,79.86,79.88,79.81,79.82,197.0
2022-09-06 05:00:00,79.826,79.854,79.764,79.794,190.0
2022-09-06 06:00:00,79.79,79.808,79.706,79.76,283.0
2022-09-06 07:00:00,79.756,79.834,79.75,79.782,141.0
2022-09-06 08:00:00,79.778,79.794,79.746,79.792,50.0
2022-09-06 09:00:00,79.796,79.812,79.774,79.8,45.0
2022-09-06 10:00:00,79.8,79.862,79.792,79.794,144.0
2022-09-06 11:00:00,79.8,79.826,79.788,79.826,34.0
2022-09-06 12:00:00,79.822,79.848,79.82,79.84,18.0
2022-09-06 13:00:00,79.844,79.874,79.844,79.872,20.0
2022-09-06 14:00:00,79.868,79.873,79.862,79.873,16.0
2022-09-06 15:00:00,79.87,79.873,79.845,79.856,24.0
2022-09-06 22:00:00,79.884,80.011,79.86,79.896,55.0
2022-09-06 23:00:00,79.886,79.888,79.755,79.862,288.0
2022-09-07 00:00:00,79.858,79.916,79.858,79.876,167.0
2022-09-07 01:00:00,79.88,79.9,79.868,79.886,86.0
2022-09-07 02:00:00,79.89,79.892,79.83,79.838,146.0
2022-09-07 03:00:00,79.842,79.854,79.802,79.804,114.0
2022-09-07 04:00:00,79.798,79.862,79.788,79.854,149.0
2022-09-07 05:00:00,79.852,79.912,79.834,79.86,377.0
2022-09-07 06:00:00,79.862,79.922,79.844,79.902,196.0
2022-09-07 07:00:00,79.9,79.93,79.884,79.9,121.0
2022-09-07 08:00:00,79.916,79.92,79.872,79.898,129.0
2022-09-07 09:00:00,79.894,79.894,79.792,79.822,75.0
2022-09-07 10:00:00,79.822,79.838,79.784,79.822,81.0
2022-09-07 11:00:00,79.838,79.844,79.774,79.804,42.0
2022-09-07 12:00:00,79.792,79.806,79.728,79.734,35.0
2022-09-07 13:00:00,79.728,79.728,79.616,79.622,38.0
2022-09-07 14:00:00,79.626,79.65,79.626,79.637,31.0
2022-09-07 15:00:00,79.645,79.647,79.583,79.609,47.0
2022-09-07 22:00:00,79.663,79.699,79.609,79.661,26.0
2022-09-07 23:00:00,79.658,79.734,79.598,79.68,436.0
2022-09-08 00:00:00,79.686,79.778,79.678,79.748,248.0
2022-09-08 01:00:00,79.744,79.748,79.656,79.686,189.0
2022-09-08 02:00:00,79.682,79.682,79.594,79.666,341.0
2022-09-08 03:00:00,79.662,79.712,79.658,79.7,193.0
2022-09-08 04:00:00,79.694,79.694,79.638,79.678,135.0
2022-09-08 05:00:00,79.68,79.69,79.656,79.662,100.0
2022-09-08 06:00:00,79.664,79.688,79.616,79.642,107.0
2022-09-08 07:00:00,79.638,79.652,79.6,79.616,67.0
2022-09-08 08:00:00,79.622,79.708,79.598,79.69,259.0
2022-09-08 09:00:00,79.698,79.766,79.632,79.65,124.0
2022-09-08 10:00:00,79.65,79.712,79.65,79.662,88.0
2022-09-08 11:00:00,79.658,79.682,79.65,79.67,23.0
2022-09-08 12:00:00,79.688,79.726,79.678,79.682,19.0
2022-09-08 13:00:00,79.69,79.69,79.656,79.662,14.0
2022-09-08 14:00:00,79.656,79.686,79.652,79.682,28.0
2022-09-08 15:00:00,79.675,79.691,79.62,79.648,312.0
2022-09-08 22:00:00,79.62,79.62,79.572,79.572,15.0
2022-09-08 23:00:00,79.577,79.588,79.548,79.578,189.0
2022-09-09 00:00:00,79.574,79.592,79.522,79.584,172.0
2022-09-09 01:00:00,79.58,79.59,79.542,79.562,171.0
2022-09-09 02:00:00,79.564,79.586,79.56,79.574,150.0
2022-09-09 03:00:00,79.57,79.576,79.446,79.46,387.0
2022-09-09 04:00:00,79.456,79.486,79.404,79.472,300.0
2022-09-09 05:00:00,79.474,79.58,79.47,79.516,236.0
2022-09-09 06:00:00,79.518,79.534,79.494,79.526,266.0
2022-09-09 07:00:00,79.53,79.62,79.498,79.546,378.0
2022-09-09 08:00:00,79.552,79.566,79.506,79.518,71.0
2022-09-09 09:00:00,79.524,79.586,79.518,79.574,50.0
2022-09-09 10:00:00,79.574,79.576,79.548,79.56,57.0
2022-09-09 11:00:00,79.564,79.582,79.512,79.574,66.0
2022-09-09 12:00:00,79.578,80.116,79.078,79.588,33.0
2022-09-09 13:00:00,79.602,79.606,79.586,79.606,6.0
2022-09-09 14:00:00,79.596,79.62,79.578,79.58,14.0
2022-09-09 15:00:00,79.587,79.62,79.587,79.619,24.0
2022-09-11 22:00:00,79.561,79.639,79.561,79.635,10.0
2022-09-11 23:00:00,79.632,79.646,79.566,79.614,138.0
2022-09-12 00:00:00,79.604,79.684,79.596,79.658,245.0
2022-09-12 01:00:00,79.664,79.672,79.63,79.63,111.0
2022-09-12 02:00:00,79.634,79.656,79.53,79.548,175.0
2022-09-12 03:00:00,79.552,79.558,79.502,79.528,232.0
2022-09-12 04:00:00,79.532,79.546,79.418,79.494,250.0
2022-09-12 05:00:00,79.498,79.524,79.458,79.504,210.0
2022-09-12 06:00:00,79.512,79.532,79.488,79.492,105.0
2022-09-12 07:00:00,79.486,79.496,79.42,79.458,114.0
2022-09-12 08:00:00,79.47,79.472,79.392,79.436,174.0
2022-09-12 09:00:00,79.44,79.464,79.344,79.36,94.0
2022-09-12 10:00:00,79.36,79.368,79.308,79.32,107.0
2022-09-12 11:00:00,79.318,79.334,79.294,79.326,44.0
2022-09-12 12:00:00,79.322,79.338,79.282,79.288,31.0
2022-09-12 13:00:00,79.3,79.3,79.24,79.272,22.0
2022-09-12 14:00:00,79.278,79.326,79.272,79.323,26.0
2022-09-12 15:00:00,79.32,79.361,79.313,79.32,38.0
2022-09-12 22:00:00,79.329,79.343,79.293,79.293,8.0
2022-09-12 23:00:00,79.349,79.349,79.216,79.216,270.0
2022-09-13 00:00:00,79.218,79.242,79.114,79.114,324.0
2022-09-13 01:00:00,79.118,79.134,79.076,79.108,193.0
2022-09-13 02:00:00,79.104,79.134,78.984,79.056,465.0
2022-09-13 03:00:00,79.052,79.11,79.032,79.088,357.0
2022-09-13 04:00:00,79.086,79.184,79.044,79.128,374.0
2022-09-13 05:00:00,79.122,79.148,79.094,79.098,259.0
2022-09-13 06:00:00,79.104,79.14,79.102,79.11,91.0
2022-09-13 07:00:00,79.114,79.16,79.09,79.144,114.0
2022-09-13 08:00:00,79.14,79.534,79.008,79.522,686.0
2022-09-13 09:00:00,79.532,79.556,79.332,79.436,225.0
2022-09-13 10:00:00,79.436,79.536,79.432,79.522,117.0
2022-09-13 11:00:00,79.526,79.558,79.43,79.486,86.0
2022-09-13 12:00:00,79.504,79.536,79.45,79.454,92.0
2022-09-13 13:00:00,79.476,79.498,79.45,79.482,37.0
2022-09-13 14:00:00,79.48,79.551,79.48,79.528,21.0
2022-09-13 15:00:00,79.533,79.598,79.533,79.565,62.0
2022-09-13 22:00:00,79.565,79.586,79.565,79.568,7.0
2022-09-13 23:00:00,79.557,79.573,79.496,79.516,321.0
2022-09-14 00:00:00,79.51,79.522,79.434,79.514,330.0
2022-09-14 01:00:00,79.516,79.534,79.49,79.524,170.0
2022-09-14 02:00:00,79.52,79.556,79.516,79.528,124.0
2022-09-14 03:00:00,79.524,79.528,79.426,79.454,283.0
2022-09-14 04:00:00,79.46,79.462,79.346,79.368,392.0
2022-09-14 05:00:00,79.364,79.442,79.36,79.402,344.0
2022-09-14 06:00:00,79.406,79.476,79.406,79.458,234.0
2022-09-14 07:00:00,79.46,79.498,79.448,79.478,113.0
2022-09-14 08:00:00,79.474,79.478,79.346,79.398,271.0
2022-09-14 09:00:00,79.402,79.456,79.374,79.384,58.0
2022-09-14 10:00:00,79.384,79.412,79.38,79.402,47.0
2022-09-14 11:00:00,79.398,79.438,79.392,79.392,46.0
2022-09-14 12:00:00,79.388,79.484,79.388,79.446,44.0
2022-09-14 13:00:00,79.462,79.472,79.456,79.472,9.0
2022-09-14 14:00:00,79.494,79.494,79.474,79.48,13.0
2022-09-14 15:00:00,79.487,79.639,79.446,79.456,44.0
2022-09-14 22:00:00,79.498,79.498,79.464,79.464,4.0
2022-09-14 23:00:00,79.467,79.484,79.43,79.43,136.0
2022-09-15 00:00:00,79.432,79.486,79.404,79.472,166.0
2022-09-15 01:00:00,79.466,79.528,79.462,79.522,154.0
2022-09-15 02:00:00,79.528,79.566,79.512,79.558,135.0
2022-09-15 03:00:00,79.556,79.558,79.51,79.552,148.0
2022-09-15 04:00:00,79.556,79.672,79.534,79.63,376.0
2022-09-15 05:00:00,79.626,79.694,79.608,79.632,347.0
2022-09-15 06:00:00,79.636,79.804,79.636,79.75,343.0
2022-09-15 07:00:00,79.746,79.786,79.69,79.72,132.0
2022-09-15 08:00:00,79.724,79.782,79.612,79.638,541.0
2022-09-15 09:00:00,79.642,79.744,79.638,79.692,82.0
2022-09-15 10:00:00,79.692,79.746,79.692,79.746,86.0
2022-09-15 11:00:00,79.768,79.792,79.758,79.792,49.0
2022-09-15 12:00:00,79.796,79.806,79.78,79.78,22.0
2022-09-15 13:00:00,79.782,79.782,79.74,79.776,42.0
2022-09-15 14:00:00,79.778,79.784,79.778,79.783,4.0
2022-09-15 15:00:00,79.793,79.818,79.782,79.818,25.0
2022-09-15 22:00:00,79.818,79.828,79.808,79.81,23.0
2022-09-15 23:00:00,79.795,79.828,79.736,79.77,304.0
2022-09-16 00:00:00,79.766,79.808,79.762,79.772,164.0
2022-09-16 01:00:00,79.77,79.802,79.764,79.788,144.0
2022-09-16 02:00:00,79.79,79.796,79.748,79.77,128.0
2022-09-16 03:00:00,79.768,79.834,79.764,79.774,204.0
2022-09-16 04:00:00,79.78,79.804,79.7,79.734,288.0
2022-09-16 05:00:00,79.736,79.736,79.636,79.672,182.0
2022-09-16 06:00:00,79.702,79.734,79.676,79.678,116.0
2022-09-16 07:00:00,79.672,79.71,79.672,79.69,58.0
2022-09-16 08:00:00,79.686,79.7,79.678,79.686,38.0
2022-09-16 09:00:00,79.692,79.728,79.66,79.69,74.0
2022-09-16 10:00:00,79.658,79.684,79.528,79.592,111.0
2022-09-16 11:00:00,79.604,79.7,79.604,79.662,80.0
2022-09-16 12:00:00,79.656,79.694,79.648,79.652,7.0
2022-09-16 13:00:00,79.648,79.648,79.634,79.644,4.0
2022-09-16 14:00:00,79.67,79.672,79.64,79.64,8.0
2022-09-16 15:00:00,79.645,79.697,79.625,79.649,29.0
2022-09-18 22:00:00,79.649,79.649,79.649,79.649,1.0
2022-09-18 23:00:00,79.649,79.65,79.649,79.65,2.0
2022-09-23 17:00:00,79.65,79.65,79.65,79.65,1.0
2022-09-30 16:00:00,79.65,79.65,79.65,79.65,1.0
2022-10-21 04:00:00,83.214,83.288,83.214,83.284,163.0
