Timestamp,Open,High,Low,Close,Volume
2025-03-21 05:00:00,149.482,149.485,148.636,148.674,39272.0
2025-03-21 09:00:00,148.674,149.259,148.606,149.238,79608.0
2025-03-21 13:00:00,149.238,149.369,149.157,149.3,29712.0
2025-03-23 17:00:00,149.366,149.782,149.361,149.742,23296.0
2025-03-23 21:00:00,149.742,149.956,149.682,149.77,26741.0
2025-03-24 01:00:00,149.772,149.87,149.529,149.626,44040.0
2025-03-24 05:00:00,149.624,149.868,149.495,149.828,40275.0
2025-03-24 09:00:00,149.828,150.76,149.754,150.576,59841.0
2025-03-24 13:00:00,150.576,150.72,150.486,150.701,32036.0
2025-03-24 17:00:00,150.636,150.946,150.636,150.937,20091.0
2025-03-24 21:00:00,150.936,150.94,150.512,150.56,28807.0
2025-03-25 01:00:00,150.56,150.768,150.416,150.624,33934.0
2025-03-25 05:00:00,150.625,150.672,149.86,149.972,39102.0
2025-03-25 09:00:00,149.972,149.981,149.55,149.776,59244.0
2025-03-25 13:00:00,149.776,149.942,149.714,149.914,22648.0
2025-03-25 17:00:00,149.914,150.198,149.841,150.176,17426.0
2025-03-25 21:00:00,150.172,150.546,150.05,150.544,28581.0
2025-03-26 01:00:00,150.544,150.624,150.092,150.122,39035.0
2025-03-26 05:00:00,150.122,150.442,150.021,150.394,36078.0
2025-03-26 09:00:00,150.392,150.746,150.306,150.572,62377.0
2025-03-26 13:00:00,150.572,150.727,150.312,150.587,40591.0
2025-03-26 17:00:00,150.547,150.624,150.288,150.485,27618.0
2025-03-26 21:00:00,150.484,150.485,150.061,150.197,30926.0
2025-03-27 01:00:00,150.196,150.632,150.14,150.63,46991.0
2025-03-27 05:00:00,150.63,151.092,150.598,150.732,39891.0
2025-03-27 09:00:00,150.732,151.158,150.583,151.012,70260.0
2025-03-27 13:00:00,151.011,151.15,150.964,151.043,33821.0
2025-03-27 17:00:00,151.053,151.214,150.767,150.964,23279.0
2025-03-27 21:00:00,150.964,150.978,150.704,150.873,33631.0
2025-03-28 01:00:00,150.874,150.938,150.361,150.534,39683.0
2025-03-28 05:00:00,150.535,150.953,150.499,150.642,43863.0
2025-03-28 09:00:00,150.642,150.787,149.909,150.091,98644.0
2025-03-28 13:00:00,150.09,150.14,149.684,149.844,33233.0
2025-03-30 17:00:00,149.827,149.857,149.067,149.3,38285.0
2025-03-30 21:00:00,149.301,149.38,148.724,149.081,48385.0
2025-03-31 01:00:00,149.082,149.296,148.702,149.057,74546.0
2025-03-31 05:00:00,149.054,149.643,148.968,149.601,57099.0
2025-03-31 09:00:00,149.6,149.985,149.406,149.896,99237.0
2025-03-31 13:00:00,149.896,150.268,149.872,149.97,46897.0
2025-03-31 17:00:00,149.964,150.141,149.678,149.738,30731.0
2025-03-31 21:00:00,149.737,149.919,149.534,149.562,34635.0
2025-04-01 01:00:00,149.562,149.992,149.503,149.669,51251.0
2025-04-01 05:00:00,149.668,149.724,149.121,149.39,56552.0
2025-04-01 09:00:00,149.392,149.743,148.977,149.516,106232.0
2025-04-01 13:00:00,149.515,149.65,149.239,149.616,44279.0
2025-04-01 17:00:00,149.603,149.92,149.552,149.796,27307.0
2025-04-01 21:00:00,149.795,149.954,149.713,149.902,26252.0
2025-04-02 01:00:00,149.902,150.003,149.522,149.657,41472.0
2025-04-02 05:00:00,149.658,149.719,149.102,149.179,52139.0
2025-04-02 09:00:00,149.178,150.254,149.156,150.194,87494.0
2025-04-02 13:00:00,150.194,150.492,149.24,149.304,97922.0
2025-04-02 17:00:00,149.274,149.284,147.685,147.89,97151.0
2025-04-02 21:00:00,147.89,148.108,147.118,147.556,77454.0
2025-04-03 01:00:00,147.556,147.638,146.686,146.815,106082.0
2025-04-03 05:00:00,146.814,146.859,145.748,145.896,110136.0
2025-04-03 09:00:00,145.896,146.434,145.19,146.154,182431.0
2025-04-03 13:00:00,146.155,146.518,145.968,146.071,86061.0
2025-04-03 17:00:00,146.061,146.41,145.542,145.964,54049.0
2025-04-03 21:00:00,145.964,146.406,145.36,145.426,75523.0
2025-04-04 01:00:00,145.427,146.489,145.302,146.412,124570.0
2025-04-04 05:00:00,146.412,146.553,144.552,145.603,241009.0
2025-04-04 09:00:00,145.602,146.788,145.048,146.716,272804.0
2025-04-04 13:00:00,146.718,147.436,146.528,147.014,162039.0
2025-04-06 17:00:00,145.494,145.85,144.82,145.816,137245.0
2025-04-06 21:00:00,145.817,146.85,145.782,145.882,136668.0
2025-04-07 01:00:00,145.881,146.372,145.072,146.219,206635.0
2025-04-07 05:00:00,146.218,147.052,145.822,146.981,188168.0
2025-04-07 09:00:00,146.984,148.112,146.515,147.943,251432.0
2025-04-07 13:00:00,147.941,148.151,147.528,147.88,161639.0
2025-04-07 17:00:00,147.765,148.124,147.504,147.608,66604.0
2025-04-07 21:00:00,147.61,147.77,147.251,147.762,84162.0
2025-04-08 01:00:00,147.762,147.803,146.968,147.426,106099.0
2025-04-08 05:00:00,147.426,147.521,146.673,146.826,114725.0
2025-04-08 09:00:00,146.826,147.668,146.499,146.53,182638.0
2025-04-08 13:00:00,146.541,146.742,145.966,146.28,182625.0
2025-04-08 17:00:00,146.18,146.36,145.13,145.408,86443.0
2025-04-08 21:00:00,145.408,145.946,144.578,144.946,145799.0
2025-04-09 01:00:00,144.946,145.784,144.704,145.296,187356.0
2025-04-09 05:00:00,145.298,145.488,143.99,144.322,157835.0
2025-04-09 09:00:00,144.322,145.209,144.204,144.934,169910.0
2025-04-09 13:00:00,144.935,148.284,144.632,147.761,200597.0
2025-04-09 17:00:00,147.8,147.8,146.684,146.729,68494.0
2025-04-09 21:00:00,146.73,147.038,146.504,146.62,83279.0
2025-04-10 01:00:00,146.622,147.146,146.148,146.31,105211.0
2025-04-10 05:00:00,146.308,146.338,144.872,145.452,110703.0
2025-04-10 09:00:00,145.45,145.543,144.014,144.533,207249.0
2025-04-10 13:00:00,144.534,145.137,144.442,144.446,149592.0
2025-04-10 17:00:00,144.528,144.664,142.879,143.359,110489.0
2025-04-10 21:00:00,143.36,143.788,142.874,142.926,108760.0
2025-04-11 01:00:00,142.926,144.148,142.066,142.418,169237.0
2025-04-11 05:00:00,142.419,143.226,142.054,142.526,154126.0
2025-04-11 09:00:00,142.526,143.988,142.22,143.781,178682.0
2025-04-11 13:00:00,143.78,144.206,143.466,143.472,81855.0
2025-04-13 17:00:00,143.985,144.066,142.896,142.909,66799.0
2025-04-13 21:00:00,142.91,143.205,142.252,143.038,81426.0
2025-04-14 01:00:00,143.04,143.278,142.23,142.914,98105.0
2025-04-14 05:00:00,142.915,143.702,142.763,143.669,80494.0
2025-04-14 09:00:00,143.668,144.083,142.78,143.219,141219.0
2025-04-14 13:00:00,143.22,143.354,142.86,143.024,62541.0
2025-04-14 17:00:00,143.052,143.591,142.934,143.51,31868.0
2025-04-14 21:00:00,143.508,143.597,142.906,143.041,42418.0
2025-04-15 01:00:00,143.043,143.512,142.844,142.911,72452.0
2025-04-15 05:00:00,142.912,143.189,142.6,142.878,71751.0
2025-04-15 09:00:00,142.88,143.268,142.674,143.094,108118.0
2025-04-15 13:00:00,143.092,143.282,143.042,143.252,39214.0
2025-04-15 17:00:00,143.209,143.282,142.766,142.892,37773.0
2025-04-15 21:00:00,142.891,142.996,142.47,142.632,43453.0
2025-04-16 01:00:00,142.632,142.959,142.036,142.624,102957.0
2025-04-16 05:00:00,142.624,142.918,142.436,142.646,82138.0
2025-04-16 09:00:00,142.646,142.862,142.316,142.554,96932.0
2025-04-16 13:00:00,142.554,142.701,141.64,141.864,84042.0
2025-04-16 17:00:00,141.842,142.608,141.614,142.586,52252.0
2025-04-16 21:00:00,142.584,142.868,142.386,142.673,51107.0
2025-04-17 01:00:00,142.674,143.088,142.488,142.683,65104.0
2025-04-17 05:00:00,142.682,142.847,142.289,142.322,70277.0
2025-04-17 09:00:00,142.322,142.636,141.9,142.466,108184.0
2025-04-17 13:00:00,142.466,142.72,142.352,142.466,49334.0
2025-04-17 17:00:00,142.415,142.553,142.216,142.398,34703.0
2025-04-17 21:00:00,142.4,142.444,142.289,142.344,178974.0
2025-04-18 01:00:00,142.342,142.411,142.313,142.388,67818.0
2025-04-18 05:00:00,142.388,142.396,142.275,142.33,75381.0
2025-04-18 09:00:00,142.329,142.366,142.115,142.216,59470.0
2025-04-18 13:00:00,142.218,142.306,142.136,142.173,65188.0
2025-04-20 17:00:00,142.065,142.162,141.142,141.188,50352.0
2025-04-20 21:00:00,141.19,141.206,140.616,140.77,52233.0
2025-04-21 01:00:00,140.768,140.91,140.546,140.576,49632.0
2025-04-21 05:00:00,140.576,141.078,140.471,140.782,53056.0
2025-04-21 09:00:00,140.783,141.046,140.568,140.834,71773.0
2025-04-21 13:00:00,140.834,140.98,140.558,140.856,35571.0
2025-04-21 17:00:00,140.856,141.174,140.652,140.853,32755.0
2025-04-21 21:00:00,140.856,140.995,140.096,140.196,47067.0
2025-04-22 01:00:00,140.196,140.634,139.889,140.516,73794.0
2025-04-22 05:00:00,140.516,140.58,140.174,140.532,54193.0
2025-04-22 09:00:00,140.53,141.366,140.511,141.306,78072.0
2025-04-22 13:00:00,141.295,141.67,141.042,141.602,57502.0
2025-04-22 17:00:00,141.535,143.223,141.487,142.088,74700.0
2025-04-22 21:00:00,142.087,142.259,141.668,141.962,60145.0
2025-04-23 01:00:00,141.961,142.15,141.53,141.74,76231.0
2025-04-23 05:00:00,141.74,142.193,141.576,141.846,57254.0
2025-04-23 09:00:00,141.846,143.078,141.754,143.022,155040.0
2025-04-23 13:00:00,143.023,143.58,142.931,143.457,48578.0
2025-04-23 17:00:00,143.411,143.429,142.86,142.95,38318.0
2025-04-23 21:00:00,142.953,143.084,142.602,142.756,44038.0
2025-04-24 01:00:00,142.76,142.96,142.5,142.638,57199.0
2025-04-24 05:00:00,142.636,142.7,142.288,142.405,48790.0
2025-04-24 09:00:00,142.404,142.796,142.278,142.647,74606.0
2025-04-24 13:00:00,142.648,142.836,142.49,142.628,27553.0
2025-04-24 17:00:00,142.636,143.116,142.582,143.066,25472.0
2025-04-24 21:00:00,143.064,143.804,142.828,143.618,48393.0
2025-04-25 01:00:00,143.618,143.852,143.225,143.419,57598.0
2025-04-25 05:00:00,143.42,143.738,143.224,143.417,49600.0
2025-04-25 09:00:00,143.418,144.031,143.411,143.816,66315.0
2025-04-25 13:00:00,143.814,143.852,143.442,143.682,30209.0
2025-04-27 17:00:00,143.623,143.882,143.481,143.49,30054.0
2025-04-27 21:00:00,143.492,143.862,143.316,143.324,34132.0
2025-04-28 01:00:00,143.325,143.898,143.288,143.544,48492.0
2025-04-28 05:00:00,143.542,143.582,143.15,143.348,43077.0
2025-04-28 09:00:00,143.348,143.443,142.272,142.338,69214.0
2025-04-28 13:00:00,142.336,142.388,141.984,142.024,27455.0
2025-04-28 17:00:00,142.032,142.318,142.016,142.246,20617.0
2025-04-28 21:00:00,142.248,142.582,142.124,142.526,34297.0
2025-04-29 01:00:00,142.528,142.614,142.3,142.594,46274.0
2025-04-29 05:00:00,142.594,142.76,142.252,142.31,38406.0
2025-04-29 09:00:00,142.309,142.396,141.965,142.047,77968.0
2025-04-29 13:00:00,142.046,142.452,142.01,142.37,29019.0
2025-04-29 17:00:00,142.282,142.511,142.165,142.431,21583.0
2025-04-29 21:00:00,142.43,142.56,142.23,142.518,28748.0
2025-04-30 01:00:00,142.518,142.95,142.453,142.91,33637.0
2025-04-30 05:00:00,142.91,143.157,142.688,142.823,48520.0
2025-04-30 09:00:00,142.823,143.044,142.508,142.678,90001.0
2025-04-30 13:00:00,142.678,143.192,142.602,143.066,40560.0
2025-04-30 17:00:00,143.0,143.085,142.881,143.008,20636.0
2025-04-30 21:00:00,143.008,143.902,142.963,143.88,31266.0
2025-05-01 01:00:00,143.878,144.744,143.873,144.22,52547.0
2025-05-01 05:00:00,144.22,144.77,144.127,144.712,46243.0
2025-05-01 09:00:00,144.712,145.657,144.542,145.396,78360.0
2025-05-01 13:00:00,145.396,145.737,145.332,145.398,33383.0
2025-05-01 17:00:00,145.45,145.926,145.262,145.873,27439.0
2025-05-01 21:00:00,145.871,145.876,145.146,145.391,38585.0
2025-05-02 01:00:00,145.39,145.418,144.822,144.832,49488.0
2025-05-02 05:00:00,144.832,144.964,144.336,144.646,71301.0
2025-05-02 09:00:00,144.646,144.797,143.73,144.674,109708.0
2025-05-02 13:00:00,144.675,145.084,144.58,144.957,39016.0
2025-05-04 17:00:00,144.732,144.996,144.511,144.64,23006.0
2025-05-04 21:00:00,144.64,144.64,144.066,144.152,33631.0
2025-05-05 01:00:00,144.15,144.427,143.894,144.05,43818.0
2025-05-05 05:00:00,144.05,144.073,143.575,143.638,42553.0
2025-05-05 09:00:00,143.638,144.238,143.542,144.171,62409.0
2025-05-05 13:00:00,144.17,144.174,143.658,143.7,24056.0
2025-05-05 17:00:00,143.752,144.022,143.56,144.002,20073.0
2025-05-05 21:00:00,144.002,144.276,143.625,143.713,34491.0
2025-05-06 01:00:00,143.711,143.928,142.906,143.134,50357.0
2025-05-06 05:00:00,143.134,143.354,142.49,142.52,44352.0
2025-05-06 09:00:00,142.519,143.038,142.354,142.732,61128.0
2025-05-06 13:00:00,142.73,142.737,142.358,142.404,28196.0
2025-05-06 17:00:00,142.504,143.315,142.423,142.95,50072.0
2025-05-06 21:00:00,142.947,143.328,142.746,143.28,45176.0
2025-05-07 01:00:00,143.282,143.444,142.829,143.32,41370.0
2025-05-07 05:00:00,143.32,143.458,143.158,143.354,36305.0
2025-05-07 09:00:00,143.352,143.588,143.12,143.416,52087.0
2025-05-07 13:00:00,143.416,144.002,142.906,143.826,80040.0
2025-05-07 17:00:00,143.746,143.955,143.57,143.854,22670.0
2025-05-07 21:00:00,143.854,143.899,143.445,143.776,42919.0
2025-05-08 01:00:00,143.777,144.849,143.776,144.809,56529.0
2025-05-08 05:00:00,144.81,145.01,144.51,144.688,53582.0
2025-05-08 09:00:00,144.688,145.788,144.436,145.726,93464.0
2025-05-08 13:00:00,145.722,146.178,145.617,145.909,36476.0
2025-05-08 17:00:00,145.834,146.19,145.674,145.698,33116.0
2025-05-08 21:00:00,145.698,145.974,145.45,145.503,40205.0
2025-05-09 01:00:00,145.502,145.632,145.076,145.188,41216.0
2025-05-09 05:00:00,145.188,145.408,144.932,145.251,36701.0
2025-05-09 09:00:00,145.25,145.3,144.825,145.28,54010.0
2025-05-09 13:00:00,145.28,145.382,145.15,145.373,18066.0
2025-05-11 17:00:00,146.176,146.242,145.702,145.908,37335.0
2025-05-11 21:00:00,145.908,146.286,145.716,145.926,42193.0
2025-05-12 01:00:00,145.927,148.228,145.872,147.757,105330.0
2025-05-12 05:00:00,147.758,148.596,147.665,148.054,82385.0
2025-05-12 09:00:00,148.052,148.557,147.814,148.516,87359.0
2025-05-12 13:00:00,148.514,148.654,148.27,148.476,30941.0
2025-05-12 17:00:00,148.448,148.468,147.793,147.812,27623.0
2025-05-12 21:00:00,147.811,148.034,147.698,147.7,37293.0
2025-05-13 01:00:00,147.7,148.064,147.646,147.922,54906.0
2025-05-13 05:00:00,147.92,148.282,147.848,147.994,49088.0
2025-05-13 09:00:00,147.992,148.064,147.456,147.611,79738.0
2025-05-13 13:00:00,147.612,147.776,147.378,147.477,25906.0
2025-05-13 17:00:00,147.49,147.67,147.28,147.37,25562.0
2025-05-13 21:00:00,147.368,147.416,146.881,146.946,40372.0
2025-05-14 01:00:00,146.945,147.218,146.13,146.252,67461.0
2025-05-14 05:00:00,146.252,146.4,145.605,146.194,70418.0
2025-05-14 09:00:00,146.194,147.126,145.764,146.696,89657.0
2025-05-14 13:00:00,146.697,146.9,146.441,146.744,35788.0
2025-05-14 17:00:00,146.719,146.756,146.166,146.217,25230.0
2025-05-14 21:00:00,146.216,146.382,145.95,146.092,40705.0
2025-05-15 01:00:00,146.092,146.144,145.482,145.749,57695.0
2025-05-15 05:00:00,145.748,146.258,145.634,145.8,57995.0
2025-05-15 09:00:00,145.799,146.043,145.414,145.624,81005.0
2025-05-15 13:00:00,145.624,145.771,145.544,145.696,22421.0
2025-05-15 17:00:00,145.691,145.744,145.002,145.092,28207.0
2025-05-15 21:00:00,145.093,145.466,144.967,145.307,34906.0
2025-05-16 01:00:00,145.308,145.424,144.92,145.302,43930.0
2025-05-16 05:00:00,145.302,145.694,145.264,145.515,44268.0
2025-05-16 09:00:00,145.513,146.102,145.402,145.942,56235.0
2025-05-16 13:00:00,145.942,146.035,145.55,145.639,24686.0
2025-05-18 17:00:00,145.328,145.478,144.842,144.908,38582.0
2025-05-18 21:00:00,144.908,145.346,144.806,145.316,44074.0
2025-05-19 01:00:00,145.315,145.318,144.662,144.882,57361.0
2025-05-19 05:00:00,144.88,145.044,144.704,145.022,51794.0
2025-05-19 09:00:00,145.022,145.22,144.786,144.984,67277.0
2025-05-19 13:00:00,144.982,145.112,144.776,144.854,21554.0
2025-05-19 17:00:00,144.866,145.514,144.83,145.273,22166.0
2025-05-19 21:00:00,145.274,145.3,144.71,144.767,47429.0
2025-05-20 01:00:00,144.768,144.77,144.092,144.486,63237.0
2025-05-20 05:00:00,144.488,144.839,144.371,144.812,43149.0
2025-05-20 09:00:00,144.811,144.977,144.514,144.81,63343.0
2025-05-20 13:00:00,144.808,144.888,144.432,144.508,22504.0
2025-05-20 17:00:00,144.529,144.611,144.128,144.176,29062.0
2025-05-20 21:00:00,144.174,144.355,143.642,143.748,41573.0
2025-05-21 01:00:00,143.75,144.196,143.46,144.12,60296.0
2025-05-21 05:00:00,144.116,144.184,143.468,143.69,62075.0
2025-05-21 09:00:00,143.689,143.896,143.558,143.65,67977.0
2025-05-21 13:00:00,143.652,143.768,143.282,143.66,54117.0
2025-05-21 17:00:00,143.631,144.416,143.283,143.47,47032.0
2025-05-21 21:00:00,143.474,143.648,143.142,143.3,43007.0
2025-05-22 01:00:00,143.3,143.44,142.802,143.278,64233.0
2025-05-22 05:00:00,143.278,143.784,143.254,143.554,63074.0
2025-05-22 09:00:00,143.553,144.118,143.433,144.02,86807.0
2025-05-22 13:00:00,144.019,144.331,143.904,144.011,27812.0
2025-05-22 17:00:00,144.058,144.106,143.75,143.864,26439.0
2025-05-22 21:00:00,143.861,143.97,143.361,143.472,32915.0
2025-05-23 01:00:00,143.47,143.587,143.232,143.315,41609.0
2025-05-23 05:00:00,143.316,143.434,142.454,142.61,99982.0
2025-05-23 09:00:00,142.61,142.898,142.523,142.644,82524.0
2025-05-23 13:00:00,142.642,142.736,142.422,142.558,26145.0
2025-05-25 17:00:00,142.51,143.086,142.461,142.566,33411.0
2025-05-25 21:00:00,142.566,142.686,142.226,142.566,38823.0
2025-05-26 01:00:00,142.565,142.924,142.474,142.894,42725.0
2025-05-26 05:00:00,142.893,143.034,142.821,142.978,24678.0
2025-05-26 09:00:00,142.978,142.992,142.726,142.728,17903.0
2025-05-26 13:00:00,142.728,142.842,142.711,142.842,3565.0
2025-05-26 17:00:00,142.851,142.987,142.247,142.28,20110.0
2025-05-26 21:00:00,142.278,142.864,142.111,142.856,34339.0
2025-05-27 01:00:00,142.857,143.889,142.857,143.87,69222.0
2025-05-27 05:00:00,143.871,144.192,143.804,144.024,54055.0
2025-05-27 09:00:00,144.025,144.465,143.876,144.378,64214.0
2025-05-27 13:00:00,144.375,144.413,144.24,144.351,18667.0
2025-05-27 17:00:00,144.332,144.38,143.851,144.128,20701.0
2025-05-27 21:00:00,144.13,144.772,144.088,144.428,62170.0
2025-05-28 01:00:00,144.428,144.775,143.992,144.042,61025.0
2025-05-28 05:00:00,144.042,144.539,144.0,144.514,42933.0
2025-05-28 09:00:00,144.514,145.08,144.514,144.918,62975.0
2025-05-28 13:00:00,144.916,145.014,144.756,144.87,29952.0
2025-05-28 17:00:00,144.81,146.104,144.752,146.1,67569.0
2025-05-28 21:00:00,146.1,146.29,145.601,145.75,51320.0
2025-05-29 01:00:00,145.749,146.096,145.14,145.271,62112.0
2025-05-29 05:00:00,145.272,145.292,144.41,144.435,65284.0
2025-05-29 09:00:00,144.434,144.545,144.047,144.148,76593.0
2025-05-29 13:00:00,144.146,144.258,143.962,144.186,30194.0
2025-05-29 17:00:00,144.194,144.229,143.588,143.774,31583.0
2025-05-29 21:00:00,143.774,143.996,143.441,143.778,49276.0
2025-05-30 01:00:00,143.778,144.162,143.714,144.056,60811.0
2025-05-30 05:00:00,144.055,144.228,143.472,143.727,67648.0
2025-05-30 09:00:00,143.726,144.447,143.713,143.899,86246.0
2025-05-30 13:00:00,143.9,144.096,143.794,144.06,28997.0
2025-06-01 17:00:00,143.862,143.989,143.526,143.539,26406.0
2025-06-01 21:00:00,143.54,143.644,143.328,143.542,41051.0
2025-06-02 01:00:00,143.541,143.564,142.794,142.931,55299.0
2025-06-02 05:00:00,142.93,142.978,142.622,142.831,50529.0
2025-06-02 09:00:00,142.832,143.076,142.539,142.936,79986.0
2025-06-02 13:00:00,142.934,143.004,142.668,142.698,30388.0
2025-06-02 17:00:00,142.736,142.792,142.379,142.706,24685.0
2025-06-02 21:00:00,142.706,143.272,142.705,142.946,40671.0
2025-06-03 01:00:00,142.946,143.129,142.61,142.801,50297.0
2025-06-03 05:00:00,142.8,143.448,142.77,143.422,42807.0
2025-06-03 09:00:00,143.42,144.115,143.328,143.981,67707.0
2025-06-03 13:00:00,143.983,144.109,143.841,143.994,21667.0
2025-06-03 17:00:00,143.992,144.064,143.774,143.994,24133.0
2025-06-03 21:00:00,143.994,144.3,143.672,144.257,41897.0
2025-06-04 01:00:00,144.256,144.396,143.795,143.892,48237.0
2025-06-04 05:00:00,143.894,144.316,143.506,143.556,54805.0
2025-06-04 09:00:00,143.556,143.836,142.604,142.641,75467.0
2025-06-04 13:00:00,142.64,142.929,142.631,142.766,21777.0
2025-06-04 17:00:00,142.726,142.854,142.533,142.666,27361.0
2025-06-04 21:00:00,142.666,143.078,142.571,143.033,46493.0
2025-06-05 01:00:00,143.034,143.404,143.006,143.281,45063.0
2025-06-05 05:00:00,143.282,143.694,142.777,143.37,66645.0
2025-06-05 09:00:00,143.368,143.98,142.896,143.53,108230.0
2025-06-05 13:00:00,143.528,143.856,143.472,143.582,42771.0
2025-06-05 17:00:00,143.547,143.789,143.45,143.726,20334.0
2025-06-05 21:00:00,143.726,143.902,143.624,143.838,31634.0
2025-06-06 01:00:00,143.838,144.139,143.803,144.055,40980.0
2025-06-06 05:00:00,144.055,144.746,144.002,144.625,63236.0
2025-06-06 09:00:00,144.626,145.093,144.553,144.97,90097.0
2025-06-06 13:00:00,144.972,144.972,144.77,144.859,26509.0
2025-06-08 17:00:00,144.885,144.954,144.58,144.94,17687.0
2025-06-08 21:00:00,144.94,144.942,144.347,144.384,29661.0
2025-06-09 01:00:00,144.384,144.499,144.04,144.156,37421.0
2025-06-09 05:00:00,144.159,144.694,143.974,144.634,37838.0
2025-06-09 09:00:00,144.634,144.774,144.347,144.401,47277.0
2025-06-09 13:00:00,144.4,144.64,144.391,144.606,18904.0
2025-06-09 17:00:00,144.551,144.66,144.402,144.522,19397.0
2025-06-09 21:00:00,144.52,145.294,144.428,144.937,43760.0
2025-06-10 01:00:00,144.938,144.946,144.427,144.649,63466.0
2025-06-10 05:00:00,144.65,144.772,144.458,144.638,35455.0
2025-06-10 09:00:00,144.638,145.048,144.442,144.97,47592.0
2025-06-10 13:00:00,144.969,145.035,144.783,144.897,20949.0
2025-06-10 17:00:00,144.869,145.164,144.652,144.926,35268.0
2025-06-10 21:00:00,144.928,145.15,144.843,145.035,33736.0
2025-06-11 01:00:00,145.036,145.246,144.968,145.068,37926.0
2025-06-11 05:00:00,145.068,145.47,144.326,144.732,58504.0
2025-06-11 09:00:00,144.73,145.186,144.44,144.622,61227.0
2025-06-11 13:00:00,144.62,144.698,144.328,144.6,32396.0
2025-06-11 17:00:00,144.527,144.57,143.958,144.044,31846.0
2025-06-11 21:00:00,144.044,144.119,143.724,143.948,41574.0
2025-06-12 01:00:00,143.947,144.142,143.633,143.798,56559.0
2025-06-12 05:00:00,143.8,143.876,143.186,143.292,64995.0
2025-06-12 09:00:00,143.292,143.905,143.199,143.613,75487.0
2025-06-12 13:00:00,143.614,143.736,143.476,143.501,26029.0
2025-06-12 17:00:00,143.5,143.645,142.792,143.04,58682.0
2025-06-12 21:00:00,143.041,143.766,142.917,143.654,77097.0
2025-06-13 01:00:00,143.655,143.896,143.382,143.796,72097.0
2025-06-13 05:00:00,143.796,144.446,143.75,144.298,64003.0
2025-06-13 09:00:00,144.298,144.483,143.956,144.031,64667.0
2025-06-13 13:00:00,144.032,144.2,143.854,144.114,41067.0
2025-06-15 17:00:00,144.021,144.753,143.952,144.375,44105.0
2025-06-15 21:00:00,144.376,144.49,144.162,144.303,40460.0
2025-06-16 01:00:00,144.302,144.392,143.974,144.258,54926.0
2025-06-16 05:00:00,144.267,144.342,143.976,144.1,41489.0
2025-06-16 09:00:00,144.1,144.227,143.65,144.173,66259.0
2025-06-16 13:00:00,144.172,144.878,144.157,144.784,24131.0
2025-06-16 17:00:00,144.727,145.114,144.577,145.061,31786.0
2025-06-16 21:00:00,145.06,145.06,144.402,144.593,40989.0
2025-06-17 01:00:00,144.594,145.028,144.404,144.908,59952.0
2025-06-17 05:00:00,144.909,144.944,144.386,144.858,54299.0
2025-06-17 09:00:00,144.856,145.292,144.692,145.224,64559.0
2025-06-17 13:00:00,145.223,145.381,145.13,145.288,45245.0
2025-06-17 17:00:00,145.287,145.443,145.187,145.318,28292.0
2025-06-17 21:00:00,145.32,145.342,144.926,145.02,31714.0
2025-06-18 01:00:00,145.02,145.131,144.856,144.97,47640.0
2025-06-18 05:00:00,144.97,145.03,144.74,144.889,41838.0
2025-06-18 09:00:00,144.891,144.968,144.53,144.682,59170.0
2025-06-18 13:00:00,144.682,145.229,144.328,145.133,77400.0
2025-06-18 17:00:00,145.111,145.152,144.84,144.884,24975.0
2025-06-18 21:00:00,144.885,145.222,144.738,145.042,42309.0
2025-06-19 01:00:00,145.042,145.411,145.034,145.286,51618.0
2025-06-19 05:00:00,145.286,145.772,145.252,145.544,42074.0
2025-06-19 09:00:00,145.544,145.76,145.351,145.717,36389.0
2025-06-19 13:00:00,145.718,145.732,145.346,145.466,16406.0
2025-06-19 17:00:00,145.468,145.568,145.124,145.255,29072.0
2025-06-19 21:00:00,145.253,145.398,145.194,145.352,36643.0
2025-06-20 01:00:00,145.352,145.488,145.266,145.328,40511.0
2025-06-20 05:00:00,145.328,145.718,145.253,145.592,42500.0
2025-06-20 09:00:00,145.592,145.956,145.56,145.842,58263.0
2025-06-20 13:00:00,145.842,146.218,145.78,146.092,25706.0
2025-06-22 17:00:00,146.704,146.731,146.146,146.454,37205.0
2025-06-22 21:00:00,146.453,147.032,146.368,146.989,46759.0
2025-06-23 01:00:00,146.99,147.63,146.948,147.608,63561.0
2025-06-23 05:00:00,147.61,148.032,147.352,147.418,61828.0
2025-06-23 09:00:00,147.418,147.506,146.234,146.364,96003.0
2025-06-23 13:00:00,146.365,146.526,146.01,146.151,49421.0
2025-06-23 17:00:00,146.165,146.192,145.566,145.604,44385.0
2025-06-23 21:00:00,145.603,145.736,145.29,145.419,44593.0
2025-06-24 01:00:00,145.42,145.516,144.946,145.095,68296.0
2025-06-24 05:00:00,145.096,145.185,144.851,144.993,55304.0
2025-06-24 09:00:00,144.993,145.198,144.516,144.702,70980.0
2025-06-24 13:00:00,144.706,144.921,144.562,144.916,27468.0
2025-06-24 17:00:00,144.945,145.048,144.772,144.886,25166.0
2025-06-24 21:00:00,144.884,144.99,144.609,144.94,37756.0
2025-06-25 01:00:00,144.94,145.498,144.94,145.476,46340.0
2025-06-25 05:00:00,145.478,145.926,145.457,145.862,38375.0
2025-06-25 09:00:00,145.862,145.952,145.392,145.452,58479.0
2025-06-25 13:00:00,145.454,145.508,145.104,145.257,30587.0
2025-06-25 17:00:00,145.202,145.267,144.682,144.692,25129.0
2025-06-25 21:00:00,144.69,144.966,144.568,144.784,39379.0
2025-06-26 01:00:00,144.784,144.92,143.752,143.929,65168.0
2025-06-26 05:00:00,143.928,144.498,143.9,144.308,59097.0
2025-06-26 09:00:00,144.308,144.54,144.058,144.25,77872.0
2025-06-26 13:00:00,144.248,144.472,144.132,144.391,32606.0
2025-06-26 17:00:00,144.442,144.811,144.288,144.652,27753.0
2025-06-26 21:00:00,144.652,144.746,144.196,144.546,43659.0
2025-06-27 01:00:00,144.547,144.593,144.178,144.422,52352.0
2025-06-27 05:00:00,144.422,144.684,144.35,144.448,52144.0
2025-06-27 09:00:00,144.448,144.949,144.382,144.647,67347.0
2025-06-27 13:00:00,144.647,144.906,144.585,144.663,45949.0
2025-06-29 17:00:00,144.376,144.766,144.376,144.623,27497.0
2025-06-29 21:00:00,144.621,144.656,143.916,143.949,39491.0
2025-06-30 01:00:00,143.949,144.218,143.782,144.114,57689.0
2025-06-30 05:00:00,144.115,144.496,144.054,144.462,44534.0
2025-06-30 09:00:00,144.461,144.512,144.14,144.224,81329.0
2025-06-30 13:00:00,144.226,144.327,143.956,144.024,40150.0
2025-06-30 17:00:00,144.041,144.078,143.555,143.569,22576.0
2025-06-30 21:00:00,143.568,143.938,143.436,143.753,36767.0
2025-07-01 01:00:00,143.752,143.765,142.89,143.04,56621.0
2025-07-01 05:00:00,143.039,143.172,142.682,143.072,60036.0
2025-07-01 09:00:00,143.072,143.782,142.934,143.694,89548.0
2025-07-01 13:00:00,143.694,143.805,143.394,143.406,36433.0
2025-07-01 17:00:00,143.403,143.662,143.32,143.475,22480.0
2025-07-01 21:00:00,143.474,143.748,143.443,143.554,35947.0
2025-07-02 01:00:00,143.554,144.053,143.542,143.973,49358.0
2025-07-02 05:00:00,143.972,144.248,143.487,143.872,65491.0
2025-07-02 09:00:00,143.872,144.154,143.636,143.739,77799.0
2025-07-02 13:00:00,143.74,143.75,143.572,143.66,27409.0
2025-07-02 17:00:00,143.709,143.818,143.446,143.588,20159.0
2025-07-02 21:00:00,143.59,143.881,143.488,143.841,27668.0
2025-07-03 01:00:00,143.842,143.931,143.674,143.876,39797.0
2025-07-03 05:00:00,143.877,145.236,143.738,145.007,61601.0
2025-07-03 09:00:00,145.008,145.215,144.61,145.054,84653.0
2025-07-03 13:00:00,145.058,145.117,144.91,144.922,16691.0
2025-07-03 17:00:00,144.928,144.974,144.573,144.605,17926.0
2025-07-03 21:00:00,144.604,144.794,144.326,144.378,29303.0
2025-07-04 01:00:00,144.377,144.432,144.183,144.343,40417.0
2025-07-04 05:00:00,144.343,144.45,144.276,144.425,29854.0
2025-07-04 09:00:00,144.424,144.568,144.384,144.501,32082.0
2025-07-04 13:00:00,144.5,144.588,144.443,144.491,52525.0
2025-07-06 17:00:00,144.45,144.639,144.297,144.355,21164.0
2025-07-06 21:00:00,144.353,145.002,144.224,144.985,36182.0
2025-07-07 01:00:00,144.984,145.346,144.942,145.337,48745.0
2025-07-07 05:00:00,145.335,145.647,145.276,145.592,38182.0
2025-07-07 09:00:00,145.593,146.146,145.572,146.12,56027.0
2025-07-07 13:00:00,146.12,146.242,146.014,146.07,37692.0
2025-07-07 17:00:00,146.054,146.212,145.831,146.158,29040.0
2025-07-07 21:00:00,146.161,146.445,145.882,145.998,44145.0
2025-07-08 01:00:00,145.998,146.288,145.946,146.194,49550.0
2025-07-08 05:00:00,146.198,146.69,146.058,146.65,42217.0
2025-07-08 09:00:00,146.651,146.978,146.632,146.749,61775.0
2025-07-08 13:00:00,146.749,146.81,146.523,146.562,44096.0
2025-07-08 17:00:00,146.638,146.913,146.534,146.791,20636.0
2025-07-08 21:00:00,146.792,147.186,146.738,147.04,37384.0
2025-07-09 01:00:00,147.04,147.07,146.594,146.676,41595.0
2025-07-09 05:00:00,146.677,146.782,146.468,146.488,42217.0
2025-07-09 09:00:00,146.487,146.566,146.271,146.415,55098.0
2025-07-09 13:00:00,146.417,146.49,146.25,146.308,34796.0
2025-07-09 17:00:00,146.359,146.363,145.756,145.818,23463.0
2025-07-09 21:00:00,145.818,146.414,145.765,146.22,31284.0
2025-07-10 01:00:00,146.218,146.466,146.066,146.356,37701.0
2025-07-10 05:00:00,146.356,146.546,146.085,146.439,32022.0
2025-07-10 09:00:00,146.438,146.789,146.35,146.466,51951.0
2025-07-10 13:00:00,146.464,146.482,146.169,146.248,28393.0
2025-07-10 17:00:00,146.26,146.642,146.134,146.554,22332.0
2025-07-10 21:00:00,146.556,147.185,146.52,147.08,35016.0
2025-07-11 01:00:00,147.08,147.11,146.723,146.985,39373.0
2025-07-11 05:00:00,146.985,147.093,146.767,146.972,38660.0
2025-07-11 09:00:00,146.97,147.523,146.902,147.368,53504.0
2025-07-11 13:00:00,147.368,147.48,147.318,147.423,26894.0
2025-07-13 17:00:00,147.206,147.576,146.92,146.953,26064.0
2025-07-13 21:00:00,146.953,147.444,146.85,147.374,32245.0
2025-07-14 01:00:00,147.374,147.485,147.174,147.319,37177.0
2025-07-14 05:00:00,147.32,147.468,147.156,147.389,31777.0
2025-07-14 09:00:00,147.391,147.76,147.312,147.716,44608.0
2025-07-14 13:00:00,147.718,147.78,147.672,147.732,16781.0
2025-07-14 17:00:00,147.728,147.892,147.564,147.586,14761.0
2025-07-14 21:00:00,147.588,147.824,147.554,147.666,22471.0
2025-07-15 01:00:00,147.667,147.79,147.552,147.677,29107.0
2025-07-15 05:00:00,147.676,148.15,147.612,147.893,41021.0
2025-07-15 09:00:00,147.894,149.022,147.889,148.894,62502.0
2025-07-15 13:00:00,148.894,148.996,148.81,148.849,22697.0
2025-07-15 17:00:00,148.903,149.04,148.712,148.978,16631.0
2025-07-15 21:00:00,148.979,149.189,148.738,148.93,27150.0
2025-07-16 01:00:00,148.933,148.951,148.62,148.838,39057.0
2025-07-16 05:00:00,148.838,148.889,148.474,148.705,41618.0
2025-07-16 09:00:00,148.705,148.932,146.91,148.044,165727.0
2025-07-16 13:00:00,148.045,148.061,147.489,147.88,48647.0
2025-07-16 17:00:00,147.832,148.424,147.73,148.382,19492.0
2025-07-16 21:00:00,148.382,148.663,148.28,148.422,31588.0
2025-07-17 01:00:00,148.422,148.807,148.368,148.586,48094.0
2025-07-17 05:00:00,148.586,149.09,148.521,148.721,50275.0
2025-07-17 09:00:00,148.72,148.753,148.38,148.625,62435.0
2025-07-17 13:00:00,148.623,148.754,148.552,148.608,23364.0
2025-07-17 17:00:00,148.587,148.625,148.29,148.584,18505.0
2025-07-17 21:00:00,148.586,148.725,148.382,148.67,27620.0
2025-07-18 01:00:00,148.676,148.886,148.502,148.589,36123.0
2025-07-18 05:00:00,148.589,148.725,148.323,148.36,35218.0
2025-07-18 09:00:00,148.358,148.733,148.184,148.69,56072.0
2025-07-18 13:00:00,148.69,148.854,148.656,148.844,21934.0
2025-07-20 17:00:00,147.975,148.666,147.971,148.389,26140.0
2025-07-20 21:00:00,148.392,148.561,148.334,148.446,24644.0
2025-07-21 01:00:00,148.446,148.452,147.692,147.896,49071.0
2025-07-21 05:00:00,147.896,147.98,147.336,147.494,40588.0
2025-07-21 09:00:00,147.496,147.724,147.082,147.162,52877.0
2025-07-21 13:00:00,147.161,147.44,147.112,147.346,22016.0
2025-07-21 17:00:00,147.375,147.714,147.248,147.486,18338.0
2025-07-21 21:00:00,147.486,147.673,147.412,147.638,23583.0
2025-07-22 01:00:00,147.635,147.95,147.604,147.616,32484.0
2025-07-22 05:00:00,147.614,147.614,146.742,146.804,39986.0
2025-07-22 09:00:00,146.802,146.894,146.306,146.428,68883.0
2025-07-22 13:00:00,146.428,146.686,146.428,146.646,27057.0
2025-07-22 17:00:00,146.626,146.944,146.198,146.44,43881.0
2025-07-22 21:00:00,146.439,147.206,146.39,146.944,58321.0
2025-07-23 01:00:00,146.944,147.214,146.598,146.794,58148.0
2025-07-23 05:00:00,146.795,146.8,146.11,146.416,41928.0
2025-07-23 09:00:00,146.415,146.732,146.238,146.58,70934.0
2025-07-23 13:00:00,146.58,146.624,146.371,146.51,35114.0
2025-07-23 17:00:00,146.478,146.552,146.24,146.432,23989.0
2025-07-23 21:00:00,146.431,146.439,145.854,146.02,44151.0
2025-07-24 01:00:00,146.019,146.566,145.956,146.544,55035.0
2025-07-24 05:00:00,146.546,146.832,146.448,146.794,51625.0
2025-07-24 09:00:00,146.794,146.952,146.356,146.901,84026.0
2025-07-24 13:00:00,146.902,147.028,146.752,147.002,35660.0
2025-07-24 17:00:00,146.989,147.342,146.964,147.212,24233.0
2025-07-24 21:00:00,147.213,147.494,147.101,147.14,37594.0
2025-07-25 01:00:00,147.14,147.832,146.814,147.754,58851.0
2025-07-25 05:00:00,147.754,147.943,147.605,147.855,42302.0
2025-07-25 09:00:00,147.853,147.926,147.528,147.759,81119.0
2025-07-25 13:00:00,147.76,147.782,147.531,147.668,28721.0
2025-07-27 17:00:00,147.764,147.878,147.602,147.618,28071.0
2025-07-27 21:00:00,147.617,148.024,147.516,147.746,40885.0
2025-07-28 01:00:00,147.75,148.374,147.732,148.274,62603.0
2025-07-28 05:00:00,148.275,148.445,148.028,148.052,62202.0
2025-07-28 09:00:00,148.051,148.524,147.938,148.489,63950.0
2025-07-28 13:00:00,148.49,148.58,148.393,148.545,26220.0
2025-07-28 17:00:00,148.495,148.714,148.43,148.686,17291.0
2025-07-28 21:00:00,148.688,148.71,148.29,148.35,33846.0
2025-07-29 01:00:00,148.351,148.752,148.158,148.554,54862.0
2025-07-29 05:00:00,148.554,148.774,148.386,148.706,45906.0
2025-07-29 09:00:00,148.706,148.81,148.352,148.562,69919.0
2025-07-29 13:00:00,148.562,148.586,148.338,148.476,30962.0
2025-07-29 17:00:00,148.491,148.526,148.036,148.058,19097.0
2025-07-29 21:00:00,148.055,148.174,147.845,148.158,37279.0
2025-07-30 01:00:00,148.158,148.173,147.804,147.962,53871.0
2025-07-30 05:00:00,147.96,148.888,147.855,148.852,61170.0
2025-07-30 09:00:00,148.852,149.134,148.83,148.935,64341.0
2025-07-30 13:00:00,148.935,149.538,148.522,149.526,76183.0
2025-07-30 17:00:00,149.482,149.484,149.182,149.308,18815.0
2025-07-30 21:00:00,149.308,149.342,148.59,148.887,38840.0
2025-07-31 01:00:00,148.888,149.724,148.684,149.632,65567.0
2025-07-31 05:00:00,149.632,150.258,149.621,150.188,56039.0
2025-07-31 09:00:00,150.19,150.792,150.178,150.688,73707.0
2025-07-31 13:00:00,150.686,150.844,150.558,150.766,35389.0
2025-07-31 17:00:00,150.718,150.898,150.594,150.736,27818.0
2025-07-31 21:00:00,150.738,150.918,150.552,150.608,39778.0
2025-08-01 01:00:00,150.609,150.659,150.413,150.61,45129.0
2025-08-01 05:00:00,150.608,150.63,148.566,148.638,84325.0
2025-08-01 09:00:00,148.632,148.665,147.486,147.828,172134.0
2025-08-01 13:00:00,147.827,147.952,147.293,147.42,56337.0
2025-08-03 17:00:00,147.262,147.692,147.056,147.653,32923.0
2025-08-03 21:00:00,147.654,147.91,147.552,147.688,37698.0
2025-08-04 01:00:00,147.688,148.09,147.536,147.895,56635.0
2025-08-04 05:00:00,147.896,147.948,147.006,147.193,53785.0
2025-08-04 09:00:00,147.196,147.354,146.866,147.038,73823.0
2025-08-04 13:00:00,147.039,147.118,146.908,147.092,28508.0
2025-08-04 17:00:00,147.144,147.21,146.62,146.926,22947.0
2025-08-04 21:00:00,146.927,147.266,146.884,147.086,31379.0
2025-08-05 01:00:00,147.086,147.638,147.032,147.586,47262.0
2025-08-05 05:00:00,147.585,147.779,147.451,147.666,43205.0
2025-08-05 09:00:00,147.666,147.836,147.3,147.549,79315.0
2025-08-05 13:00:00,147.55,147.708,147.485,147.556,24330.0
2025-08-05 17:00:00,147.591,147.647,147.448,147.585,16580.0
2025-08-05 21:00:00,147.587,147.752,147.306,147.348,28538.0
2025-08-06 01:00:00,147.346,147.847,147.338,147.808,40060.0
2025-08-06 05:00:00,147.808,147.886,147.407,147.441,44112.0
2025-08-06 09:00:00,147.442,147.661,147.21,147.348,64514.0
2025-08-06 13:00:00,147.348,147.643,146.976,147.358,29984.0
2025-08-06 17:00:00,147.37,147.601,147.154,147.584,18760.0
2025-08-06 21:00:00,147.584,147.712,147.268,147.306,32552.0
2025-08-07 01:00:00,147.306,147.348,146.69,147.132,55513.0
2025-08-07 05:00:00,147.132,147.496,147.021,147.287,58055.0
2025-08-07 09:00:00,147.288,147.588,147.113,147.366,73185.0
2025-08-07 13:00:00,147.366,147.568,146.942,147.152,38935.0
2025-08-07 17:00:00,147.129,147.194,146.72,147.148,24398.0
2025-08-07 21:00:00,147.147,147.374,147.116,147.164,26335.0
2025-08-08 01:00:00,147.162,147.696,147.136,147.648,47354.0
2025-08-08 05:00:00,147.646,147.894,147.544,147.845,48554.0
2025-08-08 09:00:00,147.844,147.904,147.634,147.74,50953.0
2025-08-08 13:00:00,147.738,147.82,147.63,147.752,29479.0
2025-08-10 17:00:00,147.572,147.79,147.572,147.663,12080.0
2025-08-10 21:00:00,147.666,147.716,147.426,147.482,21268.0
2025-08-11 01:00:00,147.482,147.666,147.352,147.508,34000.0
2025-08-11 05:00:00,147.507,147.95,147.486,147.811,35813.0
2025-08-11 09:00:00,147.81,148.114,147.786,147.991,39965.0
2025-08-11 13:00:00,147.99,148.252,147.971,148.146,22755.0
2025-08-11 17:00:00,148.128,148.434,148.052,148.407,14972.0
2025-08-11 21:00:00,148.406,148.447,148.21,148.354,23373.0
2025-08-12 01:00:00,148.356,148.468,148.149,148.424,42179.0
2025-08-12 05:00:00,148.422,148.52,147.858,148.036,56579.0
2025-08-12 09:00:00,148.035,148.447,147.579,147.714,103055.0
2025-08-12 13:00:00,147.712,147.874,147.689,147.856,27201.0
2025-08-12 17:00:00,147.786,147.894,147.702,147.799,15478.0
2025-08-12 21:00:00,147.8,148.17,147.73,147.931,28881.0
2025-08-13 01:00:00,147.932,148.01,147.198,147.27,40357.0
2025-08-13 05:00:00,147.269,147.566,147.156,147.409,42783.0
2025-08-13 09:00:00,147.41,147.436,147.087,147.345,51457.0
2025-08-13 13:00:00,147.348,147.514,147.318,147.383,20725.0
2025-08-13 17:00:00,147.392,147.396,146.62,146.692,19239.0
2025-08-13 21:00:00,146.694,146.752,146.34,146.388,41532.0
2025-08-14 01:00:00,146.387,146.634,146.214,146.554,56085.0
2025-08-14 05:00:00,146.554,147.106,146.425,146.952,62782.0
2025-08-14 09:00:00,146.948,147.893,146.946,147.85,79603.0
2025-08-14 13:00:00,147.85,147.967,147.725,147.752,23265.0
2025-08-14 17:00:00,147.757,147.875,147.466,147.482,14770.0
2025-08-14 21:00:00,147.476,147.516,147.114,147.14,24953.0
2025-08-15 01:00:00,147.145,147.224,146.852,146.859,37376.0
2025-08-15 05:00:00,146.858,147.279,146.739,146.891,39717.0
2025-08-15 09:00:00,146.889,147.266,146.77,147.2,62684.0
2025-08-15 13:00:00,147.2,147.333,147.151,147.154,21552.0
2025-08-17 17:00:00,147.202,147.461,147.084,147.429,16983.0
2025-08-17 21:00:00,147.429,147.585,147.301,147.38,25968.0
2025-08-18 01:00:00,147.378,147.522,147.12,147.344,43198.0
2025-08-18 05:00:00,147.343,147.794,147.28,147.728,35483.0
2025-08-18 09:00:00,147.727,147.988,147.68,147.792,42732.0
2025-08-18 13:00:00,147.793,147.924,147.66,147.855,16448.0
2025-08-18 17:00:00,147.77,147.984,147.763,147.778,15324.0
2025-08-18 21:00:00,147.777,148.115,147.622,147.762,35743.0
2025-08-19 01:00:00,147.761,147.778,147.533,147.664,38915.0
2025-08-19 05:00:00,147.664,147.852,147.6,147.784,34662.0
2025-08-19 09:00:00,147.784,147.904,147.552,147.626,45932.0
2025-08-19 13:00:00,147.626,147.694,147.443,147.67,23247.0
2025-08-19 17:00:00,147.643,147.818,147.505,147.572,15251.0
2025-08-19 21:00:00,147.572,147.666,147.424,147.582,31975.0
2025-08-20 01:00:00,147.581,147.696,147.144,147.588,40890.0
2025-08-20 05:00:00,147.588,147.592,147.242,147.276,29662.0
2025-08-20 09:00:00,147.276,147.44,146.872,147.117,54046.0
2025-08-20 13:00:00,147.115,147.494,147.01,147.312,20815.0
2025-08-20 17:00:00,147.349,147.464,147.256,147.389,19517.0
2025-08-20 21:00:00,147.388,147.51,147.256,147.386,25220.0
2025-08-21 01:00:00,147.385,147.642,147.344,147.588,37299.0
2025-08-21 05:00:00,147.588,147.936,147.48,147.754,38468.0
2025-08-21 09:00:00,147.756,148.404,147.584,148.288,68450.0
2025-08-21 13:00:00,148.288,148.408,148.17,148.389,17765.0
2025-08-21 17:00:00,148.337,148.504,148.283,148.476,17856.0
2025-08-21 21:00:00,148.477,148.766,148.412,148.746,27917.0
2025-08-22 01:00:00,148.746,148.778,148.412,148.639,34080.0
2025-08-22 05:00:00,148.64,148.74,148.598,148.706,33722.0
2025-08-22 09:00:00,148.704,148.721,146.572,146.708,105500.0
2025-08-22 13:00:00,146.708,147.002,146.576,146.926,27651.0
2025-08-24 17:00:00,146.887,147.526,146.802,147.389,20767.0
2025-08-24 21:00:00,147.39,147.518,147.208,147.234,23995.0
2025-08-25 01:00:00,147.235,147.376,147.096,147.287,27634.0
2025-08-25 05:00:00,147.289,147.452,147.222,147.382,25192.0
2025-08-25 09:00:00,147.382,147.674,147.292,147.538,45899.0
2025-08-25 13:00:00,147.538,147.942,147.502,147.753,32018.0
2025-08-25 17:00:00,147.752,147.88,146.988,147.112,43988.0
2025-08-25 21:00:00,147.112,147.814,147.11,147.769,39041.0
2025-08-26 01:00:00,147.77,147.91,147.494,147.574,53294.0
2025-08-26 05:00:00,147.574,147.67,147.328,147.544,43296.0
2025-08-26 09:00:00,147.544,147.722,147.1,147.306,55131.0
2025-08-26 13:00:00,147.306,147.545,147.274,147.43,29464.0
2025-08-26 17:00:00,147.387,147.584,147.31,147.584,15895.0
2025-08-26 21:00:00,147.584,147.96,147.514,147.944,28511.0
2025-08-27 01:00:00,147.944,148.006,147.656,147.916,36920.0
2025-08-27 05:00:00,147.917,148.184,147.864,148.07,37435.0
2025-08-27 09:00:00,148.069,148.128,147.342,147.362,54802.0
2025-08-27 13:00:00,147.36,147.52,147.293,147.416,30620.0
2025-08-27 17:00:00,147.414,147.49,147.206,147.296,19401.0
2025-08-27 21:00:00,147.297,147.449,147.08,147.162,30251.0
2025-08-28 01:00:00,147.167,147.406,147.0,147.189,43371.0
2025-08-28 05:00:00,147.188,147.188,146.808,147.104,50050.0
2025-08-28 09:00:00,147.102,147.234,146.832,146.848,57633.0
2025-08-28 13:00:00,146.848,146.998,146.66,146.944,22770.0
2025-08-28 17:00:00,146.9,147.084,146.764,146.826,21882.0
2025-08-28 21:00:00,146.826,147.112,146.786,146.906,34380.0
2025-08-29 01:00:00,146.905,147.2,146.868,146.954,35338.0
2025-08-29 05:00:00,146.954,147.41,146.941,147.321,39852.0
2025-08-29 09:00:00,147.322,147.392,146.769,146.915,63232.0
2025-08-29 13:00:00,146.914,147.118,146.882,147.066,21706.0
2025-08-31 17:00:00,147.017,147.262,146.995,147.234,14717.0
2025-08-31 21:00:00,147.235,147.38,146.842,147.046,31465.0
2025-09-01 01:00:00,147.044,147.204,146.788,146.99,38274.0
2025-09-01 05:00:00,146.99,147.234,146.94,147.2,30913.0
2025-09-01 09:00:00,147.196,147.309,147.168,147.238,27866.0
2025-09-01 13:00:00,147.24,147.244,147.146,147.18,9683.0
2025-09-01 17:00:00,147.206,147.36,147.048,147.306,18776.0
2025-09-01 21:00:00,147.305,147.864,147.194,147.726,38427.0
2025-09-02 01:00:00,147.726,148.796,147.7,148.44,69289.0
2025-09-02 05:00:00,148.439,148.945,148.372,148.824,69067.0
2025-09-02 09:00:00,148.824,148.848,147.94,148.298,79465.0
2025-09-02 13:00:00,148.298,148.535,148.247,148.338,28464.0
2025-09-02 17:00:00,148.336,148.768,148.316,148.758,16665.0
2025-09-02 21:00:00,148.758,148.926,148.554,148.59,27383.0
2025-09-03 01:00:00,148.591,149.138,148.49,148.588,50457.0
2025-09-03 05:00:00,148.588,148.8,148.434,148.73,47889.0
2025-09-03 09:00:00,148.729,148.796,147.908,147.942,73387.0
2025-09-03 13:00:00,147.939,148.162,147.882,148.109,27027.0
2025-09-03 17:00:00,148.07,148.17,147.906,148.031,20732.0
2025-09-03 21:00:00,148.03,148.286,147.792,148.243,37402.0
2025-09-04 01:00:00,148.242,148.416,148.112,148.217,42369.0
2025-09-04 05:00:00,148.216,148.532,148.022,148.429,47942.0
2025-09-04 09:00:00,148.431,148.779,148.353,148.623,58990.0
2025-09-04 13:00:00,148.622,148.674,148.442,148.464,21458.0
2025-09-04 17:00:00,148.512,148.536,148.13,148.174,19444.0
2025-09-04 21:00:00,148.174,148.268,148.081,148.219,24443.0
2025-09-05 01:00:00,148.22,148.276,148.116,148.162,29516.0
2025-09-05 05:00:00,148.161,148.253,147.186,147.3,65664.0
2025-09-05 09:00:00,147.299,147.466,146.818,147.139,97777.0
2025-09-05 13:00:00,147.138,147.507,147.132,147.418,34573.0
2025-09-07 17:00:00,148.187,148.58,147.938,148.339,40354.0
2025-09-07 21:00:00,148.338,148.39,148.004,148.16,40615.0
2025-09-08 01:00:00,148.162,148.18,147.466,147.688,48433.0
2025-09-08 05:00:00,147.686,147.882,147.652,147.698,39320.0
2025-09-08 09:00:00,147.7,147.876,147.538,147.69,51967.0
2025-09-08 13:00:00,147.69,147.768,147.342,147.53,24520.0
2025-09-08 17:00:00,147.503,147.573,147.154,147.346,20798.0
2025-09-08 21:00:00,147.347,147.404,147.094,147.128,28648.0
2025-09-09 01:00:00,147.129,147.337,146.559,146.626,50798.0
2025-09-09 05:00:00,146.625,147.005,146.307,146.923,43084.0
2025-09-09 09:00:00,146.92,147.351,146.525,147.274,77401.0
2025-09-09 13:00:00,147.273,147.473,147.24,147.403,25639.0
2025-09-09 17:00:00,147.364,147.478,147.299,147.429,15204.0
2025-09-09 21:00:00,147.429,147.578,147.271,147.327,26067.0
2025-09-10 01:00:00,147.328,147.588,147.282,147.518,38782.0
2025-09-10 05:00:00,147.52,147.647,147.105,147.53,47712.0
2025-09-10 09:00:00,147.533,147.608,147.264,147.378,52242.0
2025-09-10 13:00:00,147.377,147.47,147.247,147.465,19125.0
2025-09-10 17:00:00,147.396,147.47,147.282,147.46,14789.0
2025-09-10 21:00:00,147.461,147.481,147.321,147.436,18547.0
2025-09-11 01:00:00,147.436,147.863,147.427,147.85,32290.0
2025-09-11 05:00:00,147.849,148.192,147.362,147.528,57127.0
2025-09-11 09:00:00,147.528,147.621,146.988,147.058,75554.0
2025-09-11 13:00:00,147.058,147.309,147.052,147.236,31717.0
2025-09-11 17:00:00,147.221,147.337,147.122,147.23,12353.0
2025-09-11 21:00:00,147.229,147.547,147.213,147.502,17307.0
2025-09-12 01:00:00,147.504,147.928,147.244,147.894,44062.0
2025-09-12 05:00:00,147.895,148.074,147.685,147.848,39860.0
2025-09-12 09:00:00,147.848,147.889,147.59,147.684,46956.0
2025-09-12 13:00:00,147.682,147.724,147.464,147.673,19380.0
2025-09-14 17:00:00,147.63,147.791,147.55,147.55,10296.0
2025-09-14 21:00:00,147.55,147.614,147.34,147.404,20239.0
2025-09-15 01:00:00,147.404,147.61,147.374,147.412,34714.0
2025-09-15 05:00:00,147.414,147.478,147.248,147.27,35337.0
2025-09-15 09:00:00,147.27,147.472,147.232,147.339,45138.0
2025-09-15 13:00:00,147.34,147.43,147.242,147.417,24232.0
2025-09-15 17:00:00,147.343,147.504,147.314,147.446,15093.0
2025-09-15 21:00:00,147.446,147.541,146.972,147.016,33568.0
2025-09-16 01:00:00,147.017,147.094,146.692,146.998,48338.0
2025-09-16 05:00:00,146.998,147.262,146.868,147.098,54072.0
2025-09-16 09:00:00,147.097,147.139,146.352,146.357,65068.0
2025-09-16 13:00:00,146.356,146.507,146.278,146.456,35623.0
2025-09-16 17:00:00,146.478,146.57,146.214,146.535,20378.0
2025-09-16 21:00:00,146.536,146.606,146.432,146.457,23840.0
2025-09-17 01:00:00,146.456,146.682,146.372,146.456,34396.0
2025-09-17 05:00:00,146.455,146.479,146.204,146.38,36750.0
2025-09-17 09:00:00,146.38,146.401,146.21,146.29,40890.0
2025-09-17 13:00:00,146.29,147.051,145.483,146.999,121244.0
2025-09-17 17:00:00,146.965,147.033,146.768,146.914,26197.0
2025-09-17 21:00:00,146.914,147.222,146.846,147.206,34753.0
2025-09-18 01:00:00,147.206,147.532,147.029,147.435,57578.0
2025-09-18 05:00:00,147.434,147.804,147.162,147.792,57661.0
2025-09-18 09:00:00,147.793,148.268,147.793,147.866,78931.0
2025-09-18 13:00:00,147.867,148.022,147.804,147.996,23606.0
2025-09-18 17:00:00,147.944,148.114,147.898,148.012,17611.0
2025-09-18 21:00:00,148.01,148.108,147.196,147.525,62416.0
2025-09-19 01:00:00,147.526,148.038,147.418,147.858,75256.0
2025-09-19 05:00:00,147.856,148.288,147.753,148.158,47865.0
2025-09-19 09:00:00,148.158,148.158,147.793,147.85,63466.0
2025-09-19 13:00:00,147.852,147.995,147.845,147.956,22870.0
2025-09-21 17:00:00,147.919,148.258,147.877,148.16,14867.0
2025-09-21 21:00:00,148.158,148.378,148.088,148.287,26724.0
2025-09-22 01:00:00,148.286,148.306,147.818,147.856,43105.0
2025-09-22 05:00:00,147.854,147.948,147.742,147.844,41244.0
2025-09-22 09:00:00,147.844,147.986,147.732,147.742,46376.0
2025-09-22 13:00:00,147.742,147.782,147.659,147.736,23194.0
2025-09-22 17:00:00,147.775,147.822,147.653,147.668,10836.0
2025-09-22 21:00:00,147.666,147.865,147.6,147.798,24133.0
2025-09-23 01:00:00,147.802,147.842,147.538,147.566,40041.0
2025-09-23 05:00:00,147.566,147.886,147.508,147.774,38221.0
2025-09-23 09:00:00,147.774,147.93,147.618,147.774,62363.0
2025-09-23 13:00:00,147.772,147.776,147.463,147.658,38106.0
2025-09-23 17:00:00,147.618,147.829,147.516,147.778,19073.0
2025-09-23 21:00:00,147.777,147.964,147.715,147.904,26440.0
2025-09-24 01:00:00,147.906,148.292,147.818,148.266,38773.0
2025-09-24 05:00:00,148.265,148.719,148.212,148.67,39354.0
2025-09-24 09:00:00,148.67,148.796,148.594,148.766,50957.0
2025-09-24 13:00:00,148.766,148.918,148.704,148.909,19514.0
2025-09-24 17:00:00,148.864,148.873,148.561,148.574,18097.0
2025-09-24 21:00:00,148.574,148.861,148.56,148.607,23157.0
2025-09-25 01:00:00,148.606,148.864,148.6,148.744,40262.0
2025-09-25 05:00:00,148.742,149.357,148.684,149.245,49515.0
2025-09-25 09:00:00,149.247,149.868,149.148,149.818,73182.0
2025-09-25 13:00:00,149.818,149.93,149.729,149.799,30333.0
2025-09-25 17:00:00,149.841,149.96,149.64,149.686,25345.0
2025-09-25 21:00:00,149.686,149.85,149.634,149.646,23820.0
2025-09-26 01:00:00,149.646,149.886,149.616,149.753,35711.0
2025-09-26 05:00:00,149.754,149.954,149.588,149.625,44733.0
2025-09-26 09:00:00,149.628,149.784,149.426,149.554,61367.0
2025-09-26 13:00:00,149.552,149.563,149.406,149.519,21214.0
2025-09-28 17:00:00,149.5,149.536,149.117,149.18,17320.0
2025-09-28 21:00:00,149.179,149.282,148.884,148.951,32341.0
2025-09-29 01:00:00,148.952,148.982,148.472,148.53,48255.0
2025-09-29 05:00:00,148.531,148.816,148.472,148.608,44965.0
2025-09-29 09:00:00,148.608,148.74,148.48,148.584,52120.0
2025-09-29 13:00:00,148.584,148.694,148.548,148.598,22298.0
2025-09-29 17:00:00,148.611,148.847,148.504,148.796,20676.0
2025-09-29 21:00:00,148.794,148.806,148.388,148.404,31985.0
2025-09-30 01:00:00,148.404,148.445,147.838,147.856,54006.0
2025-09-30 05:00:00,147.854,148.104,147.833,147.959,39932.0
2025-09-30 09:00:00,147.958,148.066,147.654,147.745,72665.0
2025-09-30 13:00:00,147.744,147.985,147.652,147.94,32507.0
2025-09-30 17:00:00,147.85,148.227,147.816,148.109,19162.0
2025-09-30 21:00:00,148.108,148.168,147.552,147.554,29850.0
2025-10-01 01:00:00,147.552,147.646,146.899,147.152,62607.0
2025-10-01 05:00:00,147.152,147.266,146.586,146.798,80183.0
2025-10-01 09:00:00,146.798,147.255,146.62,147.163,94675.0
2025-10-01 13:00:00,147.162,147.232,147.023,147.071,28923.0
2025-10-01 17:00:00,147.068,147.326,146.999,147.196,16768.0
2025-10-01 21:00:00,147.195,147.23,146.942,147.176,25864.0
2025-10-02 01:00:00,147.176,147.382,146.726,146.8,52431.0
2025-10-02 05:00:00,146.8,147.202,146.6,147.162,44170.0
2025-10-02 09:00:00,147.16,147.516,147.058,147.166,60838.0
2025-10-02 13:00:00,147.168,147.298,147.13,147.264,16662.0
2025-10-02 17:00:00,147.264,147.385,147.094,147.352,14741.0
2025-10-02 21:00:00,147.354,147.772,147.183,147.726,31663.0
2025-10-03 01:00:00,147.726,147.819,147.275,147.331,44681.0
2025-10-03 05:00:00,147.332,147.435,147.219,147.268,34875.0
2025-10-03 09:00:00,147.267,147.537,147.06,147.506,66075.0
2025-10-03 13:00:00,147.506,147.547,147.384,147.49,25089.0
2025-10-05 17:00:00,149.42,149.867,149.046,149.708,57890.0
2025-10-05 21:00:00,149.709,150.346,149.585,150.316,53013.0
2025-10-06 01:00:00,150.316,150.442,149.952,150.367,77587.0
2025-10-06 05:00:00,150.37,150.477,149.753,149.784,70093.0
2025-10-06 09:00:00,149.784,150.174,149.756,150.163,63420.0
2025-10-06 13:00:00,150.162,150.4,150.081,150.351,20397.0
2025-10-06 17:00:00,150.314,150.62,150.25,150.49,25058.0
2025-10-06 21:00:00,150.492,150.616,150.25,150.415,28912.0
2025-10-07 01:00:00,150.414,150.833,150.402,150.794,47924.0
2025-10-07 05:00:00,150.793,151.034,150.708,150.834,37020.0
2025-10-07 09:00:00,150.834,151.41,150.735,151.33,58887.0
2025-10-07 13:00:00,151.328,152.046,151.252,151.9,31409.0
2025-10-07 17:00:00,151.932,152.378,151.74,152.306,27888.0
2025-10-07 21:00:00,152.308,152.648,152.275,152.365,38352.0
2025-10-08 01:00:00,152.365,152.788,152.253,152.745,61420.0
2025-10-08 05:00:00,152.744,153.003,152.438,152.509,48014.0
2025-10-08 09:00:00,152.508,152.8,152.374,152.758,54383.0
2025-10-08 13:00:00,152.758,152.948,152.642,152.697,25755.0
2025-10-08 17:00:00,152.72,152.742,152.456,152.706,26445.0
2025-10-08 21:00:00,152.706,152.769,152.408,152.468,37896.0
2025-10-09 01:00:00,152.47,153.222,152.468,152.8,59032.0
2025-10-09 05:00:00,152.8,152.858,152.472,152.748,54595.0
2025-10-09 09:00:00,152.747,153.236,152.116,153.004,86227.0
2025-10-09 13:00:00,153.004,153.212,152.91,153.084,34545.0
2025-10-09 17:00:00,152.957,153.278,152.946,152.958,25375.0
2025-10-09 21:00:00,152.956,153.052,152.639,152.755,33435.0
2025-10-10 01:00:00,152.754,152.952,152.38,152.646,72732.0
2025-10-10 05:00:00,152.645,152.85,152.518,152.556,45695.0
2025-10-10 09:00:00,152.558,152.717,151.506,151.89,112323.0
2025-10-10 13:00:00,151.888,151.949,151.168,151.174,45087.0
2025-10-12 17:00:00,151.882,152.28,151.739,151.846,46498.0
2025-10-12 21:00:00,151.846,152.017,151.811,151.912,41204.0
2025-10-13 01:00:00,151.908,152.452,151.724,152.344,65314.0
2025-10-13 05:00:00,152.343,152.372,151.978,152.214,51903.0
2025-10-13 09:00:00,152.213,152.45,152.106,152.282,52781.0
2025-10-13 13:00:00,152.28,152.352,152.219,152.3,20080.0
2025-10-13 17:00:00,152.221,152.614,152.192,152.466,23262.0
2025-10-13 21:00:00,152.467,152.5,151.782,151.86,47543.0
2025-10-14 01:00:00,151.86,152.128,151.618,151.976,80759.0
2025-10-14 05:00:00,151.977,152.155,151.863,152.047,50514.0
2025-10-14 09:00:00,152.048,152.164,151.669,151.74,89012.0
2025-10-14 13:00:00,151.742,151.87,151.604,151.81,35960.0
2025-10-14 17:00:00,151.802,151.878,151.499,151.557,26848.0
2025-10-14 21:00:00,151.556,151.604,151.004,151.25,41295.0
2025-10-15 01:00:00,151.255,151.396,150.9,151.22,55038.0
2025-10-15 05:00:00,151.221,151.69,151.22,151.639,53121.0
2025-10-15 09:00:00,151.638,151.738,151.038,151.196,66936.0
2025-10-15 13:00:00,151.196,151.392,151.058,151.071,36955.0
2025-10-15 17:00:00,151.084,151.211,150.514,150.71,31957.0
2025-10-15 21:00:00,150.709,151.114,150.51,151.04,39367.0
2025-10-16 01:00:00,151.041,151.386,150.941,151.244,61384.0
2025-10-16 05:00:00,151.246,151.399,151.034,151.102,46102.0
2025-10-16 09:00:00,151.1,151.29,150.234,150.4,96192.0
2025-10-16 13:00:00,150.4,150.474,150.212,150.434,61877.0
2025-10-16 17:00:00,150.415,150.452,150.047,150.23,30872.0
2025-10-16 21:00:00,150.231,150.392,149.896,149.964,45933.0
2025-10-17 01:00:00,149.964,149.979,149.376,149.781,93320.0
2025-10-17 05:00:00,149.78,150.544,149.604,150.385,87598.0
2025-10-17 09:00:00,150.386,150.594,150.161,150.409,87701.0
2025-10-17 13:00:00,150.408,150.65,150.366,150.65,30366.0
2025-10-19 17:00:00,150.469,150.983,150.382,150.91,33830.0
2025-10-19 21:00:00,150.908,151.204,150.516,150.6,35050.0
2025-10-20 01:00:00,150.601,150.833,150.498,150.586,54290.0
2025-10-20 05:00:00,150.584,150.86,150.274,150.676,53055.0
2025-10-20 09:00:00,150.677,150.853,150.412,150.682,53447.0
2025-10-20 13:00:00,150.682,150.828,150.628,150.766,18580.0
2025-10-20 17:00:00,150.707,150.854,150.472,150.656,23007.0
2025-10-20 21:00:00,150.658,151.244,150.527,151.077,44977.0
2025-10-21 01:00:00,151.078,151.678,150.866,151.612,80209.0
2025-10-21 05:00:00,151.612,152.176,151.596,152.028,62613.0
2025-10-21 09:00:00,152.031,152.091,151.458,151.858,81100.0
2025-10-21 13:00:00,151.857,151.974,151.819,151.926,22887.0
2025-10-21 17:00:00,151.898,151.962,151.605,151.63,21290.0
2025-10-21 21:00:00,151.624,151.874,151.488,151.76,31381.0
2025-10-22 01:00:00,151.76,151.952,151.621,151.69,56725.0
2025-10-22 05:00:00,151.69,151.97,151.653,151.93,59922.0
2025-10-22 09:00:00,151.931,152.048,151.506,151.766,76761.0
2025-10-22 13:00:00,151.766,152.013,151.604,151.964,35232.0
2025-10-22 17:00:00,151.944,152.264,151.824,152.153,21465.0
2025-10-22 21:00:00,152.152,152.578,152.116,152.415,24382.0
2025-10-23 01:00:00,152.416,152.65,152.321,152.609,40604.0
2025-10-23 05:00:00,152.61,152.794,152.458,152.536,37798.0
2025-10-23 09:00:00,152.538,152.799,152.478,152.72,54298.0
2025-10-23 13:00:00,152.72,152.77,152.495,152.596,21428.0
2025-10-23 17:00:00,152.587,152.676,152.474,152.648,15693.0
2025-10-23 21:00:00,152.649,152.916,152.638,152.892,29057.0
2025-10-24 01:00:00,152.892,153.064,152.754,152.95,40814.0
2025-10-24 05:00:00,152.95,152.997,152.235,152.675,50107.0
2025-10-24 09:00:00,152.674,153.021,152.596,152.842,63451.0
2025-10-24 13:00:00,152.842,152.9,152.75,152.882,18352.0
2025-10-26 17:00:00,152.858,153.178,152.833,152.892,26687.0
2025-10-26 21:00:00,152.891,153.166,152.654,153.14,31247.0
2025-10-27 01:00:00,153.141,153.258,152.744,152.822,48595.0
2025-10-27 05:00:00,152.822,152.897,152.566,152.842,47700.0
2025-10-27 09:00:00,152.843,153.196,152.808,152.995,50220.0
2025-10-27 13:00:00,152.996,153.096,152.762,152.88,22355.0
2025-10-27 17:00:00,152.862,152.885,152.396,152.498,17565.0
2025-10-27 21:00:00,152.497,152.514,151.852,151.876,39555.0
2025-10-28 01:00:00,151.878,152.357,151.76,151.952,61452.0
2025-10-28 05:00:00,151.952,152.221,151.824,152.133,48481.0
2025-10-28 09:00:00,152.133,152.374,151.854,152.114,65034.0
2025-10-28 13:00:00,152.112,152.246,151.948,152.116,23522.0
2025-10-28 17:00:00,152.119,152.198,151.538,151.635,30362.0
2025-10-28 21:00:00,151.636,152.145,151.554,152.078,38366.0
2025-10-29 01:00:00,152.078,152.546,152.002,152.336,45163.0
2025-10-29 05:00:00,152.336,152.47,152.14,152.242,37403.0
2025-10-29 09:00:00,152.242,152.244,151.865,152.152,52109.0
2025-10-29 13:00:00,152.152,153.064,152.091,152.74,86305.0
2025-10-29 17:00:00,152.694,152.948,152.506,152.636,22458.0
2025-10-29 21:00:00,152.637,153.137,152.163,152.769,71750.0
2025-10-30 01:00:00,152.771,153.89,152.678,153.748,71439.0
2025-10-30 05:00:00,153.75,154.294,153.622,154.294,52586.0
2025-10-30 09:00:00,154.296,154.449,154.046,154.1,68064.0
2025-10-30 13:00:00,154.1,154.172,154.022,154.149,23670.0
2025-10-30 17:00:00,154.136,154.168,153.824,153.897,19982.0
2025-10-30 21:00:00,153.896,154.07,153.653,153.938,31663.0
2025-10-31 01:00:00,153.938,154.416,153.832,154.248,45390.0
2025-10-31 05:00:00,154.247,154.294,153.894,154.137,37945.0
2025-10-31 09:00:00,154.138,154.232,153.894,154.116,63789.0
2025-10-31 13:00:00,154.116,154.176,153.97,154.017,24565.0
2025-11-02 17:00:00,154.043,154.253,154.022,154.117,19780.0
2025-11-02 21:00:00,154.118,154.135,153.989,154.123,16000.0
2025-11-03 01:00:00,154.124,154.286,154.053,154.168,31267.0
2025-11-03 05:00:00,154.168,154.3,154.098,154.252,23855.0
2025-11-03 09:00:00,154.251,154.274,153.926,154.154,45710.0
2025-11-03 13:00:00,154.154,154.254,154.116,154.212,17827.0
2025-11-03 17:00:00,154.25,154.486,154.176,154.33,23948.0
2025-11-03 21:00:00,154.33,154.36,153.689,153.735,38340.0
2025-11-04 01:00:00,153.734,153.794,153.331,153.487,62058.0
2025-11-04 05:00:00,153.486,153.628,153.318,153.39,44351.0
2025-11-04 09:00:00,153.39,153.644,153.34,153.592,54632.0
2025-11-04 13:00:00,153.591,153.693,153.546,153.666,28073.0
2025-11-04 17:00:00,153.668,153.752,152.958,153.166,38812.0
2025-11-04 21:00:00,153.166,153.568,153.068,153.522,41266.0
2025-11-05 01:00:00,153.522,153.744,153.42,153.692,45049.0
2025-11-05 05:00:00,153.691,153.992,153.565,153.982,41369.0
2025-11-05 09:00:00,153.984,154.357,153.897,154.078,55012.0
2025-11-05 13:00:00,154.077,154.146,154.008,154.114,17162.0
2025-11-05 17:00:00,154.106,154.142,153.803,153.872,22088.0
2025-11-05 21:00:00,153.872,154.029,153.794,153.884,21310.0
2025-11-06 01:00:00,153.885,154.008,153.531,153.722,34695.0
2025-11-06 05:00:00,153.722,153.777,153.401,153.506,32166.0
2025-11-06 09:00:00,153.504,153.588,152.832,153.015,59685.0
2025-11-06 13:00:00,153.013,153.158,152.923,153.072,24188.0
2025-11-06 17:00:00,153.041,153.308,152.82,153.131,32305.0
2025-11-06 21:00:00,153.13,153.368,152.966,153.352,27988.0
2025-11-07 01:00:00,153.354,153.542,153.351,153.494,34313.0
2025-11-07 05:00:00,153.493,153.498,153.01,153.36,39779.0
2025-11-07 09:00:00,153.361,153.478,153.015,153.096,68670.0
2025-11-07 13:00:00,153.095,153.596,153.036,153.41,32833.0
2025-11-09 17:00:00,153.75,153.956,153.404,153.836,37228.0
2025-11-09 21:00:00,153.835,154.074,153.786,153.942,28984.0
2025-11-10 01:00:00,153.941,154.232,153.902,154.16,43136.0
2025-11-10 05:00:00,154.16,154.25,153.985,154.062,29257.0
2025-11-10 09:00:00,154.062,154.166,153.892,153.956,48448.0
2025-11-10 13:00:00,153.956,154.172,153.923,154.132,21226.0
2025-11-10 17:00:00,154.062,154.496,154.053,154.325,25819.0
2025-11-10 21:00:00,154.324,154.393,154.086,154.13,27073.0
2025-11-11 01:00:00,154.128,154.443,154.09,154.331,32621.0
2025-11-11 05:00:00,154.334,154.363,153.666,153.778,40360.0
2025-11-11 09:00:00,153.776,154.134,153.702,154.076,45361.0
2025-11-11 13:00:00,154.077,154.178,154.052,154.156,17305.0
2025-11-11 17:00:00,154.13,154.352,154.05,154.323,25786.0
2025-11-11 21:00:00,154.33,154.794,154.238,154.644,29499.0
2025-11-12 01:00:00,154.645,154.91,154.492,154.846,36504.0
2025-11-12 05:00:00,154.846,154.994,154.706,154.944,33076.0
2025-11-12 09:00:00,154.943,155.047,154.498,154.598,47018.0
2025-11-12 13:00:00,154.598,154.87,154.584,154.815,21514.0
2025-11-12 17:00:00,154.773,155.02,154.693,154.736,26038.0
2025-11-12 21:00:00,154.731,155.001,154.626,154.954,27442.0
2025-11-13 01:00:00,154.954,155.009,154.323,154.53,46426.0
2025-11-13 05:00:00,154.53,154.766,154.484,154.65,40725.0
2025-11-13 09:00:00,154.65,154.678,154.128,154.318,73417.0
2025-11-13 13:00:00,154.318,154.588,154.272,154.536,36436.0
2025-11-13 17:00:00,154.499,154.744,154.441,154.508,27852.0
2025-11-13 21:00:00,154.508,154.578,154.31,154.484,29485.0
2025-11-14 01:00:00,154.484,154.736,154.436,154.696,48288.0
2025-11-14 05:00:00,154.696,154.764,153.617,154.089,62135.0
2025-11-14 09:00:00,154.088,154.744,153.982,154.643,75360.0
2025-11-14 13:00:00,154.642,154.664,154.502,154.524,24714.0
2025-11-16 17:00:00,154.575,154.66,154.419,154.578,28812.0
2025-11-16 21:00:00,154.577,154.788,154.574,154.69,23315.0
2025-11-17 01:00:00,154.69,154.832,154.628,154.754,36459.0
2025-11-17 05:00:00,154.755,154.917,154.697,154.89,28636.0
2025-11-17 09:00:00,154.89,155.31,154.866,155.16,46215.0
2025-11-17 13:00:00,155.16,155.271,155.072,155.264,26343.0
2025-11-17 17:00:00,155.239,155.382,155.146,155.202,28469.0
2025-11-17 21:00:00,155.203,155.287,154.816,155.084,45958.0
2025-11-18 01:00:00,155.086,155.266,154.87,155.232,67846.0
2025-11-18 05:00:00,155.232,155.442,155.062,155.173,51523.0
2025-11-18 09:00:00,155.172,155.696,155.053,155.692,81876.0
2025-11-18 13:00:00,155.692,155.735,155.48,155.522,38666.0
2025-11-18 17:00:00,155.5,155.592,155.374,155.498,30423.0
2025-11-18 21:00:00,155.498,155.555,155.215,155.372,42653.0
2025-11-19 01:00:00,155.37,155.966,155.326,155.956,47584.0
2025-11-19 05:00:00,155.956,156.296,155.936,156.284,45409.0
2025-11-19 09:00:00,156.284,156.868,156.266,156.756,74840.0
2025-11-19 13:00:00,156.758,157.186,156.691,157.169,44623.0
2025-11-19 17:00:00,157.144,157.437,156.88,157.424,37875.0
2025-11-19 21:00:00,157.425,157.576,157.262,157.56,38801.0
2025-11-20 01:00:00,157.56,157.782,157.11,157.182,53672.0
2025-11-20 05:00:00,157.181,157.884,157.154,157.571,62357.0
2025-11-20 09:00:00,157.571,157.895,157.264,157.518,111067.0
2025-11-20 13:00:00,157.519,157.696,157.43,157.466,50544.0
2025-11-20 17:00:00,157.506,157.543,157.192,157.488,39032.0
2025-11-20 21:00:00,157.489,157.492,157.086,157.228,41392.0
2025-11-21 01:00:00,157.227,157.26,156.566,156.762,63613.0
2025-11-21 05:00:00,156.762,156.897,156.554,156.816,79215.0
2025-11-21 09:00:00,156.818,156.966,156.202,156.544,110077.0
2025-11-21 13:00:00,156.544,156.645,156.264,156.409,36710.0
2025-11-23 17:00:00,156.443,156.803,156.407,156.726,26783.0
2025-11-23 21:00:00,156.722,156.74,156.498,156.58,24211.0
2025-11-24 01:00:00,156.582,156.938,156.544,156.75,47756.0
2025-11-24 05:00:00,156.751,156.989,156.7,156.919,50279.0
2025-11-24 09:00:00,156.918,157.188,156.742,156.886,61007.0
2025-11-24 13:00:00,156.884,156.926,156.714,156.922,23930.0
2025-11-24 17:00:00,156.861,156.984,156.555,156.65,26654.0
2025-11-24 21:00:00,156.651,156.851,156.608,156.736,24309.0
2025-11-25 01:00:00,156.736,156.8,156.144,156.302,42392.0
2025-11-25 05:00:00,156.306,156.522,156.031,156.147,49982.0
2025-11-25 09:00:00,156.148,156.337,155.804,155.9,80500.0
2025-11-25 13:00:00,155.9,156.188,155.809,156.073,29274.0
2025-11-25 17:00:00,156.0,156.373,155.814,155.948,31923.0
2025-11-25 21:00:00,155.947,156.185,155.652,156.116,42566.0
2025-11-26 01:00:00,156.117,156.504,156.048,156.456,51104.0
2025-11-26 05:00:00,156.455,156.688,156.326,156.664,60532.0
2025-11-26 09:00:00,156.664,156.738,156.288,156.407,53495.0
2025-11-26 13:00:00,156.408,156.51,156.347,156.47,20798.0
2025-11-26 17:00:00,156.481,156.49,155.72,156.054,29472.0
2025-11-26 21:00:00,156.051,156.186,155.814,155.994,27363.0
2025-11-27 01:00:00,155.994,156.404,155.916,156.358,30544.0
2025-11-27 05:00:00,156.358,156.391,156.247,156.268,21881.0
2025-11-27 09:00:00,156.27,156.37,156.234,156.332,15241.0
2025-11-27 13:00:00,156.331,156.369,156.264,156.303,4263.0
2025-11-27 17:00:00,156.29,156.583,156.174,156.377,25667.0
2025-11-27 21:00:00,156.376,156.414,156.1,156.35,134740.0
2025-11-28 01:00:00,156.35,156.44,156.224,156.325,134652.0
2025-11-28 05:00:00,156.323,156.388,156.004,156.02,79775.0
2025-11-28 09:00:00,156.018,156.394,155.984,156.211,61078.0
2025-11-28 13:00:00,156.214,156.245,156.068,156.191,25681.0
2025-11-30 17:00:00,156.12,156.153,155.488,155.644,49134.0
2025-11-30 21:00:00,155.644,155.656,155.396,155.598,33999.0
2025-12-01 01:00:00,155.599,155.695,155.26,155.288,53843.0
2025-12-01 05:00:00,155.286,155.344,154.663,154.844,56448.0
2025-12-01 09:00:00,154.844,155.386,154.838,155.352,63631.0
2025-12-01 13:00:00,155.35,155.524,155.342,155.484,21164.0
2025-12-01 17:00:00,155.474,155.776,155.429,155.632,23022.0
2025-12-01 21:00:00,155.633,155.734,155.552,155.654,25063.0
2025-12-02 01:00:00,155.655,156.086,155.638,155.962,40118.0
2025-12-02 05:00:00,155.964,156.078,155.894,155.975,35919.0
2025-12-02 09:00:00,155.976,156.181,155.753,155.946,61508.0
2025-12-02 13:00:00,155.947,156.02,155.808,155.884,32757.0
2025-12-02 17:00:00,155.875,155.906,155.606,155.658,19826.0
2025-12-02 21:00:00,155.658,155.808,155.63,155.694,20220.0
2025-12-03 01:00:00,155.694,155.757,155.512,155.622,38826.0
2025-12-03 05:00:00,155.62,155.644,155.22,155.49,43026.0
2025-12-03 09:00:00,155.492,155.611,155.01,155.128,77389.0
2025-12-03 13:00:00,155.128,155.32,155.073,155.229,23935.0
2025-12-03 17:00:00,155.268,155.416,155.022,155.262,26421.0
2025-12-03 21:00:00,155.262,155.542,155.186,155.224,35059.0
2025-12-04 01:00:00,155.224,155.452,154.775,154.815,53195.0
2025-12-04 05:00:00,154.814,155.062,154.509,154.804,57182.0
2025-12-04 09:00:00,154.804,154.968,154.556,154.938,65079.0
2025-12-04 13:00:00,154.94,155.146,154.897,155.12,37426.0
2025-12-04 17:00:00,155.079,155.231,154.916,155.018,23323.0
2025-12-04 21:00:00,155.016,155.159,154.545,154.601,32331.0
2025-12-05 01:00:00,154.598,154.966,154.343,154.916,52368.0
2025-12-05 05:00:00,154.917,155.265,154.891,155.198,41426.0
2025-12-05 09:00:00,155.198,155.494,155.115,155.286,55059.0
2025-12-05 13:00:00,155.287,155.381,155.242,155.34,17525.0
2025-12-07 17:00:00,155.219,155.386,154.914,154.921,29597.0
2025-12-07 21:00:00,154.916,155.268,154.9,155.202,30729.0
2025-12-08 01:00:00,155.203,155.546,155.104,155.477,40100.0
2025-12-08 05:00:00,155.476,155.662,155.411,155.628,38113.0
2025-12-08 09:00:00,155.627,155.986,155.391,155.752,58044.0
2025-12-08 13:00:00,155.75,155.962,155.706,155.928,23498.0
2025-12-08 17:00:00,155.875,156.039,155.769,155.8,22223.0
2025-12-08 21:00:00,155.8,156.116,155.744,156.012,27307.0
2025-12-09 01:00:00,156.012,156.434,155.96,156.086,47979.0
2025-12-09 05:00:00,156.088,156.516,156.045,156.342,48474.0
2025-12-09 09:00:00,156.342,156.926,156.312,156.918,60956.0
2025-12-09 13:00:00,156.919,156.956,156.812,156.894,21930.0
2025-12-09 17:00:00,156.838,156.94,156.67,156.71,22900.0
2025-12-09 21:00:00,156.712,156.728,156.56,156.708,19873.0
2025-12-10 01:00:00,156.707,156.89,156.581,156.819,34283.0
2025-12-10 05:00:00,156.82,156.86,156.55,156.551,33599.0
2025-12-10 09:00:00,156.55,156.63,156.248,156.308,43253.0
2025-12-10 13:00:00,156.309,156.684,155.795,156.023,77253.0
2025-12-10 17:00:00,155.959,156.038,155.57,155.719,31283.0
2025-12-10 21:00:00,155.718,156.073,155.487,156.066,34634.0
2025-12-11 01:00:00,156.067,156.164,155.784,155.866,45522.0
2025-12-11 05:00:00,155.866,155.951,155.23,155.286,52533.0
2025-12-11 09:00:00,155.287,155.298,154.945,155.242,63188.0
2025-12-11 13:00:00,155.242,155.674,155.214,155.572,34804.0
2025-12-11 17:00:00,155.582,155.771,155.448,155.668,30692.0
2025-12-11 21:00:00,155.668,155.773,155.632,155.743,23272.0
2025-12-12 01:00:00,155.744,155.911,155.542,155.888,38791.0
2025-12-12 05:00:00,155.888,156.13,155.774,156.046,30671.0
2025-12-12 09:00:00,156.047,156.102,155.676,155.782,56242.0
2025-12-12 13:00:00,155.782,155.939,155.719,155.838,25225.0
2025-12-14 17:00:00,155.877,155.986,155.605,155.614,18874.0
2025-12-14 21:00:00,155.617,155.651,155.031,155.034,30682.0
2025-12-15 01:00:00,155.035,155.295,154.938,154.966,39935.0
2025-12-15 05:00:00,154.968,155.161,154.854,155.161,31108.0
2025-12-15 09:00:00,155.163,155.368,154.837,155.31,51990.0
2025-12-15 13:00:00,155.309,155.4,155.193,155.206,15620.0
2025-12-15 17:00:00,155.217,155.25,154.736,154.864,35323.0
2025-12-15 21:00:00,154.862,154.925,154.684,154.844,35137.0
2025-12-16 01:00:00,154.845,154.979,154.772,154.838,40499.0
2025-12-16 05:00:00,154.838,154.905,154.396,154.718,55764.0
2025-12-16 09:00:00,154.716,154.998,154.465,154.681,81937.0
2025-12-16 13:00:00,154.682,154.926,154.57,154.721,33122.0
2025-12-16 17:00:00,154.711,154.874,154.513,154.677,29812.0
2025-12-16 21:00:00,154.676,155.175,154.676,155.152,33328.0
2025-12-17 01:00:00,155.152,155.599,155.128,155.532,42612.0
2025-12-17 05:00:00,155.532,155.64,155.385,155.438,38170.0
2025-12-17 09:00:00,155.437,155.634,155.35,155.534,52198.0
2025-12-17 13:00:00,155.535,155.752,155.496,155.693,20933.0
2025-12-17 17:00:00,155.648,155.774,155.426,155.772,25322.0
2025-12-17 21:00:00,155.771,155.888,155.663,155.81,26378.0
2025-12-18 01:00:00,155.806,155.956,155.77,155.93,35614.0
2025-12-18 05:00:00,155.93,155.978,155.38,155.594,49859.0
2025-12-18 09:00:00,155.592,155.695,155.284,155.642,61471.0
2025-12-18 13:00:00,155.638,155.71,155.494,155.562,20980.0
2025-12-18 17:00:00,155.531,155.795,155.502,155.741,20890.0
2025-12-18 21:00:00,155.742,156.18,155.589,155.995,44757.0
2025-12-19 01:00:00,155.996,157.214,155.85,157.202,64523.0
2025-12-19 05:00:00,157.203,157.402,157.133,157.326,35842.0
2025-12-19 09:00:00,157.325,157.67,156.932,157.438,48868.0
2025-12-19 13:00:00,157.438,157.786,157.402,157.723,24510.0
2025-12-21 17:00:00,157.547,157.714,157.255,157.294,41386.0
2025-12-21 21:00:00,157.293,157.472,157.23,157.364,24277.0
2025-12-22 01:00:00,157.365,157.571,157.27,157.462,31039.0
2025-12-22 05:00:00,157.462,157.466,156.872,157.188,39658.0
2025-12-22 09:00:00,157.188,157.224,156.705,156.848,44605.0
2025-12-22 13:00:00,156.848,157.048,156.848,157.036,21398.0
2025-12-22 17:00:00,157.018,157.051,156.422,156.462,24544.0
2025-12-22 21:00:00,156.462,156.484,155.914,156.012,36277.0
2025-12-23 01:00:00,156.012,156.189,155.65,155.97,48877.0
2025-12-23 05:00:00,155.969,156.366,155.866,156.341,42767.0
2025-12-23 09:00:00,156.34,156.545,156.208,156.298,53525.0
2025-12-23 13:00:00,156.296,156.344,156.18,156.236,19522.0
2025-12-23 17:00:00,156.258,156.283,155.601,155.656,37107.0
2025-12-23 21:00:00,155.655,156.068,155.555,155.798,32965.0
2025-12-24 01:00:00,155.798,155.972,155.662,155.835,45259.0
2025-12-24 05:00:00,155.836,156.072,155.82,156.012,39937.0
2025-12-24 09:00:00,156.012,156.036,155.68,155.972,43514.0
2025-12-24 13:00:00,155.972,156.02,155.836,155.952,16686.0
2025-12-25 17:00:00,155.94,156.492,155.752,156.284,35129.0
2025-12-25 21:00:00,156.284,156.31,155.988,156.206,28798.0
2025-12-26 01:00:00,156.206,156.474,156.092,156.462,31368.0
2025-12-26 05:00:00,156.464,156.49,156.228,156.324,31399.0
2025-12-26 09:00:00,156.324,156.73,156.276,156.571,45922.0
2025-12-26 13:00:00,156.57,156.61,156.439,156.569,30316.0
2025-12-28 17:00:00,156.526,156.577,156.056,156.314,38011.0
2025-12-28 21:00:00,156.32,156.512,156.244,156.309,26840.0
2025-12-29 01:00:00,156.312,156.4,156.052,156.326,35157.0
2025-12-29 05:00:00,156.328,156.424,156.194,156.233,31419.0
2025-12-29 09:00:00,156.232,156.292,155.916,156.185,47026.0
2025-12-29 13:00:00,156.186,156.249,155.987,156.042,16466.0
2025-12-29 17:00:00,156.069,156.329,155.926,156.226,26956.0
2025-12-29 21:00:00,156.224,156.34,156.012,156.043,30585.0
2025-12-30 01:00:00,156.042,156.105,155.856,155.923,37140.0
2025-12-30 05:00:00,155.926,156.214,155.744,156.196,38735.0
2025-12-30 09:00:00,156.197,156.568,156.124,156.337,38025.0
2025-12-30 13:00:00,156.337,156.525,156.311,156.421,22385.0
2025-12-30 17:00:00,156.367,156.468,156.332,156.434,15332.0
2025-12-30 21:00:00,156.435,156.64,156.424,156.593,18328.0
2025-12-31 01:00:00,156.594,156.654,156.509,156.633,30700.0
2025-12-31 05:00:00,156.632,156.836,156.552,156.812,37858.0
2025-12-31 09:00:00,156.813,156.996,156.644,156.826,59838.0
2025-12-31 13:00:00,156.826,156.923,156.616,156.684,23891.0
2026-01-01 17:00:00,156.725,156.887,156.522,156.635,11884.0
2026-01-01 21:00:00,156.636,156.946,156.594,156.912,11942.0
2026-01-02 01:00:00,156.912,157.0,156.77,156.914,29688.0
2026-01-02 05:00:00,156.912,157.004,156.804,156.908,26383.0
2026-01-02 09:00:00,156.907,156.922,156.563,156.772,40789.0
2026-01-02 13:00:00,156.773,156.956,156.764,156.837,16695.0
2026-01-04 17:00:00,156.756,157.252,156.711,157.014,35228.0
2026-01-04 21:00:00,157.016,157.3,156.952,157.184,27853.0
2026-01-05 01:00:00,157.186,157.234,156.69,156.928,41840.0
2026-01-05 05:00:00,156.927,156.979,156.468,156.824,44411.0
2026-01-05 09:00:00,156.824,156.856,156.268,156.332,54248.0
2026-01-05 13:00:00,156.332,156.424,156.116,156.404,20039.0
2026-01-05 17:00:00,156.377,156.798,156.325,156.454,27031.0
2026-01-05 21:00:00,156.453,156.503,156.24,156.43,27589.0
2026-01-06 01:00:00,156.43,156.484,156.164,156.378,42530.0
2026-01-06 05:00:00,156.378,156.582,156.28,156.371,43183.0
2026-01-06 09:00:00,156.371,156.744,156.301,156.692,46825.0
2026-01-06 13:00:00,156.691,156.75,156.571,156.663,16578.0
2026-01-06 17:00:00,156.634,156.81,156.542,156.72,21842.0
2026-01-06 21:00:00,156.721,156.731,156.367,156.387,23018.0
2026-01-07 01:00:00,156.388,156.586,156.294,156.464,30762.0
2026-01-07 05:00:00,156.464,156.598,156.362,156.419,27834.0
2026-01-07 09:00:00,156.418,156.802,156.393,156.62,46455.0
2026-01-07 13:00:00,156.621,156.802,156.596,156.757,16114.0
2026-01-07 17:00:00,156.748,156.945,156.643,156.913,17511.0
2026-01-07 21:00:00,156.912,156.955,156.634,156.672,20657.0
2026-01-08 01:00:00,156.671,156.784,156.46,156.746,34782.0
2026-01-08 05:00:00,156.746,156.964,156.666,156.964,24321.0
2026-01-08 09:00:00,156.966,157.072,156.775,156.811,37735.0
2026-01-08 13:00:00,156.81,156.994,156.796,156.882,14408.0
2026-01-08 17:00:00,156.846,157.17,156.795,157.162,19262.0
2026-01-08 21:00:00,157.163,157.392,157.122,157.378,21541.0
2026-01-09 01:00:00,157.377,157.736,157.34,157.709,29399.0
2026-01-09 05:00:00,157.712,157.841,157.374,157.49,40123.0
2026-01-09 09:00:00,157.49,158.188,157.371,158.053,72355.0
2026-01-09 13:00:00,158.054,158.068,157.835,157.933,20670.0
2026-01-11 17:00:00,158.076,158.21,157.517,157.751,31405.0
2026-01-11 21:00:00,157.749,158.186,157.67,158.007,21722.0
2026-01-12 01:00:00,158.007,158.07,157.676,157.895,33601.0
2026-01-12 05:00:00,157.896,157.963,157.709,157.844,30299.0
2026-01-12 09:00:00,157.845,158.174,157.834,158.088,39178.0
2026-01-12 13:00:00,158.088,158.201,158.054,158.16,14204.0
2026-01-12 17:00:00,158.128,158.504,157.898,158.485,30672.0
2026-01-12 21:00:00,158.484,158.922,158.337,158.786,30822.0
2026-01-13 01:00:00,158.786,159.05,158.734,158.89,34902.0
2026-01-13 05:00:00,158.891,158.958,158.583,158.882,37641.0
2026-01-13 09:00:00,158.884,159.192,158.804,159.024,53573.0
2026-01-13 13:00:00,159.024,159.177,159.002,159.172,17001.0
2026-01-13 17:00:00,159.146,159.453,159.096,159.339,21729.0
2026-01-13 21:00:00,159.34,159.394,159.082,159.336,23699.0
2026-01-14 01:00:00,159.335,159.35,158.668,158.762,45413.0
2026-01-14 05:00:00,158.762,158.824,158.136,158.598,53519.0
2026-01-14 09:00:00,158.598,158.675,158.094,158.302,66931.0
2026-01-14 13:00:00,158.303,158.602,158.302,158.435,25596.0
2026-01-14 17:00:00,158.423,158.577,158.222,158.356,31459.0
2026-01-14 21:00:00,158.371,158.648,158.31,158.434,28759.0
2026-01-15 01:00:00,158.433,158.734,158.303,158.4,42381.0
2026-01-15 05:00:00,158.399,158.857,158.347,158.828,32631.0
2026-01-15 09:00:00,158.829,158.881,158.414,158.51,46138.0
2026-01-15 13:00:00,158.51,158.676,158.466,158.622,24129.0
2026-01-15 17:00:00,158.633,158.706,158.472,158.602,18432.0
2026-01-15 21:00:00,158.601,158.634,157.954,158.379,33092.0
2026-01-16 01:00:00,158.38,158.452,158.01,158.197,38238.0
2026-01-16 05:00:00,158.197,158.226,157.944,158.019,35569.0
2026-01-16 09:00:00,158.018,158.269,157.823,158.143,52357.0
2026-01-16 13:00:00,158.142,158.246,158.04,158.103,15786.0
2026-01-18 17:00:00,157.92,157.969,157.425,157.688,44271.0
2026-01-18 21:00:00,157.686,157.948,157.684,157.901,28044.0
2026-01-19 01:00:00,157.902,158.166,157.745,157.925,42871.0
2026-01-19 05:00:00,157.926,158.108,157.828,157.926,28666.0
2026-01-19 09:00:00,157.928,158.139,157.863,158.033,21792.0
2026-01-19 13:00:00,158.032,158.154,158.006,158.127,3890.0
2026-01-19 17:00:00,158.087,158.284,157.848,157.95,29475.0
2026-01-19 21:00:00,157.951,158.127,157.898,158.1,30109.0
2026-01-20 01:00:00,158.1,158.605,157.558,157.734,74807.0
2026-01-20 05:00:00,157.73,157.976,157.471,157.844,65305.0
2026-01-20 09:00:00,157.843,158.11,157.741,157.958,66746.0
2026-01-20 13:00:00,157.959,158.301,157.952,158.138,26826.0
2026-01-20 17:00:00,158.148,158.28,157.858,157.961,29935.0
2026-01-20 21:00:00,157.963,158.24,157.888,158.206,30791.0
2026-01-21 01:00:00,158.204,158.258,157.822,158.004,38811.0
2026-01-21 05:00:00,158.004,158.089,157.748,157.886,43777.0
2026-01-21 09:00:00,157.887,158.31,157.874,158.143,80208.0
2026-01-21 13:00:00,158.144,158.534,158.116,158.294,38537.0
2026-01-21 17:00:00,158.312,158.496,158.18,158.352,25760.0
2026-01-21 21:00:00,158.351,158.734,158.341,158.716,25890.0
2026-01-22 01:00:00,158.718,158.894,158.61,158.696,36530.0
2026-01-22 05:00:00,158.698,158.865,158.536,158.702,46433.0
2026-01-22 09:00:00,158.703,158.762,158.238,158.31,55478.0
2026-01-22 13:00:00,158.31,158.476,158.28,158.429,24442.0
2026-01-22 17:00:00,158.409,158.664,158.367,158.64,21355.0
2026-01-22 21:00:00,158.638,158.746,158.476,158.626,22719.0
2026-01-23 01:00:00,158.627,159.228,157.317,158.006,83843.0
2026-01-23 05:00:00,158.006,158.318,157.993,158.27,34929.0
2026-01-23 09:00:00,158.269,158.341,156.126,156.362,79125.0
2026-01-23 13:00:00,156.363,156.637,155.606,155.736,60346.0
2026-01-25 17:00:00,154.876,155.348,154.208,154.426,68658.0
2026-01-25 21:00:00,154.426,154.484,153.812,154.109,65943.0
2026-01-26 01:00:00,154.108,154.422,153.398,153.67,98105.0
2026-01-26 05:00:00,153.669,154.342,153.304,154.058,69482.0
2026-01-26 09:00:00,154.06,154.134,153.618,153.972,61615.0
2026-01-26 13:00:00,153.971,154.277,153.863,154.221,37865.0
2026-01-26 17:00:00,154.181,154.457,154.111,154.35,32407.0
2026-01-26 21:00:00,154.35,154.644,154.087,154.504,35283.0
2026-01-27 01:00:00,154.503,154.88,153.174,153.743,60056.0
2026-01-27 05:00:00,153.746,154.2,152.994,153.248,93134.0
2026-01-27 09:00:00,153.249,153.376,152.61,152.771,77521.0
2026-01-27 13:00:00,152.77,152.888,152.09,152.204,60670.0
2026-01-27 17:00:00,152.251,152.997,152.206,152.993,45482.0
2026-01-27 21:00:00,152.994,153.072,152.477,152.63,43052.0
2026-01-28 01:00:00,152.63,152.81,152.28,152.717,68770.0
2026-01-28 05:00:00,152.716,152.916,152.348,152.85,56608.0
2026-01-28 09:00:00,152.85,153.789,152.652,153.532,101779.0
2026-01-28 13:00:00,153.532,154.051,153.301,153.404,62451.0
2026-01-28 17:00:00,153.405,153.442,152.77,153.261,50180.0
2026-01-28 21:00:00,153.267,153.393,152.904,153.021,45207.0
2026-01-29 01:00:00,153.02,153.46,152.924,153.316,55136.0
2026-01-29 05:00:00,153.313,153.538,153.178,153.334,56835.0
2026-01-29 09:00:00,153.334,153.514,152.682,152.907,112522.0
2026-01-29 13:00:00,152.908,153.216,152.905,153.114,41507.0
2026-01-29 17:00:00,152.975,153.793,152.865,153.756,48752.0
2026-01-29 21:00:00,153.757,154.142,153.653,153.921,67672.0
2026-01-30 01:00:00,153.92,154.287,153.712,154.282,80038.0
2026-01-30 05:00:00,154.282,154.389,153.798,154.366,73540.0
2026-01-30 09:00:00,154.366,154.764,154.166,154.445,92935.0
2026-01-30 13:00:00,154.449,154.798,154.29,154.782,60477.0
2026-02-01 17:00:00,154.903,155.512,154.824,155.04,60912.0
2026-02-01 21:00:00,155.039,155.146,154.756,154.894,62934.0
2026-02-02 01:00:00,154.881,155.072,154.552,154.774,72067.0
2026-02-02 05:00:00,154.774,155.297,154.711,155.228,52833.0
2026-02-02 09:00:00,155.227,155.704,155.144,155.508,72202.0
2026-02-02 13:00:00,155.508,155.79,155.503,155.606,34167.0
2026-02-02 17:00:00,155.66,155.66,155.412,155.47,41699.0
2026-02-02 21:00:00,155.472,155.558,155.295,155.43,42459.0
2026-02-03 01:00:00,155.432,155.878,155.308,155.874,52903.0
2026-02-03 05:00:00,155.874,155.985,155.772,155.886,39539.0
2026-02-03 09:00:00,155.886,156.086,155.528,155.723,59842.0
2026-02-03 13:00:00,155.724,155.81,155.606,155.795,33437.0
2026-02-03 17:00:00,155.791,156.19,155.689,156.139,29375.0
2026-02-03 21:00:00,156.14,156.394,156.125,156.302,27467.0
2026-02-04 01:00:00,156.302,156.671,156.236,156.648,36101.0
2026-02-04 05:00:00,156.647,156.858,156.463,156.479,46126.0
2026-02-04 09:00:00,156.48,156.738,156.354,156.672,70084.0
2026-02-04 13:00:00,156.674,156.948,156.633,156.87,37279.0
2026-02-04 17:00:00,156.815,156.987,156.708,156.864,25378.0
2026-02-04 21:00:00,156.863,156.988,156.688,156.978,36108.0
2026-02-05 01:00:00,156.98,157.339,156.854,157.329,59878.0
2026-02-05 05:00:00,157.324,157.337,156.526,156.596,79517.0
2026-02-05 09:00:00,156.596,157.02,156.55,156.806,86164.0
2026-02-05 13:00:00,156.805,157.096,156.768,157.044,25502.0
2026-02-05 17:00:00,156.998,157.072,156.512,156.658,45971.0
2026-02-05 21:00:00,156.658,156.83,156.594,156.762,30218.0
2026-02-06 01:00:00,156.762,157.076,156.675,157.052,45345.0
2026-02-06 05:00:00,157.053,157.157,156.904,156.934,34939.0
2026-02-06 09:00:00,156.934,157.134,156.784,157.053,48981.0
2026-02-06 13:00:00,157.054,157.274,157.002,157.24,20442.0
2026-02-08 17:00:00,157.53,157.662,156.212,156.632,68655.0
2026-02-08 21:00:00,156.633,156.94,156.522,156.611,35611.0
2026-02-09 01:00:00,156.612,156.782,156.295,156.644,72293.0
2026-02-09 05:00:00,156.642,156.749,155.912,155.932,83663.0
2026-02-09 09:00:00,155.931,156.146,155.524,155.964,60489.0
2026-02-09 13:00:00,155.966,156.032,155.64,155.899,23069.0
2026-02-09 17:00:00,155.86,156.294,155.674,155.734,30564.0
2026-02-09 21:00:00,155.734,155.836,155.086,155.306,38208.0
2026-02-10 01:00:00,155.308,155.637,155.249,155.286,45023.0
2026-02-10 05:00:00,155.286,155.309,154.731,154.762,54509.0
2026-02-10 09:00:00,154.762,154.799,154.055,154.38,74811.0
2026-02-10 13:00:00,154.38,154.588,154.245,154.378,22527.0
2026-02-10 17:00:00,154.4,154.522,153.837,153.983,24046.0
2026-02-10 21:00:00,153.982,153.982,152.998,153.043,33656.0
2026-02-11 01:00:00,153.044,153.41,152.8,153.208,55864.0
2026-02-11 05:00:00,153.209,154.654,152.853,153.838,78553.0
2026-02-11 09:00:00,153.839,153.966,152.55,152.83,94459.0
2026-02-11 13:00:00,152.83,153.315,152.566,153.27,34886.0
2026-02-11 17:00:00,153.173,153.447,152.792,152.852,36584.0
2026-02-11 21:00:00,152.854,153.192,152.27,153.104,50052.0
2026-02-12 01:00:00,153.105,153.554,152.804,152.914,74215.0
2026-02-12 05:00:00,152.914,153.762,152.902,153.268,54984.0
2026-02-12 09:00:00,153.269,153.4,152.366,152.854,97745.0
2026-02-12 13:00:00,152.853,152.99,152.668,152.738,37196.0
2026-02-12 17:00:00,152.752,153.35,152.674,153.268,38144.0
2026-02-12 21:00:00,153.266,153.399,152.844,153.295,35518.0
2026-02-13 01:00:00,153.296,153.668,153.116,153.508,52674.0
2026-02-13 05:00:00,153.508,153.596,152.92,153.068,62737.0
2026-02-13 09:00:00,153.068,153.226,152.596,152.808,78686.0
2026-02-13 13:00:00,152.806,152.888,152.627,152.711,22612.0
2026-02-15 17:00:00,152.728,153.166,152.632,153.022,26682.0
2026-02-15 21:00:00,153.022,153.248,152.972,153.198,23160.0
2026-02-16 01:00:00,153.199,153.616,153.078,153.572,29010.0
2026-02-16 05:00:00,153.573,153.638,153.3,153.336,24138.0
2026-02-16 09:00:00,153.336,153.574,153.255,153.473,19754.0
2026-02-16 13:00:00,153.472,153.54,153.452,153.52,3867.0
2026-02-16 17:00:00,153.462,153.761,153.134,153.149,34178.0
2026-02-16 21:00:00,153.148,153.26,152.901,152.956,40830.0
2026-02-17 01:00:00,152.953,153.184,152.7,152.908,45831.0
2026-02-17 05:00:00,152.906,153.392,152.852,153.278,46513.0
2026-02-17 09:00:00,153.276,153.927,153.27,153.47,68950.0
2026-02-17 13:00:00,153.472,153.484,153.186,153.299,23307.0
2026-02-17 17:00:00,153.246,153.466,153.071,153.442,25299.0
2026-02-17 21:00:00,153.444,153.703,153.442,153.46,22597.0
2026-02-18 01:00:00,153.46,153.798,153.393,153.729,29618.0
2026-02-18 05:00:00,153.728,153.946,153.554,153.944,34214.0
2026-02-18 09:00:00,153.943,154.606,153.916,154.534,45681.0
2026-02-18 13:00:00,154.535,154.874,154.328,154.824,32400.0
2026-02-18 17:00:00,154.788,154.985,154.62,154.951,25651.0
2026-02-18 21:00:00,154.952,155.334,154.756,155.305,36576.0
2026-02-19 01:00:00,155.306,155.344,154.706,154.81,38349.0
2026-02-19 05:00:00,154.808,155.044,154.544,154.917,40008.0
2026-02-19 09:00:00,154.916,155.284,154.858,155.018,60229.0
2026-02-19 13:00:00,155.019,155.134,154.83,155.001,23237.0
2026-02-19 17:00:00,154.98,155.316,154.897,155.144,30203.0
2026-02-19 21:00:00,155.144,155.37,155.055,155.292,27421.0
2026-02-20 01:00:00,155.292,155.644,154.948,155.394,43491.0
2026-02-20 05:00:00,155.395,155.45,155.052,155.418,39027.0
2026-02-20 09:00:00,155.419,155.54,154.716,154.996,95680.0
2026-02-20 13:00:00,154.997,155.188,154.813,155.076,37041.0
2026-02-22 17:00:00,154.925,154.972,153.996,154.216,38806.0
2026-02-22 21:00:00,154.216,154.491,154.075,154.44,29311.0
2026-02-23 01:00:00,154.439,154.864,154.226,154.812,42082.0
2026-02-23 05:00:00,154.81,155.046,154.566,154.622,40494.0
2026-02-23 09:00:00,154.622,154.826,154.222,154.392,53618.0
2026-02-23 13:00:00,154.392,154.769,154.391,154.674,20265.0
2026-02-23 17:00:00,154.669,155.14,154.526,154.974,27985.0
2026-02-23 21:00:00,154.976,155.312,154.865,155.168,30437.0
2026-02-24 01:00:00,155.167,156.282,154.946,155.856,61103.0
2026-02-24 05:00:00,155.856,156.094,155.678,156.058,39269.0
2026-02-24 09:00:00,156.058,156.176,155.584,155.758,49703.0
2026-02-24 13:00:00,155.757,155.927,155.69,155.902,16478.0
2026-02-24 17:00:00,155.866,155.994,155.62,155.778,23989.0
2026-02-24 21:00:00,155.777,156.046,155.348,155.599,50199.0
2026-02-25 01:00:00,155.6,156.662,155.528,156.559,45789.0
2026-02-25 05:00:00,156.56,156.826,156.546,156.696,30866.0
2026-02-25 09:00:00,156.696,156.762,156.238,156.328,48393.0
2026-02-25 13:00:00,156.326,156.542,156.282,156.364,19424.0
2026-02-25 17:00:00,156.342,156.438,155.81,155.831,29899.0
2026-02-25 21:00:00,155.83,156.1,155.699,155.945,36205.0
2026-02-26 01:00:00,155.944,156.178,155.896,156.07,41467.0
2026-02-26 05:00:00,156.07,156.176,155.92,156.162,29227.0
2026-02-26 09:00:00,156.162,156.402,155.83,156.393,55246.0
2026-02-26 13:00:00,156.394,156.433,156.058,156.135,21696.0
2026-02-26 17:00:00,156.146,156.17,155.67,155.984,38831.0
2026-02-26 21:00:00,155.984,155.984,155.54,155.834,27471.0
2026-02-27 01:00:00,155.834,156.233,155.776,156.073,39974.0
2026-02-27 05:00:00,156.072,156.183,155.838,156.172,36468.0
2026-02-27 09:00:00,156.17,156.228,155.915,156.058,51646.0
2026-02-27 13:00:00,156.057,156.194,155.888,156.062,21723.0
2026-03-01 17:00:00,156.154,156.81,156.128,156.22,57899.0
2026-03-01 21:00:00,156.218,156.858,156.16,156.834,48144.0
2026-03-02 01:00:00,156.834,157.251,156.798,157.011,66698.0
2026-03-02 05:00:00,157.012,157.606,156.796,157.522,48197.0
2026-03-02 09:00:00,157.522,157.753,157.336,157.362,62232.0
2026-03-02 13:00:00,157.361,157.496,157.117,157.36,37572.0
2026-03-02 17:00:00,157.409,157.6,157.179,157.292,34494.0
2026-03-02 21:00:00,157.292,157.435,157.178,157.396,38849.0
2026-03-03 01:00:00,157.396,157.824,157.151,157.674,62686.0
2026-03-03 05:00:00,157.675,157.972,157.5,157.804,63029.0
2026-03-03 09:00:00,157.804,157.954,157.602,157.836,84317.0
2026-03-03 13:00:00,157.836,157.846,157.474,157.694,43751.0
2026-03-03 17:00:00,157.536,157.865,157.484,157.59,38697.0
2026-03-03 21:00:00,157.59,157.645,157.178,157.569,35814.0
2026-03-04 01:00:00,157.572,157.656,157.092,157.202,51768.0
2026-03-04 05:00:00,157.202,157.351,156.856,157.298,60924.0
2026-03-04 09:00:00,157.3,157.416,156.882,156.977,60632.0
2026-03-04 13:00:00,156.976,157.172,156.97,157.054,23964.0
2026-03-04 17:00:00,157.028,157.098,156.454,156.765,32273.0
2026-03-04 21:00:00,156.764,157.22,156.719,157.192,40428.0
2026-03-05 01:00:00,157.195,157.38,156.901,157.16,68616.0
2026-03-05 05:00:00,157.162,157.784,157.108,157.764,47345.0
2026-03-05 09:00:00,157.764,157.851,157.396,157.69,65010.0
2026-03-05 13:00:00,157.69,157.849,157.414,157.558,42413.0
2026-03-05 17:00:00,157.583,157.622,157.384,157.484,34449.0
2026-03-05 21:00:00,157.484,157.88,157.45,157.846,27462.0
2026-03-06 01:00:00,157.844,157.904,157.502,157.863,41130.0
2026-03-06 05:00:00,157.866,158.088,157.382,157.873,65224.0
2026-03-06 09:00:00,157.874,158.096,157.514,157.802,84055.0
2026-03-06 13:00:00,157.804,157.964,157.616,157.822,39359.0
2026-03-08 17:00:00,158.094,158.696,158.071,158.65,49153.0
2026-03-08 21:00:00,158.65,158.9,158.57,158.724,46693.0
2026-03-09 01:00:00,158.722,158.776,158.328,158.633,73624.0
2026-03-09 05:00:00,158.634,158.648,158.194,158.572,78721.0
2026-03-09 09:00:00,158.57,158.584,157.972,158.14,84149.0
2026-03-09 13:00:00,158.14,158.418,157.633,157.668,56893.0
2026-03-09 17:00:00,157.665,157.958,157.564,157.594,41273.0
2026-03-09 21:00:00,157.594,157.932,157.532,157.778,40358.0
2026-03-10 01:00:00,157.778,157.787,157.276,157.702,48225.0
2026-03-10 05:00:00,157.702,157.98,157.549,157.813,56030.0
2026-03-10 09:00:00,157.814,157.916,157.532,157.574,60987.0
2026-03-10 13:00:00,157.574,158.134,157.4,158.066,65575.0
2026-03-10 17:00:00,158.06,158.226,157.918,158.197,20150.0
2026-03-10 21:00:00,158.198,158.394,158.095,158.107,36063.0
2026-03-11 01:00:00,158.106,158.447,157.864,158.404,47094.0
2026-03-11 05:00:00,158.404,158.63,158.252,158.61,55992.0
2026-03-11 09:00:00,158.614,158.868,158.304,158.834,65271.0
2026-03-11 13:00:00,158.833,158.978,158.818,158.96,29704.0
2026-03-11 17:00:00,158.922,159.238,158.832,158.981,24757.0
2026-03-11 21:00:00,158.982,159.158,158.785,159.126,31996.0
2026-03-12 01:00:00,159.126,159.127,158.673,158.887,39689.0
2026-03-12 05:00:00,158.886,158.939,158.57,158.894,41618.0
2026-03-12 09:00:00,158.894,159.29,158.806,159.211,73210.0
2026-03-12 13:00:00,159.212,159.432,159.118,159.35,37236.0
2026-03-12 17:00:00,159.342,159.426,159.012,159.097,36068.0
2026-03-12 21:00:00,159.098,159.686,159.034,159.508,44493.0
2026-03-13 01:00:00,159.508,159.544,159.316,159.335,53679.0
2026-03-13 05:00:00,159.333,159.504,159.206,159.334,46116.0
2026-03-13 09:00:00,159.334,159.638,159.008,159.616,67304.0
2026-03-13 13:00:00,159.615,159.758,159.55,159.733,27698.0
2026-03-15 17:00:00,159.566,159.748,159.254,159.301,28087.0
2026-03-15 21:00:00,159.3,159.644,159.288,159.562,30897.0
2026-03-16 01:00:00,159.562,159.585,159.175,159.351,42190.0
2026-03-16 05:00:00,159.352,159.387,158.962,159.13,41081.0
2026-03-16 09:00:00,159.13,159.36,158.851,159.265,51420.0
2026-03-16 13:00:00,159.264,159.304,158.912,159.046,35537.0
2026-03-16 17:00:00,159.061,159.345,159.0,159.315,16167.0
2026-03-16 21:00:00,159.321,159.454,159.216,159.232,24618.0
2026-03-17 01:00:00,159.234,159.499,159.058,159.105,30969.0
2026-03-17 05:00:00,159.104,159.218,158.967,159.032,34620.0
2026-03-17 09:00:00,159.032,159.117,158.724,158.944,56526.0
2026-03-17 13:00:00,158.944,159.066,158.89,159.0,19063.0
2026-03-17 17:00:00,159.041,159.14,158.805,159.068,22508.0
2026-03-17 21:00:00,159.07,159.088,158.754,158.814,23082.0
2026-03-18 01:00:00,158.813,158.99,158.57,158.951,34306.0
2026-03-18 05:00:00,158.952,159.475,158.898,159.448,40089.0
2026-03-18 09:00:00,159.45,159.585,159.371,159.468,57900.0
2026-03-18 13:00:00,159.469,159.904,159.26,159.868,50134.0
2026-03-18 17:00:00,159.868,159.868,159.686,159.777,28314.0
2026-03-18 21:00:00,159.78,159.817,159.546,159.658,30013.0
2026-03-19 01:00:00,159.658,159.806,159.04,159.186,66348.0
2026-03-19 05:00:00,159.184,159.296,158.853,158.907,64605.0
2026-03-19 09:00:00,158.908,158.942,158.044,158.046,105559.0
2026-03-19 13:00:00,158.046,158.098,157.51,157.708,55173.0
2026-03-19 17:00:00,157.69,157.994,157.639,157.862,18700.0
2026-03-19 21:00:00,157.856,158.416,157.75,158.378,27538.0
2026-03-20 01:00:00,158.378,158.492,158.26,158.491,33862.0
2026-03-20 05:00:00,158.49,158.901,158.453,158.7,52158.0
2026-03-20 09:00:00,158.7,159.288,158.672,159.272,69654.0
2026-03-20 13:00:00,159.272,159.391,159.144,159.228,41035.0
2026-03-22 17:00:00,159.346,159.527,159.014,159.504,30673.0
2026-03-22 21:00:00,159.504,159.621,159.33,159.401,37999.0
2026-03-23 01:00:00,159.4,159.658,159.312,159.439,51212.0
2026-03-23 05:00:00,159.437,159.634,158.255,158.51,165695.0
2026-03-23 09:00:00,158.51,158.848,158.202,158.688,132835.0
2026-03-23 13:00:00,158.688,158.734,158.02,158.429,41928.0
2026-03-23 17:00:00,158.429,158.71,158.276,158.578,30382.0
2026-03-23 21:00:00,158.576,158.794,158.445,158.754,40868.0
2026-03-24 01:00:00,158.755,158.785,158.404,158.654,53302.0
2026-03-24 05:00:00,158.654,158.862,158.615,158.818,48124.0
2026-03-24 09:00:00,158.818,158.957,158.558,158.92,74377.0
2026-03-24 13:00:00,158.919,159.192,158.371,158.705,63924.0
2026-03-24 17:00:00,158.702,158.837,158.574,158.644,32063.0
2026-03-24 21:00:00,158.646,158.944,158.61,158.881,28897.0
2026-03-25 01:00:00,158.887,159.204,158.728,158.776,39017.0
2026-03-25 05:00:00,158.776,159.088,158.73,159.024,49174.0
2026-03-25 09:00:00,159.023,159.299,158.938,159.248,64778.0
2026-03-25 13:00:00,159.248,159.503,159.15,159.473,26822.0
2026-03-25 17:00:00,159.469,159.504,159.332,159.476,16493.0
2026-03-25 21:00:00,159.474,159.54,159.372,159.436,24127.0
2026-03-26 01:00:00,159.435,159.546,159.286,159.468,30051.0
2026-03-26 05:00:00,159.467,159.7,159.424,159.636,30112.0
2026-03-26 09:00:00,159.639,159.704,159.431,159.664,60619.0
2026-03-26 13:00:00,159.663,159.853,159.342,159.778,36312.0
2026-03-26 17:00:00,159.718,159.791,159.49,159.562,18411.0
2026-03-26 21:00:00,159.562,159.646,159.458,159.623,20559.0
2026-03-27 01:00:00,159.622,159.977,159.575,159.838,30895.0
2026-03-27 05:00:00,159.839,159.948,159.764,159.876,30752.0
2026-03-27 09:00:00,159.877,160.299,159.7,160.148,57470.0
2026-03-27 13:00:00,160.15,160.414,160.075,160.315,29337.0
2026-03-29 17:00:00,160.197,160.464,159.88,159.882,32233.0
2026-03-29 21:00:00,159.884,160.0,159.656,159.796,30266.0
2026-03-30 01:00:00,159.795,159.858,159.572,159.689,43128.0
2026-03-30 05:00:00,159.688,159.728,159.342,159.373,43715.0
2026-03-30 09:00:00,159.374,159.642,159.328,159.445,47597.0
2026-03-30 13:00:00,159.446,159.747,159.42,159.742,23507.0
2026-03-30 17:00:00,159.72,159.942,159.667,159.882,33977.0
2026-03-30 21:00:00,159.882,159.975,159.592,159.623,34392.0
2026-03-31 01:00:00,159.622,159.788,159.484,159.576,35139.0
2026-03-31 05:00:00,159.576,159.774,159.345,159.369,48496.0
2026-03-31 09:00:00,159.368,159.445,158.822,158.952,80639.0
2026-03-31 13:00:00,158.951,159.003,158.658,158.724,44904.0
2026-03-31 17:00:00,158.772,158.875,158.453,158.788,33036.0
2026-03-31 21:00:00,158.788,159.014,158.584,158.786,34652.0
2026-04-01 01:00:00,158.786,158.92,158.274,158.582,61898.0
2026-04-01 05:00:00,158.584,158.773,158.318,158.532,52243.0
2026-04-01 09:00:00,158.532,158.768,158.41,158.556,70008.0
2026-04-01 13:00:00,158.554,158.948,158.45,158.79,31883.0
2026-04-01 17:00:00,158.808,158.827,158.545,158.671,25616.0
2026-04-01 21:00:00,158.672,159.476,158.608,159.347,62823.0
2026-04-02 01:00:00,159.348,159.716,159.305,159.68,43854.0
2026-04-02 05:00:00,159.68,159.747,159.546,159.633,36112.0
2026-04-02 09:00:00,159.632,159.692,159.232,159.512,69903.0
2026-04-02 13:00:00,159.514,159.728,159.496,159.606,26239.0
2026-04-02 17:00:00,159.597,159.632,159.431,159.598,14781.0
2026-04-02 21:00:00,159.597,159.718,159.538,159.623,14786.0
2026-04-03 01:00:00,159.624,159.694,159.547,159.609,19088.0
2026-04-03 05:00:00,159.61,159.824,159.532,159.62,50769.0
2026-04-03 09:00:00,159.62,159.65,159.487,159.636,17174.0
2026-04-03 13:00:00,159.636,159.719,159.505,159.632,7107.0
2026-04-05 17:00:00,159.641,159.834,159.472,159.75,30463.0
2026-04-05 21:00:00,159.747,159.747,159.528,159.572,28477.0
2026-04-06 01:00:00,159.57,159.712,159.304,159.39,32085.0
2026-04-06 05:00:00,159.389,159.588,159.348,159.41,29406.0
2026-04-06 09:00:00,159.409,159.805,159.398,159.681,49234.0
2026-04-06 13:00:00,159.68,159.798,159.594,159.686,26373.0
2026-04-06 17:00:00,159.694,159.842,159.574,159.83,18068.0
2026-04-06 21:00:00,159.83,159.934,159.732,159.738,21782.0
2026-04-07 01:00:00,159.738,159.882,159.481,159.492,36627.0
2026-04-07 05:00:00,159.492,159.876,159.468,159.781,43497.0
2026-04-07 09:00:00,159.78,160.032,159.724,159.908,52023.0
2026-04-07 13:00:00,159.908,159.957,159.504,159.61,43732.0
2026-04-07 17:00:00,159.614,159.78,158.546,158.694,69743.0
2026-04-07 21:00:00,158.695,158.716,158.294,158.354,52208.0
2026-04-08 01:00:00,158.356,158.49,158.049,158.376,55183.0
2026-04-08 05:00:00,158.375,158.538,157.95,158.018,48053.0
2026-04-08 09:00:00,158.018,158.499,157.888,158.424,73789.0
2026-04-08 13:00:00,158.424,158.798,158.38,158.569,40214.0
2026-04-08 17:00:00,158.553,158.872,158.486,158.86,20257.0
2026-04-08 21:00:00,158.858,158.954,158.644,158.737,24977.0
2026-04-09 01:00:00,158.738,159.111,158.718,159.003,31156.0
2026-04-09 05:00:00,159.004,159.116,158.84,159.002,36586.0
2026-04-09 09:00:00,159.003,159.299,158.63,158.764,63339.0
2026-04-09 13:00:00,158.764,159.133,158.679,158.998,27548.0
2026-04-09 17:00:00,158.954,159.246,158.948,159.186,16452.0
2026-04-09 21:00:00,159.188,159.23,159.024,159.185,21679.0
2026-04-10 01:00:00,159.186,159.383,159.184,159.318,25327.0
2026-04-10 05:00:00,159.318,159.332,158.894,159.156,35786.0
2026-04-10 09:00:00,159.157,159.352,159.035,159.27,47917.0
2026-04-10 13:00:00,159.27,159.342,159.239,159.275,19370.0
2026-04-12 17:00:00,159.596,159.858,159.544,159.706,27254.0
2026-04-12 21:00:00,159.704,159.786,159.656,159.726,20693.0
2026-04-13 01:00:00,159.728,159.754,159.561,159.712,30420.0
2026-04-13 05:00:00,159.711,159.862,159.647,159.745,31946.0
2026-04-13 09:00:00,159.744,159.802,159.46,159.527,59824.0
2026-04-13 13:00:00,159.526,159.538,159.291,159.445,31590.0
2026-04-13 17:00:00,159.422,159.443,159.144,159.167,16997.0
2026-04-13 21:00:00,159.166,159.268,159.013,159.031,24216.0
2026-04-14 01:00:00,159.032,159.285,158.948,159.068,35698.0
2026-04-14 05:00:00,159.068,159.094,158.701,158.715,40067.0
2026-04-14 09:00:00,158.716,158.936,158.602,158.838,50294.0
2026-04-14 13:00:00,158.839,158.912,158.688,158.802,18476.0
2026-04-14 17:00:00,158.801,158.884,158.74,158.816,27301.0
2026-04-14 21:00:00,158.816,159.068,158.816,158.986,24273.0
2026-04-15 01:00:00,158.986,159.03,158.644,158.78,32948.0
2026-04-15 05:00:00,158.78,159.153,158.718,159.108,47799.0
2026-04-15 09:00:00,159.108,159.122,158.752,158.884,47260.0
2026-04-15 13:00:00,158.883,159.122,158.88,158.969,23246.0
2026-04-15 17:00:00,159.004,159.01,158.718,158.732,17099.0
2026-04-15 21:00:00,158.732,158.827,158.266,158.714,33491.0
2026-04-16 01:00:00,158.714,159.06,158.7,158.987,32693.0
2026-04-16 05:00:00,158.988,159.134,158.881,159.114,33836.0
2026-04-16 09:00:00,159.114,159.308,158.99,159.18,54898.0
2026-04-16 13:00:00,159.178,159.292,159.099,159.145,20877.0
2026-04-16 17:00:00,159.182,159.362,159.025,159.332,12031.0
2026-04-16 21:00:00,159.332,159.484,159.302,159.47,17828.0
2026-04-17 01:00:00,159.472,159.532,159.143,159.143,34146.0
2026-04-17 05:00:00,159.143,159.228,158.406,158.416,46868.0
2026-04-17 09:00:00,158.415,158.518,157.59,158.043,108220.0
2026-04-17 13:00:00,158.042,158.64,158.04,158.616,37388.0
2026-04-19 17:00:00,158.81,159.204,158.789,159.006,25673.0
2026-04-19 21:00:00,159.007,159.018,158.791,158.898,24924.0
2026-04-20 01:00:00,158.898,159.076,158.728,158.983,46583.0
2026-04-20 05:00:00,158.981,159.033,158.76,158.88,42680.0
2026-04-20 09:00:00,158.88,158.938,158.552,158.654,65696.0
2026-04-20 13:00:00,158.652,158.926,158.61,158.825,26851.0
2026-04-20 17:00:00,158.786,158.994,158.734,158.952,23550.0
2026-04-20 21:00:00,158.953,158.997,158.912,158.958,16141.0
2026-04-21 01:00:00,158.958,159.218,158.796,159.176,35291.0
2026-04-21 05:00:00,159.175,159.256,159.019,159.179,32506.0
2026-04-21 09:00:00,159.18,159.508,159.018,159.466,55786.0
2026-04-21 13:00:00,159.466,159.642,159.168,159.412,59634.0
2026-04-21 17:00:00,159.378,159.46,159.174,159.292,27832.0
2026-04-21 21:00:00,159.292,159.402,159.227,159.344,22414.0
2026-04-22 01:00:00,159.344,159.37,159.104,159.356,39674.0
2026-04-22 05:00:00,159.358,159.373,159.15,159.36,41382.0
2026-04-22 09:00:00,159.361,159.532,159.112,159.508,56530.0
2026-04-22 13:00:00,159.505,159.576,159.416,159.477,19728.0
2026-04-22 17:00:00,159.495,159.69,159.298,159.332,26520.0
2026-04-22 21:00:00,159.329,159.586,159.295,159.546,31301.0
2026-04-23 01:00:00,159.546,159.7,159.514,159.694,30960.0
2026-04-23 05:00:00,159.696,159.782,159.436,159.506,50548.0
2026-04-23 09:00:00,159.506,159.625,159.315,159.457,52369.0
2026-04-23 13:00:00,159.456,159.847,159.453,159.749,64551.0
2026-04-23 17:00:00,159.672,159.81,159.634,159.794,14970.0
2026-04-23 21:00:00,159.794,159.842,159.728,159.778,20249.0
2026-04-24 01:00:00,159.778,159.817,159.604,159.721,32440.0
2026-04-24 05:00:00,159.72,159.773,159.338,159.554,47654.0
2026-04-24 09:00:00,159.551,159.654,159.314,159.358,64315.0
2026-04-24 13:00:00,159.358,159.468,159.308,159.348,24501.0
2026-04-26 17:00:00,159.565,159.601,159.45,159.481,13211.0
2026-04-26 21:00:00,159.48,159.48,159.152,159.238,33925.0
2026-04-27 01:00:00,159.238,159.482,159.112,159.151,32714.0
2026-04-27 05:00:00,159.152,159.274,159.096,159.229,29603.0
2026-04-27 09:00:00,159.23,159.388,159.108,159.387,41462.0
2026-04-27 13:00:00,159.388,159.464,159.348,159.425,19448.0
2026-04-27 17:00:00,159.442,159.486,159.31,159.47,11904.0
2026-04-27 21:00:00,159.47,159.568,158.96,159.084,30006.0
2026-04-28 01:00:00,159.086,159.69,159.032,159.476,44889.0
2026-04-28 05:00:00,159.476,159.788,159.416,159.464,41576.0
2026-04-28 09:00:00,159.465,159.751,159.434,159.56,65631.0
2026-04-28 13:00:00,159.562,159.69,159.51,159.616,19452.0
2026-04-28 17:00:00,159.56,159.65,159.52,159.55,10300.0
2026-04-28 21:00:00,159.548,159.666,159.526,159.638,22330.0
2026-04-29 01:00:00,159.638,159.789,159.608,159.784,33527.0
2026-04-29 05:00:00,159.785,159.98,159.738,159.978,31350.0
2026-04-29 09:00:00,159.976,160.326,159.952,160.312,66222.0
2026-04-29 13:00:00,160.31,160.478,160.166,160.449,59765.0
2026-04-29 17:00:00,160.418,160.442,160.074,160.296,22048.0
2026-04-29 21:00:00,160.298,160.582,160.211,160.537,39371.0
2026-04-30 01:00:00,160.536,160.726,159.454,159.588,68720.0
2026-04-30 05:00:00,159.586,159.598,155.556,156.824,199472.0
2026-04-30 09:00:00,156.824,156.962,156.202,156.579,95401.0
2026-04-30 13:00:00,156.578,156.701,156.308,156.624,47243.0
2026-04-30 17:00:00,156.51,157.307,156.51,157.082,30451.0
2026-04-30 21:00:00,157.083,157.33,156.992,157.247,35938.0
2026-05-01 01:00:00,157.248,157.302,155.488,156.475,77116.0
2026-05-01 05:00:00,156.476,156.762,156.386,156.594,44561.0
2026-05-01 09:00:00,156.596,156.946,156.334,156.945,83300.0
2026-05-01 13:00:00,156.944,157.122,156.855,157.088,32746.0
2026-05-03 17:00:00,156.756,156.996,156.685,156.91,17937.0
2026-05-03 21:00:00,156.91,157.25,155.702,156.731,62072.0
2026-05-04 01:00:00,156.732,156.984,156.532,156.953,43695.0
2026-05-04 05:00:00,156.952,157.204,156.892,157.14,59139.0
2026-05-04 09:00:00,157.14,157.305,156.926,157.27,80610.0
2026-05-04 13:00:00,157.271,157.288,156.545,157.25,38914.0
2026-05-04 17:00:00,157.214,157.276,157.146,157.214,12488.0
2026-05-04 21:00:00,157.212,157.305,157.188,157.289,17512.0
2026-05-05 01:00:00,157.288,157.302,157.076,157.28,32769.0
2026-05-05 05:00:00,157.28,157.898,157.104,157.77,48040.0
2026-05-05 09:00:00,157.77,157.83,157.608,157.79,53093.0
2026-05-05 13:00:00,157.792,157.921,157.77,157.896,18345.0
2026-05-05 17:00:00,157.888,157.94,157.544,157.596,30002.0
2026-05-05 21:00:00,157.597,157.894,155.032,155.94,86499.0
2026-05-06 01:00:00,155.942,156.567,155.732,155.982,94448.0
2026-05-06 05:00:00,155.982,156.303,155.615,156.281,98791.0
2026-05-06 09:00:00,156.282,156.49,156.05,156.43,75135.0
2026-05-06 13:00:00,156.43,156.515,156.298,156.37,37014.0
2026-05-06 17:00:00,156.351,156.528,156.219,156.323,26076.0
2026-05-06 21:00:00,156.323,156.437,156.024,156.358,36751.0
2026-05-07 01:00:00,156.358,156.414,156.022,156.327,46219.0
2026-05-07 05:00:00,156.328,156.476,156.243,156.286,35778.0
2026-05-07 09:00:00,156.286,156.648,156.169,156.636,50107.0
2026-05-07 13:00:00,156.636,156.956,156.608,156.938,48600.0
2026-05-07 17:00:00,156.885,156.992,156.746,156.97,19526.0
2026-05-07 21:00:00,156.97,156.978,156.77,156.849,26257.0
2026-05-08 01:00:00,156.85,156.886,156.637,156.706,34863.0
2026-05-08 05:00:00,156.706,156.832,156.522,156.642,37838.0
2026-05-08 09:00:00,156.642,156.706,156.434,156.7,48215.0
2026-05-08 13:00:00,156.7,156.778,156.592,156.686,20352.0
2026-05-10 17:00:00,156.61,157.064,156.557,156.936,17830.0
2026-05-10 21:00:00,156.937,157.176,156.924,157.125,21178.0
2026-05-11 01:00:00,157.126,157.152,156.949,157.09,24673.0
2026-05-11 05:00:00,157.09,157.162,157.064,157.119,24696.0
2026-05-11 09:00:00,157.118,157.165,156.98,157.16,33758.0
2026-05-11 13:00:00,157.159,157.273,157.094,157.226,20390.0
2026-05-11 17:00:00,157.161,157.436,157.15,157.422,13870.0
2026-05-11 21:00:00,157.422,157.655,157.376,157.586,24778.0
2026-05-12 01:00:00,157.587,157.751,156.726,157.619,55437.0
2026-05-12 05:00:00,157.62,157.668,157.496,157.554,35322.0
2026-05-12 09:00:00,157.555,157.766,157.482,157.752,43294.0
2026-05-12 13:00:00,157.753,157.754,157.519,157.615,21044.0
2026-05-12 17:00:00,157.611,157.77,157.562,157.712,11430.0
2026-05-12 21:00:00,157.712,157.783,157.566,157.72,20435.0
2026-05-13 01:00:00,157.721,157.848,157.678,157.809,23573.0
2026-05-13 05:00:00,157.81,157.911,157.746,157.848,26706.0
2026-05-13 09:00:00,157.847,157.898,157.748,157.856,36221.0
2026-05-13 13:00:00,157.854,157.926,157.834,157.894,22052.0
2026-05-13 17:00:00,157.855,157.882,157.689,157.854,11487.0
2026-05-13 21:00:00,157.855,157.998,157.509,157.868,27531.0
2026-05-14 01:00:00,157.87,157.951,157.808,157.902,34696.0
2026-05-14 05:00:00,157.902,157.995,157.876,157.971,31377.0
2026-05-14 09:00:00,157.972,158.206,157.313,158.168,69170.0
2026-05-14 13:00:00,158.167,158.423,158.136,158.384,23916.0
2026-05-14 17:00:00,158.336,158.515,158.302,158.471,20165.0
2026-05-14 21:00:00,158.47,158.593,158.425,158.516,32054.0
2026-05-15 01:00:00,158.516,158.676,158.354,158.561,55445.0
2026-05-15 05:00:00,158.56,158.606,158.294,158.574,55152.0
2026-05-15 09:00:00,158.572,158.747,158.534,158.708,50942.0
2026-05-15 13:00:00,158.707,158.847,158.644,158.776,24482.0
2026-05-17 17:00:00,158.68,158.956,158.611,158.934,18475.0
2026-05-17 21:00:00,158.934,159.075,158.808,158.986,32721.0
2026-05-18 01:00:00,158.986,159.001,158.792,158.827,40855.0
2026-05-18 05:00:00,158.826,158.96,158.612,158.69,45397.0
2026-05-18 09:00:00,158.691,158.946,158.646,158.932,62111.0
2026-05-18 13:00:00,158.932,159.082,158.746,158.858,38865.0
2026-05-18 17:00:00,158.832,159.022,158.75,159.012,11666.0
2026-05-18 21:00:00,159.013,159.031,158.892,158.996,22924.0
2026-05-19 01:00:00,158.996,159.148,158.952,159.142,30910.0
2026-05-19 05:00:00,159.142,159.18,158.649,159.07,45756.0
2026-05-19 09:00:00,159.068,159.252,158.779,158.824,69456.0
2026-05-19 13:00:00,158.824,159.108,158.786,159.08,29120.0
2026-05-19 17:00:00,159.07,159.108,158.954,158.999,19448.0
2026-05-19 21:00:00,158.998,159.094,158.821,158.981,34178.0
2026-05-20 01:00:00,158.984,159.102,158.871,159.045,36974.0
2026-05-20 05:00:00,159.044,159.08,158.959,159.016,30059.0
2026-05-20 09:00:00,159.017,159.168,158.588,158.836,85034.0
2026-05-20 13:00:00,158.836,158.962,158.782,158.934,34403.0
2026-05-20 17:00:00,158.914,158.933,158.828,158.866,14069.0
2026-05-20 21:00:00,158.865,159.004,158.808,158.998,24190.0
2026-05-21 01:00:00,158.998,159.088,158.903,158.981,38432.0
2026-05-21 05:00:00,158.982,159.188,158.912,159.162,39820.0
2026-05-21 09:00:00,159.162,159.347,159.12,159.142,63242.0
2026-05-21 13:00:00,159.142,159.175,158.82,158.99,58625.0
2026-05-21 17:00:00,158.929,159.128,158.928,159.092,10659.0
2026-05-21 21:00:00,159.092,159.124,159.002,159.07,17943.0
2026-05-22 01:00:00,159.071,159.146,159.057,159.092,25943.0
2026-05-22 05:00:00,159.091,159.15,159.06,159.08,29736.0
2026-05-22 09:00:00,159.079,159.234,158.992,159.176,44842.0
2026-05-22 13:00:00,159.176,159.215,159.064,159.206,33237.0
2026-05-24 17:00:00,158.817,159.01,158.816,158.9,15105.0
2026-05-24 21:00:00,158.899,158.916,158.759,158.863,14210.0
2026-05-25 01:00:00,158.862,159.042,158.846,158.918,18911.0
2026-05-25 05:00:00,158.917,158.96,158.882,158.904,14218.0
2026-05-25 09:00:00,158.904,158.952,158.882,158.9,15996.0
2026-05-25 13:00:00,158.898,158.946,158.888,158.929,4917.0
2026-05-25 17:00:00,158.904,158.994,158.864,158.972,12962.0
2026-05-25 21:00:00,158.972,159.025,158.912,159.004,17071.0
2026-05-26 01:00:00,159.005,159.241,158.974,159.212,25236.0
2026-05-26 05:00:00,159.211,159.23,159.108,159.228,25348.0
2026-05-26 09:00:00,159.228,159.383,159.226,159.308,28110.0
2026-05-26 13:00:00,159.31,159.382,159.286,159.314,14213.0
2026-05-26 17:00:00,159.298,159.32,159.179,159.281,12656.0
2026-05-26 21:00:00,159.278,159.308,159.189,159.244,19454.0
2026-05-27 01:00:00,159.244,159.445,159.231,159.396,19557.0
2026-05-27 05:00:00,159.395,159.45,159.248,159.42,30321.0
2026-05-27 09:00:00,159.418,159.538,159.37,159.498,40401.0
2026-05-27 13:00:00,159.499,159.581,159.494,159.518,16920.0
2026-05-27 17:00:00,159.483,159.603,159.454,159.556,11130.0
2026-05-27 21:00:00,159.558,159.654,159.522,159.577,22650.0
2026-05-28 01:00:00,159.578,159.584,159.442,159.458,26657.0
2026-05-28 05:00:00,159.457,159.472,159.316,159.37,32327.0
2026-05-28 09:00:00,159.368,159.493,159.112,159.164,59012.0
2026-05-28 13:00:00,159.164,159.288,159.148,159.246,23098.0
2026-05-28 17:00:00,159.212,159.324,159.204,159.29,14669.0
2026-05-28 21:00:00,159.289,159.38,159.254,159.302,21057.0
2026-05-29 01:00:00,159.302,159.335,159.201,159.296,24676.0
2026-05-29 05:00:00,159.296,159.322,159.238,159.258,28164.0
2026-05-29 09:00:00,159.258,159.358,159.099,159.2,47844.0
2026-05-29 13:00:00,159.2,159.305,159.184,159.271,23295.0
2026-05-31 17:00:00,159.368,159.471,159.298,159.456,20935.0
2026-05-31 21:00:00,159.459,159.498,159.441,159.459,16970.0
2026-06-01 01:00:00,159.46,159.5,159.409,159.452,25346.0
2026-06-01 05:00:00,159.452,159.496,159.436,159.488,24272.0
2026-06-01 09:00:00,159.487,159.766,159.487,159.604,62451.0
2026-06-01 13:00:00,159.605,159.763,159.572,159.672,27168.0
2026-06-01 17:00:00,159.662,159.726,159.6,159.666,13767.0
2026-06-01 21:00:00,159.664,159.73,159.639,159.729,20133.0
2026-06-02 01:00:00,159.73,159.747,159.658,159.742,24359.0
2026-06-02 05:00:00,159.744,159.786,159.698,159.784,18784.0
2026-06-02 09:00:00,159.782,159.947,159.766,159.908,23254.0
2026-06-02 13:00:00,159.908,159.988,159.889,159.938,13956.0
2026-06-02 17:00:00,159.887,159.998,159.872,159.94,11853.0
2026-06-02 21:00:00,159.941,159.945,159.816,159.89,17020.0
2026-06-03 01:00:00,159.89,159.996,159.368,159.756,46070.0
2026-06-03 05:00:00,159.755,159.932,159.666,159.92,30598.0
2026-06-03 09:00:00,159.92,160.049,159.892,159.987,40811.0
2026-06-03 13:00:00,159.987,160.098,159.952,160.092,17999.0
2026-06-03 17:00:00,160.056,160.078,159.834,159.908,16804.0
2026-06-03 21:00:00,159.909,159.994,159.59,159.87,24047.0
2026-06-04 01:00:00,159.87,159.934,159.826,159.877,32608.0
2026-06-04 05:00:00,159.876,159.898,159.75,159.864,38568.0
2026-06-04 09:00:00,159.866,160.028,159.843,159.969,29448.0
2026-06-04 13:00:00,159.97,160.046,159.97,160.028,14702.0
2026-06-04 17:00:00,160.025,160.033,159.944,159.959,10809.0
2026-06-04 21:00:00,159.959,159.994,159.9,159.961,20038.0
2026-06-05 01:00:00,159.962,159.973,159.91,159.949,20427.0
2026-06-05 05:00:00,159.95,160.224,159.833,160.214,37236.0
2026-06-05 09:00:00,160.216,160.342,159.724,160.282,62673.0
2026-06-05 13:00:00,160.281,160.342,160.09,160.318,25717.0
2026-06-07 17:00:00,160.258,160.359,160.209,160.326,18812.0
2026-06-07 21:00:00,160.325,160.394,160.266,160.345,25211.0
2026-06-08 01:00:00,160.344,160.346,159.84,160.028,42984.0
2026-06-08 05:00:00,160.026,160.088,159.888,159.96,50392.0
2026-06-08 09:00:00,159.959,160.204,159.937,160.16,36685.0
2026-06-08 13:00:00,160.16,160.27,160.123,160.178,18519.0
2026-06-08 17:00:00,160.146,160.279,160.134,160.238,13916.0
2026-06-08 21:00:00,160.237,160.258,160.176,160.193,22382.0
2026-06-09 01:00:00,160.194,160.225,160.053,160.178,33435.0
2026-06-09 05:00:00,160.177,160.216,160.146,160.19,20916.0
2026-06-09 09:00:00,160.19,160.448,160.149,160.404,46493.0
2026-06-09 13:00:00,160.402,160.426,160.284,160.364,22541.0
2026-06-09 17:00:00,160.342,160.435,160.336,160.385,13167.0
2026-06-09 21:00:00,160.384,160.396,160.238,160.372,22144.0
2026-06-10 01:00:00,160.372,160.432,160.326,160.425,22393.0
2026-06-10 05:00:00,160.424,160.53,160.324,160.438,35378.0
2026-06-10 09:00:00,160.437,160.531,160.342,160.488,44144.0
2026-06-10 13:00:00,160.488,160.578,160.453,160.554,21023.0
2026-06-10 17:00:00,160.505,160.564,160.496,160.52,15702.0
2026-06-10 21:00:00,160.52,160.548,160.426,160.506,18636.0
2026-06-11 01:00:00,160.506,160.59,160.494,160.536,20683.0
2026-06-11 05:00:00,160.535,160.596,160.508,160.536,28216.0
2026-06-11 09:00:00,160.535,160.56,160.458,160.53,33651.0
2026-06-11 13:00:00,160.53,160.548,159.536,159.968,66188.0
2026-06-11 17:00:00,159.946,160.219,159.92,160.17,18991.0
2026-06-11 21:00:00,160.172,160.306,160.152,160.258,21046.0
2026-06-12 01:00:00,160.258,160.376,159.952,160.094,43677.0
2026-06-12 05:00:00,160.093,160.31,159.956,160.257,41027.0
2026-06-12 09:00:00,160.258,160.344,160.163,160.232,51769.0
2026-06-12 13:00:00,160.232,160.245,160.184,160.228,15180.0
2026-06-14 17:00:00,160.148,160.158,159.738,160.111,21164.0
2026-06-14 21:00:00,160.11,160.232,160.014,160.052,17312.0
2026-06-15 01:00:00,160.053,160.164,159.991,160.138,27433.0
2026-06-15 05:00:00,160.138,160.206,160.089,160.138,22285.0
2026-06-15 09:00:00,160.138,160.243,160.03,160.218,27047.0
2026-06-15 13:00:00,160.218,160.396,160.214,160.356,18478.0
2026-06-15 17:00:00,160.344,160.368,160.155,160.2,9925.0
2026-06-15 21:00:00,160.198,160.349,160.051,160.256,27614.0
2026-06-16 01:00:00,160.256,160.346,160.148,160.324,34612.0
2026-06-16 05:00:00,160.324,160.378,160.28,160.324,22839.0
2026-06-16 09:00:00,160.325,160.466,160.322,160.395,35087.0
2026-06-16 13:00:00,160.396,160.483,160.388,160.466,14597.0
2026-06-16 17:00:00,160.421,160.456,160.346,160.353,16937.0
2026-06-16 21:00:00,160.352,160.373,160.256,160.267,12786.0
2026-06-17 01:00:00,160.268,160.344,160.115,160.208,23787.0
2026-06-17 05:00:00,160.208,160.335,160.165,160.248,20962.0
2026-06-17 09:00:00,160.247,160.352,160.186,160.2,32773.0
2026-06-17 13:00:00,160.2,160.798,160.192,160.684,69985.0
2026-06-17 17:00:00,160.662,160.75,160.536,160.7,18388.0
2026-06-17 21:00:00,160.7,160.701,160.564,160.596,18650.0
2026-06-18 01:00:00,160.596,160.778,160.574,160.775,30295.0
2026-06-18 05:00:00,160.777,160.952,160.476,160.874,44722.0
2026-06-18 09:00:00,160.874,161.452,160.801,161.43,48409.0
2026-06-18 13:00:00,161.429,161.81,160.898,161.41,43964.0
2026-06-18 17:00:00,161.397,161.434,161.008,161.106,19270.0
2026-06-18 21:00:00,161.105,161.413,160.986,161.378,29494.0
2026-06-19 01:00:00,161.377,161.459,161.24,161.287,36883.0
2026-06-19 05:00:00,161.286,161.334,161.157,161.169,29180.0
2026-06-19 09:00:00,161.168,161.342,161.133,161.337,23181.0
2026-06-19 13:00:00,161.337,161.342,161.228,161.31,21931.0
2026-06-21 17:00:00,161.266,161.568,161.249,161.495,13503.0
2026-06-21 21:00:00,161.494,161.695,161.436,161.668,23543.0
2026-06-22 01:00:00,161.668,161.788,161.613,161.772,31813.0
2026-06-22 05:00:00,161.772,161.792,161.656,161.774,33480.0
2026-06-22 09:00:00,161.776,161.928,161.072,161.555,80524.0
2026-06-22 13:00:00,161.556,161.69,161.4,161.6,24286.0
2026-06-22 17:00:00,161.562,161.64,161.522,161.579,15561.0
2026-06-22 21:00:00,161.578,161.614,161.526,161.612,17344.0
2026-06-23 01:00:00,161.612,161.742,161.264,161.436,48481.0
2026-06-23 05:00:00,161.436,161.615,161.34,161.556,36221.0
2026-06-23 09:00:00,161.557,161.602,161.467,161.597,36927.0
2026-06-23 13:00:00,161.598,161.62,161.512,161.578,16490.0
2026-06-23 17:00:00,161.54,161.634,161.514,161.624,11400.0
2026-06-23 21:00:00,161.624,161.629,161.532,161.558,19435.0
2026-06-24 01:00:00,161.558,161.758,161.544,161.756,26706.0
2026-06-24 05:00:00,161.756,161.778,161.626,161.754,27190.0
2026-06-24 09:00:00,161.755,161.814,161.69,161.758,36298.0
2026-06-24 13:00:00,161.759,161.84,161.738,161.81,23757.0
2026-06-24 17:00:00,161.776,161.802,161.698,161.712,12286.0
2026-06-24 21:00:00,161.712,161.777,161.557,161.766,20321.0
2026-06-25 01:00:00,161.767,161.9,161.73,161.8,26222.0
2026-06-25 05:00:00,161.799,161.95,161.747,161.84,30028.0
2026-06-25 09:00:00,161.839,161.857,161.559,161.769,48051.0
2026-06-25 13:00:00,161.768,161.842,161.729,161.804,21256.0
2026-06-25 17:00:00,161.793,161.841,161.718,161.834,13775.0
2026-06-25 21:00:00,161.833,161.848,161.566,161.627,22025.0
2026-06-26 01:00:00,161.628,161.75,161.533,161.587,36194.0
2026-06-26 05:00:00,161.586,161.706,161.532,161.658,28026.0
2026-06-26 09:00:00,161.656,161.772,161.578,161.756,36750.0
2026-06-26 13:00:00,161.756,161.782,161.71,161.75,16046.0
2026-06-28 17:00:00,161.74,161.882,161.72,161.761,12398.0
2026-06-28 21:00:00,161.76,161.816,161.732,161.814,17177.0
2026-06-29 01:00:00,161.814,161.858,161.778,161.852,20202.0
2026-06-29 05:00:00,161.853,161.904,161.816,161.895,22927.0
2026-06-29 09:00:00,161.894,161.966,161.804,161.944,35032.0
2026-06-29 13:00:00,161.943,161.983,161.907,161.944,12510.0
2026-06-29 17:00:00,161.912,162.404,161.891,162.137,14946.0
2026-06-29 21:00:00,162.136,162.304,162.038,162.202,35692.0
2026-06-30 01:00:00,162.202,162.416,162.122,162.32,36660.0
2026-06-30 05:00:00,162.32,162.518,162.018,162.406,35267.0
2026-06-30 09:00:00,162.406,162.672,162.315,162.648,42288.0
2026-06-30 13:00:00,162.648,162.649,162.553,162.589,21328.0
2026-06-30 17:00:00,162.558,162.78,162.528,162.686,13693.0
2026-06-30 21:00:00,162.686,162.84,162.562,162.729,26182.0
2026-07-01 01:00:00,162.73,162.762,162.612,162.666,25339.0
2026-07-01 05:00:00,162.665,162.768,162.65,162.698,25462.0
2026-07-01 09:00:00,162.699,162.736,162.294,162.459,61464.0
2026-07-01 13:00:00,162.46,162.622,162.427,162.602,18798.0
2026-07-01 17:00:00,162.589,162.598,162.481,162.564,13928.0
2026-07-01 21:00:00,162.564,162.586,162.363,162.435,24862.0
2026-07-02 01:00:00,162.436,162.436,160.898,161.026,98016.0
2026-07-02 05:00:00,161.026,161.646,160.624,161.028,83588.0
2026-07-02 09:00:00,161.028,161.162,160.76,160.984,84863.0
2026-07-02 13:00:00,160.985,161.175,160.985,161.121,28414.0
2026-07-02 17:00:00,161.089,161.524,161.064,161.19,20457.0
2026-07-02 21:00:00,161.188,161.275,160.921,161.13,35562.0
2026-07-03 01:00:00,161.13,161.182,160.48,161.036,46800.0
2026-07-03 05:00:00,161.036,161.174,160.964,161.172,22867.0
