Timestamp,Open,High,Low,Close,Volume
2026-06-07 20:15:00,160.321,160.322,160.28,160.304,1981.0
2026-06-07 20:30:00,160.302,160.323,160.276,160.296,2139.0
2026-06-07 20:45:00,160.294,160.345,160.243,160.326,3715.0
2026-06-07 21:00:00,160.325,160.341,160.276,160.312,2945.0
2026-06-07 21:15:00,160.31,160.334,160.266,160.322,3262.0
2026-06-07 21:30:00,160.322,160.352,160.302,160.319,3170.0
2026-06-07 21:45:00,160.318,160.342,160.304,160.335,1957.0
2026-06-07 22:00:00,160.334,160.362,160.328,160.357,1341.0
2026-06-07 22:15:00,160.358,160.359,160.34,160.352,1162.0
2026-06-07 22:30:00,160.353,160.368,160.343,160.368,1033.0
2026-06-07 22:45:00,160.369,160.38,160.361,160.377,1118.0
2026-06-07 23:00:00,160.376,160.394,160.376,160.383,1124.0
2026-06-07 23:15:00,160.382,160.392,160.369,160.372,1128.0
2026-06-07 23:30:00,160.374,160.385,160.35,160.352,1119.0
2026-06-07 23:45:00,160.35,160.353,160.338,160.338,724.0
2026-06-08 00:00:00,160.34,160.346,160.289,160.292,1130.0
2026-06-08 00:15:00,160.291,160.326,160.291,160.32,1123.0
2026-06-08 00:30:00,160.321,160.34,160.314,160.33,1506.0
2026-06-08 00:45:00,160.329,160.356,160.324,160.345,1369.0
2026-06-08 01:00:00,160.344,160.346,160.32,160.344,1737.0
2026-06-08 01:15:00,160.344,160.344,160.292,160.304,1447.0
2026-06-08 01:30:00,160.304,160.334,160.297,160.31,2691.0
2026-06-08 01:45:00,160.309,160.318,160.198,160.266,2561.0
2026-06-08 02:00:00,160.266,160.302,160.254,160.269,2996.0
2026-06-08 02:15:00,160.27,160.344,160.23,160.322,3099.0
2026-06-08 02:30:00,160.323,160.324,160.262,160.264,2094.0
2026-06-08 02:45:00,160.264,160.285,160.252,160.263,1855.0
2026-06-08 03:00:00,160.264,160.265,160.151,160.192,2699.0
2026-06-08 03:15:00,160.193,160.234,160.188,160.206,3442.0
2026-06-08 03:30:00,160.206,160.222,160.178,160.207,2541.0
2026-06-08 03:45:00,160.206,160.23,160.175,160.228,2018.0
2026-06-08 04:00:00,160.228,160.23,160.18,160.192,2144.0
2026-06-08 04:15:00,160.192,160.244,160.136,160.15,2978.0
2026-06-08 04:30:00,160.151,160.212,160.116,160.192,3328.0
2026-06-08 04:45:00,160.194,160.216,159.84,160.028,5354.0
2026-06-08 05:00:00,160.026,160.074,160.022,160.042,4231.0
2026-06-08 05:15:00,160.041,160.07,159.984,160.016,3545.0
2026-06-08 05:30:00,160.015,160.043,159.984,160.008,5068.0
2026-06-08 05:45:00,160.007,160.026,159.986,160.01,2861.0
2026-06-08 06:00:00,160.011,160.03,159.987,160.004,2530.0
2026-06-08 06:15:00,160.005,160.088,159.998,160.042,2058.0
2026-06-08 06:30:00,160.042,160.054,159.93,159.996,3570.0
2026-06-08 06:45:00,159.997,160.012,159.959,160.006,2426.0
2026-06-08 07:00:00,160.006,160.012,159.948,159.955,2902.0
2026-06-08 07:15:00,159.956,159.978,159.888,159.958,5689.0
2026-06-08 07:30:00,159.952,159.984,159.922,159.969,3032.0
2026-06-08 07:45:00,159.968,159.982,159.957,159.972,2346.0
2026-06-08 08:00:00,159.972,159.979,159.942,159.969,3235.0
2026-06-08 08:15:00,159.968,159.985,159.946,159.958,2714.0
2026-06-08 08:30:00,159.958,159.974,159.917,159.941,2219.0
2026-06-08 08:45:00,159.942,159.97,159.932,159.96,1966.0
2026-06-08 09:00:00,159.959,159.992,159.937,159.982,2019.0
2026-06-08 09:15:00,159.982,159.994,159.944,159.962,2880.0
2026-06-08 09:30:00,159.961,159.994,159.946,159.993,2823.0
2026-06-08 09:45:00,159.994,160.04,159.992,160.035,2698.0
2026-06-08 10:00:00,160.036,160.114,160.032,160.113,2197.0
2026-06-08 10:15:00,160.112,160.204,160.11,160.137,2713.0
2026-06-08 10:30:00,160.138,160.17,160.107,160.124,2978.0
2026-06-08 10:45:00,160.124,160.162,160.068,160.076,3074.0
2026-06-08 11:00:00,160.076,160.12,160.056,160.087,2557.0
2026-06-08 11:15:00,160.086,160.11,160.04,160.109,2550.0
2026-06-08 11:30:00,160.106,160.142,160.098,160.126,2318.0
2026-06-08 11:45:00,160.126,160.136,160.096,160.119,1559.0
2026-06-08 12:00:00,160.12,160.122,160.085,160.101,1699.0
2026-06-08 12:15:00,160.1,160.124,160.098,160.122,1127.0
2026-06-08 12:30:00,160.12,160.145,160.102,160.138,1301.0
2026-06-08 12:45:00,160.138,160.17,160.138,160.16,2192.0
2026-06-08 13:00:00,160.16,160.177,160.138,160.149,1738.0
2026-06-08 13:15:00,160.148,160.194,160.123,160.176,2100.0
2026-06-08 13:30:00,160.175,160.204,160.148,160.159,1591.0
2026-06-08 13:45:00,160.158,160.174,160.138,160.166,743.0
2026-06-08 14:00:00,160.166,160.174,160.142,160.168,1049.0
2026-06-08 14:15:00,160.168,160.17,160.148,160.156,990.0
2026-06-08 14:30:00,160.156,160.186,160.148,160.184,702.0
2026-06-08 14:45:00,160.184,160.27,160.184,160.256,970.0
2026-06-08 15:00:00,160.258,160.269,160.218,160.245,894.0
2026-06-08 15:15:00,160.246,160.247,160.23,160.235,583.0
2026-06-08 15:30:00,160.234,160.24,160.209,160.236,1735.0
2026-06-08 15:45:00,160.237,160.247,160.209,160.214,1965.0
2026-06-08 16:00:00,160.214,160.234,160.187,160.205,1330.0
2026-06-08 16:15:00,160.206,160.213,160.164,160.171,983.0
2026-06-08 16:30:00,160.17,160.19,160.17,160.188,431.0
2026-06-08 16:45:00,160.188,160.192,160.175,160.178,715.0
2026-06-08 17:00:00,160.146,160.158,160.145,160.156,50.0
2026-06-08 17:15:00,160.159,160.159,160.148,160.154,144.0
2026-06-08 17:30:00,160.152,160.16,160.151,160.158,164.0
2026-06-08 17:45:00,160.158,160.199,160.146,160.155,209.0
2026-06-08 18:00:00,160.152,160.172,160.136,160.168,312.0
2026-06-08 18:15:00,160.169,160.188,160.151,160.166,575.0
2026-06-08 18:30:00,160.165,160.19,160.16,160.18,599.0
2026-06-08 18:45:00,160.18,160.191,160.168,160.18,275.0
2026-06-08 19:00:00,160.18,160.192,160.164,160.19,491.0
2026-06-08 19:15:00,160.19,160.203,160.178,160.202,601.0
2026-06-08 19:30:00,160.202,160.229,160.202,160.212,612.0
2026-06-08 19:45:00,160.214,160.216,160.175,160.182,725.0
2026-06-08 20:00:00,160.182,160.204,160.146,160.152,2453.0
2026-06-08 20:15:00,160.154,160.166,160.134,160.162,1815.0
2026-06-08 20:30:00,160.162,160.182,160.152,160.176,1629.0
2026-06-08 20:45:00,160.176,160.279,160.172,160.238,3262.0
2026-06-08 21:00:00,160.237,160.244,160.202,160.212,2726.0
2026-06-08 21:15:00,160.212,160.252,160.207,160.223,3460.0
2026-06-08 21:30:00,160.222,160.227,160.183,160.199,1588.0
2026-06-08 21:45:00,160.198,160.201,160.176,160.194,1339.0
2026-06-08 22:00:00,160.192,160.202,160.187,160.202,982.0
2026-06-08 22:15:00,160.202,160.22,160.188,160.192,1410.0
2026-06-08 22:30:00,160.193,160.215,160.188,160.211,837.0
2026-06-08 22:45:00,160.209,160.224,160.186,160.221,1212.0
2026-06-08 23:00:00,160.22,160.234,160.205,160.215,1515.0
2026-06-08 23:15:00,160.216,160.236,160.21,160.227,1053.0
2026-06-08 23:30:00,160.228,160.243,160.215,160.224,1296.0
2026-06-08 23:45:00,160.224,160.258,160.214,160.256,1276.0
2026-06-09 00:00:00,160.256,160.258,160.234,160.236,618.0
2026-06-09 00:15:00,160.236,160.25,160.223,160.229,997.0
2026-06-09 00:30:00,160.228,160.232,160.188,160.193,1182.0
2026-06-09 00:45:00,160.194,160.203,160.186,160.193,891.0
2026-06-09 01:00:00,160.194,160.209,160.188,160.202,1194.0
2026-06-09 01:15:00,160.202,160.204,160.164,160.165,713.0
2026-06-09 01:30:00,160.166,160.18,160.125,160.154,2366.0
2026-06-09 01:45:00,160.153,160.156,160.11,160.153,1914.0
2026-06-09 02:00:00,160.153,160.154,160.086,160.102,2305.0
2026-06-09 02:15:00,160.102,160.148,160.053,160.113,2613.0
2026-06-09 02:30:00,160.114,160.16,160.11,160.152,2256.0
2026-06-09 02:45:00,160.15,160.18,160.126,160.17,2551.0
2026-06-09 03:00:00,160.172,160.2,160.154,160.198,3071.0
2026-06-09 03:15:00,160.2,160.218,160.17,160.174,2536.0
2026-06-09 03:30:00,160.175,160.203,160.161,160.168,1966.0
2026-06-09 03:45:00,160.169,160.204,160.156,160.198,2466.0
2026-06-09 04:00:00,160.199,160.225,160.176,160.199,2596.0
2026-06-09 04:15:00,160.198,160.204,160.186,160.194,1806.0
2026-06-09 04:30:00,160.192,160.212,160.186,160.207,1608.0
2026-06-09 04:45:00,160.205,160.224,160.17,160.178,1474.0
2026-06-09 05:00:00,160.177,160.192,160.158,160.18,1308.0
2026-06-09 05:15:00,160.179,160.186,160.146,160.162,1748.0
2026-06-09 05:30:00,160.162,160.166,160.152,160.164,739.0
2026-06-09 05:45:00,160.164,160.2,160.146,160.19,1109.0
2026-06-09 06:00:00,160.192,160.216,160.184,160.198,1920.0
2026-06-09 06:15:00,160.198,160.198,160.16,160.17,1146.0
2026-06-09 06:30:00,160.17,160.176,160.158,160.158,728.0
2026-06-09 06:45:00,160.158,160.174,160.146,160.169,1183.0
2026-06-09 07:00:00,160.17,160.174,160.146,160.162,1304.0
2026-06-09 07:15:00,160.164,160.17,160.148,160.152,1127.0
2026-06-09 07:30:00,160.151,160.18,160.146,160.172,988.0
2026-06-09 07:45:00,160.171,160.176,160.154,160.16,1100.0
2026-06-09 08:00:00,160.159,160.174,160.147,160.163,1908.0
2026-06-09 08:15:00,160.162,160.187,160.158,160.186,1597.0
2026-06-09 08:30:00,160.186,160.186,160.164,160.176,1280.0
2026-06-09 08:45:00,160.176,160.198,160.174,160.19,1731.0
2026-06-09 09:00:00,160.19,160.204,160.179,160.186,2484.0
2026-06-09 09:15:00,160.185,160.198,160.183,160.196,1300.0
2026-06-09 09:30:00,160.196,160.227,160.186,160.22,2531.0
2026-06-09 09:45:00,160.22,160.224,160.149,160.2,3383.0
2026-06-09 10:00:00,160.201,160.214,160.15,160.197,3013.0
2026-06-09 10:15:00,160.196,160.219,160.182,160.187,2301.0
2026-06-09 10:30:00,160.188,160.202,160.18,160.201,2274.0
2026-06-09 10:45:00,160.202,160.262,160.194,160.253,3287.0
2026-06-09 11:00:00,160.255,160.264,160.238,160.252,2898.0
2026-06-09 11:15:00,160.252,160.268,160.236,160.268,1956.0
2026-06-09 11:30:00,160.266,160.305,160.253,160.292,3667.0
2026-06-09 11:45:00,160.293,160.298,160.216,160.23,2352.0
2026-06-09 12:00:00,160.23,160.303,160.214,160.297,2977.0
2026-06-09 12:15:00,160.298,160.356,160.298,160.345,3035.0
2026-06-09 12:30:00,160.346,160.448,160.342,160.418,5466.0
2026-06-09 12:45:00,160.419,160.447,160.394,160.404,3569.0
2026-06-09 13:00:00,160.402,160.406,160.334,160.386,3243.0
2026-06-09 13:15:00,160.386,160.387,160.284,160.307,2671.0
2026-06-09 13:30:00,160.308,160.32,160.3,160.305,1867.0
2026-06-09 13:45:00,160.306,160.36,160.292,160.356,2122.0
2026-06-09 14:00:00,160.355,160.38,160.34,160.356,1873.0
2026-06-09 14:15:00,160.356,160.372,160.334,160.356,1748.0
2026-06-09 14:30:00,160.354,160.377,160.345,160.372,1457.0
2026-06-09 14:45:00,160.372,160.378,160.344,160.36,916.0
2026-06-09 15:00:00,160.36,160.387,160.358,160.384,910.0
2026-06-09 15:15:00,160.385,160.416,160.384,160.414,877.0
2026-06-09 15:30:00,160.414,160.418,160.384,160.404,850.0
2026-06-09 15:45:00,160.404,160.422,160.389,160.414,1659.0
2026-06-09 16:00:00,160.415,160.426,160.378,160.38,719.0
2026-06-09 16:15:00,160.38,160.394,160.353,160.36,499.0
2026-06-09 16:30:00,160.358,160.391,160.358,160.39,649.0
2026-06-09 16:45:00,160.389,160.39,160.362,160.364,481.0
2026-06-09 17:00:00,160.342,160.352,160.34,160.34,16.0
2026-06-09 17:15:00,160.34,160.374,160.338,160.374,145.0
2026-06-09 17:30:00,160.374,160.384,160.374,160.38,56.0
2026-06-09 17:45:00,160.381,160.382,160.336,160.347,185.0
2026-06-09 18:00:00,160.343,160.4,160.343,160.382,518.0
2026-06-09 18:15:00,160.384,160.392,160.364,160.364,379.0
2026-06-09 18:30:00,160.365,160.394,160.364,160.394,472.0
2026-06-09 18:45:00,160.394,160.404,160.388,160.402,344.0
2026-06-09 19:00:00,160.402,160.412,160.402,160.408,405.0
2026-06-09 19:15:00,160.408,160.422,160.404,160.415,671.0
2026-06-09 19:30:00,160.416,160.418,160.39,160.394,691.0
2026-06-09 19:45:00,160.39,160.397,160.378,160.39,1139.0
2026-06-09 20:00:00,160.39,160.396,160.358,160.368,2028.0
2026-06-09 20:15:00,160.368,160.392,160.367,160.379,1491.0
2026-06-09 20:30:00,160.38,160.403,160.376,160.392,1733.0
2026-06-09 20:45:00,160.392,160.435,160.366,160.385,2894.0
2026-06-09 21:00:00,160.384,160.394,160.238,160.348,3002.0
2026-06-09 21:15:00,160.347,160.37,160.33,160.36,1924.0
2026-06-09 21:30:00,160.359,160.39,160.358,160.368,1599.0
2026-06-09 21:45:00,160.368,160.396,160.365,160.382,1664.0
2026-06-09 22:00:00,160.382,160.384,160.341,160.345,1317.0
2026-06-09 22:15:00,160.346,160.368,160.342,160.35,1516.0
2026-06-09 22:30:00,160.35,160.358,160.338,160.344,1704.0
2026-06-09 22:45:00,160.344,160.374,160.342,160.366,1307.0
2026-06-09 23:00:00,160.368,160.373,160.341,160.352,1121.0
2026-06-09 23:15:00,160.352,160.36,160.346,160.354,1188.0
2026-06-09 23:30:00,160.356,160.371,160.35,160.36,956.0
2026-06-09 23:45:00,160.359,160.362,160.351,160.361,1025.0
2026-06-10 00:00:00,160.36,160.37,160.354,160.362,937.0
2026-06-10 00:15:00,160.361,160.368,160.352,160.358,1200.0
2026-06-10 00:30:00,160.36,160.365,160.348,160.36,964.0
2026-06-10 00:45:00,160.358,160.374,160.349,160.372,720.0
2026-06-10 01:00:00,160.372,160.38,160.357,160.37,896.0
2026-06-10 01:15:00,160.369,160.372,160.351,160.355,986.0
2026-06-10 01:30:00,160.354,160.36,160.337,160.344,1197.0
2026-06-10 01:45:00,160.344,160.348,160.329,160.344,1073.0
2026-06-10 02:00:00,160.346,160.37,160.326,160.345,1870.0
2026-06-10 02:15:00,160.344,160.386,160.332,160.368,2311.0
2026-06-10 02:30:00,160.37,160.382,160.354,160.363,1467.0
2026-06-10 02:45:00,160.364,160.39,160.358,160.384,1601.0
2026-06-10 03:00:00,160.385,160.396,160.368,160.372,1603.0
2026-06-10 03:15:00,160.372,160.38,160.351,160.377,1241.0
2026-06-10 03:30:00,160.378,160.39,160.37,160.379,1205.0
2026-06-10 03:45:00,160.378,160.399,160.369,160.394,1301.0
2026-06-10 04:00:00,160.393,160.415,160.39,160.41,1346.0
2026-06-10 04:15:00,160.408,160.413,160.386,160.4,1648.0
2026-06-10 04:30:00,160.4,160.41,160.387,160.404,1149.0
2026-06-10 04:45:00,160.405,160.432,160.392,160.425,1499.0
2026-06-10 05:00:00,160.424,160.439,160.413,160.419,1364.0
2026-06-10 05:15:00,160.418,160.432,160.406,160.429,1166.0
2026-06-10 05:30:00,160.43,160.481,160.418,160.452,1635.0
2026-06-10 05:45:00,160.452,160.456,160.436,160.443,1036.0
2026-06-10 06:00:00,160.444,160.46,160.443,160.456,1372.0
2026-06-10 06:15:00,160.455,160.471,160.453,160.468,526.0
2026-06-10 06:30:00,160.468,160.478,160.466,160.468,868.0
2026-06-10 06:45:00,160.469,160.478,160.458,160.467,1152.0
2026-06-10 07:00:00,160.468,160.527,160.458,160.484,3414.0
2026-06-10 07:15:00,160.484,160.506,160.472,160.487,2750.0
2026-06-10 07:30:00,160.488,160.53,160.482,160.526,1668.0
2026-06-10 07:45:00,160.525,160.528,160.469,160.5,2124.0
2026-06-10 08:00:00,160.5,160.516,160.457,160.482,3502.0
2026-06-10 08:15:00,160.482,160.484,160.42,160.42,2854.0
2026-06-10 08:30:00,160.42,160.475,160.338,160.394,5900.0
2026-06-10 08:45:00,160.394,160.441,160.324,160.438,4047.0
2026-06-10 09:00:00,160.437,160.458,160.418,160.418,3474.0
2026-06-10 09:15:00,160.418,160.43,160.396,160.418,2518.0
2026-06-10 09:30:00,160.418,160.426,160.356,160.356,3519.0
2026-06-10 09:45:00,160.356,160.407,160.342,160.384,3042.0
2026-06-10 10:00:00,160.382,160.421,160.37,160.384,3224.0
2026-06-10 10:15:00,160.384,160.422,160.38,160.416,3275.0
2026-06-10 10:30:00,160.416,160.438,160.404,160.429,2500.0
2026-06-10 10:45:00,160.43,160.492,160.404,160.484,3281.0
2026-06-10 11:00:00,160.484,160.495,160.456,160.468,2809.0
2026-06-10 11:15:00,160.468,160.484,160.454,160.454,2280.0
2026-06-10 11:30:00,160.454,160.484,160.446,160.476,1908.0
2026-06-10 11:45:00,160.476,160.531,160.471,160.476,4929.0
2026-06-10 12:00:00,160.476,160.481,160.443,160.462,2692.0
2026-06-10 12:15:00,160.462,160.476,160.448,160.473,1597.0
2026-06-10 12:30:00,160.472,160.5,160.47,160.492,1602.0
2026-06-10 12:45:00,160.491,160.51,160.48,160.488,1494.0
2026-06-10 13:00:00,160.488,160.5,160.46,160.498,1784.0
2026-06-10 13:15:00,160.497,160.51,160.48,160.482,1981.0
2026-06-10 13:30:00,160.481,160.531,160.481,160.53,1312.0
2026-06-10 13:45:00,160.53,160.542,160.5,160.506,2743.0
2026-06-10 14:00:00,160.502,160.502,160.474,160.484,1927.0
2026-06-10 14:15:00,160.483,160.497,160.469,160.477,1753.0
2026-06-10 14:30:00,160.476,160.492,160.466,160.468,1070.0
2026-06-10 14:45:00,160.468,160.501,160.453,160.498,1354.0
2026-06-10 15:00:00,160.498,160.521,160.496,160.517,1046.0
2026-06-10 15:15:00,160.515,160.529,160.514,160.528,659.0
2026-06-10 15:30:00,160.527,160.53,160.508,160.514,945.0
2026-06-10 15:45:00,160.514,160.542,160.512,160.539,1578.0
2026-06-10 16:00:00,160.54,160.555,160.536,160.55,765.0
2026-06-10 16:15:00,160.55,160.556,160.527,160.54,586.0
2026-06-10 16:30:00,160.539,160.568,160.523,160.566,519.0
2026-06-10 16:45:00,160.563,160.578,160.554,160.554,1001.0
2026-06-10 17:00:00,160.505,160.516,160.505,160.514,57.0
2026-06-10 17:15:00,160.514,160.518,160.506,160.512,163.0
2026-06-10 17:30:00,160.513,160.526,160.503,160.522,130.0
2026-06-10 17:45:00,160.524,160.529,160.523,160.526,97.0
2026-06-10 18:00:00,160.524,160.564,160.508,160.518,617.0
2026-06-10 18:15:00,160.519,160.554,160.518,160.549,382.0
2026-06-10 18:30:00,160.55,160.552,160.523,160.534,554.0
2026-06-10 18:45:00,160.534,160.557,160.518,160.549,621.0
2026-06-10 19:00:00,160.548,160.564,160.546,160.551,924.0
2026-06-10 19:15:00,160.55,160.558,160.521,160.536,2108.0
2026-06-10 19:30:00,160.536,160.549,160.523,160.536,786.0
2026-06-10 19:45:00,160.536,160.542,160.518,160.536,1315.0
2026-06-10 20:00:00,160.535,160.536,160.496,160.516,2161.0
2026-06-10 20:15:00,160.515,160.548,160.504,160.536,1984.0
2026-06-10 20:30:00,160.536,160.548,160.521,160.528,1786.0
2026-06-10 20:45:00,160.528,160.548,160.514,160.52,2017.0
2026-06-10 21:00:00,160.52,160.548,160.472,160.474,2575.0
2026-06-10 21:15:00,160.474,160.482,160.426,160.445,1359.0
2026-06-10 21:30:00,160.446,160.458,160.439,160.452,1003.0
2026-06-10 21:45:00,160.451,160.498,160.45,160.491,1335.0
2026-06-10 22:00:00,160.49,160.512,160.474,160.498,1622.0
2026-06-10 22:15:00,160.499,160.514,160.491,160.51,1321.0
2026-06-10 22:30:00,160.51,160.526,160.499,160.521,1437.0
2026-06-10 22:45:00,160.522,160.538,160.508,160.516,1183.0
2026-06-10 23:00:00,160.518,160.536,160.514,160.532,1018.0
2026-06-10 23:15:00,160.532,160.536,160.516,160.52,1026.0
2026-06-10 23:30:00,160.52,160.53,160.51,160.526,866.0
2026-06-10 23:45:00,160.526,160.532,160.512,160.513,689.0
2026-06-11 00:00:00,160.512,160.534,160.51,160.524,635.0
2026-06-11 00:15:00,160.524,160.524,160.511,160.518,714.0
2026-06-11 00:30:00,160.518,160.52,160.5,160.512,549.0
2026-06-11 00:45:00,160.512,160.514,160.496,160.506,1304.0
2026-06-11 01:00:00,160.506,160.518,160.502,160.504,947.0
2026-06-11 01:15:00,160.504,160.515,160.496,160.513,472.0
2026-06-11 01:30:00,160.512,160.523,160.504,160.516,859.0
2026-06-11 01:45:00,160.515,160.55,160.51,160.546,1095.0
2026-06-11 02:00:00,160.546,160.562,160.538,160.543,1335.0
2026-06-11 02:15:00,160.544,160.584,160.536,160.58,1549.0
2026-06-11 02:30:00,160.58,160.59,160.56,160.58,1160.0
2026-06-11 02:45:00,160.58,160.58,160.546,160.558,1273.0
2026-06-11 03:00:00,160.557,160.557,160.494,160.51,2003.0
2026-06-11 03:15:00,160.51,160.52,160.498,160.51,1743.0
2026-06-11 03:30:00,160.509,160.542,160.494,160.512,1586.0
2026-06-11 03:45:00,160.512,160.526,160.5,160.508,1590.0
2026-06-11 04:00:00,160.508,160.52,160.5,160.51,1644.0
2026-06-11 04:15:00,160.512,160.523,160.502,160.522,1123.0
2026-06-11 04:30:00,160.521,160.538,160.514,160.536,1221.0
2026-06-11 04:45:00,160.536,160.544,160.528,160.536,1083.0
2026-06-11 05:00:00,160.535,160.55,160.532,160.546,983.0
2026-06-11 05:15:00,160.547,160.548,160.529,160.533,971.0
2026-06-11 05:30:00,160.534,160.55,160.533,160.534,807.0
2026-06-11 05:45:00,160.532,160.542,160.516,160.532,1044.0
2026-06-11 06:00:00,160.532,160.548,160.53,160.544,1385.0
2026-06-11 06:15:00,160.545,160.556,160.544,160.548,787.0
2026-06-11 06:30:00,160.548,160.55,160.526,160.536,1263.0
2026-06-11 06:45:00,160.536,160.538,160.525,160.529,1823.0
2026-06-11 07:00:00,160.53,160.538,160.508,160.525,1546.0
2026-06-11 07:15:00,160.524,160.532,160.518,160.526,702.0
2026-06-11 07:30:00,160.528,160.529,160.51,160.522,1714.0
2026-06-11 07:45:00,160.521,160.538,160.512,160.536,1170.0
2026-06-11 08:00:00,160.537,160.539,160.526,160.532,1414.0
2026-06-11 08:15:00,160.53,160.594,160.522,160.574,3748.0
2026-06-11 08:30:00,160.575,160.596,160.53,160.566,4251.0
2026-06-11 08:45:00,160.566,160.58,160.522,160.536,4608.0
2026-06-11 09:00:00,160.535,160.558,160.53,160.542,2796.0
2026-06-11 09:15:00,160.54,160.56,160.524,160.538,2435.0
2026-06-11 09:30:00,160.538,160.542,160.508,160.526,2610.0
2026-06-11 09:45:00,160.527,160.534,160.458,160.486,3870.0
2026-06-11 10:00:00,160.486,160.516,160.471,160.51,2774.0
2026-06-11 10:15:00,160.51,160.552,160.507,160.545,1755.0
2026-06-11 10:30:00,160.544,160.552,160.51,160.51,2016.0
2026-06-11 10:45:00,160.512,160.532,160.496,160.508,1742.0
2026-06-11 11:00:00,160.508,160.513,160.47,160.504,2460.0
2026-06-11 11:15:00,160.503,160.504,160.472,160.482,2030.0
2026-06-11 11:30:00,160.482,160.515,160.471,160.512,2736.0
2026-06-11 11:45:00,160.512,160.52,160.492,160.51,1410.0
2026-06-11 12:00:00,160.51,160.538,160.506,160.535,1343.0
2026-06-11 12:15:00,160.536,160.554,160.53,160.54,1304.0
2026-06-11 12:30:00,160.542,160.548,160.522,160.524,1427.0
2026-06-11 12:45:00,160.523,160.54,160.522,160.53,943.0
2026-06-11 13:00:00,160.53,160.548,160.521,160.528,2269.0
2026-06-11 13:15:00,160.528,160.54,160.402,160.402,2757.0
2026-06-11 13:30:00,160.402,160.402,160.032,160.072,10296.0
2026-06-11 13:45:00,160.071,160.186,160.04,160.126,7327.0
2026-06-11 14:00:00,160.126,160.294,160.113,160.141,6292.0
2026-06-11 14:15:00,160.142,160.146,160.049,160.108,5594.0
2026-06-11 14:30:00,160.108,160.172,160.062,160.071,2969.0
2026-06-11 14:45:00,160.072,160.086,159.941,160.078,3665.0
2026-06-11 15:00:00,160.082,160.085,159.864,159.871,5288.0
2026-06-11 15:15:00,159.87,159.898,159.818,159.838,3931.0
2026-06-11 15:30:00,159.837,159.839,159.536,159.76,5968.0
2026-06-11 15:45:00,159.759,159.809,159.754,159.794,3600.0
2026-06-11 16:00:00,159.792,159.851,159.746,159.85,2524.0
2026-06-11 16:15:00,159.846,159.9,159.844,159.882,1116.0
2026-06-11 16:30:00,159.882,159.948,159.859,159.946,1158.0
2026-06-11 16:45:00,159.947,159.976,159.931,159.968,1434.0
2026-06-11 17:00:00,159.946,159.946,159.92,159.945,41.0
2026-06-11 17:15:00,159.949,159.955,159.949,159.949,3.0
2026-06-11 17:30:00,159.954,159.995,159.947,159.968,542.0
2026-06-11 17:45:00,159.966,159.984,159.96,159.969,465.0
2026-06-11 18:00:00,159.972,160.022,159.943,160.016,512.0
2026-06-11 18:15:00,160.014,160.06,159.998,160.044,1349.0
2026-06-11 18:30:00,160.044,160.091,160.041,160.05,2432.0
2026-06-11 18:45:00,160.048,160.05,159.993,160.019,779.0
2026-06-11 19:00:00,160.018,160.023,159.972,160.017,954.0
2026-06-11 19:15:00,160.018,160.054,159.998,160.052,756.0
2026-06-11 19:30:00,160.054,160.094,160.048,160.088,1030.0
2026-06-11 19:45:00,160.087,160.151,160.086,160.139,1427.0
2026-06-11 20:00:00,160.138,160.198,160.136,160.163,2449.0
2026-06-11 20:15:00,160.162,160.201,160.148,160.18,2164.0
2026-06-11 20:30:00,160.178,160.219,160.17,160.217,1797.0
2026-06-11 20:45:00,160.216,160.218,160.126,160.17,2291.0
2026-06-11 21:00:00,160.172,160.208,160.169,160.188,1844.0
2026-06-11 21:15:00,160.187,160.198,160.152,160.17,1526.0
2026-06-11 21:30:00,160.169,160.213,160.16,160.212,1594.0
2026-06-11 21:45:00,160.212,160.268,160.21,160.266,1266.0
2026-06-11 22:00:00,160.267,160.268,160.246,160.255,848.0
2026-06-11 22:15:00,160.256,160.301,160.249,160.299,902.0
2026-06-11 22:30:00,160.298,160.306,160.28,160.285,826.0
2026-06-11 22:45:00,160.284,160.306,160.262,160.289,1406.0
2026-06-11 23:00:00,160.29,160.298,160.275,160.29,1165.0
2026-06-11 23:15:00,160.289,160.298,160.248,160.257,1215.0
2026-06-11 23:30:00,160.256,160.26,160.211,160.223,1800.0
2026-06-11 23:45:00,160.224,160.26,160.222,160.234,1604.0
2026-06-12 00:00:00,160.234,160.27,160.228,160.233,1636.0
2026-06-12 00:15:00,160.232,160.261,160.228,160.255,876.0
2026-06-12 00:30:00,160.256,160.26,160.229,160.244,1161.0
2026-06-12 00:45:00,160.246,160.266,160.232,160.258,1377.0
2026-06-12 01:00:00,160.258,160.274,160.241,160.269,1702.0
2026-06-12 01:15:00,160.27,160.304,160.269,160.283,1444.0
2026-06-12 01:30:00,160.285,160.304,160.284,160.299,1417.0
2026-06-12 01:45:00,160.298,160.352,160.296,160.346,1144.0
2026-06-12 02:00:00,160.346,160.359,160.29,160.308,2392.0
2026-06-12 02:15:00,160.308,160.308,160.258,160.264,2216.0
2026-06-12 02:30:00,160.265,160.334,160.258,160.324,3178.0
2026-06-12 02:45:00,160.324,160.328,160.285,160.32,2527.0
2026-06-12 03:00:00,160.319,160.358,160.315,160.354,2963.0
2026-06-12 03:15:00,160.355,160.372,160.34,160.37,1586.0
2026-06-12 03:30:00,160.372,160.375,160.344,160.344,1459.0
2026-06-12 03:45:00,160.344,160.376,160.27,160.284,3054.0
2026-06-12 04:00:00,160.283,160.295,160.22,160.234,3420.0
2026-06-12 04:15:00,160.234,160.25,159.952,160.174,6272.0
2026-06-12 04:30:00,160.171,160.171,160.079,160.081,4926.0
2026-06-12 04:45:00,160.082,160.116,160.068,160.094,3977.0
2026-06-12 05:00:00,160.093,160.114,160.057,160.07,3575.0
2026-06-12 05:15:00,160.07,160.07,159.956,160.021,4956.0
2026-06-12 05:30:00,160.02,160.034,159.978,160.032,2800.0
2026-06-12 05:45:00,160.031,160.082,160.022,160.065,2104.0
2026-06-12 06:00:00,160.066,160.084,160.036,160.06,2374.0
2026-06-12 06:15:00,160.059,160.193,160.048,160.156,3386.0
2026-06-12 06:30:00,160.154,160.166,160.102,160.107,2357.0
2026-06-12 06:45:00,160.108,160.124,160.082,160.096,2015.0
2026-06-12 07:00:00,160.095,160.176,160.093,160.149,2069.0
2026-06-12 07:15:00,160.15,160.162,160.119,160.15,2100.0
2026-06-12 07:30:00,160.15,160.155,160.108,160.118,1739.0
2026-06-12 07:45:00,160.118,160.186,160.116,160.171,1755.0
2026-06-12 08:00:00,160.171,160.206,160.17,160.194,3033.0
2026-06-12 08:15:00,160.194,160.251,160.172,160.247,2169.0
2026-06-12 08:30:00,160.248,160.282,160.242,160.271,2101.0
2026-06-12 08:45:00,160.27,160.31,160.244,160.257,2494.0
2026-06-12 09:00:00,160.258,160.282,160.235,160.262,3000.0
2026-06-12 09:15:00,160.262,160.264,160.208,160.21,2492.0
2026-06-12 09:30:00,160.21,160.344,160.192,160.296,5177.0
2026-06-12 09:45:00,160.296,160.308,160.268,160.272,3600.0
2026-06-12 10:00:00,160.268,160.291,160.213,160.242,3764.0
2026-06-12 10:15:00,160.241,160.29,160.228,160.262,2994.0
2026-06-12 10:30:00,160.262,160.268,160.203,160.254,3164.0
2026-06-12 10:45:00,160.254,160.284,160.163,160.241,6105.0
2026-06-12 11:00:00,160.24,160.25,160.19,160.199,3394.0
2026-06-12 11:15:00,160.2,160.218,160.178,160.19,3321.0
2026-06-12 11:30:00,160.19,160.226,160.168,160.225,3339.0
2026-06-12 11:45:00,160.224,160.248,160.22,160.246,2888.0
2026-06-12 12:00:00,160.248,160.28,160.182,160.225,2793.0
2026-06-12 12:15:00,160.226,160.228,160.186,160.228,2745.0
2026-06-12 12:30:00,160.227,160.238,160.207,160.238,1544.0
2026-06-12 12:45:00,160.238,160.242,160.214,160.232,1449.0
2026-06-12 13:00:00,160.232,160.238,160.19,160.211,1598.0
2026-06-12 13:15:00,160.21,160.222,160.19,160.194,1027.0
2026-06-12 13:30:00,160.194,160.21,160.184,160.192,1000.0
2026-06-12 13:45:00,160.192,160.21,160.184,160.2,1055.0
2026-06-12 14:00:00,160.199,160.227,160.193,160.226,1024.0
2026-06-12 14:15:00,160.226,160.226,160.21,160.216,1011.0
2026-06-12 14:30:00,160.215,160.216,160.194,160.203,904.0
2026-06-12 14:45:00,160.204,160.24,160.201,160.235,721.0
2026-06-12 15:00:00,160.236,160.245,160.2,160.212,862.0
2026-06-12 15:15:00,160.213,160.228,160.201,160.227,1000.0
2026-06-12 15:30:00,160.228,160.244,160.218,160.226,1204.0
2026-06-12 15:45:00,160.227,160.232,160.205,160.207,1150.0
2026-06-12 16:00:00,160.206,160.218,160.203,160.216,780.0
2026-06-12 16:15:00,160.214,160.22,160.21,160.218,284.0
2026-06-12 16:30:00,160.218,160.234,160.218,160.234,364.0
2026-06-12 16:45:00,160.233,160.235,160.2,160.228,1196.0
2026-06-14 17:00:00,160.148,160.158,160.119,160.136,53.0
2026-06-14 17:15:00,160.136,160.136,159.95,159.968,332.0
2026-06-14 17:30:00,159.966,159.978,159.801,159.85,249.0
2026-06-14 17:45:00,159.85,159.85,159.802,159.81,222.0
2026-06-14 18:00:00,159.81,159.872,159.738,159.868,2215.0
2026-06-14 18:15:00,159.868,159.963,159.84,159.94,2004.0
2026-06-14 18:30:00,159.94,159.951,159.886,159.896,1438.0
2026-06-14 18:45:00,159.897,159.942,159.887,159.942,1184.0
2026-06-14 19:00:00,159.942,159.957,159.902,159.954,1045.0
2026-06-14 19:15:00,159.956,159.956,159.921,159.95,762.0
2026-06-14 19:30:00,159.95,159.968,159.924,159.932,850.0
2026-06-14 19:45:00,159.932,159.98,159.903,159.963,1203.0
2026-06-14 20:00:00,159.962,159.963,159.891,159.906,2416.0
2026-06-14 20:15:00,159.905,159.955,159.884,159.944,2518.0
2026-06-14 20:30:00,159.944,159.976,159.942,159.955,1587.0
2026-06-14 20:45:00,159.956,160.128,159.942,160.111,3086.0
2026-06-14 21:00:00,160.11,160.148,160.094,160.12,2027.0
2026-06-14 21:15:00,160.119,160.212,160.118,160.158,1702.0
2026-06-14 21:30:00,160.157,160.184,160.132,160.182,1424.0
2026-06-14 21:45:00,160.182,160.217,160.166,160.206,1176.0
2026-06-14 22:00:00,160.207,160.232,160.192,160.217,1001.0
2026-06-14 22:15:00,160.218,160.224,160.168,160.17,1574.0
2026-06-14 22:30:00,160.172,160.172,160.122,160.144,1089.0
2026-06-14 22:45:00,160.145,160.153,160.124,160.143,924.0
2026-06-14 23:00:00,160.144,160.144,160.102,160.104,798.0
2026-06-14 23:15:00,160.104,160.11,160.072,160.078,761.0
2026-06-14 23:30:00,160.079,160.09,160.062,160.07,856.0
2026-06-14 23:45:00,160.07,160.074,160.049,160.056,605.0
2026-06-15 00:00:00,160.057,160.086,160.053,160.078,689.0
2026-06-15 00:15:00,160.078,160.092,160.071,160.092,551.0
2026-06-15 00:30:00,160.09,160.094,160.042,160.045,807.0
2026-06-15 00:45:00,160.044,160.055,160.014,160.052,1328.0
2026-06-15 01:00:00,160.053,160.06,159.991,159.998,1274.0
2026-06-15 01:15:00,160.0,160.042,159.997,160.026,980.0
2026-06-15 01:30:00,160.026,160.038,160.008,160.024,1053.0
2026-06-15 01:45:00,160.023,160.054,160.0,160.052,1072.0
2026-06-15 02:00:00,160.052,160.089,160.045,160.08,1818.0
2026-06-15 02:15:00,160.078,160.134,160.076,160.122,1864.0
2026-06-15 02:30:00,160.122,160.164,160.108,160.122,2531.0
2026-06-15 02:45:00,160.122,160.146,160.113,160.13,1571.0
2026-06-15 03:00:00,160.13,160.138,160.07,160.09,2585.0
2026-06-15 03:15:00,160.09,160.096,160.046,160.064,2408.0
2026-06-15 03:30:00,160.064,160.11,160.062,160.074,1954.0
2026-06-15 03:45:00,160.075,160.142,160.073,160.111,1886.0
2026-06-15 04:00:00,160.11,160.146,160.084,160.139,1986.0
2026-06-15 04:15:00,160.138,160.14,160.078,160.106,1541.0
2026-06-15 04:30:00,160.106,160.132,160.099,160.12,1541.0
2026-06-15 04:45:00,160.122,160.15,160.12,160.138,1369.0
2026-06-15 05:00:00,160.138,160.141,160.089,160.113,1507.0
2026-06-15 05:15:00,160.114,160.138,160.109,160.126,1243.0
2026-06-15 05:30:00,160.126,160.138,160.114,160.138,1100.0
2026-06-15 05:45:00,160.138,160.148,160.123,160.124,796.0
2026-06-15 06:00:00,160.124,160.149,160.124,160.14,1087.0
2026-06-15 06:15:00,160.141,160.145,160.116,160.12,1146.0
2026-06-15 06:30:00,160.119,160.131,160.091,160.102,1083.0
2026-06-15 06:45:00,160.102,160.13,160.097,160.128,1486.0
2026-06-15 07:00:00,160.128,160.14,160.114,160.138,1170.0
2026-06-15 07:15:00,160.139,160.165,160.136,160.164,1492.0
2026-06-15 07:30:00,160.164,160.206,160.15,160.196,1116.0
2026-06-15 07:45:00,160.196,160.2,160.162,160.187,1340.0
2026-06-15 08:00:00,160.186,160.192,160.162,160.174,1900.0
2026-06-15 08:15:00,160.175,160.186,160.152,160.153,2052.0
2026-06-15 08:30:00,160.154,160.161,160.13,160.141,1802.0
2026-06-15 08:45:00,160.14,160.145,160.12,160.138,1965.0
2026-06-15 09:00:00,160.138,160.154,160.119,160.132,1098.0
2026-06-15 09:15:00,160.133,160.133,160.102,160.104,1483.0
2026-06-15 09:30:00,160.104,160.118,160.07,160.098,2120.0
2026-06-15 09:45:00,160.098,160.11,160.073,160.073,1565.0
2026-06-15 10:00:00,160.071,160.087,160.03,160.07,1942.0
2026-06-15 10:15:00,160.068,160.08,160.034,160.044,2003.0
2026-06-15 10:30:00,160.044,160.096,160.042,160.086,1727.0
2026-06-15 10:45:00,160.086,160.138,160.05,160.136,2865.0
2026-06-15 11:00:00,160.136,160.158,160.126,160.152,2368.0
2026-06-15 11:15:00,160.152,160.16,160.137,160.148,2043.0
2026-06-15 11:30:00,160.148,160.186,160.14,160.179,1922.0
2026-06-15 11:45:00,160.18,160.206,160.176,160.202,901.0
2026-06-15 12:00:00,160.203,160.208,160.162,160.165,1332.0
2026-06-15 12:15:00,160.165,160.204,160.146,160.19,1284.0
2026-06-15 12:30:00,160.19,160.243,160.19,160.24,1330.0
2026-06-15 12:45:00,160.24,160.242,160.21,160.218,1064.0
2026-06-15 13:00:00,160.218,160.248,160.214,160.24,770.0
2026-06-15 13:15:00,160.238,160.271,160.233,160.27,747.0
2026-06-15 13:30:00,160.271,160.279,160.251,160.268,980.0
2026-06-15 13:45:00,160.268,160.282,160.254,160.273,635.0
2026-06-15 14:00:00,160.274,160.282,160.257,160.268,1093.0
2026-06-15 14:15:00,160.268,160.296,160.266,160.294,764.0
2026-06-15 14:30:00,160.293,160.31,160.265,160.276,2047.0
2026-06-15 14:45:00,160.275,160.322,160.268,160.308,1381.0
2026-06-15 15:00:00,160.306,160.335,160.292,160.316,1257.0
2026-06-15 15:15:00,160.318,160.324,160.293,160.32,901.0
2026-06-15 15:30:00,160.32,160.32,160.282,160.31,1275.0
2026-06-15 15:45:00,160.31,160.392,160.294,160.388,2142.0
2026-06-15 16:00:00,160.388,160.396,160.344,160.347,1384.0
2026-06-15 16:15:00,160.348,160.35,160.332,160.34,546.0
2026-06-15 16:30:00,160.339,160.366,160.338,160.353,1178.0
2026-06-15 16:45:00,160.353,160.367,160.349,160.356,1378.0
2026-06-15 17:00:00,160.344,160.346,160.324,160.326,9.0
2026-06-15 17:15:00,160.336,160.336,160.316,160.33,39.0
2026-06-15 17:30:00,160.328,160.368,160.308,160.312,210.0
2026-06-15 17:45:00,160.312,160.364,160.31,160.344,221.0
2026-06-15 18:00:00,160.352,160.356,160.32,160.334,447.0
2026-06-15 18:15:00,160.333,160.356,160.326,160.328,391.0
2026-06-15 18:30:00,160.327,160.335,160.318,160.328,238.0
2026-06-15 18:45:00,160.328,160.348,160.324,160.33,290.0
2026-06-15 19:00:00,160.33,160.331,160.289,160.301,503.0
2026-06-15 19:15:00,160.302,160.306,160.276,160.28,420.0
2026-06-15 19:30:00,160.279,160.28,160.266,160.268,482.0
2026-06-15 19:45:00,160.268,160.27,160.223,160.248,742.0
2026-06-15 20:00:00,160.246,160.276,160.234,160.258,948.0
2026-06-15 20:15:00,160.258,160.268,160.242,160.243,1192.0
2026-06-15 20:30:00,160.244,160.244,160.155,160.189,1040.0
2026-06-15 20:45:00,160.188,160.265,160.181,160.2,2753.0
2026-06-15 21:00:00,160.198,160.216,160.104,160.154,2643.0
2026-06-15 21:15:00,160.154,160.166,160.115,160.148,1707.0
2026-06-15 21:30:00,160.147,160.167,160.123,160.144,1998.0
2026-06-15 21:45:00,160.142,160.177,160.136,160.162,1406.0
2026-06-15 22:00:00,160.162,160.19,160.158,160.188,927.0
2026-06-15 22:15:00,160.188,160.197,160.147,160.152,728.0
2026-06-15 22:30:00,160.152,160.154,160.113,160.14,918.0
2026-06-15 22:45:00,160.139,160.158,160.102,160.14,1058.0
2026-06-15 23:00:00,160.142,160.15,160.051,160.092,2311.0
2026-06-15 23:15:00,160.094,160.244,160.069,160.235,3027.0
2026-06-15 23:30:00,160.236,160.249,160.209,160.241,1463.0
2026-06-15 23:45:00,160.242,160.244,160.204,160.21,1948.0
2026-06-16 00:00:00,160.212,160.296,160.19,160.288,2048.0
2026-06-16 00:15:00,160.288,160.349,160.281,160.331,1688.0
2026-06-16 00:30:00,160.33,160.34,160.308,160.313,1607.0
2026-06-16 00:45:00,160.31,160.317,160.244,160.256,2137.0
2026-06-16 01:00:00,160.256,160.306,160.248,160.29,1112.0
2026-06-16 01:15:00,160.291,160.292,160.252,160.258,966.0
2026-06-16 01:30:00,160.26,160.277,160.232,160.272,2022.0
2026-06-16 01:45:00,160.272,160.302,160.262,160.296,1474.0
2026-06-16 02:00:00,160.296,160.298,160.26,160.289,2095.0
2026-06-16 02:15:00,160.288,160.297,160.234,160.238,1857.0
2026-06-16 02:30:00,160.238,160.264,160.148,160.21,4226.0
2026-06-16 02:45:00,160.211,160.227,160.192,160.212,2700.0
2026-06-16 03:00:00,160.212,160.346,160.199,160.335,2546.0
2026-06-16 03:15:00,160.334,160.346,160.267,160.28,2170.0
2026-06-16 03:30:00,160.28,160.332,160.276,160.321,2314.0
2026-06-16 03:45:00,160.321,160.328,160.235,160.238,2360.0
2026-06-16 04:00:00,160.236,160.265,160.224,160.244,2706.0
2026-06-16 04:15:00,160.244,160.3,160.242,160.275,2378.0
2026-06-16 04:30:00,160.274,160.33,160.264,160.319,2214.0
2026-06-16 04:45:00,160.318,160.332,160.308,160.324,1472.0
2026-06-16 05:00:00,160.324,160.336,160.316,160.33,1224.0
2026-06-16 05:15:00,160.33,160.336,160.306,160.32,999.0
2026-06-16 05:30:00,160.32,160.338,160.312,160.334,1009.0
2026-06-16 05:45:00,160.333,160.361,160.332,160.342,2830.0
2026-06-16 06:00:00,160.343,160.345,160.314,160.322,1313.0
2026-06-16 06:15:00,160.322,160.324,160.304,160.314,1540.0
2026-06-16 06:30:00,160.313,160.318,160.28,160.282,1554.0
2026-06-16 06:45:00,160.282,160.324,160.281,160.293,1266.0
2026-06-16 07:00:00,160.292,160.338,160.292,160.336,1319.0
2026-06-16 07:15:00,160.337,160.343,160.316,160.322,1409.0
2026-06-16 07:30:00,160.32,160.358,160.318,160.348,951.0
2026-06-16 07:45:00,160.347,160.363,160.334,160.358,1502.0
2026-06-16 08:00:00,160.357,160.378,160.354,160.356,1936.0
2026-06-16 08:15:00,160.358,160.374,160.336,160.338,1261.0
2026-06-16 08:30:00,160.338,160.346,160.323,160.334,1230.0
2026-06-16 08:45:00,160.333,160.336,160.318,160.324,1496.0
2026-06-16 09:00:00,160.325,160.348,160.322,160.348,1896.0
2026-06-16 09:15:00,160.348,160.41,160.348,160.388,1872.0
2026-06-16 09:30:00,160.387,160.394,160.342,160.375,2657.0
2026-06-16 09:45:00,160.376,160.403,160.372,160.396,1934.0
2026-06-16 10:00:00,160.396,160.44,160.384,160.421,2013.0
2026-06-16 10:15:00,160.422,160.436,160.411,160.425,1885.0
2026-06-16 10:30:00,160.426,160.466,160.422,160.432,2854.0
2026-06-16 10:45:00,160.433,160.436,160.371,160.401,2980.0
2026-06-16 11:00:00,160.399,160.458,160.39,160.456,2079.0
2026-06-16 11:15:00,160.456,160.462,160.436,160.45,1551.0
2026-06-16 11:30:00,160.45,160.458,160.41,160.436,2180.0
2026-06-16 11:45:00,160.437,160.453,160.336,160.394,3539.0
2026-06-16 12:00:00,160.392,160.4,160.365,160.374,2335.0
2026-06-16 12:15:00,160.374,160.378,160.334,160.368,2106.0
2026-06-16 12:30:00,160.368,160.405,160.36,160.402,1735.0
2026-06-16 12:45:00,160.402,160.41,160.386,160.395,1471.0
2026-06-16 13:00:00,160.396,160.423,160.388,160.416,1115.0
2026-06-16 13:15:00,160.417,160.433,160.411,160.429,833.0
2026-06-16 13:30:00,160.43,160.44,160.416,160.428,972.0
2026-06-16 13:45:00,160.428,160.444,160.427,160.44,834.0
2026-06-16 14:00:00,160.436,160.442,160.421,160.433,1190.0
2026-06-16 14:15:00,160.432,160.452,160.428,160.445,937.0
2026-06-16 14:30:00,160.446,160.456,160.434,160.45,1058.0
2026-06-16 14:45:00,160.45,160.463,160.433,160.438,606.0
2026-06-16 15:00:00,160.436,160.438,160.402,160.41,806.0
2026-06-16 15:15:00,160.408,160.427,160.399,160.41,1176.0
2026-06-16 15:30:00,160.411,160.456,160.399,160.452,1034.0
2026-06-16 15:45:00,160.45,160.48,160.448,160.469,1411.0
2026-06-16 16:00:00,160.469,160.472,160.461,160.468,1148.0
2026-06-16 16:15:00,160.468,160.47,160.46,160.468,701.0
2026-06-16 16:30:00,160.466,160.483,160.464,160.478,220.0
2026-06-16 16:45:00,160.48,160.483,160.462,160.466,556.0
2026-06-16 17:00:00,160.421,160.429,160.418,160.422,20.0
2026-06-16 17:15:00,160.399,160.433,160.388,160.412,52.0
2026-06-16 17:30:00,160.412,160.453,160.404,160.438,225.0
2026-06-16 17:45:00,160.439,160.456,160.424,160.43,303.0
2026-06-16 18:00:00,160.432,160.446,160.418,160.441,781.0
2026-06-16 18:15:00,160.44,160.444,160.414,160.422,2397.0
2026-06-16 18:30:00,160.422,160.432,160.422,160.429,794.0
2026-06-16 18:45:00,160.43,160.44,160.405,160.408,2861.0
2026-06-16 19:00:00,160.408,160.432,160.396,160.41,717.0
2026-06-16 19:15:00,160.411,160.411,160.4,160.404,474.0
2026-06-16 19:30:00,160.403,160.42,160.398,160.408,2260.0
2026-06-16 19:45:00,160.408,160.442,160.405,160.426,706.0
2026-06-16 20:00:00,160.426,160.426,160.404,160.415,1523.0
2026-06-16 20:15:00,160.414,160.415,160.369,160.388,1431.0
2026-06-16 20:30:00,160.388,160.391,160.346,160.366,965.0
2026-06-16 20:45:00,160.367,160.416,160.35,160.353,1428.0
2026-06-16 21:00:00,160.352,160.373,160.314,160.335,1148.0
2026-06-16 21:15:00,160.336,160.355,160.314,160.332,1145.0
2026-06-16 21:30:00,160.331,160.342,160.322,160.334,794.0
2026-06-16 21:45:00,160.334,160.354,160.322,160.351,662.0
2026-06-16 22:00:00,160.35,160.354,160.333,160.338,631.0
2026-06-16 22:15:00,160.338,160.338,160.314,160.33,732.0
2026-06-16 22:30:00,160.33,160.342,160.322,160.33,730.0
2026-06-16 22:45:00,160.332,160.338,160.314,160.332,835.0
2026-06-16 23:00:00,160.33,160.356,160.314,160.334,980.0
2026-06-16 23:15:00,160.334,160.35,160.324,160.326,718.0
2026-06-16 23:30:00,160.325,160.338,160.318,160.32,595.0
2026-06-16 23:45:00,160.319,160.328,160.318,160.323,531.0
2026-06-17 00:00:00,160.324,160.328,160.272,160.286,1005.0
2026-06-17 00:15:00,160.285,160.299,160.276,160.294,724.0
2026-06-17 00:30:00,160.296,160.296,160.268,160.269,898.0
2026-06-17 00:45:00,160.27,160.276,160.256,160.267,658.0
2026-06-17 01:00:00,160.268,160.286,160.264,160.28,458.0
2026-06-17 01:15:00,160.28,160.288,160.262,160.282,582.0
2026-06-17 01:30:00,160.282,160.294,160.275,160.291,559.0
2026-06-17 01:45:00,160.292,160.331,160.29,160.327,742.0
2026-06-17 02:00:00,160.323,160.344,160.284,160.286,1792.0
2026-06-17 02:15:00,160.286,160.308,160.267,160.3,1658.0
2026-06-17 02:30:00,160.298,160.298,160.268,160.272,1372.0
2026-06-17 02:45:00,160.272,160.282,160.248,160.254,1376.0
2026-06-17 03:00:00,160.254,160.281,160.251,160.266,1988.0
2026-06-17 03:15:00,160.266,160.285,160.26,160.274,1026.0
2026-06-17 03:30:00,160.274,160.308,160.228,160.229,1514.0
2026-06-17 03:45:00,160.23,160.246,160.182,160.19,1585.0
2026-06-17 04:00:00,160.189,160.19,160.115,160.174,2578.0
2026-06-17 04:15:00,160.173,160.256,160.172,160.218,2177.0
2026-06-17 04:30:00,160.218,160.233,160.141,160.148,2410.0
2026-06-17 04:45:00,160.148,160.217,160.144,160.208,1970.0
2026-06-17 05:00:00,160.208,160.226,160.174,160.202,1103.0
2026-06-17 05:15:00,160.202,160.204,160.165,160.191,1058.0
2026-06-17 05:30:00,160.19,160.23,160.178,160.224,998.0
2026-06-17 05:45:00,160.223,160.226,160.18,160.186,1163.0
2026-06-17 06:00:00,160.186,160.203,160.182,160.198,1245.0
2026-06-17 06:15:00,160.198,160.224,160.186,160.222,1311.0
2026-06-17 06:30:00,160.222,160.229,160.208,160.222,1109.0
2026-06-17 06:45:00,160.22,160.243,160.208,160.236,983.0
2026-06-17 07:00:00,160.236,160.29,160.23,160.283,1385.0
2026-06-17 07:15:00,160.284,160.285,160.266,160.276,1676.0
2026-06-17 07:30:00,160.278,160.333,160.276,160.319,1380.0
2026-06-17 07:45:00,160.32,160.335,160.294,160.311,1482.0
2026-06-17 08:00:00,160.31,160.326,160.301,160.318,1554.0
2026-06-17 08:15:00,160.318,160.32,160.267,160.298,1241.0
2026-06-17 08:30:00,160.296,160.316,160.258,160.274,1665.0
2026-06-17 08:45:00,160.275,160.278,160.233,160.248,1609.0
2026-06-17 09:00:00,160.247,160.278,160.244,160.262,2385.0
2026-06-17 09:15:00,160.262,160.3,160.257,160.296,2038.0
2026-06-17 09:30:00,160.297,160.302,160.261,160.285,2444.0
2026-06-17 09:45:00,160.286,160.291,160.186,160.198,1962.0
2026-06-17 10:00:00,160.198,160.249,160.196,160.242,2379.0
2026-06-17 10:15:00,160.244,160.278,160.234,160.25,2349.0
2026-06-17 10:30:00,160.25,160.258,160.233,160.256,2022.0
2026-06-17 10:45:00,160.256,160.352,160.256,160.32,4034.0
2026-06-17 11:00:00,160.32,160.338,160.282,160.286,3014.0
2026-06-17 11:15:00,160.286,160.292,160.217,160.231,2231.0
2026-06-17 11:30:00,160.232,160.264,160.192,160.246,2099.0
2026-06-17 11:45:00,160.245,160.245,160.202,160.223,1267.0
2026-06-17 12:00:00,160.221,160.237,160.2,160.232,1160.0
2026-06-17 12:15:00,160.232,160.232,160.198,160.204,1150.0
2026-06-17 12:30:00,160.205,160.22,160.202,160.21,1152.0
2026-06-17 12:45:00,160.211,160.215,160.2,160.2,1087.0
2026-06-17 13:00:00,160.2,160.239,160.198,160.208,1897.0
2026-06-17 13:15:00,160.207,160.228,160.198,160.202,1085.0
2026-06-17 13:30:00,160.201,160.223,160.194,160.214,1089.0
2026-06-17 13:45:00,160.214,160.228,160.192,160.196,1377.0
2026-06-17 14:00:00,160.198,160.478,160.195,160.45,7880.0
2026-06-17 14:15:00,160.453,160.478,160.4,160.465,4678.0
2026-06-17 14:30:00,160.464,160.507,160.333,160.354,10234.0
2026-06-17 14:45:00,160.354,160.5,160.336,160.494,7471.0
2026-06-17 15:00:00,160.496,160.602,160.47,160.552,9160.0
2026-06-17 15:15:00,160.551,160.698,160.548,160.695,6603.0
2026-06-17 15:30:00,160.694,160.798,160.682,160.734,6336.0
2026-06-17 15:45:00,160.733,160.774,160.678,160.733,4971.0
2026-06-17 16:00:00,160.732,160.759,160.704,160.742,2220.0
2026-06-17 16:15:00,160.742,160.754,160.682,160.686,1697.0
2026-06-17 16:30:00,160.687,160.708,160.664,160.69,1558.0
2026-06-17 16:45:00,160.689,160.698,160.65,160.684,1729.0
2026-06-17 17:00:00,160.662,160.666,160.647,160.647,23.0
2026-06-17 17:15:00,160.648,160.653,160.59,160.593,143.0
2026-06-17 17:30:00,160.592,160.593,160.578,160.584,110.0
2026-06-17 17:45:00,160.584,160.654,160.536,160.608,809.0
2026-06-17 18:00:00,160.601,160.65,160.579,160.62,1290.0
2026-06-17 18:15:00,160.621,160.648,160.61,160.619,1913.0
2026-06-17 18:30:00,160.618,160.631,160.616,160.62,992.0
2026-06-17 18:45:00,160.62,160.622,160.604,160.612,478.0
2026-06-17 19:00:00,160.613,160.614,160.541,160.542,582.0
2026-06-17 19:15:00,160.542,160.588,160.54,160.587,793.0
2026-06-17 19:30:00,160.588,160.602,160.572,160.573,828.0
2026-06-17 19:45:00,160.574,160.626,160.573,160.606,804.0
2026-06-17 20:00:00,160.608,160.62,160.537,160.604,3347.0
2026-06-17 20:15:00,160.604,160.649,160.59,160.642,1936.0
2026-06-17 20:30:00,160.644,160.686,160.63,160.672,1585.0
2026-06-17 20:45:00,160.673,160.75,160.672,160.7,2755.0
2026-06-17 21:00:00,160.7,160.701,160.664,160.678,1793.0
2026-06-17 21:15:00,160.679,160.681,160.645,160.652,1382.0
2026-06-17 21:30:00,160.651,160.686,160.638,160.638,1258.0
2026-06-17 21:45:00,160.636,160.654,160.625,160.638,900.0
2026-06-17 22:00:00,160.637,160.664,160.613,160.626,1250.0
2026-06-17 22:15:00,160.625,160.642,160.62,160.624,1615.0
2026-06-17 22:30:00,160.624,160.646,160.578,160.58,1033.0
2026-06-17 22:45:00,160.58,160.594,160.564,160.581,1136.0
2026-06-17 23:00:00,160.582,160.616,160.578,160.596,1103.0
2026-06-17 23:15:00,160.596,160.596,160.57,160.584,1348.0
2026-06-17 23:30:00,160.585,160.605,160.577,160.592,935.0
2026-06-17 23:45:00,160.592,160.594,160.581,160.586,605.0
2026-06-18 00:00:00,160.586,160.597,160.576,160.597,1106.0
2026-06-18 00:15:00,160.596,160.624,160.59,160.616,860.0
2026-06-18 00:30:00,160.616,160.623,160.588,160.59,1208.0
2026-06-18 00:45:00,160.592,160.611,160.588,160.596,1118.0
2026-06-18 01:00:00,160.596,160.61,160.588,160.596,941.0
2026-06-18 01:15:00,160.598,160.61,160.582,160.61,830.0
2026-06-18 01:30:00,160.61,160.62,160.59,160.607,1066.0
2026-06-18 01:45:00,160.606,160.652,160.606,160.644,1151.0
2026-06-18 02:00:00,160.644,160.646,160.592,160.612,2224.0
2026-06-18 02:15:00,160.612,160.65,160.604,160.636,2371.0
2026-06-18 02:30:00,160.637,160.678,160.632,160.634,2001.0
2026-06-18 02:45:00,160.634,160.682,160.631,160.634,2102.0
2026-06-18 03:00:00,160.637,160.637,160.58,160.604,2960.0
2026-06-18 03:15:00,160.604,160.634,160.594,160.607,1847.0
2026-06-18 03:30:00,160.608,160.682,160.604,160.605,2028.0
2026-06-18 03:45:00,160.606,160.634,160.574,160.596,2371.0
2026-06-18 04:00:00,160.596,160.622,160.592,160.618,1953.0
2026-06-18 04:15:00,160.618,160.649,160.616,160.638,1659.0
2026-06-18 04:30:00,160.639,160.7,160.628,160.7,2596.0
2026-06-18 04:45:00,160.699,160.778,160.687,160.775,2195.0
2026-06-18 05:00:00,160.777,160.799,160.476,160.708,6380.0
2026-06-18 05:15:00,160.706,160.754,160.668,160.719,3407.0
2026-06-18 05:30:00,160.72,160.758,160.714,160.73,2127.0
2026-06-18 05:45:00,160.73,160.806,160.722,160.79,2245.0
2026-06-18 06:00:00,160.792,160.892,160.79,160.849,3226.0
2026-06-18 06:15:00,160.85,160.858,160.75,160.829,2159.0
2026-06-18 06:30:00,160.828,160.9,160.82,160.9,1769.0
2026-06-18 06:45:00,160.899,160.952,160.89,160.924,1477.0
2026-06-18 07:00:00,160.923,160.952,160.905,160.942,2915.0
2026-06-18 07:15:00,160.944,160.95,160.898,160.913,2217.0
2026-06-18 07:30:00,160.914,160.936,160.868,160.931,2292.0
2026-06-18 07:45:00,160.932,160.939,160.912,160.93,2126.0
2026-06-18 08:00:00,160.93,160.944,160.896,160.901,2577.0
2026-06-18 08:15:00,160.902,160.93,160.832,160.888,3983.0
2026-06-18 08:30:00,160.888,160.923,160.862,160.912,3058.0
2026-06-18 08:45:00,160.912,160.916,160.87,160.874,2764.0
2026-06-18 09:00:00,160.874,160.929,160.86,160.88,3517.0
2026-06-18 09:15:00,160.882,160.901,160.839,160.84,3146.0
2026-06-18 09:30:00,160.841,160.864,160.801,160.859,3594.0
2026-06-18 09:45:00,160.86,160.896,160.834,160.888,3258.0
2026-06-18 10:00:00,160.888,160.915,160.87,160.872,2989.0
2026-06-18 10:15:00,160.872,160.892,160.848,160.877,2380.0
2026-06-18 10:30:00,160.878,160.898,160.869,160.878,2208.0
2026-06-18 10:45:00,160.881,160.885,160.84,160.858,2748.0
2026-06-18 11:00:00,160.857,160.894,160.85,160.894,2807.0
2026-06-18 11:15:00,160.892,160.988,160.886,160.982,1997.0
2026-06-18 11:30:00,160.982,161.1,160.975,161.08,3907.0
2026-06-18 11:45:00,161.08,161.376,161.08,161.371,2969.0
2026-06-18 12:00:00,161.37,161.376,161.199,161.304,4678.0
2026-06-18 12:15:00,161.304,161.398,161.262,161.312,3285.0
2026-06-18 12:30:00,161.312,161.344,161.26,161.296,2487.0
2026-06-18 12:45:00,161.296,161.452,161.29,161.43,2439.0
2026-06-18 13:00:00,161.429,161.456,161.404,161.413,1949.0
2026-06-18 13:15:00,161.412,161.415,161.34,161.388,1941.0
2026-06-18 13:30:00,161.388,161.433,161.388,161.414,1638.0
2026-06-18 13:45:00,161.416,161.448,161.402,161.448,1613.0
2026-06-18 14:00:00,161.448,161.456,161.405,161.412,1531.0
2026-06-18 14:15:00,161.412,161.444,161.406,161.442,1408.0
2026-06-18 14:30:00,161.442,161.492,161.442,161.476,1502.0
2026-06-18 14:45:00,161.475,161.688,161.464,161.678,4320.0
2026-06-18 15:00:00,161.678,161.81,161.676,161.724,4645.0
2026-06-18 15:15:00,161.724,161.794,161.72,161.747,2927.0
2026-06-18 15:30:00,161.746,161.748,160.898,161.43,9507.0
2026-06-18 15:45:00,161.43,161.444,161.287,161.432,5753.0
2026-06-18 16:00:00,161.432,161.46,161.33,161.355,1961.0
2026-06-18 16:15:00,161.356,161.41,161.352,161.369,1062.0
2026-06-18 16:30:00,161.368,161.416,161.368,161.409,753.0
2026-06-18 16:45:00,161.407,161.418,161.39,161.41,1454.0
2026-06-18 17:00:00,161.397,161.397,161.391,161.392,4.0
2026-06-18 17:15:00,161.401,161.434,161.392,161.404,144.0
2026-06-18 17:30:00,161.406,161.406,161.362,161.377,177.0
2026-06-18 17:45:00,161.367,161.38,161.338,161.354,194.0
2026-06-18 18:00:00,161.346,161.43,161.324,161.338,1162.0
2026-06-18 18:15:00,161.338,161.382,161.336,161.356,866.0
2026-06-18 18:30:00,161.356,161.356,161.298,161.302,393.0
2026-06-18 18:45:00,161.301,161.302,161.178,161.278,1470.0
2026-06-18 19:00:00,161.277,161.336,161.25,161.31,1101.0
2026-06-18 19:15:00,161.31,161.362,161.293,161.332,623.0
2026-06-18 19:30:00,161.332,161.36,161.284,161.284,729.0
2026-06-18 19:45:00,161.284,161.347,161.264,161.297,1282.0
2026-06-18 20:00:00,161.3,161.302,161.229,161.27,3262.0
2026-06-18 20:15:00,161.268,161.268,161.222,161.232,1624.0
2026-06-18 20:30:00,161.231,161.232,161.008,161.124,2698.0
2026-06-18 20:45:00,161.125,161.154,161.024,161.106,3541.0
2026-06-18 21:00:00,161.105,161.132,160.986,161.118,3502.0
2026-06-18 21:15:00,161.118,161.147,161.052,161.074,3205.0
2026-06-18 21:30:00,161.073,161.196,161.071,161.194,2054.0
2026-06-18 21:45:00,161.194,161.212,161.177,161.196,1528.0
2026-06-18 22:00:00,161.197,161.223,161.161,161.21,1410.0
2026-06-18 22:15:00,161.21,161.224,161.146,161.178,1467.0
2026-06-18 22:30:00,161.18,161.205,161.104,161.18,2056.0
2026-06-18 22:45:00,161.18,161.242,161.176,161.23,1568.0
2026-06-18 23:00:00,161.234,161.254,161.205,161.228,1479.0
2026-06-18 23:15:00,161.228,161.304,161.226,161.302,1367.0
2026-06-18 23:30:00,161.3,161.302,161.27,161.272,1246.0
2026-06-18 23:45:00,161.271,161.348,161.264,161.348,1454.0
2026-06-19 00:00:00,161.35,161.413,161.347,161.375,1824.0
2026-06-19 00:15:00,161.374,161.402,161.36,161.387,1680.0
2026-06-19 00:30:00,161.386,161.388,161.357,161.363,1695.0
2026-06-19 00:45:00,161.363,161.389,161.338,161.378,1959.0
2026-06-19 01:00:00,161.377,161.412,161.337,161.408,2973.0
2026-06-19 01:15:00,161.408,161.459,161.396,161.402,2509.0
2026-06-19 01:30:00,161.4,161.418,161.374,161.395,2221.0
2026-06-19 01:45:00,161.394,161.402,161.331,161.338,2038.0
2026-06-19 02:00:00,161.338,161.365,161.3,161.344,2844.0
2026-06-19 02:15:00,161.344,161.39,161.336,161.351,2649.0
2026-06-19 02:30:00,161.35,161.402,161.33,161.357,2111.0
2026-06-19 02:45:00,161.354,161.36,161.268,161.276,2100.0
2026-06-19 03:00:00,161.276,161.286,161.24,161.268,3057.0
2026-06-19 03:15:00,161.27,161.353,161.263,161.305,2378.0
2026-06-19 03:30:00,161.306,161.322,161.289,161.314,2269.0
2026-06-19 03:45:00,161.313,161.347,161.278,161.319,2016.0
2026-06-19 04:00:00,161.318,161.326,161.24,161.307,2711.0
2026-06-19 04:15:00,161.31,161.314,161.268,161.306,1836.0
2026-06-19 04:30:00,161.306,161.322,161.281,161.3,1887.0
2026-06-19 04:45:00,161.298,161.31,161.283,161.287,1284.0
2026-06-19 05:00:00,161.286,161.329,161.28,161.286,1616.0
2026-06-19 05:15:00,161.286,161.304,161.27,161.288,1320.0
2026-06-19 05:30:00,161.287,161.288,161.234,161.248,1641.0
2026-06-19 05:45:00,161.248,161.274,161.246,161.264,2151.0
2026-06-19 06:00:00,161.264,161.272,161.241,161.27,1633.0
2026-06-19 06:15:00,161.27,161.321,161.266,161.306,2224.0
2026-06-19 06:30:00,161.306,161.334,161.292,161.317,1565.0
2026-06-19 06:45:00,161.318,161.319,161.276,161.28,2527.0
2026-06-19 07:00:00,161.28,161.312,161.265,161.296,2045.0
2026-06-19 07:15:00,161.296,161.297,161.264,161.295,1530.0
2026-06-19 07:30:00,161.296,161.296,161.26,161.27,1175.0
2026-06-19 07:45:00,161.27,161.27,161.236,161.259,1098.0
2026-06-19 08:00:00,161.258,161.274,161.215,161.222,1921.0
2026-06-19 08:15:00,161.222,161.274,161.219,161.274,1015.0
2026-06-19 08:30:00,161.272,161.283,161.246,161.269,1583.0
2026-06-19 08:45:00,161.268,161.272,161.157,161.169,4136.0
2026-06-19 09:00:00,161.168,161.229,161.156,161.228,2874.0
2026-06-19 09:15:00,161.228,161.271,161.206,161.254,2065.0
2026-06-19 09:30:00,161.254,161.287,161.252,161.27,1646.0
2026-06-19 09:45:00,161.27,161.303,161.256,161.296,1916.0
2026-06-19 10:00:00,161.296,161.322,161.285,161.289,1677.0
2026-06-19 10:15:00,161.288,161.296,161.268,161.278,1466.0
2026-06-19 10:30:00,161.277,161.296,161.275,161.28,1389.0
2026-06-19 10:45:00,161.28,161.292,161.15,161.166,3119.0
2026-06-19 11:00:00,161.166,161.231,161.133,161.22,2923.0
2026-06-19 11:15:00,161.22,161.268,161.218,161.267,1064.0
2026-06-19 11:30:00,161.268,161.282,161.26,161.28,573.0
2026-06-19 11:45:00,161.278,161.308,161.27,161.308,607.0
2026-06-19 12:00:00,161.307,161.326,161.296,161.316,445.0
2026-06-19 12:15:00,161.318,161.33,161.267,161.269,525.0
2026-06-19 12:30:00,161.268,161.342,161.267,161.332,402.0
2026-06-19 12:45:00,161.338,161.34,161.322,161.337,490.0
2026-06-19 13:00:00,161.337,161.342,161.321,161.332,388.0
2026-06-19 13:15:00,161.332,161.333,161.316,161.318,1693.0
2026-06-19 13:30:00,161.317,161.326,161.298,161.308,786.0
2026-06-19 13:45:00,161.308,161.308,161.262,161.274,990.0
2026-06-19 14:00:00,161.273,161.286,161.256,161.282,659.0
2026-06-19 14:15:00,161.282,161.284,161.265,161.272,367.0
2026-06-19 14:30:00,161.272,161.28,161.245,161.246,324.0
2026-06-19 14:45:00,161.246,161.272,161.228,161.268,741.0
2026-06-19 15:00:00,161.267,161.267,161.232,161.261,743.0
2026-06-19 15:15:00,161.261,161.288,161.258,161.272,412.0
2026-06-19 15:30:00,161.271,161.272,161.263,161.268,196.0
2026-06-19 15:45:00,161.268,161.298,161.268,161.294,247.0
2026-06-19 16:00:00,161.294,161.324,161.244,161.262,7999.0
2026-06-19 16:15:00,161.262,161.326,161.25,161.308,2317.0
2026-06-19 16:30:00,161.308,161.317,161.262,161.28,2547.0
2026-06-19 16:45:00,161.282,161.318,161.272,161.31,1522.0
2026-06-21 17:00:00,161.266,161.275,161.249,161.272,22.0
2026-06-21 17:15:00,161.272,161.276,161.27,161.274,48.0
2026-06-21 17:30:00,161.276,161.334,161.276,161.328,121.0
2026-06-21 17:45:00,161.328,161.33,161.326,161.33,23.0
2026-06-21 18:00:00,161.33,161.436,161.328,161.418,596.0
2026-06-21 18:15:00,161.416,161.429,161.394,161.42,372.0
2026-06-21 18:30:00,161.419,161.459,161.419,161.457,322.0
2026-06-21 18:45:00,161.456,161.458,161.441,161.456,398.0
2026-06-21 19:00:00,161.456,161.469,161.422,161.456,575.0
2026-06-21 19:15:00,161.456,161.459,161.42,161.444,646.0
2026-06-21 19:30:00,161.444,161.486,161.434,161.482,645.0
2026-06-21 19:45:00,161.48,161.518,161.429,161.439,1230.0
2026-06-21 20:00:00,161.436,161.506,161.418,161.488,2059.0
2026-06-21 20:15:00,161.488,161.494,161.425,161.46,1693.0
2026-06-21 20:30:00,161.461,161.498,161.448,161.484,1766.0
2026-06-21 20:45:00,161.484,161.568,161.481,161.495,2987.0
2026-06-21 21:00:00,161.494,161.497,161.436,161.447,3795.0
2026-06-21 21:15:00,161.446,161.496,161.438,161.466,2817.0
2026-06-21 21:30:00,161.466,161.504,161.456,161.488,2176.0
2026-06-21 21:45:00,161.488,161.55,161.486,161.536,1346.0
2026-06-21 22:00:00,161.538,161.578,161.534,161.578,948.0
2026-06-21 22:15:00,161.578,161.6,161.523,161.564,1435.0
2026-06-21 22:30:00,161.564,161.564,161.518,161.529,947.0
2026-06-21 22:45:00,161.53,161.546,161.528,161.538,1032.0
2026-06-21 23:00:00,161.536,161.574,161.531,161.567,1168.0
2026-06-21 23:15:00,161.566,161.578,161.549,161.578,985.0
2026-06-21 23:30:00,161.579,161.608,161.576,161.581,1039.0
2026-06-21 23:45:00,161.58,161.593,161.562,161.59,847.0
2026-06-22 00:00:00,161.588,161.65,161.588,161.648,1252.0
2026-06-22 00:15:00,161.649,161.668,161.639,161.66,1410.0
2026-06-22 00:30:00,161.659,161.678,161.655,161.668,962.0
2026-06-22 00:45:00,161.666,161.695,161.658,161.668,1384.0
2026-06-22 01:00:00,161.668,161.684,161.646,161.668,1246.0
2026-06-22 01:15:00,161.668,161.676,161.646,161.648,1035.0
2026-06-22 01:30:00,161.648,161.662,161.642,161.66,1275.0
2026-06-22 01:45:00,161.66,161.703,161.657,161.701,1856.0
2026-06-22 02:00:00,161.7,161.713,161.613,161.657,3006.0
2026-06-22 02:15:00,161.658,161.664,161.63,161.646,2570.0
2026-06-22 02:30:00,161.647,161.716,161.644,161.672,2040.0
2026-06-22 02:45:00,161.672,161.688,161.653,161.683,1464.0
2026-06-22 03:00:00,161.682,161.709,161.65,161.692,2517.0
2026-06-22 03:15:00,161.692,161.743,161.68,161.74,2044.0
2026-06-22 03:30:00,161.74,161.767,161.728,161.764,1460.0
2026-06-22 03:45:00,161.765,161.766,161.735,161.742,1358.0
2026-06-22 04:00:00,161.742,161.78,161.706,161.776,2607.0
2026-06-22 04:15:00,161.776,161.786,161.724,161.746,2567.0
2026-06-22 04:30:00,161.746,161.776,161.719,161.76,2937.0
2026-06-22 04:45:00,161.76,161.788,161.759,161.772,1831.0
2026-06-22 05:00:00,161.772,161.776,161.708,161.723,2417.0
2026-06-22 05:15:00,161.722,161.76,161.721,161.75,1768.0
2026-06-22 05:30:00,161.75,161.759,161.722,161.756,2099.0
2026-06-22 05:45:00,161.755,161.768,161.716,161.743,1972.0
2026-06-22 06:00:00,161.744,161.751,161.71,161.722,1947.0
2026-06-22 06:15:00,161.722,161.732,161.656,161.688,1435.0
2026-06-22 06:30:00,161.688,161.742,161.682,161.724,1970.0
2026-06-22 06:45:00,161.724,161.728,161.71,161.726,2568.0
2026-06-22 07:00:00,161.727,161.747,161.675,161.718,3372.0
2026-06-22 07:15:00,161.718,161.746,161.712,161.74,1599.0
2026-06-22 07:30:00,161.739,161.74,161.708,161.728,1996.0
2026-06-22 07:45:00,161.728,161.792,161.722,161.766,1563.0
2026-06-22 08:00:00,161.764,161.784,161.742,161.764,2492.0
2026-06-22 08:15:00,161.764,161.782,161.736,161.75,2092.0
2026-06-22 08:30:00,161.75,161.758,161.726,161.753,2095.0
2026-06-22 08:45:00,161.754,161.781,161.732,161.774,2095.0
2026-06-22 09:00:00,161.776,161.802,161.736,161.782,4951.0
2026-06-22 09:15:00,161.782,161.852,161.777,161.842,2827.0
2026-06-22 09:30:00,161.84,161.887,161.818,161.87,3330.0
2026-06-22 09:45:00,161.87,161.91,161.848,161.898,2469.0
2026-06-22 10:00:00,161.899,161.928,161.203,161.694,10066.0
2026-06-22 10:15:00,161.692,161.786,161.658,161.692,4836.0
2026-06-22 10:30:00,161.692,161.76,161.317,161.512,7322.0
2026-06-22 10:45:00,161.513,161.531,161.072,161.33,13323.0
2026-06-22 11:00:00,161.332,161.361,161.166,161.208,7324.0
2026-06-22 11:15:00,161.206,161.468,161.167,161.408,5384.0
2026-06-22 11:30:00,161.408,161.452,161.352,161.418,3646.0
2026-06-22 11:45:00,161.417,161.548,161.417,161.508,4963.0
2026-06-22 12:00:00,161.508,161.597,161.477,161.572,3237.0
2026-06-22 12:15:00,161.572,161.652,161.528,161.573,2938.0
2026-06-22 12:30:00,161.574,161.59,161.498,161.564,2062.0
2026-06-22 12:45:00,161.564,161.576,161.534,161.555,1846.0
2026-06-22 13:00:00,161.556,161.566,161.496,161.532,2062.0
2026-06-22 13:15:00,161.533,161.544,161.486,161.519,1227.0
2026-06-22 13:30:00,161.52,161.568,161.519,161.546,1574.0
2026-06-22 13:45:00,161.546,161.551,161.496,161.504,1053.0
2026-06-22 14:00:00,161.503,161.525,161.492,161.495,877.0
2026-06-22 14:15:00,161.494,161.522,161.486,161.506,1406.0
2026-06-22 14:30:00,161.508,161.512,161.423,161.43,1419.0
2026-06-22 14:45:00,161.43,161.468,161.4,161.422,2003.0
2026-06-22 15:00:00,161.422,161.578,161.422,161.562,1382.0
2026-06-22 15:15:00,161.563,161.632,161.56,161.632,1546.0
2026-06-22 15:30:00,161.632,161.679,161.616,161.674,1695.0
2026-06-22 15:45:00,161.674,161.69,161.6,161.604,2373.0
2026-06-22 16:00:00,161.604,161.61,161.58,161.596,944.0
2026-06-22 16:15:00,161.595,161.617,161.56,161.588,1284.0
2026-06-22 16:30:00,161.591,161.608,161.589,161.595,1418.0
2026-06-22 16:45:00,161.596,161.616,161.585,161.6,2023.0
2026-06-22 17:00:00,161.562,161.563,161.553,161.554,35.0
2026-06-22 17:15:00,161.552,161.558,161.545,161.55,55.0
2026-06-22 17:30:00,161.548,161.565,161.548,161.556,556.0
2026-06-22 17:45:00,161.558,161.564,161.552,161.564,519.0
2026-06-22 18:00:00,161.566,161.614,161.546,161.607,786.0
2026-06-22 18:15:00,161.608,161.64,161.604,161.612,525.0
2026-06-22 18:30:00,161.61,161.616,161.595,161.596,277.0
2026-06-22 18:45:00,161.596,161.604,161.539,161.583,632.0
2026-06-22 19:00:00,161.584,161.585,161.554,161.574,533.0
2026-06-22 19:15:00,161.574,161.59,161.558,161.575,565.0
2026-06-22 19:30:00,161.576,161.585,161.556,161.581,426.0
2026-06-22 19:45:00,161.58,161.59,161.556,161.578,1045.0
2026-06-22 20:00:00,161.578,161.59,161.526,161.56,2291.0
2026-06-22 20:15:00,161.558,161.581,161.546,161.553,2062.0
2026-06-22 20:30:00,161.552,161.602,161.544,161.594,1642.0
2026-06-22 20:45:00,161.592,161.632,161.522,161.579,3612.0
2026-06-22 21:00:00,161.578,161.593,161.555,161.575,1687.0
2026-06-22 21:15:00,161.576,161.592,161.556,161.578,1406.0
2026-06-22 21:30:00,161.578,161.596,161.573,161.588,973.0
2026-06-22 21:45:00,161.588,161.606,161.586,161.588,1097.0
2026-06-22 22:00:00,161.589,161.59,161.546,161.546,1323.0
2026-06-22 22:15:00,161.545,161.56,161.526,161.558,837.0
2026-06-22 22:30:00,161.558,161.559,161.532,161.549,908.0
2026-06-22 22:45:00,161.55,161.598,161.55,161.582,1024.0
2026-06-22 23:00:00,161.582,161.591,161.561,161.589,1064.0
2026-06-22 23:15:00,161.588,161.608,161.568,161.594,1063.0
2026-06-22 23:30:00,161.594,161.602,161.538,161.557,1076.0
2026-06-22 23:45:00,161.556,161.57,161.552,161.556,944.0
2026-06-23 00:00:00,161.555,161.59,161.552,161.59,969.0
2026-06-23 00:15:00,161.59,161.596,161.57,161.578,1205.0
2026-06-23 00:30:00,161.577,161.604,161.576,161.598,856.0
2026-06-23 00:45:00,161.598,161.614,161.586,161.612,912.0
2026-06-23 01:00:00,161.612,161.631,161.599,161.618,1285.0
2026-06-23 01:15:00,161.62,161.62,161.589,161.605,957.0
2026-06-23 01:30:00,161.606,161.63,161.598,161.618,1064.0
2026-06-23 01:45:00,161.618,161.686,161.617,161.654,1529.0
2026-06-23 02:00:00,161.653,161.682,161.647,161.668,2226.0
2026-06-23 02:15:00,161.668,161.742,161.664,161.724,2340.0
2026-06-23 02:30:00,161.724,161.739,161.682,161.696,1970.0
2026-06-23 02:45:00,161.697,161.697,161.642,161.644,2374.0
2026-06-23 03:00:00,161.644,161.659,161.32,161.578,8638.0
2026-06-23 03:15:00,161.574,161.574,161.39,161.47,4502.0
2026-06-23 03:30:00,161.47,161.548,161.427,161.513,4020.0
2026-06-23 03:45:00,161.512,161.524,161.432,161.466,3545.0
2026-06-23 04:00:00,161.466,161.488,161.264,161.398,5679.0
2026-06-23 04:15:00,161.398,161.444,161.364,161.424,3343.0
2026-06-23 04:30:00,161.425,161.484,161.4,161.453,2862.0
2026-06-23 04:45:00,161.454,161.469,161.405,161.436,2147.0
2026-06-23 05:00:00,161.436,161.469,161.34,161.387,3298.0
2026-06-23 05:15:00,161.386,161.438,161.384,161.422,2336.0
2026-06-23 05:30:00,161.422,161.45,161.386,161.424,2107.0
2026-06-23 05:45:00,161.426,161.43,161.38,161.388,1966.0
2026-06-23 06:00:00,161.386,161.426,161.384,161.402,1706.0
2026-06-23 06:15:00,161.402,161.404,161.362,161.378,1635.0
2026-06-23 06:30:00,161.378,161.422,161.352,161.42,1729.0
2026-06-23 06:45:00,161.42,161.482,161.413,161.456,2218.0
2026-06-23 07:00:00,161.456,161.487,161.444,161.467,2151.0
2026-06-23 07:15:00,161.464,161.508,161.432,161.508,2629.0
2026-06-23 07:30:00,161.507,161.602,161.506,161.586,2126.0
2026-06-23 07:45:00,161.585,161.615,161.578,161.59,1937.0
2026-06-23 08:00:00,161.59,161.609,161.496,161.528,2577.0
2026-06-23 08:15:00,161.528,161.54,161.485,161.495,2961.0
2026-06-23 08:30:00,161.494,161.52,161.445,161.519,2342.0
2026-06-23 08:45:00,161.518,161.566,161.502,161.556,2503.0
2026-06-23 09:00:00,161.557,161.582,161.518,161.558,2799.0
2026-06-23 09:15:00,161.559,161.565,161.504,161.507,2991.0
2026-06-23 09:30:00,161.506,161.53,161.467,161.492,3810.0
2026-06-23 09:45:00,161.489,161.533,161.472,161.524,2463.0
2026-06-23 10:00:00,161.524,161.565,161.488,161.557,3276.0
2026-06-23 10:15:00,161.558,161.586,161.537,161.581,2428.0
2026-06-23 10:30:00,161.58,161.582,161.543,161.556,2634.0
2026-06-23 10:45:00,161.557,161.582,161.511,161.544,3062.0
2026-06-23 11:00:00,161.545,161.586,161.541,161.554,2227.0
2026-06-23 11:15:00,161.554,161.583,161.532,161.542,2010.0
2026-06-23 11:30:00,161.541,161.544,161.505,161.516,2489.0
2026-06-23 11:45:00,161.517,161.574,161.509,161.55,1859.0
2026-06-23 12:00:00,161.55,161.587,161.549,161.549,1000.0
2026-06-23 12:15:00,161.55,161.578,161.541,161.576,1261.0
2026-06-23 12:30:00,161.576,161.58,161.542,161.544,1053.0
2026-06-23 12:45:00,161.545,161.602,161.544,161.597,1565.0
2026-06-23 13:00:00,161.598,161.61,161.584,161.604,1375.0
2026-06-23 13:15:00,161.603,161.62,161.6,161.606,722.0
2026-06-23 13:30:00,161.606,161.614,161.557,161.56,1613.0
2026-06-23 13:45:00,161.56,161.593,161.548,161.56,1196.0
2026-06-23 14:00:00,161.559,161.576,161.554,161.574,713.0
2026-06-23 14:15:00,161.574,161.587,161.567,161.581,835.0
2026-06-23 14:30:00,161.58,161.598,161.558,161.568,1065.0
2026-06-23 14:45:00,161.57,161.584,161.548,161.569,1095.0
2026-06-23 15:00:00,161.568,161.575,161.55,161.552,1081.0
2026-06-23 15:15:00,161.552,161.57,161.542,161.553,1211.0
2026-06-23 15:30:00,161.552,161.554,161.512,161.542,1334.0
2026-06-23 15:45:00,161.542,161.58,161.528,161.58,1822.0
2026-06-23 16:00:00,161.58,161.612,161.572,161.592,1415.0
2026-06-23 16:15:00,161.592,161.604,161.572,161.573,292.0
2026-06-23 16:30:00,161.572,161.591,161.57,161.588,206.0
2026-06-23 16:45:00,161.588,161.594,161.576,161.578,515.0
2026-06-23 17:00:00,161.54,161.54,161.516,161.519,45.0
2026-06-23 17:15:00,161.52,161.531,161.514,161.53,51.0
2026-06-23 17:30:00,161.524,161.544,161.52,161.539,186.0
2026-06-23 17:45:00,161.538,161.572,161.522,161.546,216.0
2026-06-23 18:00:00,161.546,161.606,161.53,161.578,333.0
2026-06-23 18:15:00,161.576,161.586,161.565,161.576,326.0
2026-06-23 18:30:00,161.576,161.576,161.546,161.546,374.0
2026-06-23 18:45:00,161.546,161.568,161.534,161.562,190.0
2026-06-23 19:00:00,161.561,161.561,161.535,161.554,562.0
2026-06-23 19:15:00,161.554,161.574,161.553,161.565,434.0
2026-06-23 19:30:00,161.566,161.576,161.55,161.553,547.0
2026-06-23 19:45:00,161.552,161.609,161.552,161.6,1278.0
2026-06-23 20:00:00,161.6,161.6,161.55,161.574,1837.0
2026-06-23 20:15:00,161.573,161.616,161.56,161.603,1999.0
2026-06-23 20:30:00,161.602,161.618,161.593,161.615,1320.0
2026-06-23 20:45:00,161.614,161.634,161.578,161.624,1702.0
2026-06-23 21:00:00,161.624,161.629,161.571,161.581,1617.0
2026-06-23 21:15:00,161.58,161.589,161.568,161.576,1333.0
2026-06-23 21:30:00,161.578,161.588,161.556,161.56,1691.0
2026-06-23 21:45:00,161.561,161.583,161.551,161.57,987.0
2026-06-23 22:00:00,161.57,161.588,161.56,161.565,1023.0
2026-06-23 22:15:00,161.566,161.566,161.534,161.555,1096.0
2026-06-23 22:30:00,161.555,161.568,161.546,161.562,1148.0
2026-06-23 22:45:00,161.562,161.568,161.547,161.552,897.0
2026-06-23 23:00:00,161.551,161.602,161.548,161.598,1380.0
2026-06-23 23:15:00,161.598,161.598,161.552,161.555,1444.0
2026-06-23 23:30:00,161.554,161.57,161.552,161.57,1764.0
2026-06-23 23:45:00,161.569,161.57,161.545,161.553,790.0
2026-06-24 00:00:00,161.552,161.566,161.532,161.558,1059.0
2026-06-24 00:15:00,161.559,161.563,161.545,161.56,1083.0
2026-06-24 00:30:00,161.56,161.563,161.542,161.554,942.0
2026-06-24 00:45:00,161.554,161.56,161.544,161.558,1181.0
2026-06-24 01:00:00,161.558,161.568,161.544,161.551,1227.0
2026-06-24 01:15:00,161.552,161.616,161.55,161.602,1884.0
2026-06-24 01:30:00,161.603,161.615,161.586,161.594,1186.0
2026-06-24 01:45:00,161.594,161.618,161.578,161.612,1308.0
2026-06-24 02:00:00,161.612,161.652,161.612,161.636,2281.0
2026-06-24 02:15:00,161.636,161.686,161.631,161.686,1283.0
2026-06-24 02:30:00,161.686,161.69,161.574,161.675,1792.0
2026-06-24 02:45:00,161.678,161.716,161.657,161.712,1690.0
2026-06-24 03:00:00,161.711,161.73,161.686,161.723,2241.0
2026-06-24 03:15:00,161.724,161.727,161.687,161.688,1610.0
2026-06-24 03:30:00,161.689,161.7,161.666,161.672,1546.0
2026-06-24 03:45:00,161.674,161.742,161.674,161.716,1568.0
2026-06-24 04:00:00,161.716,161.756,161.684,161.738,2241.0
2026-06-24 04:15:00,161.738,161.739,161.688,161.7,1862.0
2026-06-24 04:30:00,161.7,161.742,161.683,161.734,1603.0
2026-06-24 04:45:00,161.735,161.758,161.718,161.756,1384.0
2026-06-24 05:00:00,161.756,161.778,161.749,161.764,1413.0
2026-06-24 05:15:00,161.765,161.774,161.75,161.764,1221.0
2026-06-24 05:30:00,161.764,161.773,161.71,161.744,1136.0
2026-06-24 05:45:00,161.744,161.754,161.722,161.742,986.0
2026-06-24 06:00:00,161.741,161.753,161.71,161.72,1384.0
2026-06-24 06:15:00,161.72,161.746,161.714,161.728,1192.0
2026-06-24 06:30:00,161.728,161.732,161.685,161.689,1459.0
2026-06-24 06:45:00,161.69,161.723,161.684,161.691,1272.0
2026-06-24 07:00:00,161.69,161.71,161.666,161.701,1457.0
2026-06-24 07:15:00,161.702,161.72,161.655,161.664,1427.0
2026-06-24 07:30:00,161.663,161.698,161.658,161.67,1941.0
2026-06-24 07:45:00,161.671,161.683,161.626,161.654,2826.0
2026-06-24 08:00:00,161.654,161.694,161.636,161.684,2541.0
2026-06-24 08:15:00,161.682,161.7,161.662,161.688,2262.0
2026-06-24 08:30:00,161.688,161.743,161.688,161.725,2732.0
2026-06-24 08:45:00,161.724,161.756,161.716,161.754,1941.0
2026-06-24 09:00:00,161.755,161.76,161.712,161.738,3432.0
2026-06-24 09:15:00,161.738,161.754,161.705,161.712,2776.0
2026-06-24 09:30:00,161.712,161.744,161.701,161.724,3188.0
2026-06-24 09:45:00,161.726,161.764,161.726,161.752,3105.0
2026-06-24 10:00:00,161.752,161.758,161.707,161.726,3150.0
2026-06-24 10:15:00,161.726,161.754,161.722,161.74,1834.0
2026-06-24 10:30:00,161.74,161.752,161.724,161.738,1650.0
2026-06-24 10:45:00,161.738,161.814,161.726,161.792,1694.0
2026-06-24 11:00:00,161.79,161.812,161.763,161.79,2113.0
2026-06-24 11:15:00,161.79,161.794,161.732,161.772,2855.0
2026-06-24 11:30:00,161.772,161.791,161.748,161.752,2430.0
2026-06-24 11:45:00,161.752,161.77,161.748,161.76,1826.0
2026-06-24 12:00:00,161.76,161.77,161.726,161.763,1688.0
2026-06-24 12:15:00,161.762,161.771,161.729,161.73,1945.0
2026-06-24 12:30:00,161.73,161.742,161.69,161.741,1538.0
2026-06-24 12:45:00,161.74,161.764,161.738,161.758,1074.0
2026-06-24 13:00:00,161.759,161.794,161.748,161.793,1388.0
2026-06-24 13:15:00,161.792,161.81,161.777,161.791,941.0
2026-06-24 13:30:00,161.79,161.791,161.738,161.784,1847.0
2026-06-24 13:45:00,161.784,161.822,161.782,161.816,1460.0
2026-06-24 14:00:00,161.816,161.824,161.804,161.818,1556.0
2026-06-24 14:15:00,161.817,161.83,161.791,161.794,1858.0
2026-06-24 14:30:00,161.795,161.804,161.765,161.792,2776.0
2026-06-24 14:45:00,161.792,161.794,161.762,161.762,1093.0
2026-06-24 15:00:00,161.764,161.79,161.75,161.79,1593.0
2026-06-24 15:15:00,161.79,161.84,161.79,161.836,1101.0
2026-06-24 15:30:00,161.837,161.838,161.808,161.812,1650.0
2026-06-24 15:45:00,161.811,161.824,161.79,161.823,1962.0
2026-06-24 16:00:00,161.824,161.831,161.799,161.822,1678.0
2026-06-24 16:15:00,161.822,161.83,161.809,161.812,872.0
2026-06-24 16:30:00,161.811,161.827,161.802,161.808,565.0
2026-06-24 16:45:00,161.81,161.824,161.804,161.81,1417.0
2026-06-24 17:00:00,161.776,161.779,161.772,161.779,29.0
2026-06-24 17:15:00,161.778,161.78,161.766,161.769,83.0
2026-06-24 17:30:00,161.77,161.782,161.753,161.777,501.0
2026-06-24 17:45:00,161.776,161.802,161.767,161.772,395.0
2026-06-24 18:00:00,161.776,161.785,161.756,161.774,900.0
2026-06-24 18:15:00,161.774,161.776,161.758,161.762,778.0
2026-06-24 18:30:00,161.76,161.76,161.741,161.752,428.0
2026-06-24 18:45:00,161.754,161.782,161.75,161.774,301.0
2026-06-24 19:00:00,161.774,161.788,161.764,161.77,424.0
2026-06-24 19:15:00,161.77,161.784,161.755,161.783,480.0
2026-06-24 19:30:00,161.784,161.79,161.768,161.77,509.0
2026-06-24 19:45:00,161.769,161.79,161.766,161.772,572.0
2026-06-24 20:00:00,161.772,161.778,161.729,161.767,2209.0
2026-06-24 20:15:00,161.768,161.781,161.732,161.746,1598.0
2026-06-24 20:30:00,161.744,161.752,161.731,161.734,920.0
2026-06-24 20:45:00,161.734,161.748,161.698,161.712,2159.0
2026-06-24 21:00:00,161.712,161.744,161.705,161.706,1655.0
2026-06-24 21:15:00,161.708,161.717,161.557,161.668,3437.0
2026-06-24 21:30:00,161.67,161.69,161.638,161.678,1803.0
2026-06-24 21:45:00,161.678,161.742,161.678,161.717,1568.0
2026-06-24 22:00:00,161.718,161.731,161.676,161.681,1574.0
2026-06-24 22:15:00,161.679,161.684,161.662,161.677,1326.0
2026-06-24 22:30:00,161.678,161.708,161.678,161.702,1270.0
2026-06-24 22:45:00,161.702,161.721,161.698,161.714,918.0
2026-06-24 23:00:00,161.715,161.72,161.698,161.712,1287.0
2026-06-24 23:15:00,161.71,161.726,161.698,161.719,888.0
2026-06-24 23:30:00,161.718,161.733,161.709,161.732,760.0
2026-06-24 23:45:00,161.732,161.754,161.72,161.726,1027.0
2026-06-25 00:00:00,161.725,161.74,161.716,161.73,719.0
2026-06-25 00:15:00,161.73,161.742,161.71,161.724,838.0
2026-06-25 00:30:00,161.724,161.752,161.712,161.746,595.0
2026-06-25 00:45:00,161.748,161.777,161.744,161.766,656.0
2026-06-25 01:00:00,161.767,161.769,161.745,161.76,714.0
2026-06-25 01:15:00,161.759,161.76,161.73,161.735,928.0
2026-06-25 01:30:00,161.736,161.775,161.734,161.762,1013.0
2026-06-25 01:45:00,161.764,161.835,161.76,161.822,1496.0
2026-06-25 02:00:00,161.822,161.842,161.786,161.808,1658.0
2026-06-25 02:15:00,161.808,161.836,161.808,161.834,1402.0
2026-06-25 02:30:00,161.834,161.854,161.822,161.838,1465.0
2026-06-25 02:45:00,161.836,161.89,161.836,161.885,1412.0
2026-06-25 03:00:00,161.885,161.886,161.754,161.864,2631.0
2026-06-25 03:15:00,161.864,161.9,161.807,161.823,2333.0
2026-06-25 03:30:00,161.822,161.853,161.802,161.844,2118.0
2026-06-25 03:45:00,161.844,161.86,161.805,161.814,1784.0
2026-06-25 04:00:00,161.813,161.835,161.796,161.819,2157.0
2026-06-25 04:15:00,161.818,161.82,161.775,161.798,1733.0
2026-06-25 04:30:00,161.798,161.806,161.778,161.796,1844.0
2026-06-25 04:45:00,161.796,161.836,161.782,161.8,1534.0
2026-06-25 05:00:00,161.799,161.828,161.794,161.82,1459.0
2026-06-25 05:15:00,161.819,161.842,161.81,161.836,1148.0
2026-06-25 05:30:00,161.835,161.835,161.788,161.817,1784.0
2026-06-25 05:45:00,161.818,161.826,161.81,161.816,1184.0
2026-06-25 06:00:00,161.816,161.824,161.806,161.823,1015.0
2026-06-25 06:15:00,161.824,161.834,161.816,161.83,963.0
2026-06-25 06:30:00,161.83,161.846,161.826,161.846,866.0
2026-06-25 06:45:00,161.846,161.898,161.844,161.877,1043.0
2026-06-25 07:00:00,161.878,161.888,161.859,161.88,1038.0
2026-06-25 07:15:00,161.879,161.902,161.877,161.898,936.0
2026-06-25 07:30:00,161.898,161.94,161.88,161.924,1935.0
2026-06-25 07:45:00,161.925,161.95,161.747,161.869,3529.0
2026-06-25 08:00:00,161.868,161.904,161.846,161.869,2115.0
2026-06-25 08:15:00,161.866,161.9,161.856,161.888,1551.0
2026-06-25 08:30:00,161.888,161.888,161.767,161.796,6067.0
2026-06-25 08:45:00,161.795,161.851,161.78,161.84,3395.0
2026-06-25 09:00:00,161.839,161.857,161.8,161.825,3521.0
2026-06-25 09:15:00,161.826,161.842,161.783,161.784,2932.0
2026-06-25 09:30:00,161.786,161.814,161.77,161.808,2356.0
2026-06-25 09:45:00,161.809,161.822,161.702,161.744,3331.0
2026-06-25 10:00:00,161.744,161.758,161.559,161.704,4760.0
2026-06-25 10:15:00,161.704,161.764,161.685,161.746,3426.0
2026-06-25 10:30:00,161.746,161.747,161.674,161.68,3316.0
2026-06-25 10:45:00,161.68,161.682,161.612,161.678,3715.0
2026-06-25 11:00:00,161.679,161.714,161.614,161.694,3457.0
2026-06-25 11:15:00,161.696,161.718,161.622,161.648,2964.0
2026-06-25 11:30:00,161.648,161.723,161.634,161.702,3079.0
2026-06-25 11:45:00,161.702,161.724,161.657,161.674,3310.0
2026-06-25 12:00:00,161.674,161.713,161.658,161.698,2253.0
2026-06-25 12:15:00,161.698,161.702,161.662,161.688,2045.0
2026-06-25 12:30:00,161.688,161.726,161.687,161.723,1648.0
2026-06-25 12:45:00,161.722,161.769,161.714,161.769,1938.0
2026-06-25 13:00:00,161.768,161.777,161.729,161.758,1896.0
2026-06-25 13:15:00,161.758,161.784,161.756,161.774,1492.0
2026-06-25 13:30:00,161.774,161.81,161.773,161.806,1144.0
2026-06-25 13:45:00,161.807,161.808,161.75,161.78,1284.0
2026-06-25 14:00:00,161.78,161.842,161.766,161.768,2583.0
2026-06-25 14:15:00,161.768,161.78,161.764,161.767,1305.0
2026-06-25 14:30:00,161.766,161.811,161.766,161.806,1605.0
2026-06-25 14:45:00,161.806,161.815,161.77,161.796,1343.0
2026-06-25 15:00:00,161.794,161.825,161.786,161.808,1098.0
2026-06-25 15:15:00,161.808,161.809,161.777,161.782,1121.0
2026-06-25 15:30:00,161.782,161.806,161.746,161.796,1022.0
2026-06-25 15:45:00,161.797,161.824,161.782,161.79,1489.0
2026-06-25 16:00:00,161.79,161.815,161.776,161.806,1723.0
2026-06-25 16:15:00,161.806,161.809,161.792,161.798,600.0
2026-06-25 16:30:00,161.797,161.81,161.792,161.796,342.0
2026-06-25 16:45:00,161.798,161.808,161.788,161.804,1209.0
2026-06-25 17:00:00,161.793,161.794,161.778,161.779,62.0
2026-06-25 17:15:00,161.778,161.803,161.718,161.802,187.0
2026-06-25 17:30:00,161.802,161.822,161.768,161.784,661.0
2026-06-25 17:45:00,161.783,161.829,161.741,161.781,2497.0
2026-06-25 18:00:00,161.78,161.804,161.765,161.788,947.0
2026-06-25 18:15:00,161.789,161.8,161.774,161.786,470.0
2026-06-25 18:30:00,161.786,161.788,161.769,161.779,314.0
2026-06-25 18:45:00,161.78,161.799,161.773,161.787,564.0
2026-06-25 19:00:00,161.786,161.803,161.761,161.8,917.0
2026-06-25 19:15:00,161.8,161.818,161.798,161.804,758.0
2026-06-25 19:30:00,161.802,161.814,161.772,161.803,557.0
2026-06-25 19:45:00,161.802,161.811,161.788,161.806,583.0
2026-06-25 20:00:00,161.806,161.828,161.794,161.805,1244.0
2026-06-25 20:15:00,161.806,161.824,161.795,161.82,1001.0
2026-06-25 20:30:00,161.818,161.833,161.798,161.806,1307.0
2026-06-25 20:45:00,161.805,161.841,161.803,161.834,1706.0
2026-06-25 21:00:00,161.833,161.84,161.812,161.818,1746.0
2026-06-25 21:15:00,161.82,161.844,161.812,161.842,1213.0
2026-06-25 21:30:00,161.842,161.848,161.825,161.844,1364.0
2026-06-25 21:45:00,161.844,161.844,161.794,161.806,1346.0
2026-06-25 22:00:00,161.806,161.811,161.784,161.793,1249.0
2026-06-25 22:15:00,161.792,161.818,161.789,161.808,1422.0
2026-06-25 22:30:00,161.808,161.81,161.783,161.794,763.0
2026-06-25 22:45:00,161.796,161.804,161.772,161.778,1047.0
2026-06-25 23:00:00,161.778,161.78,161.724,161.744,1224.0
2026-06-25 23:15:00,161.744,161.758,161.724,161.73,707.0
2026-06-25 23:30:00,161.73,161.738,161.652,161.652,1199.0
2026-06-25 23:45:00,161.652,161.674,161.624,161.652,1569.0
2026-06-26 00:00:00,161.653,161.686,161.597,161.64,1962.0
2026-06-26 00:15:00,161.64,161.658,161.566,161.602,1955.0
2026-06-26 00:30:00,161.602,161.629,161.576,161.616,2069.0
2026-06-26 00:45:00,161.616,161.658,161.615,161.627,1190.0
2026-06-26 01:00:00,161.628,161.644,161.614,161.63,1292.0
2026-06-26 01:15:00,161.629,161.641,161.597,161.606,1593.0
2026-06-26 01:30:00,161.605,161.626,161.564,161.572,2534.0
2026-06-26 01:45:00,161.571,161.596,161.54,161.544,2293.0
2026-06-26 02:00:00,161.544,161.641,161.533,161.612,3153.0
2026-06-26 02:15:00,161.611,161.688,161.608,161.677,2350.0
2026-06-26 02:30:00,161.676,161.703,161.628,161.698,2297.0
2026-06-26 02:45:00,161.698,161.75,161.697,161.718,2322.0
2026-06-26 03:00:00,161.718,161.728,161.642,161.661,2443.0
2026-06-26 03:15:00,161.662,161.707,161.654,161.691,1854.0
2026-06-26 03:30:00,161.692,161.706,161.62,161.648,2340.0
2026-06-26 03:45:00,161.649,161.666,161.62,161.625,2207.0
2026-06-26 04:00:00,161.628,161.638,161.537,161.574,2738.0
2026-06-26 04:15:00,161.573,161.6,161.561,161.585,2405.0
2026-06-26 04:30:00,161.586,161.656,161.584,161.613,2128.0
2026-06-26 04:45:00,161.612,161.64,161.568,161.587,2245.0
2026-06-26 05:00:00,161.586,161.598,161.546,161.572,1740.0
2026-06-26 05:15:00,161.571,161.632,161.551,161.594,2006.0
2026-06-26 05:30:00,161.595,161.626,161.567,161.582,1503.0
2026-06-26 05:45:00,161.58,161.61,161.532,161.608,2687.0
2026-06-26 06:00:00,161.61,161.612,161.57,161.595,1615.0
2026-06-26 06:15:00,161.596,161.643,161.596,161.606,1349.0
2026-06-26 06:30:00,161.606,161.619,161.586,161.615,1831.0
2026-06-26 06:45:00,161.616,161.632,161.612,161.622,1242.0
2026-06-26 07:00:00,161.622,161.648,161.609,161.632,1336.0
2026-06-26 07:15:00,161.633,161.64,161.612,161.622,1587.0
2026-06-26 07:30:00,161.621,161.65,161.619,161.641,1407.0
2026-06-26 07:45:00,161.64,161.683,161.639,161.666,2121.0
2026-06-26 08:00:00,161.666,161.669,161.64,161.659,2267.0
2026-06-26 08:15:00,161.66,161.682,161.642,161.673,1896.0
2026-06-26 08:30:00,161.674,161.706,161.664,161.7,1289.0
2026-06-26 08:45:00,161.7,161.702,161.648,161.658,2150.0
2026-06-26 09:00:00,161.656,161.682,161.634,161.663,2859.0
2026-06-26 09:15:00,161.664,161.721,161.64,161.654,3620.0
2026-06-26 09:30:00,161.654,161.672,161.622,161.632,2937.0
2026-06-26 09:45:00,161.63,161.69,161.625,161.63,2196.0
2026-06-26 10:00:00,161.628,161.646,161.606,161.628,2174.0
2026-06-26 10:15:00,161.627,161.628,161.578,161.616,2401.0
2026-06-26 10:30:00,161.614,161.642,161.602,161.612,1869.0
2026-06-26 10:45:00,161.612,161.742,161.592,161.727,3793.0
2026-06-26 11:00:00,161.726,161.748,161.642,161.658,2548.0
2026-06-26 11:15:00,161.657,161.679,161.646,161.662,1873.0
2026-06-26 11:30:00,161.662,161.676,161.647,161.656,1657.0
2026-06-26 11:45:00,161.655,161.726,161.635,161.672,2928.0
2026-06-26 12:00:00,161.671,161.702,161.661,161.698,1803.0
2026-06-26 12:15:00,161.696,161.748,161.69,161.737,1357.0
2026-06-26 12:30:00,161.736,161.772,161.716,161.739,1744.0
2026-06-26 12:45:00,161.74,161.768,161.735,161.756,991.0
2026-06-26 13:00:00,161.756,161.768,161.73,161.748,1184.0
2026-06-26 13:15:00,161.748,161.752,161.734,161.745,1075.0
2026-06-26 13:30:00,161.744,161.766,161.738,161.748,1242.0
2026-06-26 13:45:00,161.747,161.778,161.74,161.772,924.0
2026-06-26 14:00:00,161.771,161.777,161.744,161.76,857.0
2026-06-26 14:15:00,161.761,161.77,161.732,161.738,1000.0
2026-06-26 14:30:00,161.737,161.743,161.72,161.731,611.0
2026-06-26 14:45:00,161.732,161.748,161.712,161.738,1204.0
2026-06-26 15:00:00,161.738,161.746,161.716,161.726,809.0
2026-06-26 15:15:00,161.728,161.742,161.726,161.741,482.0
2026-06-26 15:30:00,161.742,161.76,161.729,161.755,546.0
2026-06-26 15:45:00,161.752,161.765,161.71,161.758,1599.0
2026-06-26 16:00:00,161.757,161.768,161.745,161.751,816.0
2026-06-26 16:15:00,161.752,161.777,161.729,161.741,691.0
2026-06-26 16:30:00,161.742,161.782,161.73,161.748,1591.0
2026-06-26 16:45:00,161.748,161.776,161.736,161.75,1415.0
2026-06-28 17:00:00,161.74,161.742,161.74,161.741,7.0
2026-06-28 17:15:00,161.739,161.748,161.739,161.748,11.0
2026-06-28 17:30:00,161.747,161.806,161.733,161.734,111.0
2026-06-28 17:45:00,161.735,161.813,161.735,161.812,184.0
2026-06-28 18:00:00,161.81,161.882,161.75,161.775,685.0
2026-06-28 18:15:00,161.774,161.802,161.773,161.79,385.0
2026-06-28 18:30:00,161.79,161.808,161.778,161.794,530.0
2026-06-28 18:45:00,161.794,161.808,161.781,161.793,283.0
2026-06-28 19:00:00,161.791,161.802,161.774,161.8,1137.0
2026-06-28 19:15:00,161.8,161.801,161.79,161.793,626.0
2026-06-28 19:30:00,161.792,161.811,161.785,161.791,612.0
2026-06-28 19:45:00,161.793,161.807,161.778,161.792,709.0
2026-06-28 20:00:00,161.793,161.795,161.739,161.743,1824.0
2026-06-28 20:15:00,161.742,161.788,161.726,161.769,1648.0
2026-06-28 20:30:00,161.766,161.772,161.739,161.741,1374.0
2026-06-28 20:45:00,161.742,161.77,161.72,161.761,2272.0
2026-06-28 21:00:00,161.76,161.776,161.744,161.754,1768.0
2026-06-28 21:15:00,161.753,161.777,161.734,161.77,2251.0
2026-06-28 21:30:00,161.769,161.78,161.751,161.774,1098.0
2026-06-28 21:45:00,161.774,161.794,161.77,161.792,920.0
2026-06-28 22:00:00,161.794,161.794,161.743,161.758,1238.0
2026-06-28 22:15:00,161.756,161.762,161.732,161.759,1094.0
2026-06-28 22:30:00,161.76,161.782,161.758,161.772,1399.0
2026-06-28 22:45:00,161.771,161.793,161.765,161.788,1029.0
2026-06-28 23:00:00,161.787,161.794,161.781,161.786,889.0
2026-06-28 23:15:00,161.787,161.79,161.776,161.779,1130.0
2026-06-28 23:30:00,161.78,161.79,161.774,161.787,838.0
2026-06-28 23:45:00,161.786,161.798,161.774,161.797,854.0
2026-06-29 00:00:00,161.796,161.799,161.786,161.792,568.0
2026-06-29 00:15:00,161.792,161.814,161.791,161.814,815.0
2026-06-29 00:30:00,161.812,161.816,161.796,161.806,707.0
2026-06-29 00:45:00,161.806,161.816,161.793,161.814,579.0
2026-06-29 01:00:00,161.814,161.817,161.787,161.79,705.0
2026-06-29 01:15:00,161.791,161.812,161.79,161.802,980.0
2026-06-29 01:30:00,161.803,161.807,161.792,161.795,898.0
2026-06-29 01:45:00,161.796,161.81,161.784,161.802,1204.0
2026-06-29 02:00:00,161.802,161.822,161.793,161.812,1631.0
2026-06-29 02:15:00,161.812,161.85,161.81,161.84,1474.0
2026-06-29 02:30:00,161.843,161.852,161.803,161.804,1794.0
2026-06-29 02:45:00,161.805,161.816,161.778,161.793,1899.0
2026-06-29 03:00:00,161.794,161.819,161.794,161.806,1777.0
2026-06-29 03:15:00,161.806,161.818,161.786,161.79,959.0
2026-06-29 03:30:00,161.791,161.812,161.79,161.806,1131.0
2026-06-29 03:45:00,161.807,161.83,161.802,161.824,1262.0
2026-06-29 04:00:00,161.825,161.829,161.801,161.809,1194.0
2026-06-29 04:15:00,161.808,161.853,161.808,161.845,1419.0
2026-06-29 04:30:00,161.846,161.856,161.836,161.854,1174.0
2026-06-29 04:45:00,161.856,161.858,161.838,161.852,701.0
2026-06-29 05:00:00,161.853,161.859,161.833,161.859,1204.0
2026-06-29 05:15:00,161.859,161.882,161.854,161.875,1171.0
2026-06-29 05:30:00,161.874,161.899,161.87,161.896,1410.0
2026-06-29 05:45:00,161.896,161.902,161.88,161.886,1041.0
2026-06-29 06:00:00,161.887,161.901,161.879,161.885,1450.0
2026-06-29 06:15:00,161.884,161.899,161.88,161.88,926.0
2026-06-29 06:30:00,161.881,161.884,161.87,161.878,808.0
2026-06-29 06:45:00,161.878,161.886,161.848,161.858,1483.0
2026-06-29 07:00:00,161.858,161.864,161.844,161.858,1181.0
2026-06-29 07:15:00,161.859,161.862,161.834,161.838,1338.0
2026-06-29 07:30:00,161.838,161.849,161.816,161.848,2656.0
2026-06-29 07:45:00,161.847,161.853,161.818,161.839,1584.0
2026-06-29 08:00:00,161.84,161.86,161.836,161.853,1496.0
2026-06-29 08:15:00,161.852,161.889,161.85,161.886,1984.0
2026-06-29 08:30:00,161.885,161.904,161.868,161.896,1618.0
2026-06-29 08:45:00,161.896,161.903,161.881,161.895,1577.0
2026-06-29 09:00:00,161.894,161.899,161.886,161.894,1757.0
2026-06-29 09:15:00,161.894,161.936,161.892,161.924,1884.0
2026-06-29 09:30:00,161.924,161.948,161.895,161.943,2267.0
2026-06-29 09:45:00,161.944,161.966,161.898,161.957,2494.0
2026-06-29 10:00:00,161.958,161.958,161.804,161.908,4397.0
2026-06-29 10:15:00,161.909,161.928,161.882,161.922,3576.0
2026-06-29 10:30:00,161.923,161.928,161.898,161.924,2246.0
2026-06-29 10:45:00,161.925,161.94,161.908,161.928,2420.0
2026-06-29 11:00:00,161.928,161.945,161.927,161.933,1985.0
2026-06-29 11:15:00,161.934,161.948,161.922,161.937,1392.0
2026-06-29 11:30:00,161.938,161.953,161.926,161.932,1832.0
2026-06-29 11:45:00,161.933,161.942,161.925,161.934,1929.0
2026-06-29 12:00:00,161.932,161.938,161.918,161.934,1971.0
2026-06-29 12:15:00,161.931,161.941,161.927,161.938,1851.0
2026-06-29 12:30:00,161.938,161.942,161.928,161.932,1445.0
2026-06-29 12:45:00,161.93,161.947,161.922,161.944,1586.0
2026-06-29 13:00:00,161.943,161.948,161.935,161.938,1113.0
2026-06-29 13:15:00,161.938,161.962,161.937,161.951,683.0
2026-06-29 13:30:00,161.952,161.952,161.932,161.947,901.0
2026-06-29 13:45:00,161.946,161.951,161.92,161.938,913.0
2026-06-29 14:00:00,161.938,161.95,161.93,161.936,627.0
2026-06-29 14:15:00,161.936,161.948,161.926,161.946,590.0
2026-06-29 14:30:00,161.944,161.953,161.943,161.946,333.0
2026-06-29 14:45:00,161.946,161.983,161.946,161.97,1721.0
2026-06-29 15:00:00,161.97,161.972,161.946,161.96,600.0
2026-06-29 15:15:00,161.96,161.96,161.938,161.941,719.0
2026-06-29 15:30:00,161.94,161.942,161.925,161.931,1077.0
2026-06-29 15:45:00,161.931,161.948,161.907,161.941,1308.0
2026-06-29 16:00:00,161.941,161.957,161.938,161.938,781.0
2026-06-29 16:15:00,161.937,161.946,161.928,161.94,374.0
2026-06-29 16:30:00,161.94,161.963,161.94,161.952,309.0
2026-06-29 16:45:00,161.95,161.966,161.94,161.944,461.0
2026-06-29 17:00:00,161.912,161.93,161.912,161.92,87.0
2026-06-29 17:15:00,161.922,161.93,161.9,161.908,219.0
2026-06-29 17:30:00,161.908,161.928,161.904,161.912,338.0
2026-06-29 17:45:00,161.912,161.924,161.891,161.92,596.0
2026-06-29 18:00:00,161.91,161.944,161.91,161.936,350.0
2026-06-29 18:15:00,161.937,161.946,161.932,161.932,177.0
2026-06-29 18:30:00,161.934,161.942,161.93,161.934,392.0
2026-06-29 18:45:00,161.935,161.939,161.922,161.923,245.0
2026-06-29 19:00:00,161.923,161.927,161.914,161.926,320.0
2026-06-29 19:15:00,161.926,161.933,161.92,161.922,333.0
2026-06-29 19:30:00,161.922,161.928,161.909,161.914,469.0
2026-06-29 19:45:00,161.915,161.931,161.914,161.925,322.0
2026-06-29 20:00:00,161.925,161.956,161.925,161.952,1405.0
2026-06-29 20:15:00,161.951,161.964,161.939,161.954,1253.0
2026-06-29 20:30:00,161.954,161.972,161.948,161.97,1279.0
2026-06-29 20:45:00,161.968,162.404,161.966,162.137,7161.0
2026-06-29 21:00:00,162.136,162.304,162.106,162.264,4487.0
2026-06-29 21:15:00,162.263,162.264,162.066,162.127,4439.0
2026-06-29 21:30:00,162.128,162.194,162.054,162.19,3313.0
2026-06-29 21:45:00,162.191,162.206,162.146,162.186,2398.0
2026-06-29 22:00:00,162.186,162.2,162.126,162.134,2495.0
2026-06-29 22:15:00,162.133,162.175,162.11,162.148,2043.0
2026-06-29 22:30:00,162.147,162.154,162.117,162.132,1336.0
2026-06-29 22:45:00,162.132,162.187,162.124,162.148,2010.0
2026-06-29 23:00:00,162.148,162.205,162.132,162.204,1459.0
2026-06-29 23:15:00,162.204,162.244,162.038,162.149,3335.0
2026-06-29 23:30:00,162.149,162.176,162.119,162.172,2205.0
2026-06-29 23:45:00,162.173,162.182,162.164,162.176,957.0
2026-06-30 00:00:00,162.175,162.198,162.161,162.184,1024.0
2026-06-30 00:15:00,162.185,162.19,162.164,162.177,958.0
2026-06-30 00:30:00,162.178,162.194,162.15,162.18,1207.0
2026-06-30 00:45:00,162.179,162.205,162.17,162.202,2026.0
2026-06-30 01:00:00,162.202,162.227,162.154,162.214,1876.0
2026-06-30 01:15:00,162.213,162.216,162.175,162.202,1165.0
2026-06-30 01:30:00,162.201,162.234,162.196,162.224,1237.0
2026-06-30 01:45:00,162.225,162.293,162.224,162.292,1679.0
2026-06-30 02:00:00,162.293,162.414,162.252,162.324,4499.0
2026-06-30 02:15:00,162.325,162.338,162.236,162.248,3653.0
2026-06-30 02:30:00,162.248,162.32,162.248,162.268,2623.0
2026-06-30 02:45:00,162.266,162.292,162.202,162.204,2681.0
2026-06-30 03:00:00,162.204,162.24,162.184,162.222,2604.0
2026-06-30 03:15:00,162.222,162.234,162.158,162.17,1629.0
2026-06-30 03:30:00,162.17,162.178,162.122,162.176,1718.0
2026-06-30 03:45:00,162.176,162.27,162.166,162.259,2144.0
2026-06-30 04:00:00,162.259,162.326,162.226,162.325,3413.0
2026-06-30 04:15:00,162.326,162.341,162.291,162.31,1770.0
2026-06-30 04:30:00,162.31,162.39,162.301,162.382,1453.0
2026-06-30 04:45:00,162.381,162.416,162.309,162.32,2516.0
2026-06-30 05:00:00,162.32,162.35,162.269,162.298,1969.0
2026-06-30 05:15:00,162.297,162.328,162.276,162.303,1864.0
2026-06-30 05:30:00,162.302,162.322,162.29,162.307,1561.0
2026-06-30 05:45:00,162.306,162.316,162.27,162.294,2033.0
2026-06-30 06:00:00,162.294,162.332,162.293,162.327,1851.0
2026-06-30 06:15:00,162.328,162.336,162.307,162.333,1440.0
2026-06-30 06:30:00,162.334,162.357,162.326,162.352,1640.0
2026-06-30 06:45:00,162.352,162.358,162.314,162.318,1903.0
2026-06-30 07:00:00,162.318,162.355,162.316,162.35,2436.0
2026-06-30 07:15:00,162.348,162.395,162.347,162.383,2637.0
2026-06-30 07:30:00,162.382,162.43,162.376,162.394,1924.0
2026-06-30 07:45:00,162.394,162.423,162.388,162.416,1543.0
2026-06-30 08:00:00,162.416,162.449,162.404,162.421,1754.0
2026-06-30 08:15:00,162.42,162.498,162.419,162.48,1878.0
2026-06-30 08:30:00,162.48,162.518,162.018,162.411,6281.0
2026-06-30 08:45:00,162.412,162.441,162.38,162.406,2553.0
2026-06-30 09:00:00,162.406,162.418,162.351,162.378,1671.0
2026-06-30 09:15:00,162.378,162.386,162.315,162.34,2244.0
2026-06-30 09:30:00,162.34,162.424,162.328,162.397,1792.0
2026-06-30 09:45:00,162.398,162.479,162.398,162.472,2144.0
2026-06-30 10:00:00,162.472,162.518,162.416,162.452,3867.0
2026-06-30 10:15:00,162.452,162.459,162.386,162.408,3832.0
2026-06-30 10:30:00,162.407,162.435,162.402,162.412,3666.0
2026-06-30 10:45:00,162.412,162.553,162.355,162.516,7151.0
2026-06-30 11:00:00,162.515,162.543,162.471,162.508,4445.0
2026-06-30 11:15:00,162.509,162.55,162.509,162.546,2125.0
2026-06-30 11:30:00,162.546,162.666,162.53,162.659,2724.0
2026-06-30 11:45:00,162.658,162.658,162.585,162.616,1700.0
2026-06-30 12:00:00,162.616,162.667,162.614,162.658,1443.0
2026-06-30 12:15:00,162.659,162.672,162.618,162.624,1166.0
2026-06-30 12:30:00,162.624,162.638,162.604,162.617,1234.0
2026-06-30 12:45:00,162.616,162.658,162.6,162.648,1084.0
2026-06-30 13:00:00,162.648,162.649,162.614,162.63,1172.0
2026-06-30 13:15:00,162.63,162.63,162.584,162.592,1253.0
2026-06-30 13:30:00,162.59,162.612,162.589,162.6,1138.0
2026-06-30 13:45:00,162.602,162.604,162.558,162.586,1100.0
2026-06-30 14:00:00,162.586,162.607,162.568,162.596,1442.0
2026-06-30 14:15:00,162.595,162.609,162.578,162.586,1381.0
2026-06-30 14:30:00,162.585,162.615,162.579,162.614,1241.0
2026-06-30 14:45:00,162.614,162.619,162.56,162.617,1020.0
2026-06-30 15:00:00,162.618,162.621,162.574,162.594,1592.0
2026-06-30 15:15:00,162.593,162.632,162.579,162.626,1142.0
2026-06-30 15:30:00,162.626,162.632,162.594,162.611,1534.0
2026-06-30 15:45:00,162.612,162.623,162.582,162.582,1622.0
2026-06-30 16:00:00,162.584,162.596,162.572,162.58,1523.0
2026-06-30 16:15:00,162.578,162.586,162.554,162.583,741.0
2026-06-30 16:30:00,162.582,162.614,162.574,162.574,1461.0
2026-06-30 16:45:00,162.575,162.597,162.553,162.589,1966.0
2026-06-30 17:00:00,162.558,162.642,162.555,162.626,123.0
2026-06-30 17:15:00,162.625,162.626,162.609,162.612,369.0
2026-06-30 17:30:00,162.611,162.626,162.558,162.566,607.0
2026-06-30 17:45:00,162.567,162.604,162.56,162.594,889.0
2026-06-30 18:00:00,162.598,162.626,162.581,162.622,867.0
2026-06-30 18:15:00,162.622,162.626,162.609,162.624,629.0
2026-06-30 18:30:00,162.626,162.628,162.608,162.613,226.0
2026-06-30 18:45:00,162.612,162.623,162.608,162.608,318.0
2026-06-30 19:00:00,162.608,162.611,162.591,162.591,279.0
2026-06-30 19:15:00,162.592,162.592,162.528,162.575,679.0
2026-06-30 19:30:00,162.576,162.591,162.552,162.588,516.0
2026-06-30 19:45:00,162.588,162.647,162.585,162.634,842.0
2026-06-30 20:00:00,162.634,162.688,162.634,162.684,1040.0
2026-06-30 20:15:00,162.686,162.698,162.638,162.645,1825.0
2026-06-30 20:30:00,162.644,162.732,162.644,162.732,1714.0
2026-06-30 20:45:00,162.731,162.78,162.658,162.686,2770.0
2026-06-30 21:00:00,162.686,162.734,162.654,162.731,2238.0
2026-06-30 21:15:00,162.731,162.733,162.638,162.675,2265.0
2026-06-30 21:30:00,162.676,162.676,162.59,162.634,1821.0
2026-06-30 21:45:00,162.634,162.69,162.606,162.688,1836.0
2026-06-30 22:00:00,162.686,162.705,162.668,162.672,1269.0
2026-06-30 22:15:00,162.671,162.696,162.662,162.688,1002.0
2026-06-30 22:30:00,162.688,162.739,162.686,162.739,1240.0
2026-06-30 22:45:00,162.738,162.791,162.722,162.75,1301.0
2026-06-30 23:00:00,162.75,162.772,162.732,162.771,1561.0
2026-06-30 23:15:00,162.77,162.809,162.768,162.808,1325.0
2026-06-30 23:30:00,162.808,162.84,162.798,162.836,1336.0
2026-06-30 23:45:00,162.837,162.838,162.794,162.799,973.0
2026-07-01 00:00:00,162.798,162.814,162.784,162.786,1214.0
2026-07-01 00:15:00,162.785,162.8,162.777,162.792,1253.0
2026-07-01 00:30:00,162.792,162.792,162.562,162.698,3927.0
2026-07-01 00:45:00,162.699,162.73,162.676,162.729,1621.0
2026-07-01 01:00:00,162.73,162.762,162.713,162.721,1412.0
2026-07-01 01:15:00,162.722,162.744,162.696,162.734,1510.0
2026-07-01 01:30:00,162.734,162.744,162.694,162.699,1415.0
2026-07-01 01:45:00,162.7,162.712,162.688,162.712,1350.0
2026-07-01 02:00:00,162.714,162.758,162.704,162.739,1905.0
2026-07-01 02:15:00,162.738,162.74,162.695,162.708,1610.0
2026-07-01 02:30:00,162.708,162.728,162.679,162.692,1817.0
2026-07-01 02:45:00,162.693,162.7,162.658,162.679,1489.0
2026-07-01 03:00:00,162.678,162.689,162.612,162.638,2282.0
2026-07-01 03:15:00,162.638,162.722,162.637,162.7,1758.0
2026-07-01 03:30:00,162.7,162.702,162.621,162.66,1770.0
2026-07-01 03:45:00,162.661,162.683,162.634,162.673,1469.0
2026-07-01 04:00:00,162.674,162.704,162.662,162.684,1502.0
2026-07-01 04:15:00,162.684,162.688,162.647,162.649,1196.0
2026-07-01 04:30:00,162.65,162.662,162.636,162.644,1551.0
2026-07-01 04:45:00,162.644,162.668,162.636,162.666,1303.0
2026-07-01 05:00:00,162.665,162.69,162.65,162.679,1578.0
2026-07-01 05:15:00,162.678,162.719,162.664,162.672,1519.0
2026-07-01 05:30:00,162.672,162.7,162.666,162.69,1550.0
2026-07-01 05:45:00,162.69,162.742,162.687,162.736,1298.0
2026-07-01 06:00:00,162.736,162.745,162.688,162.696,1698.0
2026-07-01 06:15:00,162.697,162.708,162.675,162.69,956.0
2026-07-01 06:30:00,162.691,162.704,162.678,162.694,917.0
2026-07-01 06:45:00,162.696,162.702,162.676,162.69,1110.0
2026-07-01 07:00:00,162.69,162.722,162.684,162.707,1578.0
2026-07-01 07:15:00,162.708,162.71,162.694,162.695,1329.0
2026-07-01 07:30:00,162.696,162.735,162.69,162.696,1689.0
2026-07-01 07:45:00,162.696,162.716,162.694,162.696,1578.0
2026-07-01 08:00:00,162.696,162.714,162.688,162.7,1942.0
2026-07-01 08:15:00,162.698,162.71,162.672,162.696,1949.0
2026-07-01 08:30:00,162.695,162.76,162.686,162.746,2301.0
2026-07-01 08:45:00,162.745,162.768,162.687,162.698,2470.0
2026-07-01 09:00:00,162.699,162.736,162.678,162.724,2985.0
2026-07-01 09:15:00,162.723,162.724,162.55,162.566,5791.0
2026-07-01 09:30:00,162.564,162.566,162.388,162.404,6750.0
2026-07-01 09:45:00,162.403,162.466,162.294,162.41,6785.0
2026-07-01 10:00:00,162.406,162.444,162.339,162.38,4924.0
2026-07-01 10:15:00,162.38,162.452,162.311,162.45,4869.0
2026-07-01 10:30:00,162.451,162.452,162.321,162.368,4460.0
2026-07-01 10:45:00,162.366,162.45,162.356,162.398,4622.0
2026-07-01 11:00:00,162.398,162.46,162.374,162.421,3891.0
2026-07-01 11:15:00,162.42,162.478,162.4,162.413,2845.0
2026-07-01 11:30:00,162.414,162.466,162.392,162.458,3610.0
2026-07-01 11:45:00,162.458,162.464,162.398,162.414,2594.0
2026-07-01 12:00:00,162.413,162.414,162.36,162.398,1781.0
2026-07-01 12:15:00,162.399,162.422,162.375,162.396,2144.0
2026-07-01 12:30:00,162.396,162.463,162.386,162.45,1631.0
2026-07-01 12:45:00,162.451,162.464,162.419,162.459,1782.0
2026-07-01 13:00:00,162.46,162.487,162.427,162.482,1800.0
2026-07-01 13:15:00,162.482,162.494,162.464,162.486,1347.0
2026-07-01 13:30:00,162.486,162.538,162.48,162.524,1437.0
2026-07-01 13:45:00,162.524,162.548,162.503,162.534,1030.0
2026-07-01 14:00:00,162.533,162.551,162.518,162.542,1081.0
2026-07-01 14:15:00,162.542,162.584,162.542,162.574,1377.0
2026-07-01 14:30:00,162.574,162.578,162.54,162.544,1396.0
2026-07-01 14:45:00,162.544,162.548,162.514,162.524,1254.0
2026-07-01 15:00:00,162.523,162.53,162.51,162.528,1287.0
2026-07-01 15:15:00,162.527,162.549,162.52,162.522,675.0
2026-07-01 15:30:00,162.522,162.528,162.509,162.522,850.0
2026-07-01 15:45:00,162.523,162.587,162.522,162.574,1502.0
2026-07-01 16:00:00,162.574,162.584,162.551,162.572,1515.0
2026-07-01 16:15:00,162.572,162.603,162.57,162.602,592.0
2026-07-01 16:30:00,162.603,162.609,162.592,162.604,950.0
2026-07-01 16:45:00,162.606,162.622,162.6,162.602,705.0
2026-07-01 17:00:00,162.589,162.593,162.57,162.571,73.0
2026-07-01 17:15:00,162.562,162.576,162.559,162.566,487.0
2026-07-01 17:30:00,162.566,162.568,162.556,162.558,292.0
2026-07-01 17:45:00,162.558,162.564,162.556,162.564,36.0
2026-07-01 18:00:00,162.558,162.577,162.547,162.558,1003.0
2026-07-01 18:15:00,162.556,162.561,162.552,162.554,169.0
2026-07-01 18:30:00,162.554,162.555,162.539,162.544,129.0
2026-07-01 18:45:00,162.544,162.546,162.538,162.544,126.0
2026-07-01 19:00:00,162.545,162.558,162.534,162.558,490.0
2026-07-01 19:15:00,162.557,162.577,162.556,162.575,256.0
2026-07-01 19:30:00,162.576,162.588,162.556,162.573,402.0
2026-07-01 19:45:00,162.574,162.574,162.518,162.55,842.0
2026-07-01 20:00:00,162.55,162.572,162.481,162.519,2463.0
2026-07-01 20:15:00,162.52,162.59,162.512,162.578,2372.0
2026-07-01 20:30:00,162.58,162.593,162.536,162.569,1741.0
2026-07-01 20:45:00,162.57,162.598,162.53,162.564,3047.0
2026-07-01 21:00:00,162.564,162.576,162.528,162.563,2538.0
2026-07-01 21:15:00,162.561,162.586,162.557,162.564,1750.0
2026-07-01 21:30:00,162.564,162.582,162.536,162.544,1440.0
2026-07-01 21:45:00,162.544,162.551,162.506,162.534,1482.0
2026-07-01 22:00:00,162.534,162.552,162.514,162.526,1548.0
2026-07-01 22:15:00,162.526,162.54,162.515,162.524,1554.0
2026-07-01 22:30:00,162.523,162.528,162.496,162.516,1495.0
2026-07-01 22:45:00,162.514,162.528,162.502,162.524,1221.0
2026-07-01 23:00:00,162.525,162.545,162.524,162.538,1149.0
2026-07-01 23:15:00,162.538,162.538,162.518,162.528,1024.0
2026-07-01 23:30:00,162.528,162.529,162.519,162.524,773.0
2026-07-01 23:45:00,162.524,162.525,162.436,162.461,1525.0
2026-07-02 00:00:00,162.46,162.461,162.363,162.42,2847.0
2026-07-02 00:15:00,162.42,162.448,162.42,162.445,1328.0
2026-07-02 00:30:00,162.444,162.454,162.416,162.42,1594.0
2026-07-02 00:45:00,162.42,162.437,162.391,162.435,1594.0
2026-07-02 01:00:00,162.436,162.436,162.392,162.404,2082.0
2026-07-02 01:15:00,162.403,162.422,162.391,162.399,1569.0
2026-07-02 01:30:00,162.399,162.413,162.368,162.386,2048.0
2026-07-02 01:45:00,162.386,162.394,162.319,162.335,1842.0
2026-07-02 02:00:00,162.334,162.337,162.13,162.232,4553.0
2026-07-02 02:15:00,162.232,162.268,162.196,162.256,3304.0
2026-07-02 02:30:00,162.255,162.257,162.176,162.204,2535.0
2026-07-02 02:45:00,162.204,162.212,161.123,161.826,13190.0
2026-07-02 03:00:00,161.825,161.952,161.606,161.665,9449.0
2026-07-02 03:15:00,161.664,161.804,161.635,161.68,6387.0
2026-07-02 03:30:00,161.682,161.733,161.419,161.493,7862.0
2026-07-02 03:45:00,161.495,161.594,161.373,161.436,8458.0
2026-07-02 04:00:00,161.436,161.464,161.166,161.196,9427.0
2026-07-02 04:15:00,161.196,161.337,161.182,161.205,8752.0
2026-07-02 04:30:00,161.204,161.268,161.064,161.203,8673.0
2026-07-02 04:45:00,161.202,161.258,160.898,161.026,7885.0
2026-07-02 05:00:00,161.026,161.338,161.024,161.32,6425.0
2026-07-02 05:15:00,161.32,161.342,161.198,161.246,5549.0
2026-07-02 05:30:00,161.246,161.26,161.122,161.226,4249.0
2026-07-02 05:45:00,161.227,161.266,161.118,161.202,6798.0
2026-07-02 06:00:00,161.204,161.307,161.199,161.302,3500.0
2026-07-02 06:15:00,161.301,161.49,161.29,161.47,3303.0
2026-07-02 06:30:00,161.47,161.481,161.422,161.448,2083.0
2026-07-02 06:45:00,161.447,161.449,161.329,161.363,2740.0
2026-07-02 07:00:00,161.362,161.432,161.333,161.375,3394.0
2026-07-02 07:15:00,161.376,161.388,161.326,161.363,2724.0
2026-07-02 07:30:00,161.365,161.47,161.362,161.468,2403.0
2026-07-02 07:45:00,161.467,161.5,161.448,161.48,1975.0
2026-07-02 08:00:00,161.478,161.6,161.473,161.592,3849.0
2026-07-02 08:15:00,161.592,161.646,161.498,161.546,4108.0
2026-07-02 08:30:00,161.546,161.546,160.624,160.757,19105.0
2026-07-02 08:45:00,160.756,161.04,160.74,161.028,11383.0
2026-07-02 09:00:00,161.028,161.084,160.933,161.026,8832.0
2026-07-02 09:15:00,161.028,161.162,161.01,161.117,5779.0
2026-07-02 09:30:00,161.118,161.121,160.928,160.97,7484.0
2026-07-02 09:45:00,160.971,160.977,160.858,160.86,5394.0
2026-07-02 10:00:00,160.858,160.99,160.833,160.862,6157.0
2026-07-02 10:15:00,160.862,161.064,160.84,161.052,5313.0
2026-07-02 10:30:00,161.052,161.116,161.013,161.088,5131.0
2026-07-02 10:45:00,161.085,161.119,161.004,161.042,5042.0
2026-07-02 11:00:00,161.042,161.082,160.906,160.93,5842.0
2026-07-02 11:15:00,160.93,160.955,160.83,160.9,4611.0
2026-07-02 11:30:00,160.899,160.904,160.76,160.857,4625.0
2026-07-02 11:45:00,160.856,160.938,160.853,160.911,4253.0
2026-07-02 12:00:00,160.91,160.99,160.891,160.944,4927.0
2026-07-02 12:15:00,160.942,161.078,160.94,161.068,3790.0
2026-07-02 12:30:00,161.068,161.094,161.004,161.026,3975.0
2026-07-02 12:45:00,161.027,161.034,160.942,160.984,3708.0
2026-07-02 13:00:00,160.985,161.044,160.985,161.028,2643.0
2026-07-02 13:15:00,161.029,161.126,161.028,161.114,2070.0
2026-07-02 13:30:00,161.113,161.128,161.069,161.104,2296.0
2026-07-02 13:45:00,161.104,161.127,161.066,161.073,2851.0
2026-07-02 14:00:00,161.072,161.077,161.018,161.074,2395.0
2026-07-02 14:15:00,161.075,161.106,161.044,161.077,3081.0
2026-07-02 14:30:00,161.078,161.09,161.034,161.062,1802.0
2026-07-02 14:45:00,161.061,161.07,161.042,161.048,1637.0
2026-07-02 15:00:00,161.048,161.099,161.048,161.059,1978.0
2026-07-02 15:15:00,161.058,161.126,161.058,161.122,1472.0
2026-07-02 15:30:00,161.123,161.175,161.122,161.162,1558.0
2026-07-02 15:45:00,161.162,161.172,161.12,161.128,1615.0
2026-07-02 16:00:00,161.128,161.141,161.096,161.096,1083.0
2026-07-02 16:15:00,161.096,161.102,161.07,161.08,339.0
2026-07-02 16:30:00,161.08,161.118,161.08,161.118,612.0
2026-07-02 16:45:00,161.118,161.136,161.106,161.121,982.0
2026-07-02 17:00:00,161.089,161.114,161.074,161.112,58.0
2026-07-02 17:15:00,161.112,161.13,161.064,161.129,339.0
2026-07-02 17:30:00,161.13,161.151,161.12,161.136,656.0
2026-07-02 17:45:00,161.136,161.138,161.103,161.104,379.0
2026-07-02 18:00:00,161.106,161.124,161.082,161.112,338.0
2026-07-02 18:15:00,161.112,161.15,161.112,161.15,513.0
2026-07-02 18:30:00,161.152,161.279,161.15,161.258,1054.0
2026-07-02 18:45:00,161.257,161.304,161.245,161.262,727.0
2026-07-02 19:00:00,161.26,161.279,161.24,161.256,1109.0
2026-07-02 19:15:00,161.256,161.263,161.237,161.263,901.0
2026-07-02 19:30:00,161.264,161.359,161.262,161.352,1176.0
2026-07-02 19:45:00,161.353,161.47,161.341,161.458,1931.0
2026-07-02 20:00:00,161.456,161.524,161.394,161.496,3210.0
2026-07-02 20:15:00,161.496,161.498,161.433,161.447,2549.0
2026-07-02 20:30:00,161.446,161.459,161.391,161.394,1917.0
2026-07-02 20:45:00,161.394,161.398,161.186,161.19,3600.0
2026-07-02 21:00:00,161.188,161.275,161.082,161.084,4183.0
2026-07-02 21:15:00,161.083,161.104,160.921,161.102,4537.0
2026-07-02 21:30:00,161.103,161.19,161.077,161.152,3459.0
2026-07-02 21:45:00,161.152,161.262,161.152,161.237,2248.0
2026-07-02 22:00:00,161.236,161.248,161.137,161.164,2114.0
2026-07-02 22:15:00,161.164,161.178,161.123,161.152,1930.0
2026-07-02 22:30:00,161.151,161.23,161.125,161.172,1936.0
2026-07-02 22:45:00,161.172,161.198,161.132,161.173,2009.0
2026-07-02 23:00:00,161.172,161.222,161.148,161.184,1616.0
2026-07-02 23:15:00,161.182,161.217,161.181,161.198,1631.0
2026-07-02 23:30:00,161.198,161.214,161.172,161.2,2166.0
2026-07-02 23:45:00,161.2,161.201,161.144,161.174,1531.0
2026-07-03 00:00:00,161.176,161.211,161.17,161.182,1740.0
2026-07-03 00:15:00,161.182,161.203,161.162,161.176,1875.0
2026-07-03 00:30:00,161.176,161.21,161.173,161.187,1200.0
2026-07-03 00:45:00,161.186,161.196,161.127,161.13,1387.0
2026-07-03 01:00:00,161.13,161.13,160.982,161.061,2667.0
2026-07-03 01:15:00,161.06,161.088,161.004,161.068,1893.0
2026-07-03 01:30:00,161.07,161.152,161.045,161.13,2074.0
2026-07-03 01:45:00,161.13,161.182,161.122,161.163,1912.0
2026-07-03 02:00:00,161.162,161.162,161.038,161.052,2854.0
2026-07-03 02:15:00,161.055,161.056,160.952,160.987,3014.0
2026-07-03 02:30:00,160.988,161.016,160.48,160.765,7557.0
2026-07-03 02:45:00,160.766,160.886,160.643,160.87,3926.0
2026-07-03 03:00:00,160.871,160.926,160.732,160.749,4084.0
2026-07-03 03:15:00,160.746,160.874,160.716,160.747,3482.0
2026-07-03 03:30:00,160.748,160.998,160.74,160.918,3154.0
2026-07-03 03:45:00,160.918,160.952,160.753,160.8,3694.0
2026-07-03 04:00:00,160.8,160.904,160.773,160.86,2101.0
2026-07-03 04:15:00,160.86,160.902,160.822,160.864,1382.0
2026-07-03 04:30:00,160.864,160.94,160.864,160.926,1496.0
2026-07-03 04:45:00,160.924,161.038,160.923,161.036,1510.0
2026-07-03 05:00:00,161.036,161.069,160.968,160.968,1486.0
2026-07-03 05:15:00,160.968,161.062,160.964,161.049,1236.0
2026-07-03 05:30:00,161.048,161.05,161.018,161.034,1092.0
2026-07-03 05:45:00,161.034,161.13,161.032,161.126,1425.0
2026-07-03 06:00:00,161.126,161.168,161.106,161.129,1667.0
2026-07-03 06:15:00,161.128,161.142,161.109,161.128,1255.0
2026-07-03 06:30:00,161.129,161.157,161.122,161.136,1478.0
2026-07-03 06:45:00,161.137,161.137,161.074,161.096,760.0
2026-07-03 07:00:00,161.096,161.131,161.058,161.072,1460.0
2026-07-03 07:15:00,161.071,161.104,161.06,161.103,1203.0
2026-07-03 07:30:00,161.104,161.146,161.102,161.134,994.0
2026-07-03 07:45:00,161.134,161.16,161.112,161.118,1704.0
2026-07-03 08:00:00,161.117,161.15,161.104,161.138,2176.0
2026-07-03 08:15:00,161.138,161.153,161.128,161.131,1793.0
2026-07-03 08:30:00,161.132,161.144,161.111,161.133,1489.0
2026-07-03 08:45:00,161.134,161.174,161.111,161.172,1649.0
2026-07-03 09:00:00,161.172,161.276,161.168,161.254,1913.0
2026-07-03 09:15:00,161.255,161.26,161.194,161.212,1491.0
2026-07-03 09:30:00,161.212,161.258,161.212,161.251,1604.0
2026-07-03 09:45:00,161.251,161.272,161.234,161.257,1798.0
2026-07-03 10:00:00,161.256,161.28,161.235,161.247,2560.0
2026-07-03 10:15:00,161.246,161.253,161.212,161.224,2215.0
2026-07-03 10:30:00,161.223,161.249,161.21,161.242,1557.0
2026-07-03 10:45:00,161.243,161.296,161.225,161.294,1929.0
2026-07-03 11:00:00,161.294,161.346,161.276,161.296,1859.0
2026-07-03 11:15:00,161.298,161.32,161.274,161.282,1183.0
2026-07-03 11:30:00,161.282,161.308,161.279,161.304,1059.0
2026-07-03 11:45:00,161.303,161.334,161.29,161.321,1104.0
2026-07-03 12:00:00,161.32,161.342,161.306,161.341,904.0
2026-07-03 12:15:00,161.341,161.366,161.337,161.364,750.0
2026-07-03 12:30:00,161.364,161.396,161.36,161.391,842.0
2026-07-03 12:45:00,161.39,161.39,161.346,161.352,563.0
2026-07-03 13:00:00,161.352,161.36,161.3,161.342,3839.0
2026-07-03 13:15:00,161.34,161.347,161.316,161.324,3388.0
2026-07-03 13:30:00,161.324,161.339,161.275,161.31,5332.0
2026-07-03 13:45:00,161.31,161.313,161.282,161.31,4219.0
2026-07-03 14:00:00,161.304,161.342,161.294,161.325,2629.0
2026-07-03 14:15:00,161.323,161.338,161.315,161.328,2277.0
2026-07-03 14:30:00,161.328,161.338,161.319,161.331,2927.0
2026-07-03 14:45:00,161.332,161.36,161.332,161.355,1095.0
2026-07-03 15:00:00,161.358,161.365,161.342,161.358,2172.0
2026-07-03 15:15:00,161.357,161.362,161.348,161.358,1603.0
2026-07-03 15:30:00,161.358,161.384,161.352,161.372,579.0
2026-07-03 15:45:00,161.37,161.376,161.348,161.368,885.0
2026-07-03 16:00:00,161.37,161.386,161.357,161.376,1702.0
2026-07-03 16:15:00,161.374,161.388,161.36,161.388,2105.0
2026-07-03 16:30:00,161.387,161.394,161.329,161.386,3458.0
2026-07-03 16:45:00,161.386,161.433,161.362,161.383,1904.0
2026-07-05 17:00:00,161.306,161.316,161.306,161.306,20.0
2026-07-05 17:15:00,161.31,161.318,161.304,161.314,14.0
2026-07-05 17:30:00,161.314,161.314,161.294,161.312,108.0
2026-07-05 17:45:00,161.312,161.33,161.308,161.33,174.0
2026-07-05 18:00:00,161.33,161.474,161.309,161.408,1647.0
2026-07-05 18:15:00,161.406,161.423,161.392,161.405,785.0
2026-07-05 18:30:00,161.406,161.42,161.394,161.42,716.0
2026-07-05 18:45:00,161.422,161.424,161.404,161.418,658.0
2026-07-05 19:00:00,161.42,161.476,161.416,161.47,723.0
2026-07-05 19:15:00,161.471,161.508,161.453,161.474,489.0
2026-07-05 19:30:00,161.472,161.486,161.458,161.46,578.0
2026-07-05 19:45:00,161.46,161.478,161.42,161.46,1281.0
2026-07-05 20:00:00,161.461,161.59,161.461,161.54,2681.0
2026-07-05 20:15:00,161.539,161.544,161.457,161.5,3391.0
2026-07-05 20:30:00,161.5,161.547,161.476,161.524,3046.0
2026-07-05 20:45:00,161.524,161.608,161.467,161.532,4026.0
2026-07-05 21:00:00,161.532,161.62,161.53,161.602,2656.0
2026-07-05 21:15:00,161.603,161.773,161.603,161.77,2735.0
2026-07-05 21:30:00,161.77,161.774,161.7,161.704,1926.0
2026-07-05 21:45:00,161.706,161.815,161.704,161.81,1878.0
2026-07-05 22:00:00,161.81,161.85,161.779,161.829,1469.0
2026-07-05 22:15:00,161.826,161.836,161.784,161.798,1626.0
2026-07-05 22:30:00,161.796,161.824,161.794,161.799,1360.0
2026-07-05 22:45:00,161.798,161.807,161.75,161.772,1494.0
2026-07-05 23:00:00,161.773,161.802,161.765,161.8,817.0
2026-07-05 23:15:00,161.799,161.825,161.785,161.824,1203.0
2026-07-05 23:30:00,161.824,161.834,161.796,161.797,1417.0
2026-07-05 23:45:00,161.798,161.862,161.795,161.841,1106.0
2026-07-06 00:00:00,161.842,161.85,161.81,161.826,1045.0
2026-07-06 00:15:00,161.825,161.851,161.81,161.85,982.0
2026-07-06 00:30:00,161.85,161.935,161.836,161.916,1092.0
2026-07-06 00:45:00,161.916,161.946,161.914,161.941,1277.0
2026-07-06 01:00:00,161.941,161.992,161.885,161.94,2122.0
2026-07-06 01:15:00,161.941,161.968,161.94,161.956,1311.0
2026-07-06 01:30:00,161.956,161.966,161.938,161.947,1224.0
2026-07-06 01:45:00,161.946,162.087,161.946,162.079,1792.0
2026-07-06 02:00:00,162.079,162.158,162.028,162.129,3450.0
2026-07-06 02:15:00,162.13,162.275,162.124,162.182,3947.0
2026-07-06 02:30:00,162.182,162.211,162.112,162.112,3252.0
2026-07-06 02:45:00,162.114,162.308,162.11,162.252,2734.0
2026-07-06 03:00:00,162.251,162.316,162.229,162.24,4777.0
2026-07-06 03:15:00,162.24,162.306,162.224,162.266,2676.0
2026-07-06 03:30:00,162.266,162.268,162.161,162.176,2713.0
2026-07-06 03:45:00,162.178,162.203,162.156,162.161,2211.0
2026-07-06 04:00:00,162.16,162.294,162.16,162.251,2789.0
2026-07-06 04:15:00,162.252,162.256,162.212,162.229,1732.0
2026-07-06 04:30:00,162.23,162.266,162.228,162.25,1472.0
2026-07-06 04:45:00,162.25,162.268,162.236,162.248,1328.0
2026-07-06 05:00:00,162.248,162.3,162.229,162.28,1734.0
2026-07-06 05:15:00,162.28,162.302,162.258,162.29,1452.0
2026-07-06 05:30:00,162.292,162.302,162.254,162.275,1446.0
2026-07-06 05:45:00,162.274,162.349,162.272,162.332,1632.0
2026-07-06 06:00:00,162.331,162.411,162.257,162.26,2824.0
2026-07-06 06:15:00,162.26,162.34,162.26,162.338,2960.0
2026-07-06 06:30:00,162.338,162.351,162.306,162.312,1700.0
2026-07-06 06:45:00,162.314,162.328,162.301,162.31,1524.0
2026-07-06 07:00:00,162.308,162.323,162.284,162.304,1425.0
2026-07-06 07:15:00,162.304,162.32,162.285,162.296,1407.0
2026-07-06 07:30:00,162.295,162.324,162.292,162.32,1544.0
2026-07-06 07:45:00,162.318,162.356,162.303,162.332,1682.0
2026-07-06 08:00:00,162.332,162.35,162.303,162.322,1961.0
2026-07-06 08:15:00,162.319,162.35,162.31,162.346,1906.0
2026-07-06 08:30:00,162.346,162.411,162.324,162.389,1820.0
2026-07-06 08:45:00,162.39,162.427,162.356,162.398,2203.0
2026-07-06 09:00:00,162.398,162.422,162.312,162.364,2677.0
2026-07-06 09:15:00,162.364,162.365,162.312,162.338,2104.0
2026-07-06 09:30:00,162.339,162.388,162.325,162.362,2244.0
2026-07-06 09:45:00,162.36,162.386,162.324,162.34,1764.0
2026-07-06 10:00:00,162.34,162.362,162.274,162.281,2462.0
2026-07-06 10:15:00,162.28,162.31,162.28,162.299,2165.0
2026-07-06 10:30:00,162.298,162.359,162.293,162.338,1636.0
2026-07-06 10:45:00,162.338,162.384,162.322,162.358,2389.0
2026-07-06 11:00:00,162.358,162.37,162.294,162.331,2055.0
2026-07-06 11:15:00,162.33,162.352,162.312,162.34,1594.0
2026-07-06 11:30:00,162.34,162.354,162.292,162.298,1287.0
2026-07-06 11:45:00,162.298,162.303,162.275,162.286,815.0
2026-07-06 12:00:00,162.286,162.318,162.281,162.29,690.0
2026-07-06 12:15:00,162.29,162.291,162.24,162.242,743.0
2026-07-06 12:30:00,162.242,162.284,162.242,162.279,722.0
2026-07-06 12:45:00,162.28,162.304,162.258,162.26,841.0
2026-07-06 13:00:00,162.26,162.275,162.252,162.254,1030.0
2026-07-06 13:15:00,162.254,162.262,162.17,162.196,1312.0
2026-07-06 13:30:00,162.195,162.212,162.146,162.155,1092.0
2026-07-06 13:45:00,162.156,162.178,162.146,162.176,753.0
2026-07-06 14:00:00,162.174,162.19,162.16,162.161,890.0
2026-07-06 14:15:00,162.16,162.16,162.134,162.142,745.0
2026-07-06 14:30:00,162.143,162.165,162.102,162.106,1258.0
2026-07-06 14:45:00,162.109,162.134,162.018,162.048,2203.0
2026-07-06 15:00:00,162.048,162.102,162.048,162.087,1161.0
2026-07-06 15:15:00,162.085,162.113,162.082,162.11,982.0
2026-07-06 15:30:00,162.11,162.118,162.038,162.11,1272.0
2026-07-06 15:45:00,162.108,162.108,162.034,162.056,1974.0
