Timestamp,Open,High,Low,Close,Volume
2026-03-12 05:00:00,3.6921,3.6946,3.68644,3.68712,1822.0
2026-03-12 06:00:00,3.68714,3.69232,3.68482,3.68486,1955.0
2026-03-12 07:00:00,3.68495,3.68876,3.68101,3.68662,2372.0
2026-03-12 08:00:00,3.68654,3.6952,3.68628,3.69184,2578.0
2026-03-12 09:00:00,3.69177,3.70515,3.686,3.7025,4332.0
2026-03-12 10:00:00,3.70238,3.70854,3.6967,3.7044,5850.0
2026-03-12 11:00:00,3.70454,3.71033,3.69941,3.70741,5075.0
2026-03-12 12:00:00,3.70744,3.71143,3.70074,3.70394,3090.0
2026-03-12 13:00:00,3.70392,3.70948,3.70088,3.70813,2099.0
2026-03-12 14:00:00,3.7081,3.71349,3.70705,3.71328,2171.0
2026-03-12 15:00:00,3.71323,3.71378,3.7107,3.71199,2115.0
2026-03-12 16:00:00,3.71196,3.71438,3.71165,3.71412,819.0
2026-03-12 17:00:00,3.7075,3.70868,3.70688,3.7081,410.0
2026-03-12 18:00:00,3.7062,3.71068,3.70406,3.70886,1851.0
2026-03-12 19:00:00,3.70861,3.70958,3.70335,3.7049,2479.0
2026-03-12 20:00:00,3.70522,3.70816,3.70509,3.7076,5745.0
2026-03-12 21:00:00,3.70758,3.71044,3.70561,3.70984,11488.0
2026-03-12 22:00:00,3.70984,3.71178,3.70781,3.71088,18727.0
2026-03-12 23:00:00,3.71102,3.71396,3.71014,3.71229,582.0
2026-03-13 00:00:00,3.71244,3.71556,3.71228,3.71322,347.0
2026-03-13 01:00:00,3.7132,3.71474,3.71078,3.71418,597.0
2026-03-13 02:00:00,3.71417,3.72137,3.71313,3.72126,1087.0
2026-03-13 03:00:00,3.72131,3.73302,3.72115,3.73175,2227.0
2026-03-13 04:00:00,3.7318,3.74232,3.73132,3.73272,2961.0
2026-03-13 05:00:00,3.73262,3.73268,3.72224,3.72825,2471.0
2026-03-13 06:00:00,3.7282,3.73044,3.71788,3.72378,3165.0
2026-03-13 07:00:00,3.72372,3.728,3.71924,3.72257,3831.0
2026-03-13 08:00:00,3.72262,3.72643,3.71256,3.71664,4402.0
2026-03-13 09:00:00,3.71656,3.72033,3.70842,3.71528,3189.0
2026-03-13 10:00:00,3.71524,3.72745,3.7146,3.7266,3157.0
2026-03-13 11:00:00,3.72665,3.73857,3.72525,3.73758,3980.0
2026-03-13 12:00:00,3.73764,3.73916,3.733,3.7361,4373.0
2026-03-13 13:00:00,3.73612,3.74028,3.73506,3.73783,2771.0
2026-03-13 14:00:00,3.73772,3.74088,3.736,3.73878,1963.0
2026-03-13 15:00:00,3.73866,3.7461,3.73854,3.74474,2071.0
2026-03-13 16:00:00,3.7447,3.75244,3.7445,3.74718,1785.0
2026-03-15 17:00:00,3.7376,3.74388,3.73652,3.7388,1213.0
2026-03-15 18:00:00,3.74015,3.74458,3.73866,3.74178,4594.0
2026-03-15 19:00:00,3.74176,3.74259,3.73602,3.73622,4511.0
2026-03-15 20:00:00,3.73603,3.73909,3.7295,3.72968,1900.0
2026-03-15 21:00:00,3.7297,3.73494,3.72866,3.73086,786.0
2026-03-15 22:00:00,3.73072,3.73248,3.72987,3.73118,1590.0
2026-03-15 23:00:00,3.73114,3.73204,3.72934,3.73038,598.0
2026-03-16 00:00:00,3.73045,3.7337,3.73012,3.7334,783.0
2026-03-16 01:00:00,3.73318,3.7357,3.7327,3.73498,670.0
2026-03-16 02:00:00,3.73506,3.74076,3.73441,3.73592,976.0
2026-03-16 03:00:00,3.73576,3.74165,3.73146,3.73528,1622.0
2026-03-16 04:00:00,3.73521,3.73936,3.72866,3.73004,2164.0
2026-03-16 05:00:00,3.72993,3.73265,3.72664,3.72909,1493.0
2026-03-16 06:00:00,3.729,3.7304,3.71326,3.7137,1814.0
2026-03-16 07:00:00,3.71375,3.71972,3.71286,3.71848,1494.0
2026-03-16 08:00:00,3.71858,3.72135,3.71366,3.71997,2070.0
2026-03-16 09:00:00,3.7199,3.72014,3.70888,3.7092,2229.0
2026-03-16 10:00:00,3.7093,3.72231,3.709,3.7165,2920.0
2026-03-16 11:00:00,3.71654,3.72316,3.71288,3.72043,2210.0
2026-03-16 12:00:00,3.72058,3.72479,3.71647,3.7188,2055.0
2026-03-16 13:00:00,3.71876,3.71886,3.71171,3.71763,3776.0
2026-03-16 14:00:00,3.71772,3.71772,3.70414,3.7068,1901.0
2026-03-16 15:00:00,3.70685,3.70938,3.70176,3.70812,2062.0
2026-03-16 16:00:00,3.70818,3.70986,3.70714,3.70892,879.0
2026-03-16 17:00:00,3.70802,3.7112,3.70616,3.70952,836.0
2026-03-16 18:00:00,3.70978,3.71272,3.7086,3.71176,1957.0
2026-03-16 19:00:00,3.71172,3.714,3.70686,3.7082,1496.0
2026-03-16 20:00:00,3.70818,3.71812,3.70818,3.71638,2950.0
2026-03-16 21:00:00,3.71655,3.72204,3.71615,3.71878,539.0
2026-03-16 22:00:00,3.7188,3.71936,3.71684,3.7183,297.0
2026-03-16 23:00:00,3.71844,3.71972,3.71555,3.71943,869.0
2026-03-17 00:00:00,3.71948,3.72025,3.71648,3.7173,460.0
2026-03-17 01:00:00,3.71732,3.72464,3.7156,3.7242,825.0
2026-03-17 02:00:00,3.72406,3.72996,3.72392,3.72486,558.0
2026-03-17 03:00:00,3.72474,3.72488,3.71268,3.7162,977.0
2026-03-17 04:00:00,3.71615,3.72003,3.70552,3.7068,1837.0
2026-03-17 05:00:00,3.7068,3.70966,3.70102,3.70414,1454.0
2026-03-17 06:00:00,3.70446,3.7099,3.70436,3.70844,2066.0
2026-03-17 07:00:00,3.70859,3.7089,3.7009,3.70339,1287.0
2026-03-17 08:00:00,3.70347,3.7044,3.69574,3.69766,1610.0
2026-03-17 09:00:00,3.6975,3.69753,3.68882,3.69387,2486.0
2026-03-17 10:00:00,3.6939,3.69752,3.68963,3.69236,2585.0
2026-03-17 11:00:00,3.6924,3.70092,3.69129,3.69697,3001.0
2026-03-17 12:00:00,3.69702,3.69916,3.6929,3.69486,2125.0
2026-03-17 13:00:00,3.69488,3.6952,3.69044,3.69067,1287.0
2026-03-17 14:00:00,3.69056,3.69184,3.68886,3.69172,1428.0
2026-03-17 15:00:00,3.69176,3.69438,3.69172,3.69376,726.0
2026-03-17 16:00:00,3.69378,3.69396,3.6918,3.69239,537.0
2026-03-17 17:00:00,3.6924,3.69625,3.6924,3.69603,1294.0
2026-03-17 18:00:00,3.69596,3.69596,3.69019,3.69202,2163.0
2026-03-17 19:00:00,3.69202,3.69342,3.6916,3.69241,5388.0
2026-03-17 20:00:00,3.69244,3.695,3.69088,3.6948,4442.0
2026-03-17 21:00:00,3.69477,3.69535,3.69234,3.69466,1229.0
2026-03-17 22:00:00,3.69457,3.69515,3.69329,3.69496,617.0
2026-03-17 23:00:00,3.69496,3.69532,3.69354,3.69392,323.0
2026-03-18 00:00:00,3.69392,3.69392,3.69178,3.69218,420.0
2026-03-18 01:00:00,3.69216,3.69266,3.68904,3.6895,513.0
2026-03-18 02:00:00,3.68966,3.69042,3.6872,3.68949,612.0
2026-03-18 03:00:00,3.68952,3.69777,3.68595,3.69565,947.0
2026-03-18 04:00:00,3.6957,3.69965,3.69262,3.69472,1158.0
2026-03-18 05:00:00,3.69478,3.69849,3.69098,3.6932,884.0
2026-03-18 06:00:00,3.69321,3.69623,3.69021,3.69546,755.0
2026-03-18 07:00:00,3.69535,3.69874,3.68714,3.69062,2413.0
2026-03-18 08:00:00,3.69054,3.7112,3.69032,3.71044,4408.0
2026-03-18 09:00:00,3.71025,3.71811,3.70729,3.70729,4152.0
2026-03-18 10:00:00,3.70735,3.7144,3.70247,3.709,3982.0
2026-03-18 11:00:00,3.70907,3.70907,3.70028,3.7084,3994.0
2026-03-18 12:00:00,3.70845,3.71196,3.70304,3.70901,2409.0
2026-03-18 13:00:00,3.709,3.71408,3.70586,3.70646,2197.0
2026-03-18 14:00:00,3.7065,3.724,3.7025,3.7238,7004.0
2026-03-18 15:00:00,3.72382,3.72827,3.72188,3.72782,3244.0
2026-03-18 16:00:00,3.72774,3.73676,3.72752,3.73483,1622.0
2026-03-18 17:00:00,3.73516,3.73532,3.72833,3.7297,1478.0
2026-03-18 18:00:00,3.72994,3.73462,3.72891,3.73249,2110.0
2026-03-18 19:00:00,3.73256,3.73302,3.72928,3.73016,2838.0
2026-03-18 20:00:00,3.73022,3.73034,3.72388,3.724,1228.0
2026-03-18 21:00:00,3.72402,3.72414,3.7183,3.72061,1064.0
2026-03-18 22:00:00,3.72062,3.72244,3.71592,3.71942,980.0
2026-03-18 23:00:00,3.71922,3.72442,3.71874,3.72412,501.0
2026-03-19 00:00:00,3.72428,3.72738,3.72412,3.72635,327.0
2026-03-19 01:00:00,3.72634,3.72916,3.72536,3.72736,491.0
2026-03-19 02:00:00,3.72724,3.7301,3.72337,3.72858,592.0
2026-03-19 03:00:00,3.7286,3.73835,3.72451,3.73659,2422.0
2026-03-19 04:00:00,3.73654,3.741,3.73398,3.73611,2686.0
2026-03-19 05:00:00,3.73599,3.73655,3.72336,3.7276,4909.0
2026-03-19 06:00:00,3.72768,3.73299,3.72768,3.72934,2395.0
2026-03-19 07:00:00,3.7295,3.73235,3.72668,3.72737,2138.0
2026-03-19 08:00:00,3.72731,3.73882,3.7242,3.7276,4059.0
2026-03-19 09:00:00,3.72746,3.73254,3.70742,3.71075,8859.0
2026-03-19 10:00:00,3.71062,3.7193,3.70654,3.711,7155.0
2026-03-19 11:00:00,3.71118,3.72372,3.7012,3.71646,5044.0
2026-03-19 12:00:00,3.71645,3.71706,3.70678,3.70778,6191.0
2026-03-19 13:00:00,3.70773,3.7093,3.69736,3.70149,3494.0
2026-03-19 14:00:00,3.7016,3.70368,3.68806,3.6887,2738.0
2026-03-19 15:00:00,3.6887,3.68906,3.67036,3.68624,6991.0
2026-03-19 16:00:00,3.68608,3.6877,3.68256,3.68274,1886.0
2026-03-19 17:00:00,3.6873,3.6873,3.6817,3.68436,717.0
2026-03-19 18:00:00,3.68443,3.68765,3.67829,3.68681,3547.0
2026-03-19 19:00:00,3.68685,3.68828,3.68521,3.68695,3130.0
2026-03-19 20:00:00,3.68696,3.68942,3.6852,3.68842,1012.0
2026-03-19 21:00:00,3.68828,3.69138,3.68696,3.69096,977.0
2026-03-19 22:00:00,3.69082,3.69204,3.68989,3.69128,693.0
2026-03-19 23:00:00,3.6914,3.69396,3.6914,3.69382,406.0
2026-03-20 00:00:00,3.69381,3.69385,3.69133,3.69326,554.0
2026-03-20 01:00:00,3.69328,3.6941,3.69082,3.6941,474.0
2026-03-20 02:00:00,3.69422,3.69657,3.69036,3.69632,744.0
2026-03-20 03:00:00,3.69636,3.6969,3.68617,3.68755,1379.0
2026-03-20 04:00:00,3.6875,3.69314,3.68514,3.6931,1898.0
2026-03-20 05:00:00,3.69301,3.70406,3.69114,3.70306,1870.0
2026-03-20 06:00:00,3.70308,3.71121,3.69997,3.7014,2167.0
2026-03-20 07:00:00,3.70145,3.70262,3.69217,3.69644,2384.0
2026-03-20 08:00:00,3.69635,3.6992,3.69214,3.69708,2851.0
2026-03-20 09:00:00,3.69686,3.70978,3.69607,3.70929,3366.0
2026-03-20 10:00:00,3.70934,3.71574,3.70824,3.71044,4546.0
2026-03-20 11:00:00,3.7104,3.7104,3.69742,3.7077,4154.0
2026-03-20 12:00:00,3.70765,3.70815,3.6971,3.70046,1895.0
2026-03-20 13:00:00,3.70046,3.70562,3.69624,3.70192,2966.0
2026-03-20 14:00:00,3.70182,3.70629,3.69527,3.70435,3130.0
2026-03-20 15:00:00,3.70425,3.70634,3.69883,3.70197,1365.0
2026-03-20 16:00:00,3.70192,3.70254,3.69566,3.6962,2785.0
2026-03-22 17:00:00,3.70744,3.708,3.70135,3.70304,467.0
2026-03-22 18:00:00,3.70217,3.70368,3.69564,3.6971,3793.0
2026-03-22 19:00:00,3.69711,3.69766,3.69517,3.6958,4350.0
2026-03-22 20:00:00,3.69558,3.70824,3.695,3.70572,3176.0
2026-03-22 21:00:00,3.70556,3.70562,3.69888,3.70214,1784.0
2026-03-22 22:00:00,3.70201,3.70656,3.70028,3.70436,1596.0
2026-03-22 23:00:00,3.70436,3.70718,3.70341,3.7065,1140.0
2026-03-23 00:00:00,3.70646,3.70646,3.70396,3.7044,801.0
2026-03-23 01:00:00,3.70435,3.71171,3.70281,3.71171,972.0
2026-03-23 02:00:00,3.71168,3.71868,3.71168,3.71515,2417.0
2026-03-23 03:00:00,3.71519,3.71813,3.70986,3.71682,2000.0
2026-03-23 04:00:00,3.71674,3.71674,3.70916,3.7161,2711.0
2026-03-23 05:00:00,3.71584,3.73094,3.71432,3.72911,2784.0
2026-03-23 06:00:00,3.729,3.7357,3.72318,3.7325,3045.0
2026-03-23 07:00:00,3.7323,3.73241,3.67368,3.69667,32066.0
2026-03-23 08:00:00,3.69666,3.70156,3.66927,3.67166,17857.0
2026-03-23 09:00:00,3.67162,3.6871,3.66976,3.6732,14518.0
2026-03-23 10:00:00,3.67315,3.67602,3.65366,3.66244,11600.0
2026-03-23 11:00:00,3.6626,3.68217,3.65522,3.68071,7853.0
2026-03-23 12:00:00,3.68088,3.68386,3.67119,3.67607,6015.0
2026-03-23 13:00:00,3.67606,3.67626,3.66588,3.66856,4480.0
2026-03-23 14:00:00,3.66862,3.67414,3.65678,3.65872,5004.0
2026-03-23 15:00:00,3.65887,3.6688,3.65874,3.66726,1688.0
2026-03-23 16:00:00,3.6672,3.66914,3.66664,3.66756,850.0
2026-03-23 17:00:00,3.67125,3.67232,3.667,3.66812,204.0
2026-03-23 18:00:00,3.66826,3.6731,3.66563,3.66682,3934.0
2026-03-23 19:00:00,3.66686,3.6703,3.66625,3.66934,4995.0
2026-03-23 20:00:00,3.66932,3.6807,3.66932,3.67916,5075.0
2026-03-23 21:00:00,3.67902,3.68439,3.67606,3.68036,1431.0
2026-03-23 22:00:00,3.6802,3.68165,3.67804,3.6807,1169.0
2026-03-23 23:00:00,3.68054,3.68227,3.67884,3.68134,1176.0
2026-03-24 00:00:00,3.6813,3.68382,3.68106,3.68224,904.0
2026-03-24 01:00:00,3.68218,3.68531,3.6796,3.68129,1625.0
2026-03-24 02:00:00,3.6814,3.68178,3.67636,3.6775,2299.0
2026-03-24 03:00:00,3.67763,3.6787,3.66312,3.67105,3344.0
2026-03-24 04:00:00,3.67128,3.6894,3.67065,3.68648,3677.0
2026-03-24 05:00:00,3.68642,3.69312,3.68284,3.68566,3052.0
2026-03-24 06:00:00,3.68568,3.68932,3.68282,3.6854,3342.0
2026-03-24 07:00:00,3.68566,3.69388,3.68093,3.68686,2827.0
2026-03-24 08:00:00,3.68678,3.6902,3.68196,3.68918,2507.0
2026-03-24 09:00:00,3.68927,3.69599,3.68637,3.69125,5035.0
2026-03-24 10:00:00,3.6912,3.69136,3.67226,3.68484,5775.0
2026-03-24 11:00:00,3.68501,3.6935,3.68138,3.69319,4682.0
2026-03-24 12:00:00,3.69325,3.6955,3.6879,3.69489,2726.0
2026-03-24 13:00:00,3.69494,3.70446,3.6927,3.6948,5168.0
2026-03-24 14:00:00,3.69481,3.69913,3.68782,3.693,4138.0
2026-03-24 15:00:00,3.69284,3.69284,3.68742,3.69102,1293.0
2026-03-24 16:00:00,3.69102,3.6931,3.67065,3.67941,4767.0
2026-03-24 17:00:00,3.67986,3.68136,3.67778,3.67897,1708.0
2026-03-24 18:00:00,3.67888,3.68146,3.67706,3.67824,3606.0
2026-03-24 19:00:00,3.67822,3.68016,3.677,3.67864,3229.0
2026-03-24 20:00:00,3.6781,3.6782,3.67028,3.67261,5647.0
2026-03-24 21:00:00,3.67262,3.67744,3.67213,3.67739,2107.0
2026-03-24 22:00:00,3.67734,3.68163,3.6771,3.68051,4030.0
2026-03-24 23:00:00,3.68052,3.68164,3.6798,3.6806,3114.0
2026-03-25 00:00:00,3.68061,3.68264,3.6796,3.68239,1564.0
2026-03-25 01:00:00,3.68244,3.68608,3.68244,3.68496,1462.0
2026-03-25 02:00:00,3.68492,3.68772,3.684,3.68573,1264.0
2026-03-25 03:00:00,3.68592,3.68692,3.67811,3.68232,1554.0
2026-03-25 04:00:00,3.68184,3.68582,3.67408,3.68112,2587.0
2026-03-25 05:00:00,3.68104,3.68481,3.67782,3.67926,1714.0
2026-03-25 06:00:00,3.6793,3.68169,3.67548,3.67578,1318.0
2026-03-25 07:00:00,3.67572,3.68212,3.67389,3.67643,1893.0
2026-03-25 08:00:00,3.67638,3.68727,3.67456,3.6853,2573.0
2026-03-25 09:00:00,3.68513,3.69273,3.68165,3.6918,2526.0
2026-03-25 10:00:00,3.69168,3.6946,3.6854,3.6874,3165.0
2026-03-25 11:00:00,3.68738,3.69932,3.6867,3.69596,2993.0
2026-03-25 12:00:00,3.69606,3.70126,3.69105,3.6951,2442.0
2026-03-25 13:00:00,3.69513,3.69714,3.6899,3.69168,2018.0
2026-03-25 14:00:00,3.69167,3.69842,3.69068,3.69719,1230.0
2026-03-25 15:00:00,3.6973,3.69942,3.69661,3.69788,873.0
2026-03-25 16:00:00,3.69774,3.70037,3.69774,3.6993,388.0
2026-03-25 17:00:00,3.699,3.6999,3.6979,3.69874,701.0
2026-03-25 18:00:00,3.69872,3.7003,3.69734,3.69874,1283.0
2026-03-25 19:00:00,3.69876,3.6993,3.6979,3.69838,2209.0
2026-03-25 20:00:00,3.69833,3.70054,3.69736,3.6992,3171.0
2026-03-25 21:00:00,3.69918,3.70018,3.69676,3.69902,1066.0
2026-03-25 22:00:00,3.69908,3.70256,3.69831,3.70118,1096.0
2026-03-25 23:00:00,3.70123,3.70152,3.69638,3.697,924.0
2026-03-26 00:00:00,3.69714,3.69764,3.6962,3.69717,318.0
2026-03-26 01:00:00,3.69737,3.70328,3.69724,3.70328,972.0
2026-03-26 02:00:00,3.70328,3.70664,3.69904,3.69957,1276.0
2026-03-26 03:00:00,3.69956,3.7061,3.69945,3.70425,1426.0
2026-03-26 04:00:00,3.7042,3.70715,3.69566,3.69644,1947.0
2026-03-26 05:00:00,3.6965,3.70116,3.69413,3.69448,1812.0
2026-03-26 06:00:00,3.6944,3.69876,3.69228,3.6978,1711.0
2026-03-26 07:00:00,3.69765,3.71004,3.6959,3.70978,1736.0
2026-03-26 08:00:00,3.7097,3.71038,3.705,3.7054,1693.0
2026-03-26 09:00:00,3.70526,3.70534,3.69562,3.69911,2735.0
2026-03-26 10:00:00,3.69896,3.70353,3.69382,3.6997,4242.0
2026-03-26 11:00:00,3.69967,3.70565,3.69762,3.70254,2737.0
2026-03-26 12:00:00,3.70265,3.7083,3.70168,3.70616,2115.0
2026-03-26 13:00:00,3.70627,3.71254,3.70577,3.71253,994.0
2026-03-26 14:00:00,3.71242,3.71253,3.7085,3.7087,955.0
2026-03-26 15:00:00,3.70866,3.71432,3.70842,3.71409,760.0
2026-03-26 16:00:00,3.71409,3.71552,3.69896,3.70912,6021.0
2026-03-26 17:00:00,3.70622,3.70943,3.7056,3.70699,1645.0
2026-03-26 18:00:00,3.7073,3.70782,3.70437,3.7058,1591.0
2026-03-26 19:00:00,3.70579,3.70765,3.70508,3.7071,1623.0
2026-03-26 20:00:00,3.70702,3.71246,3.70558,3.70924,1098.0
2026-03-26 21:00:00,3.70911,3.7097,3.70497,3.70712,906.0
2026-03-26 22:00:00,3.70705,3.7086,3.7055,3.7085,1248.0
2026-03-26 23:00:00,3.70842,3.7099,3.70784,3.70826,997.0
2026-03-27 00:00:00,3.70811,3.71029,3.70584,3.70614,697.0
2026-03-27 01:00:00,3.7061,3.7076,3.7027,3.70638,747.0
2026-03-27 02:00:00,3.7064,3.70942,3.70532,3.70928,568.0
2026-03-27 03:00:00,3.70928,3.71638,3.7082,3.71555,1171.0
2026-03-27 04:00:00,3.71565,3.72114,3.71292,3.72015,2133.0
2026-03-27 05:00:00,3.7202,3.72292,3.71663,3.72065,1332.0
2026-03-27 06:00:00,3.72055,3.72501,3.71736,3.72445,1405.0
2026-03-27 07:00:00,3.72436,3.72686,3.72202,3.72474,1380.0
2026-03-27 08:00:00,3.72494,3.72878,3.7217,3.72311,1283.0
2026-03-27 09:00:00,3.72312,3.72445,3.71617,3.71882,2605.0
2026-03-27 10:00:00,3.71888,3.72006,3.7113,3.71476,3200.0
2026-03-27 11:00:00,3.71468,3.71874,3.70618,3.71719,3502.0
2026-03-27 12:00:00,3.71722,3.72184,3.71333,3.72037,2809.0
2026-03-27 13:00:00,3.72048,3.72664,3.71606,3.72414,2954.0
2026-03-27 14:00:00,3.7241,3.72601,3.72002,3.72302,1937.0
2026-03-27 15:00:00,3.72308,3.72454,3.71974,3.71998,1268.0
2026-03-27 16:00:00,3.72,3.7222,3.7186,3.72076,1652.0
2026-03-29 17:00:00,3.72146,3.72528,3.7213,3.72447,415.0
2026-03-29 18:00:00,3.72434,3.72878,3.72294,3.72859,3777.0
2026-03-29 19:00:00,3.72858,3.72909,3.72684,3.72803,4458.0
2026-03-29 20:00:00,3.72806,3.7293,3.71936,3.72266,3620.0
2026-03-29 21:00:00,3.72252,3.72396,3.72135,3.72315,493.0
2026-03-29 22:00:00,3.72328,3.7244,3.71964,3.72087,380.0
2026-03-29 23:00:00,3.7209,3.72132,3.71756,3.71904,690.0
2026-03-30 00:00:00,3.71892,3.71935,3.71664,3.71928,297.0
2026-03-30 01:00:00,3.7194,3.72047,3.71724,3.7181,334.0
2026-03-30 02:00:00,3.71809,3.71932,3.7121,3.7172,1115.0
2026-03-30 03:00:00,3.71716,3.72894,3.71692,3.72645,1848.0
2026-03-30 04:00:00,3.72644,3.73016,3.72457,3.72565,1824.0
2026-03-30 05:00:00,3.72564,3.73292,3.72544,3.72913,1826.0
2026-03-30 06:00:00,3.72914,3.73342,3.72752,3.73272,1158.0
2026-03-30 07:00:00,3.7326,3.73443,3.72668,3.73408,2717.0
2026-03-30 08:00:00,3.73402,3.73712,3.73098,3.73342,1868.0
2026-03-30 09:00:00,3.73334,3.74195,3.73084,3.7415,3473.0
2026-03-30 10:00:00,3.74147,3.7457,3.73916,3.74473,3706.0
2026-03-30 11:00:00,3.74472,3.75256,3.74276,3.7455,2583.0
2026-03-30 12:00:00,3.74549,3.74939,3.74491,3.74502,1880.0
2026-03-30 13:00:00,3.7449,3.74689,3.74155,3.7456,1509.0
2026-03-30 14:00:00,3.74555,3.74586,3.74186,3.74444,2255.0
2026-03-30 15:00:00,3.74445,3.74703,3.744,3.7449,1292.0
2026-03-30 16:00:00,3.74488,3.74574,3.7436,3.74425,839.0
2026-03-30 17:00:00,3.74212,3.74489,3.74076,3.74204,1471.0
2026-03-30 18:00:00,3.74218,3.7432,3.7403,3.74276,1308.0
2026-03-30 19:00:00,3.7428,3.74604,3.7428,3.74384,3037.0
2026-03-30 20:00:00,3.74379,3.74896,3.73588,3.7363,4449.0
2026-03-30 21:00:00,3.73624,3.73624,3.72878,3.73338,915.0
2026-03-30 22:00:00,3.7335,3.73454,3.73236,3.73376,420.0
2026-03-30 23:00:00,3.73388,3.73867,3.73372,3.73763,526.0
2026-03-31 00:00:00,3.7376,3.73763,3.7359,3.73733,567.0
2026-03-31 01:00:00,3.73732,3.74188,3.73546,3.73767,630.0
2026-03-31 02:00:00,3.73772,3.74028,3.73343,3.73484,988.0
2026-03-31 03:00:00,3.73482,3.74384,3.73309,3.7331,1626.0
2026-03-31 04:00:00,3.73312,3.74066,3.73184,3.7394,1655.0
2026-03-31 05:00:00,3.73942,3.74302,3.73719,3.7419,1464.0
2026-03-31 06:00:00,3.74195,3.74792,3.74135,3.74788,1362.0
2026-03-31 07:00:00,3.74778,3.74907,3.73395,3.73395,2775.0
2026-03-31 08:00:00,3.73367,3.7369,3.72558,3.7291,2951.0
2026-03-31 09:00:00,3.72905,3.73048,3.7197,3.72022,2657.0
2026-03-31 10:00:00,3.7202,3.73108,3.71954,3.73,4178.0
2026-03-31 11:00:00,3.7299,3.73191,3.72176,3.73012,4451.0
2026-03-31 12:00:00,3.73003,3.73232,3.7158,3.72276,6804.0
2026-03-31 13:00:00,3.72261,3.7229,3.71311,3.71934,5694.0
2026-03-31 14:00:00,3.71939,3.71975,3.71478,3.7165,3527.0
2026-03-31 15:00:00,3.71655,3.71824,3.71146,3.71165,1864.0
2026-03-31 16:00:00,3.71166,3.71291,3.71004,3.71207,1407.0
2026-03-31 17:00:00,3.71414,3.71496,3.71077,3.71138,1227.0
2026-03-31 18:00:00,3.7114,3.71432,3.7095,3.70964,2153.0
2026-03-31 19:00:00,3.70977,3.71044,3.70479,3.70504,3445.0
2026-03-31 20:00:00,3.70508,3.70642,3.70302,3.70436,3704.0
2026-03-31 21:00:00,3.70435,3.71071,3.70384,3.7085,1184.0
2026-03-31 22:00:00,3.70836,3.70888,3.7054,3.7061,280.0
2026-03-31 23:00:00,3.70612,3.70926,3.7061,3.70888,321.0
2026-04-01 00:00:00,3.70902,3.70922,3.70698,3.70732,209.0
2026-04-01 01:00:00,3.70731,3.70752,3.70207,3.70564,508.0
2026-04-01 02:00:00,3.70563,3.70736,3.69568,3.6967,2645.0
2026-04-01 03:00:00,3.69665,3.70499,3.69361,3.70286,3699.0
2026-04-01 04:00:00,3.7029,3.70499,3.68916,3.69493,2874.0
2026-04-01 05:00:00,3.6949,3.7021,3.69286,3.69402,2080.0
2026-04-01 06:00:00,3.69388,3.69434,3.68925,3.69118,1520.0
2026-04-01 07:00:00,3.69106,3.69242,3.68612,3.68724,1024.0
2026-04-01 08:00:00,3.6871,3.6934,3.68146,3.69166,4905.0
2026-04-01 09:00:00,3.69172,3.69383,3.68176,3.68939,5584.0
2026-04-01 10:00:00,3.69036,3.69264,3.68156,3.68328,5310.0
2026-04-01 11:00:00,3.68326,3.68988,3.6812,3.68572,2280.0
2026-04-01 12:00:00,3.68576,3.68998,3.68402,3.68402,1592.0
2026-04-01 13:00:00,3.68402,3.69428,3.68242,3.69385,2077.0
2026-04-01 14:00:00,3.6939,3.70361,3.69364,3.70124,3023.0
2026-04-01 15:00:00,3.7014,3.70218,3.6978,3.6994,1241.0
2026-04-01 16:00:00,3.69943,3.6999,3.69591,3.69605,643.0
2026-04-01 17:00:00,3.6963,3.69996,3.6963,3.69744,2164.0
2026-04-01 18:00:00,3.69734,3.69922,3.69568,3.69698,2135.0
2026-04-01 19:00:00,3.69692,3.69834,3.69504,3.69717,2108.0
2026-04-01 20:00:00,3.69706,3.69758,3.69198,3.69261,798.0
2026-04-01 21:00:00,3.69268,3.71588,3.69062,3.7133,10754.0
2026-04-01 22:00:00,3.71316,3.71725,3.7103,3.7156,3426.0
2026-04-01 23:00:00,3.71576,3.71991,3.715,3.71915,1532.0
2026-04-02 00:00:00,3.71914,3.72221,3.71835,3.72049,1505.0
2026-04-02 01:00:00,3.72046,3.72476,3.71946,3.72458,1629.0
2026-04-02 02:00:00,3.72444,3.72538,3.7174,3.71759,1631.0
2026-04-02 03:00:00,3.71749,3.7232,3.71666,3.71804,1851.0
2026-04-02 04:00:00,3.71802,3.7222,3.71746,3.7192,1712.0
2026-04-02 05:00:00,3.7191,3.72372,3.71827,3.72054,1243.0
2026-04-02 06:00:00,3.72046,3.72486,3.72022,3.72234,1570.0
2026-04-02 07:00:00,3.72224,3.72414,3.71886,3.72146,1724.0
2026-04-02 08:00:00,3.72142,3.72246,3.71354,3.71691,2507.0
2026-04-02 09:00:00,3.71674,3.71906,3.71317,3.71358,2886.0
2026-04-02 10:00:00,3.71356,3.71485,3.69596,3.70302,7546.0
2026-04-02 11:00:00,3.70294,3.70478,3.6979,3.70075,3745.0
2026-04-02 12:00:00,3.7008,3.70444,3.69834,3.70444,1770.0
2026-04-02 13:00:00,3.70444,3.707,3.70177,3.70608,2895.0
2026-04-02 14:00:00,3.70608,3.70846,3.705,3.70695,1349.0
2026-04-02 15:00:00,3.7069,3.70815,3.7032,3.70772,1290.0
2026-04-02 16:00:00,3.70768,3.70862,3.70553,3.7058,458.0
2026-04-02 17:00:00,3.70803,3.70935,3.70674,3.7076,944.0
2026-04-02 18:00:00,3.7077,3.70964,3.70507,3.70589,1247.0
2026-04-02 19:00:00,3.70588,3.7067,3.70453,3.7052,1211.0
2026-04-02 20:00:00,3.70524,3.70664,3.70408,3.70664,1513.0
2026-04-02 21:00:00,3.70662,3.709,3.70618,3.70868,236.0
2026-04-02 22:00:00,3.70856,3.70974,3.70743,3.70811,478.0
2026-04-02 23:00:00,3.70812,3.70878,3.70774,3.70819,271.0
2026-04-03 00:00:00,3.70817,3.70899,3.70817,3.70894,84.0
2026-04-03 01:00:00,3.70894,3.7105,3.70694,3.70695,133.0
2026-04-03 02:00:00,3.70699,3.70878,3.70492,3.70502,410.0
2026-04-03 03:00:00,3.70516,3.70605,3.70253,3.70338,251.0
2026-04-03 04:00:00,3.7035,3.70603,3.70314,3.70594,247.0
2026-04-03 05:00:00,3.706,3.70692,3.70498,3.70582,262.0
2026-04-03 06:00:00,3.70572,3.70684,3.70398,3.70628,231.0
2026-04-03 07:00:00,3.7063,3.70782,3.705,3.70658,312.0
2026-04-03 08:00:00,3.7065,3.72315,3.70616,3.70914,2332.0
2026-04-03 09:00:00,3.70902,3.71014,3.70655,3.70694,723.0
2026-04-03 10:00:00,3.7068,3.71316,3.70628,3.71296,1088.0
2026-04-03 11:00:00,3.71301,3.71306,3.71018,3.71225,1159.0
2026-04-03 12:00:00,3.71236,3.71406,3.71222,3.71406,1534.0
2026-04-03 13:00:00,3.71404,3.71414,3.71244,3.71294,1318.0
2026-04-03 14:00:00,3.71292,3.71508,3.71258,3.71486,862.0
2026-04-03 15:00:00,3.71486,3.71616,3.71435,3.7156,255.0
2026-04-03 16:00:00,3.71562,3.71658,3.70912,3.71348,2710.0
2026-04-05 17:00:00,3.71629,3.7167,3.7129,3.71329,478.0
2026-04-05 18:00:00,3.71301,3.71857,3.71268,3.71516,5736.0
2026-04-05 19:00:00,3.7152,3.71722,3.71457,3.71684,3547.0
2026-04-05 20:00:00,3.71684,3.71703,3.71284,3.71509,5576.0
2026-04-05 21:00:00,3.71511,3.71734,3.7142,3.7166,3791.0
2026-04-05 22:00:00,3.71658,3.7166,3.70933,3.71204,6887.0
2026-04-05 23:00:00,3.71204,3.71366,3.7112,3.71252,3765.0
2026-04-06 00:00:00,3.71252,3.71299,3.7103,3.71096,1934.0
2026-04-06 01:00:00,3.71109,3.71152,3.709,3.71048,474.0
2026-04-06 02:00:00,3.7104,3.71108,3.7047,3.7065,823.0
2026-04-06 03:00:00,3.70655,3.70968,3.69186,3.69371,1154.0
2026-04-06 04:00:00,3.69356,3.69722,3.69119,3.69566,1189.0
2026-04-06 05:00:00,3.69561,3.697,3.69202,3.6956,930.0
2026-04-06 06:00:00,3.69548,3.69978,3.69288,3.69556,1437.0
2026-04-06 07:00:00,3.69542,3.69894,3.69304,3.6943,710.0
2026-04-06 08:00:00,3.6942,3.69547,3.69148,3.69186,1278.0
2026-04-06 09:00:00,3.6917,3.69352,3.6867,3.68722,1189.0
2026-04-06 10:00:00,3.6867,3.69384,3.68212,3.69332,2684.0
2026-04-06 11:00:00,3.69334,3.6996,3.69299,3.6965,1233.0
2026-04-06 12:00:00,3.69652,3.69986,3.69384,3.69903,516.0
2026-04-06 13:00:00,3.69912,3.70282,3.69743,3.69993,661.0
2026-04-06 14:00:00,3.69992,3.70039,3.69517,3.69854,622.0
2026-04-06 15:00:00,3.69843,3.7,3.69763,3.6993,450.0
2026-04-06 16:00:00,3.69926,3.7003,3.69784,3.6983,518.0
2026-04-06 17:00:00,3.69785,3.69924,3.69649,3.69764,1450.0
2026-04-06 18:00:00,3.69764,3.70198,3.69545,3.69725,2344.0
2026-04-06 19:00:00,3.69724,3.69865,3.6968,3.69772,1270.0
2026-04-06 20:00:00,3.69772,3.69941,3.69656,3.69924,3045.0
2026-04-06 21:00:00,3.69928,3.70496,3.69805,3.70384,1134.0
2026-04-06 22:00:00,3.70377,3.70599,3.7031,3.70376,631.0
2026-04-06 23:00:00,3.70386,3.70422,3.70204,3.70228,374.0
2026-04-07 00:00:00,3.70233,3.703,3.70024,3.70053,650.0
2026-04-07 01:00:00,3.70038,3.70368,3.69976,3.702,1079.0
2026-04-07 02:00:00,3.70206,3.70371,3.69736,3.69847,960.0
2026-04-07 03:00:00,3.6983,3.70553,3.69807,3.7015,1436.0
2026-04-07 04:00:00,3.7017,3.70196,3.68678,3.68784,3757.0
2026-04-07 05:00:00,3.68779,3.69375,3.68651,3.69371,1706.0
2026-04-07 06:00:00,3.69363,3.69996,3.69192,3.69706,2776.0
2026-04-07 07:00:00,3.69718,3.70042,3.69577,3.69671,1463.0
2026-04-07 08:00:00,3.6965,3.70056,3.6927,3.69767,2260.0
2026-04-07 09:00:00,3.69758,3.7011,3.69528,3.69999,2417.0
2026-04-07 10:00:00,3.70018,3.70183,3.68886,3.69668,2628.0
2026-04-07 11:00:00,3.6967,3.70026,3.69196,3.69558,2105.0
2026-04-07 12:00:00,3.69558,3.69562,3.69092,3.69445,3976.0
2026-04-07 13:00:00,3.6945,3.69615,3.69005,3.69097,1630.0
2026-04-07 14:00:00,3.6909,3.69406,3.6887,3.69303,1182.0
2026-04-07 15:00:00,3.69314,3.69422,3.6809,3.68292,3015.0
2026-04-07 16:00:00,3.68292,3.6845,3.6785,3.6838,2120.0
2026-04-07 17:00:00,3.6871,3.6871,3.68104,3.68214,1601.0
2026-04-07 18:00:00,3.68183,3.6856,3.65886,3.66028,11612.0
2026-04-07 19:00:00,3.66031,3.66182,3.64633,3.64792,15036.0
2026-04-07 20:00:00,3.64792,3.65146,3.64286,3.64922,2574.0
2026-04-07 21:00:00,3.64907,3.64945,3.64411,3.64904,1191.0
2026-04-07 22:00:00,3.6489,3.65075,3.64644,3.64892,583.0
2026-04-07 23:00:00,3.64877,3.65122,3.6456,3.64656,711.0
2026-04-08 00:00:00,3.6464,3.6464,3.64121,3.64287,416.0
2026-04-08 01:00:00,3.6426,3.64505,3.6311,3.63825,1079.0
2026-04-08 02:00:00,3.63828,3.6442,3.6344,3.63558,2671.0
2026-04-08 03:00:00,3.63549,3.65018,3.63524,3.64141,2898.0
2026-04-08 04:00:00,3.64154,3.65558,3.6392,3.6485,2977.0
2026-04-08 05:00:00,3.64845,3.65011,3.6439,3.6469,1755.0
2026-04-08 06:00:00,3.64706,3.64722,3.64216,3.64303,1192.0
2026-04-08 07:00:00,3.64311,3.64532,3.63408,3.6366,2837.0
2026-04-08 08:00:00,3.63658,3.64018,3.62702,3.62852,3522.0
2026-04-08 09:00:00,3.62843,3.64039,3.62545,3.63516,2995.0
2026-04-08 10:00:00,3.63526,3.63721,3.63092,3.63302,3279.0
2026-04-08 11:00:00,3.63299,3.63737,3.63118,3.63398,2099.0
2026-04-08 12:00:00,3.63392,3.63782,3.63282,3.63458,1262.0
2026-04-08 13:00:00,3.63466,3.63854,3.63331,3.63727,999.0
2026-04-08 14:00:00,3.63728,3.64966,3.63497,3.64872,2401.0
2026-04-08 15:00:00,3.64882,3.6519,3.64141,3.64206,2018.0
2026-04-08 16:00:00,3.64186,3.6489,3.6417,3.6488,1085.0
2026-04-08 17:00:00,3.65025,3.65096,3.6469,3.64871,1481.0
2026-04-08 18:00:00,3.6486,3.64952,3.64688,3.648,1881.0
2026-04-08 19:00:00,3.64799,3.6501,3.64746,3.64938,1846.0
2026-04-08 20:00:00,3.64936,3.65128,3.64763,3.64917,1807.0
2026-04-08 21:00:00,3.64918,3.65214,3.64582,3.64626,675.0
2026-04-08 22:00:00,3.64614,3.64722,3.6446,3.64522,492.0
2026-04-08 23:00:00,3.64523,3.6469,3.64496,3.64638,421.0
2026-04-09 00:00:00,3.64625,3.64638,3.64343,3.64504,397.0
2026-04-09 01:00:00,3.64503,3.6482,3.6446,3.64801,884.0
2026-04-09 02:00:00,3.64796,3.6531,3.64602,3.64765,1096.0
2026-04-09 03:00:00,3.64755,3.65806,3.64676,3.6538,1510.0
2026-04-09 04:00:00,3.65388,3.6566,3.64876,3.65161,1399.0
2026-04-09 05:00:00,3.6516,3.65306,3.64476,3.6473,1430.0
2026-04-09 06:00:00,3.64735,3.64907,3.64456,3.64907,1080.0
2026-04-09 07:00:00,3.6492,3.64942,3.63936,3.64072,1655.0
2026-04-09 08:00:00,3.64072,3.64602,3.6402,3.64225,1832.0
2026-04-09 09:00:00,3.6422,3.64251,3.6361,3.6402,2151.0
2026-04-09 10:00:00,3.64025,3.64157,3.6374,3.6382,2120.0
2026-04-09 11:00:00,3.63822,3.64144,3.6278,3.62919,6369.0
2026-04-09 12:00:00,3.62919,3.63006,3.62208,3.62266,3034.0
2026-04-09 13:00:00,3.62269,3.62354,3.61915,3.62255,1814.0
2026-04-09 14:00:00,3.6226,3.63181,3.6223,3.63041,2460.0
2026-04-09 15:00:00,3.63048,3.6311,3.6278,3.62995,2061.0
2026-04-09 16:00:00,3.63003,3.6314,3.6288,3.63008,2415.0
2026-04-09 17:00:00,3.62891,3.63326,3.62846,3.63024,2098.0
2026-04-09 18:00:00,3.63025,3.63408,3.62924,3.6327,3164.0
2026-04-09 19:00:00,3.63267,3.63484,3.63126,3.6317,3516.0
2026-04-09 20:00:00,3.6315,3.63492,3.6315,3.63426,2319.0
2026-04-09 21:00:00,3.6341,3.63534,3.6297,3.63064,370.0
2026-04-09 22:00:00,3.63048,3.6341,3.63011,3.6333,246.0
2026-04-09 23:00:00,3.63331,3.6336,3.63139,3.63184,153.0
2026-04-10 00:00:00,3.63184,3.63349,3.6315,3.63349,171.0
2026-04-10 01:00:00,3.63335,3.63528,3.63278,3.63404,326.0
2026-04-10 02:00:00,3.63432,3.63845,3.63348,3.6375,734.0
2026-04-10 03:00:00,3.63755,3.64178,3.6357,3.64145,1044.0
2026-04-10 04:00:00,3.64156,3.6432,3.63814,3.6396,875.0
2026-04-10 05:00:00,3.63945,3.6415,3.62535,3.62684,2797.0
2026-04-10 06:00:00,3.62715,3.62754,3.62288,3.62354,913.0
2026-04-10 07:00:00,3.62359,3.6247,3.62166,3.62289,902.0
2026-04-10 08:00:00,3.6228,3.62499,3.61888,3.62159,2503.0
2026-04-10 09:00:00,3.6216,3.62251,3.61594,3.61884,1497.0
2026-04-10 10:00:00,3.61894,3.62158,3.6144,3.61908,2444.0
2026-04-10 11:00:00,3.61914,3.6233,3.61566,3.62322,1826.0
2026-04-10 12:00:00,3.62321,3.62692,3.62178,3.6238,904.0
2026-04-10 13:00:00,3.62382,3.62497,3.6225,3.6237,524.0
2026-04-10 14:00:00,3.62369,3.6256,3.61911,3.62132,820.0
2026-04-10 15:00:00,3.62122,3.62368,3.621,3.6229,577.0
2026-04-10 16:00:00,3.623,3.62726,3.62084,3.62423,4126.0
2026-04-12 17:00:00,3.6456,3.64867,3.64405,3.6473,1679.0
2026-04-12 18:00:00,3.64778,3.65032,3.6452,3.64834,7607.0
2026-04-12 19:00:00,3.64845,3.6524,3.64657,3.64762,4120.0
2026-04-12 20:00:00,3.64742,3.64787,3.64124,3.64126,498.0
2026-04-12 21:00:00,3.64136,3.64319,3.64008,3.64156,434.0
2026-04-12 22:00:00,3.64155,3.64182,3.6399,3.64038,319.0
2026-04-12 23:00:00,3.64026,3.6413,3.64006,3.6403,277.0
2026-04-13 00:00:00,3.64027,3.64132,3.63951,3.64128,493.0
2026-04-13 01:00:00,3.64126,3.64191,3.63828,3.6389,650.0
2026-04-13 02:00:00,3.63895,3.6439,3.63542,3.64073,1145.0
2026-04-13 03:00:00,3.64059,3.64059,3.63206,3.63232,1457.0
2026-04-13 04:00:00,3.63222,3.63858,3.6321,3.63764,1265.0
2026-04-13 05:00:00,3.63749,3.64004,3.63571,3.639,1169.0
2026-04-13 06:00:00,3.63895,3.63904,3.63634,3.63697,1007.0
2026-04-13 07:00:00,3.63698,3.64112,3.6327,3.6406,1912.0
2026-04-13 08:00:00,3.64056,3.64337,3.63372,3.63382,2364.0
2026-04-13 09:00:00,3.63382,3.63646,3.62655,3.6302,2761.0
2026-04-13 10:00:00,3.63022,3.63251,3.62288,3.62634,3338.0
2026-04-13 11:00:00,3.62624,3.62876,3.6243,3.62488,1932.0
2026-04-13 12:00:00,3.62492,3.62631,3.61642,3.6185,3491.0
2026-04-13 13:00:00,3.61859,3.61878,3.61436,3.61616,762.0
2026-04-13 14:00:00,3.6161,3.6161,3.60698,3.60728,1617.0
2026-04-13 15:00:00,3.60736,3.61078,3.60716,3.60844,1008.0
2026-04-13 16:00:00,3.60843,3.60992,3.6071,3.6093,620.0
2026-04-13 17:00:00,3.614,3.61405,3.61147,3.61228,1979.0
2026-04-13 18:00:00,3.61234,3.61373,3.60967,3.61184,1689.0
2026-04-13 19:00:00,3.61186,3.61232,3.60958,3.60988,2863.0
2026-04-13 20:00:00,3.60982,3.61062,3.60704,3.60704,463.0
2026-04-13 21:00:00,3.60706,3.60956,3.60674,3.60937,239.0
2026-04-13 22:00:00,3.60926,3.61175,3.60903,3.61023,219.0
2026-04-13 23:00:00,3.61024,3.61084,3.60742,3.60788,183.0
2026-04-14 00:00:00,3.60788,3.60856,3.60612,3.60702,150.0
2026-04-14 01:00:00,3.60706,3.60976,3.60591,3.60796,590.0
2026-04-14 02:00:00,3.60788,3.60932,3.60134,3.6022,996.0
2026-04-14 03:00:00,3.60215,3.60357,3.5962,3.5999,2468.0
2026-04-14 04:00:00,3.60006,3.60286,3.59893,3.60092,1714.0
2026-04-14 05:00:00,3.60085,3.6025,3.5989,3.59996,1435.0
2026-04-14 06:00:00,3.60007,3.60042,3.59656,3.59822,1448.0
2026-04-14 07:00:00,3.59812,3.59872,3.59278,3.59506,2657.0
2026-04-14 08:00:00,3.59492,3.5979,3.59315,3.59323,1970.0
2026-04-14 09:00:00,3.59328,3.59724,3.59222,3.5942,2499.0
2026-04-14 10:00:00,3.59424,3.59736,3.58898,3.59036,3649.0
2026-04-14 11:00:00,3.59039,3.59639,3.59039,3.59562,1746.0
2026-04-14 12:00:00,3.59568,3.59651,3.59259,3.59341,942.0
2026-04-14 13:00:00,3.5936,3.594,3.5911,3.59294,574.0
2026-04-14 14:00:00,3.59285,3.59506,3.59255,3.59473,530.0
2026-04-14 15:00:00,3.5948,3.59565,3.59382,3.594,594.0
2026-04-14 16:00:00,3.59401,3.59422,3.59262,3.59301,679.0
2026-04-14 17:00:00,3.59475,3.59627,3.59354,3.5948,1016.0
2026-04-14 18:00:00,3.59538,3.5962,3.59244,3.59386,2114.0
2026-04-14 19:00:00,3.59387,3.5947,3.59052,3.59174,1235.0
2026-04-14 20:00:00,3.59176,3.5954,3.5916,3.59337,598.0
2026-04-14 21:00:00,3.59324,3.5949,3.59245,3.59458,515.0
2026-04-14 22:00:00,3.59468,3.599,3.59437,3.59762,681.0
2026-04-14 23:00:00,3.59758,3.59936,3.59664,3.5973,623.0
2026-04-15 00:00:00,3.59736,3.59842,3.59648,3.59736,511.0
2026-04-15 01:00:00,3.59733,3.5978,3.5936,3.59446,596.0
2026-04-15 02:00:00,3.59445,3.59666,3.59166,3.5964,920.0
2026-04-15 03:00:00,3.59645,3.59804,3.5936,3.59712,1584.0
2026-04-15 04:00:00,3.59706,3.59725,3.5927,3.59385,982.0
2026-04-15 05:00:00,3.5939,3.59982,3.59251,3.59766,1620.0
2026-04-15 06:00:00,3.59766,3.60388,3.59522,3.60107,1662.0
2026-04-15 07:00:00,3.60117,3.60415,3.59915,3.5993,1282.0
2026-04-15 08:00:00,3.59933,3.60158,3.5932,3.59468,1654.0
2026-04-15 09:00:00,3.59466,3.59644,3.5903,3.59345,2022.0
2026-04-15 10:00:00,3.59331,3.59473,3.58675,3.58916,1957.0
2026-04-15 11:00:00,3.5894,3.59069,3.584,3.58874,2013.0
2026-04-15 12:00:00,3.58873,3.5892,3.58615,3.58702,1145.0
2026-04-15 13:00:00,3.58702,3.59141,3.58624,3.59052,544.0
2026-04-15 14:00:00,3.59059,3.59122,3.58734,3.58742,896.0
2026-04-15 15:00:00,3.58734,3.58842,3.58566,3.58836,553.0
2026-04-15 16:00:00,3.58836,3.58982,3.58805,3.58865,384.0
2026-04-15 17:00:00,3.58833,3.5904,3.58718,3.58972,1468.0
2026-04-15 18:00:00,3.5898,3.5904,3.58785,3.58843,1523.0
2026-04-15 19:00:00,3.58828,3.58867,3.58584,3.58676,1528.0
2026-04-15 20:00:00,3.58672,3.5883,3.58628,3.58682,1957.0
2026-04-15 21:00:00,3.58684,3.59093,3.58644,3.58906,1470.0
2026-04-15 22:00:00,3.58898,3.58909,3.58428,3.58444,1791.0
2026-04-15 23:00:00,3.58446,3.58617,3.58222,3.58574,3126.0
2026-04-16 00:00:00,3.58576,3.58716,3.58574,3.58657,752.0
2026-04-16 01:00:00,3.58656,3.5879,3.58442,3.58642,701.0
2026-04-16 02:00:00,3.58645,3.59052,3.58438,3.58585,1300.0
2026-04-16 03:00:00,3.58575,3.59456,3.5853,3.593,1304.0
2026-04-16 04:00:00,3.59298,3.60104,3.59156,3.5981,1981.0
2026-04-16 05:00:00,3.5982,3.6018,3.59746,3.60124,1360.0
2026-04-16 06:00:00,3.6013,3.6036,3.59956,3.60232,1265.0
2026-04-16 07:00:00,3.60227,3.60234,3.59772,3.59822,2021.0
2026-04-16 08:00:00,3.5982,3.60218,3.59664,3.59872,1566.0
2026-04-16 09:00:00,3.59882,3.6037,3.59757,3.6011,2218.0
2026-04-16 10:00:00,3.60086,3.60284,3.59705,3.6013,2206.0
2026-04-16 11:00:00,3.60124,3.60232,3.59813,3.59947,1749.0
2026-04-16 12:00:00,3.59942,3.60456,3.59622,3.60262,1293.0
2026-04-16 13:00:00,3.60256,3.6052,3.60156,3.60332,932.0
2026-04-16 14:00:00,3.60342,3.60356,3.60002,3.60084,585.0
2026-04-16 15:00:00,3.60074,3.60074,3.59683,3.59908,715.0
2026-04-16 16:00:00,3.59886,3.59998,3.5978,3.5979,322.0
2026-04-16 17:00:00,3.6016,3.6016,3.59936,3.60052,558.0
2026-04-16 18:00:00,3.60045,3.60074,3.5978,3.59872,1565.0
2026-04-16 19:00:00,3.59873,3.59993,3.59776,3.5993,1438.0
2026-04-16 20:00:00,3.59934,3.60047,3.59758,3.59846,337.0
2026-04-16 21:00:00,3.59856,3.59996,3.59844,3.59938,260.0
2026-04-16 22:00:00,3.59941,3.60026,3.5989,3.59904,260.0
2026-04-16 23:00:00,3.59894,3.59958,3.59648,3.59705,272.0
2026-04-17 00:00:00,3.59694,3.5976,3.5968,3.59724,245.0
2026-04-17 01:00:00,3.59722,3.59812,3.59623,3.59798,348.0
2026-04-17 02:00:00,3.59792,3.6019,3.59702,3.5996,748.0
2026-04-17 03:00:00,3.59958,3.60106,3.59408,3.5942,1232.0
2026-04-17 04:00:00,3.5943,3.59664,3.5904,3.5912,1004.0
2026-04-17 05:00:00,3.59119,3.59212,3.58748,3.58825,1168.0
2026-04-17 06:00:00,3.5883,3.58885,3.5864,3.58842,1191.0
2026-04-17 07:00:00,3.5884,3.58951,3.58684,3.5888,834.0
2026-04-17 08:00:00,3.5889,3.5893,3.57257,3.57257,3842.0
2026-04-17 09:00:00,3.57256,3.57445,3.56645,3.5723,5147.0
2026-04-17 10:00:00,3.57226,3.57585,3.56956,3.57436,4212.0
2026-04-17 11:00:00,3.5743,3.58104,3.57362,3.58054,3596.0
2026-04-17 12:00:00,3.58046,3.5844,3.57958,3.5806,976.0
2026-04-17 13:00:00,3.58077,3.58662,3.58076,3.58367,1130.0
2026-04-17 14:00:00,3.58368,3.59096,3.58212,3.58886,1115.0
2026-04-17 15:00:00,3.589,3.59256,3.58765,3.58819,1368.0
2026-04-17 16:00:00,3.5882,3.5941,3.588,3.59308,5374.0
2026-04-19 17:00:00,3.60216,3.60571,3.60035,3.60483,1479.0
2026-04-19 18:00:00,3.60515,3.6069,3.6023,3.60241,5587.0
2026-04-19 19:00:00,3.6024,3.60452,3.60082,3.604,4218.0
2026-04-19 20:00:00,3.6041,3.60502,3.60158,3.60286,2384.0
2026-04-19 21:00:00,3.60276,3.60586,3.60108,3.60316,727.0
2026-04-19 22:00:00,3.60326,3.60366,3.60098,3.60282,341.0
2026-04-19 23:00:00,3.6028,3.60381,3.60092,3.60204,350.0
2026-04-20 00:00:00,3.60206,3.6036,3.60162,3.60236,204.0
2026-04-20 01:00:00,3.60238,3.60578,3.59934,3.60137,505.0
2026-04-20 02:00:00,3.60134,3.60574,3.59584,3.59758,1803.0
2026-04-20 03:00:00,3.59744,3.60214,3.5956,3.59966,2582.0
2026-04-20 04:00:00,3.59965,3.60178,3.59841,3.6008,1536.0
2026-04-20 05:00:00,3.60067,3.60241,3.59848,3.59922,2121.0
2026-04-20 06:00:00,3.59913,3.59938,3.59631,3.59658,1022.0
2026-04-20 07:00:00,3.59648,3.59836,3.59448,3.59718,1227.0
2026-04-20 08:00:00,3.59724,3.60114,3.59493,3.59646,1957.0
2026-04-20 09:00:00,3.59638,3.59786,3.58816,3.59138,4401.0
2026-04-20 10:00:00,3.59132,3.6,3.59114,3.59508,4716.0
2026-04-20 11:00:00,3.5952,3.59652,3.58775,3.58982,3052.0
2026-04-20 12:00:00,3.58967,3.59232,3.58861,3.5915,1211.0
2026-04-20 13:00:00,3.59141,3.592,3.58915,3.59105,1311.0
2026-04-20 14:00:00,3.59095,3.5915,3.58738,3.59112,1232.0
2026-04-20 15:00:00,3.5911,3.59115,3.58823,3.5896,781.0
2026-04-20 16:00:00,3.58952,3.5907,3.58918,3.58945,512.0
2026-04-20 17:00:00,3.59064,3.59096,3.58835,3.58963,1169.0
2026-04-20 18:00:00,3.5898,3.59095,3.58816,3.58816,2125.0
2026-04-20 19:00:00,3.58813,3.59098,3.58798,3.59051,1494.0
2026-04-20 20:00:00,3.5905,3.5917,3.59028,3.59098,410.0
2026-04-20 21:00:00,3.59094,3.59307,3.59056,3.59296,238.0
2026-04-20 22:00:00,3.59284,3.59386,3.5922,3.5932,220.0
2026-04-20 23:00:00,3.59334,3.59508,3.59321,3.5943,227.0
2026-04-21 00:00:00,3.59428,3.59478,3.59402,3.5943,179.0
2026-04-21 01:00:00,3.59414,3.59423,3.59135,3.59253,360.0
2026-04-21 02:00:00,3.59243,3.59588,3.59196,3.5933,686.0
2026-04-21 03:00:00,3.59331,3.59744,3.59254,3.5972,1151.0
2026-04-21 04:00:00,3.59725,3.60181,3.59589,3.59684,1749.0
2026-04-21 05:00:00,3.59698,3.59958,3.5957,3.5978,1315.0
2026-04-21 06:00:00,3.59785,3.59936,3.59702,3.5976,948.0
2026-04-21 07:00:00,3.59768,3.60048,3.59533,3.59562,2212.0
2026-04-21 08:00:00,3.5955,3.59944,3.59336,3.59702,2723.0
2026-04-21 09:00:00,3.59686,3.59748,3.59356,3.59615,1972.0
2026-04-21 10:00:00,3.5961,3.6037,3.59422,3.60348,3890.0
2026-04-21 11:00:00,3.6035,3.6083,3.60032,3.60358,3474.0
2026-04-21 12:00:00,3.6036,3.61018,3.60221,3.61015,1499.0
2026-04-21 13:00:00,3.61021,3.62013,3.60021,3.60913,2959.0
2026-04-21 14:00:00,3.6091,3.61593,3.60653,3.60966,2654.0
2026-04-21 15:00:00,3.60964,3.61886,3.60532,3.61686,3003.0
2026-04-21 16:00:00,3.61682,3.61807,3.60578,3.60968,2929.0
2026-04-21 17:00:00,3.60869,3.61292,3.60869,3.611,1767.0
2026-04-21 18:00:00,3.61121,3.6121,3.60984,3.6112,1688.0
2026-04-21 19:00:00,3.61122,3.61176,3.60785,3.60802,1340.0
2026-04-21 20:00:00,3.60808,3.60815,3.60292,3.60616,1455.0
2026-04-21 21:00:00,3.60602,3.6074,3.60496,3.60607,440.0
2026-04-21 22:00:00,3.60596,3.60742,3.604,3.6072,279.0
2026-04-21 23:00:00,3.60734,3.60782,3.60534,3.60698,279.0
2026-04-22 00:00:00,3.60701,3.60862,3.60547,3.60748,289.0
2026-04-22 01:00:00,3.60754,3.60854,3.59807,3.60315,762.0
2026-04-22 02:00:00,3.60288,3.60568,3.6009,3.60331,790.0
2026-04-22 03:00:00,3.60339,3.60588,3.60236,3.60439,1204.0
2026-04-22 04:00:00,3.60426,3.61049,3.60352,3.60843,1850.0
2026-04-22 05:00:00,3.60854,3.61154,3.60666,3.6115,1367.0
2026-04-22 06:00:00,3.61145,3.61501,3.60952,3.61342,1890.0
2026-04-22 07:00:00,3.61352,3.61996,3.61317,3.61904,1852.0
2026-04-22 08:00:00,3.61913,3.62262,3.616,3.62068,2301.0
2026-04-22 09:00:00,3.62068,3.62182,3.6141,3.61518,3717.0
2026-04-22 10:00:00,3.61518,3.62194,3.61393,3.62165,3179.0
2026-04-22 11:00:00,3.62166,3.62483,3.61977,3.62428,2652.0
2026-04-22 12:00:00,3.62416,3.6269,3.62362,3.62596,874.0
2026-04-22 13:00:00,3.62592,3.62627,3.6234,3.62533,1085.0
2026-04-22 14:00:00,3.62538,3.62656,3.62415,3.62631,537.0
2026-04-22 15:00:00,3.62646,3.62767,3.6257,3.62744,696.0
2026-04-22 16:00:00,3.6273,3.62876,3.62505,3.62545,545.0
2026-04-22 17:00:00,3.626,3.62601,3.62437,3.6247,762.0
2026-04-22 18:00:00,3.62464,3.62585,3.62436,3.62562,1118.0
2026-04-22 19:00:00,3.62558,3.62647,3.62469,3.6259,1074.0
2026-04-22 20:00:00,3.62591,3.63242,3.62281,3.62492,1510.0
2026-04-22 21:00:00,3.62504,3.62694,3.62446,3.62602,344.0
2026-04-22 22:00:00,3.62592,3.62999,3.62556,3.62982,430.0
2026-04-22 23:00:00,3.6297,3.63062,3.62766,3.63042,378.0
2026-04-23 00:00:00,3.63056,3.63056,3.62862,3.62872,281.0
2026-04-23 01:00:00,3.62882,3.62907,3.62549,3.62564,368.0
2026-04-23 02:00:00,3.62568,3.62918,3.62424,3.62863,990.0
2026-04-23 03:00:00,3.62872,3.63463,3.6279,3.63145,2351.0
2026-04-23 04:00:00,3.63135,3.63572,3.6302,3.63224,1945.0
2026-04-23 05:00:00,3.63233,3.63568,3.63079,3.63439,1922.0
2026-04-23 06:00:00,3.63452,3.6386,3.6338,3.63734,1152.0
2026-04-23 07:00:00,3.63734,3.63838,3.62793,3.63075,1598.0
2026-04-23 08:00:00,3.6307,3.63203,3.62442,3.62653,2934.0
2026-04-23 09:00:00,3.62644,3.6296,3.62458,3.62775,2711.0
2026-04-23 10:00:00,3.62765,3.62928,3.61705,3.61915,3421.0
2026-04-23 11:00:00,3.6192,3.62514,3.61736,3.62336,2234.0
2026-04-23 12:00:00,3.62334,3.62516,3.62128,3.62336,848.0
2026-04-23 13:00:00,3.62326,3.6411,3.62326,3.6284,4691.0
2026-04-23 14:00:00,3.62819,3.63049,3.62528,3.6298,2993.0
2026-04-23 15:00:00,3.62982,3.6331,3.62946,3.62994,1134.0
2026-04-23 16:00:00,3.62992,3.63282,3.62987,3.63205,639.0
2026-04-23 17:00:00,3.63135,3.63402,3.62991,3.63095,2785.0
2026-04-23 18:00:00,3.63078,3.63188,3.63024,3.63102,1198.0
2026-04-23 19:00:00,3.63101,3.63242,3.63071,3.63136,960.0
2026-04-23 20:00:00,3.63138,3.63186,3.62868,3.63095,357.0
2026-04-23 21:00:00,3.63093,3.63268,3.62912,3.62916,454.0
2026-04-23 22:00:00,3.6291,3.63394,3.62904,3.6337,318.0
2026-04-23 23:00:00,3.63358,3.63597,3.63208,3.63256,296.0
2026-04-24 00:00:00,3.63256,3.63322,3.63025,3.6319,280.0
2026-04-24 01:00:00,3.63186,3.63445,3.63022,3.63055,393.0
2026-04-24 02:00:00,3.63061,3.63368,3.6296,3.63098,708.0
2026-04-24 03:00:00,3.63108,3.63298,3.62656,3.62694,1147.0
2026-04-24 04:00:00,3.62696,3.63052,3.62488,3.62966,1974.0
2026-04-24 05:00:00,3.62962,3.63339,3.62928,3.6326,2380.0
2026-04-24 06:00:00,3.63262,3.6328,3.62666,3.62669,1757.0
2026-04-24 07:00:00,3.62666,3.62666,3.61658,3.61958,3912.0
2026-04-24 08:00:00,3.61956,3.6259,3.6177,3.62314,3653.0
2026-04-24 09:00:00,3.62323,3.62655,3.61959,3.6216,4445.0
2026-04-24 10:00:00,3.62165,3.62446,3.61846,3.62264,5138.0
2026-04-24 11:00:00,3.62254,3.62678,3.61916,3.61994,3169.0
2026-04-24 12:00:00,3.61995,3.62266,3.61946,3.6205,1833.0
2026-04-24 13:00:00,3.62044,3.62236,3.61891,3.6218,1452.0
2026-04-24 14:00:00,3.6218,3.62316,3.61972,3.6201,1253.0
2026-04-24 15:00:00,3.61999,3.6211,3.6186,3.61893,977.0
2026-04-24 16:00:00,3.61896,3.62209,3.61858,3.62058,3413.0
2026-04-26 17:00:00,3.62794,3.62818,3.62319,3.62347,1046.0
2026-04-26 18:00:00,3.62354,3.62456,3.62234,3.62354,1911.0
2026-04-26 19:00:00,3.62358,3.6261,3.62304,3.6261,1252.0
2026-04-26 20:00:00,3.62609,3.62609,3.62268,3.62308,897.0
2026-04-26 21:00:00,3.623,3.62308,3.61804,3.61901,654.0
2026-04-26 22:00:00,3.61903,3.62032,3.61777,3.61836,194.0
2026-04-26 23:00:00,3.61836,3.61836,3.61612,3.61734,322.0
2026-04-27 00:00:00,3.61746,3.61877,3.61618,3.61823,256.0
2026-04-27 01:00:00,3.61826,3.62049,3.6181,3.61998,463.0
2026-04-27 02:00:00,3.61992,3.62291,3.61743,3.61743,964.0
2026-04-27 03:00:00,3.61751,3.61886,3.61416,3.61446,1903.0
2026-04-27 04:00:00,3.61462,3.61726,3.61165,3.61336,2542.0
2026-04-27 05:00:00,3.6134,3.6161,3.61242,3.61562,1578.0
2026-04-27 06:00:00,3.61564,3.61632,3.61262,3.61323,1398.0
2026-04-27 07:00:00,3.61334,3.61632,3.61298,3.61529,1516.0
2026-04-27 08:00:00,3.6152,3.6169,3.61122,3.61639,2252.0
2026-04-27 09:00:00,3.6163,3.61935,3.61272,3.61753,3136.0
2026-04-27 10:00:00,3.6175,3.62036,3.61428,3.6197,2926.0
2026-04-27 11:00:00,3.61974,3.623,3.61908,3.62226,2504.0
2026-04-27 12:00:00,3.6222,3.62346,3.62081,3.62306,1048.0
2026-04-27 13:00:00,3.62307,3.62575,3.62134,3.62401,1238.0
2026-04-27 14:00:00,3.62405,3.62557,3.62384,3.6252,472.0
2026-04-27 15:00:00,3.6252,3.62546,3.6227,3.62462,591.0
2026-04-27 16:00:00,3.62456,3.62502,3.62382,3.62473,458.0
2026-04-27 17:00:00,3.62222,3.62377,3.62168,3.62264,1043.0
2026-04-27 18:00:00,3.62206,3.62388,3.62112,3.62256,1531.0
2026-04-27 19:00:00,3.62254,3.62331,3.62118,3.62138,1502.0
2026-04-27 20:00:00,3.62144,3.62392,3.62018,3.62339,1739.0
2026-04-27 21:00:00,3.62353,3.62853,3.6234,3.62829,401.0
2026-04-27 22:00:00,3.62843,3.63054,3.62817,3.63045,260.0
2026-04-27 23:00:00,3.63058,3.63058,3.62676,3.62863,353.0
2026-04-28 00:00:00,3.62864,3.62936,3.62772,3.62912,230.0
2026-04-28 01:00:00,3.6291,3.63159,3.62886,3.63129,727.0
2026-04-28 02:00:00,3.63134,3.63775,3.62951,3.6375,1090.0
2026-04-28 03:00:00,3.63755,3.63796,3.62831,3.63142,2582.0
2026-04-28 04:00:00,3.6311,3.63296,3.62642,3.6288,2565.0
2026-04-28 05:00:00,3.6289,3.63402,3.62783,3.63185,1920.0
2026-04-28 06:00:00,3.6319,3.63492,3.63118,3.63251,1483.0
2026-04-28 07:00:00,3.63255,3.6373,3.63117,3.63624,1810.0
2026-04-28 08:00:00,3.63614,3.63816,3.6283,3.6292,2506.0
2026-04-28 09:00:00,3.6292,3.63251,3.62656,3.62935,3189.0
2026-04-28 10:00:00,3.62947,3.63526,3.62846,3.6335,2958.0
2026-04-28 11:00:00,3.63348,3.63362,3.62768,3.62836,2320.0
2026-04-28 12:00:00,3.62834,3.63082,3.62621,3.62882,1072.0
2026-04-28 13:00:00,3.62884,3.63054,3.6258,3.62734,921.0
2026-04-28 14:00:00,3.62724,3.62815,3.6262,3.6281,1011.0
2026-04-28 15:00:00,3.62812,3.62958,3.62635,3.62856,1002.0
2026-04-28 16:00:00,3.62866,3.62868,3.62662,3.62705,360.0
2026-04-28 17:00:00,3.62732,3.62818,3.62618,3.62678,544.0
2026-04-28 18:00:00,3.6267,3.62715,3.6252,3.6263,1325.0
2026-04-28 19:00:00,3.62628,3.627,3.62548,3.6257,833.0
2026-04-28 20:00:00,3.62566,3.62686,3.62332,3.6265,280.0
2026-04-28 21:00:00,3.6267,3.63084,3.6266,3.62885,509.0
2026-04-28 22:00:00,3.62874,3.63036,3.62649,3.62995,352.0
2026-04-28 23:00:00,3.63009,3.63012,3.62818,3.62945,185.0
2026-04-29 00:00:00,3.62946,3.62976,3.62844,3.62948,137.0
2026-04-29 01:00:00,3.62958,3.6318,3.62946,3.63074,348.0
2026-04-29 02:00:00,3.63084,3.63422,3.62958,3.63345,771.0
2026-04-29 03:00:00,3.63355,3.6336,3.62932,3.63201,1473.0
2026-04-29 04:00:00,3.63217,3.63719,3.63146,3.63565,2061.0
2026-04-29 05:00:00,3.6356,3.63689,3.63367,3.63645,1538.0
2026-04-29 06:00:00,3.6365,3.63672,3.63007,3.63007,1134.0
2026-04-29 07:00:00,3.62998,3.63487,3.62973,3.63487,1170.0
2026-04-29 08:00:00,3.63478,3.63888,3.63088,3.63818,2752.0
2026-04-29 09:00:00,3.6382,3.64375,3.63568,3.64078,2796.0
2026-04-29 10:00:00,3.64096,3.64402,3.63694,3.63782,3044.0
2026-04-29 11:00:00,3.63778,3.64514,3.63726,3.64322,3235.0
2026-04-29 12:00:00,3.64316,3.64677,3.64152,3.64654,1127.0
2026-04-29 13:00:00,3.6465,3.64858,3.64348,3.64392,1832.0
2026-04-29 14:00:00,3.6439,3.6562,3.64302,3.65057,4587.0
2026-04-29 15:00:00,3.65048,3.6517,3.64558,3.64882,1409.0
2026-04-29 16:00:00,3.64887,3.65044,3.64822,3.64849,720.0
2026-04-29 17:00:00,3.65011,3.65094,3.64731,3.6503,5046.0
2026-04-29 18:00:00,3.65028,3.65141,3.64854,3.6492,2009.0
2026-04-29 19:00:00,3.64928,3.65006,3.64488,3.64566,1546.0
2026-04-29 20:00:00,3.64546,3.64767,3.6438,3.64758,373.0
2026-04-29 21:00:00,3.64768,3.64941,3.6466,3.64878,446.0
2026-04-29 22:00:00,3.64867,3.65359,3.64811,3.65127,490.0
2026-04-29 23:00:00,3.65116,3.652,3.64814,3.65189,378.0
2026-04-30 00:00:00,3.65189,3.65682,3.65142,3.65476,471.0
2026-04-30 01:00:00,3.6547,3.6562,3.65284,3.65576,535.0
2026-04-30 02:00:00,3.65594,3.65674,3.6513,3.6521,1303.0
2026-04-30 03:00:00,3.65215,3.65215,3.64438,3.64642,2258.0
2026-04-30 04:00:00,3.64637,3.64796,3.64032,3.64629,1873.0
2026-04-30 05:00:00,3.6464,3.648,3.63911,3.6417,2384.0
2026-04-30 06:00:00,3.64165,3.646,3.63646,3.63772,4483.0
2026-04-30 07:00:00,3.6378,3.64164,3.63472,3.64027,3806.0
2026-04-30 08:00:00,3.64034,3.64443,3.63814,3.6429,4612.0
2026-04-30 09:00:00,3.64299,3.64564,3.64006,3.64133,5246.0
2026-04-30 10:00:00,3.64126,3.642,3.6279,3.63024,4602.0
2026-04-30 11:00:00,3.6303,3.63306,3.62801,3.63146,4228.0
2026-04-30 12:00:00,3.63146,3.63256,3.6282,3.63179,2247.0
2026-04-30 13:00:00,3.63176,3.6327,3.62801,3.63028,2847.0
2026-04-30 14:00:00,3.63018,3.63022,3.62423,3.62556,2419.0
2026-04-30 15:00:00,3.62565,3.627,3.62368,3.62566,2191.0
2026-04-30 16:00:00,3.62574,3.6272,3.62444,3.62714,1007.0
2026-04-30 17:00:00,3.62958,3.62958,3.62682,3.62788,1618.0
2026-04-30 18:00:00,3.62714,3.62988,3.62645,3.6286,1712.0
2026-04-30 19:00:00,3.62846,3.6298,3.6269,3.62943,2333.0
2026-04-30 20:00:00,3.62938,3.6316,3.62899,3.62994,878.0
2026-04-30 21:00:00,3.62988,3.63076,3.62827,3.62878,352.0
2026-04-30 22:00:00,3.62875,3.62895,3.62646,3.62646,783.0
2026-04-30 23:00:00,3.62673,3.62723,3.62528,3.62712,245.0
2026-05-01 00:00:00,3.62724,3.62899,3.62707,3.6285,242.0
2026-05-01 01:00:00,3.62866,3.63186,3.62864,3.63168,287.0
2026-05-01 02:00:00,3.63164,3.63222,3.62345,3.62674,1491.0
2026-05-01 03:00:00,3.62674,3.62892,3.62446,3.62746,2761.0
2026-05-01 04:00:00,3.62756,3.62794,3.62112,3.62267,1285.0
2026-05-01 05:00:00,3.62254,3.62698,3.62212,3.6265,1283.0
2026-05-01 06:00:00,3.62654,3.62668,3.62124,3.62266,1730.0
2026-05-01 07:00:00,3.62262,3.62312,3.61774,3.61948,2212.0
2026-05-01 08:00:00,3.61953,3.62106,3.61266,3.61691,3135.0
2026-05-01 09:00:00,3.61708,3.61924,3.61081,3.61136,3433.0
2026-05-01 10:00:00,3.61143,3.61198,3.60308,3.60572,4542.0
2026-05-01 11:00:00,3.60567,3.61202,3.60546,3.6103,3916.0
2026-05-01 12:00:00,3.6103,3.61624,3.6087,3.6161,2336.0
2026-05-01 13:00:00,3.61622,3.62041,3.61526,3.61888,1067.0
2026-05-01 14:00:00,3.61894,3.62272,3.61842,3.61906,1024.0
2026-05-01 15:00:00,3.61904,3.62268,3.61874,3.62214,539.0
2026-05-01 16:00:00,3.62212,3.624,3.61986,3.62035,1885.0
2026-05-03 17:00:00,3.61984,3.61984,3.6135,3.61668,1171.0
2026-05-03 18:00:00,3.61691,3.62168,3.61663,3.61909,2764.0
2026-05-03 19:00:00,3.61908,3.62154,3.61837,3.62022,1457.0
2026-05-03 20:00:00,3.62036,3.6229,3.61858,3.61955,518.0
2026-05-03 21:00:00,3.61965,3.6226,3.61918,3.62111,704.0
2026-05-03 22:00:00,3.62106,3.62318,3.61964,3.62042,855.0
2026-05-03 23:00:00,3.62066,3.62268,3.61628,3.61682,1210.0
2026-05-04 00:00:00,3.61692,3.62072,3.61679,3.62024,837.0
2026-05-04 01:00:00,3.62032,3.62354,3.61926,3.62046,962.0
2026-05-04 02:00:00,3.62042,3.6253,3.61782,3.62185,1146.0
2026-05-04 03:00:00,3.6219,3.63122,3.6215,3.62997,2608.0
2026-05-04 04:00:00,3.62992,3.633,3.6287,3.63085,1186.0
2026-05-04 05:00:00,3.6307,3.63161,3.62803,3.63068,1041.0
2026-05-04 06:00:00,3.63086,3.64532,3.63065,3.63794,4354.0
2026-05-04 07:00:00,3.6377,3.6405,3.63583,3.64037,2083.0
2026-05-04 08:00:00,3.64032,3.64108,3.63254,3.63408,2763.0
2026-05-04 09:00:00,3.63434,3.63766,3.62958,3.6301,2777.0
2026-05-04 10:00:00,3.63015,3.63462,3.62884,3.63229,3903.0
2026-05-04 11:00:00,3.63234,3.64122,3.62956,3.63988,4052.0
2026-05-04 12:00:00,3.63989,3.64525,3.63848,3.64486,2342.0
2026-05-04 13:00:00,3.64478,3.64486,3.63862,3.6412,1265.0
2026-05-04 14:00:00,3.64131,3.64366,3.63937,3.63953,1495.0
2026-05-04 15:00:00,3.63964,3.64106,3.63798,3.64036,1780.0
2026-05-04 16:00:00,3.64047,3.64436,3.64047,3.64198,680.0
2026-05-04 17:00:00,3.64204,3.64274,3.64084,3.64239,798.0
2026-05-04 18:00:00,3.64196,3.64354,3.64182,3.64298,1438.0
2026-05-04 19:00:00,3.64299,3.64307,3.64176,3.64244,871.0
2026-05-04 20:00:00,3.64242,3.64578,3.64164,3.64408,408.0
2026-05-04 21:00:00,3.6442,3.64628,3.64274,3.64318,327.0
2026-05-04 22:00:00,3.64308,3.64333,3.64152,3.64296,224.0
2026-05-04 23:00:00,3.64308,3.6442,3.64274,3.64418,169.0
2026-05-05 00:00:00,3.64418,3.64682,3.6431,3.64669,224.0
2026-05-05 01:00:00,3.64682,3.64724,3.6436,3.64397,448.0
2026-05-05 02:00:00,3.64389,3.64562,3.64012,3.64095,948.0
2026-05-05 03:00:00,3.6409,3.64254,3.63635,3.64166,1341.0
2026-05-05 04:00:00,3.64178,3.64368,3.63971,3.64017,2470.0
2026-05-05 05:00:00,3.64022,3.64212,3.63622,3.63734,1587.0
2026-05-05 06:00:00,3.63725,3.63878,3.63474,3.63788,1254.0
2026-05-05 07:00:00,3.63782,3.6416,3.6375,3.63904,1538.0
2026-05-05 08:00:00,3.63912,3.64066,3.63538,3.63664,2431.0
2026-05-05 09:00:00,3.6367,3.63709,3.63092,3.63249,2025.0
2026-05-05 10:00:00,3.63192,3.63708,3.62842,3.62842,3195.0
2026-05-05 11:00:00,3.62834,3.63023,3.62525,3.62702,1853.0
2026-05-05 12:00:00,3.62702,3.63162,3.6264,3.63101,795.0
2026-05-05 13:00:00,3.63098,3.63203,3.62904,3.631,723.0
2026-05-05 14:00:00,3.63102,3.63188,3.63046,3.63098,623.0
2026-05-05 15:00:00,3.63097,3.63349,3.63049,3.6317,634.0
2026-05-05 16:00:00,3.6318,3.6333,3.63128,3.63307,721.0
2026-05-05 17:00:00,3.63196,3.63302,3.63146,3.63202,613.0
2026-05-05 18:00:00,3.63214,3.63264,3.62589,3.6269,1459.0
2026-05-05 19:00:00,3.6269,3.62734,3.61982,3.62322,418.0
2026-05-05 20:00:00,3.62309,3.62492,3.6213,3.62173,609.0
2026-05-05 21:00:00,3.62178,3.62256,3.61986,3.62159,468.0
2026-05-05 22:00:00,3.62146,3.62414,3.62048,3.6236,341.0
2026-05-05 23:00:00,3.62384,3.62384,3.62129,3.62311,490.0
2026-05-06 00:00:00,3.62322,3.62346,3.61465,3.61712,1285.0
2026-05-06 01:00:00,3.61726,3.61857,3.61648,3.61734,567.0
2026-05-06 02:00:00,3.61746,3.61964,3.61587,3.61712,987.0
2026-05-06 03:00:00,3.61708,3.6188,3.60975,3.61005,2261.0
2026-05-06 04:00:00,3.61,3.61333,3.59769,3.60065,2803.0
2026-05-06 05:00:00,3.6007,3.60283,3.59394,3.59475,1765.0
2026-05-06 06:00:00,3.5948,3.5962,3.58322,3.58642,2255.0
2026-05-06 07:00:00,3.58652,3.59734,3.58542,3.59558,3080.0
2026-05-06 08:00:00,3.59552,3.60336,3.59552,3.60225,2518.0
2026-05-06 09:00:00,3.60235,3.60684,3.5996,3.60136,2881.0
2026-05-06 10:00:00,3.60144,3.60586,3.5985,3.60015,2422.0
2026-05-06 11:00:00,3.60018,3.60328,3.59994,3.60282,2533.0
2026-05-06 12:00:00,3.60278,3.6057,3.601,3.60466,1011.0
2026-05-06 13:00:00,3.60475,3.60508,3.60007,3.60194,720.0
2026-05-06 14:00:00,3.60188,3.60324,3.60128,3.60196,579.0
2026-05-06 15:00:00,3.60193,3.60316,3.60006,3.60316,595.0
2026-05-06 16:00:00,3.60324,3.60406,3.60248,3.60293,470.0
2026-05-06 17:00:00,3.60264,3.60332,3.60164,3.60164,1200.0
2026-05-06 18:00:00,3.60159,3.60236,3.60156,3.60165,246.0
2026-05-06 19:00:00,3.60181,3.60386,3.6011,3.60356,182.0
2026-05-06 20:00:00,3.60368,3.60368,3.6003,3.60241,549.0
2026-05-06 21:00:00,3.60253,3.60328,3.59699,3.59856,529.0
2026-05-06 22:00:00,3.59868,3.59968,3.5979,3.59886,400.0
2026-05-06 23:00:00,3.59881,3.60274,3.59881,3.6023,356.0
2026-05-07 00:00:00,3.60242,3.60292,3.60077,3.60174,203.0
2026-05-07 01:00:00,3.60158,3.6026,3.60081,3.60148,343.0
2026-05-07 02:00:00,3.60155,3.60435,3.59837,3.60245,1422.0
2026-05-07 03:00:00,3.60255,3.6029,3.59304,3.59374,2320.0
2026-05-07 04:00:00,3.59366,3.59676,3.59176,3.59225,1774.0
2026-05-07 05:00:00,3.5923,3.59672,3.59078,3.5934,1938.0
2026-05-07 06:00:00,3.59348,3.59424,3.59016,3.59378,1642.0
2026-05-07 07:00:00,3.59354,3.5952,3.59072,3.5908,2088.0
2026-05-07 08:00:00,3.5907,3.59301,3.58834,3.58986,2279.0
2026-05-07 09:00:00,3.58992,3.59174,3.58721,3.5911,2921.0
2026-05-07 10:00:00,3.59121,3.59336,3.58744,3.58828,2952.0
2026-05-07 11:00:00,3.5883,3.59372,3.58745,3.59356,2684.0
2026-05-07 12:00:00,3.59356,3.59746,3.5931,3.59607,2189.0
2026-05-07 13:00:00,3.59596,3.60402,3.5951,3.59854,1824.0
2026-05-07 14:00:00,3.59843,3.6035,3.59765,3.59916,1592.0
2026-05-07 15:00:00,3.5991,3.60601,3.5955,3.60578,1659.0
2026-05-07 16:00:00,3.60565,3.61036,3.60252,3.61022,1266.0
2026-05-07 17:00:00,3.60786,3.60888,3.60658,3.60818,1186.0
2026-05-07 18:00:00,3.60796,3.60934,3.6069,3.60876,1577.0
2026-05-07 19:00:00,3.60878,3.60967,3.6071,3.60734,215.0
2026-05-07 20:00:00,3.60722,3.60869,3.60589,3.60869,371.0
2026-05-07 21:00:00,3.60857,3.60857,3.60598,3.60632,470.0
2026-05-07 22:00:00,3.60642,3.60995,3.60638,3.60799,571.0
2026-05-07 23:00:00,3.60787,3.60828,3.60482,3.60677,477.0
2026-05-08 00:00:00,3.60665,3.60782,3.60386,3.60412,252.0
2026-05-08 01:00:00,3.60402,3.6048,3.60234,3.6025,353.0
2026-05-08 02:00:00,3.6025,3.6029,3.59874,3.5998,1001.0
2026-05-08 03:00:00,3.5998,3.60274,3.59945,3.60212,1604.0
2026-05-08 04:00:00,3.60216,3.60294,3.59391,3.59415,2049.0
2026-05-08 05:00:00,3.5941,3.59474,3.59165,3.59355,1615.0
2026-05-08 06:00:00,3.5935,3.597,3.59202,3.59627,1321.0
2026-05-08 07:00:00,3.5963,3.59776,3.59504,3.59619,1460.0
2026-05-08 08:00:00,3.59612,3.599,3.5912,3.59408,3703.0
2026-05-08 09:00:00,3.59418,3.59695,3.58792,3.5905,3432.0
2026-05-08 10:00:00,3.5903,3.59694,3.5899,3.59538,4086.0
2026-05-08 11:00:00,3.59536,3.59744,3.59365,3.59653,3058.0
2026-05-08 12:00:00,3.59664,3.5984,3.5947,3.59818,2229.0
2026-05-08 13:00:00,3.59828,3.59833,3.59547,3.59688,1980.0
2026-05-08 14:00:00,3.59692,3.59771,3.59333,3.59471,1372.0
2026-05-08 15:00:00,3.59481,3.59848,3.59254,3.59754,1480.0
2026-05-08 16:00:00,3.59752,3.59844,3.59449,3.59576,2855.0
2026-05-10 17:00:00,3.60544,3.60605,3.59938,3.60241,1862.0
2026-05-10 18:00:00,3.60325,3.60517,3.60096,3.60352,1299.0
2026-05-10 19:00:00,3.60348,3.60354,3.60178,3.60265,236.0
2026-05-10 20:00:00,3.60252,3.60352,3.60114,3.60248,563.0
2026-05-10 21:00:00,3.60234,3.60478,3.60224,3.60454,1241.0
2026-05-10 22:00:00,3.60454,3.60568,3.60348,3.60568,559.0
2026-05-10 23:00:00,3.60568,3.60663,3.60549,3.60646,370.0
2026-05-11 00:00:00,3.60646,3.60918,3.60616,3.60908,227.0
2026-05-11 01:00:00,3.60908,3.60908,3.60672,3.60835,520.0
2026-05-11 02:00:00,3.60844,3.60844,3.60256,3.60334,921.0
2026-05-11 03:00:00,3.60326,3.60466,3.60004,3.60057,1406.0
2026-05-11 04:00:00,3.6005,3.60138,3.5967,3.60105,1232.0
2026-05-11 05:00:00,3.6011,3.60284,3.59996,3.60281,1052.0
2026-05-11 06:00:00,3.60284,3.6039,3.59919,3.60066,1714.0
2026-05-11 07:00:00,3.6006,3.60402,3.59935,3.60188,1643.0
2026-05-11 08:00:00,3.60176,3.60396,3.5999,3.60044,2143.0
2026-05-11 09:00:00,3.60026,3.60036,3.59503,3.59566,1904.0
2026-05-11 10:00:00,3.59565,3.59948,3.59546,3.59906,2308.0
2026-05-11 11:00:00,3.5991,3.5994,3.59602,3.59766,1718.0
2026-05-11 12:00:00,3.5977,3.60182,3.5975,3.60098,1102.0
2026-05-11 13:00:00,3.60101,3.60193,3.59896,3.59918,1004.0
2026-05-11 14:00:00,3.59914,3.6008,3.59799,3.6006,881.0
2026-05-11 15:00:00,3.60065,3.6008,3.59902,3.59932,974.0
2026-05-11 16:00:00,3.59934,3.6005,3.59752,3.59816,881.0
2026-05-11 17:00:00,3.59791,3.59866,3.59672,3.59756,1148.0
2026-05-11 18:00:00,3.59804,3.59869,3.59604,3.59715,920.0
2026-05-11 19:00:00,3.59714,3.59999,3.5971,3.59935,1234.0
2026-05-11 20:00:00,3.59938,3.60305,3.59938,3.60283,2014.0
2026-05-11 21:00:00,3.60295,3.60608,3.60219,3.60496,5533.0
2026-05-11 22:00:00,3.60496,3.60564,3.60391,3.6044,1998.0
2026-05-11 23:00:00,3.60456,3.60706,3.60432,3.60654,246.0
2026-05-12 00:00:00,3.60644,3.60692,3.60552,3.60646,281.0
2026-05-12 01:00:00,3.60651,3.6081,3.60388,3.60582,1307.0
2026-05-12 02:00:00,3.6061,3.61389,3.60485,3.61351,1765.0
2026-05-12 03:00:00,3.61334,3.61786,3.612,3.6167,1903.0
2026-05-12 04:00:00,3.61665,3.61932,3.6156,3.6172,1732.0
2026-05-12 05:00:00,3.6173,3.6182,3.61255,3.61504,2454.0
2026-05-12 06:00:00,3.61518,3.61686,3.61339,3.61682,1124.0
2026-05-12 07:00:00,3.61676,3.61902,3.61474,3.61666,1419.0
2026-05-12 08:00:00,3.61658,3.62018,3.61303,3.61408,2584.0
2026-05-12 09:00:00,3.6141,3.6223,3.6135,3.62188,2921.0
2026-05-12 10:00:00,3.6218,3.62525,3.61926,3.6235,3717.0
2026-05-12 11:00:00,3.62351,3.62866,3.6227,3.62522,3005.0
2026-05-12 12:00:00,3.62518,3.62717,3.62254,3.62658,1044.0
2026-05-12 13:00:00,3.62649,3.62686,3.62412,3.62453,828.0
2026-05-12 14:00:00,3.62445,3.626,3.62145,3.62159,1027.0
2026-05-12 15:00:00,3.6215,3.6221,3.61972,3.622,623.0
2026-05-12 16:00:00,3.62192,3.62261,3.62172,3.62222,523.0
2026-05-12 17:00:00,3.62304,3.6239,3.62188,3.62278,1311.0
2026-05-12 18:00:00,3.6226,3.6234,3.62212,3.6224,931.0
2026-05-12 19:00:00,3.62239,3.62412,3.62186,3.62394,641.0
2026-05-12 20:00:00,3.62398,3.62478,3.622,3.62216,660.0
2026-05-12 21:00:00,3.62217,3.62532,3.62177,3.623,558.0
2026-05-12 22:00:00,3.62287,3.62368,3.62208,3.62296,335.0
2026-05-12 23:00:00,3.62301,3.6247,3.62288,3.62398,467.0
2026-05-13 00:00:00,3.62392,3.62485,3.62382,3.6241,239.0
2026-05-13 01:00:00,3.62414,3.6246,3.62285,3.62338,658.0
2026-05-13 02:00:00,3.62331,3.62736,3.62313,3.62632,1531.0
2026-05-13 03:00:00,3.6261,3.62982,3.62502,3.62958,1715.0
2026-05-13 04:00:00,3.62968,3.63444,3.62919,3.63352,1652.0
2026-05-13 05:00:00,3.63358,3.63688,3.63128,3.6314,1691.0
2026-05-13 06:00:00,3.63145,3.63338,3.62892,3.62968,1280.0
2026-05-13 07:00:00,3.62958,3.63044,3.62718,3.62923,1619.0
2026-05-13 08:00:00,3.62927,3.6359,3.6282,3.63392,2907.0
2026-05-13 09:00:00,3.63381,3.63414,3.628,3.6287,1704.0
2026-05-13 10:00:00,3.62886,3.63166,3.62766,3.62873,2221.0
2026-05-13 11:00:00,3.62864,3.62896,3.62402,3.62674,1890.0
2026-05-13 12:00:00,3.6268,3.6276,3.62362,3.62708,1365.0
2026-05-13 13:00:00,3.62718,3.62946,3.62623,3.62944,754.0
2026-05-13 14:00:00,3.62939,3.6295,3.627,3.6285,1186.0
2026-05-13 15:00:00,3.62845,3.62845,3.62665,3.627,890.0
2026-05-13 16:00:00,3.62694,3.62746,3.62621,3.62673,465.0
2026-05-13 17:00:00,3.6282,3.6282,3.62414,3.62472,901.0
2026-05-13 18:00:00,3.6246,3.62698,3.62332,3.6244,1188.0
2026-05-13 19:00:00,3.6244,3.62498,3.62343,3.62386,1422.0
2026-05-13 20:00:00,3.62378,3.62627,3.62326,3.62478,494.0
2026-05-13 21:00:00,3.62495,3.6264,3.62452,3.6261,846.0
2026-05-13 22:00:00,3.62611,3.627,3.6253,3.62668,871.0
2026-05-13 23:00:00,3.62674,3.6276,3.62548,3.62656,889.0
2026-05-14 00:00:00,3.62666,3.62694,3.6246,3.62611,734.0
2026-05-14 01:00:00,3.62617,3.62714,3.62525,3.62711,974.0
2026-05-14 02:00:00,3.62713,3.62713,3.6218,3.62255,1008.0
2026-05-14 03:00:00,3.62256,3.62652,3.62153,3.62602,1695.0
2026-05-14 04:00:00,3.62608,3.62716,3.61959,3.6199,1942.0
2026-05-14 05:00:00,3.61984,3.62236,3.61952,3.62065,1416.0
2026-05-14 06:00:00,3.6207,3.62118,3.61672,3.61963,2219.0
2026-05-14 07:00:00,3.61968,3.6229,3.61924,3.6221,1489.0
2026-05-14 08:00:00,3.62226,3.62399,3.61976,3.62386,1677.0
2026-05-14 09:00:00,3.62394,3.62822,3.62238,3.62672,2828.0
2026-05-14 10:00:00,3.62688,3.63014,3.6229,3.63014,2730.0
2026-05-14 11:00:00,3.63027,3.63282,3.6287,3.63096,2364.0
2026-05-14 12:00:00,3.63095,3.63438,3.6301,3.63218,1736.0
2026-05-14 13:00:00,3.63213,3.63324,3.63062,3.6327,1193.0
2026-05-14 14:00:00,3.63273,3.63505,3.63252,3.63322,876.0
2026-05-14 15:00:00,3.6332,3.63693,3.6327,3.63619,984.0
2026-05-14 16:00:00,3.6362,3.6386,3.63584,3.63681,600.0
2026-05-14 17:00:00,3.6373,3.6373,3.63426,3.63552,1082.0
2026-05-14 18:00:00,3.63612,3.63874,3.63506,3.636,2830.0
2026-05-14 19:00:00,3.636,3.6393,3.6356,3.63883,2124.0
2026-05-14 20:00:00,3.63878,3.64278,3.6384,3.64195,3686.0
2026-05-14 21:00:00,3.64194,3.64714,3.64139,3.6469,930.0
2026-05-14 22:00:00,3.64693,3.6474,3.64276,3.64424,1998.0
2026-05-14 23:00:00,3.64422,3.64568,3.64388,3.64454,331.0
2026-05-15 00:00:00,3.64466,3.64707,3.64464,3.64674,818.0
2026-05-15 01:00:00,3.64678,3.65311,3.64642,3.6531,1198.0
2026-05-15 02:00:00,3.65316,3.65316,3.64722,3.65064,1513.0
2026-05-15 03:00:00,3.6507,3.65253,3.6451,3.6493,3046.0
2026-05-15 04:00:00,3.64915,3.65358,3.64838,3.65272,2212.0
2026-05-15 05:00:00,3.6528,3.6575,3.65154,3.65218,2736.0
2026-05-15 06:00:00,3.65208,3.65238,3.64044,3.64292,3517.0
2026-05-15 07:00:00,3.64302,3.65048,3.6423,3.64975,3434.0
2026-05-15 08:00:00,3.64985,3.6559,3.64972,3.65326,2981.0
2026-05-15 09:00:00,3.65322,3.65493,3.64893,3.65279,3323.0
2026-05-15 10:00:00,3.65286,3.65394,3.64544,3.64936,3792.0
2026-05-15 11:00:00,3.64928,3.65441,3.64922,3.65272,2377.0
2026-05-15 12:00:00,3.65272,3.65563,3.6518,3.65277,1172.0
2026-05-15 13:00:00,3.6527,3.6552,3.65092,3.65512,1058.0
2026-05-15 14:00:00,3.65509,3.65805,3.6546,3.65604,1293.0
2026-05-15 15:00:00,3.65596,3.65701,3.65517,3.6555,930.0
2026-05-15 16:00:00,3.65555,3.65658,3.65236,3.6555,1778.0
2026-05-17 17:00:00,3.6548,3.65772,3.65352,3.65572,1021.0
2026-05-17 18:00:00,3.6554,3.65682,3.65299,3.65598,2358.0
2026-05-17 19:00:00,3.65597,3.6595,3.65578,3.65898,3044.0
2026-05-17 20:00:00,3.65896,3.66126,3.65637,3.66015,4758.0
2026-05-17 21:00:00,3.66,3.66122,3.65786,3.65834,598.0
2026-05-17 22:00:00,3.65846,3.65958,3.6576,3.65884,296.0
2026-05-17 23:00:00,3.65874,3.65888,3.65668,3.65684,233.0
2026-05-18 00:00:00,3.65674,3.65758,3.65542,3.65706,273.0
2026-05-18 01:00:00,3.65696,3.65793,3.65611,3.65611,332.0
2026-05-18 02:00:00,3.65614,3.65707,3.64894,3.64933,1097.0
2026-05-18 03:00:00,3.64924,3.64983,3.64408,3.6488,3296.0
2026-05-18 04:00:00,3.6489,3.65025,3.64369,3.64447,2216.0
2026-05-18 05:00:00,3.64443,3.65012,3.64401,3.65,1598.0
2026-05-18 06:00:00,3.65005,3.6539,3.64904,3.65364,1657.0
2026-05-18 07:00:00,3.6537,3.65442,3.64282,3.6459,3924.0
2026-05-18 08:00:00,3.64585,3.6461,3.63886,3.64221,3637.0
2026-05-18 09:00:00,3.64234,3.64488,3.63928,3.64168,4090.0
2026-05-18 10:00:00,3.64176,3.64693,3.64092,3.64622,4568.0
2026-05-18 11:00:00,3.64617,3.64988,3.64166,3.64304,2996.0
2026-05-18 12:00:00,3.64306,3.64467,3.6388,3.64093,2976.0
2026-05-18 13:00:00,3.64098,3.64215,3.64025,3.64215,1762.0
2026-05-18 14:00:00,3.6422,3.64912,3.64195,3.64903,2408.0
2026-05-18 15:00:00,3.64898,3.64904,3.638,3.63975,4227.0
2026-05-18 16:00:00,3.63975,3.63975,3.63642,3.63895,1157.0
2026-05-18 17:00:00,3.63869,3.63952,3.63704,3.63736,1281.0
2026-05-18 18:00:00,3.63736,3.63996,3.63694,3.63763,682.0
2026-05-18 19:00:00,3.63764,3.63902,3.63738,3.63892,1029.0
2026-05-18 20:00:00,3.63888,3.64232,3.6387,3.64212,920.0
2026-05-18 21:00:00,3.64217,3.6427,3.63972,3.64198,1339.0
2026-05-18 22:00:00,3.6421,3.64386,3.6416,3.64292,1243.0
2026-05-18 23:00:00,3.64296,3.64393,3.64205,3.64383,798.0
2026-05-19 00:00:00,3.64373,3.64606,3.64318,3.64553,554.0
2026-05-19 01:00:00,3.64564,3.64702,3.64366,3.644,849.0
2026-05-19 02:00:00,3.64408,3.64626,3.64253,3.64533,1176.0
2026-05-19 03:00:00,3.64547,3.64832,3.64272,3.64365,1893.0
2026-05-19 04:00:00,3.6436,3.6473,3.64209,3.6469,2279.0
2026-05-19 05:00:00,3.647,3.65176,3.64691,3.65066,1798.0
2026-05-19 06:00:00,3.6506,3.65224,3.646,3.64944,2332.0
2026-05-19 07:00:00,3.64946,3.6533,3.64928,3.65318,2410.0
2026-05-19 08:00:00,3.65321,3.65365,3.65044,3.6523,3106.0
2026-05-19 09:00:00,3.65235,3.66117,3.65206,3.65695,5036.0
2026-05-19 10:00:00,3.657,3.66599,3.6558,3.66592,4715.0
2026-05-19 11:00:00,3.66596,3.66802,3.66458,3.66508,2704.0
2026-05-19 12:00:00,3.66499,3.66687,3.66201,3.66263,2677.0
2026-05-19 13:00:00,3.66252,3.66341,3.6607,3.66085,1288.0
2026-05-19 14:00:00,3.66084,3.66278,3.65978,3.66073,1520.0
2026-05-19 15:00:00,3.66084,3.66316,3.659,3.66242,1989.0
2026-05-19 16:00:00,3.66238,3.66348,3.66174,3.66206,782.0
2026-05-19 17:00:00,3.66221,3.66294,3.66108,3.6615,1066.0
2026-05-19 18:00:00,3.66135,3.66226,3.6593,3.66142,991.0
2026-05-19 19:00:00,3.66144,3.66204,3.6598,3.66197,1669.0
2026-05-19 20:00:00,3.66196,3.66682,3.66188,3.6667,908.0
2026-05-19 21:00:00,3.66684,3.66954,3.66622,3.66812,622.0
2026-05-19 22:00:00,3.668,3.66888,3.66558,3.66788,576.0
2026-05-19 23:00:00,3.66802,3.66869,3.66502,3.6659,355.0
2026-05-20 00:00:00,3.6658,3.66812,3.66424,3.66808,436.0
2026-05-20 01:00:00,3.66808,3.66976,3.66683,3.66798,899.0
2026-05-20 02:00:00,3.66786,3.66873,3.6627,3.6656,1755.0
2026-05-20 03:00:00,3.66564,3.66998,3.66392,3.66956,2282.0
2026-05-20 04:00:00,3.66961,3.67442,3.66906,3.67137,2817.0
2026-05-20 05:00:00,3.67134,3.67318,3.66931,3.6726,2349.0
2026-05-20 06:00:00,3.67265,3.6729,3.667,3.66742,2080.0
2026-05-20 07:00:00,3.66749,3.66942,3.66512,3.66768,1875.0
2026-05-20 08:00:00,3.66772,3.66977,3.665,3.66914,2285.0
2026-05-20 09:00:00,3.66919,3.67198,3.66748,3.6701,2813.0
2026-05-20 10:00:00,3.67,3.67286,3.65256,3.65545,6982.0
2026-05-20 11:00:00,3.65534,3.65745,3.6457,3.65529,5933.0
2026-05-20 12:00:00,3.65526,3.65625,3.6512,3.65346,3203.0
2026-05-20 13:00:00,3.65336,3.65563,3.65271,3.6553,1532.0
2026-05-20 14:00:00,3.65533,3.65586,3.64978,3.65164,2353.0
2026-05-20 15:00:00,3.6517,3.65228,3.64916,3.6519,1036.0
2026-05-20 16:00:00,3.65193,3.65378,3.65193,3.65238,950.0
2026-05-20 17:00:00,3.65358,3.65384,3.65161,3.65206,1515.0
2026-05-20 18:00:00,3.65218,3.65272,3.65116,3.65187,1453.0
2026-05-20 19:00:00,3.65184,3.65328,3.65145,3.65237,1399.0
2026-05-20 20:00:00,3.65238,3.65332,3.65134,3.65154,3850.0
2026-05-20 21:00:00,3.65154,3.65402,3.64942,3.65285,2487.0
2026-05-20 22:00:00,3.65284,3.65716,3.65194,3.65678,1587.0
2026-05-20 23:00:00,3.65679,3.65689,3.65487,3.6561,967.0
2026-05-21 00:00:00,3.65618,3.65626,3.65468,3.65508,640.0
2026-05-21 01:00:00,3.65516,3.6594,3.65503,3.65803,1280.0
2026-05-21 02:00:00,3.65798,3.65875,3.65381,3.65715,944.0
2026-05-21 03:00:00,3.65698,3.66618,3.65698,3.66118,3023.0
2026-05-21 04:00:00,3.66118,3.66136,3.64946,3.65244,3146.0
2026-05-21 05:00:00,3.65252,3.65408,3.64821,3.64965,2832.0
2026-05-21 06:00:00,3.6497,3.66288,3.64822,3.66024,3529.0
2026-05-21 07:00:00,3.66031,3.66392,3.65592,3.66268,1659.0
2026-05-21 08:00:00,3.66264,3.6652,3.65884,3.66339,3222.0
2026-05-21 09:00:00,3.66338,3.67105,3.66034,3.6634,5919.0
2026-05-21 10:00:00,3.66345,3.66695,3.66162,3.66315,4846.0
2026-05-21 11:00:00,3.66325,3.66833,3.66274,3.66386,3199.0
2026-05-21 12:00:00,3.66377,3.66424,3.66041,3.66095,2693.0
2026-05-21 13:00:00,3.6609,3.66204,3.64526,3.64682,5821.0
2026-05-21 14:00:00,3.64691,3.6554,3.64509,3.65374,3410.0
2026-05-21 15:00:00,3.65385,3.65388,3.64726,3.64874,2911.0
2026-05-21 16:00:00,3.64878,3.65076,3.64774,3.65026,1111.0
2026-05-21 17:00:00,3.6502,3.65092,3.64866,3.6504,1462.0
2026-05-21 18:00:00,3.65044,3.65184,3.65004,3.65076,1171.0
2026-05-21 19:00:00,3.65072,3.65145,3.64975,3.65059,1000.0
2026-05-21 20:00:00,3.65056,3.65244,3.65056,3.65173,827.0
2026-05-21 21:00:00,3.65178,3.65548,3.65126,3.65548,1089.0
2026-05-21 22:00:00,3.65558,3.656,3.65439,3.65548,320.0
2026-05-21 23:00:00,3.65536,3.65625,3.65464,3.65496,401.0
2026-05-22 00:00:00,3.6549,3.65517,3.65374,3.65392,287.0
2026-05-22 01:00:00,3.65403,3.65567,3.65253,3.6552,934.0
2026-05-22 02:00:00,3.65532,3.65684,3.65192,3.6558,850.0
2026-05-22 03:00:00,3.65595,3.6601,3.6559,3.6569,1121.0
2026-05-22 04:00:00,3.65666,3.65913,3.65266,3.65782,1725.0
2026-05-22 05:00:00,3.6578,3.66167,3.65703,3.65844,1392.0
2026-05-22 06:00:00,3.65854,3.66012,3.6555,3.65918,1234.0
2026-05-22 07:00:00,3.65914,3.66134,3.65614,3.65834,1190.0
2026-05-22 08:00:00,3.65839,3.65864,3.65312,3.65334,2512.0
2026-05-22 09:00:00,3.65308,3.65523,3.64864,3.6538,2163.0
2026-05-22 10:00:00,3.65376,3.65954,3.65348,3.65515,2719.0
2026-05-22 11:00:00,3.65505,3.65599,3.6523,3.65292,1574.0
2026-05-22 12:00:00,3.65296,3.65482,3.6511,3.6511,1211.0
2026-05-22 13:00:00,3.6512,3.65172,3.64735,3.64944,1477.0
2026-05-22 14:00:00,3.64954,3.65102,3.64856,3.6501,734.0
2026-05-22 15:00:00,3.65029,3.65305,3.64972,3.65188,778.0
2026-05-22 16:00:00,3.6519,3.65576,3.65155,3.65408,1114.0
2026-05-24 17:00:00,3.64347,3.64575,3.64202,3.64472,1392.0
2026-05-24 18:00:00,3.6448,3.64545,3.63898,3.63943,1697.0
2026-05-24 19:00:00,3.63943,3.64024,3.63856,3.64019,303.0
2026-05-24 20:00:00,3.64003,3.64202,3.63792,3.64167,501.0
2026-05-24 21:00:00,3.64151,3.64206,3.63868,3.64076,1518.0
2026-05-24 22:00:00,3.64062,3.64176,3.63966,3.64138,286.0
2026-05-24 23:00:00,3.64134,3.64169,3.6407,3.64139,186.0
2026-05-25 00:00:00,3.64154,3.64185,3.6393,3.63964,221.0
2026-05-25 01:00:00,3.63956,3.63956,3.63664,3.63894,453.0
2026-05-25 02:00:00,3.63882,3.63992,3.63691,3.638,2353.0
2026-05-25 03:00:00,3.6379,3.64256,3.63728,3.63935,2696.0
2026-05-25 04:00:00,3.63925,3.6408,3.63654,3.63712,2100.0
2026-05-25 05:00:00,3.63715,3.63799,3.63522,3.63706,1401.0
2026-05-25 06:00:00,3.637,3.63709,3.63524,3.63575,1546.0
2026-05-25 07:00:00,3.6357,3.63705,3.63348,3.63665,1598.0
2026-05-25 08:00:00,3.6366,3.63726,3.63279,3.63415,2684.0
2026-05-25 09:00:00,3.6343,3.63655,3.63296,3.63645,2871.0
2026-05-25 10:00:00,3.6365,3.63694,3.63418,3.63521,2826.0
2026-05-25 11:00:00,3.63524,3.63597,3.63236,3.63406,1175.0
2026-05-25 12:00:00,3.634,3.63556,3.63398,3.6342,377.0
2026-05-25 13:00:00,3.63429,3.6343,3.6332,3.63347,193.0
2026-05-25 14:00:00,3.63344,3.63419,3.63306,3.63368,155.0
2026-05-25 15:00:00,3.63368,3.63453,3.63362,3.63438,122.0
2026-05-25 16:00:00,3.63436,3.63488,3.63374,3.63414,441.0
2026-05-25 17:00:00,3.6355,3.63746,3.63445,3.63592,1520.0
2026-05-25 18:00:00,3.63584,3.63759,3.63488,3.63537,735.0
2026-05-25 19:00:00,3.63544,3.63702,3.63428,3.63681,1618.0
2026-05-25 20:00:00,3.6368,3.63736,3.6356,3.63596,1175.0
2026-05-25 21:00:00,3.63607,3.6392,3.63568,3.63756,1010.0
2026-05-25 22:00:00,3.63751,3.63853,3.63706,3.63764,579.0
2026-05-25 23:00:00,3.63759,3.63784,3.63665,3.6369,366.0
2026-05-26 00:00:00,3.63695,3.6399,3.6369,3.6399,430.0
2026-05-26 01:00:00,3.6399,3.64154,3.63963,3.64092,1308.0
2026-05-26 02:00:00,3.64108,3.6419,3.63752,3.63846,1039.0
2026-05-26 03:00:00,3.63851,3.64252,3.63764,3.63835,2427.0
2026-05-26 04:00:00,3.6384,3.64028,3.63565,3.63948,1860.0
2026-05-26 05:00:00,3.63958,3.64036,3.63406,3.63528,1973.0
2026-05-26 06:00:00,3.63546,3.6366,3.63255,3.63364,1801.0
2026-05-26 07:00:00,3.63356,3.63734,3.63292,3.63694,1804.0
2026-05-26 08:00:00,3.6369,3.63807,3.63574,3.6375,2078.0
2026-05-26 09:00:00,3.63755,3.64497,3.63682,3.64048,2627.0
2026-05-26 10:00:00,3.64042,3.64264,3.63798,3.63992,2376.0
2026-05-26 11:00:00,3.64,3.64802,3.63996,3.64606,1874.0
2026-05-26 12:00:00,3.64606,3.64616,3.64278,3.64466,1820.0
2026-05-26 13:00:00,3.6447,3.64654,3.64364,3.64556,1007.0
2026-05-26 14:00:00,3.64557,3.64586,3.64326,3.64338,715.0
2026-05-26 15:00:00,3.64343,3.64471,3.64128,3.64165,627.0
2026-05-26 16:00:00,3.6417,3.6424,3.64072,3.64165,393.0
2026-05-26 17:00:00,3.64256,3.64286,3.64068,3.64188,3384.0
2026-05-26 18:00:00,3.64181,3.64233,3.64016,3.64168,1484.0
2026-05-26 19:00:00,3.6417,3.64184,3.6394,3.64064,1329.0
2026-05-26 20:00:00,3.64045,3.6406,3.63859,3.6396,430.0
2026-05-26 21:00:00,3.6397,3.64102,3.639,3.64066,738.0
2026-05-26 22:00:00,3.64071,3.64071,3.63926,3.63927,722.0
2026-05-26 23:00:00,3.63922,3.64014,3.63798,3.63973,414.0
2026-05-27 00:00:00,3.63958,3.63984,3.63866,3.63898,187.0
2026-05-27 01:00:00,3.639,3.63996,3.6379,3.63956,620.0
2026-05-27 02:00:00,3.6397,3.64256,3.63792,3.63896,916.0
2026-05-27 03:00:00,3.63886,3.64391,3.63614,3.64383,1858.0
2026-05-27 04:00:00,3.64378,3.64519,3.63976,3.64052,2057.0
2026-05-27 05:00:00,3.64046,3.64136,3.6356,3.6373,1962.0
2026-05-27 06:00:00,3.63734,3.64132,3.63597,3.63852,1879.0
2026-05-27 07:00:00,3.63836,3.64218,3.63755,3.64054,2050.0
2026-05-27 08:00:00,3.64047,3.64224,3.63116,3.6375,4911.0
2026-05-27 09:00:00,3.63746,3.63778,3.63442,3.63556,4016.0
2026-05-27 10:00:00,3.63546,3.64261,3.63142,3.64235,3814.0
2026-05-27 11:00:00,3.64239,3.64346,3.63834,3.63974,2568.0
2026-05-27 12:00:00,3.63962,3.64228,3.63955,3.6398,2049.0
2026-05-27 13:00:00,3.63975,3.64332,3.63944,3.64128,1452.0
2026-05-27 14:00:00,3.64131,3.64263,3.64019,3.64044,963.0
2026-05-27 15:00:00,3.64038,3.64139,3.63964,3.64058,759.0
2026-05-27 16:00:00,3.64056,3.64245,3.63976,3.64168,655.0
2026-05-27 17:00:00,3.64077,3.64162,3.63976,3.64058,1819.0
2026-05-27 18:00:00,3.64091,3.64167,3.64036,3.64158,555.0
2026-05-27 19:00:00,3.64162,3.6453,3.6407,3.64481,453.0
2026-05-27 20:00:00,3.64492,3.64531,3.64304,3.64412,338.0
2026-05-27 21:00:00,3.64402,3.64869,3.64402,3.64856,314.0
2026-05-27 22:00:00,3.64845,3.64861,3.64661,3.6475,227.0
2026-05-27 23:00:00,3.64748,3.65744,3.64718,3.65744,436.0
2026-05-28 00:00:00,3.65755,3.65774,3.65536,3.65569,250.0
2026-05-28 01:00:00,3.65568,3.65749,3.65204,3.65364,831.0
2026-05-28 02:00:00,3.65359,3.65399,3.64636,3.6467,939.0
2026-05-28 03:00:00,3.6466,3.6475,3.64468,3.64693,1372.0
2026-05-28 04:00:00,3.64682,3.64918,3.64543,3.64615,1681.0
2026-05-28 05:00:00,3.6463,3.64639,3.64302,3.64575,1868.0
2026-05-28 06:00:00,3.64585,3.65048,3.64579,3.64968,2849.0
2026-05-28 07:00:00,3.64972,3.64977,3.6429,3.64434,2370.0
2026-05-28 08:00:00,3.64441,3.64466,3.63586,3.63674,2115.0
2026-05-28 09:00:00,3.63657,3.63879,3.63442,3.63865,2529.0
2026-05-28 10:00:00,3.6386,3.64,3.627,3.62982,6389.0
2026-05-28 11:00:00,3.6297,3.62984,3.62678,3.62938,2596.0
2026-05-28 12:00:00,3.62932,3.62995,3.62394,3.62545,2127.0
2026-05-28 13:00:00,3.62538,3.62764,3.6253,3.62696,1600.0
2026-05-28 14:00:00,3.62706,3.6292,3.62592,3.6283,1099.0
2026-05-28 15:00:00,3.62844,3.62975,3.62775,3.62943,1590.0
2026-05-28 16:00:00,3.6295,3.63027,3.6285,3.62875,608.0
2026-05-28 17:00:00,3.628,3.62882,3.62729,3.62799,1506.0
2026-05-28 18:00:00,3.62816,3.629,3.62764,3.62822,780.0
2026-05-28 19:00:00,3.62824,3.6287,3.62752,3.628,1976.0
2026-05-28 20:00:00,3.62814,3.62914,3.62678,3.62892,916.0
2026-05-28 21:00:00,3.62883,3.6309,3.6262,3.63046,699.0
2026-05-28 22:00:00,3.63035,3.63082,3.62895,3.63034,591.0
2026-05-28 23:00:00,3.63034,3.63292,3.6303,3.63253,476.0
2026-05-29 00:00:00,3.63264,3.6335,3.63182,3.63192,490.0
2026-05-29 01:00:00,3.63194,3.63242,3.63008,3.63065,1311.0
2026-05-29 02:00:00,3.63062,3.63076,3.62668,3.62715,1152.0
2026-05-29 03:00:00,3.62714,3.63402,3.62566,3.63335,2510.0
2026-05-29 04:00:00,3.6333,3.64102,3.6333,3.63952,3240.0
2026-05-29 05:00:00,3.63955,3.63994,3.63484,3.63535,2744.0
2026-05-29 06:00:00,3.6354,3.63686,3.63187,3.6323,2252.0
2026-05-29 07:00:00,3.63237,3.63334,3.62955,3.62964,2512.0
2026-05-29 08:00:00,3.62988,3.632,3.62909,3.62954,3112.0
2026-05-29 09:00:00,3.62952,3.63122,3.62802,3.63056,3572.0
2026-05-29 10:00:00,3.63047,3.63468,3.6211,3.62153,5044.0
2026-05-29 11:00:00,3.62157,3.62262,3.61786,3.6219,4215.0
2026-05-29 12:00:00,3.62183,3.6255,3.62122,3.62355,2274.0
2026-05-29 13:00:00,3.6236,3.62812,3.62318,3.62806,1561.0
2026-05-29 14:00:00,3.62823,3.62865,3.62575,3.62683,909.0
2026-05-29 15:00:00,3.62672,3.62728,3.62523,3.62662,731.0
2026-05-29 16:00:00,3.62648,3.6294,3.62648,3.62857,1402.0
2026-05-31 17:00:00,3.63153,3.63153,3.62916,3.6298,706.0
2026-05-31 18:00:00,3.62934,3.63212,3.62893,3.63127,2995.0
2026-05-31 19:00:00,3.63126,3.63278,3.6304,3.63267,5756.0
2026-05-31 20:00:00,3.63268,3.63394,3.63108,3.63289,3542.0
2026-05-31 21:00:00,3.63299,3.63443,3.63267,3.63332,1163.0
2026-05-31 22:00:00,3.63338,3.63409,3.63304,3.63316,821.0
2026-05-31 23:00:00,3.63302,3.63466,3.63232,3.63448,1048.0
2026-06-01 00:00:00,3.63445,3.63458,3.63229,3.6325,603.0
2026-06-01 01:00:00,3.63258,3.63268,3.62964,3.63044,777.0
2026-06-01 02:00:00,3.6304,3.63191,3.6274,3.62803,1478.0
2026-06-01 03:00:00,3.62815,3.63384,3.62804,3.63256,2850.0
2026-06-01 04:00:00,3.63244,3.634,3.63029,3.63145,2626.0
2026-06-01 05:00:00,3.6315,3.63565,3.63053,3.63502,3411.0
2026-06-01 06:00:00,3.63506,3.63555,3.63343,3.63424,2570.0
2026-06-01 07:00:00,3.63416,3.63638,3.63351,3.63422,2878.0
2026-06-01 08:00:00,3.63426,3.63567,3.63351,3.63485,5584.0
2026-06-01 09:00:00,3.6348,3.65209,3.63474,3.652,7622.0
2026-06-01 10:00:00,3.65252,3.65324,3.64688,3.64745,5942.0
2026-06-01 11:00:00,3.64744,3.64858,3.64234,3.64477,4333.0
2026-06-01 12:00:00,3.64471,3.6467,3.64176,3.64193,2270.0
2026-06-01 13:00:00,3.64195,3.6437,3.63726,3.63834,2123.0
2026-06-01 14:00:00,3.63835,3.6402,3.6375,3.64016,1128.0
2026-06-01 15:00:00,3.6402,3.64321,3.6396,3.64195,1379.0
2026-06-01 16:00:00,3.642,3.6435,3.64106,3.6418,1455.0
2026-06-01 17:00:00,3.64241,3.64321,3.64044,3.64197,1337.0
2026-06-01 18:00:00,3.64186,3.64198,3.64059,3.64141,968.0
2026-06-01 19:00:00,3.6414,3.64168,3.64055,3.64101,787.0
2026-06-01 20:00:00,3.64102,3.643,3.64088,3.64242,1525.0
2026-06-01 21:00:00,3.64239,3.64333,3.64018,3.64254,704.0
2026-06-01 22:00:00,3.64254,3.6428,3.64108,3.64248,409.0
2026-06-01 23:00:00,3.64248,3.6425,3.64082,3.64125,478.0
2026-06-02 00:00:00,3.64126,3.64135,3.63971,3.63999,373.0
2026-06-02 01:00:00,3.63996,3.64052,3.63934,3.64006,611.0
2026-06-02 02:00:00,3.64005,3.64016,3.63362,3.6338,1218.0
2026-06-02 03:00:00,3.63385,3.63468,3.63172,3.6319,1970.0
2026-06-02 04:00:00,3.6318,3.63606,3.63088,3.63552,1882.0
2026-06-02 05:00:00,3.63555,3.6373,3.63522,3.63592,1244.0
2026-06-02 06:00:00,3.63598,3.63767,3.63516,3.63641,1021.0
2026-06-02 07:00:00,3.63636,3.63641,3.63365,3.6346,1726.0
2026-06-02 08:00:00,3.63456,3.63677,3.63312,3.63585,2674.0
2026-06-02 09:00:00,3.6358,3.63912,3.6337,3.63715,2495.0
2026-06-02 10:00:00,3.637,3.64062,3.6339,3.63726,2230.0
2026-06-02 11:00:00,3.63728,3.64,3.63618,3.63874,1705.0
2026-06-02 12:00:00,3.63874,3.64384,3.6385,3.6436,2371.0
2026-06-02 13:00:00,3.64355,3.64572,3.64265,3.64572,1649.0
2026-06-02 14:00:00,3.64566,3.64796,3.64264,3.64336,1631.0
2026-06-02 15:00:00,3.64334,3.64335,3.64102,3.6423,2615.0
2026-06-02 16:00:00,3.6422,3.64269,3.64078,3.64187,4041.0
2026-06-02 17:00:00,3.64274,3.64282,3.6406,3.6427,1158.0
2026-06-02 18:00:00,3.64272,3.64418,3.6422,3.64342,2018.0
2026-06-02 19:00:00,3.64338,3.64621,3.64302,3.6456,2732.0
2026-06-02 20:00:00,3.6456,3.64584,3.64273,3.64341,874.0
2026-06-02 21:00:00,3.6433,3.6442,3.64165,3.64268,1602.0
2026-06-02 22:00:00,3.64264,3.6446,3.64202,3.6437,1233.0
2026-06-02 23:00:00,3.64365,3.6442,3.64308,3.6438,1130.0
2026-06-03 00:00:00,3.64363,3.645,3.64355,3.64446,583.0
2026-06-03 01:00:00,3.64462,3.64745,3.64446,3.64745,1264.0
2026-06-03 02:00:00,3.64746,3.65152,3.64572,3.65004,1633.0
2026-06-03 03:00:00,3.64995,3.65164,3.64744,3.6501,2342.0
2026-06-03 04:00:00,3.65005,3.65594,3.64962,3.6549,3824.0
2026-06-03 05:00:00,3.6549,3.65568,3.65038,3.65138,2187.0
2026-06-03 06:00:00,3.65142,3.65159,3.64745,3.64991,3161.0
2026-06-03 07:00:00,3.64986,3.65016,3.64558,3.64716,2408.0
2026-06-03 08:00:00,3.6472,3.65654,3.64676,3.65388,3049.0
2026-06-03 09:00:00,3.6539,3.65706,3.65255,3.65524,3227.0
2026-06-03 10:00:00,3.65505,3.65924,3.65258,3.65291,5235.0
2026-06-03 11:00:00,3.65286,3.65626,3.65248,3.65502,3740.0
2026-06-03 12:00:00,3.655,3.65977,3.65485,3.65778,1726.0
2026-06-03 13:00:00,3.65772,3.65952,3.65643,3.65885,1037.0
2026-06-03 14:00:00,3.6588,3.65974,3.6583,3.65866,824.0
2026-06-03 15:00:00,3.65872,3.65916,3.6576,3.65844,1018.0
2026-06-03 16:00:00,3.65845,3.65872,3.65717,3.65841,669.0
2026-06-03 17:00:00,3.65768,3.6591,3.65726,3.65838,1200.0
2026-06-03 18:00:00,3.65832,3.65986,3.65446,3.65644,1144.0
2026-06-03 19:00:00,3.65626,3.65766,3.65461,3.6551,1672.0
2026-06-03 20:00:00,3.65505,3.65613,3.65399,3.6557,420.0
2026-06-03 21:00:00,3.65585,3.6567,3.65457,3.6548,557.0
2026-06-03 22:00:00,3.65466,3.65594,3.65426,3.65472,271.0
2026-06-03 23:00:00,3.65488,3.65706,3.65488,3.65602,323.0
2026-06-04 00:00:00,3.65614,3.65668,3.65356,3.6548,513.0
2026-06-04 01:00:00,3.65492,3.6566,3.65392,3.6541,694.0
2026-06-04 02:00:00,3.65402,3.65436,3.6509,3.65209,989.0
2026-06-04 03:00:00,3.65204,3.65666,3.65192,3.65384,2275.0
2026-06-04 04:00:00,3.65382,3.65402,3.649,3.64939,2793.0
2026-06-04 05:00:00,3.64934,3.64934,3.64338,3.6439,3174.0
2026-06-04 06:00:00,3.644,3.64618,3.64319,3.64468,2271.0
2026-06-04 07:00:00,3.64462,3.64472,3.63857,3.63966,2875.0
2026-06-04 08:00:00,3.63974,3.6423,3.6382,3.64143,2952.0
2026-06-04 09:00:00,3.64148,3.64356,3.64026,3.6418,3459.0
2026-06-04 10:00:00,3.64178,3.64562,3.64039,3.64356,2897.0
2026-06-04 11:00:00,3.64348,3.64677,3.64302,3.6434,2314.0
2026-06-04 12:00:00,3.64342,3.64506,3.64318,3.64495,958.0
2026-06-04 13:00:00,3.64505,3.64628,3.64496,3.64592,508.0
2026-06-04 14:00:00,3.64596,3.64912,3.6452,3.6482,767.0
2026-06-04 15:00:00,3.6481,3.64941,3.64786,3.64832,732.0
2026-06-04 16:00:00,3.64831,3.64948,3.64779,3.64861,607.0
2026-06-04 17:00:00,3.64721,3.64914,3.64706,3.64834,1250.0
2026-06-04 18:00:00,3.64866,3.65008,3.64825,3.64898,1019.0
2026-06-04 19:00:00,3.64899,3.64952,3.64815,3.6488,1057.0
2026-06-04 20:00:00,3.64886,3.64969,3.6485,3.64875,874.0
2026-06-04 21:00:00,3.6487,3.65038,3.64834,3.6491,1002.0
2026-06-04 22:00:00,3.64898,3.64948,3.64812,3.64894,555.0
2026-06-04 23:00:00,3.64898,3.64918,3.64848,3.6489,278.0
2026-06-05 00:00:00,3.64878,3.64892,3.6476,3.64773,417.0
2026-06-05 01:00:00,3.64786,3.64824,3.64666,3.64734,322.0
2026-06-05 02:00:00,3.6474,3.64745,3.64175,3.6419,1014.0
2026-06-05 03:00:00,3.64195,3.64274,3.63716,3.63906,2318.0
2026-06-05 04:00:00,3.6391,3.63931,3.63624,3.63872,2936.0
2026-06-05 05:00:00,3.63878,3.63961,3.6361,3.6387,2095.0
2026-06-05 06:00:00,3.63864,3.63867,3.63586,3.63718,1286.0
2026-06-05 07:00:00,3.63717,3.63878,3.63641,3.63696,2599.0
2026-06-05 08:00:00,3.63691,3.65709,3.63652,3.65698,4494.0
2026-06-05 09:00:00,3.65692,3.66407,3.65316,3.66407,6872.0
2026-06-05 10:00:00,3.66418,3.67339,3.66118,3.66948,6779.0
2026-06-05 11:00:00,3.66942,3.68344,3.66915,3.68304,4817.0
2026-06-05 12:00:00,3.68305,3.68606,3.68075,3.68102,3488.0
2026-06-05 13:00:00,3.68093,3.68507,3.68065,3.68286,2189.0
2026-06-05 14:00:00,3.6828,3.68531,3.68188,3.68435,1599.0
2026-06-05 15:00:00,3.68446,3.68572,3.68128,3.68218,1560.0
2026-06-05 16:00:00,3.68215,3.68474,3.6821,3.68332,1802.0
2026-06-07 17:00:00,3.68276,3.69126,3.68234,3.69072,1134.0
2026-06-07 18:00:00,3.69106,3.69106,3.68788,3.68954,4313.0
2026-06-07 19:00:00,3.6896,3.68966,3.6866,3.68684,2823.0
2026-06-07 20:00:00,3.68682,3.68704,3.6794,3.67942,1854.0
2026-06-07 21:00:00,3.67936,3.68828,3.6789,3.68254,1996.0
2026-06-07 22:00:00,3.68248,3.68482,3.68086,3.68185,1104.0
2026-06-07 23:00:00,3.68184,3.6833,3.6797,3.67974,777.0
2026-06-08 00:00:00,3.67974,3.68174,3.67921,3.68146,563.0
2026-06-08 01:00:00,3.68164,3.68602,3.67798,3.68594,1508.0
2026-06-08 02:00:00,3.68594,3.68932,3.68301,3.68898,1537.0
2026-06-08 03:00:00,3.68888,3.68894,3.68108,3.68593,2528.0
2026-06-08 04:00:00,3.68594,3.69036,3.6829,3.69026,2357.0
2026-06-08 05:00:00,3.69034,3.69304,3.68728,3.68792,1950.0
2026-06-08 06:00:00,3.68784,3.68918,3.67904,3.68355,1926.0
2026-06-08 07:00:00,3.68338,3.68442,3.6734,3.67699,3967.0
2026-06-08 08:00:00,3.67696,3.6793,3.67445,3.67676,2883.0
2026-06-08 09:00:00,3.67688,3.67745,3.67216,3.67706,3620.0
2026-06-08 10:00:00,3.6772,3.67978,3.6741,3.6741,4587.0
2026-06-08 11:00:00,3.67404,3.67616,3.6715,3.6735,2656.0
2026-06-08 12:00:00,3.6735,3.67412,3.6713,3.67412,1636.0
2026-06-08 13:00:00,3.67406,3.67495,3.673,3.6745,1620.0
2026-06-08 14:00:00,3.67434,3.67785,3.67245,3.67753,1674.0
2026-06-08 15:00:00,3.6776,3.67777,3.67592,3.67709,2122.0
2026-06-08 16:00:00,3.67708,3.6777,3.67609,3.67735,497.0
2026-06-08 17:00:00,3.67726,3.67816,3.67642,3.67678,1026.0
2026-06-08 18:00:00,3.67658,3.6785,3.67546,3.67778,1536.0
2026-06-08 19:00:00,3.67776,3.68026,3.67757,3.6798,1199.0
2026-06-08 20:00:00,3.67978,3.6802,3.67716,3.67731,965.0
2026-06-08 21:00:00,3.67724,3.67755,3.67436,3.67436,756.0
2026-06-08 22:00:00,3.67425,3.67492,3.67336,3.67478,630.0
2026-06-08 23:00:00,3.67482,3.67583,3.674,3.67426,512.0
2026-06-09 00:00:00,3.67428,3.67454,3.67106,3.67206,369.0
2026-06-09 01:00:00,3.672,3.67394,3.6694,3.67154,1372.0
2026-06-09 02:00:00,3.6716,3.672,3.66562,3.6693,1467.0
2026-06-09 03:00:00,3.66925,3.67371,3.66815,3.67322,2670.0
2026-06-09 04:00:00,3.67326,3.67511,3.66622,3.6667,2742.0
2026-06-09 05:00:00,3.66674,3.66683,3.6628,3.6639,2346.0
2026-06-09 06:00:00,3.66395,3.66583,3.66242,3.66388,1779.0
2026-06-09 07:00:00,3.66386,3.66388,3.66093,3.66152,2039.0
2026-06-09 08:00:00,3.66144,3.66286,3.66018,3.66223,2726.0
2026-06-09 09:00:00,3.66221,3.66342,3.65814,3.66265,3259.0
2026-06-09 10:00:00,3.6627,3.66741,3.6594,3.6663,4439.0
2026-06-09 11:00:00,3.66624,3.67372,3.66342,3.671,3987.0
2026-06-09 12:00:00,3.671,3.68146,3.66908,3.67713,3790.0
2026-06-09 13:00:00,3.67699,3.67716,3.6715,3.67355,4208.0
2026-06-09 14:00:00,3.6735,3.67472,3.67036,3.6715,2689.0
2026-06-09 15:00:00,3.67145,3.67582,3.67132,3.67571,2028.0
2026-06-09 16:00:00,3.67575,3.67641,3.67377,3.6743,841.0
2026-06-09 17:00:00,3.6733,3.67734,3.67318,3.67674,1205.0
2026-06-09 18:00:00,3.67685,3.67706,3.67372,3.67688,727.0
2026-06-09 19:00:00,3.67688,3.67815,3.67608,3.67754,267.0
2026-06-09 20:00:00,3.67752,3.68065,3.67563,3.67684,1416.0
2026-06-09 21:00:00,3.6768,3.6794,3.67652,3.67814,2050.0
2026-06-09 22:00:00,3.67824,3.6788,3.67681,3.6779,1049.0
2026-06-09 23:00:00,3.67794,3.678,3.67454,3.67522,1013.0
2026-06-10 00:00:00,3.67517,3.67754,3.67514,3.67659,985.0
2026-06-10 01:00:00,3.67654,3.67717,3.67294,3.673,1227.0
2026-06-10 02:00:00,3.67304,3.67355,3.66976,3.6735,1161.0
2026-06-10 03:00:00,3.6735,3.67407,3.67026,3.67335,1721.0
2026-06-10 04:00:00,3.6733,3.67806,3.6733,3.67685,2012.0
2026-06-10 05:00:00,3.67682,3.67782,3.6746,3.67464,1673.0
2026-06-10 06:00:00,3.6746,3.67636,3.6738,3.67621,1816.0
2026-06-10 07:00:00,3.67613,3.68333,3.67613,3.68268,2561.0
2026-06-10 08:00:00,3.68269,3.68314,3.67068,3.678,4226.0
2026-06-10 09:00:00,3.67802,3.67817,3.66748,3.67192,4807.0
2026-06-10 10:00:00,3.67199,3.6771,3.6702,3.6767,5541.0
2026-06-10 11:00:00,3.67674,3.68418,3.67524,3.67815,4538.0
2026-06-10 12:00:00,3.67809,3.67869,3.67576,3.67795,2230.0
2026-06-10 13:00:00,3.67805,3.6817,3.67693,3.67894,2234.0
2026-06-10 14:00:00,3.6789,3.68086,3.67724,3.68068,1585.0
2026-06-10 15:00:00,3.68068,3.68408,3.68058,3.68369,1534.0
2026-06-10 16:00:00,3.68366,3.68604,3.68362,3.6854,1153.0
2026-06-10 17:00:00,3.68538,3.68609,3.68432,3.68592,750.0
2026-06-10 18:00:00,3.68545,3.68888,3.68505,3.68845,2469.0
2026-06-10 19:00:00,3.68846,3.68986,3.68584,3.68666,630.0
2026-06-10 20:00:00,3.68665,3.68665,3.68245,3.68272,1942.0
2026-06-10 21:00:00,3.68266,3.68308,3.67739,3.67895,1280.0
2026-06-10 22:00:00,3.67888,3.68325,3.67867,3.68144,1007.0
2026-06-10 23:00:00,3.6814,3.68296,3.6811,3.6821,871.0
2026-06-11 00:00:00,3.68214,3.6831,3.67997,3.68025,928.0
2026-06-11 01:00:00,3.68018,3.6816,3.67932,3.68062,846.0
2026-06-11 02:00:00,3.68064,3.68282,3.68014,3.68264,741.0
2026-06-11 03:00:00,3.68254,3.68512,3.67703,3.68182,2023.0
2026-06-11 04:00:00,3.68192,3.68854,3.68168,3.68811,2523.0
2026-06-11 05:00:00,3.68815,3.68994,3.68656,3.68735,1736.0
2026-06-11 06:00:00,3.68745,3.69142,3.68702,3.68769,2047.0
2026-06-11 07:00:00,3.68762,3.68762,3.68398,3.68581,2285.0
2026-06-11 08:00:00,3.68564,3.69463,3.68454,3.68588,4899.0
2026-06-11 09:00:00,3.68592,3.6947,3.68561,3.6892,3850.0
2026-06-11 10:00:00,3.68906,3.6964,3.68888,3.69458,4298.0
2026-06-11 11:00:00,3.69453,3.69944,3.69322,3.69896,4292.0
2026-06-11 12:00:00,3.69886,3.70394,3.69856,3.70283,2532.0
2026-06-11 13:00:00,3.7027,3.70494,3.67689,3.68326,7515.0
2026-06-11 14:00:00,3.68316,3.6904,3.68021,3.68212,4392.0
2026-06-11 15:00:00,3.682,3.682,3.66818,3.66914,4208.0
2026-06-11 16:00:00,3.66912,3.67033,3.66765,3.66952,1711.0
2026-06-11 17:00:00,3.66988,3.67042,3.6686,3.66947,648.0
2026-06-11 18:00:00,3.66952,3.6714,3.66758,3.66789,2793.0
2026-06-11 19:00:00,3.66781,3.6713,3.66716,3.67053,2401.0
2026-06-11 20:00:00,3.6706,3.67463,3.67017,3.67364,1739.0
2026-06-11 21:00:00,3.67358,3.67632,3.6734,3.67572,1444.0
2026-06-11 22:00:00,3.67568,3.67583,3.6732,3.67412,1091.0
2026-06-11 23:00:00,3.67415,3.67506,3.67144,3.67256,1233.0
2026-06-12 00:00:00,3.67252,3.67363,3.67066,3.67195,1132.0
2026-06-12 01:00:00,3.67185,3.67941,3.6707,3.6794,1397.0
2026-06-12 02:00:00,3.67943,3.67946,3.67352,3.67465,1645.0
2026-06-12 03:00:00,3.6747,3.68036,3.67436,3.67464,1908.0
2026-06-12 04:00:00,3.67449,3.67466,3.66524,3.66916,2507.0
2026-06-12 05:00:00,3.66912,3.6699,3.66316,3.6653,2571.0
2026-06-12 06:00:00,3.66535,3.67117,3.66394,3.66976,2319.0
2026-06-12 07:00:00,3.66972,3.67084,3.6666,3.67048,1656.0
2026-06-12 08:00:00,3.67045,3.67575,3.67045,3.67406,1872.0
2026-06-12 09:00:00,3.67406,3.67459,3.66748,3.67162,3939.0
2026-06-12 10:00:00,3.6718,3.67242,3.6652,3.66666,4864.0
2026-06-12 11:00:00,3.66665,3.66784,3.66368,3.66784,4509.0
2026-06-12 12:00:00,3.6678,3.66914,3.66585,3.666,2092.0
2026-06-12 13:00:00,3.66605,3.6677,3.66504,3.66665,2040.0
2026-06-12 14:00:00,3.6666,3.66743,3.665,3.6667,1886.0
2026-06-12 15:00:00,3.66676,3.66925,3.66546,3.6684,2734.0
2026-06-12 16:00:00,3.66838,3.6708,3.66838,3.67022,1451.0
2026-06-14 17:00:00,3.66638,3.66775,3.6562,3.65642,2891.0
2026-06-14 18:00:00,3.65657,3.65785,3.65311,3.65495,3016.0
2026-06-14 19:00:00,3.65511,3.65632,3.65413,3.65569,624.0
2026-06-14 20:00:00,3.65567,3.65726,3.65304,3.65719,768.0
2026-06-14 21:00:00,3.6573,3.65864,3.65613,3.65736,930.0
2026-06-14 22:00:00,3.65724,3.6586,3.65667,3.65695,610.0
2026-06-14 23:00:00,3.657,3.65728,3.65536,3.65564,1777.0
2026-06-15 00:00:00,3.65563,3.65632,3.65196,3.65233,436.0
2026-06-15 01:00:00,3.65228,3.65233,3.6478,3.64876,866.0
2026-06-15 02:00:00,3.64866,3.65619,3.6484,3.65451,1498.0
2026-06-15 03:00:00,3.6545,3.65562,3.65114,3.655,2201.0
2026-06-15 04:00:00,3.65515,3.66074,3.65442,3.6576,2441.0
2026-06-15 05:00:00,3.65755,3.65787,3.65519,3.65616,2359.0
2026-06-15 06:00:00,3.65598,3.6576,3.65448,3.65564,1693.0
2026-06-15 07:00:00,3.65564,3.65731,3.65422,3.65674,1877.0
2026-06-15 08:00:00,3.65683,3.65903,3.65384,3.65444,3045.0
2026-06-15 09:00:00,3.65448,3.65552,3.6526,3.6539,3169.0
2026-06-15 10:00:00,3.65388,3.66114,3.65366,3.65977,3927.0
2026-06-15 11:00:00,3.65985,3.66512,3.65982,3.66361,2312.0
2026-06-15 12:00:00,3.66364,3.66555,3.66245,3.66324,1951.0
2026-06-15 13:00:00,3.66328,3.66512,3.66307,3.66445,1194.0
2026-06-15 14:00:00,3.6644,3.66682,3.66325,3.66667,1561.0
2026-06-15 15:00:00,3.66662,3.66934,3.66618,3.6691,1739.0
2026-06-15 16:00:00,3.66904,3.66995,3.6676,3.66775,952.0
2026-06-15 17:00:00,3.66622,3.66836,3.66562,3.66772,1547.0
2026-06-15 18:00:00,3.66772,3.67,3.66688,3.6686,1002.0
2026-06-15 19:00:00,3.66861,3.66863,3.66659,3.66723,3027.0
2026-06-15 20:00:00,3.66733,3.66828,3.66654,3.6667,1060.0
2026-06-15 21:00:00,3.66683,3.66895,3.66576,3.6687,1442.0
2026-06-15 22:00:00,3.66883,3.67191,3.66872,3.66994,684.0
2026-06-15 23:00:00,3.6698,3.67152,3.66975,3.6705,816.0
2026-06-16 00:00:00,3.67048,3.67396,3.67032,3.67286,924.0
2026-06-16 01:00:00,3.6728,3.67354,3.67179,3.67342,1308.0
2026-06-16 02:00:00,3.67345,3.67356,3.66826,3.6685,1906.0
2026-06-16 03:00:00,3.66846,3.66933,3.66315,3.6632,2554.0
2026-06-16 04:00:00,3.66318,3.6639,3.65832,3.65876,2286.0
2026-06-16 05:00:00,3.6589,3.66125,3.65735,3.65924,2850.0
2026-06-16 06:00:00,3.65934,3.65934,3.65296,3.65316,2069.0
2026-06-16 07:00:00,3.65316,3.6587,3.65316,3.65824,2141.0
2026-06-16 08:00:00,3.65828,3.66048,3.65598,3.65682,2649.0
2026-06-16 09:00:00,3.65685,3.65836,3.65404,3.65773,3640.0
2026-06-16 10:00:00,3.6577,3.65969,3.65165,3.65218,4090.0
2026-06-16 11:00:00,3.65213,3.65452,3.64718,3.6488,2900.0
2026-06-16 12:00:00,3.64885,3.64922,3.6459,3.64904,2833.0
2026-06-16 13:00:00,3.64909,3.65005,3.64878,3.64955,1094.0
2026-06-16 14:00:00,3.6495,3.6532,3.64835,3.65152,1323.0
2026-06-16 15:00:00,3.65147,3.65309,3.6502,3.65225,1298.0
2026-06-16 16:00:00,3.65224,3.65265,3.65065,3.6511,1043.0
2026-06-16 17:00:00,3.651,3.651,3.6493,3.65061,2301.0
2026-06-16 18:00:00,3.65085,3.6515,3.64962,3.64993,1858.0
2026-06-16 19:00:00,3.64998,3.65126,3.64886,3.65105,1920.0
2026-06-16 20:00:00,3.6511,3.65119,3.64848,3.64915,1022.0
2026-06-16 21:00:00,3.6491,3.6511,3.64795,3.6503,1242.0
2026-06-16 22:00:00,3.6502,3.65108,3.64943,3.65108,896.0
2026-06-16 23:00:00,3.65103,3.65137,3.6502,3.65075,778.0
2026-06-17 00:00:00,3.6507,3.65085,3.6495,3.64999,594.0
2026-06-17 01:00:00,3.6499,3.6499,3.64835,3.6493,1304.0
2026-06-17 02:00:00,3.6492,3.65304,3.64856,3.65145,1681.0
2026-06-17 03:00:00,3.65155,3.65258,3.64732,3.6509,2033.0
2026-06-17 04:00:00,3.65085,3.65588,3.65085,3.65415,3451.0
2026-06-17 05:00:00,3.654,3.65466,3.65242,3.65342,2025.0
2026-06-17 06:00:00,3.65347,3.65636,3.65292,3.6559,2023.0
2026-06-17 07:00:00,3.65586,3.65996,3.65581,3.65792,1749.0
2026-06-17 08:00:00,3.6579,3.6591,3.65454,3.6548,2780.0
2026-06-17 09:00:00,3.65496,3.65604,3.65336,3.65565,3924.0
2026-06-17 10:00:00,3.6557,3.66388,3.6551,3.66,4116.0
2026-06-17 11:00:00,3.66004,3.66138,3.65842,3.65902,2631.0
2026-06-17 12:00:00,3.659,3.66104,3.65865,3.65934,1419.0
2026-06-17 13:00:00,3.6594,3.66018,3.65626,3.65724,1813.0
2026-06-17 14:00:00,3.65708,3.67909,3.65708,3.67819,13318.0
2026-06-17 15:00:00,3.67824,3.70266,3.67693,3.69546,10907.0
2026-06-17 16:00:00,3.69555,3.6975,3.69041,3.69174,2115.0
2026-06-17 17:00:00,3.69173,3.69208,3.69096,3.69109,900.0
2026-06-17 18:00:00,3.69099,3.69202,3.68982,3.69082,3257.0
2026-06-17 19:00:00,3.69071,3.69108,3.68932,3.69004,3228.0
2026-06-17 20:00:00,3.69012,3.69084,3.68512,3.68826,2022.0
2026-06-17 21:00:00,3.6884,3.68843,3.68472,3.68748,1222.0
2026-06-17 22:00:00,3.6875,3.68888,3.68613,3.6871,1120.0
2026-06-17 23:00:00,3.68704,3.6871,3.68422,3.68444,833.0
2026-06-18 00:00:00,3.68438,3.68573,3.68288,3.68448,818.0
2026-06-18 01:00:00,3.68445,3.68841,3.68325,3.68804,1930.0
2026-06-18 02:00:00,3.68808,3.68821,3.68026,3.68599,2102.0
2026-06-18 03:00:00,3.68614,3.69519,3.68513,3.6934,3756.0
2026-06-18 04:00:00,3.69335,3.70814,3.69325,3.708,4560.0
2026-06-18 05:00:00,3.70795,3.71384,3.70698,3.7095,5931.0
2026-06-18 06:00:00,3.70955,3.71663,3.70923,3.7161,5734.0
2026-06-18 07:00:00,3.71606,3.71868,3.71398,3.71714,4666.0
2026-06-18 08:00:00,3.71727,3.71942,3.70752,3.71285,5760.0
2026-06-18 09:00:00,3.71287,3.7164,3.70704,3.71022,6626.0
2026-06-18 10:00:00,3.71025,3.71248,3.70632,3.7066,5039.0
2026-06-18 11:00:00,3.70654,3.71476,3.70634,3.7147,3353.0
2026-06-18 12:00:00,3.71468,3.71808,3.71403,3.71647,2900.0
2026-06-18 13:00:00,3.71636,3.71741,3.71284,3.71741,1897.0
2026-06-18 14:00:00,3.71746,3.71955,3.71623,3.71888,2022.0
2026-06-18 15:00:00,3.7188,3.72114,3.71577,3.71702,2925.0
2026-06-18 16:00:00,3.71692,3.71819,3.71462,3.71758,2248.0
2026-06-18 17:00:00,3.71196,3.71653,3.71196,3.71592,1554.0
2026-06-18 18:00:00,3.71576,3.71748,3.71415,3.71533,2525.0
2026-06-18 19:00:00,3.71532,3.71686,3.7146,3.71656,1816.0
2026-06-18 20:00:00,3.71676,3.717,3.71512,3.71654,1401.0
2026-06-18 21:00:00,3.71648,3.72024,3.71577,3.72006,1052.0
2026-06-18 22:00:00,3.72001,3.72063,3.71872,3.71976,905.0
2026-06-18 23:00:00,3.7197,3.72469,3.7197,3.72456,988.0
2026-06-19 00:00:00,3.72466,3.73038,3.72456,3.72997,1303.0
2026-06-19 01:00:00,3.72992,3.73638,3.72778,3.72835,2645.0
2026-06-19 02:00:00,3.72811,3.73178,3.72686,3.72741,1731.0
2026-06-19 03:00:00,3.72748,3.72748,3.72326,3.7244,3068.0
2026-06-19 04:00:00,3.7243,3.72436,3.71606,3.71626,2837.0
2026-06-19 05:00:00,3.71636,3.71882,3.71492,3.71869,2200.0
2026-06-19 06:00:00,3.71878,3.71959,3.71762,3.7186,3994.0
2026-06-19 07:00:00,3.71852,3.71884,3.71566,3.71812,1792.0
2026-06-19 08:00:00,3.71818,3.7185,3.71136,3.71283,3727.0
2026-06-19 09:00:00,3.71276,3.71834,3.71221,3.71705,2847.0
2026-06-19 10:00:00,3.71703,3.71767,3.71185,3.71187,4079.0
2026-06-19 11:00:00,3.71182,3.71538,3.70909,3.71454,1736.0
2026-06-19 12:00:00,3.71455,3.71597,3.71325,3.7146,1182.0
2026-06-19 13:00:00,3.71468,3.71468,3.71135,3.71226,1956.0
2026-06-19 14:00:00,3.7122,3.71257,3.70976,3.71136,1587.0
2026-06-19 15:00:00,3.7114,3.7114,3.70952,3.71024,3636.0
2026-06-19 16:00:00,3.71014,3.71583,3.70996,3.71478,2445.0
2026-06-21 17:00:00,3.70932,3.71808,3.7081,3.71603,1259.0
2026-06-21 18:00:00,3.71484,3.71676,3.7094,3.7157,2578.0
2026-06-21 19:00:00,3.7159,3.71729,3.71436,3.71562,3311.0
2026-06-21 20:00:00,3.71558,3.71762,3.71407,3.71446,3687.0
2026-06-21 21:00:00,3.71434,3.7147,3.71094,3.71465,1902.0
2026-06-21 22:00:00,3.7146,3.71658,3.71354,3.71478,1289.0
2026-06-21 23:00:00,3.71468,3.71872,3.71404,3.71816,925.0
2026-06-22 00:00:00,3.71814,3.7191,3.71712,3.71804,1397.0
2026-06-22 01:00:00,3.71812,3.71873,3.71474,3.7174,1347.0
2026-06-22 02:00:00,3.71753,3.72032,3.71386,3.71525,2668.0
2026-06-22 03:00:00,3.71515,3.72617,3.71497,3.7254,3820.0
2026-06-22 04:00:00,3.72545,3.73006,3.72462,3.72897,3821.0
2026-06-22 05:00:00,3.72895,3.7292,3.72305,3.72685,5606.0
2026-06-22 06:00:00,3.7268,3.72862,3.72474,3.7267,3906.0
2026-06-22 07:00:00,3.72666,3.72778,3.7233,3.72736,3367.0
2026-06-22 08:00:00,3.72735,3.72934,3.72428,3.72926,4950.0
2026-06-22 09:00:00,3.72935,3.73904,3.72922,3.7389,5934.0
2026-06-22 10:00:00,3.73894,3.742,3.73526,3.73704,7348.0
2026-06-22 11:00:00,3.73693,3.73969,3.73394,3.73825,3191.0
2026-06-22 12:00:00,3.7382,3.7424,3.7381,3.74075,2268.0
2026-06-22 13:00:00,3.74078,3.74134,3.73815,3.74034,1624.0
2026-06-22 14:00:00,3.74026,3.7415,3.73935,3.74085,1433.0
2026-06-22 15:00:00,3.74078,3.74201,3.739,3.7395,1579.0
2026-06-22 16:00:00,3.73952,3.74042,3.7382,3.73896,803.0
2026-06-22 17:00:00,3.73885,3.7406,3.73644,3.73814,1080.0
2026-06-22 18:00:00,3.7378,3.7405,3.73635,3.73981,2709.0
2026-06-22 19:00:00,3.73982,3.74038,3.73813,3.74018,2046.0
2026-06-22 20:00:00,3.7401,3.74153,3.73877,3.7398,2647.0
2026-06-22 21:00:00,3.74024,3.74274,3.7398,3.74172,1175.0
2026-06-22 22:00:00,3.74176,3.74308,3.7393,3.74288,1121.0
2026-06-22 23:00:00,3.74282,3.74608,3.74145,3.74158,1037.0
2026-06-23 00:00:00,3.74153,3.74546,3.74138,3.7452,515.0
2026-06-23 01:00:00,3.74522,3.74572,3.74306,3.74314,720.0
2026-06-23 02:00:00,3.74307,3.75034,3.7424,3.74997,1433.0
2026-06-23 03:00:00,3.74999,3.75332,3.7418,3.75185,3075.0
2026-06-23 04:00:00,3.7515,3.75678,3.74982,3.75567,2922.0
2026-06-23 05:00:00,3.75564,3.7568,3.75198,3.75214,1505.0
2026-06-23 06:00:00,3.752,3.76086,3.75042,3.75842,1756.0
2026-06-23 07:00:00,3.75832,3.76302,3.75571,3.76252,1366.0
2026-06-23 08:00:00,3.76255,3.76335,3.75821,3.75977,2626.0
2026-06-23 09:00:00,3.75969,3.76405,3.75854,3.76314,3233.0
2026-06-23 10:00:00,3.7632,3.76558,3.76187,3.7638,5076.0
2026-06-23 11:00:00,3.76378,3.76608,3.76093,3.76208,2221.0
2026-06-23 12:00:00,3.76197,3.76465,3.76179,3.7642,2121.0
2026-06-23 13:00:00,3.76424,3.766,3.76396,3.76577,1326.0
2026-06-23 14:00:00,3.76587,3.76735,3.76528,3.76626,1311.0
2026-06-23 15:00:00,3.76622,3.76626,3.76348,3.76482,1564.0
2026-06-23 16:00:00,3.76483,3.76528,3.7636,3.76375,758.0
2026-06-23 17:00:00,3.76113,3.76275,3.7605,3.76254,1131.0
2026-06-23 18:00:00,3.76126,3.76452,3.7607,3.76206,1651.0
2026-06-23 19:00:00,3.76208,3.76305,3.7608,3.7626,2059.0
2026-06-23 20:00:00,3.76306,3.76624,3.7629,3.76436,1599.0
2026-06-23 21:00:00,3.76436,3.76731,3.76436,3.76465,1107.0
2026-06-23 22:00:00,3.7647,3.76836,3.76409,3.76828,748.0
2026-06-23 23:00:00,3.76834,3.76956,3.76639,3.76696,997.0
2026-06-24 00:00:00,3.76685,3.76846,3.76652,3.76682,604.0
2026-06-24 01:00:00,3.76676,3.7679,3.76534,3.76534,707.0
2026-06-24 02:00:00,3.76532,3.76972,3.7635,3.76907,868.0
2026-06-24 03:00:00,3.76923,3.77685,3.76838,3.77643,1470.0
2026-06-24 04:00:00,3.77644,3.781,3.77478,3.77518,1757.0
2026-06-24 05:00:00,3.7752,3.78036,3.77452,3.78034,1659.0
2026-06-24 06:00:00,3.78024,3.78534,3.78016,3.78444,2253.0
2026-06-24 07:00:00,3.78442,3.78596,3.77696,3.78037,2211.0
2026-06-24 08:00:00,3.7804,3.78699,3.77861,3.78582,2343.0
2026-06-24 09:00:00,3.78574,3.78852,3.77892,3.77978,3167.0
2026-06-24 10:00:00,3.77971,3.78376,3.77594,3.78214,3184.0
2026-06-24 11:00:00,3.78205,3.78262,3.7769,3.78153,2006.0
2026-06-24 12:00:00,3.78153,3.78224,3.77444,3.7777,2168.0
2026-06-24 13:00:00,3.77769,3.7827,3.77726,3.78234,1723.0
2026-06-24 14:00:00,3.7822,3.78246,3.77712,3.77998,1443.0
2026-06-24 15:00:00,3.77988,3.78137,3.7779,3.78083,1616.0
2026-06-24 16:00:00,3.78085,3.78166,3.77136,3.77262,1889.0
2026-06-24 17:00:00,3.76925,3.77637,3.76925,3.77476,2886.0
2026-06-24 18:00:00,3.77478,3.77669,3.77341,3.77635,1142.0
2026-06-24 19:00:00,3.7763,3.77735,3.77518,3.776,1060.0
2026-06-24 20:00:00,3.776,3.77705,3.77361,3.7744,1808.0
2026-06-24 21:00:00,3.7745,3.77472,3.7704,3.77431,1525.0
2026-06-24 22:00:00,3.77432,3.77507,3.7721,3.7738,827.0
2026-06-24 23:00:00,3.7738,3.77393,3.77142,3.77204,645.0
2026-06-25 00:00:00,3.77198,3.77317,3.77044,3.7707,506.0
2026-06-25 01:00:00,3.77068,3.77367,3.77034,3.77342,1229.0
2026-06-25 02:00:00,3.7735,3.77802,3.7725,3.77685,1181.0
2026-06-25 03:00:00,3.77675,3.78021,3.77358,3.77368,1749.0
2026-06-25 04:00:00,3.77364,3.77471,3.76842,3.77214,2179.0
2026-06-25 05:00:00,3.77213,3.7752,3.77034,3.7744,1880.0
2026-06-25 06:00:00,3.77442,3.7791,3.77412,3.77784,1414.0
2026-06-25 07:00:00,3.77781,3.78362,3.77772,3.78202,1919.0
2026-06-25 08:00:00,3.78188,3.78196,3.77036,3.77328,4126.0
2026-06-25 09:00:00,3.77324,3.77483,3.76668,3.76988,4359.0
2026-06-25 10:00:00,3.7698,3.7701,3.76088,3.764,5214.0
2026-06-25 11:00:00,3.76395,3.76595,3.76031,3.76186,2775.0
2026-06-25 12:00:00,3.76186,3.76687,3.76108,3.76654,2044.0
2026-06-25 13:00:00,3.76643,3.76682,3.7642,3.76535,1265.0
2026-06-25 14:00:00,3.7653,3.76748,3.76407,3.76608,1683.0
2026-06-25 15:00:00,3.76598,3.76814,3.76395,3.76758,1662.0
2026-06-25 16:00:00,3.76759,3.76765,3.76514,3.76747,1162.0
2026-06-25 17:00:00,3.76709,3.76798,3.76556,3.76572,927.0
2026-06-25 18:00:00,3.76644,3.76865,3.76541,3.76703,3134.0
2026-06-25 19:00:00,3.76704,3.77095,3.7668,3.77009,2403.0
2026-06-25 20:00:00,3.76996,3.77192,3.7682,3.76976,1284.0
2026-06-25 21:00:00,3.76994,3.7731,3.76776,3.77202,1166.0
2026-06-25 22:00:00,3.77213,3.77481,3.7705,3.77335,1350.0
2026-06-25 23:00:00,3.77326,3.77387,3.76798,3.76814,1324.0
2026-06-26 00:00:00,3.76808,3.77,3.76636,3.76726,1119.0
2026-06-26 01:00:00,3.76733,3.76798,3.7639,3.76525,1090.0
2026-06-26 02:00:00,3.7652,3.76854,3.76422,3.76642,1146.0
2026-06-26 03:00:00,3.76646,3.76938,3.7642,3.76602,1625.0
2026-06-26 04:00:00,3.76622,3.76791,3.75738,3.7601,2504.0
2026-06-26 05:00:00,3.76022,3.76194,3.75408,3.7557,2313.0
2026-06-26 06:00:00,3.75565,3.75783,3.75454,3.75557,1369.0
2026-06-26 07:00:00,3.75556,3.76225,3.755,3.76103,2095.0
2026-06-26 08:00:00,3.76094,3.76154,3.74934,3.75174,2282.0
2026-06-26 09:00:00,3.7516,3.75791,3.75066,3.75358,3574.0
2026-06-26 10:00:00,3.75356,3.76364,3.7522,3.76342,3950.0
2026-06-26 11:00:00,3.7633,3.76398,3.75788,3.76078,2402.0
2026-06-26 12:00:00,3.76064,3.76625,3.7583,3.76498,3018.0
2026-06-26 13:00:00,3.76496,3.7678,3.76401,3.76648,1327.0
2026-06-26 14:00:00,3.76644,3.76704,3.76475,3.76703,985.0
2026-06-26 15:00:00,3.76704,3.76904,3.76516,3.76638,1294.0
2026-06-26 16:00:00,3.76626,3.76885,3.76445,3.76728,2152.0
2026-06-28 17:00:00,3.76366,3.76819,3.76322,3.7675,1133.0
2026-06-28 18:00:00,3.76738,3.76768,3.76514,3.76606,1496.0
2026-06-28 19:00:00,3.76609,3.76734,3.76492,3.76619,1847.0
2026-06-28 20:00:00,3.76618,3.76804,3.7647,3.76674,1072.0
2026-06-28 21:00:00,3.76672,3.76818,3.76506,3.76715,1034.0
2026-06-28 22:00:00,3.76712,3.76782,3.76391,3.76614,949.0
2026-06-28 23:00:00,3.76609,3.76729,3.7654,3.76715,472.0
2026-06-29 00:00:00,3.7671,3.76816,3.76615,3.76632,980.0
2026-06-29 01:00:00,3.7662,3.7662,3.761,3.76112,1765.0
2026-06-29 02:00:00,3.76106,3.76272,3.75382,3.75495,1144.0
2026-06-29 03:00:00,3.755,3.75846,3.75312,3.75845,1607.0
2026-06-29 04:00:00,3.75835,3.76482,3.7574,3.76365,1529.0
2026-06-29 05:00:00,3.76364,3.76511,3.7613,3.76198,1496.0
2026-06-29 06:00:00,3.7621,3.76464,3.76112,3.76174,986.0
2026-06-29 07:00:00,3.7619,3.7619,3.75706,3.75832,1292.0
2026-06-29 08:00:00,3.75838,3.76348,3.75782,3.76089,1559.0
2026-06-29 09:00:00,3.76096,3.76234,3.75901,3.75959,2222.0
2026-06-29 10:00:00,3.7595,3.76222,3.75408,3.75568,4708.0
2026-06-29 11:00:00,3.7557,3.75727,3.75318,3.75386,2065.0
2026-06-29 12:00:00,3.75393,3.75475,3.75209,3.75418,1338.0
2026-06-29 13:00:00,3.75412,3.75515,3.7527,3.75315,1532.0
2026-06-29 14:00:00,3.75314,3.7534,3.75158,3.75276,1215.0
2026-06-29 15:00:00,3.75285,3.75395,3.75224,3.75326,1260.0
2026-06-29 16:00:00,3.75336,3.7546,3.75301,3.75385,710.0
2026-06-29 17:00:00,3.7537,3.75424,3.75207,3.75278,938.0
2026-06-29 18:00:00,3.75294,3.7542,3.75282,3.75336,1585.0
2026-06-29 19:00:00,3.75338,3.75568,3.7532,3.7556,1049.0
2026-06-29 20:00:00,3.75549,3.75882,3.75486,3.75748,1381.0
2026-06-29 21:00:00,3.75733,3.76156,3.75673,3.7609,1727.0
2026-06-29 22:00:00,3.7609,3.76194,3.76018,3.76105,1150.0
2026-06-29 23:00:00,3.761,3.76312,3.7605,3.7626,907.0
2026-06-30 00:00:00,3.76265,3.76553,3.76152,3.76546,852.0
2026-06-30 01:00:00,3.76552,3.7684,3.76458,3.76772,2089.0
2026-06-30 02:00:00,3.7677,3.7682,3.76024,3.7607,1138.0
2026-06-30 03:00:00,3.76055,3.77115,3.75787,3.7711,1887.0
2026-06-30 04:00:00,3.7712,3.77618,3.77064,3.77075,2351.0
2026-06-30 05:00:00,3.7707,3.77462,3.76902,3.77195,1259.0
2026-06-30 06:00:00,3.77194,3.7728,3.76883,3.769,1068.0
2026-06-30 07:00:00,3.76906,3.7732,3.76806,3.76962,1504.0
2026-06-30 08:00:00,3.76955,3.77388,3.76807,3.76975,1665.0
2026-06-30 09:00:00,3.76965,3.77076,3.76636,3.76958,1781.0
2026-06-30 10:00:00,3.76941,3.7721,3.7577,3.75901,5691.0
2026-06-30 11:00:00,3.75898,3.7655,3.75772,3.76494,2556.0
2026-06-30 12:00:00,3.76496,3.76782,3.7647,3.7667,2015.0
2026-06-30 13:00:00,3.76656,3.76656,3.76315,3.7633,1305.0
2026-06-30 14:00:00,3.76325,3.76425,3.7616,3.76332,1794.0
2026-06-30 15:00:00,3.76335,3.76515,3.76166,3.76172,1662.0
2026-06-30 16:00:00,3.76175,3.76415,3.76166,3.76365,546.0
2026-06-30 17:00:00,3.76345,3.76446,3.76299,3.76344,939.0
2026-06-30 18:00:00,3.76344,3.76515,3.76334,3.76456,724.0
2026-06-30 19:00:00,3.76456,3.7669,3.76435,3.76655,1036.0
2026-06-30 20:00:00,3.76665,3.76968,3.76619,3.76917,1066.0
2026-06-30 21:00:00,3.76922,3.77192,3.769,3.7712,1170.0
2026-06-30 22:00:00,3.77109,3.77206,3.76998,3.77116,2038.0
2026-06-30 23:00:00,3.77114,3.77205,3.76996,3.7712,951.0
2026-07-01 00:00:00,3.77115,3.772,3.76914,3.76982,1202.0
2026-07-01 01:00:00,3.76978,3.77105,3.7681,3.76991,2022.0
2026-07-01 02:00:00,3.76982,3.77472,3.76818,3.77355,1301.0
2026-07-01 03:00:00,3.7736,3.77864,3.77254,3.77295,2527.0
2026-07-01 04:00:00,3.773,3.77426,3.76918,3.77136,1476.0
2026-07-01 05:00:00,3.77138,3.7736,3.7668,3.77074,1344.0
2026-07-01 06:00:00,3.77068,3.77148,3.76567,3.76657,846.0
2026-07-01 07:00:00,3.76648,3.77362,3.7662,3.77286,1612.0
2026-07-01 08:00:00,3.77282,3.77864,3.77176,3.7774,2246.0
2026-07-01 09:00:00,3.77728,3.78002,3.75984,3.76762,6154.0
2026-07-01 10:00:00,3.76668,3.76897,3.763,3.76518,4419.0
2026-07-01 11:00:00,3.7651,3.77062,3.76498,3.76834,2695.0
2026-07-01 12:00:00,3.76838,3.77047,3.76495,3.7696,2709.0
2026-07-01 13:00:00,3.7696,3.7712,3.76865,3.77068,2110.0
2026-07-01 14:00:00,3.77063,3.77316,3.77015,3.77125,1413.0
2026-07-01 15:00:00,3.7713,3.77235,3.77066,3.77188,1321.0
2026-07-01 16:00:00,3.77194,3.77418,3.77169,3.77285,785.0
2026-07-01 17:00:00,3.77257,3.77312,3.77185,3.77204,634.0
2026-07-01 18:00:00,3.77203,3.77455,3.7714,3.7721,678.0
2026-07-01 19:00:00,3.77211,3.77314,3.77196,3.77282,888.0
2026-07-01 20:00:00,3.77287,3.77424,3.77122,3.77316,941.0
2026-07-01 21:00:00,3.77322,3.77324,3.76927,3.77092,1219.0
2026-07-01 22:00:00,3.77098,3.77098,3.76787,3.7705,1260.0
2026-07-01 23:00:00,3.77044,3.77172,3.76955,3.76955,1192.0
2026-07-02 00:00:00,3.76946,3.76963,3.7678,3.76837,1417.0
2026-07-02 01:00:00,3.76833,3.7697,3.76693,3.76799,1422.0
2026-07-02 02:00:00,3.76802,3.76998,3.76422,3.76805,1409.0
2026-07-02 03:00:00,3.768,3.77055,3.76446,3.76585,1599.0
2026-07-02 04:00:00,3.7659,3.76604,3.7567,3.75702,2074.0
2026-07-02 05:00:00,3.75714,3.76078,3.75634,3.76078,1176.0
2026-07-02 06:00:00,3.76092,3.7633,3.75928,3.75952,956.0
2026-07-02 07:00:00,3.75944,3.76338,3.7583,3.7623,998.0
2026-07-02 08:00:00,3.76239,3.76652,3.7354,3.7422,7533.0
2026-07-02 09:00:00,3.74227,3.74518,3.73893,3.74056,5699.0
2026-07-02 10:00:00,3.74041,3.74672,3.73826,3.7426,4054.0
2026-07-02 11:00:00,3.74262,3.74564,3.74122,3.74405,2628.0
2026-07-02 12:00:00,3.74398,3.7496,3.74375,3.74866,2639.0
2026-07-02 13:00:00,3.74876,3.75288,3.74876,3.75185,2319.0
2026-07-02 14:00:00,3.7518,3.75198,3.74913,3.7505,1486.0
2026-07-02 15:00:00,3.75055,3.7527,3.75015,3.75104,1718.0
2026-07-02 16:00:00,3.751,3.75228,3.75028,3.75092,991.0
2026-07-02 17:00:00,3.75196,3.75244,3.74962,3.75028,1037.0
2026-07-02 18:00:00,3.7503,3.75215,3.74935,3.7515,1518.0
2026-07-02 19:00:00,3.75146,3.7543,3.7513,3.7541,1509.0
2026-07-02 20:00:00,3.754,3.75588,3.75098,3.75114,1660.0
2026-07-02 21:00:00,3.75098,3.7512,3.7458,3.7484,2918.0
2026-07-02 22:00:00,3.74845,3.74906,3.7457,3.748,1658.0
2026-07-02 23:00:00,3.74805,3.74887,3.74725,3.74742,965.0
2026-07-03 00:00:00,3.74758,3.74801,3.7446,3.74492,922.0
2026-07-03 01:00:00,3.74487,3.74487,3.742,3.74295,2143.0
2026-07-03 02:00:00,3.74276,3.74363,3.7387,3.74214,1229.0
2026-07-03 03:00:00,3.74214,3.74338,3.73794,3.7395,1583.0
2026-07-03 04:00:00,3.7394,3.74298,3.7389,3.74232,828.0
2026-07-03 05:00:00,3.74244,3.74684,3.74244,3.74658,900.0
2026-07-03 06:00:00,3.74667,3.7467,3.74224,3.74338,769.0
2026-07-03 07:00:00,3.74321,3.74356,3.7396,3.7417,824.0
2026-07-03 08:00:00,3.7415,3.7441,3.74068,3.74404,628.0
2026-07-03 09:00:00,3.74388,3.74732,3.7435,3.74588,694.0
2026-07-03 10:00:00,3.74578,3.74737,3.74386,3.74737,663.0
2026-07-03 11:00:00,3.74734,3.75039,3.74666,3.74936,655.0
2026-07-03 12:00:00,3.74936,3.75012,3.74825,3.74829,832.0
2026-07-03 13:00:00,3.74824,3.74847,3.74738,3.74793,666.0
2026-07-03 14:00:00,3.7479,3.749,3.74755,3.74844,652.0
2026-07-03 15:00:00,3.74849,3.75082,3.74819,3.75036,560.0
2026-07-03 16:00:00,3.75038,3.75314,3.75038,3.7516,1671.0
2026-07-05 17:00:00,3.74986,3.75358,3.74924,3.75267,650.0
2026-07-05 18:00:00,3.75222,3.75344,3.75194,3.75285,1446.0
2026-07-05 19:00:00,3.75288,3.7542,3.75204,3.75226,1531.0
2026-07-05 20:00:00,3.75223,3.75419,3.7506,3.7513,1492.0
2026-07-05 21:00:00,3.75136,3.75635,3.7513,3.75626,1580.0
2026-07-05 22:00:00,3.75626,3.75666,3.7542,3.75458,1317.0
2026-07-05 23:00:00,3.75462,3.75662,3.75396,3.7553,914.0
2026-07-06 00:00:00,3.7554,3.7554,3.75344,3.75396,557.0
2026-07-06 01:00:00,3.7539,3.7561,3.75317,3.7556,1327.0
2026-07-06 02:00:00,3.75537,3.75722,3.752,3.7555,1226.0
2026-07-06 03:00:00,3.75555,3.75821,3.75219,3.75238,1419.0
2026-07-06 04:00:00,3.7523,3.7551,3.75209,3.7541,1606.0
2026-07-06 05:00:00,3.75415,3.75887,3.75415,3.75839,1169.0
2026-07-06 06:00:00,3.75828,3.7599,3.75606,3.7566,1513.0
2026-07-06 07:00:00,3.7566,3.7583,3.75526,3.75688,1042.0
2026-07-06 08:00:00,3.75683,3.75852,3.75476,3.75776,1182.0
2026-07-06 09:00:00,3.75795,3.7612,3.75476,3.76034,2040.0
2026-07-06 10:00:00,3.7604,3.76095,3.7571,3.75878,2214.0
2026-07-06 11:00:00,3.75871,3.759,3.75482,3.7551,1983.0
2026-07-06 12:00:00,3.75496,3.75575,3.75309,3.75358,1403.0
2026-07-06 13:00:00,3.75352,3.75362,3.74946,3.75026,1281.0
2026-07-06 14:00:00,3.75025,3.75075,3.7475,3.74815,983.0
2026-07-06 15:00:00,3.74825,3.74974,3.74815,3.74831,1686.0
2026-07-06 16:00:00,3.74835,3.74954,3.74733,3.74855,818.0
2026-07-06 17:00:00,3.74851,3.74898,3.74698,3.74722,1601.0
2026-07-06 18:00:00,3.74705,3.7482,3.74684,3.74705,738.0
2026-07-06 19:00:00,3.74704,3.7487,3.74623,3.74824,1415.0
2026-07-06 20:00:00,3.74834,3.75,3.74802,3.74974,681.0
2026-07-06 21:00:00,3.74966,3.75005,3.7463,3.74774,1603.0
2026-07-06 22:00:00,3.74768,3.7493,3.7474,3.74925,1020.0
2026-07-06 23:00:00,3.7492,3.7506,3.74815,3.75059,864.0
2026-07-07 00:00:00,3.75051,3.75114,3.74956,3.75111,645.0
2026-07-07 01:00:00,3.7511,3.7548,3.75066,3.7534,1518.0
2026-07-07 02:00:00,3.75335,3.75539,3.75207,3.75428,934.0
2026-07-07 03:00:00,3.75428,3.7598,3.75428,3.75873,1438.0
2026-07-07 04:00:00,3.75884,3.75917,3.75324,3.75729,1262.0
2026-07-07 05:00:00,3.75724,3.75854,3.75586,3.75838,760.0
2026-07-07 06:00:00,3.75839,3.75926,3.75483,3.7549,720.0
2026-07-07 07:00:00,3.75484,3.75798,3.753,3.75453,765.0
2026-07-07 08:00:00,3.75444,3.75544,3.7511,3.75391,1737.0
2026-07-07 09:00:00,3.75382,3.75651,3.75242,3.75521,1800.0
2026-07-07 10:00:00,3.75507,3.76085,3.75416,3.75986,3039.0
2026-07-07 11:00:00,3.7599,3.76268,3.75917,3.76242,1834.0
