Timestamp,Open,High,Low,Close,Volume
2026-03-10 04:00:00,1.27101,1.27284,1.27086,1.27267,3930.0
2026-03-10 05:00:00,1.2727,1.27278,1.27171,1.27226,2983.0
2026-03-10 06:00:00,1.27234,1.27354,1.27174,1.27212,5060.0
2026-03-10 07:00:00,1.2721,1.27232,1.27114,1.27196,5964.0
2026-03-10 08:00:00,1.27198,1.27342,1.2719,1.27241,6118.0
2026-03-10 09:00:00,1.27242,1.27283,1.2717,1.2725,5051.0
2026-03-10 10:00:00,1.2725,1.27283,1.27063,1.27079,4670.0
2026-03-10 11:00:00,1.27076,1.27127,1.27022,1.27062,4336.0
2026-03-10 12:00:00,1.27062,1.27134,1.27032,1.27042,5347.0
2026-03-10 13:00:00,1.27042,1.27102,1.2694,1.27068,5965.0
2026-03-10 14:00:00,1.27066,1.2733,1.27048,1.27254,7615.0
2026-03-10 15:00:00,1.27252,1.27412,1.27228,1.27336,4926.0
2026-03-10 16:00:00,1.27335,1.27384,1.27285,1.27285,698.0
2026-03-10 17:00:00,1.27279,1.27394,1.27279,1.27362,424.0
2026-03-10 18:00:00,1.27362,1.274,1.2734,1.27392,822.0
2026-03-10 19:00:00,1.27387,1.27394,1.2732,1.27331,779.0
2026-03-10 20:00:00,1.27329,1.2736,1.272,1.27266,3754.0
2026-03-10 21:00:00,1.27266,1.2731,1.27169,1.27209,5787.0
2026-03-10 22:00:00,1.27208,1.27258,1.2713,1.27166,6110.0
2026-03-10 23:00:00,1.27168,1.27188,1.2711,1.27119,2443.0
2026-03-11 00:00:00,1.2712,1.27146,1.2707,1.27072,3226.0
2026-03-11 01:00:00,1.27071,1.27119,1.2706,1.2707,5889.0
2026-03-11 02:00:00,1.2707,1.27135,1.27034,1.27118,5329.0
2026-03-11 03:00:00,1.27116,1.27277,1.27082,1.27232,6145.0
2026-03-11 04:00:00,1.27232,1.27354,1.2721,1.27272,5525.0
2026-03-11 05:00:00,1.27269,1.27394,1.2726,1.27373,5590.0
2026-03-11 06:00:00,1.27372,1.27376,1.27224,1.27234,4236.0
2026-03-11 07:00:00,1.27236,1.2732,1.27222,1.27318,5541.0
2026-03-11 08:00:00,1.27322,1.27466,1.27243,1.27454,4411.0
2026-03-11 09:00:00,1.27452,1.27462,1.27234,1.27234,5337.0
2026-03-11 10:00:00,1.27237,1.27291,1.27115,1.27266,6845.0
2026-03-11 11:00:00,1.27264,1.27434,1.27248,1.27432,5238.0
2026-03-11 12:00:00,1.27432,1.27464,1.27366,1.27392,3858.0
2026-03-11 13:00:00,1.2739,1.27492,1.27368,1.27426,4510.0
2026-03-11 14:00:00,1.27426,1.27478,1.27382,1.2741,4290.0
2026-03-11 15:00:00,1.27408,1.27438,1.27374,1.27395,3735.0
2026-03-11 16:00:00,1.27394,1.27464,1.27394,1.2744,469.0
2026-03-11 17:00:00,1.27432,1.27462,1.27384,1.2742,3084.0
2026-03-11 18:00:00,1.27404,1.27519,1.274,1.27513,2318.0
2026-03-11 19:00:00,1.27512,1.27638,1.27502,1.27576,2268.0
2026-03-11 20:00:00,1.27576,1.27674,1.27502,1.27531,3872.0
2026-03-11 21:00:00,1.27538,1.27555,1.27422,1.2749,4837.0
2026-03-11 22:00:00,1.27486,1.2765,1.27456,1.27588,4937.0
2026-03-11 23:00:00,1.27587,1.27652,1.27571,1.27622,3887.0
2026-03-12 00:00:00,1.2762,1.27674,1.27604,1.2767,2078.0
2026-03-12 01:00:00,1.27668,1.27672,1.27542,1.27622,4329.0
2026-03-12 02:00:00,1.2762,1.27634,1.27527,1.27552,3215.0
2026-03-12 03:00:00,1.27549,1.27604,1.27505,1.27511,4231.0
2026-03-12 04:00:00,1.27512,1.27601,1.27443,1.27591,4903.0
2026-03-12 05:00:00,1.2759,1.27614,1.2745,1.27462,3494.0
2026-03-12 06:00:00,1.27463,1.27537,1.27444,1.27502,2595.0
2026-03-12 07:00:00,1.27504,1.27518,1.27414,1.27488,2715.0
2026-03-12 08:00:00,1.27486,1.27608,1.27481,1.27572,2690.0
2026-03-12 09:00:00,1.2757,1.27756,1.27496,1.27722,4813.0
2026-03-12 10:00:00,1.27723,1.2785,1.2768,1.27793,5312.0
2026-03-12 11:00:00,1.27794,1.27898,1.27738,1.27806,6036.0
2026-03-12 12:00:00,1.2781,1.27873,1.27712,1.27814,4449.0
2026-03-12 13:00:00,1.27814,1.27852,1.27728,1.27831,2997.0
2026-03-12 14:00:00,1.2783,1.27929,1.27805,1.27926,1729.0
2026-03-12 15:00:00,1.27927,1.27935,1.27872,1.27921,2330.0
2026-03-12 16:00:00,1.27922,1.27936,1.27845,1.27891,357.0
2026-03-12 17:00:00,1.27831,1.2788,1.27805,1.2785,765.0
2026-03-12 18:00:00,1.27824,1.27948,1.27804,1.27912,1244.0
2026-03-12 19:00:00,1.27912,1.27926,1.27835,1.27858,2078.0
2026-03-12 20:00:00,1.27862,1.27866,1.27792,1.27818,2030.0
2026-03-12 21:00:00,1.27816,1.27876,1.2776,1.27864,5223.0
2026-03-12 22:00:00,1.27861,1.27902,1.27776,1.27868,4074.0
2026-03-12 23:00:00,1.2787,1.27952,1.27855,1.27883,3509.0
2026-03-13 00:00:00,1.27886,1.27994,1.27875,1.27946,4113.0
2026-03-13 01:00:00,1.27943,1.27966,1.2791,1.27966,3185.0
2026-03-13 02:00:00,1.27963,1.28063,1.27924,1.28003,4186.0
2026-03-13 03:00:00,1.28009,1.28164,1.27995,1.28127,3312.0
2026-03-13 04:00:00,1.28128,1.282,1.2804,1.2804,3947.0
2026-03-13 05:00:00,1.28042,1.28097,1.27992,1.28096,2853.0
2026-03-13 06:00:00,1.28096,1.28118,1.2798,1.28058,3266.0
2026-03-13 07:00:00,1.2806,1.28086,1.27952,1.27953,3441.0
2026-03-13 08:00:00,1.27952,1.28018,1.27885,1.27934,4588.0
2026-03-13 09:00:00,1.27934,1.2799,1.2786,1.27915,4489.0
2026-03-13 10:00:00,1.27917,1.28124,1.27892,1.28105,5035.0
2026-03-13 11:00:00,1.28108,1.28269,1.28068,1.28266,5630.0
2026-03-13 12:00:00,1.28267,1.28295,1.28207,1.28258,5342.0
2026-03-13 13:00:00,1.28258,1.28293,1.28224,1.28284,2199.0
2026-03-13 14:00:00,1.28284,1.28332,1.2826,1.28301,1923.0
2026-03-13 15:00:00,1.28298,1.28381,1.2829,1.2838,778.0
2026-03-13 16:00:00,1.28376,1.28437,1.283,1.28338,344.0
2026-03-15 17:00:00,1.28349,1.28365,1.28266,1.28274,1195.0
2026-03-15 18:00:00,1.28282,1.28358,1.28242,1.28297,1256.0
2026-03-15 19:00:00,1.28298,1.28324,1.28242,1.28247,3277.0
2026-03-15 20:00:00,1.28244,1.28244,1.28104,1.28106,1728.0
2026-03-15 21:00:00,1.28105,1.28216,1.28098,1.28114,1998.0
2026-03-15 22:00:00,1.28112,1.28151,1.28102,1.2815,1264.0
2026-03-15 23:00:00,1.28149,1.28176,1.2811,1.28115,1466.0
2026-03-16 00:00:00,1.28114,1.28191,1.2811,1.28174,895.0
2026-03-16 01:00:00,1.28173,1.28182,1.28136,1.28155,1326.0
2026-03-16 02:00:00,1.28152,1.28208,1.28116,1.2815,1309.0
2026-03-16 03:00:00,1.28151,1.28276,1.2812,1.28195,2223.0
2026-03-16 04:00:00,1.28193,1.28216,1.28076,1.28092,3013.0
2026-03-16 05:00:00,1.28094,1.28114,1.28032,1.28068,2524.0
2026-03-16 06:00:00,1.28068,1.28083,1.279,1.27902,2202.0
2026-03-16 07:00:00,1.27902,1.27924,1.27848,1.27897,1940.0
2026-03-16 08:00:00,1.27896,1.27916,1.2784,1.2791,2776.0
2026-03-16 09:00:00,1.27906,1.27906,1.2773,1.27736,2726.0
2026-03-16 10:00:00,1.27736,1.27878,1.2772,1.27825,3956.0
2026-03-16 11:00:00,1.27824,1.2794,1.27796,1.27918,2976.0
2026-03-16 12:00:00,1.2792,1.27989,1.27854,1.2789,4412.0
2026-03-16 13:00:00,1.2789,1.27904,1.27796,1.27882,4325.0
2026-03-16 14:00:00,1.2788,1.2788,1.27692,1.27718,3293.0
2026-03-16 15:00:00,1.27714,1.2777,1.27678,1.27748,2081.0
2026-03-16 16:00:00,1.27744,1.278,1.2773,1.27785,371.0
2026-03-16 17:00:00,1.27905,1.28028,1.2779,1.27859,1351.0
2026-03-16 18:00:00,1.27794,1.27903,1.2778,1.27804,649.0
2026-03-16 19:00:00,1.27805,1.27852,1.27804,1.27833,1095.0
2026-03-16 20:00:00,1.27832,1.27892,1.27832,1.27867,1799.0
2026-03-16 21:00:00,1.27869,1.2791,1.2783,1.27852,1553.0
2026-03-16 22:00:00,1.27851,1.2786,1.278,1.27855,1472.0
2026-03-16 23:00:00,1.27854,1.27898,1.27802,1.27884,1899.0
2026-03-17 00:00:00,1.27886,1.2793,1.2781,1.27821,1460.0
2026-03-17 01:00:00,1.27823,1.27941,1.278,1.27938,2123.0
2026-03-17 02:00:00,1.27938,1.27994,1.2791,1.27912,2135.0
2026-03-17 03:00:00,1.27912,1.27936,1.2781,1.27873,2427.0
2026-03-17 04:00:00,1.27872,1.27913,1.27766,1.2778,3412.0
2026-03-17 05:00:00,1.27778,1.27825,1.27721,1.27778,2437.0
2026-03-17 06:00:00,1.2778,1.2786,1.2777,1.27824,2939.0
2026-03-17 07:00:00,1.27822,1.27834,1.27741,1.27796,2630.0
2026-03-17 08:00:00,1.27796,1.27824,1.27719,1.2772,3092.0
2026-03-17 09:00:00,1.27721,1.27721,1.2761,1.27669,3854.0
2026-03-17 10:00:00,1.27671,1.27723,1.27614,1.27662,3449.0
2026-03-17 11:00:00,1.27662,1.2776,1.27616,1.27707,3787.0
2026-03-17 12:00:00,1.27704,1.27764,1.27641,1.27674,3613.0
2026-03-17 13:00:00,1.27676,1.27691,1.276,1.27602,1826.0
2026-03-17 14:00:00,1.27602,1.2764,1.27581,1.27631,685.0
2026-03-17 15:00:00,1.2763,1.2766,1.27608,1.27644,892.0
2026-03-17 16:00:00,1.2764,1.27675,1.27604,1.27636,761.0
2026-03-17 17:00:00,1.27664,1.2768,1.27646,1.27653,374.0
2026-03-17 18:00:00,1.27654,1.27692,1.27604,1.27651,2223.0
2026-03-17 19:00:00,1.27652,1.27662,1.27624,1.2763,1232.0
2026-03-17 20:00:00,1.27632,1.27705,1.27592,1.27656,1293.0
2026-03-17 21:00:00,1.27656,1.27671,1.27593,1.27642,1414.0
2026-03-17 22:00:00,1.27642,1.27684,1.27614,1.27676,1225.0
2026-03-17 23:00:00,1.27675,1.27696,1.27645,1.27662,1562.0
2026-03-18 00:00:00,1.27662,1.27662,1.27611,1.27626,1193.0
2026-03-18 01:00:00,1.27628,1.27628,1.27592,1.27594,863.0
2026-03-18 02:00:00,1.27591,1.27638,1.27563,1.27624,1329.0
2026-03-18 03:00:00,1.27626,1.27712,1.27588,1.27675,2087.0
2026-03-18 04:00:00,1.27677,1.27763,1.27662,1.27694,2250.0
2026-03-18 05:00:00,1.27696,1.27738,1.27643,1.27643,1295.0
2026-03-18 06:00:00,1.27641,1.27705,1.27633,1.27682,1085.0
2026-03-18 07:00:00,1.27686,1.27782,1.2761,1.277,3223.0
2026-03-18 08:00:00,1.27699,1.2808,1.27696,1.28062,6414.0
2026-03-18 09:00:00,1.28062,1.28182,1.27986,1.27986,4469.0
2026-03-18 10:00:00,1.2798,1.28095,1.27915,1.28001,4296.0
2026-03-18 11:00:00,1.28,1.28002,1.27906,1.27992,3091.0
2026-03-18 12:00:00,1.27993,1.2803,1.27936,1.27994,3374.0
2026-03-18 13:00:00,1.27997,1.28048,1.27962,1.27988,2318.0
2026-03-18 14:00:00,1.27934,1.28234,1.27868,1.28234,4358.0
2026-03-18 15:00:00,1.2823,1.28311,1.28182,1.2831,2222.0
2026-03-18 16:00:00,1.28308,1.28424,1.28282,1.28388,582.0
2026-03-18 17:00:00,1.28347,1.28371,1.28322,1.28344,704.0
2026-03-18 18:00:00,1.28344,1.28404,1.28294,1.2838,669.0
2026-03-18 19:00:00,1.28378,1.28402,1.28332,1.28348,2279.0
2026-03-18 20:00:00,1.2835,1.2836,1.28236,1.2824,1821.0
2026-03-18 21:00:00,1.28242,1.28266,1.28175,1.2822,1624.0
2026-03-18 22:00:00,1.28222,1.28272,1.28092,1.28185,1851.0
2026-03-18 23:00:00,1.28186,1.28258,1.28145,1.28256,1221.0
2026-03-19 00:00:00,1.28258,1.28301,1.28252,1.28283,1434.0
2026-03-19 01:00:00,1.28283,1.28311,1.2825,1.28311,764.0
2026-03-19 02:00:00,1.28316,1.28342,1.28244,1.28295,2377.0
2026-03-19 03:00:00,1.28296,1.28369,1.28252,1.28344,4004.0
2026-03-19 04:00:00,1.28343,1.28402,1.28275,1.28344,5155.0
2026-03-19 05:00:00,1.28342,1.28344,1.28194,1.28218,6143.0
2026-03-19 06:00:00,1.28222,1.2831,1.28218,1.28284,4010.0
2026-03-19 07:00:00,1.28283,1.28355,1.28256,1.28283,2794.0
2026-03-19 08:00:00,1.28282,1.28458,1.28272,1.28297,5920.0
2026-03-19 09:00:00,1.28298,1.28387,1.28056,1.28107,7530.0
2026-03-19 10:00:00,1.28119,1.28178,1.2798,1.28084,7527.0
2026-03-19 11:00:00,1.28087,1.2823,1.2796,1.28094,6901.0
2026-03-19 12:00:00,1.28096,1.28116,1.27967,1.27996,6584.0
2026-03-19 13:00:00,1.27994,1.2803,1.27859,1.27894,3549.0
2026-03-19 14:00:00,1.27895,1.27942,1.27782,1.27786,2637.0
2026-03-19 15:00:00,1.27784,1.27787,1.27522,1.27733,6736.0
2026-03-19 16:00:00,1.27732,1.27764,1.27696,1.27722,892.0
2026-03-19 17:00:00,1.27762,1.27786,1.27726,1.27734,442.0
2026-03-19 18:00:00,1.27732,1.2779,1.27688,1.27782,884.0
2026-03-19 19:00:00,1.2778,1.27809,1.27748,1.27794,1056.0
2026-03-19 20:00:00,1.27797,1.27813,1.2775,1.2777,1873.0
2026-03-19 21:00:00,1.27772,1.27844,1.27708,1.27811,2920.0
2026-03-19 22:00:00,1.27806,1.279,1.27804,1.279,2075.0
2026-03-19 23:00:00,1.279,1.27984,1.27898,1.27972,1521.0
2026-03-20 00:00:00,1.27975,1.28014,1.2795,1.28004,989.0
2026-03-20 01:00:00,1.28006,1.2804,1.27964,1.2801,1243.0
2026-03-20 02:00:00,1.2801,1.28024,1.27949,1.28007,1650.0
2026-03-20 03:00:00,1.28009,1.28054,1.2781,1.27828,3906.0
2026-03-20 04:00:00,1.27828,1.2789,1.27793,1.27886,4011.0
2026-03-20 05:00:00,1.27885,1.28048,1.27861,1.28022,3659.0
2026-03-20 06:00:00,1.2802,1.28119,1.2798,1.2799,4151.0
2026-03-20 07:00:00,1.2799,1.28006,1.27836,1.27876,4036.0
2026-03-20 08:00:00,1.27876,1.27958,1.27832,1.27944,6407.0
2026-03-20 09:00:00,1.27942,1.28178,1.27926,1.2817,5378.0
2026-03-20 10:00:00,1.28172,1.28282,1.28131,1.2823,5497.0
2026-03-20 11:00:00,1.28228,1.28243,1.28085,1.28238,4388.0
2026-03-20 12:00:00,1.28236,1.28251,1.28083,1.2813,3188.0
2026-03-20 13:00:00,1.28128,1.28208,1.28064,1.28149,3860.0
2026-03-20 14:00:00,1.28146,1.28278,1.2811,1.28258,2318.0
2026-03-20 15:00:00,1.28255,1.28288,1.28172,1.28232,1815.0
2026-03-20 16:00:00,1.28234,1.2828,1.28202,1.28236,706.0
2026-03-22 17:00:00,1.28112,1.28262,1.28084,1.28248,1138.0
2026-03-22 18:00:00,1.28244,1.28284,1.28188,1.2825,1144.0
2026-03-22 19:00:00,1.28248,1.28254,1.28166,1.28182,1822.0
2026-03-22 20:00:00,1.28182,1.28353,1.28142,1.283,3046.0
2026-03-22 21:00:00,1.28301,1.28301,1.2821,1.28255,3973.0
2026-03-22 22:00:00,1.28254,1.2836,1.28221,1.28315,3395.0
2026-03-22 23:00:00,1.28314,1.2835,1.28276,1.28306,2319.0
2026-03-23 00:00:00,1.28304,1.28308,1.28263,1.28268,1409.0
2026-03-23 01:00:00,1.28264,1.28368,1.28251,1.28364,2037.0
2026-03-23 02:00:00,1.28364,1.28438,1.2835,1.28354,2529.0
2026-03-23 03:00:00,1.28354,1.28396,1.28292,1.28382,5831.0
2026-03-23 04:00:00,1.2838,1.2838,1.28245,1.28362,5600.0
2026-03-23 05:00:00,1.28358,1.28585,1.28336,1.28538,4359.0
2026-03-23 06:00:00,1.28538,1.28653,1.28514,1.2864,5366.0
2026-03-23 07:00:00,1.28639,1.28639,1.27563,1.27914,28745.0
2026-03-23 08:00:00,1.27916,1.28016,1.27446,1.27466,18986.0
2026-03-23 09:00:00,1.27458,1.27706,1.27435,1.27504,11617.0
2026-03-23 10:00:00,1.27504,1.27606,1.27291,1.27436,6832.0
2026-03-23 11:00:00,1.27437,1.27762,1.27308,1.27753,7173.0
2026-03-23 12:00:00,1.27752,1.27828,1.276,1.27671,5627.0
2026-03-23 13:00:00,1.2767,1.27702,1.27501,1.2755,3474.0
2026-03-23 14:00:00,1.27545,1.27626,1.27328,1.27356,3197.0
2026-03-23 15:00:00,1.27357,1.27492,1.27352,1.27481,1762.0
2026-03-23 16:00:00,1.27484,1.27507,1.27466,1.27475,417.0
2026-03-23 17:00:00,1.27367,1.27446,1.27367,1.27446,552.0
2026-03-23 18:00:00,1.2745,1.27478,1.27382,1.27459,1043.0
2026-03-23 19:00:00,1.27455,1.27546,1.27424,1.27528,1538.0
2026-03-23 20:00:00,1.27528,1.27819,1.27512,1.27751,4424.0
2026-03-23 21:00:00,1.2775,1.27887,1.27732,1.27854,3627.0
2026-03-23 22:00:00,1.27858,1.27884,1.27778,1.27824,3198.0
2026-03-23 23:00:00,1.27822,1.27928,1.27798,1.27904,2732.0
2026-03-24 00:00:00,1.27904,1.27982,1.27903,1.27923,1578.0
2026-03-24 01:00:00,1.27922,1.27976,1.27856,1.27867,2841.0
2026-03-24 02:00:00,1.27868,1.27906,1.2783,1.27834,2699.0
2026-03-24 03:00:00,1.27833,1.27852,1.27606,1.2776,3642.0
2026-03-24 04:00:00,1.27762,1.27943,1.27756,1.27894,3949.0
2026-03-24 05:00:00,1.27894,1.27999,1.27866,1.27886,4032.0
2026-03-24 06:00:00,1.27884,1.27948,1.27876,1.27883,2462.0
2026-03-24 07:00:00,1.27885,1.28048,1.27842,1.27942,4287.0
2026-03-24 08:00:00,1.27942,1.2803,1.27906,1.27993,3229.0
2026-03-24 09:00:00,1.27992,1.28118,1.27925,1.27989,6913.0
2026-03-24 10:00:00,1.2799,1.27994,1.27801,1.27889,8002.0
2026-03-24 11:00:00,1.27888,1.27999,1.27836,1.27983,5928.0
2026-03-24 12:00:00,1.27989,1.28026,1.2791,1.27978,3909.0
2026-03-24 13:00:00,1.27977,1.28183,1.27974,1.28036,5381.0
2026-03-24 14:00:00,1.28038,1.28112,1.27906,1.27995,3666.0
2026-03-24 15:00:00,1.27989,1.27992,1.27906,1.27981,1511.0
2026-03-24 16:00:00,1.27982,1.28007,1.27657,1.2778,2816.0
2026-03-24 17:00:00,1.27794,1.27846,1.27794,1.27817,521.0
2026-03-24 18:00:00,1.27816,1.27875,1.2776,1.27766,1550.0
2026-03-24 19:00:00,1.27768,1.27811,1.27738,1.27746,1482.0
2026-03-24 20:00:00,1.27746,1.27788,1.27682,1.27696,3012.0
2026-03-24 21:00:00,1.27698,1.27776,1.27684,1.27776,2663.0
2026-03-24 22:00:00,1.27774,1.2789,1.27766,1.27881,2424.0
2026-03-24 23:00:00,1.27882,1.27892,1.2785,1.27876,794.0
2026-03-25 00:00:00,1.27876,1.27916,1.27876,1.27906,737.0
2026-03-25 01:00:00,1.27908,1.27962,1.27908,1.27937,1175.0
2026-03-25 02:00:00,1.27936,1.27988,1.27924,1.27938,1848.0
2026-03-25 03:00:00,1.27942,1.28034,1.27874,1.27997,2673.0
2026-03-25 04:00:00,1.27996,1.28055,1.27827,1.27888,4240.0
2026-03-25 05:00:00,1.27886,1.28016,1.27849,1.2796,3048.0
2026-03-25 06:00:00,1.27959,1.28006,1.27908,1.27914,2617.0
2026-03-25 07:00:00,1.27916,1.27959,1.2784,1.27842,2552.0
2026-03-25 08:00:00,1.2784,1.28002,1.27793,1.27954,5509.0
2026-03-25 09:00:00,1.27954,1.28088,1.27884,1.28078,5287.0
2026-03-25 10:00:00,1.28078,1.28116,1.27898,1.27932,5886.0
2026-03-25 11:00:00,1.27932,1.28104,1.2791,1.28026,4761.0
2026-03-25 12:00:00,1.28026,1.28098,1.2796,1.28022,3900.0
2026-03-25 13:00:00,1.28022,1.28048,1.27938,1.27996,2928.0
2026-03-25 14:00:00,1.27996,1.28138,1.27966,1.28096,2524.0
2026-03-25 15:00:00,1.28098,1.28155,1.28092,1.28117,1538.0
2026-03-25 16:00:00,1.28116,1.2816,1.28099,1.28148,282.0
2026-03-25 17:00:00,1.28147,1.28166,1.2812,1.28129,191.0
2026-03-25 18:00:00,1.28128,1.28152,1.28096,1.28138,782.0
2026-03-25 19:00:00,1.28139,1.28162,1.28102,1.28126,1216.0
2026-03-25 20:00:00,1.28124,1.28204,1.28092,1.28168,1459.0
2026-03-25 21:00:00,1.28166,1.28204,1.28125,1.28162,1487.0
2026-03-25 22:00:00,1.28162,1.28272,1.28153,1.28268,1148.0
2026-03-25 23:00:00,1.28268,1.28268,1.28172,1.28204,1393.0
2026-03-26 00:00:00,1.28205,1.28228,1.28197,1.28211,1167.0
2026-03-26 01:00:00,1.2821,1.28316,1.28206,1.28307,1166.0
2026-03-26 02:00:00,1.28311,1.28339,1.2819,1.2822,1705.0
2026-03-26 03:00:00,1.28219,1.2834,1.28219,1.28337,2703.0
2026-03-26 04:00:00,1.28338,1.28371,1.28301,1.28326,3268.0
2026-03-26 05:00:00,1.28323,1.28386,1.28303,1.28338,3040.0
2026-03-26 06:00:00,1.28338,1.28362,1.283,1.28346,2810.0
2026-03-26 07:00:00,1.28348,1.28506,1.28332,1.28496,2219.0
2026-03-26 08:00:00,1.28498,1.28516,1.28434,1.28456,3439.0
2026-03-26 09:00:00,1.28457,1.28459,1.28338,1.28364,4768.0
2026-03-26 10:00:00,1.28364,1.28444,1.28304,1.28386,6126.0
2026-03-26 11:00:00,1.28386,1.28508,1.2837,1.28444,4420.0
2026-03-26 12:00:00,1.28442,1.28534,1.28428,1.28512,1981.0
2026-03-26 13:00:00,1.28517,1.28598,1.28476,1.28598,1526.0
2026-03-26 14:00:00,1.28598,1.28606,1.28542,1.28548,2302.0
2026-03-26 15:00:00,1.28546,1.2864,1.28538,1.28637,1315.0
2026-03-26 16:00:00,1.2864,1.28646,1.28432,1.28542,2386.0
2026-03-26 17:00:00,1.28524,1.2858,1.28519,1.2856,462.0
2026-03-26 18:00:00,1.28557,1.28606,1.28499,1.28527,725.0
2026-03-26 19:00:00,1.28526,1.286,1.28502,1.28596,1142.0
2026-03-26 20:00:00,1.286,1.28692,1.28564,1.28615,2979.0
2026-03-26 21:00:00,1.28616,1.28631,1.28518,1.2852,2364.0
2026-03-26 22:00:00,1.2852,1.28593,1.28502,1.28552,1834.0
2026-03-26 23:00:00,1.28553,1.28588,1.28521,1.28534,1663.0
2026-03-27 00:00:00,1.28532,1.2856,1.2851,1.28518,1055.0
2026-03-27 01:00:00,1.28518,1.28557,1.28492,1.28554,1395.0
2026-03-27 02:00:00,1.28554,1.2859,1.2854,1.28568,1069.0
2026-03-27 03:00:00,1.2857,1.28695,1.28564,1.28682,2626.0
2026-03-27 04:00:00,1.28686,1.2869,1.28624,1.2867,3188.0
2026-03-27 05:00:00,1.28673,1.2871,1.28634,1.28684,1885.0
2026-03-27 06:00:00,1.28682,1.28728,1.28638,1.28722,2016.0
2026-03-27 07:00:00,1.28718,1.28766,1.28693,1.28763,2629.0
2026-03-27 08:00:00,1.28764,1.28798,1.28715,1.2874,3744.0
2026-03-27 09:00:00,1.2874,1.28784,1.28666,1.2874,4462.0
2026-03-27 10:00:00,1.28738,1.28748,1.28644,1.287,4513.0
2026-03-27 11:00:00,1.287,1.28734,1.2859,1.28734,5236.0
2026-03-27 12:00:00,1.28734,1.28782,1.28708,1.28768,3226.0
2026-03-27 13:00:00,1.2877,1.28876,1.28684,1.2884,2600.0
2026-03-27 14:00:00,1.28841,1.28882,1.28803,1.28844,1828.0
2026-03-27 15:00:00,1.28843,1.28883,1.28822,1.28836,963.0
2026-03-27 16:00:00,1.28832,1.28984,1.28822,1.28853,564.0
2026-03-29 17:00:00,1.28828,1.28926,1.28828,1.28902,268.0
2026-03-29 18:00:00,1.28909,1.28993,1.28898,1.28977,1181.0
2026-03-29 19:00:00,1.28979,1.29019,1.28953,1.28994,881.0
2026-03-29 20:00:00,1.28994,1.29019,1.28853,1.28864,3944.0
2026-03-29 21:00:00,1.28864,1.28884,1.28816,1.28858,2742.0
2026-03-29 22:00:00,1.2886,1.2888,1.28808,1.28834,2351.0
2026-03-29 23:00:00,1.28832,1.28839,1.28753,1.28766,2039.0
2026-03-30 00:00:00,1.28766,1.28812,1.28724,1.28812,1209.0
2026-03-30 01:00:00,1.28811,1.28832,1.28764,1.28786,1361.0
2026-03-30 02:00:00,1.2879,1.28826,1.2874,1.28813,1647.0
2026-03-30 03:00:00,1.28816,1.28928,1.28814,1.28909,2529.0
2026-03-30 04:00:00,1.28908,1.28977,1.28904,1.28974,2025.0
2026-03-30 05:00:00,1.28974,1.2902,1.28952,1.28976,2173.0
2026-03-30 06:00:00,1.28982,1.29002,1.2892,1.28993,1797.0
2026-03-30 07:00:00,1.28994,1.29016,1.28909,1.28992,3655.0
2026-03-30 08:00:00,1.2899,1.29038,1.28952,1.28968,3326.0
2026-03-30 09:00:00,1.28966,1.29136,1.2894,1.29122,3682.0
2026-03-30 10:00:00,1.29122,1.29182,1.29074,1.29087,4349.0
2026-03-30 11:00:00,1.29086,1.29206,1.29066,1.29118,4050.0
2026-03-30 12:00:00,1.2912,1.2916,1.29097,1.29099,1374.0
2026-03-30 13:00:00,1.29098,1.29156,1.2907,1.29145,2051.0
2026-03-30 14:00:00,1.29148,1.2915,1.29094,1.29138,1689.0
2026-03-30 15:00:00,1.29142,1.29196,1.29132,1.29145,1491.0
2026-03-30 16:00:00,1.29148,1.29172,1.29091,1.29091,585.0
2026-03-30 17:00:00,1.2911,1.29146,1.2911,1.29135,788.0
2026-03-30 18:00:00,1.29136,1.29168,1.29106,1.29121,623.0
2026-03-30 19:00:00,1.29122,1.2923,1.29122,1.2921,2165.0
2026-03-30 20:00:00,1.29206,1.29309,1.29105,1.29148,4209.0
2026-03-30 21:00:00,1.2915,1.2918,1.28964,1.29023,4329.0
2026-03-30 22:00:00,1.29022,1.2909,1.29022,1.2907,2726.0
2026-03-30 23:00:00,1.2907,1.29148,1.29066,1.29132,1478.0
2026-03-31 00:00:00,1.29134,1.29158,1.29092,1.29148,801.0
2026-03-31 01:00:00,1.29145,1.29188,1.291,1.29147,1282.0
2026-03-31 02:00:00,1.29144,1.2916,1.28998,1.29019,1785.0
2026-03-31 03:00:00,1.29018,1.29108,1.28994,1.28994,2204.0
2026-03-31 04:00:00,1.28994,1.29084,1.28964,1.29008,2622.0
2026-03-31 05:00:00,1.29008,1.29074,1.28986,1.2906,1794.0
2026-03-31 06:00:00,1.29056,1.29144,1.29048,1.2912,1851.0
2026-03-31 07:00:00,1.29117,1.29129,1.28842,1.28864,5214.0
2026-03-31 08:00:00,1.2886,1.28918,1.28766,1.2885,4902.0
2026-03-31 09:00:00,1.28852,1.28892,1.28716,1.28721,4184.0
2026-03-31 10:00:00,1.2872,1.29042,1.28703,1.29014,6512.0
2026-03-31 11:00:00,1.29014,1.29015,1.28836,1.28939,4429.0
2026-03-31 12:00:00,1.2894,1.28964,1.2864,1.28746,7161.0
2026-03-31 13:00:00,1.2875,1.2875,1.28612,1.28734,5743.0
2026-03-31 14:00:00,1.28733,1.2874,1.28641,1.28674,4125.0
2026-03-31 15:00:00,1.28676,1.28721,1.28556,1.28574,2221.0
2026-03-31 16:00:00,1.28574,1.28772,1.28562,1.28736,538.0
2026-03-31 17:00:00,1.2871,1.2871,1.28588,1.28598,529.0
2026-03-31 18:00:00,1.28598,1.28607,1.28561,1.28566,654.0
2026-03-31 19:00:00,1.28566,1.28572,1.28434,1.28448,1753.0
2026-03-31 20:00:00,1.28448,1.28492,1.28398,1.28468,3276.0
2026-03-31 21:00:00,1.2847,1.28637,1.28465,1.28576,5019.0
2026-03-31 22:00:00,1.28574,1.28578,1.2848,1.28526,1961.0
2026-03-31 23:00:00,1.28528,1.28604,1.28514,1.28598,1308.0
2026-04-01 00:00:00,1.28598,1.28627,1.28568,1.28589,1025.0
2026-04-01 01:00:00,1.28588,1.2861,1.28519,1.28554,2235.0
2026-04-01 02:00:00,1.28552,1.28595,1.28294,1.283,3801.0
2026-04-01 03:00:00,1.28298,1.28446,1.28236,1.28442,4895.0
2026-04-01 04:00:00,1.28442,1.2845,1.28198,1.28274,4484.0
2026-04-01 05:00:00,1.28272,1.28364,1.28224,1.28288,3994.0
2026-04-01 06:00:00,1.28288,1.28318,1.28234,1.28268,1901.0
2026-04-01 07:00:00,1.28269,1.28278,1.28157,1.28173,2039.0
2026-04-01 08:00:00,1.28171,1.28302,1.28072,1.28263,5599.0
2026-04-01 09:00:00,1.28264,1.28312,1.28148,1.2827,5345.0
2026-04-01 10:00:00,1.2827,1.28332,1.28154,1.28168,5530.0
2026-04-01 11:00:00,1.28166,1.28298,1.28126,1.28234,2959.0
2026-04-01 12:00:00,1.28234,1.283,1.28178,1.28178,2467.0
2026-04-01 13:00:00,1.28177,1.28302,1.28141,1.28302,1905.0
2026-04-01 14:00:00,1.28302,1.2842,1.28299,1.28391,3107.0
2026-04-01 15:00:00,1.2839,1.28411,1.28322,1.2835,2356.0
2026-04-01 16:00:00,1.2835,1.2836,1.28304,1.28322,1256.0
2026-04-01 17:00:00,1.28378,1.28378,1.28316,1.28355,1736.0
2026-04-01 18:00:00,1.28358,1.28372,1.28281,1.28296,677.0
2026-04-01 19:00:00,1.28294,1.2832,1.28267,1.28312,1316.0
2026-04-01 20:00:00,1.28315,1.28329,1.28198,1.28227,2751.0
2026-04-01 21:00:00,1.2823,1.28674,1.2812,1.28626,11598.0
2026-04-01 22:00:00,1.28626,1.2872,1.28571,1.28696,4746.0
2026-04-01 23:00:00,1.28695,1.28752,1.28663,1.28726,2156.0
2026-04-02 00:00:00,1.28722,1.28783,1.28715,1.2875,2444.0
2026-04-02 01:00:00,1.28748,1.28808,1.28722,1.2879,1825.0
2026-04-02 02:00:00,1.2879,1.28805,1.28649,1.28651,4066.0
2026-04-02 03:00:00,1.28652,1.28736,1.28642,1.28647,4876.0
2026-04-02 04:00:00,1.28646,1.28722,1.28641,1.28704,3096.0
2026-04-02 05:00:00,1.28704,1.28776,1.28681,1.28694,1968.0
2026-04-02 06:00:00,1.28692,1.28792,1.28686,1.28792,2586.0
2026-04-02 07:00:00,1.28792,1.28822,1.28749,1.28758,2102.0
2026-04-02 08:00:00,1.28754,1.28758,1.28654,1.28698,3560.0
2026-04-02 09:00:00,1.28696,1.28734,1.28632,1.28632,3973.0
2026-04-02 10:00:00,1.28632,1.2865,1.28431,1.28462,8986.0
2026-04-02 11:00:00,1.28462,1.28546,1.28423,1.28506,7533.0
2026-04-02 12:00:00,1.28506,1.28544,1.28462,1.28536,2958.0
2026-04-02 13:00:00,1.28538,1.28557,1.28473,1.28545,2252.0
2026-04-02 14:00:00,1.28543,1.2859,1.28519,1.28564,1603.0
2026-04-02 15:00:00,1.28564,1.28606,1.28498,1.28602,1622.0
2026-04-02 16:00:00,1.28604,1.28605,1.28507,1.28545,736.0
2026-04-02 17:00:00,1.28618,1.28618,1.28504,1.28526,664.0
2026-04-02 18:00:00,1.28524,1.2856,1.28516,1.2854,984.0
2026-04-02 19:00:00,1.2854,1.28544,1.28528,1.28539,1044.0
2026-04-02 20:00:00,1.28527,1.28536,1.28478,1.2853,772.0
2026-04-02 21:00:00,1.2853,1.28584,1.2851,1.28577,502.0
2026-04-02 22:00:00,1.28576,1.28594,1.2855,1.2857,319.0
2026-04-02 23:00:00,1.28573,1.28581,1.28563,1.28566,176.0
2026-04-03 00:00:00,1.28567,1.28591,1.28565,1.28586,513.0
2026-04-03 01:00:00,1.28586,1.28597,1.28544,1.28546,481.0
2026-04-03 02:00:00,1.28548,1.2857,1.28514,1.28524,624.0
2026-04-03 03:00:00,1.28526,1.28546,1.2849,1.28536,857.0
2026-04-03 04:00:00,1.28536,1.28566,1.2853,1.28548,1044.0
2026-04-03 05:00:00,1.28548,1.28582,1.28538,1.28566,1238.0
2026-04-03 06:00:00,1.28565,1.28582,1.28537,1.28565,1076.0
2026-04-03 07:00:00,1.28564,1.28565,1.2854,1.28551,502.0
2026-04-03 08:00:00,1.28552,1.28671,1.28536,1.2862,2106.0
2026-04-03 09:00:00,1.28621,1.28636,1.28556,1.28591,1136.0
2026-04-03 10:00:00,1.2859,1.28686,1.28588,1.28686,740.0
2026-04-03 11:00:00,1.28686,1.28694,1.28656,1.28682,483.0
2026-04-03 12:00:00,1.28684,1.28703,1.2868,1.28692,360.0
2026-04-03 13:00:00,1.28692,1.28703,1.28684,1.28688,256.0
2026-04-03 14:00:00,1.28688,1.28728,1.28678,1.28709,463.0
2026-04-03 15:00:00,1.2871,1.28724,1.28694,1.28709,274.0
2026-04-03 16:00:00,1.2871,1.2878,1.28625,1.28666,846.0
2026-04-05 17:00:00,1.28643,1.28772,1.28618,1.28748,115.0
2026-04-05 18:00:00,1.28748,1.28809,1.28706,1.28726,1507.0
2026-04-05 19:00:00,1.28726,1.2878,1.28696,1.28764,1154.0
2026-04-05 20:00:00,1.28763,1.28774,1.28676,1.28734,1191.0
2026-04-05 21:00:00,1.28734,1.28752,1.28698,1.28724,1164.0
2026-04-05 22:00:00,1.28723,1.28724,1.28562,1.28658,2063.0
2026-04-05 23:00:00,1.2866,1.28704,1.28634,1.28684,1340.0
2026-04-06 00:00:00,1.28682,1.28688,1.28631,1.28648,973.0
2026-04-06 01:00:00,1.28648,1.28648,1.286,1.2862,765.0
2026-04-06 02:00:00,1.2862,1.28646,1.28559,1.28576,1645.0
2026-04-06 03:00:00,1.28576,1.2864,1.28362,1.28386,2503.0
2026-04-06 04:00:00,1.28382,1.28436,1.28348,1.28386,2589.0
2026-04-06 05:00:00,1.28384,1.28398,1.28312,1.28388,2953.0
2026-04-06 06:00:00,1.28384,1.28483,1.28356,1.28418,2546.0
2026-04-06 07:00:00,1.28417,1.28478,1.28401,1.2845,1438.0
2026-04-06 08:00:00,1.28449,1.28467,1.28366,1.28369,1606.0
2026-04-06 09:00:00,1.28368,1.28409,1.28333,1.28359,2508.0
2026-04-06 10:00:00,1.28358,1.28441,1.28302,1.28437,2968.0
2026-04-06 11:00:00,1.28442,1.28503,1.28432,1.28458,1094.0
2026-04-06 12:00:00,1.28458,1.28486,1.28429,1.28468,720.0
2026-04-06 13:00:00,1.28468,1.2854,1.28442,1.28492,1244.0
2026-04-06 14:00:00,1.28494,1.28502,1.2841,1.2846,1403.0
2026-04-06 15:00:00,1.2846,1.28494,1.28448,1.28492,939.0
2026-04-06 16:00:00,1.28494,1.28504,1.28445,1.28481,541.0
2026-04-06 17:00:00,1.28513,1.28601,1.28458,1.28525,1335.0
2026-04-06 18:00:00,1.28468,1.28541,1.2843,1.28496,1170.0
2026-04-06 19:00:00,1.28496,1.28524,1.28488,1.28506,608.0
2026-04-06 20:00:00,1.28508,1.2857,1.28492,1.28566,1758.0
2026-04-06 21:00:00,1.28567,1.28704,1.28544,1.28668,2625.0
2026-04-06 22:00:00,1.28666,1.28718,1.28646,1.2865,1081.0
2026-04-06 23:00:00,1.2865,1.28654,1.28546,1.28576,1390.0
2026-04-07 00:00:00,1.28575,1.28592,1.28532,1.28547,800.0
2026-04-07 01:00:00,1.28548,1.28619,1.28531,1.28537,1270.0
2026-04-07 02:00:00,1.28538,1.28559,1.2849,1.28498,1681.0
2026-04-07 03:00:00,1.28497,1.28576,1.28485,1.28507,2688.0
2026-04-07 04:00:00,1.28502,1.28508,1.28264,1.28269,5249.0
2026-04-07 05:00:00,1.2827,1.28332,1.28263,1.2833,3357.0
2026-04-07 06:00:00,1.28329,1.28494,1.28323,1.28454,4050.0
2026-04-07 07:00:00,1.28453,1.28488,1.28412,1.28423,3202.0
2026-04-07 08:00:00,1.28423,1.28498,1.28376,1.2845,4055.0
2026-04-07 09:00:00,1.28451,1.28497,1.28414,1.28477,4442.0
2026-04-07 10:00:00,1.28476,1.28528,1.28334,1.2845,5129.0
2026-04-07 11:00:00,1.28453,1.28528,1.28394,1.28444,3821.0
2026-04-07 12:00:00,1.28444,1.28457,1.28364,1.28437,3247.0
2026-04-07 13:00:00,1.28438,1.28458,1.2835,1.28383,3179.0
2026-04-07 14:00:00,1.28382,1.28448,1.28338,1.28418,3062.0
2026-04-07 15:00:00,1.28416,1.28435,1.28152,1.28224,4478.0
2026-04-07 16:00:00,1.28225,1.28264,1.28148,1.2819,1195.0
2026-04-07 17:00:00,1.2826,1.28278,1.28227,1.2826,530.0
2026-04-07 18:00:00,1.28246,1.28362,1.27832,1.27873,3162.0
2026-04-07 19:00:00,1.27872,1.27879,1.2758,1.27584,5024.0
2026-04-07 20:00:00,1.27582,1.27716,1.27503,1.27652,8491.0
2026-04-07 21:00:00,1.27652,1.27662,1.27445,1.2753,4835.0
2026-04-07 22:00:00,1.27532,1.27601,1.27478,1.2753,2900.0
2026-04-07 23:00:00,1.27526,1.27584,1.27467,1.2753,3012.0
2026-04-08 00:00:00,1.27526,1.27526,1.27424,1.27442,2125.0
2026-04-08 01:00:00,1.27441,1.27497,1.27282,1.27384,2754.0
2026-04-08 02:00:00,1.27384,1.27427,1.27264,1.27353,2929.0
2026-04-08 03:00:00,1.27352,1.27478,1.27298,1.2737,4149.0
2026-04-08 04:00:00,1.27367,1.27586,1.27356,1.27475,2861.0
2026-04-08 05:00:00,1.27473,1.27535,1.27404,1.27532,2322.0
2026-04-08 06:00:00,1.27533,1.27556,1.27452,1.27466,1070.0
2026-04-08 07:00:00,1.2747,1.275,1.27317,1.27352,2695.0
2026-04-08 08:00:00,1.27351,1.2743,1.27184,1.27212,4609.0
2026-04-08 09:00:00,1.27214,1.27383,1.2717,1.27314,2786.0
2026-04-08 10:00:00,1.27318,1.27436,1.2729,1.27356,5638.0
2026-04-08 11:00:00,1.27356,1.27434,1.27321,1.27349,2798.0
2026-04-08 12:00:00,1.27348,1.27402,1.27322,1.27354,3167.0
2026-04-08 13:00:00,1.27354,1.27412,1.27302,1.27351,2318.0
2026-04-08 14:00:00,1.27353,1.27534,1.27316,1.27512,3742.0
2026-04-08 15:00:00,1.27521,1.27536,1.27378,1.27382,3037.0
2026-04-08 16:00:00,1.27382,1.27446,1.27355,1.27415,635.0
2026-04-08 17:00:00,1.27318,1.27452,1.27318,1.27432,1611.0
2026-04-08 18:00:00,1.27444,1.2745,1.27407,1.27426,825.0
2026-04-08 19:00:00,1.27427,1.27467,1.27426,1.27465,829.0
2026-04-08 20:00:00,1.27464,1.27544,1.27455,1.27514,2812.0
2026-04-08 21:00:00,1.27509,1.27596,1.27494,1.27514,1675.0
2026-04-08 22:00:00,1.27514,1.27544,1.27445,1.27456,1456.0
2026-04-08 23:00:00,1.27458,1.27513,1.27441,1.27487,1107.0
2026-04-09 00:00:00,1.27486,1.27486,1.2742,1.27462,1379.0
2026-04-09 01:00:00,1.2746,1.2751,1.27448,1.27504,1509.0
2026-04-09 02:00:00,1.27502,1.27548,1.27462,1.27462,2432.0
2026-04-09 03:00:00,1.2746,1.27566,1.27436,1.27524,2749.0
2026-04-09 04:00:00,1.27526,1.27572,1.27502,1.27534,1817.0
2026-04-09 05:00:00,1.2754,1.27558,1.27508,1.27526,1307.0
2026-04-09 06:00:00,1.27526,1.27548,1.27504,1.27541,1603.0
2026-04-09 07:00:00,1.27543,1.2755,1.2741,1.27415,1834.0
2026-04-09 08:00:00,1.27416,1.275,1.2741,1.27454,2887.0
2026-04-09 09:00:00,1.27454,1.27466,1.27362,1.2744,3770.0
2026-04-09 10:00:00,1.2744,1.2749,1.274,1.27424,4498.0
2026-04-09 11:00:00,1.27422,1.27481,1.27214,1.27224,4697.0
2026-04-09 12:00:00,1.27228,1.27236,1.27149,1.27196,2361.0
2026-04-09 13:00:00,1.27195,1.27196,1.27128,1.2717,1994.0
2026-04-09 14:00:00,1.2717,1.27308,1.27166,1.27294,3491.0
2026-04-09 15:00:00,1.27292,1.273,1.27231,1.27268,1583.0
2026-04-09 16:00:00,1.27268,1.27322,1.27258,1.27321,671.0
2026-04-09 17:00:00,1.27287,1.27298,1.27246,1.27264,905.0
2026-04-09 18:00:00,1.2725,1.27312,1.27231,1.27298,1084.0
2026-04-09 19:00:00,1.27298,1.27338,1.27284,1.27324,929.0
2026-04-09 20:00:00,1.2733,1.27368,1.2733,1.27344,1848.0
2026-04-09 21:00:00,1.27345,1.27386,1.2732,1.27336,1669.0
2026-04-09 22:00:00,1.27334,1.27416,1.27324,1.27398,1138.0
2026-04-09 23:00:00,1.27397,1.27441,1.27373,1.27415,1176.0
2026-04-10 00:00:00,1.27414,1.27436,1.27395,1.2743,1058.0
2026-04-10 01:00:00,1.2743,1.2747,1.27419,1.27438,799.0
2026-04-10 02:00:00,1.27436,1.27508,1.27419,1.27491,1436.0
2026-04-10 03:00:00,1.27494,1.27566,1.27466,1.2756,1397.0
2026-04-10 04:00:00,1.2756,1.27579,1.27482,1.27512,1434.0
2026-04-10 05:00:00,1.2751,1.27518,1.27424,1.27429,2719.0
2026-04-10 06:00:00,1.2743,1.27445,1.27404,1.27412,1042.0
2026-04-10 07:00:00,1.27414,1.27418,1.27384,1.27388,934.0
2026-04-10 08:00:00,1.27386,1.27396,1.27312,1.27354,2932.0
2026-04-10 09:00:00,1.27356,1.27369,1.2727,1.27293,3472.0
2026-04-10 10:00:00,1.27294,1.27294,1.27192,1.27271,2846.0
2026-04-10 11:00:00,1.27276,1.27362,1.27232,1.27354,2863.0
2026-04-10 12:00:00,1.27352,1.2742,1.27343,1.27369,1386.0
2026-04-10 13:00:00,1.27366,1.27386,1.27336,1.27355,1254.0
2026-04-10 14:00:00,1.27358,1.27388,1.27303,1.27319,1342.0
2026-04-10 15:00:00,1.27316,1.27332,1.27314,1.27332,473.0
2026-04-10 16:00:00,1.27334,1.27388,1.27318,1.27388,275.0
2026-04-12 17:00:00,1.27648,1.27742,1.27632,1.27733,516.0
2026-04-12 18:00:00,1.2774,1.27872,1.2772,1.2781,1597.0
2026-04-12 19:00:00,1.2781,1.27874,1.27766,1.27774,910.0
2026-04-12 20:00:00,1.27773,1.27802,1.27656,1.27656,2208.0
2026-04-12 21:00:00,1.27656,1.277,1.27622,1.27624,1732.0
2026-04-12 22:00:00,1.27624,1.27652,1.27572,1.27614,1783.0
2026-04-12 23:00:00,1.27612,1.27649,1.27602,1.27607,1068.0
2026-04-13 00:00:00,1.27605,1.27632,1.27601,1.27614,842.0
2026-04-13 01:00:00,1.27613,1.27642,1.27603,1.27628,1014.0
2026-04-13 02:00:00,1.27629,1.27652,1.27583,1.27602,2039.0
2026-04-13 03:00:00,1.276,1.276,1.27522,1.27543,3222.0
2026-04-13 04:00:00,1.27544,1.27576,1.2753,1.27563,2409.0
2026-04-13 05:00:00,1.27564,1.27602,1.27556,1.27572,1271.0
2026-04-13 06:00:00,1.2757,1.27585,1.27549,1.27555,1113.0
2026-04-13 07:00:00,1.27553,1.27638,1.27522,1.27634,1848.0
2026-04-13 08:00:00,1.27635,1.27656,1.27552,1.27562,2907.0
2026-04-13 09:00:00,1.27562,1.27571,1.2749,1.27501,2203.0
2026-04-13 10:00:00,1.275,1.27512,1.27386,1.2745,2820.0
2026-04-13 11:00:00,1.27452,1.27528,1.27442,1.27478,2597.0
2026-04-13 12:00:00,1.27476,1.27504,1.27313,1.27346,4347.0
2026-04-13 13:00:00,1.27344,1.27344,1.27292,1.27324,1552.0
2026-04-13 14:00:00,1.27324,1.27324,1.2726,1.2726,1347.0
2026-04-13 15:00:00,1.2726,1.27287,1.2725,1.2728,743.0
2026-04-13 16:00:00,1.27278,1.27324,1.2726,1.27322,346.0
2026-04-13 17:00:00,1.27264,1.27367,1.2726,1.27281,1166.0
2026-04-13 18:00:00,1.27282,1.27289,1.27244,1.27251,382.0
2026-04-13 19:00:00,1.27248,1.27248,1.2718,1.27195,811.0
2026-04-13 20:00:00,1.27194,1.27398,1.27194,1.27366,3010.0
2026-04-13 21:00:00,1.27366,1.27408,1.27336,1.27392,1686.0
2026-04-13 22:00:00,1.27391,1.27434,1.2736,1.27374,1329.0
2026-04-13 23:00:00,1.27372,1.274,1.2732,1.27322,1843.0
2026-04-14 00:00:00,1.27324,1.27334,1.2728,1.27299,1498.0
2026-04-14 01:00:00,1.27298,1.27384,1.2728,1.27348,1553.0
2026-04-14 02:00:00,1.27346,1.27379,1.27258,1.27263,2409.0
2026-04-14 03:00:00,1.27264,1.27272,1.27163,1.27239,3180.0
2026-04-14 04:00:00,1.27242,1.2729,1.27203,1.27205,1822.0
2026-04-14 05:00:00,1.27206,1.27218,1.2714,1.27195,1456.0
2026-04-14 06:00:00,1.27194,1.272,1.27128,1.27154,888.0
2026-04-14 07:00:00,1.27159,1.27162,1.27067,1.27111,1039.0
2026-04-14 08:00:00,1.27108,1.27154,1.27074,1.27075,2776.0
2026-04-14 09:00:00,1.27076,1.27169,1.27058,1.2708,4060.0
2026-04-14 10:00:00,1.2708,1.27094,1.26978,1.27028,4188.0
2026-04-14 11:00:00,1.27029,1.27129,1.27028,1.27114,4049.0
2026-04-14 12:00:00,1.27117,1.2713,1.27087,1.27108,1960.0
2026-04-14 13:00:00,1.2711,1.27126,1.27055,1.27094,1272.0
2026-04-14 14:00:00,1.27096,1.27135,1.27078,1.27117,1311.0
2026-04-14 15:00:00,1.27118,1.27154,1.27108,1.27142,649.0
2026-04-14 16:00:00,1.27141,1.27196,1.27122,1.27196,269.0
2026-04-14 17:00:00,1.27172,1.27172,1.27118,1.27138,470.0
2026-04-14 18:00:00,1.27134,1.27138,1.27111,1.27134,224.0
2026-04-14 19:00:00,1.27134,1.27136,1.2707,1.27091,1134.0
2026-04-14 20:00:00,1.2709,1.27153,1.27079,1.27116,2565.0
2026-04-14 21:00:00,1.27115,1.2717,1.27081,1.27145,2487.0
2026-04-14 22:00:00,1.27147,1.27246,1.27128,1.27174,1501.0
2026-04-14 23:00:00,1.27174,1.27186,1.27108,1.2712,1065.0
2026-04-15 00:00:00,1.27118,1.2716,1.27109,1.27136,1106.0
2026-04-15 01:00:00,1.27135,1.27162,1.27086,1.27154,1554.0
2026-04-15 02:00:00,1.27153,1.27184,1.271,1.27166,2998.0
2026-04-15 03:00:00,1.27166,1.27186,1.27106,1.27168,3092.0
2026-04-15 04:00:00,1.27168,1.27176,1.2709,1.27108,3499.0
2026-04-15 05:00:00,1.27107,1.27259,1.27092,1.2718,4304.0
2026-04-15 06:00:00,1.2718,1.27302,1.27146,1.27239,3762.0
2026-04-15 07:00:00,1.27238,1.2728,1.27196,1.27226,3475.0
2026-04-15 08:00:00,1.27226,1.2728,1.27178,1.27206,2642.0
2026-04-15 09:00:00,1.27206,1.27212,1.27128,1.27169,3653.0
2026-04-15 10:00:00,1.27167,1.27184,1.27081,1.27132,3754.0
2026-04-15 11:00:00,1.27131,1.27152,1.2706,1.27131,2613.0
2026-04-15 12:00:00,1.27129,1.27135,1.2707,1.271,1799.0
2026-04-15 13:00:00,1.271,1.27161,1.27092,1.27152,1616.0
2026-04-15 14:00:00,1.27154,1.27162,1.27077,1.2708,1997.0
2026-04-15 15:00:00,1.27082,1.27104,1.27063,1.27081,1292.0
2026-04-15 16:00:00,1.27084,1.27132,1.27078,1.27106,333.0
2026-04-15 17:00:00,1.271,1.2716,1.27081,1.27101,2494.0
2026-04-15 18:00:00,1.27108,1.27148,1.27074,1.27081,854.0
2026-04-15 19:00:00,1.27082,1.27093,1.27051,1.27072,843.0
2026-04-15 20:00:00,1.27072,1.27092,1.27004,1.27012,2181.0
2026-04-15 21:00:00,1.27011,1.27082,1.26986,1.27024,1988.0
2026-04-15 22:00:00,1.2702,1.27036,1.2693,1.2693,1652.0
2026-04-15 23:00:00,1.2693,1.26956,1.26855,1.26945,1973.0
2026-04-16 00:00:00,1.26946,1.26979,1.26927,1.26975,1445.0
2026-04-16 01:00:00,1.26976,1.27027,1.26967,1.26999,2187.0
2026-04-16 02:00:00,1.27,1.2707,1.26973,1.26997,2608.0
2026-04-16 03:00:00,1.26996,1.27074,1.2698,1.2706,2882.0
2026-04-16 04:00:00,1.2706,1.27176,1.27043,1.27117,2756.0
2026-04-16 05:00:00,1.27121,1.27209,1.27116,1.27196,2355.0
2026-04-16 06:00:00,1.272,1.27258,1.27183,1.2721,1972.0
2026-04-16 07:00:00,1.27216,1.27216,1.2713,1.27168,2199.0
2026-04-16 08:00:00,1.27167,1.27237,1.27156,1.27202,2975.0
2026-04-16 09:00:00,1.272,1.2728,1.2717,1.2724,4894.0
2026-04-16 10:00:00,1.27237,1.27319,1.27183,1.27294,5197.0
2026-04-16 11:00:00,1.27296,1.27314,1.2721,1.27226,3867.0
2026-04-16 12:00:00,1.27224,1.27351,1.27197,1.27296,2907.0
2026-04-16 13:00:00,1.27294,1.27353,1.27289,1.27331,2953.0
2026-04-16 14:00:00,1.27332,1.27337,1.27282,1.27296,3362.0
2026-04-16 15:00:00,1.27294,1.27301,1.27264,1.27286,1127.0
2026-04-16 16:00:00,1.27288,1.27311,1.27262,1.27282,294.0
2026-04-16 17:00:00,1.27286,1.273,1.27201,1.27284,681.0
2026-04-16 18:00:00,1.27292,1.27292,1.27233,1.27244,631.0
2026-04-16 19:00:00,1.27244,1.27325,1.27244,1.27318,1241.0
2026-04-16 20:00:00,1.2732,1.27346,1.27263,1.27297,2237.0
2026-04-16 21:00:00,1.27298,1.27348,1.27272,1.27274,2249.0
2026-04-16 22:00:00,1.27272,1.27302,1.27262,1.27268,990.0
2026-04-16 23:00:00,1.27266,1.27309,1.27252,1.27267,1152.0
2026-04-17 00:00:00,1.27265,1.27292,1.27262,1.27276,1313.0
2026-04-17 01:00:00,1.27275,1.273,1.2726,1.27282,1240.0
2026-04-17 02:00:00,1.27282,1.27346,1.27262,1.2733,2702.0
2026-04-17 03:00:00,1.2733,1.2733,1.27285,1.27296,3810.0
2026-04-17 04:00:00,1.27294,1.273,1.2718,1.27194,2340.0
2026-04-17 05:00:00,1.27194,1.27226,1.27176,1.27218,2537.0
2026-04-17 06:00:00,1.27218,1.27259,1.27194,1.27254,2150.0
2026-04-17 07:00:00,1.27252,1.27269,1.27212,1.27243,2471.0
2026-04-17 08:00:00,1.27242,1.27242,1.26806,1.26806,6089.0
2026-04-17 09:00:00,1.26804,1.26911,1.26669,1.2682,7306.0
2026-04-17 10:00:00,1.26817,1.26839,1.26686,1.268,4085.0
2026-04-17 11:00:00,1.26804,1.26947,1.26786,1.26922,4276.0
2026-04-17 12:00:00,1.26922,1.26954,1.26873,1.26924,2134.0
2026-04-17 13:00:00,1.26928,1.27025,1.26926,1.2696,2275.0
2026-04-17 14:00:00,1.26962,1.27084,1.26944,1.27053,1166.0
2026-04-17 15:00:00,1.27056,1.27124,1.27028,1.27123,941.0
2026-04-17 16:00:00,1.27122,1.27146,1.26969,1.27042,938.0
2026-04-19 17:00:00,1.27284,1.27328,1.27258,1.27291,1777.0
2026-04-19 18:00:00,1.27288,1.27367,1.2721,1.27319,1599.0
2026-04-19 19:00:00,1.27316,1.27377,1.27302,1.2736,1821.0
2026-04-19 20:00:00,1.27359,1.27382,1.27198,1.27238,3264.0
2026-04-19 21:00:00,1.27236,1.27306,1.27201,1.27242,1779.0
2026-04-19 22:00:00,1.27243,1.27261,1.27202,1.27228,1591.0
2026-04-19 23:00:00,1.27228,1.27252,1.27166,1.27185,1725.0
2026-04-20 00:00:00,1.27187,1.27249,1.27171,1.27202,1565.0
2026-04-20 01:00:00,1.27201,1.27321,1.27195,1.27271,1316.0
2026-04-20 02:00:00,1.27272,1.273,1.27155,1.27163,2938.0
2026-04-20 03:00:00,1.27164,1.27228,1.27093,1.27203,3569.0
2026-04-20 04:00:00,1.27202,1.27238,1.27179,1.27206,2242.0
2026-04-20 05:00:00,1.27205,1.27216,1.2714,1.27149,2563.0
2026-04-20 06:00:00,1.27143,1.27154,1.2711,1.27122,1789.0
2026-04-20 07:00:00,1.27119,1.27142,1.27061,1.27096,2251.0
2026-04-20 08:00:00,1.27096,1.27176,1.27088,1.27112,2990.0
2026-04-20 09:00:00,1.27109,1.27148,1.26987,1.27016,5471.0
2026-04-20 10:00:00,1.27018,1.27166,1.27018,1.27074,5206.0
2026-04-20 11:00:00,1.27074,1.27093,1.26964,1.27017,3621.0
2026-04-20 12:00:00,1.27016,1.27048,1.26986,1.27014,2024.0
2026-04-20 13:00:00,1.27012,1.27046,1.26966,1.27014,1826.0
2026-04-20 14:00:00,1.27014,1.27048,1.26968,1.27042,1826.0
2026-04-20 15:00:00,1.27041,1.27042,1.2699,1.27007,1259.0
2026-04-20 16:00:00,1.27006,1.27036,1.26973,1.26981,641.0
2026-04-20 17:00:00,1.27061,1.27066,1.26932,1.26986,1503.0
2026-04-20 18:00:00,1.26993,1.27037,1.2695,1.26955,771.0
2026-04-20 19:00:00,1.26952,1.27016,1.26951,1.27014,1284.0
2026-04-20 20:00:00,1.27012,1.27047,1.27005,1.27033,2171.0
2026-04-20 21:00:00,1.27034,1.27072,1.27012,1.27058,1643.0
2026-04-20 22:00:00,1.27056,1.2712,1.27038,1.27088,1855.0
2026-04-20 23:00:00,1.27088,1.27155,1.27085,1.27137,1587.0
2026-04-21 00:00:00,1.27138,1.27144,1.27104,1.27113,1174.0
2026-04-21 01:00:00,1.27114,1.27115,1.27041,1.27106,1576.0
2026-04-21 02:00:00,1.27107,1.27133,1.2708,1.27112,2186.0
2026-04-21 03:00:00,1.27114,1.27192,1.27104,1.2719,4495.0
2026-04-21 04:00:00,1.27191,1.27274,1.27166,1.27206,3924.0
2026-04-21 05:00:00,1.27205,1.27248,1.27177,1.27206,2670.0
2026-04-21 06:00:00,1.27205,1.27222,1.2717,1.27174,2258.0
2026-04-21 07:00:00,1.27171,1.27224,1.27132,1.2714,2304.0
2026-04-21 08:00:00,1.2714,1.27248,1.27132,1.27205,2746.0
2026-04-21 09:00:00,1.27203,1.27214,1.27116,1.27133,3317.0
2026-04-21 10:00:00,1.27132,1.27288,1.27096,1.27285,3644.0
2026-04-21 11:00:00,1.27284,1.27366,1.27231,1.27321,4021.0
2026-04-21 12:00:00,1.2732,1.27416,1.2728,1.27413,2184.0
2026-04-21 13:00:00,1.27415,1.27592,1.27246,1.27379,4686.0
2026-04-21 14:00:00,1.2738,1.27496,1.27348,1.274,4188.0
2026-04-21 15:00:00,1.27399,1.27584,1.27319,1.27542,6260.0
2026-04-21 16:00:00,1.27543,1.27566,1.27326,1.2739,1622.0
2026-04-21 17:00:00,1.27342,1.27401,1.27312,1.2733,841.0
2026-04-21 18:00:00,1.27322,1.2739,1.27308,1.27383,855.0
2026-04-21 19:00:00,1.27381,1.274,1.27325,1.2734,999.0
2026-04-21 20:00:00,1.27336,1.27336,1.27238,1.27324,2580.0
2026-04-21 21:00:00,1.27325,1.27361,1.27296,1.27318,2032.0
2026-04-21 22:00:00,1.27313,1.27424,1.27276,1.27372,1741.0
2026-04-21 23:00:00,1.27372,1.27408,1.27341,1.27366,1443.0
2026-04-22 00:00:00,1.27366,1.27366,1.27312,1.27346,1093.0
2026-04-22 01:00:00,1.27346,1.27346,1.27184,1.27267,2451.0
2026-04-22 02:00:00,1.27264,1.27321,1.2723,1.27254,1456.0
2026-04-22 03:00:00,1.27251,1.27302,1.27235,1.27241,2946.0
2026-04-22 04:00:00,1.27242,1.27322,1.27232,1.27278,2768.0
2026-04-22 05:00:00,1.2728,1.27337,1.2726,1.27325,2473.0
2026-04-22 06:00:00,1.27324,1.27361,1.27292,1.27306,1692.0
2026-04-22 07:00:00,1.27308,1.27399,1.27298,1.27382,2017.0
2026-04-22 08:00:00,1.27382,1.27467,1.27348,1.27464,2411.0
2026-04-22 09:00:00,1.2746,1.2747,1.27332,1.27364,5219.0
2026-04-22 10:00:00,1.27364,1.27488,1.27336,1.27487,4147.0
2026-04-22 11:00:00,1.27486,1.27526,1.27452,1.27524,3900.0
2026-04-22 12:00:00,1.27522,1.27566,1.27509,1.27552,2066.0
2026-04-22 13:00:00,1.27555,1.27564,1.27504,1.27546,2115.0
2026-04-22 14:00:00,1.27544,1.27579,1.27535,1.27574,837.0
2026-04-22 15:00:00,1.27571,1.27604,1.2755,1.276,1016.0
2026-04-22 16:00:00,1.27598,1.27618,1.27556,1.2756,601.0
2026-04-22 17:00:00,1.27566,1.27584,1.27536,1.2756,751.0
2026-04-22 18:00:00,1.27558,1.27601,1.27549,1.27587,691.0
2026-04-22 19:00:00,1.27588,1.27603,1.27577,1.2758,965.0
2026-04-22 20:00:00,1.2758,1.27714,1.27512,1.27516,5006.0
2026-04-22 21:00:00,1.27517,1.27577,1.27504,1.27552,2627.0
2026-04-22 22:00:00,1.27552,1.27712,1.27544,1.27698,2872.0
2026-04-22 23:00:00,1.27696,1.27721,1.27663,1.27692,1807.0
2026-04-23 00:00:00,1.27694,1.27702,1.27648,1.27654,1392.0
2026-04-23 01:00:00,1.27654,1.27685,1.27606,1.27612,1079.0
2026-04-23 02:00:00,1.27609,1.27659,1.27595,1.27622,2006.0
2026-04-23 03:00:00,1.27621,1.27658,1.27576,1.27584,3606.0
2026-04-23 04:00:00,1.27579,1.27628,1.27574,1.27612,3484.0
2026-04-23 05:00:00,1.27612,1.27695,1.27608,1.27666,2798.0
2026-04-23 06:00:00,1.2767,1.2775,1.27659,1.27726,3147.0
2026-04-23 07:00:00,1.27725,1.2775,1.27572,1.27601,3844.0
2026-04-23 08:00:00,1.27602,1.27683,1.27552,1.27622,3845.0
2026-04-23 09:00:00,1.27621,1.27702,1.27605,1.27662,3817.0
2026-04-23 10:00:00,1.27662,1.27694,1.27537,1.27564,4414.0
2026-04-23 11:00:00,1.27565,1.27644,1.27529,1.27617,4129.0
2026-04-23 12:00:00,1.27618,1.27649,1.2759,1.2762,1760.0
2026-04-23 13:00:00,1.2762,1.27926,1.27612,1.27705,5881.0
2026-04-23 14:00:00,1.27702,1.2777,1.27646,1.27762,4499.0
2026-04-23 15:00:00,1.27764,1.2783,1.27758,1.27782,1770.0
2026-04-23 16:00:00,1.27784,1.27848,1.27782,1.27848,701.0
2026-04-23 17:00:00,1.2784,1.2784,1.27758,1.27812,1035.0
2026-04-23 18:00:00,1.27809,1.2782,1.27784,1.27793,588.0
2026-04-23 19:00:00,1.2779,1.27816,1.27782,1.2779,1196.0
2026-04-23 20:00:00,1.27788,1.27827,1.27776,1.27808,2160.0
2026-04-23 21:00:00,1.27809,1.27829,1.27784,1.27804,1955.0
2026-04-23 22:00:00,1.27804,1.27854,1.27796,1.27849,1114.0
2026-04-23 23:00:00,1.27847,1.27918,1.27842,1.27895,1533.0
2026-04-24 00:00:00,1.27898,1.27902,1.27842,1.27865,961.0
2026-04-24 01:00:00,1.27864,1.27887,1.27822,1.27836,1199.0
2026-04-24 02:00:00,1.27836,1.27859,1.27793,1.27836,1460.0
2026-04-24 03:00:00,1.27836,1.27875,1.27758,1.27772,1822.0
2026-04-24 04:00:00,1.27772,1.27822,1.27718,1.27764,2394.0
2026-04-24 05:00:00,1.27765,1.27806,1.27752,1.27798,2471.0
2026-04-24 06:00:00,1.27797,1.27806,1.27732,1.27734,1876.0
2026-04-24 07:00:00,1.2773,1.27748,1.27582,1.27636,5390.0
2026-04-24 08:00:00,1.27634,1.27734,1.27594,1.27686,3477.0
2026-04-24 09:00:00,1.27686,1.2778,1.27651,1.27728,4808.0
2026-04-24 10:00:00,1.27726,1.27765,1.27622,1.27705,4955.0
2026-04-24 11:00:00,1.27704,1.27724,1.27574,1.2759,4132.0
2026-04-24 12:00:00,1.2759,1.27634,1.27583,1.27592,2287.0
2026-04-24 13:00:00,1.2759,1.27632,1.27565,1.27626,2047.0
2026-04-24 14:00:00,1.27625,1.27646,1.27602,1.27608,1261.0
2026-04-24 15:00:00,1.27607,1.27622,1.27586,1.27612,839.0
2026-04-24 16:00:00,1.27609,1.27648,1.27588,1.27645,721.0
2026-04-26 17:00:00,1.27656,1.2772,1.27634,1.27648,523.0
2026-04-26 18:00:00,1.27648,1.27698,1.27634,1.27696,934.0
2026-04-26 19:00:00,1.27694,1.27726,1.27676,1.27716,1017.0
2026-04-26 20:00:00,1.27714,1.27717,1.27624,1.27635,1155.0
2026-04-26 21:00:00,1.27632,1.27632,1.27493,1.27527,3306.0
2026-04-26 22:00:00,1.27526,1.27574,1.27466,1.27518,2171.0
2026-04-26 23:00:00,1.27516,1.27518,1.27436,1.27448,942.0
2026-04-27 00:00:00,1.27448,1.27488,1.27433,1.27486,1311.0
2026-04-27 01:00:00,1.27486,1.27534,1.27478,1.27497,1557.0
2026-04-27 02:00:00,1.27498,1.27547,1.27437,1.27442,2468.0
2026-04-27 03:00:00,1.27441,1.27444,1.27358,1.27364,2912.0
2026-04-27 04:00:00,1.27364,1.27375,1.27292,1.27308,2113.0
2026-04-27 05:00:00,1.27307,1.27368,1.27289,1.2735,1817.0
2026-04-27 06:00:00,1.27352,1.27358,1.27292,1.27296,1828.0
2026-04-27 07:00:00,1.27296,1.27348,1.27293,1.27326,2447.0
2026-04-27 08:00:00,1.27322,1.27342,1.27244,1.27334,2973.0
2026-04-27 09:00:00,1.27334,1.2738,1.27284,1.27358,4590.0
2026-04-27 10:00:00,1.27357,1.27392,1.27294,1.2737,3361.0
2026-04-27 11:00:00,1.27366,1.27418,1.27365,1.27376,4043.0
2026-04-27 12:00:00,1.27377,1.27414,1.2736,1.27408,2161.0
2026-04-27 13:00:00,1.2741,1.27462,1.27391,1.27426,2187.0
2026-04-27 14:00:00,1.27426,1.27454,1.27423,1.27446,1412.0
2026-04-27 15:00:00,1.27446,1.27466,1.27416,1.27458,917.0
2026-04-27 16:00:00,1.27457,1.27476,1.27421,1.27434,644.0
2026-04-27 17:00:00,1.2743,1.27446,1.27421,1.2743,699.0
2026-04-27 18:00:00,1.27424,1.2745,1.27402,1.27434,1054.0
2026-04-27 19:00:00,1.27436,1.27456,1.27404,1.27406,1298.0
2026-04-27 20:00:00,1.27404,1.2743,1.27367,1.2742,2534.0
2026-04-27 21:00:00,1.2742,1.27497,1.2742,1.27496,1909.0
2026-04-27 22:00:00,1.27497,1.27524,1.27483,1.27518,1906.0
2026-04-27 23:00:00,1.27517,1.27534,1.2742,1.27456,2308.0
2026-04-28 00:00:00,1.27456,1.27479,1.27453,1.27478,1703.0
2026-04-28 01:00:00,1.27476,1.27568,1.27472,1.27564,2151.0
2026-04-28 02:00:00,1.27566,1.27631,1.27538,1.27629,2981.0
2026-04-28 03:00:00,1.2763,1.27646,1.27583,1.27628,3855.0
2026-04-28 04:00:00,1.27626,1.27678,1.27575,1.27605,3376.0
2026-04-28 05:00:00,1.27608,1.27708,1.27608,1.2766,2442.0
2026-04-28 06:00:00,1.2766,1.2771,1.27643,1.27704,1978.0
2026-04-28 07:00:00,1.27707,1.27846,1.27689,1.27824,3554.0
2026-04-28 08:00:00,1.2782,1.27847,1.27674,1.2769,4992.0
2026-04-28 09:00:00,1.27692,1.27765,1.27646,1.27678,5778.0
2026-04-28 10:00:00,1.27678,1.27758,1.2767,1.27715,6371.0
2026-04-28 11:00:00,1.27712,1.27716,1.27612,1.27616,4136.0
2026-04-28 12:00:00,1.27615,1.27686,1.27602,1.27654,2631.0
2026-04-28 13:00:00,1.27654,1.27683,1.27614,1.27628,2294.0
2026-04-28 14:00:00,1.27628,1.27674,1.27622,1.27674,1809.0
2026-04-28 15:00:00,1.27671,1.27696,1.27643,1.27673,1089.0
2026-04-28 16:00:00,1.27674,1.2773,1.27628,1.27718,999.0
2026-04-28 17:00:00,1.27748,1.27748,1.27634,1.2769,1235.0
2026-04-28 18:00:00,1.27682,1.27696,1.27634,1.27642,906.0
2026-04-28 19:00:00,1.27644,1.27653,1.27606,1.2761,1091.0
2026-04-28 20:00:00,1.27609,1.27648,1.27583,1.27637,2082.0
2026-04-28 21:00:00,1.27638,1.27728,1.2762,1.27658,3078.0
2026-04-28 22:00:00,1.27656,1.27696,1.27617,1.27696,2580.0
2026-04-28 23:00:00,1.27696,1.27698,1.27644,1.27684,1921.0
2026-04-29 00:00:00,1.27684,1.27697,1.27673,1.2769,1298.0
2026-04-29 01:00:00,1.27687,1.27738,1.27682,1.27734,1393.0
2026-04-29 02:00:00,1.27729,1.2776,1.27682,1.27714,2520.0
2026-04-29 03:00:00,1.27714,1.27739,1.27676,1.27718,2988.0
2026-04-29 04:00:00,1.27722,1.27815,1.277,1.27783,3647.0
2026-04-29 05:00:00,1.27784,1.27806,1.27744,1.27775,2537.0
2026-04-29 06:00:00,1.27776,1.27787,1.27713,1.27714,2421.0
2026-04-29 07:00:00,1.27712,1.27762,1.27711,1.27757,2713.0
2026-04-29 08:00:00,1.27757,1.27844,1.27718,1.27832,3053.0
2026-04-29 09:00:00,1.27833,1.28014,1.27802,1.28006,4243.0
2026-04-29 10:00:00,1.28006,1.28056,1.2792,1.27964,4992.0
2026-04-29 11:00:00,1.27963,1.28103,1.27955,1.28047,5264.0
2026-04-29 12:00:00,1.28048,1.28086,1.27998,1.28076,4235.0
2026-04-29 13:00:00,1.28077,1.2811,1.2802,1.28028,3635.0
2026-04-29 14:00:00,1.28031,1.28228,1.2801,1.2813,5683.0
2026-04-29 15:00:00,1.28126,1.28157,1.28071,1.28102,3414.0
2026-04-29 16:00:00,1.28099,1.28157,1.28085,1.28136,801.0
2026-04-29 17:00:00,1.28141,1.2816,1.28079,1.28149,943.0
2026-04-29 18:00:00,1.2815,1.2815,1.28062,1.28082,991.0
2026-04-29 19:00:00,1.28084,1.28104,1.28035,1.28046,1284.0
2026-04-29 20:00:00,1.2804,1.28054,1.27988,1.28048,5479.0
2026-04-29 21:00:00,1.28048,1.28078,1.28007,1.28036,2452.0
2026-04-29 22:00:00,1.28035,1.28142,1.28028,1.28106,3663.0
2026-04-29 23:00:00,1.28104,1.2811,1.28057,1.28104,2497.0
2026-04-30 00:00:00,1.28104,1.28204,1.281,1.28179,2397.0
2026-04-30 01:00:00,1.28178,1.2821,1.2813,1.28207,2881.0
2026-04-30 02:00:00,1.2821,1.28222,1.2808,1.28084,2956.0
2026-04-30 03:00:00,1.28082,1.28085,1.27904,1.27947,2992.0
2026-04-30 04:00:00,1.27948,1.27948,1.27838,1.27894,4841.0
2026-04-30 05:00:00,1.27895,1.27926,1.27754,1.27776,4542.0
2026-04-30 06:00:00,1.27778,1.27806,1.2758,1.27582,6125.0
2026-04-30 07:00:00,1.27582,1.27648,1.2748,1.27591,6723.0
2026-04-30 08:00:00,1.2759,1.27695,1.27582,1.27632,5115.0
2026-04-30 09:00:00,1.27632,1.27652,1.27537,1.2759,6288.0
2026-04-30 10:00:00,1.2759,1.27611,1.27339,1.27368,6639.0
2026-04-30 11:00:00,1.27369,1.27438,1.27346,1.27414,5145.0
2026-04-30 12:00:00,1.27412,1.27432,1.27358,1.27394,2734.0
2026-04-30 13:00:00,1.27394,1.27422,1.27344,1.27382,3857.0
2026-04-30 14:00:00,1.27382,1.27382,1.27258,1.27278,2990.0
2026-04-30 15:00:00,1.27278,1.27304,1.2724,1.27292,2770.0
2026-04-30 16:00:00,1.27296,1.27346,1.27264,1.27312,936.0
2026-04-30 17:00:00,1.2739,1.2739,1.27288,1.27298,1494.0
2026-04-30 18:00:00,1.27282,1.27334,1.2726,1.27311,811.0
2026-04-30 19:00:00,1.27312,1.2734,1.27291,1.27332,1345.0
2026-04-30 20:00:00,1.27331,1.27356,1.27293,1.2731,2590.0
2026-04-30 21:00:00,1.27312,1.27354,1.27276,1.27301,1602.0
2026-04-30 22:00:00,1.27298,1.27324,1.27268,1.27292,825.0
2026-04-30 23:00:00,1.27291,1.2732,1.27269,1.27314,919.0
2026-05-01 00:00:00,1.27311,1.27365,1.27302,1.27354,869.0
2026-05-01 01:00:00,1.27354,1.27397,1.27348,1.27388,1211.0
2026-05-01 02:00:00,1.27388,1.27406,1.27174,1.27233,3609.0
2026-05-01 03:00:00,1.27234,1.27346,1.27218,1.27314,5839.0
2026-05-01 04:00:00,1.27312,1.27339,1.27233,1.27279,3840.0
2026-05-01 05:00:00,1.27278,1.27363,1.27273,1.27359,3118.0
2026-05-01 06:00:00,1.27356,1.27368,1.27294,1.27314,3167.0
2026-05-01 07:00:00,1.27311,1.27318,1.27243,1.27279,4416.0
2026-05-01 08:00:00,1.27278,1.27302,1.2715,1.27234,5362.0
2026-05-01 09:00:00,1.27236,1.27299,1.27164,1.2718,5717.0
2026-05-01 10:00:00,1.27182,1.27197,1.27038,1.27129,6764.0
2026-05-01 11:00:00,1.27128,1.27213,1.27108,1.27178,5186.0
2026-05-01 12:00:00,1.2718,1.27244,1.27154,1.27242,3443.0
2026-05-01 13:00:00,1.27244,1.27294,1.27209,1.2727,3258.0
2026-05-01 14:00:00,1.2727,1.27341,1.27264,1.27292,2666.0
2026-05-01 15:00:00,1.27291,1.2733,1.27285,1.2732,755.0
2026-05-01 16:00:00,1.27319,1.27392,1.27244,1.27335,821.0
2026-05-03 17:00:00,1.27331,1.27378,1.27166,1.27186,1044.0
2026-05-03 18:00:00,1.27185,1.27481,1.27168,1.27268,2078.0
2026-05-03 19:00:00,1.27268,1.2732,1.27262,1.27298,964.0
2026-05-03 20:00:00,1.273,1.27338,1.27267,1.27292,3463.0
2026-05-03 21:00:00,1.2729,1.2736,1.27265,1.27314,2963.0
2026-05-03 22:00:00,1.27311,1.2741,1.2731,1.27342,2379.0
2026-05-03 23:00:00,1.27344,1.27382,1.27221,1.27262,3119.0
2026-05-04 00:00:00,1.2726,1.27338,1.27256,1.27314,2092.0
2026-05-04 01:00:00,1.27316,1.27336,1.2727,1.27287,1696.0
2026-05-04 02:00:00,1.27288,1.2736,1.2723,1.27344,1917.0
2026-05-04 03:00:00,1.27347,1.27464,1.27336,1.27434,2802.0
2026-05-04 04:00:00,1.27434,1.27492,1.27418,1.27449,2390.0
2026-05-04 05:00:00,1.27448,1.27483,1.27418,1.27456,2179.0
2026-05-04 06:00:00,1.27457,1.27688,1.27457,1.27565,6144.0
2026-05-04 07:00:00,1.27564,1.27639,1.27524,1.27628,4453.0
2026-05-04 08:00:00,1.27628,1.27628,1.27484,1.27526,3793.0
2026-05-04 09:00:00,1.27527,1.27584,1.2748,1.27516,4384.0
2026-05-04 10:00:00,1.27516,1.27571,1.27481,1.27555,4224.0
2026-05-04 11:00:00,1.27558,1.27736,1.2752,1.27717,6038.0
2026-05-04 12:00:00,1.27718,1.27816,1.27693,1.27776,5006.0
2026-05-04 13:00:00,1.27778,1.27791,1.27671,1.27702,3213.0
2026-05-04 14:00:00,1.27704,1.27742,1.27622,1.27634,1975.0
2026-05-04 15:00:00,1.27636,1.27698,1.27614,1.27667,3451.0
2026-05-04 16:00:00,1.2767,1.27763,1.27598,1.27697,794.0
2026-05-04 17:00:00,1.27732,1.27772,1.27687,1.27727,558.0
2026-05-04 18:00:00,1.27718,1.27726,1.27674,1.27692,661.0
2026-05-04 19:00:00,1.27702,1.27706,1.27678,1.27695,727.0
2026-05-04 20:00:00,1.27698,1.27752,1.27664,1.2771,2871.0
2026-05-04 21:00:00,1.27714,1.27748,1.27653,1.27656,2131.0
2026-05-04 22:00:00,1.27655,1.27684,1.27612,1.27683,2032.0
2026-05-04 23:00:00,1.27684,1.27752,1.27674,1.27739,1670.0
2026-05-05 00:00:00,1.27738,1.27781,1.27686,1.27776,1705.0
2026-05-05 01:00:00,1.27776,1.27796,1.27722,1.27754,2798.0
2026-05-05 02:00:00,1.27753,1.2778,1.27702,1.27717,3187.0
2026-05-05 03:00:00,1.27714,1.27719,1.27621,1.27677,3211.0
2026-05-05 04:00:00,1.27679,1.27706,1.27637,1.27673,2545.0
2026-05-05 05:00:00,1.27674,1.27759,1.27662,1.2768,2866.0
2026-05-05 06:00:00,1.27678,1.27705,1.27614,1.27683,2140.0
2026-05-05 07:00:00,1.27684,1.27732,1.27659,1.27688,4264.0
2026-05-05 08:00:00,1.27687,1.27729,1.27617,1.27667,4853.0
2026-05-05 09:00:00,1.27666,1.27668,1.27569,1.27595,4182.0
2026-05-05 10:00:00,1.2759,1.27648,1.27515,1.27516,4627.0
2026-05-05 11:00:00,1.27515,1.27528,1.27453,1.2748,4618.0
2026-05-05 12:00:00,1.2748,1.27558,1.27458,1.27548,2960.0
2026-05-05 13:00:00,1.27549,1.27578,1.27518,1.27546,2556.0
2026-05-05 14:00:00,1.27548,1.27568,1.27529,1.2755,2071.0
2026-05-05 15:00:00,1.27552,1.27592,1.2754,1.27577,2078.0
2026-05-05 16:00:00,1.27578,1.27586,1.27538,1.27549,642.0
2026-05-05 17:00:00,1.2753,1.27596,1.27479,1.27531,4064.0
2026-05-05 18:00:00,1.27558,1.27596,1.27456,1.27496,1951.0
2026-05-05 19:00:00,1.27496,1.27502,1.27384,1.27413,3509.0
2026-05-05 20:00:00,1.27413,1.27426,1.2729,1.27301,5357.0
2026-05-05 21:00:00,1.27302,1.27368,1.27276,1.27346,3850.0
2026-05-05 22:00:00,1.27346,1.27383,1.27322,1.27373,2486.0
2026-05-05 23:00:00,1.27374,1.27396,1.27332,1.27386,1832.0
2026-05-06 00:00:00,1.27387,1.27396,1.27094,1.27181,5171.0
2026-05-06 01:00:00,1.27182,1.27244,1.27163,1.27202,3211.0
2026-05-06 02:00:00,1.27202,1.27256,1.27174,1.27178,4373.0
2026-05-06 03:00:00,1.27176,1.27261,1.27029,1.27035,4550.0
2026-05-06 04:00:00,1.27036,1.27104,1.26794,1.26849,5004.0
2026-05-06 05:00:00,1.26854,1.26916,1.26742,1.26752,5046.0
2026-05-06 06:00:00,1.26749,1.26831,1.2657,1.26618,3683.0
2026-05-06 07:00:00,1.26618,1.26774,1.26601,1.2676,6131.0
2026-05-06 08:00:00,1.26758,1.26891,1.26754,1.26868,3790.0
2026-05-06 09:00:00,1.2687,1.2695,1.26824,1.26858,4855.0
2026-05-06 10:00:00,1.26859,1.26926,1.26756,1.26808,5073.0
2026-05-06 11:00:00,1.26808,1.26872,1.26805,1.26864,4615.0
2026-05-06 12:00:00,1.26865,1.26931,1.26837,1.26894,3855.0
2026-05-06 13:00:00,1.26898,1.26904,1.26822,1.26849,2920.0
2026-05-06 14:00:00,1.26846,1.26858,1.26798,1.26808,1933.0
2026-05-06 15:00:00,1.26808,1.26814,1.2677,1.26812,2469.0
2026-05-06 16:00:00,1.26811,1.26876,1.26796,1.26838,1227.0
2026-05-06 17:00:00,1.26701,1.26861,1.26701,1.2679,1821.0
2026-05-06 18:00:00,1.26786,1.2685,1.26756,1.26796,1992.0
2026-05-06 19:00:00,1.26795,1.26835,1.26774,1.26835,1192.0
2026-05-06 20:00:00,1.26834,1.26868,1.26764,1.26836,5162.0
2026-05-06 21:00:00,1.26836,1.26862,1.26648,1.26706,4255.0
2026-05-06 22:00:00,1.26708,1.26758,1.26695,1.2672,2660.0
2026-05-06 23:00:00,1.2672,1.26789,1.2672,1.26784,2015.0
2026-05-07 00:00:00,1.26785,1.26806,1.26756,1.26772,1734.0
2026-05-07 01:00:00,1.26771,1.26782,1.26741,1.26748,1817.0
2026-05-07 02:00:00,1.26752,1.26804,1.26668,1.26724,4079.0
2026-05-07 03:00:00,1.26724,1.26731,1.26556,1.2658,4280.0
2026-05-07 04:00:00,1.26578,1.26666,1.26533,1.26582,2558.0
2026-05-07 05:00:00,1.2658,1.26624,1.26552,1.2658,3638.0
2026-05-07 06:00:00,1.26582,1.26594,1.26547,1.26585,2848.0
2026-05-07 07:00:00,1.2658,1.266,1.26564,1.2657,3213.0
2026-05-07 08:00:00,1.26567,1.26586,1.26527,1.26582,3615.0
2026-05-07 09:00:00,1.26584,1.2665,1.26544,1.26615,4022.0
2026-05-07 10:00:00,1.26615,1.2665,1.26552,1.26554,4131.0
2026-05-07 11:00:00,1.2655,1.26708,1.26544,1.267,4084.0
2026-05-07 12:00:00,1.26704,1.26763,1.2669,1.2675,3089.0
2026-05-07 13:00:00,1.26748,1.26875,1.26722,1.2678,3870.0
2026-05-07 14:00:00,1.2678,1.26888,1.26772,1.26816,3511.0
2026-05-07 15:00:00,1.26815,1.26936,1.26783,1.26935,3288.0
2026-05-07 16:00:00,1.26934,1.2695,1.26779,1.26902,3877.0
2026-05-07 17:00:00,1.2688,1.2695,1.26783,1.26884,30916.0
2026-05-07 18:00:00,1.26908,1.26952,1.26882,1.26936,1428.0
2026-05-07 19:00:00,1.26936,1.26956,1.26906,1.2691,994.0
2026-05-07 20:00:00,1.26906,1.2697,1.2689,1.26934,4221.0
2026-05-07 21:00:00,1.26932,1.26932,1.26843,1.2687,3622.0
2026-05-07 22:00:00,1.26871,1.26969,1.26871,1.26906,2815.0
2026-05-07 23:00:00,1.26904,1.26918,1.26836,1.26896,2310.0
2026-05-08 00:00:00,1.26896,1.26926,1.26882,1.26905,2191.0
2026-05-08 01:00:00,1.26897,1.26917,1.26858,1.26894,2743.0
2026-05-08 02:00:00,1.26892,1.26896,1.26819,1.26864,4417.0
2026-05-08 03:00:00,1.26868,1.26895,1.26833,1.26866,4628.0
2026-05-08 04:00:00,1.26868,1.26889,1.2673,1.26747,4059.0
2026-05-08 05:00:00,1.26743,1.26803,1.26714,1.26769,2439.0
2026-05-08 06:00:00,1.26767,1.26826,1.26728,1.26788,2056.0
2026-05-08 07:00:00,1.26787,1.26812,1.26763,1.26776,2798.0
2026-05-08 08:00:00,1.26775,1.26848,1.26688,1.26746,4516.0
2026-05-08 09:00:00,1.2675,1.2681,1.26665,1.26708,5545.0
2026-05-08 10:00:00,1.2671,1.26802,1.26702,1.26741,5501.0
2026-05-08 11:00:00,1.26743,1.26768,1.26687,1.2671,3998.0
2026-05-08 12:00:00,1.26711,1.26738,1.26668,1.26731,3085.0
2026-05-08 13:00:00,1.26734,1.26736,1.26687,1.26718,2922.0
2026-05-08 14:00:00,1.26718,1.26726,1.26661,1.267,2716.0
2026-05-08 15:00:00,1.26702,1.26707,1.26667,1.26694,1016.0
2026-05-08 16:00:00,1.26692,1.26728,1.26559,1.267,667.0
2026-05-10 17:00:00,1.26662,1.26988,1.26651,1.26903,875.0
2026-05-10 18:00:00,1.26912,1.26912,1.26756,1.26836,2188.0
2026-05-10 19:00:00,1.26838,1.26846,1.26786,1.26812,1417.0
2026-05-10 20:00:00,1.26812,1.26835,1.26766,1.26772,3693.0
2026-05-10 21:00:00,1.26774,1.26896,1.26761,1.26874,3028.0
2026-05-10 22:00:00,1.26874,1.26934,1.26853,1.26934,2053.0
2026-05-10 23:00:00,1.26936,1.26954,1.26908,1.26938,1376.0
2026-05-11 00:00:00,1.26937,1.26972,1.26933,1.26964,1479.0
2026-05-11 01:00:00,1.26965,1.26996,1.26934,1.2699,1973.0
2026-05-11 02:00:00,1.26987,1.26988,1.26908,1.26912,2536.0
2026-05-11 03:00:00,1.2691,1.26962,1.26902,1.26939,2996.0
2026-05-11 04:00:00,1.26936,1.2695,1.2687,1.2691,3240.0
2026-05-11 05:00:00,1.26912,1.26976,1.26886,1.26976,2441.0
2026-05-11 06:00:00,1.26977,1.26996,1.26932,1.26956,2506.0
2026-05-11 07:00:00,1.26956,1.26976,1.26902,1.26938,3118.0
2026-05-11 08:00:00,1.26938,1.26973,1.26908,1.26915,3506.0
2026-05-11 09:00:00,1.2691,1.26912,1.26794,1.26817,3710.0
2026-05-11 10:00:00,1.2682,1.26874,1.26794,1.26818,4706.0
2026-05-11 11:00:00,1.26818,1.26854,1.26788,1.26827,3985.0
2026-05-11 12:00:00,1.26826,1.26891,1.26826,1.26866,2820.0
2026-05-11 13:00:00,1.26865,1.26884,1.26842,1.26852,2406.0
2026-05-11 14:00:00,1.26851,1.26896,1.26836,1.26886,2247.0
2026-05-11 15:00:00,1.26887,1.26916,1.26882,1.26898,1338.0
2026-05-11 16:00:00,1.269,1.2693,1.26822,1.26858,614.0
2026-05-11 17:00:00,1.2684,1.26874,1.2682,1.26862,1235.0
2026-05-11 18:00:00,1.26857,1.26896,1.26819,1.26861,1209.0
2026-05-11 19:00:00,1.26862,1.26923,1.26859,1.26912,519.0
2026-05-11 20:00:00,1.26913,1.27032,1.26913,1.27032,2295.0
2026-05-11 21:00:00,1.27032,1.2716,1.26998,1.27063,2845.0
2026-05-11 22:00:00,1.27058,1.27088,1.27034,1.27061,1757.0
2026-05-11 23:00:00,1.27063,1.27112,1.27058,1.27102,1226.0
2026-05-12 00:00:00,1.271,1.27114,1.27063,1.27084,1433.0
2026-05-12 01:00:00,1.27085,1.27176,1.27061,1.27083,2789.0
2026-05-12 02:00:00,1.27085,1.27224,1.27063,1.27223,3756.0
2026-05-12 03:00:00,1.27224,1.27326,1.27224,1.2727,3459.0
2026-05-12 04:00:00,1.27268,1.27337,1.27244,1.27302,2740.0
2026-05-12 05:00:00,1.27304,1.27338,1.27264,1.27295,2899.0
2026-05-12 06:00:00,1.27294,1.27314,1.27253,1.27296,2276.0
2026-05-12 07:00:00,1.27296,1.27341,1.27166,1.27192,3678.0
2026-05-12 08:00:00,1.27192,1.27275,1.27162,1.27184,4067.0
2026-05-12 09:00:00,1.27186,1.27308,1.27166,1.27292,5220.0
2026-05-12 10:00:00,1.2729,1.27294,1.27214,1.27218,4902.0
2026-05-12 11:00:00,1.27216,1.27326,1.2721,1.27269,3981.0
2026-05-12 12:00:00,1.27269,1.27314,1.2724,1.27302,2977.0
2026-05-12 13:00:00,1.27302,1.27302,1.27234,1.27246,2116.0
2026-05-12 14:00:00,1.27245,1.27284,1.27189,1.27202,2417.0
2026-05-12 15:00:00,1.272,1.27206,1.27149,1.27182,1927.0
2026-05-12 16:00:00,1.27182,1.27278,1.27178,1.27194,1759.0
2026-05-12 17:00:00,1.27206,1.27235,1.2712,1.27183,1898.0
2026-05-12 18:00:00,1.27168,1.272,1.27149,1.27156,888.0
2026-05-12 19:00:00,1.27154,1.27198,1.27146,1.27188,1072.0
2026-05-12 20:00:00,1.2719,1.27228,1.27175,1.27189,3252.0
2026-05-12 21:00:00,1.27188,1.27252,1.27116,1.27164,2573.0
2026-05-12 22:00:00,1.27167,1.27236,1.27154,1.27236,1755.0
2026-05-12 23:00:00,1.27236,1.27266,1.27176,1.27194,2006.0
2026-05-13 00:00:00,1.27194,1.27244,1.2719,1.27218,1190.0
2026-05-13 01:00:00,1.27218,1.2722,1.27166,1.27171,1884.0
2026-05-13 02:00:00,1.27171,1.27254,1.27162,1.27234,2224.0
2026-05-13 03:00:00,1.27235,1.27253,1.27195,1.27246,2707.0
2026-05-13 04:00:00,1.27244,1.27267,1.27196,1.27242,2124.0
2026-05-13 05:00:00,1.27242,1.27311,1.27241,1.2725,1995.0
2026-05-13 06:00:00,1.2725,1.27288,1.27233,1.27251,2918.0
2026-05-13 07:00:00,1.27254,1.27264,1.27214,1.27234,2764.0
2026-05-13 08:00:00,1.27233,1.2735,1.27214,1.27324,4136.0
2026-05-13 09:00:00,1.27326,1.27326,1.27248,1.2727,4860.0
2026-05-13 10:00:00,1.27273,1.27324,1.27258,1.27292,4130.0
2026-05-13 11:00:00,1.27292,1.27294,1.27202,1.27247,4312.0
2026-05-13 12:00:00,1.27246,1.27274,1.27198,1.27267,3036.0
2026-05-13 13:00:00,1.27269,1.27312,1.27256,1.2731,1691.0
2026-05-13 14:00:00,1.27309,1.27322,1.27262,1.27286,2229.0
2026-05-13 15:00:00,1.27285,1.27286,1.27259,1.27269,1566.0
2026-05-13 16:00:00,1.27271,1.27292,1.27185,1.2728,850.0
2026-05-13 17:00:00,1.27265,1.27294,1.27183,1.2725,813.0
2026-05-13 18:00:00,1.27253,1.27258,1.2718,1.27202,974.0
2026-05-13 19:00:00,1.27204,1.27252,1.27204,1.27233,1103.0
2026-05-13 20:00:00,1.27236,1.27248,1.27202,1.27229,2923.0
2026-05-13 21:00:00,1.27228,1.27266,1.27202,1.27257,2999.0
2026-05-13 22:00:00,1.27258,1.27284,1.27234,1.27254,2393.0
2026-05-13 23:00:00,1.27255,1.2732,1.27237,1.27312,2268.0
2026-05-14 00:00:00,1.2731,1.27322,1.27258,1.27294,1754.0
2026-05-14 01:00:00,1.27293,1.27336,1.2729,1.27334,2342.0
2026-05-14 02:00:00,1.27336,1.27336,1.27252,1.2726,2849.0
2026-05-14 03:00:00,1.27261,1.27372,1.27256,1.27361,3399.0
2026-05-14 04:00:00,1.27362,1.27366,1.27282,1.27302,3358.0
2026-05-14 05:00:00,1.27302,1.27346,1.27283,1.27316,2895.0
2026-05-14 06:00:00,1.27317,1.27352,1.27276,1.27326,2862.0
2026-05-14 07:00:00,1.27326,1.27366,1.27308,1.27363,3024.0
2026-05-14 08:00:00,1.27364,1.27386,1.27315,1.27362,3604.0
2026-05-14 09:00:00,1.27361,1.27466,1.27351,1.27416,4613.0
2026-05-14 10:00:00,1.2742,1.27464,1.27356,1.27462,5169.0
2026-05-14 11:00:00,1.27462,1.27506,1.27454,1.27464,3635.0
2026-05-14 12:00:00,1.27464,1.27532,1.27458,1.27495,3327.0
2026-05-14 13:00:00,1.27496,1.27524,1.27474,1.27522,2829.0
2026-05-14 14:00:00,1.27524,1.27552,1.27516,1.27524,2218.0
2026-05-14 15:00:00,1.27524,1.27606,1.27516,1.27588,2093.0
2026-05-14 16:00:00,1.2759,1.27624,1.27582,1.27607,750.0
2026-05-14 17:00:00,1.27604,1.2763,1.27379,1.27577,704.0
2026-05-14 18:00:00,1.27574,1.27607,1.27568,1.2758,512.0
2026-05-14 19:00:00,1.2758,1.27658,1.2758,1.27654,1322.0
2026-05-14 20:00:00,1.27654,1.27752,1.27618,1.27714,3689.0
2026-05-14 21:00:00,1.27715,1.27798,1.27691,1.27796,4650.0
2026-05-14 22:00:00,1.27794,1.27808,1.27684,1.2772,3234.0
2026-05-14 23:00:00,1.2772,1.27746,1.27705,1.27716,2909.0
2026-05-15 00:00:00,1.27718,1.27808,1.27716,1.278,1829.0
2026-05-15 01:00:00,1.27798,1.27949,1.27796,1.27924,3308.0
2026-05-15 02:00:00,1.27924,1.2795,1.27824,1.27896,5970.0
2026-05-15 03:00:00,1.27897,1.27916,1.27786,1.27886,4449.0
2026-05-15 04:00:00,1.27882,1.27979,1.27879,1.2796,5259.0
2026-05-15 05:00:00,1.2796,1.28075,1.2796,1.27989,4508.0
2026-05-15 06:00:00,1.27985,1.27994,1.27795,1.27826,5344.0
2026-05-15 07:00:00,1.27827,1.2799,1.27818,1.27974,5194.0
2026-05-15 08:00:00,1.27974,1.2805,1.27969,1.28004,6016.0
2026-05-15 09:00:00,1.28004,1.28078,1.27966,1.28054,7099.0
2026-05-15 10:00:00,1.28056,1.28085,1.27934,1.27978,6980.0
2026-05-15 11:00:00,1.27978,1.28086,1.2797,1.28042,5237.0
2026-05-15 12:00:00,1.28042,1.28062,1.27996,1.28018,2968.0
2026-05-15 13:00:00,1.28018,1.2802,1.2795,1.2801,2763.0
2026-05-15 14:00:00,1.28006,1.2807,1.28002,1.28042,2353.0
2026-05-15 15:00:00,1.28038,1.28068,1.28035,1.2805,969.0
2026-05-15 16:00:00,1.2805,1.28092,1.27994,1.28059,742.0
2026-05-17 17:00:00,1.2801,1.28053,1.27994,1.28018,61.0
2026-05-17 18:00:00,1.28006,1.28088,1.27992,1.28042,1532.0
2026-05-17 19:00:00,1.28036,1.28143,1.28034,1.28134,1756.0
2026-05-17 20:00:00,1.28134,1.28176,1.28054,1.28148,5077.0
2026-05-17 21:00:00,1.28148,1.28206,1.28088,1.28118,5428.0
2026-05-17 22:00:00,1.28125,1.28178,1.28121,1.2817,3850.0
2026-05-17 23:00:00,1.28167,1.28182,1.28096,1.28114,2945.0
2026-05-18 00:00:00,1.28114,1.28122,1.28075,1.28114,2026.0
2026-05-18 01:00:00,1.28112,1.28128,1.28065,1.28114,2552.0
2026-05-18 02:00:00,1.28114,1.28123,1.27976,1.27994,3529.0
2026-05-18 03:00:00,1.27993,1.28032,1.27898,1.27988,3038.0
2026-05-18 04:00:00,1.27987,1.28002,1.27843,1.27876,3476.0
2026-05-18 05:00:00,1.27876,1.27978,1.27867,1.27976,2456.0
2026-05-18 06:00:00,1.27976,1.28034,1.27968,1.28029,2557.0
2026-05-18 07:00:00,1.28028,1.28054,1.27844,1.27914,5520.0
2026-05-18 08:00:00,1.27914,1.27922,1.27758,1.27798,6249.0
2026-05-18 09:00:00,1.278,1.27879,1.2777,1.2782,6905.0
2026-05-18 10:00:00,1.2782,1.27922,1.2781,1.27898,7146.0
2026-05-18 11:00:00,1.27898,1.27966,1.27846,1.27868,6323.0
2026-05-18 12:00:00,1.2787,1.27922,1.27816,1.27868,4261.0
2026-05-18 13:00:00,1.27872,1.27884,1.27836,1.27872,3741.0
2026-05-18 14:00:00,1.27873,1.27998,1.27866,1.27994,3903.0
2026-05-18 15:00:00,1.27994,1.28,1.27794,1.27846,5233.0
2026-05-18 16:00:00,1.27843,1.27864,1.27791,1.27855,1174.0
2026-05-18 17:00:00,1.279,1.279,1.27828,1.27841,1151.0
2026-05-18 18:00:00,1.2785,1.27862,1.27795,1.27823,752.0
2026-05-18 19:00:00,1.27821,1.27848,1.27784,1.27843,822.0
2026-05-18 20:00:00,1.27844,1.27958,1.27834,1.27956,3559.0
2026-05-18 21:00:00,1.27956,1.27984,1.27899,1.27958,3966.0
2026-05-18 22:00:00,1.2796,1.28006,1.27943,1.27986,2815.0
2026-05-18 23:00:00,1.27987,1.2802,1.2797,1.27998,1880.0
2026-05-19 00:00:00,1.27994,1.28038,1.27986,1.28024,1983.0
2026-05-19 01:00:00,1.28022,1.28058,1.2799,1.27992,3075.0
2026-05-19 02:00:00,1.27992,1.2804,1.27974,1.28038,3903.0
2026-05-19 03:00:00,1.28039,1.28078,1.28009,1.28034,3760.0
2026-05-19 04:00:00,1.28032,1.28095,1.28016,1.28094,4295.0
2026-05-19 05:00:00,1.28096,1.28161,1.28093,1.28112,2192.0
2026-05-19 06:00:00,1.28112,1.28194,1.2806,1.28091,3945.0
2026-05-19 07:00:00,1.28092,1.28135,1.28082,1.28134,4946.0
2026-05-19 08:00:00,1.28134,1.28144,1.28049,1.28118,5815.0
2026-05-19 09:00:00,1.28121,1.28278,1.28116,1.28194,7020.0
2026-05-19 10:00:00,1.28194,1.28364,1.28173,1.28313,7466.0
2026-05-19 11:00:00,1.28312,1.28313,1.2823,1.28235,5099.0
2026-05-19 12:00:00,1.28236,1.28278,1.28154,1.28174,3617.0
2026-05-19 13:00:00,1.28175,1.28181,1.28139,1.28165,2280.0
2026-05-19 14:00:00,1.28164,1.28226,1.2814,1.28219,3288.0
2026-05-19 15:00:00,1.2822,1.28226,1.28186,1.28204,2244.0
2026-05-19 16:00:00,1.282,1.28242,1.28181,1.28235,1051.0
2026-05-19 17:00:00,1.28219,1.28254,1.28045,1.28164,2803.0
2026-05-19 18:00:00,1.28172,1.2824,1.28164,1.28188,919.0
2026-05-19 19:00:00,1.28187,1.28214,1.28151,1.28212,877.0
2026-05-19 20:00:00,1.28212,1.28285,1.28188,1.28235,3732.0
2026-05-19 21:00:00,1.28236,1.2832,1.28206,1.28228,3856.0
2026-05-19 22:00:00,1.28228,1.2825,1.28143,1.28215,2941.0
2026-05-19 23:00:00,1.28216,1.28233,1.28129,1.28152,2090.0
2026-05-20 00:00:00,1.28151,1.28217,1.281,1.28199,1778.0
2026-05-20 01:00:00,1.28199,1.28208,1.28153,1.28182,2559.0
2026-05-20 02:00:00,1.28184,1.28194,1.28121,1.28165,3835.0
2026-05-20 03:00:00,1.28166,1.28184,1.28076,1.281,3606.0
2026-05-20 04:00:00,1.281,1.28146,1.28042,1.28073,3233.0
2026-05-20 05:00:00,1.28076,1.28111,1.28033,1.28108,2555.0
2026-05-20 06:00:00,1.28108,1.28112,1.27999,1.28038,1964.0
2026-05-20 07:00:00,1.28039,1.28062,1.27986,1.28038,2951.0
2026-05-20 08:00:00,1.28037,1.2807,1.28002,1.28058,4087.0
2026-05-20 09:00:00,1.28059,1.28116,1.28054,1.28108,3902.0
2026-05-20 10:00:00,1.28105,1.28158,1.27782,1.27825,7600.0
2026-05-20 11:00:00,1.27824,1.27884,1.27624,1.27847,6920.0
2026-05-20 12:00:00,1.27846,1.27846,1.27753,1.27788,4329.0
2026-05-20 13:00:00,1.27786,1.27833,1.27775,1.27828,3621.0
2026-05-20 14:00:00,1.27827,1.27854,1.27716,1.27744,3394.0
2026-05-20 15:00:00,1.27746,1.27772,1.27714,1.27765,2041.0
2026-05-20 16:00:00,1.27766,1.27856,1.27755,1.27806,1417.0
2026-05-20 17:00:00,1.27816,1.27854,1.27774,1.27816,3479.0
2026-05-20 18:00:00,1.2781,1.2783,1.27756,1.27773,998.0
2026-05-20 19:00:00,1.27773,1.27807,1.27761,1.27804,1090.0
2026-05-20 20:00:00,1.27802,1.2785,1.27782,1.2779,3657.0
2026-05-20 21:00:00,1.27789,1.27927,1.2775,1.27874,3271.0
2026-05-20 22:00:00,1.27874,1.2799,1.27852,1.2798,2994.0
2026-05-20 23:00:00,1.27978,1.27984,1.27925,1.27942,2039.0
2026-05-21 00:00:00,1.27941,1.27956,1.27903,1.27912,1499.0
2026-05-21 01:00:00,1.27912,1.28004,1.27897,1.27952,2332.0
2026-05-21 02:00:00,1.27952,1.28007,1.27926,1.27974,4003.0
2026-05-21 03:00:00,1.27973,1.28044,1.27946,1.27954,4383.0
2026-05-21 04:00:00,1.27955,1.27962,1.2779,1.27884,4628.0
2026-05-21 05:00:00,1.27887,1.27898,1.27799,1.27856,3813.0
2026-05-21 06:00:00,1.27856,1.28038,1.27834,1.28001,5498.0
2026-05-21 07:00:00,1.28003,1.28035,1.27926,1.2802,4388.0
2026-05-21 08:00:00,1.2802,1.28064,1.27957,1.28016,5785.0
2026-05-21 09:00:00,1.28016,1.2813,1.2796,1.28002,5855.0
2026-05-21 10:00:00,1.27998,1.28056,1.27959,1.27971,6602.0
2026-05-21 11:00:00,1.2797,1.28062,1.27967,1.28004,5729.0
2026-05-21 12:00:00,1.28002,1.28028,1.27962,1.27976,3730.0
2026-05-21 13:00:00,1.27976,1.27987,1.27685,1.27724,5188.0
2026-05-21 14:00:00,1.27728,1.27892,1.27692,1.27852,5233.0
2026-05-21 15:00:00,1.27853,1.2786,1.27744,1.27775,3635.0
2026-05-21 16:00:00,1.27773,1.27812,1.27751,1.27767,956.0
2026-05-21 17:00:00,1.27829,1.27849,1.2773,1.27786,1666.0
2026-05-21 18:00:00,1.27739,1.27808,1.27714,1.27781,1088.0
2026-05-21 19:00:00,1.27779,1.27804,1.2777,1.27782,798.0
2026-05-21 20:00:00,1.2778,1.27856,1.27773,1.27831,2608.0
2026-05-21 21:00:00,1.27832,1.27914,1.27828,1.27914,2330.0
2026-05-21 22:00:00,1.27912,1.27921,1.27857,1.27898,2014.0
2026-05-21 23:00:00,1.279,1.27918,1.27872,1.27885,1476.0
2026-05-22 00:00:00,1.27882,1.27904,1.27866,1.27876,1148.0
2026-05-22 01:00:00,1.27878,1.27948,1.27853,1.27933,1844.0
2026-05-22 02:00:00,1.27932,1.27956,1.27896,1.27928,4226.0
2026-05-22 03:00:00,1.27929,1.28,1.27929,1.27971,4250.0
2026-05-22 04:00:00,1.27972,1.28004,1.27914,1.27992,4268.0
2026-05-22 05:00:00,1.27994,1.2806,1.27982,1.27983,3659.0
2026-05-22 06:00:00,1.27982,1.28038,1.27966,1.28024,2841.0
2026-05-22 07:00:00,1.28022,1.28058,1.28002,1.28028,3636.0
2026-05-22 08:00:00,1.28026,1.28042,1.27942,1.27951,5188.0
2026-05-22 09:00:00,1.27952,1.27994,1.27846,1.27946,6288.0
2026-05-22 10:00:00,1.27952,1.28046,1.27946,1.27976,5472.0
2026-05-22 11:00:00,1.27979,1.28,1.2794,1.27972,4417.0
2026-05-22 12:00:00,1.27972,1.27998,1.27922,1.27927,2665.0
2026-05-22 13:00:00,1.27926,1.27944,1.27863,1.27914,2958.0
2026-05-22 14:00:00,1.27913,1.2794,1.27899,1.27912,1463.0
2026-05-22 15:00:00,1.27914,1.27966,1.27906,1.27958,920.0
2026-05-22 16:00:00,1.27959,1.28039,1.27922,1.27991,1793.0
2026-05-24 17:00:00,1.27896,1.27962,1.27879,1.27956,289.0
2026-05-24 18:00:00,1.27952,1.27952,1.27738,1.27742,1319.0
2026-05-24 19:00:00,1.2774,1.27742,1.27702,1.27711,1149.0
2026-05-24 20:00:00,1.27711,1.27744,1.27636,1.2769,2415.0
2026-05-24 21:00:00,1.27688,1.27725,1.27601,1.27678,2701.0
2026-05-24 22:00:00,1.27677,1.27712,1.27644,1.27706,1071.0
2026-05-24 23:00:00,1.27705,1.27738,1.27677,1.27728,1195.0
2026-05-25 00:00:00,1.27727,1.27734,1.27666,1.27666,832.0
2026-05-25 01:00:00,1.27668,1.27736,1.27666,1.27727,850.0
2026-05-25 02:00:00,1.27728,1.27746,1.27712,1.27714,1514.0
2026-05-25 03:00:00,1.2771,1.27822,1.2771,1.27752,1866.0
2026-05-25 04:00:00,1.27746,1.27779,1.27697,1.27701,1240.0
2026-05-25 05:00:00,1.277,1.27728,1.27676,1.27726,1342.0
2026-05-25 06:00:00,1.27726,1.27748,1.27721,1.27744,1014.0
2026-05-25 07:00:00,1.27743,1.27764,1.27684,1.27724,1760.0
2026-05-25 08:00:00,1.27726,1.27741,1.27676,1.27708,2529.0
2026-05-25 09:00:00,1.27708,1.27744,1.27688,1.27742,1573.0
2026-05-25 10:00:00,1.27744,1.27744,1.27691,1.27694,1690.0
2026-05-25 11:00:00,1.27696,1.27718,1.27658,1.27694,1429.0
2026-05-25 12:00:00,1.27694,1.27718,1.27686,1.27688,743.0
2026-05-25 13:00:00,1.2769,1.27697,1.27678,1.27684,400.0
2026-05-25 14:00:00,1.27683,1.27696,1.27674,1.27684,346.0
2026-05-25 15:00:00,1.27682,1.27688,1.27664,1.27676,376.0
2026-05-25 16:00:00,1.27675,1.27708,1.27658,1.27696,354.0
2026-05-25 17:00:00,1.27702,1.27768,1.2769,1.27742,766.0
2026-05-25 18:00:00,1.27732,1.2777,1.27678,1.27705,730.0
2026-05-25 19:00:00,1.27707,1.27754,1.27684,1.27753,1048.0
2026-05-25 20:00:00,1.27754,1.27784,1.27691,1.27692,2730.0
2026-05-25 21:00:00,1.27693,1.27772,1.27674,1.27716,2093.0
2026-05-25 22:00:00,1.27716,1.27757,1.27694,1.27733,1834.0
2026-05-25 23:00:00,1.27732,1.27746,1.27682,1.27708,1485.0
2026-05-26 00:00:00,1.27706,1.27756,1.27704,1.27756,1158.0
2026-05-26 01:00:00,1.27754,1.27785,1.2775,1.27768,1925.0
2026-05-26 02:00:00,1.27766,1.27788,1.27694,1.27736,2354.0
2026-05-26 03:00:00,1.27734,1.27828,1.27724,1.27756,3882.0
2026-05-26 04:00:00,1.27756,1.27809,1.27743,1.27802,2681.0
2026-05-26 05:00:00,1.278,1.27826,1.27768,1.27772,2102.0
2026-05-26 06:00:00,1.27772,1.27798,1.27719,1.27736,2431.0
2026-05-26 07:00:00,1.27736,1.27784,1.27711,1.27782,3100.0
2026-05-26 08:00:00,1.27784,1.278,1.27761,1.27776,3598.0
2026-05-26 09:00:00,1.27775,1.2781,1.27737,1.27748,4344.0
2026-05-26 10:00:00,1.27748,1.27788,1.27716,1.27769,4918.0
2026-05-26 11:00:00,1.27772,1.27836,1.2777,1.2781,4668.0
2026-05-26 12:00:00,1.27807,1.27808,1.27743,1.27774,2331.0
2026-05-26 13:00:00,1.27775,1.27792,1.27752,1.2778,1507.0
2026-05-26 14:00:00,1.27782,1.27787,1.27736,1.27744,1596.0
2026-05-26 15:00:00,1.27742,1.27755,1.27716,1.27724,1907.0
2026-05-26 16:00:00,1.27726,1.27804,1.27713,1.27782,501.0
2026-05-26 17:00:00,1.27804,1.27825,1.27794,1.27802,381.0
2026-05-26 18:00:00,1.278,1.27802,1.2773,1.2773,514.0
2026-05-26 19:00:00,1.27731,1.27732,1.27651,1.27689,968.0
2026-05-26 20:00:00,1.27688,1.27716,1.27654,1.27693,2629.0
2026-05-26 21:00:00,1.27694,1.27741,1.27646,1.27741,2064.0
2026-05-26 22:00:00,1.27738,1.27746,1.27706,1.27715,1815.0
2026-05-26 23:00:00,1.27716,1.27724,1.27674,1.27712,1165.0
2026-05-27 00:00:00,1.27714,1.27714,1.27654,1.27666,1079.0
2026-05-27 01:00:00,1.27666,1.27707,1.2765,1.27706,1439.0
2026-05-27 02:00:00,1.27702,1.27735,1.27663,1.27712,2097.0
2026-05-27 03:00:00,1.27708,1.27766,1.27677,1.27756,3131.0
2026-05-27 04:00:00,1.27759,1.27773,1.27704,1.27708,2481.0
2026-05-27 05:00:00,1.27709,1.27724,1.27654,1.27684,1755.0
2026-05-27 06:00:00,1.27685,1.27764,1.27676,1.27748,2392.0
2026-05-27 07:00:00,1.27746,1.27796,1.27736,1.27776,2916.0
2026-05-27 08:00:00,1.27777,1.27797,1.27605,1.27716,6687.0
2026-05-27 09:00:00,1.27714,1.27722,1.27652,1.27652,6087.0
2026-05-27 10:00:00,1.27648,1.27754,1.27594,1.27751,6424.0
2026-05-27 11:00:00,1.2775,1.27762,1.27671,1.27712,5256.0
2026-05-27 12:00:00,1.2771,1.27744,1.27686,1.27704,2406.0
2026-05-27 13:00:00,1.27704,1.27769,1.27698,1.27748,2425.0
2026-05-27 14:00:00,1.27747,1.27778,1.27728,1.27734,2222.0
2026-05-27 15:00:00,1.27731,1.2775,1.27726,1.27732,1847.0
2026-05-27 16:00:00,1.2773,1.27756,1.27688,1.27713,490.0
2026-05-27 17:00:00,1.2772,1.27792,1.2769,1.27699,1066.0
2026-05-27 18:00:00,1.27704,1.27742,1.27682,1.2773,1055.0
2026-05-27 19:00:00,1.27731,1.27804,1.27718,1.27798,1403.0
2026-05-27 20:00:00,1.27796,1.27854,1.27773,1.27821,2519.0
2026-05-27 21:00:00,1.27822,1.2793,1.27819,1.27922,2024.0
2026-05-27 22:00:00,1.27921,1.2794,1.27874,1.27924,2339.0
2026-05-27 23:00:00,1.27922,1.28104,1.27898,1.2808,2806.0
2026-05-28 00:00:00,1.28084,1.2809,1.27995,1.27996,2179.0
2026-05-28 01:00:00,1.27994,1.28006,1.27904,1.27928,3504.0
2026-05-28 02:00:00,1.27929,1.27945,1.27853,1.2789,4707.0
2026-05-28 03:00:00,1.2789,1.27926,1.27858,1.27908,3477.0
2026-05-28 04:00:00,1.27904,1.27964,1.27879,1.27924,3140.0
2026-05-28 05:00:00,1.27923,1.27934,1.27872,1.2793,4104.0
2026-05-28 06:00:00,1.27929,1.28009,1.27909,1.27996,5129.0
2026-05-28 07:00:00,1.27996,1.28001,1.27929,1.27952,5751.0
2026-05-28 08:00:00,1.27949,1.27964,1.27822,1.27838,4785.0
2026-05-28 09:00:00,1.27836,1.279,1.27798,1.2789,6561.0
2026-05-28 10:00:00,1.27885,1.27916,1.27604,1.27672,10753.0
2026-05-28 11:00:00,1.27671,1.27674,1.276,1.27636,4811.0
2026-05-28 12:00:00,1.27634,1.2765,1.27508,1.27552,3178.0
2026-05-28 13:00:00,1.27548,1.27598,1.27543,1.27586,2300.0
2026-05-28 14:00:00,1.27585,1.27636,1.27567,1.27617,2097.0
2026-05-28 15:00:00,1.2762,1.27633,1.27594,1.27626,1835.0
2026-05-28 16:00:00,1.27624,1.27634,1.27572,1.27624,497.0
2026-05-28 17:00:00,1.27576,1.27607,1.27561,1.27576,264.0
2026-05-28 18:00:00,1.27576,1.27627,1.27576,1.27618,707.0
2026-05-28 19:00:00,1.27618,1.27636,1.27594,1.27612,981.0
2026-05-28 20:00:00,1.27613,1.27663,1.27584,1.27647,3019.0
2026-05-28 21:00:00,1.27648,1.27684,1.27585,1.27648,3077.0
2026-05-28 22:00:00,1.27648,1.27671,1.27622,1.27668,2614.0
2026-05-28 23:00:00,1.27666,1.27737,1.27664,1.27726,2654.0
2026-05-29 00:00:00,1.27726,1.27746,1.27698,1.27706,2145.0
2026-05-29 01:00:00,1.27706,1.27712,1.27678,1.27688,2312.0
2026-05-29 02:00:00,1.27684,1.27736,1.27658,1.27704,2768.0
2026-05-29 03:00:00,1.27704,1.27805,1.27704,1.27764,4148.0
2026-05-29 04:00:00,1.27765,1.27856,1.27765,1.2782,2113.0
2026-05-29 05:00:00,1.27819,1.27828,1.27749,1.27773,2442.0
2026-05-29 06:00:00,1.2777,1.278,1.2775,1.27772,3250.0
2026-05-29 07:00:00,1.27774,1.27782,1.27686,1.27686,5426.0
2026-05-29 08:00:00,1.27694,1.27718,1.27662,1.27664,5405.0
2026-05-29 09:00:00,1.27663,1.2769,1.27638,1.27676,4574.0
2026-05-29 10:00:00,1.27676,1.27728,1.27512,1.27536,9638.0
2026-05-29 11:00:00,1.27536,1.27562,1.27494,1.27552,6490.0
2026-05-29 12:00:00,1.27551,1.27606,1.27544,1.27582,4201.0
2026-05-29 13:00:00,1.27582,1.2766,1.27578,1.2766,2871.0
2026-05-29 14:00:00,1.27662,1.27665,1.27605,1.27642,2231.0
2026-05-29 15:00:00,1.2764,1.27643,1.276,1.27624,1369.0
2026-05-29 16:00:00,1.27626,1.27694,1.2761,1.27658,538.0
2026-05-31 17:00:00,1.27655,1.27738,1.27594,1.276,1300.0
2026-05-31 18:00:00,1.276,1.27722,1.276,1.27705,849.0
2026-05-31 19:00:00,1.27704,1.27717,1.2765,1.27696,1575.0
2026-05-31 20:00:00,1.27696,1.27766,1.27673,1.2775,2417.0
2026-05-31 21:00:00,1.27746,1.27816,1.27736,1.27786,2796.0
2026-05-31 22:00:00,1.27788,1.27825,1.27773,1.27779,3006.0
2026-05-31 23:00:00,1.27776,1.2781,1.27756,1.27782,3099.0
2026-06-01 00:00:00,1.2778,1.27784,1.2775,1.27758,1211.0
2026-06-01 01:00:00,1.27756,1.27764,1.27686,1.27704,3362.0
2026-06-01 02:00:00,1.27701,1.27738,1.27663,1.27699,4403.0
2026-06-01 03:00:00,1.27698,1.27784,1.27696,1.27743,4712.0
2026-06-01 04:00:00,1.27738,1.27756,1.27718,1.27722,2883.0
2026-06-01 05:00:00,1.27718,1.27782,1.27705,1.27768,5360.0
2026-06-01 06:00:00,1.27768,1.27788,1.27747,1.27758,5469.0
2026-06-01 07:00:00,1.27758,1.27793,1.2775,1.27775,5276.0
2026-06-01 08:00:00,1.27775,1.27796,1.27744,1.27762,6682.0
2026-06-01 09:00:00,1.2776,1.28024,1.27758,1.28022,11765.0
2026-06-01 10:00:00,1.28022,1.28034,1.27937,1.27966,8666.0
2026-06-01 11:00:00,1.27964,1.27978,1.27844,1.27888,5402.0
2026-06-01 12:00:00,1.27886,1.2795,1.27831,1.27848,2845.0
2026-06-01 13:00:00,1.27848,1.27886,1.2779,1.27826,3781.0
2026-06-01 14:00:00,1.27826,1.27876,1.27822,1.27876,1591.0
2026-06-01 15:00:00,1.27875,1.27893,1.27851,1.27878,1672.0
2026-06-01 16:00:00,1.2788,1.27904,1.27827,1.27896,1620.0
2026-06-01 17:00:00,1.27882,1.27933,1.27852,1.2787,2264.0
2026-06-01 18:00:00,1.2787,1.27902,1.27855,1.2786,1289.0
2026-06-01 19:00:00,1.27858,1.27869,1.27829,1.27842,954.0
2026-06-01 20:00:00,1.27837,1.27905,1.27834,1.2788,2755.0
2026-06-01 21:00:00,1.2788,1.27917,1.2782,1.27907,3404.0
2026-06-01 22:00:00,1.27906,1.27906,1.27852,1.27871,3297.0
2026-06-01 23:00:00,1.2787,1.27876,1.27826,1.27834,2559.0
2026-06-02 00:00:00,1.27836,1.27864,1.27825,1.27828,2277.0
2026-06-02 01:00:00,1.27829,1.27845,1.27804,1.27845,2514.0
2026-06-02 02:00:00,1.27846,1.27846,1.27748,1.2775,4819.0
2026-06-02 03:00:00,1.2775,1.278,1.27738,1.27774,5409.0
2026-06-02 04:00:00,1.27774,1.27836,1.27742,1.27819,3950.0
2026-06-02 05:00:00,1.27818,1.27848,1.27816,1.27841,3195.0
2026-06-02 06:00:00,1.27846,1.27872,1.27827,1.27864,2530.0
2026-06-02 07:00:00,1.27863,1.27874,1.2783,1.27844,3809.0
2026-06-02 08:00:00,1.27842,1.27866,1.27824,1.27853,4611.0
2026-06-02 09:00:00,1.27854,1.27924,1.27838,1.27888,5588.0
2026-06-02 10:00:00,1.27884,1.27952,1.27845,1.27871,5314.0
2026-06-02 11:00:00,1.27873,1.279,1.27858,1.27882,3388.0
2026-06-02 12:00:00,1.27881,1.27974,1.27875,1.27946,2417.0
2026-06-02 13:00:00,1.27946,1.28016,1.27937,1.28006,1789.0
2026-06-02 14:00:00,1.28005,1.28039,1.27946,1.27964,1949.0
2026-06-02 15:00:00,1.27964,1.27972,1.27954,1.27965,2074.0
2026-06-02 16:00:00,1.27965,1.27981,1.27948,1.2796,393.0
2026-06-02 17:00:00,1.27926,1.2795,1.27839,1.27943,819.0
2026-06-02 18:00:00,1.27946,1.28007,1.27939,1.28,1010.0
2026-06-02 19:00:00,1.27998,1.28047,1.27982,1.28034,1457.0
2026-06-02 20:00:00,1.28034,1.28036,1.27938,1.27951,1771.0
2026-06-02 21:00:00,1.2795,1.27976,1.27902,1.27939,2528.0
2026-06-02 22:00:00,1.27938,1.27994,1.27928,1.27982,2914.0
2026-06-02 23:00:00,1.27982,1.27996,1.27957,1.27981,1609.0
2026-06-03 00:00:00,1.2798,1.28021,1.27976,1.28008,1195.0
2026-06-03 01:00:00,1.28009,1.28098,1.27994,1.28094,2379.0
2026-06-03 02:00:00,1.28094,1.2817,1.28057,1.28142,6631.0
2026-06-03 03:00:00,1.28144,1.2822,1.28111,1.28134,6355.0
2026-06-03 04:00:00,1.28131,1.28247,1.28131,1.28236,5001.0
2026-06-03 05:00:00,1.28236,1.28238,1.28176,1.28204,3568.0
2026-06-03 06:00:00,1.282,1.28209,1.28108,1.28182,3878.0
2026-06-03 07:00:00,1.28182,1.28186,1.28148,1.28178,2216.0
2026-06-03 08:00:00,1.2818,1.28322,1.28173,1.28283,3667.0
2026-06-03 09:00:00,1.28284,1.28324,1.28254,1.2832,5588.0
2026-06-03 10:00:00,1.28325,1.28348,1.2825,1.28275,7349.0
2026-06-03 11:00:00,1.28275,1.28336,1.28272,1.28318,4605.0
2026-06-03 12:00:00,1.28317,1.28386,1.28315,1.28349,2484.0
2026-06-03 13:00:00,1.28351,1.28396,1.28323,1.28386,1957.0
2026-06-03 14:00:00,1.28384,1.28418,1.2838,1.28398,1509.0
2026-06-03 15:00:00,1.28397,1.28408,1.2838,1.28398,1581.0
2026-06-03 16:00:00,1.28398,1.28406,1.28331,1.28337,564.0
2026-06-03 17:00:00,1.283,1.28317,1.2825,1.283,781.0
2026-06-03 18:00:00,1.28333,1.28389,1.28284,1.28315,414.0
2026-06-03 19:00:00,1.28316,1.28358,1.28288,1.28306,853.0
2026-06-03 20:00:00,1.28306,1.28327,1.28254,1.28306,3809.0
2026-06-03 21:00:00,1.28308,1.28336,1.28279,1.28296,2543.0
2026-06-03 22:00:00,1.28292,1.28356,1.28284,1.28298,3836.0
2026-06-03 23:00:00,1.28299,1.28378,1.28296,1.28356,2794.0
2026-06-04 00:00:00,1.28355,1.28368,1.28298,1.28328,2967.0
2026-06-04 01:00:00,1.28327,1.2837,1.28314,1.28318,2701.0
2026-06-04 02:00:00,1.28316,1.28358,1.28281,1.28339,5390.0
2026-06-04 03:00:00,1.28338,1.28477,1.28334,1.28436,5551.0
2026-06-04 04:00:00,1.28438,1.2845,1.2838,1.28396,4984.0
2026-06-04 05:00:00,1.28396,1.28398,1.28306,1.28332,4135.0
2026-06-04 06:00:00,1.28335,1.28384,1.28333,1.28355,2502.0
2026-06-04 07:00:00,1.28354,1.28356,1.28215,1.28229,3946.0
2026-06-04 08:00:00,1.2823,1.28293,1.28206,1.28282,3145.0
2026-06-04 09:00:00,1.28282,1.28302,1.28254,1.28274,4152.0
2026-06-04 10:00:00,1.28273,1.28394,1.28253,1.28368,3487.0
2026-06-04 11:00:00,1.2837,1.28396,1.28346,1.28352,3041.0
2026-06-04 12:00:00,1.28351,1.28388,1.28341,1.28388,2183.0
2026-06-04 13:00:00,1.2839,1.28428,1.2839,1.28424,1679.0
2026-06-04 14:00:00,1.28424,1.28455,1.28404,1.28452,1709.0
2026-06-04 15:00:00,1.28451,1.2848,1.2844,1.28476,2290.0
2026-06-04 16:00:00,1.28476,1.28497,1.28451,1.28456,361.0
2026-06-04 17:00:00,1.28391,1.2845,1.28337,1.28414,1109.0
2026-06-04 18:00:00,1.2839,1.28472,1.2839,1.2846,554.0
2026-06-04 19:00:00,1.28458,1.28482,1.28438,1.28478,726.0
2026-06-04 20:00:00,1.28478,1.28512,1.28458,1.2851,2410.0
2026-06-04 21:00:00,1.28517,1.28622,1.28516,1.28554,2462.0
2026-06-04 22:00:00,1.28554,1.28565,1.28492,1.28528,2102.0
2026-06-04 23:00:00,1.28527,1.28548,1.28493,1.2854,2609.0
2026-06-05 00:00:00,1.28539,1.28544,1.28473,1.28488,2124.0
2026-06-05 01:00:00,1.2849,1.28514,1.28444,1.28512,2796.0
2026-06-05 02:00:00,1.28513,1.28528,1.28424,1.28442,4576.0
2026-06-05 03:00:00,1.28444,1.28454,1.28354,1.28405,4417.0
2026-06-05 04:00:00,1.28406,1.28408,1.28346,1.28396,5163.0
2026-06-05 05:00:00,1.28397,1.28406,1.28284,1.28318,4006.0
2026-06-05 06:00:00,1.28316,1.28326,1.28275,1.28312,3438.0
2026-06-05 07:00:00,1.28313,1.28356,1.28308,1.28332,2662.0
2026-06-05 08:00:00,1.28332,1.28716,1.28321,1.2871,6014.0
2026-06-05 09:00:00,1.28709,1.28846,1.28614,1.28846,7494.0
2026-06-05 10:00:00,1.2885,1.28966,1.28767,1.28894,7465.0
2026-06-05 11:00:00,1.28896,1.29056,1.28886,1.29048,3530.0
2026-06-05 12:00:00,1.29049,1.29109,1.29026,1.29035,4037.0
2026-06-05 13:00:00,1.29035,1.29124,1.29033,1.29086,3482.0
2026-06-05 14:00:00,1.29085,1.29129,1.29074,1.29124,2163.0
2026-06-05 15:00:00,1.29122,1.29142,1.29058,1.29061,829.0
2026-06-05 16:00:00,1.29062,1.29144,1.29056,1.29084,1006.0
2026-06-07 17:00:00,1.29031,1.29108,1.28877,1.29108,407.0
2026-06-07 18:00:00,1.29098,1.29176,1.29052,1.29156,865.0
2026-06-07 19:00:00,1.29158,1.29158,1.29094,1.29112,1306.0
2026-06-07 20:00:00,1.29114,1.29125,1.28977,1.28992,2917.0
2026-06-07 21:00:00,1.28997,1.29148,1.28977,1.29052,4296.0
2026-06-07 22:00:00,1.2905,1.2908,1.29009,1.29068,3419.0
2026-06-07 23:00:00,1.29068,1.29102,1.2904,1.29053,3060.0
2026-06-08 00:00:00,1.2905,1.29064,1.29004,1.29046,2124.0
2026-06-08 01:00:00,1.29046,1.2911,1.28962,1.2909,4452.0
2026-06-08 02:00:00,1.2909,1.29107,1.28998,1.29014,4753.0
2026-06-08 03:00:00,1.29014,1.29038,1.28945,1.29016,7281.0
2026-06-08 04:00:00,1.29018,1.29024,1.28936,1.28978,6624.0
2026-06-08 05:00:00,1.28982,1.29016,1.28904,1.28925,5522.0
2026-06-08 06:00:00,1.28923,1.28974,1.28808,1.28866,4969.0
2026-06-08 07:00:00,1.28866,1.28872,1.28707,1.28757,4553.0
2026-06-08 08:00:00,1.28758,1.28768,1.28702,1.28728,5840.0
2026-06-08 09:00:00,1.28726,1.28786,1.28673,1.28781,8568.0
2026-06-08 10:00:00,1.28783,1.2885,1.28752,1.28786,7527.0
2026-06-08 11:00:00,1.28784,1.2885,1.28761,1.28814,4787.0
2026-06-08 12:00:00,1.28814,1.28834,1.28792,1.28828,2369.0
2026-06-08 13:00:00,1.28828,1.28846,1.28808,1.28821,3121.0
2026-06-08 14:00:00,1.28822,1.28876,1.28785,1.2887,2352.0
2026-06-08 15:00:00,1.28873,1.28876,1.28844,1.28866,2194.0
2026-06-08 16:00:00,1.28866,1.2888,1.2883,1.2884,503.0
2026-06-08 17:00:00,1.2886,1.28884,1.28829,1.28846,2084.0
2026-06-08 18:00:00,1.28835,1.28886,1.28798,1.28832,984.0
2026-06-08 19:00:00,1.28834,1.28894,1.28822,1.28884,967.0
2026-06-08 20:00:00,1.28886,1.28918,1.28816,1.28822,3466.0
2026-06-08 21:00:00,1.28819,1.28824,1.28706,1.28713,2636.0
2026-06-08 22:00:00,1.28712,1.28738,1.2868,1.28724,2971.0
2026-06-08 23:00:00,1.28721,1.28756,1.28683,1.28736,2531.0
2026-06-09 00:00:00,1.28736,1.28744,1.28654,1.28663,1097.0
2026-06-09 01:00:00,1.28661,1.28687,1.28547,1.28554,2625.0
2026-06-09 02:00:00,1.28553,1.28619,1.28473,1.28584,4965.0
2026-06-09 03:00:00,1.28584,1.28674,1.28567,1.28668,5183.0
2026-06-09 04:00:00,1.28668,1.28704,1.28573,1.28594,5806.0
2026-06-09 05:00:00,1.28594,1.28596,1.28537,1.28575,3042.0
2026-06-09 06:00:00,1.28577,1.2861,1.28534,1.28559,2636.0
2026-06-09 07:00:00,1.28558,1.28563,1.28515,1.28532,2590.0
2026-06-09 08:00:00,1.28533,1.28564,1.28505,1.28531,4145.0
2026-06-09 09:00:00,1.28528,1.28586,1.28465,1.28544,6634.0
2026-06-09 10:00:00,1.28545,1.28618,1.28486,1.2859,6014.0
2026-06-09 11:00:00,1.2859,1.28727,1.28566,1.28666,5412.0
2026-06-09 12:00:00,1.28666,1.28844,1.28638,1.28758,5758.0
2026-06-09 13:00:00,1.28756,1.28758,1.28655,1.2869,3831.0
2026-06-09 14:00:00,1.28688,1.28706,1.28646,1.28664,3440.0
2026-06-09 15:00:00,1.28663,1.28729,1.2866,1.28706,3342.0
2026-06-09 16:00:00,1.28708,1.28713,1.28658,1.28686,854.0
2026-06-09 17:00:00,1.28672,1.28688,1.28635,1.2865,326.0
2026-06-09 18:00:00,1.2863,1.28758,1.2863,1.2873,592.0
2026-06-09 19:00:00,1.2873,1.28774,1.28722,1.28734,1293.0
2026-06-09 20:00:00,1.28736,1.28756,1.28675,1.28688,3983.0
2026-06-09 21:00:00,1.28686,1.2878,1.28685,1.28774,3621.0
2026-06-09 22:00:00,1.28772,1.28806,1.28738,1.28784,4466.0
2026-06-09 23:00:00,1.28783,1.28784,1.28706,1.28722,3235.0
2026-06-10 00:00:00,1.28722,1.28763,1.28712,1.28749,3266.0
2026-06-10 01:00:00,1.28754,1.28774,1.2868,1.28707,4325.0
2026-06-10 02:00:00,1.28704,1.28763,1.28676,1.2876,4026.0
2026-06-10 03:00:00,1.28762,1.28776,1.28721,1.28747,3485.0
2026-06-10 04:00:00,1.28748,1.28814,1.28748,1.28774,6004.0
2026-06-10 05:00:00,1.28776,1.28799,1.28722,1.2873,5634.0
2026-06-10 06:00:00,1.28728,1.28773,1.28728,1.28754,6096.0
2026-06-10 07:00:00,1.28752,1.28854,1.28746,1.28834,8413.0
2026-06-10 08:00:00,1.28834,1.28842,1.28661,1.28769,7287.0
2026-06-10 09:00:00,1.28768,1.28774,1.28548,1.28607,7014.0
2026-06-10 10:00:00,1.28606,1.28675,1.28568,1.28654,8217.0
2026-06-10 11:00:00,1.28653,1.28766,1.28612,1.28661,8589.0
2026-06-10 12:00:00,1.28658,1.28694,1.28622,1.28678,4513.0
2026-06-10 13:00:00,1.28677,1.28731,1.28646,1.28674,4145.0
2026-06-10 14:00:00,1.28675,1.28724,1.28643,1.28719,3530.0
2026-06-10 15:00:00,1.28717,1.2877,1.28716,1.2877,3345.0
2026-06-10 16:00:00,1.2877,1.28858,1.28675,1.28728,952.0
2026-06-10 17:00:00,1.28756,1.28784,1.28734,1.2878,1095.0
2026-06-10 18:00:00,1.28778,1.28847,1.28752,1.28844,743.0
2026-06-10 19:00:00,1.28844,1.2888,1.28789,1.28818,2701.0
2026-06-10 20:00:00,1.28818,1.28828,1.2874,1.28746,4679.0
2026-06-10 21:00:00,1.28746,1.28768,1.28672,1.28704,3236.0
2026-06-10 22:00:00,1.28703,1.28786,1.287,1.28751,3000.0
2026-06-10 23:00:00,1.28754,1.2876,1.28712,1.28724,1793.0
2026-06-11 00:00:00,1.28723,1.28742,1.28684,1.28704,2209.0
2026-06-11 01:00:00,1.28704,1.28733,1.28674,1.28733,3015.0
2026-06-11 02:00:00,1.28735,1.28774,1.28726,1.28774,1668.0
2026-06-11 03:00:00,1.28774,1.28794,1.28695,1.28766,3296.0
2026-06-11 04:00:00,1.28765,1.2885,1.2876,1.28836,2002.0
2026-06-11 05:00:00,1.28836,1.28856,1.28795,1.28815,1623.0
2026-06-11 06:00:00,1.28816,1.2888,1.28802,1.28836,2362.0
2026-06-11 07:00:00,1.28836,1.28854,1.28774,1.2879,3460.0
2026-06-11 08:00:00,1.2879,1.28914,1.28764,1.28804,6908.0
2026-06-11 09:00:00,1.28804,1.28897,1.28758,1.28816,7139.0
2026-06-11 10:00:00,1.28816,1.2891,1.28808,1.28902,7546.0
2026-06-11 11:00:00,1.28902,1.28917,1.28834,1.28892,3856.0
2026-06-11 12:00:00,1.28893,1.28928,1.28874,1.28924,3263.0
2026-06-11 13:00:00,1.28924,1.28948,1.28522,1.28594,6904.0
2026-06-11 14:00:00,1.2859,1.2868,1.28478,1.28544,5169.0
2026-06-11 15:00:00,1.28546,1.28546,1.28312,1.28368,5144.0
2026-06-11 16:00:00,1.2837,1.28438,1.28318,1.28406,1362.0
2026-06-11 17:00:00,1.28558,1.28624,1.28451,1.2847,1282.0
2026-06-11 18:00:00,1.28465,1.28477,1.28352,1.28364,1070.0
2026-06-11 19:00:00,1.28364,1.28428,1.28352,1.28416,1800.0
2026-06-11 20:00:00,1.28416,1.28496,1.28408,1.2847,4025.0
2026-06-11 21:00:00,1.28468,1.28514,1.28464,1.28494,2863.0
2026-06-11 22:00:00,1.28492,1.28522,1.28454,1.28498,3727.0
2026-06-11 23:00:00,1.28498,1.2852,1.28435,1.28446,3456.0
2026-06-12 00:00:00,1.28446,1.28492,1.28428,1.28464,2375.0
2026-06-12 01:00:00,1.28465,1.28576,1.28446,1.2856,2448.0
2026-06-12 02:00:00,1.28558,1.2856,1.28482,1.28486,2963.0
2026-06-12 03:00:00,1.28483,1.2857,1.28477,1.28489,6281.0
2026-06-12 04:00:00,1.28486,1.28504,1.28312,1.28368,6400.0
2026-06-12 05:00:00,1.28367,1.28383,1.28258,1.28318,3427.0
2026-06-12 06:00:00,1.2832,1.28426,1.28302,1.28376,4322.0
2026-06-12 07:00:00,1.28374,1.28405,1.28332,1.28384,1896.0
2026-06-12 08:00:00,1.28386,1.28458,1.28384,1.28428,2907.0
2026-06-12 09:00:00,1.28429,1.28442,1.28315,1.28419,4255.0
2026-06-12 10:00:00,1.28421,1.28438,1.28296,1.28318,5249.0
2026-06-12 11:00:00,1.28318,1.28363,1.28269,1.2836,6337.0
2026-06-12 12:00:00,1.28359,1.28384,1.28298,1.28334,4204.0
2026-06-12 13:00:00,1.28334,1.28356,1.28308,1.28345,2544.0
2026-06-12 14:00:00,1.28346,1.28364,1.28316,1.28348,1215.0
2026-06-12 15:00:00,1.28346,1.28378,1.28324,1.28352,785.0
2026-06-12 16:00:00,1.28353,1.28491,1.28327,1.28432,1183.0
2026-06-14 17:00:00,1.28349,1.28474,1.28244,1.28363,3087.0
2026-06-14 18:00:00,1.28304,1.28349,1.28145,1.28158,1723.0
2026-06-14 19:00:00,1.28162,1.28183,1.28088,1.28128,1620.0
2026-06-14 20:00:00,1.28124,1.28152,1.28043,1.28147,3005.0
2026-06-14 21:00:00,1.2815,1.28206,1.28147,1.28182,2055.0
2026-06-14 22:00:00,1.28182,1.28202,1.28154,1.28197,3867.0
2026-06-14 23:00:00,1.28198,1.28198,1.28164,1.28176,2513.0
2026-06-15 00:00:00,1.28175,1.28196,1.28132,1.2815,1708.0
2026-06-15 01:00:00,1.28148,1.2815,1.28082,1.28096,3203.0
2026-06-15 02:00:00,1.28096,1.28232,1.28086,1.28173,5420.0
2026-06-15 03:00:00,1.28174,1.28202,1.28138,1.28158,4912.0
2026-06-15 04:00:00,1.28158,1.28214,1.28126,1.28168,4052.0
2026-06-15 05:00:00,1.28166,1.28207,1.28124,1.28197,5374.0
2026-06-15 06:00:00,1.28198,1.28236,1.2817,1.28197,4798.0
2026-06-15 07:00:00,1.28198,1.28234,1.2817,1.2821,5039.0
2026-06-15 08:00:00,1.28214,1.28242,1.28136,1.2816,5524.0
2026-06-15 09:00:00,1.28159,1.28207,1.28132,1.28156,4492.0
2026-06-15 10:00:00,1.28155,1.28217,1.2814,1.2819,4434.0
2026-06-15 11:00:00,1.28194,1.2825,1.28188,1.28233,3283.0
2026-06-15 12:00:00,1.28234,1.2826,1.28206,1.2823,1708.0
2026-06-15 13:00:00,1.28228,1.28274,1.28227,1.28266,1525.0
2026-06-15 14:00:00,1.28262,1.28296,1.28242,1.2828,1355.0
2026-06-15 15:00:00,1.28276,1.28333,1.28272,1.2833,2056.0
2026-06-15 16:00:00,1.2833,1.28334,1.28263,1.28272,1753.0
2026-06-15 17:00:00,1.2826,1.28282,1.28233,1.28256,1371.0
2026-06-15 18:00:00,1.2825,1.28316,1.28244,1.28286,486.0
2026-06-15 19:00:00,1.2829,1.28294,1.28262,1.28285,451.0
2026-06-15 20:00:00,1.28284,1.28318,1.2826,1.28263,1870.0
2026-06-15 21:00:00,1.28264,1.28306,1.28238,1.28295,1836.0
2026-06-15 22:00:00,1.28296,1.2833,1.28274,1.28284,2476.0
2026-06-15 23:00:00,1.28285,1.28318,1.28271,1.28284,1885.0
2026-06-16 00:00:00,1.28286,1.2838,1.2828,1.28334,2225.0
2026-06-16 01:00:00,1.28335,1.28356,1.2831,1.28354,2309.0
2026-06-16 02:00:00,1.28351,1.28366,1.28258,1.28266,3949.0
2026-06-16 03:00:00,1.28265,1.28304,1.28209,1.28214,5022.0
2026-06-16 04:00:00,1.28214,1.28236,1.28153,1.28162,4022.0
2026-06-16 05:00:00,1.2816,1.28198,1.28154,1.28186,2710.0
2026-06-16 06:00:00,1.28185,1.28188,1.28107,1.28117,2919.0
2026-06-16 07:00:00,1.28116,1.28212,1.28116,1.28202,2129.0
2026-06-16 08:00:00,1.282,1.28236,1.28175,1.28182,1787.0
2026-06-16 09:00:00,1.28184,1.28239,1.2817,1.28227,3072.0
2026-06-16 10:00:00,1.28228,1.28281,1.2817,1.28176,3387.0
2026-06-16 11:00:00,1.28173,1.28228,1.28128,1.28156,3099.0
2026-06-16 12:00:00,1.28156,1.28185,1.28138,1.28172,2462.0
2026-06-16 13:00:00,1.28173,1.28215,1.28173,1.28204,1599.0
2026-06-16 14:00:00,1.28205,1.28234,1.28188,1.28214,1265.0
2026-06-16 15:00:00,1.28214,1.28259,1.28201,1.2825,1690.0
2026-06-16 16:00:00,1.28251,1.28267,1.28172,1.28212,1131.0
2026-06-16 17:00:00,1.28193,1.28224,1.28168,1.28193,873.0
2026-06-16 18:00:00,1.28194,1.28253,1.2819,1.28232,2162.0
2026-06-16 19:00:00,1.28228,1.28243,1.28198,1.28234,1186.0
2026-06-16 20:00:00,1.28231,1.28248,1.28167,1.28187,1291.0
2026-06-16 21:00:00,1.28188,1.28212,1.28146,1.28188,1735.0
2026-06-16 22:00:00,1.28184,1.28208,1.28151,1.28201,2051.0
2026-06-16 23:00:00,1.28202,1.28213,1.28166,1.28174,1845.0
2026-06-17 00:00:00,1.28173,1.28177,1.28147,1.28154,1532.0
2026-06-17 01:00:00,1.28153,1.28194,1.28141,1.28176,1617.0
2026-06-17 02:00:00,1.28175,1.28234,1.28174,1.28224,2385.0
2026-06-17 03:00:00,1.28224,1.28234,1.28184,1.28196,2665.0
2026-06-17 04:00:00,1.28196,1.28284,1.28192,1.28252,2463.0
2026-06-17 05:00:00,1.28253,1.28275,1.28241,1.28262,1011.0
2026-06-17 06:00:00,1.28264,1.28328,1.28264,1.2832,1425.0
2026-06-17 07:00:00,1.28319,1.28368,1.28314,1.28352,2708.0
2026-06-17 08:00:00,1.2835,1.28356,1.28272,1.28286,2457.0
2026-06-17 09:00:00,1.28283,1.28304,1.28254,1.28272,3605.0
2026-06-17 10:00:00,1.28276,1.28383,1.28256,1.28336,4951.0
2026-06-17 11:00:00,1.28337,1.28348,1.28282,1.28292,2865.0
2026-06-17 12:00:00,1.2829,1.28316,1.28286,1.2829,2074.0
2026-06-17 13:00:00,1.28289,1.28376,1.28261,1.28352,2700.0
2026-06-17 14:00:00,1.28337,1.2868,1.28322,1.28665,13006.0
2026-06-17 15:00:00,1.28664,1.29026,1.28639,1.28929,8985.0
2026-06-17 16:00:00,1.2893,1.28966,1.2877,1.28798,3446.0
2026-06-17 17:00:00,1.28831,1.28902,1.28768,1.2877,1249.0
2026-06-17 18:00:00,1.28778,1.2887,1.28778,1.28848,946.0
2026-06-17 19:00:00,1.28848,1.28852,1.28797,1.28806,1005.0
2026-06-17 20:00:00,1.28803,1.2881,1.28706,1.28792,3902.0
2026-06-17 21:00:00,1.28791,1.28796,1.28708,1.28744,2042.0
2026-06-17 22:00:00,1.28743,1.2876,1.28676,1.28702,1993.0
2026-06-17 23:00:00,1.28702,1.28717,1.28666,1.28673,1643.0
2026-06-18 00:00:00,1.28674,1.28696,1.28644,1.28688,2208.0
2026-06-18 01:00:00,1.28687,1.28778,1.28652,1.28774,2305.0
2026-06-18 02:00:00,1.28774,1.2879,1.28706,1.28776,4068.0
2026-06-18 03:00:00,1.28775,1.2887,1.2876,1.288,4669.0
2026-06-18 04:00:00,1.28796,1.28977,1.28782,1.2897,2951.0
2026-06-18 05:00:00,1.2897,1.29036,1.28955,1.28988,3297.0
2026-06-18 06:00:00,1.28988,1.2909,1.28986,1.29084,3867.0
2026-06-18 07:00:00,1.29082,1.29117,1.29055,1.29109,2999.0
2026-06-18 08:00:00,1.29106,1.29124,1.28952,1.29015,4844.0
2026-06-18 09:00:00,1.29016,1.29062,1.28913,1.28948,6087.0
2026-06-18 10:00:00,1.28948,1.28988,1.2885,1.2886,5058.0
2026-06-18 11:00:00,1.28858,1.29045,1.28857,1.29043,3485.0
2026-06-18 12:00:00,1.29046,1.2909,1.29016,1.29064,3515.0
2026-06-18 13:00:00,1.29062,1.29082,1.29005,1.2907,2228.0
2026-06-18 14:00:00,1.2907,1.29117,1.29047,1.29114,2237.0
2026-06-18 15:00:00,1.29114,1.29156,1.2903,1.29091,3481.0
2026-06-18 16:00:00,1.2909,1.29115,1.28993,1.29037,2357.0
2026-06-18 17:00:00,1.29021,1.2906,1.28891,1.29056,5404.0
2026-06-18 18:00:00,1.29056,1.29062,1.29012,1.29028,1994.0
2026-06-18 19:00:00,1.29028,1.29067,1.29019,1.29056,1077.0
2026-06-18 20:00:00,1.29052,1.29055,1.2898,1.29004,2109.0
2026-06-18 21:00:00,1.29004,1.29116,1.28994,1.29114,1867.0
2026-06-18 22:00:00,1.29112,1.29158,1.29074,1.29108,2332.0
2026-06-18 23:00:00,1.29106,1.29236,1.29104,1.29228,2318.0
2026-06-19 00:00:00,1.29228,1.2931,1.29222,1.29298,1986.0
2026-06-19 01:00:00,1.293,1.29366,1.29234,1.29255,3110.0
2026-06-19 02:00:00,1.29255,1.29275,1.29194,1.29202,3763.0
2026-06-19 03:00:00,1.29201,1.29304,1.29183,1.29262,4553.0
2026-06-19 04:00:00,1.2926,1.29266,1.29134,1.29141,4405.0
2026-06-19 05:00:00,1.29142,1.29176,1.29084,1.2911,1962.0
2026-06-19 06:00:00,1.2911,1.29142,1.29092,1.29116,1475.0
2026-06-19 07:00:00,1.29118,1.29158,1.29092,1.29126,3155.0
2026-06-19 08:00:00,1.29124,1.29164,1.29054,1.29076,3003.0
2026-06-19 09:00:00,1.2907,1.29196,1.29068,1.29194,3386.0
2026-06-19 10:00:00,1.29194,1.29216,1.29146,1.29192,2578.0
2026-06-19 11:00:00,1.29193,1.2921,1.29163,1.292,1573.0
2026-06-19 12:00:00,1.29196,1.29214,1.2918,1.29194,592.0
2026-06-19 13:00:00,1.29194,1.29194,1.29158,1.29163,295.0
2026-06-19 14:00:00,1.29164,1.29169,1.29136,1.29164,324.0
2026-06-19 15:00:00,1.29162,1.29166,1.29141,1.29165,435.0
2026-06-19 16:00:00,1.29166,1.29202,1.29096,1.29126,433.0
2026-06-21 17:00:00,1.29174,1.29182,1.29169,1.29179,121.0
2026-06-21 18:00:00,1.29184,1.29238,1.29174,1.29228,432.0
2026-06-21 19:00:00,1.29228,1.29286,1.292,1.29251,1434.0
2026-06-21 20:00:00,1.29252,1.29265,1.2919,1.29192,2278.0
2026-06-21 21:00:00,1.2919,1.29212,1.29126,1.29206,2694.0
2026-06-21 22:00:00,1.29205,1.29242,1.29176,1.29209,2627.0
2026-06-21 23:00:00,1.29208,1.29276,1.292,1.29259,2585.0
2026-06-22 00:00:00,1.2926,1.29298,1.29254,1.29278,1691.0
2026-06-22 01:00:00,1.29275,1.29292,1.29223,1.29288,2227.0
2026-06-22 02:00:00,1.29287,1.29296,1.29234,1.29275,2881.0
2026-06-22 03:00:00,1.29274,1.29353,1.29248,1.29332,3365.0
2026-06-22 04:00:00,1.2933,1.29368,1.29297,1.29306,1838.0
2026-06-22 05:00:00,1.29302,1.29309,1.29218,1.29295,2619.0
2026-06-22 06:00:00,1.29296,1.29317,1.29256,1.29313,2538.0
2026-06-22 07:00:00,1.29312,1.29334,1.29252,1.2933,2351.0
2026-06-22 08:00:00,1.2933,1.29331,1.29234,1.29304,3270.0
2026-06-22 09:00:00,1.29302,1.29398,1.29296,1.29388,4940.0
2026-06-22 10:00:00,1.29389,1.29398,1.29242,1.29294,5511.0
2026-06-22 11:00:00,1.29292,1.2937,1.29244,1.29354,3155.0
2026-06-22 12:00:00,1.29353,1.29377,1.29328,1.29333,2476.0
2026-06-22 13:00:00,1.29334,1.29357,1.29322,1.29336,1514.0
2026-06-22 14:00:00,1.29335,1.29352,1.29327,1.29334,1430.0
2026-06-22 15:00:00,1.29333,1.2938,1.29332,1.29348,1419.0
2026-06-22 16:00:00,1.29346,1.29384,1.29302,1.2933,557.0
2026-06-22 17:00:00,1.29316,1.29322,1.2926,1.29281,436.0
2026-06-22 18:00:00,1.29296,1.29352,1.29286,1.29336,850.0
2026-06-22 19:00:00,1.29334,1.29366,1.29322,1.2936,456.0
2026-06-22 20:00:00,1.2936,1.29405,1.29356,1.29362,2488.0
2026-06-22 21:00:00,1.2936,1.29377,1.29324,1.29326,2039.0
2026-06-22 22:00:00,1.29326,1.29398,1.29292,1.29394,2604.0
2026-06-22 23:00:00,1.29394,1.2944,1.29353,1.29354,1836.0
2026-06-23 00:00:00,1.29354,1.29416,1.29352,1.29411,2239.0
2026-06-23 01:00:00,1.29411,1.29448,1.29378,1.29418,2667.0
2026-06-23 02:00:00,1.29419,1.29522,1.29416,1.29492,3392.0
2026-06-23 03:00:00,1.29492,1.29547,1.29403,1.29544,4901.0
2026-06-23 04:00:00,1.29541,1.296,1.29474,1.29568,3931.0
2026-06-23 05:00:00,1.29568,1.2958,1.29473,1.29474,3950.0
2026-06-23 06:00:00,1.29476,1.2958,1.29461,1.29558,3525.0
2026-06-23 07:00:00,1.29558,1.29622,1.29514,1.2962,3336.0
2026-06-23 08:00:00,1.29619,1.29628,1.29568,1.2961,4249.0
2026-06-23 09:00:00,1.2961,1.29634,1.2952,1.29614,4649.0
2026-06-23 10:00:00,1.29614,1.29692,1.29606,1.29656,3817.0
2026-06-23 11:00:00,1.29656,1.2972,1.29627,1.29694,2759.0
2026-06-23 12:00:00,1.29693,1.29722,1.29676,1.29717,1816.0
2026-06-23 13:00:00,1.2972,1.29728,1.29704,1.29724,1422.0
2026-06-23 14:00:00,1.29724,1.29744,1.29714,1.29725,1432.0
2026-06-23 15:00:00,1.29724,1.29726,1.29682,1.29696,1726.0
2026-06-23 16:00:00,1.29696,1.2971,1.2965,1.29661,810.0
2026-06-23 17:00:00,1.29628,1.29684,1.29623,1.29631,525.0
2026-06-23 18:00:00,1.29636,1.29686,1.29634,1.29674,927.0
2026-06-23 19:00:00,1.29674,1.29688,1.29662,1.29685,1020.0
2026-06-23 20:00:00,1.29682,1.29713,1.29656,1.29704,2626.0
2026-06-23 21:00:00,1.29702,1.29731,1.29674,1.29684,1960.0
2026-06-23 22:00:00,1.29685,1.29756,1.29674,1.29752,2435.0
2026-06-23 23:00:00,1.29752,1.29792,1.29725,1.29734,1293.0
2026-06-24 00:00:00,1.29736,1.2978,1.2973,1.29741,1248.0
2026-06-24 01:00:00,1.29742,1.29748,1.29662,1.29664,1337.0
2026-06-24 02:00:00,1.29663,1.29734,1.29634,1.29725,2942.0
2026-06-24 03:00:00,1.29724,1.29768,1.29676,1.29737,3575.0
2026-06-24 04:00:00,1.29739,1.29801,1.29718,1.29751,3996.0
2026-06-24 05:00:00,1.2975,1.29842,1.2975,1.29841,3051.0
2026-06-24 06:00:00,1.2984,1.29914,1.29839,1.2989,2605.0
2026-06-24 07:00:00,1.29888,1.2991,1.29805,1.29843,2217.0
2026-06-24 08:00:00,1.29843,1.2992,1.29811,1.29908,2910.0
2026-06-24 09:00:00,1.29908,1.29913,1.29796,1.29814,4747.0
2026-06-24 10:00:00,1.29813,1.29844,1.29782,1.29834,4473.0
2026-06-24 11:00:00,1.29826,1.2984,1.29731,1.29791,4077.0
2026-06-24 12:00:00,1.29793,1.29797,1.29696,1.29737,2335.0
2026-06-24 13:00:00,1.29736,1.2982,1.29712,1.2982,3458.0
2026-06-24 14:00:00,1.2982,1.2983,1.29751,1.29812,3208.0
2026-06-24 15:00:00,1.2981,1.29825,1.29784,1.29788,2048.0
2026-06-24 16:00:00,1.29788,1.29796,1.29727,1.29732,871.0
2026-06-24 17:00:00,1.2973,1.29732,1.2971,1.29728,337.0
2026-06-24 18:00:00,1.2973,1.29774,1.2973,1.29758,457.0
2026-06-24 19:00:00,1.29757,1.29766,1.29733,1.29746,987.0
2026-06-24 20:00:00,1.29746,1.29792,1.29741,1.29748,2349.0
2026-06-24 21:00:00,1.29748,1.29751,1.29597,1.29709,2757.0
2026-06-24 22:00:00,1.29708,1.29732,1.29664,1.29724,1927.0
2026-06-24 23:00:00,1.29726,1.29734,1.29662,1.29664,1247.0
2026-06-25 00:00:00,1.29662,1.29693,1.29654,1.29666,839.0
2026-06-25 01:00:00,1.29666,1.29702,1.29644,1.29702,1085.0
2026-06-25 02:00:00,1.29705,1.29748,1.29678,1.29724,2666.0
2026-06-25 03:00:00,1.29724,1.2975,1.29642,1.29647,2688.0
2026-06-25 04:00:00,1.29644,1.29672,1.29598,1.29632,2749.0
2026-06-25 05:00:00,1.29629,1.29698,1.29621,1.29668,2020.0
2026-06-25 06:00:00,1.29668,1.29762,1.29666,1.29754,1795.0
2026-06-25 07:00:00,1.29751,1.29802,1.29748,1.29792,1644.0
2026-06-25 08:00:00,1.29794,1.29798,1.29608,1.29678,4996.0
2026-06-25 09:00:00,1.29676,1.29706,1.29563,1.29664,6850.0
2026-06-25 10:00:00,1.29663,1.29664,1.29513,1.2956,6965.0
2026-06-25 11:00:00,1.29559,1.29613,1.29502,1.29532,5957.0
2026-06-25 12:00:00,1.29532,1.29603,1.29495,1.29594,3170.0
2026-06-25 13:00:00,1.29598,1.29615,1.29571,1.29601,2527.0
2026-06-25 14:00:00,1.296,1.29651,1.29586,1.29616,2786.0
2026-06-25 15:00:00,1.29614,1.29646,1.29585,1.29617,2027.0
2026-06-25 16:00:00,1.29615,1.29682,1.29595,1.29618,1818.0
2026-06-25 17:00:00,1.29678,1.29678,1.29594,1.29662,2322.0
2026-06-25 18:00:00,1.29661,1.29666,1.2962,1.29649,362.0
2026-06-25 19:00:00,1.29648,1.29698,1.29642,1.29689,891.0
2026-06-25 20:00:00,1.29686,1.29699,1.29672,1.29686,2687.0
2026-06-25 21:00:00,1.29686,1.2973,1.29626,1.29682,2342.0
2026-06-25 22:00:00,1.29682,1.2975,1.2966,1.29714,2882.0
2026-06-25 23:00:00,1.29714,1.29728,1.29642,1.29642,3127.0
2026-06-26 00:00:00,1.29642,1.29654,1.296,1.29601,2180.0
2026-06-26 01:00:00,1.29603,1.29626,1.29555,1.29567,2367.0
2026-06-26 02:00:00,1.29566,1.29626,1.29506,1.29562,4105.0
2026-06-26 03:00:00,1.29564,1.29586,1.29488,1.29496,4237.0
2026-06-26 04:00:00,1.29496,1.29522,1.29384,1.29417,4278.0
2026-06-26 05:00:00,1.29418,1.29449,1.29328,1.29366,3792.0
2026-06-26 06:00:00,1.29365,1.294,1.29348,1.29379,3736.0
2026-06-26 07:00:00,1.29378,1.29464,1.29374,1.29438,4343.0
2026-06-26 08:00:00,1.29436,1.29444,1.29303,1.29334,3835.0
2026-06-26 09:00:00,1.29334,1.29428,1.29312,1.29312,5529.0
2026-06-26 10:00:00,1.29314,1.29405,1.29285,1.29385,4747.0
2026-06-26 11:00:00,1.29384,1.29392,1.29308,1.2934,2913.0
2026-06-26 12:00:00,1.29339,1.29428,1.29334,1.29414,1887.0
2026-06-26 13:00:00,1.29416,1.29445,1.29396,1.29434,1372.0
2026-06-26 14:00:00,1.29438,1.29458,1.29406,1.29452,914.0
2026-06-26 15:00:00,1.29452,1.29468,1.29416,1.29444,842.0
2026-06-26 16:00:00,1.29441,1.29496,1.29388,1.29408,1304.0
2026-06-28 17:00:00,1.29418,1.29423,1.29401,1.29416,181.0
2026-06-28 18:00:00,1.29412,1.29442,1.2937,1.29439,639.0
2026-06-28 19:00:00,1.29437,1.29472,1.2942,1.29458,887.0
2026-06-28 20:00:00,1.29458,1.29496,1.29428,1.29448,4636.0
2026-06-28 21:00:00,1.29446,1.29481,1.2942,1.2948,2333.0
2026-06-28 22:00:00,1.29479,1.29488,1.29362,1.29414,2717.0
2026-06-28 23:00:00,1.29413,1.29438,1.2938,1.29438,2305.0
2026-06-29 00:00:00,1.29434,1.29447,1.29409,1.29441,1595.0
2026-06-29 01:00:00,1.29442,1.29446,1.29341,1.29352,2340.0
2026-06-29 02:00:00,1.29353,1.29372,1.29312,1.29318,2467.0
2026-06-29 03:00:00,1.29318,1.29341,1.29278,1.29338,2668.0
2026-06-29 04:00:00,1.29338,1.29402,1.29324,1.29395,2047.0
2026-06-29 05:00:00,1.29396,1.29399,1.29318,1.29362,2265.0
2026-06-29 06:00:00,1.29362,1.29381,1.29335,1.29342,1959.0
2026-06-29 07:00:00,1.2934,1.29362,1.2931,1.29325,2957.0
2026-06-29 08:00:00,1.29326,1.29394,1.29326,1.2937,3280.0
2026-06-29 09:00:00,1.29368,1.29385,1.29344,1.29366,3585.0
2026-06-29 10:00:00,1.29366,1.29406,1.293,1.29336,4192.0
2026-06-29 11:00:00,1.29337,1.29366,1.29224,1.29244,1649.0
2026-06-29 12:00:00,1.29242,1.2927,1.29228,1.29257,1707.0
2026-06-29 13:00:00,1.29256,1.29277,1.29244,1.29246,1643.0
2026-06-29 14:00:00,1.29246,1.29249,1.29226,1.2924,1495.0
2026-06-29 15:00:00,1.29241,1.29257,1.29225,1.29239,1634.0
2026-06-29 16:00:00,1.2924,1.29281,1.29234,1.2927,813.0
2026-06-29 17:00:00,1.293,1.29334,1.29274,1.29286,589.0
2026-06-29 18:00:00,1.2929,1.2929,1.29234,1.29238,317.0
2026-06-29 19:00:00,1.29239,1.2927,1.29233,1.29268,499.0
2026-06-29 20:00:00,1.29269,1.29378,1.29268,1.29348,2423.0
2026-06-29 21:00:00,1.29349,1.29402,1.29314,1.29343,2626.0
2026-06-29 22:00:00,1.29344,1.29392,1.2934,1.29382,2388.0
2026-06-29 23:00:00,1.29376,1.29435,1.29351,1.29435,1551.0
2026-06-30 00:00:00,1.29436,1.29464,1.29408,1.29464,1065.0
2026-06-30 01:00:00,1.29462,1.2949,1.29446,1.2949,1414.0
2026-06-30 02:00:00,1.29489,1.29496,1.29415,1.2943,3835.0
2026-06-30 03:00:00,1.29428,1.29458,1.29398,1.29449,3178.0
2026-06-30 04:00:00,1.29448,1.29522,1.29441,1.29463,2920.0
2026-06-30 05:00:00,1.29464,1.29494,1.29446,1.2946,2399.0
2026-06-30 06:00:00,1.29462,1.2949,1.29438,1.29438,2223.0
2026-06-30 07:00:00,1.29439,1.29516,1.29438,1.29488,2832.0
2026-06-30 08:00:00,1.29484,1.29531,1.29472,1.29503,3125.0
2026-06-30 09:00:00,1.29502,1.29512,1.29439,1.29492,3649.0
2026-06-30 10:00:00,1.29492,1.29514,1.29325,1.29358,6351.0
2026-06-30 11:00:00,1.29358,1.2945,1.29332,1.29447,3148.0
2026-06-30 12:00:00,1.29448,1.29483,1.29428,1.29454,2197.0
2026-06-30 13:00:00,1.29454,1.29458,1.29396,1.29405,1625.0
2026-06-30 14:00:00,1.29404,1.29405,1.2937,1.29392,1872.0
2026-06-30 15:00:00,1.29391,1.29416,1.29362,1.29362,1791.0
2026-06-30 16:00:00,1.29362,1.29422,1.29324,1.2938,1508.0
2026-06-30 17:00:00,1.29382,1.294,1.2937,1.29376,985.0
2026-06-30 18:00:00,1.2938,1.29406,1.2937,1.2939,341.0
2026-06-30 19:00:00,1.2939,1.2943,1.29374,1.29426,767.0
2026-06-30 20:00:00,1.29425,1.29514,1.29425,1.29502,2013.0
2026-06-30 21:00:00,1.29503,1.29549,1.29483,1.29547,1985.0
2026-06-30 22:00:00,1.29548,1.29588,1.2953,1.29582,2104.0
2026-06-30 23:00:00,1.2958,1.29656,1.29574,1.29639,974.0
2026-07-01 00:00:00,1.29637,1.29662,1.29575,1.29597,2332.0
2026-07-01 01:00:00,1.29596,1.29621,1.29558,1.29601,3147.0
2026-07-01 02:00:00,1.296,1.29649,1.29574,1.2961,3447.0
2026-07-01 03:00:00,1.29612,1.29658,1.29585,1.29618,3459.0
2026-07-01 04:00:00,1.29618,1.29646,1.29596,1.2963,2366.0
2026-07-01 05:00:00,1.29629,1.2968,1.29614,1.2968,1727.0
2026-07-01 06:00:00,1.29682,1.29688,1.29606,1.29615,1953.0
2026-07-01 07:00:00,1.29616,1.29676,1.29612,1.2967,2378.0
2026-07-01 08:00:00,1.2967,1.29724,1.29646,1.2971,3350.0
2026-07-01 09:00:00,1.2971,1.29756,1.29452,1.2954,7226.0
2026-07-01 10:00:00,1.29541,1.29557,1.29456,1.29532,6159.0
2026-07-01 11:00:00,1.2953,1.2957,1.29516,1.29551,3349.0
2026-07-01 12:00:00,1.2955,1.29573,1.29492,1.29564,2612.0
2026-07-01 13:00:00,1.29564,1.29579,1.29541,1.29574,2025.0
2026-07-01 14:00:00,1.29574,1.29615,1.29563,1.29592,1731.0
2026-07-01 15:00:00,1.29594,1.29607,1.29571,1.29596,1901.0
2026-07-01 16:00:00,1.29596,1.29622,1.29526,1.29541,1311.0
2026-07-01 17:00:00,1.29563,1.296,1.29508,1.2955,2584.0
2026-07-01 18:00:00,1.29532,1.29584,1.29532,1.29578,531.0
2026-07-01 19:00:00,1.29576,1.29584,1.29564,1.2957,734.0
2026-07-01 20:00:00,1.29572,1.29609,1.2954,1.29591,3380.0
2026-07-01 21:00:00,1.2959,1.29594,1.29487,1.29533,1873.0
2026-07-01 22:00:00,1.29534,1.29537,1.29456,1.29524,2489.0
2026-07-01 23:00:00,1.29526,1.29578,1.29498,1.29498,2273.0
2026-07-02 00:00:00,1.29496,1.29506,1.29452,1.29492,1825.0
2026-07-02 01:00:00,1.2949,1.29524,1.29473,1.29504,2159.0
2026-07-02 02:00:00,1.29502,1.29526,1.29352,1.2943,6433.0
2026-07-02 03:00:00,1.29432,1.29458,1.29368,1.2939,2391.0
2026-07-02 04:00:00,1.2939,1.29396,1.2927,1.29272,3363.0
2026-07-02 05:00:00,1.2927,1.29388,1.29263,1.29386,3716.0
2026-07-02 06:00:00,1.29389,1.29422,1.29375,1.29382,1906.0
2026-07-02 07:00:00,1.29384,1.29454,1.29365,1.29445,3159.0
2026-07-02 08:00:00,1.29444,1.29524,1.29006,1.29174,8773.0
2026-07-02 09:00:00,1.2917,1.29216,1.29063,1.29063,5343.0
2026-07-02 10:00:00,1.29064,1.29202,1.2906,1.2913,6794.0
2026-07-02 11:00:00,1.29129,1.29158,1.29061,1.29098,3800.0
2026-07-02 12:00:00,1.29097,1.2919,1.29094,1.2916,2560.0
2026-07-02 13:00:00,1.2916,1.29218,1.2916,1.2921,3044.0
2026-07-02 14:00:00,1.29209,1.29214,1.29158,1.29178,1999.0
2026-07-02 15:00:00,1.29178,1.29218,1.29174,1.29188,2268.0
2026-07-02 16:00:00,1.29186,1.29263,1.29109,1.29231,1291.0
2026-07-02 17:00:00,1.29262,1.29355,1.29178,1.29272,1546.0
2026-07-02 18:00:00,1.29183,1.29269,1.2916,1.29238,538.0
2026-07-02 19:00:00,1.29237,1.2928,1.2921,1.29278,934.0
2026-07-02 20:00:00,1.29274,1.29316,1.29214,1.29215,2971.0
2026-07-02 21:00:00,1.29212,1.29218,1.29084,1.29129,2474.0
2026-07-02 22:00:00,1.29131,1.29156,1.29091,1.29156,1112.0
2026-07-02 23:00:00,1.29156,1.29184,1.29148,1.29165,940.0
2026-07-03 00:00:00,1.29164,1.29174,1.29118,1.29134,723.0
2026-07-03 01:00:00,1.29136,1.29136,1.29074,1.29122,1562.0
2026-07-03 02:00:00,1.29118,1.29118,1.28955,1.29036,2840.0
2026-07-03 03:00:00,1.29035,1.29062,1.28968,1.28982,2690.0
2026-07-03 04:00:00,1.28979,1.29056,1.28973,1.29052,1735.0
2026-07-03 05:00:00,1.29053,1.2909,1.2902,1.29088,1320.0
2026-07-03 06:00:00,1.2909,1.2909,1.2904,1.2906,1170.0
2026-07-03 07:00:00,1.2906,1.2907,1.2901,1.29045,1165.0
2026-07-03 08:00:00,1.29043,1.29074,1.29031,1.2907,1446.0
2026-07-03 09:00:00,1.2907,1.29128,1.29068,1.29115,1721.0
2026-07-03 10:00:00,1.29114,1.29144,1.29094,1.29142,1590.0
